hypothesis,arm,form,forms_used,block,cell,n,test_a,test_b,power_a,power_b,diff,in_headline,in_family,null_block,null_cell,mcse_reading,size_a,mcse_nominal_a,z_nominal_a,mcse_a,z_realised_a,null_B_a,limit_a,holds_a,size_b,mcse_nominal_b,z_nominal_b,mcse_b,z_realised_b,null_B_b,limit_b,holds_b,used,B,raw_rejection_a,raw_rejection_b,both,a_only,b_only,neither,p_mcnemar,p_holm,holm_reject,note
H1,Grule,unit,TRUE,2,probit_base_n9400,9400,EDGE.poly3.u.Grule,GiViTI,0.484,0.216,0.268,,TRUE,1b,null_base_n9400,null,0.0435,0.00487339717240448,-1.3337718577107,0.00456112650559048,-1.42508654211478,2000,0.0646201915172135,TRUE,0.053,0.00487339717240448,0.615587011251092,0.0050095408971282,0.598857272873008,2000,0.0646201915172135,TRUE,TRUE,2000,0.4685,0.2255,416,521,35,1028,3.52477142370113e-112,7.40201998977237e-111,TRUE,""
H1,Grule,unit,TRUE,2,probit_base_n16000,16000,EDGE.poly3.u.Grule,GiViTI,0.744,0.4475,0.2965,,TRUE,1b,null_base_n16000,null,0.0455,0.00487339717240448,-0.923380516876639,0.00465992220965114,-0.96568135637116,2000,0.0646201915172135,TRUE,0.0495,0.00487339717240448,-0.102597835208515,0.0048502448391808,-0.103087579406496,2000,0.0646201915172135,TRUE,TRUE,2000,0.732,0.447,867,597,27,509,4.60805212233411e-141,1.19809355180687e-139,TRUE,""
H1,Grule,unit,TRUE,2,probit_auc_n3500,3500,EDGE.poly3.u.Grule,GiViTI,0.47,0.211,0.259,,TRUE,1b,null_auc_n3500,null,0.046,0.00487339717240448,-0.820782681668124,0.00468422885862764,-0.853929242298358,2000,0.0646201915172135,TRUE,0.0485,0.00487339717240448,-0.307793505625547,0.00480352734977121,-0.31227052346677,2000,0.0646201915172135,TRUE,TRUE,2000,0.458,0.2085,407,509,10,1074,4.25664953240848e-136,1.06416238310212e-134,TRUE,""
H1,Grule,unit,TRUE,2,probit_auc_n5900,5900,EDGE.poly3.u.Grule,GiViTI,0.7355,0.4775,0.258,,TRUE,1b,null_auc_n5900,null,0.0455,0.00487339717240448,-0.923380516876639,0.00465992220965114,-0.96568135637116,2000,0.0646201915172135,TRUE,0.0385,0.00487339717240448,-2.35975020979586,0.00430219420761081,-2.67305459610724,2000,0.0646201915172135,TRUE,TRUE,2000,0.7235,0.4415,877,570,6,547,4.03820565345983e-160,1.13069758296875e-158,TRUE,""
H1,Grule,unit,TRUE,2,probit_e12_n4300,4300,EDGE.poly3.u.Grule,GiViTI,0.457,0.6095,-0.1525,,TRUE,1b,null_e12_n4300,null,0.045,0.00487339717240448,-1.02597835208516,0.00463546114210873,-1.07864133615096,2000,0.0646201915172135,TRUE,0.0475,0.00487339717240448,-0.512989176042578,0.00475624589355933,-0.525624632524861,2000,0.0646201915172135,TRUE,TRUE,2000,0.441,0.606,804,78,408,710,5.71291584290504e-55,1.02832485172291e-53,TRUE,""
H1,Grule,unit,TRUE,2,probit_e12_n7200,7200,EDGE.poly3.u.Grule,GiViTI,0.7325,0.8565,-0.124,,TRUE,1b,null_e12_n7200,null,0.0425,0.00487339717240448,-1.53896752812773,0.00451075104611194,-1.66269428823048,2000,0.0646201915172135,TRUE,0.0445,0.00487339717240448,-1.12857618729367,0.00461084319837489,-1.19284039022158,2000,0.0646201915172135,TRUE,TRUE,2000,0.716,0.8445,1395,37,294,274,8.03675291377866e-51,1.36624799534237e-49,TRUE,""
H1,Grule,unit,TRUE,2,cauchit_base_n2400,2400,EDGE.poly3.u.Grule,GiViTI,0.471,0.228,0.243,,TRUE,1b,null_base_n2400,null,0.048,0.00487339717240448,-0.410391340834062,0.00477995815881269,-0.418413704377862,2000,0.0646201915172135,TRUE,0.0475,0.00487339717240448,-0.512989176042578,0.00475624589355933,-0.525624632524861,2000,0.0646201915172135,TRUE,TRUE,2000,0.4595,0.219,396,523,42,1039,1.03512789966704e-106,2.07025579933408e-105,TRUE,""
H1,Grule,unit,TRUE,2,cauchit_base_n4000,4000,EDGE.poly3.u.Grule,GiViTI,0.7335,0.412,0.3215,,TRUE,1b,null_base_n4000,null,0.046,0.00487339717240448,-0.820782681668124,0.00468422885862764,-0.853929242298358,2000,0.0646201915172135,TRUE,0.0495,0.00487339717240448,-0.102597835208515,0.0048502448391808,-0.103087579406496,2000,0.0646201915172135,TRUE,TRUE,2000,0.717,0.4085,795,639,22,544,1.49826348386267e-158,4.04531140642921e-157,TRUE,""
H1,Grule,unit,TRUE,2,cauchit_auc_n460,460,EDGE.poly3.u.Grule,GiViTI,0.4605,0.1985,0.262,,TRUE,1b,null_auc_n460,null,0.0465,0.00487339717240448,-0.718184846459609,0.00470838348055891,-0.743354914579841,2000,0.0646201915172135,TRUE,0.048,0.00487339717240448,-0.410391340834062,0.00477995815881269,-0.418413704377862,2000,0.0646201915172135,TRUE,TRUE,2000,0.452,0.1955,351,553,40,1056,1.77374323716869e-116,4.25698376920485e-115,TRUE,""
H1,Grule,unit,TRUE,2,cauchit_auc_n760,760,EDGE.poly3.u.Grule,GiViTI,0.6395,0.315,0.3245,,TRUE,1b,null_auc_n760,null,0.059,0.00487339717240448,1.84676103375328,0.00526872849936301,1.7081920241455,2000,0.0646201915172135,TRUE,0.0565,0.00487339717240448,1.3337718577107,0.00516273909857936,1.25902159219873,2000,0.0646201915172135,TRUE,TRUE,2000,0.6595,0.3255,635,684,16,665,5.20264938444268e-179,1.56079481533281e-177,TRUE,""
H1,Grule,unit,TRUE,2,cauchit_e12_n6400,6400,EDGE.poly3.u.Grule,GiViTI,0.464,0.5255,-0.0614999999999999,,TRUE,1b,null_e12_n6400,null,0.0535,0.00487339717240448,0.718184846459607,0.00503178646208283,0.695578007209635,2000,0.0646201915172135,TRUE,0.0485,0.00487339717240448,-0.307793505625547,0.00480352734977121,-0.31227052346677,2000,0.0646201915172135,TRUE,TRUE,2000,0.4725,0.5215,847,98,196,859,1.13682588415877e-08,1.13682588415877e-07,TRUE,""
H1,Grule,unit,TRUE,2,cauchit_e12_n11000,11000,EDGE.poly3.u.Grule,GiViTI,0.729,0.7575,-0.0285,,TRUE,1b,null_e12_n11000,null,0.049,0.00487339717240448,-0.205195670417031,0.00482695556225661,-0.20716992048141,2000,0.0646201915172135,TRUE,0.0525,0.00487339717240448,0.512989176042576,0.00498717104178311,0.501286195932463,2000,0.0646201915172135,TRUE,TRUE,2000,0.725,0.7685,1375,75,162,388,1.61702359822795e-08,1.45532123840515e-07,TRUE,""
H1,Grule,unit,TRUE,2,t4_base_n20000,20000,EDGE.poly3.u.Grule,GiViTI,0.3035,0.169,0.1345,,TRUE,1b,null_base_n20000,null,0.043,0.00487339717240448,-1.43636969291922,0.00453602248671675,-1.54320222628939,2000,0.0646201915172135,TRUE,0.0405,0.00487339717240448,-1.94935886896179,0.00440793318914886,-2.1552050796474,2000,0.0646201915172135,TRUE,TRUE,2000,0.2685,0.145,222,315,68,1395,4.21163602510821e-39,6.73861764017314e-38,TRUE,""
H1,Grule,unit,TRUE,2,t4_auc_n4700,4700,EDGE.poly3.u.Grule,GiViTI,0.451,0.188,0.263,,TRUE,1b,null_auc_n4700,null,0.0515,0.00487339717240448,0.307793505625545,0.00494205169944629,0.303517666593422,2000,0.0646201915172135,TRUE,0.0575,0.00487339717240448,1.53896752812773,0.00520546587732549,1.44079323095158,2000,0.0646201915172135,TRUE,TRUE,2000,0.4605,0.204,361,560,47,1032,1.64803597643141e-112,3.6256791481491e-111,TRUE,""
H1,Grule,unit,TRUE,2,t4_auc_n7800,7800,EDGE.poly3.u.Grule,GiViTI,0.635,0.331,0.304,,TRUE,1b,null_auc_n7800,null,0.0575,0.00487339717240448,1.53896752812773,0.00520546587732549,1.44079323095158,2000,0.0646201915172135,TRUE,0.0465,0.00487339717240448,-0.718184846459609,0.00470838348055891,-0.743354914579841,2000,0.0646201915172135,TRUE,TRUE,2000,0.664,0.3215,622,706,21,651,5.27875707333296e-179,1.56079481533281e-177,TRUE,""
H1,Grule,unit,TRUE,2,t4_e12_n8700,8700,EDGE.poly3.u.Grule,GiViTI,0.466,0.526,-0.06,,TRUE,1b,null_e12_n8700,null,0.039,0.00487339717240448,-2.25715237458734,0.00432891441356837,-2.5410527788496,2000,0.0646201915172135,TRUE,0.046,0.00487339717240448,-0.820782681668124,0.00468422885862764,-0.853929242298358,2000,0.0646201915172135,TRUE,TRUE,2000,0.437,0.518,808,66,228,898,4.84553718870444e-22,5.81464462644533e-21,TRUE,""
H1,Grule,unit,TRUE,2,t4_e12_n15000,15000,EDGE.poly3.u.Grule,GiViTI,0.6835,0.761,-0.0775,,TRUE,1b,null_e12_n15000,null,0.0495,0.00487339717240448,-0.102597835208515,0.0048502448391808,-0.103087579406496,2000,0.0646201915172135,TRUE,0.046,0.00487339717240448,-0.820782681668124,0.00468422885862764,-0.853929242298358,2000,0.0646201915172135,TRUE,TRUE,2000,0.6775,0.754,1306,49,202,443,3.02770930289032e-23,3.93602209375742e-22,TRUE,""
H1,Grule,unit,TRUE,3,link_probit_n200,200,EDGE.poly3.u.Grule,GiViTI,0.045,0.0437,0.0013,,TRUE,1a,null_link_n200,null,0.0502,0.00217944947177034,0.0917662935482242,0.00218357413430366,0.0915929516007839,10000,0.056538348415311,TRUE,0.0542,0.00217944947177034,1.92709216451272,0.00226411925480969,1.85502596255824,10000,0.056538348415311,TRUE,TRUE,10000,0.0451,0.0482,205,246,277,9272,0.1895340457619,0.758136183047602,FALSE,""
H1,Grule,unit,TRUE,3,link_probit_n500,500,EDGE.poly3.u.Grule,GiViTI,0.0536,0.0472,0.0064,,TRUE,1a,null_link_n500,null,0.0496,0.00217944947177034,-0.183532587096451,0.00217117111255654,-0.184232370118911,10000,0.056538348415311,TRUE,0.0529,0.00217944947177034,1.33061125644926,0.00223833844625874,1.29560389084465,10000,0.056538348415311,TRUE,TRUE,5000,0.053,0.0496,104,161,144,4591,0.359606059121951,1,FALSE,""
H1,Grule,unit,TRUE,3,link_probit_n1000,1000,EDGE.poly3.u.Grule,GiViTI,0.066,0.051,0.015,,TRUE,1a,null_link_n1000,null,0.0523,0.00217944947177034,1.05531237580458,0.00222631332026739,1.03309807252276,10000,0.056538348415311,TRUE,0.0534,0.00217944947177034,1.56002699031982,0.0022482980229498,1.51225503260424,10000,0.056538348415311,TRUE,TRUE,5000,0.0694,0.0528,127,220,137,4516,1.31063796222363e-05,0.000104851036977891,TRUE,""
H1,Grule,unit,TRUE,3,link_probit_n2000,2000,EDGE.poly3.u.Grule,GiViTI,0.1156,0.0656,0.05,,TRUE,1a,null_link_n2000,null,0.049,0.00217944947177034,-0.458831467741124,0.0021586801523153,-0.463246025089658,10000,0.056538348415311,TRUE,0.0521,0.00217944947177034,0.963546082256358,0.00222228688517032,0.944972502881441,10000,0.056538348415311,TRUE,TRUE,5000,0.1138,0.0666,215,354,118,4313,1.93937692513708e-28,2.90906538770562e-27,TRUE,""
H1,Grule,unit,TRUE,3,link_probit_n5000,5000,EDGE.poly3.u.Grule,GiViTI,0.2574,0.1264,0.131,,TRUE,1a,null_link_n5000,null,0.049,0.00217944947177034,-0.458831467741124,0.0021586801523153,-0.463246025089658,10000,0.056538348415311,TRUE,0.0474,0.00217944947177034,-1.19296181612692,0.00212492917529032,-1.22357019247231,10000,0.056538348415311,TRUE,TRUE,5000,0.2542,0.123,486,785,129,3600,2.40855804783812e-115,5.53968351002767e-114,TRUE,""
H1,Grule,unit,TRUE,3,cauchit_n200,200,EDGE.poly3.u.Grule,GiViTI,0.081,0.0677,0.0133,,TRUE,1a,null_link_n200,null,0.0502,0.00217944947177034,0.0917662935482242,0.00218357413430366,0.0915929516007839,10000,0.056538348415311,TRUE,0.0542,0.00217944947177034,1.92709216451272,0.00226411925480969,1.85502596255824,10000,0.056538348415311,TRUE,TRUE,10000,0.0815,0.0738,368,447,370,8815,0.00780120937931471,0.0468072562758883,TRUE,""
H1,Grule,unit,TRUE,3,cauchit_n500,500,EDGE.poly3.u.Grule,GiViTI,0.1354,0.0834,0.052,,TRUE,1a,null_link_n500,null,0.0496,0.00217944947177034,-0.183532587096451,0.00217117111255654,-0.184232370118911,10000,0.056538348415311,TRUE,0.0529,0.00217944947177034,1.33061125644926,0.00223833844625874,1.29560389084465,10000,0.056538348415311,TRUE,TRUE,5000,0.1348,0.0868,289,385,145,4181,4.10275737362301e-26,5.74386032307221e-25,TRUE,""
H1,Grule,unit,TRUE,3,cauchit_n1000,1000,EDGE.poly3.u.Grule,GiViTI,0.2126,0.106,0.1066,,TRUE,1a,null_link_n1000,null,0.0523,0.00217944947177034,1.05531237580458,0.00222631332026739,1.03309807252276,10000,0.056538348415311,TRUE,0.0534,0.00217944947177034,1.56002699031982,0.0022482980229498,1.51225503260424,10000,0.056538348415311,TRUE,TRUE,5000,0.219,0.114,427,668,143,3762,7.71183629691485e-82,1.46524889641382e-80,TRUE,""
H1,Grule,unit,TRUE,3,cauchit_n2000,2000,EDGE.poly3.u.Grule,GiViTI,0.4018,0.1944,0.2074,,TRUE,1a,null_link_n2000,null,0.049,0.00217944947177034,-0.458831467741124,0.0021586801523153,-0.463246025089658,10000,0.056538348415311,TRUE,0.0521,0.00217944947177034,0.963546082256358,0.00222228688517032,0.944972502881441,10000,0.056538348415311,TRUE,TRUE,5000,0.3994,0.1966,881,1116,102,2901,3.55809953561733e-216,1.10301085604137e-214,TRUE,""
H1,Grule,unit,TRUE,3,cauchit_n5000,5000,EDGE.poly3.u.Grule,GiViTI,0.7944,0.4908,0.3036,,TRUE,1a,null_link_n5000,null,0.049,0.00217944947177034,-0.458831467741124,0.0021586801523153,-0.463246025089658,10000,0.056538348415311,TRUE,0.0474,0.00217944947177034,-1.19296181612692,0.00212492917529032,-1.22357019247231,10000,0.056538348415311,TRUE,TRUE,5000,0.7916,0.4818,2377,1581,32,1010,0,0,TRUE,""
H1,Grule,unit,TRUE,3,t4_n200,200,EDGE.poly3.u.Grule,GiViTI,0.0547,0.0529,0.0018,,TRUE,1a,null_link_n200,null,0.0502,0.00217944947177034,0.0917662935482242,0.00218357413430366,0.0915929516007839,10000,0.056538348415311,TRUE,0.0542,0.00217944947177034,1.92709216451272,0.00226411925480969,1.85502596255824,10000,0.056538348415311,TRUE,TRUE,10000,0.0554,0.0577,280,274,297,9149,0.357232900484672,1,FALSE,""
H1,Grule,unit,TRUE,3,t4_n500,500,EDGE.poly3.u.Grule,GiViTI,0.0562,0.0608,-0.0046,,TRUE,1a,null_link_n500,null,0.0496,0.00217944947177034,-0.183532587096451,0.00217117111255654,-0.184232370118911,10000,0.056538348415311,TRUE,0.0529,0.00217944947177034,1.33061125644926,0.00223833844625874,1.29560389084465,10000,0.056538348415311,TRUE,TRUE,5000,0.0556,0.0632,159,119,157,4565,0.0257596234567458,0.128798117283729,FALSE,""
H1,Grule,unit,TRUE,3,t4_n1000,1000,EDGE.poly3.u.Grule,GiViTI,0.0642,0.0616,0.00259999999999999,,TRUE,1a,null_link_n1000,null,0.0523,0.00217944947177034,1.05531237580458,0.00222631332026739,1.03309807252276,10000,0.056538348415311,TRUE,0.0534,0.00217944947177034,1.56002699031982,0.0022482980229498,1.51225503260424,10000,0.056538348415311,TRUE,TRUE,5000,0.0672,0.0654,182,154,145,4519,0.643686974470572,1,FALSE,""
H1,Grule,unit,TRUE,3,t4_n2000,2000,EDGE.poly3.u.Grule,GiViTI,0.072,0.0578,0.0142,,TRUE,1a,null_link_n2000,null,0.049,0.00217944947177034,-0.458831467741124,0.0021586801523153,-0.463246025089658,10000,0.056538348415311,TRUE,0.0521,0.00217944947177034,0.963546082256358,0.00222228688517032,0.944972502881441,10000,0.056538348415311,TRUE,TRUE,5000,0.0704,0.059,160,192,135,4513,0.00191144028125672,0.0133800819687971,TRUE,""
H1,Grule,unit,TRUE,3,t4_n5000,5000,EDGE.poly3.u.Grule,GiViTI,0.1042,0.0712,0.033,,TRUE,1a,null_link_n5000,null,0.049,0.00217944947177034,-0.458831467741124,0.0021586801523153,-0.463246025089658,10000,0.056538348415311,TRUE,0.0474,0.00217944947177034,-1.19296181612692,0.00212492917529032,-1.22357019247231,10000,0.056538348415311,TRUE,TRUE,5000,0.1024,0.0678,197,315,142,4346,3.80921521345209e-16,4.1901367347973e-15,TRUE,""
H2,Grule,unit,TRUE,2,probit_base_n9400,9400,EDGE.sym.u.Grule,Stk.joint,0.553,0.4905,0.0625000000000001,,TRUE,1b,null_base_n9400,null,0.0525,0.00487339717240448,0.512989176042576,0.00498717104178311,0.501286195932463,2000,0.0646201915172135,TRUE,0.041,0.00487339717240448,-1.84676103375328,0.00443390347211123,-2.02981414832529,2000,0.0646201915172135,TRUE,TRUE,2000,0.5695,0.4605,856,283,65,796,1.4729015030249e-33,3.97683405816722e-32,TRUE,""
H2,Grule,unit,TRUE,2,probit_base_n16000,16000,EDGE.sym.u.Grule,Stk.joint,0.853,0.7455,0.1075,,TRUE,1b,null_base_n16000,null,0.037,0.00487339717240448,-2.6675437154214,0.00422084114839685,-3.07995481065134,2000,0.0646201915172135,TRUE,0.045,0.00487339717240448,-1.02597835208516,0.00463546114210873,-1.07864133615096,2000,0.0646201915172135,TRUE,TRUE,2000,0.8255,0.737,1434,217,40,309,1.31238233003253e-30,3.41219405808459e-29,TRUE,""
H2,Grule,unit,TRUE,2,probit_auc_n3500,3500,EDGE.sym.u.Grule,Stk.joint,0.096,0.448,-0.352,,TRUE,1b,null_auc_n3500,null,0.0525,0.00487339717240448,0.512989176042576,0.00498717104178311,0.501286195932463,2000,0.0646201915172135,TRUE,0.044,0.00487339717240448,-1.23117402250219,0.00458606585212206,-1.30831091254908,2000,0.0646201915172135,TRUE,TRUE,2000,0.113,0.4005,222,4,579,1195,3.03059018828414e-166,9.69788860250924e-165,TRUE,""
H2,Grule,unit,TRUE,2,probit_auc_n5900,5900,EDGE.sym.u.Grule,Stk.joint,0.506,0.72,-0.214,,TRUE,1b,null_auc_n5900,null,0.046,0.00487339717240448,-0.820782681668124,0.00468422885862764,-0.853929242298358,2000,0.0646201915172135,TRUE,0.045,0.00487339717240448,-1.02597835208516,0.00463546114210873,-1.07864133615096,2000,0.0646201915172135,TRUE,TRUE,2000,0.492,0.6945,959,25,430,586,2.11969210412579e-96,6.57104552278993e-95,TRUE,""
H2,Grule,unit,TRUE,2,probit_e12_n4300,4300,EDGE.sym.u.Grule,Stk.joint,0.4305,0.4845,-0.054,,TRUE,1b,null_e12_n4300,null,0.046,0.00487339717240448,-0.820782681668124,0.00468422885862764,-0.853929242298358,2000,0.0646201915172135,TRUE,0.0475,0.00487339717240448,-0.512989176042578,0.00475624589355933,-0.525624632524861,2000,0.0646201915172135,TRUE,TRUE,2000,0.406,0.476,701,111,251,937,1.37393771697308e-13,2.74787543394616e-12,TRUE,""
H2,Grule,unit,TRUE,2,probit_e12_n7200,7200,EDGE.sym.u.Grule,Stk.joint,0.7355,0.762,-0.0265,,TRUE,1b,null_e12_n7200,null,0.052,0.00487339717240448,0.410391340834061,0.00496467521596328,0.402846090227463,2000,0.0646201915172135,TRUE,0.049,0.00487339717240448,-0.205195670417031,0.00482695556225661,-0.20716992048141,2000,0.0646201915172135,TRUE,TRUE,2000,0.7405,0.762,1354,127,170,349,0.0146674491132536,0.132007042019282,FALSE,""
H2,Grule,unit,TRUE,2,cauchit_base_n2400,2400,EDGE.sym.u.Grule,Stk.joint,0.5755,0.473,0.1025,,TRUE,1b,null_base_n2400,null,0.046,0.00487339717240448,-0.820782681668124,0.00468422885862764,-0.853929242298358,2000,0.0646201915172135,TRUE,0.047,0.00487339717240448,-0.615587011251093,0.00473238840333293,-0.633929370185921,2000,0.0646201915172135,TRUE,TRUE,2000,0.5515,0.468,874,229,62,835,1.1347966563854e-23,2.72351197532496e-22,TRUE,""
H2,Grule,unit,TRUE,2,cauchit_base_n4000,4000,EDGE.sym.u.Grule,Stk.joint,0.789,0.7375,0.0515,,TRUE,1b,null_base_n4000,null,0.05,0.00487339717240448,0,0.00487339717240448,0,2000,0.0646201915172135,TRUE,0.0465,0.00487339717240448,-0.718184846459609,0.00470838348055891,-0.743354914579841,2000,0.0646201915172135,TRUE,TRUE,2000,0.789,0.714,1392,186,36,386,1.44093638786732e-25,3.6023409696683e-24,TRUE,""
H2,Grule,unit,TRUE,2,cauchit_auc_n460,460,EDGE.sym.u.Grule,Stk.joint,0.4705,0.4755,-0.005,,TRUE,1b,null_auc_n460,null,0.0485,0.00487339717240448,-0.307793505625547,0.00480352734977121,-0.31227052346677,2000,0.0646201915172135,TRUE,0.0465,0.00487339717240448,-0.718184846459609,0.00470838348055891,-0.743354914579841,2000,0.0646201915172135,TRUE,TRUE,2000,0.4665,0.4665,779,154,154,913,1,1,FALSE,""
H2,Grule,unit,TRUE,2,cauchit_auc_n760,760,EDGE.sym.u.Grule,Stk.joint,0.659,0.66,-0.001,,TRUE,1b,null_auc_n760,null,0.0455,0.00487339717240448,-0.923380516876639,0.00465992220965114,-0.96568135637116,2000,0.0646201915172135,TRUE,0.051,0.00487339717240448,0.20519567041703,0.00491929873051028,0.203281007066685,2000,0.0646201915172135,TRUE,TRUE,2000,0.653,0.6645,1181,125,148,546,0.18292143505447,0.991083665134661,FALSE,""
H2,Grule,unit,TRUE,2,cauchit_e12_n6400,6400,EDGE.sym.u.Grule,Stk.joint,0.5005,0.531,-0.0305000000000001,,TRUE,1b,null_e12_n6400,null,0.0505,0.00487339717240448,0.102597835208515,0.00489641450451246,0.102115537714221,2000,0.0646201915172135,TRUE,0.0535,0.00487339717240448,0.718184846459607,0.00503178646208283,0.695578007209635,2000,0.0646201915172135,TRUE,TRUE,2000,0.503,0.5365,990,16,83,911,4.38958649999649e-12,7.90125569999368e-11,TRUE,""
H2,Grule,unit,TRUE,2,cauchit_e12_n11000,11000,EDGE.sym.u.Grule,Stk.joint,0.747,0.76,-0.013,,TRUE,1b,null_e12_n11000,null,0.055,0.00487339717240448,1.02597835208515,0.00509779364038993,0.980816477227499,2000,0.0646201915172135,TRUE,0.057,0.00487339717240448,1.43636969291922,0.00518415856238985,1.35026734150914,2000,0.0646201915172135,TRUE,TRUE,2000,0.7525,0.7885,1495,10,82,413,3.30469463737203e-15,6.93985873848127e-14,TRUE,""
H2,Grule,unit,TRUE,2,t4_base_n20000,20000,EDGE.sym.u.Grule,Stk.joint,0.345,0.2995,0.0455,,TRUE,1b,null_base_n20000,null,0.05,0.00487339717240448,0,0.00487339717240448,0,2000,0.0646201915172135,TRUE,0.0425,0.00487339717240448,-1.53896752812773,0.00451075104611194,-1.66269428823048,2000,0.0646201915172135,TRUE,TRUE,2000,0.346,0.268,473,219,63,1245,2.32153121057694e-21,5.33952178432696e-20,TRUE,""
H2,Grule,unit,TRUE,2,t4_auc_n4700,4700,EDGE.sym.u.Grule,Stk.joint,0.5035,0.449,0.0544999999999999,,TRUE,1b,null_auc_n4700,null,0.048,0.00487339717240448,-0.410391340834062,0.00477995815881269,-0.418413704377862,2000,0.0646201915172135,TRUE,0.052,0.00487339717240448,0.410391340834061,0.00496467521596328,0.402846090227463,2000,0.0646201915172135,TRUE,TRUE,2000,0.498,0.4615,776,220,147,857,0.000163424950702133,0.00228794930982986,TRUE,""
H2,Grule,unit,TRUE,2,t4_auc_n7800,7800,EDGE.sym.u.Grule,Stk.joint,0.673,0.6325,0.0405000000000001,,TRUE,1b,null_auc_n7800,null,0.058,0.00487339717240448,1.64156536333625,0.00522666241496426,1.53061348999612,2000,0.0646201915172135,TRUE,0.058,0.00487339717240448,1.64156536333625,0.00522666241496426,1.53061348999612,2000,0.0646201915172135,TRUE,TRUE,2000,0.6915,0.6675,1183,200,152,465,0.0121328648952389,0.121328648952389,FALSE,""
H2,Grule,unit,TRUE,2,t4_e12_n8700,8700,EDGE.sym.u.Grule,Stk.joint,0.53,0.4725,0.0575000000000001,,TRUE,1b,null_e12_n8700,null,0.0475,0.00487339717240448,-0.512989176042578,0.00475624589355933,-0.525624632524861,2000,0.0646201915172135,TRUE,0.0495,0.00487339717240448,-0.102597835208515,0.0048502448391808,-0.103087579406496,2000,0.0646201915172135,TRUE,TRUE,2000,0.524,0.4715,833,215,110,842,5.9380146643128e-09,1.00946249293318e-07,TRUE,""
H2,Grule,unit,TRUE,2,t4_e12_n15000,15000,EDGE.sym.u.Grule,Stk.joint,0.757,0.7015,0.0555,,TRUE,1b,null_e12_n15000,null,0.044,0.00487339717240448,-1.23117402250219,0.00458606585212206,-1.30831091254908,2000,0.0646201915172135,TRUE,0.05,0.00487339717240448,0,0.00487339717240448,0,2000,0.0646201915172135,TRUE,TRUE,2000,0.747,0.702,1323,171,81,425,1.46501512619828e-08,2.34402420191725e-07,TRUE,""
H2,Grule,unit,TRUE,3,link_probit_n200,200,EDGE.sym.u.Grule,Stk.joint,0.0343,0.0407,-0.0064,,TRUE,1a,null_link_n200,null,0.0509,0.00217944947177034,0.41294832096701,0.00219793516737869,0.409475226274922,10000,0.056538348415311,TRUE,0.0487,0.00217944947177034,-0.596480908063462,0.00215240121724552,-0.6039766143896,10000,0.056538348415311,TRUE,TRUE,10000,0.0352,0.0391,124,228,267,9381,0.0875390103138612,0.70031208251089,FALSE,""
H2,Grule,unit,TRUE,3,link_probit_n500,500,EDGE.sym.u.Grule,Stk.joint,0.048,0.0458,0.0022,,TRUE,1a,null_link_n500,null,0.0466,0.00217944947177034,-1.56002699031982,0.00210780549387272,-1.61305206286046,10000,0.056538348415311,TRUE,0.0503,0.00217944947177034,0.137649440322335,0.0021856328602947,0.137260015371266,10000,0.056538348415311,TRUE,TRUE,5000,0.0448,0.0464,107,117,125,4651,0.652816775154967,1,FALSE,""
H2,Grule,unit,TRUE,3,link_probit_n1000,1000,EDGE.sym.u.Grule,Stk.joint,0.0722,0.067,0.0052,,TRUE,1a,null_link_n1000,null,0.0501,0.00217944947177034,0.0458831467741105,0.00218151300706643,0.0458397450192012,10000,0.056538348415311,TRUE,0.0499,0.00217944947177034,-0.0458831467741137,0.00217738352156895,-0.0459266817303486,10000,0.056538348415311,TRUE,TRUE,5000,0.0724,0.0664,196,166,136,4502,0.0950014227961711,0.70031208251089,FALSE,""
H2,Grule,unit,TRUE,3,link_probit_n2000,2000,EDGE.sym.u.Grule,Stk.joint,0.1214,0.1114,0.01,,TRUE,1a,null_link_n2000,null,0.0541,0.00217944947177034,1.88120901773861,0.00226214919932351,1.81243571433135,10000,0.056538348415311,TRUE,0.049,0.00217944947177034,-0.458831467741124,0.0021586801523153,-0.463246025089658,10000,0.056538348415311,TRUE,TRUE,5000,0.1314,0.1088,374,283,170,4173,1.23225387094541e-07,1.84838080641811e-06,TRUE,""
H2,Grule,unit,TRUE,3,link_probit_n5000,5000,EDGE.sym.u.Grule,Stk.joint,0.3212,0.2568,0.0644,,TRUE,1a,null_link_n5000,null,0.0492,0.00217944947177034,-0.3670651741929,0.00216285367050108,-0.369881703469408,10000,0.056538348415311,TRUE,0.0488,0.00217944947177034,-0.550597761289348,0.00215449669296567,-0.556974630742272,10000,0.056538348415311,TRUE,TRUE,5000,0.3194,0.2518,1057,540,202,3201,2.09832960615697e-36,5.87532289723952e-35,TRUE,""
H2,Grule,unit,TRUE,3,cauchit_n200,200,EDGE.sym.u.Grule,Stk.joint,0.082,0.0946,-0.0126,,TRUE,1a,null_link_n200,null,0.0509,0.00217944947177034,0.41294832096701,0.00219793516737869,0.409475226274922,10000,0.056538348415311,TRUE,0.0487,0.00217944947177034,-0.596480908063462,0.00215240121724552,-0.6039766143896,10000,0.056538348415311,TRUE,TRUE,10000,0.0832,0.0923,427,405,496,8672,0.0026948512295856,0.0323382147550272,TRUE,""
H2,Grule,unit,TRUE,3,cauchit_n500,500,EDGE.sym.u.Grule,Stk.joint,0.159,0.1348,0.0242,,TRUE,1a,null_link_n500,null,0.0466,0.00217944947177034,-1.56002699031982,0.00210780549387272,-1.61305206286046,10000,0.056538348415311,TRUE,0.0503,0.00217944947177034,0.137649440322335,0.0021856328602947,0.137260015371266,10000,0.056538348415311,TRUE,TRUE,5000,0.1532,0.1358,459,307,220,4014,0.000174024380269227,0.00228794930982986,TRUE,""
H2,Grule,unit,TRUE,3,cauchit_n1000,1000,EDGE.sym.u.Grule,Stk.joint,0.2692,0.2268,0.0424,,TRUE,1a,null_link_n1000,null,0.0501,0.00217944947177034,0.0458831467741105,0.00218151300706643,0.0458397450192012,10000,0.056538348415311,TRUE,0.0499,0.00217944947177034,-0.0458831467741137,0.00217738352156895,-0.0459266817303486,10000,0.056538348415311,TRUE,TRUE,5000,0.2694,0.226,950,397,180,3473,8.90503206486117e-20,1.95910705426946e-18,TRUE,""
H2,Grule,unit,TRUE,3,cauchit_n2000,2000,EDGE.sym.u.Grule,Stk.joint,0.467,0.4072,0.0598,,TRUE,1a,null_link_n2000,null,0.0541,0.00217944947177034,1.88120901773861,0.00226214919932351,1.81243571433135,10000,0.056538348415311,TRUE,0.049,0.00217944947177034,-0.458831467741124,0.0021586801523153,-0.463246025089658,10000,0.056538348415311,TRUE,TRUE,5000,0.478,0.4032,1852,538,164,2446,2.6260659491881e-47,7.61559125264549e-46,TRUE,""
H2,Grule,unit,TRUE,3,cauchit_n5000,5000,EDGE.sym.u.Grule,Stk.joint,0.8564,0.7996,0.0568000000000001,,TRUE,1a,null_link_n5000,null,0.0492,0.00217944947177034,-0.3670651741929,0.00216285367050108,-0.369881703469408,10000,0.056538348415311,TRUE,0.0488,0.00217944947177034,-0.550597761289348,0.00215449669296567,-0.556974630742272,10000,0.056538348415311,TRUE,TRUE,5000,0.8556,0.7956,3917,361,61,661,6.37310758206898e-53,1.91193227462069e-51,TRUE,""
H2,Grule,unit,TRUE,3,t4_n200,200,EDGE.sym.u.Grule,Stk.joint,0.0499,0.055,-0.0051,,TRUE,1a,null_link_n200,null,0.0509,0.00217944947177034,0.41294832096701,0.00219793516737869,0.409475226274922,10000,0.056538348415311,TRUE,0.0487,0.00217944947177034,-0.596480908063462,0.00215240121724552,-0.6039766143896,10000,0.056538348415311,TRUE,TRUE,10000,0.0508,0.0545,190,318,355,9137,0.165180610855777,0.991083665134661,FALSE,""
H2,Grule,unit,TRUE,3,t4_n500,500,EDGE.sym.u.Grule,Stk.joint,0.0578,0.0578,0,,TRUE,1a,null_link_n500,null,0.0466,0.00217944947177034,-1.56002699031982,0.00210780549387272,-1.61305206286046,10000,0.056538348415311,TRUE,0.0503,0.00217944947177034,0.137649440322335,0.0021856328602947,0.137260015371266,10000,0.056538348415311,TRUE,TRUE,5000,0.0536,0.0582,124,144,167,4565,0.212144421052726,0.991083665134661,FALSE,""
H2,Grule,unit,TRUE,3,t4_n1000,1000,EDGE.sym.u.Grule,Stk.joint,0.0702,0.07,0.000199999999999992,,TRUE,1a,null_link_n1000,null,0.0501,0.00217944947177034,0.0458831467741105,0.00218151300706643,0.0458397450192012,10000,0.056538348415311,TRUE,0.0499,0.00217944947177034,-0.0458831467741137,0.00217738352156895,-0.0459266817303486,10000,0.056538348415311,TRUE,TRUE,5000,0.0706,0.0686,184,169,159,4488,0.619297492531057,1,FALSE,""
H2,Grule,unit,TRUE,3,t4_n2000,2000,EDGE.sym.u.Grule,Stk.joint,0.076,0.0692,0.0068,,TRUE,1a,null_link_n2000,null,0.0541,0.00217944947177034,1.88120901773861,0.00226214919932351,1.81243571433135,10000,0.056538348415311,TRUE,0.049,0.00217944947177034,-0.458831467741124,0.0021586801523153,-0.463246025089658,10000,0.056538348415311,TRUE,TRUE,5000,0.079,0.068,197,198,143,4462,0.00339279917769035,0.0373207909545938,TRUE,""
H2,Grule,unit,TRUE,3,t4_n5000,5000,EDGE.sym.u.Grule,Stk.joint,0.1334,0.1054,0.028,,TRUE,1a,null_link_n5000,null,0.0492,0.00217944947177034,-0.3670651741929,0.00216285367050108,-0.369881703469408,10000,0.056538348415311,TRUE,0.0488,0.00217944947177034,-0.550597761289348,0.00215449669296567,-0.556974630742272,10000,0.056538348415311,TRUE,TRUE,5000,0.1334,0.1032,370,297,146,4187,6.18246621559516e-13,1.17466858096308e-11,TRUE,""
H3,Grule,unit,TRUE,2,loglog_base_n610,610,EDGE.poly3.u.Grule,GiViTI,0.4705,0.5745,-0.104,,TRUE,1b,null_base_n610,null,0.0455,0.00487339717240448,-0.923380516876639,0.00465992220965114,-0.96568135637116,2000,0.0646201915172135,TRUE,0.042,0.00487339717240448,-1.64156536333625,0.00448530935387962,-1.78360049861005,2000,0.0646201915172135,TRUE,TRUE,2000,0.454,0.5565,798,110,315,777,5.45500071706402e-24,6.00050078877042e-23,TRUE,""
H3,Grule,unit,TRUE,2,loglog_base_n1000,1000,EDGE.poly3.u.Grule,GiViTI,0.7125,0.793,-0.0805,,TRUE,1b,null_base_n1000,null,0.0555,0.00487339717240448,1.12857618729367,0.00511955808639769,1.0743114751668,2000,0.0646201915172135,TRUE,0.0445,0.00487339717240448,-1.12857618729367,0.00461084319837489,-1.19284039022158,2000,0.0646201915172135,TRUE,TRUE,2000,0.728,0.7885,1349,107,228,316,3.39875847803831e-11,3.05888263023448e-10,TRUE,""
H3,Grule,unit,TRUE,2,loglog_auc_n380,380,EDGE.poly3.u.Grule,GiViTI,0.3195,0.467,-0.1475,,TRUE,1b,null_auc_n380,null,0.052,0.00487339717240448,0.410391340834061,0.00496467521596328,0.402846090227463,2000,0.0646201915172135,TRUE,0.0585,0.00487339717240448,1.74416319854476,0.0052477495176504,1.61974194298164,2000,0.0646201915172135,TRUE,TRUE,2000,0.326,0.494,608,44,380,968,7.81632173594361e-68,1.17244826039154e-66,TRUE,""
H3,Grule,unit,TRUE,2,loglog_auc_n640,640,EDGE.poly3.u.Grule,GiViTI,0.6185,0.7645,-0.146,,TRUE,1b,null_auc_n640,null,0.049,0.00487339717240448,-0.205195670417031,0.00482695556225661,-0.20716992048141,2000,0.0646201915172135,TRUE,0.0465,0.00487339717240448,-0.718184846459609,0.00470838348055891,-0.743354914579841,2000,0.0646201915172135,TRUE,TRUE,2000,0.616,0.759,1168,64,350,418,8.20646042792655e-49,1.06683985563045e-47,TRUE,""
H3,Grule,unit,TRUE,2,loglog_e12_n1000,1000,EDGE.poly3.u.Grule,GiViTI,0.407,0.6285,-0.2215,,TRUE,1b,null_e12_n1000,null,0.038,0.00487339717240448,-2.46234804500437,0.00427527776875375,-2.8068351693317,2000,0.0646201915172135,TRUE,0.0495,0.00487339717240448,-0.102597835208515,0.0048502448391808,-0.103087579406496,2000,0.0646201915172135,TRUE,TRUE,2000,0.3595,0.6285,664,55,593,688,6.08484668649102e-115,1.15612087043329e-113,TRUE,""
H3,Grule,unit,TRUE,2,loglog_e12_n1700,1700,EDGE.poly3.u.Grule,GiViTI,0.642,0.883,-0.241,,TRUE,1b,null_e12_n1700,null,0.0525,0.00487339717240448,0.512989176042576,0.00498717104178311,0.501286195932463,2000,0.0646201915172135,TRUE,0.043,0.00487339717240448,-1.43636969291922,0.00453602248671675,-1.54320222628939,2000,0.0646201915172135,TRUE,TRUE,2000,0.6665,0.8675,1299,34,436,231,5.03521317839604e-90,8.55986240327327e-89,TRUE,""
H3,Grule,unit,TRUE,3,link_cloglog_n200,200,EDGE.poly3.u.Grule,GiViTI,0.1319,0.2351,-0.1032,,TRUE,1a,null_link_n200,null,0.0502,0.00217944947177034,0.0917662935482242,0.00218357413430366,0.0915929516007839,10000,0.056538348415311,TRUE,0.0542,0.00217944947177034,1.92709216451272,0.00226411925480969,1.85502596255824,10000,0.056538348415311,TRUE,TRUE,10000,0.1327,0.2497,1056,271,1441,7232,1.73242923365418e-192,3.63810139067377e-191,TRUE,""
H3,Grule,unit,TRUE,3,link_cloglog_n500,500,EDGE.poly3.u.Grule,GiViTI,0.4146,0.5456,-0.131,,TRUE,1a,null_link_n500,null,0.0496,0.00217944947177034,-0.183532587096451,0.00217117111255654,-0.184232370118911,10000,0.056538348415311,TRUE,0.0529,0.00217944947177034,1.33061125644926,0.00223833844625874,1.29560389084465,10000,0.056538348415311,TRUE,TRUE,5000,0.4132,0.5554,1847,219,930,2004,1.17909269447198e-104,2.12236685004956e-103,TRUE,""
H3,Grule,unit,TRUE,3,link_cloglog_n1000,1000,EDGE.poly3.u.Grule,GiViTI,0.7918,0.8604,-0.0686000000000001,,TRUE,1a,null_link_n1000,null,0.0523,0.00217944947177034,1.05531237580458,0.00222631332026739,1.03309807252276,10000,0.056538348415311,TRUE,0.0534,0.00217944947177034,1.56002699031982,0.0022482980229498,1.51225503260424,10000,0.056538348415311,TRUE,TRUE,5000,0.7984,0.8718,3796,196,563,445,6.4327956535474e-42,7.71935478425688e-41,TRUE,""
H3,Grule,unit,TRUE,3,link_cloglog_n2000,2000,EDGE.poly3.u.Grule,GiViTI,0.9868,0.9902,-0.00339999999999996,,TRUE,1a,null_link_n2000,null,0.049,0.00217944947177034,-0.458831467741124,0.0021586801523153,-0.463246025089658,10000,0.056538348415311,TRUE,0.0521,0.00217944947177034,0.963546082256358,0.00222228688517032,0.944972502881441,10000,0.056538348415311,TRUE,TRUE,5000,0.9864,0.9906,4904,28,49,19,0.0220334587648221,0.154234211353755,FALSE,""
H3,Grule,unit,TRUE,3,link_cloglog_n5000,5000,EDGE.poly3.u.Grule,GiViTI,1,1,0,,TRUE,1a,null_link_n5000,null,0.049,0.00217944947177034,-0.458831467741124,0.0021586801523153,-0.463246025089658,10000,0.056538348415311,TRUE,0.0474,0.00217944947177034,-1.19296181612692,0.00212492917529032,-1.22357019247231,10000,0.056538348415311,TRUE,TRUE,5000,1,1,5000,0,0,0,1,1,FALSE,""
H3,Grule,unit,TRUE,3,loglog_n200,200,EDGE.poly3.u.Grule,GiViTI,0.1413,0.1977,-0.0564,,TRUE,1a,null_link_n200,null,0.0502,0.00217944947177034,0.0917662935482242,0.00218357413430366,0.0915929516007839,10000,0.056538348415311,TRUE,0.0542,0.00217944947177034,1.92709216451272,0.00226411925480969,1.85502596255824,10000,0.056538348415311,TRUE,TRUE,10000,0.1419,0.2094,1091,328,1003,7578,9.44735758264491e-80,1.51157721322319e-78,TRUE,""
H3,Grule,unit,TRUE,3,loglog_n500,500,EDGE.poly3.u.Grule,GiViTI,0.3722,0.469,-0.0968,,TRUE,1a,null_link_n500,null,0.0496,0.00217944947177034,-0.183532587096451,0.00217117111255654,-0.184232370118911,10000,0.056538348415311,TRUE,0.0529,0.00217944947177034,1.33061125644926,0.00223833844625874,1.29560389084465,10000,0.056538348415311,TRUE,TRUE,5000,0.37,0.4774,1599,251,788,2362,4.36939005233998e-65,6.11714607327597e-64,TRUE,""
H3,Grule,unit,TRUE,3,loglog_n1000,1000,EDGE.poly3.u.Grule,GiViTI,0.7146,0.7686,-0.0539999999999999,,TRUE,1a,null_link_n1000,null,0.0523,0.00217944947177034,1.05531237580458,0.00222631332026739,1.03309807252276,10000,0.056538348415311,TRUE,0.0534,0.00217944947177034,1.56002699031982,0.0022482980229498,1.51225503260424,10000,0.056538348415311,TRUE,TRUE,5000,0.7222,0.7798,3339,272,560,829,8.99711343946141e-24,8.99711343946141e-23,TRUE,""
H3,Grule,unit,TRUE,3,loglog_n2000,2000,EDGE.poly3.u.Grule,GiViTI,0.9694,0.9688,0.000600000000000045,,TRUE,1a,null_link_n2000,null,0.049,0.00217944947177034,-0.458831467741124,0.0021586801523153,-0.463246025089658,10000,0.056538348415311,TRUE,0.0521,0.00217944947177034,0.963546082256358,0.00222228688517032,0.944972502881441,10000,0.056538348415311,TRUE,TRUE,5000,0.9688,0.9708,4775,69,79,77,0.459541043830695,1,FALSE,""
H3,Grule,unit,TRUE,3,loglog_n5000,5000,EDGE.poly3.u.Grule,GiViTI,1,1,0,,TRUE,1a,null_link_n5000,null,0.049,0.00217944947177034,-0.458831467741124,0.0021586801523153,-0.463246025089658,10000,0.056538348415311,TRUE,0.0474,0.00217944947177034,-1.19296181612692,0.00212492917529032,-1.22357019247231,10000,0.056538348415311,TRUE,TRUE,5000,1,1,5000,0,0,0,1,1,FALSE,""
H3,Grule,unit,TRUE,3,stk_asym_n200,200,EDGE.poly3.u.Grule,GiViTI,0.4425,0.5418,-0.0992999999999999,,TRUE,1a,null_link_n200,null,0.0502,0.00217944947177034,0.0917662935482242,0.00218357413430366,0.0915929516007839,10000,0.056538348415311,TRUE,0.0542,0.00217944947177034,1.92709216451272,0.00226411925480969,1.85502596255824,10000,0.056538348415311,TRUE,TRUE,10000,0.4438,0.5602,3950,488,1652,3910,3.51090060419833e-147,7.02180120839667e-146,TRUE,""
H3,Grule,unit,TRUE,3,stk_asym_n500,500,EDGE.poly3.u.Grule,GiViTI,0.9124,0.929,-0.0166000000000001,,TRUE,1a,null_link_n500,null,0.0496,0.00217944947177034,-0.183532587096451,0.00217117111255654,-0.184232370118911,10000,0.056538348415311,TRUE,0.0529,0.00217944947177034,1.33061125644926,0.00223833844625874,1.29560389084465,10000,0.056538348415311,TRUE,TRUE,5000,0.9116,0.9316,4449,109,209,233,2.18562677294103e-08,1.74850141835282e-07,TRUE,""
H3,Grule,unit,TRUE,3,stk_asym_n1000,1000,EDGE.poly3.u.Grule,GiViTI,0.9984,0.9974,0.001,,TRUE,1a,null_link_n1000,null,0.0523,0.00217944947177034,1.05531237580458,0.00222631332026739,1.03309807252276,10000,0.056538348415311,TRUE,0.0534,0.00217944947177034,1.56002699031982,0.0022482980229498,1.51225503260424,10000,0.056538348415311,TRUE,TRUE,5000,0.9988,0.9982,4987,7,4,2,0.548828125,1,FALSE,""
H3,Grule,unit,TRUE,3,stk_asym_n2000,2000,EDGE.poly3.u.Grule,GiViTI,1,1,0,,TRUE,1a,null_link_n2000,null,0.049,0.00217944947177034,-0.458831467741124,0.0021586801523153,-0.463246025089658,10000,0.056538348415311,TRUE,0.0521,0.00217944947177034,0.963546082256358,0.00222228688517032,0.944972502881441,10000,0.056538348415311,TRUE,TRUE,5000,1,1,5000,0,0,0,1,1,FALSE,""
H3,Grule,unit,TRUE,3,stk_asym_n5000,5000,EDGE.poly3.u.Grule,GiViTI,1,1,0,,TRUE,1a,null_link_n5000,null,0.049,0.00217944947177034,-0.458831467741124,0.0021586801523153,-0.463246025089658,10000,0.056538348415311,TRUE,0.0474,0.00217944947177034,-1.19296181612692,0.00212492917529032,-1.22357019247231,10000,0.056538348415311,TRUE,TRUE,5000,1,1,5000,0,0,0,1,1,FALSE,""
H4,G10,unit,TRUE,3,link_cloglog_n1000,1000,EDGE.poly3.u.G10,HLF.G10,0.7562,0.4842,0.272,TRUE,TRUE,1a,null_link_n1000,null,0.0544,0.00217944947177034,2.01885845806094,0.00226805290943576,1.93999001597128,10000,0.056538348415311,TRUE,0.0525,0.00217944947177034,1.14707866935281,0.00223033069296909,1.12091001028727,10000,0.056538348415311,TRUE,TRUE,5000,0.7712,0.4972,2399,1457,87,1057,1.11253692925378e-308,1.11253692925664e-308,TRUE,""
H4,G10,unit,TRUE,3,loglog_n1000,1000,EDGE.poly3.u.G10,HL_w,0.672,0.4072,0.2648,TRUE,TRUE,1a,null_link_n1000,null,0.0544,0.00217944947177034,2.01885845806094,0.00226805290943576,1.93999001597128,10000,0.056538348415311,TRUE,0.0512,0.00217944947177034,0.550597761289348,0.00220405444578849,0.54445116013035,10000,0.056538348415311,TRUE,TRUE,5000,0.6864,0.4096,1877,1555,171,1397,2.69114480113054e-279,4.0367172016958e-278,TRUE,""
H4,G10,unit,TRUE,3,stk_asym_n1000,1000,EDGE.poly3.u.G10,HLF.G10,0.997,0.9688,0.0282,TRUE,TRUE,1a,null_link_n1000,null,0.0544,0.00217944947177034,2.01885845806094,0.00226805290943576,1.93999001597128,10000,0.056538348415311,TRUE,0.0525,0.00217944947177034,1.14707866935281,0.00223033069296909,1.12091001028727,10000,0.056538348415311,TRUE,TRUE,5000,0.9974,0.971,4853,134,2,11,2.13907829426003e-37,1.49735480598202e-36,TRUE,""
H4,G10,unit,TRUE,3,stk_long_n1000,1000,EDGE.poly3.u.G10,HL_w,0.1334,0.112,0.0214,FALSE,FALSE,1a,null_link_n1000,null,0.0544,0.00217944947177034,2.01885845806094,0.00226805290943576,1.93999001597128,10000,0.056538348415311,TRUE,0.0512,0.00217944947177034,0.550597761289348,0.00220405444578849,0.54445116013035,10000,0.056538348415311,TRUE,FALSE,5000,0.1422,0.1134,296,415,271,4018,,,,not detectable or saturated: outside the H4 family of paired tests (E13.4)
H4,G10,unit,TRUE,3,stk_short_n1000,1000,EDGE.poly3.u.G10,HLF.G10,0.82,0.5526,0.2674,TRUE,TRUE,1a,null_link_n1000,null,0.0544,0.00217944947177034,2.01885845806094,0.00226805290943576,1.93999001597128,10000,0.056538348415311,TRUE,0.0525,0.00217944947177034,1.14707866935281,0.00223033069296909,1.12091001028727,10000,0.056538348415311,TRUE,TRUE,5000,0.8344,0.5634,2758,1414,59,769,0,0,TRUE,""
H4,G10,unit,TRUE,3,quad_0.01_n1000,1000,EDGE.poly3.u.G10,PH,0.0834,0.0784,0.005,FALSE,FALSE,1a,null_quad_n1000,null,0.0501,0.00217944947177034,0.0458831467741105,0.00218151300706643,0.0458397450192012,10000,0.056538348415311,TRUE,0.0332,0.00217944947177034,-7.70836865805088,0.00179158477332221,-9.37717279704664,10000,0.056538348415311,TRUE,FALSE,5000,0.0834,0.058,134,283,156,4427,,,,not detectable or saturated: outside the H4 family of paired tests (E13.4)
H4,G10,unit,TRUE,3,quad_0.02_n1000,1000,EDGE.poly3.u.G10,PH,0.5302,0.4048,0.1254,TRUE,TRUE,1a,null_quad_n1000,null,0.0501,0.00217944947177034,0.0458831467741105,0.00218151300706643,0.0458397450192012,10000,0.056538348415311,TRUE,0.0332,0.00217944947177034,-7.70836865805088,0.00179158477332221,-9.37717279704664,10000,0.056538348415311,TRUE,TRUE,5000,0.5302,0.3536,1582,1069,186,2163,6.07134054532277e-151,7.28560865438732e-150,TRUE,""
H4,G10,unit,TRUE,3,quad_0.03_n1000,1000,EDGE.poly3.u.G10,PH,0.8506,0.7474,0.1032,TRUE,TRUE,1a,null_quad_n1000,null,0.0501,0.00217944947177034,0.0458831467741105,0.00218151300706643,0.0458397450192012,10000,0.056538348415311,TRUE,0.0332,0.00217944947177034,-7.70836865805088,0.00179158477332221,-9.37717279704664,10000,0.056538348415311,TRUE,TRUE,5000,0.8506,0.7,3410,843,90,657,4.78025828807759e-154,6.21433577450087e-153,TRUE,""
H4,G10,unit,TRUE,3,quad_0.05_n1000,1000,EDGE.poly3.u.G10,HL.G10,0.992,0.975,0.017,TRUE,TRUE,1a,null_quad_n1000,null,0.0501,0.00217944947177034,0.0458831467741105,0.00218151300706643,0.0458397450192012,10000,0.056538348415311,TRUE,0.0526,0.00217944947177034,1.19296181612692,0.00223233599621562,1.16469922288028,10000,0.056538348415311,TRUE,TRUE,5000,0.992,0.9758,4870,90,9,31,6.05313425694628e-18,3.02656712847314e-17,TRUE,""
H4,G10,unit,TRUE,3,quad_0.1_n1000,1000,EDGE.poly3.u.G10,HL.G10,1,1,0,FALSE,FALSE,1a,null_quad_n1000,null,0.0501,0.00217944947177034,0.0458831467741105,0.00218151300706643,0.0458397450192012,10000,0.056538348415311,TRUE,0.0526,0.00217944947177034,1.19296181612692,0.00223233599621562,1.16469922288028,10000,0.056538348415311,TRUE,FALSE,5000,1,1,5000,0,0,0,,,,not detectable or saturated: outside the H4 family of paired tests (E13.4)
H4,G10,unit,TRUE,3,quad_0.2_n1000,1000,EDGE.poly3.u.G10,HLF.G10,1,1,0,FALSE,FALSE,1a,null_quad_n1000,null,0.0501,0.00217944947177034,0.0458831467741105,0.00218151300706643,0.0458397450192012,10000,0.056538348415311,TRUE,0.0525,0.00217944947177034,1.14707866935281,0.00223033069296909,1.12091001028727,10000,0.056538348415311,TRUE,FALSE,5000,1,1,5000,0,0,0,,,,not detectable or saturated: outside the H4 family of paired tests (E13.4)
H4,G10,unit,TRUE,3,quad_0.4_n1000,1000,EDGE.poly3.u.G10,HLF.G10,1,1,0,FALSE,FALSE,1a,null_quad_n1000,null,0.0501,0.00217944947177034,0.0458831467741105,0.00218151300706643,0.0458397450192012,10000,0.056538348415311,TRUE,0.0525,0.00217944947177034,1.14707866935281,0.00223033069296909,1.12091001028727,10000,0.056538348415311,TRUE,FALSE,5000,1,1,5000,0,0,0,,,,not detectable or saturated: outside the H4 family of paired tests (E13.4)
H4,G10,unit,TRUE,3,binint_0.1_n1000,1000,EDGE.poly3.u.G10,HL_w,0.0866,0.0696,0.017,FALSE,FALSE,1a,null_binint_n1000,null,0.0487,0.00217944947177034,-0.596480908063462,0.00215240121724552,-0.6039766143896,10000,0.056538348415311,TRUE,0.0538,0.00217944947177034,1.74355957741627,0.00225622605250449,1.68422840246077,10000,0.056538348415311,TRUE,FALSE,5000,0.0836,0.0738,152,266,217,4365,,,,not detectable or saturated: outside the H4 family of paired tests (E13.4)
H4,G10,unit,TRUE,3,binint_0.2_n1000,1000,EDGE.poly3.u.G10,HL_w,0.2162,0.1578,0.0584,TRUE,TRUE,1a,null_binint_n1000,null,0.0487,0.00217944947177034,-0.596480908063462,0.00215240121724552,-0.6039766143896,10000,0.056538348415311,TRUE,0.0538,0.00217944947177034,1.74355957741627,0.00225622605250449,1.68422840246077,10000,0.056538348415311,TRUE,TRUE,5000,0.213,0.1664,540,525,292,3643,3.033355214312e-16,1.2133420857248e-15,TRUE,""
H4,G10,unit,TRUE,3,binint_0.3_n1000,1000,EDGE.poly3.u.G10,HL_w,0.4552,0.3262,0.129,TRUE,TRUE,1a,null_binint_n1000,null,0.0487,0.00217944947177034,-0.596480908063462,0.00215240121724552,-0.6039766143896,10000,0.056538348415311,TRUE,0.0538,0.00217944947177034,1.74355957741627,0.00225622605250449,1.68422840246077,10000,0.056538348415311,TRUE,TRUE,5000,0.4522,0.331,1412,849,243,2496,3.7923927910116e-79,3.03391423280928e-78,TRUE,""
H4,G10,unit,TRUE,3,binint_0.5_n1000,1000,EDGE.poly3.u.G10,HL_w,0.8906,0.7462,0.1444,TRUE,TRUE,1a,null_binint_n1000,null,0.0487,0.00217944947177034,-0.596480908063462,0.00215240121724552,-0.6039766143896,10000,0.056538348415311,TRUE,0.0538,0.00217944947177034,1.74355957741627,0.00225622605250449,1.68422840246077,10000,0.056538348415311,TRUE,TRUE,5000,0.8892,0.7538,3704,742,65,489,1.94769203799262e-146,1.94769203799262e-145,TRUE,""
H4,G10,unit,TRUE,3,binint_0.7_n1000,1000,EDGE.poly3.u.G10,HL.G10,0.9986,0.9896,0.00900000000000001,FALSE,FALSE,1a,null_binint_n1000,null,0.0487,0.00217944947177034,-0.596480908063462,0.00215240121724552,-0.6039766143896,10000,0.056538348415311,TRUE,0.0455,0.00217944947177034,-2.06474160483506,0.0020839805661282,-2.15932915745011,10000,0.056538348415311,TRUE,FALSE,5000,0.9986,0.9886,4942,51,1,6,,,,not detectable or saturated: outside the H4 family of paired tests (E13.4)
H4,G10,unit,TRUE,3,contint_0.1_n1000,1000,EDGE.poly3.u.G10,HL_w,0.0718,0.0974,-0.0256,FALSE,FALSE,1a,null_contint_n1000,null,0.0501,0.00217944947177034,0.0458831467741105,0.00218151300706643,0.0458397450192012,10000,0.056538348415311,TRUE,0.047,0.00217944947177034,-1.37649440322337,0.00211638843315682,-1.41750916466935,10000,0.056538348415311,TRUE,FALSE,5000,0.0718,0.0934,143,216,324,4317,,,,not detectable or saturated: outside the H4 family of paired tests (E13.4)
H4,G10,unit,TRUE,3,contint_0.3_n1000,1000,EDGE.poly3.u.G10,HL_w,0.2232,0.2012,0.022,TRUE,TRUE,1a,null_contint_n1000,null,0.0501,0.00217944947177034,0.0458831467741105,0.00218151300706643,0.0458397450192012,10000,0.056538348415311,TRUE,0.047,0.00217944947177034,-1.37649440322337,0.00211638843315682,-1.41750916466935,10000,0.056538348415311,TRUE,TRUE,5000,0.2232,0.1926,578,538,385,3499,5.32811630887766e-07,1.06562326177553e-06,TRUE,""
H4,G10,unit,TRUE,3,contint_0.5_n1000,1000,EDGE.poly3.u.G10,HL.G10,0.4126,0.2522,0.1604,TRUE,TRUE,1a,null_contint_n1000,null,0.0501,0.00217944947177034,0.0458831467741105,0.00218151300706643,0.0458397450192012,10000,0.056538348415311,TRUE,0.0459,0.00217944947177034,-1.88120901773861,0.00209268225012781,-1.95920809274776,10000,0.056538348415311,TRUE,TRUE,5000,0.4126,0.2416,1037,1026,171,2766,5.80689431746978e-149,6.38758374921676e-148,TRUE,""
H4,G10,unit,TRUE,3,contint_0.7_n1000,1000,EDGE.poly3.u.G10,PH,0.6818,0.5114,0.1704,TRUE,TRUE,1a,null_contint_n1000,null,0.0501,0.00217944947177034,0.0458831467741105,0.00218151300706643,0.0458397450192012,10000,0.056538348415311,TRUE,0.0285,0.00217944947177034,-9.86487655643416,0.0016639636414297,-12.920955401121,10000,0.056538348415311,TRUE,TRUE,5000,0.682,0.4364,2100,1310,82,1508,2.18639327134402e-285,3.49822923415043e-284,TRUE,""
H4,G10,unit,TRUE,3,census_logx_n1000,1000,EDGE.poly3.u.G10,HL_w,0.9614,0.8518,0.1096,TRUE,TRUE,1b,null_census_logx_n1000,null,0.052,0.00308220700148449,0.648885684523049,0.00313993630508646,0.636955595806242,5000,0.0592466210044535,TRUE,0.0512,0.00308220700148449,0.38933141071383,0.0031170036894428,0.384985107353053,5000,0.0592466210044535,TRUE,TRUE,5000,0.9648,0.8554,4252,572,25,151,3.91638273539336e-136,3.52474446185403e-135,TRUE,""
H4,G10,unit,TRUE,3,census_int_binbin_n1000,1000,EDGE.poly3.u.G10,HL_w,0.975,0.9932,-0.0182,TRUE,TRUE,1b,null_census_int_binbin_n1000,null,0.0538,0.00308220700148449,1.23288280059379,0.00319078548323136,1.19092932444699,5000,0.0592466210044535,TRUE,0.0208,0.00308220700148449,-9.47373099403653,0.00201828441999635,-14.4677329471992,5000,0.0592466210044535,TRUE,TRUE,5000,0.9756,0.9834,4853,25,64,58,4.32152092498386e-05,4.32152092498386e-05,TRUE,""
H4,G10,unit,TRUE,3,census_skew_n1000,1000,EDGE.poly3.u.G10,PH,0.855,0.617,0.238,TRUE,TRUE,1b,null_census_skew_n1000,null,0.0484,0.00308220700148449,-0.519108547618442,0.00303504332753257,-0.52717534062381,5000,0.0592466210044535,TRUE,0.0348,0.00308220700148449,-4.93153120237518,0.00259187036712873,-5.86449082977809,5000,0.0592466210044535,TRUE,TRUE,5000,0.8534,0.551,2712,1555,43,690,0,0,TRUE,""
H4,G10,unit,TRUE,3,census_corr_n1000,1000,EDGE.poly3.u.G10,HL_w,0.9974,0.9952,0.00219999999999998,FALSE,FALSE,1b,null_census_corr_n1000,null,0.0514,0.00308220700148449,0.454219979166135,0.00312275647465504,0.448321862867854,5000,0.0592466210044535,TRUE,0.0516,0.00308220700148449,0.519108547618439,0.00312849612433834,0.511427835103484,5000,0.0592466210044535,TRUE,FALSE,5000,0.9974,0.9954,4969,18,8,5,,,,not detectable or saturated: outside the H4 family of paired tests (E13.4)
H4,G10,unit,TRUE,3,census_omit_x2x3_n1000,1000,EDGE.poly3.u.G10,HLF.G10,0.9584,0.8058,0.1526,TRUE,TRUE,1b,null_census_omit_x2x3_n1000,null,0.05,0.00308220700148449,0,0.00308220700148449,0,5000,0.0592466210044535,TRUE,0.049,0.00308220700148449,-0.324442842261525,0.00305283474822991,-0.327564405698612,5000,0.0592466210044535,TRUE,TRUE,5000,0.9584,0.8032,3993,799,23,185,2.29972899934025e-203,3.21962059907635e-202,TRUE,""
H4,G10,unit,TRUE,3,census_omit_2int_n1000,1000,EDGE.poly3.u.G10,HL_w,0.8772,0.8986,-0.0214,TRUE,TRUE,1b,null_census_omit_2int_n1000,null,0.0528,0.00308220700148449,0.908439958332269,0.00316266216975509,0.885330095252261,5000,0.0592466210044535,TRUE,0.056,0.00308220700148449,1.94665705356915,0.00325158422926425,1.84525436739421,5000,0.0592466210044535,TRUE,TRUE,5000,0.8816,0.9066,4221,187,312,280,2.41520950988597e-08,7.24562852965792e-08,TRUE,""
H4,G10,unit,TRUE,3,census_joint_n1000,1000,EDGE.poly3.u.G10,HL.G10,0.1804,0.1104,0.07,TRUE,TRUE,1b,null_census_joint_n1000,null,0.0508,0.00308220700148449,0.259554273809218,0.00310545842026584,0.257610919785399,5000,0.0592466210044535,TRUE,0.051,0.00308220700148449,0.324442842261523,0.00311123769583746,0.321415493691755,5000,0.0592466210044535,TRUE,TRUE,5000,0.1812,0.1124,359,547,203,3891,2.74906052048989e-37,1.64943631229394e-36,TRUE,""
H4,G10,unit,TRUE,3,census_omit_2cov_n1000,1000,EDGE.poly3.u.G10,HLF.G10,0.0534,0.0502,0.0032,FALSE,FALSE,1b,null_census_omit_2cov_n1000,null,0.0456,0.00308220700148449,-1.42754850595071,0.00295027591929975,-1.49138593147055,5000,0.0592466210044535,TRUE,0.0514,0.00308220700148449,0.454219979166135,0.00312275647465504,0.448321862867854,5000,0.0592466210044535,TRUE,FALSE,5000,0.0476,0.0518,73,165,186,4576,,,,not detectable or saturated: outside the H4 family of paired tests (E13.4)
H4.ruleG,Grule,unit,TRUE,3,link_cloglog_n1000,1000,EDGE.poly3.u.Grule,HL_w,0.7918,0.473,0.3188,TRUE,TRUE,1a,null_link_n1000,null,0.0523,0.00217944947177034,1.05531237580458,0.00222631332026739,1.03309807252276,10000,0.056538348415311,TRUE,0.0512,0.00217944947177034,0.550597761289348,0.00220405444578849,0.54445116013035,10000,0.056538348415311,TRUE,TRUE,5000,0.7984,0.4768,2275,1717,109,899,0,0,TRUE,""
H4.ruleG,Grule,unit,TRUE,3,loglog_n1000,1000,EDGE.poly3.u.Grule,HL_w,0.7146,0.4072,0.3074,TRUE,TRUE,1a,null_link_n1000,null,0.0523,0.00217944947177034,1.05531237580458,0.00222631332026739,1.03309807252276,10000,0.056538348415311,TRUE,0.0512,0.00217944947177034,0.550597761289348,0.00220405444578849,0.54445116013035,10000,0.056538348415311,TRUE,TRUE,5000,0.7222,0.4096,1935,1676,113,1276,0,0,TRUE,""
H4.ruleG,Grule,unit,TRUE,3,stk_asym_n1000,1000,EDGE.poly3.u.Grule,PH,0.9984,0.9662,0.0322,TRUE,TRUE,1a,null_link_n1000,null,0.0523,0.00217944947177034,1.05531237580458,0.00222631332026739,1.03309807252276,10000,0.056538348415311,TRUE,0.034,0.00217944947177034,-7.34130348385798,0.00181229136730273,-8.8286024469747,10000,0.056538348415311,TRUE,TRUE,5000,0.9988,0.9502,4750,244,1,5,8.70194161480996e-72,6.96155329184797e-71,TRUE,""
H4.ruleG,Grule,unit,TRUE,3,stk_long_n1000,1000,EDGE.poly3.u.Grule,HL_w,0.1488,0.112,0.0368,FALSE,FALSE,1a,null_link_n1000,null,0.0523,0.00217944947177034,1.05531237580458,0.00222631332026739,1.03309807252276,10000,0.056538348415311,TRUE,0.0512,0.00217944947177034,0.550597761289348,0.00220405444578849,0.54445116013035,10000,0.056538348415311,TRUE,FALSE,5000,0.1548,0.1134,310,464,257,3969,,,,not detectable or saturated: outside the H4 family of paired tests (E13.4)
H4.ruleG,Grule,unit,TRUE,3,stk_short_n1000,1000,EDGE.poly3.u.Grule,HL_w,0.8736,0.5228,0.3508,TRUE,TRUE,1a,null_link_n1000,null,0.0523,0.00217944947177034,1.05531237580458,0.00222631332026739,1.03309807252276,10000,0.056538348415311,TRUE,0.0512,0.00217944947177034,0.550597761289348,0.00220405444578849,0.54445116013035,10000,0.056538348415311,TRUE,TRUE,5000,0.8782,0.5276,2577,1814,61,548,0,0,TRUE,""
H4.ruleG,Grule,unit,TRUE,3,quad_0.01_n1000,1000,EDGE.poly3.u.Grule,HL.Grule,0.0808,0.1028,-0.022,FALSE,FALSE,1a,null_quad_n1000,null,0.0526,0.00217944947177034,1.19296181612692,0.00223233599621562,1.16469922288028,10000,0.056538348415311,TRUE,0.0516,0.00217944947177034,0.734130348385796,0.00221218082443547,0.723268180578459,10000,0.056538348415311,TRUE,FALSE,5000,0.085,0.105,156,269,369,4206,,,,not detectable or saturated: outside the H4 family of paired tests (E13.4)
H4.ruleG,Grule,unit,TRUE,3,quad_0.02_n1000,1000,EDGE.poly3.u.Grule,PH,0.5382,0.4048,0.1334,TRUE,TRUE,1a,null_quad_n1000,null,0.0526,0.00217944947177034,1.19296181612692,0.00223233599621562,1.16469922288028,10000,0.056538348415311,TRUE,0.0332,0.00217944947177034,-7.70836865805088,0.00179158477332221,-9.37717279704664,10000,0.056538348415311,TRUE,TRUE,5000,0.547,0.3536,1582,1153,186,2079,1.37126231717772e-170,1.64551478061326e-169,TRUE,""
H4.ruleG,Grule,unit,TRUE,3,quad_0.03_n1000,1000,EDGE.poly3.u.Grule,PH,0.8624,0.7474,0.115,TRUE,TRUE,1a,null_quad_n1000,null,0.0526,0.00217944947177034,1.19296181612692,0.00223233599621562,1.16469922288028,10000,0.056538348415311,TRUE,0.0332,0.00217944947177034,-7.70836865805088,0.00179158477332221,-9.37717279704664,10000,0.056538348415311,TRUE,TRUE,5000,0.8662,0.7,3419,912,81,588,8.93832314738496e-179,1.25136524063389e-177,TRUE,""
H4.ruleG,Grule,unit,TRUE,3,quad_0.05_n1000,1000,EDGE.poly3.u.Grule,PH,0.9936,0.975,0.0186000000000001,TRUE,TRUE,1a,null_quad_n1000,null,0.0526,0.00217944947177034,1.19296181612692,0.00223233599621562,1.16469922288028,10000,0.056538348415311,TRUE,0.0332,0.00217944947177034,-7.70836865805088,0.00179158477332221,-9.37717279704664,10000,0.056538348415311,TRUE,TRUE,5000,0.9942,0.9674,4832,139,5,24,4.47236345297425e-35,3.13065441708197e-34,TRUE,""
H4.ruleG,Grule,unit,TRUE,3,quad_0.1_n1000,1000,EDGE.poly3.u.Grule,PH,1,1,0,FALSE,FALSE,1a,null_quad_n1000,null,0.0526,0.00217944947177034,1.19296181612692,0.00223233599621562,1.16469922288028,10000,0.056538348415311,TRUE,0.0332,0.00217944947177034,-7.70836865805088,0.00179158477332221,-9.37717279704664,10000,0.056538348415311,TRUE,FALSE,5000,1,1,5000,0,0,0,,,,not detectable or saturated: outside the H4 family of paired tests (E13.4)
H4.ruleG,Grule,unit,TRUE,3,quad_0.2_n1000,1000,EDGE.poly3.u.Grule,HLF.Grule,1,1,0,FALSE,FALSE,1a,null_quad_n1000,null,0.0526,0.00217944947177034,1.19296181612692,0.00223233599621562,1.16469922288028,10000,0.056538348415311,TRUE,0.0515,0.00217944947177034,0.688247201611683,0.00221015270965605,0.67868613487501,10000,0.056538348415311,TRUE,FALSE,5000,1,1,5000,0,0,0,,,,not detectable or saturated: outside the H4 family of paired tests (E13.4)
H4.ruleG,Grule,unit,TRUE,3,quad_0.4_n1000,1000,EDGE.poly3.u.Grule,HLF.Grule,1,1,0,FALSE,FALSE,1a,null_quad_n1000,null,0.0526,0.00217944947177034,1.19296181612692,0.00223233599621562,1.16469922288028,10000,0.056538348415311,TRUE,0.0515,0.00217944947177034,0.688247201611683,0.00221015270965605,0.67868613487501,10000,0.056538348415311,TRUE,FALSE,5000,1,1,5000,0,0,0,,,,not detectable or saturated: outside the H4 family of paired tests (E13.4)
H4.ruleG,Grule,unit,TRUE,3,binint_0.1_n1000,1000,EDGE.poly3.u.Grule,HL_w,0.0896,0.0696,0.02,FALSE,FALSE,1a,null_binint_n1000,null,0.0461,0.00217944947177034,-1.78944272419038,0.00209701669044383,-1.85978491147563,10000,0.056538348415311,TRUE,0.0538,0.00217944947177034,1.74355957741627,0.00225622605250449,1.68422840246077,10000,0.056538348415311,TRUE,FALSE,5000,0.0842,0.0738,164,257,205,4374,,,,not detectable or saturated: outside the H4 family of paired tests (E13.4)
H4.ruleG,Grule,unit,TRUE,3,binint_0.2_n1000,1000,EDGE.poly3.u.Grule,HL_w,0.2368,0.1578,0.079,TRUE,TRUE,1a,null_binint_n1000,null,0.0461,0.00217944947177034,-1.78944272419038,0.00209701669044383,-1.85978491147563,10000,0.056538348415311,TRUE,0.0538,0.00217944947177034,1.74355957741627,0.00225622605250449,1.68422840246077,10000,0.056538348415311,TRUE,TRUE,5000,0.226,0.1664,580,550,252,3618,2.60670348334699e-26,1.3033517416735e-25,TRUE,""
H4.ruleG,Grule,unit,TRUE,3,binint_0.3_n1000,1000,EDGE.poly3.u.Grule,HL_w,0.4748,0.3262,0.1486,TRUE,TRUE,1a,null_binint_n1000,null,0.0461,0.00217944947177034,-1.78944272419038,0.00209701669044383,-1.85978491147563,10000,0.056538348415311,TRUE,0.0538,0.00217944947177034,1.74355957741627,0.00225622605250449,1.68422840246077,10000,0.056538348415311,TRUE,TRUE,5000,0.4632,0.331,1466,850,189,2495,1.41896942469205e-100,1.41896942469205e-99,TRUE,""
H4.ruleG,Grule,unit,TRUE,3,binint_0.5_n1000,1000,EDGE.poly3.u.Grule,HL_w,0.9066,0.7462,0.1604,TRUE,TRUE,1a,null_binint_n1000,null,0.0461,0.00217944947177034,-1.78944272419038,0.00209701669044383,-1.85978491147563,10000,0.056538348415311,TRUE,0.0538,0.00217944947177034,1.74355957741627,0.00225622605250449,1.68422840246077,10000,0.056538348415311,TRUE,TRUE,5000,0.9016,0.7538,3725,783,44,448,6.51899738492502e-176,8.47469660040253e-175,TRUE,""
H4.ruleG,Grule,unit,TRUE,3,binint_0.7_n1000,1000,EDGE.poly3.u.Grule,PH,0.9996,0.9896,0.01,TRUE,TRUE,1a,null_binint_n1000,null,0.0461,0.00217944947177034,-1.78944272419038,0.00209701669044383,-1.85978491147563,10000,0.056538348415311,TRUE,0.0281,0.00217944947177034,-10.0484091435306,0.00165258554997918,-13.2519614493034,10000,0.056538348415311,TRUE,TRUE,5000,0.9994,0.985,4924,73,1,2,7.94093388050906e-21,2.54888883281644e-20,TRUE,""
H4.ruleG,Grule,unit,TRUE,3,contint_0.1_n1000,1000,EDGE.poly3.u.Grule,HL_w,0.0808,0.0974,-0.0166,FALSE,FALSE,1a,null_contint_n1000,null,0.0497,0.00217944947177034,-0.137649440322338,0.00217324434889407,-0.138042461793432,10000,0.056538348415311,TRUE,0.047,0.00217944947177034,-1.37649440322337,0.00211638843315682,-1.41750916466935,10000,0.056538348415311,TRUE,FALSE,5000,0.0806,0.0934,164,239,303,4294,,,,not detectable or saturated: outside the H4 family of paired tests (E13.4)
H4.ruleG,Grule,unit,TRUE,3,contint_0.3_n1000,1000,EDGE.poly3.u.Grule,HL_w,0.2626,0.2012,0.0614,TRUE,TRUE,1a,null_contint_n1000,null,0.0497,0.00217944947177034,-0.137649440322338,0.00217324434889407,-0.138042461793432,10000,0.056538348415311,TRUE,0.047,0.00217944947177034,-1.37649440322337,0.00211638843315682,-1.41750916466935,10000,0.056538348415311,TRUE,TRUE,5000,0.2616,0.1926,683,625,280,3412,5.25066853107127e-31,3.15040111864276e-30,TRUE,""
H4.ruleG,Grule,unit,TRUE,3,contint_0.5_n1000,1000,EDGE.poly3.u.Grule,PH,0.4868,0.2514,0.2354,TRUE,TRUE,1a,null_contint_n1000,null,0.0497,0.00217944947177034,-0.137649440322338,0.00217324434889407,-0.138042461793432,10000,0.056538348415311,TRUE,0.0285,0.00217944947177034,-9.86487655643416,0.0016639636414297,-12.920955401121,10000,0.056538348415311,TRUE,TRUE,5000,0.4864,0.1854,816,1616,111,2457,0,0,TRUE,""
H4.ruleG,Grule,unit,TRUE,3,contint_0.7_n1000,1000,EDGE.poly3.u.Grule,PH,0.7392,0.5114,0.2278,TRUE,TRUE,1a,null_contint_n1000,null,0.0497,0.00217944947177034,-0.137649440322338,0.00217324434889407,-0.138042461793432,10000,0.056538348415311,TRUE,0.0285,0.00217944947177034,-9.86487655643416,0.0016639636414297,-12.920955401121,10000,0.056538348415311,TRUE,TRUE,5000,0.7392,0.4364,2094,1602,88,1216,0,0,TRUE,""
H4.ruleG,Grule,unit,TRUE,3,census_logx_n1000,1000,EDGE.poly3.u.Grule,HL_w,0.9736,0.8518,0.1218,TRUE,TRUE,1b,null_census_logx_n1000,null,0.0514,0.00308220700148449,0.454219979166135,0.00312275647465504,0.448321862867854,5000,0.0592466210044535,TRUE,0.0512,0.00308220700148449,0.38933141071383,0.0031170036894428,0.384985107353053,5000,0.0592466210044535,TRUE,TRUE,5000,0.9746,0.8554,4267,606,10,117,1.50628924543051e-164,1.65691816997356e-163,TRUE,""
H4.ruleG,Grule,unit,TRUE,3,census_int_binbin_n1000,1000,EDGE.poly3.u.Grule,HL_w,0.9926,0.9932,-0.000599999999999934,TRUE,TRUE,1b,null_census_int_binbin_n1000,null,0.0532,0.00308220700148449,1.03821709523688,0.00317394895989208,1.00820776907162,5000,0.0592466210044535,TRUE,0.0208,0.00308220700148449,-9.47373099403653,0.00201828441999635,-14.4677329471992,5000,0.0592466210044535,TRUE,TRUE,5000,0.993,0.9834,4914,51,3,32,2.91877633173955e-12,5.83755266347909e-12,TRUE,""
H4.ruleG,Grule,unit,TRUE,3,census_skew_n1000,1000,EDGE.poly3.u.Grule,PH,0.8992,0.617,0.2822,TRUE,TRUE,1b,null_census_skew_n1000,null,0.0494,0.00308220700148449,-0.194665705356916,0.0030646252625729,-0.195782501478264,5000,0.0592466210044535,TRUE,0.0348,0.00308220700148449,-4.93153120237518,0.00259187036712873,-5.86449082977809,5000,0.0592466210044535,TRUE,TRUE,5000,0.8988,0.551,2721,1773,34,472,0,0,TRUE,""
H4.ruleG,Grule,unit,TRUE,3,census_corr_n1000,1000,EDGE.poly3.u.Grule,HL_w,0.9998,0.9952,0.00460000000000005,TRUE,TRUE,1b,null_census_corr_n1000,null,0.051,0.00308220700148449,0.324442842261523,0.00311123769583746,0.321415493691755,5000,0.0592466210044535,TRUE,0.0516,0.00308220700148449,0.519108547618439,0.00312849612433834,0.511427835103484,5000,0.0592466210044535,TRUE,TRUE,5000,0.9998,0.9954,4977,22,0,1,4.76837158203125e-07,4.76837158203125e-07,TRUE,""
H4.ruleG,Grule,unit,TRUE,3,census_omit_x2x3_n1000,1000,EDGE.poly3.u.Grule,PH,0.9648,0.7934,0.1714,TRUE,TRUE,1b,null_census_omit_x2x3_n1000,null,0.0512,0.00308220700148449,0.38933141071383,0.0031170036894428,0.384985107353053,5000,0.0592466210044535,TRUE,0.0312,0.00308220700148449,-6.09952543451667,0.00245872161905328,-7.64624992691888,5000,0.0592466210044535,TRUE,TRUE,5000,0.9662,0.7276,3623,1208,15,154,0,0,TRUE,""
H4.ruleG,Grule,unit,TRUE,3,census_omit_2int_n1000,1000,EDGE.poly3.u.Grule,HL_w,0.9402,0.8986,0.0416000000000001,TRUE,TRUE,1b,null_census_omit_2int_n1000,null,0.0508,0.00308220700148449,0.259554273809218,0.00310545842026584,0.257610919785399,5000,0.0592466210044535,TRUE,0.056,0.00308220700148449,1.94665705356915,0.00325158422926425,1.84525436739421,5000,0.0592466210044535,TRUE,TRUE,5000,0.9408,0.9066,4447,257,86,210,6.3722220820411e-21,2.54888883281644e-20,TRUE,""
H4.ruleG,Grule,unit,TRUE,3,census_joint_n1000,1000,EDGE.poly3.u.Grule,PH,0.1854,0.1102,0.0752,TRUE,TRUE,1b,null_census_joint_n1000,null,0.053,0.00308220700148449,0.973328526784574,0.00316831185333767,0.946876487817837,5000,0.0592466210044535,TRUE,0.0344,0.00308220700148449,-5.06130833927979,0.00257746542168852,-6.05245753007243,5000,0.0592466210044535,TRUE,TRUE,5000,0.1908,0.0784,253,701,139,3907,5.8487462501718e-91,5.26387162515462e-90,TRUE,""
H4.ruleG,Grule,unit,TRUE,3,census_omit_2cov_n1000,1000,EDGE.poly3.u.Grule,PH,0.0524,0.0498,0.00260000000000001,FALSE,FALSE,1b,null_census_omit_2cov_n1000,null,0.0508,0.00308220700148449,0.259554273809218,0.00310545842026584,0.257610919785399,5000,0.0592466210044535,TRUE,0.0304,0.00308220700148449,-6.35907970832589,0.00242799670510485,-8.07249859886182,5000,0.0592466210044535,TRUE,FALSE,5000,0.0532,0.0304,47,219,105,4629,,,,not detectable or saturated: outside the H4 family of paired tests (E13.4)
H5,Grule,unit,TRUE,2,probit_base_n9400,9400,Stk.sym1,EDGE.sym.u.Grule,0.571,0.553,0.0179999999999999,,TRUE,1b,null_base_n9400,null,0.0525,0.00487339717240448,0.512989176042576,0.00498717104178311,0.501286195932463,2000,0.0646201915172135,TRUE,0.0525,0.00487339717240448,0.512989176042576,0.00498717104178311,0.501286195932463,2000,0.0646201915172135,TRUE,TRUE,2000,0.5785,0.5695,1032,125,107,736,0.264336036406043,0.528672072812086,FALSE,""
H5,Grule,unit,TRUE,2,probit_base_n16000,16000,Stk.sym1,EDGE.sym.u.Grule,0.842,0.853,-0.011,,TRUE,1b,null_base_n16000,null,0.0405,0.00487339717240448,-1.94935886896179,0.00440793318914886,-2.1552050796474,2000,0.0646201915172135,TRUE,0.037,0.00487339717240448,-2.6675437154214,0.00422084114839685,-3.07995481065134,2000,0.0646201915172135,TRUE,TRUE,2000,0.823,0.8255,1581,65,70,284,0.730789439435811,0.730789439435811,FALSE,""
H5,Grule,unit,TRUE,2,cauchit_base_n2400,2400,Stk.sym1,EDGE.sym.u.Grule,0.569,0.5755,-0.00650000000000006,,TRUE,1b,null_base_n2400,null,0.0495,0.00487339717240448,-0.102597835208515,0.0048502448391808,-0.103087579406496,2000,0.0646201915172135,TRUE,0.046,0.00487339717240448,-0.820782681668124,0.00468422885862764,-0.853929242298358,2000,0.0646201915172135,TRUE,TRUE,2000,0.569,0.5515,1058,80,45,817,0.00222648834732024,0.00667946504196073,TRUE,""
H5,Grule,unit,TRUE,2,cauchit_base_n4000,4000,Stk.sym1,EDGE.sym.u.Grule,0.8115,0.789,0.0225,,TRUE,1b,null_base_n4000,null,0.046,0.00487339717240448,-0.820782681668124,0.00468422885862764,-0.853929242298358,2000,0.0646201915172135,TRUE,0.05,0.00487339717240448,0,0.00487339717240448,0,2000,0.0646201915172135,TRUE,TRUE,2000,0.8075,0.789,1551,64,27,358,0.000132163262744891,0.000528653050979563,TRUE,""
H5.skew,Grule,unit,TRUE,4,probit_skew_n9400,9400,Stk.sym1,EDGE.sym.u.Grule,0.4835,0.0845,0.399,,TRUE,1b,null_skew_n9400,null,0.0535,0.00487339717240448,0.718184846459607,0.00503178646208283,0.695578007209635,2000,0.0646201915172135,TRUE,0.045,0.00487339717240448,-1.02597835208516,0.00463546114210873,-1.07864133615096,2000,0.0646201915172135,TRUE,TRUE,2000,0.501,0.068,135,867,1,997,8.83107424044503e-259,2.64932227213351e-258,TRUE,""
H5.skew,Grule,unit,TRUE,4,probit_skew_n16000,16000,Stk.sym1,EDGE.sym.u.Grule,0.7285,0.234,0.4945,,TRUE,1b,null_skew_n16000,null,0.0585,0.00487339717240448,1.74416319854476,0.0052477495176504,1.61974194298164,2000,0.0646201915172135,TRUE,0.0535,0.00487339717240448,0.718184846459607,0.00503178646208283,0.695578007209635,2000,0.0646201915172135,TRUE,TRUE,2000,0.7535,0.279,558,949,0,493,4.20304568452945e-286,1.68121827381178e-285,TRUE,""
H5.skew,Grule,unit,TRUE,4,cauchit_skew_n2400,2400,Stk.sym1,EDGE.sym.u.Grule,0.8215,0.7645,0.0570000000000001,,TRUE,1b,null_skew_n2400,null,0.054,0.00487339717240448,0.820782681668123,0.00505390937789747,0.791466506600496,2000,0.0646201915172135,TRUE,0.0405,0.00487339717240448,-1.94935886896179,0.00440793318914886,-2.1552050796474,2000,0.0646201915172135,TRUE,TRUE,2000,0.8325,0.74,1451,214,29,306,4.93782796840971e-36,9.87565593681942e-36,TRUE,""
H5.skew,Grule,unit,TRUE,4,cauchit_skew_n4000,4000,Stk.sym1,EDGE.sym.u.Grule,0.954,0.897,0.0569999999999999,,TRUE,1b,null_skew_n4000,null,0.0445,0.00487339717240448,-1.12857618729367,0.00461084319837489,-1.19284039022158,2000,0.0646201915172135,TRUE,0.041,0.00487339717240448,-1.84676103375328,0.00443390347211123,-2.02981414832529,2000,0.0646201915172135,TRUE,TRUE,2000,0.951,0.888,1767,135,9,89,5.45655345189341e-30,5.45655345189341e-30,TRUE,""
H1,Grule,score,FALSE,2,probit_base_n9400,9400,EDGE.poly3.sc.Grule,GiViTI,0.413,0.216,0.197,,TRUE,1b,null_base_n9400,null,0.0495,0.00487339717240448,-0.102597835208515,0.0048502448391808,-0.103087579406496,2000,0.0646201915172135,TRUE,0.053,0.00487339717240448,0.615587011251092,0.0050095408971282,0.598857272873008,2000,0.0646201915172135,TRUE,TRUE,2000,0.413,0.2255,394,432,57,1117,2.32216576613641e-72,4.41211495565917e-71,TRUE,""
H1,Grule,score,FALSE,2,probit_base_n16000,16000,EDGE.poly3.sc.Grule,GiViTI,0.686,0.4475,0.2385,,TRUE,1b,null_base_n16000,null,0.0455,0.00487339717240448,-0.923380516876639,0.00465992220965114,-0.96568135637116,2000,0.0646201915172135,TRUE,0.0495,0.00487339717240448,-0.102597835208515,0.0048502448391808,-0.103087579406496,2000,0.0646201915172135,TRUE,TRUE,2000,0.665,0.447,847,483,47,623,3.27172026337501e-92,7.52495660576252e-91,TRUE,""
H1,Grule,score,FALSE,2,probit_auc_n3500,3500,EDGE.poly3.sc.Grule,GiViTI,0.382,0.211,0.171,,TRUE,1b,null_auc_n3500,null,0.045,0.00487339717240448,-1.02597835208516,0.00463546114210873,-1.07864133615096,2000,0.0646201915172135,TRUE,0.0485,0.00487339717240448,-0.307793505625547,0.00480352734977121,-0.31227052346677,2000,0.0646201915172135,TRUE,TRUE,2000,0.368,0.2085,405,331,12,1252,5.27658697755508e-82,1.16084913506212e-80,TRUE,""
H1,Grule,score,FALSE,2,probit_auc_n5900,5900,EDGE.poly3.sc.Grule,GiViTI,0.656,0.4775,0.1785,,TRUE,1b,null_auc_n5900,null,0.048,0.00487339717240448,-0.410391340834062,0.00477995815881269,-0.418413704377862,2000,0.0646201915172135,TRUE,0.0385,0.00487339717240448,-2.35975020979586,0.00430219420761081,-2.67305459610724,2000,0.0646201915172135,TRUE,TRUE,2000,0.6435,0.4415,879,408,4,709,2.25925063536328e-115,5.6481265884082e-114,TRUE,""
H1,Grule,score,FALSE,2,probit_e12_n4300,4300,EDGE.poly3.sc.Grule,GiViTI,0.411,0.6095,-0.1985,,TRUE,1b,null_e12_n4300,null,0.0475,0.00487339717240448,-0.512989176042578,0.00475624589355933,-0.525624632524861,2000,0.0646201915172135,TRUE,0.0475,0.00487339717240448,-0.512989176042578,0.00475624589355933,-0.525624632524861,2000,0.0646201915172135,TRUE,TRUE,2000,0.4045,0.606,738,71,474,717,3.91441491856449e-74,8.22027132898543e-73,TRUE,""
H1,Grule,score,FALSE,2,probit_e12_n7200,7200,EDGE.poly3.sc.Grule,GiViTI,0.674,0.8565,-0.1825,,TRUE,1b,null_e12_n7200,null,0.0525,0.00487339717240448,0.512989176042576,0.00498717104178311,0.501286195932463,2000,0.0646201915172135,TRUE,0.0445,0.00487339717240448,-1.12857618729367,0.00461084319837489,-1.19284039022158,2000,0.0646201915172135,TRUE,TRUE,2000,0.69,0.8445,1336,44,353,267,4.97556684579554e-61,7.96090695327286e-60,TRUE,""
H1,Grule,score,FALSE,2,cauchit_base_n2400,2400,EDGE.poly3.sc.Grule,GiViTI,0.4235,0.228,0.1955,,TRUE,1b,null_base_n2400,null,0.0475,0.00487339717240448,-0.512989176042578,0.00475624589355933,-0.525624632524861,2000,0.0646201915172135,TRUE,0.0475,0.00487339717240448,-0.512989176042578,0.00475624589355933,-0.525624632524861,2000,0.0646201915172135,TRUE,TRUE,2000,0.404,0.219,368,440,70,1122,1.3969618157627e-66,2.51453126837287e-65,TRUE,""
H1,Grule,score,FALSE,2,cauchit_base_n4000,4000,EDGE.poly3.sc.Grule,GiViTI,0.6715,0.412,0.2595,,TRUE,1b,null_base_n4000,null,0.0445,0.00487339717240448,-1.12857618729367,0.00461084319837489,-1.19284039022158,2000,0.0646201915172135,TRUE,0.0495,0.00487339717240448,-0.102597835208515,0.0048502448391808,-0.103087579406496,2000,0.0646201915172135,TRUE,TRUE,2000,0.656,0.4085,760,552,57,631,9.14660901375088e-103,2.19518616330021e-101,TRUE,""
H1,Grule,score,FALSE,2,cauchit_auc_n460,460,EDGE.poly3.sc.Grule,GiViTI,0.388,0.1985,0.1895,,TRUE,1b,null_auc_n460,null,0.0445,0.00487339717240448,-1.12857618729367,0.00461084319837489,-1.19284039022158,2000,0.0646201915172135,TRUE,0.048,0.00487339717240448,-0.410391340834062,0.00477995815881269,-0.418413704377862,2000,0.0646201915172135,TRUE,TRUE,2000,0.379,0.1955,318,440,73,1169,6.33138132537053e-65,1.07633482531299e-63,TRUE,""
H1,Grule,score,FALSE,2,cauchit_auc_n760,760,EDGE.poly3.sc.Grule,GiViTI,0.5845,0.315,0.2695,,TRUE,1b,null_auc_n760,null,0.0535,0.00487339717240448,0.718184846459607,0.00503178646208283,0.695578007209635,2000,0.0646201915172135,TRUE,0.0565,0.00487339717240448,1.3337718577107,0.00516273909857936,1.25902159219873,2000,0.0646201915172135,TRUE,TRUE,2000,0.6055,0.3255,602,609,49,740,5.92324096887431e-124,1.65850747128481e-122,TRUE,""
H1,Grule,score,FALSE,2,cauchit_e12_n6400,6400,EDGE.poly3.sc.Grule,GiViTI,0.4035,0.5255,-0.122,,TRUE,1b,null_e12_n6400,null,0.052,0.00487339717240448,0.410391340834061,0.00496467521596328,0.402846090227463,2000,0.0646201915172135,TRUE,0.0485,0.00487339717240448,-0.307793505625547,0.00480352734977121,-0.31227052346677,2000,0.0646201915172135,TRUE,TRUE,2000,0.407,0.5215,724,90,319,867,4.01203524908591e-31,4.81444229890309e-30,TRUE,""
H1,Grule,score,FALSE,2,cauchit_e12_n11000,11000,EDGE.poly3.sc.Grule,GiViTI,0.664,0.7575,-0.0934999999999999,,TRUE,1b,null_e12_n11000,null,0.05,0.00487339717240448,0,0.00487339717240448,0,2000,0.0646201915172135,TRUE,0.0525,0.00487339717240448,0.512989176042576,0.00498717104178311,0.501286195932463,2000,0.0646201915172135,TRUE,TRUE,2000,0.6655,0.7685,1253,78,284,385,1.25847336449277e-28,1.38432070094205e-27,TRUE,""
H1,Grule,score,FALSE,2,t4_base_n20000,20000,EDGE.poly3.sc.Grule,GiViTI,0.244,0.169,0.075,,TRUE,1b,null_base_n20000,null,0.0465,0.00487339717240448,-0.718184846459609,0.00470838348055891,-0.743354914579841,2000,0.0646201915172135,TRUE,0.0405,0.00487339717240448,-1.94935886896179,0.00440793318914886,-2.1552050796474,2000,0.0646201915172135,TRUE,TRUE,2000,0.2385,0.145,210,267,80,1443,1.17697923478012e-24,1.17697923478012e-23,TRUE,""
H1,Grule,score,FALSE,2,t4_auc_n4700,4700,EDGE.poly3.sc.Grule,GiViTI,0.404,0.188,0.216,,TRUE,1b,null_auc_n4700,null,0.0515,0.00487339717240448,0.307793505625545,0.00494205169944629,0.303517666593422,2000,0.0646201915172135,TRUE,0.0575,0.00487339717240448,1.53896752812773,0.00520546587732549,1.44079323095158,2000,0.0646201915172135,TRUE,TRUE,2000,0.4085,0.204,332,485,76,1107,6.761552500002e-74,1.3523105000004e-72,TRUE,""
H1,Grule,score,FALSE,2,t4_auc_n7800,7800,EDGE.poly3.sc.Grule,GiViTI,0.585,0.331,0.254,,TRUE,1b,null_auc_n7800,null,0.0515,0.00487339717240448,0.307793505625545,0.00494205169944629,0.303517666593422,2000,0.0646201915172135,TRUE,0.0465,0.00487339717240448,-0.718184846459609,0.00470838348055891,-0.743354914579841,2000,0.0646201915172135,TRUE,TRUE,2000,0.592,0.3215,594,590,49,767,7.00680041902981e-119,1.82176810894775e-117,TRUE,""
H1,Grule,score,FALSE,2,t4_e12_n8700,8700,EDGE.poly3.sc.Grule,GiViTI,0.424,0.526,-0.102,,TRUE,1b,null_e12_n8700,null,0.045,0.00487339717240448,-1.02597835208516,0.00463546114210873,-1.07864133615096,2000,0.0646201915172135,TRUE,0.046,0.00487339717240448,-0.820782681668124,0.00468422885862764,-0.853929242298358,2000,0.0646201915172135,TRUE,TRUE,2000,0.4075,0.518,736,79,300,885,1.99402798016874e-31,2.59223637421936e-30,TRUE,""
H1,Grule,score,FALSE,2,t4_e12_n15000,15000,EDGE.poly3.sc.Grule,GiViTI,0.661,0.761,-0.1,,TRUE,1b,null_e12_n15000,null,0.047,0.00487339717240448,-0.615587011251093,0.00473238840333293,-0.633929370185921,2000,0.0646201915172135,TRUE,0.046,0.00487339717240448,-0.820782681668124,0.00468422885862764,-0.853929242298358,2000,0.0646201915172135,TRUE,TRUE,2000,0.648,0.754,1237,59,271,433,1.31498324299756e-33,1.84097654019658e-32,TRUE,""
H1,Grule,score,FALSE,3,link_probit_n200,200,EDGE.poly3.sc.Grule,GiViTI,0.0552,0.0437,0.0115,,TRUE,1a,null_link_n200,null,0.0483,0.00217944947177034,-0.78001349515991,0.00214399416976819,-0.792912603947895,10000,0.056538348415311,TRUE,0.0542,0.00217944947177034,1.92709216451272,0.00226411925480969,1.85502596255824,10000,0.056538348415311,TRUE,TRUE,10000,0.0544,0.0482,180,364,302,9154,0.0180270319524899,0.10816219171494,FALSE,""
H1,Grule,score,FALSE,3,link_probit_n500,500,EDGE.poly3.sc.Grule,GiViTI,0.0524,0.0472,0.0052,,TRUE,1a,null_link_n500,null,0.0499,0.00217944947177034,-0.0458831467741137,0.00217738352156895,-0.0459266817303486,10000,0.056538348415311,TRUE,0.0529,0.00217944947177034,1.33061125644926,0.00223833844625874,1.29560389084465,10000,0.056538348415311,TRUE,TRUE,5000,0.0524,0.0496,85,177,163,4575,0.480849853000263,0.961699706000527,FALSE,""
H1,Grule,score,FALSE,3,link_probit_n1000,1000,EDGE.poly3.sc.Grule,GiViTI,0.052,0.051,0.001,,TRUE,1a,null_link_n1000,null,0.0571,0.00217944947177034,3.25770342096198,0.00232033596705305,3.0599017128616,10000,0.056538348415311,FALSE,0.0534,0.00217944947177034,1.56002699031982,0.0022482980229498,1.51225503260424,10000,0.056538348415311,TRUE,FALSE,5000,0.0602,0.0528,97,204,167,4532,,,,"EDGE.poly3.sc.Grule fails size (0.0571 above 0.0565, null MCSE)"
H1,Grule,score,FALSE,3,link_probit_n2000,2000,EDGE.poly3.sc.Grule,GiViTI,0.088,0.0656,0.0224,,TRUE,1a,null_link_n2000,null,0.0526,0.00217944947177034,1.19296181612692,0.00223233599621562,1.16469922288028,10000,0.056538348415311,TRUE,0.0521,0.00217944947177034,0.963546082256358,0.00222228688517032,0.944972502881441,10000,0.056538348415311,TRUE,TRUE,5000,0.0908,0.0666,185,269,148,4398,3.2780041822687e-09,2.40037245242891e-08,TRUE,""
H1,Grule,score,FALSE,3,link_probit_n5000,5000,EDGE.poly3.sc.Grule,GiViTI,0.215,0.1264,0.0886,,TRUE,1a,null_link_n5000,null,0.0478,0.00217944947177034,-1.00942922903047,0.00213342822705616,-1.031204130563,10000,0.056538348415311,TRUE,0.0474,0.00217944947177034,-1.19296181612692,0.00212492917529032,-1.22357019247231,10000,0.056538348415311,TRUE,TRUE,5000,0.2096,0.123,433,615,182,3770,1.07083922819431e-55,1.60625884229146e-54,TRUE,""
H1,Grule,score,FALSE,3,cauchit_n200,200,EDGE.poly3.sc.Grule,GiViTI,0.0805,0.0677,0.0128,,TRUE,1a,null_link_n200,null,0.0483,0.00217944947177034,-0.78001349515991,0.00214399416976819,-0.792912603947895,10000,0.056538348415311,TRUE,0.0542,0.00217944947177034,1.92709216451272,0.00226411925480969,1.85502596255824,10000,0.056538348415311,TRUE,TRUE,10000,0.0791,0.0738,281,510,457,8752,0.0944324216294514,0.283297264888354,FALSE,""
H1,Grule,score,FALSE,3,cauchit_n500,500,EDGE.poly3.sc.Grule,GiViTI,0.115,0.0834,0.0316,,TRUE,1a,null_link_n500,null,0.0499,0.00217944947177034,-0.0458831467741137,0.00217738352156895,-0.0459266817303486,10000,0.056538348415311,TRUE,0.0529,0.00217944947177034,1.33061125644926,0.00223833844625874,1.29560389084465,10000,0.056538348415311,TRUE,TRUE,5000,0.1146,0.0868,230,343,204,4223,3.00046556553613e-09,2.40037245242891e-08,TRUE,""
H1,Grule,score,FALSE,3,cauchit_n1000,1000,EDGE.poly3.sc.Grule,GiViTI,0.178,0.106,0.072,,TRUE,1a,null_link_n1000,null,0.0571,0.00217944947177034,3.25770342096198,0.00232033596705305,3.0599017128616,10000,0.056538348415311,FALSE,0.0534,0.00217944947177034,1.56002699031982,0.0022482980229498,1.51225503260424,10000,0.056538348415311,TRUE,FALSE,5000,0.1902,0.114,347,604,223,3826,,,,"EDGE.poly3.sc.Grule fails size (0.0571 above 0.0565, null MCSE)"
H1,Grule,score,FALSE,3,cauchit_n2000,2000,EDGE.poly3.sc.Grule,GiViTI,0.34,0.1944,0.1456,,TRUE,1a,null_link_n2000,null,0.0526,0.00217944947177034,1.19296181612692,0.00223233599621562,1.16469922288028,10000,0.056538348415311,TRUE,0.0521,0.00217944947177034,0.963546082256358,0.00222228688517032,0.944972502881441,10000,0.056538348415311,TRUE,TRUE,5000,0.346,0.1966,796,934,187,3083,8.26207664712374e-120,2.23076069472341e-118,TRUE,""
H1,Grule,score,FALSE,3,cauchit_n5000,5000,EDGE.poly3.sc.Grule,GiViTI,0.745,0.4908,0.2542,,TRUE,1a,null_link_n5000,null,0.0478,0.00217944947177034,-1.00942922903047,0.00213342822705616,-1.031204130563,10000,0.056538348415311,TRUE,0.0474,0.00217944947177034,-1.19296181612692,0.00212492917529032,-1.22357019247231,10000,0.056538348415311,TRUE,TRUE,5000,0.7394,0.4818,2322,1375,87,1216,1.30691328995283e-298,3.79004854086321e-297,TRUE,""
H1,Grule,score,FALSE,3,t4_n200,200,EDGE.poly3.sc.Grule,GiViTI,0.0588,0.0529,0.0059,,TRUE,1a,null_link_n200,null,0.0483,0.00217944947177034,-0.78001349515991,0.00214399416976819,-0.792912603947895,10000,0.056538348415311,TRUE,0.0542,0.00217944947177034,1.92709216451272,0.00226411925480969,1.85502596255824,10000,0.056538348415311,TRUE,TRUE,10000,0.0569,0.0577,213,356,364,9067,0.794210962171428,0.961699706000527,FALSE,""
H1,Grule,score,FALSE,3,t4_n500,500,EDGE.poly3.sc.Grule,GiViTI,0.0544,0.0608,-0.0064,,TRUE,1a,null_link_n500,null,0.0499,0.00217944947177034,-0.0458831467741137,0.00217738352156895,-0.0459266817303486,10000,0.056538348415311,TRUE,0.0529,0.00217944947177034,1.33061125644926,0.00223833844625874,1.29560389084465,10000,0.056538348415311,TRUE,TRUE,5000,0.0544,0.0632,111,161,205,4523,0.024466165646385,0.122330828231925,FALSE,""
H1,Grule,score,FALSE,3,t4_n1000,1000,EDGE.poly3.sc.Grule,GiViTI,0.0608,0.0616,-0.000800000000000002,,TRUE,1a,null_link_n1000,null,0.0571,0.00217944947177034,3.25770342096198,0.00232033596705305,3.0599017128616,10000,0.056538348415311,FALSE,0.0534,0.00217944947177034,1.56002699031982,0.0022482980229498,1.51225503260424,10000,0.056538348415311,TRUE,FALSE,5000,0.0678,0.0654,141,198,186,4475,,,,"EDGE.poly3.sc.Grule fails size (0.0571 above 0.0565, null MCSE)"
H1,Grule,score,FALSE,3,t4_n2000,2000,EDGE.poly3.sc.Grule,GiViTI,0.066,0.0578,0.00820000000000001,,TRUE,1a,null_link_n2000,null,0.0526,0.00217944947177034,1.19296181612692,0.00223233599621562,1.16469922288028,10000,0.056538348415311,TRUE,0.0521,0.00217944947177034,0.963546082256358,0.00222228688517032,0.944972502881441,10000,0.056538348415311,TRUE,TRUE,5000,0.0682,0.059,115,226,180,4479,0.0254076587121961,0.122330828231925,FALSE,""
H1,Grule,score,FALSE,3,t4_n5000,5000,EDGE.poly3.sc.Grule,GiViTI,0.099,0.0712,0.0278,,TRUE,1a,null_link_n5000,null,0.0478,0.00217944947177034,-1.00942922903047,0.00213342822705616,-1.031204130563,10000,0.056538348415311,TRUE,0.0474,0.00217944947177034,-1.19296181612692,0.00212492917529032,-1.22357019247231,10000,0.056538348415311,TRUE,TRUE,5000,0.0962,0.0678,155,326,184,4335,3.3114810603868e-10,2.98033295434812e-09,TRUE,""
H2,Grule,score,FALSE,2,probit_base_n9400,9400,EDGE.sym.sc.Grule,Stk.joint,0.5695,0.4905,0.079,,TRUE,1b,null_base_n9400,null,0.052,0.00487339717240448,0.410391340834061,0.00496467521596328,0.402846090227463,2000,0.0646201915172135,TRUE,0.041,0.00487339717240448,-1.84676103375328,0.00443390347211123,-2.02981414832529,2000,0.0646201915172135,TRUE,TRUE,2000,0.576,0.4605,886,266,35,813,3.92642406297429e-45,1.06013449700306e-43,TRUE,""
H2,Grule,score,FALSE,2,probit_base_n16000,16000,EDGE.sym.sc.Grule,Stk.joint,0.842,0.7455,0.0964999999999999,,TRUE,1b,null_base_n16000,null,0.0395,0.00487339717240448,-2.15455453937882,0.00435544199823623,-2.41077713909451,2000,0.0646201915172135,TRUE,0.045,0.00487339717240448,-1.02597835208516,0.00463546114210873,-1.07864133615096,2000,0.0646201915172135,TRUE,TRUE,2000,0.823,0.737,1453,193,21,333,5.24691970292185e-36,1.20679153167203e-34,TRUE,""
H2,Grule,score,FALSE,2,probit_auc_n3500,3500,EDGE.sym.sc.Grule,Stk.joint,0.598,0.448,0.15,,TRUE,1b,null_auc_n3500,null,0.0465,0.00487339717240448,-0.718184846459609,0.00470838348055891,-0.743354914579841,2000,0.0646201915172135,TRUE,0.044,0.00487339717240448,-1.23117402250219,0.00458606585212206,-1.30831091254908,2000,0.0646201915172135,TRUE,TRUE,2000,0.5845,0.4005,780,389,21,810,6.8638964349079e-89,2.19644685917053e-87,TRUE,""
H2,Grule,score,FALSE,2,probit_auc_n5900,5900,EDGE.sym.sc.Grule,Stk.joint,0.8335,0.72,0.1135,,TRUE,1b,null_auc_n5900,null,0.049,0.00487339717240448,-0.205195670417031,0.00482695556225661,-0.20716992048141,2000,0.0646201915172135,TRUE,0.045,0.00487339717240448,-1.02597835208516,0.00463546114210873,-1.07864133615096,2000,0.0646201915172135,TRUE,TRUE,2000,0.827,0.6945,1381,273,8,338,4.62258737730487e-70,1.38677621319146e-68,TRUE,""
H2,Grule,score,FALSE,2,probit_e12_n4300,4300,EDGE.sym.sc.Grule,Stk.joint,0.6095,0.4845,0.125,,TRUE,1b,null_e12_n4300,null,0.049,0.00487339717240448,-0.205195670417031,0.00482695556225661,-0.20716992048141,2000,0.0646201915172135,TRUE,0.0475,0.00487339717240448,-0.512989176042578,0.00475624589355933,-0.525624632524861,2000,0.0646201915172135,TRUE,TRUE,2000,0.604,0.476,894,314,58,734,1.22576144277754e-43,3.18697975122161e-42,TRUE,""
H2,Grule,score,FALSE,2,probit_e12_n7200,7200,EDGE.sym.sc.Grule,Stk.joint,0.8565,0.762,0.0945,,TRUE,1b,null_e12_n7200,null,0.049,0.00487339717240448,-0.205195670417031,0.00482695556225661,-0.20716992048141,2000,0.0646201915172135,TRUE,0.049,0.00487339717240448,-0.205195670417031,0.00482695556225661,-0.20716992048141,2000,0.0646201915172135,TRUE,TRUE,2000,0.856,0.762,1501,211,23,265,3.18915646493334e-39,7.97289116233334e-38,TRUE,""
H2,Grule,score,FALSE,2,cauchit_base_n2400,2400,EDGE.sym.sc.Grule,Stk.joint,0.5755,0.473,0.1025,,TRUE,1b,null_base_n2400,null,0.0475,0.00487339717240448,-0.512989176042578,0.00475624589355933,-0.525624632524861,2000,0.0646201915172135,TRUE,0.047,0.00487339717240448,-0.615587011251093,0.00473238840333293,-0.633929370185921,2000,0.0646201915172135,TRUE,TRUE,2000,0.571,0.468,891,251,45,813,7.58613126522479e-36,1.66894887834945e-34,TRUE,""
H2,Grule,score,FALSE,2,cauchit_base_n4000,4000,EDGE.sym.sc.Grule,Stk.joint,0.81,0.7375,0.0725,,TRUE,1b,null_base_n4000,null,0.048,0.00487339717240448,-0.410391340834062,0.00477995815881269,-0.418413704377862,2000,0.0646201915172135,TRUE,0.0465,0.00487339717240448,-0.718184846459609,0.00470838348055891,-0.743354914579841,2000,0.0646201915172135,TRUE,TRUE,2000,0.8055,0.714,1401,210,27,362,2.68299586485924e-36,6.43919007566217e-35,TRUE,""
H2,Grule,score,FALSE,2,cauchit_auc_n460,460,EDGE.sym.sc.Grule,Stk.joint,0.4985,0.4755,0.023,,TRUE,1b,null_auc_n460,null,0.048,0.00487339717240448,-0.410391340834062,0.00477995815881269,-0.418413704377862,2000,0.0646201915172135,TRUE,0.0465,0.00487339717240448,-0.718184846459609,0.00470838348055891,-0.743354914579841,2000,0.0646201915172135,TRUE,TRUE,2000,0.484,0.4665,789,179,144,888,0.0583481786197543,0.350089071718526,FALSE,""
H2,Grule,score,FALSE,2,cauchit_auc_n760,760,EDGE.sym.sc.Grule,Stk.joint,0.7075,0.66,0.0475,,TRUE,1b,null_auc_n760,null,0.055,0.00487339717240448,1.02597835208515,0.00509779364038993,0.980816477227499,2000,0.0646201915172135,TRUE,0.051,0.00487339717240448,0.20519567041703,0.00491929873051028,0.203281007066685,2000,0.0646201915172135,TRUE,TRUE,2000,0.715,0.6645,1259,171,70,500,6.2382410250021e-11,8.73353743500294e-10,TRUE,""
H2,Grule,score,FALSE,2,cauchit_e12_n6400,6400,EDGE.sym.sc.Grule,Stk.joint,0.5305,0.531,-0.000500000000000056,,TRUE,1b,null_e12_n6400,null,0.053,0.00487339717240448,0.615587011251092,0.0050095408971282,0.598857272873008,2000,0.0646201915172135,TRUE,0.0535,0.00487339717240448,0.718184846459607,0.00503178646208283,0.695578007209635,2000,0.0646201915172135,TRUE,TRUE,2000,0.5385,0.5365,1062,15,11,912,0.557197093963624,1,FALSE,""
H2,Grule,score,FALSE,2,cauchit_e12_n11000,11000,EDGE.sym.sc.Grule,Stk.joint,0.7585,0.76,-0.00150000000000006,,TRUE,1b,null_e12_n11000,null,0.0575,0.00487339717240448,1.53896752812773,0.00520546587732549,1.44079323095158,2000,0.0646201915172135,TRUE,0.057,0.00487339717240448,1.43636969291922,0.00518415856238985,1.35026734150914,2000,0.0646201915172135,TRUE,TRUE,2000,0.789,0.7885,1571,7,6,416,1,1,FALSE,""
H2,Grule,score,FALSE,2,t4_base_n20000,20000,EDGE.sym.sc.Grule,Stk.joint,0.3465,0.2995,0.047,,TRUE,1b,null_base_n20000,null,0.0485,0.00487339717240448,-0.307793505625547,0.00480352734977121,-0.31227052346677,2000,0.0646201915172135,TRUE,0.0425,0.00487339717240448,-1.53896752812773,0.00451075104611194,-1.66269428823048,2000,0.0646201915172135,TRUE,TRUE,2000,0.3415,0.268,485,198,51,1266,1.24714635989114e-21,1.99543417582583e-20,TRUE,""
H2,Grule,score,FALSE,2,t4_auc_n4700,4700,EDGE.sym.sc.Grule,Stk.joint,0.56,0.449,0.111,,TRUE,1b,null_auc_n4700,null,0.0455,0.00487339717240448,-0.923380516876639,0.00465992220965114,-0.96568135637116,2000,0.0646201915172135,TRUE,0.052,0.00487339717240448,0.410391340834061,0.00496467521596328,0.402846090227463,2000,0.0646201915172135,TRUE,TRUE,2000,0.5335,0.4615,864,203,59,874,1.09931520300606e-19,1.6489728045091e-18,TRUE,""
H2,Grule,score,FALSE,2,t4_auc_n7800,7800,EDGE.sym.sc.Grule,Stk.joint,0.7375,0.6325,0.105,,TRUE,1b,null_auc_n7800,null,0.053,0.00487339717240448,0.615587011251092,0.0050095408971282,0.598857272873008,2000,0.0646201915172135,TRUE,0.058,0.00487339717240448,1.64156536333625,0.00522666241496426,1.53061348999612,2000,0.0646201915172135,TRUE,TRUE,2000,0.7455,0.6675,1293,198,42,467,2.09217239625348e-25,3.97512755288162e-24,TRUE,""
H2,Grule,score,FALSE,2,t4_e12_n8700,8700,EDGE.sym.sc.Grule,Stk.joint,0.5565,0.4725,0.084,,TRUE,1b,null_e12_n8700,null,0.05,0.00487339717240448,0,0.00487339717240448,0,2000,0.0646201915172135,TRUE,0.0495,0.00487339717240448,-0.102597835208515,0.0048502448391808,-0.103087579406496,2000,0.0646201915172135,TRUE,TRUE,2000,0.557,0.4715,909,205,34,852,5.71884470258418e-31,1.20095738754268e-29,TRUE,""
H2,Grule,score,FALSE,2,t4_e12_n15000,15000,EDGE.sym.sc.Grule,Stk.joint,0.7775,0.7015,0.076,,TRUE,1b,null_e12_n15000,null,0.049,0.00487339717240448,-0.205195670417031,0.00482695556225661,-0.20716992048141,2000,0.0646201915172135,TRUE,0.05,0.00487339717240448,0,0.00487339717240448,0,2000,0.0646201915172135,TRUE,TRUE,2000,0.7755,0.702,1383,168,21,428,1.14782354359508e-29,2.29564708719017e-28,TRUE,""
H2,Grule,score,FALSE,3,link_probit_n200,200,EDGE.sym.sc.Grule,Stk.joint,0.0482,0.0407,0.0075,,TRUE,1a,null_link_n200,null,0.0523,0.00217944947177034,1.05531237580458,0.00222631332026739,1.03309807252276,10000,0.056538348415311,TRUE,0.0487,0.00217944947177034,-0.596480908063462,0.00215240121724552,-0.6039766143896,10000,0.056538348415311,TRUE,TRUE,10000,0.0493,0.0391,146,347,245,9262,3.17329119252124e-05,0.000317329119252124,TRUE,""
H2,Grule,score,FALSE,3,link_probit_n500,500,EDGE.sym.sc.Grule,Stk.joint,0.065,0.0458,0.0192,,TRUE,1a,null_link_n500,null,0.047,0.00217944947177034,-1.37649440322337,0.00211638843315682,-1.41750916466935,10000,0.056538348415311,TRUE,0.0503,0.00217944947177034,0.137649440322335,0.0021856328602947,0.137260015371266,10000,0.056538348415311,TRUE,TRUE,5000,0.0634,0.0464,130,187,102,4581,6.50449470995896e-07,7.15494418095485e-06,TRUE,""
H2,Grule,score,FALSE,3,link_probit_n1000,1000,EDGE.sym.sc.Grule,Stk.joint,0.0886,0.067,0.0216,,TRUE,1a,null_link_n1000,null,0.0499,0.00217944947177034,-0.0458831467741137,0.00217738352156895,-0.0459266817303486,10000,0.056538348415311,TRUE,0.0499,0.00217944947177034,-0.0458831467741137,0.00217738352156895,-0.0459266817303486,10000,0.056538348415311,TRUE,TRUE,5000,0.0884,0.0664,218,224,114,4444,2.22156029142775e-09,2.6658723497133e-08,TRUE,""
H2,Grule,score,FALSE,3,link_probit_n2000,2000,EDGE.sym.sc.Grule,Stk.joint,0.1448,0.1114,0.0334,,TRUE,1a,null_link_n2000,null,0.0526,0.00217944947177034,1.19296181612692,0.00223233599621562,1.16469922288028,10000,0.056538348415311,TRUE,0.049,0.00217944947177034,-0.458831467741124,0.0021586801523153,-0.463246025089658,10000,0.056538348415311,TRUE,TRUE,5000,0.1508,0.1088,422,332,122,4124,1.60313267675009e-23,2.84913577211244e-22,TRUE,""
H2,Grule,score,FALSE,3,link_probit_n5000,5000,EDGE.sym.sc.Grule,Stk.joint,0.3386,0.2568,0.0818,,TRUE,1a,null_link_n5000,null,0.05,0.00217944947177034,0,0.00217944947177034,0,10000,0.056538348415311,TRUE,0.0488,0.00217944947177034,-0.550597761289348,0.00215449669296567,-0.556974630742272,10000,0.056538348415311,TRUE,TRUE,5000,0.3386,0.2518,1114,579,145,3162,3.23450286353583e-62,9.38005830425391e-61,TRUE,""
H2,Grule,score,FALSE,3,cauchit_n200,200,EDGE.sym.sc.Grule,Stk.joint,0.08,0.0946,-0.0146,,TRUE,1a,null_link_n200,null,0.0523,0.00217944947177034,1.05531237580458,0.00222631332026739,1.03309807252276,10000,0.056538348415311,TRUE,0.0487,0.00217944947177034,-0.596480908063462,0.00215240121724552,-0.6039766143896,10000,0.056538348415311,TRUE,TRUE,10000,0.0823,0.0923,387,436,536,8641,0.00148341539181751,0.0133507385263576,TRUE,""
H2,Grule,score,FALSE,3,cauchit_n500,500,EDGE.sym.sc.Grule,Stk.joint,0.153,0.1348,0.0182,,TRUE,1a,null_link_n500,null,0.047,0.00217944947177034,-1.37649440322337,0.00211638843315682,-1.41750916466935,10000,0.056538348415311,TRUE,0.0503,0.00217944947177034,0.137649440322335,0.0021856328602947,0.137260015371266,10000,0.056538348415311,TRUE,TRUE,5000,0.1488,0.1358,454,290,225,4031,0.00475220836146913,0.038017666891753,TRUE,""
H2,Grule,score,FALSE,3,cauchit_n1000,1000,EDGE.sym.sc.Grule,Stk.joint,0.2738,0.2268,0.047,,TRUE,1a,null_link_n1000,null,0.0499,0.00217944947177034,-0.0458831467741137,0.00217738352156895,-0.0459266817303486,10000,0.056538348415311,TRUE,0.0499,0.00217944947177034,-0.0458831467741137,0.00217738352156895,-0.0459266817303486,10000,0.056538348415311,TRUE,TRUE,5000,0.2728,0.226,967,397,163,3473,1.58285320672913e-23,2.84913577211244e-22,TRUE,""
H2,Grule,score,FALSE,3,cauchit_n2000,2000,EDGE.sym.sc.Grule,Stk.joint,0.4788,0.4072,0.0716,,TRUE,1a,null_link_n2000,null,0.0526,0.00217944947177034,1.19296181612692,0.00223233599621562,1.16469922288028,10000,0.056538348415311,TRUE,0.049,0.00217944947177034,-0.458831467741124,0.0021586801523153,-0.463246025089658,10000,0.056538348415311,TRUE,TRUE,5000,0.4866,0.4032,1874,559,142,2425,2.50849615163232e-59,7.02378922457049e-58,TRUE,""
H2,Grule,score,FALSE,3,cauchit_n5000,5000,EDGE.sym.sc.Grule,Stk.joint,0.867,0.7996,0.0674,,TRUE,1a,null_link_n5000,null,0.05,0.00217944947177034,0,0.00217944947177034,0,10000,0.056538348415311,TRUE,0.0488,0.00217944947177034,-0.550597761289348,0.00215449669296567,-0.556974630742272,10000,0.056538348415311,TRUE,TRUE,5000,0.867,0.7956,3932,403,46,619,2.61160521006561e-72,8.09597615120339e-71,TRUE,""
H2,Grule,score,FALSE,3,t4_n200,200,EDGE.sym.sc.Grule,Stk.joint,0.049,0.055,-0.006,,TRUE,1a,null_link_n200,null,0.0523,0.00217944947177034,1.05531237580458,0.00222631332026739,1.03309807252276,10000,0.056538348415311,TRUE,0.0487,0.00217944947177034,-0.596480908063462,0.00215240121724552,-0.6039766143896,10000,0.056538348415311,TRUE,TRUE,10000,0.0505,0.0545,173,332,372,9123,0.141542888957423,0.618976580510878,FALSE,""
H2,Grule,score,FALSE,3,t4_n500,500,EDGE.sym.sc.Grule,Stk.joint,0.0542,0.0578,-0.0036,,TRUE,1a,null_link_n500,null,0.047,0.00217944947177034,-1.37649440322337,0.00211638843315682,-1.41750916466935,10000,0.056538348415311,TRUE,0.0503,0.00217944947177034,0.137649440322335,0.0021856328602947,0.137260015371266,10000,0.056538348415311,TRUE,TRUE,5000,0.0526,0.0582,123,140,168,4569,0.123795316102176,0.618976580510878,FALSE,""
H2,Grule,score,FALSE,3,t4_n1000,1000,EDGE.sym.sc.Grule,Stk.joint,0.0686,0.07,-0.00140000000000001,,TRUE,1a,null_link_n1000,null,0.0499,0.00217944947177034,-0.0458831467741137,0.00217738352156895,-0.0459266817303486,10000,0.056538348415311,TRUE,0.0499,0.00217944947177034,-0.0458831467741137,0.00217738352156895,-0.0459266817303486,10000,0.056538348415311,TRUE,TRUE,5000,0.0686,0.0686,191,152,152,4505,1,1,FALSE,""
H2,Grule,score,FALSE,3,t4_n2000,2000,EDGE.sym.sc.Grule,Stk.joint,0.074,0.0692,0.0048,,TRUE,1a,null_link_n2000,null,0.0526,0.00217944947177034,1.19296181612692,0.00223233599621562,1.16469922288028,10000,0.056538348415311,TRUE,0.049,0.00217944947177034,-0.458831467741124,0.0021586801523153,-0.463246025089658,10000,0.056538348415311,TRUE,TRUE,5000,0.076,0.068,206,174,134,4486,0.0261073454808068,0.182751418365648,FALSE,""
H2,Grule,score,FALSE,3,t4_n5000,5000,EDGE.sym.sc.Grule,Stk.joint,0.1282,0.1054,0.0228,,TRUE,1a,null_link_n5000,null,0.05,0.00217944947177034,0,0.00217944947177034,0,10000,0.056538348415311,TRUE,0.0488,0.00217944947177034,-0.550597761289348,0.00215449669296567,-0.556974630742272,10000,0.056538348415311,TRUE,TRUE,5000,0.1282,0.1032,379,262,137,4222,3.89405875205369e-10,5.06227637766979e-09,TRUE,""
H3,Grule,score,FALSE,2,loglog_base_n610,610,EDGE.poly3.sc.Grule,GiViTI,0.3765,0.5745,-0.198,,TRUE,1b,null_base_n610,null,0.0475,0.00487339717240448,-0.512989176042578,0.00475624589355933,-0.525624632524861,2000,0.0646201915172135,TRUE,0.042,0.00487339717240448,-1.64156536333625,0.00448530935387962,-1.78360049861005,2000,0.0646201915172135,TRUE,TRUE,2000,0.3565,0.5565,623,90,490,797,1.45079937890764e-67,1.5958793167984e-66,TRUE,""
H3,Grule,score,FALSE,2,loglog_base_n1000,1000,EDGE.poly3.sc.Grule,GiViTI,0.6055,0.793,-0.1875,,TRUE,1b,null_base_n1000,null,0.0545,0.00487339717240448,0.923380516876638,0.00507591124823908,0.88654032348598,2000,0.0646201915172135,TRUE,0.0445,0.00487339717240448,-1.12857618729367,0.00461084319837489,-1.19284039022158,2000,0.0646201915172135,TRUE,TRUE,2000,0.618,0.7885,1166,70,411,353,9.2063120197348e-60,7.36504961578784e-59,TRUE,""
H3,Grule,score,FALSE,2,loglog_auc_n380,380,EDGE.poly3.sc.Grule,GiViTI,0.332,0.467,-0.135,,TRUE,1b,null_auc_n380,null,0.049,0.00487339717240448,-0.205195670417031,0.00482695556225661,-0.20716992048141,2000,0.0646201915172135,TRUE,0.0585,0.00487339717240448,1.74416319854476,0.0052477495176504,1.61974194298164,2000,0.0646201915172135,TRUE,TRUE,2000,0.3315,0.494,544,119,444,893,4.7660080238558e-45,3.33620561669906e-44,TRUE,""
H3,Grule,score,FALSE,2,loglog_auc_n640,640,EDGE.poly3.sc.Grule,GiViTI,0.536,0.7645,-0.2285,,TRUE,1b,null_auc_n640,null,0.053,0.00487339717240448,0.615587011251092,0.0050095408971282,0.598857272873008,2000,0.0646201915172135,TRUE,0.0465,0.00487339717240448,-0.718184846459609,0.00470838348055891,-0.743354914579841,2000,0.0646201915172135,TRUE,TRUE,2000,0.5675,0.759,1046,89,472,393,5.60482673605312e-64,5.60482673605312e-63,TRUE,""
H3,Grule,score,FALSE,2,loglog_e12_n1000,1000,EDGE.poly3.sc.Grule,GiViTI,0.339,0.6285,-0.2895,,TRUE,1b,null_e12_n1000,null,0.04,0.00487339717240448,-2.05195670417031,0.00438178046004133,-2.28217732293819,2000,0.0646201915172135,TRUE,0.0495,0.00487339717240448,-0.102597835208515,0.0048502448391808,-0.103087579406496,2000,0.0646201915172135,TRUE,TRUE,2000,0.3085,0.6285,575,42,682,701,6.5695391337925e-150,9.85430870068875e-149,TRUE,""
H3,Grule,score,FALSE,2,loglog_e12_n1700,1700,EDGE.poly3.sc.Grule,GiViTI,0.586,0.883,-0.297,,TRUE,1b,null_e12_n1700,null,0.054,0.00487339717240448,0.820782681668123,0.00505390937789747,0.791466506600496,2000,0.0646201915172135,TRUE,0.043,0.00487339717240448,-1.43636969291922,0.00453602248671675,-1.54320222628939,2000,0.0646201915172135,TRUE,TRUE,2000,0.601,0.8675,1177,25,558,240,3.5056182764796e-132,4.55730375942348e-131,TRUE,""
H3,Grule,score,FALSE,3,link_cloglog_n200,200,EDGE.poly3.sc.Grule,GiViTI,0.1404,0.2351,-0.0947,,TRUE,1a,null_link_n200,null,0.0483,0.00217944947177034,-0.78001349515991,0.00214399416976819,-0.792912603947895,10000,0.056538348415311,TRUE,0.0542,0.00217944947177034,1.92709216451272,0.00226411925480969,1.85502596255824,10000,0.056538348415311,TRUE,TRUE,10000,0.1378,0.2497,979,399,1518,7104,3.44788915075003e-153,5.51662264120005e-152,TRUE,""
H3,Grule,score,FALSE,3,link_cloglog_n500,500,EDGE.poly3.sc.Grule,GiViTI,0.3276,0.5456,-0.218,,TRUE,1a,null_link_n500,null,0.0499,0.00217944947177034,-0.0458831467741137,0.00217738352156895,-0.0459266817303486,10000,0.056538348415311,TRUE,0.0529,0.00217944947177034,1.33061125644926,0.00223833844625874,1.29560389084465,10000,0.056538348415311,TRUE,TRUE,5000,0.3276,0.5554,1468,170,1309,2053,6.06133180023291e-218,1.03042640603959e-216,TRUE,""
H3,Grule,score,FALSE,3,link_cloglog_n1000,1000,EDGE.poly3.sc.Grule,GiViTI,0.6598,0.8604,-0.2006,,TRUE,1a,null_link_n1000,null,0.0571,0.00217944947177034,3.25770342096198,0.00232033596705305,3.0599017128616,10000,0.056538348415311,FALSE,0.0534,0.00217944947177034,1.56002699031982,0.0022482980229498,1.51225503260424,10000,0.056538348415311,TRUE,FALSE,5000,0.684,0.8718,3298,122,1061,519,,,,"EDGE.poly3.sc.Grule fails size (0.0571 above 0.0565, null MCSE)"
H3,Grule,score,FALSE,3,link_cloglog_n2000,2000,EDGE.poly3.sc.Grule,GiViTI,0.979,0.9902,-0.0112,,TRUE,1a,null_link_n2000,null,0.0526,0.00217944947177034,1.19296181612692,0.00223233599621562,1.16469922288028,10000,0.056538348415311,TRUE,0.0521,0.00217944947177034,0.963546082256358,0.00222228688517032,0.944972502881441,10000,0.056538348415311,TRUE,TRUE,5000,0.9796,0.9906,4873,25,80,22,6.88076130771158e-08,3.44038065385579e-07,TRUE,""
H3,Grule,score,FALSE,3,link_cloglog_n5000,5000,EDGE.poly3.sc.Grule,GiViTI,1,1,0,,TRUE,1a,null_link_n5000,null,0.0478,0.00217944947177034,-1.00942922903047,0.00213342822705616,-1.031204130563,10000,0.056538348415311,TRUE,0.0474,0.00217944947177034,-1.19296181612692,0.00212492917529032,-1.22357019247231,10000,0.056538348415311,TRUE,TRUE,5000,1,1,5000,0,0,0,1,1,FALSE,""
H3,Grule,score,FALSE,3,loglog_n200,200,EDGE.poly3.sc.Grule,GiViTI,0.1332,0.1977,-0.0645,,TRUE,1a,null_link_n200,null,0.0483,0.00217944947177034,-0.78001349515991,0.00214399416976819,-0.792912603947895,10000,0.056538348415311,TRUE,0.0542,0.00217944947177034,1.92709216451272,0.00226411925480969,1.85502596255824,10000,0.056538348415311,TRUE,TRUE,10000,0.1298,0.2094,874,424,1220,7482,3.34931615597331e-89,4.01917938716797e-88,TRUE,""
H3,Grule,score,FALSE,3,loglog_n500,500,EDGE.poly3.sc.Grule,GiViTI,0.2972,0.469,-0.1718,,TRUE,1a,null_link_n500,null,0.0499,0.00217944947177034,-0.0458831467741137,0.00217738352156895,-0.0459266817303486,10000,0.056538348415311,TRUE,0.0529,0.00217944947177034,1.33061125644926,0.00223833844625874,1.29560389084465,10000,0.056538348415311,TRUE,TRUE,5000,0.2964,0.4774,1265,217,1122,2396,2.76266336413772e-147,3.86772870979281e-146,TRUE,""
H3,Grule,score,FALSE,3,loglog_n1000,1000,EDGE.poly3.sc.Grule,GiViTI,0.5722,0.7686,-0.1964,,TRUE,1a,null_link_n1000,null,0.0571,0.00217944947177034,3.25770342096198,0.00232033596705305,3.0599017128616,10000,0.056538348415311,FALSE,0.0534,0.00217944947177034,1.56002699031982,0.0022482980229498,1.51225503260424,10000,0.056538348415311,TRUE,FALSE,5000,0.5984,0.7798,2809,183,1090,918,,,,"EDGE.poly3.sc.Grule fails size (0.0571 above 0.0565, null MCSE)"
H3,Grule,score,FALSE,3,loglog_n2000,2000,EDGE.poly3.sc.Grule,GiViTI,0.9242,0.9688,-0.0446,,TRUE,1a,null_link_n2000,null,0.0526,0.00217944947177034,1.19296181612692,0.00223233599621562,1.16469922288028,10000,0.056538348415311,TRUE,0.0521,0.00217944947177034,0.963546082256358,0.00222228688517032,0.944972502881441,10000,0.056538348415311,TRUE,TRUE,5000,0.9274,0.9708,4588,49,266,97,3.0590320438722e-37,1.83541922632332e-36,TRUE,""
H3,Grule,score,FALSE,3,loglog_n5000,5000,EDGE.poly3.sc.Grule,GiViTI,1,1,0,,TRUE,1a,null_link_n5000,null,0.0478,0.00217944947177034,-1.00942922903047,0.00213342822705616,-1.031204130563,10000,0.056538348415311,TRUE,0.0474,0.00217944947177034,-1.19296181612692,0.00212492917529032,-1.22357019247231,10000,0.056538348415311,TRUE,TRUE,5000,1,1,5000,0,0,0,1,1,FALSE,""
H3,Grule,score,FALSE,3,stk_asym_n200,200,EDGE.poly3.sc.Grule,GiViTI,0.3802,0.5418,-0.1616,,TRUE,1a,null_link_n200,null,0.0483,0.00217944947177034,-0.78001349515991,0.00214399416976819,-0.792912603947895,10000,0.056538348415311,TRUE,0.0542,0.00217944947177034,1.92709216451272,0.00226411925480969,1.85502596255824,10000,0.056538348415311,TRUE,TRUE,10000,0.3745,0.5602,3304,441,2298,3957,1.49220593782131e-301,2.68597068807836e-300,TRUE,""
H3,Grule,score,FALSE,3,stk_asym_n500,500,EDGE.poly3.sc.Grule,GiViTI,0.858,0.929,-0.0710000000000001,,TRUE,1a,null_link_n500,null,0.0499,0.00217944947177034,-0.0458831467741137,0.00217738352156895,-0.0459266817303486,10000,0.056538348415311,TRUE,0.0529,0.00217944947177034,1.33061125644926,0.00223833844625874,1.29560389084465,10000,0.056538348415311,TRUE,TRUE,5000,0.8578,0.9316,4208,81,450,261,5.17845048857938e-63,4.66060543972144e-62,TRUE,""
H3,Grule,score,FALSE,3,stk_asym_n1000,1000,EDGE.poly3.sc.Grule,GiViTI,0.996,0.9974,-0.00139999999999996,,TRUE,1a,null_link_n1000,null,0.0571,0.00217944947177034,3.25770342096198,0.00232033596705305,3.0599017128616,10000,0.056538348415311,FALSE,0.0534,0.00217944947177034,1.56002699031982,0.0022482980229498,1.51225503260424,10000,0.056538348415311,TRUE,FALSE,5000,0.997,0.9982,4977,8,14,1,,,,"EDGE.poly3.sc.Grule fails size (0.0571 above 0.0565, null MCSE)"
H3,Grule,score,FALSE,3,stk_asym_n2000,2000,EDGE.poly3.sc.Grule,GiViTI,1,1,0,,TRUE,1a,null_link_n2000,null,0.0526,0.00217944947177034,1.19296181612692,0.00223233599621562,1.16469922288028,10000,0.056538348415311,TRUE,0.0521,0.00217944947177034,0.963546082256358,0.00222228688517032,0.944972502881441,10000,0.056538348415311,TRUE,TRUE,5000,1,1,5000,0,0,0,1,1,FALSE,""
H3,Grule,score,FALSE,3,stk_asym_n5000,5000,EDGE.poly3.sc.Grule,GiViTI,1,1,0,,TRUE,1a,null_link_n5000,null,0.0478,0.00217944947177034,-1.00942922903047,0.00213342822705616,-1.031204130563,10000,0.056538348415311,TRUE,0.0474,0.00217944947177034,-1.19296181612692,0.00212492917529032,-1.22357019247231,10000,0.056538348415311,TRUE,TRUE,5000,1,1,5000,0,0,0,1,1,FALSE,""
H4,G10,score,FALSE,3,link_cloglog_n1000,1000,EDGE.poly3.sc.G10,HLF.G10,0.6146,0.4842,0.1304,TRUE,TRUE,1a,null_link_n1000,null,0.0549,0.00217944947177034,2.2482741919315,0.00227784964385273,2.1511516412963,10000,0.056538348415311,TRUE,0.0525,0.00217944947177034,1.14707866935281,0.00223033069296909,1.12091001028727,10000,0.056538348415311,TRUE,TRUE,5000,0.6344,0.4972,2212,960,274,1554,1.48165060622726e-89,2.07431084871817e-88,TRUE,""
H4,G10,score,FALSE,3,loglog_n1000,1000,EDGE.poly3.sc.G10,HL_w,0.5562,0.4072,0.149,TRUE,TRUE,1a,null_link_n1000,null,0.0549,0.00217944947177034,2.2482741919315,0.00227784964385273,2.1511516412963,10000,0.056538348415311,TRUE,0.0512,0.00217944947177034,0.550597761289348,0.00220405444578849,0.54445116013035,10000,0.056538348415311,TRUE,TRUE,5000,0.576,0.4096,1735,1145,313,1807,1.83607148716071e-111,2.75410723074107e-110,TRUE,""
H4,G10,score,FALSE,3,stk_asym_n1000,1000,EDGE.poly3.sc.G10,HLF.G10,0.9922,0.9688,0.0234,TRUE,TRUE,1a,null_link_n1000,null,0.0549,0.00217944947177034,2.2482741919315,0.00227784964385273,2.1511516412963,10000,0.056538348415311,TRUE,0.0525,0.00217944947177034,1.14707866935281,0.00223033069296909,1.12091001028727,10000,0.056538348415311,TRUE,TRUE,5000,0.993,0.971,4846,119,9,26,1.21032599256708e-25,1.08929339331037e-24,TRUE,""
H4,G10,score,FALSE,3,stk_long_n1000,1000,EDGE.poly3.sc.G10,HL_w,0.1204,0.112,0.00839999999999999,FALSE,FALSE,1a,null_link_n1000,null,0.0549,0.00217944947177034,2.2482741919315,0.00227784964385273,2.1511516412963,10000,0.056538348415311,TRUE,0.0512,0.00217944947177034,0.550597761289348,0.00220405444578849,0.54445116013035,10000,0.056538348415311,TRUE,FALSE,5000,0.1298,0.1134,260,389,307,4044,,,,not detectable or saturated: outside the H4 family of paired tests (E13.4)
H4,G10,score,FALSE,3,stk_short_n1000,1000,EDGE.poly3.sc.G10,HLF.G10,0.7154,0.5526,0.1628,TRUE,TRUE,1a,null_link_n1000,null,0.0549,0.00217944947177034,2.2482741919315,0.00227784964385273,2.1511516412963,10000,0.056538348415311,TRUE,0.0525,0.00217944947177034,1.14707866935281,0.00223033069296909,1.12091001028727,10000,0.056538348415311,TRUE,TRUE,5000,0.7296,0.5634,2636,1012,181,1171,2.06415386488241e-140,3.71547695678834e-139,TRUE,""
H4,G10,score,FALSE,3,quad_0.01_n1000,1000,EDGE.poly3.sc.G10,PH,0.0702,0.0784,-0.0082,FALSE,FALSE,1a,null_quad_n1000,null,0.0511,0.00217944947177034,0.504714614515235,0.0022020170299069,0.499542004017337,10000,0.056538348415311,TRUE,0.0332,0.00217944947177034,-7.70836865805088,0.00179158477332221,-9.37717279704664,10000,0.056538348415311,TRUE,FALSE,5000,0.0718,0.058,110,249,180,4461,,,,not detectable or saturated: outside the H4 family of paired tests (E13.4)
H4,G10,score,FALSE,3,quad_0.02_n1000,1000,EDGE.poly3.sc.G10,PH,0.4134,0.4048,0.0086,TRUE,TRUE,1a,null_quad_n1000,null,0.0511,0.00217944947177034,0.504714614515235,0.0022020170299069,0.499542004017337,10000,0.056538348415311,TRUE,0.0332,0.00217944947177034,-7.70836865805088,0.00179158477332221,-9.37717279704664,10000,0.056538348415311,TRUE,TRUE,5000,0.4152,0.3536,1363,713,405,2519,2.46038287500076e-20,1.47622972500046e-19,TRUE,""
H4,G10,score,FALSE,3,quad_0.03_n1000,1000,EDGE.poly3.sc.G10,PH,0.7424,0.7474,-0.005,TRUE,TRUE,1a,null_quad_n1000,null,0.0511,0.00217944947177034,0.504714614515235,0.0022020170299069,0.499542004017337,10000,0.056538348415311,TRUE,0.0332,0.00217944947177034,-7.70836865805088,0.00179158477332221,-9.37717279704664,10000,0.056538348415311,TRUE,TRUE,5000,0.744,0.7,3157,563,343,937,2.6457108739967e-13,1.05828434959868e-12,TRUE,""
H4,G10,score,FALSE,3,quad_0.05_n1000,1000,EDGE.poly3.sc.G10,HL.G10,0.9692,0.975,-0.00580000000000003,TRUE,TRUE,1a,null_quad_n1000,null,0.0511,0.00217944947177034,0.504714614515235,0.0022020170299069,0.499542004017337,10000,0.056538348415311,TRUE,0.0526,0.00217944947177034,1.19296181612692,0.00223233599621562,1.16469922288028,10000,0.056538348415311,TRUE,TRUE,5000,0.97,0.9758,4792,58,87,63,0.0197409398630259,0.0394818797260518,TRUE,""
H4,G10,score,FALSE,3,quad_0.1_n1000,1000,EDGE.poly3.sc.G10,HL.G10,1,1,0,FALSE,FALSE,1a,null_quad_n1000,null,0.0511,0.00217944947177034,0.504714614515235,0.0022020170299069,0.499542004017337,10000,0.056538348415311,TRUE,0.0526,0.00217944947177034,1.19296181612692,0.00223233599621562,1.16469922288028,10000,0.056538348415311,TRUE,FALSE,5000,1,1,5000,0,0,0,,,,not detectable or saturated: outside the H4 family of paired tests (E13.4)
H4,G10,score,FALSE,3,quad_0.2_n1000,1000,EDGE.poly3.sc.G10,HLF.G10,1,1,0,FALSE,FALSE,1a,null_quad_n1000,null,0.0511,0.00217944947177034,0.504714614515235,0.0022020170299069,0.499542004017337,10000,0.056538348415311,TRUE,0.0525,0.00217944947177034,1.14707866935281,0.00223033069296909,1.12091001028727,10000,0.056538348415311,TRUE,FALSE,5000,1,1,5000,0,0,0,,,,not detectable or saturated: outside the H4 family of paired tests (E13.4)
H4,G10,score,FALSE,3,quad_0.4_n1000,1000,EDGE.poly3.sc.G10,HLF.G10,1,1,0,FALSE,FALSE,1a,null_quad_n1000,null,0.0511,0.00217944947177034,0.504714614515235,0.0022020170299069,0.499542004017337,10000,0.056538348415311,TRUE,0.0525,0.00217944947177034,1.14707866935281,0.00223033069296909,1.12091001028727,10000,0.056538348415311,TRUE,FALSE,5000,1,1,5000,0,0,0,,,,not detectable or saturated: outside the H4 family of paired tests (E13.4)
H4,G10,score,FALSE,3,binint_0.1_n1000,1000,EDGE.poly3.sc.G10,HL_w,0.0816,0.0696,0.012,FALSE,FALSE,1a,null_binint_n1000,null,0.0492,0.00217944947177034,-0.3670651741929,0.00216285367050108,-0.369881703469408,10000,0.056538348415311,TRUE,0.0538,0.00217944947177034,1.74355957741627,0.00225622605250449,1.68422840246077,10000,0.056538348415311,TRUE,FALSE,5000,0.08,0.0738,132,268,237,4363,,,,not detectable or saturated: outside the H4 family of paired tests (E13.4)
H4,G10,score,FALSE,3,binint_0.2_n1000,1000,EDGE.poly3.sc.G10,HL_w,0.185,0.1578,0.0272,TRUE,TRUE,1a,null_binint_n1000,null,0.0492,0.00217944947177034,-0.3670651741929,0.00216285367050108,-0.369881703469408,10000,0.056538348415311,TRUE,0.0538,0.00217944947177034,1.74355957741627,0.00225622605250449,1.68422840246077,10000,0.056538348415311,TRUE,TRUE,5000,0.1836,0.1664,466,452,366,3716,0.00293623523809131,0.00880870571427392,TRUE,""
H4,G10,score,FALSE,3,binint_0.3_n1000,1000,EDGE.poly3.sc.G10,HL_w,0.3948,0.3262,0.0686,TRUE,TRUE,1a,null_binint_n1000,null,0.0492,0.00217944947177034,-0.3670651741929,0.00216285367050108,-0.369881703469408,10000,0.056538348415311,TRUE,0.0538,0.00217944947177034,1.74355957741627,0.00225622605250449,1.68422840246077,10000,0.056538348415311,TRUE,TRUE,5000,0.3904,0.331,1290,662,365,2683,1.38292627984879e-20,9.68048395894153e-20,TRUE,""
H4,G10,score,FALSE,3,binint_0.5_n1000,1000,EDGE.poly3.sc.G10,HL_w,0.8518,0.7462,0.1056,TRUE,TRUE,1a,null_binint_n1000,null,0.0492,0.00217944947177034,-0.3670651741929,0.00216285367050108,-0.369881703469408,10000,0.056538348415311,TRUE,0.0538,0.00217944947177034,1.74355957741627,0.00225622605250449,1.68422840246077,10000,0.056538348415311,TRUE,TRUE,5000,0.8496,0.7538,3643,605,126,626,7.16920048019594e-76,9.31996062425472e-75,TRUE,""
H4,G10,score,FALSE,3,binint_0.7_n1000,1000,EDGE.poly3.sc.G10,HL.G10,0.9976,0.9896,0.00800000000000001,FALSE,FALSE,1a,null_binint_n1000,null,0.0492,0.00217944947177034,-0.3670651741929,0.00216285367050108,-0.369881703469408,10000,0.056538348415311,TRUE,0.0455,0.00217944947177034,-2.06474160483506,0.0020839805661282,-2.15932915745011,10000,0.056538348415311,TRUE,FALSE,5000,0.9976,0.9886,4942,46,1,11,,,,not detectable or saturated: outside the H4 family of paired tests (E13.4)
H4,G10,score,FALSE,3,contint_0.1_n1000,1000,EDGE.poly3.sc.G10,HL_w,0.0698,0.0974,-0.0276,FALSE,FALSE,1a,null_contint_n1000,null,0.0495,0.00217944947177034,-0.229415733870562,0.00216909543358516,-0.230510835188834,10000,0.056538348415311,TRUE,0.047,0.00217944947177034,-1.37649440322337,0.00211638843315682,-1.41750916466935,10000,0.056538348415311,TRUE,FALSE,5000,0.069,0.0934,124,221,343,4312,,,,not detectable or saturated: outside the H4 family of paired tests (E13.4)
H4,G10,score,FALSE,3,contint_0.3_n1000,1000,EDGE.poly3.sc.G10,HL_w,0.2016,0.2012,0.000400000000000011,TRUE,TRUE,1a,null_contint_n1000,null,0.0495,0.00217944947177034,-0.229415733870562,0.00216909543358516,-0.230510835188834,10000,0.056538348415311,TRUE,0.047,0.00217944947177034,-1.37649440322337,0.00211638843315682,-1.41750916466935,10000,0.056538348415311,TRUE,TRUE,5000,0.2004,0.1926,546,456,417,3581,0.198378392004189,0.198378392004189,FALSE,""
H4,G10,score,FALSE,3,contint_0.5_n1000,1000,EDGE.poly3.sc.G10,HL.G10,0.3604,0.2522,0.1082,TRUE,TRUE,1a,null_contint_n1000,null,0.0495,0.00217944947177034,-0.229415733870562,0.00216909543358516,-0.230510835188834,10000,0.056538348415311,TRUE,0.0459,0.00217944947177034,-1.88120901773861,0.00209268225012781,-1.95920809274776,10000,0.056538348415311,TRUE,TRUE,5000,0.3592,0.2416,940,856,268,2936,4.7342835470887e-72,5.68114025650644e-71,TRUE,""
H4,G10,score,FALSE,3,contint_0.7_n1000,1000,EDGE.poly3.sc.G10,PH,0.5898,0.5114,0.0784,TRUE,TRUE,1a,null_contint_n1000,null,0.0495,0.00217944947177034,-0.229415733870562,0.00216909543358516,-0.230510835188834,10000,0.056538348415311,TRUE,0.0285,0.00217944947177034,-9.86487655643416,0.0016639636414297,-12.920955401121,10000,0.056538348415311,TRUE,TRUE,5000,0.5886,0.4364,1959,984,223,1834,2.40747327103858e-114,3.85195723366173e-113,TRUE,""
H4,G10,score,FALSE,3,census_logx_n1000,1000,EDGE.poly3.sc.G10,HL_w,0.9376,0.8518,0.0858,TRUE,TRUE,1b,null_census_logx_n1000,null,0.0492,0.00308220700148449,-0.259554273809221,0.00305873699425106,-0.26154586076005,5000,0.0592466210044535,TRUE,0.0512,0.00308220700148449,0.38933141071383,0.0031170036894428,0.384985107353053,5000,0.0592466210044535,TRUE,TRUE,5000,0.9362,0.8554,4195,486,82,237,8.03737526365752e-71,8.84111279002327e-70,TRUE,""
H4,G10,score,FALSE,3,census_int_binbin_n1000,1000,EDGE.poly3.sc.G10,HL_w,0.9522,0.9932,-0.0409999999999999,TRUE,TRUE,1b,null_census_int_binbin_n1000,null,0.0454,0.00308220700148449,-1.49243707440302,0.00294410733499986,-1.56244303504655,5000,0.0592466210044535,TRUE,0.0208,0.00308220700148449,-9.47373099403653,0.00201828441999635,-14.4677329471992,5000,0.0592466210044535,TRUE,TRUE,5000,0.9488,0.9834,4729,15,188,68,3.11446711668002e-39,3.11446711668002e-38,TRUE,""
H4,G10,score,FALSE,3,census_skew_n1000,1000,EDGE.poly3.sc.G10,PH,0.8274,0.617,0.2104,TRUE,TRUE,1b,null_census_skew_n1000,null,0.049,0.00308220700148449,-0.324442842261525,0.00305283474822991,-0.327564405698612,5000,0.0592466210044535,TRUE,0.0348,0.00308220700148449,-4.93153120237518,0.00259187036712873,-5.86449082977809,5000,0.0592466210044535,TRUE,TRUE,5000,0.8264,0.551,2692,1440,63,805,0,0,TRUE,""
H4,G10,score,FALSE,3,census_corr_n1000,1000,EDGE.poly3.sc.G10,HL_w,0.997,0.9952,0.00180000000000002,FALSE,FALSE,1b,null_census_corr_n1000,null,0.0532,0.00308220700148449,1.03821709523688,0.00317394895989208,1.00820776907162,5000,0.0592466210044535,TRUE,0.0516,0.00308220700148449,0.519108547618439,0.00312849612433834,0.511427835103484,5000,0.0592466210044535,TRUE,FALSE,5000,0.9972,0.9954,4968,18,9,5,,,,not detectable or saturated: outside the H4 family of paired tests (E13.4)
H4,G10,score,FALSE,3,census_omit_x2x3_n1000,1000,EDGE.poly3.sc.G10,HLF.G10,0.9232,0.8058,0.1174,TRUE,TRUE,1b,null_census_omit_x2x3_n1000,null,0.048,0.00308220700148449,-0.648885684523051,0.00302311098043059,-0.661570155031204,5000,0.0592466210044535,TRUE,0.049,0.00308220700148449,-0.324442842261525,0.00305283474822991,-0.327564405698612,5000,0.0592466210044535,TRUE,TRUE,5000,0.921,0.8032,3935,670,81,314,3.18014603111744e-116,5.40624825289965e-115,TRUE,""
H4,G10,score,FALSE,3,census_omit_2int_n1000,1000,EDGE.poly3.sc.G10,HL_w,0.8578,0.8986,-0.0407999999999999,TRUE,TRUE,1b,null_census_omit_2int_n1000,null,0.0522,0.00308220700148449,0.713774252975355,0.00314563697841947,0.699381401952298,5000,0.0592466210044535,TRUE,0.056,0.00308220700148449,1.94665705356915,0.00325158422926425,1.84525436739421,5000,0.0592466210044535,TRUE,TRUE,5000,0.8614,0.9066,4151,156,382,311,6.85388141963082e-23,5.48310513570465e-22,TRUE,""
H4,G10,score,FALSE,3,census_joint_n1000,1000,EDGE.poly3.sc.G10,HL.G10,0.1536,0.1104,0.0432,TRUE,TRUE,1b,null_census_joint_n1000,null,0.0506,0.00308220700148449,0.194665705356914,0.00309966578843591,0.193569255833467,5000,0.0592466210044535,TRUE,0.051,0.00308220700148449,0.324442842261523,0.00311123769583746,0.321415493691755,5000,0.0592466210044535,TRUE,TRUE,5000,0.155,0.1124,320,455,242,3983,5.81401270530731e-16,2.90700635265366e-15,TRUE,""
H4,G10,score,FALSE,3,census_omit_2cov_n1000,1000,EDGE.poly3.sc.G10,HLF.G10,0.0494,0.0502,-0.000800000000000002,FALSE,FALSE,1b,null_census_omit_2cov_n1000,null,0.0486,0.00308220700148449,-0.454219979166137,0.0030409879973456,-0.460376693765983,5000,0.0592466210044535,TRUE,0.0514,0.00308220700148449,0.454219979166135,0.00312275647465504,0.448321862867854,5000,0.0592466210044535,TRUE,FALSE,5000,0.0484,0.0518,62,180,197,4561,,,,not detectable or saturated: outside the H4 family of paired tests (E13.4)
H4.ruleG,Grule,score,FALSE,3,link_cloglog_n1000,1000,EDGE.poly3.sc.Grule,HL_w,0.6598,0.473,0.1868,TRUE,TRUE,1a,null_link_n1000,null,0.0571,0.00217944947177034,3.25770342096198,0.00232033596705305,3.0599017128616,10000,0.056538348415311,FALSE,0.0512,0.00217944947177034,0.550597761289348,0.00220405444578849,0.54445116013035,10000,0.056538348415311,TRUE,FALSE,5000,0.684,0.4768,2144,1276,240,1340,,,,"EDGE.poly3.sc.Grule fails size (0.0571 above 0.0565, null MCSE)"
H4.ruleG,Grule,score,FALSE,3,loglog_n1000,1000,EDGE.poly3.sc.Grule,HL_w,0.5722,0.4072,0.165,TRUE,TRUE,1a,null_link_n1000,null,0.0571,0.00217944947177034,3.25770342096198,0.00232033596705305,3.0599017128616,10000,0.056538348415311,FALSE,0.0512,0.00217944947177034,0.550597761289348,0.00220405444578849,0.54445116013035,10000,0.056538348415311,TRUE,FALSE,5000,0.5984,0.4096,1787,1205,261,1747,,,,"EDGE.poly3.sc.Grule fails size (0.0571 above 0.0565, null MCSE)"
H4.ruleG,Grule,score,FALSE,3,stk_asym_n1000,1000,EDGE.poly3.sc.Grule,PH,0.996,0.9662,0.0298000000000001,TRUE,TRUE,1a,null_link_n1000,null,0.0571,0.00217944947177034,3.25770342096198,0.00232033596705305,3.0599017128616,10000,0.056538348415311,FALSE,0.034,0.00217944947177034,-7.34130348385798,0.00181229136730273,-8.8286024469747,10000,0.056538348415311,TRUE,FALSE,5000,0.997,0.9502,4749,236,2,13,,,,"EDGE.poly3.sc.Grule fails size (0.0571 above 0.0565, null MCSE)"
H4.ruleG,Grule,score,FALSE,3,stk_long_n1000,1000,EDGE.poly3.sc.Grule,HL_w,0.1282,0.112,0.0162,FALSE,FALSE,1a,null_link_n1000,null,0.0571,0.00217944947177034,3.25770342096198,0.00232033596705305,3.0599017128616,10000,0.056538348415311,FALSE,0.0512,0.00217944947177034,0.550597761289348,0.00220405444578849,0.54445116013035,10000,0.056538348415311,TRUE,FALSE,5000,0.1374,0.1134,281,406,286,4027,,,,"EDGE.poly3.sc.Grule fails size (0.0571 above 0.0565, null MCSE); not detectable or saturated: outside the H4 family of paired tests (E13.4)"
H4.ruleG,Grule,score,FALSE,3,stk_short_n1000,1000,EDGE.poly3.sc.Grule,HL_w,0.768,0.5228,0.2452,TRUE,TRUE,1a,null_link_n1000,null,0.0571,0.00217944947177034,3.25770342096198,0.00232033596705305,3.0599017128616,10000,0.056538348415311,FALSE,0.0512,0.00217944947177034,0.550597761289348,0.00220405444578849,0.54445116013035,10000,0.056538348415311,TRUE,FALSE,5000,0.7878,0.5276,2499,1440,139,922,,,,"EDGE.poly3.sc.Grule fails size (0.0571 above 0.0565, null MCSE)"
H4.ruleG,Grule,score,FALSE,3,quad_0.01_n1000,1000,EDGE.poly3.sc.Grule,HL.Grule,0.0792,0.1028,-0.0236,FALSE,FALSE,1a,null_quad_n1000,null,0.0531,0.00217944947177034,1.42237754999748,0.0022423289232403,1.38249119826734,10000,0.056538348415311,TRUE,0.0516,0.00217944947177034,0.734130348385796,0.00221218082443547,0.723268180578459,10000,0.056538348415311,TRUE,FALSE,5000,0.0834,0.105,168,249,357,4226,,,,not detectable or saturated: outside the H4 family of paired tests (E13.4)
H4.ruleG,Grule,score,FALSE,3,quad_0.02_n1000,1000,EDGE.poly3.sc.Grule,PH,0.503,0.4048,0.0982,TRUE,TRUE,1a,null_quad_n1000,null,0.0531,0.00217944947177034,1.42237754999748,0.0022423289232403,1.38249119826734,10000,0.056538348415311,TRUE,0.0332,0.00217944947177034,-7.70836865805088,0.00179158477332221,-9.37717279704664,10000,0.056538348415311,TRUE,TRUE,5000,0.517,0.3536,1581,1004,187,2228,1.58976758026459e-135,1.9077210963175e-134,TRUE,""
H4.ruleG,Grule,score,FALSE,3,quad_0.03_n1000,1000,EDGE.poly3.sc.Grule,PH,0.8364,0.7474,0.0890000000000001,TRUE,TRUE,1a,null_quad_n1000,null,0.0531,0.00217944947177034,1.42237754999748,0.0022423289232403,1.38249119826734,10000,0.056538348415311,TRUE,0.0332,0.00217944947177034,-7.70836865805088,0.00179158477332221,-9.37717279704664,10000,0.056538348415311,TRUE,TRUE,5000,0.8446,0.7,3413,810,87,690,1.05436681452702e-147,1.37067685888513e-146,TRUE,""
H4.ruleG,Grule,score,FALSE,3,quad_0.05_n1000,1000,EDGE.poly3.sc.Grule,PH,0.9888,0.975,0.0138,TRUE,TRUE,1a,null_quad_n1000,null,0.0531,0.00217944947177034,1.42237754999748,0.0022423289232403,1.38249119826734,10000,0.056538348415311,TRUE,0.0332,0.00217944947177034,-7.70836865805088,0.00179158477332221,-9.37717279704664,10000,0.056538348415311,TRUE,TRUE,5000,0.9894,0.9674,4826,121,11,42,1.39605022378457e-24,9.77235156649196e-24,TRUE,""
H4.ruleG,Grule,score,FALSE,3,quad_0.1_n1000,1000,EDGE.poly3.sc.Grule,PH,1,1,0,FALSE,FALSE,1a,null_quad_n1000,null,0.0531,0.00217944947177034,1.42237754999748,0.0022423289232403,1.38249119826734,10000,0.056538348415311,TRUE,0.0332,0.00217944947177034,-7.70836865805088,0.00179158477332221,-9.37717279704664,10000,0.056538348415311,TRUE,FALSE,5000,1,1,5000,0,0,0,,,,not detectable or saturated: outside the H4 family of paired tests (E13.4)
H4.ruleG,Grule,score,FALSE,3,quad_0.2_n1000,1000,EDGE.poly3.sc.Grule,HLF.Grule,1,1,0,FALSE,FALSE,1a,null_quad_n1000,null,0.0531,0.00217944947177034,1.42237754999748,0.0022423289232403,1.38249119826734,10000,0.056538348415311,TRUE,0.0515,0.00217944947177034,0.688247201611683,0.00221015270965605,0.67868613487501,10000,0.056538348415311,TRUE,FALSE,5000,1,1,5000,0,0,0,,,,not detectable or saturated: outside the H4 family of paired tests (E13.4)
H4.ruleG,Grule,score,FALSE,3,quad_0.4_n1000,1000,EDGE.poly3.sc.Grule,HLF.Grule,1,1,0,FALSE,FALSE,1a,null_quad_n1000,null,0.0531,0.00217944947177034,1.42237754999748,0.0022423289232403,1.38249119826734,10000,0.056538348415311,TRUE,0.0515,0.00217944947177034,0.688247201611683,0.00221015270965605,0.67868613487501,10000,0.056538348415311,TRUE,FALSE,5000,1,1,5000,0,0,0,,,,not detectable or saturated: outside the H4 family of paired tests (E13.4)
H4.ruleG,Grule,score,FALSE,3,binint_0.1_n1000,1000,EDGE.poly3.sc.Grule,HL_w,0.0796,0.0696,0.01,FALSE,FALSE,1a,null_binint_n1000,null,0.0462,0.00217944947177034,-1.74355957741627,0.00209917983984222,-1.81023079960868,10000,0.056538348415311,TRUE,0.0538,0.00217944947177034,1.74355957741627,0.00225622605250449,1.68422840246077,10000,0.056538348415311,TRUE,FALSE,5000,0.0748,0.0738,127,247,242,4384,,,,not detectable or saturated: outside the H4 family of paired tests (E13.4)
H4.ruleG,Grule,score,FALSE,3,binint_0.2_n1000,1000,EDGE.poly3.sc.Grule,HL_w,0.2096,0.1578,0.0518,TRUE,TRUE,1a,null_binint_n1000,null,0.0462,0.00217944947177034,-1.74355957741627,0.00209917983984222,-1.81023079960868,10000,0.056538348415311,TRUE,0.0538,0.00217944947177034,1.74355957741627,0.00225622605250449,1.68422840246077,10000,0.056538348415311,TRUE,TRUE,5000,0.2004,0.1664,512,490,320,3678,2.53287954430999e-09,1.013151817724e-08,TRUE,""
H4.ruleG,Grule,score,FALSE,3,binint_0.3_n1000,1000,EDGE.poly3.sc.Grule,HL_w,0.4208,0.3262,0.0946,TRUE,TRUE,1a,null_binint_n1000,null,0.0462,0.00217944947177034,-1.74355957741627,0.00209917983984222,-1.81023079960868,10000,0.056538348415311,TRUE,0.0538,0.00217944947177034,1.74355957741627,0.00225622605250449,1.68422840246077,10000,0.056538348415311,TRUE,TRUE,5000,0.4054,0.331,1356,671,299,2674,1.62674183841131e-33,1.30139347072905e-32,TRUE,""
H4.ruleG,Grule,score,FALSE,3,binint_0.5_n1000,1000,EDGE.poly3.sc.Grule,HL_w,0.871,0.7462,0.1248,TRUE,TRUE,1a,null_binint_n1000,null,0.0462,0.00217944947177034,-1.74355957741627,0.00209917983984222,-1.81023079960868,10000,0.056538348415311,TRUE,0.0538,0.00217944947177034,1.74355957741627,0.00225622605250449,1.68422840246077,10000,0.056538348415311,TRUE,TRUE,5000,0.8624,0.7538,3676,636,93,595,2.66185358345579e-100,2.66185358345579e-99,TRUE,""
H4.ruleG,Grule,score,FALSE,3,binint_0.7_n1000,1000,EDGE.poly3.sc.Grule,PH,0.9982,0.9896,0.00859999999999994,TRUE,TRUE,1a,null_binint_n1000,null,0.0462,0.00217944947177034,-1.74355957741627,0.00209917983984222,-1.81023079960868,10000,0.056538348415311,TRUE,0.0281,0.00217944947177034,-10.0484091435306,0.00165258554997918,-13.2519614493034,10000,0.056538348415311,TRUE,TRUE,5000,0.9982,0.985,4925,66,0,9,2.71050543121378e-20,1.62630325872827e-19,TRUE,""
H4.ruleG,Grule,score,FALSE,3,contint_0.1_n1000,1000,EDGE.poly3.sc.Grule,HL_w,0.0774,0.0974,-0.02,FALSE,FALSE,1a,null_contint_n1000,null,0.0485,0.00217944947177034,-0.688247201611686,0.00214820273717357,-0.69825811784114,10000,0.056538348415311,TRUE,0.047,0.00217944947177034,-1.37649440322337,0.00211638843315682,-1.41750916466935,10000,0.056538348415311,TRUE,FALSE,5000,0.076,0.0934,142,238,325,4295,,,,not detectable or saturated: outside the H4 family of paired tests (E13.4)
H4.ruleG,Grule,score,FALSE,3,contint_0.3_n1000,1000,EDGE.poly3.sc.Grule,HL_w,0.238,0.2012,0.0368,TRUE,TRUE,1a,null_contint_n1000,null,0.0485,0.00217944947177034,-0.688247201611686,0.00214820273717357,-0.69825811784114,10000,0.056538348415311,TRUE,0.047,0.00217944947177034,-1.37649440322337,0.00211638843315682,-1.41750916466935,10000,0.056538348415311,TRUE,TRUE,5000,0.234,0.1926,639,531,324,3506,1.45025389493785e-12,7.25126947468926e-12,TRUE,""
H4.ruleG,Grule,score,FALSE,3,contint_0.5_n1000,1000,EDGE.poly3.sc.Grule,PH,0.4128,0.2514,0.1614,TRUE,TRUE,1a,null_contint_n1000,null,0.0485,0.00217944947177034,-0.688247201611686,0.00214820273717357,-0.69825811784114,10000,0.056538348415311,TRUE,0.0285,0.00217944947177034,-9.86487655643416,0.0016639636414297,-12.920955401121,10000,0.056538348415311,TRUE,TRUE,5000,0.4076,0.1854,755,1283,172,2790,2.98531954095008e-210,4.47797931142513e-209,TRUE,""
H4.ruleG,Grule,score,FALSE,3,contint_0.7_n1000,1000,EDGE.poly3.sc.Grule,PH,0.6612,0.5114,0.1498,TRUE,TRUE,1a,null_contint_n1000,null,0.0485,0.00217944947177034,-0.688247201611686,0.00214820273717357,-0.69825811784114,10000,0.056538348415311,TRUE,0.0285,0.00217944947177034,-9.86487655643416,0.0016639636414297,-12.920955401121,10000,0.056538348415311,TRUE,TRUE,5000,0.658,0.4364,2010,1280,172,1538,1.63760278005532e-209,2.29264389207745e-208,TRUE,""
H4.ruleG,Grule,score,FALSE,3,census_logx_n1000,1000,EDGE.poly3.sc.Grule,HL_w,0.9518,0.8518,0.1,TRUE,TRUE,1b,null_census_logx_n1000,null,0.052,0.00308220700148449,0.648885684523049,0.00313993630508646,0.636955595806242,5000,0.0592466210044535,TRUE,0.0512,0.00308220700148449,0.38933141071383,0.0031170036894428,0.384985107353053,5000,0.0592466210044535,TRUE,TRUE,5000,0.9532,0.8554,4238,528,39,195,1.41088008813234e-110,1.55196809694557e-109,TRUE,""
H4.ruleG,Grule,score,FALSE,3,census_int_binbin_n1000,1000,EDGE.poly3.sc.Grule,HL_w,0.9774,0.9932,-0.0157999999999999,TRUE,TRUE,1b,null_census_int_binbin_n1000,null,0.0466,0.00308220700148449,-1.10310566368919,0.00298088711627931,-1.14060005205558,5000,0.0592466210044535,TRUE,0.0208,0.00308220700148449,-9.47373099403653,0.00201828441999635,-14.4677329471992,5000,0.0592466210044535,TRUE,TRUE,5000,0.9756,0.9834,4862,16,55,67,3.75323768859305e-06,7.5064753771861e-06,TRUE,""
H4.ruleG,Grule,score,FALSE,3,census_skew_n1000,1000,EDGE.poly3.sc.Grule,PH,0.8142,0.617,0.1972,TRUE,TRUE,1b,null_census_skew_n1000,null,0.0556,0.00308220700148449,1.81687991666454,0.00324063697442339,1.72805533115798,5000,0.0592466210044535,TRUE,0.0348,0.00308220700148449,-4.93153120237518,0.00259187036712873,-5.86449082977809,5000,0.0592466210044535,TRUE,TRUE,5000,0.832,0.551,2684,1476,71,769,0,0,TRUE,""
H4.ruleG,Grule,score,FALSE,3,census_corr_n1000,1000,EDGE.poly3.sc.Grule,HL_w,0.9996,0.9952,0.00440000000000007,TRUE,TRUE,1b,null_census_corr_n1000,null,0.052,0.00308220700148449,0.648885684523049,0.00313993630508646,0.636955595806242,5000,0.0592466210044535,TRUE,0.0516,0.00308220700148449,0.519108547618439,0.00312849612433834,0.511427835103484,5000,0.0592466210044535,TRUE,TRUE,5000,0.9996,0.9954,4977,21,0,2,9.53674316406249e-07,2.86102294921875e-06,TRUE,""
H4.ruleG,Grule,score,FALSE,3,census_omit_x2x3_n1000,1000,EDGE.poly3.sc.Grule,PH,0.9352,0.7934,0.1418,TRUE,TRUE,1b,null_census_omit_x2x3_n1000,null,0.0528,0.00308220700148449,0.908439958332269,0.00316266216975509,0.885330095252261,5000,0.0592466210044535,TRUE,0.0312,0.00308220700148449,-6.09952543451667,0.00245872161905328,-7.64624992691888,5000,0.0592466210044535,TRUE,TRUE,5000,0.9376,0.7276,3600,1088,38,274,2.10085963081149e-268,3.36137540929839e-267,TRUE,""
H4.ruleG,Grule,score,FALSE,3,census_omit_2int_n1000,1000,EDGE.poly3.sc.Grule,HL_w,0.9114,0.8986,0.0128,TRUE,TRUE,1b,null_census_omit_2int_n1000,null,0.0498,0.00308220700148449,-0.0648885684523069,0.00307636018697421,-0.0650118932259093,5000,0.0592466210044535,TRUE,0.056,0.00308220700148449,1.94665705356915,0.00325158422926425,1.84525436739421,5000,0.0592466210044535,TRUE,TRUE,5000,0.9114,0.9066,4358,199,175,268,0.234278063422343,0.234278063422343,FALSE,""
H4.ruleG,Grule,score,FALSE,3,census_joint_n1000,1000,EDGE.poly3.sc.Grule,PH,0.1586,0.1102,0.0484,TRUE,TRUE,1b,null_census_joint_n1000,null,0.0544,0.00308220700148449,1.42754850595071,0.0032075111847038,1.3717800957275,5000,0.0592466210044535,TRUE,0.0344,0.00308220700148449,-5.06130833927979,0.00257746542168852,-6.05245753007243,5000,0.0592466210044535,TRUE,TRUE,5000,0.1688,0.0784,252,592,140,4016,6.12454209958484e-67,5.51208788962636e-66,TRUE,""
H4.ruleG,Grule,score,FALSE,3,census_omit_2cov_n1000,1000,EDGE.poly3.sc.Grule,PH,0.0508,0.0498,0.001,FALSE,FALSE,1b,null_census_omit_2cov_n1000,null,0.05,0.00308220700148449,0,0.00308220700148449,0,5000,0.0592466210044535,TRUE,0.0304,0.00308220700148449,-6.35907970832589,0.00242799670510485,-8.07249859886182,5000,0.0592466210044535,TRUE,FALSE,5000,0.0516,0.0304,41,217,111,4631,,,,not detectable or saturated: outside the H4 family of paired tests (E13.4)
H5,Grule,score,FALSE,2,probit_base_n9400,9400,Stk.sym1,EDGE.sym.sc.Grule,0.571,0.5695,0.00149999999999995,,TRUE,1b,null_base_n9400,null,0.0525,0.00487339717240448,0.512989176042576,0.00498717104178311,0.501286195932463,2000,0.0646201915172135,TRUE,0.052,0.00487339717240448,0.410391340834061,0.00496467521596328,0.402846090227463,2000,0.0646201915172135,TRUE,TRUE,2000,0.5785,0.576,1148,9,4,839,0.266845703125,1,FALSE,""
H5,Grule,score,FALSE,2,probit_base_n16000,16000,Stk.sym1,EDGE.sym.sc.Grule,0.842,0.842,0,,TRUE,1b,null_base_n16000,null,0.0405,0.00487339717240448,-1.94935886896179,0.00440793318914886,-2.1552050796474,2000,0.0646201915172135,TRUE,0.0395,0.00487339717240448,-2.15455453937882,0.00435544199823623,-2.41077713909451,2000,0.0646201915172135,TRUE,TRUE,2000,0.823,0.823,1646,0,0,354,1,1,FALSE,""
H5,Grule,score,FALSE,2,cauchit_base_n2400,2400,Stk.sym1,EDGE.sym.sc.Grule,0.569,0.5755,-0.00650000000000006,,TRUE,1b,null_base_n2400,null,0.0495,0.00487339717240448,-0.102597835208515,0.0048502448391808,-0.103087579406496,2000,0.0646201915172135,TRUE,0.0475,0.00487339717240448,-0.512989176042578,0.00475624589355933,-0.525624632524861,2000,0.0646201915172135,TRUE,TRUE,2000,0.569,0.571,1111,27,31,831,0.694004094076131,1,FALSE,""
H5,Grule,score,FALSE,2,cauchit_base_n4000,4000,Stk.sym1,EDGE.sym.sc.Grule,0.8115,0.81,0.00149999999999995,,TRUE,1b,null_base_n4000,null,0.046,0.00487339717240448,-0.820782681668124,0.00468422885862764,-0.853929242298358,2000,0.0646201915172135,TRUE,0.048,0.00487339717240448,-0.410391340834062,0.00477995815881269,-0.418413704377862,2000,0.0646201915172135,TRUE,TRUE,2000,0.8075,0.8055,1605,10,6,379,0.454498291015625,1,FALSE,""
H5.skew,Grule,score,FALSE,4,probit_skew_n9400,9400,Stk.sym1,EDGE.sym.sc.Grule,0.4835,0.4865,-0.003,,TRUE,1b,null_skew_n9400,null,0.0535,0.00487339717240448,0.718184846459607,0.00503178646208283,0.695578007209635,2000,0.0646201915172135,TRUE,0.0525,0.00487339717240448,0.512989176042576,0.00498717104178311,0.501286195932463,2000,0.0646201915172135,TRUE,TRUE,2000,0.501,0.5005,996,6,5,993,1,1,FALSE,""
H5.skew,Grule,score,FALSE,4,probit_skew_n16000,16000,Stk.sym1,EDGE.sym.sc.Grule,0.7285,0.736,-0.00749999999999995,,TRUE,1b,null_skew_n16000,null,0.0585,0.00487339717240448,1.74416319854476,0.0052477495176504,1.61974194298164,2000,0.0646201915172135,TRUE,0.0565,0.00487339717240448,1.3337718577107,0.00516273909857936,1.25902159219873,2000,0.0646201915172135,TRUE,TRUE,2000,0.7535,0.7515,1502,5,1,492,0.21875,0.4375,FALSE,""
H5.skew,Grule,score,FALSE,4,cauchit_skew_n2400,2400,Stk.sym1,EDGE.sym.sc.Grule,0.8215,0.8095,0.012,,TRUE,1b,null_skew_n2400,null,0.054,0.00487339717240448,0.820782681668123,0.00505390937789747,0.791466506600496,2000,0.0646201915172135,TRUE,0.0495,0.00487339717240448,-0.102597835208515,0.0048502448391808,-0.103087579406496,2000,0.0646201915172135,TRUE,TRUE,2000,0.8325,0.8095,1588,77,31,304,1.1153098221083e-05,4.46123928843322e-05,TRUE,""
H5.skew,Grule,score,FALSE,4,cauchit_skew_n4000,4000,Stk.sym1,EDGE.sym.sc.Grule,0.954,0.944,0.01,,TRUE,1b,null_skew_n4000,null,0.0445,0.00487339717240448,-1.12857618729367,0.00461084319837489,-1.19284039022158,2000,0.0646201915172135,TRUE,0.049,0.00487339717240448,-0.205195670417031,0.00482695556225661,-0.20716992048141,2000,0.0646201915172135,TRUE,TRUE,2000,0.951,0.9435,1876,26,11,87,0.0200738519197331,0.0602215557591992,FALSE,""
