basis,form,test,block,cell,n,B,mcse_reading,pass,size_05,z_05,pass_05,mcse_05,mcse_null_05,z_realised_05,z_null_05,pass_realised_05,pass_null_05,size_01,z_01,pass_01,mcse_01,mcse_null_01,z_realised_01,z_null_01,pass_realised_01,pass_null_01,pass_realised,pass_null
poly3,sc,EDGE.poly3.sc.Grule,1a,null_binint_n1000,1000,10000,null,TRUE,0.0462,-1.74355957741627,TRUE,0.00209917983984222,0.00217944947177034,-1.81023079960868,-1.74355957741627,TRUE,TRUE,0.0081,-1.9095718489925,TRUE,0.000896347588829244,0.00099498743710662,-2.1197134054677,-1.9095718489925,TRUE,TRUE,TRUE,TRUE
poly3,sc,EDGE.poly3.sc.Grule,1a,null_binint_n200,200,10000,null,TRUE,0.0474,-1.19296181612692,TRUE,0.00212492917529032,0.00217944947177034,-1.22357019247231,-1.19296181612692,TRUE,TRUE,0.0089,-1.10554159678513,TRUE,0.000939190608982011,0.00099498743710662,-1.17122125102197,-1.10554159678513,TRUE,TRUE,TRUE,TRUE
poly3,sc,EDGE.poly3.sc.Grule,1a,null_binint_n2000,2000,10000,null,TRUE,0.0483,-0.78001349515991,TRUE,0.00214399416976819,0.00217944947177034,-0.792912603947895,-0.78001349515991,TRUE,TRUE,0.0107,0.703526470681448,TRUE,0.00102885907684192,0.00099498743710662,0.680365285932693,0.703526470681448,TRUE,TRUE,TRUE,TRUE
poly3,sc,EDGE.poly3.sc.Grule,1a,null_binint_n500,500,10000,null,TRUE,0.0485,-0.688247201611686,TRUE,0.00214820273717357,0.00217944947177034,-0.69825811784114,-0.688247201611686,TRUE,TRUE,0.0107,0.703526470681448,TRUE,0.00102885907684192,0.00099498743710662,0.680365285932693,0.703526470681448,TRUE,TRUE,TRUE,TRUE
poly3,sc,EDGE.poly3.sc.Grule,1a,null_binint_n5000,5000,10000,null,TRUE,0.0492,-0.3670651741929,TRUE,0.00216285367050108,0.00217944947177034,-0.369881703469408,-0.3670651741929,TRUE,TRUE,0.0095,-0.502518907629607,TRUE,0.000970038659023443,0.00099498743710662,-0.515443374703602,-0.502518907629607,TRUE,TRUE,TRUE,TRUE
poly3,sc,EDGE.poly3.sc.Grule,1a,null_contint_n1000,1000,10000,null,TRUE,0.0485,-0.688247201611686,TRUE,0.00214820273717357,0.00217944947177034,-0.69825811784114,-0.688247201611686,TRUE,TRUE,0.0102,0.201007563051843,TRUE,0.00100478654449589,0.00099498743710662,0.199047251474035,0.201007563051843,TRUE,TRUE,TRUE,TRUE
poly3,sc,EDGE.poly3.sc.Grule,1a,null_contint_n200,200,10000,null,TRUE,0.0521,0.963546082256358,TRUE,0.00222228688517032,0.00217944947177034,0.944972502881441,0.963546082256358,TRUE,TRUE,0.012,2.01007563051842,TRUE,0.0010888526071053,0.00099498743710662,1.83679589592661,2.01007563051842,TRUE,TRUE,TRUE,TRUE
poly3,sc,EDGE.poly3.sc.Grule,1a,null_contint_n2000,2000,10000,null,TRUE,0.0526,1.19296181612692,TRUE,0.00223233599621562,0.00217944947177034,1.16469922288028,1.19296181612692,TRUE,TRUE,0.0128,2.81410588272579,TRUE,0.00112410675649602,0.00099498743710662,2.49086662260438,2.81410588272579,TRUE,TRUE,TRUE,TRUE
poly3,sc,EDGE.poly3.sc.Grule,1a,null_contint_n500,500,10000,null,TRUE,0.0502,0.0917662935482242,TRUE,0.00218357413430366,0.00217944947177034,0.0915929516007839,0.0917662935482242,TRUE,TRUE,0.0107,0.703526470681448,TRUE,0.00102885907684192,0.00099498743710662,0.680365285932693,0.703526470681448,TRUE,TRUE,TRUE,TRUE
poly3,sc,EDGE.poly3.sc.Grule,1a,null_contint_n5000,5000,10000,null,TRUE,0.0516,0.734130348385796,TRUE,0.00221218082443547,0.00217944947177034,0.723268180578459,0.734130348385796,TRUE,TRUE,0.0112,1.20604537831105,TRUE,0.00105235735375394,0.00099498743710662,1.1402970632736,1.20604537831105,TRUE,TRUE,TRUE,TRUE
poly3,sc,EDGE.poly3.sc.Grule,1a,null_link_n200,200,10000,null,TRUE,0.0483,-0.78001349515991,TRUE,0.00214399416976819,0.00217944947177034,-0.792912603947895,-0.78001349515991,TRUE,TRUE,0.0093,-0.70352647068145,TRUE,0.000959870303739,0.00099498743710662,-0.729265190592186,-0.70352647068145,TRUE,TRUE,TRUE,TRUE
poly3,sc,EDGE.poly3.sc.Grule,1a,null_link_n2000,2000,10000,null,TRUE,0.0526,1.19296181612692,TRUE,0.00223233599621562,0.00217944947177034,1.16469922288028,1.19296181612692,TRUE,TRUE,0.0103,0.301511344577764,TRUE,0.00100964894889263,0.00099498743710662,0.297132979070633,0.301511344577764,TRUE,TRUE,TRUE,TRUE
poly3,sc,EDGE.poly3.sc.Grule,1a,null_link_n500,500,10000,null,TRUE,0.0499,-0.0458831467741137,TRUE,0.00217738352156895,0.00217944947177034,-0.0459266817303486,-0.0458831467741137,TRUE,TRUE,0.0107,0.703526470681448,TRUE,0.00102885907684192,0.00099498743710662,0.680365285932693,0.703526470681448,TRUE,TRUE,TRUE,TRUE
poly3,sc,EDGE.poly3.sc.Grule,1a,null_link_n5000,5000,10000,null,TRUE,0.0478,-1.00942922903047,TRUE,0.00213342822705616,0.00217944947177034,-1.031204130563,-1.00942922903047,TRUE,TRUE,0.0097,-0.301511344577764,TRUE,0.000980097444135021,0.00099498743710662,-0.306092013396447,-0.301511344577764,TRUE,TRUE,TRUE,TRUE
poly3,sc,EDGE.poly3.sc.Grule,1a,null_quad_n1000,1000,10000,null,TRUE,0.0531,1.42237754999748,TRUE,0.0022423289232403,0.00217944947177034,1.38249119826734,1.42237754999748,TRUE,TRUE,0.0108,0.80403025220737,TRUE,0.00103360340556715,0.00099498743710662,0.773991257856809,0.80403025220737,TRUE,TRUE,TRUE,TRUE
poly3,sc,EDGE.poly3.sc.Grule,1a,null_quad_n200,200,10000,null,TRUE,0.0477,-1.05531237580459,TRUE,0.00213130734526957,0.00217944947177034,-1.07914984908434,-1.05531237580459,TRUE,TRUE,0.0091,-0.904534033733291,TRUE,0.000949588858401361,0.00099498743710662,-0.947778601272929,-0.904534033733291,TRUE,TRUE,TRUE,TRUE
poly3,sc,EDGE.poly3.sc.Grule,1a,null_quad_n2000,2000,10000,null,TRUE,0.0495,-0.229415733870562,TRUE,0.00216909543358516,0.00217944947177034,-0.230510835188834,-0.229415733870562,TRUE,TRUE,0.0089,-1.10554159678513,TRUE,0.000939190608982011,0.00099498743710662,-1.17122125102197,-1.10554159678513,TRUE,TRUE,TRUE,TRUE
poly3,sc,EDGE.poly3.sc.Grule,1a,null_quad_n500,500,10000,null,TRUE,0.0491,-0.412948320967013,TRUE,0.00216076815045021,0.00217944947177034,-0.416518542173293,-0.412948320967013,TRUE,TRUE,0.0095,-0.502518907629607,TRUE,0.000970038659023443,0.00099498743710662,-0.515443374703602,-0.502518907629607,TRUE,TRUE,TRUE,TRUE
poly3,sc,EDGE.poly3.sc.Grule,1a,null_quad_n5000,5000,10000,null,TRUE,0.0512,0.550597761289348,TRUE,0.00220405444578849,0.00217944947177034,0.54445116013035,0.550597761289348,TRUE,TRUE,0.0116,1.60806050441474,TRUE,0.00107076794871718,0.00099498743710662,1.49425466266231,1.60806050441474,TRUE,TRUE,TRUE,TRUE
poly3,sc,EDGE.poly3.sc.Grule,1a,null_rough_n1000,1000,10000,null,TRUE,0.0517,0.78001349515991,TRUE,0.00221420662992414,0.00217944947177034,0.767769356764252,0.78001349515991,TRUE,TRUE,0.0117,1.70856428594066,TRUE,0.00107531902243009,0.00099498743710662,1.58092618519684,1.70856428594066,TRUE,TRUE,TRUE,TRUE
poly3,sc,EDGE.poly3.sc.Grule,1a,null_rough_n200,200,10000,null,TRUE,0.0512,0.550597761289348,TRUE,0.00220405444578849,0.00217944947177034,0.54445116013035,0.550597761289348,TRUE,TRUE,0.0092,-0.80403025220737,TRUE,0.000954743944730732,0.00099498743710662,-0.837920999044017,-0.80403025220737,TRUE,TRUE,TRUE,TRUE
poly3,sc,EDGE.poly3.sc.Grule,1a,null_rough_n2000,2000,10000,null,TRUE,0.0507,0.321182027418786,TRUE,0.00219384388687983,0.00217944947177034,0.319074663510158,0.321182027418786,TRUE,TRUE,0.0104,0.402015126103684,TRUE,0.00101448706250992,0.00099498743710662,0.394287926166715,0.402015126103684,TRUE,TRUE,TRUE,TRUE
poly3,sc,EDGE.poly3.sc.Grule,1a,null_rough_n500,500,10000,null,TRUE,0.0513,0.596480908063459,TRUE,0.00220608952674183,0.00217944947177034,0.589277989057844,0.596480908063459,TRUE,TRUE,0.0094,-0.603022689155527,TRUE,0.000964968393264774,0.00099498743710662,-0.621782023315833,-0.603022689155527,TRUE,TRUE,TRUE,TRUE
poly3,sc,EDGE.poly3.sc.Grule,1a,null_rough_n5000,5000,10000,null,TRUE,0.0498,-0.0917662935482273,TRUE,0.00217531514958178,0.00217944947177034,-0.0919407011156325,-0.0917662935482273,TRUE,TRUE,0.0096,-0.402015126103686,TRUE,0.000975081535052326,0.00099498743710662,-0.41022210514789,-0.402015126103686,TRUE,TRUE,TRUE,TRUE
poly3,sc,EDGE.poly3.sc.Grule,1b,moderate1_n100,100,5000,null,TRUE,0.0482,-0.583997116070746,TRUE,0.00302908435009658,0.00308220700148449,-0.59423898180406,-0.583997116070746,TRUE,TRUE,0.0082,-1.27920429813366,TRUE,0.00127536347760158,0.00140712472794703,-1.41136235403654,-1.27920429813366,TRUE,TRUE,TRUE,TRUE
poly3,sc,EDGE.poly3.sc.Grule,1b,moderate1_n150,150,5000,null,TRUE,0.0428,-2.33598846428298,TRUE,0.00286245209566903,0.00308220700148449,-2.51532593712007,-2.33598846428298,TRUE,TRUE,0.0082,-1.27920429813366,TRUE,0.00127536347760158,0.00140712472794703,-1.41136235403654,-1.27920429813366,TRUE,TRUE,TRUE,TRUE
poly3,sc,EDGE.poly3.sc.Grule,1b,moderate1_n200,200,5000,null,TRUE,0.0456,-1.42754850595071,TRUE,0.00295027591929975,0.00308220700148449,-1.49138593147055,-1.42754850595071,TRUE,TRUE,0.01,0,TRUE,0.00140712472794703,0.00140712472794703,0,0,TRUE,TRUE,TRUE,TRUE
poly3,sc,EDGE.poly3.sc.Grule,1b,moderate1_n300,300,5000,null,TRUE,0.0476,-0.77866282142766,TRUE,0.00301112072159188,0.00308220700148449,-0.797045426571672,-0.77866282142766,TRUE,TRUE,0.013,2.1320071635561,TRUE,0.0016019363283227,0.00140712472794703,1.87273360804617,2.1320071635561,TRUE,TRUE,TRUE,TRUE
poly3,sc,EDGE.poly3.sc.Grule,1b,moderate1_n500,500,5000,null,TRUE,0.0496,-0.129777136904611,TRUE,0.00307049963361014,0.00308220700148449,-0.130271958225152,-0.129777136904611,TRUE,TRUE,0.0118,1.27920429813366,TRUE,0.00152713850059515,0.00140712472794703,1.17867501821119,1.27920429813366,TRUE,TRUE,TRUE,TRUE
poly3,sc,EDGE.poly3.sc.Grule,1b,moderate1_n5000,5000,5000,null,TRUE,0.0524,0.77866282142766,TRUE,0.00315132480077824,0.00308220700148449,0.761584461051842,0.77866282142766,TRUE,TRUE,0.0136,2.55840859626732,TRUE,0.00163798901095215,0.00140712472794703,2.19781694256138,2.55840859626732,TRUE,TRUE,TRUE,TRUE
poly3,sc,EDGE.poly3.sc.Grule,1b,null_auc_n3500,3500,2000,null,TRUE,0.045,-1.02597835208516,TRUE,0.00463546114210873,0.00487339717240448,-1.07864133615096,-1.02597835208516,TRUE,TRUE,0.0085,-0.674199862463242,TRUE,0.00205277251540447,0.0022248595461287,-0.730719058611541,-0.674199862463242,TRUE,TRUE,TRUE,TRUE
poly3,sc,EDGE.poly3.sc.Grule,1b,null_auc_n380,380,2000,null,TRUE,0.049,-0.205195670417031,TRUE,0.00482695556225661,0.00487339717240448,-0.20716992048141,-0.205195670417031,TRUE,TRUE,0.0105,0.224733287487748,TRUE,0.00227922684259378,0.0022248595461287,0.219372635779858,0.224733287487748,TRUE,TRUE,TRUE,TRUE
poly3,sc,EDGE.poly3.sc.Grule,1b,null_auc_n460,460,2000,null,TRUE,0.0445,-1.12857618729367,TRUE,0.00461084319837489,0.00487339717240448,-1.19284039022158,-1.12857618729367,TRUE,TRUE,0.0065,-1.57313301241423,TRUE,0.00179690706493129,0.0022248595461287,-1.9477913289488,-1.57313301241423,TRUE,TRUE,TRUE,TRUE
poly3,sc,EDGE.poly3.sc.Grule,1b,null_auc_n4700,4700,2000,null,TRUE,0.0515,0.307793505625545,TRUE,0.00494205169944629,0.00487339717240448,0.303517666593422,0.307793505625545,TRUE,TRUE,0.011,0.449466574975494,TRUE,0.00233227356885937,0.0022248595461287,0.428766167636613,0.449466574975494,TRUE,TRUE,TRUE,TRUE
poly3,sc,EDGE.poly3.sc.Grule,1b,null_auc_n5900,5900,2000,null,TRUE,0.048,-0.410391340834062,TRUE,0.00477995815881269,0.00487339717240448,-0.418413704377862,-0.410391340834062,TRUE,TRUE,0.0095,-0.224733287487748,TRUE,0.00216907238237916,0.0022248595461287,-0.23051328487783,-0.224733287487748,TRUE,TRUE,TRUE,TRUE
poly3,sc,EDGE.poly3.sc.Grule,1b,null_auc_n640,640,2000,null,TRUE,0.053,0.615587011251092,TRUE,0.0050095408971282,0.00487339717240448,0.598857272873008,0.615587011251092,TRUE,TRUE,0.0115,0.674199862463242,TRUE,0.0023840878758972,0.0022248595461287,0.629171439175877,0.674199862463242,TRUE,TRUE,TRUE,TRUE
poly3,sc,EDGE.poly3.sc.Grule,1b,null_auc_n760,760,2000,null,TRUE,0.0535,0.718184846459607,TRUE,0.00503178646208283,0.00487339717240448,0.695578007209635,0.718184846459607,TRUE,TRUE,0.011,0.449466574975494,TRUE,0.00233227356885937,0.0022248595461287,0.428766167636613,0.449466574975494,TRUE,TRUE,TRUE,TRUE
poly3,sc,EDGE.poly3.sc.Grule,1b,null_auc_n7800,7800,2000,null,TRUE,0.0515,0.307793505625545,TRUE,0.00494205169944629,0.00487339717240448,0.303517666593422,0.307793505625545,TRUE,TRUE,0.0105,0.224733287487748,TRUE,0.00227922684259378,0.0022248595461287,0.219372635779858,0.224733287487748,TRUE,TRUE,TRUE,TRUE
poly3,sc,EDGE.poly3.sc.Grule,1b,null_base_n1000,1000,2000,null,TRUE,0.0545,0.923380516876638,TRUE,0.00507591124823908,0.00487339717240448,0.88654032348598,0.923380516876638,TRUE,TRUE,0.0085,-0.674199862463242,TRUE,0.00205277251540447,0.0022248595461287,-0.730719058611541,-0.674199862463242,TRUE,TRUE,TRUE,TRUE
poly3,sc,EDGE.poly3.sc.Grule,1b,null_base_n16000,16000,2000,null,TRUE,0.0455,-0.923380516876639,TRUE,0.00465992220965114,0.00487339717240448,-0.96568135637116,-0.923380516876639,TRUE,TRUE,0.0045,-2.47206616236522,TRUE,0.00149662119455793,0.0022248595461287,-3.67494461524353,-2.47206616236522,TRUE,TRUE,TRUE,TRUE
poly3,sc,EDGE.poly3.sc.Grule,1b,null_base_n20000,20000,2000,null,TRUE,0.0465,-0.718184846459609,TRUE,0.00470838348055891,0.00487339717240448,-0.743354914579841,-0.718184846459609,TRUE,TRUE,0.009,-0.449466574975495,TRUE,0.00211175282644537,0.0022248595461287,-0.473540268291371,-0.449466574975495,TRUE,TRUE,TRUE,TRUE
poly3,sc,EDGE.poly3.sc.Grule,1b,null_base_n2400,2400,2000,null,TRUE,0.0475,-0.512989176042578,TRUE,0.00475624589355933,0.00487339717240448,-0.525624632524861,-0.512989176042578,TRUE,TRUE,0.0105,0.224733287487748,TRUE,0.00227922684259378,0.0022248595461287,0.219372635779858,0.224733287487748,TRUE,TRUE,TRUE,TRUE
poly3,sc,EDGE.poly3.sc.Grule,1b,null_base_n4000,4000,2000,null,TRUE,0.0445,-1.12857618729367,TRUE,0.00461084319837489,0.00487339717240448,-1.19284039022158,-1.12857618729367,TRUE,TRUE,0.006,-1.79786629990198,TRUE,0.0017268468374468,0.0022248595461287,-2.31636061361072,-1.79786629990198,TRUE,TRUE,TRUE,TRUE
poly3,sc,EDGE.poly3.sc.Grule,1b,null_base_n610,610,2000,null,TRUE,0.0475,-0.512989176042578,TRUE,0.00475624589355933,0.00487339717240448,-0.525624632524861,-0.512989176042578,TRUE,TRUE,0.008,-0.89893314995099,TRUE,0.0019919839356782,0.0022248595461287,-1.00402416112812,-0.89893314995099,TRUE,TRUE,TRUE,TRUE
poly3,sc,EDGE.poly3.sc.Grule,1b,null_base_n9400,9400,2000,null,TRUE,0.0495,-0.102597835208515,TRUE,0.0048502448391808,0.00487339717240448,-0.103087579406496,-0.102597835208515,TRUE,TRUE,0.0085,-0.674199862463242,TRUE,0.00205277251540447,0.0022248595461287,-0.730719058611541,-0.674199862463242,TRUE,TRUE,TRUE,TRUE
poly3,sc,EDGE.poly3.sc.Grule,1b,null_census_corr_n1000,1000,5000,null,TRUE,0.052,0.648885684523049,TRUE,0.00313993630508646,0.00308220700148449,0.636955595806242,0.648885684523049,TRUE,TRUE,0.0116,1.13707048722992,TRUE,0.00151429455523026,0.00140712472794703,1.05659760478813,1.13707048722992,TRUE,TRUE,TRUE,TRUE
poly3,sc,EDGE.poly3.sc.Grule,1b,null_census_int_binbin_n1000,1000,5000,null,TRUE,0.0466,-1.10310566368919,TRUE,0.00298088711627931,0.00308220700148449,-1.14060005205558,-1.10310566368919,TRUE,TRUE,0.0082,-1.27920429813366,TRUE,0.00127536347760158,0.00140712472794703,-1.41136235403654,-1.27920429813366,TRUE,TRUE,TRUE,TRUE
poly3,sc,EDGE.poly3.sc.Grule,1b,null_census_joint_n1000,1000,5000,null,TRUE,0.0544,1.42754850595071,TRUE,0.0032075111847038,0.00308220700148449,1.3717800957275,1.42754850595071,TRUE,TRUE,0.0096,-0.284267621807481,TRUE,0.00137897353129058,0.00140712472794703,-0.290070832342693,-0.284267621807481,TRUE,TRUE,TRUE,TRUE
poly3,sc,EDGE.poly3.sc.Grule,1b,null_census_logx_n1000,1000,5000,null,TRUE,0.052,0.648885684523049,TRUE,0.00313993630508646,0.00308220700148449,0.636955595806242,0.648885684523049,TRUE,TRUE,0.0094,-0.426401432711221,TRUE,0.00136467138901642,0.00140712472794703,-0.439666285106517,-0.426401432711221,TRUE,TRUE,TRUE,TRUE
poly3,sc,EDGE.poly3.sc.Grule,1b,null_census_omit_2cov_n1000,1000,5000,null,TRUE,0.05,0,TRUE,0.00308220700148449,0.00308220700148449,0,0,TRUE,TRUE,0.0094,-0.426401432711221,TRUE,0.00136467138901642,0.00140712472794703,-0.439666285106517,-0.426401432711221,TRUE,TRUE,TRUE,TRUE
poly3,sc,EDGE.poly3.sc.Grule,1b,null_census_omit_2cov_n500,500,5000,null,TRUE,0.0576,2.46576560118759,TRUE,0.00329491244193226,0.00308220700148449,2.30658633087776,2.46576560118759,TRUE,TRUE,0.0124,1.70560573084488,TRUE,0.00156500734822556,0.00140712472794703,1.53353912537291,1.70560573084488,TRUE,TRUE,TRUE,TRUE
poly3,sc,EDGE.poly3.sc.Grule,1b,null_census_omit_2int_n1000,1000,5000,null,TRUE,0.0498,-0.0648885684523069,TRUE,0.00307636018697421,0.00308220700148449,-0.0650118932259093,-0.0648885684523069,TRUE,TRUE,0.011,0.710669054518701,TRUE,0.00147505932084103,0.00140712472794703,0.677938836676638,0.710669054518701,TRUE,TRUE,TRUE,TRUE
poly3,sc,EDGE.poly3.sc.Grule,1b,null_census_omit_x2x3_n1000,1000,5000,null,TRUE,0.0528,0.908439958332269,TRUE,0.00316266216975509,0.00308220700148449,0.885330095252261,0.908439958332269,TRUE,TRUE,0.0088,-0.852802865422442,TRUE,0.00132079975772257,0.00140712472794703,-0.908540445274715,-0.852802865422442,TRUE,TRUE,TRUE,TRUE
poly3,sc,EDGE.poly3.sc.Grule,1b,null_crossover_n1000,1000,5000,null,TRUE,0.0496,-0.129777136904611,TRUE,0.00307049963361014,0.00308220700148449,-0.130271958225152,-0.129777136904611,TRUE,TRUE,0.0096,-0.284267621807481,TRUE,0.00137897353129058,0.00140712472794703,-0.290070832342693,-0.284267621807481,TRUE,TRUE,TRUE,TRUE
poly3,sc,EDGE.poly3.sc.Grule,1b,null_crossover_n2000,2000,5000,null,TRUE,0.0482,-0.583997116070746,TRUE,0.00302908435009658,0.00308220700148449,-0.59423898180406,-0.583997116070746,TRUE,TRUE,0.0102,0.142133810903741,TRUE,0.00142098275851609,0.00140712472794703,0.140747661293834,0.142133810903741,TRUE,TRUE,TRUE,TRUE
poly3,sc,EDGE.poly3.sc.Grule,1b,null_e12_n1000,1000,2000,null,TRUE,0.04,-2.05195670417031,TRUE,0.00438178046004133,0.00487339717240448,-2.28217732293819,-2.05195670417031,TRUE,TRUE,0.007,-1.34839972492648,TRUE,0.00186426929385215,0.0022248595461287,-1.60920957604847,-1.34839972492648,TRUE,TRUE,TRUE,TRUE
poly3,sc,EDGE.poly3.sc.Grule,1b,null_e12_n11000,11000,2000,null,TRUE,0.05,0,TRUE,0.00487339717240448,0.00487339717240448,0,0,TRUE,TRUE,0.0125,1.12366643743874,TRUE,0.00248432586429397,0.0022248595461287,1.00630921085326,1.12366643743874,TRUE,TRUE,TRUE,TRUE
poly3,sc,EDGE.poly3.sc.Grule,1b,null_e12_n15000,15000,2000,null,TRUE,0.047,-0.615587011251093,TRUE,0.00473238840333293,0.00487339717240448,-0.633929370185921,-0.615587011251093,TRUE,TRUE,0.0095,-0.224733287487748,TRUE,0.00216907238237916,0.0022248595461287,-0.23051328487783,-0.224733287487748,TRUE,TRUE,TRUE,TRUE
poly3,sc,EDGE.poly3.sc.Grule,1b,null_e12_n1700,1700,2000,null,TRUE,0.054,0.820782681668123,TRUE,0.00505390937789747,0.00487339717240448,0.791466506600496,0.820782681668123,TRUE,TRUE,0.01,0,TRUE,0.0022248595461287,0.0022248595461287,0,0,TRUE,TRUE,TRUE,TRUE
poly3,sc,EDGE.poly3.sc.Grule,1b,null_e12_n4300,4300,2000,null,TRUE,0.0475,-0.512989176042578,TRUE,0.00475624589355933,0.00487339717240448,-0.525624632524861,-0.512989176042578,TRUE,TRUE,0.008,-0.89893314995099,TRUE,0.0019919839356782,0.0022248595461287,-1.00402416112812,-0.89893314995099,TRUE,TRUE,TRUE,TRUE
poly3,sc,EDGE.poly3.sc.Grule,1b,null_e12_n6400,6400,2000,null,TRUE,0.052,0.410391340834061,TRUE,0.00496467521596328,0.00487339717240448,0.402846090227463,0.410391340834061,TRUE,TRUE,0.013,1.34839972492648,TRUE,0.00253288373203351,0.0022248595461287,1.18442073043419,1.34839972492648,TRUE,TRUE,TRUE,TRUE
poly3,sc,EDGE.poly3.sc.Grule,1b,null_e12_n7200,7200,2000,null,TRUE,0.0525,0.512989176042576,TRUE,0.00498717104178311,0.00487339717240448,0.501286195932463,0.512989176042576,TRUE,TRUE,0.012,0.89893314995099,TRUE,0.00243474844696531,0.0022248595461287,0.821440096816908,0.89893314995099,TRUE,TRUE,TRUE,TRUE
poly3,sc,EDGE.poly3.sc.Grule,1b,null_e12_n8700,8700,2000,null,TRUE,0.045,-1.02597835208516,TRUE,0.00463546114210873,0.00487339717240448,-1.07864133615096,-1.02597835208516,TRUE,TRUE,0.0095,-0.224733287487748,TRUE,0.00216907238237916,0.0022248595461287,-0.23051328487783,-0.224733287487748,TRUE,TRUE,TRUE,TRUE
poly3,sc,EDGE.poly3.sc.Grule,1b,null_quad_n100,100,10000,null,TRUE,0.0481,-0.871779788708138,TRUE,0.00213977545550929,0.00217944947177034,-0.887943636846599,-0.871779788708138,TRUE,TRUE,0.0072,-2.81410588272579,TRUE,0.00084546791778281,0.00099498743710662,-3.31177557552135,-2.81410588272579,TRUE,TRUE,TRUE,TRUE
poly3,sc,EDGE.poly3.sc.Grule,1b,null_rough_n10000,10000,1000,null,TRUE,0.049,-0.145095250022002,TRUE,0.00682634602111554,0.00689202437604511,-0.146491255630283,-0.145095250022002,TRUE,TRUE,0.008,-0.635641726163728,TRUE,0.00281709069786544,0.00314642654451046,-0.709952292808831,-0.635641726163728,TRUE,TRUE,TRUE,TRUE
poly3,sc,EDGE.poly3.sc.Grule,1b,null_skew_n16000,16000,2000,null,TRUE,0.0515,0.307793505625545,TRUE,0.00494205169944629,0.00487339717240448,0.303517666593422,0.307793505625545,TRUE,TRUE,0.013,1.34839972492648,TRUE,0.00253288373203351,0.0022248595461287,1.18442073043419,1.34839972492648,TRUE,TRUE,TRUE,TRUE
poly3,sc,EDGE.poly3.sc.Grule,1b,null_skew_n2400,2400,2000,null,TRUE,0.051,0.20519567041703,TRUE,0.00491929873051028,0.00487339717240448,0.203281007066685,0.20519567041703,TRUE,TRUE,0.009,-0.449466574975495,TRUE,0.00211175282644537,0.0022248595461287,-0.473540268291371,-0.449466574975495,TRUE,TRUE,TRUE,TRUE
poly3,sc,EDGE.poly3.sc.Grule,1b,null_skew_n4000,4000,2000,null,TRUE,0.048,-0.410391340834062,TRUE,0.00477995815881269,0.00487339717240448,-0.418413704377862,-0.410391340834062,TRUE,TRUE,0.0125,1.12366643743874,TRUE,0.00248432586429397,0.0022248595461287,1.00630921085326,1.12366643743874,TRUE,TRUE,TRUE,TRUE
poly3,sc,EDGE.poly3.sc.Grule,1b,null_skew_n9400,9400,2000,null,TRUE,0.056,1.23117402250218,TRUE,0.00514120608417908,0.00487339717240448,1.16704133266777,1.23117402250218,TRUE,TRUE,0.016,2.69679944985297,TRUE,0.00280570846668003,0.0022248595461287,2.13849730692075,2.69679944985297,TRUE,TRUE,TRUE,TRUE
poly3,sc,EDGE.poly3.sc.Grule,1b,runA_null_p20_n1000,1000,2000,null,TRUE,0.0515,0.307793505625545,TRUE,0.00494205169944629,0.00487339717240448,0.303517666593422,0.307793505625545,TRUE,TRUE,0.0085,-0.674199862463242,TRUE,0.00205277251540447,0.0022248595461287,-0.730719058611541,-0.674199862463242,TRUE,TRUE,TRUE,TRUE
poly3,sc,EDGE.poly3.sc.Grule,1b,runG_null_sparse_n10000,10000,2000,null,TRUE,0.0445,-1.12857618729367,TRUE,0.00461084319837489,0.00487339717240448,-1.19284039022158,-1.12857618729367,TRUE,TRUE,0.0075,-1.12366643743874,TRUE,0.00192921616207205,0.0022248595461287,-1.29586308115671,-1.12366643743874,TRUE,TRUE,TRUE,TRUE
poly3,sc,EDGE.poly3.sc.Grule,1b,runG_null_sparse_n2000,2000,2000,null,TRUE,0.047,-0.615587011251093,TRUE,0.00473238840333293,0.00487339717240448,-0.633929370185921,-0.615587011251093,TRUE,TRUE,0.008,-0.89893314995099,TRUE,0.0019919839356782,0.0022248595461287,-1.00402416112812,-0.89893314995099,TRUE,TRUE,TRUE,TRUE
poly3,sc,EDGE.poly3.sc.Grule,1b,runG_null_sparse_n500,500,2000,null,TRUE,0.0565,1.3337718577107,TRUE,0.00516273909857936,0.00487339717240448,1.25902159219873,1.3337718577107,TRUE,TRUE,0.011,0.449466574975494,TRUE,0.00233227356885937,0.0022248595461287,0.428766167636613,0.449466574975494,TRUE,TRUE,TRUE,TRUE
poly3,sc,EDGE.poly3.sc.Grule,1b,sparse49_n100,100,5000,null,TRUE,0.0212,-9.34395385713192,TRUE,0.00203718236787971,0.00308220700148449,-14.1371732124183,-9.34395385713192,TRUE,TRUE,0.004,-4.26401432711221,TRUE,0.000892636544176856,0.00140712472794703,-6.72166072422331,-4.26401432711221,TRUE,TRUE,TRUE,TRUE
poly3,sc,EDGE.poly3.sc.Grule,1b,sparse49_n1000,1000,5000,null,TRUE,0.0446,-1.75199134821224,TRUE,0.00291927525252416,0.00308220700148449,-1.84977418464767,-1.75199134821224,TRUE,TRUE,0.0092,-0.568535243614961,TRUE,0.00135021183523179,0.00140712472794703,-0.592499620522631,-0.568535243614961,TRUE,TRUE,TRUE,TRUE
poly3,sc,EDGE.poly3.sc.Grule,1b,sparse49_n150,150,5000,null,TRUE,0.0244,-8.30573676189504,TRUE,0.00218195508661384,0.00308220700148449,-11.7325971359605,-8.30573676189504,TRUE,TRUE,0.004,-4.26401432711221,TRUE,0.000892636544176856,0.00140712472794703,-6.72166072422331,-4.26401432711221,TRUE,TRUE,TRUE,TRUE
poly3,sc,EDGE.poly3.sc.Grule,1b,sparse49_n200,200,5000,null,TRUE,0.0346,-4.99641977082749,TRUE,0.0025846794772273,0.00308220700148449,-5.9581855838157,-4.99641977082749,TRUE,TRUE,0.0056,-3.12694383988229,TRUE,0.00105533312276267,0.00140712472794703,-4.16929963164769,-3.12694383988229,TRUE,TRUE,TRUE,TRUE
poly3,sc,EDGE.poly3.sc.Grule,1b,sparse49_n2000,2000,5000,null,TRUE,0.049,-0.324442842261525,TRUE,0.00305283474822991,0.00308220700148449,-0.327564405698612,-0.324442842261525,TRUE,TRUE,0.0086,-0.994936676326182,TRUE,0.00130583613060751,0.00140712472794703,-1.07211001992163,-0.994936676326182,TRUE,TRUE,TRUE,TRUE
poly3,sc,EDGE.poly3.sc.Grule,1b,sparse49_n300,300,5000,null,TRUE,0.0398,-3.30931699106756,TRUE,0.00276463234445378,0.00308220700148449,-3.68945983738581,-3.30931699106756,TRUE,TRUE,0.008,-1.4213381090374,TRUE,0.00125984125984189,0.00140712472794703,-1.58750158750238,-1.4213381090374,TRUE,TRUE,TRUE,TRUE
poly3,sc,EDGE.poly3.sc.Grule,1b,sparse49_n500,500,5000,null,TRUE,0.055,1.62221421130762,TRUE,0.0032241277890307,0.00308220700148449,1.55080701733078,1.62221421130762,TRUE,TRUE,0.0124,1.70560573084488,TRUE,0.00156500734822556,0.00140712472794703,1.53353912537291,1.70560573084488,TRUE,TRUE,TRUE,TRUE
poly3,sc,EDGE.poly3.sc.Grule,1b,sparse49_n5000,5000,5000,null,TRUE,0.049,-0.324442842261525,TRUE,0.00305283474822991,0.00308220700148449,-0.327564405698612,-0.324442842261525,TRUE,TRUE,0.0088,-0.852802865422442,TRUE,0.00132079975772257,0.00140712472794703,-0.908540445274715,-0.852802865422442,TRUE,TRUE,TRUE,TRUE
poly3,sc,EDGE.poly3.sc.Grule,4,proj_null_contint_n1000,1000,500,null,TRUE,0.042,-0.820782681668123,TRUE,0.00897061870775924,0.00974679434480896,-0.891800249305024,-0.820782681668123,TRUE,TRUE,0.002,-1.79786629990198,TRUE,0.00199799899899875,0.0044497190922574,-4.00400601001753,-1.79786629990198,TRUE,TRUE,TRUE,TRUE
poly3,sc,EDGE.poly3.sc.Grule,4,proj_null_contint_n500,500,500,null,TRUE,0.04,-1.02597835208515,TRUE,0.00876356092008266,0.00974679434480896,-1.1410886614691,-1.02597835208515,TRUE,TRUE,0.006,-0.89893314995099,TRUE,0.00345369367489359,0.0044497190922574,-1.15818030680536,-0.89893314995099,TRUE,TRUE,TRUE,TRUE
poly3,sc,EDGE.poly3.sc.Grule,4,proj_null_link_n1000,1000,500,null,TRUE,0.034,-1.64156536333625,TRUE,0.00810481338464989,0.00974679434480896,-1.97413552177564,-1.64156536333625,TRUE,TRUE,0.004,-1.34839972492648,TRUE,0.00282276460230038,0.0044497190922574,-2.12557575474426,-1.34839972492648,TRUE,TRUE,TRUE,TRUE
poly3,sc,EDGE.poly3.sc.Grule,4,proj_null_link_n500,500,500,null,TRUE,0.056,0.615587011251092,TRUE,0.0102824121683582,0.00974679434480896,0.583520666333882,0.615587011251092,TRUE,TRUE,0.004,-1.34839972492648,TRUE,0.00282276460230038,0.0044497190922574,-2.12557575474426,-1.34839972492648,TRUE,TRUE,TRUE,TRUE
poly3,sc,EDGE.poly3.sc.Grule,4,proj_null_quad_n1000,1000,500,null,TRUE,0.04,-1.02597835208515,TRUE,0.00876356092008266,0.00974679434480896,-1.1410886614691,-1.02597835208515,TRUE,TRUE,0.006,-0.89893314995099,TRUE,0.00345369367489359,0.0044497190922574,-1.15818030680536,-0.89893314995099,TRUE,TRUE,TRUE,TRUE
poly3,sc,EDGE.poly3.sc.Grule,4,proj_null_quad_n500,500,500,null,TRUE,0.04,-1.02597835208515,TRUE,0.00876356092008266,0.00974679434480896,-1.1410886614691,-1.02597835208515,TRUE,TRUE,0.008,-0.449466574975495,TRUE,0.0039839678713564,0.0044497190922574,-0.502012080564061,-0.449466574975495,TRUE,TRUE,TRUE,TRUE
poly3,sc,EDGE.poly3.sc.Grule,5,runA_null_p10,1000,2000,null,TRUE,0.051,0.20519567041703,TRUE,0.00491929873051028,0.00487339717240448,0.203281007066685,0.20519567041703,TRUE,TRUE,0.0105,0.224733287487748,TRUE,0.00227922684259378,0.0022248595461287,0.219372635779858,0.224733287487748,TRUE,TRUE,TRUE,TRUE
poly3,sc,EDGE.poly3.sc.Grule,5,runA_null_p20,1000,2000,null,TRUE,0.042,-1.64156536333625,TRUE,0.00448530935387962,0.00487339717240448,-1.78360049861005,-1.64156536333625,TRUE,TRUE,0.0035,-2.92153273734072,TRUE,0.0013205585939291,0.0022248595461287,-4.92215947848277,-2.92153273734072,TRUE,TRUE,TRUE,TRUE
poly3,sc,EDGE.poly3.sc.Grule,5,runA_null_p3,1000,2000,null,TRUE,0.049,-0.205195670417031,TRUE,0.00482695556225661,0.00487339717240448,-0.20716992048141,-0.205195670417031,TRUE,TRUE,0.0095,-0.224733287487748,TRUE,0.00216907238237916,0.0022248595461287,-0.23051328487783,-0.224733287487748,TRUE,TRUE,TRUE,TRUE
poly3,sc,EDGE.poly3.sc.Grule,5,runA_null_p5,1000,2000,null,TRUE,0.051,0.20519567041703,TRUE,0.00491929873051028,0.00487339717240448,0.203281007066685,0.20519567041703,TRUE,TRUE,0.006,-1.79786629990198,TRUE,0.0017268468374468,0.0022248595461287,-2.31636061361072,-1.79786629990198,TRUE,TRUE,TRUE,TRUE
poly3,sc,EDGE.poly3.sc.Grule,5,runF_null_n1000_G10,1000,2000,null,TRUE,0.0495,-0.102597835208515,TRUE,0.0048502448391808,0.00487339717240448,-0.103087579406496,-0.102597835208515,TRUE,TRUE,0.0135,1.57313301241423,TRUE,0.00258047960658479,0.0022248595461287,1.35633701234019,1.57313301241423,TRUE,TRUE,TRUE,TRUE
poly3,sc,EDGE.poly3.sc.Grule,5,runF_null_n1000_G20,1000,2000,null,TRUE,0.055,1.02597835208515,TRUE,0.00509779364038993,0.00487339717240448,0.980816477227499,1.02597835208515,TRUE,TRUE,0.0065,-1.57313301241423,TRUE,0.00179690706493129,0.0022248595461287,-1.9477913289488,-1.57313301241423,TRUE,TRUE,TRUE,TRUE
poly3,sc,EDGE.poly3.sc.Grule,5,runF_null_n1000_G40,1000,2000,null,TRUE,0.044,-1.23117402250219,TRUE,0.00458606585212206,0.00487339717240448,-1.30831091254908,-1.23117402250219,TRUE,TRUE,0.011,0.449466574975494,TRUE,0.00233227356885937,0.0022248595461287,0.428766167636613,0.449466574975494,TRUE,TRUE,TRUE,TRUE
poly3,sc,EDGE.poly3.sc.Grule,5,runF_null_n1000_G5,1000,2000,null,TRUE,0.058,1.64156536333625,TRUE,0.00522666241496426,0.00487339717240448,1.53061348999612,1.64156536333625,TRUE,TRUE,0.013,1.34839972492648,TRUE,0.00253288373203351,0.0022248595461287,1.18442073043419,1.34839972492648,TRUE,TRUE,TRUE,TRUE
poly3,sc,EDGE.poly3.sc.Grule,5,runF_null_n1000_G67,1000,2000,null,TRUE,0.052,0.410391340834061,TRUE,0.00496467521596328,0.00487339717240448,0.402846090227463,0.410391340834061,TRUE,TRUE,0.0115,0.674199862463242,TRUE,0.0023840878758972,0.0022248595461287,0.629171439175877,0.674199862463242,TRUE,TRUE,TRUE,TRUE
poly3,sc,EDGE.poly3.sc.Grule,5,runF_null_n20000_G100,20000,800,null,TRUE,0.05,0,TRUE,0.00770551750371122,0.00770551750371122,0,0,TRUE,TRUE,0.0075,-0.710669054518702,TRUE,0.00305035858547811,0.00351781181986757,-0.819575774435763,-0.710669054518702,TRUE,TRUE,TRUE,TRUE
poly3,sc,EDGE.poly3.sc.Grule,5,runF_null_n20000_G200,20000,800,null,TRUE,0.04,-1.2977713690461,TRUE,0.00692820323027551,0.00770551750371122,-1.44337567297406,-1.2977713690461,TRUE,TRUE,0.0075,-0.710669054518702,TRUE,0.00305035858547811,0.00351781181986757,-0.819575774435763,-0.710669054518702,TRUE,TRUE,TRUE,TRUE
poly3,sc,EDGE.poly3.sc.Grule,5,runF_null_n20000_G400,20000,800,null,TRUE,0.04875,-0.162221421130763,TRUE,0.00761359290184339,0.00770551750371122,-0.164180041685359,-0.162221421130763,TRUE,TRUE,0.00875,-0.355334527259351,TRUE,0.00329268839628046,0.00351781181986757,-0.379628999030714,-0.355334527259351,TRUE,TRUE,TRUE,TRUE
poly3,sc,EDGE.poly3.sc.Grule,5,runF_null_n2000_G10,2000,2000,null,TRUE,0.052,0.410391340834061,TRUE,0.00496467521596328,0.00487339717240448,0.402846090227463,0.410391340834061,TRUE,TRUE,0.0105,0.224733287487748,TRUE,0.00227922684259378,0.0022248595461287,0.219372635779858,0.224733287487748,TRUE,TRUE,TRUE,TRUE
poly3,sc,EDGE.poly3.sc.Grule,5,runF_null_n2000_G133,2000,2000,null,TRUE,0.0445,-1.12857618729367,TRUE,0.00461084319837489,0.00487339717240448,-1.19284039022158,-1.12857618729367,TRUE,TRUE,0.0115,0.674199862463242,TRUE,0.0023840878758972,0.0022248595461287,0.629171439175877,0.674199862463242,TRUE,TRUE,TRUE,TRUE
poly3,sc,EDGE.poly3.sc.Grule,5,runF_null_n2000_G20,2000,2000,null,TRUE,0.052,0.410391340834061,TRUE,0.00496467521596328,0.00487339717240448,0.402846090227463,0.410391340834061,TRUE,TRUE,0.0125,1.12366643743874,TRUE,0.00248432586429397,0.0022248595461287,1.00630921085326,1.12366643743874,TRUE,TRUE,TRUE,TRUE
poly3,sc,EDGE.poly3.sc.Grule,5,runF_null_n2000_G40,2000,2000,null,TRUE,0.042,-1.64156536333625,TRUE,0.00448530935387962,0.00487339717240448,-1.78360049861005,-1.64156536333625,TRUE,TRUE,0.0045,-2.47206616236522,TRUE,0.00149662119455793,0.0022248595461287,-3.67494461524353,-2.47206616236522,TRUE,TRUE,TRUE,TRUE
poly3,sc,EDGE.poly3.sc.Grule,5,runF_null_n2000_G80,2000,2000,null,TRUE,0.049,-0.205195670417031,TRUE,0.00482695556225661,0.00487339717240448,-0.20716992048141,-0.205195670417031,TRUE,TRUE,0.01,0,TRUE,0.0022248595461287,0.0022248595461287,0,0,TRUE,TRUE,TRUE,TRUE
poly3,sc,EDGE.poly3.sc.Grule,5,runF_null_n5000_G100,5000,2000,null,TRUE,0.048,-0.410391340834062,TRUE,0.00477995815881269,0.00487339717240448,-0.418413704377862,-0.410391340834062,TRUE,TRUE,0.006,-1.79786629990198,TRUE,0.0017268468374468,0.0022248595461287,-2.31636061361072,-1.79786629990198,TRUE,TRUE,TRUE,TRUE
poly3,sc,EDGE.poly3.sc.Grule,5,runF_null_n5000_G200,5000,2000,null,TRUE,0.053,0.615587011251092,TRUE,0.0050095408971282,0.00487339717240448,0.598857272873008,0.615587011251092,TRUE,TRUE,0.016,2.69679944985297,TRUE,0.00280570846668003,0.0022248595461287,2.13849730692075,2.69679944985297,TRUE,TRUE,TRUE,TRUE
poly3,sc,EDGE.poly3.sc.Grule,5,runF_null_n5000_G25,5000,2000,null,TRUE,0.0415,-1.74416319854476,TRUE,0.00445969449626317,0.00487339717240448,-1.90596015200643,-1.74416319854476,TRUE,TRUE,0.007,-1.34839972492648,TRUE,0.00186426929385215,0.0022248595461287,-1.60920957604847,-1.34839972492648,TRUE,TRUE,TRUE,TRUE
poly3,sc,EDGE.poly3.sc.Grule,5,runF_null_n5000_G333,5000,2000,null,TRUE,0.059,1.84676103375328,TRUE,0.00526872849936301,0.00487339717240448,1.7081920241455,1.84676103375328,TRUE,TRUE,0.0095,-0.224733287487748,TRUE,0.00216907238237916,0.0022248595461287,-0.23051328487783,-0.224733287487748,TRUE,TRUE,TRUE,TRUE
poly3,sc,EDGE.poly3.sc.Grule,5,runF_null_n5000_G50,5000,2000,null,TRUE,0.0475,-0.512989176042578,TRUE,0.00475624589355933,0.00487339717240448,-0.525624632524861,-0.512989176042578,TRUE,TRUE,0.0105,0.224733287487748,TRUE,0.00227922684259378,0.0022248595461287,0.219372635779858,0.224733287487748,TRUE,TRUE,TRUE,TRUE
poly3,sc,EDGE.poly3.sc.Grule,5,runF_null_n500_G10,500,2000,null,TRUE,0.0485,-0.307793505625547,TRUE,0.00480352734977121,0.00487339717240448,-0.31227052346677,-0.307793505625547,TRUE,TRUE,0.0085,-0.674199862463242,TRUE,0.00205277251540447,0.0022248595461287,-0.730719058611541,-0.674199862463242,TRUE,TRUE,TRUE,TRUE
poly3,sc,EDGE.poly3.sc.Grule,5,runF_null_n500_G20,500,2000,null,TRUE,0.0545,0.923380516876638,TRUE,0.00507591124823908,0.00487339717240448,0.88654032348598,0.923380516876638,TRUE,TRUE,0.0145,2.02259958738973,TRUE,0.00267298989897081,0.0022248595461287,1.68350804532881,2.02259958738973,TRUE,TRUE,TRUE,TRUE
poly3,sc,EDGE.poly3.sc.Grule,5,runF_null_n500_G33,500,2000,null,TRUE,0.046,-0.820782681668124,TRUE,0.00468422885862764,0.00487339717240448,-0.853929242298358,-0.820782681668124,TRUE,TRUE,0.0065,-1.57313301241423,TRUE,0.00179690706493129,0.0022248595461287,-1.9477913289488,-1.57313301241423,TRUE,TRUE,TRUE,TRUE
poly3,sc,EDGE.poly3.sc.Grule,5,runF_null_n500_G4,500,2000,null,TRUE,0.05,0,TRUE,0.00487339717240448,0.00487339717240448,0,0,TRUE,TRUE,0.013,1.34839972492648,TRUE,0.00253288373203351,0.0022248595461287,1.18442073043419,1.34839972492648,TRUE,TRUE,TRUE,TRUE
poly3,sc,EDGE.poly3.sc.Grule,5,runF_null_n500_G5,500,2000,null,TRUE,0.0485,-0.307793505625547,TRUE,0.00480352734977121,0.00487339717240448,-0.31227052346677,-0.307793505625547,TRUE,TRUE,0.014,1.79786629990198,TRUE,0.00262716577322407,0.0022248595461287,1.5225533313382,1.79786629990198,TRUE,TRUE,TRUE,TRUE
poly3,sc,EDGE.poly3.sc.Grule,5,runG_null_n10000,10000,1000,null,TRUE,0.049,-0.145095250022002,TRUE,0.00682634602111554,0.00689202437604511,-0.146491255630283,-0.145095250022002,TRUE,TRUE,0.01,0,TRUE,0.00314642654451046,0.00314642654451046,0,0,TRUE,TRUE,TRUE,TRUE
poly3,sc,EDGE.poly3.sc.Grule,5,runG_null_n2000,2000,2000,null,TRUE,0.0505,0.102597835208515,TRUE,0.00489641450451246,0.00487339717240448,0.102115537714221,0.102597835208515,TRUE,TRUE,0.013,1.34839972492648,TRUE,0.00253288373203351,0.0022248595461287,1.18442073043419,1.34839972492648,TRUE,TRUE,TRUE,TRUE
poly3,sc,EDGE.poly3.sc.Grule,5,runG_null_n500,500,2000,null,TRUE,0.0485,-0.307793505625547,TRUE,0.00480352734977121,0.00487339717240448,-0.31227052346677,-0.307793505625547,TRUE,TRUE,0.0125,1.12366643743874,TRUE,0.00248432586429397,0.0022248595461287,1.00630921085326,1.12366643743874,TRUE,TRUE,TRUE,TRUE
poly3,sc,EDGE.poly3.sc.Grule,5,runG_null_sparse_n10000,10000,1000,null,TRUE,0.055,0.725476250110011,TRUE,0.00720936890441875,0.00689202437604511,0.693541982147066,0.725476250110011,TRUE,TRUE,0.01,0,TRUE,0.00314642654451046,0.00314642654451046,0,0,TRUE,TRUE,TRUE,TRUE
poly3,sc,EDGE.poly3.sc.Grule,5,runG_null_sparse_n2000,2000,2000,null,TRUE,0.0465,-0.718184846459609,TRUE,0.00470838348055891,0.00487339717240448,-0.743354914579841,-0.718184846459609,TRUE,TRUE,0.0095,-0.224733287487748,TRUE,0.00216907238237916,0.0022248595461287,-0.23051328487783,-0.224733287487748,TRUE,TRUE,TRUE,TRUE
poly3,sc,EDGE.poly3.sc.Grule,5,runG_null_sparse_n500,500,2000,null,TRUE,0.049,-0.205195670417031,TRUE,0.00482695556225661,0.00487339717240448,-0.20716992048141,-0.205195670417031,TRUE,TRUE,0.01,0,TRUE,0.0022248595461287,0.0022248595461287,0,0,TRUE,TRUE,TRUE,TRUE
poly3,sc,EDGE.poly3.sc.Grule,5,runK2_null_n1000,1000,2000,null,TRUE,0.0425,-1.53896752812773,TRUE,0.00451075104611194,0.00487339717240448,-1.66269428823048,-1.53896752812773,TRUE,TRUE,0.011,0.449466574975494,TRUE,0.00233227356885937,0.0022248595461287,0.428766167636613,0.449466574975494,TRUE,TRUE,TRUE,TRUE
poly3,sc,EDGE.poly3.sc.Grule,5,runK2_null_n2000,2000,2000,null,TRUE,0.052,0.410391340834061,TRUE,0.00496467521596328,0.00487339717240448,0.402846090227463,0.410391340834061,TRUE,TRUE,0.0115,0.674199862463242,TRUE,0.0023840878758972,0.0022248595461287,0.629171439175877,0.674199862463242,TRUE,TRUE,TRUE,TRUE
poly3,sc,EDGE.poly3.sc.Grule,5,runK2_null_n500,500,2000,null,TRUE,0.047,-0.615587011251093,TRUE,0.00473238840333293,0.00487339717240448,-0.633929370185921,-0.615587011251093,TRUE,TRUE,0.01,0,TRUE,0.0022248595461287,0.0022248595461287,0,0,TRUE,TRUE,TRUE,TRUE
poly3,sc,EDGE.poly3.sc.Grule,5,runK2_null_n5000,5000,2000,null,TRUE,0.0535,0.718184846459607,TRUE,0.00503178646208283,0.00487339717240448,0.695578007209635,0.718184846459607,TRUE,TRUE,0.0135,1.57313301241423,TRUE,0.00258047960658479,0.0022248595461287,1.35633701234019,1.57313301241423,TRUE,TRUE,TRUE,TRUE
poly3,sc,EDGE.poly3.sc.Grule,6,glow_null_n500,500,2000,null,TRUE,0.0625,2.56494588021288,TRUE,0.00541265877365274,0.00487339717240448,2.3094010767585,2.56494588021288,TRUE,TRUE,0.0135,1.57313301241423,TRUE,0.00258047960658479,0.0022248595461287,1.35633701234019,1.57313301241423,TRUE,TRUE,TRUE,TRUE
poly3,sc,EDGE.poly3.sc.Grule,7,runD_null_n50000,50000,800,null,TRUE,0.05625,0.811107105653812,TRUE,0.00814600649858567,0.00770551750371122,0.767247116864581,0.811107105653812,TRUE,TRUE,0.0125,0.710669054518702,TRUE,0.00392806409061767,0.00351781181986757,0.636445827340584,0.710669054518702,TRUE,TRUE,TRUE,TRUE
poly3,sc,EDGE.poly3.sc.Grule,7,runJ_null_n2000,2000,2000,null,TRUE,0.0455,-0.923380516876639,TRUE,0.00465992220965114,0.00487339717240448,-0.96568135637116,-0.923380516876639,TRUE,TRUE,0.008,-0.89893314995099,TRUE,0.0019919839356782,0.0022248595461287,-1.00402416112812,-0.89893314995099,TRUE,TRUE,TRUE,TRUE
poly3,sc,EDGE.poly3.sc.Grule,1a,null_link_n1000,1000,10000,null,FALSE,0.0571,3.25770342096198,FALSE,0.00232033596705305,0.00217944947177034,3.0599017128616,3.25770342096198,FALSE,FALSE,0.0112,1.20604537831105,TRUE,0.00105235735375394,0.00099498743710662,1.1402970632736,1.20604537831105,TRUE,TRUE,FALSE,FALSE
poly3,sc,EDGE.poly3.sc.Grule,1b,moderate1_n1000,1000,5000,null,FALSE,0.054,1.2977713690461,TRUE,0.00319637294444813,0.00308220700148449,1.25141842629713,1.2977713690461,TRUE,TRUE,0.0148,3.41121146168977,FALSE,0.00170768615383507,0.00140712472794703,2.81082093991352,3.41121146168977,TRUE,FALSE,TRUE,FALSE
poly3,sc,EDGE.poly3.sc.Grule,1b,moderate1_n2000,2000,5000,null,FALSE,0.0552,1.68710277975993,TRUE,0.0032296427046966,0.00308220700148449,1.6100852247334,1.68710277975993,TRUE,TRUE,0.017,4.97468338163091,FALSE,0.00182816848238886,0.00140712472794703,3.82896875612533,4.97468338163091,FALSE,FALSE,FALSE,FALSE
poly3,sc,EDGE.poly3.sc.Grule,1b,null_census_skew_n1000,1000,5000,null,FALSE,0.0556,1.81687991666454,TRUE,0.00324063697442339,0.00308220700148449,1.72805533115798,1.81687991666454,TRUE,TRUE,0.0174,5.25895100343839,FALSE,0.00184917495116065,0.00140712472794703,4.00178468530267,5.25895100343839,FALSE,FALSE,FALSE,FALSE
poly3,u,EDGE.poly3.u.Grule,1a,null_binint_n1000,1000,10000,null,TRUE,0.0461,-1.78944272419038,TRUE,0.00209701669044383,0.00217944947177034,-1.85978491147563,-1.78944272419038,TRUE,TRUE,0.0097,-0.301511344577764,TRUE,0.000980097444135021,0.00099498743710662,-0.306092013396447,-0.301511344577764,TRUE,TRUE,TRUE,TRUE
poly3,u,EDGE.poly3.u.Grule,1a,null_binint_n200,200,10000,null,TRUE,0.048,-0.917662935482248,TRUE,0.00213766227454198,0.00217944947177034,-0.935601485706401,-0.917662935482248,TRUE,TRUE,0.009,-1.00503781525921,TRUE,0.000944404574321832,0.00099498743710662,-1.05886822998299,-1.00503781525921,TRUE,TRUE,TRUE,TRUE
poly3,u,EDGE.poly3.u.Grule,1a,null_binint_n2000,2000,10000,null,TRUE,0.048,-0.917662935482248,TRUE,0.00213766227454198,0.00217944947177034,-0.935601485706401,-0.917662935482248,TRUE,TRUE,0.0105,0.502518907629607,TRUE,0.00101930123123638,0.00099498743710662,0.490532126007065,0.502518907629607,TRUE,TRUE,TRUE,TRUE
poly3,u,EDGE.poly3.u.Grule,1a,null_binint_n500,500,10000,null,TRUE,0.0491,-0.412948320967013,TRUE,0.00216076815045021,0.00217944947177034,-0.416518542173293,-0.412948320967013,TRUE,TRUE,0.0098,-0.201007563051843,TRUE,0.000985086798206128,0.00099498743710662,-0.203027794468677,-0.201007563051843,TRUE,TRUE,TRUE,TRUE
poly3,u,EDGE.poly3.u.Grule,1a,null_binint_n5000,5000,10000,null,TRUE,0.0504,0.183532587096448,TRUE,0.00218768919181862,0.00217944947177034,0.182841329333203,0.183532587096448,TRUE,TRUE,0.0103,0.301511344577764,TRUE,0.00100964894889263,0.00099498743710662,0.297132979070633,0.301511344577764,TRUE,TRUE,TRUE,TRUE
poly3,u,EDGE.poly3.u.Grule,1a,null_contint_n1000,1000,10000,null,TRUE,0.0497,-0.137649440322338,TRUE,0.00217324434889407,0.00217944947177034,-0.138042461793432,-0.137649440322338,TRUE,TRUE,0.0101,0.100503781525921,TRUE,0.000999899494949367,0.00099498743710662,0.100010051515291,0.100503781525921,TRUE,TRUE,TRUE,TRUE
poly3,u,EDGE.poly3.u.Grule,1a,null_contint_n200,200,10000,null,TRUE,0.0536,1.65179328386804,TRUE,0.0022522664140816,0.00217944947177034,1.59838994956019,1.65179328386804,TRUE,TRUE,0.011,1.00503781525921,TRUE,0.00104302444841912,0.00099498743710662,0.958750297287536,1.00503781525921,TRUE,TRUE,TRUE,TRUE
poly3,u,EDGE.poly3.u.Grule,1a,null_contint_n2000,2000,10000,null,TRUE,0.05,0,TRUE,0.00217944947177034,0.00217944947177034,0,0,TRUE,TRUE,0.0112,1.20604537831105,TRUE,0.00105235735375394,0.00099498743710662,1.1402970632736,1.20604537831105,TRUE,TRUE,TRUE,TRUE
poly3,u,EDGE.poly3.u.Grule,1a,null_contint_n500,500,10000,null,TRUE,0.0479,-0.963546082256362,TRUE,0.00213554653426237,0.00217944947177034,-0.983354830394907,-0.963546082256362,TRUE,TRUE,0.0094,-0.603022689155527,TRUE,0.000964968393264774,0.00099498743710662,-0.621782023315833,-0.603022689155527,TRUE,TRUE,TRUE,TRUE
poly3,u,EDGE.poly3.u.Grule,1a,null_contint_n5000,5000,10000,null,TRUE,0.0515,0.688247201611683,TRUE,0.00221015270965605,0.00217944947177034,0.67868613487501,0.688247201611683,TRUE,TRUE,0.0099,-0.100503781525921,TRUE,0.000990049998737437,0.00099498743710662,-0.101004999876294,-0.100503781525921,TRUE,TRUE,TRUE,TRUE
poly3,u,EDGE.poly3.u.Grule,1a,null_link_n1000,1000,10000,null,TRUE,0.0523,1.05531237580458,TRUE,0.00222631332026739,0.00217944947177034,1.03309807252276,1.05531237580458,TRUE,TRUE,0.0106,0.603022689155527,TRUE,0.00102409179276079,0.00099498743710662,0.585884980468884,0.603022689155527,TRUE,TRUE,TRUE,TRUE
poly3,u,EDGE.poly3.u.Grule,1a,null_link_n200,200,10000,null,TRUE,0.0502,0.0917662935482242,TRUE,0.00218357413430366,0.00217944947177034,0.0915929516007839,0.0917662935482242,TRUE,TRUE,0.0092,-0.80403025220737,TRUE,0.000954743944730732,0.00099498743710662,-0.837920999044017,-0.80403025220737,TRUE,TRUE,TRUE,TRUE
poly3,u,EDGE.poly3.u.Grule,1a,null_link_n2000,2000,10000,null,TRUE,0.049,-0.458831467741124,TRUE,0.0021586801523153,0.00217944947177034,-0.463246025089658,-0.458831467741124,TRUE,TRUE,0.0092,-0.80403025220737,TRUE,0.000954743944730732,0.00099498743710662,-0.837920999044017,-0.80403025220737,TRUE,TRUE,TRUE,TRUE
poly3,u,EDGE.poly3.u.Grule,1a,null_link_n500,500,10000,null,TRUE,0.0496,-0.183532587096451,TRUE,0.00217117111255654,0.00217944947177034,-0.184232370118911,-0.183532587096451,TRUE,TRUE,0.0095,-0.502518907629607,TRUE,0.000970038659023443,0.00099498743710662,-0.515443374703602,-0.502518907629607,TRUE,TRUE,TRUE,TRUE
poly3,u,EDGE.poly3.u.Grule,1a,null_link_n5000,5000,10000,null,TRUE,0.049,-0.458831467741124,TRUE,0.0021586801523153,0.00217944947177034,-0.463246025089658,-0.458831467741124,TRUE,TRUE,0.0098,-0.201007563051843,TRUE,0.000985086798206128,0.00099498743710662,-0.203027794468677,-0.201007563051843,TRUE,TRUE,TRUE,TRUE
poly3,u,EDGE.poly3.u.Grule,1a,null_quad_n1000,1000,10000,null,TRUE,0.0526,1.19296181612692,TRUE,0.00223233599621562,0.00217944947177034,1.16469922288028,1.19296181612692,TRUE,TRUE,0.0111,1.10554159678513,TRUE,0.00104770177054351,0.00099498743710662,1.04991709561525,1.10554159678513,TRUE,TRUE,TRUE,TRUE
poly3,u,EDGE.poly3.u.Grule,1a,null_quad_n200,200,10000,null,TRUE,0.0502,0.0917662935482242,TRUE,0.00218357413430366,0.00217944947177034,0.0915929516007839,0.0917662935482242,TRUE,TRUE,0.0089,-1.10554159678513,TRUE,0.000939190608982011,0.00099498743710662,-1.17122125102197,-1.10554159678513,TRUE,TRUE,TRUE,TRUE
poly3,u,EDGE.poly3.u.Grule,1a,null_quad_n2000,2000,10000,null,TRUE,0.0485,-0.688247201611686,TRUE,0.00214820273717357,0.00217944947177034,-0.69825811784114,-0.688247201611686,TRUE,TRUE,0.0087,-1.30654915983698,TRUE,0.000928671631956097,0.00099498743710662,-1.39984894042877,-1.30654915983698,TRUE,TRUE,TRUE,TRUE
poly3,u,EDGE.poly3.u.Grule,1a,null_quad_n500,500,10000,null,TRUE,0.0486,-0.642364054837575,TRUE,0.00215030323442997,0.00217944947177034,-0.651070964124339,-0.642364054837575,TRUE,TRUE,0.0075,-2.51259453814803,TRUE,0.00086277169633687,0.00099498743710662,-2.89763793899872,-2.51259453814803,TRUE,TRUE,TRUE,TRUE
poly3,u,EDGE.poly3.u.Grule,1a,null_quad_n5000,5000,10000,null,TRUE,0.0509,0.41294832096701,TRUE,0.00219793516737869,0.00217944947177034,0.409475226274922,0.41294832096701,TRUE,TRUE,0.0119,1.9095718489925,TRUE,0.00108436110221642,0.00099498743710662,1.752183839974,1.9095718489925,TRUE,TRUE,TRUE,TRUE
poly3,u,EDGE.poly3.u.Grule,1a,null_rough_n1000,1000,10000,null,TRUE,0.0494,-0.275298880644676,TRUE,0.0021670173049609,0.00217944947177034,-0.276878268865891,-0.275298880644676,TRUE,TRUE,0.0116,1.60806050441474,TRUE,0.00107076794871718,0.00099498743710662,1.49425466266231,1.60806050441474,TRUE,TRUE,TRUE,TRUE
poly3,u,EDGE.poly3.u.Grule,1a,null_rough_n200,200,10000,null,TRUE,0.0528,1.28472810967514,TRUE,0.00223633986683599,0.00217944947177034,1.25204582788281,1.28472810967514,TRUE,TRUE,0.0111,1.10554159678513,TRUE,0.00104770177054351,0.00099498743710662,1.04991709561525,1.10554159678513,TRUE,TRUE,TRUE,TRUE
poly3,u,EDGE.poly3.u.Grule,1a,null_rough_n2000,2000,10000,null,TRUE,0.0508,0.367065174192897,TRUE,0.00219589070766284,0.00217944947177034,0.364316856575919,0.367065174192897,TRUE,TRUE,0.012,2.01007563051842,TRUE,0.0010888526071053,0.00099498743710662,1.83679589592661,2.01007563051842,TRUE,TRUE,TRUE,TRUE
poly3,u,EDGE.poly3.u.Grule,1a,null_rough_n500,500,10000,null,TRUE,0.0505,0.229415733870562,TRUE,0.00218974313562116,0.00217944947177034,0.228337283887942,0.229415733870562,TRUE,TRUE,0.0094,-0.603022689155527,TRUE,0.000964968393264774,0.00099498743710662,-0.621782023315833,-0.603022689155527,TRUE,TRUE,TRUE,TRUE
poly3,u,EDGE.poly3.u.Grule,1a,null_rough_n5000,5000,10000,null,TRUE,0.0502,0.0917662935482242,TRUE,0.00218357413430366,0.00217944947177034,0.0915929516007839,0.0917662935482242,TRUE,TRUE,0.0098,-0.201007563051843,TRUE,0.000985086798206128,0.00099498743710662,-0.203027794468677,-0.201007563051843,TRUE,TRUE,TRUE,TRUE
poly3,u,EDGE.poly3.u.Grule,1b,moderate1_n100,100,5000,null,TRUE,0.0522,0.713774252975355,TRUE,0.00314563697841947,0.00308220700148449,0.699381401952298,0.713774252975355,TRUE,TRUE,0.0086,-0.994936676326182,TRUE,0.00130583613060751,0.00140712472794703,-1.07211001992163,-0.994936676326182,TRUE,TRUE,TRUE,TRUE
poly3,u,EDGE.poly3.u.Grule,1b,moderate1_n1000,1000,5000,null,TRUE,0.0494,-0.194665705356916,TRUE,0.0030646252625729,0.00308220700148449,-0.195782501478264,-0.194665705356916,TRUE,TRUE,0.0126,1.84773954174862,TRUE,0.00157741814367656,0.00140712472794703,1.648263024248,1.84773954174862,TRUE,TRUE,TRUE,TRUE
poly3,u,EDGE.poly3.u.Grule,1b,moderate1_n150,150,5000,null,TRUE,0.0478,-0.713774252975355,TRUE,0.00301712313305241,0.00308220700148449,-0.729171433508672,-0.713774252975355,TRUE,TRUE,0.008,-1.4213381090374,TRUE,0.00125984125984189,0.00140712472794703,-1.58750158750238,-1.4213381090374,TRUE,TRUE,TRUE,TRUE
poly3,u,EDGE.poly3.u.Grule,1b,moderate1_n200,200,5000,null,TRUE,0.0522,0.713774252975355,TRUE,0.00314563697841947,0.00308220700148449,0.699381401952298,0.713774252975355,TRUE,TRUE,0.0094,-0.426401432711221,TRUE,0.00136467138901642,0.00140712472794703,-0.439666285106517,-0.426401432711221,TRUE,TRUE,TRUE,TRUE
poly3,u,EDGE.poly3.u.Grule,1b,moderate1_n2000,2000,5000,null,TRUE,0.0474,-0.843551389879967,TRUE,0.00300510365877785,0.00308220700148449,-0.865194780354899,-0.843551389879967,TRUE,TRUE,0.0106,0.426401432711221,TRUE,0.00144828450243728,0.00140712472794703,0.414283242684898,0.426401432711221,TRUE,TRUE,TRUE,TRUE
poly3,u,EDGE.poly3.u.Grule,1b,moderate1_n300,300,5000,null,TRUE,0.0502,0.0648885684523046,TRUE,0.00308804015517933,0.00308220700148449,0.0647659971858055,0.0648885684523046,TRUE,TRUE,0.0108,0.568535243614961,TRUE,0.00146173595426807,0.00140712472794703,0.54729446700966,0.568535243614961,TRUE,TRUE,TRUE,TRUE
poly3,u,EDGE.poly3.u.Grule,1b,moderate1_n500,500,5000,null,TRUE,0.0496,-0.129777136904611,TRUE,0.00307049963361014,0.00308220700148449,-0.130271958225152,-0.129777136904611,TRUE,TRUE,0.0126,1.84773954174862,TRUE,0.00157741814367656,0.00140712472794703,1.648263024248,1.84773954174862,TRUE,TRUE,TRUE,TRUE
poly3,u,EDGE.poly3.u.Grule,1b,moderate1_n5000,5000,5000,null,TRUE,0.0484,-0.519108547618442,TRUE,0.00303504332753257,0.00308220700148449,-0.52717534062381,-0.519108547618442,TRUE,TRUE,0.0106,0.426401432711221,TRUE,0.00144828450243728,0.00140712472794703,0.414283242684898,0.426401432711221,TRUE,TRUE,TRUE,TRUE
poly3,u,EDGE.poly3.u.Grule,1b,null_auc_n3500,3500,2000,null,TRUE,0.046,-0.820782681668124,TRUE,0.00468422885862764,0.00487339717240448,-0.853929242298358,-0.820782681668124,TRUE,TRUE,0.0085,-0.674199862463242,TRUE,0.00205277251540447,0.0022248595461287,-0.730719058611541,-0.674199862463242,TRUE,TRUE,TRUE,TRUE
poly3,u,EDGE.poly3.u.Grule,1b,null_auc_n380,380,2000,null,TRUE,0.052,0.410391340834061,TRUE,0.00496467521596328,0.00487339717240448,0.402846090227463,0.410391340834061,TRUE,TRUE,0.0125,1.12366643743874,TRUE,0.00248432586429397,0.0022248595461287,1.00630921085326,1.12366643743874,TRUE,TRUE,TRUE,TRUE
poly3,u,EDGE.poly3.u.Grule,1b,null_auc_n460,460,2000,null,TRUE,0.0465,-0.718184846459609,TRUE,0.00470838348055891,0.00487339717240448,-0.743354914579841,-0.718184846459609,TRUE,TRUE,0.009,-0.449466574975495,TRUE,0.00211175282644537,0.0022248595461287,-0.473540268291371,-0.449466574975495,TRUE,TRUE,TRUE,TRUE
poly3,u,EDGE.poly3.u.Grule,1b,null_auc_n4700,4700,2000,null,TRUE,0.0515,0.307793505625545,TRUE,0.00494205169944629,0.00487339717240448,0.303517666593422,0.307793505625545,TRUE,TRUE,0.0105,0.224733287487748,TRUE,0.00227922684259378,0.0022248595461287,0.219372635779858,0.224733287487748,TRUE,TRUE,TRUE,TRUE
poly3,u,EDGE.poly3.u.Grule,1b,null_auc_n5900,5900,2000,null,TRUE,0.0455,-0.923380516876639,TRUE,0.00465992220965114,0.00487339717240448,-0.96568135637116,-0.923380516876639,TRUE,TRUE,0.005,-2.24733287487747,TRUE,0.00157718102955875,0.0022248595461287,-3.17021312474121,-2.24733287487747,TRUE,TRUE,TRUE,TRUE
poly3,u,EDGE.poly3.u.Grule,1b,null_auc_n640,640,2000,null,TRUE,0.049,-0.205195670417031,TRUE,0.00482695556225661,0.00487339717240448,-0.20716992048141,-0.205195670417031,TRUE,TRUE,0.008,-0.89893314995099,TRUE,0.0019919839356782,0.0022248595461287,-1.00402416112812,-0.89893314995099,TRUE,TRUE,TRUE,TRUE
poly3,u,EDGE.poly3.u.Grule,1b,null_auc_n760,760,2000,null,TRUE,0.059,1.84676103375328,TRUE,0.00526872849936301,0.00487339717240448,1.7081920241455,1.84676103375328,TRUE,TRUE,0.014,1.79786629990198,TRUE,0.00262716577322407,0.0022248595461287,1.5225533313382,1.79786629990198,TRUE,TRUE,TRUE,TRUE
poly3,u,EDGE.poly3.u.Grule,1b,null_auc_n7800,7800,2000,null,TRUE,0.0575,1.53896752812773,TRUE,0.00520546587732549,0.00487339717240448,1.44079323095158,1.53896752812773,TRUE,TRUE,0.0125,1.12366643743874,TRUE,0.00248432586429397,0.0022248595461287,1.00630921085326,1.12366643743874,TRUE,TRUE,TRUE,TRUE
poly3,u,EDGE.poly3.u.Grule,1b,null_base_n1000,1000,2000,null,TRUE,0.0555,1.12857618729367,TRUE,0.00511955808639769,0.00487339717240448,1.0743114751668,1.12857618729367,TRUE,TRUE,0.0115,0.674199862463242,TRUE,0.0023840878758972,0.0022248595461287,0.629171439175877,0.674199862463242,TRUE,TRUE,TRUE,TRUE
poly3,u,EDGE.poly3.u.Grule,1b,null_base_n16000,16000,2000,null,TRUE,0.0455,-0.923380516876639,TRUE,0.00465992220965114,0.00487339717240448,-0.96568135637116,-0.923380516876639,TRUE,TRUE,0.0075,-1.12366643743874,TRUE,0.00192921616207205,0.0022248595461287,-1.29586308115671,-1.12366643743874,TRUE,TRUE,TRUE,TRUE
poly3,u,EDGE.poly3.u.Grule,1b,null_base_n20000,20000,2000,null,TRUE,0.043,-1.43636969291922,TRUE,0.00453602248671675,0.00487339717240448,-1.54320222628939,-1.43636969291922,TRUE,TRUE,0.008,-0.89893314995099,TRUE,0.0019919839356782,0.0022248595461287,-1.00402416112812,-0.89893314995099,TRUE,TRUE,TRUE,TRUE
poly3,u,EDGE.poly3.u.Grule,1b,null_base_n2400,2400,2000,null,TRUE,0.048,-0.410391340834062,TRUE,0.00477995815881269,0.00487339717240448,-0.418413704377862,-0.410391340834062,TRUE,TRUE,0.01,0,TRUE,0.0022248595461287,0.0022248595461287,0,0,TRUE,TRUE,TRUE,TRUE
poly3,u,EDGE.poly3.u.Grule,1b,null_base_n4000,4000,2000,null,TRUE,0.046,-0.820782681668124,TRUE,0.00468422885862764,0.00487339717240448,-0.853929242298358,-0.820782681668124,TRUE,TRUE,0.0075,-1.12366643743874,TRUE,0.00192921616207205,0.0022248595461287,-1.29586308115671,-1.12366643743874,TRUE,TRUE,TRUE,TRUE
poly3,u,EDGE.poly3.u.Grule,1b,null_base_n610,610,2000,null,TRUE,0.0455,-0.923380516876639,TRUE,0.00465992220965114,0.00487339717240448,-0.96568135637116,-0.923380516876639,TRUE,TRUE,0.01,0,TRUE,0.0022248595461287,0.0022248595461287,0,0,TRUE,TRUE,TRUE,TRUE
poly3,u,EDGE.poly3.u.Grule,1b,null_base_n9400,9400,2000,null,TRUE,0.0435,-1.3337718577107,TRUE,0.00456112650559048,0.00487339717240448,-1.42508654211478,-1.3337718577107,TRUE,TRUE,0.007,-1.34839972492648,TRUE,0.00186426929385215,0.0022248595461287,-1.60920957604847,-1.34839972492648,TRUE,TRUE,TRUE,TRUE
poly3,u,EDGE.poly3.u.Grule,1b,null_census_corr_n1000,1000,5000,null,TRUE,0.051,0.324442842261523,TRUE,0.00311123769583746,0.00308220700148449,0.321415493691755,0.324442842261523,TRUE,TRUE,0.0082,-1.27920429813366,TRUE,0.00127536347760158,0.00140712472794703,-1.41136235403654,-1.27920429813366,TRUE,TRUE,TRUE,TRUE
poly3,u,EDGE.poly3.u.Grule,1b,null_census_int_binbin_n1000,1000,5000,null,TRUE,0.0532,1.03821709523688,TRUE,0.00317394895989208,0.00308220700148449,1.00820776907162,1.03821709523688,TRUE,TRUE,0.0114,0.994936676326182,TRUE,0.00150133540556399,0.00140712472794703,0.932503153400341,0.994936676326182,TRUE,TRUE,TRUE,TRUE
poly3,u,EDGE.poly3.u.Grule,1b,null_census_joint_n1000,1000,5000,null,TRUE,0.053,0.973328526784574,TRUE,0.00316831185333767,0.00308220700148449,0.946876487817837,0.973328526784574,TRUE,TRUE,0.012,1.4213381090374,TRUE,0.00153987012439361,0.00140712472794703,1.29881083366533,1.4213381090374,TRUE,TRUE,TRUE,TRUE
poly3,u,EDGE.poly3.u.Grule,1b,null_census_logx_n1000,1000,5000,null,TRUE,0.0514,0.454219979166135,TRUE,0.00312275647465504,0.00308220700148449,0.448321862867854,0.454219979166135,TRUE,TRUE,0.0084,-1.13707048722992,TRUE,0.00129069283720024,0.00140712472794703,-1.23964428552242,-1.13707048722992,TRUE,TRUE,TRUE,TRUE
poly3,u,EDGE.poly3.u.Grule,1b,null_census_omit_2cov_n1000,1000,5000,null,TRUE,0.0508,0.259554273809218,TRUE,0.00310545842026584,0.00308220700148449,0.257610919785399,0.259554273809218,TRUE,TRUE,0.0092,-0.568535243614961,TRUE,0.00135021183523179,0.00140712472794703,-0.592499620522631,-0.568535243614961,TRUE,TRUE,TRUE,TRUE
poly3,u,EDGE.poly3.u.Grule,1b,null_census_omit_2int_n1000,1000,5000,null,TRUE,0.0508,0.259554273809218,TRUE,0.00310545842026584,0.00308220700148449,0.257610919785399,0.259554273809218,TRUE,TRUE,0.01,0,TRUE,0.00140712472794703,0.00140712472794703,0,0,TRUE,TRUE,TRUE,TRUE
poly3,u,EDGE.poly3.u.Grule,1b,null_census_omit_x2x3_n1000,1000,5000,null,TRUE,0.0512,0.38933141071383,TRUE,0.0031170036894428,0.00308220700148449,0.384985107353053,0.38933141071383,TRUE,TRUE,0.0084,-1.13707048722992,TRUE,0.00129069283720024,0.00140712472794703,-1.23964428552242,-1.13707048722992,TRUE,TRUE,TRUE,TRUE
poly3,u,EDGE.poly3.u.Grule,1b,null_census_skew_n1000,1000,5000,null,TRUE,0.0494,-0.194665705356916,TRUE,0.0030646252625729,0.00308220700148449,-0.195782501478264,-0.194665705356916,TRUE,TRUE,0.0124,1.70560573084488,TRUE,0.00156500734822556,0.00140712472794703,1.53353912537291,1.70560573084488,TRUE,TRUE,TRUE,TRUE
poly3,u,EDGE.poly3.u.Grule,1b,null_crossover_n1000,1000,5000,null,TRUE,0.0514,0.454219979166135,TRUE,0.00312275647465504,0.00308220700148449,0.448321862867854,0.454219979166135,TRUE,TRUE,0.011,0.710669054518701,TRUE,0.00147505932084103,0.00140712472794703,0.677938836676638,0.710669054518701,TRUE,TRUE,TRUE,TRUE
poly3,u,EDGE.poly3.u.Grule,1b,null_crossover_n2000,2000,5000,null,TRUE,0.0464,-1.16799423214149,TRUE,0.00297479545515318,0.00308220700148449,-1.21016723814197,-1.16799423214149,TRUE,TRUE,0.012,1.4213381090374,TRUE,0.00153987012439361,0.00140712472794703,1.29881083366533,1.4213381090374,TRUE,TRUE,TRUE,TRUE
poly3,u,EDGE.poly3.u.Grule,1b,null_e12_n1000,1000,2000,null,TRUE,0.038,-2.46234804500437,TRUE,0.00427527776875375,0.00487339717240448,-2.8068351693317,-2.46234804500437,TRUE,TRUE,0.0095,-0.224733287487748,TRUE,0.00216907238237916,0.0022248595461287,-0.23051328487783,-0.224733287487748,TRUE,TRUE,TRUE,TRUE
poly3,u,EDGE.poly3.u.Grule,1b,null_e12_n11000,11000,2000,null,TRUE,0.049,-0.205195670417031,TRUE,0.00482695556225661,0.00487339717240448,-0.20716992048141,-0.205195670417031,TRUE,TRUE,0.011,0.449466574975494,TRUE,0.00233227356885937,0.0022248595461287,0.428766167636613,0.449466574975494,TRUE,TRUE,TRUE,TRUE
poly3,u,EDGE.poly3.u.Grule,1b,null_e12_n15000,15000,2000,null,TRUE,0.0495,-0.102597835208515,TRUE,0.0048502448391808,0.00487339717240448,-0.103087579406496,-0.102597835208515,TRUE,TRUE,0.0095,-0.224733287487748,TRUE,0.00216907238237916,0.0022248595461287,-0.23051328487783,-0.224733287487748,TRUE,TRUE,TRUE,TRUE
poly3,u,EDGE.poly3.u.Grule,1b,null_e12_n1700,1700,2000,null,TRUE,0.0525,0.512989176042576,TRUE,0.00498717104178311,0.00487339717240448,0.501286195932463,0.512989176042576,TRUE,TRUE,0.009,-0.449466574975495,TRUE,0.00211175282644537,0.0022248595461287,-0.473540268291371,-0.449466574975495,TRUE,TRUE,TRUE,TRUE
poly3,u,EDGE.poly3.u.Grule,1b,null_e12_n4300,4300,2000,null,TRUE,0.045,-1.02597835208516,TRUE,0.00463546114210873,0.00487339717240448,-1.07864133615096,-1.02597835208516,TRUE,TRUE,0.008,-0.89893314995099,TRUE,0.0019919839356782,0.0022248595461287,-1.00402416112812,-0.89893314995099,TRUE,TRUE,TRUE,TRUE
poly3,u,EDGE.poly3.u.Grule,1b,null_e12_n6400,6400,2000,null,TRUE,0.0535,0.718184846459607,TRUE,0.00503178646208283,0.00487339717240448,0.695578007209635,0.718184846459607,TRUE,TRUE,0.0125,1.12366643743874,TRUE,0.00248432586429397,0.0022248595461287,1.00630921085326,1.12366643743874,TRUE,TRUE,TRUE,TRUE
poly3,u,EDGE.poly3.u.Grule,1b,null_e12_n7200,7200,2000,null,TRUE,0.0425,-1.53896752812773,TRUE,0.00451075104611194,0.00487339717240448,-1.66269428823048,-1.53896752812773,TRUE,TRUE,0.014,1.79786629990198,TRUE,0.00262716577322407,0.0022248595461287,1.5225533313382,1.79786629990198,TRUE,TRUE,TRUE,TRUE
poly3,u,EDGE.poly3.u.Grule,1b,null_e12_n8700,8700,2000,null,TRUE,0.039,-2.25715237458734,TRUE,0.00432891441356837,0.00487339717240448,-2.5410527788496,-2.25715237458734,TRUE,TRUE,0.0065,-1.57313301241423,TRUE,0.00179690706493129,0.0022248595461287,-1.9477913289488,-1.57313301241423,TRUE,TRUE,TRUE,TRUE
poly3,u,EDGE.poly3.u.Grule,1b,null_quad_n100,100,10000,null,TRUE,0.0499,-0.0458831467741137,TRUE,0.00217738352156895,0.00217944947177034,-0.0459266817303486,-0.0458831467741137,TRUE,TRUE,0.0091,-0.904534033733291,TRUE,0.000949588858401361,0.00099498743710662,-0.947778601272929,-0.904534033733291,TRUE,TRUE,TRUE,TRUE
poly3,u,EDGE.poly3.u.Grule,1b,null_rough_n10000,10000,1000,null,TRUE,0.052,0.290190500044004,TRUE,0.00702111102319284,0.00689202437604511,0.284855202174327,0.290190500044004,TRUE,TRUE,0.014,1.27128345232746,TRUE,0.00371537346709587,0.00314642654451046,1.07660778530741,1.27128345232746,TRUE,TRUE,TRUE,TRUE
poly3,u,EDGE.poly3.u.Grule,1b,null_skew_n16000,16000,2000,null,TRUE,0.045,-1.02597835208516,TRUE,0.00463546114210873,0.00487339717240448,-1.07864133615096,-1.02597835208516,TRUE,TRUE,0.0075,-1.12366643743874,TRUE,0.00192921616207205,0.0022248595461287,-1.29586308115671,-1.12366643743874,TRUE,TRUE,TRUE,TRUE
poly3,u,EDGE.poly3.u.Grule,1b,null_skew_n2400,2400,2000,null,TRUE,0.047,-0.615587011251093,TRUE,0.00473238840333293,0.00487339717240448,-0.633929370185921,-0.615587011251093,TRUE,TRUE,0.009,-0.449466574975495,TRUE,0.00211175282644537,0.0022248595461287,-0.473540268291371,-0.449466574975495,TRUE,TRUE,TRUE,TRUE
poly3,u,EDGE.poly3.u.Grule,1b,null_skew_n4000,4000,2000,null,TRUE,0.0525,0.512989176042576,TRUE,0.00498717104178311,0.00487339717240448,0.501286195932463,0.512989176042576,TRUE,TRUE,0.009,-0.449466574975495,TRUE,0.00211175282644537,0.0022248595461287,-0.473540268291371,-0.449466574975495,TRUE,TRUE,TRUE,TRUE
poly3,u,EDGE.poly3.u.Grule,1b,null_skew_n9400,9400,2000,null,TRUE,0.0595,1.94935886896179,TRUE,0.00528960064655169,0.00487339717240448,1.79597679197069,1.94935886896179,TRUE,TRUE,0.0145,2.02259958738973,TRUE,0.00267298989897081,0.0022248595461287,1.68350804532881,2.02259958738973,TRUE,TRUE,TRUE,TRUE
poly3,u,EDGE.poly3.u.Grule,1b,runA_null_p20_n1000,1000,2000,null,TRUE,0.0455,-0.923380516876639,TRUE,0.00465992220965114,0.00487339717240448,-0.96568135637116,-0.923380516876639,TRUE,TRUE,0.011,0.449466574975494,TRUE,0.00233227356885937,0.0022248595461287,0.428766167636613,0.449466574975494,TRUE,TRUE,TRUE,TRUE
poly3,u,EDGE.poly3.u.Grule,1b,runG_null_sparse_n10000,10000,2000,null,TRUE,0.0425,-1.53896752812773,TRUE,0.00451075104611194,0.00487339717240448,-1.66269428823048,-1.53896752812773,TRUE,TRUE,0.0095,-0.224733287487748,TRUE,0.00216907238237916,0.0022248595461287,-0.23051328487783,-0.224733287487748,TRUE,TRUE,TRUE,TRUE
poly3,u,EDGE.poly3.u.Grule,1b,runG_null_sparse_n2000,2000,2000,null,TRUE,0.052,0.410391340834061,TRUE,0.00496467521596328,0.00487339717240448,0.402846090227463,0.410391340834061,TRUE,TRUE,0.0095,-0.224733287487748,TRUE,0.00216907238237916,0.0022248595461287,-0.23051328487783,-0.224733287487748,TRUE,TRUE,TRUE,TRUE
poly3,u,EDGE.poly3.u.Grule,1b,runG_null_sparse_n500,500,2000,null,TRUE,0.052,0.410391340834061,TRUE,0.00496467521596328,0.00487339717240448,0.402846090227463,0.410391340834061,TRUE,TRUE,0.0105,0.224733287487748,TRUE,0.00227922684259378,0.0022248595461287,0.219372635779858,0.224733287487748,TRUE,TRUE,TRUE,TRUE
poly3,u,EDGE.poly3.u.Grule,1b,sparse49_n100,100,5000,null,TRUE,0.0186,-10.1875052470119,TRUE,0.0019107087690174,0.00308220700148449,-16.4336923078799,-10.1875052470119,TRUE,TRUE,0.0042,-4.12188051620847,TRUE,0.000914588432028309,0.00140712472794703,-6.34165029524502,-4.12188051620847,TRUE,TRUE,TRUE,TRUE
poly3,u,EDGE.poly3.u.Grule,1b,sparse49_n1000,1000,5000,null,TRUE,0.0418,-2.66043130654451,TRUE,0.00283029185774188,0.00308220700148449,-2.89722771083484,-2.66043130654451,TRUE,TRUE,0.0064,-2.55840859626733,TRUE,0.00112774465194919,0.00140712472794703,-3.19221199034531,-2.55840859626733,TRUE,TRUE,TRUE,TRUE
poly3,u,EDGE.poly3.u.Grule,1b,sparse49_n150,150,5000,null,TRUE,0.0272,-7.39729680356277,TRUE,0.00230044169671826,0.00308220700148449,-9.91114012257984,-7.39729680356277,TRUE,TRUE,0.0094,-0.426401432711221,TRUE,0.00136467138901642,0.00140712472794703,-0.439666285106517,-0.426401432711221,TRUE,TRUE,TRUE,TRUE
poly3,u,EDGE.poly3.u.Grule,1b,sparse49_n200,200,5000,null,TRUE,0.0378,-3.95820267559061,TRUE,0.00269707841932711,0.00308220700148449,-4.5234131542396,-3.95820267559061,TRUE,TRUE,0.0118,1.27920429813366,TRUE,0.00152713850059515,0.00140712472794703,1.17867501821119,1.27920429813366,TRUE,TRUE,TRUE,TRUE
poly3,u,EDGE.poly3.u.Grule,1b,sparse49_n2000,2000,5000,null,TRUE,0.0494,-0.194665705356916,TRUE,0.0030646252625729,0.00308220700148449,-0.195782501478264,-0.194665705356916,TRUE,TRUE,0.008,-1.4213381090374,TRUE,0.00125984125984189,0.00140712472794703,-1.58750158750238,-1.4213381090374,TRUE,TRUE,TRUE,TRUE
poly3,u,EDGE.poly3.u.Grule,1b,sparse49_n300,300,5000,null,TRUE,0.0418,-2.66043130654451,TRUE,0.00283029185774188,0.00308220700148449,-2.89722771083484,-2.66043130654451,TRUE,TRUE,0.009,-0.710669054518702,TRUE,0.00133558975737312,0.00140712472794703,-0.748732905803974,-0.710669054518702,TRUE,TRUE,TRUE,TRUE
poly3,u,EDGE.poly3.u.Grule,1b,sparse49_n500,500,5000,null,TRUE,0.0474,-0.843551389879967,TRUE,0.00300510365877785,0.00308220700148449,-0.865194780354899,-0.843551389879967,TRUE,TRUE,0.0132,2.27414097445984,TRUE,0.00161404832641405,0.00140712472794703,1.98259243396353,2.27414097445984,TRUE,TRUE,TRUE,TRUE
poly3,u,EDGE.poly3.u.Grule,1b,sparse49_n5000,5000,5000,null,TRUE,0.053,0.973328526784574,TRUE,0.00316831185333767,0.00308220700148449,0.946876487817837,0.973328526784574,TRUE,TRUE,0.009,-0.710669054518702,TRUE,0.00133558975737312,0.00140712472794703,-0.748732905803974,-0.710669054518702,TRUE,TRUE,TRUE,TRUE
poly3,u,EDGE.poly3.u.Grule,4,proj_null_contint_n1000,1000,500,null,TRUE,0.056,0.615587011251092,TRUE,0.0102824121683582,0.00974679434480896,0.583520666333882,0.615587011251092,TRUE,TRUE,0.002,-1.79786629990198,TRUE,0.00199799899899875,0.0044497190922574,-4.00400601001753,-1.79786629990198,TRUE,TRUE,TRUE,TRUE
poly3,u,EDGE.poly3.u.Grule,4,proj_null_contint_n500,500,500,null,TRUE,0.044,-0.615587011251093,TRUE,0.00917213170424411,0.00974679434480896,-0.654155456274543,-0.615587011251093,TRUE,TRUE,0.004,-1.34839972492648,TRUE,0.00282276460230038,0.0044497190922574,-2.12557575474426,-1.34839972492648,TRUE,TRUE,TRUE,TRUE
poly3,u,EDGE.poly3.u.Grule,4,proj_null_link_n1000,1000,500,null,TRUE,0.036,-1.43636969291922,TRUE,0.0083311463797007,0.00974679434480896,-1.68044100558739,-1.43636969291922,TRUE,TRUE,0.004,-1.34839972492648,TRUE,0.00282276460230038,0.0044497190922574,-2.12557575474426,-1.34839972492648,TRUE,TRUE,TRUE,TRUE
poly3,u,EDGE.poly3.u.Grule,4,proj_null_link_n500,500,500,null,TRUE,0.042,-0.820782681668123,TRUE,0.00897061870775924,0.00974679434480896,-0.891800249305024,-0.820782681668123,TRUE,TRUE,0.014,0.89893314995099,TRUE,0.00525433154644813,0.0044497190922574,0.7612766656691,0.89893314995099,TRUE,TRUE,TRUE,TRUE
poly3,u,EDGE.poly3.u.Grule,4,proj_null_quad_n1000,1000,500,null,TRUE,0.054,0.410391340834061,TRUE,0.0101078187557949,0.00974679434480896,0.39573325330025,0.410391340834061,TRUE,TRUE,0.004,-1.34839972492648,TRUE,0.00282276460230038,0.0044497190922574,-2.12557575474426,-1.34839972492648,TRUE,TRUE,TRUE,TRUE
poly3,u,EDGE.poly3.u.Grule,4,proj_null_quad_n500,500,500,null,TRUE,0.044,-0.615587011251093,TRUE,0.00917213170424411,0.00974679434480896,-0.654155456274543,-0.615587011251093,TRUE,TRUE,0.01,0,TRUE,0.0044497190922574,0.0044497190922574,0,0,TRUE,TRUE,TRUE,TRUE
poly3,u,EDGE.poly3.u.Grule,5,runA_null_p10,1000,2000,null,TRUE,0.052,0.410391340834061,TRUE,0.00496467521596328,0.00487339717240448,0.402846090227463,0.410391340834061,TRUE,TRUE,0.01,0,TRUE,0.0022248595461287,0.0022248595461287,0,0,TRUE,TRUE,TRUE,TRUE
poly3,u,EDGE.poly3.u.Grule,5,runA_null_p20,1000,2000,null,TRUE,0.046,-0.820782681668124,TRUE,0.00468422885862764,0.00487339717240448,-0.853929242298358,-0.820782681668124,TRUE,TRUE,0.0085,-0.674199862463242,TRUE,0.00205277251540447,0.0022248595461287,-0.730719058611541,-0.674199862463242,TRUE,TRUE,TRUE,TRUE
poly3,u,EDGE.poly3.u.Grule,5,runA_null_p3,1000,2000,null,TRUE,0.055,1.02597835208515,TRUE,0.00509779364038993,0.00487339717240448,0.980816477227499,1.02597835208515,TRUE,TRUE,0.009,-0.449466574975495,TRUE,0.00211175282644537,0.0022248595461287,-0.473540268291371,-0.449466574975495,TRUE,TRUE,TRUE,TRUE
poly3,u,EDGE.poly3.u.Grule,5,runA_null_p5,1000,2000,null,TRUE,0.047,-0.615587011251093,TRUE,0.00473238840333293,0.00487339717240448,-0.633929370185921,-0.615587011251093,TRUE,TRUE,0.004,-2.69679944985297,TRUE,0.00141138230115019,0.0022248595461287,-4.25115150948851,-2.69679944985297,TRUE,TRUE,TRUE,TRUE
poly3,u,EDGE.poly3.u.Grule,5,runF_null_n1000_G10,1000,2000,null,TRUE,0.0485,-0.307793505625547,TRUE,0.00480352734977121,0.00487339717240448,-0.31227052346677,-0.307793505625547,TRUE,TRUE,0.0155,2.47206616236522,TRUE,0.00276222283677476,0.0022248595461287,1.99114999947721,2.47206616236522,TRUE,TRUE,TRUE,TRUE
poly3,u,EDGE.poly3.u.Grule,5,runF_null_n1000_G20,1000,2000,null,TRUE,0.051,0.20519567041703,TRUE,0.00491929873051028,0.00487339717240448,0.203281007066685,0.20519567041703,TRUE,TRUE,0.014,1.79786629990198,TRUE,0.00262716577322407,0.0022248595461287,1.5225533313382,1.79786629990198,TRUE,TRUE,TRUE,TRUE
poly3,u,EDGE.poly3.u.Grule,5,runF_null_n1000_G40,1000,2000,null,TRUE,0.051,0.20519567041703,TRUE,0.00491929873051028,0.00487339717240448,0.203281007066685,0.20519567041703,TRUE,TRUE,0.0105,0.224733287487748,TRUE,0.00227922684259378,0.0022248595461287,0.219372635779858,0.224733287487748,TRUE,TRUE,TRUE,TRUE
poly3,u,EDGE.poly3.u.Grule,5,runF_null_n1000_G5,1000,2000,null,TRUE,0.054,0.820782681668123,TRUE,0.00505390937789747,0.00487339717240448,0.791466506600496,0.820782681668123,TRUE,TRUE,0.01,0,TRUE,0.0022248595461287,0.0022248595461287,0,0,TRUE,TRUE,TRUE,TRUE
poly3,u,EDGE.poly3.u.Grule,5,runF_null_n1000_G67,1000,2000,null,TRUE,0.0515,0.307793505625545,TRUE,0.00494205169944629,0.00487339717240448,0.303517666593422,0.307793505625545,TRUE,TRUE,0.009,-0.449466574975495,TRUE,0.00211175282644537,0.0022248595461287,-0.473540268291371,-0.449466574975495,TRUE,TRUE,TRUE,TRUE
poly3,u,EDGE.poly3.u.Grule,5,runF_null_n20000_G100,20000,800,null,TRUE,0.0575,0.973328526784575,TRUE,0.00823056422731759,0.00770551750371122,0.911237649432002,0.973328526784575,TRUE,TRUE,0.0075,-0.710669054518702,TRUE,0.00305035858547811,0.00351781181986757,-0.819575774435763,-0.710669054518702,TRUE,TRUE,TRUE,TRUE
poly3,u,EDGE.poly3.u.Grule,5,runF_null_n20000_G200,20000,800,null,TRUE,0.0425,-0.973328526784575,TRUE,0.00713212363185047,0.00770551750371122,-1.05158020067216,-0.973328526784575,TRUE,TRUE,0.01,0,TRUE,0.00351781181986757,0.00351781181986757,0,0,TRUE,TRUE,TRUE,TRUE
poly3,u,EDGE.poly3.u.Grule,5,runF_null_n20000_G400,20000,800,null,TRUE,0.04125,-1.13554994791534,TRUE,0.00703104166358016,0.00770551750371122,-1.24448131851128,-1.13554994791534,TRUE,TRUE,0.00875,-0.355334527259351,TRUE,0.00329268839628046,0.00351781181986757,-0.379628999030714,-0.355334527259351,TRUE,TRUE,TRUE,TRUE
poly3,u,EDGE.poly3.u.Grule,5,runF_null_n2000_G10,2000,2000,null,TRUE,0.048,-0.410391340834062,TRUE,0.00477995815881269,0.00487339717240448,-0.418413704377862,-0.410391340834062,TRUE,TRUE,0.011,0.449466574975494,TRUE,0.00233227356885937,0.0022248595461287,0.428766167636613,0.449466574975494,TRUE,TRUE,TRUE,TRUE
poly3,u,EDGE.poly3.u.Grule,5,runF_null_n2000_G133,2000,2000,null,TRUE,0.0405,-1.94935886896179,TRUE,0.00440793318914886,0.00487339717240448,-2.1552050796474,-1.94935886896179,TRUE,TRUE,0.0115,0.674199862463242,TRUE,0.0023840878758972,0.0022248595461287,0.629171439175877,0.674199862463242,TRUE,TRUE,TRUE,TRUE
poly3,u,EDGE.poly3.u.Grule,5,runF_null_n2000_G20,2000,2000,null,TRUE,0.054,0.820782681668123,TRUE,0.00505390937789747,0.00487339717240448,0.791466506600496,0.820782681668123,TRUE,TRUE,0.012,0.89893314995099,TRUE,0.00243474844696531,0.0022248595461287,0.821440096816908,0.89893314995099,TRUE,TRUE,TRUE,TRUE
poly3,u,EDGE.poly3.u.Grule,5,runF_null_n2000_G40,2000,2000,null,TRUE,0.044,-1.23117402250219,TRUE,0.00458606585212206,0.00487339717240448,-1.30831091254908,-1.23117402250219,TRUE,TRUE,0.0075,-1.12366643743874,TRUE,0.00192921616207205,0.0022248595461287,-1.29586308115671,-1.12366643743874,TRUE,TRUE,TRUE,TRUE
poly3,u,EDGE.poly3.u.Grule,5,runF_null_n2000_G80,2000,2000,null,TRUE,0.056,1.23117402250218,TRUE,0.00514120608417908,0.00487339717240448,1.16704133266777,1.23117402250218,TRUE,TRUE,0.0095,-0.224733287487748,TRUE,0.00216907238237916,0.0022248595461287,-0.23051328487783,-0.224733287487748,TRUE,TRUE,TRUE,TRUE
poly3,u,EDGE.poly3.u.Grule,5,runF_null_n5000_G100,5000,2000,null,TRUE,0.043,-1.43636969291922,TRUE,0.00453602248671675,0.00487339717240448,-1.54320222628939,-1.43636969291922,TRUE,TRUE,0.006,-1.79786629990198,TRUE,0.0017268468374468,0.0022248595461287,-2.31636061361072,-1.79786629990198,TRUE,TRUE,TRUE,TRUE
poly3,u,EDGE.poly3.u.Grule,5,runF_null_n5000_G200,5000,2000,null,TRUE,0.05,0,TRUE,0.00487339717240448,0.00487339717240448,0,0,TRUE,TRUE,0.0125,1.12366643743874,TRUE,0.00248432586429397,0.0022248595461287,1.00630921085326,1.12366643743874,TRUE,TRUE,TRUE,TRUE
poly3,u,EDGE.poly3.u.Grule,5,runF_null_n5000_G25,5000,2000,null,TRUE,0.0465,-0.718184846459609,TRUE,0.00470838348055891,0.00487339717240448,-0.743354914579841,-0.718184846459609,TRUE,TRUE,0.0085,-0.674199862463242,TRUE,0.00205277251540447,0.0022248595461287,-0.730719058611541,-0.674199862463242,TRUE,TRUE,TRUE,TRUE
poly3,u,EDGE.poly3.u.Grule,5,runF_null_n5000_G333,5000,2000,null,TRUE,0.0545,0.923380516876638,TRUE,0.00507591124823908,0.00487339717240448,0.88654032348598,0.923380516876638,TRUE,TRUE,0.011,0.449466574975494,TRUE,0.00233227356885937,0.0022248595461287,0.428766167636613,0.449466574975494,TRUE,TRUE,TRUE,TRUE
poly3,u,EDGE.poly3.u.Grule,5,runF_null_n5000_G50,5000,2000,null,TRUE,0.054,0.820782681668123,TRUE,0.00505390937789747,0.00487339717240448,0.791466506600496,0.820782681668123,TRUE,TRUE,0.01,0,TRUE,0.0022248595461287,0.0022248595461287,0,0,TRUE,TRUE,TRUE,TRUE
poly3,u,EDGE.poly3.u.Grule,5,runF_null_n500_G10,500,2000,null,TRUE,0.052,0.410391340834061,TRUE,0.00496467521596328,0.00487339717240448,0.402846090227463,0.410391340834061,TRUE,TRUE,0.0075,-1.12366643743874,TRUE,0.00192921616207205,0.0022248595461287,-1.29586308115671,-1.12366643743874,TRUE,TRUE,TRUE,TRUE
poly3,u,EDGE.poly3.u.Grule,5,runF_null_n500_G20,500,2000,null,TRUE,0.0525,0.512989176042576,TRUE,0.00498717104178311,0.00487339717240448,0.501286195932463,0.512989176042576,TRUE,TRUE,0.014,1.79786629990198,TRUE,0.00262716577322407,0.0022248595461287,1.5225533313382,1.79786629990198,TRUE,TRUE,TRUE,TRUE
poly3,u,EDGE.poly3.u.Grule,5,runF_null_n500_G33,500,2000,null,TRUE,0.05,0,TRUE,0.00487339717240448,0.00487339717240448,0,0,TRUE,TRUE,0.0055,-2.02259958738973,TRUE,0.00165374574829385,0.0022248595461287,-2.72109543117048,-2.02259958738973,TRUE,TRUE,TRUE,TRUE
poly3,u,EDGE.poly3.u.Grule,5,runF_null_n500_G4,500,2000,null,TRUE,0.059,1.84676103375328,TRUE,0.00526872849936301,0.00487339717240448,1.7081920241455,1.84676103375328,TRUE,TRUE,0.0115,0.674199862463242,TRUE,0.0023840878758972,0.0022248595461287,0.629171439175877,0.674199862463242,TRUE,TRUE,TRUE,TRUE
poly3,u,EDGE.poly3.u.Grule,5,runF_null_n500_G5,500,2000,null,TRUE,0.0495,-0.102597835208515,TRUE,0.0048502448391808,0.00487339717240448,-0.103087579406496,-0.102597835208515,TRUE,TRUE,0.014,1.79786629990198,TRUE,0.00262716577322407,0.0022248595461287,1.5225533313382,1.79786629990198,TRUE,TRUE,TRUE,TRUE
poly3,u,EDGE.poly3.u.Grule,5,runG_null_n10000,10000,1000,null,TRUE,0.049,-0.145095250022002,TRUE,0.00682634602111554,0.00689202437604511,-0.146491255630283,-0.145095250022002,TRUE,TRUE,0.009,-0.317820863081864,TRUE,0.00298646948753876,0.00314642654451046,-0.334843534873725,-0.317820863081864,TRUE,TRUE,TRUE,TRUE
poly3,u,EDGE.poly3.u.Grule,5,runG_null_n2000,2000,2000,null,TRUE,0.052,0.410391340834061,TRUE,0.00496467521596328,0.00487339717240448,0.402846090227463,0.410391340834061,TRUE,TRUE,0.0145,2.02259958738973,TRUE,0.00267298989897081,0.0022248595461287,1.68350804532881,2.02259958738973,TRUE,TRUE,TRUE,TRUE
poly3,u,EDGE.poly3.u.Grule,5,runG_null_n500,500,2000,null,TRUE,0.052,0.410391340834061,TRUE,0.00496467521596328,0.00487339717240448,0.402846090227463,0.410391340834061,TRUE,TRUE,0.0115,0.674199862463242,TRUE,0.0023840878758972,0.0022248595461287,0.629171439175877,0.674199862463242,TRUE,TRUE,TRUE,TRUE
poly3,u,EDGE.poly3.u.Grule,5,runG_null_sparse_n10000,10000,1000,null,TRUE,0.049,-0.145095250022002,TRUE,0.00682634602111554,0.00689202437604511,-0.146491255630283,-0.145095250022002,TRUE,TRUE,0.017,2.22474604157305,TRUE,0.00408790900094413,0.00314642654451046,1.7123668844838,2.22474604157305,TRUE,TRUE,TRUE,TRUE
poly3,u,EDGE.poly3.u.Grule,5,runG_null_sparse_n2000,2000,2000,null,TRUE,0.0575,1.53896752812773,TRUE,0.00520546587732549,0.00487339717240448,1.44079323095158,1.53896752812773,TRUE,TRUE,0.006,-1.79786629990198,TRUE,0.0017268468374468,0.0022248595461287,-2.31636061361072,-1.79786629990198,TRUE,TRUE,TRUE,TRUE
poly3,u,EDGE.poly3.u.Grule,5,runG_null_sparse_n500,500,2000,null,TRUE,0.0435,-1.3337718577107,TRUE,0.00456112650559048,0.00487339717240448,-1.42508654211478,-1.3337718577107,TRUE,TRUE,0.0105,0.224733287487748,TRUE,0.00227922684259378,0.0022248595461287,0.219372635779858,0.224733287487748,TRUE,TRUE,TRUE,TRUE
poly3,u,EDGE.poly3.u.Grule,5,runK2_null_n1000,1000,2000,null,TRUE,0.0445,-1.12857618729367,TRUE,0.00461084319837489,0.00487339717240448,-1.19284039022158,-1.12857618729367,TRUE,TRUE,0.0085,-0.674199862463242,TRUE,0.00205277251540447,0.0022248595461287,-0.730719058611541,-0.674199862463242,TRUE,TRUE,TRUE,TRUE
poly3,u,EDGE.poly3.u.Grule,5,runK2_null_n2000,2000,2000,null,TRUE,0.0505,0.102597835208515,TRUE,0.00489641450451246,0.00487339717240448,0.102115537714221,0.102597835208515,TRUE,TRUE,0.01,0,TRUE,0.0022248595461287,0.0022248595461287,0,0,TRUE,TRUE,TRUE,TRUE
poly3,u,EDGE.poly3.u.Grule,5,runK2_null_n500,500,2000,null,TRUE,0.0445,-1.12857618729367,TRUE,0.00461084319837489,0.00487339717240448,-1.19284039022158,-1.12857618729367,TRUE,TRUE,0.008,-0.89893314995099,TRUE,0.0019919839356782,0.0022248595461287,-1.00402416112812,-0.89893314995099,TRUE,TRUE,TRUE,TRUE
poly3,u,EDGE.poly3.u.Grule,5,runK2_null_n5000,5000,2000,null,TRUE,0.0555,1.12857618729367,TRUE,0.00511955808639769,0.00487339717240448,1.0743114751668,1.12857618729367,TRUE,TRUE,0.0125,1.12366643743874,TRUE,0.00248432586429397,0.0022248595461287,1.00630921085326,1.12366643743874,TRUE,TRUE,TRUE,TRUE
poly3,u,EDGE.poly3.u.Grule,6,glow_null_n500,500,2000,null,TRUE,0.0575,1.53896752812773,TRUE,0.00520546587732549,0.00487339717240448,1.44079323095158,1.53896752812773,TRUE,TRUE,0.013,1.34839972492648,TRUE,0.00253288373203351,0.0022248595461287,1.18442073043419,1.34839972492648,TRUE,TRUE,TRUE,TRUE
poly3,u,EDGE.poly3.u.Grule,7,runD_null_n50000,50000,800,null,TRUE,0.05375,0.486664263392287,TRUE,0.007973466741324,0.00770551750371122,0.470309856635497,0.486664263392287,TRUE,TRUE,0.005,-1.4213381090374,TRUE,0.0024937421679075,0.00351781181986757,-2.00501882846834,-1.4213381090374,TRUE,TRUE,TRUE,TRUE
poly3,u,EDGE.poly3.u.Grule,7,runJ_null_n2000,2000,2000,null,TRUE,0.053,0.615587011251092,TRUE,0.0050095408971282,0.00487339717240448,0.598857272873008,0.615587011251092,TRUE,TRUE,0.008,-0.89893314995099,TRUE,0.0019919839356782,0.0022248595461287,-1.00402416112812,-0.89893314995099,TRUE,TRUE,TRUE,TRUE
poly3,u,EDGE.poly3.u.Grule,1b,null_census_omit_2cov_n500,500,5000,null,FALSE,0.06,3.24442842261525,FALSE,0.00335857112474933,0.00308220700148449,2.97745667087707,3.24442842261525,TRUE,FALSE,0.0118,1.27920429813366,TRUE,0.00152713850059515,0.00140712472794703,1.17867501821119,1.27920429813366,TRUE,TRUE,TRUE,FALSE
stk,sc,EDGE.stk.sc.Grule,1a,null_binint_n1000,1000,10000,null,TRUE,0.0489,-0.504714614515238,TRUE,0.00215658966889856,0.00217944947177034,-0.510064578284755,-0.504714614515238,TRUE,TRUE,0.0091,-0.904534033733291,TRUE,0.000949588858401361,0.00099498743710662,-0.947778601272929,-0.904534033733291,TRUE,TRUE,TRUE,TRUE
stk,sc,EDGE.stk.sc.Grule,1a,null_binint_n200,200,10000,null,TRUE,0.0494,-0.275298880644676,TRUE,0.0021670173049609,0.00217944947177034,-0.276878268865891,-0.275298880644676,TRUE,TRUE,0.0091,-0.904534033733291,TRUE,0.000949588858401361,0.00099498743710662,-0.947778601272929,-0.904534033733291,TRUE,TRUE,TRUE,TRUE
stk,sc,EDGE.stk.sc.Grule,1a,null_binint_n2000,2000,10000,null,TRUE,0.0505,0.229415733870562,TRUE,0.00218974313562116,0.00217944947177034,0.228337283887942,0.229415733870562,TRUE,TRUE,0.0117,1.70856428594066,TRUE,0.00107531902243009,0.00099498743710662,1.58092618519684,1.70856428594066,TRUE,TRUE,TRUE,TRUE
stk,sc,EDGE.stk.sc.Grule,1a,null_binint_n500,500,10000,null,TRUE,0.0485,-0.688247201611686,TRUE,0.00214820273717357,0.00217944947177034,-0.69825811784114,-0.688247201611686,TRUE,TRUE,0.0103,0.301511344577764,TRUE,0.00100964894889263,0.00099498743710662,0.297132979070633,0.301511344577764,TRUE,TRUE,TRUE,TRUE
stk,sc,EDGE.stk.sc.Grule,1a,null_binint_n5000,5000,10000,null,TRUE,0.0502,0.0917662935482242,TRUE,0.00218357413430366,0.00217944947177034,0.0915929516007839,0.0917662935482242,TRUE,TRUE,0.0092,-0.80403025220737,TRUE,0.000954743944730732,0.00099498743710662,-0.837920999044017,-0.80403025220737,TRUE,TRUE,TRUE,TRUE
stk,sc,EDGE.stk.sc.Grule,1a,null_contint_n1000,1000,10000,null,TRUE,0.0484,-0.7341303483858,TRUE,0.00214609971809327,0.00217944947177034,-0.745538516458846,-0.7341303483858,TRUE,TRUE,0.0115,1.50755672288882,TRUE,0.00106619651096784,0.00099498743710662,1.40687010749864,1.50755672288882,TRUE,TRUE,TRUE,TRUE
stk,sc,EDGE.stk.sc.Grule,1a,null_contint_n200,200,10000,null,TRUE,0.0507,0.321182027418786,TRUE,0.00219384388687983,0.00217944947177034,0.319074663510158,0.321182027418786,TRUE,TRUE,0.0117,1.70856428594066,TRUE,0.00107531902243009,0.00099498743710662,1.58092618519684,1.70856428594066,TRUE,TRUE,TRUE,TRUE
stk,sc,EDGE.stk.sc.Grule,1a,null_contint_n500,500,10000,null,TRUE,0.048,-0.917662935482248,TRUE,0.00213766227454198,0.00217944947177034,-0.935601485706401,-0.917662935482248,TRUE,TRUE,0.0106,0.603022689155527,TRUE,0.00102409179276079,0.00099498743710662,0.585884980468884,0.603022689155527,TRUE,TRUE,TRUE,TRUE
stk,sc,EDGE.stk.sc.Grule,1a,null_link_n1000,1000,10000,null,TRUE,0.0538,1.74355957741627,TRUE,0.00225622605250449,0.00217944947177034,1.68422840246077,1.74355957741627,TRUE,TRUE,0.0115,1.50755672288882,TRUE,0.00106619651096784,0.00099498743710662,1.40687010749864,1.50755672288882,TRUE,TRUE,TRUE,TRUE
stk,sc,EDGE.stk.sc.Grule,1a,null_link_n200,200,10000,null,TRUE,0.0491,-0.412948320967013,TRUE,0.00216076815045021,0.00217944947177034,-0.416518542173293,-0.412948320967013,TRUE,TRUE,0.0093,-0.70352647068145,TRUE,0.000959870303739,0.00099498743710662,-0.729265190592186,-0.70352647068145,TRUE,TRUE,TRUE,TRUE
stk,sc,EDGE.stk.sc.Grule,1a,null_link_n2000,2000,10000,null,TRUE,0.0491,-0.412948320967013,TRUE,0.00216076815045021,0.00217944947177034,-0.416518542173293,-0.412948320967013,TRUE,TRUE,0.0093,-0.70352647068145,TRUE,0.000959870303739,0.00099498743710662,-0.729265190592186,-0.70352647068145,TRUE,TRUE,TRUE,TRUE
stk,sc,EDGE.stk.sc.Grule,1a,null_link_n500,500,10000,null,TRUE,0.0498,-0.0917662935482273,TRUE,0.00217531514958178,0.00217944947177034,-0.0919407011156325,-0.0917662935482273,TRUE,TRUE,0.0106,0.603022689155527,TRUE,0.00102409179276079,0.00099498743710662,0.585884980468884,0.603022689155527,TRUE,TRUE,TRUE,TRUE
stk,sc,EDGE.stk.sc.Grule,1a,null_link_n5000,5000,10000,null,TRUE,0.0476,-1.1011955225787,TRUE,0.00212918388120895,0.00217944947177034,-1.12719245208511,-1.1011955225787,TRUE,TRUE,0.009,-1.00503781525921,TRUE,0.000944404574321832,0.00099498743710662,-1.05886822998299,-1.00503781525921,TRUE,TRUE,TRUE,TRUE
stk,sc,EDGE.stk.sc.Grule,1a,null_quad_n1000,1000,10000,null,TRUE,0.0535,1.60591013709393,TRUE,0.00225028331549607,0.00217944947177034,1.55535970777459,1.60591013709393,TRUE,TRUE,0.0107,0.703526470681448,TRUE,0.00102885907684192,0.00099498743710662,0.680365285932693,0.703526470681448,TRUE,TRUE,TRUE,TRUE
stk,sc,EDGE.stk.sc.Grule,1a,null_quad_n200,200,10000,null,TRUE,0.047,-1.37649440322337,TRUE,0.00211638843315682,0.00217944947177034,-1.41750916466935,-1.37649440322337,TRUE,TRUE,0.0086,-1.4070529413629,TRUE,0.000923365583070974,0.00099498743710662,-1.51619253052925,-1.4070529413629,TRUE,TRUE,TRUE,TRUE
stk,sc,EDGE.stk.sc.Grule,1a,null_quad_n2000,2000,10000,null,TRUE,0.0494,-0.275298880644676,TRUE,0.0021670173049609,0.00217944947177034,-0.276878268865891,-0.275298880644676,TRUE,TRUE,0.0101,0.100503781525921,TRUE,0.000999899494949367,0.00099498743710662,0.100010051515291,0.100503781525921,TRUE,TRUE,TRUE,TRUE
stk,sc,EDGE.stk.sc.Grule,1a,null_quad_n500,500,10000,null,TRUE,0.0495,-0.229415733870562,TRUE,0.00216909543358516,0.00217944947177034,-0.230510835188834,-0.229415733870562,TRUE,TRUE,0.0092,-0.80403025220737,TRUE,0.000954743944730732,0.00099498743710662,-0.837920999044017,-0.80403025220737,TRUE,TRUE,TRUE,TRUE
stk,sc,EDGE.stk.sc.Grule,1a,null_quad_n5000,5000,10000,null,TRUE,0.0508,0.367065174192897,TRUE,0.00219589070766284,0.00217944947177034,0.364316856575919,0.367065174192897,TRUE,TRUE,0.01,0,TRUE,0.00099498743710662,0.00099498743710662,0,0,TRUE,TRUE,TRUE,TRUE
stk,sc,EDGE.stk.sc.Grule,1a,null_rough_n1000,1000,10000,null,TRUE,0.0492,-0.3670651741929,TRUE,0.00216285367050108,0.00217944947177034,-0.369881703469408,-0.3670651741929,TRUE,TRUE,0.0115,1.50755672288882,TRUE,0.00106619651096784,0.00099498743710662,1.40687010749864,1.50755672288882,TRUE,TRUE,TRUE,TRUE
stk,sc,EDGE.stk.sc.Grule,1a,null_rough_n200,200,10000,null,TRUE,0.0528,1.28472810967514,TRUE,0.00223633986683599,0.00217944947177034,1.25204582788281,1.28472810967514,TRUE,TRUE,0.0095,-0.502518907629607,TRUE,0.000970038659023443,0.00099498743710662,-0.515443374703602,-0.502518907629607,TRUE,TRUE,TRUE,TRUE
stk,sc,EDGE.stk.sc.Grule,1a,null_rough_n2000,2000,10000,null,TRUE,0.051,0.458831467741121,TRUE,0.00219997727260988,0.00217944947177034,0.454550150335723,0.458831467741121,TRUE,TRUE,0.0106,0.603022689155527,TRUE,0.00102409179276079,0.00099498743710662,0.585884980468884,0.603022689155527,TRUE,TRUE,TRUE,TRUE
stk,sc,EDGE.stk.sc.Grule,1a,null_rough_n500,500,10000,null,TRUE,0.0497,-0.137649440322338,TRUE,0.00217324434889407,0.00217944947177034,-0.138042461793432,-0.137649440322338,TRUE,TRUE,0.0095,-0.502518907629607,TRUE,0.000970038659023443,0.00099498743710662,-0.515443374703602,-0.502518907629607,TRUE,TRUE,TRUE,TRUE
stk,sc,EDGE.stk.sc.Grule,1a,null_rough_n5000,5000,10000,null,TRUE,0.0513,0.596480908063459,TRUE,0.00220608952674183,0.00217944947177034,0.589277989057844,0.596480908063459,TRUE,TRUE,0.0108,0.80403025220737,TRUE,0.00103360340556715,0.00099498743710662,0.773991257856809,0.80403025220737,TRUE,TRUE,TRUE,TRUE
stk,sc,EDGE.stk.sc.Grule,1b,moderate1_n100,100,5000,null,TRUE,0.0496,-0.129777136904611,TRUE,0.00307049963361014,0.00308220700148449,-0.130271958225152,-0.129777136904611,TRUE,TRUE,0.008,-1.4213381090374,TRUE,0.00125984125984189,0.00140712472794703,-1.58750158750238,-1.4213381090374,TRUE,TRUE,TRUE,TRUE
stk,sc,EDGE.stk.sc.Grule,1b,moderate1_n150,150,5000,null,TRUE,0.0434,-2.14132275892607,TRUE,0.00288154264240528,0.00308220700148449,-2.2904398161156,-2.14132275892607,TRUE,TRUE,0.009,-0.710669054518702,TRUE,0.00133558975737312,0.00140712472794703,-0.748732905803974,-0.710669054518702,TRUE,TRUE,TRUE,TRUE
stk,sc,EDGE.stk.sc.Grule,1b,moderate1_n200,200,5000,null,TRUE,0.0426,-2.40087703273529,TRUE,0.00285605462132642,0.00308220700148449,-2.59098686164597,-2.40087703273529,TRUE,TRUE,0.0092,-0.568535243614961,TRUE,0.00135021183523179,0.00140712472794703,-0.592499620522631,-0.568535243614961,TRUE,TRUE,TRUE,TRUE
stk,sc,EDGE.stk.sc.Grule,1b,moderate1_n300,300,5000,null,TRUE,0.0468,-1.03821709523688,TRUE,0.00298696367570816,0.00308220700148449,-1.07132203381795,-1.03821709523688,TRUE,TRUE,0.0116,1.13707048722992,TRUE,0.00151429455523026,0.00140712472794703,1.05659760478813,1.13707048722992,TRUE,TRUE,TRUE,TRUE
stk,sc,EDGE.stk.sc.Grule,1b,moderate1_n500,500,5000,null,TRUE,0.0504,0.129777136904609,TRUE,0.00309385972532693,0.00308220700148449,0.129288343852671,0.129777136904609,TRUE,TRUE,0.0122,1.56347191994114,TRUE,0.00155249218999646,0.00140712472794703,1.41707637189789,1.56347191994114,TRUE,TRUE,TRUE,TRUE
stk,sc,EDGE.stk.sc.Grule,1b,null_auc_n3500,3500,2000,null,TRUE,0.0405,-1.94935886896179,TRUE,0.00440793318914886,0.00487339717240448,-2.1552050796474,-1.94935886896179,TRUE,TRUE,0.0085,-0.674199862463242,TRUE,0.00205277251540447,0.0022248595461287,-0.730719058611541,-0.674199862463242,TRUE,TRUE,TRUE,TRUE
stk,sc,EDGE.stk.sc.Grule,1b,null_auc_n380,380,2000,null,TRUE,0.048,-0.410391340834062,TRUE,0.00477995815881269,0.00487339717240448,-0.418413704377862,-0.410391340834062,TRUE,TRUE,0.0105,0.224733287487748,TRUE,0.00227922684259378,0.0022248595461287,0.219372635779858,0.224733287487748,TRUE,TRUE,TRUE,TRUE
stk,sc,EDGE.stk.sc.Grule,1b,null_auc_n460,460,2000,null,TRUE,0.045,-1.02597835208516,TRUE,0.00463546114210873,0.00487339717240448,-1.07864133615096,-1.02597835208516,TRUE,TRUE,0.009,-0.449466574975495,TRUE,0.00211175282644537,0.0022248595461287,-0.473540268291371,-0.449466574975495,TRUE,TRUE,TRUE,TRUE
stk,sc,EDGE.stk.sc.Grule,1b,null_auc_n4700,4700,2000,null,TRUE,0.0475,-0.512989176042578,TRUE,0.00475624589355933,0.00487339717240448,-0.525624632524861,-0.512989176042578,TRUE,TRUE,0.0105,0.224733287487748,TRUE,0.00227922684259378,0.0022248595461287,0.219372635779858,0.224733287487748,TRUE,TRUE,TRUE,TRUE
stk,sc,EDGE.stk.sc.Grule,1b,null_auc_n5900,5900,2000,null,TRUE,0.0365,-2.77014155062992,TRUE,0.0041933131292571,0.00487339717240448,-3.21941137803647,-2.77014155062992,TRUE,TRUE,0.0085,-0.674199862463242,TRUE,0.00205277251540447,0.0022248595461287,-0.730719058611541,-0.674199862463242,TRUE,TRUE,TRUE,TRUE
stk,sc,EDGE.stk.sc.Grule,1b,null_auc_n640,640,2000,null,TRUE,0.039,-2.25715237458734,TRUE,0.00432891441356837,0.00487339717240448,-2.5410527788496,-2.25715237458734,TRUE,TRUE,0.0095,-0.224733287487748,TRUE,0.00216907238237916,0.0022248595461287,-0.23051328487783,-0.224733287487748,TRUE,TRUE,TRUE,TRUE
stk,sc,EDGE.stk.sc.Grule,1b,null_auc_n760,760,2000,null,TRUE,0.0525,0.512989176042576,TRUE,0.00498717104178311,0.00487339717240448,0.501286195932463,0.512989176042576,TRUE,TRUE,0.014,1.79786629990198,TRUE,0.00262716577322407,0.0022248595461287,1.5225533313382,1.79786629990198,TRUE,TRUE,TRUE,TRUE
stk,sc,EDGE.stk.sc.Grule,1b,null_auc_n7800,7800,2000,null,TRUE,0.0485,-0.307793505625547,TRUE,0.00480352734977121,0.00487339717240448,-0.31227052346677,-0.307793505625547,TRUE,TRUE,0.012,0.89893314995099,TRUE,0.00243474844696531,0.0022248595461287,0.821440096816908,0.89893314995099,TRUE,TRUE,TRUE,TRUE
stk,sc,EDGE.stk.sc.Grule,1b,null_base_n1000,1000,2000,null,TRUE,0.054,0.820782681668123,TRUE,0.00505390937789747,0.00487339717240448,0.791466506600496,0.820782681668123,TRUE,TRUE,0.0095,-0.224733287487748,TRUE,0.00216907238237916,0.0022248595461287,-0.23051328487783,-0.224733287487748,TRUE,TRUE,TRUE,TRUE
stk,sc,EDGE.stk.sc.Grule,1b,null_base_n16000,16000,2000,null,TRUE,0.0425,-1.53896752812773,TRUE,0.00451075104611194,0.00487339717240448,-1.66269428823048,-1.53896752812773,TRUE,TRUE,0.0065,-1.57313301241423,TRUE,0.00179690706493129,0.0022248595461287,-1.9477913289488,-1.57313301241423,TRUE,TRUE,TRUE,TRUE
stk,sc,EDGE.stk.sc.Grule,1b,null_base_n20000,20000,2000,null,TRUE,0.0485,-0.307793505625547,TRUE,0.00480352734977121,0.00487339717240448,-0.31227052346677,-0.307793505625547,TRUE,TRUE,0.0095,-0.224733287487748,TRUE,0.00216907238237916,0.0022248595461287,-0.23051328487783,-0.224733287487748,TRUE,TRUE,TRUE,TRUE
stk,sc,EDGE.stk.sc.Grule,1b,null_base_n2400,2400,2000,null,TRUE,0.051,0.20519567041703,TRUE,0.00491929873051028,0.00487339717240448,0.203281007066685,0.20519567041703,TRUE,TRUE,0.011,0.449466574975494,TRUE,0.00233227356885937,0.0022248595461287,0.428766167636613,0.449466574975494,TRUE,TRUE,TRUE,TRUE
stk,sc,EDGE.stk.sc.Grule,1b,null_base_n4000,4000,2000,null,TRUE,0.05,0,TRUE,0.00487339717240448,0.00487339717240448,0,0,TRUE,TRUE,0.0085,-0.674199862463242,TRUE,0.00205277251540447,0.0022248595461287,-0.730719058611541,-0.674199862463242,TRUE,TRUE,TRUE,TRUE
stk,sc,EDGE.stk.sc.Grule,1b,null_base_n610,610,2000,null,TRUE,0.047,-0.615587011251093,TRUE,0.00473238840333293,0.00487339717240448,-0.633929370185921,-0.615587011251093,TRUE,TRUE,0.011,0.449466574975494,TRUE,0.00233227356885937,0.0022248595461287,0.428766167636613,0.449466574975494,TRUE,TRUE,TRUE,TRUE
stk,sc,EDGE.stk.sc.Grule,1b,null_base_n9400,9400,2000,null,TRUE,0.0425,-1.53896752812773,TRUE,0.00451075104611194,0.00487339717240448,-1.66269428823048,-1.53896752812773,TRUE,TRUE,0.0085,-0.674199862463242,TRUE,0.00205277251540447,0.0022248595461287,-0.730719058611541,-0.674199862463242,TRUE,TRUE,TRUE,TRUE
stk,sc,EDGE.stk.sc.Grule,1b,null_census_corr_n1000,1000,5000,null,TRUE,0.0512,0.38933141071383,TRUE,0.0031170036894428,0.00308220700148449,0.384985107353053,0.38933141071383,TRUE,TRUE,0.0122,1.56347191994114,TRUE,0.00155249218999646,0.00140712472794703,1.41707637189789,1.56347191994114,TRUE,TRUE,TRUE,TRUE
stk,sc,EDGE.stk.sc.Grule,1b,null_census_int_binbin_n1000,1000,5000,null,TRUE,0.0466,-1.10310566368919,TRUE,0.00298088711627931,0.00308220700148449,-1.14060005205558,-1.10310566368919,TRUE,TRUE,0.007,-2.1320071635561,TRUE,0.00117906742809731,0.00140712472794703,-2.54438374643355,-2.1320071635561,TRUE,TRUE,TRUE,TRUE
stk,sc,EDGE.stk.sc.Grule,1b,null_census_joint_n1000,1000,5000,null,TRUE,0.0572,2.33598846428298,TRUE,0.00328414859590732,0.00308220700148449,2.19234903346718,2.33598846428298,TRUE,TRUE,0.011,0.710669054518701,TRUE,0.00147505932084103,0.00140712472794703,0.677938836676638,0.710669054518701,TRUE,TRUE,TRUE,TRUE
stk,sc,EDGE.stk.sc.Grule,1b,null_census_logx_n1000,1000,5000,null,TRUE,0.0548,1.55732564285532,TRUE,0.00321860093829602,0.00308220700148449,1.49133120011492,1.55732564285532,TRUE,TRUE,0.0102,0.142133810903741,TRUE,0.00142098275851609,0.00140712472794703,0.140747661293834,0.142133810903741,TRUE,TRUE,TRUE,TRUE
stk,sc,EDGE.stk.sc.Grule,1b,null_census_omit_2cov_n1000,1000,5000,null,TRUE,0.0464,-1.16799423214149,TRUE,0.00297479545515318,0.00308220700148449,-1.21016723814197,-1.16799423214149,TRUE,TRUE,0.0094,-0.426401432711221,TRUE,0.00136467138901642,0.00140712472794703,-0.439666285106517,-0.426401432711221,TRUE,TRUE,TRUE,TRUE
stk,sc,EDGE.stk.sc.Grule,1b,null_census_omit_2int_n1000,1000,5000,null,TRUE,0.0508,0.259554273809218,TRUE,0.00310545842026584,0.00308220700148449,0.257610919785399,0.259554273809218,TRUE,TRUE,0.0116,1.13707048722992,TRUE,0.00151429455523026,0.00140712472794703,1.05659760478813,1.13707048722992,TRUE,TRUE,TRUE,TRUE
stk,sc,EDGE.stk.sc.Grule,1b,null_census_omit_x2x3_n1000,1000,5000,null,TRUE,0.0524,0.77866282142766,TRUE,0.00315132480077824,0.00308220700148449,0.761584461051842,0.77866282142766,TRUE,TRUE,0.0086,-0.994936676326182,TRUE,0.00130583613060751,0.00140712472794703,-1.07211001992163,-0.994936676326182,TRUE,TRUE,TRUE,TRUE
stk,sc,EDGE.stk.sc.Grule,1b,null_crossover_n1000,1000,5000,null,TRUE,0.052,0.648885684523049,TRUE,0.00313993630508646,0.00308220700148449,0.636955595806242,0.648885684523049,TRUE,TRUE,0.0096,-0.284267621807481,TRUE,0.00137897353129058,0.00140712472794703,-0.290070832342693,-0.284267621807481,TRUE,TRUE,TRUE,TRUE
stk,sc,EDGE.stk.sc.Grule,1b,null_crossover_n2000,2000,5000,null,TRUE,0.048,-0.648885684523051,TRUE,0.00302311098043059,0.00308220700148449,-0.661570155031204,-0.648885684523051,TRUE,TRUE,0.01,0,TRUE,0.00140712472794703,0.00140712472794703,0,0,TRUE,TRUE,TRUE,TRUE
stk,sc,EDGE.stk.sc.Grule,1b,null_e12_n1000,1000,2000,null,TRUE,0.0475,-0.512989176042578,TRUE,0.00475624589355933,0.00487339717240448,-0.525624632524861,-0.512989176042578,TRUE,TRUE,0.01,0,TRUE,0.0022248595461287,0.0022248595461287,0,0,TRUE,TRUE,TRUE,TRUE
stk,sc,EDGE.stk.sc.Grule,1b,null_e12_n11000,11000,2000,null,TRUE,0.055,1.02597835208515,TRUE,0.00509779364038993,0.00487339717240448,0.980816477227499,1.02597835208515,TRUE,TRUE,0.0135,1.57313301241423,TRUE,0.00258047960658479,0.0022248595461287,1.35633701234019,1.57313301241423,TRUE,TRUE,TRUE,TRUE
stk,sc,EDGE.stk.sc.Grule,1b,null_e12_n15000,15000,2000,null,TRUE,0.0455,-0.923380516876639,TRUE,0.00465992220965114,0.00487339717240448,-0.96568135637116,-0.923380516876639,TRUE,TRUE,0.0105,0.224733287487748,TRUE,0.00227922684259378,0.0022248595461287,0.219372635779858,0.224733287487748,TRUE,TRUE,TRUE,TRUE
stk,sc,EDGE.stk.sc.Grule,1b,null_e12_n1700,1700,2000,null,TRUE,0.045,-1.02597835208516,TRUE,0.00463546114210873,0.00487339717240448,-1.07864133615096,-1.02597835208516,TRUE,TRUE,0.0125,1.12366643743874,TRUE,0.00248432586429397,0.0022248595461287,1.00630921085326,1.12366643743874,TRUE,TRUE,TRUE,TRUE
stk,sc,EDGE.stk.sc.Grule,1b,null_e12_n4300,4300,2000,null,TRUE,0.047,-0.615587011251093,TRUE,0.00473238840333293,0.00487339717240448,-0.633929370185921,-0.615587011251093,TRUE,TRUE,0.009,-0.449466574975495,TRUE,0.00211175282644537,0.0022248595461287,-0.473540268291371,-0.449466574975495,TRUE,TRUE,TRUE,TRUE
stk,sc,EDGE.stk.sc.Grule,1b,null_e12_n6400,6400,2000,null,TRUE,0.054,0.820782681668123,TRUE,0.00505390937789747,0.00487339717240448,0.791466506600496,0.820782681668123,TRUE,TRUE,0.0105,0.224733287487748,TRUE,0.00227922684259378,0.0022248595461287,0.219372635779858,0.224733287487748,TRUE,TRUE,TRUE,TRUE
stk,sc,EDGE.stk.sc.Grule,1b,null_e12_n7200,7200,2000,null,TRUE,0.049,-0.205195670417031,TRUE,0.00482695556225661,0.00487339717240448,-0.20716992048141,-0.205195670417031,TRUE,TRUE,0.008,-0.89893314995099,TRUE,0.0019919839356782,0.0022248595461287,-1.00402416112812,-0.89893314995099,TRUE,TRUE,TRUE,TRUE
stk,sc,EDGE.stk.sc.Grule,1b,null_e12_n8700,8700,2000,null,TRUE,0.047,-0.615587011251093,TRUE,0.00473238840333293,0.00487339717240448,-0.633929370185921,-0.615587011251093,TRUE,TRUE,0.0085,-0.674199862463242,TRUE,0.00205277251540447,0.0022248595461287,-0.730719058611541,-0.674199862463242,TRUE,TRUE,TRUE,TRUE
stk,sc,EDGE.stk.sc.Grule,1b,null_quad_n100,100,10000,null,TRUE,0.0482,-0.825896641934024,TRUE,0.00214188608473934,0.00217944947177034,-0.840380827358079,-0.825896641934024,TRUE,TRUE,0.0069,-3.11561722730356,TRUE,0.000827791640450663,0.00099498743710662,-3.74490372760023,-3.11561722730356,TRUE,TRUE,TRUE,TRUE
stk,sc,EDGE.stk.sc.Grule,1b,null_rough_n10000,10000,1000,null,TRUE,0.045,-0.725476250110012,TRUE,0.00655553201502365,0.00689202437604511,-0.76271460326046,-0.725476250110012,TRUE,TRUE,0.013,0.953462589245592,TRUE,0.00358203852575597,0.00314642654451046,0.837511930267937,0.953462589245592,TRUE,TRUE,TRUE,TRUE
stk,sc,EDGE.stk.sc.Grule,1b,null_skew_n16000,16000,2000,null,TRUE,0.0515,0.307793505625545,TRUE,0.00494205169944629,0.00487339717240448,0.303517666593422,0.307793505625545,TRUE,TRUE,0.0155,2.47206616236522,TRUE,0.00276222283677476,0.0022248595461287,1.99114999947721,2.47206616236522,TRUE,TRUE,TRUE,TRUE
stk,sc,EDGE.stk.sc.Grule,1b,runA_null_p20_n1000,1000,2000,null,TRUE,0.0535,0.718184846459607,TRUE,0.00503178646208283,0.00487339717240448,0.695578007209635,0.718184846459607,TRUE,TRUE,0.011,0.449466574975494,TRUE,0.00233227356885937,0.0022248595461287,0.428766167636613,0.449466574975494,TRUE,TRUE,TRUE,TRUE
stk,sc,EDGE.stk.sc.Grule,1b,runG_null_sparse_n10000,10000,2000,null,TRUE,0.0475,-0.512989176042578,TRUE,0.00475624589355933,0.00487339717240448,-0.525624632524861,-0.512989176042578,TRUE,TRUE,0.013,1.34839972492648,TRUE,0.00253288373203351,0.0022248595461287,1.18442073043419,1.34839972492648,TRUE,TRUE,TRUE,TRUE
stk,sc,EDGE.stk.sc.Grule,1b,runG_null_sparse_n2000,2000,2000,null,TRUE,0.0415,-1.74416319854476,TRUE,0.00445969449626317,0.00487339717240448,-1.90596015200643,-1.74416319854476,TRUE,TRUE,0.009,-0.449466574975495,TRUE,0.00211175282644537,0.0022248595461287,-0.473540268291371,-0.449466574975495,TRUE,TRUE,TRUE,TRUE
stk,sc,EDGE.stk.sc.Grule,1b,runG_null_sparse_n500,500,2000,null,TRUE,0.053,0.615587011251092,TRUE,0.0050095408971282,0.00487339717240448,0.598857272873008,0.615587011251092,TRUE,TRUE,0.012,0.89893314995099,TRUE,0.00243474844696531,0.0022248595461287,0.821440096816908,0.89893314995099,TRUE,TRUE,TRUE,TRUE
stk,sc,EDGE.stk.sc.Grule,1b,sparse49_n100,100,5000,null,TRUE,0.0274,-7.33240823511047,TRUE,0.00230864635663412,0.00308220700148449,-9.78928623479153,-7.33240823511047,TRUE,TRUE,0.0046,-3.83761289440099,TRUE,0.000956957679315026,0.00140712472794703,-5.64288276976389,-3.83761289440099,TRUE,TRUE,TRUE,TRUE
stk,sc,EDGE.stk.sc.Grule,1b,sparse49_n1000,1000,5000,null,TRUE,0.0424,-2.46576560118759,TRUE,0.00284963997726029,0.00308220700148449,-2.66700357260808,-2.46576560118759,TRUE,TRUE,0.0108,0.568535243614961,TRUE,0.00146173595426807,0.00140712472794703,0.54729446700966,0.568535243614961,TRUE,TRUE,TRUE,TRUE
stk,sc,EDGE.stk.sc.Grule,1b,sparse49_n150,150,5000,null,TRUE,0.0334,-5.38575118154132,TRUE,0.00254104073166882,0.00308220700148449,-6.53275635967394,-5.38575118154132,TRUE,TRUE,0.0046,-3.83761289440099,TRUE,0.000956957679315026,0.00140712472794703,-5.64288276976389,-3.83761289440099,TRUE,TRUE,TRUE,TRUE
stk,sc,EDGE.stk.sc.Grule,1b,sparse49_n200,200,5000,null,TRUE,0.0356,-4.67197692856596,TRUE,0.00262040607540129,0.00308220700148449,-5.49533148132195,-4.67197692856596,TRUE,TRUE,0.0058,-2.98481002897855,TRUE,0.00107390502373348,0.00140712472794703,-3.91096038027507,-2.98481002897855,TRUE,TRUE,TRUE,TRUE
stk,sc,EDGE.stk.sc.Grule,1b,sparse49_n2000,2000,5000,null,TRUE,0.045,-1.62221421130763,TRUE,0.00293172304285381,0.00308220700148449,-1.70548170032217,-1.62221421130763,TRUE,TRUE,0.0076,-1.70560573084488,TRUE,0.00122818891055082,0.00140712472794703,-1.95409678379497,-1.70560573084488,TRUE,TRUE,TRUE,TRUE
stk,sc,EDGE.stk.sc.Grule,1b,sparse49_n300,300,5000,null,TRUE,0.0408,-2.98487414880603,TRUE,0.00279769047608916,0.00308220700148449,-3.28842667858687,-2.98487414880603,TRUE,TRUE,0.007,-2.1320071635561,TRUE,0.00117906742809731,0.00140712472794703,-2.54438374643355,-2.1320071635561,TRUE,TRUE,TRUE,TRUE
stk,sc,EDGE.stk.sc.Grule,1b,sparse49_n500,500,5000,null,TRUE,0.0498,-0.0648885684523069,TRUE,0.00307636018697421,0.00308220700148449,-0.0650118932259093,-0.0648885684523069,TRUE,TRUE,0.011,0.710669054518701,TRUE,0.00147505932084103,0.00140712472794703,0.677938836676638,0.710669054518701,TRUE,TRUE,TRUE,TRUE
stk,sc,EDGE.stk.sc.Grule,1b,sparse49_n5000,5000,5000,null,TRUE,0.0474,-0.843551389879967,TRUE,0.00300510365877785,0.00308220700148449,-0.865194780354899,-0.843551389879967,TRUE,TRUE,0.0124,1.70560573084488,TRUE,0.00156500734822556,0.00140712472794703,1.53353912537291,1.70560573084488,TRUE,TRUE,TRUE,TRUE
stk,sc,EDGE.stk.sc.Grule,4,proj_null_contint_n1000,1000,500,null,TRUE,0.042,-0.820782681668123,TRUE,0.00897061870775924,0.00974679434480896,-0.891800249305024,-0.820782681668123,TRUE,TRUE,0.002,-1.79786629990198,TRUE,0.00199799899899875,0.0044497190922574,-4.00400601001753,-1.79786629990198,TRUE,TRUE,TRUE,TRUE
stk,sc,EDGE.stk.sc.Grule,4,proj_null_contint_n500,500,500,null,TRUE,0.04,-1.02597835208515,TRUE,0.00876356092008266,0.00974679434480896,-1.1410886614691,-1.02597835208515,TRUE,TRUE,0.004,-1.34839972492648,TRUE,0.00282276460230038,0.0044497190922574,-2.12557575474426,-1.34839972492648,TRUE,TRUE,TRUE,TRUE
stk,sc,EDGE.stk.sc.Grule,4,proj_null_link_n1000,1000,500,null,TRUE,0.036,-1.43636969291922,TRUE,0.0083311463797007,0.00974679434480896,-1.68044100558739,-1.43636969291922,TRUE,TRUE,0.008,-0.449466574975495,TRUE,0.0039839678713564,0.0044497190922574,-0.502012080564061,-0.449466574975495,TRUE,TRUE,TRUE,TRUE
stk,sc,EDGE.stk.sc.Grule,4,proj_null_link_n500,500,500,null,TRUE,0.056,0.615587011251092,TRUE,0.0102824121683582,0.00974679434480896,0.583520666333882,0.615587011251092,TRUE,TRUE,0.006,-0.89893314995099,TRUE,0.00345369367489359,0.0044497190922574,-1.15818030680536,-0.89893314995099,TRUE,TRUE,TRUE,TRUE
stk,sc,EDGE.stk.sc.Grule,4,proj_null_quad_n1000,1000,500,null,TRUE,0.048,-0.205195670417031,TRUE,0.00955991631762538,0.00974679434480896,-0.209206852188931,-0.205195670417031,TRUE,TRUE,0.006,-0.89893314995099,TRUE,0.00345369367489359,0.0044497190922574,-1.15818030680536,-0.89893314995099,TRUE,TRUE,TRUE,TRUE
stk,sc,EDGE.stk.sc.Grule,4,proj_null_quad_n500,500,500,null,TRUE,0.044,-0.615587011251093,TRUE,0.00917213170424411,0.00974679434480896,-0.654155456274543,-0.615587011251093,TRUE,TRUE,0.01,0,TRUE,0.0044497190922574,0.0044497190922574,0,0,TRUE,TRUE,TRUE,TRUE
stk,sc,EDGE.stk.sc.Grule,5,runA_null_p10,1000,2000,null,TRUE,0.0495,-0.102597835208515,TRUE,0.0048502448391808,0.00487339717240448,-0.103087579406496,-0.102597835208515,TRUE,TRUE,0.011,0.449466574975494,TRUE,0.00233227356885937,0.0022248595461287,0.428766167636613,0.449466574975494,TRUE,TRUE,TRUE,TRUE
stk,sc,EDGE.stk.sc.Grule,5,runA_null_p20,1000,2000,null,TRUE,0.0425,-1.53896752812773,TRUE,0.00451075104611194,0.00487339717240448,-1.66269428823048,-1.53896752812773,TRUE,TRUE,0.005,-2.24733287487747,TRUE,0.00157718102955875,0.0022248595461287,-3.17021312474121,-2.24733287487747,TRUE,TRUE,TRUE,TRUE
stk,sc,EDGE.stk.sc.Grule,5,runA_null_p3,1000,2000,null,TRUE,0.0475,-0.512989176042578,TRUE,0.00475624589355933,0.00487339717240448,-0.525624632524861,-0.512989176042578,TRUE,TRUE,0.0105,0.224733287487748,TRUE,0.00227922684259378,0.0022248595461287,0.219372635779858,0.224733287487748,TRUE,TRUE,TRUE,TRUE
stk,sc,EDGE.stk.sc.Grule,5,runA_null_p5,1000,2000,null,TRUE,0.049,-0.205195670417031,TRUE,0.00482695556225661,0.00487339717240448,-0.20716992048141,-0.205195670417031,TRUE,TRUE,0.0045,-2.47206616236522,TRUE,0.00149662119455793,0.0022248595461287,-3.67494461524353,-2.47206616236522,TRUE,TRUE,TRUE,TRUE
stk,sc,EDGE.stk.sc.Grule,5,runF_null_n1000_G10,1000,2000,null,TRUE,0.047,-0.615587011251093,TRUE,0.00473238840333293,0.00487339717240448,-0.633929370185921,-0.615587011251093,TRUE,TRUE,0.0135,1.57313301241423,TRUE,0.00258047960658479,0.0022248595461287,1.35633701234019,1.57313301241423,TRUE,TRUE,TRUE,TRUE
stk,sc,EDGE.stk.sc.Grule,5,runF_null_n1000_G20,1000,2000,null,TRUE,0.057,1.43636969291922,TRUE,0.00518415856238985,0.00487339717240448,1.35026734150914,1.43636969291922,TRUE,TRUE,0.0105,0.224733287487748,TRUE,0.00227922684259378,0.0022248595461287,0.219372635779858,0.224733287487748,TRUE,TRUE,TRUE,TRUE
stk,sc,EDGE.stk.sc.Grule,5,runF_null_n1000_G40,1000,2000,null,TRUE,0.0435,-1.3337718577107,TRUE,0.00456112650559048,0.00487339717240448,-1.42508654211478,-1.3337718577107,TRUE,TRUE,0.0105,0.224733287487748,TRUE,0.00227922684259378,0.0022248595461287,0.219372635779858,0.224733287487748,TRUE,TRUE,TRUE,TRUE
stk,sc,EDGE.stk.sc.Grule,5,runF_null_n1000_G5,1000,2000,null,TRUE,0.0555,1.12857618729367,TRUE,0.00511955808639769,0.00487339717240448,1.0743114751668,1.12857618729367,TRUE,TRUE,0.013,1.34839972492648,TRUE,0.00253288373203351,0.0022248595461287,1.18442073043419,1.34839972492648,TRUE,TRUE,TRUE,TRUE
stk,sc,EDGE.stk.sc.Grule,5,runF_null_n1000_G67,1000,2000,null,TRUE,0.051,0.20519567041703,TRUE,0.00491929873051028,0.00487339717240448,0.203281007066685,0.20519567041703,TRUE,TRUE,0.0085,-0.674199862463242,TRUE,0.00205277251540447,0.0022248595461287,-0.730719058611541,-0.674199862463242,TRUE,TRUE,TRUE,TRUE
stk,sc,EDGE.stk.sc.Grule,5,runF_null_n20000_G100,20000,800,null,TRUE,0.04625,-0.486664263392288,TRUE,0.0074255418573327,0.00770551750371122,-0.505013650457965,-0.486664263392288,TRUE,TRUE,0.00875,-0.355334527259351,TRUE,0.00329268839628046,0.00351781181986757,-0.379628999030714,-0.355334527259351,TRUE,TRUE,TRUE,TRUE
stk,sc,EDGE.stk.sc.Grule,5,runF_null_n20000_G200,20000,800,null,TRUE,0.05,0,TRUE,0.00770551750371122,0.00770551750371122,0,0,TRUE,TRUE,0.00875,-0.355334527259351,TRUE,0.00329268839628046,0.00351781181986757,-0.379628999030714,-0.355334527259351,TRUE,TRUE,TRUE,TRUE
stk,sc,EDGE.stk.sc.Grule,5,runF_null_n20000_G400,20000,800,null,TRUE,0.0475,-0.324442842261525,TRUE,0.00752028506773513,0.00770551750371122,-0.332434206613516,-0.324442842261525,TRUE,TRUE,0.01125,0.355334527259351,TRUE,0.00372884658775338,0.00351781181986757,0.335224303436179,0.355334527259351,TRUE,TRUE,TRUE,TRUE
stk,sc,EDGE.stk.sc.Grule,5,runF_null_n2000_G10,2000,2000,null,TRUE,0.0515,0.307793505625545,TRUE,0.00494205169944629,0.00487339717240448,0.303517666593422,0.307793505625545,TRUE,TRUE,0.011,0.449466574975494,TRUE,0.00233227356885937,0.0022248595461287,0.428766167636613,0.449466574975494,TRUE,TRUE,TRUE,TRUE
stk,sc,EDGE.stk.sc.Grule,5,runF_null_n2000_G133,2000,2000,null,TRUE,0.048,-0.410391340834062,TRUE,0.00477995815881269,0.00487339717240448,-0.418413704377862,-0.410391340834062,TRUE,TRUE,0.0105,0.224733287487748,TRUE,0.00227922684259378,0.0022248595461287,0.219372635779858,0.224733287487748,TRUE,TRUE,TRUE,TRUE
stk,sc,EDGE.stk.sc.Grule,5,runF_null_n2000_G20,2000,2000,null,TRUE,0.051,0.20519567041703,TRUE,0.00491929873051028,0.00487339717240448,0.203281007066685,0.20519567041703,TRUE,TRUE,0.011,0.449466574975494,TRUE,0.00233227356885937,0.0022248595461287,0.428766167636613,0.449466574975494,TRUE,TRUE,TRUE,TRUE
stk,sc,EDGE.stk.sc.Grule,5,runF_null_n2000_G40,2000,2000,null,TRUE,0.041,-1.84676103375328,TRUE,0.00443390347211123,0.00487339717240448,-2.02981414832529,-1.84676103375328,TRUE,TRUE,0.0105,0.224733287487748,TRUE,0.00227922684259378,0.0022248595461287,0.219372635779858,0.224733287487748,TRUE,TRUE,TRUE,TRUE
stk,sc,EDGE.stk.sc.Grule,5,runF_null_n2000_G80,2000,2000,null,TRUE,0.0495,-0.102597835208515,TRUE,0.0048502448391808,0.00487339717240448,-0.103087579406496,-0.102597835208515,TRUE,TRUE,0.0105,0.224733287487748,TRUE,0.00227922684259378,0.0022248595461287,0.219372635779858,0.224733287487748,TRUE,TRUE,TRUE,TRUE
stk,sc,EDGE.stk.sc.Grule,5,runF_null_n5000_G100,5000,2000,null,TRUE,0.043,-1.43636969291922,TRUE,0.00453602248671675,0.00487339717240448,-1.54320222628939,-1.43636969291922,TRUE,TRUE,0.007,-1.34839972492648,TRUE,0.00186426929385215,0.0022248595461287,-1.60920957604847,-1.34839972492648,TRUE,TRUE,TRUE,TRUE
stk,sc,EDGE.stk.sc.Grule,5,runF_null_n5000_G200,5000,2000,null,TRUE,0.0505,0.102597835208515,TRUE,0.00489641450451246,0.00487339717240448,0.102115537714221,0.102597835208515,TRUE,TRUE,0.013,1.34839972492648,TRUE,0.00253288373203351,0.0022248595461287,1.18442073043419,1.34839972492648,TRUE,TRUE,TRUE,TRUE
stk,sc,EDGE.stk.sc.Grule,5,runF_null_n5000_G25,5000,2000,null,TRUE,0.046,-0.820782681668124,TRUE,0.00468422885862764,0.00487339717240448,-0.853929242298358,-0.820782681668124,TRUE,TRUE,0.0095,-0.224733287487748,TRUE,0.00216907238237916,0.0022248595461287,-0.23051328487783,-0.224733287487748,TRUE,TRUE,TRUE,TRUE
stk,sc,EDGE.stk.sc.Grule,5,runF_null_n5000_G333,5000,2000,null,TRUE,0.056,1.23117402250218,TRUE,0.00514120608417908,0.00487339717240448,1.16704133266777,1.23117402250218,TRUE,TRUE,0.0105,0.224733287487748,TRUE,0.00227922684259378,0.0022248595461287,0.219372635779858,0.224733287487748,TRUE,TRUE,TRUE,TRUE
stk,sc,EDGE.stk.sc.Grule,5,runF_null_n5000_G50,5000,2000,null,TRUE,0.048,-0.410391340834062,TRUE,0.00477995815881269,0.00487339717240448,-0.418413704377862,-0.410391340834062,TRUE,TRUE,0.0095,-0.224733287487748,TRUE,0.00216907238237916,0.0022248595461287,-0.23051328487783,-0.224733287487748,TRUE,TRUE,TRUE,TRUE
stk,sc,EDGE.stk.sc.Grule,5,runF_null_n500_G10,500,2000,null,TRUE,0.044,-1.23117402250219,TRUE,0.00458606585212206,0.00487339717240448,-1.30831091254908,-1.23117402250219,TRUE,TRUE,0.008,-0.89893314995099,TRUE,0.0019919839356782,0.0022248595461287,-1.00402416112812,-0.89893314995099,TRUE,TRUE,TRUE,TRUE
stk,sc,EDGE.stk.sc.Grule,5,runF_null_n500_G20,500,2000,null,TRUE,0.0525,0.512989176042576,TRUE,0.00498717104178311,0.00487339717240448,0.501286195932463,0.512989176042576,TRUE,TRUE,0.0135,1.57313301241423,TRUE,0.00258047960658479,0.0022248595461287,1.35633701234019,1.57313301241423,TRUE,TRUE,TRUE,TRUE
stk,sc,EDGE.stk.sc.Grule,5,runF_null_n500_G33,500,2000,null,TRUE,0.0445,-1.12857618729367,TRUE,0.00461084319837489,0.00487339717240448,-1.19284039022158,-1.12857618729367,TRUE,TRUE,0.008,-0.89893314995099,TRUE,0.0019919839356782,0.0022248595461287,-1.00402416112812,-0.89893314995099,TRUE,TRUE,TRUE,TRUE
stk,sc,EDGE.stk.sc.Grule,5,runF_null_n500_G4,500,2000,null,TRUE,0.0475,-0.512989176042578,TRUE,0.00475624589355933,0.00487339717240448,-0.525624632524861,-0.512989176042578,TRUE,TRUE,0.011,0.449466574975494,TRUE,0.00233227356885937,0.0022248595461287,0.428766167636613,0.449466574975494,TRUE,TRUE,TRUE,TRUE
stk,sc,EDGE.stk.sc.Grule,5,runF_null_n500_G5,500,2000,null,TRUE,0.0545,0.923380516876638,TRUE,0.00507591124823908,0.00487339717240448,0.88654032348598,0.923380516876638,TRUE,TRUE,0.0135,1.57313301241423,TRUE,0.00258047960658479,0.0022248595461287,1.35633701234019,1.57313301241423,TRUE,TRUE,TRUE,TRUE
stk,sc,EDGE.stk.sc.Grule,5,runG_null_n10000,10000,1000,null,TRUE,0.046,-0.58038100008801,TRUE,0.00662449998113065,0.00689202437604511,-0.60381915788266,-0.58038100008801,TRUE,TRUE,0.008,-0.635641726163728,TRUE,0.00281709069786544,0.00314642654451046,-0.709952292808831,-0.635641726163728,TRUE,TRUE,TRUE,TRUE
stk,sc,EDGE.stk.sc.Grule,5,runG_null_n2000,2000,2000,null,TRUE,0.055,1.02597835208515,TRUE,0.00509779364038993,0.00487339717240448,0.980816477227499,1.02597835208515,TRUE,TRUE,0.0145,2.02259958738973,TRUE,0.00267298989897081,0.0022248595461287,1.68350804532881,2.02259958738973,TRUE,TRUE,TRUE,TRUE
stk,sc,EDGE.stk.sc.Grule,5,runG_null_n500,500,2000,null,TRUE,0.049,-0.205195670417031,TRUE,0.00482695556225661,0.00487339717240448,-0.20716992048141,-0.205195670417031,TRUE,TRUE,0.011,0.449466574975494,TRUE,0.00233227356885937,0.0022248595461287,0.428766167636613,0.449466574975494,TRUE,TRUE,TRUE,TRUE
stk,sc,EDGE.stk.sc.Grule,5,runG_null_sparse_n10000,10000,1000,null,TRUE,0.054,0.580381000088009,TRUE,0.00714730718522718,0.00689202437604511,0.559651333899238,0.580381000088009,TRUE,TRUE,0.01,0,TRUE,0.00314642654451046,0.00314642654451046,0,0,TRUE,TRUE,TRUE,TRUE
stk,sc,EDGE.stk.sc.Grule,5,runG_null_sparse_n2000,2000,2000,null,TRUE,0.043,-1.43636969291922,TRUE,0.00453602248671675,0.00487339717240448,-1.54320222628939,-1.43636969291922,TRUE,TRUE,0.008,-0.89893314995099,TRUE,0.0019919839356782,0.0022248595461287,-1.00402416112812,-0.89893314995099,TRUE,TRUE,TRUE,TRUE
stk,sc,EDGE.stk.sc.Grule,5,runG_null_sparse_n500,500,2000,null,TRUE,0.049,-0.205195670417031,TRUE,0.00482695556225661,0.00487339717240448,-0.20716992048141,-0.205195670417031,TRUE,TRUE,0.0085,-0.674199862463242,TRUE,0.00205277251540447,0.0022248595461287,-0.730719058611541,-0.674199862463242,TRUE,TRUE,TRUE,TRUE
stk,sc,EDGE.stk.sc.Grule,5,runK2_null_n1000,1000,2000,null,TRUE,0.0435,-1.3337718577107,TRUE,0.00456112650559048,0.00487339717240448,-1.42508654211478,-1.3337718577107,TRUE,TRUE,0.013,1.34839972492648,TRUE,0.00253288373203351,0.0022248595461287,1.18442073043419,1.34839972492648,TRUE,TRUE,TRUE,TRUE
stk,sc,EDGE.stk.sc.Grule,5,runK2_null_n2000,2000,2000,null,TRUE,0.0515,0.307793505625545,TRUE,0.00494205169944629,0.00487339717240448,0.303517666593422,0.307793505625545,TRUE,TRUE,0.0075,-1.12366643743874,TRUE,0.00192921616207205,0.0022248595461287,-1.29586308115671,-1.12366643743874,TRUE,TRUE,TRUE,TRUE
stk,sc,EDGE.stk.sc.Grule,5,runK2_null_n500,500,2000,null,TRUE,0.0505,0.102597835208515,TRUE,0.00489641450451246,0.00487339717240448,0.102115537714221,0.102597835208515,TRUE,TRUE,0.01,0,TRUE,0.0022248595461287,0.0022248595461287,0,0,TRUE,TRUE,TRUE,TRUE
stk,sc,EDGE.stk.sc.Grule,5,runK2_null_n5000,5000,2000,null,TRUE,0.053,0.615587011251092,TRUE,0.0050095408971282,0.00487339717240448,0.598857272873008,0.615587011251092,TRUE,TRUE,0.012,0.89893314995099,TRUE,0.00243474844696531,0.0022248595461287,0.821440096816908,0.89893314995099,TRUE,TRUE,TRUE,TRUE
stk,sc,EDGE.stk.sc.Grule,6,glow_null_n500,500,2000,null,TRUE,0.064,2.87273938583843,TRUE,0.00547284204047586,0.00487339717240448,2.5580858896455,2.87273938583843,TRUE,TRUE,0.013,1.34839972492648,TRUE,0.00253288373203351,0.0022248595461287,1.18442073043419,1.34839972492648,TRUE,TRUE,TRUE,TRUE
stk,sc,EDGE.stk.sc.Grule,7,runD_null_n50000,50000,800,null,TRUE,0.05,0,TRUE,0.00770551750371122,0.00770551750371122,0,0,TRUE,TRUE,0.0125,0.710669054518702,TRUE,0.00392806409061767,0.00351781181986757,0.636445827340584,0.710669054518702,TRUE,TRUE,TRUE,TRUE
stk,sc,EDGE.stk.sc.Grule,7,runJ_null_n2000,2000,2000,null,TRUE,0.0435,-1.3337718577107,TRUE,0.00456112650559048,0.00487339717240448,-1.42508654211478,-1.3337718577107,TRUE,TRUE,0.011,0.449466574975494,TRUE,0.00233227356885937,0.0022248595461287,0.428766167636613,0.449466574975494,TRUE,TRUE,TRUE,TRUE
stk,sc,EDGE.stk.sc.Grule,1a,null_contint_n2000,2000,10000,null,FALSE,0.0555,2.52357307257618,TRUE,0.0022895359791888,0.00217944947177034,2.40223348748103,2.52357307257618,TRUE,TRUE,0.0133,3.3166247903554,FALSE,0.00114556143440673,0.00099498743710662,2.88068356779924,3.3166247903554,TRUE,FALSE,TRUE,FALSE
stk,sc,EDGE.stk.sc.Grule,1a,null_contint_n5000,5000,10000,null,FALSE,0.0519,0.871779788708134,TRUE,0.00221825133832936,0.00217944947177034,0.856530532482831,0.871779788708134,TRUE,TRUE,0.0142,4.22115882408869,FALSE,0.00118314665194134,0.00099498743710662,3.54985579607441,4.22115882408869,FALSE,FALSE,FALSE,FALSE
stk,sc,EDGE.stk.sc.Grule,1b,moderate1_n1000,1000,5000,null,FALSE,0.0552,1.68710277975993,TRUE,0.0032296427046966,0.00308220700148449,1.6100852247334,1.68710277975993,TRUE,TRUE,0.0156,3.97974670530473,FALSE,0.00175252047063651,0.00140712472794703,3.19539776785951,3.97974670530473,FALSE,FALSE,FALSE,FALSE
stk,sc,EDGE.stk.sc.Grule,1b,moderate1_n2000,2000,5000,null,FALSE,0.0524,0.77866282142766,TRUE,0.00315132480077824,0.00308220700148449,0.761584461051842,0.77866282142766,TRUE,TRUE,0.016,4.26401432711221,FALSE,0.00177448584102551,0.00140712472794703,3.38126113000287,4.26401432711221,FALSE,FALSE,FALSE,FALSE
stk,sc,EDGE.stk.sc.Grule,1b,moderate1_n5000,5000,5000,null,FALSE,0.0538,1.23288280059379,TRUE,0.00319078548323136,0.00308220700148449,1.19092932444699,1.23288280059379,TRUE,TRUE,0.0172,5.11681719253465,FALSE,0.00183870389133215,0.00140712472794703,3.9158017960051,5.11681719253465,FALSE,FALSE,FALSE,FALSE
stk,sc,EDGE.stk.sc.Grule,1b,null_census_omit_2cov_n500,500,5000,null,FALSE,0.0594,3.04976271725834,FALSE,0.00334280241713446,0.00308220700148449,2.81201184725059,3.04976271725834,TRUE,FALSE,0.0116,1.13707048722992,TRUE,0.00151429455523026,0.00140712472794703,1.05659760478813,1.13707048722992,TRUE,TRUE,TRUE,FALSE
stk,sc,EDGE.stk.sc.Grule,1b,null_census_skew_n1000,1000,5000,null,FALSE,0.0554,1.75199134821223,TRUE,0.00323514574633045,0.00308220700148449,1.66916745748629,1.75199134821223,TRUE,TRUE,0.0162,4.40614813801595,FALSE,0.00178536046780475,0.00140712472794703,3.47268807157101,4.40614813801595,FALSE,FALSE,FALSE,FALSE
stk,sc,EDGE.stk.sc.Grule,1b,null_skew_n2400,2400,2000,null,FALSE,0.05,0,TRUE,0.00487339717240448,0.00487339717240448,0,0,TRUE,TRUE,0.0175,3.37099931231621,FALSE,0.00293204280323463,0.0022248595461287,2.55794355789281,3.37099931231621,TRUE,FALSE,TRUE,FALSE
stk,sc,EDGE.stk.sc.Grule,1b,null_skew_n4000,4000,2000,null,FALSE,0.056,1.23117402250218,TRUE,0.00514120608417908,0.00487339717240448,1.16704133266777,1.23117402250218,TRUE,TRUE,0.019,4.04519917477945,FALSE,0.00305278561317365,0.0022248595461287,2.94812710108512,4.04519917477945,TRUE,FALSE,TRUE,FALSE
stk,sc,EDGE.stk.sc.Grule,1b,null_skew_n9400,9400,2000,null,FALSE,0.0645,2.97533722104695,TRUE,0.00549271107923947,0.00487339717240448,2.63986213562278,2.97533722104695,TRUE,TRUE,0.02,4.49466574975495,FALSE,0.00313049516849971,0.0022248595461287,3.1943828249997,4.49466574975495,FALSE,FALSE,FALSE,FALSE
stk,u,EDGE.stk.u.Grule,1a,null_binint_n1000,1000,10000,null,TRUE,0.0465,-1.60591013709393,TRUE,0.00210565310533335,0.00217944947177034,-1.66219212040908,-1.60591013709393,TRUE,TRUE,0.0094,-0.603022689155527,TRUE,0.000964968393264774,0.00099498743710662,-0.621782023315833,-0.603022689155527,TRUE,TRUE,TRUE,TRUE
stk,u,EDGE.stk.u.Grule,1a,null_binint_n200,200,10000,null,TRUE,0.0483,-0.78001349515991,TRUE,0.00214399416976819,0.00217944947177034,-0.792912603947895,-0.78001349515991,TRUE,TRUE,0.0096,-0.402015126103686,TRUE,0.000975081535052326,0.00099498743710662,-0.41022210514789,-0.402015126103686,TRUE,TRUE,TRUE,TRUE
stk,u,EDGE.stk.u.Grule,1a,null_binint_n2000,2000,10000,null,TRUE,0.0496,-0.183532587096451,TRUE,0.00217117111255654,0.00217944947177034,-0.184232370118911,-0.183532587096451,TRUE,TRUE,0.0118,1.80906806746658,TRUE,0.00107984998958189,0.00099498743710662,1.66689819638462,1.80906806746658,TRUE,TRUE,TRUE,TRUE
stk,u,EDGE.stk.u.Grule,1a,null_binint_n500,500,10000,null,TRUE,0.0479,-0.963546082256362,TRUE,0.00213554653426237,0.00217944947177034,-0.983354830394907,-0.963546082256362,TRUE,TRUE,0.0107,0.703526470681448,TRUE,0.00102885907684192,0.00099498743710662,0.680365285932693,0.703526470681448,TRUE,TRUE,TRUE,TRUE
stk,u,EDGE.stk.u.Grule,1a,null_binint_n5000,5000,10000,null,TRUE,0.0494,-0.275298880644676,TRUE,0.0021670173049609,0.00217944947177034,-0.276878268865891,-0.275298880644676,TRUE,TRUE,0.0105,0.502518907629607,TRUE,0.00101930123123638,0.00099498743710662,0.490532126007065,0.502518907629607,TRUE,TRUE,TRUE,TRUE
stk,u,EDGE.stk.u.Grule,1a,null_contint_n1000,1000,10000,null,TRUE,0.0489,-0.504714614515238,TRUE,0.00215658966889856,0.00217944947177034,-0.510064578284755,-0.504714614515238,TRUE,TRUE,0.0106,0.603022689155527,TRUE,0.00102409179276079,0.00099498743710662,0.585884980468884,0.603022689155527,TRUE,TRUE,TRUE,TRUE
stk,u,EDGE.stk.u.Grule,1a,null_contint_n200,200,10000,null,TRUE,0.0477,-1.05531237580459,TRUE,0.00213130734526957,0.00217944947177034,-1.07914984908434,-1.05531237580459,TRUE,TRUE,0.0125,2.51259453814803,TRUE,0.00111102430216445,0.00099498743710662,2.25017580185205,2.51259453814803,TRUE,TRUE,TRUE,TRUE
stk,u,EDGE.stk.u.Grule,1a,null_contint_n2000,2000,10000,null,TRUE,0.0505,0.229415733870562,TRUE,0.00218974313562116,0.00217944947177034,0.228337283887942,0.229415733870562,TRUE,TRUE,0.0116,1.60806050441474,TRUE,0.00107076794871718,0.00099498743710662,1.49425466266231,1.60806050441474,TRUE,TRUE,TRUE,TRUE
stk,u,EDGE.stk.u.Grule,1a,null_contint_n500,500,10000,null,TRUE,0.0467,-1.51414384354571,TRUE,0.00210995521279481,0.00217944947177034,-1.56401424067617,-1.51414384354571,TRUE,TRUE,0.0114,1.4070529413629,TRUE,0.00106160444610976,0.00099498743710662,1.31875860649443,1.4070529413629,TRUE,TRUE,TRUE,TRUE
stk,u,EDGE.stk.u.Grule,1a,null_contint_n5000,5000,10000,null,TRUE,0.0514,0.642364054837572,TRUE,0.00220812227922278,0.00217944947177034,0.634022858776088,0.642364054837572,TRUE,TRUE,0.0109,0.904534033733291,TRUE,0.00103832509360027,0.00099498743710662,0.866780554131997,0.904534033733291,TRUE,TRUE,TRUE,TRUE
stk,u,EDGE.stk.u.Grule,1a,null_link_n1000,1000,10000,null,TRUE,0.0514,0.642364054837572,TRUE,0.00220812227922278,0.00217944947177034,0.634022858776088,0.642364054837572,TRUE,TRUE,0.0108,0.80403025220737,TRUE,0.00103360340556715,0.00099498743710662,0.773991257856809,0.80403025220737,TRUE,TRUE,TRUE,TRUE
stk,u,EDGE.stk.u.Grule,1a,null_link_n200,200,10000,null,TRUE,0.0469,-1.42237754999749,TRUE,0.00211424667434999,0.00217944947177034,-1.46624329015586,-1.42237754999749,TRUE,TRUE,0.0094,-0.603022689155527,TRUE,0.000964968393264774,0.00099498743710662,-0.621782023315833,-0.603022689155527,TRUE,TRUE,TRUE,TRUE
stk,u,EDGE.stk.u.Grule,1a,null_link_n2000,2000,10000,null,TRUE,0.051,0.458831467741121,TRUE,0.00219997727260988,0.00217944947177034,0.454550150335723,0.458831467741121,TRUE,TRUE,0.01,0,TRUE,0.00099498743710662,0.00099498743710662,0,0,TRUE,TRUE,TRUE,TRUE
stk,u,EDGE.stk.u.Grule,1a,null_link_n500,500,10000,null,TRUE,0.0485,-0.688247201611686,TRUE,0.00214820273717357,0.00217944947177034,-0.69825811784114,-0.688247201611686,TRUE,TRUE,0.0109,0.904534033733291,TRUE,0.00103832509360027,0.00099498743710662,0.866780554131997,0.904534033733291,TRUE,TRUE,TRUE,TRUE
stk,u,EDGE.stk.u.Grule,1a,null_link_n5000,5000,10000,null,TRUE,0.05,0,TRUE,0.00217944947177034,0.00217944947177034,0,0,TRUE,TRUE,0.0105,0.502518907629607,TRUE,0.00101930123123638,0.00099498743710662,0.490532126007065,0.502518907629607,TRUE,TRUE,TRUE,TRUE
stk,u,EDGE.stk.u.Grule,1a,null_quad_n200,200,10000,null,TRUE,0.0486,-0.642364054837575,TRUE,0.00215030323442997,0.00217944947177034,-0.651070964124339,-0.642364054837575,TRUE,TRUE,0.0083,-1.70856428594066,TRUE,0.000907254650029417,0.00099498743710662,-1.87378482981033,-1.70856428594066,TRUE,TRUE,TRUE,TRUE
stk,u,EDGE.stk.u.Grule,1a,null_quad_n2000,2000,10000,null,TRUE,0.0459,-1.88120901773861,TRUE,0.00209268225012781,0.00217944947177034,-1.95920809274776,-1.88120901773861,TRUE,TRUE,0.0105,0.502518907629607,TRUE,0.00101930123123638,0.00099498743710662,0.490532126007065,0.502518907629607,TRUE,TRUE,TRUE,TRUE
stk,u,EDGE.stk.u.Grule,1a,null_quad_n500,500,10000,null,TRUE,0.0465,-1.60591013709393,TRUE,0.00210565310533335,0.00217944947177034,-1.66219212040908,-1.60591013709393,TRUE,TRUE,0.0096,-0.402015126103686,TRUE,0.000975081535052326,0.00099498743710662,-0.41022210514789,-0.402015126103686,TRUE,TRUE,TRUE,TRUE
stk,u,EDGE.stk.u.Grule,1a,null_quad_n5000,5000,10000,null,TRUE,0.0492,-0.3670651741929,TRUE,0.00216285367050108,0.00217944947177034,-0.369881703469408,-0.3670651741929,TRUE,TRUE,0.0123,2.31158697509619,TRUE,0.00110221186711086,0.00099498743710662,2.08671315255279,2.31158697509619,TRUE,TRUE,TRUE,TRUE
stk,u,EDGE.stk.u.Grule,1a,null_rough_n1000,1000,10000,null,TRUE,0.049,-0.458831467741124,TRUE,0.0021586801523153,0.00217944947177034,-0.463246025089658,-0.458831467741124,TRUE,TRUE,0.0104,0.402015126103684,TRUE,0.00101448706250992,0.00099498743710662,0.394287926166715,0.402015126103684,TRUE,TRUE,TRUE,TRUE
stk,u,EDGE.stk.u.Grule,1a,null_rough_n200,200,10000,null,TRUE,0.048,-0.917662935482248,TRUE,0.00213766227454198,0.00217944947177034,-0.935601485706401,-0.917662935482248,TRUE,TRUE,0.0113,1.30654915983697,TRUE,0.00105699148530156,0.00099498743710662,1.22990583942983,1.30654915983697,TRUE,TRUE,TRUE,TRUE
stk,u,EDGE.stk.u.Grule,1a,null_rough_n2000,2000,10000,null,TRUE,0.0524,1.1011955225787,TRUE,0.00222832313635164,0.00217944947177034,1.07704307371212,1.1011955225787,TRUE,TRUE,0.0116,1.60806050441474,TRUE,0.00107076794871718,0.00099498743710662,1.49425466266231,1.60806050441474,TRUE,TRUE,TRUE,TRUE
stk,u,EDGE.stk.u.Grule,1a,null_rough_n500,500,10000,null,TRUE,0.0508,0.367065174192897,TRUE,0.00219589070766284,0.00217944947177034,0.364316856575919,0.367065174192897,TRUE,TRUE,0.01,0,TRUE,0.00099498743710662,0.00099498743710662,0,0,TRUE,TRUE,TRUE,TRUE
stk,u,EDGE.stk.u.Grule,1a,null_rough_n5000,5000,10000,null,TRUE,0.0511,0.504714614515235,TRUE,0.0022020170299069,0.00217944947177034,0.499542004017337,0.504714614515235,TRUE,TRUE,0.0096,-0.402015126103686,TRUE,0.000975081535052326,0.00099498743710662,-0.41022210514789,-0.402015126103686,TRUE,TRUE,TRUE,TRUE
stk,u,EDGE.stk.u.Grule,1b,moderate1_n100,100,5000,null,TRUE,0.0506,0.194665705356914,TRUE,0.00309966578843591,0.00308220700148449,0.193569255833467,0.194665705356914,TRUE,TRUE,0.0112,0.852802865422442,TRUE,0.00148825804214189,0.00140712472794703,0.806311786007868,0.852802865422442,TRUE,TRUE,TRUE,TRUE
stk,u,EDGE.stk.u.Grule,1b,moderate1_n1000,1000,5000,null,TRUE,0.0482,-0.583997116070746,TRUE,0.00302908435009658,0.00308220700148449,-0.59423898180406,-0.583997116070746,TRUE,TRUE,0.0126,1.84773954174862,TRUE,0.00157741814367656,0.00140712472794703,1.648263024248,1.84773954174862,TRUE,TRUE,TRUE,TRUE
stk,u,EDGE.stk.u.Grule,1b,moderate1_n150,150,5000,null,TRUE,0.0462,-1.2328828005938,TRUE,0.00296868859936505,0.00308220700148449,-1.28002647391604,-1.2328828005938,TRUE,TRUE,0.01,0,TRUE,0.00140712472794703,0.00140712472794703,0,0,TRUE,TRUE,TRUE,TRUE
stk,u,EDGE.stk.u.Grule,1b,moderate1_n200,200,5000,null,TRUE,0.0492,-0.259554273809221,TRUE,0.00305873699425106,0.00308220700148449,-0.26154586076005,-0.259554273809221,TRUE,TRUE,0.0118,1.27920429813366,TRUE,0.00152713850059515,0.00140712472794703,1.17867501821119,1.27920429813366,TRUE,TRUE,TRUE,TRUE
stk,u,EDGE.stk.u.Grule,1b,moderate1_n2000,2000,5000,null,TRUE,0.0478,-0.713774252975355,TRUE,0.00301712313305241,0.00308220700148449,-0.729171433508672,-0.713774252975355,TRUE,TRUE,0.0102,0.142133810903741,TRUE,0.00142098275851609,0.00140712472794703,0.140747661293834,0.142133810903741,TRUE,TRUE,TRUE,TRUE
stk,u,EDGE.stk.u.Grule,1b,moderate1_n300,300,5000,null,TRUE,0.0512,0.38933141071383,TRUE,0.0031170036894428,0.00308220700148449,0.384985107353053,0.38933141071383,TRUE,TRUE,0.011,0.710669054518701,TRUE,0.00147505932084103,0.00140712472794703,0.677938836676638,0.710669054518701,TRUE,TRUE,TRUE,TRUE
stk,u,EDGE.stk.u.Grule,1b,moderate1_n500,500,5000,null,TRUE,0.049,-0.324442842261525,TRUE,0.00305283474822991,0.00308220700148449,-0.327564405698612,-0.324442842261525,TRUE,TRUE,0.01,0,TRUE,0.00140712472794703,0.00140712472794703,0,0,TRUE,TRUE,TRUE,TRUE
stk,u,EDGE.stk.u.Grule,1b,moderate1_n5000,5000,5000,null,TRUE,0.052,0.648885684523049,TRUE,0.00313993630508646,0.00308220700148449,0.636955595806242,0.648885684523049,TRUE,TRUE,0.0114,0.994936676326182,TRUE,0.00150133540556399,0.00140712472794703,0.932503153400341,0.994936676326182,TRUE,TRUE,TRUE,TRUE
stk,u,EDGE.stk.u.Grule,1b,null_auc_n3500,3500,2000,null,TRUE,0.0505,0.102597835208515,TRUE,0.00489641450451246,0.00487339717240448,0.102115537714221,0.102597835208515,TRUE,TRUE,0.0105,0.224733287487748,TRUE,0.00227922684259378,0.0022248595461287,0.219372635779858,0.224733287487748,TRUE,TRUE,TRUE,TRUE
stk,u,EDGE.stk.u.Grule,1b,null_auc_n380,380,2000,null,TRUE,0.059,1.84676103375328,TRUE,0.00526872849936301,0.00487339717240448,1.7081920241455,1.84676103375328,TRUE,TRUE,0.0155,2.47206616236522,TRUE,0.00276222283677476,0.0022248595461287,1.99114999947721,2.47206616236522,TRUE,TRUE,TRUE,TRUE
stk,u,EDGE.stk.u.Grule,1b,null_auc_n460,460,2000,null,TRUE,0.045,-1.02597835208516,TRUE,0.00463546114210873,0.00487339717240448,-1.07864133615096,-1.02597835208516,TRUE,TRUE,0.014,1.79786629990198,TRUE,0.00262716577322407,0.0022248595461287,1.5225533313382,1.79786629990198,TRUE,TRUE,TRUE,TRUE
stk,u,EDGE.stk.u.Grule,1b,null_auc_n4700,4700,2000,null,TRUE,0.0475,-0.512989176042578,TRUE,0.00475624589355933,0.00487339717240448,-0.525624632524861,-0.512989176042578,TRUE,TRUE,0.0125,1.12366643743874,TRUE,0.00248432586429397,0.0022248595461287,1.00630921085326,1.12366643743874,TRUE,TRUE,TRUE,TRUE
stk,u,EDGE.stk.u.Grule,1b,null_auc_n5900,5900,2000,null,TRUE,0.0425,-1.53896752812773,TRUE,0.00451075104611194,0.00487339717240448,-1.66269428823048,-1.53896752812773,TRUE,TRUE,0.0055,-2.02259958738973,TRUE,0.00165374574829385,0.0022248595461287,-2.72109543117048,-2.02259958738973,TRUE,TRUE,TRUE,TRUE
stk,u,EDGE.stk.u.Grule,1b,null_auc_n640,640,2000,null,TRUE,0.0465,-0.718184846459609,TRUE,0.00470838348055891,0.00487339717240448,-0.743354914579841,-0.718184846459609,TRUE,TRUE,0.014,1.79786629990198,TRUE,0.00262716577322407,0.0022248595461287,1.5225533313382,1.79786629990198,TRUE,TRUE,TRUE,TRUE
stk,u,EDGE.stk.u.Grule,1b,null_auc_n760,760,2000,null,TRUE,0.0525,0.512989176042576,TRUE,0.00498717104178311,0.00487339717240448,0.501286195932463,0.512989176042576,TRUE,TRUE,0.015,2.24733287487747,TRUE,0.00271799558498538,0.0022248595461287,1.83959092046387,2.24733287487747,TRUE,TRUE,TRUE,TRUE
stk,u,EDGE.stk.u.Grule,1b,null_auc_n7800,7800,2000,null,TRUE,0.0585,1.74416319854476,TRUE,0.0052477495176504,0.00487339717240448,1.61974194298164,1.74416319854476,TRUE,TRUE,0.014,1.79786629990198,TRUE,0.00262716577322407,0.0022248595461287,1.5225533313382,1.79786629990198,TRUE,TRUE,TRUE,TRUE
stk,u,EDGE.stk.u.Grule,1b,null_base_n1000,1000,2000,null,TRUE,0.0555,1.12857618729367,TRUE,0.00511955808639769,0.00487339717240448,1.0743114751668,1.12857618729367,TRUE,TRUE,0.011,0.449466574975494,TRUE,0.00233227356885937,0.0022248595461287,0.428766167636613,0.449466574975494,TRUE,TRUE,TRUE,TRUE
stk,u,EDGE.stk.u.Grule,1b,null_base_n16000,16000,2000,null,TRUE,0.04,-2.05195670417031,TRUE,0.00438178046004133,0.00487339717240448,-2.28217732293819,-2.05195670417031,TRUE,TRUE,0.007,-1.34839972492648,TRUE,0.00186426929385215,0.0022248595461287,-1.60920957604847,-1.34839972492648,TRUE,TRUE,TRUE,TRUE
stk,u,EDGE.stk.u.Grule,1b,null_base_n20000,20000,2000,null,TRUE,0.044,-1.23117402250219,TRUE,0.00458606585212206,0.00487339717240448,-1.30831091254908,-1.23117402250219,TRUE,TRUE,0.0085,-0.674199862463242,TRUE,0.00205277251540447,0.0022248595461287,-0.730719058611541,-0.674199862463242,TRUE,TRUE,TRUE,TRUE
stk,u,EDGE.stk.u.Grule,1b,null_base_n2400,2400,2000,null,TRUE,0.05,0,TRUE,0.00487339717240448,0.00487339717240448,0,0,TRUE,TRUE,0.0115,0.674199862463242,TRUE,0.0023840878758972,0.0022248595461287,0.629171439175877,0.674199862463242,TRUE,TRUE,TRUE,TRUE
stk,u,EDGE.stk.u.Grule,1b,null_base_n4000,4000,2000,null,TRUE,0.047,-0.615587011251093,TRUE,0.00473238840333293,0.00487339717240448,-0.633929370185921,-0.615587011251093,TRUE,TRUE,0.006,-1.79786629990198,TRUE,0.0017268468374468,0.0022248595461287,-2.31636061361072,-1.79786629990198,TRUE,TRUE,TRUE,TRUE
stk,u,EDGE.stk.u.Grule,1b,null_base_n610,610,2000,null,TRUE,0.0415,-1.74416319854476,TRUE,0.00445969449626317,0.00487339717240448,-1.90596015200643,-1.74416319854476,TRUE,TRUE,0.015,2.24733287487747,TRUE,0.00271799558498538,0.0022248595461287,1.83959092046387,2.24733287487747,TRUE,TRUE,TRUE,TRUE
stk,u,EDGE.stk.u.Grule,1b,null_base_n9400,9400,2000,null,TRUE,0.043,-1.43636969291922,TRUE,0.00453602248671675,0.00487339717240448,-1.54320222628939,-1.43636969291922,TRUE,TRUE,0.0065,-1.57313301241423,TRUE,0.00179690706493129,0.0022248595461287,-1.9477913289488,-1.57313301241423,TRUE,TRUE,TRUE,TRUE
stk,u,EDGE.stk.u.Grule,1b,null_census_corr_n1000,1000,5000,null,TRUE,0.0498,-0.0648885684523069,TRUE,0.00307636018697421,0.00308220700148449,-0.0650118932259093,-0.0648885684523069,TRUE,TRUE,0.0104,0.28426762180748,TRUE,0.00143470136265357,0.00140712472794703,0.278803666332465,0.28426762180748,TRUE,TRUE,TRUE,TRUE
stk,u,EDGE.stk.u.Grule,1b,null_census_int_binbin_n1000,1000,5000,null,TRUE,0.0534,1.10310566368919,TRUE,0.00317957355631223,0.00308220700148449,1.06932578843794,1.10310566368919,TRUE,TRUE,0.011,0.710669054518701,TRUE,0.00147505932084103,0.00140712472794703,0.677938836676638,0.710669054518701,TRUE,TRUE,TRUE,TRUE
stk,u,EDGE.stk.u.Grule,1b,null_census_joint_n1000,1000,5000,null,TRUE,0.054,1.2977713690461,TRUE,0.00319637294444813,0.00308220700148449,1.25141842629713,1.2977713690461,TRUE,TRUE,0.0122,1.56347191994114,TRUE,0.00155249218999646,0.00140712472794703,1.41707637189789,1.56347191994114,TRUE,TRUE,TRUE,TRUE
stk,u,EDGE.stk.u.Grule,1b,null_census_logx_n1000,1000,5000,null,TRUE,0.0484,-0.519108547618442,TRUE,0.00303504332753257,0.00308220700148449,-0.52717534062381,-0.519108547618442,TRUE,TRUE,0.0118,1.27920429813366,TRUE,0.00152713850059515,0.00140712472794703,1.17867501821119,1.27920429813366,TRUE,TRUE,TRUE,TRUE
stk,u,EDGE.stk.u.Grule,1b,null_census_omit_2cov_n1000,1000,5000,null,TRUE,0.049,-0.324442842261525,TRUE,0.00305283474822991,0.00308220700148449,-0.327564405698612,-0.324442842261525,TRUE,TRUE,0.01,0,TRUE,0.00140712472794703,0.00140712472794703,0,0,TRUE,TRUE,TRUE,TRUE
stk,u,EDGE.stk.u.Grule,1b,null_census_omit_2cov_n500,500,5000,null,TRUE,0.0576,2.46576560118759,TRUE,0.00329491244193226,0.00308220700148449,2.30658633087776,2.46576560118759,TRUE,TRUE,0.0136,2.55840859626732,TRUE,0.00163798901095215,0.00140712472794703,2.19781694256138,2.55840859626732,TRUE,TRUE,TRUE,TRUE
stk,u,EDGE.stk.u.Grule,1b,null_census_omit_2int_n1000,1000,5000,null,TRUE,0.05,0,TRUE,0.00308220700148449,0.00308220700148449,0,0,TRUE,TRUE,0.01,0,TRUE,0.00140712472794703,0.00140712472794703,0,0,TRUE,TRUE,TRUE,TRUE
stk,u,EDGE.stk.u.Grule,1b,null_census_omit_x2x3_n1000,1000,5000,null,TRUE,0.0512,0.38933141071383,TRUE,0.0031170036894428,0.00308220700148449,0.384985107353053,0.38933141071383,TRUE,TRUE,0.0084,-1.13707048722992,TRUE,0.00129069283720024,0.00140712472794703,-1.23964428552242,-1.13707048722992,TRUE,TRUE,TRUE,TRUE
stk,u,EDGE.stk.u.Grule,1b,null_census_skew_n1000,1000,5000,null,TRUE,0.0494,-0.194665705356916,TRUE,0.0030646252625729,0.00308220700148449,-0.195782501478264,-0.194665705356916,TRUE,TRUE,0.0126,1.84773954174862,TRUE,0.00157741814367656,0.00140712472794703,1.648263024248,1.84773954174862,TRUE,TRUE,TRUE,TRUE
stk,u,EDGE.stk.u.Grule,1b,null_crossover_n1000,1000,5000,null,TRUE,0.0504,0.129777136904609,TRUE,0.00309385972532693,0.00308220700148449,0.129288343852671,0.129777136904609,TRUE,TRUE,0.0092,-0.568535243614961,TRUE,0.00135021183523179,0.00140712472794703,-0.592499620522631,-0.568535243614961,TRUE,TRUE,TRUE,TRUE
stk,u,EDGE.stk.u.Grule,1b,null_crossover_n2000,2000,5000,null,TRUE,0.0452,-1.55732564285532,TRUE,0.00293792307591605,0.00308220700148449,-1.63380724272481,-1.55732564285532,TRUE,TRUE,0.0114,0.994936676326182,TRUE,0.00150133540556399,0.00140712472794703,0.932503153400341,0.994936676326182,TRUE,TRUE,TRUE,TRUE
stk,u,EDGE.stk.u.Grule,1b,null_e12_n1000,1000,2000,null,TRUE,0.052,0.410391340834061,TRUE,0.00496467521596328,0.00487339717240448,0.402846090227463,0.410391340834061,TRUE,TRUE,0.014,1.79786629990198,TRUE,0.00262716577322407,0.0022248595461287,1.5225533313382,1.79786629990198,TRUE,TRUE,TRUE,TRUE
stk,u,EDGE.stk.u.Grule,1b,null_e12_n11000,11000,2000,null,TRUE,0.053,0.615587011251092,TRUE,0.0050095408971282,0.00487339717240448,0.598857272873008,0.615587011251092,TRUE,TRUE,0.0135,1.57313301241423,TRUE,0.00258047960658479,0.0022248595461287,1.35633701234019,1.57313301241423,TRUE,TRUE,TRUE,TRUE
stk,u,EDGE.stk.u.Grule,1b,null_e12_n15000,15000,2000,null,TRUE,0.0445,-1.12857618729367,TRUE,0.00461084319837489,0.00487339717240448,-1.19284039022158,-1.12857618729367,TRUE,TRUE,0.0075,-1.12366643743874,TRUE,0.00192921616207205,0.0022248595461287,-1.29586308115671,-1.12366643743874,TRUE,TRUE,TRUE,TRUE
stk,u,EDGE.stk.u.Grule,1b,null_e12_n1700,1700,2000,null,TRUE,0.0455,-0.923380516876639,TRUE,0.00465992220965114,0.00487339717240448,-0.96568135637116,-0.923380516876639,TRUE,TRUE,0.011,0.449466574975494,TRUE,0.00233227356885937,0.0022248595461287,0.428766167636613,0.449466574975494,TRUE,TRUE,TRUE,TRUE
stk,u,EDGE.stk.u.Grule,1b,null_e12_n4300,4300,2000,null,TRUE,0.047,-0.615587011251093,TRUE,0.00473238840333293,0.00487339717240448,-0.633929370185921,-0.615587011251093,TRUE,TRUE,0.01,0,TRUE,0.0022248595461287,0.0022248595461287,0,0,TRUE,TRUE,TRUE,TRUE
stk,u,EDGE.stk.u.Grule,1b,null_e12_n6400,6400,2000,null,TRUE,0.0515,0.307793505625545,TRUE,0.00494205169944629,0.00487339717240448,0.303517666593422,0.307793505625545,TRUE,TRUE,0.009,-0.449466574975495,TRUE,0.00211175282644537,0.0022248595461287,-0.473540268291371,-0.449466574975495,TRUE,TRUE,TRUE,TRUE
stk,u,EDGE.stk.u.Grule,1b,null_e12_n7200,7200,2000,null,TRUE,0.053,0.615587011251092,TRUE,0.0050095408971282,0.00487339717240448,0.598857272873008,0.615587011251092,TRUE,TRUE,0.0125,1.12366643743874,TRUE,0.00248432586429397,0.0022248595461287,1.00630921085326,1.12366643743874,TRUE,TRUE,TRUE,TRUE
stk,u,EDGE.stk.u.Grule,1b,null_e12_n8700,8700,2000,null,TRUE,0.046,-0.820782681668124,TRUE,0.00468422885862764,0.00487339717240448,-0.853929242298358,-0.820782681668124,TRUE,TRUE,0.007,-1.34839972492648,TRUE,0.00186426929385215,0.0022248595461287,-1.60920957604847,-1.34839972492648,TRUE,TRUE,TRUE,TRUE
stk,u,EDGE.stk.u.Grule,1b,null_quad_n100,100,10000,null,TRUE,0.0466,-1.56002699031982,TRUE,0.00210780549387272,0.00217944947177034,-1.61305206286046,-1.56002699031982,TRUE,TRUE,0.0087,-1.30654915983698,TRUE,0.000928671631956097,0.00099498743710662,-1.39984894042877,-1.30654915983698,TRUE,TRUE,TRUE,TRUE
stk,u,EDGE.stk.u.Grule,1b,null_rough_n10000,10000,1000,null,TRUE,0.05,0,TRUE,0.00689202437604511,0.00689202437604511,0,0,TRUE,TRUE,0.009,-0.317820863081864,TRUE,0.00298646948753876,0.00314642654451046,-0.334843534873725,-0.317820863081864,TRUE,TRUE,TRUE,TRUE
stk,u,EDGE.stk.u.Grule,1b,null_skew_n2400,2400,2000,null,TRUE,0.043,-1.43636969291922,TRUE,0.00453602248671675,0.00487339717240448,-1.54320222628939,-1.43636969291922,TRUE,TRUE,0.0155,2.47206616236522,TRUE,0.00276222283677476,0.0022248595461287,1.99114999947721,2.47206616236522,TRUE,TRUE,TRUE,TRUE
stk,u,EDGE.stk.u.Grule,1b,null_skew_n4000,4000,2000,null,TRUE,0.0465,-0.718184846459609,TRUE,0.00470838348055891,0.00487339717240448,-0.743354914579841,-0.718184846459609,TRUE,TRUE,0.016,2.69679944985297,TRUE,0.00280570846668003,0.0022248595461287,2.13849730692075,2.69679944985297,TRUE,TRUE,TRUE,TRUE
stk,u,EDGE.stk.u.Grule,1b,null_skew_n9400,9400,2000,null,TRUE,0.0515,0.307793505625545,TRUE,0.00494205169944629,0.00487339717240448,0.303517666593422,0.307793505625545,TRUE,TRUE,0.015,2.24733287487747,TRUE,0.00271799558498538,0.0022248595461287,1.83959092046387,2.24733287487747,TRUE,TRUE,TRUE,TRUE
stk,u,EDGE.stk.u.Grule,1b,runA_null_p20_n1000,1000,2000,null,TRUE,0.045,-1.02597835208516,TRUE,0.00463546114210873,0.00487339717240448,-1.07864133615096,-1.02597835208516,TRUE,TRUE,0.01,0,TRUE,0.0022248595461287,0.0022248595461287,0,0,TRUE,TRUE,TRUE,TRUE
stk,u,EDGE.stk.u.Grule,1b,runG_null_sparse_n10000,10000,2000,null,TRUE,0.045,-1.02597835208516,TRUE,0.00463546114210873,0.00487339717240448,-1.07864133615096,-1.02597835208516,TRUE,TRUE,0.0085,-0.674199862463242,TRUE,0.00205277251540447,0.0022248595461287,-0.730719058611541,-0.674199862463242,TRUE,TRUE,TRUE,TRUE
stk,u,EDGE.stk.u.Grule,1b,runG_null_sparse_n2000,2000,2000,null,TRUE,0.0425,-1.53896752812773,TRUE,0.00451075104611194,0.00487339717240448,-1.66269428823048,-1.53896752812773,TRUE,TRUE,0.011,0.449466574975494,TRUE,0.00233227356885937,0.0022248595461287,0.428766167636613,0.449466574975494,TRUE,TRUE,TRUE,TRUE
stk,u,EDGE.stk.u.Grule,1b,runG_null_sparse_n500,500,2000,null,TRUE,0.051,0.20519567041703,TRUE,0.00491929873051028,0.00487339717240448,0.203281007066685,0.20519567041703,TRUE,TRUE,0.015,2.24733287487747,TRUE,0.00271799558498538,0.0022248595461287,1.83959092046387,2.24733287487747,TRUE,TRUE,TRUE,TRUE
stk,u,EDGE.stk.u.Grule,1b,sparse49_n100,100,5000,null,TRUE,0.0132,-11.9394965952241,TRUE,0.00161404832641405,0.00308220700148449,-22.7998129905806,-11.9394965952241,TRUE,TRUE,0.0064,-2.55840859626733,TRUE,0.00112774465194919,0.00140712472794703,-3.19221199034531,-2.55840859626733,TRUE,TRUE,TRUE,TRUE
stk,u,EDGE.stk.u.Grule,1b,sparse49_n1000,1000,5000,null,TRUE,0.043,-2.27109989583068,TRUE,0.00286883251515316,0.00308220700148449,-2.44001696265852,-2.27109989583068,TRUE,TRUE,0.0098,-0.142133810903741,TRUE,0.00139312311013779,0.00140712472794703,-0.14356233023815,-0.142133810903741,TRUE,TRUE,TRUE,TRUE
stk,u,EDGE.stk.u.Grule,1b,sparse49_n150,150,5000,null,TRUE,0.0228,-8.82484530951348,TRUE,0.00211093154791907,0.00308220700148449,-12.8853065021523,-8.82484530951348,TRUE,TRUE,0.011,0.710669054518701,TRUE,0.00147505932084103,0.00140712472794703,0.677938836676638,0.710669054518701,TRUE,TRUE,TRUE,TRUE
stk,u,EDGE.stk.u.Grule,1b,sparse49_n200,200,5000,null,TRUE,0.0272,-7.39729680356277,TRUE,0.00230044169671826,0.00308220700148449,-9.91114012257984,-7.39729680356277,TRUE,TRUE,0.0114,0.994936676326182,TRUE,0.00150133540556399,0.00140712472794703,0.932503153400341,0.994936676326182,TRUE,TRUE,TRUE,TRUE
stk,u,EDGE.stk.u.Grule,1b,sparse49_n2000,2000,5000,null,TRUE,0.044,-1.94665705356915,TRUE,0.00290048271844533,0.00308220700148449,-2.06862118565424,-1.94665705356915,TRUE,TRUE,0.0102,0.142133810903741,TRUE,0.00142098275851609,0.00140712472794703,0.140747661293834,0.142133810903741,TRUE,TRUE,TRUE,TRUE
stk,u,EDGE.stk.u.Grule,1b,sparse49_n300,300,5000,null,TRUE,0.0366,-4.34753408630444,TRUE,0.00265557677350891,0.00308220700148449,-5.04598478706157,-4.34753408630444,TRUE,TRUE,0.014,2.84267621807481,TRUE,0.00166156552684509,0.00140712472794703,2.40736819305287,2.84267621807481,TRUE,TRUE,TRUE,TRUE
stk,u,EDGE.stk.u.Grule,1b,sparse49_n5000,5000,5000,null,TRUE,0.0448,-1.68710277975993,TRUE,0.00292550713552369,0.00308220700148449,-1.7774696006917,-1.68710277975993,TRUE,TRUE,0.0102,0.142133810903741,TRUE,0.00142098275851609,0.00140712472794703,0.140747661293834,0.142133810903741,TRUE,TRUE,TRUE,TRUE
stk,u,EDGE.stk.u.Grule,4,proj_null_contint_n1000,1000,500,null,TRUE,0.046,-0.410391340834062,TRUE,0.00936845771725528,0.00974679434480896,-0.426964621149179,-0.410391340834062,TRUE,TRUE,0.004,-1.34839972492648,TRUE,0.00282276460230038,0.0044497190922574,-2.12557575474426,-1.34839972492648,TRUE,TRUE,TRUE,TRUE
stk,u,EDGE.stk.u.Grule,4,proj_null_contint_n500,500,500,null,TRUE,0.04,-1.02597835208515,TRUE,0.00876356092008266,0.00974679434480896,-1.1410886614691,-1.02597835208515,TRUE,TRUE,0.01,0,TRUE,0.0044497190922574,0.0044497190922574,0,0,TRUE,TRUE,TRUE,TRUE
stk,u,EDGE.stk.u.Grule,4,proj_null_link_n1000,1000,500,null,TRUE,0.048,-0.205195670417031,TRUE,0.00955991631762538,0.00974679434480896,-0.209206852188931,-0.205195670417031,TRUE,TRUE,0.01,0,TRUE,0.0044497190922574,0.0044497190922574,0,0,TRUE,TRUE,TRUE,TRUE
stk,u,EDGE.stk.u.Grule,4,proj_null_link_n500,500,500,null,TRUE,0.044,-0.615587011251093,TRUE,0.00917213170424411,0.00974679434480896,-0.654155456274543,-0.615587011251093,TRUE,TRUE,0.01,0,TRUE,0.0044497190922574,0.0044497190922574,0,0,TRUE,TRUE,TRUE,TRUE
stk,u,EDGE.stk.u.Grule,4,proj_null_quad_n1000,1000,500,null,TRUE,0.04,-1.02597835208515,TRUE,0.00876356092008266,0.00974679434480896,-1.1410886614691,-1.02597835208515,TRUE,TRUE,0.006,-0.89893314995099,TRUE,0.00345369367489359,0.0044497190922574,-1.15818030680536,-0.89893314995099,TRUE,TRUE,TRUE,TRUE
stk,u,EDGE.stk.u.Grule,4,proj_null_quad_n500,500,500,null,TRUE,0.04,-1.02597835208515,TRUE,0.00876356092008266,0.00974679434480896,-1.1410886614691,-1.02597835208515,TRUE,TRUE,0.006,-0.89893314995099,TRUE,0.00345369367489359,0.0044497190922574,-1.15818030680536,-0.89893314995099,TRUE,TRUE,TRUE,TRUE
stk,u,EDGE.stk.u.Grule,5,runA_null_p10,1000,2000,null,TRUE,0.049,-0.205195670417031,TRUE,0.00482695556225661,0.00487339717240448,-0.20716992048141,-0.205195670417031,TRUE,TRUE,0.0115,0.674199862463242,TRUE,0.0023840878758972,0.0022248595461287,0.629171439175877,0.674199862463242,TRUE,TRUE,TRUE,TRUE
stk,u,EDGE.stk.u.Grule,5,runA_null_p20,1000,2000,null,TRUE,0.0465,-0.718184846459609,TRUE,0.00470838348055891,0.00487339717240448,-0.743354914579841,-0.718184846459609,TRUE,TRUE,0.0085,-0.674199862463242,TRUE,0.00205277251540447,0.0022248595461287,-0.730719058611541,-0.674199862463242,TRUE,TRUE,TRUE,TRUE
stk,u,EDGE.stk.u.Grule,5,runA_null_p3,1000,2000,null,TRUE,0.0565,1.3337718577107,TRUE,0.00516273909857936,0.00487339717240448,1.25902159219873,1.3337718577107,TRUE,TRUE,0.0095,-0.224733287487748,TRUE,0.00216907238237916,0.0022248595461287,-0.23051328487783,-0.224733287487748,TRUE,TRUE,TRUE,TRUE
stk,u,EDGE.stk.u.Grule,5,runA_null_p5,1000,2000,null,TRUE,0.0405,-1.94935886896179,TRUE,0.00440793318914886,0.00487339717240448,-2.1552050796474,-1.94935886896179,TRUE,TRUE,0.0075,-1.12366643743874,TRUE,0.00192921616207205,0.0022248595461287,-1.29586308115671,-1.12366643743874,TRUE,TRUE,TRUE,TRUE
stk,u,EDGE.stk.u.Grule,5,runF_null_n1000_G10,1000,2000,null,TRUE,0.051,0.20519567041703,TRUE,0.00491929873051028,0.00487339717240448,0.203281007066685,0.20519567041703,TRUE,TRUE,0.0115,0.674199862463242,TRUE,0.0023840878758972,0.0022248595461287,0.629171439175877,0.674199862463242,TRUE,TRUE,TRUE,TRUE
stk,u,EDGE.stk.u.Grule,5,runF_null_n1000_G20,1000,2000,null,TRUE,0.0525,0.512989176042576,TRUE,0.00498717104178311,0.00487339717240448,0.501286195932463,0.512989176042576,TRUE,TRUE,0.0115,0.674199862463242,TRUE,0.0023840878758972,0.0022248595461287,0.629171439175877,0.674199862463242,TRUE,TRUE,TRUE,TRUE
stk,u,EDGE.stk.u.Grule,5,runF_null_n1000_G40,1000,2000,null,TRUE,0.0495,-0.102597835208515,TRUE,0.0048502448391808,0.00487339717240448,-0.103087579406496,-0.102597835208515,TRUE,TRUE,0.0125,1.12366643743874,TRUE,0.00248432586429397,0.0022248595461287,1.00630921085326,1.12366643743874,TRUE,TRUE,TRUE,TRUE
stk,u,EDGE.stk.u.Grule,5,runF_null_n1000_G5,1000,2000,null,TRUE,0.0555,1.12857618729367,TRUE,0.00511955808639769,0.00487339717240448,1.0743114751668,1.12857618729367,TRUE,TRUE,0.0125,1.12366643743874,TRUE,0.00248432586429397,0.0022248595461287,1.00630921085326,1.12366643743874,TRUE,TRUE,TRUE,TRUE
stk,u,EDGE.stk.u.Grule,5,runF_null_n1000_G67,1000,2000,null,TRUE,0.045,-1.02597835208516,TRUE,0.00463546114210873,0.00487339717240448,-1.07864133615096,-1.02597835208516,TRUE,TRUE,0.009,-0.449466574975495,TRUE,0.00211175282644537,0.0022248595461287,-0.473540268291371,-0.449466574975495,TRUE,TRUE,TRUE,TRUE
stk,u,EDGE.stk.u.Grule,5,runF_null_n20000_G100,20000,800,null,TRUE,0.04875,-0.162221421130763,TRUE,0.00761359290184339,0.00770551750371122,-0.164180041685359,-0.162221421130763,TRUE,TRUE,0.01125,0.355334527259351,TRUE,0.00372884658775338,0.00351781181986757,0.335224303436179,0.355334527259351,TRUE,TRUE,TRUE,TRUE
stk,u,EDGE.stk.u.Grule,5,runF_null_n20000_G200,20000,800,null,TRUE,0.04125,-1.13554994791534,TRUE,0.00703104166358016,0.00770551750371122,-1.24448131851128,-1.13554994791534,TRUE,TRUE,0.0125,0.710669054518702,TRUE,0.00392806409061767,0.00351781181986757,0.636445827340584,0.710669054518702,TRUE,TRUE,TRUE,TRUE
stk,u,EDGE.stk.u.Grule,5,runF_null_n20000_G400,20000,800,null,TRUE,0.0375,-1.62221421130763,TRUE,0.00671693289381396,0.00770551750371122,-1.86096842079694,-1.62221421130763,TRUE,TRUE,0.005,-1.4213381090374,TRUE,0.0024937421679075,0.00351781181986757,-2.00501882846834,-1.4213381090374,TRUE,TRUE,TRUE,TRUE
stk,u,EDGE.stk.u.Grule,5,runF_null_n2000_G10,2000,2000,null,TRUE,0.0445,-1.12857618729367,TRUE,0.00461084319837489,0.00487339717240448,-1.19284039022158,-1.12857618729367,TRUE,TRUE,0.011,0.449466574975494,TRUE,0.00233227356885937,0.0022248595461287,0.428766167636613,0.449466574975494,TRUE,TRUE,TRUE,TRUE
stk,u,EDGE.stk.u.Grule,5,runF_null_n2000_G133,2000,2000,null,TRUE,0.0385,-2.35975020979586,TRUE,0.00430219420761081,0.00487339717240448,-2.67305459610724,-2.35975020979586,TRUE,TRUE,0.0075,-1.12366643743874,TRUE,0.00192921616207205,0.0022248595461287,-1.29586308115671,-1.12366643743874,TRUE,TRUE,TRUE,TRUE
stk,u,EDGE.stk.u.Grule,5,runF_null_n2000_G20,2000,2000,null,TRUE,0.0485,-0.307793505625547,TRUE,0.00480352734977121,0.00487339717240448,-0.31227052346677,-0.307793505625547,TRUE,TRUE,0.01,0,TRUE,0.0022248595461287,0.0022248595461287,0,0,TRUE,TRUE,TRUE,TRUE
stk,u,EDGE.stk.u.Grule,5,runF_null_n2000_G40,2000,2000,null,TRUE,0.046,-0.820782681668124,TRUE,0.00468422885862764,0.00487339717240448,-0.853929242298358,-0.820782681668124,TRUE,TRUE,0.006,-1.79786629990198,TRUE,0.0017268468374468,0.0022248595461287,-2.31636061361072,-1.79786629990198,TRUE,TRUE,TRUE,TRUE
stk,u,EDGE.stk.u.Grule,5,runF_null_n2000_G80,2000,2000,null,TRUE,0.052,0.410391340834061,TRUE,0.00496467521596328,0.00487339717240448,0.402846090227463,0.410391340834061,TRUE,TRUE,0.0065,-1.57313301241423,TRUE,0.00179690706493129,0.0022248595461287,-1.9477913289488,-1.57313301241423,TRUE,TRUE,TRUE,TRUE
stk,u,EDGE.stk.u.Grule,5,runF_null_n5000_G100,5000,2000,null,TRUE,0.042,-1.64156536333625,TRUE,0.00448530935387962,0.00487339717240448,-1.78360049861005,-1.64156536333625,TRUE,TRUE,0.0065,-1.57313301241423,TRUE,0.00179690706493129,0.0022248595461287,-1.9477913289488,-1.57313301241423,TRUE,TRUE,TRUE,TRUE
stk,u,EDGE.stk.u.Grule,5,runF_null_n5000_G200,5000,2000,null,TRUE,0.054,0.820782681668123,TRUE,0.00505390937789747,0.00487339717240448,0.791466506600496,0.820782681668123,TRUE,TRUE,0.013,1.34839972492648,TRUE,0.00253288373203351,0.0022248595461287,1.18442073043419,1.34839972492648,TRUE,TRUE,TRUE,TRUE
stk,u,EDGE.stk.u.Grule,5,runF_null_n5000_G25,5000,2000,null,TRUE,0.0465,-0.718184846459609,TRUE,0.00470838348055891,0.00487339717240448,-0.743354914579841,-0.718184846459609,TRUE,TRUE,0.0085,-0.674199862463242,TRUE,0.00205277251540447,0.0022248595461287,-0.730719058611541,-0.674199862463242,TRUE,TRUE,TRUE,TRUE
stk,u,EDGE.stk.u.Grule,5,runF_null_n5000_G333,5000,2000,null,TRUE,0.0545,0.923380516876638,TRUE,0.00507591124823908,0.00487339717240448,0.88654032348598,0.923380516876638,TRUE,TRUE,0.011,0.449466574975494,TRUE,0.00233227356885937,0.0022248595461287,0.428766167636613,0.449466574975494,TRUE,TRUE,TRUE,TRUE
stk,u,EDGE.stk.u.Grule,5,runF_null_n5000_G50,5000,2000,null,TRUE,0.046,-0.820782681668124,TRUE,0.00468422885862764,0.00487339717240448,-0.853929242298358,-0.820782681668124,TRUE,TRUE,0.009,-0.449466574975495,TRUE,0.00211175282644537,0.0022248595461287,-0.473540268291371,-0.449466574975495,TRUE,TRUE,TRUE,TRUE
stk,u,EDGE.stk.u.Grule,5,runF_null_n500_G10,500,2000,null,TRUE,0.055,1.02597835208515,TRUE,0.00509779364038993,0.00487339717240448,0.980816477227499,1.02597835208515,TRUE,TRUE,0.009,-0.449466574975495,TRUE,0.00211175282644537,0.0022248595461287,-0.473540268291371,-0.449466574975495,TRUE,TRUE,TRUE,TRUE
stk,u,EDGE.stk.u.Grule,5,runF_null_n500_G20,500,2000,null,TRUE,0.0575,1.53896752812773,TRUE,0.00520546587732549,0.00487339717240448,1.44079323095158,1.53896752812773,TRUE,TRUE,0.0135,1.57313301241423,TRUE,0.00258047960658479,0.0022248595461287,1.35633701234019,1.57313301241423,TRUE,TRUE,TRUE,TRUE
stk,u,EDGE.stk.u.Grule,5,runF_null_n500_G33,500,2000,null,TRUE,0.053,0.615587011251092,TRUE,0.0050095408971282,0.00487339717240448,0.598857272873008,0.615587011251092,TRUE,TRUE,0.009,-0.449466574975495,TRUE,0.00211175282644537,0.0022248595461287,-0.473540268291371,-0.449466574975495,TRUE,TRUE,TRUE,TRUE
stk,u,EDGE.stk.u.Grule,5,runF_null_n500_G4,500,2000,null,TRUE,0.0555,1.12857618729367,TRUE,0.00511955808639769,0.00487339717240448,1.0743114751668,1.12857618729367,TRUE,TRUE,0.01,0,TRUE,0.0022248595461287,0.0022248595461287,0,0,TRUE,TRUE,TRUE,TRUE
stk,u,EDGE.stk.u.Grule,5,runF_null_n500_G5,500,2000,null,TRUE,0.05,0,TRUE,0.00487339717240448,0.00487339717240448,0,0,TRUE,TRUE,0.0135,1.57313301241423,TRUE,0.00258047960658479,0.0022248595461287,1.35633701234019,1.57313301241423,TRUE,TRUE,TRUE,TRUE
stk,u,EDGE.stk.u.Grule,5,runG_null_n10000,10000,1000,null,TRUE,0.053,0.435285750066006,TRUE,0.00708456067798138,0.00689202437604511,0.423456038611387,0.435285750066006,TRUE,TRUE,0.006,-1.27128345232746,TRUE,0.00244213021765835,0.00314642654451046,-1.63791429755757,-1.27128345232746,TRUE,TRUE,TRUE,TRUE
stk,u,EDGE.stk.u.Grule,5,runG_null_n2000,2000,2000,null,TRUE,0.054,0.820782681668123,TRUE,0.00505390937789747,0.00487339717240448,0.791466506600496,0.820782681668123,TRUE,TRUE,0.012,0.89893314995099,TRUE,0.00243474844696531,0.0022248595461287,0.821440096816908,0.89893314995099,TRUE,TRUE,TRUE,TRUE
stk,u,EDGE.stk.u.Grule,5,runG_null_n500,500,2000,null,TRUE,0.055,1.02597835208515,TRUE,0.00509779364038993,0.00487339717240448,0.980816477227499,1.02597835208515,TRUE,TRUE,0.0095,-0.224733287487748,TRUE,0.00216907238237916,0.0022248595461287,-0.23051328487783,-0.224733287487748,TRUE,TRUE,TRUE,TRUE
stk,u,EDGE.stk.u.Grule,5,runG_null_sparse_n10000,10000,1000,null,TRUE,0.055,0.725476250110011,TRUE,0.00720936890441875,0.00689202437604511,0.693541982147066,0.725476250110011,TRUE,TRUE,0.011,0.317820863081864,TRUE,0.00329833291224521,0.00314642654451046,0.303183464679218,0.317820863081864,TRUE,TRUE,TRUE,TRUE
stk,u,EDGE.stk.u.Grule,5,runG_null_sparse_n2000,2000,2000,null,TRUE,0.05,0,TRUE,0.00487339717240448,0.00487339717240448,0,0,TRUE,TRUE,0.011,0.449466574975494,TRUE,0.00233227356885937,0.0022248595461287,0.428766167636613,0.449466574975494,TRUE,TRUE,TRUE,TRUE
stk,u,EDGE.stk.u.Grule,5,runG_null_sparse_n500,500,2000,null,TRUE,0.0315,-3.79611990271507,TRUE,0.0039056209493498,0.00487339717240448,-4.73676279391113,-3.79611990271507,TRUE,TRUE,0.0065,-1.57313301241423,TRUE,0.00179690706493129,0.0022248595461287,-1.9477913289488,-1.57313301241423,TRUE,TRUE,TRUE,TRUE
stk,u,EDGE.stk.u.Grule,5,runK2_null_n1000,1000,2000,null,TRUE,0.044,-1.23117402250219,TRUE,0.00458606585212206,0.00487339717240448,-1.30831091254908,-1.23117402250219,TRUE,TRUE,0.0085,-0.674199862463242,TRUE,0.00205277251540447,0.0022248595461287,-0.730719058611541,-0.674199862463242,TRUE,TRUE,TRUE,TRUE
stk,u,EDGE.stk.u.Grule,5,runK2_null_n2000,2000,2000,null,TRUE,0.0555,1.12857618729367,TRUE,0.00511955808639769,0.00487339717240448,1.0743114751668,1.12857618729367,TRUE,TRUE,0.0125,1.12366643743874,TRUE,0.00248432586429397,0.0022248595461287,1.00630921085326,1.12366643743874,TRUE,TRUE,TRUE,TRUE
stk,u,EDGE.stk.u.Grule,5,runK2_null_n500,500,2000,null,TRUE,0.048,-0.410391340834062,TRUE,0.00477995815881269,0.00487339717240448,-0.418413704377862,-0.410391340834062,TRUE,TRUE,0.0085,-0.674199862463242,TRUE,0.00205277251540447,0.0022248595461287,-0.730719058611541,-0.674199862463242,TRUE,TRUE,TRUE,TRUE
stk,u,EDGE.stk.u.Grule,5,runK2_null_n5000,5000,2000,null,TRUE,0.0525,0.512989176042576,TRUE,0.00498717104178311,0.00487339717240448,0.501286195932463,0.512989176042576,TRUE,TRUE,0.0105,0.224733287487748,TRUE,0.00227922684259378,0.0022248595461287,0.219372635779858,0.224733287487748,TRUE,TRUE,TRUE,TRUE
stk,u,EDGE.stk.u.Grule,6,glow_null_n500,500,2000,null,TRUE,0.058,1.64156536333625,TRUE,0.00522666241496426,0.00487339717240448,1.53061348999612,1.64156536333625,TRUE,TRUE,0.013,1.34839972492648,TRUE,0.00253288373203351,0.0022248595461287,1.18442073043419,1.34839972492648,TRUE,TRUE,TRUE,TRUE
stk,u,EDGE.stk.u.Grule,7,runD_null_n50000,50000,800,null,TRUE,0.0475,-0.324442842261525,TRUE,0.00752028506773513,0.00770551750371122,-0.332434206613516,-0.324442842261525,TRUE,TRUE,0.0075,-0.710669054518702,TRUE,0.00305035858547811,0.00351781181986757,-0.819575774435763,-0.710669054518702,TRUE,TRUE,TRUE,TRUE
stk,u,EDGE.stk.u.Grule,7,runJ_null_n2000,2000,2000,null,TRUE,0.0445,-1.12857618729367,TRUE,0.00461084319837489,0.00487339717240448,-1.19284039022158,-1.12857618729367,TRUE,TRUE,0.011,0.449466574975494,TRUE,0.00233227356885937,0.0022248595461287,0.428766167636613,0.449466574975494,TRUE,TRUE,TRUE,TRUE
stk,u,EDGE.stk.u.Grule,1a,null_quad_n1000,1000,10000,null,FALSE,0.0514,0.642364054837572,TRUE,0.00220812227922278,0.00217944947177034,0.634022858776088,0.642364054837572,TRUE,TRUE,0.0131,3.11561722730356,FALSE,0.00113703078234496,0.00099498743710662,2.72639936238727,3.11561722730356,TRUE,FALSE,TRUE,FALSE
stk,u,EDGE.stk.u.Grule,1b,null_skew_n16000,16000,2000,null,FALSE,0.047,-0.615587011251093,TRUE,0.00473238840333293,0.00487339717240448,-0.633929370185921,-0.615587011251093,TRUE,TRUE,0.019,4.04519917477945,FALSE,0.00305278561317365,0.0022248595461287,2.94812710108512,4.04519917477945,TRUE,FALSE,TRUE,FALSE
stk,u,EDGE.stk.u.Grule,1b,sparse49_n500,500,5000,null,FALSE,0.0446,-1.75199134821224,TRUE,0.00291927525252416,0.00308220700148449,-1.84977418464767,-1.75199134821224,TRUE,TRUE,0.016,4.26401432711221,FALSE,0.00177448584102551,0.00140712472794703,3.38126113000287,4.26401432711221,FALSE,FALSE,FALSE,FALSE
sym,sc,EDGE.sym.sc.Grule,1a,null_binint_n1000,1000,10000,null,TRUE,0.0498,-0.0917662935482273,TRUE,0.00217531514958178,0.00217944947177034,-0.0919407011156325,-0.0917662935482273,TRUE,TRUE,0.0094,-0.603022689155527,TRUE,0.000964968393264774,0.00099498743710662,-0.621782023315833,-0.603022689155527,TRUE,TRUE,TRUE,TRUE
sym,sc,EDGE.sym.sc.Grule,1a,null_binint_n200,200,10000,null,TRUE,0.0545,2.06474160483505,TRUE,0.00227001651976368,0.00217944947177034,1.9823644281093,2.06474160483505,TRUE,TRUE,0.0114,1.4070529413629,TRUE,0.00106160444610976,0.00099498743710662,1.31875860649443,1.4070529413629,TRUE,TRUE,TRUE,TRUE
sym,sc,EDGE.sym.sc.Grule,1a,null_binint_n2000,2000,10000,null,TRUE,0.0513,0.596480908063459,TRUE,0.00220608952674183,0.00217944947177034,0.589277989057844,0.596480908063459,TRUE,TRUE,0.0111,1.10554159678513,TRUE,0.00104770177054351,0.00099498743710662,1.04991709561525,1.10554159678513,TRUE,TRUE,TRUE,TRUE
sym,sc,EDGE.sym.sc.Grule,1a,null_binint_n500,500,10000,null,TRUE,0.0496,-0.183532587096451,TRUE,0.00217117111255654,0.00217944947177034,-0.184232370118911,-0.183532587096451,TRUE,TRUE,0.0105,0.502518907629607,TRUE,0.00101930123123638,0.00099498743710662,0.490532126007065,0.502518907629607,TRUE,TRUE,TRUE,TRUE
sym,sc,EDGE.sym.sc.Grule,1a,null_binint_n5000,5000,10000,null,TRUE,0.0508,0.367065174192897,TRUE,0.00219589070766284,0.00217944947177034,0.364316856575919,0.367065174192897,TRUE,TRUE,0.0097,-0.301511344577764,TRUE,0.000980097444135021,0.00099498743710662,-0.306092013396447,-0.301511344577764,TRUE,TRUE,TRUE,TRUE
sym,sc,EDGE.sym.sc.Grule,1a,null_contint_n1000,1000,10000,null,TRUE,0.0515,0.688247201611683,TRUE,0.00221015270965605,0.00217944947177034,0.67868613487501,0.688247201611683,TRUE,TRUE,0.0097,-0.301511344577764,TRUE,0.000980097444135021,0.00099498743710662,-0.306092013396447,-0.301511344577764,TRUE,TRUE,TRUE,TRUE
sym,sc,EDGE.sym.sc.Grule,1a,null_contint_n200,200,10000,null,TRUE,0.0534,1.56002699031982,TRUE,0.0022482980229498,0.00217944947177034,1.51225503260424,1.56002699031982,TRUE,TRUE,0.0107,0.703526470681448,TRUE,0.00102885907684192,0.00099498743710662,0.680365285932693,0.703526470681448,TRUE,TRUE,TRUE,TRUE
sym,sc,EDGE.sym.sc.Grule,1a,null_contint_n2000,2000,10000,null,TRUE,0.0521,0.963546082256358,TRUE,0.00222228688517032,0.00217944947177034,0.944972502881441,0.963546082256358,TRUE,TRUE,0.0105,0.502518907629607,TRUE,0.00101930123123638,0.00099498743710662,0.490532126007065,0.502518907629607,TRUE,TRUE,TRUE,TRUE
sym,sc,EDGE.sym.sc.Grule,1a,null_contint_n500,500,10000,null,TRUE,0.0523,1.05531237580458,TRUE,0.00222631332026739,0.00217944947177034,1.03309807252276,1.05531237580458,TRUE,TRUE,0.0101,0.100503781525921,TRUE,0.000999899494949367,0.00099498743710662,0.100010051515291,0.100503781525921,TRUE,TRUE,TRUE,TRUE
sym,sc,EDGE.sym.sc.Grule,1a,null_contint_n5000,5000,10000,null,TRUE,0.0545,2.06474160483505,TRUE,0.00227001651976368,0.00217944947177034,1.9823644281093,2.06474160483505,TRUE,TRUE,0.0098,-0.201007563051843,TRUE,0.000985086798206128,0.00099498743710662,-0.203027794468677,-0.201007563051843,TRUE,TRUE,TRUE,TRUE
sym,sc,EDGE.sym.sc.Grule,1a,null_link_n1000,1000,10000,null,TRUE,0.0499,-0.0458831467741137,TRUE,0.00217738352156895,0.00217944947177034,-0.0459266817303486,-0.0458831467741137,TRUE,TRUE,0.0121,2.11057941204434,TRUE,0.00109332474590124,0.00099498743710662,1.92074679355121,2.11057941204434,TRUE,TRUE,TRUE,TRUE
sym,sc,EDGE.sym.sc.Grule,1a,null_link_n200,200,10000,null,TRUE,0.0523,1.05531237580458,TRUE,0.00222631332026739,0.00217944947177034,1.03309807252276,1.05531237580458,TRUE,TRUE,0.0095,-0.502518907629607,TRUE,0.000970038659023443,0.00099498743710662,-0.515443374703602,-0.502518907629607,TRUE,TRUE,TRUE,TRUE
sym,sc,EDGE.sym.sc.Grule,1a,null_link_n2000,2000,10000,null,TRUE,0.0526,1.19296181612692,TRUE,0.00223233599621562,0.00217944947177034,1.16469922288028,1.19296181612692,TRUE,TRUE,0.0106,0.603022689155527,TRUE,0.00102409179276079,0.00099498743710662,0.585884980468884,0.603022689155527,TRUE,TRUE,TRUE,TRUE
sym,sc,EDGE.sym.sc.Grule,1a,null_link_n500,500,10000,null,TRUE,0.047,-1.37649440322337,TRUE,0.00211638843315682,0.00217944947177034,-1.41750916466935,-1.37649440322337,TRUE,TRUE,0.0105,0.502518907629607,TRUE,0.00101930123123638,0.00099498743710662,0.490532126007065,0.502518907629607,TRUE,TRUE,TRUE,TRUE
sym,sc,EDGE.sym.sc.Grule,1a,null_link_n5000,5000,10000,null,TRUE,0.05,0,TRUE,0.00217944947177034,0.00217944947177034,0,0,TRUE,TRUE,0.0093,-0.70352647068145,TRUE,0.000959870303739,0.00099498743710662,-0.729265190592186,-0.70352647068145,TRUE,TRUE,TRUE,TRUE
sym,sc,EDGE.sym.sc.Grule,1a,null_quad_n1000,1000,10000,null,TRUE,0.0511,0.504714614515235,TRUE,0.0022020170299069,0.00217944947177034,0.499542004017337,0.504714614515235,TRUE,TRUE,0.0125,2.51259453814803,TRUE,0.00111102430216445,0.00099498743710662,2.25017580185205,2.51259453814803,TRUE,TRUE,TRUE,TRUE
sym,sc,EDGE.sym.sc.Grule,1a,null_quad_n200,200,10000,null,TRUE,0.0485,-0.688247201611686,TRUE,0.00214820273717357,0.00217944947177034,-0.69825811784114,-0.688247201611686,TRUE,TRUE,0.0082,-1.80906806746658,TRUE,0.000901818163489736,0.00099498743710662,-1.9959677825013,-1.80906806746658,TRUE,TRUE,TRUE,TRUE
sym,sc,EDGE.sym.sc.Grule,1a,null_quad_n2000,2000,10000,null,TRUE,0.0474,-1.19296181612692,TRUE,0.00212492917529032,0.00217944947177034,-1.22357019247231,-1.19296181612692,TRUE,TRUE,0.0104,0.402015126103684,TRUE,0.00101448706250992,0.00099498743710662,0.394287926166715,0.402015126103684,TRUE,TRUE,TRUE,TRUE
sym,sc,EDGE.sym.sc.Grule,1a,null_quad_n500,500,10000,null,TRUE,0.048,-0.917662935482248,TRUE,0.00213766227454198,0.00217944947177034,-0.935601485706401,-0.917662935482248,TRUE,TRUE,0.0106,0.603022689155527,TRUE,0.00102409179276079,0.00099498743710662,0.585884980468884,0.603022689155527,TRUE,TRUE,TRUE,TRUE
sym,sc,EDGE.sym.sc.Grule,1a,null_quad_n5000,5000,10000,null,TRUE,0.049,-0.458831467741124,TRUE,0.0021586801523153,0.00217944947177034,-0.463246025089658,-0.458831467741124,TRUE,TRUE,0.0114,1.4070529413629,TRUE,0.00106160444610976,0.00099498743710662,1.31875860649443,1.4070529413629,TRUE,TRUE,TRUE,TRUE
sym,sc,EDGE.sym.sc.Grule,1a,null_rough_n1000,1000,10000,null,TRUE,0.0476,-1.1011955225787,TRUE,0.00212918388120895,0.00217944947177034,-1.12719245208511,-1.1011955225787,TRUE,TRUE,0.0093,-0.70352647068145,TRUE,0.000959870303739,0.00099498743710662,-0.729265190592186,-0.70352647068145,TRUE,TRUE,TRUE,TRUE
sym,sc,EDGE.sym.sc.Grule,1a,null_rough_n200,200,10000,null,TRUE,0.0495,-0.229415733870562,TRUE,0.00216909543358516,0.00217944947177034,-0.230510835188834,-0.229415733870562,TRUE,TRUE,0.011,1.00503781525921,TRUE,0.00104302444841912,0.00099498743710662,0.958750297287536,1.00503781525921,TRUE,TRUE,TRUE,TRUE
sym,sc,EDGE.sym.sc.Grule,1a,null_rough_n2000,2000,10000,null,TRUE,0.055,2.29415733870562,TRUE,0.0022798026230356,0.00217944947177034,2.19317231653256,2.29415733870562,TRUE,TRUE,0.0108,0.80403025220737,TRUE,0.00103360340556715,0.00099498743710662,0.773991257856809,0.80403025220737,TRUE,TRUE,TRUE,TRUE
sym,sc,EDGE.sym.sc.Grule,1a,null_rough_n500,500,10000,null,TRUE,0.0497,-0.137649440322338,TRUE,0.00217324434889407,0.00217944947177034,-0.138042461793432,-0.137649440322338,TRUE,TRUE,0.011,1.00503781525921,TRUE,0.00104302444841912,0.00099498743710662,0.958750297287536,1.00503781525921,TRUE,TRUE,TRUE,TRUE
sym,sc,EDGE.sym.sc.Grule,1a,null_rough_n5000,5000,10000,null,TRUE,0.0511,0.504714614515235,TRUE,0.0022020170299069,0.00217944947177034,0.499542004017337,0.504714614515235,TRUE,TRUE,0.0101,0.100503781525921,TRUE,0.000999899494949367,0.00099498743710662,0.100010051515291,0.100503781525921,TRUE,TRUE,TRUE,TRUE
sym,sc,EDGE.sym.sc.Grule,1b,moderate1_n100,100,5000,null,TRUE,0.0484,-0.519108547618442,TRUE,0.00303504332753257,0.00308220700148449,-0.52717534062381,-0.519108547618442,TRUE,TRUE,0.0088,-0.852802865422442,TRUE,0.00132079975772257,0.00140712472794703,-0.908540445274715,-0.852802865422442,TRUE,TRUE,TRUE,TRUE
sym,sc,EDGE.sym.sc.Grule,1b,moderate1_n1000,1000,5000,null,TRUE,0.0496,-0.129777136904611,TRUE,0.00307049963361014,0.00308220700148449,-0.130271958225152,-0.129777136904611,TRUE,TRUE,0.0108,0.568535243614961,TRUE,0.00146173595426807,0.00140712472794703,0.54729446700966,0.568535243614961,TRUE,TRUE,TRUE,TRUE
sym,sc,EDGE.sym.sc.Grule,1b,moderate1_n150,150,5000,null,TRUE,0.0484,-0.519108547618442,TRUE,0.00303504332753257,0.00308220700148449,-0.52717534062381,-0.519108547618442,TRUE,TRUE,0.0096,-0.284267621807481,TRUE,0.00137897353129058,0.00140712472794703,-0.290070832342693,-0.284267621807481,TRUE,TRUE,TRUE,TRUE
sym,sc,EDGE.sym.sc.Grule,1b,moderate1_n200,200,5000,null,TRUE,0.0468,-1.03821709523688,TRUE,0.00298696367570816,0.00308220700148449,-1.07132203381795,-1.03821709523688,TRUE,TRUE,0.008,-1.4213381090374,TRUE,0.00125984125984189,0.00140712472794703,-1.58750158750238,-1.4213381090374,TRUE,TRUE,TRUE,TRUE
sym,sc,EDGE.sym.sc.Grule,1b,moderate1_n2000,2000,5000,null,TRUE,0.0454,-1.49243707440302,TRUE,0.00294410733499986,0.00308220700148449,-1.56244303504655,-1.49243707440302,TRUE,TRUE,0.0094,-0.426401432711221,TRUE,0.00136467138901642,0.00140712472794703,-0.439666285106517,-0.426401432711221,TRUE,TRUE,TRUE,TRUE
sym,sc,EDGE.sym.sc.Grule,1b,moderate1_n300,300,5000,null,TRUE,0.048,-0.648885684523051,TRUE,0.00302311098043059,0.00308220700148449,-0.661570155031204,-0.648885684523051,TRUE,TRUE,0.0102,0.142133810903741,TRUE,0.00142098275851609,0.00140712472794703,0.140747661293834,0.142133810903741,TRUE,TRUE,TRUE,TRUE
sym,sc,EDGE.sym.sc.Grule,1b,moderate1_n500,500,5000,null,TRUE,0.048,-0.648885684523051,TRUE,0.00302311098043059,0.00308220700148449,-0.661570155031204,-0.648885684523051,TRUE,TRUE,0.0094,-0.426401432711221,TRUE,0.00136467138901642,0.00140712472794703,-0.439666285106517,-0.426401432711221,TRUE,TRUE,TRUE,TRUE
sym,sc,EDGE.sym.sc.Grule,1b,moderate1_n5000,5000,5000,null,TRUE,0.054,1.2977713690461,TRUE,0.00319637294444813,0.00308220700148449,1.25141842629713,1.2977713690461,TRUE,TRUE,0.0108,0.568535243614961,TRUE,0.00146173595426807,0.00140712472794703,0.54729446700966,0.568535243614961,TRUE,TRUE,TRUE,TRUE
sym,sc,EDGE.sym.sc.Grule,1b,null_auc_n3500,3500,2000,null,TRUE,0.0465,-0.718184846459609,TRUE,0.00470838348055891,0.00487339717240448,-0.743354914579841,-0.718184846459609,TRUE,TRUE,0.008,-0.89893314995099,TRUE,0.0019919839356782,0.0022248595461287,-1.00402416112812,-0.89893314995099,TRUE,TRUE,TRUE,TRUE
sym,sc,EDGE.sym.sc.Grule,1b,null_auc_n380,380,2000,null,TRUE,0.048,-0.410391340834062,TRUE,0.00477995815881269,0.00487339717240448,-0.418413704377862,-0.410391340834062,TRUE,TRUE,0.012,0.89893314995099,TRUE,0.00243474844696531,0.0022248595461287,0.821440096816908,0.89893314995099,TRUE,TRUE,TRUE,TRUE
sym,sc,EDGE.sym.sc.Grule,1b,null_auc_n460,460,2000,null,TRUE,0.048,-0.410391340834062,TRUE,0.00477995815881269,0.00487339717240448,-0.418413704377862,-0.410391340834062,TRUE,TRUE,0.0105,0.224733287487748,TRUE,0.00227922684259378,0.0022248595461287,0.219372635779858,0.224733287487748,TRUE,TRUE,TRUE,TRUE
sym,sc,EDGE.sym.sc.Grule,1b,null_auc_n4700,4700,2000,null,TRUE,0.0455,-0.923380516876639,TRUE,0.00465992220965114,0.00487339717240448,-0.96568135637116,-0.923380516876639,TRUE,TRUE,0.01,0,TRUE,0.0022248595461287,0.0022248595461287,0,0,TRUE,TRUE,TRUE,TRUE
sym,sc,EDGE.sym.sc.Grule,1b,null_auc_n5900,5900,2000,null,TRUE,0.049,-0.205195670417031,TRUE,0.00482695556225661,0.00487339717240448,-0.20716992048141,-0.205195670417031,TRUE,TRUE,0.006,-1.79786629990198,TRUE,0.0017268468374468,0.0022248595461287,-2.31636061361072,-1.79786629990198,TRUE,TRUE,TRUE,TRUE
sym,sc,EDGE.sym.sc.Grule,1b,null_auc_n640,640,2000,null,TRUE,0.0535,0.718184846459607,TRUE,0.00503178646208283,0.00487339717240448,0.695578007209635,0.718184846459607,TRUE,TRUE,0.0095,-0.224733287487748,TRUE,0.00216907238237916,0.0022248595461287,-0.23051328487783,-0.224733287487748,TRUE,TRUE,TRUE,TRUE
sym,sc,EDGE.sym.sc.Grule,1b,null_auc_n760,760,2000,null,TRUE,0.055,1.02597835208515,TRUE,0.00509779364038993,0.00487339717240448,0.980816477227499,1.02597835208515,TRUE,TRUE,0.013,1.34839972492648,TRUE,0.00253288373203351,0.0022248595461287,1.18442073043419,1.34839972492648,TRUE,TRUE,TRUE,TRUE
sym,sc,EDGE.sym.sc.Grule,1b,null_auc_n7800,7800,2000,null,TRUE,0.053,0.615587011251092,TRUE,0.0050095408971282,0.00487339717240448,0.598857272873008,0.615587011251092,TRUE,TRUE,0.0155,2.47206616236522,TRUE,0.00276222283677476,0.0022248595461287,1.99114999947721,2.47206616236522,TRUE,TRUE,TRUE,TRUE
sym,sc,EDGE.sym.sc.Grule,1b,null_base_n1000,1000,2000,null,TRUE,0.0535,0.718184846459607,TRUE,0.00503178646208283,0.00487339717240448,0.695578007209635,0.718184846459607,TRUE,TRUE,0.0105,0.224733287487748,TRUE,0.00227922684259378,0.0022248595461287,0.219372635779858,0.224733287487748,TRUE,TRUE,TRUE,TRUE
sym,sc,EDGE.sym.sc.Grule,1b,null_base_n16000,16000,2000,null,TRUE,0.0395,-2.15455453937882,TRUE,0.00435544199823623,0.00487339717240448,-2.41077713909451,-2.15455453937882,TRUE,TRUE,0.008,-0.89893314995099,TRUE,0.0019919839356782,0.0022248595461287,-1.00402416112812,-0.89893314995099,TRUE,TRUE,TRUE,TRUE
sym,sc,EDGE.sym.sc.Grule,1b,null_base_n20000,20000,2000,null,TRUE,0.0485,-0.307793505625547,TRUE,0.00480352734977121,0.00487339717240448,-0.31227052346677,-0.307793505625547,TRUE,TRUE,0.0105,0.224733287487748,TRUE,0.00227922684259378,0.0022248595461287,0.219372635779858,0.224733287487748,TRUE,TRUE,TRUE,TRUE
sym,sc,EDGE.sym.sc.Grule,1b,null_base_n2400,2400,2000,null,TRUE,0.0475,-0.512989176042578,TRUE,0.00475624589355933,0.00487339717240448,-0.525624632524861,-0.512989176042578,TRUE,TRUE,0.01,0,TRUE,0.0022248595461287,0.0022248595461287,0,0,TRUE,TRUE,TRUE,TRUE
sym,sc,EDGE.sym.sc.Grule,1b,null_base_n4000,4000,2000,null,TRUE,0.048,-0.410391340834062,TRUE,0.00477995815881269,0.00487339717240448,-0.418413704377862,-0.410391340834062,TRUE,TRUE,0.009,-0.449466574975495,TRUE,0.00211175282644537,0.0022248595461287,-0.473540268291371,-0.449466574975495,TRUE,TRUE,TRUE,TRUE
sym,sc,EDGE.sym.sc.Grule,1b,null_base_n610,610,2000,null,TRUE,0.0495,-0.102597835208515,TRUE,0.0048502448391808,0.00487339717240448,-0.103087579406496,-0.102597835208515,TRUE,TRUE,0.0115,0.674199862463242,TRUE,0.0023840878758972,0.0022248595461287,0.629171439175877,0.674199862463242,TRUE,TRUE,TRUE,TRUE
sym,sc,EDGE.sym.sc.Grule,1b,null_base_n9400,9400,2000,null,TRUE,0.052,0.410391340834061,TRUE,0.00496467521596328,0.00487339717240448,0.402846090227463,0.410391340834061,TRUE,TRUE,0.0065,-1.57313301241423,TRUE,0.00179690706493129,0.0022248595461287,-1.9477913289488,-1.57313301241423,TRUE,TRUE,TRUE,TRUE
sym,sc,EDGE.sym.sc.Grule,1b,null_census_corr_n1000,1000,5000,null,TRUE,0.0488,-0.38933141071383,TRUE,0.00304691844328003,0.00308220700148449,-0.393840538346734,-0.38933141071383,TRUE,TRUE,0.01,0,TRUE,0.00140712472794703,0.00140712472794703,0,0,TRUE,TRUE,TRUE,TRUE
sym,sc,EDGE.sym.sc.Grule,1b,null_census_int_binbin_n1000,1000,5000,null,TRUE,0.0522,0.713774252975355,TRUE,0.00314563697841947,0.00308220700148449,0.699381401952298,0.713774252975355,TRUE,TRUE,0.0118,1.27920429813366,TRUE,0.00152713850059515,0.00140712472794703,1.17867501821119,1.27920429813366,TRUE,TRUE,TRUE,TRUE
sym,sc,EDGE.sym.sc.Grule,1b,null_census_joint_n1000,1000,5000,null,TRUE,0.053,0.973328526784574,TRUE,0.00316831185333767,0.00308220700148449,0.946876487817837,0.973328526784574,TRUE,TRUE,0.0106,0.426401432711221,TRUE,0.00144828450243728,0.00140712472794703,0.414283242684898,0.426401432711221,TRUE,TRUE,TRUE,TRUE
sym,sc,EDGE.sym.sc.Grule,1b,null_census_logx_n1000,1000,5000,null,TRUE,0.0524,0.77866282142766,TRUE,0.00315132480077824,0.00308220700148449,0.761584461051842,0.77866282142766,TRUE,TRUE,0.0112,0.852802865422442,TRUE,0.00148825804214189,0.00140712472794703,0.806311786007868,0.852802865422442,TRUE,TRUE,TRUE,TRUE
sym,sc,EDGE.sym.sc.Grule,1b,null_census_omit_2cov_n1000,1000,5000,null,TRUE,0.0476,-0.77866282142766,TRUE,0.00301112072159188,0.00308220700148449,-0.797045426571672,-0.77866282142766,TRUE,TRUE,0.009,-0.710669054518702,TRUE,0.00133558975737312,0.00140712472794703,-0.748732905803974,-0.710669054518702,TRUE,TRUE,TRUE,TRUE
sym,sc,EDGE.sym.sc.Grule,1b,null_census_omit_2cov_n500,500,5000,null,TRUE,0.0562,2.01154562202145,TRUE,0.00325704037432759,0.00308220700148449,1.90356866585664,2.01154562202145,TRUE,TRUE,0.0128,1.98987335265236,TRUE,0.0015897270205919,0.00140712472794703,1.76130867987479,1.98987335265236,TRUE,TRUE,TRUE,TRUE
sym,sc,EDGE.sym.sc.Grule,1b,null_census_omit_2int_n1000,1000,5000,null,TRUE,0.052,0.648885684523049,TRUE,0.00313993630508646,0.00308220700148449,0.636955595806242,0.648885684523049,TRUE,TRUE,0.0104,0.28426762180748,TRUE,0.00143470136265357,0.00140712472794703,0.278803666332465,0.28426762180748,TRUE,TRUE,TRUE,TRUE
sym,sc,EDGE.sym.sc.Grule,1b,null_census_omit_x2x3_n1000,1000,5000,null,TRUE,0.0496,-0.129777136904611,TRUE,0.00307049963361014,0.00308220700148449,-0.130271958225152,-0.129777136904611,TRUE,TRUE,0.0094,-0.426401432711221,TRUE,0.00136467138901642,0.00140712472794703,-0.439666285106517,-0.426401432711221,TRUE,TRUE,TRUE,TRUE
sym,sc,EDGE.sym.sc.Grule,1b,null_census_skew_n1000,1000,5000,null,TRUE,0.0484,-0.519108547618442,TRUE,0.00303504332753257,0.00308220700148449,-0.52717534062381,-0.519108547618442,TRUE,TRUE,0.0096,-0.284267621807481,TRUE,0.00137897353129058,0.00140712472794703,-0.290070832342693,-0.284267621807481,TRUE,TRUE,TRUE,TRUE
sym,sc,EDGE.sym.sc.Grule,1b,null_crossover_n1000,1000,5000,null,TRUE,0.05,0,TRUE,0.00308220700148449,0.00308220700148449,0,0,TRUE,TRUE,0.0082,-1.27920429813366,TRUE,0.00127536347760158,0.00140712472794703,-1.41136235403654,-1.27920429813366,TRUE,TRUE,TRUE,TRUE
sym,sc,EDGE.sym.sc.Grule,1b,null_crossover_n2000,2000,5000,null,TRUE,0.0478,-0.713774252975355,TRUE,0.00301712313305241,0.00308220700148449,-0.729171433508672,-0.713774252975355,TRUE,TRUE,0.0092,-0.568535243614961,TRUE,0.00135021183523179,0.00140712472794703,-0.592499620522631,-0.568535243614961,TRUE,TRUE,TRUE,TRUE
sym,sc,EDGE.sym.sc.Grule,1b,null_e12_n1000,1000,2000,null,TRUE,0.0525,0.512989176042576,TRUE,0.00498717104178311,0.00487339717240448,0.501286195932463,0.512989176042576,TRUE,TRUE,0.0095,-0.224733287487748,TRUE,0.00216907238237916,0.0022248595461287,-0.23051328487783,-0.224733287487748,TRUE,TRUE,TRUE,TRUE
sym,sc,EDGE.sym.sc.Grule,1b,null_e12_n11000,11000,2000,null,TRUE,0.0575,1.53896752812773,TRUE,0.00520546587732549,0.00487339717240448,1.44079323095158,1.53896752812773,TRUE,TRUE,0.0125,1.12366643743874,TRUE,0.00248432586429397,0.0022248595461287,1.00630921085326,1.12366643743874,TRUE,TRUE,TRUE,TRUE
sym,sc,EDGE.sym.sc.Grule,1b,null_e12_n15000,15000,2000,null,TRUE,0.049,-0.205195670417031,TRUE,0.00482695556225661,0.00487339717240448,-0.20716992048141,-0.205195670417031,TRUE,TRUE,0.01,0,TRUE,0.0022248595461287,0.0022248595461287,0,0,TRUE,TRUE,TRUE,TRUE
sym,sc,EDGE.sym.sc.Grule,1b,null_e12_n1700,1700,2000,null,TRUE,0.0475,-0.512989176042578,TRUE,0.00475624589355933,0.00487339717240448,-0.525624632524861,-0.512989176042578,TRUE,TRUE,0.01,0,TRUE,0.0022248595461287,0.0022248595461287,0,0,TRUE,TRUE,TRUE,TRUE
sym,sc,EDGE.sym.sc.Grule,1b,null_e12_n4300,4300,2000,null,TRUE,0.049,-0.205195670417031,TRUE,0.00482695556225661,0.00487339717240448,-0.20716992048141,-0.205195670417031,TRUE,TRUE,0.01,0,TRUE,0.0022248595461287,0.0022248595461287,0,0,TRUE,TRUE,TRUE,TRUE
sym,sc,EDGE.sym.sc.Grule,1b,null_e12_n6400,6400,2000,null,TRUE,0.053,0.615587011251092,TRUE,0.0050095408971282,0.00487339717240448,0.598857272873008,0.615587011251092,TRUE,TRUE,0.013,1.34839972492648,TRUE,0.00253288373203351,0.0022248595461287,1.18442073043419,1.34839972492648,TRUE,TRUE,TRUE,TRUE
sym,sc,EDGE.sym.sc.Grule,1b,null_e12_n7200,7200,2000,null,TRUE,0.049,-0.205195670417031,TRUE,0.00482695556225661,0.00487339717240448,-0.20716992048141,-0.205195670417031,TRUE,TRUE,0.01,0,TRUE,0.0022248595461287,0.0022248595461287,0,0,TRUE,TRUE,TRUE,TRUE
sym,sc,EDGE.sym.sc.Grule,1b,null_e12_n8700,8700,2000,null,TRUE,0.05,0,TRUE,0.00487339717240448,0.00487339717240448,0,0,TRUE,TRUE,0.0065,-1.57313301241423,TRUE,0.00179690706493129,0.0022248595461287,-1.9477913289488,-1.57313301241423,TRUE,TRUE,TRUE,TRUE
sym,sc,EDGE.sym.sc.Grule,1b,null_quad_n100,100,10000,null,TRUE,0.0498,-0.0917662935482273,TRUE,0.00217531514958178,0.00217944947177034,-0.0919407011156325,-0.0917662935482273,TRUE,TRUE,0.0088,-1.20604537831105,TRUE,0.000933946465275178,0.00099498743710662,-1.28487021967199,-1.20604537831105,TRUE,TRUE,TRUE,TRUE
sym,sc,EDGE.sym.sc.Grule,1b,null_rough_n10000,10000,1000,null,TRUE,0.045,-0.725476250110012,TRUE,0.00655553201502365,0.00689202437604511,-0.76271460326046,-0.725476250110012,TRUE,TRUE,0.009,-0.317820863081864,TRUE,0.00298646948753876,0.00314642654451046,-0.334843534873725,-0.317820863081864,TRUE,TRUE,TRUE,TRUE
sym,sc,EDGE.sym.sc.Grule,1b,null_skew_n16000,16000,2000,null,TRUE,0.0565,1.3337718577107,TRUE,0.00516273909857936,0.00487339717240448,1.25902159219873,1.3337718577107,TRUE,TRUE,0.0135,1.57313301241423,TRUE,0.00258047960658479,0.0022248595461287,1.35633701234019,1.57313301241423,TRUE,TRUE,TRUE,TRUE
sym,sc,EDGE.sym.sc.Grule,1b,null_skew_n2400,2400,2000,null,TRUE,0.0495,-0.102597835208515,TRUE,0.0048502448391808,0.00487339717240448,-0.103087579406496,-0.102597835208515,TRUE,TRUE,0.012,0.89893314995099,TRUE,0.00243474844696531,0.0022248595461287,0.821440096816908,0.89893314995099,TRUE,TRUE,TRUE,TRUE
sym,sc,EDGE.sym.sc.Grule,1b,null_skew_n4000,4000,2000,null,TRUE,0.049,-0.205195670417031,TRUE,0.00482695556225661,0.00487339717240448,-0.20716992048141,-0.205195670417031,TRUE,TRUE,0.01,0,TRUE,0.0022248595461287,0.0022248595461287,0,0,TRUE,TRUE,TRUE,TRUE
sym,sc,EDGE.sym.sc.Grule,1b,null_skew_n9400,9400,2000,null,TRUE,0.0525,0.512989176042576,TRUE,0.00498717104178311,0.00487339717240448,0.501286195932463,0.512989176042576,TRUE,TRUE,0.014,1.79786629990198,TRUE,0.00262716577322407,0.0022248595461287,1.5225533313382,1.79786629990198,TRUE,TRUE,TRUE,TRUE
sym,sc,EDGE.sym.sc.Grule,1b,runA_null_p20_n1000,1000,2000,null,TRUE,0.046,-0.820782681668124,TRUE,0.00468422885862764,0.00487339717240448,-0.853929242298358,-0.820782681668124,TRUE,TRUE,0.0085,-0.674199862463242,TRUE,0.00205277251540447,0.0022248595461287,-0.730719058611541,-0.674199862463242,TRUE,TRUE,TRUE,TRUE
sym,sc,EDGE.sym.sc.Grule,1b,runG_null_sparse_n10000,10000,2000,null,TRUE,0.0505,0.102597835208515,TRUE,0.00489641450451246,0.00487339717240448,0.102115537714221,0.102597835208515,TRUE,TRUE,0.0105,0.224733287487748,TRUE,0.00227922684259378,0.0022248595461287,0.219372635779858,0.224733287487748,TRUE,TRUE,TRUE,TRUE
sym,sc,EDGE.sym.sc.Grule,1b,runG_null_sparse_n2000,2000,2000,null,TRUE,0.0485,-0.307793505625547,TRUE,0.00480352734977121,0.00487339717240448,-0.31227052346677,-0.307793505625547,TRUE,TRUE,0.0095,-0.224733287487748,TRUE,0.00216907238237916,0.0022248595461287,-0.23051328487783,-0.224733287487748,TRUE,TRUE,TRUE,TRUE
sym,sc,EDGE.sym.sc.Grule,1b,runG_null_sparse_n500,500,2000,null,TRUE,0.057,1.43636969291922,TRUE,0.00518415856238985,0.00487339717240448,1.35026734150914,1.43636969291922,TRUE,TRUE,0.013,1.34839972492648,TRUE,0.00253288373203351,0.0022248595461287,1.18442073043419,1.34839972492648,TRUE,TRUE,TRUE,TRUE
sym,sc,EDGE.sym.sc.Grule,1b,sparse49_n100,100,5000,null,TRUE,0.0406,-3.04976271725834,TRUE,0.00279111590586991,0.00308220700148449,-3.36782860942147,-3.04976271725834,TRUE,TRUE,0.0066,-2.41627478536359,TRUE,0.00114511484140238,0.00140712472794703,-2.96913451565796,-2.41627478536359,TRUE,TRUE,TRUE,TRUE
sym,sc,EDGE.sym.sc.Grule,1b,sparse49_n1000,1000,5000,null,TRUE,0.0504,0.129777136904609,TRUE,0.00309385972532693,0.00308220700148449,0.129288343852671,0.129777136904609,TRUE,TRUE,0.0116,1.13707048722992,TRUE,0.00151429455523026,0.00140712472794703,1.05659760478813,1.13707048722992,TRUE,TRUE,TRUE,TRUE
sym,sc,EDGE.sym.sc.Grule,1b,sparse49_n150,150,5000,null,TRUE,0.0476,-0.77866282142766,TRUE,0.00301112072159188,0.00308220700148449,-0.797045426571672,-0.77866282142766,TRUE,TRUE,0.0066,-2.41627478536359,TRUE,0.00114511484140238,0.00140712472794703,-2.96913451565796,-2.41627478536359,TRUE,TRUE,TRUE,TRUE
sym,sc,EDGE.sym.sc.Grule,1b,sparse49_n200,200,5000,null,TRUE,0.0482,-0.583997116070746,TRUE,0.00302908435009658,0.00308220700148449,-0.59423898180406,-0.583997116070746,TRUE,TRUE,0.006,-2.84267621807481,TRUE,0.00109215383531808,0.00140712472794703,-3.66248771065757,-2.84267621807481,TRUE,TRUE,TRUE,TRUE
sym,sc,EDGE.sym.sc.Grule,1b,sparse49_n2000,2000,5000,null,TRUE,0.05,0,TRUE,0.00308220700148449,0.00308220700148449,0,0,TRUE,TRUE,0.0096,-0.284267621807481,TRUE,0.00137897353129058,0.00140712472794703,-0.290070832342693,-0.284267621807481,TRUE,TRUE,TRUE,TRUE
sym,sc,EDGE.sym.sc.Grule,1b,sparse49_n300,300,5000,null,TRUE,0.0536,1.16799423214149,TRUE,0.00318518570887162,0.00308220700148449,1.13023237231443,1.16799423214149,TRUE,TRUE,0.0106,0.426401432711221,TRUE,0.00144828450243728,0.00140712472794703,0.414283242684898,0.426401432711221,TRUE,TRUE,TRUE,TRUE
sym,sc,EDGE.sym.sc.Grule,1b,sparse49_n5000,5000,5000,null,TRUE,0.0482,-0.583997116070746,TRUE,0.00302908435009658,0.00308220700148449,-0.59423898180406,-0.583997116070746,TRUE,TRUE,0.011,0.710669054518701,TRUE,0.00147505932084103,0.00140712472794703,0.677938836676638,0.710669054518701,TRUE,TRUE,TRUE,TRUE
sym,sc,EDGE.sym.sc.Grule,4,proj_null_contint_n1000,1000,500,null,TRUE,0.044,-0.615587011251093,TRUE,0.00917213170424411,0.00974679434480896,-0.654155456274543,-0.615587011251093,TRUE,TRUE,0.002,-1.79786629990198,TRUE,0.00199799899899875,0.0044497190922574,-4.00400601001753,-1.79786629990198,TRUE,TRUE,TRUE,TRUE
sym,sc,EDGE.sym.sc.Grule,4,proj_null_contint_n500,500,500,null,TRUE,0.042,-0.820782681668123,TRUE,0.00897061870775924,0.00974679434480896,-0.891800249305024,-0.820782681668123,TRUE,TRUE,0.012,0.449466574975495,TRUE,0.00486949689393062,0.0044497190922574,0.410720048408454,0.449466574975495,TRUE,TRUE,TRUE,TRUE
sym,sc,EDGE.sym.sc.Grule,4,proj_null_link_n1000,1000,500,null,TRUE,0.044,-0.615587011251093,TRUE,0.00917213170424411,0.00974679434480896,-0.654155456274543,-0.615587011251093,TRUE,TRUE,0.006,-0.89893314995099,TRUE,0.00345369367489359,0.0044497190922574,-1.15818030680536,-0.89893314995099,TRUE,TRUE,TRUE,TRUE
sym,sc,EDGE.sym.sc.Grule,4,proj_null_link_n500,500,500,null,TRUE,0.064,1.43636969291922,TRUE,0.0109456840809517,0.00974679434480896,1.27904294482275,1.43636969291922,TRUE,TRUE,0.01,0,TRUE,0.0044497190922574,0.0044497190922574,0,0,TRUE,TRUE,TRUE,TRUE
sym,sc,EDGE.sym.sc.Grule,4,proj_null_quad_n1000,1000,500,null,TRUE,0.036,-1.43636969291922,TRUE,0.0083311463797007,0.00974679434480896,-1.68044100558739,-1.43636969291922,TRUE,TRUE,0.008,-0.449466574975495,TRUE,0.0039839678713564,0.0044497190922574,-0.502012080564061,-0.449466574975495,TRUE,TRUE,TRUE,TRUE
sym,sc,EDGE.sym.sc.Grule,4,proj_null_quad_n500,500,500,null,TRUE,0.05,0,TRUE,0.00974679434480896,0.00974679434480896,0,0,TRUE,TRUE,0.008,-0.449466574975495,TRUE,0.0039839678713564,0.0044497190922574,-0.502012080564061,-0.449466574975495,TRUE,TRUE,TRUE,TRUE
sym,sc,EDGE.sym.sc.Grule,5,runA_null_p10,1000,2000,null,TRUE,0.0475,-0.512989176042578,TRUE,0.00475624589355933,0.00487339717240448,-0.525624632524861,-0.512989176042578,TRUE,TRUE,0.0115,0.674199862463242,TRUE,0.0023840878758972,0.0022248595461287,0.629171439175877,0.674199862463242,TRUE,TRUE,TRUE,TRUE
sym,sc,EDGE.sym.sc.Grule,5,runA_null_p20,1000,2000,null,TRUE,0.0515,0.307793505625545,TRUE,0.00494205169944629,0.00487339717240448,0.303517666593422,0.307793505625545,TRUE,TRUE,0.007,-1.34839972492648,TRUE,0.00186426929385215,0.0022248595461287,-1.60920957604847,-1.34839972492648,TRUE,TRUE,TRUE,TRUE
sym,sc,EDGE.sym.sc.Grule,5,runA_null_p3,1000,2000,null,TRUE,0.052,0.410391340834061,TRUE,0.00496467521596328,0.00487339717240448,0.402846090227463,0.410391340834061,TRUE,TRUE,0.011,0.449466574975494,TRUE,0.00233227356885937,0.0022248595461287,0.428766167636613,0.449466574975494,TRUE,TRUE,TRUE,TRUE
sym,sc,EDGE.sym.sc.Grule,5,runA_null_p5,1000,2000,null,TRUE,0.0455,-0.923380516876639,TRUE,0.00465992220965114,0.00487339717240448,-0.96568135637116,-0.923380516876639,TRUE,TRUE,0.01,0,TRUE,0.0022248595461287,0.0022248595461287,0,0,TRUE,TRUE,TRUE,TRUE
sym,sc,EDGE.sym.sc.Grule,5,runF_null_n1000_G10,1000,2000,null,TRUE,0.05,0,TRUE,0.00487339717240448,0.00487339717240448,0,0,TRUE,TRUE,0.0085,-0.674199862463242,TRUE,0.00205277251540447,0.0022248595461287,-0.730719058611541,-0.674199862463242,TRUE,TRUE,TRUE,TRUE
sym,sc,EDGE.sym.sc.Grule,5,runF_null_n1000_G20,1000,2000,null,TRUE,0.048,-0.410391340834062,TRUE,0.00477995815881269,0.00487339717240448,-0.418413704377862,-0.410391340834062,TRUE,TRUE,0.0085,-0.674199862463242,TRUE,0.00205277251540447,0.0022248595461287,-0.730719058611541,-0.674199862463242,TRUE,TRUE,TRUE,TRUE
sym,sc,EDGE.sym.sc.Grule,5,runF_null_n1000_G40,1000,2000,null,TRUE,0.048,-0.410391340834062,TRUE,0.00477995815881269,0.00487339717240448,-0.418413704377862,-0.410391340834062,TRUE,TRUE,0.0105,0.224733287487748,TRUE,0.00227922684259378,0.0022248595461287,0.219372635779858,0.224733287487748,TRUE,TRUE,TRUE,TRUE
sym,sc,EDGE.sym.sc.Grule,5,runF_null_n1000_G5,1000,2000,null,TRUE,0.0515,0.307793505625545,TRUE,0.00494205169944629,0.00487339717240448,0.303517666593422,0.307793505625545,TRUE,TRUE,0.0115,0.674199862463242,TRUE,0.0023840878758972,0.0022248595461287,0.629171439175877,0.674199862463242,TRUE,TRUE,TRUE,TRUE
sym,sc,EDGE.sym.sc.Grule,5,runF_null_n1000_G67,1000,2000,null,TRUE,0.053,0.615587011251092,TRUE,0.0050095408971282,0.00487339717240448,0.598857272873008,0.615587011251092,TRUE,TRUE,0.0125,1.12366643743874,TRUE,0.00248432586429397,0.0022248595461287,1.00630921085326,1.12366643743874,TRUE,TRUE,TRUE,TRUE
sym,sc,EDGE.sym.sc.Grule,5,runF_null_n20000_G100,20000,800,null,TRUE,0.055,0.64888568452305,TRUE,0.00806031947257675,0.00770551750371122,0.620322806932314,0.64888568452305,TRUE,TRUE,0.01125,0.355334527259351,TRUE,0.00372884658775338,0.00351781181986757,0.335224303436179,0.355334527259351,TRUE,TRUE,TRUE,TRUE
sym,sc,EDGE.sym.sc.Grule,5,runF_null_n20000_G200,20000,800,null,TRUE,0.05125,0.162221421130762,TRUE,0.00779610780293603,0.00770551750371122,0.160336418068673,0.162221421130762,TRUE,TRUE,0.0125,0.710669054518702,TRUE,0.00392806409061767,0.00351781181986757,0.636445827340584,0.710669054518702,TRUE,TRUE,TRUE,TRUE
sym,sc,EDGE.sym.sc.Grule,5,runF_null_n20000_G400,20000,800,null,TRUE,0.0375,-1.62221421130763,TRUE,0.00671693289381396,0.00770551750371122,-1.86096842079694,-1.62221421130763,TRUE,TRUE,0.0025,-2.1320071635561,TRUE,0.00176555586147819,0.00351781181986757,-4.24795395242874,-2.1320071635561,TRUE,TRUE,TRUE,TRUE
sym,sc,EDGE.sym.sc.Grule,5,runF_null_n2000_G10,2000,2000,null,TRUE,0.0465,-0.718184846459609,TRUE,0.00470838348055891,0.00487339717240448,-0.743354914579841,-0.718184846459609,TRUE,TRUE,0.006,-1.79786629990198,TRUE,0.0017268468374468,0.0022248595461287,-2.31636061361072,-1.79786629990198,TRUE,TRUE,TRUE,TRUE
sym,sc,EDGE.sym.sc.Grule,5,runF_null_n2000_G133,2000,2000,null,TRUE,0.0465,-0.718184846459609,TRUE,0.00470838348055891,0.00487339717240448,-0.743354914579841,-0.718184846459609,TRUE,TRUE,0.005,-2.24733287487747,TRUE,0.00157718102955875,0.0022248595461287,-3.17021312474121,-2.24733287487747,TRUE,TRUE,TRUE,TRUE
sym,sc,EDGE.sym.sc.Grule,5,runF_null_n2000_G20,2000,2000,null,TRUE,0.051,0.20519567041703,TRUE,0.00491929873051028,0.00487339717240448,0.203281007066685,0.20519567041703,TRUE,TRUE,0.006,-1.79786629990198,TRUE,0.0017268468374468,0.0022248595461287,-2.31636061361072,-1.79786629990198,TRUE,TRUE,TRUE,TRUE
sym,sc,EDGE.sym.sc.Grule,5,runF_null_n2000_G40,2000,2000,null,TRUE,0.044,-1.23117402250219,TRUE,0.00458606585212206,0.00487339717240448,-1.30831091254908,-1.23117402250219,TRUE,TRUE,0.0075,-1.12366643743874,TRUE,0.00192921616207205,0.0022248595461287,-1.29586308115671,-1.12366643743874,TRUE,TRUE,TRUE,TRUE
sym,sc,EDGE.sym.sc.Grule,5,runF_null_n2000_G80,2000,2000,null,TRUE,0.0515,0.307793505625545,TRUE,0.00494205169944629,0.00487339717240448,0.303517666593422,0.307793505625545,TRUE,TRUE,0.0075,-1.12366643743874,TRUE,0.00192921616207205,0.0022248595461287,-1.29586308115671,-1.12366643743874,TRUE,TRUE,TRUE,TRUE
sym,sc,EDGE.sym.sc.Grule,5,runF_null_n5000_G100,5000,2000,null,TRUE,0.045,-1.02597835208516,TRUE,0.00463546114210873,0.00487339717240448,-1.07864133615096,-1.02597835208516,TRUE,TRUE,0.0085,-0.674199862463242,TRUE,0.00205277251540447,0.0022248595461287,-0.730719058611541,-0.674199862463242,TRUE,TRUE,TRUE,TRUE
sym,sc,EDGE.sym.sc.Grule,5,runF_null_n5000_G200,5000,2000,null,TRUE,0.05,0,TRUE,0.00487339717240448,0.00487339717240448,0,0,TRUE,TRUE,0.0105,0.224733287487748,TRUE,0.00227922684259378,0.0022248595461287,0.219372635779858,0.224733287487748,TRUE,TRUE,TRUE,TRUE
sym,sc,EDGE.sym.sc.Grule,5,runF_null_n5000_G25,5000,2000,null,TRUE,0.0515,0.307793505625545,TRUE,0.00494205169944629,0.00487339717240448,0.303517666593422,0.307793505625545,TRUE,TRUE,0.008,-0.89893314995099,TRUE,0.0019919839356782,0.0022248595461287,-1.00402416112812,-0.89893314995099,TRUE,TRUE,TRUE,TRUE
sym,sc,EDGE.sym.sc.Grule,5,runF_null_n5000_G333,5000,2000,null,TRUE,0.0595,1.94935886896179,TRUE,0.00528960064655169,0.00487339717240448,1.79597679197069,1.94935886896179,TRUE,TRUE,0.01,0,TRUE,0.0022248595461287,0.0022248595461287,0,0,TRUE,TRUE,TRUE,TRUE
sym,sc,EDGE.sym.sc.Grule,5,runF_null_n5000_G50,5000,2000,null,TRUE,0.0515,0.307793505625545,TRUE,0.00494205169944629,0.00487339717240448,0.303517666593422,0.307793505625545,TRUE,TRUE,0.007,-1.34839972492648,TRUE,0.00186426929385215,0.0022248595461287,-1.60920957604847,-1.34839972492648,TRUE,TRUE,TRUE,TRUE
sym,sc,EDGE.sym.sc.Grule,5,runF_null_n500_G10,500,2000,null,TRUE,0.0565,1.3337718577107,TRUE,0.00516273909857936,0.00487339717240448,1.25902159219873,1.3337718577107,TRUE,TRUE,0.01,0,TRUE,0.0022248595461287,0.0022248595461287,0,0,TRUE,TRUE,TRUE,TRUE
sym,sc,EDGE.sym.sc.Grule,5,runF_null_n500_G20,500,2000,null,TRUE,0.0545,0.923380516876638,TRUE,0.00507591124823908,0.00487339717240448,0.88654032348598,0.923380516876638,TRUE,TRUE,0.0145,2.02259958738973,TRUE,0.00267298989897081,0.0022248595461287,1.68350804532881,2.02259958738973,TRUE,TRUE,TRUE,TRUE
sym,sc,EDGE.sym.sc.Grule,5,runF_null_n500_G33,500,2000,null,TRUE,0.049,-0.205195670417031,TRUE,0.00482695556225661,0.00487339717240448,-0.20716992048141,-0.205195670417031,TRUE,TRUE,0.0085,-0.674199862463242,TRUE,0.00205277251540447,0.0022248595461287,-0.730719058611541,-0.674199862463242,TRUE,TRUE,TRUE,TRUE
sym,sc,EDGE.sym.sc.Grule,5,runF_null_n500_G4,500,2000,null,TRUE,0.0545,0.923380516876638,TRUE,0.00507591124823908,0.00487339717240448,0.88654032348598,0.923380516876638,TRUE,TRUE,0.0095,-0.224733287487748,TRUE,0.00216907238237916,0.0022248595461287,-0.23051328487783,-0.224733287487748,TRUE,TRUE,TRUE,TRUE
sym,sc,EDGE.sym.sc.Grule,5,runF_null_n500_G5,500,2000,null,TRUE,0.0525,0.512989176042576,TRUE,0.00498717104178311,0.00487339717240448,0.501286195932463,0.512989176042576,TRUE,TRUE,0.0115,0.674199862463242,TRUE,0.0023840878758972,0.0022248595461287,0.629171439175877,0.674199862463242,TRUE,TRUE,TRUE,TRUE
sym,sc,EDGE.sym.sc.Grule,5,runG_null_n10000,10000,1000,null,TRUE,0.037,-1.88623825028603,TRUE,0.00596917079668525,0.00689202437604511,-2.17785693235969,-1.88623825028603,TRUE,TRUE,0.008,-0.635641726163728,TRUE,0.00281709069786544,0.00314642654451046,-0.709952292808831,-0.635641726163728,TRUE,TRUE,TRUE,TRUE
sym,sc,EDGE.sym.sc.Grule,5,runG_null_n2000,2000,2000,null,TRUE,0.056,1.23117402250218,TRUE,0.00514120608417908,0.00487339717240448,1.16704133266777,1.23117402250218,TRUE,TRUE,0.0085,-0.674199862463242,TRUE,0.00205277251540447,0.0022248595461287,-0.730719058611541,-0.674199862463242,TRUE,TRUE,TRUE,TRUE
sym,sc,EDGE.sym.sc.Grule,5,runG_null_n500,500,2000,null,TRUE,0.052,0.410391340834061,TRUE,0.00496467521596328,0.00487339717240448,0.402846090227463,0.410391340834061,TRUE,TRUE,0.009,-0.449466574975495,TRUE,0.00211175282644537,0.0022248595461287,-0.473540268291371,-0.449466574975495,TRUE,TRUE,TRUE,TRUE
sym,sc,EDGE.sym.sc.Grule,5,runG_null_sparse_n10000,10000,1000,null,TRUE,0.053,0.435285750066006,TRUE,0.00708456067798138,0.00689202437604511,0.423456038611387,0.435285750066006,TRUE,TRUE,0.011,0.317820863081864,TRUE,0.00329833291224521,0.00314642654451046,0.303183464679218,0.317820863081864,TRUE,TRUE,TRUE,TRUE
sym,sc,EDGE.sym.sc.Grule,5,runG_null_sparse_n2000,2000,2000,null,TRUE,0.047,-0.615587011251093,TRUE,0.00473238840333293,0.00487339717240448,-0.633929370185921,-0.615587011251093,TRUE,TRUE,0.009,-0.449466574975495,TRUE,0.00211175282644537,0.0022248595461287,-0.473540268291371,-0.449466574975495,TRUE,TRUE,TRUE,TRUE
sym,sc,EDGE.sym.sc.Grule,5,runG_null_sparse_n500,500,2000,null,TRUE,0.0555,1.12857618729367,TRUE,0.00511955808639769,0.00487339717240448,1.0743114751668,1.12857618729367,TRUE,TRUE,0.012,0.89893314995099,TRUE,0.00243474844696531,0.0022248595461287,0.821440096816908,0.89893314995099,TRUE,TRUE,TRUE,TRUE
sym,sc,EDGE.sym.sc.Grule,5,runK2_null_n1000,1000,2000,null,TRUE,0.0465,-0.718184846459609,TRUE,0.00470838348055891,0.00487339717240448,-0.743354914579841,-0.718184846459609,TRUE,TRUE,0.0085,-0.674199862463242,TRUE,0.00205277251540447,0.0022248595461287,-0.730719058611541,-0.674199862463242,TRUE,TRUE,TRUE,TRUE
sym,sc,EDGE.sym.sc.Grule,5,runK2_null_n2000,2000,2000,null,TRUE,0.0565,1.3337718577107,TRUE,0.00516273909857936,0.00487339717240448,1.25902159219873,1.3337718577107,TRUE,TRUE,0.0135,1.57313301241423,TRUE,0.00258047960658479,0.0022248595461287,1.35633701234019,1.57313301241423,TRUE,TRUE,TRUE,TRUE
sym,sc,EDGE.sym.sc.Grule,5,runK2_null_n500,500,2000,null,TRUE,0.051,0.20519567041703,TRUE,0.00491929873051028,0.00487339717240448,0.203281007066685,0.20519567041703,TRUE,TRUE,0.007,-1.34839972492648,TRUE,0.00186426929385215,0.0022248595461287,-1.60920957604847,-1.34839972492648,TRUE,TRUE,TRUE,TRUE
sym,sc,EDGE.sym.sc.Grule,5,runK2_null_n5000,5000,2000,null,TRUE,0.0515,0.307793505625545,TRUE,0.00494205169944629,0.00487339717240448,0.303517666593422,0.307793505625545,TRUE,TRUE,0.009,-0.449466574975495,TRUE,0.00211175282644537,0.0022248595461287,-0.473540268291371,-0.449466574975495,TRUE,TRUE,TRUE,TRUE
sym,sc,EDGE.sym.sc.Grule,6,glow_null_n500,500,2000,null,TRUE,0.057,1.43636969291922,TRUE,0.00518415856238985,0.00487339717240448,1.35026734150914,1.43636969291922,TRUE,TRUE,0.014,1.79786629990198,TRUE,0.00262716577322407,0.0022248595461287,1.5225533313382,1.79786629990198,TRUE,TRUE,TRUE,TRUE
sym,sc,EDGE.sym.sc.Grule,7,runD_null_n50000,50000,800,null,TRUE,0.03875,-1.45999279017686,TRUE,0.00682352891655044,0.00770551750371122,-1.64870701620582,-1.45999279017686,TRUE,TRUE,0.01125,0.355334527259351,TRUE,0.00372884658775338,0.00351781181986757,0.335224303436179,0.355334527259351,TRUE,TRUE,TRUE,TRUE
sym,sc,EDGE.sym.sc.Grule,7,runJ_null_n2000,2000,2000,null,TRUE,0.0515,0.307793505625545,TRUE,0.00494205169944629,0.00487339717240448,0.303517666593422,0.307793505625545,TRUE,TRUE,0.0105,0.224733287487748,TRUE,0.00227922684259378,0.0022248595461287,0.219372635779858,0.224733287487748,TRUE,TRUE,TRUE,TRUE
sym,sc,EDGE.sym.sc.Grule,1b,sparse49_n500,500,5000,null,FALSE,0.0602,3.30931699106755,FALSE,0.00336380617753164,0.00308220700148449,3.03227934716641,3.30931699106755,FALSE,FALSE,0.0132,2.27414097445984,TRUE,0.00161404832641405,0.00140712472794703,1.98259243396353,2.27414097445984,TRUE,TRUE,FALSE,FALSE
sym,u,EDGE.sym.u.Grule,1a,null_binint_n1000,1000,10000,null,TRUE,0.0497,-0.137649440322338,TRUE,0.00217324434889407,0.00217944947177034,-0.138042461793432,-0.137649440322338,TRUE,TRUE,0.0097,-0.301511344577764,TRUE,0.000980097444135021,0.00099498743710662,-0.306092013396447,-0.301511344577764,TRUE,TRUE,TRUE,TRUE
sym,u,EDGE.sym.u.Grule,1a,null_binint_n200,200,10000,null,TRUE,0.0526,1.19296181612692,TRUE,0.00223233599621562,0.00217944947177034,1.16469922288028,1.19296181612692,TRUE,TRUE,0.0103,0.301511344577764,TRUE,0.00100964894889263,0.00099498743710662,0.297132979070633,0.301511344577764,TRUE,TRUE,TRUE,TRUE
sym,u,EDGE.sym.u.Grule,1a,null_binint_n2000,2000,10000,null,TRUE,0.0513,0.596480908063459,TRUE,0.00220608952674183,0.00217944947177034,0.589277989057844,0.596480908063459,TRUE,TRUE,0.0113,1.30654915983697,TRUE,0.00105699148530156,0.00099498743710662,1.22990583942983,1.30654915983697,TRUE,TRUE,TRUE,TRUE
sym,u,EDGE.sym.u.Grule,1a,null_binint_n500,500,10000,null,TRUE,0.0485,-0.688247201611686,TRUE,0.00214820273717357,0.00217944947177034,-0.69825811784114,-0.688247201611686,TRUE,TRUE,0.0107,0.703526470681448,TRUE,0.00102885907684192,0.00099498743710662,0.680365285932693,0.703526470681448,TRUE,TRUE,TRUE,TRUE
sym,u,EDGE.sym.u.Grule,1a,null_binint_n5000,5000,10000,null,TRUE,0.0504,0.183532587096448,TRUE,0.00218768919181862,0.00217944947177034,0.182841329333203,0.183532587096448,TRUE,TRUE,0.0099,-0.100503781525921,TRUE,0.000990049998737437,0.00099498743710662,-0.101004999876294,-0.100503781525921,TRUE,TRUE,TRUE,TRUE
sym,u,EDGE.sym.u.Grule,1a,null_contint_n1000,1000,10000,null,TRUE,0.0496,-0.183532587096451,TRUE,0.00217117111255654,0.00217944947177034,-0.184232370118911,-0.183532587096451,TRUE,TRUE,0.0103,0.301511344577764,TRUE,0.00100964894889263,0.00099498743710662,0.297132979070633,0.301511344577764,TRUE,TRUE,TRUE,TRUE
sym,u,EDGE.sym.u.Grule,1a,null_contint_n200,200,10000,null,TRUE,0.0512,0.550597761289348,TRUE,0.00220405444578849,0.00217944947177034,0.54445116013035,0.550597761289348,TRUE,TRUE,0.0107,0.703526470681448,TRUE,0.00102885907684192,0.00099498743710662,0.680365285932693,0.703526470681448,TRUE,TRUE,TRUE,TRUE
sym,u,EDGE.sym.u.Grule,1a,null_contint_n2000,2000,10000,null,TRUE,0.0493,-0.321182027418789,TRUE,0.00216493671962947,0.00217944947177034,-0.323335085803252,-0.321182027418789,TRUE,TRUE,0.0098,-0.201007563051843,TRUE,0.000985086798206128,0.00099498743710662,-0.203027794468677,-0.201007563051843,TRUE,TRUE,TRUE,TRUE
sym,u,EDGE.sym.u.Grule,1a,null_contint_n500,500,10000,null,TRUE,0.0516,0.734130348385796,TRUE,0.00221218082443547,0.00217944947177034,0.723268180578459,0.734130348385796,TRUE,TRUE,0.0102,0.201007563051843,TRUE,0.00100478654449589,0.00099498743710662,0.199047251474035,0.201007563051843,TRUE,TRUE,TRUE,TRUE
sym,u,EDGE.sym.u.Grule,1a,null_contint_n5000,5000,10000,null,TRUE,0.0517,0.78001349515991,TRUE,0.00221420662992414,0.00217944947177034,0.767769356764252,0.78001349515991,TRUE,TRUE,0.0096,-0.402015126103686,TRUE,0.000975081535052326,0.00099498743710662,-0.41022210514789,-0.402015126103686,TRUE,TRUE,TRUE,TRUE
sym,u,EDGE.sym.u.Grule,1a,null_link_n1000,1000,10000,null,TRUE,0.0501,0.0458831467741105,TRUE,0.00218151300706643,0.00217944947177034,0.0458397450192012,0.0458831467741105,TRUE,TRUE,0.011,1.00503781525921,TRUE,0.00104302444841912,0.00099498743710662,0.958750297287536,1.00503781525921,TRUE,TRUE,TRUE,TRUE
sym,u,EDGE.sym.u.Grule,1a,null_link_n200,200,10000,null,TRUE,0.0509,0.41294832096701,TRUE,0.00219793516737869,0.00217944947177034,0.409475226274922,0.41294832096701,TRUE,TRUE,0.0093,-0.70352647068145,TRUE,0.000959870303739,0.00099498743710662,-0.729265190592186,-0.70352647068145,TRUE,TRUE,TRUE,TRUE
sym,u,EDGE.sym.u.Grule,1a,null_link_n2000,2000,10000,null,TRUE,0.0541,1.88120901773861,TRUE,0.00226214919932351,0.00217944947177034,1.81243571433135,1.88120901773861,TRUE,TRUE,0.0104,0.402015126103684,TRUE,0.00101448706250992,0.00099498743710662,0.394287926166715,0.402015126103684,TRUE,TRUE,TRUE,TRUE
sym,u,EDGE.sym.u.Grule,1a,null_link_n500,500,10000,null,TRUE,0.0466,-1.56002699031982,TRUE,0.00210780549387272,0.00217944947177034,-1.61305206286046,-1.56002699031982,TRUE,TRUE,0.0103,0.301511344577764,TRUE,0.00100964894889263,0.00099498743710662,0.297132979070633,0.301511344577764,TRUE,TRUE,TRUE,TRUE
sym,u,EDGE.sym.u.Grule,1a,null_link_n5000,5000,10000,null,TRUE,0.0492,-0.3670651741929,TRUE,0.00216285367050108,0.00217944947177034,-0.369881703469408,-0.3670651741929,TRUE,TRUE,0.0096,-0.402015126103686,TRUE,0.000975081535052326,0.00099498743710662,-0.41022210514789,-0.402015126103686,TRUE,TRUE,TRUE,TRUE
sym,u,EDGE.sym.u.Grule,1a,null_quad_n1000,1000,10000,null,TRUE,0.0504,0.183532587096448,TRUE,0.00218768919181862,0.00217944947177034,0.182841329333203,0.183532587096448,TRUE,TRUE,0.0125,2.51259453814803,TRUE,0.00111102430216445,0.00099498743710662,2.25017580185205,2.51259453814803,TRUE,TRUE,TRUE,TRUE
sym,u,EDGE.sym.u.Grule,1a,null_quad_n200,200,10000,null,TRUE,0.0483,-0.78001349515991,TRUE,0.00214399416976819,0.00217944947177034,-0.792912603947895,-0.78001349515991,TRUE,TRUE,0.0078,-2.21108319357027,TRUE,0.000879724957017817,0.00099498743710662,-2.50078161640178,-2.21108319357027,TRUE,TRUE,TRUE,TRUE
sym,u,EDGE.sym.u.Grule,1a,null_quad_n2000,2000,10000,null,TRUE,0.0467,-1.51414384354571,TRUE,0.00210995521279481,0.00217944947177034,-1.56401424067617,-1.51414384354571,TRUE,TRUE,0.0091,-0.904534033733291,TRUE,0.000949588858401361,0.00099498743710662,-0.947778601272929,-0.904534033733291,TRUE,TRUE,TRUE,TRUE
sym,u,EDGE.sym.u.Grule,1a,null_quad_n500,500,10000,null,TRUE,0.0485,-0.688247201611686,TRUE,0.00214820273717357,0.00217944947177034,-0.69825811784114,-0.688247201611686,TRUE,TRUE,0.0104,0.402015126103684,TRUE,0.00101448706250992,0.00099498743710662,0.394287926166715,0.402015126103684,TRUE,TRUE,TRUE,TRUE
sym,u,EDGE.sym.u.Grule,1a,null_quad_n5000,5000,10000,null,TRUE,0.0501,0.0458831467741105,TRUE,0.00218151300706643,0.00217944947177034,0.0458397450192012,0.0458831467741105,TRUE,TRUE,0.0116,1.60806050441474,TRUE,0.00107076794871718,0.00099498743710662,1.49425466266231,1.60806050441474,TRUE,TRUE,TRUE,TRUE
sym,u,EDGE.sym.u.Grule,1a,null_rough_n1000,1000,10000,null,TRUE,0.0466,-1.56002699031982,TRUE,0.00210780549387272,0.00217944947177034,-1.61305206286046,-1.56002699031982,TRUE,TRUE,0.0099,-0.100503781525921,TRUE,0.000990049998737437,0.00099498743710662,-0.101004999876294,-0.100503781525921,TRUE,TRUE,TRUE,TRUE
sym,u,EDGE.sym.u.Grule,1a,null_rough_n200,200,10000,null,TRUE,0.0492,-0.3670651741929,TRUE,0.00216285367050108,0.00217944947177034,-0.369881703469408,-0.3670651741929,TRUE,TRUE,0.0114,1.4070529413629,TRUE,0.00106160444610976,0.00099498743710662,1.31875860649443,1.4070529413629,TRUE,TRUE,TRUE,TRUE
sym,u,EDGE.sym.u.Grule,1a,null_rough_n2000,2000,10000,null,TRUE,0.0528,1.28472810967514,TRUE,0.00223633986683599,0.00217944947177034,1.25204582788281,1.28472810967514,TRUE,TRUE,0.01,0,TRUE,0.00099498743710662,0.00099498743710662,0,0,TRUE,TRUE,TRUE,TRUE
sym,u,EDGE.sym.u.Grule,1a,null_rough_n500,500,10000,null,TRUE,0.0501,0.0458831467741105,TRUE,0.00218151300706643,0.00217944947177034,0.0458397450192012,0.0458831467741105,TRUE,TRUE,0.0101,0.100503781525921,TRUE,0.000999899494949367,0.00099498743710662,0.100010051515291,0.100503781525921,TRUE,TRUE,TRUE,TRUE
sym,u,EDGE.sym.u.Grule,1a,null_rough_n5000,5000,10000,null,TRUE,0.0519,0.871779788708134,TRUE,0.00221825133832936,0.00217944947177034,0.856530532482831,0.871779788708134,TRUE,TRUE,0.0105,0.502518907629607,TRUE,0.00101930123123638,0.00099498743710662,0.490532126007065,0.502518907629607,TRUE,TRUE,TRUE,TRUE
sym,u,EDGE.sym.u.Grule,1b,moderate1_n100,100,5000,null,TRUE,0.0472,-0.908439958332271,TRUE,0.00299907185642492,0.00308220700148449,-0.933622178475503,-0.908439958332271,TRUE,TRUE,0.0098,-0.142133810903741,TRUE,0.00139312311013779,0.00140712472794703,-0.14356233023815,-0.142133810903741,TRUE,TRUE,TRUE,TRUE
sym,u,EDGE.sym.u.Grule,1b,moderate1_n1000,1000,5000,null,TRUE,0.0516,0.519108547618439,TRUE,0.00312849612433834,0.00308220700148449,0.511427835103484,0.519108547618439,TRUE,TRUE,0.0108,0.568535243614961,TRUE,0.00146173595426807,0.00140712472794703,0.54729446700966,0.568535243614961,TRUE,TRUE,TRUE,TRUE
sym,u,EDGE.sym.u.Grule,1b,moderate1_n150,150,5000,null,TRUE,0.0504,0.129777136904609,TRUE,0.00309385972532693,0.00308220700148449,0.129288343852671,0.129777136904609,TRUE,TRUE,0.0088,-0.852802865422442,TRUE,0.00132079975772257,0.00140712472794703,-0.908540445274715,-0.852802865422442,TRUE,TRUE,TRUE,TRUE
sym,u,EDGE.sym.u.Grule,1b,moderate1_n200,200,5000,null,TRUE,0.047,-0.973328526784576,TRUE,0.00299302522541993,0.00308220700148449,-1.00233034273177,-0.973328526784576,TRUE,TRUE,0.0084,-1.13707048722992,TRUE,0.00129069283720024,0.00140712472794703,-1.23964428552242,-1.13707048722992,TRUE,TRUE,TRUE,TRUE
sym,u,EDGE.sym.u.Grule,1b,moderate1_n2000,2000,5000,null,TRUE,0.0482,-0.583997116070746,TRUE,0.00302908435009658,0.00308220700148449,-0.59423898180406,-0.583997116070746,TRUE,TRUE,0.0088,-0.852802865422442,TRUE,0.00132079975772257,0.00140712472794703,-0.908540445274715,-0.852802865422442,TRUE,TRUE,TRUE,TRUE
sym,u,EDGE.sym.u.Grule,1b,moderate1_n300,300,5000,null,TRUE,0.0486,-0.454219979166137,TRUE,0.0030409879973456,0.00308220700148449,-0.460376693765983,-0.454219979166137,TRUE,TRUE,0.0108,0.568535243614961,TRUE,0.00146173595426807,0.00140712472794703,0.54729446700966,0.568535243614961,TRUE,TRUE,TRUE,TRUE
sym,u,EDGE.sym.u.Grule,1b,moderate1_n500,500,5000,null,TRUE,0.049,-0.324442842261525,TRUE,0.00305283474822991,0.00308220700148449,-0.327564405698612,-0.324442842261525,TRUE,TRUE,0.0102,0.142133810903741,TRUE,0.00142098275851609,0.00140712472794703,0.140747661293834,0.142133810903741,TRUE,TRUE,TRUE,TRUE
sym,u,EDGE.sym.u.Grule,1b,moderate1_n5000,5000,5000,null,TRUE,0.0496,-0.129777136904611,TRUE,0.00307049963361014,0.00308220700148449,-0.130271958225152,-0.129777136904611,TRUE,TRUE,0.0122,1.56347191994114,TRUE,0.00155249218999646,0.00140712472794703,1.41707637189789,1.56347191994114,TRUE,TRUE,TRUE,TRUE
sym,u,EDGE.sym.u.Grule,1b,null_auc_n3500,3500,2000,null,TRUE,0.0525,0.512989176042576,TRUE,0.00498717104178311,0.00487339717240448,0.501286195932463,0.512989176042576,TRUE,TRUE,0.01,0,TRUE,0.0022248595461287,0.0022248595461287,0,0,TRUE,TRUE,TRUE,TRUE
sym,u,EDGE.sym.u.Grule,1b,null_auc_n460,460,2000,null,TRUE,0.0485,-0.307793505625547,TRUE,0.00480352734977121,0.00487339717240448,-0.31227052346677,-0.307793505625547,TRUE,TRUE,0.012,0.89893314995099,TRUE,0.00243474844696531,0.0022248595461287,0.821440096816908,0.89893314995099,TRUE,TRUE,TRUE,TRUE
sym,u,EDGE.sym.u.Grule,1b,null_auc_n4700,4700,2000,null,TRUE,0.048,-0.410391340834062,TRUE,0.00477995815881269,0.00487339717240448,-0.418413704377862,-0.410391340834062,TRUE,TRUE,0.0115,0.674199862463242,TRUE,0.0023840878758972,0.0022248595461287,0.629171439175877,0.674199862463242,TRUE,TRUE,TRUE,TRUE
sym,u,EDGE.sym.u.Grule,1b,null_auc_n5900,5900,2000,null,TRUE,0.046,-0.820782681668124,TRUE,0.00468422885862764,0.00487339717240448,-0.853929242298358,-0.820782681668124,TRUE,TRUE,0.0055,-2.02259958738973,TRUE,0.00165374574829385,0.0022248595461287,-2.72109543117048,-2.02259958738973,TRUE,TRUE,TRUE,TRUE
sym,u,EDGE.sym.u.Grule,1b,null_auc_n640,640,2000,null,TRUE,0.047,-0.615587011251093,TRUE,0.00473238840333293,0.00487339717240448,-0.633929370185921,-0.615587011251093,TRUE,TRUE,0.0135,1.57313301241423,TRUE,0.00258047960658479,0.0022248595461287,1.35633701234019,1.57313301241423,TRUE,TRUE,TRUE,TRUE
sym,u,EDGE.sym.u.Grule,1b,null_auc_n760,760,2000,null,TRUE,0.0455,-0.923380516876639,TRUE,0.00465992220965114,0.00487339717240448,-0.96568135637116,-0.923380516876639,TRUE,TRUE,0.0155,2.47206616236522,TRUE,0.00276222283677476,0.0022248595461287,1.99114999947721,2.47206616236522,TRUE,TRUE,TRUE,TRUE
sym,u,EDGE.sym.u.Grule,1b,null_auc_n7800,7800,2000,null,TRUE,0.058,1.64156536333625,TRUE,0.00522666241496426,0.00487339717240448,1.53061348999612,1.64156536333625,TRUE,TRUE,0.016,2.69679944985297,TRUE,0.00280570846668003,0.0022248595461287,2.13849730692075,2.69679944985297,TRUE,TRUE,TRUE,TRUE
sym,u,EDGE.sym.u.Grule,1b,null_base_n1000,1000,2000,null,TRUE,0.057,1.43636969291922,TRUE,0.00518415856238985,0.00487339717240448,1.35026734150914,1.43636969291922,TRUE,TRUE,0.01,0,TRUE,0.0022248595461287,0.0022248595461287,0,0,TRUE,TRUE,TRUE,TRUE
sym,u,EDGE.sym.u.Grule,1b,null_base_n16000,16000,2000,null,TRUE,0.037,-2.6675437154214,TRUE,0.00422084114839685,0.00487339717240448,-3.07995481065134,-2.6675437154214,TRUE,TRUE,0.007,-1.34839972492648,TRUE,0.00186426929385215,0.0022248595461287,-1.60920957604847,-1.34839972492648,TRUE,TRUE,TRUE,TRUE
sym,u,EDGE.sym.u.Grule,1b,null_base_n20000,20000,2000,null,TRUE,0.05,0,TRUE,0.00487339717240448,0.00487339717240448,0,0,TRUE,TRUE,0.0085,-0.674199862463242,TRUE,0.00205277251540447,0.0022248595461287,-0.730719058611541,-0.674199862463242,TRUE,TRUE,TRUE,TRUE
sym,u,EDGE.sym.u.Grule,1b,null_base_n2400,2400,2000,null,TRUE,0.046,-0.820782681668124,TRUE,0.00468422885862764,0.00487339717240448,-0.853929242298358,-0.820782681668124,TRUE,TRUE,0.0095,-0.224733287487748,TRUE,0.00216907238237916,0.0022248595461287,-0.23051328487783,-0.224733287487748,TRUE,TRUE,TRUE,TRUE
sym,u,EDGE.sym.u.Grule,1b,null_base_n4000,4000,2000,null,TRUE,0.05,0,TRUE,0.00487339717240448,0.00487339717240448,0,0,TRUE,TRUE,0.0065,-1.57313301241423,TRUE,0.00179690706493129,0.0022248595461287,-1.9477913289488,-1.57313301241423,TRUE,TRUE,TRUE,TRUE
sym,u,EDGE.sym.u.Grule,1b,null_base_n610,610,2000,null,TRUE,0.0465,-0.718184846459609,TRUE,0.00470838348055891,0.00487339717240448,-0.743354914579841,-0.718184846459609,TRUE,TRUE,0.011,0.449466574975494,TRUE,0.00233227356885937,0.0022248595461287,0.428766167636613,0.449466574975494,TRUE,TRUE,TRUE,TRUE
sym,u,EDGE.sym.u.Grule,1b,null_base_n9400,9400,2000,null,TRUE,0.0525,0.512989176042576,TRUE,0.00498717104178311,0.00487339717240448,0.501286195932463,0.512989176042576,TRUE,TRUE,0.008,-0.89893314995099,TRUE,0.0019919839356782,0.0022248595461287,-1.00402416112812,-0.89893314995099,TRUE,TRUE,TRUE,TRUE
sym,u,EDGE.sym.u.Grule,1b,null_census_corr_n1000,1000,5000,null,TRUE,0.0488,-0.38933141071383,TRUE,0.00304691844328003,0.00308220700148449,-0.393840538346734,-0.38933141071383,TRUE,TRUE,0.0104,0.28426762180748,TRUE,0.00143470136265357,0.00140712472794703,0.278803666332465,0.28426762180748,TRUE,TRUE,TRUE,TRUE
sym,u,EDGE.sym.u.Grule,1b,null_census_int_binbin_n1000,1000,5000,null,TRUE,0.0522,0.713774252975355,TRUE,0.00314563697841947,0.00308220700148449,0.699381401952298,0.713774252975355,TRUE,TRUE,0.0118,1.27920429813366,TRUE,0.00152713850059515,0.00140712472794703,1.17867501821119,1.27920429813366,TRUE,TRUE,TRUE,TRUE
sym,u,EDGE.sym.u.Grule,1b,null_census_joint_n1000,1000,5000,null,TRUE,0.0526,0.843551389879965,TRUE,0.00315699984162179,0.00308220700148449,0.823566718541343,0.843551389879965,TRUE,TRUE,0.0114,0.994936676326182,TRUE,0.00150133540556399,0.00140712472794703,0.932503153400341,0.994936676326182,TRUE,TRUE,TRUE,TRUE
sym,u,EDGE.sym.u.Grule,1b,null_census_logx_n1000,1000,5000,null,TRUE,0.0532,1.03821709523688,TRUE,0.00317394895989208,0.00308220700148449,1.00820776907162,1.03821709523688,TRUE,TRUE,0.0114,0.994936676326182,TRUE,0.00150133540556399,0.00140712472794703,0.932503153400341,0.994936676326182,TRUE,TRUE,TRUE,TRUE
sym,u,EDGE.sym.u.Grule,1b,null_census_omit_2cov_n1000,1000,5000,null,TRUE,0.0486,-0.454219979166137,TRUE,0.0030409879973456,0.00308220700148449,-0.460376693765983,-0.454219979166137,TRUE,TRUE,0.0084,-1.13707048722992,TRUE,0.00129069283720024,0.00140712472794703,-1.23964428552242,-1.13707048722992,TRUE,TRUE,TRUE,TRUE
sym,u,EDGE.sym.u.Grule,1b,null_census_omit_2cov_n500,500,5000,null,TRUE,0.057,2.27109989583068,TRUE,0.00327874976172321,0.00308220700148449,2.13496012465465,2.27109989583068,TRUE,TRUE,0.0126,1.84773954174862,TRUE,0.00157741814367656,0.00140712472794703,1.648263024248,1.84773954174862,TRUE,TRUE,TRUE,TRUE
sym,u,EDGE.sym.u.Grule,1b,null_census_omit_2int_n1000,1000,5000,null,TRUE,0.0536,1.16799423214149,TRUE,0.00318518570887162,0.00308220700148449,1.13023237231443,1.16799423214149,TRUE,TRUE,0.0102,0.142133810903741,TRUE,0.00142098275851609,0.00140712472794703,0.140747661293834,0.142133810903741,TRUE,TRUE,TRUE,TRUE
sym,u,EDGE.sym.u.Grule,1b,null_census_omit_x2x3_n1000,1000,5000,null,TRUE,0.0528,0.908439958332269,TRUE,0.00316266216975509,0.00308220700148449,0.885330095252261,0.908439958332269,TRUE,TRUE,0.0102,0.142133810903741,TRUE,0.00142098275851609,0.00140712472794703,0.140747661293834,0.142133810903741,TRUE,TRUE,TRUE,TRUE
sym,u,EDGE.sym.u.Grule,1b,null_census_skew_n1000,1000,5000,null,TRUE,0.047,-0.973328526784576,TRUE,0.00299302522541993,0.00308220700148449,-1.00233034273177,-0.973328526784576,TRUE,TRUE,0.0104,0.28426762180748,TRUE,0.00143470136265357,0.00140712472794703,0.278803666332465,0.28426762180748,TRUE,TRUE,TRUE,TRUE
sym,u,EDGE.sym.u.Grule,1b,null_crossover_n1000,1000,5000,null,TRUE,0.0496,-0.129777136904611,TRUE,0.00307049963361014,0.00308220700148449,-0.130271958225152,-0.129777136904611,TRUE,TRUE,0.0082,-1.27920429813366,TRUE,0.00127536347760158,0.00140712472794703,-1.41136235403654,-1.27920429813366,TRUE,TRUE,TRUE,TRUE
sym,u,EDGE.sym.u.Grule,1b,null_crossover_n2000,2000,5000,null,TRUE,0.0482,-0.583997116070746,TRUE,0.00302908435009658,0.00308220700148449,-0.59423898180406,-0.583997116070746,TRUE,TRUE,0.0096,-0.284267621807481,TRUE,0.00137897353129058,0.00140712472794703,-0.290070832342693,-0.284267621807481,TRUE,TRUE,TRUE,TRUE
sym,u,EDGE.sym.u.Grule,1b,null_e12_n1000,1000,2000,null,TRUE,0.0525,0.512989176042576,TRUE,0.00498717104178311,0.00487339717240448,0.501286195932463,0.512989176042576,TRUE,TRUE,0.012,0.89893314995099,TRUE,0.00243474844696531,0.0022248595461287,0.821440096816908,0.89893314995099,TRUE,TRUE,TRUE,TRUE
sym,u,EDGE.sym.u.Grule,1b,null_e12_n11000,11000,2000,null,TRUE,0.055,1.02597835208515,TRUE,0.00509779364038993,0.00487339717240448,0.980816477227499,1.02597835208515,TRUE,TRUE,0.011,0.449466574975494,TRUE,0.00233227356885937,0.0022248595461287,0.428766167636613,0.449466574975494,TRUE,TRUE,TRUE,TRUE
sym,u,EDGE.sym.u.Grule,1b,null_e12_n15000,15000,2000,null,TRUE,0.044,-1.23117402250219,TRUE,0.00458606585212206,0.00487339717240448,-1.30831091254908,-1.23117402250219,TRUE,TRUE,0.008,-0.89893314995099,TRUE,0.0019919839356782,0.0022248595461287,-1.00402416112812,-0.89893314995099,TRUE,TRUE,TRUE,TRUE
sym,u,EDGE.sym.u.Grule,1b,null_e12_n1700,1700,2000,null,TRUE,0.0425,-1.53896752812773,TRUE,0.00451075104611194,0.00487339717240448,-1.66269428823048,-1.53896752812773,TRUE,TRUE,0.011,0.449466574975494,TRUE,0.00233227356885937,0.0022248595461287,0.428766167636613,0.449466574975494,TRUE,TRUE,TRUE,TRUE
sym,u,EDGE.sym.u.Grule,1b,null_e12_n4300,4300,2000,null,TRUE,0.046,-0.820782681668124,TRUE,0.00468422885862764,0.00487339717240448,-0.853929242298358,-0.820782681668124,TRUE,TRUE,0.009,-0.449466574975495,TRUE,0.00211175282644537,0.0022248595461287,-0.473540268291371,-0.449466574975495,TRUE,TRUE,TRUE,TRUE
sym,u,EDGE.sym.u.Grule,1b,null_e12_n6400,6400,2000,null,TRUE,0.0505,0.102597835208515,TRUE,0.00489641450451246,0.00487339717240448,0.102115537714221,0.102597835208515,TRUE,TRUE,0.009,-0.449466574975495,TRUE,0.00211175282644537,0.0022248595461287,-0.473540268291371,-0.449466574975495,TRUE,TRUE,TRUE,TRUE
sym,u,EDGE.sym.u.Grule,1b,null_e12_n7200,7200,2000,null,TRUE,0.052,0.410391340834061,TRUE,0.00496467521596328,0.00487339717240448,0.402846090227463,0.410391340834061,TRUE,TRUE,0.012,0.89893314995099,TRUE,0.00243474844696531,0.0022248595461287,0.821440096816908,0.89893314995099,TRUE,TRUE,TRUE,TRUE
sym,u,EDGE.sym.u.Grule,1b,null_e12_n8700,8700,2000,null,TRUE,0.0475,-0.512989176042578,TRUE,0.00475624589355933,0.00487339717240448,-0.525624632524861,-0.512989176042578,TRUE,TRUE,0.0065,-1.57313301241423,TRUE,0.00179690706493129,0.0022248595461287,-1.9477913289488,-1.57313301241423,TRUE,TRUE,TRUE,TRUE
sym,u,EDGE.sym.u.Grule,1b,null_quad_n100,100,10000,null,TRUE,0.0476,-1.1011955225787,TRUE,0.00212918388120895,0.00217944947177034,-1.12719245208511,-1.1011955225787,TRUE,TRUE,0.0084,-1.60806050441474,TRUE,0.000912657657613193,0.00099498743710662,-1.75312176110412,-1.60806050441474,TRUE,TRUE,TRUE,TRUE
sym,u,EDGE.sym.u.Grule,1b,null_rough_n10000,10000,1000,null,TRUE,0.045,-0.725476250110012,TRUE,0.00655553201502365,0.00689202437604511,-0.76271460326046,-0.725476250110012,TRUE,TRUE,0.008,-0.635641726163728,TRUE,0.00281709069786544,0.00314642654451046,-0.709952292808831,-0.635641726163728,TRUE,TRUE,TRUE,TRUE
sym,u,EDGE.sym.u.Grule,1b,null_skew_n16000,16000,2000,null,TRUE,0.0535,0.718184846459607,TRUE,0.00503178646208283,0.00487339717240448,0.695578007209635,0.718184846459607,TRUE,TRUE,0.0155,2.47206616236522,TRUE,0.00276222283677476,0.0022248595461287,1.99114999947721,2.47206616236522,TRUE,TRUE,TRUE,TRUE
sym,u,EDGE.sym.u.Grule,1b,null_skew_n2400,2400,2000,null,TRUE,0.0405,-1.94935886896179,TRUE,0.00440793318914886,0.00487339717240448,-2.1552050796474,-1.94935886896179,TRUE,TRUE,0.0125,1.12366643743874,TRUE,0.00248432586429397,0.0022248595461287,1.00630921085326,1.12366643743874,TRUE,TRUE,TRUE,TRUE
sym,u,EDGE.sym.u.Grule,1b,null_skew_n4000,4000,2000,null,TRUE,0.041,-1.84676103375328,TRUE,0.00443390347211123,0.00487339717240448,-2.02981414832529,-1.84676103375328,TRUE,TRUE,0.0165,2.92153273734072,TRUE,0.00284848644019943,0.0022248595461287,2.28191361849871,2.92153273734072,TRUE,TRUE,TRUE,TRUE
sym,u,EDGE.sym.u.Grule,1b,null_skew_n9400,9400,2000,null,TRUE,0.045,-1.02597835208516,TRUE,0.00463546114210873,0.00487339717240448,-1.07864133615096,-1.02597835208516,TRUE,TRUE,0.014,1.79786629990198,TRUE,0.00262716577322407,0.0022248595461287,1.5225533313382,1.79786629990198,TRUE,TRUE,TRUE,TRUE
sym,u,EDGE.sym.u.Grule,1b,runA_null_p20_n1000,1000,2000,null,TRUE,0.0435,-1.3337718577107,TRUE,0.00456112650559048,0.00487339717240448,-1.42508654211478,-1.3337718577107,TRUE,TRUE,0.008,-0.89893314995099,TRUE,0.0019919839356782,0.0022248595461287,-1.00402416112812,-0.89893314995099,TRUE,TRUE,TRUE,TRUE
sym,u,EDGE.sym.u.Grule,1b,runG_null_sparse_n10000,10000,2000,null,TRUE,0.05,0,TRUE,0.00487339717240448,0.00487339717240448,0,0,TRUE,TRUE,0.011,0.449466574975494,TRUE,0.00233227356885937,0.0022248595461287,0.428766167636613,0.449466574975494,TRUE,TRUE,TRUE,TRUE
sym,u,EDGE.sym.u.Grule,1b,runG_null_sparse_n2000,2000,2000,null,TRUE,0.043,-1.43636969291922,TRUE,0.00453602248671675,0.00487339717240448,-1.54320222628939,-1.43636969291922,TRUE,TRUE,0.009,-0.449466574975495,TRUE,0.00211175282644537,0.0022248595461287,-0.473540268291371,-0.449466574975495,TRUE,TRUE,TRUE,TRUE
sym,u,EDGE.sym.u.Grule,1b,runG_null_sparse_n500,500,2000,null,TRUE,0.0545,0.923380516876638,TRUE,0.00507591124823908,0.00487339717240448,0.88654032348598,0.923380516876638,TRUE,TRUE,0.012,0.89893314995099,TRUE,0.00243474844696531,0.0022248595461287,0.821440096816908,0.89893314995099,TRUE,TRUE,TRUE,TRUE
sym,u,EDGE.sym.u.Grule,1b,sparse49_n100,100,5000,null,TRUE,0.0172,-10.641725226178,TRUE,0.00183870389133215,0.00308220700148449,-17.8386526262455,-10.641725226178,TRUE,TRUE,0.0042,-4.12188051620847,TRUE,0.000914588432028309,0.00140712472794703,-6.34165029524502,-4.12188051620847,TRUE,TRUE,TRUE,TRUE
sym,u,EDGE.sym.u.Grule,1b,sparse49_n1000,1000,5000,null,TRUE,0.048,-0.648885684523051,TRUE,0.00302311098043059,0.00308220700148449,-0.661570155031204,-0.648885684523051,TRUE,TRUE,0.0088,-0.852802865422442,TRUE,0.00132079975772257,0.00140712472794703,-0.908540445274715,-0.852802865422442,TRUE,TRUE,TRUE,TRUE
sym,u,EDGE.sym.u.Grule,1b,sparse49_n150,150,5000,null,TRUE,0.0266,-7.59196250891969,TRUE,0.00227562914377541,0.00308220700148449,-10.2828705916369,-7.59196250891969,TRUE,TRUE,0.0094,-0.426401432711221,TRUE,0.00136467138901642,0.00140712472794703,-0.439666285106517,-0.426401432711221,TRUE,TRUE,TRUE,TRUE
sym,u,EDGE.sym.u.Grule,1b,sparse49_n200,200,5000,null,TRUE,0.0314,-6.03463686606437,TRUE,0.00246633493264804,0.00308220700148449,-7.54155477984074,-6.03463686606437,TRUE,TRUE,0.009,-0.710669054518702,TRUE,0.00133558975737312,0.00140712472794703,-0.748732905803974,-0.710669054518702,TRUE,TRUE,TRUE,TRUE
sym,u,EDGE.sym.u.Grule,1b,sparse49_n2000,2000,5000,null,TRUE,0.051,0.324442842261523,TRUE,0.00311123769583746,0.00308220700148449,0.321415493691755,0.324442842261523,TRUE,TRUE,0.0076,-1.70560573084488,TRUE,0.00122818891055082,0.00140712472794703,-1.95409678379497,-1.70560573084488,TRUE,TRUE,TRUE,TRUE
sym,u,EDGE.sym.u.Grule,1b,sparse49_n300,300,5000,null,TRUE,0.0406,-3.04976271725834,TRUE,0.00279111590586991,0.00308220700148449,-3.36782860942147,-3.04976271725834,TRUE,TRUE,0.0112,0.852802865422442,TRUE,0.00148825804214189,0.00140712472794703,0.806311786007868,0.852802865422442,TRUE,TRUE,TRUE,TRUE
sym,u,EDGE.sym.u.Grule,1b,sparse49_n500,500,5000,null,TRUE,0.0472,-0.908439958332271,TRUE,0.00299907185642492,0.00308220700148449,-0.933622178475503,-0.908439958332271,TRUE,TRUE,0.013,2.1320071635561,TRUE,0.0016019363283227,0.00140712472794703,1.87273360804617,2.1320071635561,TRUE,TRUE,TRUE,TRUE
sym,u,EDGE.sym.u.Grule,1b,sparse49_n5000,5000,5000,null,TRUE,0.0462,-1.2328828005938,TRUE,0.00296868859936505,0.00308220700148449,-1.28002647391604,-1.2328828005938,TRUE,TRUE,0.0092,-0.568535243614961,TRUE,0.00135021183523179,0.00140712472794703,-0.592499620522631,-0.568535243614961,TRUE,TRUE,TRUE,TRUE
sym,u,EDGE.sym.u.Grule,4,proj_null_contint_n1000,1000,500,null,TRUE,0.048,-0.205195670417031,TRUE,0.00955991631762538,0.00974679434480896,-0.209206852188931,-0.205195670417031,TRUE,TRUE,0.006,-0.89893314995099,TRUE,0.00345369367489359,0.0044497190922574,-1.15818030680536,-0.89893314995099,TRUE,TRUE,TRUE,TRUE
sym,u,EDGE.sym.u.Grule,4,proj_null_contint_n500,500,500,null,TRUE,0.036,-1.43636969291922,TRUE,0.0083311463797007,0.00974679434480896,-1.68044100558739,-1.43636969291922,TRUE,TRUE,0.01,0,TRUE,0.0044497190922574,0.0044497190922574,0,0,TRUE,TRUE,TRUE,TRUE
sym,u,EDGE.sym.u.Grule,4,proj_null_link_n1000,1000,500,null,TRUE,0.042,-0.820782681668123,TRUE,0.00897061870775924,0.00974679434480896,-0.891800249305024,-0.820782681668123,TRUE,TRUE,0.006,-0.89893314995099,TRUE,0.00345369367489359,0.0044497190922574,-1.15818030680536,-0.89893314995099,TRUE,TRUE,TRUE,TRUE
sym,u,EDGE.sym.u.Grule,4,proj_null_link_n500,500,500,null,TRUE,0.042,-0.820782681668123,TRUE,0.00897061870775924,0.00974679434480896,-0.891800249305024,-0.820782681668123,TRUE,TRUE,0.012,0.449466574975495,TRUE,0.00486949689393062,0.0044497190922574,0.410720048408454,0.449466574975495,TRUE,TRUE,TRUE,TRUE
sym,u,EDGE.sym.u.Grule,4,proj_null_quad_n1000,1000,500,null,TRUE,0.034,-1.64156536333625,TRUE,0.00810481338464989,0.00974679434480896,-1.97413552177564,-1.64156536333625,TRUE,TRUE,0.008,-0.449466574975495,TRUE,0.0039839678713564,0.0044497190922574,-0.502012080564061,-0.449466574975495,TRUE,TRUE,TRUE,TRUE
sym,u,EDGE.sym.u.Grule,4,proj_null_quad_n500,500,500,null,TRUE,0.048,-0.205195670417031,TRUE,0.00955991631762538,0.00974679434480896,-0.209206852188931,-0.205195670417031,TRUE,TRUE,0.006,-0.89893314995099,TRUE,0.00345369367489359,0.0044497190922574,-1.15818030680536,-0.89893314995099,TRUE,TRUE,TRUE,TRUE
sym,u,EDGE.sym.u.Grule,5,runA_null_p10,1000,2000,null,TRUE,0.044,-1.23117402250219,TRUE,0.00458606585212206,0.00487339717240448,-1.30831091254908,-1.23117402250219,TRUE,TRUE,0.0125,1.12366643743874,TRUE,0.00248432586429397,0.0022248595461287,1.00630921085326,1.12366643743874,TRUE,TRUE,TRUE,TRUE
sym,u,EDGE.sym.u.Grule,5,runA_null_p20,1000,2000,null,TRUE,0.048,-0.410391340834062,TRUE,0.00477995815881269,0.00487339717240448,-0.418413704377862,-0.410391340834062,TRUE,TRUE,0.009,-0.449466574975495,TRUE,0.00211175282644537,0.0022248595461287,-0.473540268291371,-0.449466574975495,TRUE,TRUE,TRUE,TRUE
sym,u,EDGE.sym.u.Grule,5,runA_null_p3,1000,2000,null,TRUE,0.052,0.410391340834061,TRUE,0.00496467521596328,0.00487339717240448,0.402846090227463,0.410391340834061,TRUE,TRUE,0.0095,-0.224733287487748,TRUE,0.00216907238237916,0.0022248595461287,-0.23051328487783,-0.224733287487748,TRUE,TRUE,TRUE,TRUE
sym,u,EDGE.sym.u.Grule,5,runA_null_p5,1000,2000,null,TRUE,0.0455,-0.923380516876639,TRUE,0.00465992220965114,0.00487339717240448,-0.96568135637116,-0.923380516876639,TRUE,TRUE,0.008,-0.89893314995099,TRUE,0.0019919839356782,0.0022248595461287,-1.00402416112812,-0.89893314995099,TRUE,TRUE,TRUE,TRUE
sym,u,EDGE.sym.u.Grule,5,runF_null_n1000_G10,1000,2000,null,TRUE,0.052,0.410391340834061,TRUE,0.00496467521596328,0.00487339717240448,0.402846090227463,0.410391340834061,TRUE,TRUE,0.0075,-1.12366643743874,TRUE,0.00192921616207205,0.0022248595461287,-1.29586308115671,-1.12366643743874,TRUE,TRUE,TRUE,TRUE
sym,u,EDGE.sym.u.Grule,5,runF_null_n1000_G20,1000,2000,null,TRUE,0.05,0,TRUE,0.00487339717240448,0.00487339717240448,0,0,TRUE,TRUE,0.0105,0.224733287487748,TRUE,0.00227922684259378,0.0022248595461287,0.219372635779858,0.224733287487748,TRUE,TRUE,TRUE,TRUE
sym,u,EDGE.sym.u.Grule,5,runF_null_n1000_G40,1000,2000,null,TRUE,0.048,-0.410391340834062,TRUE,0.00477995815881269,0.00487339717240448,-0.418413704377862,-0.410391340834062,TRUE,TRUE,0.011,0.449466574975494,TRUE,0.00233227356885937,0.0022248595461287,0.428766167636613,0.449466574975494,TRUE,TRUE,TRUE,TRUE
sym,u,EDGE.sym.u.Grule,5,runF_null_n1000_G5,1000,2000,null,TRUE,0.0525,0.512989176042576,TRUE,0.00498717104178311,0.00487339717240448,0.501286195932463,0.512989176042576,TRUE,TRUE,0.0095,-0.224733287487748,TRUE,0.00216907238237916,0.0022248595461287,-0.23051328487783,-0.224733287487748,TRUE,TRUE,TRUE,TRUE
sym,u,EDGE.sym.u.Grule,5,runF_null_n1000_G67,1000,2000,null,TRUE,0.05,0,TRUE,0.00487339717240448,0.00487339717240448,0,0,TRUE,TRUE,0.0115,0.674199862463242,TRUE,0.0023840878758972,0.0022248595461287,0.629171439175877,0.674199862463242,TRUE,TRUE,TRUE,TRUE
sym,u,EDGE.sym.u.Grule,5,runF_null_n20000_G100,20000,800,null,TRUE,0.04875,-0.162221421130763,TRUE,0.00761359290184339,0.00770551750371122,-0.164180041685359,-0.162221421130763,TRUE,TRUE,0.0125,0.710669054518702,TRUE,0.00392806409061767,0.00351781181986757,0.636445827340584,0.710669054518702,TRUE,TRUE,TRUE,TRUE
sym,u,EDGE.sym.u.Grule,5,runF_null_n20000_G200,20000,800,null,TRUE,0.0475,-0.324442842261525,TRUE,0.00752028506773513,0.00770551750371122,-0.332434206613516,-0.324442842261525,TRUE,TRUE,0.0125,0.710669054518702,TRUE,0.00392806409061767,0.00351781181986757,0.636445827340584,0.710669054518702,TRUE,TRUE,TRUE,TRUE
sym,u,EDGE.sym.u.Grule,5,runF_null_n20000_G400,20000,800,null,TRUE,0.0425,-0.973328526784575,TRUE,0.00713212363185047,0.00770551750371122,-1.05158020067216,-0.973328526784575,TRUE,TRUE,0.00125,-2.48734169081546,TRUE,0.00124921850570667,0.00351781181986757,-7.00437910583963,-2.48734169081546,TRUE,TRUE,TRUE,TRUE
sym,u,EDGE.sym.u.Grule,5,runF_null_n2000_G10,2000,2000,null,TRUE,0.0445,-1.12857618729367,TRUE,0.00461084319837489,0.00487339717240448,-1.19284039022158,-1.12857618729367,TRUE,TRUE,0.0075,-1.12366643743874,TRUE,0.00192921616207205,0.0022248595461287,-1.29586308115671,-1.12366643743874,TRUE,TRUE,TRUE,TRUE
sym,u,EDGE.sym.u.Grule,5,runF_null_n2000_G133,2000,2000,null,TRUE,0.043,-1.43636969291922,TRUE,0.00453602248671675,0.00487339717240448,-1.54320222628939,-1.43636969291922,TRUE,TRUE,0.0045,-2.47206616236522,TRUE,0.00149662119455793,0.0022248595461287,-3.67494461524353,-2.47206616236522,TRUE,TRUE,TRUE,TRUE
sym,u,EDGE.sym.u.Grule,5,runF_null_n2000_G20,2000,2000,null,TRUE,0.0465,-0.718184846459609,TRUE,0.00470838348055891,0.00487339717240448,-0.743354914579841,-0.718184846459609,TRUE,TRUE,0.0095,-0.224733287487748,TRUE,0.00216907238237916,0.0022248595461287,-0.23051328487783,-0.224733287487748,TRUE,TRUE,TRUE,TRUE
sym,u,EDGE.sym.u.Grule,5,runF_null_n2000_G40,2000,2000,null,TRUE,0.0445,-1.12857618729367,TRUE,0.00461084319837489,0.00487339717240448,-1.19284039022158,-1.12857618729367,TRUE,TRUE,0.006,-1.79786629990198,TRUE,0.0017268468374468,0.0022248595461287,-2.31636061361072,-1.79786629990198,TRUE,TRUE,TRUE,TRUE
sym,u,EDGE.sym.u.Grule,5,runF_null_n2000_G80,2000,2000,null,TRUE,0.055,1.02597835208515,TRUE,0.00509779364038993,0.00487339717240448,0.980816477227499,1.02597835208515,TRUE,TRUE,0.006,-1.79786629990198,TRUE,0.0017268468374468,0.0022248595461287,-2.31636061361072,-1.79786629990198,TRUE,TRUE,TRUE,TRUE
sym,u,EDGE.sym.u.Grule,5,runF_null_n5000_G100,5000,2000,null,TRUE,0.0465,-0.718184846459609,TRUE,0.00470838348055891,0.00487339717240448,-0.743354914579841,-0.718184846459609,TRUE,TRUE,0.0085,-0.674199862463242,TRUE,0.00205277251540447,0.0022248595461287,-0.730719058611541,-0.674199862463242,TRUE,TRUE,TRUE,TRUE
sym,u,EDGE.sym.u.Grule,5,runF_null_n5000_G200,5000,2000,null,TRUE,0.0495,-0.102597835208515,TRUE,0.0048502448391808,0.00487339717240448,-0.103087579406496,-0.102597835208515,TRUE,TRUE,0.0115,0.674199862463242,TRUE,0.0023840878758972,0.0022248595461287,0.629171439175877,0.674199862463242,TRUE,TRUE,TRUE,TRUE
sym,u,EDGE.sym.u.Grule,5,runF_null_n5000_G25,5000,2000,null,TRUE,0.054,0.820782681668123,TRUE,0.00505390937789747,0.00487339717240448,0.791466506600496,0.820782681668123,TRUE,TRUE,0.01,0,TRUE,0.0022248595461287,0.0022248595461287,0,0,TRUE,TRUE,TRUE,TRUE
sym,u,EDGE.sym.u.Grule,5,runF_null_n5000_G333,5000,2000,null,TRUE,0.056,1.23117402250218,TRUE,0.00514120608417908,0.00487339717240448,1.16704133266777,1.23117402250218,TRUE,TRUE,0.0085,-0.674199862463242,TRUE,0.00205277251540447,0.0022248595461287,-0.730719058611541,-0.674199862463242,TRUE,TRUE,TRUE,TRUE
sym,u,EDGE.sym.u.Grule,5,runF_null_n5000_G50,5000,2000,null,TRUE,0.0495,-0.102597835208515,TRUE,0.0048502448391808,0.00487339717240448,-0.103087579406496,-0.102597835208515,TRUE,TRUE,0.0095,-0.224733287487748,TRUE,0.00216907238237916,0.0022248595461287,-0.23051328487783,-0.224733287487748,TRUE,TRUE,TRUE,TRUE
sym,u,EDGE.sym.u.Grule,5,runF_null_n500_G10,500,2000,null,TRUE,0.055,1.02597835208515,TRUE,0.00509779364038993,0.00487339717240448,0.980816477227499,1.02597835208515,TRUE,TRUE,0.0125,1.12366643743874,TRUE,0.00248432586429397,0.0022248595461287,1.00630921085326,1.12366643743874,TRUE,TRUE,TRUE,TRUE
sym,u,EDGE.sym.u.Grule,5,runF_null_n500_G20,500,2000,null,TRUE,0.0595,1.94935886896179,TRUE,0.00528960064655169,0.00487339717240448,1.79597679197069,1.94935886896179,TRUE,TRUE,0.0125,1.12366643743874,TRUE,0.00248432586429397,0.0022248595461287,1.00630921085326,1.12366643743874,TRUE,TRUE,TRUE,TRUE
sym,u,EDGE.sym.u.Grule,5,runF_null_n500_G33,500,2000,null,TRUE,0.0555,1.12857618729367,TRUE,0.00511955808639769,0.00487339717240448,1.0743114751668,1.12857618729367,TRUE,TRUE,0.0085,-0.674199862463242,TRUE,0.00205277251540447,0.0022248595461287,-0.730719058611541,-0.674199862463242,TRUE,TRUE,TRUE,TRUE
sym,u,EDGE.sym.u.Grule,5,runF_null_n500_G4,500,2000,null,TRUE,0.0585,1.74416319854476,TRUE,0.0052477495176504,0.00487339717240448,1.61974194298164,1.74416319854476,TRUE,TRUE,0.0095,-0.224733287487748,TRUE,0.00216907238237916,0.0022248595461287,-0.23051328487783,-0.224733287487748,TRUE,TRUE,TRUE,TRUE
sym,u,EDGE.sym.u.Grule,5,runF_null_n500_G5,500,2000,null,TRUE,0.054,0.820782681668123,TRUE,0.00505390937789747,0.00487339717240448,0.791466506600496,0.820782681668123,TRUE,TRUE,0.0105,0.224733287487748,TRUE,0.00227922684259378,0.0022248595461287,0.219372635779858,0.224733287487748,TRUE,TRUE,TRUE,TRUE
sym,u,EDGE.sym.u.Grule,5,runG_null_n10000,10000,1000,null,TRUE,0.047,-0.435285750066007,TRUE,0.00669260786241059,0.00689202437604511,-0.448255756451782,-0.435285750066007,TRUE,TRUE,0.003,-2.22474604157305,TRUE,0.00172945077987204,0.00314642654451046,-4.04752773624348,-2.22474604157305,TRUE,TRUE,TRUE,TRUE
sym,u,EDGE.sym.u.Grule,5,runG_null_n2000,2000,2000,null,TRUE,0.0555,1.12857618729367,TRUE,0.00511955808639769,0.00487339717240448,1.0743114751668,1.12857618729367,TRUE,TRUE,0.009,-0.449466574975495,TRUE,0.00211175282644537,0.0022248595461287,-0.473540268291371,-0.449466574975495,TRUE,TRUE,TRUE,TRUE
sym,u,EDGE.sym.u.Grule,5,runG_null_n500,500,2000,null,TRUE,0.0535,0.718184846459607,TRUE,0.00503178646208283,0.00487339717240448,0.695578007209635,0.718184846459607,TRUE,TRUE,0.0085,-0.674199862463242,TRUE,0.00205277251540447,0.0022248595461287,-0.730719058611541,-0.674199862463242,TRUE,TRUE,TRUE,TRUE
sym,u,EDGE.sym.u.Grule,5,runG_null_sparse_n10000,10000,1000,null,TRUE,0.048,-0.290190500044005,TRUE,0.00675988165576884,0.00689202437604511,-0.295863167706969,-0.290190500044005,TRUE,TRUE,0.009,-0.317820863081864,TRUE,0.00298646948753876,0.00314642654451046,-0.334843534873725,-0.317820863081864,TRUE,TRUE,TRUE,TRUE
sym,u,EDGE.sym.u.Grule,5,runG_null_sparse_n2000,2000,2000,null,TRUE,0.051,0.20519567041703,TRUE,0.00491929873051028,0.00487339717240448,0.203281007066685,0.20519567041703,TRUE,TRUE,0.0105,0.224733287487748,TRUE,0.00227922684259378,0.0022248595461287,0.219372635779858,0.224733287487748,TRUE,TRUE,TRUE,TRUE
sym,u,EDGE.sym.u.Grule,5,runG_null_sparse_n500,500,2000,null,TRUE,0.0435,-1.3337718577107,TRUE,0.00456112650559048,0.00487339717240448,-1.42508654211478,-1.3337718577107,TRUE,TRUE,0.0095,-0.224733287487748,TRUE,0.00216907238237916,0.0022248595461287,-0.23051328487783,-0.224733287487748,TRUE,TRUE,TRUE,TRUE
sym,u,EDGE.sym.u.Grule,5,runK2_null_n1000,1000,2000,null,TRUE,0.042,-1.64156536333625,TRUE,0.00448530935387962,0.00487339717240448,-1.78360049861005,-1.64156536333625,TRUE,TRUE,0.009,-0.449466574975495,TRUE,0.00211175282644537,0.0022248595461287,-0.473540268291371,-0.449466574975495,TRUE,TRUE,TRUE,TRUE
sym,u,EDGE.sym.u.Grule,5,runK2_null_n2000,2000,2000,null,TRUE,0.052,0.410391340834061,TRUE,0.00496467521596328,0.00487339717240448,0.402846090227463,0.410391340834061,TRUE,TRUE,0.011,0.449466574975494,TRUE,0.00233227356885937,0.0022248595461287,0.428766167636613,0.449466574975494,TRUE,TRUE,TRUE,TRUE
sym,u,EDGE.sym.u.Grule,5,runK2_null_n500,500,2000,null,TRUE,0.049,-0.205195670417031,TRUE,0.00482695556225661,0.00487339717240448,-0.20716992048141,-0.205195670417031,TRUE,TRUE,0.006,-1.79786629990198,TRUE,0.0017268468374468,0.0022248595461287,-2.31636061361072,-1.79786629990198,TRUE,TRUE,TRUE,TRUE
sym,u,EDGE.sym.u.Grule,5,runK2_null_n5000,5000,2000,null,TRUE,0.0475,-0.512989176042578,TRUE,0.00475624589355933,0.00487339717240448,-0.525624632524861,-0.512989176042578,TRUE,TRUE,0.0085,-0.674199862463242,TRUE,0.00205277251540447,0.0022248595461287,-0.730719058611541,-0.674199862463242,TRUE,TRUE,TRUE,TRUE
sym,u,EDGE.sym.u.Grule,6,glow_null_n500,500,2000,null,TRUE,0.0575,1.53896752812773,TRUE,0.00520546587732549,0.00487339717240448,1.44079323095158,1.53896752812773,TRUE,TRUE,0.0125,1.12366643743874,TRUE,0.00248432586429397,0.0022248595461287,1.00630921085326,1.12366643743874,TRUE,TRUE,TRUE,TRUE
sym,u,EDGE.sym.u.Grule,7,runD_null_n50000,50000,800,null,TRUE,0.0425,-0.973328526784575,TRUE,0.00713212363185047,0.00770551750371122,-1.05158020067216,-0.973328526784575,TRUE,TRUE,0.01,0,TRUE,0.00351781181986757,0.00351781181986757,0,0,TRUE,TRUE,TRUE,TRUE
sym,u,EDGE.sym.u.Grule,7,runJ_null_n2000,2000,2000,null,TRUE,0.053,0.615587011251092,TRUE,0.0050095408971282,0.00487339717240448,0.598857272873008,0.615587011251092,TRUE,TRUE,0.012,0.89893314995099,TRUE,0.00243474844696531,0.0022248595461287,0.821440096816908,0.89893314995099,TRUE,TRUE,TRUE,TRUE
sym,u,EDGE.sym.u.Grule,1b,null_auc_n380,380,2000,null,FALSE,0.048,-0.410391340834062,TRUE,0.00477995815881269,0.00487339717240448,-0.418413704377862,-0.410391340834062,TRUE,TRUE,0.0175,3.37099931231621,FALSE,0.00293204280323463,0.0022248595461287,2.55794355789281,3.37099931231621,TRUE,FALSE,TRUE,FALSE
