block,cell,role,null_cell,n,rival,comparator,shared_reps,rival_rejection,comparator_rejection,difference,both,rival_only,comparator_only,neither,mcnemar_p,rival_size,rival_size_reps,rival_holds_size,comparator_size,comparator_size_reps,comparator_holds_size,rival_rule,comparator_rule,chosen_form,forms,in_holm,note,holm_p,holm_reject_05
1a,null_link_n500,null,,500,proj,EDGE.poly3.u.G10,500,0.048,0.05,-0.002,8,16,17,459,1,0.048,500,TRUE,0.0496,10000,TRUE,p < alpha,p <= alpha,TRUE,"poly3=u,sym=u",FALSE,"null cell: size comparison, not in the Holm family",,
1a,null_link_n500,null,,500,proj,EDGE.poly3.u.Grule,500,0.048,0.04,0.008,10,14,10,466,0.541256189346313,0.048,500,TRUE,0.0496,10000,TRUE,p < alpha,p <= alpha,TRUE,"poly3=u,sym=u",FALSE,"null cell: size comparison, not in the Holm family",,
1a,null_link_n500,null,,500,proj,EDGE.poly3.sc.G10,500,0.048,0.046,0.002,7,17,16,460,1,0.048,500,TRUE,0.0509,10000,TRUE,p < alpha,p <= alpha,FALSE,"poly3=u,sym=u",FALSE,"null cell: size comparison, not in the Holm family; not the weighting form chosen by Section A (--forms)",,
1a,null_link_n500,null,,500,proj,EDGE.poly3.sc.Grule,500,0.048,0.042,0.006,9,15,12,464,0.701108038425446,0.048,500,TRUE,0.0499,10000,TRUE,p < alpha,p <= alpha,FALSE,"poly3=u,sym=u",FALSE,"null cell: size comparison, not in the Holm family; not the weighting form chosen by Section A (--forms)",,
1a,null_link_n500,null,,500,proj,EDGE.sym.u.G10,500,0.048,0.05,-0.002,4,20,21,455,1,0.048,500,TRUE,0.048,10000,TRUE,p < alpha,p <= alpha,TRUE,"poly3=u,sym=u",FALSE,"null cell: size comparison, not in the Holm family",,
1a,null_link_n500,null,,500,proj,EDGE.sym.u.Grule,500,0.048,0.028,0.02,3,21,11,465,0.110184165183455,0.048,500,TRUE,0.0466,10000,TRUE,p < alpha,p <= alpha,TRUE,"poly3=u,sym=u",FALSE,"null cell: size comparison, not in the Holm family",,
1a,null_link_n500,null,,500,proj,EDGE.sym.sc.G10,500,0.048,0.052,-0.004,6,18,20,456,0.871414679364533,0.048,500,TRUE,0.048,10000,TRUE,p < alpha,p <= alpha,FALSE,"poly3=u,sym=u",FALSE,"null cell: size comparison, not in the Holm family; not the weighting form chosen by Section A (--forms)",,
1a,null_link_n500,null,,500,proj,EDGE.sym.sc.Grule,500,0.048,0.04,0.008,5,19,15,461,0.60759136127308,0.048,500,TRUE,0.047,10000,TRUE,p < alpha,p <= alpha,FALSE,"poly3=u,sym=u",FALSE,"null cell: size comparison, not in the Holm family; not the weighting form chosen by Section A (--forms)",,
1a,null_link_n500,null,,500,proj,Stk.joint,500,0.048,0.042,0.006,10,14,11,465,0.690037965774536,0.048,500,TRUE,0.0503,10000,TRUE,p < alpha,p <= alpha,TRUE,"poly3=u,sym=u",FALSE,"null cell: size comparison, not in the Holm family",,
1a,null_link_n500,null,,500,proj,GiViTI,500,0.048,0.056,-0.008,13,11,15,461,0.557197093963624,0.048,500,TRUE,0.0529,10000,TRUE,p < alpha,p <= alpha,TRUE,"poly3=u,sym=u",FALSE,"null cell: size comparison, not in the Holm family",,
1a,null_link_n1000,null,,1000,proj,EDGE.poly3.u.G10,500,0.06,0.044,0.016,9,21,13,457,0.229481013026088,0.06,500,TRUE,0.0544,10000,TRUE,p < alpha,p <= alpha,TRUE,"poly3=u,sym=u",FALSE,"null cell: size comparison, not in the Holm family",,
1a,null_link_n1000,null,,1000,proj,EDGE.poly3.u.Grule,500,0.06,0.05,0.01,11,19,14,456,0.486850241664797,0.06,500,TRUE,0.0523,10000,TRUE,p < alpha,p <= alpha,TRUE,"poly3=u,sym=u",FALSE,"null cell: size comparison, not in the Holm family",,
1a,null_link_n1000,null,,1000,proj,EDGE.poly3.sc.G10,500,0.06,0.054,0.006,6,24,21,449,0.765991824244795,0.06,500,TRUE,0.0549,10000,TRUE,p < alpha,p <= alpha,FALSE,"poly3=u,sym=u",FALSE,"null cell: size comparison, not in the Holm family; not the weighting form chosen by Section A (--forms)",,
1a,null_link_n1000,null,,1000,proj,EDGE.poly3.sc.Grule,500,0.06,0.044,0.016,8,22,14,456,0.24298495403491,0.06,500,TRUE,0.0571,10000,FALSE,p < alpha,p <= alpha,FALSE,"poly3=u,sym=u",FALSE,"null cell: size comparison, not in the Holm family; the comparator does not hold size at 0.05; not the weighting form chosen by Section A (--forms)",,
1a,null_link_n1000,null,,1000,proj,EDGE.sym.u.G10,500,0.06,0.05,0.01,4,26,21,449,0.560064629580213,0.06,500,TRUE,0.0521,10000,TRUE,p < alpha,p <= alpha,TRUE,"poly3=u,sym=u",FALSE,"null cell: size comparison, not in the Holm family",,
1a,null_link_n1000,null,,1000,proj,EDGE.sym.u.Grule,500,0.06,0.054,0.006,3,27,24,446,0.779767930553075,0.06,500,TRUE,0.0501,10000,TRUE,p < alpha,p <= alpha,TRUE,"poly3=u,sym=u",FALSE,"null cell: size comparison, not in the Holm family",,
1a,null_link_n1000,null,,1000,proj,EDGE.sym.sc.G10,500,0.06,0.05,0.01,4,26,21,449,0.560064629580213,0.06,500,TRUE,0.0537,10000,TRUE,p < alpha,p <= alpha,FALSE,"poly3=u,sym=u",FALSE,"null cell: size comparison, not in the Holm family; not the weighting form chosen by Section A (--forms)",,
1a,null_link_n1000,null,,1000,proj,EDGE.sym.sc.Grule,500,0.06,0.054,0.006,5,25,22,448,0.770866994573028,0.06,500,TRUE,0.0499,10000,TRUE,p < alpha,p <= alpha,FALSE,"poly3=u,sym=u",FALSE,"null cell: size comparison, not in the Holm family; not the weighting form chosen by Section A (--forms)",,
1a,null_link_n1000,null,,1000,proj,Stk.joint,500,0.06,0.048,0.012,11,19,13,457,0.377085587475449,0.06,500,TRUE,0.0499,10000,TRUE,p < alpha,p <= alpha,TRUE,"poly3=u,sym=u",FALSE,"null cell: size comparison, not in the Holm family",,
1a,null_link_n1000,null,,1000,proj,GiViTI,500,0.06,0.052,0.008,13,17,13,457,0.584664711728693,0.06,500,TRUE,0.0534,10000,TRUE,p < alpha,p <= alpha,TRUE,"poly3=u,sym=u",FALSE,"null cell: size comparison, not in the Holm family",,
3,stk_long_n500,alternative,null_link_n500,500,proj,EDGE.poly3.u.G10,500,0.088,0.092,-0.004,18,26,28,428,0.891923151104751,0.048,500,TRUE,0.0496,10000,TRUE,p < alpha,p <= alpha,TRUE,"poly3=u,sym=u",TRUE,"",1,FALSE
3,stk_long_n500,alternative,null_link_n500,500,proj,EDGE.poly3.u.Grule,500,0.088,0.096,-0.00800000000000001,21,23,27,429,0.671811033765366,0.048,500,TRUE,0.0496,10000,TRUE,p < alpha,p <= alpha,TRUE,"poly3=u,sym=u",TRUE,"",1,FALSE
3,stk_long_n500,alternative,null_link_n500,500,proj,EDGE.poly3.sc.G10,500,0.088,0.084,0.00399999999999999,16,28,26,430,0.891923151104751,0.048,500,TRUE,0.0509,10000,TRUE,p < alpha,p <= alpha,FALSE,"poly3=u,sym=u",FALSE,not the weighting form chosen by Section A (--forms),,
3,stk_long_n500,alternative,null_link_n500,500,proj,EDGE.poly3.sc.Grule,500,0.088,0.086,0.002,18,26,25,431,1,0.048,500,TRUE,0.0499,10000,TRUE,p < alpha,p <= alpha,FALSE,"poly3=u,sym=u",FALSE,not the weighting form chosen by Section A (--forms),,
3,stk_long_n500,alternative,null_link_n500,500,proj,EDGE.sym.u.G10,500,0.088,0.102,-0.014,16,28,35,421,0.449962536290225,0.048,500,TRUE,0.048,10000,TRUE,p < alpha,p <= alpha,TRUE,"poly3=u,sym=u",TRUE,"",1,FALSE
3,stk_long_n500,alternative,null_link_n500,500,proj,EDGE.sym.u.Grule,500,0.088,0.102,-0.014,20,24,31,425,0.418754188269015,0.048,500,TRUE,0.0466,10000,TRUE,p < alpha,p <= alpha,TRUE,"poly3=u,sym=u",TRUE,"",1,FALSE
3,stk_long_n500,alternative,null_link_n500,500,proj,EDGE.sym.sc.G10,500,0.088,0.102,-0.014,17,27,34,422,0.442626004946473,0.048,500,TRUE,0.048,10000,TRUE,p < alpha,p <= alpha,FALSE,"poly3=u,sym=u",FALSE,not the weighting form chosen by Section A (--forms),,
3,stk_long_n500,alternative,null_link_n500,500,proj,EDGE.sym.sc.Grule,500,0.088,0.108,-0.02,20,24,34,422,0.23704711476272,0.048,500,TRUE,0.047,10000,TRUE,p < alpha,p <= alpha,FALSE,"poly3=u,sym=u",FALSE,not the weighting form chosen by Section A (--forms),,
3,stk_long_n500,alternative,null_link_n500,500,proj,Stk.joint,500,0.088,0.094,-0.00600000000000001,21,23,26,430,0.775449654681569,0.048,500,TRUE,0.0503,10000,TRUE,p < alpha,p <= alpha,TRUE,"poly3=u,sym=u",TRUE,"",1,FALSE
3,stk_long_n500,alternative,null_link_n500,500,proj,GiViTI,500,0.088,0.062,0.026,15,29,16,440,0.0724542601625445,0.048,500,TRUE,0.0529,10000,TRUE,p < alpha,p <= alpha,TRUE,"poly3=u,sym=u",TRUE,"",1,FALSE
3,stk_long_n1000,alternative,null_link_n1000,1000,proj,EDGE.poly3.u.G10,500,0.112,0.132,-0.02,35,21,31,413,0.211608568761516,0.06,500,TRUE,0.0544,10000,TRUE,p < alpha,p <= alpha,TRUE,"poly3=u,sym=u",TRUE,"",1,FALSE
3,stk_long_n1000,alternative,null_link_n1000,1000,proj,EDGE.poly3.u.Grule,500,0.112,0.148,-0.036,34,22,40,404,0.0300158643490674,0.06,500,TRUE,0.0523,10000,TRUE,p < alpha,p <= alpha,TRUE,"poly3=u,sym=u",TRUE,"",1,FALSE
3,stk_long_n1000,alternative,null_link_n1000,1000,proj,EDGE.poly3.sc.G10,500,0.112,0.134,-0.022,31,25,36,408,0.200031368513103,0.06,500,TRUE,0.0549,10000,TRUE,p < alpha,p <= alpha,FALSE,"poly3=u,sym=u",FALSE,not the weighting form chosen by Section A (--forms),,
3,stk_long_n1000,alternative,null_link_n1000,1000,proj,EDGE.poly3.sc.Grule,500,0.112,0.128,-0.016,31,25,33,411,0.358143301806139,0.06,500,TRUE,0.0571,10000,FALSE,p < alpha,p <= alpha,FALSE,"poly3=u,sym=u",FALSE,the comparator does not hold size at 0.05; not the weighting form chosen by Section A (--forms),,
3,stk_long_n1000,alternative,null_link_n1000,1000,proj,EDGE.sym.u.G10,500,0.112,0.136,-0.024,29,27,39,405,0.175285794443036,0.06,500,TRUE,0.0521,10000,TRUE,p < alpha,p <= alpha,TRUE,"poly3=u,sym=u",TRUE,"",1,FALSE
3,stk_long_n1000,alternative,null_link_n1000,1000,proj,EDGE.sym.u.Grule,500,0.112,0.208,-0.096,32,24,72,372,9.69923242552742e-07,0.06,500,TRUE,0.0501,10000,TRUE,p < alpha,p <= alpha,TRUE,"poly3=u,sym=u",TRUE,"",0.000110571249651013,TRUE
3,stk_long_n1000,alternative,null_link_n1000,1000,proj,EDGE.sym.sc.G10,500,0.112,0.132,-0.02,28,28,38,406,0.267811664846587,0.06,500,TRUE,0.0537,10000,TRUE,p < alpha,p <= alpha,FALSE,"poly3=u,sym=u",FALSE,not the weighting form chosen by Section A (--forms),,
3,stk_long_n1000,alternative,null_link_n1000,1000,proj,EDGE.sym.sc.Grule,500,0.112,0.206,-0.094,33,23,70,374,1.10262555606455e-06,0.06,500,TRUE,0.0499,10000,TRUE,p < alpha,p <= alpha,FALSE,"poly3=u,sym=u",FALSE,not the weighting form chosen by Section A (--forms),,
3,stk_long_n1000,alternative,null_link_n1000,1000,proj,Stk.joint,500,0.112,0.158,-0.046,36,20,43,401,0.00515239704209208,0.06,500,TRUE,0.0499,10000,TRUE,p < alpha,p <= alpha,TRUE,"poly3=u,sym=u",TRUE,"",0.432801351535735,FALSE
3,stk_long_n1000,alternative,null_link_n1000,1000,proj,GiViTI,500,0.112,0.07,0.042,21,35,14,430,0.0038016544097488,0.06,500,TRUE,0.0534,10000,TRUE,p < alpha,p <= alpha,TRUE,"poly3=u,sym=u",TRUE,"",0.334545588057894,FALSE
3,stk_short_n500,alternative,null_link_n500,500,proj,EDGE.poly3.u.G10,500,0.248,0.464,-0.216,101,23,131,245,1.49304709936364e-19,0.048,500,TRUE,0.0496,10000,TRUE,p < alpha,p <= alpha,TRUE,"poly3=u,sym=u",TRUE,"",2.58297148189909e-17,TRUE
3,stk_short_n500,alternative,null_link_n500,500,proj,EDGE.poly3.u.Grule,500,0.248,0.476,-0.228,101,23,137,239,5.96257913811655e-21,0.048,500,TRUE,0.0496,10000,TRUE,p < alpha,p <= alpha,TRUE,"poly3=u,sym=u",TRUE,"",1.06133908658475e-18,TRUE
3,stk_short_n500,alternative,null_link_n500,500,proj,EDGE.poly3.sc.G10,500,0.248,0.392,-0.144,94,30,102,274,2.25726725605008e-10,0.048,500,TRUE,0.0509,10000,TRUE,p < alpha,p <= alpha,FALSE,"poly3=u,sym=u",FALSE,not the weighting form chosen by Section A (--forms),,
3,stk_short_n500,alternative,null_link_n500,500,proj,EDGE.poly3.sc.Grule,500,0.248,0.412,-0.164,95,29,111,265,1.66388446347245e-12,0.048,500,TRUE,0.0499,10000,TRUE,p < alpha,p <= alpha,FALSE,"poly3=u,sym=u",FALSE,not the weighting form chosen by Section A (--forms),,
3,stk_short_n500,alternative,null_link_n500,500,proj,EDGE.sym.u.G10,500,0.248,0.414,-0.166,89,35,118,258,1.0223165796017e-11,0.048,500,TRUE,0.048,10000,TRUE,p < alpha,p <= alpha,TRUE,"poly3=u,sym=u",TRUE,"",1.40057371405433e-09,TRUE
3,stk_short_n500,alternative,null_link_n500,500,proj,EDGE.sym.u.Grule,500,0.248,0.448,-0.2,90,34,134,242,3.05533045638262e-15,0.048,500,TRUE,0.0466,10000,TRUE,p < alpha,p <= alpha,TRUE,"poly3=u,sym=u",TRUE,"",4.82742212108453e-13,TRUE
3,stk_short_n500,alternative,null_link_n500,500,proj,EDGE.sym.sc.G10,500,0.248,0.466,-0.218,94,30,139,237,5.67713945199321e-18,0.048,500,TRUE,0.048,10000,TRUE,p < alpha,p <= alpha,FALSE,"poly3=u,sym=u",FALSE,not the weighting form chosen by Section A (--forms),,
3,stk_short_n500,alternative,null_link_n500,500,proj,EDGE.sym.sc.Grule,500,0.248,0.566,-0.318,101,23,182,194,7.06127459000317e-32,0.048,500,TRUE,0.047,10000,TRUE,p < alpha,p <= alpha,FALSE,"poly3=u,sym=u",FALSE,not the weighting form chosen by Section A (--forms),,
3,stk_short_n500,alternative,null_link_n500,500,proj,Stk.joint,500,0.248,0.464,-0.216,97,27,135,241,1.78702354671224e-18,0.048,500,TRUE,0.0503,10000,TRUE,p < alpha,p <= alpha,TRUE,"poly3=u,sym=u",TRUE,"",2.98432932300943e-16,TRUE
3,stk_short_n500,alternative,null_link_n500,500,proj,GiViTI,500,0.248,0.284,-0.036,86,38,56,320,0.0789755480010821,0.048,500,TRUE,0.0529,10000,TRUE,p < alpha,p <= alpha,TRUE,"poly3=u,sym=u",TRUE,"",1,FALSE
3,stk_short_n1000,alternative,null_link_n1000,1000,proj,EDGE.poly3.u.G10,500,0.556,0.834,-0.278,269,9,148,74,1.47256835006331e-33,0.06,500,TRUE,0.0544,10000,TRUE,p < alpha,p <= alpha,TRUE,"poly3=u,sym=u",TRUE,"",3.10711921863358e-31,TRUE
3,stk_short_n1000,alternative,null_link_n1000,1000,proj,EDGE.poly3.u.Grule,500,0.556,0.9,-0.344,273,5,177,45,5.28427819791535e-46,0.06,500,TRUE,0.0523,10000,TRUE,p < alpha,p <= alpha,TRUE,"poly3=u,sym=u",TRUE,"",1.19424687272887e-43,TRUE
3,stk_short_n1000,alternative,null_link_n1000,1000,proj,EDGE.poly3.sc.G10,500,0.556,0.714,-0.158,257,21,100,122,1.60631129053916e-13,0.06,500,TRUE,0.0549,10000,TRUE,p < alpha,p <= alpha,FALSE,"poly3=u,sym=u",FALSE,not the weighting form chosen by Section A (--forms),,
3,stk_short_n1000,alternative,null_link_n1000,1000,proj,EDGE.poly3.sc.Grule,500,0.556,0.826,-0.27,265,13,148,74,3.57199106570495e-30,0.06,500,TRUE,0.0571,10000,FALSE,p < alpha,p <= alpha,FALSE,"poly3=u,sym=u",FALSE,the comparator does not hold size at 0.05; not the weighting form chosen by Section A (--forms),,
3,stk_short_n1000,alternative,null_link_n1000,1000,proj,EDGE.sym.u.G10,500,0.556,0.842,-0.286,266,12,155,67,7.58683713563864e-33,0.06,500,TRUE,0.0521,10000,TRUE,p < alpha,p <= alpha,TRUE,"poly3=u,sym=u",TRUE,"",1.59323579848412e-30,TRUE
3,stk_short_n1000,alternative,null_link_n1000,1000,proj,EDGE.sym.u.Grule,500,0.556,0.9,-0.344,270,8,180,42,1.77454396536384e-43,0.06,500,TRUE,0.0501,10000,TRUE,p < alpha,p <= alpha,TRUE,"poly3=u,sym=u",TRUE,"",3.97497848241501e-41,TRUE
3,stk_short_n1000,alternative,null_link_n1000,1000,proj,EDGE.sym.sc.G10,500,0.556,0.842,-0.286,267,11,154,68,2.02320342130195e-33,0.06,500,TRUE,0.0537,10000,TRUE,p < alpha,p <= alpha,FALSE,"poly3=u,sym=u",FALSE,not the weighting form chosen by Section A (--forms),,
3,stk_short_n1000,alternative,null_link_n1000,1000,proj,EDGE.sym.sc.Grule,500,0.556,0.938,-0.382,276,2,193,29,7.61139487841312e-55,0.06,500,TRUE,0.0499,10000,TRUE,p < alpha,p <= alpha,FALSE,"poly3=u,sym=u",FALSE,not the weighting form chosen by Section A (--forms),,
3,stk_short_n1000,alternative,null_link_n1000,1000,proj,Stk.joint,500,0.556,0.894,-0.338,273,5,174,48,3.88856877236519e-45,0.06,500,TRUE,0.0499,10000,TRUE,p < alpha,p <= alpha,TRUE,"poly3=u,sym=u",TRUE,"",8.74927973782169e-43,TRUE
3,stk_short_n1000,alternative,null_link_n1000,1000,proj,GiViTI,500,0.556,0.678,-0.122,245,33,94,128,5.68628175463811e-08,0.06,500,TRUE,0.0534,10000,TRUE,p < alpha,p <= alpha,TRUE,"poly3=u,sym=u",TRUE,"",6.88040092311211e-06,TRUE
3,stk_asym_n500,alternative,null_link_n500,500,proj,EDGE.poly3.u.G10,500,0.876,0.892,-0.016,425,13,21,41,0.229481013026088,0.048,500,TRUE,0.0496,10000,TRUE,p < alpha,p <= alpha,TRUE,"poly3=u,sym=u",TRUE,"",1,FALSE
3,stk_asym_n500,alternative,null_link_n500,500,proj,EDGE.poly3.u.Grule,500,0.876,0.91,-0.034,430,8,25,37,0.00455138413235546,0.048,500,TRUE,0.0496,10000,TRUE,p < alpha,p <= alpha,TRUE,"poly3=u,sym=u",TRUE,"",0.391419035382569,FALSE
3,stk_asym_n500,alternative,null_link_n500,500,proj,EDGE.poly3.sc.G10,500,0.876,0.852,0.024,410,28,16,46,0.0961417544206144,0.048,500,TRUE,0.0509,10000,TRUE,p < alpha,p <= alpha,FALSE,"poly3=u,sym=u",FALSE,not the weighting form chosen by Section A (--forms),,
3,stk_asym_n500,alternative,null_link_n500,500,proj,EDGE.poly3.sc.Grule,500,0.876,0.866,0.01,421,17,12,50,0.458258319646121,0.048,500,TRUE,0.0499,10000,TRUE,p < alpha,p <= alpha,FALSE,"poly3=u,sym=u",FALSE,not the weighting form chosen by Section A (--forms),,
3,stk_asym_n500,alternative,null_link_n500,500,proj,EDGE.sym.u.G10,500,0.876,0.348,0.528,159,279,15,47,3.74125599114904e-64,0.048,500,TRUE,0.048,10000,TRUE,p < alpha,p <= alpha,TRUE,"poly3=u,sym=u",TRUE,"",8.56747621973129e-62,TRUE
3,stk_asym_n500,alternative,null_link_n500,500,proj,EDGE.sym.u.Grule,500,0.876,0.306,0.57,135,303,18,44,6.26167679850186e-68,0.048,500,TRUE,0.0466,10000,TRUE,p < alpha,p <= alpha,TRUE,"poly3=u,sym=u",TRUE,"",1.44018566365543e-65,TRUE
3,stk_asym_n500,alternative,null_link_n500,500,proj,EDGE.sym.sc.G10,500,0.876,0.304,0.572,140,298,12,50,1.32382692729072e-72,0.048,500,TRUE,0.048,10000,TRUE,p < alpha,p <= alpha,FALSE,"poly3=u,sym=u",FALSE,not the weighting form chosen by Section A (--forms),,
3,stk_asym_n500,alternative,null_link_n500,500,proj,EDGE.sym.sc.Grule,500,0.876,0.292,0.584,132,306,14,48,9.95505028199605e-73,0.048,500,TRUE,0.047,10000,TRUE,p < alpha,p <= alpha,FALSE,"poly3=u,sym=u",FALSE,not the weighting form chosen by Section A (--forms),,
3,stk_asym_n500,alternative,null_link_n500,500,proj,Stk.joint,500,0.876,0.91,-0.034,429,9,26,36,0.00598812056705358,0.048,500,TRUE,0.0503,10000,TRUE,p < alpha,p <= alpha,TRUE,"poly3=u,sym=u",TRUE,"",0.497014007065447,FALSE
3,stk_asym_n500,alternative,null_link_n500,500,proj,GiViTI,500,0.876,0.92,-0.044,426,12,34,28,0.00164149134084824,0.048,500,TRUE,0.0529,10000,TRUE,p < alpha,p <= alpha,TRUE,"poly3=u,sym=u",TRUE,"",0.154300186039734,FALSE
3,stk_asym_n1000,alternative,null_link_n1000,1000,proj,EDGE.poly3.u.G10,500,0.998,0.998,0,498,1,1,0,1,0.06,500,TRUE,0.0544,10000,TRUE,p < alpha,p <= alpha,TRUE,"poly3=u,sym=u",TRUE,"",1,FALSE
3,stk_asym_n1000,alternative,null_link_n1000,1000,proj,EDGE.poly3.u.Grule,500,0.998,1,-0.002,499,0,1,0,1,0.06,500,TRUE,0.0523,10000,TRUE,p < alpha,p <= alpha,TRUE,"poly3=u,sym=u",TRUE,"",1,FALSE
3,stk_asym_n1000,alternative,null_link_n1000,1000,proj,EDGE.poly3.sc.G10,500,0.998,0.996,0.002,498,1,0,1,1,0.06,500,TRUE,0.0549,10000,TRUE,p < alpha,p <= alpha,FALSE,"poly3=u,sym=u",FALSE,not the weighting form chosen by Section A (--forms),,
3,stk_asym_n1000,alternative,null_link_n1000,1000,proj,EDGE.poly3.sc.Grule,500,0.998,0.996,0.002,498,1,0,1,1,0.06,500,TRUE,0.0571,10000,FALSE,p < alpha,p <= alpha,FALSE,"poly3=u,sym=u",FALSE,the comparator does not hold size at 0.05; not the weighting form chosen by Section A (--forms),,
3,stk_asym_n1000,alternative,null_link_n1000,1000,proj,EDGE.sym.u.G10,500,0.998,0.482,0.516,241,258,0,1,4.3180842775472e-78,0.06,500,TRUE,0.0521,10000,TRUE,p < alpha,p <= alpha,TRUE,"poly3=u,sym=u",TRUE,"",1.0061136366685e-75,TRUE
3,stk_asym_n1000,alternative,null_link_n1000,1000,proj,EDGE.sym.u.Grule,500,0.998,0.466,0.532,233,266,0,1,1.6867516709169e-80,0.06,500,TRUE,0.0501,10000,TRUE,p < alpha,p <= alpha,TRUE,"poly3=u,sym=u",TRUE,"",3.94699890994554e-78,TRUE
3,stk_asym_n1000,alternative,null_link_n1000,1000,proj,EDGE.sym.sc.G10,500,0.998,0.426,0.572,213,286,0,1,1.60861174670875e-86,0.06,500,TRUE,0.0537,10000,TRUE,p < alpha,p <= alpha,FALSE,"poly3=u,sym=u",FALSE,not the weighting form chosen by Section A (--forms),,
3,stk_asym_n1000,alternative,null_link_n1000,1000,proj,EDGE.sym.sc.Grule,500,0.998,0.444,0.554,222,277,0,1,8.23609214314873e-84,0.06,500,TRUE,0.0499,10000,TRUE,p < alpha,p <= alpha,FALSE,"poly3=u,sym=u",FALSE,not the weighting form chosen by Section A (--forms),,
3,stk_asym_n1000,alternative,null_link_n1000,1000,proj,Stk.joint,500,0.998,1,-0.002,499,0,1,0,1,0.06,500,TRUE,0.0499,10000,TRUE,p < alpha,p <= alpha,TRUE,"poly3=u,sym=u",TRUE,"",1,FALSE
3,stk_asym_n1000,alternative,null_link_n1000,1000,proj,GiViTI,500,0.998,1,-0.002,499,0,1,0,1,0.06,500,TRUE,0.0534,10000,TRUE,p < alpha,p <= alpha,TRUE,"poly3=u,sym=u",TRUE,"",1,FALSE
3,cauchit_n500,alternative,null_link_n500,500,proj,EDGE.poly3.u.G10,500,0.082,0.12,-0.038,22,19,38,421,0.0163481038973762,0.048,500,TRUE,0.0496,10000,TRUE,p < alpha,p <= alpha,TRUE,"poly3=u,sym=u",TRUE,"",1,FALSE
3,cauchit_n500,alternative,null_link_n500,500,proj,EDGE.poly3.u.Grule,500,0.082,0.12,-0.038,24,17,36,423,0.0126603358024142,0.048,500,TRUE,0.0496,10000,TRUE,p < alpha,p <= alpha,TRUE,"poly3=u,sym=u",TRUE,"",1,FALSE
3,cauchit_n500,alternative,null_link_n500,500,proj,EDGE.poly3.sc.G10,500,0.082,0.1,-0.018,21,20,29,430,0.252869730167604,0.048,500,TRUE,0.0509,10000,TRUE,p < alpha,p <= alpha,FALSE,"poly3=u,sym=u",FALSE,not the weighting form chosen by Section A (--forms),,
3,cauchit_n500,alternative,null_link_n500,500,proj,EDGE.poly3.sc.Grule,500,0.082,0.102,-0.02,25,16,26,433,0.164149401783107,0.048,500,TRUE,0.0499,10000,TRUE,p < alpha,p <= alpha,FALSE,"poly3=u,sym=u",FALSE,not the weighting form chosen by Section A (--forms),,
3,cauchit_n500,alternative,null_link_n500,500,proj,EDGE.sym.u.G10,500,0.082,0.114,-0.032,15,26,42,417,0.0681186742841,0.048,500,TRUE,0.048,10000,TRUE,p < alpha,p <= alpha,TRUE,"poly3=u,sym=u",TRUE,"",1,FALSE
3,cauchit_n500,alternative,null_link_n500,500,proj,EDGE.sym.u.Grule,500,0.082,0.142,-0.06,16,25,55,404,0.00105273485735334,0.048,500,TRUE,0.0466,10000,TRUE,p < alpha,p <= alpha,TRUE,"poly3=u,sym=u",TRUE,"",0.101062546305921,FALSE
3,cauchit_n500,alternative,null_link_n500,500,proj,EDGE.sym.sc.G10,500,0.082,0.108,-0.026,17,24,37,422,0.123731442538093,0.048,500,TRUE,0.048,10000,TRUE,p < alpha,p <= alpha,FALSE,"poly3=u,sym=u",FALSE,not the weighting form chosen by Section A (--forms),,
3,cauchit_n500,alternative,null_link_n500,500,proj,EDGE.sym.sc.Grule,500,0.082,0.136,-0.054,18,23,50,409,0.00211817274640063,0.048,500,TRUE,0.047,10000,TRUE,p < alpha,p <= alpha,FALSE,"poly3=u,sym=u",FALSE,not the weighting form chosen by Section A (--forms),,
3,cauchit_n500,alternative,null_link_n500,500,proj,Stk.joint,500,0.082,0.124,-0.042,26,15,36,423,0.00460130971176654,0.048,500,TRUE,0.0503,10000,TRUE,p < alpha,p <= alpha,TRUE,"poly3=u,sym=u",TRUE,"",0.391419035382569,FALSE
3,cauchit_n500,alternative,null_link_n500,500,proj,GiViTI,500,0.082,0.072,0.01,17,24,19,440,0.542384011856486,0.048,500,TRUE,0.0529,10000,TRUE,p < alpha,p <= alpha,TRUE,"poly3=u,sym=u",TRUE,"",1,FALSE
3,cauchit_n1000,alternative,null_link_n1000,1000,proj,EDGE.poly3.u.G10,500,0.134,0.212,-0.078,51,16,55,378,3.75323768859305e-06,0.06,500,TRUE,0.0544,10000,TRUE,p < alpha,p <= alpha,TRUE,"poly3=u,sym=u",TRUE,"",0.000424115858811015,TRUE
3,cauchit_n1000,alternative,null_link_n1000,1000,proj,EDGE.poly3.u.Grule,500,0.134,0.254,-0.12,53,14,74,359,5.08919411270861e-11,0.06,500,TRUE,0.0523,10000,TRUE,p < alpha,p <= alpha,TRUE,"poly3=u,sym=u",TRUE,"",6.71773622877537e-09,TRUE
3,cauchit_n1000,alternative,null_link_n1000,1000,proj,EDGE.poly3.sc.G10,500,0.134,0.198,-0.064,47,20,52,381,0.000207716030226741,0.06,500,TRUE,0.0549,10000,TRUE,p < alpha,p <= alpha,FALSE,"poly3=u,sym=u",FALSE,not the weighting form chosen by Section A (--forms),,
3,cauchit_n1000,alternative,null_link_n1000,1000,proj,EDGE.poly3.sc.Grule,500,0.134,0.2,-0.066,48,19,52,381,0.000112268646894988,0.06,500,TRUE,0.0571,10000,FALSE,p < alpha,p <= alpha,FALSE,"poly3=u,sym=u",FALSE,the comparator does not hold size at 0.05; not the weighting form chosen by Section A (--forms),,
3,cauchit_n1000,alternative,null_link_n1000,1000,proj,EDGE.sym.u.G10,500,0.134,0.206,-0.072,37,30,66,367,0.000305597327593264,0.06,500,TRUE,0.0521,10000,TRUE,p < alpha,p <= alpha,TRUE,"poly3=u,sym=u",TRUE,"",0.0305597327593264,TRUE
3,cauchit_n1000,alternative,null_link_n1000,1000,proj,EDGE.sym.u.Grule,500,0.134,0.278,-0.144,42,25,97,336,3.32369387977765e-11,0.06,500,TRUE,0.0501,10000,TRUE,p < alpha,p <= alpha,TRUE,"poly3=u,sym=u",TRUE,"",4.45374979890205e-09,TRUE
3,cauchit_n1000,alternative,null_link_n1000,1000,proj,EDGE.sym.sc.G10,500,0.134,0.18,-0.046,31,36,59,374,0.0234880028369212,0.06,500,TRUE,0.0537,10000,TRUE,p < alpha,p <= alpha,FALSE,"poly3=u,sym=u",FALSE,not the weighting form chosen by Section A (--forms),,
3,cauchit_n1000,alternative,null_link_n1000,1000,proj,EDGE.sym.sc.Grule,500,0.134,0.276,-0.142,43,24,95,338,3.47092192717525e-11,0.06,500,TRUE,0.0499,10000,TRUE,p < alpha,p <= alpha,FALSE,"poly3=u,sym=u",FALSE,not the weighting form chosen by Section A (--forms),,
3,cauchit_n1000,alternative,null_link_n1000,1000,proj,Stk.joint,500,0.134,0.254,-0.12,55,12,72,361,1.3932285101509e-11,0.06,500,TRUE,0.0499,10000,TRUE,p < alpha,p <= alpha,TRUE,"poly3=u,sym=u",TRUE,"",1.88085848870372e-09,TRUE
3,cauchit_n1000,alternative,null_link_n1000,1000,proj,GiViTI,500,0.134,0.104,0.03,37,30,15,418,0.0356978035551947,0.06,500,TRUE,0.0534,10000,TRUE,p < alpha,p <= alpha,TRUE,"poly3=u,sym=u",TRUE,"",1,FALSE
3,t4_n500,alternative,null_link_n500,500,proj,EDGE.poly3.u.G10,500,0.056,0.046,0.01,7,21,16,456,0.511375781585229,0.048,500,TRUE,0.0496,10000,TRUE,p < alpha,p <= alpha,TRUE,"poly3=u,sym=u",TRUE,"",1,FALSE
3,t4_n500,alternative,null_link_n500,500,proj,EDGE.poly3.u.Grule,500,0.056,0.054,0.002,8,20,19,453,1,0.048,500,TRUE,0.0496,10000,TRUE,p < alpha,p <= alpha,TRUE,"poly3=u,sym=u",TRUE,"",1,FALSE
3,t4_n500,alternative,null_link_n500,500,proj,EDGE.poly3.sc.G10,500,0.056,0.056,0,7,21,21,451,1,0.048,500,TRUE,0.0509,10000,TRUE,p < alpha,p <= alpha,FALSE,"poly3=u,sym=u",FALSE,not the weighting form chosen by Section A (--forms),,
3,t4_n500,alternative,null_link_n500,500,proj,EDGE.poly3.sc.Grule,500,0.056,0.054,0.002,9,19,18,454,1,0.048,500,TRUE,0.0499,10000,TRUE,p < alpha,p <= alpha,FALSE,"poly3=u,sym=u",FALSE,not the weighting form chosen by Section A (--forms),,
3,t4_n500,alternative,null_link_n500,500,proj,EDGE.sym.u.G10,500,0.056,0.068,-0.012,4,24,30,442,0.496617435317934,0.048,500,TRUE,0.048,10000,TRUE,p < alpha,p <= alpha,TRUE,"poly3=u,sym=u",TRUE,"",1,FALSE
3,t4_n500,alternative,null_link_n500,500,proj,EDGE.sym.u.Grule,500,0.056,0.054,0.002,3,25,24,448,1,0.048,500,TRUE,0.0466,10000,TRUE,p < alpha,p <= alpha,TRUE,"poly3=u,sym=u",TRUE,"",1,FALSE
3,t4_n500,alternative,null_link_n500,500,proj,EDGE.sym.sc.G10,500,0.056,0.066,-0.01,6,22,27,445,0.568172412849166,0.048,500,TRUE,0.048,10000,TRUE,p < alpha,p <= alpha,FALSE,"poly3=u,sym=u",FALSE,not the weighting form chosen by Section A (--forms),,
3,t4_n500,alternative,null_link_n500,500,proj,EDGE.sym.sc.Grule,500,0.056,0.056,0,4,24,24,448,1,0.048,500,TRUE,0.047,10000,TRUE,p < alpha,p <= alpha,FALSE,"poly3=u,sym=u",FALSE,not the weighting form chosen by Section A (--forms),,
3,t4_n500,alternative,null_link_n500,500,proj,Stk.joint,500,0.056,0.054,0.002,6,22,21,451,1,0.048,500,TRUE,0.0503,10000,TRUE,p < alpha,p <= alpha,TRUE,"poly3=u,sym=u",TRUE,"",1,FALSE
3,t4_n500,alternative,null_link_n500,500,proj,GiViTI,500,0.056,0.048,0.008,8,20,16,456,0.617719317029696,0.048,500,TRUE,0.0529,10000,TRUE,p < alpha,p <= alpha,TRUE,"poly3=u,sym=u",TRUE,"",1,FALSE
3,t4_n1000,alternative,null_link_n1000,1000,proj,EDGE.poly3.u.G10,500,0.06,0.09,-0.03,20,10,25,445,0.0166738478001207,0.06,500,TRUE,0.0544,10000,TRUE,p < alpha,p <= alpha,TRUE,"poly3=u,sym=u",TRUE,"",1,FALSE
3,t4_n1000,alternative,null_link_n1000,1000,proj,EDGE.poly3.u.Grule,500,0.06,0.08,-0.02,19,11,21,449,0.110184165183455,0.06,500,TRUE,0.0523,10000,TRUE,p < alpha,p <= alpha,TRUE,"poly3=u,sym=u",TRUE,"",1,FALSE
3,t4_n1000,alternative,null_link_n1000,1000,proj,EDGE.poly3.sc.G10,500,0.06,0.07,-0.01,19,11,16,454,0.442068338394165,0.06,500,TRUE,0.0549,10000,TRUE,p < alpha,p <= alpha,FALSE,"poly3=u,sym=u",FALSE,not the weighting form chosen by Section A (--forms),,
3,t4_n1000,alternative,null_link_n1000,1000,proj,EDGE.poly3.sc.Grule,500,0.06,0.09,-0.03,19,11,26,444,0.0200738519197331,0.06,500,TRUE,0.0571,10000,FALSE,p < alpha,p <= alpha,FALSE,"poly3=u,sym=u",FALSE,the comparator does not hold size at 0.05; not the weighting form chosen by Section A (--forms),,
3,t4_n1000,alternative,null_link_n1000,1000,proj,EDGE.sym.u.G10,500,0.06,0.086,-0.026,8,22,35,435,0.111161119103994,0.06,500,TRUE,0.0521,10000,TRUE,p < alpha,p <= alpha,TRUE,"poly3=u,sym=u",TRUE,"",1,FALSE
3,t4_n1000,alternative,null_link_n1000,1000,proj,EDGE.sym.u.Grule,500,0.06,0.074,-0.014,10,20,27,443,0.381693397663213,0.06,500,TRUE,0.0501,10000,TRUE,p < alpha,p <= alpha,TRUE,"poly3=u,sym=u",TRUE,"",1,FALSE
3,t4_n1000,alternative,null_link_n1000,1000,proj,EDGE.sym.sc.G10,500,0.06,0.088,-0.028,9,21,35,435,0.0814268146095066,0.06,500,TRUE,0.0537,10000,TRUE,p < alpha,p <= alpha,FALSE,"poly3=u,sym=u",FALSE,not the weighting form chosen by Section A (--forms),,
3,t4_n1000,alternative,null_link_n1000,1000,proj,EDGE.sym.sc.Grule,500,0.06,0.072,-0.012,10,20,26,444,0.461391182136767,0.06,500,TRUE,0.0499,10000,TRUE,p < alpha,p <= alpha,FALSE,"poly3=u,sym=u",FALSE,not the weighting form chosen by Section A (--forms),,
3,t4_n1000,alternative,null_link_n1000,1000,proj,Stk.joint,500,0.06,0.074,-0.014,17,13,20,450,0.296206368599087,0.06,500,TRUE,0.0499,10000,TRUE,p < alpha,p <= alpha,TRUE,"poly3=u,sym=u",TRUE,"",1,FALSE
3,t4_n1000,alternative,null_link_n1000,1000,proj,GiViTI,500,0.06,0.076,-0.016,18,12,20,450,0.215327149722725,0.06,500,TRUE,0.0534,10000,TRUE,p < alpha,p <= alpha,TRUE,"poly3=u,sym=u",TRUE,"",1,FALSE
3,loglog_n500,alternative,null_link_n500,500,proj,EDGE.poly3.u.G10,500,0.318,0.34,-0.022,117,42,53,288,0.304885190702276,0.048,500,TRUE,0.0496,10000,TRUE,p < alpha,p <= alpha,TRUE,"poly3=u,sym=u",TRUE,"",1,FALSE
3,loglog_n500,alternative,null_link_n500,500,proj,EDGE.poly3.u.Grule,500,0.318,0.352,-0.034,124,35,52,289,0.085688974359167,0.048,500,TRUE,0.0496,10000,TRUE,p < alpha,p <= alpha,TRUE,"poly3=u,sym=u",TRUE,"",1,FALSE
3,loglog_n500,alternative,null_link_n500,500,proj,EDGE.poly3.sc.G10,500,0.318,0.276,0.042,98,61,40,301,0.0460440669293429,0.048,500,TRUE,0.0509,10000,TRUE,p < alpha,p <= alpha,FALSE,"poly3=u,sym=u",FALSE,not the weighting form chosen by Section A (--forms),,
3,loglog_n500,alternative,null_link_n500,500,proj,EDGE.poly3.sc.Grule,500,0.318,0.29,0.028,103,56,42,299,0.188846719808903,0.048,500,TRUE,0.0499,10000,TRUE,p < alpha,p <= alpha,FALSE,"poly3=u,sym=u",FALSE,not the weighting form chosen by Section A (--forms),,
3,loglog_n500,alternative,null_link_n500,500,proj,EDGE.sym.u.G10,500,0.318,0.168,0.15,38,121,46,295,5.73503448138036e-09,0.048,500,TRUE,0.048,10000,TRUE,p < alpha,p <= alpha,TRUE,"poly3=u,sym=u",TRUE,"",7.28349379135305e-07,TRUE
3,loglog_n500,alternative,null_link_n500,500,proj,EDGE.sym.u.Grule,500,0.318,0.16,0.158,35,124,45,296,9.80754907281282e-10,0.048,500,TRUE,0.0466,10000,TRUE,p < alpha,p <= alpha,TRUE,"poly3=u,sym=u",TRUE,"",1.25536628132004e-07,TRUE
3,loglog_n500,alternative,null_link_n500,500,proj,EDGE.sym.sc.G10,500,0.318,0.166,0.152,37,122,46,295,3.93044300849802e-09,0.048,500,TRUE,0.048,10000,TRUE,p < alpha,p <= alpha,FALSE,"poly3=u,sym=u",FALSE,not the weighting form chosen by Section A (--forms),,
3,loglog_n500,alternative,null_link_n500,500,proj,EDGE.sym.sc.Grule,500,0.318,0.166,0.152,34,125,49,292,7.58735464360582e-09,0.048,500,TRUE,0.047,10000,TRUE,p < alpha,p <= alpha,FALSE,"poly3=u,sym=u",FALSE,not the weighting form chosen by Section A (--forms),,
3,loglog_n500,alternative,null_link_n500,500,proj,Stk.joint,500,0.318,0.366,-0.048,126,33,57,284,0.0148667529456262,0.048,500,TRUE,0.0503,10000,TRUE,p < alpha,p <= alpha,TRUE,"poly3=u,sym=u",TRUE,"",1,FALSE
3,loglog_n500,alternative,null_link_n500,500,proj,GiViTI,500,0.318,0.442,-0.124,129,30,92,249,1.64672157023124e-08,0.048,500,TRUE,0.0529,10000,TRUE,p < alpha,p <= alpha,TRUE,"poly3=u,sym=u",TRUE,"",2.07486917849136e-06,TRUE
3,loglog_n1000,alternative,null_link_n1000,1000,proj,EDGE.poly3.u.G10,500,0.56,0.686,-0.126,261,19,82,138,1.6587715917768e-10,0.06,500,TRUE,0.0544,10000,TRUE,p < alpha,p <= alpha,TRUE,"poly3=u,sym=u",TRUE,"",2.15640306930984e-08,TRUE
3,loglog_n1000,alternative,null_link_n1000,1000,proj,EDGE.poly3.u.Grule,500,0.56,0.714,-0.154,266,14,91,129,5.32201598701565e-15,0.06,500,TRUE,0.0523,10000,TRUE,p < alpha,p <= alpha,TRUE,"poly3=u,sym=u",TRUE,"",8.30234493974442e-13,TRUE
3,loglog_n1000,alternative,null_link_n1000,1000,proj,EDGE.poly3.sc.G10,500,0.56,0.556,0.004,234,46,44,176,0.91612887701129,0.06,500,TRUE,0.0549,10000,TRUE,p < alpha,p <= alpha,FALSE,"poly3=u,sym=u",FALSE,not the weighting form chosen by Section A (--forms),,
3,loglog_n1000,alternative,null_link_n1000,1000,proj,EDGE.poly3.sc.Grule,500,0.56,0.574,-0.0139999999999999,241,39,46,174,0.515425731883901,0.06,500,TRUE,0.0571,10000,FALSE,p < alpha,p <= alpha,FALSE,"poly3=u,sym=u",FALSE,the comparator does not hold size at 0.05; not the weighting form chosen by Section A (--forms),,
3,loglog_n1000,alternative,null_link_n1000,1000,proj,EDGE.sym.u.G10,500,0.56,0.382,0.178,133,147,58,162,4.24266082674252e-10,0.06,500,TRUE,0.0521,10000,TRUE,p < alpha,p <= alpha,TRUE,"poly3=u,sym=u",TRUE,"",5.47303246649785e-08,TRUE
3,loglog_n1000,alternative,null_link_n1000,1000,proj,EDGE.sym.u.Grule,500,0.56,0.366,0.194,122,158,61,159,4.21541520792536e-11,0.06,500,TRUE,0.0501,10000,TRUE,p < alpha,p <= alpha,TRUE,"poly3=u,sym=u",TRUE,"",5.60650222654073e-09,TRUE
3,loglog_n1000,alternative,null_link_n1000,1000,proj,EDGE.sym.sc.G10,500,0.56,0.318,0.242,113,167,46,174,2.53992210443565e-17,0.06,500,TRUE,0.0537,10000,TRUE,p < alpha,p <= alpha,FALSE,"poly3=u,sym=u",FALSE,not the weighting form chosen by Section A (--forms),,
3,loglog_n1000,alternative,null_link_n1000,1000,proj,EDGE.sym.sc.Grule,500,0.56,0.342,0.218,116,164,55,165,8.80608252781818e-14,0.06,500,TRUE,0.0499,10000,TRUE,p < alpha,p <= alpha,FALSE,"poly3=u,sym=u",FALSE,not the weighting form chosen by Section A (--forms),,
3,loglog_n1000,alternative,null_link_n1000,1000,proj,Stk.joint,500,0.56,0.728,-0.168,266,14,98,122,1.07559596722484e-16,0.06,500,TRUE,0.0499,10000,TRUE,p < alpha,p <= alpha,TRUE,"poly3=u,sym=u",TRUE,"",1.77473334592099e-14,TRUE
3,loglog_n1000,alternative,null_link_n1000,1000,proj,GiViTI,500,0.56,0.78,-0.22,266,14,124,96,3.40125496815814e-23,0.06,500,TRUE,0.0534,10000,TRUE,p < alpha,p <= alpha,TRUE,"poly3=u,sym=u",TRUE,"",6.36034679045572e-21,TRUE
1b,null_base_n610,null,,610,proj,EDGE.poly3.u.G10,500,0.048,0.052,-0.004,12,12,14,462,0.845018982887268,0.048,500,TRUE,0.05,2000,TRUE,p < alpha,p <= alpha,TRUE,"poly3=u,sym=u",FALSE,"null cell: size comparison, not in the Holm family",,
1b,null_base_n610,null,,610,proj,EDGE.poly3.u.Grule,500,0.048,0.042,0.006,7,17,14,462,0.720100131817163,0.048,500,TRUE,0.0455,2000,TRUE,p < alpha,p <= alpha,TRUE,"poly3=u,sym=u",FALSE,"null cell: size comparison, not in the Holm family",,
1b,null_base_n610,null,,610,proj,EDGE.poly3.sc.G10,500,0.048,0.05,-0.002,10,14,15,461,1,0.048,500,TRUE,0.0505,2000,TRUE,p < alpha,p <= alpha,FALSE,"poly3=u,sym=u",FALSE,"null cell: size comparison, not in the Holm family; not the weighting form chosen by Section A (--forms)",,
1b,null_base_n610,null,,610,proj,EDGE.poly3.sc.Grule,500,0.048,0.04,0.008,8,16,12,464,0.571588188409806,0.048,500,TRUE,0.0475,2000,TRUE,p < alpha,p <= alpha,FALSE,"poly3=u,sym=u",FALSE,"null cell: size comparison, not in the Holm family; not the weighting form chosen by Section A (--forms)",,
1b,null_base_n610,null,,610,proj,EDGE.sym.u.G10,500,0.048,0.038,0.01,4,20,15,461,0.499559833202511,0.048,500,TRUE,0.042,2000,TRUE,p < alpha,p <= alpha,TRUE,"poly3=u,sym=u",FALSE,"null cell: size comparison, not in the Holm family",,
1b,null_base_n610,null,,610,proj,EDGE.sym.u.Grule,500,0.048,0.038,0.01,2,22,17,459,0.522397380496841,0.048,500,TRUE,0.0465,2000,TRUE,p < alpha,p <= alpha,TRUE,"poly3=u,sym=u",FALSE,"null cell: size comparison, not in the Holm family",,
1b,null_base_n610,null,,610,proj,EDGE.sym.sc.G10,500,0.048,0.04,0.008,4,20,16,460,0.617719317029696,0.048,500,TRUE,0.046,2000,TRUE,p < alpha,p <= alpha,FALSE,"poly3=u,sym=u",FALSE,"null cell: size comparison, not in the Holm family; not the weighting form chosen by Section A (--forms)",,
1b,null_base_n610,null,,610,proj,EDGE.sym.sc.Grule,500,0.048,0.04,0.008,2,22,18,458,0.635828002628841,0.048,500,TRUE,0.0495,2000,TRUE,p < alpha,p <= alpha,FALSE,"poly3=u,sym=u",FALSE,"null cell: size comparison, not in the Holm family; not the weighting form chosen by Section A (--forms)",,
1b,null_base_n610,null,,610,proj,Stk.joint,500,0.048,0.042,0.006,9,15,12,464,0.701108038425446,0.048,500,TRUE,0.049,2000,TRUE,p < alpha,p <= alpha,TRUE,"poly3=u,sym=u",FALSE,"null cell: size comparison, not in the Holm family",,
1b,null_base_n610,null,,610,proj,GiViTI,500,0.048,0.038,0.01,9,15,10,466,0.42435622215271,0.048,500,TRUE,0.042,2000,TRUE,p < alpha,p <= alpha,TRUE,"poly3=u,sym=u",FALSE,"null cell: size comparison, not in the Holm family",,
1b,null_base_n1000,null,,1000,proj,EDGE.poly3.u.G10,500,0.048,0.054,-0.006,11,13,16,460,0.711071103811264,0.048,500,TRUE,0.056,2000,TRUE,p < alpha,p <= alpha,TRUE,"poly3=u,sym=u",FALSE,"null cell: size comparison, not in the Holm family",,
1b,null_base_n1000,null,,1000,proj,EDGE.poly3.u.Grule,500,0.048,0.052,-0.004,12,12,14,462,0.845018982887268,0.048,500,TRUE,0.0555,2000,TRUE,p < alpha,p <= alpha,TRUE,"poly3=u,sym=u",FALSE,"null cell: size comparison, not in the Holm family",,
1b,null_base_n1000,null,,1000,proj,EDGE.poly3.sc.G10,500,0.048,0.064,-0.016,10,14,22,454,0.24298495403491,0.048,500,TRUE,0.06,2000,TRUE,p < alpha,p <= alpha,FALSE,"poly3=u,sym=u",FALSE,"null cell: size comparison, not in the Holm family; not the weighting form chosen by Section A (--forms)",,
1b,null_base_n1000,null,,1000,proj,EDGE.poly3.sc.Grule,500,0.048,0.056,-0.008,9,15,19,457,0.60759136127308,0.048,500,TRUE,0.0545,2000,TRUE,p < alpha,p <= alpha,FALSE,"poly3=u,sym=u",FALSE,"null cell: size comparison, not in the Holm family; not the weighting form chosen by Section A (--forms)",,
1b,null_base_n1000,null,,1000,proj,EDGE.sym.u.G10,500,0.048,0.062,-0.014,7,17,24,452,0.348888879449079,0.048,500,TRUE,0.047,2000,TRUE,p < alpha,p <= alpha,TRUE,"poly3=u,sym=u",FALSE,"null cell: size comparison, not in the Holm family",,
1b,null_base_n1000,null,,1000,proj,EDGE.sym.u.Grule,500,0.048,0.066,-0.018,6,18,27,449,0.232693191908311,0.048,500,TRUE,0.057,2000,TRUE,p < alpha,p <= alpha,TRUE,"poly3=u,sym=u",FALSE,"null cell: size comparison, not in the Holm family",,
1b,null_base_n1000,null,,1000,proj,EDGE.sym.sc.G10,500,0.048,0.066,-0.018,7,17,26,450,0.222052820156024,0.048,500,TRUE,0.051,2000,TRUE,p < alpha,p <= alpha,FALSE,"poly3=u,sym=u",FALSE,"null cell: size comparison, not in the Holm family; not the weighting form chosen by Section A (--forms)",,
1b,null_base_n1000,null,,1000,proj,EDGE.sym.sc.Grule,500,0.048,0.06,-0.012,5,19,25,451,0.451380832396126,0.048,500,TRUE,0.0535,2000,TRUE,p < alpha,p <= alpha,FALSE,"poly3=u,sym=u",FALSE,"null cell: size comparison, not in the Holm family; not the weighting form chosen by Section A (--forms)",,
1b,null_base_n1000,null,,1000,proj,Stk.joint,500,0.048,0.052,-0.004,13,11,13,463,0.838819742202759,0.048,500,TRUE,0.052,2000,TRUE,p < alpha,p <= alpha,TRUE,"poly3=u,sym=u",FALSE,"null cell: size comparison, not in the Holm family",,
1b,null_base_n1000,null,,1000,proj,GiViTI,500,0.048,0.036,0.012,12,12,6,470,0.237884521484375,0.048,500,TRUE,0.0445,2000,TRUE,p < alpha,p <= alpha,TRUE,"poly3=u,sym=u",FALSE,"null cell: size comparison, not in the Holm family",,
1b,null_auc_n460,null,,460,proj,EDGE.poly3.u.G10,500,0.062,0.06,0.002,10,21,20,449,1,0.062,500,TRUE,0.048,2000,TRUE,p < alpha,p <= alpha,TRUE,"poly3=u,sym=u",FALSE,"null cell: size comparison, not in the Holm family",,
1b,null_auc_n460,null,,460,proj,EDGE.poly3.u.Grule,500,0.062,0.05,0.012,9,22,16,453,0.417692190836533,0.062,500,TRUE,0.0465,2000,TRUE,p < alpha,p <= alpha,TRUE,"poly3=u,sym=u",FALSE,"null cell: size comparison, not in the Holm family",,
1b,null_auc_n460,null,,460,proj,EDGE.poly3.sc.G10,500,0.062,0.048,0.014,8,23,16,453,0.336783635189932,0.062,500,TRUE,0.0415,2000,TRUE,p < alpha,p <= alpha,FALSE,"poly3=u,sym=u",FALSE,"null cell: size comparison, not in the Holm family; not the weighting form chosen by Section A (--forms)",,
1b,null_auc_n460,null,,460,proj,EDGE.poly3.sc.Grule,500,0.062,0.046,0.016,6,25,17,452,0.27995623852894,0.062,500,TRUE,0.0445,2000,TRUE,p < alpha,p <= alpha,FALSE,"poly3=u,sym=u",FALSE,"null cell: size comparison, not in the Holm family; not the weighting form chosen by Section A (--forms)",,
1b,null_auc_n460,null,,460,proj,EDGE.sym.u.G10,500,0.062,0.054,0.008,5,26,22,447,0.665465812076621,0.062,500,TRUE,0.046,2000,TRUE,p < alpha,p <= alpha,TRUE,"poly3=u,sym=u",FALSE,"null cell: size comparison, not in the Holm family",,
1b,null_auc_n460,null,,460,proj,EDGE.sym.u.Grule,500,0.062,0.064,-0.002,6,25,26,443,1,0.062,500,TRUE,0.0485,2000,TRUE,p < alpha,p <= alpha,TRUE,"poly3=u,sym=u",FALSE,"null cell: size comparison, not in the Holm family",,
1b,null_auc_n460,null,,460,proj,EDGE.sym.sc.G10,500,0.062,0.058,0.004,7,24,22,447,0.882995912122399,0.062,500,TRUE,0.053,2000,TRUE,p < alpha,p <= alpha,FALSE,"poly3=u,sym=u",FALSE,"null cell: size comparison, not in the Holm family; not the weighting form chosen by Section A (--forms)",,
1b,null_auc_n460,null,,460,proj,EDGE.sym.sc.Grule,500,0.062,0.054,0.008,8,23,19,450,0.643968956370374,0.062,500,TRUE,0.048,2000,TRUE,p < alpha,p <= alpha,FALSE,"poly3=u,sym=u",FALSE,"null cell: size comparison, not in the Holm family; not the weighting form chosen by Section A (--forms)",,
1b,null_auc_n460,null,,460,proj,Stk.joint,500,0.062,0.054,0.008,8,23,19,450,0.643968956370374,0.062,500,TRUE,0.0465,2000,TRUE,p < alpha,p <= alpha,TRUE,"poly3=u,sym=u",FALSE,"null cell: size comparison, not in the Holm family",,
1b,null_auc_n460,null,,460,proj,GiViTI,500,0.062,0.048,0.014,7,24,17,452,0.348888879449079,0.062,500,TRUE,0.048,2000,TRUE,p < alpha,p <= alpha,TRUE,"poly3=u,sym=u",FALSE,"null cell: size comparison, not in the Holm family",,
1b,null_auc_n760,null,,760,proj,EDGE.poly3.u.G10,500,0.06,0.066,-0.00600000000000001,8,22,25,445,0.770866994573028,0.06,500,TRUE,0.0575,2000,TRUE,p < alpha,p <= alpha,TRUE,"poly3=u,sym=u",FALSE,"null cell: size comparison, not in the Holm family",,
1b,null_auc_n760,null,,760,proj,EDGE.poly3.u.Grule,500,0.06,0.056,0.004,9,21,19,451,0.87462931238042,0.06,500,TRUE,0.059,2000,TRUE,p < alpha,p <= alpha,TRUE,"poly3=u,sym=u",FALSE,"null cell: size comparison, not in the Holm family",,
1b,null_auc_n760,null,,760,proj,EDGE.poly3.sc.G10,500,0.06,0.068,-0.00800000000000001,9,21,25,445,0.658738077023657,0.06,500,TRUE,0.0575,2000,TRUE,p < alpha,p <= alpha,FALSE,"poly3=u,sym=u",FALSE,"null cell: size comparison, not in the Holm family; not the weighting form chosen by Section A (--forms)",,
1b,null_auc_n760,null,,760,proj,EDGE.poly3.sc.Grule,500,0.06,0.052,0.008,9,21,17,453,0.627102570157149,0.06,500,TRUE,0.0535,2000,TRUE,p < alpha,p <= alpha,FALSE,"poly3=u,sym=u",FALSE,"null cell: size comparison, not in the Holm family; not the weighting form chosen by Section A (--forms)",,
1b,null_auc_n760,null,,760,proj,EDGE.sym.u.G10,500,0.06,0.052,0.008,2,28,24,446,0.677808639142461,0.06,500,TRUE,0.0485,2000,TRUE,p < alpha,p <= alpha,TRUE,"poly3=u,sym=u",FALSE,"null cell: size comparison, not in the Holm family",,
1b,null_auc_n760,null,,760,proj,EDGE.sym.u.Grule,500,0.06,0.04,0.02,1,29,19,451,0.193412652861938,0.06,500,TRUE,0.0455,2000,TRUE,p < alpha,p <= alpha,TRUE,"poly3=u,sym=u",FALSE,"null cell: size comparison, not in the Holm family",,
1b,null_auc_n760,null,,760,proj,EDGE.sym.sc.G10,500,0.06,0.054,0.006,2,28,25,445,0.7838463022095,0.06,500,TRUE,0.054,2000,TRUE,p < alpha,p <= alpha,FALSE,"poly3=u,sym=u",FALSE,"null cell: size comparison, not in the Holm family; not the weighting form chosen by Section A (--forms)",,
1b,null_auc_n760,null,,760,proj,EDGE.sym.sc.Grule,500,0.06,0.058,0.002,1,29,28,442,1,0.06,500,TRUE,0.055,2000,TRUE,p < alpha,p <= alpha,FALSE,"poly3=u,sym=u",FALSE,"null cell: size comparison, not in the Holm family; not the weighting form chosen by Section A (--forms)",,
1b,null_auc_n760,null,,760,proj,Stk.joint,500,0.06,0.05,0.01,8,22,17,453,0.522397380496841,0.06,500,TRUE,0.051,2000,TRUE,p < alpha,p <= alpha,TRUE,"poly3=u,sym=u",FALSE,"null cell: size comparison, not in the Holm family",,
1b,null_auc_n760,null,,760,proj,GiViTI,500,0.06,0.066,-0.00600000000000001,12,18,21,449,0.749258624760841,0.06,500,TRUE,0.0565,2000,TRUE,p < alpha,p <= alpha,TRUE,"poly3=u,sym=u",FALSE,"null cell: size comparison, not in the Holm family",,
1b,null_auc_n380,null,,380,proj,EDGE.poly3.u.G10,500,0.052,0.056,-0.004,9,17,19,455,0.86793940042844,0.052,500,TRUE,0.0535,2000,TRUE,p < alpha,p <= alpha,TRUE,"poly3=u,sym=u",FALSE,"null cell: size comparison, not in the Holm family",,
1b,null_auc_n380,null,,380,proj,EDGE.poly3.u.Grule,500,0.052,0.058,-0.00600000000000001,9,17,20,454,0.742829358729068,0.052,500,TRUE,0.052,2000,TRUE,p < alpha,p <= alpha,TRUE,"poly3=u,sym=u",FALSE,"null cell: size comparison, not in the Holm family",,
1b,null_auc_n380,null,,380,proj,EDGE.poly3.sc.G10,500,0.052,0.056,-0.004,8,18,20,454,0.871414679364533,0.052,500,TRUE,0.055,2000,TRUE,p < alpha,p <= alpha,FALSE,"poly3=u,sym=u",FALSE,"null cell: size comparison, not in the Holm family; not the weighting form chosen by Section A (--forms)",,
1b,null_auc_n380,null,,380,proj,EDGE.poly3.sc.Grule,500,0.052,0.05,0.002,7,19,18,456,1,0.052,500,TRUE,0.049,2000,TRUE,p < alpha,p <= alpha,FALSE,"poly3=u,sym=u",FALSE,"null cell: size comparison, not in the Holm family; not the weighting form chosen by Section A (--forms)",,
1b,null_auc_n380,null,,380,proj,EDGE.sym.u.G10,500,0.052,0.034,0.018,5,21,12,462,0.16275565745309,0.052,500,TRUE,0.04,2000,TRUE,p < alpha,p <= alpha,TRUE,"poly3=u,sym=u",FALSE,"null cell: size comparison, not in the Holm family",,
1b,null_auc_n380,null,,380,proj,EDGE.sym.u.Grule,500,0.052,0.04,0.012,6,20,14,460,0.391528305131942,0.052,500,TRUE,0.048,2000,TRUE,p < alpha,p <= alpha,TRUE,"poly3=u,sym=u",FALSE,"null cell: size comparison, not in the Holm family",,
1b,null_auc_n380,null,,380,proj,EDGE.sym.sc.G10,500,0.052,0.04,0.012,5,21,15,459,0.405032246140763,0.052,500,TRUE,0.048,2000,TRUE,p < alpha,p <= alpha,FALSE,"poly3=u,sym=u",FALSE,"null cell: size comparison, not in the Holm family; not the weighting form chosen by Section A (--forms)",,
1b,null_auc_n380,null,,380,proj,EDGE.sym.sc.Grule,500,0.052,0.046,0.006,5,21,18,456,0.749258624760841,0.052,500,TRUE,0.048,2000,TRUE,p < alpha,p <= alpha,FALSE,"poly3=u,sym=u",FALSE,"null cell: size comparison, not in the Holm family; not the weighting form chosen by Section A (--forms)",,
1b,null_auc_n380,null,,380,proj,Stk.joint,500,0.052,0.048,0.004,9,17,15,459,0.860050065908582,0.052,500,TRUE,0.048,2000,TRUE,p < alpha,p <= alpha,TRUE,"poly3=u,sym=u",FALSE,"null cell: size comparison, not in the Holm family",,
1b,null_auc_n380,null,,380,proj,GiViTI,500,0.052,0.056,-0.004,11,15,17,457,0.860050065908582,0.052,500,TRUE,0.0585,2000,TRUE,p < alpha,p <= alpha,TRUE,"poly3=u,sym=u",FALSE,"null cell: size comparison, not in the Holm family",,
1b,null_auc_n640,null,,640,proj,EDGE.poly3.u.G10,500,0.05,0.042,0.008,6,19,15,460,0.60759136127308,0.05,500,TRUE,0.053,2000,TRUE,p < alpha,p <= alpha,TRUE,"poly3=u,sym=u",FALSE,"null cell: size comparison, not in the Holm family",,
1b,null_auc_n640,null,,640,proj,EDGE.poly3.u.Grule,500,0.05,0.038,0.012,7,18,12,463,0.361594608053565,0.05,500,TRUE,0.049,2000,TRUE,p < alpha,p <= alpha,TRUE,"poly3=u,sym=u",FALSE,"null cell: size comparison, not in the Holm family",,
1b,null_auc_n640,null,,640,proj,EDGE.poly3.sc.G10,500,0.05,0.04,0.01,5,20,15,460,0.499559833202511,0.05,500,TRUE,0.045,2000,TRUE,p < alpha,p <= alpha,FALSE,"poly3=u,sym=u",FALSE,"null cell: size comparison, not in the Holm family; not the weighting form chosen by Section A (--forms)",,
1b,null_auc_n640,null,,640,proj,EDGE.poly3.sc.Grule,500,0.05,0.048,0.002,7,18,17,458,1,0.05,500,TRUE,0.053,2000,TRUE,p < alpha,p <= alpha,FALSE,"poly3=u,sym=u",FALSE,"null cell: size comparison, not in the Holm family; not the weighting form chosen by Section A (--forms)",,
1b,null_auc_n640,null,,640,proj,EDGE.sym.u.G10,500,0.05,0.04,0.01,5,20,15,460,0.499559833202511,0.05,500,TRUE,0.049,2000,TRUE,p < alpha,p <= alpha,TRUE,"poly3=u,sym=u",FALSE,"null cell: size comparison, not in the Holm family",,
1b,null_auc_n640,null,,640,proj,EDGE.sym.u.Grule,500,0.05,0.036,0.014,2,23,16,459,0.336783635189932,0.05,500,TRUE,0.047,2000,TRUE,p < alpha,p <= alpha,TRUE,"poly3=u,sym=u",FALSE,"null cell: size comparison, not in the Holm family",,
1b,null_auc_n640,null,,640,proj,EDGE.sym.sc.G10,500,0.05,0.042,0.008,4,21,17,458,0.627102570157149,0.05,500,TRUE,0.05,2000,TRUE,p < alpha,p <= alpha,FALSE,"poly3=u,sym=u",FALSE,"null cell: size comparison, not in the Holm family; not the weighting form chosen by Section A (--forms)",,
1b,null_auc_n640,null,,640,proj,EDGE.sym.sc.Grule,500,0.05,0.04,0.01,4,21,16,459,0.511375781585229,0.05,500,TRUE,0.0535,2000,TRUE,p < alpha,p <= alpha,FALSE,"poly3=u,sym=u",FALSE,"null cell: size comparison, not in the Holm family; not the weighting form chosen by Section A (--forms)",,
1b,null_auc_n640,null,,640,proj,Stk.joint,500,0.05,0.044,0.00600000000000001,6,19,16,459,0.735878800856881,0.05,500,TRUE,0.053,2000,TRUE,p < alpha,p <= alpha,TRUE,"poly3=u,sym=u",FALSE,"null cell: size comparison, not in the Holm family",,
1b,null_auc_n640,null,,640,proj,GiViTI,500,0.05,0.04,0.01,4,21,16,459,0.511375781585229,0.05,500,TRUE,0.0465,2000,TRUE,p < alpha,p <= alpha,TRUE,"poly3=u,sym=u",FALSE,"null cell: size comparison, not in the Holm family",,
1b,null_e12_n1000,null,,1000,proj,EDGE.poly3.u.G10,500,0.046,0.046,0,6,17,17,460,1,0.046,500,TRUE,0.0495,2000,TRUE,p < alpha,p <= alpha,TRUE,"poly3=u,sym=u",FALSE,"null cell: size comparison, not in the Holm family",,
1b,null_e12_n1000,null,,1000,proj,EDGE.poly3.u.Grule,500,0.046,0.036,0.01,7,16,11,466,0.442068338394165,0.046,500,TRUE,0.038,2000,TRUE,p < alpha,p <= alpha,TRUE,"poly3=u,sym=u",FALSE,"null cell: size comparison, not in the Holm family",,
1b,null_e12_n1000,null,,1000,proj,EDGE.poly3.sc.G10,500,0.046,0.04,0.006,3,20,17,460,0.742829358729068,0.046,500,TRUE,0.049,2000,TRUE,p < alpha,p <= alpha,FALSE,"poly3=u,sym=u",FALSE,"null cell: size comparison, not in the Holm family; not the weighting form chosen by Section A (--forms)",,
1b,null_e12_n1000,null,,1000,proj,EDGE.poly3.sc.Grule,500,0.046,0.036,0.01,8,15,10,467,0.42435622215271,0.046,500,TRUE,0.04,2000,TRUE,p < alpha,p <= alpha,FALSE,"poly3=u,sym=u",FALSE,"null cell: size comparison, not in the Holm family; not the weighting form chosen by Section A (--forms)",,
1b,null_e12_n1000,null,,1000,proj,EDGE.sym.u.G10,500,0.046,0.05,-0.004,8,15,17,460,0.860050065908582,0.046,500,TRUE,0.053,2000,TRUE,p < alpha,p <= alpha,TRUE,"poly3=u,sym=u",FALSE,"null cell: size comparison, not in the Holm family",,
1b,null_e12_n1000,null,,1000,proj,EDGE.sym.u.Grule,500,0.046,0.06,-0.014,10,13,20,457,0.296206368599087,0.046,500,TRUE,0.0525,2000,TRUE,p < alpha,p <= alpha,TRUE,"poly3=u,sym=u",FALSE,"null cell: size comparison, not in the Holm family",,
1b,null_e12_n1000,null,,1000,proj,EDGE.sym.sc.G10,500,0.046,0.046,0,8,15,15,462,1,0.046,500,TRUE,0.0505,2000,TRUE,p < alpha,p <= alpha,FALSE,"poly3=u,sym=u",FALSE,"null cell: size comparison, not in the Holm family; not the weighting form chosen by Section A (--forms)",,
1b,null_e12_n1000,null,,1000,proj,EDGE.sym.sc.Grule,500,0.046,0.056,-0.01,11,12,17,460,0.458258319646121,0.046,500,TRUE,0.0525,2000,TRUE,p < alpha,p <= alpha,FALSE,"poly3=u,sym=u",FALSE,"null cell: size comparison, not in the Holm family; not the weighting form chosen by Section A (--forms)",,
1b,null_e12_n1000,null,,1000,proj,Stk.joint,500,0.046,0.056,-0.01,9,14,19,458,0.486850241664797,0.046,500,TRUE,0.0495,2000,TRUE,p < alpha,p <= alpha,TRUE,"poly3=u,sym=u",FALSE,"null cell: size comparison, not in the Holm family",,
1b,null_e12_n1000,null,,1000,proj,GiViTI,500,0.046,0.06,-0.014,10,13,20,457,0.296206368599087,0.046,500,TRUE,0.0495,2000,TRUE,p < alpha,p <= alpha,TRUE,"poly3=u,sym=u",FALSE,"null cell: size comparison, not in the Holm family",,
2,loglog_base_n610,alternative,null_base_n610,610,proj,EDGE.poly3.u.G10,500,0.412,0.424,-0.012,160,46,52,242,0.613734467630139,0.048,500,TRUE,0.05,2000,TRUE,p < alpha,p <= alpha,TRUE,"poly3=u,sym=u",TRUE,"",1,FALSE
2,loglog_base_n610,alternative,null_base_n610,610,proj,EDGE.poly3.u.Grule,500,0.412,0.44,-0.028,167,39,53,241,0.174983898462962,0.048,500,TRUE,0.0455,2000,TRUE,p < alpha,p <= alpha,TRUE,"poly3=u,sym=u",TRUE,"",1,FALSE
2,loglog_base_n610,alternative,null_base_n610,610,proj,EDGE.poly3.sc.G10,500,0.412,0.352,0.06,141,65,35,259,0.00351764172297016,0.048,500,TRUE,0.0505,2000,TRUE,p < alpha,p <= alpha,FALSE,"poly3=u,sym=u",FALSE,not the weighting form chosen by Section A (--forms),,
2,loglog_base_n610,alternative,null_base_n610,610,proj,EDGE.poly3.sc.Grule,500,0.412,0.338,0.074,142,64,27,267,0.000132163262744891,0.048,500,TRUE,0.0475,2000,TRUE,p < alpha,p <= alpha,FALSE,"poly3=u,sym=u",FALSE,not the weighting form chosen by Section A (--forms),,
2,loglog_base_n610,alternative,null_base_n610,610,proj,EDGE.sym.u.G10,500,0.412,0.212,0.2,64,142,42,252,6.76109904736605e-14,0.048,500,TRUE,0.042,2000,TRUE,p < alpha,p <= alpha,TRUE,"poly3=u,sym=u",TRUE,"",1.02092595615227e-11,TRUE
2,loglog_base_n610,alternative,null_base_n610,610,proj,EDGE.sym.u.Grule,500,0.412,0.22,0.192,65,141,45,249,1.00209208548326e-12,0.048,500,TRUE,0.0465,2000,TRUE,p < alpha,p <= alpha,TRUE,"poly3=u,sym=u",TRUE,"",1.42297076138623e-10,TRUE
2,loglog_base_n610,alternative,null_base_n610,610,proj,EDGE.sym.sc.G10,500,0.412,0.196,0.216,54,152,44,250,4.05505593184258e-15,0.048,500,TRUE,0.046,2000,TRUE,p < alpha,p <= alpha,FALSE,"poly3=u,sym=u",FALSE,not the weighting form chosen by Section A (--forms),,
2,loglog_base_n610,alternative,null_base_n610,610,proj,EDGE.sym.sc.Grule,500,0.412,0.222,0.19,66,140,45,249,1.524116699753e-12,0.048,500,TRUE,0.0495,2000,TRUE,p < alpha,p <= alpha,FALSE,"poly3=u,sym=u",FALSE,not the weighting form chosen by Section A (--forms),,
2,loglog_base_n610,alternative,null_base_n610,610,proj,Stk.joint,500,0.412,0.456,-0.044,170,36,58,236,0.0297664100879118,0.048,500,TRUE,0.049,2000,TRUE,p < alpha,p <= alpha,TRUE,"poly3=u,sym=u",TRUE,"",1,FALSE
2,loglog_base_n610,alternative,null_base_n610,610,proj,GiViTI,500,0.412,0.58,-0.168,179,27,111,183,2.71344984055631e-13,0.048,500,TRUE,0.042,2000,TRUE,p < alpha,p <= alpha,TRUE,"poly3=u,sym=u",TRUE,"",3.93450226880664e-11,TRUE
2,loglog_base_n1000,alternative,null_base_n1000,1000,proj,EDGE.poly3.u.G10,500,0.642,0.71,-0.068,289,32,66,113,0.000769882640727268,0.048,500,TRUE,0.056,2000,TRUE,p < alpha,p <= alpha,TRUE,"poly3=u,sym=u",TRUE,"",0.0754484987912723,FALSE
2,loglog_base_n1000,alternative,null_base_n1000,1000,proj,EDGE.poly3.u.Grule,500,0.642,0.736,-0.094,299,22,69,110,8.18719936584363e-07,0.048,500,TRUE,0.0555,2000,TRUE,p < alpha,p <= alpha,TRUE,"poly3=u,sym=u",TRUE,"",9.41527927072018e-05,TRUE
2,loglog_base_n1000,alternative,null_base_n1000,1000,proj,EDGE.poly3.sc.G10,500,0.642,0.588,0.0540000000000001,258,63,36,143,0.00863358694341794,0.048,500,TRUE,0.06,2000,TRUE,p < alpha,p <= alpha,FALSE,"poly3=u,sym=u",FALSE,not the weighting form chosen by Section A (--forms),,
2,loglog_base_n1000,alternative,null_base_n1000,1000,proj,EDGE.poly3.sc.Grule,500,0.642,0.632,0.01,277,44,39,140,0.660883647761215,0.048,500,TRUE,0.0545,2000,TRUE,p < alpha,p <= alpha,FALSE,"poly3=u,sym=u",FALSE,not the weighting form chosen by Section A (--forms),,
2,loglog_base_n1000,alternative,null_base_n1000,1000,proj,EDGE.sym.u.G10,500,0.642,0.382,0.26,145,176,46,133,4.11197385765916e-19,0.048,500,TRUE,0.047,2000,TRUE,p < alpha,p <= alpha,TRUE,"poly3=u,sym=u",TRUE,"",6.90811608086739e-17,TRUE
2,loglog_base_n1000,alternative,null_base_n1000,1000,proj,EDGE.sym.u.Grule,500,0.642,0.38,0.262,143,178,47,132,3.91534172430364e-19,0.048,500,TRUE,0.057,2000,TRUE,p < alpha,p <= alpha,TRUE,"poly3=u,sym=u",TRUE,"",6.61692751407315e-17,TRUE
2,loglog_base_n1000,alternative,null_base_n1000,1000,proj,EDGE.sym.sc.G10,500,0.642,0.32,0.322,121,200,39,140,2.95443777614682e-27,0.048,500,TRUE,0.051,2000,TRUE,p < alpha,p <= alpha,FALSE,"poly3=u,sym=u",FALSE,not the weighting form chosen by Section A (--forms),,
2,loglog_base_n1000,alternative,null_base_n1000,1000,proj,EDGE.sym.sc.Grule,500,0.642,0.354,0.288,128,193,49,130,2.1492723826358e-21,0.048,500,TRUE,0.0535,2000,TRUE,p < alpha,p <= alpha,FALSE,"poly3=u,sym=u",FALSE,not the weighting form chosen by Section A (--forms),,
2,loglog_base_n1000,alternative,null_base_n1000,1000,proj,Stk.joint,500,0.642,0.748,-0.106,302,19,72,107,1.96712836087601e-08,0.048,500,TRUE,0.052,2000,TRUE,p < alpha,p <= alpha,TRUE,"poly3=u,sym=u",TRUE,"",2.43923916748626e-06,TRUE
2,loglog_base_n1000,alternative,null_base_n1000,1000,proj,GiViTI,500,0.642,0.802,-0.16,308,13,93,86,4.54276279857158e-16,0.048,500,TRUE,0.0445,2000,TRUE,p < alpha,p <= alpha,TRUE,"poly3=u,sym=u",TRUE,"",7.31384810570024e-14,TRUE
2,cauchit_auc_n460,alternative,null_auc_n460,460,proj,EDGE.poly3.u.G10,500,0.262,0.456,-0.194,116,15,112,257,1.57879152130271e-19,0.062,500,TRUE,0.048,2000,TRUE,p < alpha,p <= alpha,TRUE,"poly3=u,sym=u",TRUE,"",2.71552141664066e-17,TRUE
2,cauchit_auc_n460,alternative,null_auc_n460,460,proj,EDGE.poly3.u.Grule,500,0.262,0.47,-0.208,119,12,116,253,1.55205954839075e-22,0.062,500,TRUE,0.0465,2000,TRUE,p < alpha,p <= alpha,TRUE,"poly3=u,sym=u",TRUE,"",2.8868307600068e-20,TRUE
2,cauchit_auc_n460,alternative,null_auc_n460,460,proj,EDGE.poly3.sc.G10,500,0.262,0.386,-0.124,106,25,87,282,3.22511689888731e-09,0.062,500,TRUE,0.0415,2000,TRUE,p < alpha,p <= alpha,FALSE,"poly3=u,sym=u",FALSE,not the weighting form chosen by Section A (--forms),,
2,cauchit_auc_n460,alternative,null_auc_n460,460,proj,EDGE.poly3.sc.Grule,500,0.262,0.406,-0.144,114,17,89,280,5.91207900870454e-13,0.062,500,TRUE,0.0445,2000,TRUE,p < alpha,p <= alpha,FALSE,"poly3=u,sym=u",FALSE,not the weighting form chosen by Section A (--forms),,
2,cauchit_auc_n460,alternative,null_auc_n460,460,proj,EDGE.sym.u.G10,500,0.262,0.428,-0.166,102,29,112,257,1.04425629615523e-12,0.062,500,TRUE,0.046,2000,TRUE,p < alpha,p <= alpha,TRUE,"poly3=u,sym=u",TRUE,"",1.47240137757887e-10,TRUE
2,cauchit_auc_n460,alternative,null_auc_n460,460,proj,EDGE.sym.u.Grule,500,0.262,0.496,-0.234,108,23,140,229,1.1750354186025e-21,0.062,500,TRUE,0.0485,2000,TRUE,p < alpha,p <= alpha,TRUE,"poly3=u,sym=u",TRUE,"",2.12681410767052e-19,TRUE
2,cauchit_auc_n460,alternative,null_auc_n460,460,proj,EDGE.sym.sc.G10,500,0.262,0.426,-0.164,102,29,111,258,1.66388446347245e-12,0.062,500,TRUE,0.053,2000,TRUE,p < alpha,p <= alpha,FALSE,"poly3=u,sym=u",FALSE,not the weighting form chosen by Section A (--forms),,
2,cauchit_auc_n460,alternative,null_auc_n460,460,proj,EDGE.sym.sc.Grule,500,0.262,0.502,-0.24,112,19,139,230,1.00201737974479e-23,0.062,500,TRUE,0.048,2000,TRUE,p < alpha,p <= alpha,FALSE,"poly3=u,sym=u",FALSE,not the weighting form chosen by Section A (--forms),,
2,cauchit_auc_n460,alternative,null_auc_n460,460,proj,Stk.joint,500,0.262,0.486,-0.224,119,12,124,245,1.28680590916404e-24,0.062,500,TRUE,0.0465,2000,TRUE,p < alpha,p <= alpha,TRUE,"poly3=u,sym=u",TRUE,"",2.52213958196151e-22,TRUE
2,cauchit_auc_n460,alternative,null_auc_n460,460,proj,GiViTI,500,0.262,0.222,0.04,78,53,33,336,0.0398536285605352,0.062,500,TRUE,0.048,2000,TRUE,p < alpha,p <= alpha,TRUE,"poly3=u,sym=u",TRUE,"",1,FALSE
2,cauchit_auc_n760,alternative,null_auc_n760,760,proj,EDGE.poly3.u.G10,500,0.428,0.628,-0.2,207,7,107,179,4.23391713011637e-24,0.06,500,TRUE,0.0575,2000,TRUE,p < alpha,p <= alpha,TRUE,"poly3=u,sym=u",TRUE,"",8.08678171852227e-22,TRUE
2,cauchit_auc_n760,alternative,null_auc_n760,760,proj,EDGE.poly3.u.Grule,500,0.428,0.654,-0.226,208,6,119,167,2.32050755760572e-28,0.06,500,TRUE,0.059,2000,TRUE,p < alpha,p <= alpha,TRUE,"poly3=u,sym=u",TRUE,"",4.68742526636356e-26,TRUE
2,cauchit_auc_n760,alternative,null_auc_n760,760,proj,EDGE.poly3.sc.G10,500,0.428,0.576,-0.148,201,13,87,199,1.31298155220358e-14,0.06,500,TRUE,0.0575,2000,TRUE,p < alpha,p <= alpha,FALSE,"poly3=u,sym=u",FALSE,not the weighting form chosen by Section A (--forms),,
2,cauchit_auc_n760,alternative,null_auc_n760,760,proj,EDGE.poly3.sc.Grule,500,0.428,0.614,-0.186,208,6,99,187,8.43527980862775e-23,0.06,500,TRUE,0.0535,2000,TRUE,p < alpha,p <= alpha,FALSE,"poly3=u,sym=u",FALSE,not the weighting form chosen by Section A (--forms),,
2,cauchit_auc_n760,alternative,null_auc_n760,760,proj,EDGE.sym.u.G10,500,0.428,0.6,-0.172,186,28,114,172,1.64091522297349e-13,0.06,500,TRUE,0.0485,2000,TRUE,p < alpha,p <= alpha,TRUE,"poly3=u,sym=u",TRUE,"",2.42855453000076e-11,TRUE
2,cauchit_auc_n760,alternative,null_auc_n760,760,proj,EDGE.sym.u.Grule,500,0.428,0.652,-0.224,191,23,135,151,1.75179839829779e-20,0.06,500,TRUE,0.0455,2000,TRUE,p < alpha,p <= alpha,TRUE,"poly3=u,sym=u",TRUE,"",3.08316518100411e-18,TRUE
2,cauchit_auc_n760,alternative,null_auc_n760,760,proj,EDGE.sym.sc.G10,500,0.428,0.604,-0.176,188,26,114,172,2.42394473967786e-14,0.06,500,TRUE,0.054,2000,TRUE,p < alpha,p <= alpha,FALSE,"poly3=u,sym=u",FALSE,not the weighting form chosen by Section A (--forms),,
2,cauchit_auc_n760,alternative,null_auc_n760,760,proj,EDGE.sym.sc.Grule,500,0.428,0.72,-0.292,202,12,158,128,1.18103540591931e-33,0.06,500,TRUE,0.055,2000,TRUE,p < alpha,p <= alpha,FALSE,"poly3=u,sym=u",FALSE,not the weighting form chosen by Section A (--forms),,
2,cauchit_auc_n760,alternative,null_auc_n760,760,proj,Stk.joint,500,0.428,0.658,-0.23,206,8,123,163,1.35767818399283e-27,0.06,500,TRUE,0.051,2000,TRUE,p < alpha,p <= alpha,TRUE,"poly3=u,sym=u",TRUE,"",2.71535636798566e-25,TRUE
2,cauchit_auc_n760,alternative,null_auc_n760,760,proj,GiViTI,500,0.428,0.344,0.084,142,72,30,256,3.88501442659871e-05,0.06,500,TRUE,0.0565,2000,TRUE,p < alpha,p <= alpha,TRUE,"poly3=u,sym=u",TRUE,"",0.00423466572499259,TRUE
2,loglog_auc_n380,alternative,null_auc_n380,380,proj,EDGE.poly3.u.G10,500,0.332,0.332,0,106,60,60,274,1,0.052,500,TRUE,0.0535,2000,TRUE,p < alpha,p <= alpha,TRUE,"poly3=u,sym=u",TRUE,"",1,FALSE
2,loglog_auc_n380,alternative,null_auc_n380,380,proj,EDGE.poly3.u.Grule,500,0.332,0.356,-0.024,111,55,67,267,0.319308297475245,0.052,500,TRUE,0.052,2000,TRUE,p < alpha,p <= alpha,TRUE,"poly3=u,sym=u",TRUE,"",1,FALSE
2,loglog_auc_n380,alternative,null_auc_n380,380,proj,EDGE.poly3.sc.G10,500,0.332,0.334,-0.002,107,59,60,274,1,0.052,500,TRUE,0.055,2000,TRUE,p < alpha,p <= alpha,FALSE,"poly3=u,sym=u",FALSE,not the weighting form chosen by Section A (--forms),,
2,loglog_auc_n380,alternative,null_auc_n380,380,proj,EDGE.poly3.sc.Grule,500,0.332,0.356,-0.024,124,42,54,280,0.261469436286388,0.052,500,TRUE,0.049,2000,TRUE,p < alpha,p <= alpha,FALSE,"poly3=u,sym=u",FALSE,not the weighting form chosen by Section A (--forms),,
2,loglog_auc_n380,alternative,null_auc_n380,380,proj,EDGE.sym.u.G10,500,0.332,0.048,0.284,15,151,9,325,2.1895920451771e-34,0.052,500,TRUE,0.04,2000,TRUE,p < alpha,p <= alpha,TRUE,"poly3=u,sym=u",TRUE,"",4.64193513577545e-32,TRUE
2,loglog_auc_n380,alternative,null_auc_n380,380,proj,EDGE.sym.u.Grule,500,0.332,0.054,0.278,20,146,7,327,6.22886828501006e-35,0.052,500,TRUE,0.048,2000,TRUE,p < alpha,p <= alpha,TRUE,"poly3=u,sym=u",TRUE,"",1.32674894470714e-32,TRUE
2,loglog_auc_n380,alternative,null_auc_n380,380,proj,EDGE.sym.sc.G10,500,0.332,0.044,0.288,11,155,11,323,1.08287096254085e-33,0.052,500,TRUE,0.048,2000,TRUE,p < alpha,p <= alpha,FALSE,"poly3=u,sym=u",FALSE,not the weighting form chosen by Section A (--forms),,
2,loglog_auc_n380,alternative,null_auc_n380,380,proj,EDGE.sym.sc.Grule,500,0.332,0.074,0.258,16,150,21,313,3.2951708416261e-25,0.052,500,TRUE,0.048,2000,TRUE,p < alpha,p <= alpha,FALSE,"poly3=u,sym=u",FALSE,not the weighting form chosen by Section A (--forms),,
2,loglog_auc_n380,alternative,null_auc_n380,380,proj,Stk.joint,500,0.332,0.386,-0.054,113,53,80,254,0.023801099334891,0.052,500,TRUE,0.048,2000,TRUE,p < alpha,p <= alpha,TRUE,"poly3=u,sym=u",TRUE,"",1,FALSE
2,loglog_auc_n380,alternative,null_auc_n380,380,proj,GiViTI,500,0.332,0.546,-0.214,134,32,139,195,4.23471274771776e-17,0.052,500,TRUE,0.0585,2000,TRUE,p < alpha,p <= alpha,TRUE,"poly3=u,sym=u",TRUE,"",7.02962316121148e-15,TRUE
2,loglog_auc_n640,alternative,null_auc_n640,640,proj,EDGE.poly3.u.G10,500,0.554,0.576,-0.0219999999999999,227,50,61,162,0.342580582571898,0.05,500,TRUE,0.053,2000,TRUE,p < alpha,p <= alpha,TRUE,"poly3=u,sym=u",TRUE,"",1,FALSE
2,loglog_auc_n640,alternative,null_auc_n640,640,proj,EDGE.poly3.u.Grule,500,0.554,0.606,-0.0519999999999999,238,39,65,158,0.0138361950667479,0.05,500,TRUE,0.049,2000,TRUE,p < alpha,p <= alpha,TRUE,"poly3=u,sym=u",TRUE,"",1,FALSE
2,loglog_auc_n640,alternative,null_auc_n640,640,proj,EDGE.poly3.sc.G10,500,0.554,0.534,0.02,210,67,57,166,0.419073742516636,0.05,500,TRUE,0.045,2000,TRUE,p < alpha,p <= alpha,FALSE,"poly3=u,sym=u",FALSE,not the weighting form chosen by Section A (--forms),,
2,loglog_auc_n640,alternative,null_auc_n640,640,proj,EDGE.poly3.sc.Grule,500,0.554,0.564,-0.0099999999999999,230,47,52,171,0.687885343579691,0.05,500,TRUE,0.053,2000,TRUE,p < alpha,p <= alpha,FALSE,"poly3=u,sym=u",FALSE,not the weighting form chosen by Section A (--forms),,
2,loglog_auc_n640,alternative,null_auc_n640,640,proj,EDGE.sym.u.G10,500,0.554,0.04,0.514,14,263,6,217,1.07325544327815e-69,0.05,500,TRUE,0.049,2000,TRUE,p < alpha,p <= alpha,TRUE,"poly3=u,sym=u",TRUE,"",2.47922007397252e-67,TRUE
2,loglog_auc_n640,alternative,null_auc_n640,640,proj,EDGE.sym.u.Grule,500,0.554,0.04,0.514,16,261,4,219,6.88069241385829e-72,0.05,500,TRUE,0.047,2000,TRUE,p < alpha,p <= alpha,TRUE,"poly3=u,sym=u",TRUE,"",1.59632064001512e-69,TRUE
2,loglog_auc_n640,alternative,null_auc_n640,640,proj,EDGE.sym.sc.G10,500,0.554,0.038,0.516,13,264,6,217,5.48776033943216e-70,0.05,500,TRUE,0.05,2000,TRUE,p < alpha,p <= alpha,FALSE,"poly3=u,sym=u",FALSE,not the weighting form chosen by Section A (--forms),,
2,loglog_auc_n640,alternative,null_auc_n640,640,proj,EDGE.sym.sc.Grule,500,0.554,0.06,0.494,21,256,9,214,5.41137834815416e-64,0.05,500,TRUE,0.0535,2000,TRUE,p < alpha,p <= alpha,FALSE,"poly3=u,sym=u",FALSE,not the weighting form chosen by Section A (--forms),,
2,loglog_auc_n640,alternative,null_auc_n640,640,proj,Stk.joint,500,0.554,0.662,-0.108,247,30,84,139,4.25374408149777e-07,0.05,500,TRUE,0.053,2000,TRUE,p < alpha,p <= alpha,TRUE,"poly3=u,sym=u",TRUE,"",4.93434313453742e-05,TRUE
2,loglog_auc_n640,alternative,null_auc_n640,640,proj,GiViTI,500,0.554,0.748,-0.194,252,25,122,101,1.5818511154853e-16,0.05,500,TRUE,0.0465,2000,TRUE,p < alpha,p <= alpha,TRUE,"poly3=u,sym=u",TRUE,"",2.57841731824103e-14,TRUE
2,loglog_e12_n1000,alternative,null_e12_n1000,1000,proj,EDGE.poly3.u.G10,500,0.358,0.31,0.048,116,63,39,282,0.0222976618246929,0.046,500,TRUE,0.0495,2000,TRUE,p < alpha,p <= alpha,TRUE,"poly3=u,sym=u",TRUE,"",1,FALSE
2,loglog_e12_n1000,alternative,null_e12_n1000,1000,proj,EDGE.poly3.u.Grule,500,0.358,0.352,0.00600000000000001,140,39,36,285,0.817553850550988,0.046,500,TRUE,0.038,2000,TRUE,p < alpha,p <= alpha,TRUE,"poly3=u,sym=u",TRUE,"",1,FALSE
2,loglog_e12_n1000,alternative,null_e12_n1000,1000,proj,EDGE.poly3.sc.G10,500,0.358,0.306,0.052,114,65,39,282,0.0138361950667479,0.046,500,TRUE,0.049,2000,TRUE,p < alpha,p <= alpha,FALSE,"poly3=u,sym=u",FALSE,not the weighting form chosen by Section A (--forms),,
2,loglog_e12_n1000,alternative,null_e12_n1000,1000,proj,EDGE.poly3.sc.Grule,500,0.358,0.296,0.062,120,59,28,293,0.00116863749743833,0.046,500,TRUE,0.04,2000,TRUE,p < alpha,p <= alpha,FALSE,"poly3=u,sym=u",FALSE,not the weighting form chosen by Section A (--forms),,
2,loglog_e12_n1000,alternative,null_e12_n1000,1000,proj,EDGE.sym.u.G10,500,0.358,0.004,0.354,2,177,0,321,1.04404871487978e-53,0.046,500,TRUE,0.053,2000,TRUE,p < alpha,p <= alpha,TRUE,"poly3=u,sym=u",TRUE,"",2.3804310699259e-51,TRUE
2,loglog_e12_n1000,alternative,null_e12_n1000,1000,proj,EDGE.sym.u.Grule,500,0.358,0.004,0.354,2,177,0,321,1.04404871487978e-53,0.046,500,TRUE,0.0525,2000,TRUE,p < alpha,p <= alpha,TRUE,"poly3=u,sym=u",TRUE,"",2.3804310699259e-51,TRUE
2,loglog_e12_n1000,alternative,null_e12_n1000,1000,proj,EDGE.sym.sc.G10,500,0.358,0.468,-0.11,152,27,82,239,1.26077153217178e-07,0.046,500,TRUE,0.0505,2000,TRUE,p < alpha,p <= alpha,FALSE,"poly3=u,sym=u",FALSE,not the weighting form chosen by Section A (--forms),,
2,loglog_e12_n1000,alternative,null_e12_n1000,1000,proj,EDGE.sym.sc.Grule,500,0.358,0.53,-0.172,165,14,100,221,3.4879161622294e-17,0.046,500,TRUE,0.0525,2000,TRUE,p < alpha,p <= alpha,FALSE,"poly3=u,sym=u",FALSE,not the weighting form chosen by Section A (--forms),,
2,loglog_e12_n1000,alternative,null_e12_n1000,1000,proj,Stk.joint,500,0.358,0.342,0.016,132,47,39,282,0.45054757600159,0.046,500,TRUE,0.0495,2000,TRUE,p < alpha,p <= alpha,TRUE,"poly3=u,sym=u",TRUE,"",1,FALSE
2,loglog_e12_n1000,alternative,null_e12_n1000,1000,proj,GiViTI,500,0.358,0.62,-0.262,167,12,143,178,1.23828555152328e-29,0.046,500,TRUE,0.0495,2000,TRUE,p < alpha,p <= alpha,TRUE,"poly3=u,sym=u",TRUE,"",2.53848538062272e-27,TRUE
1b,null_crossover_n1000,null,,1000,proj,EDGE.poly3.u.G10,500,0.056,0.036,0.02,10,18,8,464,0.075518697500229,0.056,500,TRUE,0.0504,5000,TRUE,p < alpha,p <= alpha,TRUE,"poly3=u,sym=u",FALSE,"null cell: size comparison, not in the Holm family",,
1b,null_crossover_n1000,null,,1000,proj,EDGE.poly3.u.Grule,500,0.056,0.058,-0.002,17,11,12,460,1,0.056,500,TRUE,0.0514,5000,TRUE,p < alpha,p <= alpha,TRUE,"poly3=u,sym=u",FALSE,"null cell: size comparison, not in the Holm family",,
1b,null_crossover_n1000,null,,1000,proj,EDGE.poly3.sc.G10,500,0.056,0.05,0.006,8,20,17,455,0.742829358729068,0.056,500,TRUE,0.0522,5000,TRUE,p < alpha,p <= alpha,FALSE,"poly3=u,sym=u",FALSE,"null cell: size comparison, not in the Holm family; not the weighting form chosen by Section A (--forms)",,
1b,null_crossover_n1000,null,,1000,proj,EDGE.poly3.sc.Grule,500,0.056,0.042,0.014,5,23,16,456,0.336783635189932,0.056,500,TRUE,0.0496,5000,TRUE,p < alpha,p <= alpha,FALSE,"poly3=u,sym=u",FALSE,"null cell: size comparison, not in the Holm family; not the weighting form chosen by Section A (--forms)",,
1b,null_crossover_n1000,null,,1000,proj,EDGE.sym.u.G10,500,0.056,0.058,-0.002,3,25,26,446,1,0.056,500,TRUE,0.0502,5000,TRUE,p < alpha,p <= alpha,TRUE,"poly3=u,sym=u",FALSE,"null cell: size comparison, not in the Holm family",,
1b,null_crossover_n1000,null,,1000,proj,EDGE.sym.u.Grule,500,0.056,0.056,0,8,20,20,452,1,0.056,500,TRUE,0.0496,5000,TRUE,p < alpha,p <= alpha,TRUE,"poly3=u,sym=u",FALSE,"null cell: size comparison, not in the Holm family",,
1b,null_crossover_n1000,null,,1000,proj,EDGE.sym.sc.G10,500,0.056,0.058,-0.002,3,25,26,446,1,0.056,500,TRUE,0.0484,5000,TRUE,p < alpha,p <= alpha,FALSE,"poly3=u,sym=u",FALSE,"null cell: size comparison, not in the Holm family; not the weighting form chosen by Section A (--forms)",,
1b,null_crossover_n1000,null,,1000,proj,EDGE.sym.sc.Grule,500,0.056,0.062,-0.006,9,19,22,450,0.755228657504631,0.056,500,TRUE,0.05,5000,TRUE,p < alpha,p <= alpha,FALSE,"poly3=u,sym=u",FALSE,"null cell: size comparison, not in the Holm family; not the weighting form chosen by Section A (--forms)",,
1b,null_crossover_n1000,null,,1000,proj,Stk.joint,500,0.056,0.062,-0.006,18,10,13,459,0.677639484405518,0.056,500,TRUE,0.0524,5000,TRUE,p < alpha,p <= alpha,TRUE,"poly3=u,sym=u",FALSE,"null cell: size comparison, not in the Holm family",,
1b,null_crossover_n1000,null,,1000,proj,GiViTI,500,0.056,0.044,0.012,10,18,12,460,0.361594608053565,0.056,500,TRUE,0.0542,5000,TRUE,p < alpha,p <= alpha,TRUE,"poly3=u,sym=u",FALSE,"null cell: size comparison, not in the Holm family",,
4,crossover_n1000,alternative,null_crossover_n1000,1000,proj,EDGE.poly3.u.G10,500,0.956,0.062,0.894,30,448,1,21,6.19119462073388e-133,0.056,500,TRUE,0.0504,5000,TRUE,p < alpha,p <= alpha,TRUE,"poly3=u,sym=u",TRUE,"",1.47350431973466e-130,TRUE
4,crossover_n1000,alternative,null_crossover_n1000,1000,proj,EDGE.poly3.u.Grule,500,0.956,0.074,0.882,37,441,0,22,3.52210182868429e-133,0.056,500,TRUE,0.0514,5000,TRUE,p < alpha,p <= alpha,TRUE,"poly3=u,sym=u",TRUE,"",8.45304438884229e-131,TRUE
4,crossover_n1000,alternative,null_crossover_n1000,1000,proj,EDGE.poly3.sc.G10,500,0.956,0.062,0.894,30,448,1,21,6.19119462073388e-133,0.056,500,TRUE,0.0522,5000,TRUE,p < alpha,p <= alpha,FALSE,"poly3=u,sym=u",FALSE,not the weighting form chosen by Section A (--forms),,
4,crossover_n1000,alternative,null_crossover_n1000,1000,proj,EDGE.poly3.sc.Grule,500,0.956,0.062,0.894,31,447,0,22,5.50328410731915e-135,0.056,500,TRUE,0.0496,5000,TRUE,p < alpha,p <= alpha,FALSE,"poly3=u,sym=u",FALSE,not the weighting form chosen by Section A (--forms),,
4,crossover_n1000,alternative,null_crossover_n1000,1000,proj,EDGE.sym.u.G10,500,0.956,0.062,0.894,30,448,1,21,6.19119462073388e-133,0.056,500,TRUE,0.0502,5000,TRUE,p < alpha,p <= alpha,TRUE,"poly3=u,sym=u",TRUE,"",1.47350431973466e-130,TRUE
4,crossover_n1000,alternative,null_crossover_n1000,1000,proj,EDGE.sym.u.Grule,500,0.956,0.056,0.9,26,452,2,20,4.44072033053546e-132,0.056,500,TRUE,0.0496,5000,TRUE,p < alpha,p <= alpha,TRUE,"poly3=u,sym=u",TRUE,"",1.04800999800637e-129,TRUE
4,crossover_n1000,alternative,null_crossover_n1000,1000,proj,EDGE.sym.sc.G10,500,0.956,0.062,0.894,30,448,1,21,6.19119462073388e-133,0.056,500,TRUE,0.0484,5000,TRUE,p < alpha,p <= alpha,FALSE,"poly3=u,sym=u",FALSE,not the weighting form chosen by Section A (--forms),,
4,crossover_n1000,alternative,null_crossover_n1000,1000,proj,EDGE.sym.sc.Grule,500,0.956,0.048,0.908,23,455,1,21,4.91211100985302e-135,0.056,500,TRUE,0.05,5000,TRUE,p < alpha,p <= alpha,FALSE,"poly3=u,sym=u",FALSE,not the weighting form chosen by Section A (--forms),,
4,crossover_n1000,alternative,null_crossover_n1000,1000,proj,Stk.joint,500,0.956,0.074,0.882,37,441,0,22,3.52210182868429e-133,0.056,500,TRUE,0.0524,5000,TRUE,p < alpha,p <= alpha,TRUE,"poly3=u,sym=u",TRUE,"",8.45304438884229e-131,TRUE
4,crossover_n1000,alternative,null_crossover_n1000,1000,proj,GiViTI,500,0.956,0.084,0.872,42,436,0,22,1.1270725851789e-131,0.056,500,TRUE,0.0542,5000,TRUE,p < alpha,p <= alpha,TRUE,"poly3=u,sym=u",TRUE,"",2.64862057517042e-129,TRUE
1a,null_link_n500,null,,500,bagoft,EDGE.poly3.u.G10,200,0.07,0.06,0.01,0,14,12,174,0.845018982887268,0.07,200,TRUE,0.0496,10000,TRUE,p < alpha,p <= alpha,TRUE,"poly3=u,sym=u",FALSE,"null cell: size comparison, not in the Holm family",,
1a,null_link_n500,null,,500,bagoft,EDGE.poly3.u.Grule,200,0.07,0.035,0.035,0,14,7,179,0.189247131347656,0.07,200,TRUE,0.0496,10000,TRUE,p < alpha,p <= alpha,TRUE,"poly3=u,sym=u",FALSE,"null cell: size comparison, not in the Holm family",,
1a,null_link_n500,null,,500,bagoft,EDGE.poly3.sc.G10,200,0.07,0.045,0.025,0,14,9,177,0.404872894287109,0.07,200,TRUE,0.0509,10000,TRUE,p < alpha,p <= alpha,FALSE,"poly3=u,sym=u",FALSE,"null cell: size comparison, not in the Holm family; not the weighting form chosen by Section A (--forms)",,
1a,null_link_n500,null,,500,bagoft,EDGE.poly3.sc.Grule,200,0.07,0.02,0.05,0,14,4,182,0.0308837890625,0.07,200,TRUE,0.0499,10000,TRUE,p < alpha,p <= alpha,FALSE,"poly3=u,sym=u",FALSE,"null cell: size comparison, not in the Holm family; not the weighting form chosen by Section A (--forms)",,
1a,null_link_n500,null,,500,bagoft,EDGE.sym.u.G10,200,0.07,0.06,0.01,0,14,12,174,0.845018982887268,0.07,200,TRUE,0.048,10000,TRUE,p < alpha,p <= alpha,TRUE,"poly3=u,sym=u",FALSE,"null cell: size comparison, not in the Holm family",,
1a,null_link_n500,null,,500,bagoft,EDGE.sym.u.Grule,200,0.07,0.03,0.04,0,14,6,180,0.115318298339844,0.07,200,TRUE,0.0466,10000,TRUE,p < alpha,p <= alpha,TRUE,"poly3=u,sym=u",FALSE,"null cell: size comparison, not in the Holm family",,
1a,null_link_n500,null,,500,bagoft,EDGE.sym.sc.G10,200,0.07,0.07,0,1,13,13,173,1,0.07,200,TRUE,0.048,10000,TRUE,p < alpha,p <= alpha,FALSE,"poly3=u,sym=u",FALSE,"null cell: size comparison, not in the Holm family; not the weighting form chosen by Section A (--forms)",,
1a,null_link_n500,null,,500,bagoft,EDGE.sym.sc.Grule,200,0.07,0.035,0.035,1,13,6,180,0.167068481445313,0.07,200,TRUE,0.047,10000,TRUE,p < alpha,p <= alpha,FALSE,"poly3=u,sym=u",FALSE,"null cell: size comparison, not in the Holm family; not the weighting form chosen by Section A (--forms)",,
1a,null_link_n500,null,,500,bagoft,Stk.joint,200,0.07,0.035,0.035,0,14,7,179,0.189247131347656,0.07,200,TRUE,0.0503,10000,TRUE,p < alpha,p <= alpha,TRUE,"poly3=u,sym=u",FALSE,"null cell: size comparison, not in the Holm family",,
1a,null_link_n500,null,,500,bagoft,GiViTI,200,0.07,0.065,0.005,0,14,13,173,1,0.07,200,TRUE,0.0529,10000,TRUE,p < alpha,p <= alpha,TRUE,"poly3=u,sym=u",FALSE,"null cell: size comparison, not in the Holm family",,
1a,null_link_n1000,null,,1000,bagoft,EDGE.poly3.u.G10,200,0.065,0.05,0.015,1,12,9,178,0.663623809814453,0.065,200,TRUE,0.0544,10000,TRUE,p < alpha,p <= alpha,TRUE,"poly3=u,sym=u",FALSE,"null cell: size comparison, not in the Holm family",,
1a,null_link_n1000,null,,1000,bagoft,EDGE.poly3.u.Grule,200,0.065,0.055,0.01,1,12,10,177,0.831811904907227,0.065,200,TRUE,0.0523,10000,TRUE,p < alpha,p <= alpha,TRUE,"poly3=u,sym=u",FALSE,"null cell: size comparison, not in the Holm family",,
1a,null_link_n1000,null,,1000,bagoft,EDGE.poly3.sc.G10,200,0.065,0.06,0.005,1,12,11,176,1,0.065,200,TRUE,0.0549,10000,TRUE,p < alpha,p <= alpha,FALSE,"poly3=u,sym=u",FALSE,"null cell: size comparison, not in the Holm family; not the weighting form chosen by Section A (--forms)",,
1a,null_link_n1000,null,,1000,bagoft,EDGE.poly3.sc.Grule,200,0.065,0.05,0.015,1,12,9,178,0.663623809814453,0.065,200,TRUE,0.0571,10000,FALSE,p < alpha,p <= alpha,FALSE,"poly3=u,sym=u",FALSE,"null cell: size comparison, not in the Holm family; the comparator does not hold size at 0.05; not the weighting form chosen by Section A (--forms)",,
1a,null_link_n1000,null,,1000,bagoft,EDGE.sym.u.G10,200,0.065,0.05,0.015,0,13,10,177,0.677639484405518,0.065,200,TRUE,0.0521,10000,TRUE,p < alpha,p <= alpha,TRUE,"poly3=u,sym=u",FALSE,"null cell: size comparison, not in the Holm family",,
1a,null_link_n1000,null,,1000,bagoft,EDGE.sym.u.Grule,200,0.065,0.055,0.01,1,12,10,177,0.831811904907227,0.065,200,TRUE,0.0501,10000,TRUE,p < alpha,p <= alpha,TRUE,"poly3=u,sym=u",FALSE,"null cell: size comparison, not in the Holm family",,
1a,null_link_n1000,null,,1000,bagoft,EDGE.sym.sc.G10,200,0.065,0.045,0.02,0,13,9,178,0.523467063903809,0.065,200,TRUE,0.0537,10000,TRUE,p < alpha,p <= alpha,FALSE,"poly3=u,sym=u",FALSE,"null cell: size comparison, not in the Holm family; not the weighting form chosen by Section A (--forms)",,
1a,null_link_n1000,null,,1000,bagoft,EDGE.sym.sc.Grule,200,0.065,0.05,0.015,0,13,10,177,0.677639484405518,0.065,200,TRUE,0.0499,10000,TRUE,p < alpha,p <= alpha,FALSE,"poly3=u,sym=u",FALSE,"null cell: size comparison, not in the Holm family; not the weighting form chosen by Section A (--forms)",,
1a,null_link_n1000,null,,1000,bagoft,Stk.joint,200,0.065,0.05,0.015,1,12,9,178,0.663623809814453,0.065,200,TRUE,0.0499,10000,TRUE,p < alpha,p <= alpha,TRUE,"poly3=u,sym=u",FALSE,"null cell: size comparison, not in the Holm family",,
1a,null_link_n1000,null,,1000,bagoft,GiViTI,200,0.065,0.065,0,2,11,11,176,1,0.065,200,TRUE,0.0534,10000,TRUE,p < alpha,p <= alpha,TRUE,"poly3=u,sym=u",FALSE,"null cell: size comparison, not in the Holm family",,
3,stk_long_n500,alternative,null_link_n500,500,bagoft,EDGE.poly3.u.G10,200,0.055,0.07,-0.015,4,7,10,179,0.629058837890625,0.07,200,TRUE,0.0496,10000,TRUE,p < alpha,p <= alpha,TRUE,"poly3=u,sym=u",TRUE,"",1,FALSE
3,stk_long_n500,alternative,null_link_n500,500,bagoft,EDGE.poly3.u.Grule,200,0.055,0.07,-0.015,4,7,10,179,0.629058837890625,0.07,200,TRUE,0.0496,10000,TRUE,p < alpha,p <= alpha,TRUE,"poly3=u,sym=u",TRUE,"",1,FALSE
3,stk_long_n500,alternative,null_link_n500,500,bagoft,EDGE.poly3.sc.G10,200,0.055,0.085,-0.03,4,7,13,176,0.263175964355469,0.07,200,TRUE,0.0509,10000,TRUE,p < alpha,p <= alpha,FALSE,"poly3=u,sym=u",FALSE,not the weighting form chosen by Section A (--forms),,
3,stk_long_n500,alternative,null_link_n500,500,bagoft,EDGE.poly3.sc.Grule,200,0.055,0.07,-0.015,4,7,10,179,0.629058837890625,0.07,200,TRUE,0.0499,10000,TRUE,p < alpha,p <= alpha,FALSE,"poly3=u,sym=u",FALSE,not the weighting form chosen by Section A (--forms),,
3,stk_long_n500,alternative,null_link_n500,500,bagoft,EDGE.sym.u.G10,200,0.055,0.115,-0.06,3,8,20,169,0.0356981381773948,0.07,200,TRUE,0.048,10000,TRUE,p < alpha,p <= alpha,TRUE,"poly3=u,sym=u",TRUE,"",1,FALSE
3,stk_long_n500,alternative,null_link_n500,500,bagoft,EDGE.sym.u.Grule,200,0.055,0.07,-0.015,3,8,11,178,0.647605895996094,0.07,200,TRUE,0.0466,10000,TRUE,p < alpha,p <= alpha,TRUE,"poly3=u,sym=u",TRUE,"",1,FALSE
3,stk_long_n500,alternative,null_link_n500,500,bagoft,EDGE.sym.sc.G10,200,0.055,0.115,-0.06,4,7,19,170,0.0289592742919922,0.07,200,TRUE,0.048,10000,TRUE,p < alpha,p <= alpha,FALSE,"poly3=u,sym=u",FALSE,not the weighting form chosen by Section A (--forms),,
3,stk_long_n500,alternative,null_link_n500,500,bagoft,EDGE.sym.sc.Grule,200,0.055,0.065,-0.01,3,8,10,179,0.814529418945313,0.07,200,TRUE,0.047,10000,TRUE,p < alpha,p <= alpha,FALSE,"poly3=u,sym=u",FALSE,not the weighting form chosen by Section A (--forms),,
3,stk_long_n500,alternative,null_link_n500,500,bagoft,Stk.joint,200,0.055,0.07,-0.015,3,8,11,178,0.647605895996094,0.07,200,TRUE,0.0503,10000,TRUE,p < alpha,p <= alpha,TRUE,"poly3=u,sym=u",TRUE,"",1,FALSE
3,stk_long_n500,alternative,null_link_n500,500,bagoft,GiViTI,200,0.055,0.055,0,2,9,9,180,1,0.07,200,TRUE,0.0529,10000,TRUE,p < alpha,p <= alpha,TRUE,"poly3=u,sym=u",TRUE,"",1,FALSE
3,stk_long_n1000,alternative,null_link_n1000,1000,bagoft,EDGE.poly3.u.G10,200,0.07,0.13,-0.06,5,9,21,165,0.0427739452570677,0.065,200,TRUE,0.0544,10000,TRUE,p < alpha,p <= alpha,TRUE,"poly3=u,sym=u",TRUE,"",1,FALSE
3,stk_long_n1000,alternative,null_link_n1000,1000,bagoft,EDGE.poly3.u.Grule,200,0.07,0.16,-0.09,5,9,27,159,0.00393317302223295,0.065,200,TRUE,0.0523,10000,TRUE,p < alpha,p <= alpha,TRUE,"poly3=u,sym=u",TRUE,"",0.342186052934267,FALSE
3,stk_long_n1000,alternative,null_link_n1000,1000,bagoft,EDGE.poly3.sc.G10,200,0.07,0.105,-0.035,6,8,15,171,0.210039615631104,0.065,200,TRUE,0.0549,10000,TRUE,p < alpha,p <= alpha,FALSE,"poly3=u,sym=u",FALSE,not the weighting form chosen by Section A (--forms),,
3,stk_long_n1000,alternative,null_link_n1000,1000,bagoft,EDGE.poly3.sc.Grule,200,0.07,0.135,-0.065,4,10,23,163,0.0350820333696903,0.065,200,TRUE,0.0571,10000,FALSE,p < alpha,p <= alpha,FALSE,"poly3=u,sym=u",FALSE,the comparator does not hold size at 0.05; not the weighting form chosen by Section A (--forms),,
3,stk_long_n1000,alternative,null_link_n1000,1000,bagoft,EDGE.sym.u.G10,200,0.07,0.135,-0.065,4,10,23,163,0.0350820333696903,0.065,200,TRUE,0.0521,10000,TRUE,p < alpha,p <= alpha,TRUE,"poly3=u,sym=u",TRUE,"",1,FALSE
3,stk_long_n1000,alternative,null_link_n1000,1000,bagoft,EDGE.sym.u.Grule,200,0.07,0.21,-0.14,4,10,38,148,6.16964077764238e-05,0.065,200,TRUE,0.0501,10000,TRUE,p < alpha,p <= alpha,TRUE,"poly3=u,sym=u",TRUE,"",0.00653981922430093,TRUE
3,stk_long_n1000,alternative,null_link_n1000,1000,bagoft,EDGE.sym.sc.G10,200,0.07,0.13,-0.06,4,10,22,164,0.0501024597324431,0.065,200,TRUE,0.0537,10000,TRUE,p < alpha,p <= alpha,FALSE,"poly3=u,sym=u",FALSE,not the weighting form chosen by Section A (--forms),,
3,stk_long_n1000,alternative,null_link_n1000,1000,bagoft,EDGE.sym.sc.Grule,200,0.07,0.205,-0.135,4,10,37,149,9.84887849284637e-05,0.065,200,TRUE,0.0499,10000,TRUE,p < alpha,p <= alpha,FALSE,"poly3=u,sym=u",FALSE,not the weighting form chosen by Section A (--forms),,
3,stk_long_n1000,alternative,null_link_n1000,1000,bagoft,Stk.joint,200,0.07,0.165,-0.095,4,10,29,157,0.00337784791190643,0.065,200,TRUE,0.0499,10000,TRUE,p < alpha,p <= alpha,TRUE,"poly3=u,sym=u",TRUE,"",0.300628464159673,FALSE
3,stk_long_n1000,alternative,null_link_n1000,1000,bagoft,GiViTI,200,0.07,0.065,0.005,4,10,9,177,1,0.065,200,TRUE,0.0534,10000,TRUE,p < alpha,p <= alpha,TRUE,"poly3=u,sym=u",TRUE,"",1,FALSE
3,stk_short_n500,alternative,null_link_n500,500,bagoft,EDGE.poly3.u.G10,200,0.095,0.415,-0.32,12,7,71,110,1.93320075763209e-14,0.07,200,TRUE,0.0496,10000,TRUE,p < alpha,p <= alpha,TRUE,"poly3=u,sym=u",TRUE,"",2.97712916675342e-12,TRUE
3,stk_short_n500,alternative,null_link_n500,500,bagoft,EDGE.poly3.u.Grule,200,0.095,0.425,-0.33,13,6,72,109,1.84936586490699e-15,0.07,200,TRUE,0.0496,10000,TRUE,p < alpha,p <= alpha,TRUE,"poly3=u,sym=u",TRUE,"",2.94049172520211e-13,TRUE
3,stk_short_n500,alternative,null_link_n500,500,bagoft,EDGE.poly3.sc.G10,200,0.095,0.365,-0.27,12,7,61,120,7.38740275549322e-12,0.07,200,TRUE,0.0509,10000,TRUE,p < alpha,p <= alpha,FALSE,"poly3=u,sym=u",FALSE,not the weighting form chosen by Section A (--forms),,
3,stk_short_n500,alternative,null_link_n500,500,bagoft,EDGE.poly3.sc.Grule,200,0.095,0.405,-0.31,13,6,68,113,2.14487563316877e-14,0.07,200,TRUE,0.0499,10000,TRUE,p < alpha,p <= alpha,FALSE,"poly3=u,sym=u",FALSE,not the weighting form chosen by Section A (--forms),,
3,stk_short_n500,alternative,null_link_n500,500,bagoft,EDGE.sym.u.G10,200,0.095,0.375,-0.28,11,8,64,117,5.76551930451931e-12,0.07,200,TRUE,0.048,10000,TRUE,p < alpha,p <= alpha,TRUE,"poly3=u,sym=u",TRUE,"",8.07172702632704e-10,TRUE
3,stk_short_n500,alternative,null_link_n500,500,bagoft,EDGE.sym.u.Grule,200,0.095,0.405,-0.31,13,6,68,113,2.14487563316877e-14,0.07,200,TRUE,0.0466,10000,TRUE,p < alpha,p <= alpha,TRUE,"poly3=u,sym=u",TRUE,"",3.28165971874821e-12,TRUE
3,stk_short_n500,alternative,null_link_n500,500,bagoft,EDGE.sym.sc.G10,200,0.095,0.415,-0.32,11,8,72,109,5.37509584456671e-14,0.07,200,TRUE,0.048,10000,TRUE,p < alpha,p <= alpha,FALSE,"poly3=u,sym=u",FALSE,not the weighting form chosen by Section A (--forms),,
3,stk_short_n500,alternative,null_link_n500,500,bagoft,EDGE.sym.sc.Grule,200,0.095,0.505,-0.41,13,6,88,93,8.80793665603893e-20,0.07,200,TRUE,0.047,10000,TRUE,p < alpha,p <= alpha,FALSE,"poly3=u,sym=u",FALSE,not the weighting form chosen by Section A (--forms),,
3,stk_short_n500,alternative,null_link_n500,500,bagoft,Stk.joint,200,0.095,0.435,-0.34,13,6,74,107,5.39664538067335e-16,0.07,200,TRUE,0.0503,10000,TRUE,p < alpha,p <= alpha,TRUE,"poly3=u,sym=u",TRUE,"",8.63463260907736e-14,TRUE
3,stk_short_n500,alternative,null_link_n500,500,bagoft,GiViTI,200,0.095,0.255,-0.16,10,9,41,140,5.61410009325416e-06,0.07,200,TRUE,0.0529,10000,TRUE,p < alpha,p <= alpha,TRUE,"poly3=u,sym=u",TRUE,"",0.000628779210444466,TRUE
3,stk_short_n1000,alternative,null_link_n1000,1000,bagoft,EDGE.poly3.u.G10,200,0.27,0.83,-0.56,53,1,113,33,1.10740971802267e-32,0.065,200,TRUE,0.0544,10000,TRUE,p < alpha,p <= alpha,TRUE,"poly3=u,sym=u",TRUE,"",2.31448631066737e-30,TRUE
3,stk_short_n1000,alternative,null_link_n1000,1000,bagoft,EDGE.poly3.u.Grule,200,0.27,0.91,-0.64,53,1,129,17,1.9248719994715e-37,0.065,200,TRUE,0.0523,10000,TRUE,p < alpha,p <= alpha,TRUE,"poly3=u,sym=u",TRUE,"",4.15772351885845e-35,TRUE
3,stk_short_n1000,alternative,null_link_n1000,1000,bagoft,EDGE.poly3.sc.G10,200,0.27,0.71,-0.44,51,3,91,55,1.39859358697168e-23,0.065,200,TRUE,0.0549,10000,TRUE,p < alpha,p <= alpha,FALSE,"poly3=u,sym=u",FALSE,not the weighting form chosen by Section A (--forms),,
3,stk_short_n1000,alternative,null_link_n1000,1000,bagoft,EDGE.poly3.sc.Grule,200,0.27,0.835,-0.565,53,1,114,32,5.58519683872294e-33,0.065,200,TRUE,0.0571,10000,FALSE,p < alpha,p <= alpha,FALSE,"poly3=u,sym=u",FALSE,the comparator does not hold size at 0.05; not the weighting form chosen by Section A (--forms),,
3,stk_short_n1000,alternative,null_link_n1000,1000,bagoft,EDGE.sym.u.G10,200,0.27,0.84,-0.57,51,3,117,29,4.33486205396806e-31,0.065,200,TRUE,0.0521,10000,TRUE,p < alpha,p <= alpha,TRUE,"poly3=u,sym=u",TRUE,"",9.01651307225357e-29,TRUE
3,stk_short_n1000,alternative,null_link_n1000,1000,bagoft,EDGE.sym.u.Grule,200,0.27,0.9,-0.63,54,0,126,20,2.35098870164461e-38,0.065,200,TRUE,0.0501,10000,TRUE,p < alpha,p <= alpha,TRUE,"poly3=u,sym=u",TRUE,"",5.14866525660169e-36,TRUE
3,stk_short_n1000,alternative,null_link_n1000,1000,bagoft,EDGE.sym.sc.G10,200,0.27,0.82,-0.55,52,2,112,34,6.31319835770139e-31,0.065,200,TRUE,0.0537,10000,TRUE,p < alpha,p <= alpha,FALSE,"poly3=u,sym=u",FALSE,not the weighting form chosen by Section A (--forms),,
3,stk_short_n1000,alternative,null_link_n1000,1000,bagoft,EDGE.sym.sc.Grule,200,0.27,0.94,-0.67,54,0,134,12,9.18354961579922e-41,0.065,200,TRUE,0.0499,10000,TRUE,p < alpha,p <= alpha,FALSE,"poly3=u,sym=u",FALSE,not the weighting form chosen by Section A (--forms),,
3,stk_short_n1000,alternative,null_link_n1000,1000,bagoft,Stk.joint,200,0.27,0.905,-0.635,53,1,128,18,3.82035664017243e-37,0.065,200,TRUE,0.0499,10000,TRUE,p < alpha,p <= alpha,TRUE,"poly3=u,sym=u",TRUE,"",8.21376677637073e-35,TRUE
3,stk_short_n1000,alternative,null_link_n1000,1000,bagoft,GiViTI,200,0.27,0.69,-0.42,48,6,90,56,2.50325599769265e-20,0.065,200,TRUE,0.0534,10000,TRUE,p < alpha,p <= alpha,TRUE,"poly3=u,sym=u",TRUE,"",4.38069799596214e-18,TRUE
3,stk_asym_n500,alternative,null_link_n500,500,bagoft,EDGE.poly3.u.G10,200,0.535,0.915,-0.38,107,0,76,17,2.64697796016969e-23,0.07,200,TRUE,0.0496,10000,TRUE,p < alpha,p <= alpha,TRUE,"poly3=u,sym=u",TRUE,"",4.97631856511901e-21,TRUE
3,stk_asym_n500,alternative,null_link_n500,500,bagoft,EDGE.poly3.u.Grule,200,0.535,0.935,-0.4,107,0,80,13,1.65436122510606e-24,0.07,200,TRUE,0.0496,10000,TRUE,p < alpha,p <= alpha,TRUE,"poly3=u,sym=u",TRUE,"",3.22600438895682e-22,TRUE
3,stk_asym_n500,alternative,null_link_n500,500,bagoft,EDGE.poly3.sc.G10,200,0.535,0.88,-0.345,105,2,71,22,5.7217075587028e-19,0.07,200,TRUE,0.0509,10000,TRUE,p < alpha,p <= alpha,FALSE,"poly3=u,sym=u",FALSE,not the weighting form chosen by Section A (--forms),,
3,stk_asym_n500,alternative,null_link_n500,500,bagoft,EDGE.poly3.sc.Grule,200,0.535,0.895,-0.36,106,1,73,20,7.94093388050906e-21,0.07,200,TRUE,0.0499,10000,TRUE,p < alpha,p <= alpha,FALSE,"poly3=u,sym=u",FALSE,not the weighting form chosen by Section A (--forms),,
3,stk_asym_n500,alternative,null_link_n500,500,bagoft,EDGE.sym.u.G10,200,0.535,0.335,0.2,37,70,30,63,7.85013964559369e-05,0.07,200,TRUE,0.048,10000,TRUE,p < alpha,p <= alpha,TRUE,"poly3=u,sym=u",TRUE,"",0.00824264662787337,TRUE
3,stk_asym_n500,alternative,null_link_n500,500,bagoft,EDGE.sym.u.Grule,200,0.535,0.27,0.265,32,75,22,71,6.07339348818274e-08,0.07,200,TRUE,0.0466,10000,TRUE,p < alpha,p <= alpha,TRUE,"poly3=u,sym=u",TRUE,"",7.28807218581929e-06,TRUE
3,stk_asym_n500,alternative,null_link_n500,500,bagoft,EDGE.sym.sc.G10,200,0.535,0.29,0.245,36,71,22,71,3.48247767160068e-07,0.07,200,TRUE,0.048,10000,TRUE,p < alpha,p <= alpha,FALSE,"poly3=u,sym=u",FALSE,not the weighting form chosen by Section A (--forms),,
3,stk_asym_n500,alternative,null_link_n500,500,bagoft,EDGE.sym.sc.Grule,200,0.535,0.265,0.27,32,75,21,72,2.7069291882475e-08,0.07,200,TRUE,0.047,10000,TRUE,p < alpha,p <= alpha,FALSE,"poly3=u,sym=u",FALSE,not the weighting form chosen by Section A (--forms),,
3,stk_asym_n500,alternative,null_link_n500,500,bagoft,Stk.joint,200,0.535,0.93,-0.395,107,0,79,14,3.30872245021211e-24,0.07,200,TRUE,0.0503,10000,TRUE,p < alpha,p <= alpha,TRUE,"poly3=u,sym=u",TRUE,"",6.38583432890937e-22,TRUE
3,stk_asym_n500,alternative,null_link_n500,500,bagoft,GiViTI,200,0.535,0.94,-0.405,107,0,81,12,8.2718061255303e-25,0.07,200,TRUE,0.0529,10000,TRUE,p < alpha,p <= alpha,TRUE,"poly3=u,sym=u",TRUE,"",1.62954580672947e-22,TRUE
3,stk_asym_n1000,alternative,null_link_n1000,1000,bagoft,EDGE.poly3.u.G10,200,0.935,1,-0.065,187,0,13,0,0.000244140625,0.065,200,TRUE,0.0544,10000,TRUE,p < alpha,p <= alpha,TRUE,"poly3=u,sym=u",TRUE,"",0.025390625,TRUE
3,stk_asym_n1000,alternative,null_link_n1000,1000,bagoft,EDGE.poly3.u.Grule,200,0.935,1,-0.065,187,0,13,0,0.000244140625,0.065,200,TRUE,0.0523,10000,TRUE,p < alpha,p <= alpha,TRUE,"poly3=u,sym=u",TRUE,"",0.025390625,TRUE
3,stk_asym_n1000,alternative,null_link_n1000,1000,bagoft,EDGE.poly3.sc.G10,200,0.935,0.995,-0.06,186,1,13,0,0.0018310546875,0.065,200,TRUE,0.0549,10000,TRUE,p < alpha,p <= alpha,FALSE,"poly3=u,sym=u",FALSE,not the weighting form chosen by Section A (--forms),,
3,stk_asym_n1000,alternative,null_link_n1000,1000,bagoft,EDGE.poly3.sc.Grule,200,0.935,0.995,-0.06,186,1,13,0,0.0018310546875,0.065,200,TRUE,0.0571,10000,FALSE,p < alpha,p <= alpha,FALSE,"poly3=u,sym=u",FALSE,the comparator does not hold size at 0.05; not the weighting form chosen by Section A (--forms),,
3,stk_asym_n1000,alternative,null_link_n1000,1000,bagoft,EDGE.sym.u.G10,200,0.935,0.51,0.425,97,90,5,8,3.09319504861517e-21,0.065,200,TRUE,0.0521,10000,TRUE,p < alpha,p <= alpha,TRUE,"poly3=u,sym=u",TRUE,"",5.5677510875073e-19,TRUE
3,stk_asym_n1000,alternative,null_link_n1000,1000,bagoft,EDGE.sym.u.Grule,200,0.935,0.48,0.455,90,97,6,7,3.0015862863276e-22,0.065,200,TRUE,0.0501,10000,TRUE,p < alpha,p <= alpha,TRUE,"poly3=u,sym=u",TRUE,"",5.52291876684279e-20,TRUE
3,stk_asym_n1000,alternative,null_link_n1000,1000,bagoft,EDGE.sym.sc.G10,200,0.935,0.475,0.46,92,95,3,10,9.90481130821022e-25,0.065,200,TRUE,0.0537,10000,TRUE,p < alpha,p <= alpha,FALSE,"poly3=u,sym=u",FALSE,not the weighting form chosen by Section A (--forms),,
3,stk_asym_n1000,alternative,null_link_n1000,1000,bagoft,EDGE.sym.sc.Grule,200,0.935,0.445,0.49,84,103,5,8,7.21304299434233e-25,0.065,200,TRUE,0.0499,10000,TRUE,p < alpha,p <= alpha,FALSE,"poly3=u,sym=u",FALSE,not the weighting form chosen by Section A (--forms),,
3,stk_asym_n1000,alternative,null_link_n1000,1000,bagoft,Stk.joint,200,0.935,1,-0.065,187,0,13,0,0.000244140625,0.065,200,TRUE,0.0499,10000,TRUE,p < alpha,p <= alpha,TRUE,"poly3=u,sym=u",TRUE,"",0.025390625,TRUE
3,stk_asym_n1000,alternative,null_link_n1000,1000,bagoft,GiViTI,200,0.935,1,-0.065,187,0,13,0,0.000244140625,0.065,200,TRUE,0.0534,10000,TRUE,p < alpha,p <= alpha,TRUE,"poly3=u,sym=u",TRUE,"",0.025390625,TRUE
3,cauchit_n500,alternative,null_link_n500,500,bagoft,EDGE.poly3.u.G10,200,0.055,0.115,-0.06,3,8,20,169,0.0356981381773948,0.07,200,TRUE,0.0496,10000,TRUE,p < alpha,p <= alpha,TRUE,"poly3=u,sym=u",TRUE,"",1,FALSE
3,cauchit_n500,alternative,null_link_n500,500,bagoft,EDGE.poly3.u.Grule,200,0.055,0.14,-0.085,4,7,24,165,0.00332689285278321,0.07,200,TRUE,0.0496,10000,TRUE,p < alpha,p <= alpha,TRUE,"poly3=u,sym=u",TRUE,"",0.299420356750489,FALSE
3,cauchit_n500,alternative,null_link_n500,500,bagoft,EDGE.poly3.sc.G10,200,0.055,0.095,-0.04,4,7,15,174,0.133800506591797,0.07,200,TRUE,0.0509,10000,TRUE,p < alpha,p <= alpha,FALSE,"poly3=u,sym=u",FALSE,not the weighting form chosen by Section A (--forms),,
3,cauchit_n500,alternative,null_link_n500,500,bagoft,EDGE.poly3.sc.Grule,200,0.055,0.11,-0.055,2,9,20,169,0.0614283457398414,0.07,200,TRUE,0.0499,10000,TRUE,p < alpha,p <= alpha,FALSE,"poly3=u,sym=u",FALSE,not the weighting form chosen by Section A (--forms),,
3,cauchit_n500,alternative,null_link_n500,500,bagoft,EDGE.sym.u.G10,200,0.055,0.12,-0.065,3,8,21,168,0.0241195447742939,0.07,200,TRUE,0.048,10000,TRUE,p < alpha,p <= alpha,TRUE,"poly3=u,sym=u",TRUE,"",1,FALSE
3,cauchit_n500,alternative,null_link_n500,500,bagoft,EDGE.sym.u.Grule,200,0.055,0.145,-0.09,6,5,23,166,0.000912234187126161,0.07,200,TRUE,0.0466,10000,TRUE,p < alpha,p <= alpha,TRUE,"poly3=u,sym=u",TRUE,"",0.0884867161512376,FALSE
3,cauchit_n500,alternative,null_link_n500,500,bagoft,EDGE.sym.sc.G10,200,0.055,0.115,-0.06,3,8,20,169,0.0356981381773948,0.07,200,TRUE,0.048,10000,TRUE,p < alpha,p <= alpha,FALSE,"poly3=u,sym=u",FALSE,not the weighting form chosen by Section A (--forms),,
3,cauchit_n500,alternative,null_link_n500,500,bagoft,EDGE.sym.sc.Grule,200,0.055,0.14,-0.085,4,7,24,165,0.00332689285278321,0.07,200,TRUE,0.047,10000,TRUE,p < alpha,p <= alpha,FALSE,"poly3=u,sym=u",FALSE,not the weighting form chosen by Section A (--forms),,
3,cauchit_n500,alternative,null_link_n500,500,bagoft,Stk.joint,200,0.055,0.125,-0.07,4,7,21,168,0.0125409513711929,0.07,200,TRUE,0.0503,10000,TRUE,p < alpha,p <= alpha,TRUE,"poly3=u,sym=u",TRUE,"",1,FALSE
3,cauchit_n500,alternative,null_link_n500,500,bagoft,GiViTI,200,0.055,0.055,0,0,11,11,178,1,0.07,200,TRUE,0.0529,10000,TRUE,p < alpha,p <= alpha,TRUE,"poly3=u,sym=u",TRUE,"",1,FALSE
3,cauchit_n1000,alternative,null_link_n1000,1000,bagoft,EDGE.poly3.u.G10,200,0.08,0.185,-0.105,10,6,27,157,0.00032406346872449,0.065,200,TRUE,0.0544,10000,TRUE,p < alpha,p <= alpha,TRUE,"poly3=u,sym=u",TRUE,"",0.0320822834037245,TRUE
3,cauchit_n1000,alternative,null_link_n1000,1000,bagoft,EDGE.poly3.u.Grule,200,0.08,0.255,-0.175,11,5,40,144,7.87838416727029e-08,0.065,200,TRUE,0.0523,10000,TRUE,p < alpha,p <= alpha,TRUE,"poly3=u,sym=u",TRUE,"",9.37527715905165e-06,TRUE
3,cauchit_n1000,alternative,null_link_n1000,1000,bagoft,EDGE.poly3.sc.G10,200,0.08,0.195,-0.115,10,6,29,155,0.000116841867566109,0.065,200,TRUE,0.0549,10000,TRUE,p < alpha,p <= alpha,FALSE,"poly3=u,sym=u",FALSE,not the weighting form chosen by Section A (--forms),,
3,cauchit_n1000,alternative,null_link_n1000,1000,bagoft,EDGE.poly3.sc.Grule,200,0.08,0.2,-0.12,10,6,30,154,6.96016941219569e-05,0.065,200,TRUE,0.0571,10000,FALSE,p < alpha,p <= alpha,FALSE,"poly3=u,sym=u",FALSE,the comparator does not hold size at 0.05; not the weighting form chosen by Section A (--forms),,
3,cauchit_n1000,alternative,null_link_n1000,1000,bagoft,EDGE.sym.u.G10,200,0.08,0.18,-0.1,6,10,30,154,0.00222143377322937,0.065,200,TRUE,0.0521,10000,TRUE,p < alpha,p <= alpha,TRUE,"poly3=u,sym=u",TRUE,"",0.204371907137102,FALSE
3,cauchit_n1000,alternative,null_link_n1000,1000,bagoft,EDGE.sym.u.Grule,200,0.08,0.26,-0.18,9,7,43,141,2.09867742739789e-07,0.065,200,TRUE,0.0501,10000,TRUE,p < alpha,p <= alpha,TRUE,"poly3=u,sym=u",TRUE,"",2.45545259005554e-05,TRUE
3,cauchit_n1000,alternative,null_link_n1000,1000,bagoft,EDGE.sym.sc.G10,200,0.08,0.17,-0.09,6,10,28,156,0.0050976432976313,0.065,200,TRUE,0.0537,10000,TRUE,p < alpha,p <= alpha,FALSE,"poly3=u,sym=u",FALSE,not the weighting form chosen by Section A (--forms),,
3,cauchit_n1000,alternative,null_link_n1000,1000,bagoft,EDGE.sym.sc.Grule,200,0.08,0.265,-0.185,9,7,44,140,1.21152574195094e-07,0.065,200,TRUE,0.0499,10000,TRUE,p < alpha,p <= alpha,FALSE,"poly3=u,sym=u",FALSE,not the weighting form chosen by Section A (--forms),,
3,cauchit_n1000,alternative,null_link_n1000,1000,bagoft,Stk.joint,200,0.08,0.25,-0.17,11,5,39,145,1.40516249302892e-07,0.065,200,TRUE,0.0499,10000,TRUE,p < alpha,p <= alpha,TRUE,"poly3=u,sym=u",TRUE,"",1.65809174177412e-05,TRUE
3,cauchit_n1000,alternative,null_link_n1000,1000,bagoft,GiViTI,200,0.08,0.095,-0.015,6,10,13,171,0.677639484405518,0.065,200,TRUE,0.0534,10000,TRUE,p < alpha,p <= alpha,TRUE,"poly3=u,sym=u",TRUE,"",1,FALSE
3,t4_n500,alternative,null_link_n500,500,bagoft,EDGE.poly3.u.G10,200,0.06,0.045,0.015,0,12,9,179,0.663623809814453,0.07,200,TRUE,0.0496,10000,TRUE,p < alpha,p <= alpha,TRUE,"poly3=u,sym=u",TRUE,"",1,FALSE
3,t4_n500,alternative,null_link_n500,500,bagoft,EDGE.poly3.u.Grule,200,0.06,0.06,0,1,11,11,177,1,0.07,200,TRUE,0.0496,10000,TRUE,p < alpha,p <= alpha,TRUE,"poly3=u,sym=u",TRUE,"",1,FALSE
3,t4_n500,alternative,null_link_n500,500,bagoft,EDGE.poly3.sc.G10,200,0.06,0.03,0.03,0,12,6,182,0.237884521484375,0.07,200,TRUE,0.0509,10000,TRUE,p < alpha,p <= alpha,FALSE,"poly3=u,sym=u",FALSE,not the weighting form chosen by Section A (--forms),,
3,t4_n500,alternative,null_link_n500,500,bagoft,EDGE.poly3.sc.Grule,200,0.06,0.04,0.02,0,12,8,180,0.50344467163086,0.07,200,TRUE,0.0499,10000,TRUE,p < alpha,p <= alpha,FALSE,"poly3=u,sym=u",FALSE,not the weighting form chosen by Section A (--forms),,
3,t4_n500,alternative,null_link_n500,500,bagoft,EDGE.sym.u.G10,200,0.06,0.08,-0.02,1,11,15,173,0.557197093963624,0.07,200,TRUE,0.048,10000,TRUE,p < alpha,p <= alpha,TRUE,"poly3=u,sym=u",TRUE,"",1,FALSE
3,t4_n500,alternative,null_link_n500,500,bagoft,EDGE.sym.u.Grule,200,0.06,0.06,0,0,12,12,176,1,0.07,200,TRUE,0.0466,10000,TRUE,p < alpha,p <= alpha,TRUE,"poly3=u,sym=u",TRUE,"",1,FALSE
3,t4_n500,alternative,null_link_n500,500,bagoft,EDGE.sym.sc.G10,200,0.06,0.065,-0.005,0,12,13,175,1,0.07,200,TRUE,0.048,10000,TRUE,p < alpha,p <= alpha,FALSE,"poly3=u,sym=u",FALSE,not the weighting form chosen by Section A (--forms),,
3,t4_n500,alternative,null_link_n500,500,bagoft,EDGE.sym.sc.Grule,200,0.06,0.06,0,1,11,11,177,1,0.07,200,TRUE,0.047,10000,TRUE,p < alpha,p <= alpha,FALSE,"poly3=u,sym=u",FALSE,not the weighting form chosen by Section A (--forms),,
3,t4_n500,alternative,null_link_n500,500,bagoft,Stk.joint,200,0.06,0.06,0,1,11,11,177,1,0.07,200,TRUE,0.0503,10000,TRUE,p < alpha,p <= alpha,TRUE,"poly3=u,sym=u",TRUE,"",1,FALSE
3,t4_n500,alternative,null_link_n500,500,bagoft,GiViTI,200,0.06,0.06,0,2,10,10,178,1,0.07,200,TRUE,0.0529,10000,TRUE,p < alpha,p <= alpha,TRUE,"poly3=u,sym=u",TRUE,"",1,FALSE
3,t4_n1000,alternative,null_link_n1000,1000,bagoft,EDGE.poly3.u.G10,200,0.035,0.08,-0.045,1,6,15,178,0.0783538818359376,0.065,200,TRUE,0.0544,10000,TRUE,p < alpha,p <= alpha,TRUE,"poly3=u,sym=u",TRUE,"",1,FALSE
3,t4_n1000,alternative,null_link_n1000,1000,bagoft,EDGE.poly3.u.Grule,200,0.035,0.07,-0.035,1,6,13,180,0.167068481445313,0.065,200,TRUE,0.0523,10000,TRUE,p < alpha,p <= alpha,TRUE,"poly3=u,sym=u",TRUE,"",1,FALSE
3,t4_n1000,alternative,null_link_n1000,1000,bagoft,EDGE.poly3.sc.G10,200,0.035,0.055,-0.02,1,6,10,183,0.454498291015625,0.065,200,TRUE,0.0549,10000,TRUE,p < alpha,p <= alpha,FALSE,"poly3=u,sym=u",FALSE,not the weighting form chosen by Section A (--forms),,
3,t4_n1000,alternative,null_link_n1000,1000,bagoft,EDGE.poly3.sc.Grule,200,0.035,0.075,-0.04,1,6,14,179,0.115318298339844,0.065,200,TRUE,0.0571,10000,FALSE,p < alpha,p <= alpha,FALSE,"poly3=u,sym=u",FALSE,the comparator does not hold size at 0.05; not the weighting form chosen by Section A (--forms),,
3,t4_n1000,alternative,null_link_n1000,1000,bagoft,EDGE.sym.u.G10,200,0.035,0.09,-0.055,0,7,18,175,0.0432852506637574,0.065,200,TRUE,0.0521,10000,TRUE,p < alpha,p <= alpha,TRUE,"poly3=u,sym=u",TRUE,"",1,FALSE
3,t4_n1000,alternative,null_link_n1000,1000,bagoft,EDGE.sym.u.Grule,200,0.035,0.07,-0.035,0,7,14,179,0.189247131347656,0.065,200,TRUE,0.0501,10000,TRUE,p < alpha,p <= alpha,TRUE,"poly3=u,sym=u",TRUE,"",1,FALSE
3,t4_n1000,alternative,null_link_n1000,1000,bagoft,EDGE.sym.sc.G10,200,0.035,0.09,-0.055,0,7,18,175,0.0432852506637574,0.065,200,TRUE,0.0537,10000,TRUE,p < alpha,p <= alpha,FALSE,"poly3=u,sym=u",FALSE,not the weighting form chosen by Section A (--forms),,
3,t4_n1000,alternative,null_link_n1000,1000,bagoft,EDGE.sym.sc.Grule,200,0.035,0.065,-0.03,0,7,13,180,0.263175964355469,0.065,200,TRUE,0.0499,10000,TRUE,p < alpha,p <= alpha,FALSE,"poly3=u,sym=u",FALSE,not the weighting form chosen by Section A (--forms),,
3,t4_n1000,alternative,null_link_n1000,1000,bagoft,Stk.joint,200,0.035,0.065,-0.03,1,6,12,181,0.237884521484375,0.065,200,TRUE,0.0499,10000,TRUE,p < alpha,p <= alpha,TRUE,"poly3=u,sym=u",TRUE,"",1,FALSE
3,t4_n1000,alternative,null_link_n1000,1000,bagoft,GiViTI,200,0.035,0.07,-0.035,1,6,13,180,0.167068481445313,0.065,200,TRUE,0.0534,10000,TRUE,p < alpha,p <= alpha,TRUE,"poly3=u,sym=u",TRUE,"",1,FALSE
3,loglog_n500,alternative,null_link_n500,500,bagoft,EDGE.poly3.u.G10,200,0.09,0.355,-0.265,17,1,54,128,3.10862446895044e-15,0.07,200,TRUE,0.0496,10000,TRUE,p < alpha,p <= alpha,TRUE,"poly3=u,sym=u",TRUE,"",4.88054041625218e-13,TRUE
3,loglog_n500,alternative,null_link_n500,500,bagoft,EDGE.poly3.u.Grule,200,0.09,0.36,-0.27,14,4,58,124,2.59175927247446e-13,0.07,200,TRUE,0.0496,10000,TRUE,p < alpha,p <= alpha,TRUE,"poly3=u,sym=u",TRUE,"",3.80988613053745e-11,TRUE
3,loglog_n500,alternative,null_link_n500,500,bagoft,EDGE.poly3.sc.G10,200,0.09,0.29,-0.2,12,6,46,136,1.03258219752433e-08,0.07,200,TRUE,0.0509,10000,TRUE,p < alpha,p <= alpha,FALSE,"poly3=u,sym=u",FALSE,not the weighting form chosen by Section A (--forms),,
3,loglog_n500,alternative,null_link_n500,500,bagoft,EDGE.poly3.sc.Grule,200,0.09,0.305,-0.215,11,7,50,132,4.2367098440632e-09,0.07,200,TRUE,0.0499,10000,TRUE,p < alpha,p <= alpha,FALSE,"poly3=u,sym=u",FALSE,not the weighting form chosen by Section A (--forms),,
3,loglog_n500,alternative,null_link_n500,500,bagoft,EDGE.sym.u.G10,200,0.09,0.2,-0.11,4,14,36,146,0.00260217145672215,0.07,200,TRUE,0.048,10000,TRUE,p < alpha,p <= alpha,TRUE,"poly3=u,sym=u",TRUE,"",0.236797602561716,FALSE
3,loglog_n500,alternative,null_link_n500,500,bagoft,EDGE.sym.u.Grule,200,0.09,0.17,-0.08,4,14,30,152,0.0226288412059148,0.07,200,TRUE,0.0466,10000,TRUE,p < alpha,p <= alpha,TRUE,"poly3=u,sym=u",TRUE,"",1,FALSE
3,loglog_n500,alternative,null_link_n500,500,bagoft,EDGE.sym.sc.G10,200,0.09,0.175,-0.085,3,15,32,150,0.0186238366150065,0.07,200,TRUE,0.048,10000,TRUE,p < alpha,p <= alpha,FALSE,"poly3=u,sym=u",FALSE,not the weighting form chosen by Section A (--forms),,
3,loglog_n500,alternative,null_link_n500,500,bagoft,EDGE.sym.sc.Grule,200,0.09,0.18,-0.09,3,15,33,149,0.0132832815622451,0.07,200,TRUE,0.047,10000,TRUE,p < alpha,p <= alpha,FALSE,"poly3=u,sym=u",FALSE,not the weighting form chosen by Section A (--forms),,
3,loglog_n500,alternative,null_link_n500,500,bagoft,Stk.joint,200,0.09,0.36,-0.27,15,3,57,125,6.25385160324397e-14,0.07,200,TRUE,0.0503,10000,TRUE,p < alpha,p <= alpha,TRUE,"poly3=u,sym=u",TRUE,"",9.50585443693084e-12,TRUE
3,loglog_n500,alternative,null_link_n500,500,bagoft,GiViTI,200,0.09,0.455,-0.365,18,0,73,109,2.11758236813575e-22,0.07,200,TRUE,0.0529,10000,TRUE,p < alpha,p <= alpha,TRUE,"poly3=u,sym=u",TRUE,"",3.91752738105114e-20,TRUE
3,loglog_n1000,alternative,null_link_n1000,1000,bagoft,EDGE.poly3.u.G10,200,0.28,0.71,-0.43,50,6,92,52,7.09532095861477e-21,0.065,200,TRUE,0.0544,10000,TRUE,p < alpha,p <= alpha,TRUE,"poly3=u,sym=u",TRUE,"",1.25587180967481e-18,TRUE
3,loglog_n1000,alternative,null_link_n1000,1000,bagoft,EDGE.poly3.u.Grule,200,0.28,0.73,-0.45,52,4,94,50,2.37871728965149e-23,0.065,200,TRUE,0.0523,10000,TRUE,p < alpha,p <= alpha,TRUE,"poly3=u,sym=u",TRUE,"",4.49577567744131e-21,TRUE
3,loglog_n1000,alternative,null_link_n1000,1000,bagoft,EDGE.poly3.sc.G10,200,0.28,0.57,-0.29,50,6,64,80,2.44272646814785e-13,0.065,200,TRUE,0.0549,10000,TRUE,p < alpha,p <= alpha,FALSE,"poly3=u,sym=u",FALSE,not the weighting form chosen by Section A (--forms),,
3,loglog_n1000,alternative,null_link_n1000,1000,bagoft,EDGE.poly3.sc.Grule,200,0.28,0.565,-0.285,48,8,65,79,3.23098150690927e-12,0.065,200,TRUE,0.0571,10000,FALSE,p < alpha,p <= alpha,FALSE,"poly3=u,sym=u",FALSE,the comparator does not hold size at 0.05; not the weighting form chosen by Section A (--forms),,
3,loglog_n1000,alternative,null_link_n1000,1000,bagoft,EDGE.sym.u.G10,200,0.28,0.37,-0.09,26,30,48,96,0.0535443921685022,0.065,200,TRUE,0.0521,10000,TRUE,p < alpha,p <= alpha,TRUE,"poly3=u,sym=u",TRUE,"",1,FALSE
3,loglog_n1000,alternative,null_link_n1000,1000,bagoft,EDGE.sym.u.Grule,200,0.28,0.395,-0.115,28,28,51,93,0.0128124021758314,0.065,200,TRUE,0.0501,10000,TRUE,p < alpha,p <= alpha,TRUE,"poly3=u,sym=u",TRUE,"",1,FALSE
3,loglog_n1000,alternative,null_link_n1000,1000,bagoft,EDGE.sym.sc.G10,200,0.28,0.31,-0.03,24,32,38,106,0.550412511822472,0.065,200,TRUE,0.0537,10000,TRUE,p < alpha,p <= alpha,FALSE,"poly3=u,sym=u",FALSE,not the weighting form chosen by Section A (--forms),,
3,loglog_n1000,alternative,null_link_n1000,1000,bagoft,EDGE.sym.sc.Grule,200,0.28,0.38,-0.1,28,28,48,96,0.0286266555087379,0.065,200,TRUE,0.0499,10000,TRUE,p < alpha,p <= alpha,FALSE,"poly3=u,sym=u",FALSE,not the weighting form chosen by Section A (--forms),,
3,loglog_n1000,alternative,null_link_n1000,1000,bagoft,Stk.joint,200,0.28,0.745,-0.465,52,4,97,47,3.35638779268829e-24,0.065,200,TRUE,0.0499,10000,TRUE,p < alpha,p <= alpha,TRUE,"poly3=u,sym=u",TRUE,"",6.44426456196151e-22,TRUE
3,loglog_n1000,alternative,null_link_n1000,1000,bagoft,GiViTI,200,0.28,0.775,-0.495,49,7,106,38,7.95291658529175e-24,0.065,200,TRUE,0.0534,10000,TRUE,p < alpha,p <= alpha,TRUE,"poly3=u,sym=u",TRUE,"",1.51105415120543e-21,TRUE
1b,null_base_n610,null,,610,bagoft,EDGE.poly3.u.G10,200,0.025,0.06,-0.035,0,5,12,183,0.143463134765625,0.025,200,TRUE,0.05,2000,TRUE,p < alpha,p <= alpha,TRUE,"poly3=u,sym=u",FALSE,"null cell: size comparison, not in the Holm family",,
1b,null_base_n610,null,,610,bagoft,EDGE.poly3.u.Grule,200,0.025,0.07,-0.045,0,5,14,181,0.063568115234375,0.025,200,TRUE,0.0455,2000,TRUE,p < alpha,p <= alpha,TRUE,"poly3=u,sym=u",FALSE,"null cell: size comparison, not in the Holm family",,
1b,null_base_n610,null,,610,bagoft,EDGE.poly3.sc.G10,200,0.025,0.075,-0.05,0,5,15,180,0.0413894653320313,0.025,200,TRUE,0.0505,2000,TRUE,p < alpha,p <= alpha,FALSE,"poly3=u,sym=u",FALSE,"null cell: size comparison, not in the Holm family; not the weighting form chosen by Section A (--forms)",,
1b,null_base_n610,null,,610,bagoft,EDGE.poly3.sc.Grule,200,0.025,0.06,-0.035,0,5,12,183,0.143463134765625,0.025,200,TRUE,0.0475,2000,TRUE,p < alpha,p <= alpha,FALSE,"poly3=u,sym=u",FALSE,"null cell: size comparison, not in the Holm family; not the weighting form chosen by Section A (--forms)",,
1b,null_base_n610,null,,610,bagoft,EDGE.sym.u.G10,200,0.025,0.05,-0.025,0,5,10,185,0.3017578125,0.025,200,TRUE,0.042,2000,TRUE,p < alpha,p <= alpha,TRUE,"poly3=u,sym=u",FALSE,"null cell: size comparison, not in the Holm family",,
1b,null_base_n610,null,,610,bagoft,EDGE.sym.u.Grule,200,0.025,0.075,-0.05,0,5,15,180,0.0413894653320313,0.025,200,TRUE,0.0465,2000,TRUE,p < alpha,p <= alpha,TRUE,"poly3=u,sym=u",FALSE,"null cell: size comparison, not in the Holm family",,
1b,null_base_n610,null,,610,bagoft,EDGE.sym.sc.G10,200,0.025,0.045,-0.02,0,5,9,186,0.4239501953125,0.025,200,TRUE,0.046,2000,TRUE,p < alpha,p <= alpha,FALSE,"poly3=u,sym=u",FALSE,"null cell: size comparison, not in the Holm family; not the weighting form chosen by Section A (--forms)",,
1b,null_base_n610,null,,610,bagoft,EDGE.sym.sc.Grule,200,0.025,0.07,-0.045,0,5,14,181,0.063568115234375,0.025,200,TRUE,0.0495,2000,TRUE,p < alpha,p <= alpha,FALSE,"poly3=u,sym=u",FALSE,"null cell: size comparison, not in the Holm family; not the weighting form chosen by Section A (--forms)",,
1b,null_base_n610,null,,610,bagoft,Stk.joint,200,0.025,0.06,-0.035,0,5,12,183,0.143463134765625,0.025,200,TRUE,0.049,2000,TRUE,p < alpha,p <= alpha,TRUE,"poly3=u,sym=u",FALSE,"null cell: size comparison, not in the Holm family",,
1b,null_base_n610,null,,610,bagoft,GiViTI,200,0.025,0.045,-0.02,0,5,9,186,0.4239501953125,0.025,200,TRUE,0.042,2000,TRUE,p < alpha,p <= alpha,TRUE,"poly3=u,sym=u",FALSE,"null cell: size comparison, not in the Holm family",,
1b,null_base_n1000,null,,1000,bagoft,EDGE.poly3.u.G10,200,0.075,0.065,0.01,1,14,12,173,0.845018982887268,0.075,200,TRUE,0.056,2000,TRUE,p < alpha,p <= alpha,TRUE,"poly3=u,sym=u",FALSE,"null cell: size comparison, not in the Holm family",,
1b,null_base_n1000,null,,1000,bagoft,EDGE.poly3.u.Grule,200,0.075,0.04,0.035,2,13,6,179,0.167068481445313,0.075,200,TRUE,0.0555,2000,TRUE,p < alpha,p <= alpha,TRUE,"poly3=u,sym=u",FALSE,"null cell: size comparison, not in the Holm family",,
1b,null_base_n1000,null,,1000,bagoft,EDGE.poly3.sc.G10,200,0.075,0.075,0,1,14,14,171,1,0.075,200,TRUE,0.06,2000,TRUE,p < alpha,p <= alpha,FALSE,"poly3=u,sym=u",FALSE,"null cell: size comparison, not in the Holm family; not the weighting form chosen by Section A (--forms)",,
1b,null_base_n1000,null,,1000,bagoft,EDGE.poly3.sc.Grule,200,0.075,0.05,0.025,3,12,7,178,0.359283447265625,0.075,200,TRUE,0.0545,2000,TRUE,p < alpha,p <= alpha,FALSE,"poly3=u,sym=u",FALSE,"null cell: size comparison, not in the Holm family; not the weighting form chosen by Section A (--forms)",,
1b,null_base_n1000,null,,1000,bagoft,EDGE.sym.u.G10,200,0.075,0.05,0.025,0,15,10,175,0.42435622215271,0.075,200,TRUE,0.047,2000,TRUE,p < alpha,p <= alpha,TRUE,"poly3=u,sym=u",FALSE,"null cell: size comparison, not in the Holm family",,
1b,null_base_n1000,null,,1000,bagoft,EDGE.sym.u.Grule,200,0.075,0.07,0.00499999999999999,2,13,12,173,1,0.075,200,TRUE,0.057,2000,TRUE,p < alpha,p <= alpha,TRUE,"poly3=u,sym=u",FALSE,"null cell: size comparison, not in the Holm family",,
1b,null_base_n1000,null,,1000,bagoft,EDGE.sym.sc.G10,200,0.075,0.055,0.02,0,15,11,174,0.557197093963624,0.075,200,TRUE,0.051,2000,TRUE,p < alpha,p <= alpha,FALSE,"poly3=u,sym=u",FALSE,"null cell: size comparison, not in the Holm family; not the weighting form chosen by Section A (--forms)",,
1b,null_base_n1000,null,,1000,bagoft,EDGE.sym.sc.Grule,200,0.075,0.06,0.015,1,14,11,174,0.690037965774536,0.075,200,TRUE,0.0535,2000,TRUE,p < alpha,p <= alpha,FALSE,"poly3=u,sym=u",FALSE,"null cell: size comparison, not in the Holm family; not the weighting form chosen by Section A (--forms)",,
1b,null_base_n1000,null,,1000,bagoft,Stk.joint,200,0.075,0.045,0.03,2,13,7,178,0.263175964355469,0.075,200,TRUE,0.052,2000,TRUE,p < alpha,p <= alpha,TRUE,"poly3=u,sym=u",FALSE,"null cell: size comparison, not in the Holm family",,
1b,null_base_n1000,null,,1000,bagoft,GiViTI,200,0.075,0.04,0.035,2,13,6,179,0.167068481445313,0.075,200,TRUE,0.0445,2000,TRUE,p < alpha,p <= alpha,TRUE,"poly3=u,sym=u",FALSE,"null cell: size comparison, not in the Holm family",,
1b,null_auc_n460,null,,460,bagoft,EDGE.poly3.u.G10,200,0.04,0.05,-0.01,0,8,10,182,0.814529418945313,0.04,200,TRUE,0.048,2000,TRUE,p < alpha,p <= alpha,TRUE,"poly3=u,sym=u",FALSE,"null cell: size comparison, not in the Holm family",,
1b,null_auc_n460,null,,460,bagoft,EDGE.poly3.u.Grule,200,0.04,0.065,-0.025,0,8,13,179,0.383310317993164,0.04,200,TRUE,0.0465,2000,TRUE,p < alpha,p <= alpha,TRUE,"poly3=u,sym=u",FALSE,"null cell: size comparison, not in the Holm family",,
1b,null_auc_n460,null,,460,bagoft,EDGE.poly3.sc.G10,200,0.04,0.04,0,0,8,8,184,1,0.04,200,TRUE,0.0415,2000,TRUE,p < alpha,p <= alpha,FALSE,"poly3=u,sym=u",FALSE,"null cell: size comparison, not in the Holm family; not the weighting form chosen by Section A (--forms)",,
1b,null_auc_n460,null,,460,bagoft,EDGE.poly3.sc.Grule,200,0.04,0.05,-0.01,1,7,9,183,0.803619384765625,0.04,200,TRUE,0.0445,2000,TRUE,p < alpha,p <= alpha,FALSE,"poly3=u,sym=u",FALSE,"null cell: size comparison, not in the Holm family; not the weighting form chosen by Section A (--forms)",,
1b,null_auc_n460,null,,460,bagoft,EDGE.sym.u.G10,200,0.04,0.04,0,0,8,8,184,1,0.04,200,TRUE,0.046,2000,TRUE,p < alpha,p <= alpha,TRUE,"poly3=u,sym=u",FALSE,"null cell: size comparison, not in the Holm family",,
1b,null_auc_n460,null,,460,bagoft,EDGE.sym.u.Grule,200,0.04,0.055,-0.015,0,8,11,181,0.647605895996094,0.04,200,TRUE,0.0485,2000,TRUE,p < alpha,p <= alpha,TRUE,"poly3=u,sym=u",FALSE,"null cell: size comparison, not in the Holm family",,
1b,null_auc_n460,null,,460,bagoft,EDGE.sym.sc.G10,200,0.04,0.045,-0.005,0,8,9,183,1,0.04,200,TRUE,0.053,2000,TRUE,p < alpha,p <= alpha,FALSE,"poly3=u,sym=u",FALSE,"null cell: size comparison, not in the Holm family; not the weighting form chosen by Section A (--forms)",,
1b,null_auc_n460,null,,460,bagoft,EDGE.sym.sc.Grule,200,0.04,0.045,-0.005,0,8,9,183,1,0.04,200,TRUE,0.048,2000,TRUE,p < alpha,p <= alpha,FALSE,"poly3=u,sym=u",FALSE,"null cell: size comparison, not in the Holm family; not the weighting form chosen by Section A (--forms)",,
1b,null_auc_n460,null,,460,bagoft,Stk.joint,200,0.04,0.065,-0.025,0,8,13,179,0.383310317993164,0.04,200,TRUE,0.0465,2000,TRUE,p < alpha,p <= alpha,TRUE,"poly3=u,sym=u",FALSE,"null cell: size comparison, not in the Holm family",,
1b,null_auc_n460,null,,460,bagoft,GiViTI,200,0.04,0.05,-0.01,1,7,9,183,0.803619384765625,0.04,200,TRUE,0.048,2000,TRUE,p < alpha,p <= alpha,TRUE,"poly3=u,sym=u",FALSE,"null cell: size comparison, not in the Holm family",,
1b,null_auc_n760,null,,760,bagoft,EDGE.poly3.u.G10,200,0.045,0.055,-0.01,3,6,8,183,0.79052734375,0.045,200,TRUE,0.0575,2000,TRUE,p < alpha,p <= alpha,TRUE,"poly3=u,sym=u",FALSE,"null cell: size comparison, not in the Holm family",,
1b,null_auc_n760,null,,760,bagoft,EDGE.poly3.u.Grule,200,0.045,0.07,-0.025,4,5,10,181,0.3017578125,0.045,200,TRUE,0.059,2000,TRUE,p < alpha,p <= alpha,TRUE,"poly3=u,sym=u",FALSE,"null cell: size comparison, not in the Holm family",,
1b,null_auc_n760,null,,760,bagoft,EDGE.poly3.sc.G10,200,0.045,0.05,-0.005,2,7,8,183,1,0.045,200,TRUE,0.0575,2000,TRUE,p < alpha,p <= alpha,FALSE,"poly3=u,sym=u",FALSE,"null cell: size comparison, not in the Holm family; not the weighting form chosen by Section A (--forms)",,
1b,null_auc_n760,null,,760,bagoft,EDGE.poly3.sc.Grule,200,0.045,0.03,0.015,1,8,5,186,0.5810546875,0.045,200,TRUE,0.0535,2000,TRUE,p < alpha,p <= alpha,FALSE,"poly3=u,sym=u",FALSE,"null cell: size comparison, not in the Holm family; not the weighting form chosen by Section A (--forms)",,
1b,null_auc_n760,null,,760,bagoft,EDGE.sym.u.G10,200,0.045,0.055,-0.01,1,8,10,181,0.814529418945313,0.045,200,TRUE,0.0485,2000,TRUE,p < alpha,p <= alpha,TRUE,"poly3=u,sym=u",FALSE,"null cell: size comparison, not in the Holm family",,
1b,null_auc_n760,null,,760,bagoft,EDGE.sym.u.Grule,200,0.045,0.03,0.015,1,8,5,186,0.5810546875,0.045,200,TRUE,0.0455,2000,TRUE,p < alpha,p <= alpha,TRUE,"poly3=u,sym=u",FALSE,"null cell: size comparison, not in the Holm family",,
1b,null_auc_n760,null,,760,bagoft,EDGE.sym.sc.G10,200,0.045,0.05,-0.005,2,7,8,183,1,0.045,200,TRUE,0.054,2000,TRUE,p < alpha,p <= alpha,FALSE,"poly3=u,sym=u",FALSE,"null cell: size comparison, not in the Holm family; not the weighting form chosen by Section A (--forms)",,
1b,null_auc_n760,null,,760,bagoft,EDGE.sym.sc.Grule,200,0.045,0.04,0.005,2,7,6,185,1,0.045,200,TRUE,0.055,2000,TRUE,p < alpha,p <= alpha,FALSE,"poly3=u,sym=u",FALSE,"null cell: size comparison, not in the Holm family; not the weighting form chosen by Section A (--forms)",,
1b,null_auc_n760,null,,760,bagoft,Stk.joint,200,0.045,0.06,-0.015,3,6,9,182,0.60723876953125,0.045,200,TRUE,0.051,2000,TRUE,p < alpha,p <= alpha,TRUE,"poly3=u,sym=u",FALSE,"null cell: size comparison, not in the Holm family",,
1b,null_auc_n760,null,,760,bagoft,GiViTI,200,0.045,0.08,-0.035,3,6,13,178,0.167068481445313,0.045,200,TRUE,0.0565,2000,TRUE,p < alpha,p <= alpha,TRUE,"poly3=u,sym=u",FALSE,"null cell: size comparison, not in the Holm family",,
1b,null_auc_n380,null,,380,bagoft,EDGE.poly3.u.G10,200,0.045,0.04,0.005,2,7,6,185,1,0.045,200,TRUE,0.0535,2000,TRUE,p < alpha,p <= alpha,TRUE,"poly3=u,sym=u",FALSE,"null cell: size comparison, not in the Holm family",,
1b,null_auc_n380,null,,380,bagoft,EDGE.poly3.u.Grule,200,0.045,0.055,-0.01,4,5,7,184,0.7744140625,0.045,200,TRUE,0.052,2000,TRUE,p < alpha,p <= alpha,TRUE,"poly3=u,sym=u",FALSE,"null cell: size comparison, not in the Holm family",,
1b,null_auc_n380,null,,380,bagoft,EDGE.poly3.sc.G10,200,0.045,0.02,0.025,2,7,2,189,0.1796875,0.045,200,TRUE,0.055,2000,TRUE,p < alpha,p <= alpha,FALSE,"poly3=u,sym=u",FALSE,"null cell: size comparison, not in the Holm family; not the weighting form chosen by Section A (--forms)",,
1b,null_auc_n380,null,,380,bagoft,EDGE.poly3.sc.Grule,200,0.045,0.055,-0.01,4,5,7,184,0.7744140625,0.045,200,TRUE,0.049,2000,TRUE,p < alpha,p <= alpha,FALSE,"poly3=u,sym=u",FALSE,"null cell: size comparison, not in the Holm family; not the weighting form chosen by Section A (--forms)",,
1b,null_auc_n380,null,,380,bagoft,EDGE.sym.u.G10,200,0.045,0.04,0.005,0,9,8,183,1,0.045,200,TRUE,0.04,2000,TRUE,p < alpha,p <= alpha,TRUE,"poly3=u,sym=u",FALSE,"null cell: size comparison, not in the Holm family",,
1b,null_auc_n380,null,,380,bagoft,EDGE.sym.u.Grule,200,0.045,0.04,0.005,1,8,7,184,1,0.045,200,TRUE,0.048,2000,TRUE,p < alpha,p <= alpha,TRUE,"poly3=u,sym=u",FALSE,"null cell: size comparison, not in the Holm family",,
1b,null_auc_n380,null,,380,bagoft,EDGE.sym.sc.G10,200,0.045,0.035,0.01,0,9,7,184,0.803619384765625,0.045,200,TRUE,0.048,2000,TRUE,p < alpha,p <= alpha,FALSE,"poly3=u,sym=u",FALSE,"null cell: size comparison, not in the Holm family; not the weighting form chosen by Section A (--forms)",,
1b,null_auc_n380,null,,380,bagoft,EDGE.sym.sc.Grule,200,0.045,0.055,-0.01,2,7,9,182,0.803619384765625,0.045,200,TRUE,0.048,2000,TRUE,p < alpha,p <= alpha,FALSE,"poly3=u,sym=u",FALSE,"null cell: size comparison, not in the Holm family; not the weighting form chosen by Section A (--forms)",,
1b,null_auc_n380,null,,380,bagoft,Stk.joint,200,0.045,0.045,0,3,6,6,185,1,0.045,200,TRUE,0.048,2000,TRUE,p < alpha,p <= alpha,TRUE,"poly3=u,sym=u",FALSE,"null cell: size comparison, not in the Holm family",,
1b,null_auc_n380,null,,380,bagoft,GiViTI,200,0.045,0.05,-0.005,2,7,8,183,1,0.045,200,TRUE,0.0585,2000,TRUE,p < alpha,p <= alpha,TRUE,"poly3=u,sym=u",FALSE,"null cell: size comparison, not in the Holm family",,
1b,null_auc_n640,null,,640,bagoft,EDGE.poly3.u.G10,200,0.04,0.035,0.005,0,8,7,185,1,0.04,200,TRUE,0.053,2000,TRUE,p < alpha,p <= alpha,TRUE,"poly3=u,sym=u",FALSE,"null cell: size comparison, not in the Holm family",,
1b,null_auc_n640,null,,640,bagoft,EDGE.poly3.u.Grule,200,0.04,0.04,0,0,8,8,184,1,0.04,200,TRUE,0.049,2000,TRUE,p < alpha,p <= alpha,TRUE,"poly3=u,sym=u",FALSE,"null cell: size comparison, not in the Holm family",,
1b,null_auc_n640,null,,640,bagoft,EDGE.poly3.sc.G10,200,0.04,0.02,0.02,1,7,3,189,0.34375,0.04,200,TRUE,0.045,2000,TRUE,p < alpha,p <= alpha,FALSE,"poly3=u,sym=u",FALSE,"null cell: size comparison, not in the Holm family; not the weighting form chosen by Section A (--forms)",,
1b,null_auc_n640,null,,640,bagoft,EDGE.poly3.sc.Grule,200,0.04,0.03,0.01,0,8,6,186,0.79052734375,0.04,200,TRUE,0.053,2000,TRUE,p < alpha,p <= alpha,FALSE,"poly3=u,sym=u",FALSE,"null cell: size comparison, not in the Holm family; not the weighting form chosen by Section A (--forms)",,
1b,null_auc_n640,null,,640,bagoft,EDGE.sym.u.G10,200,0.04,0.05,-0.01,0,8,10,182,0.814529418945313,0.04,200,TRUE,0.049,2000,TRUE,p < alpha,p <= alpha,TRUE,"poly3=u,sym=u",FALSE,"null cell: size comparison, not in the Holm family",,
1b,null_auc_n640,null,,640,bagoft,EDGE.sym.u.Grule,200,0.04,0.04,0,0,8,8,184,1,0.04,200,TRUE,0.047,2000,TRUE,p < alpha,p <= alpha,TRUE,"poly3=u,sym=u",FALSE,"null cell: size comparison, not in the Holm family",,
1b,null_auc_n640,null,,640,bagoft,EDGE.sym.sc.G10,200,0.04,0.045,-0.005,0,8,9,183,1,0.04,200,TRUE,0.05,2000,TRUE,p < alpha,p <= alpha,FALSE,"poly3=u,sym=u",FALSE,"null cell: size comparison, not in the Holm family; not the weighting form chosen by Section A (--forms)",,
1b,null_auc_n640,null,,640,bagoft,EDGE.sym.sc.Grule,200,0.04,0.055,-0.015,0,8,11,181,0.647605895996094,0.04,200,TRUE,0.0535,2000,TRUE,p < alpha,p <= alpha,FALSE,"poly3=u,sym=u",FALSE,"null cell: size comparison, not in the Holm family; not the weighting form chosen by Section A (--forms)",,
1b,null_auc_n640,null,,640,bagoft,Stk.joint,200,0.04,0.035,0.005,0,8,7,185,1,0.04,200,TRUE,0.053,2000,TRUE,p < alpha,p <= alpha,TRUE,"poly3=u,sym=u",FALSE,"null cell: size comparison, not in the Holm family",,
1b,null_auc_n640,null,,640,bagoft,GiViTI,200,0.04,0.03,0.01,0,8,6,186,0.79052734375,0.04,200,TRUE,0.0465,2000,TRUE,p < alpha,p <= alpha,TRUE,"poly3=u,sym=u",FALSE,"null cell: size comparison, not in the Holm family",,
1b,null_e12_n1000,null,,1000,bagoft,EDGE.poly3.u.G10,200,0.085,0.04,0.045,1,16,7,176,0.0931396484375001,0.085,200,TRUE,0.0495,2000,TRUE,p < alpha,p <= alpha,TRUE,"poly3=u,sym=u",FALSE,"null cell: size comparison, not in the Holm family",,
1b,null_e12_n1000,null,,1000,bagoft,EDGE.poly3.u.Grule,200,0.085,0.035,0.05,0,17,7,176,0.0639146566390992,0.085,200,TRUE,0.038,2000,TRUE,p < alpha,p <= alpha,TRUE,"poly3=u,sym=u",FALSE,"null cell: size comparison, not in the Holm family",,
1b,null_e12_n1000,null,,1000,bagoft,EDGE.poly3.sc.G10,200,0.085,0.05,0.035,1,16,9,174,0.229522943496704,0.085,200,TRUE,0.049,2000,TRUE,p < alpha,p <= alpha,FALSE,"poly3=u,sym=u",FALSE,"null cell: size comparison, not in the Holm family; not the weighting form chosen by Section A (--forms)",,
1b,null_e12_n1000,null,,1000,bagoft,EDGE.poly3.sc.Grule,200,0.085,0.04,0.045,0,17,8,175,0.107752144336701,0.085,200,TRUE,0.04,2000,TRUE,p < alpha,p <= alpha,FALSE,"poly3=u,sym=u",FALSE,"null cell: size comparison, not in the Holm family; not the weighting form chosen by Section A (--forms)",,
1b,null_e12_n1000,null,,1000,bagoft,EDGE.sym.u.G10,200,0.085,0.04,0.045,0,17,8,175,0.107752144336701,0.085,200,TRUE,0.053,2000,TRUE,p < alpha,p <= alpha,TRUE,"poly3=u,sym=u",FALSE,"null cell: size comparison, not in the Holm family",,
1b,null_e12_n1000,null,,1000,bagoft,EDGE.sym.u.Grule,200,0.085,0.035,0.05,0,17,7,176,0.0639146566390992,0.085,200,TRUE,0.0525,2000,TRUE,p < alpha,p <= alpha,TRUE,"poly3=u,sym=u",FALSE,"null cell: size comparison, not in the Holm family",,
1b,null_e12_n1000,null,,1000,bagoft,EDGE.sym.sc.G10,200,0.085,0.04,0.045,1,16,7,176,0.0931396484375001,0.085,200,TRUE,0.0505,2000,TRUE,p < alpha,p <= alpha,FALSE,"poly3=u,sym=u",FALSE,"null cell: size comparison, not in the Holm family; not the weighting form chosen by Section A (--forms)",,
1b,null_e12_n1000,null,,1000,bagoft,EDGE.sym.sc.Grule,200,0.085,0.04,0.045,1,16,7,176,0.0931396484375001,0.085,200,TRUE,0.0525,2000,TRUE,p < alpha,p <= alpha,FALSE,"poly3=u,sym=u",FALSE,"null cell: size comparison, not in the Holm family; not the weighting form chosen by Section A (--forms)",,
1b,null_e12_n1000,null,,1000,bagoft,Stk.joint,200,0.085,0.045,0.04,1,16,8,175,0.151589632034302,0.085,200,TRUE,0.0495,2000,TRUE,p < alpha,p <= alpha,TRUE,"poly3=u,sym=u",FALSE,"null cell: size comparison, not in the Holm family",,
1b,null_e12_n1000,null,,1000,bagoft,GiViTI,200,0.085,0.045,0.04,0,17,9,174,0.168637543916703,0.085,200,TRUE,0.0495,2000,TRUE,p < alpha,p <= alpha,TRUE,"poly3=u,sym=u",FALSE,"null cell: size comparison, not in the Holm family",,
2,loglog_base_n610,alternative,null_base_n610,610,bagoft,EDGE.poly3.u.G10,200,0.14,0.405,-0.265,21,7,60,112,1.32803682330665e-11,0.025,200,TRUE,0.05,2000,TRUE,p < alpha,p <= alpha,TRUE,"poly3=u,sym=u",TRUE,"",1.80613007969704e-09,TRUE
2,loglog_base_n610,alternative,null_base_n610,610,bagoft,EDGE.poly3.u.Grule,200,0.14,0.42,-0.28,23,5,61,111,2.63071357232969e-13,0.025,200,TRUE,0.0455,2000,TRUE,p < alpha,p <= alpha,TRUE,"poly3=u,sym=u",TRUE,"",3.84084181560135e-11,TRUE
2,loglog_base_n610,alternative,null_base_n610,610,bagoft,EDGE.poly3.sc.G10,200,0.14,0.34,-0.2,21,7,47,125,2.29186420952487e-08,0.025,200,TRUE,0.0505,2000,TRUE,p < alpha,p <= alpha,FALSE,"poly3=u,sym=u",FALSE,not the weighting form chosen by Section A (--forms),,
2,loglog_base_n610,alternative,null_base_n610,610,bagoft,EDGE.poly3.sc.Grule,200,0.14,0.325,-0.185,20,8,45,127,2.36835137723547e-07,0.025,200,TRUE,0.0475,2000,TRUE,p < alpha,p <= alpha,FALSE,"poly3=u,sym=u",FALSE,not the weighting form chosen by Section A (--forms),,
2,loglog_base_n610,alternative,null_base_n610,610,bagoft,EDGE.sym.u.G10,200,0.14,0.22,-0.08,8,20,36,136,0.0440465461021508,0.025,200,TRUE,0.042,2000,TRUE,p < alpha,p <= alpha,TRUE,"poly3=u,sym=u",TRUE,"",1,FALSE
2,loglog_base_n610,alternative,null_base_n610,610,bagoft,EDGE.sym.u.Grule,200,0.14,0.21,-0.07,11,17,31,141,0.0594633752537703,0.025,200,TRUE,0.0465,2000,TRUE,p < alpha,p <= alpha,TRUE,"poly3=u,sym=u",TRUE,"",1,FALSE
2,loglog_base_n610,alternative,null_base_n610,610,bagoft,EDGE.sym.sc.G10,200,0.14,0.22,-0.08,7,21,37,135,0.0479403240716672,0.025,200,TRUE,0.046,2000,TRUE,p < alpha,p <= alpha,FALSE,"poly3=u,sym=u",FALSE,not the weighting form chosen by Section A (--forms),,
2,loglog_base_n610,alternative,null_base_n610,610,bagoft,EDGE.sym.sc.Grule,200,0.14,0.235,-0.095,11,17,36,136,0.0126603358024142,0.025,200,TRUE,0.0495,2000,TRUE,p < alpha,p <= alpha,FALSE,"poly3=u,sym=u",FALSE,not the weighting form chosen by Section A (--forms),,
2,loglog_base_n610,alternative,null_base_n610,610,bagoft,Stk.joint,200,0.14,0.44,-0.3,24,4,64,108,5.87399053009195e-15,0.025,200,TRUE,0.049,2000,TRUE,p < alpha,p <= alpha,TRUE,"poly3=u,sym=u",TRUE,"",9.10468532164252e-13,TRUE
2,loglog_base_n610,alternative,null_base_n610,610,bagoft,GiViTI,200,0.14,0.565,-0.425,24,4,89,83,6.16724740917764e-22,0.025,200,TRUE,0.042,2000,TRUE,p < alpha,p <= alpha,TRUE,"poly3=u,sym=u",TRUE,"",1.12243902847033e-19,TRUE
2,loglog_base_n1000,alternative,null_base_n1000,1000,bagoft,EDGE.poly3.u.G10,200,0.25,0.7,-0.45,48,2,92,58,4.50950758747778e-25,0.075,200,TRUE,0.056,2000,TRUE,p < alpha,p <= alpha,TRUE,"poly3=u,sym=u",TRUE,"",8.92882502320601e-23,TRUE
2,loglog_base_n1000,alternative,null_base_n1000,1000,bagoft,EDGE.poly3.u.Grule,200,0.25,0.735,-0.485,49,1,98,52,3.15544362088407e-28,0.075,200,TRUE,0.0555,2000,TRUE,p < alpha,p <= alpha,TRUE,"poly3=u,sym=u",TRUE,"",6.34244167797697e-26,TRUE
2,loglog_base_n1000,alternative,null_base_n1000,1000,bagoft,EDGE.poly3.sc.G10,200,0.25,0.56,-0.31,45,5,67,83,6.3877308356783e-15,0.075,200,TRUE,0.06,2000,TRUE,p < alpha,p <= alpha,FALSE,"poly3=u,sym=u",FALSE,not the weighting form chosen by Section A (--forms),,
2,loglog_base_n1000,alternative,null_base_n1000,1000,bagoft,EDGE.poly3.sc.Grule,200,0.25,0.615,-0.365,47,3,76,74,2.72109334305443e-19,0.075,200,TRUE,0.0545,2000,TRUE,p < alpha,p <= alpha,FALSE,"poly3=u,sym=u",FALSE,not the weighting form chosen by Section A (--forms),,
2,loglog_base_n1000,alternative,null_base_n1000,1000,bagoft,EDGE.sym.u.G10,200,0.25,0.34,-0.09,21,29,47,103,0.0504524102472174,0.075,200,TRUE,0.047,2000,TRUE,p < alpha,p <= alpha,TRUE,"poly3=u,sym=u",TRUE,"",1,FALSE
2,loglog_base_n1000,alternative,null_base_n1000,1000,bagoft,EDGE.sym.u.Grule,200,0.25,0.39,-0.14,26,24,52,98,0.00176187200294063,0.075,200,TRUE,0.057,2000,TRUE,p < alpha,p <= alpha,TRUE,"poly3=u,sym=u",TRUE,"",0.163854096273479,FALSE
2,loglog_base_n1000,alternative,null_base_n1000,1000,bagoft,EDGE.sym.sc.G10,200,0.25,0.29,-0.04,18,32,40,110,0.409579395927073,0.075,200,TRUE,0.051,2000,TRUE,p < alpha,p <= alpha,FALSE,"poly3=u,sym=u",FALSE,not the weighting form chosen by Section A (--forms),,
2,loglog_base_n1000,alternative,null_base_n1000,1000,bagoft,EDGE.sym.sc.Grule,200,0.25,0.355,-0.105,22,28,49,101,0.0220334587648221,0.075,200,TRUE,0.0535,2000,TRUE,p < alpha,p <= alpha,FALSE,"poly3=u,sym=u",FALSE,not the weighting form chosen by Section A (--forms),,
2,loglog_base_n1000,alternative,null_base_n1000,1000,bagoft,Stk.joint,200,0.25,0.745,-0.495,49,1,100,50,8.04638123325425e-29,0.075,200,TRUE,0.052,2000,TRUE,p < alpha,p <= alpha,TRUE,"poly3=u,sym=u",TRUE,"",1.63341539035061e-26,TRUE
2,loglog_base_n1000,alternative,null_base_n1000,1000,bagoft,GiViTI,200,0.25,0.8,-0.55,47,3,113,37,6.26521862796184e-30,0.075,200,TRUE,0.0445,2000,TRUE,p < alpha,p <= alpha,TRUE,"poly3=u,sym=u",TRUE,"",1.29063503736014e-27,TRUE
2,cauchit_auc_n460,alternative,null_auc_n460,460,bagoft,EDGE.poly3.u.G10,200,0.14,0.425,-0.285,19,9,66,106,7.6588407020503e-12,0.04,200,TRUE,0.048,2000,TRUE,p < alpha,p <= alpha,TRUE,"poly3=u,sym=u",TRUE,"",1.05692001688294e-09,TRUE
2,cauchit_auc_n460,alternative,null_auc_n460,460,bagoft,EDGE.poly3.u.Grule,200,0.14,0.44,-0.3,20,8,68,104,5.6329075248064e-13,0.04,200,TRUE,0.0465,2000,TRUE,p < alpha,p <= alpha,TRUE,"poly3=u,sym=u",TRUE,"",8.05505776047315e-11,TRUE
2,cauchit_auc_n460,alternative,null_auc_n460,460,bagoft,EDGE.poly3.sc.G10,200,0.14,0.385,-0.245,19,9,58,114,6.81149789024705e-10,0.04,200,TRUE,0.0415,2000,TRUE,p < alpha,p <= alpha,FALSE,"poly3=u,sym=u",FALSE,not the weighting form chosen by Section A (--forms),,
2,cauchit_auc_n460,alternative,null_auc_n460,460,bagoft,EDGE.poly3.sc.Grule,200,0.14,0.41,-0.27,16,12,66,106,3.48585130009747e-10,0.04,200,TRUE,0.0445,2000,TRUE,p < alpha,p <= alpha,FALSE,"poly3=u,sym=u",FALSE,not the weighting form chosen by Section A (--forms),,
2,cauchit_auc_n460,alternative,null_auc_n460,460,bagoft,EDGE.sym.u.G10,200,0.14,0.425,-0.285,22,6,63,109,4.47352983649895e-13,0.04,200,TRUE,0.046,2000,TRUE,p < alpha,p <= alpha,TRUE,"poly3=u,sym=u",TRUE,"",6.44188296455849e-11,TRUE
2,cauchit_auc_n460,alternative,null_auc_n460,460,bagoft,EDGE.sym.u.Grule,200,0.14,0.49,-0.35,22,6,76,96,1.56869911224539e-16,0.04,200,TRUE,0.0485,2000,TRUE,p < alpha,p <= alpha,TRUE,"poly3=u,sym=u",TRUE,"",2.57266654408243e-14,TRUE
2,cauchit_auc_n460,alternative,null_auc_n460,460,bagoft,EDGE.sym.sc.G10,200,0.14,0.43,-0.29,20,8,66,106,1.80774105132825e-12,0.04,200,TRUE,0.053,2000,TRUE,p < alpha,p <= alpha,FALSE,"poly3=u,sym=u",FALSE,not the weighting form chosen by Section A (--forms),,
2,cauchit_auc_n460,alternative,null_auc_n460,460,bagoft,EDGE.sym.sc.Grule,200,0.14,0.52,-0.38,22,6,82,90,3.77111984413634e-18,0.04,200,TRUE,0.048,2000,TRUE,p < alpha,p <= alpha,FALSE,"poly3=u,sym=u",FALSE,not the weighting form chosen by Section A (--forms),,
2,cauchit_auc_n460,alternative,null_auc_n460,460,bagoft,Stk.joint,200,0.14,0.455,-0.315,20,8,71,101,9.69112301707203e-14,0.04,200,TRUE,0.0465,2000,TRUE,p < alpha,p <= alpha,TRUE,"poly3=u,sym=u",TRUE,"",1.4536684525608e-11,TRUE
2,cauchit_auc_n460,alternative,null_auc_n460,460,bagoft,GiViTI,200,0.14,0.18,-0.04,14,14,22,150,0.24298495403491,0.04,200,TRUE,0.048,2000,TRUE,p < alpha,p <= alpha,TRUE,"poly3=u,sym=u",TRUE,"",1,FALSE
2,cauchit_auc_n760,alternative,null_auc_n760,760,bagoft,EDGE.poly3.u.G10,200,0.245,0.645,-0.4,44,5,85,66,7.53284206348405e-20,0.045,200,TRUE,0.0575,2000,TRUE,p < alpha,p <= alpha,TRUE,"poly3=u,sym=u",TRUE,"",1.31071451904623e-17,TRUE
2,cauchit_auc_n760,alternative,null_auc_n760,760,bagoft,EDGE.poly3.u.Grule,200,0.245,0.675,-0.43,45,4,90,61,3.21906847144262e-22,0.045,200,TRUE,0.059,2000,TRUE,p < alpha,p <= alpha,TRUE,"poly3=u,sym=u",TRUE,"",5.89089530273999e-20,TRUE
2,cauchit_auc_n760,alternative,null_auc_n760,760,bagoft,EDGE.poly3.sc.G10,200,0.245,0.58,-0.335,43,6,73,78,9.99515226157699e-16,0.045,200,TRUE,0.0575,2000,TRUE,p < alpha,p <= alpha,FALSE,"poly3=u,sym=u",FALSE,not the weighting form chosen by Section A (--forms),,
2,cauchit_auc_n760,alternative,null_auc_n760,760,bagoft,EDGE.poly3.sc.Grule,200,0.245,0.625,-0.38,43,6,82,69,3.77111984413634e-18,0.045,200,TRUE,0.0535,2000,TRUE,p < alpha,p <= alpha,FALSE,"poly3=u,sym=u",FALSE,not the weighting form chosen by Section A (--forms),,
2,cauchit_auc_n760,alternative,null_auc_n760,760,bagoft,EDGE.sym.u.G10,200,0.245,0.61,-0.365,41,8,81,70,2.52486203794194e-16,0.045,200,TRUE,0.0485,2000,TRUE,p < alpha,p <= alpha,TRUE,"poly3=u,sym=u",TRUE,"",4.09027650146594e-14,TRUE
2,cauchit_auc_n760,alternative,null_auc_n760,760,bagoft,EDGE.sym.u.Grule,200,0.245,0.66,-0.415,42,7,90,61,1.75473919485347e-19,0.045,200,TRUE,0.0455,2000,TRUE,p < alpha,p <= alpha,TRUE,"poly3=u,sym=u",TRUE,"",3.00060402319944e-17,TRUE
2,cauchit_auc_n760,alternative,null_auc_n760,760,bagoft,EDGE.sym.sc.G10,200,0.245,0.635,-0.39,41,8,86,65,1.23615869464557e-17,0.045,200,TRUE,0.054,2000,TRUE,p < alpha,p <= alpha,FALSE,"poly3=u,sym=u",FALSE,not the weighting form chosen by Section A (--forms),,
2,cauchit_auc_n760,alternative,null_auc_n760,760,bagoft,EDGE.sym.sc.Grule,200,0.245,0.72,-0.475,45,4,99,52,9.07876941637387e-25,0.045,200,TRUE,0.055,2000,TRUE,p < alpha,p <= alpha,FALSE,"poly3=u,sym=u",FALSE,not the weighting form chosen by Section A (--forms),,
2,cauchit_auc_n760,alternative,null_auc_n760,760,bagoft,Stk.joint,200,0.245,0.67,-0.425,44,5,90,61,3.09319504861517e-21,0.045,200,TRUE,0.051,2000,TRUE,p < alpha,p <= alpha,TRUE,"poly3=u,sym=u",TRUE,"",5.5677510875073e-19,TRUE
2,cauchit_auc_n760,alternative,null_auc_n760,760,bagoft,GiViTI,200,0.245,0.335,-0.09,28,21,39,112,0.027340133868078,0.045,200,TRUE,0.0565,2000,TRUE,p < alpha,p <= alpha,TRUE,"poly3=u,sym=u",TRUE,"",1,FALSE
2,loglog_auc_n380,alternative,null_auc_n380,380,bagoft,EDGE.poly3.u.G10,200,0.12,0.32,-0.2,16,8,48,128,4.68818410204186e-08,0.045,200,TRUE,0.0535,2000,TRUE,p < alpha,p <= alpha,TRUE,"poly3=u,sym=u",TRUE,"",5.76646644551148e-06,TRUE
2,loglog_auc_n380,alternative,null_auc_n380,380,bagoft,EDGE.poly3.u.Grule,200,0.12,0.32,-0.2,16,8,48,128,4.68818410204186e-08,0.045,200,TRUE,0.052,2000,TRUE,p < alpha,p <= alpha,TRUE,"poly3=u,sym=u",TRUE,"",5.76646644551148e-06,TRUE
2,loglog_auc_n380,alternative,null_auc_n380,380,bagoft,EDGE.poly3.sc.G10,200,0.12,0.35,-0.23,17,7,53,123,7.67191827427683e-10,0.045,200,TRUE,0.055,2000,TRUE,p < alpha,p <= alpha,FALSE,"poly3=u,sym=u",FALSE,not the weighting form chosen by Section A (--forms),,
2,loglog_auc_n380,alternative,null_auc_n380,380,bagoft,EDGE.poly3.sc.Grule,200,0.12,0.365,-0.245,18,6,55,121,5.38061400989775e-11,0.045,200,TRUE,0.049,2000,TRUE,p < alpha,p <= alpha,FALSE,"poly3=u,sym=u",FALSE,not the weighting form chosen by Section A (--forms),,
2,loglog_auc_n380,alternative,null_auc_n380,380,bagoft,EDGE.sym.u.G10,200,0.12,0.035,0.085,2,22,5,171,0.00151371955871582,0.045,200,TRUE,0.04,2000,TRUE,p < alpha,p <= alpha,TRUE,"poly3=u,sym=u",TRUE,"",0.143803358078003,FALSE
2,loglog_auc_n380,alternative,null_auc_n380,380,bagoft,EDGE.sym.u.Grule,200,0.12,0.055,0.065,4,20,7,169,0.0191572904586792,0.045,200,TRUE,0.048,2000,TRUE,p < alpha,p <= alpha,TRUE,"poly3=u,sym=u",TRUE,"",1,FALSE
2,loglog_auc_n380,alternative,null_auc_n380,380,bagoft,EDGE.sym.sc.G10,200,0.12,0.03,0.09,2,22,4,172,0.000533521175384522,0.045,200,TRUE,0.048,2000,TRUE,p < alpha,p <= alpha,FALSE,"poly3=u,sym=u",FALSE,not the weighting form chosen by Section A (--forms),,
2,loglog_auc_n380,alternative,null_auc_n380,380,bagoft,EDGE.sym.sc.Grule,200,0.12,0.065,0.055,3,21,10,166,0.0707555459812283,0.045,200,TRUE,0.048,2000,TRUE,p < alpha,p <= alpha,FALSE,"poly3=u,sym=u",FALSE,not the weighting form chosen by Section A (--forms),,
2,loglog_auc_n380,alternative,null_auc_n380,380,bagoft,Stk.joint,200,0.12,0.335,-0.215,15,9,52,124,1.8028023783881e-08,0.045,200,TRUE,0.048,2000,TRUE,p < alpha,p <= alpha,TRUE,"poly3=u,sym=u",TRUE,"",2.25350297298512e-06,TRUE
2,loglog_auc_n380,alternative,null_auc_n380,380,bagoft,GiViTI,200,0.12,0.51,-0.39,19,5,83,93,2.68971314791799e-19,0.045,200,TRUE,0.0585,2000,TRUE,p < alpha,p <= alpha,TRUE,"poly3=u,sym=u",TRUE,"",4.57251235146057e-17,TRUE
2,loglog_auc_n640,alternative,null_auc_n640,640,bagoft,EDGE.poly3.u.G10,200,0.165,0.62,-0.455,30,3,94,73,1.92095834574729e-24,0.04,200,TRUE,0.053,2000,TRUE,p < alpha,p <= alpha,TRUE,"poly3=u,sym=u",TRUE,"",3.72665919074975e-22,TRUE
2,loglog_auc_n640,alternative,null_auc_n640,640,bagoft,EDGE.poly3.u.Grule,200,0.165,0.645,-0.48,31,2,98,69,7.96907286454271e-27,0.04,200,TRUE,0.049,2000,TRUE,p < alpha,p <= alpha,TRUE,"poly3=u,sym=u",TRUE,"",1.585845500044e-24,TRUE
2,loglog_auc_n640,alternative,null_auc_n640,640,bagoft,EDGE.poly3.sc.G10,200,0.165,0.57,-0.405,27,6,87,80,1.65046491361524e-19,0.04,200,TRUE,0.045,2000,TRUE,p < alpha,p <= alpha,FALSE,"poly3=u,sym=u",FALSE,not the weighting form chosen by Section A (--forms),,
2,loglog_auc_n640,alternative,null_auc_n640,640,bagoft,EDGE.poly3.sc.Grule,200,0.165,0.58,-0.415,28,5,88,79,1.11122417592543e-20,0.04,200,TRUE,0.053,2000,TRUE,p < alpha,p <= alpha,FALSE,"poly3=u,sym=u",FALSE,not the weighting form chosen by Section A (--forms),,
2,loglog_auc_n640,alternative,null_auc_n640,640,bagoft,EDGE.sym.u.G10,200,0.165,0.04,0.125,2,31,6,161,4.12575900554657e-05,0.04,200,TRUE,0.049,2000,TRUE,p < alpha,p <= alpha,TRUE,"poly3=u,sym=u",TRUE,"",0.0044558197259903,TRUE
2,loglog_auc_n640,alternative,null_auc_n640,640,bagoft,EDGE.sym.u.Grule,200,0.165,0.04,0.125,2,31,6,161,4.12575900554657e-05,0.04,200,TRUE,0.047,2000,TRUE,p < alpha,p <= alpha,TRUE,"poly3=u,sym=u",TRUE,"",0.0044558197259903,TRUE
2,loglog_auc_n640,alternative,null_auc_n640,640,bagoft,EDGE.sym.sc.G10,200,0.165,0.04,0.125,3,30,5,162,2.2361520677805e-05,0.04,200,TRUE,0.05,2000,TRUE,p < alpha,p <= alpha,FALSE,"poly3=u,sym=u",FALSE,not the weighting form chosen by Section A (--forms),,
2,loglog_auc_n640,alternative,null_auc_n640,640,bagoft,EDGE.sym.sc.Grule,200,0.165,0.07,0.095,4,29,10,157,0.00337784791190643,0.04,200,TRUE,0.0535,2000,TRUE,p < alpha,p <= alpha,FALSE,"poly3=u,sym=u",FALSE,not the weighting form chosen by Section A (--forms),,
2,loglog_auc_n640,alternative,null_auc_n640,640,bagoft,Stk.joint,200,0.165,0.69,-0.525,31,2,107,60,1.84766015144734e-29,0.04,200,TRUE,0.053,2000,TRUE,p < alpha,p <= alpha,TRUE,"poly3=u,sym=u",TRUE,"",3.76922670895258e-27,TRUE
2,loglog_auc_n640,alternative,null_auc_n640,640,bagoft,GiViTI,200,0.165,0.77,-0.605,32,1,122,45,2.33218079203142e-35,0.04,200,TRUE,0.0465,2000,TRUE,p < alpha,p <= alpha,TRUE,"poly3=u,sym=u",TRUE,"",4.99086689494725e-33,TRUE
2,loglog_e12_n1000,alternative,null_e12_n1000,1000,bagoft,EDGE.poly3.u.G10,200,0.095,0.34,-0.245,13,6,55,126,5.38061400989775e-11,0.085,200,TRUE,0.0495,2000,TRUE,p < alpha,p <= alpha,TRUE,"poly3=u,sym=u",TRUE,"",7.04860435296606e-09,TRUE
2,loglog_e12_n1000,alternative,null_e12_n1000,1000,bagoft,EDGE.poly3.u.Grule,200,0.095,0.39,-0.295,13,6,65,116,1.33213087608085e-13,0.085,200,TRUE,0.038,2000,TRUE,p < alpha,p <= alpha,TRUE,"poly3=u,sym=u",TRUE,"",1.98487500536047e-11,TRUE
2,loglog_e12_n1000,alternative,null_e12_n1000,1000,bagoft,EDGE.poly3.sc.G10,200,0.095,0.355,-0.26,14,5,57,124,3.06552569787066e-12,0.085,200,TRUE,0.049,2000,TRUE,p < alpha,p <= alpha,FALSE,"poly3=u,sym=u",FALSE,not the weighting form chosen by Section A (--forms),,
2,loglog_e12_n1000,alternative,null_e12_n1000,1000,bagoft,EDGE.poly3.sc.Grule,200,0.095,0.35,-0.255,12,7,58,123,4.27052162079236e-11,0.085,200,TRUE,0.04,2000,TRUE,p < alpha,p <= alpha,FALSE,"poly3=u,sym=u",FALSE,not the weighting form chosen by Section A (--forms),,
2,loglog_e12_n1000,alternative,null_e12_n1000,1000,bagoft,EDGE.sym.u.G10,200,0.095,0.005,0.09,1,18,0,181,7.62939453124999e-06,0.085,200,TRUE,0.053,2000,TRUE,p < alpha,p <= alpha,TRUE,"poly3=u,sym=u",TRUE,"",0.000846862792968749,TRUE
2,loglog_e12_n1000,alternative,null_e12_n1000,1000,bagoft,EDGE.sym.u.Grule,200,0.095,0.005,0.09,1,18,0,181,7.62939453124999e-06,0.085,200,TRUE,0.0525,2000,TRUE,p < alpha,p <= alpha,TRUE,"poly3=u,sym=u",TRUE,"",0.000846862792968749,TRUE
2,loglog_e12_n1000,alternative,null_e12_n1000,1000,bagoft,EDGE.sym.sc.G10,200,0.095,0.49,-0.395,12,7,86,95,2.07822930784689e-18,0.085,200,TRUE,0.0505,2000,TRUE,p < alpha,p <= alpha,FALSE,"poly3=u,sym=u",FALSE,not the weighting form chosen by Section A (--forms),,
2,loglog_e12_n1000,alternative,null_e12_n1000,1000,bagoft,EDGE.sym.sc.Grule,200,0.095,0.575,-0.48,17,2,98,83,7.96907286454271e-27,0.085,200,TRUE,0.0525,2000,TRUE,p < alpha,p <= alpha,FALSE,"poly3=u,sym=u",FALSE,not the weighting form chosen by Section A (--forms),,
2,loglog_e12_n1000,alternative,null_e12_n1000,1000,bagoft,Stk.joint,200,0.095,0.365,-0.27,12,7,61,120,7.38740275549322e-12,0.085,200,TRUE,0.0495,2000,TRUE,p < alpha,p <= alpha,TRUE,"poly3=u,sym=u",TRUE,"",1.02684898301356e-09,TRUE
2,loglog_e12_n1000,alternative,null_e12_n1000,1000,bagoft,GiViTI,200,0.095,0.665,-0.57,16,3,117,64,4.33486205396806e-31,0.085,200,TRUE,0.0495,2000,TRUE,p < alpha,p <= alpha,TRUE,"poly3=u,sym=u",TRUE,"",9.01651307225357e-29,TRUE
1b,null_crossover_n1000,null,,1000,bagoft,EDGE.poly3.u.G10,200,0.045,0.035,0.01,0,9,7,184,0.803619384765625,0.045,200,TRUE,0.0504,5000,TRUE,p < alpha,p <= alpha,TRUE,"poly3=u,sym=u",FALSE,"null cell: size comparison, not in the Holm family",,
1b,null_crossover_n1000,null,,1000,bagoft,EDGE.poly3.u.Grule,200,0.045,0.05,-0.005,0,9,10,181,1,0.045,200,TRUE,0.0514,5000,TRUE,p < alpha,p <= alpha,TRUE,"poly3=u,sym=u",FALSE,"null cell: size comparison, not in the Holm family",,
1b,null_crossover_n1000,null,,1000,bagoft,EDGE.poly3.sc.G10,200,0.045,0.025,0.02,0,9,5,186,0.4239501953125,0.045,200,TRUE,0.0522,5000,TRUE,p < alpha,p <= alpha,FALSE,"poly3=u,sym=u",FALSE,"null cell: size comparison, not in the Holm family; not the weighting form chosen by Section A (--forms)",,
1b,null_crossover_n1000,null,,1000,bagoft,EDGE.poly3.sc.Grule,200,0.045,0.04,0.005,0,9,8,183,1,0.045,200,TRUE,0.0496,5000,TRUE,p < alpha,p <= alpha,FALSE,"poly3=u,sym=u",FALSE,"null cell: size comparison, not in the Holm family; not the weighting form chosen by Section A (--forms)",,
1b,null_crossover_n1000,null,,1000,bagoft,EDGE.sym.u.G10,200,0.045,0.05,-0.005,0,9,10,181,1,0.045,200,TRUE,0.0502,5000,TRUE,p < alpha,p <= alpha,TRUE,"poly3=u,sym=u",FALSE,"null cell: size comparison, not in the Holm family",,
1b,null_crossover_n1000,null,,1000,bagoft,EDGE.sym.u.Grule,200,0.045,0.045,0,1,8,8,183,1,0.045,200,TRUE,0.0496,5000,TRUE,p < alpha,p <= alpha,TRUE,"poly3=u,sym=u",FALSE,"null cell: size comparison, not in the Holm family",,
1b,null_crossover_n1000,null,,1000,bagoft,EDGE.sym.sc.G10,200,0.045,0.045,0,0,9,9,182,1,0.045,200,TRUE,0.0484,5000,TRUE,p < alpha,p <= alpha,FALSE,"poly3=u,sym=u",FALSE,"null cell: size comparison, not in the Holm family; not the weighting form chosen by Section A (--forms)",,
1b,null_crossover_n1000,null,,1000,bagoft,EDGE.sym.sc.Grule,200,0.045,0.05,-0.005,1,8,9,182,1,0.045,200,TRUE,0.05,5000,TRUE,p < alpha,p <= alpha,FALSE,"poly3=u,sym=u",FALSE,"null cell: size comparison, not in the Holm family; not the weighting form chosen by Section A (--forms)",,
1b,null_crossover_n1000,null,,1000,bagoft,Stk.joint,200,0.045,0.05,-0.005,0,9,10,181,1,0.045,200,TRUE,0.0524,5000,TRUE,p < alpha,p <= alpha,TRUE,"poly3=u,sym=u",FALSE,"null cell: size comparison, not in the Holm family",,
1b,null_crossover_n1000,null,,1000,bagoft,GiViTI,200,0.045,0.035,0.01,1,8,6,185,0.79052734375,0.045,200,TRUE,0.0542,5000,TRUE,p < alpha,p <= alpha,TRUE,"poly3=u,sym=u",FALSE,"null cell: size comparison, not in the Holm family",,
4,crossover_n1000,alternative,null_crossover_n1000,1000,bagoft,EDGE.poly3.u.G10,200,0.775,0.08,0.695,13,142,3,42,2.27896420265582e-38,0.045,200,TRUE,0.0504,5000,TRUE,p < alpha,p <= alpha,TRUE,"poly3=u,sym=u",TRUE,"",5.0137212458428e-36,TRUE
4,crossover_n1000,alternative,null_crossover_n1000,1000,bagoft,EDGE.poly3.u.Grule,200,0.775,0.09,0.685,15,140,3,42,8.74388717794281e-38,0.045,200,TRUE,0.0514,5000,TRUE,p < alpha,p <= alpha,TRUE,"poly3=u,sym=u",TRUE,"",1.90616740479153e-35,TRUE
4,crossover_n1000,alternative,null_crossover_n1000,1000,bagoft,EDGE.poly3.sc.G10,200,0.775,0.07,0.705,12,143,2,43,4.74692657386962e-40,0.045,200,TRUE,0.0522,5000,TRUE,p < alpha,p <= alpha,FALSE,"poly3=u,sym=u",FALSE,not the weighting form chosen by Section A (--forms),,
4,crossover_n1000,alternative,null_crossover_n1000,1000,bagoft,EDGE.poly3.sc.Grule,200,0.775,0.08,0.695,12,143,4,41,2.15256080335661e-37,0.045,200,TRUE,0.0496,5000,TRUE,p < alpha,p <= alpha,FALSE,"poly3=u,sym=u",FALSE,not the weighting form chosen by Section A (--forms),,
4,crossover_n1000,alternative,null_crossover_n1000,1000,bagoft,EDGE.sym.u.G10,200,0.775,0.08,0.695,14,141,2,43,1.84693379675555e-39,0.045,200,TRUE,0.0502,5000,TRUE,p < alpha,p <= alpha,TRUE,"poly3=u,sym=u",TRUE,"",4.10019302879732e-37,TRUE
4,crossover_n1000,alternative,null_crossover_n1000,1000,bagoft,EDGE.sym.u.Grule,200,0.775,0.07,0.705,13,142,1,44,2.5828733294435e-41,0.045,200,TRUE,0.0496,5000,TRUE,p < alpha,p <= alpha,TRUE,"poly3=u,sym=u",TRUE,"",5.759807524659e-39,TRUE
4,crossover_n1000,alternative,null_crossover_n1000,1000,bagoft,EDGE.sym.sc.G10,200,0.775,0.075,0.7,13,142,2,43,9.36381265024984e-40,0.045,200,TRUE,0.0484,5000,TRUE,p < alpha,p <= alpha,FALSE,"poly3=u,sym=u",FALSE,not the weighting form chosen by Section A (--forms),,
4,crossover_n1000,alternative,null_crossover_n1000,1000,bagoft,EDGE.sym.sc.Grule,200,0.775,0.06,0.715,11,144,1,44,6.54686642532556e-42,0.045,200,TRUE,0.05,5000,TRUE,p < alpha,p <= alpha,FALSE,"poly3=u,sym=u",FALSE,not the weighting form chosen by Section A (--forms),,
4,crossover_n1000,alternative,null_crossover_n1000,1000,bagoft,Stk.joint,200,0.775,0.095,0.68,16,139,3,42,1.71235174699524e-37,0.045,200,TRUE,0.0524,5000,TRUE,p < alpha,p <= alpha,TRUE,"poly3=u,sym=u",TRUE,"",3.71580329097968e-35,TRUE
4,crossover_n1000,alternative,null_crossover_n1000,1000,bagoft,GiViTI,200,0.775,0.085,0.69,15,140,2,43,3.6425688593291e-39,0.045,200,TRUE,0.0542,5000,TRUE,p < alpha,p <= alpha,TRUE,"poly3=u,sym=u",TRUE,"",8.05007717911732e-37,TRUE
