block,cell,role,null_cell,n,rival,test,source,alpha,decision_rule,rejection,mcse,size_adj_power,null_crit,size_adj_null_level,null_size,declined,rejection_given_p,status,reps_in_file,reps_kept,identity_failures,identity_both_missing,max_identity_absdiff,null_reps_kept,rival_errors,rival_degenerate,rival_median_sec
1a,null_link_n500,null,,500,proj,proj,block 8,0.01,p < alpha,0.012,0.00486949689393062,,,,,0,0.012,"",500,500,0,0,5.55111512312578e-16,,0,0,21.945
1a,null_link_n500,null,,500,proj,proj,block 8,0.05,p < alpha,0.048,0.00955991631762538,,,,,0,0.048,"",500,500,0,0,5.55111512312578e-16,,0,0,21.945
1a,null_link_n500,null,,500,proj,proj,block 8,0.1,p < alpha,0.092,0.01292563344676,,,,,0,0.092,"",500,500,0,0,5.55111512312578e-16,,0,0,21.945
1a,null_link_n500,null,,500,proj,EDGE.poly3.u.G10,"battery file, the same replicates",0.01,p <= alpha,0.004,0.00282276460230038,,,,,0,0.004,"",500,500,0,0,5.55111512312578e-16,,0,0,21.945
1a,null_link_n500,null,,500,proj,EDGE.poly3.u.G10,"battery file, the same replicates",0.05,p <= alpha,0.05,0.00974679434480896,,,,,0,0.05,"",500,500,0,0,5.55111512312578e-16,,0,0,21.945
1a,null_link_n500,null,,500,proj,EDGE.poly3.u.G10,"battery file, the same replicates",0.1,p <= alpha,0.11,0.0139928553197694,,,,,0,0.11,"",500,500,0,0,5.55111512312578e-16,,0,0,21.945
1a,null_link_n500,null,,500,proj,EDGE.poly3.u.Grule,"battery file, the same replicates",0.01,p <= alpha,0.01,0.0044497190922574,,,,,0,0.01,"",500,500,0,0,5.55111512312578e-16,,0,0,21.945
1a,null_link_n500,null,,500,proj,EDGE.poly3.u.Grule,"battery file, the same replicates",0.05,p <= alpha,0.04,0.00876356092008266,,,,,0,0.04,"",500,500,0,0,5.55111512312578e-16,,0,0,21.945
1a,null_link_n500,null,,500,proj,EDGE.poly3.u.Grule,"battery file, the same replicates",0.1,p <= alpha,0.092,0.01292563344676,,,,,0,0.092,"",500,500,0,0,5.55111512312578e-16,,0,0,21.945
1a,null_link_n500,null,,500,proj,EDGE.poly3.sc.G10,"battery file, the same replicates",0.01,p <= alpha,0.004,0.00282276460230038,,,,,0,0.004,"",500,500,0,0,5.55111512312578e-16,,0,0,21.945
1a,null_link_n500,null,,500,proj,EDGE.poly3.sc.G10,"battery file, the same replicates",0.05,p <= alpha,0.046,0.00936845771725528,,,,,0,0.046,"",500,500,0,0,5.55111512312578e-16,,0,0,21.945
1a,null_link_n500,null,,500,proj,EDGE.poly3.sc.G10,"battery file, the same replicates",0.1,p <= alpha,0.102,0.0135348439222623,,,,,0,0.102,"",500,500,0,0,5.55111512312578e-16,,0,0,21.945
1a,null_link_n500,null,,500,proj,EDGE.poly3.sc.Grule,"battery file, the same replicates",0.01,p <= alpha,0.006,0.00345369367489359,,,,,0,0.006,"",500,500,0,0,5.55111512312578e-16,,0,0,21.945
1a,null_link_n500,null,,500,proj,EDGE.poly3.sc.Grule,"battery file, the same replicates",0.05,p <= alpha,0.042,0.00897061870775924,,,,,0,0.042,"",500,500,0,0,5.55111512312578e-16,,0,0,21.945
1a,null_link_n500,null,,500,proj,EDGE.poly3.sc.Grule,"battery file, the same replicates",0.1,p <= alpha,0.096,0.0131745208641529,,,,,0,0.096,"",500,500,0,0,5.55111512312578e-16,,0,0,21.945
1a,null_link_n500,null,,500,proj,EDGE.sym.u.G10,"battery file, the same replicates",0.01,p <= alpha,0.012,0.00486949689393062,,,,,0,0.012,"",500,500,0,0,5.55111512312578e-16,,0,0,21.945
1a,null_link_n500,null,,500,proj,EDGE.sym.u.G10,"battery file, the same replicates",0.05,p <= alpha,0.05,0.00974679434480896,,,,,0,0.05,"",500,500,0,0,5.55111512312578e-16,,0,0,21.945
1a,null_link_n500,null,,500,proj,EDGE.sym.u.G10,"battery file, the same replicates",0.1,p <= alpha,0.108,0.0138806339912844,,,,,0,0.108,"",500,500,0,0,5.55111512312578e-16,,0,0,21.945
1a,null_link_n500,null,,500,proj,EDGE.sym.u.Grule,"battery file, the same replicates",0.01,p <= alpha,0.006,0.00345369367489359,,,,,0,0.006,"",500,500,0,0,5.55111512312578e-16,,0,0,21.945
1a,null_link_n500,null,,500,proj,EDGE.sym.u.Grule,"battery file, the same replicates",0.05,p <= alpha,0.028,0.00737780455149091,,,,,0,0.028,"",500,500,0,0,5.55111512312578e-16,,0,0,21.945
1a,null_link_n500,null,,500,proj,EDGE.sym.u.Grule,"battery file, the same replicates",0.1,p <= alpha,0.094,0.0130509769749241,,,,,0,0.094,"",500,500,0,0,5.55111512312578e-16,,0,0,21.945
1a,null_link_n500,null,,500,proj,EDGE.sym.sc.G10,"battery file, the same replicates",0.01,p <= alpha,0.012,0.00486949689393062,,,,,0,0.012,"",500,500,0,0,5.55111512312578e-16,,0,0,21.945
1a,null_link_n500,null,,500,proj,EDGE.sym.sc.G10,"battery file, the same replicates",0.05,p <= alpha,0.052,0.00992935043192655,,,,,0,0.052,"",500,500,0,0,5.55111512312578e-16,,0,0,21.945
1a,null_link_n500,null,,500,proj,EDGE.sym.sc.G10,"battery file, the same replicates",0.1,p <= alpha,0.108,0.0138806339912844,,,,,0,0.108,"",500,500,0,0,5.55111512312578e-16,,0,0,21.945
1a,null_link_n500,null,,500,proj,EDGE.sym.sc.Grule,"battery file, the same replicates",0.01,p <= alpha,0.006,0.00345369367489359,,,,,0,0.006,"",500,500,0,0,5.55111512312578e-16,,0,0,21.945
1a,null_link_n500,null,,500,proj,EDGE.sym.sc.Grule,"battery file, the same replicates",0.05,p <= alpha,0.04,0.00876356092008266,,,,,0,0.04,"",500,500,0,0,5.55111512312578e-16,,0,0,21.945
1a,null_link_n500,null,,500,proj,EDGE.sym.sc.Grule,"battery file, the same replicates",0.1,p <= alpha,0.092,0.01292563344676,,,,,0,0.092,"",500,500,0,0,5.55111512312578e-16,,0,0,21.945
1a,null_link_n500,null,,500,proj,Stk.joint,"battery file, the same replicates",0.01,p <= alpha,0.008,0.0039839678713564,,,,,0,0.008,"",500,500,0,0,5.55111512312578e-16,,0,0,21.945
1a,null_link_n500,null,,500,proj,Stk.joint,"battery file, the same replicates",0.05,p <= alpha,0.042,0.00897061870775924,,,,,0,0.042,"",500,500,0,0,5.55111512312578e-16,,0,0,21.945
1a,null_link_n500,null,,500,proj,Stk.joint,"battery file, the same replicates",0.1,p <= alpha,0.098,0.0132963152790538,,,,,0,0.098,"",500,500,0,0,5.55111512312578e-16,,0,0,21.945
1a,null_link_n500,null,,500,proj,GiViTI,"battery file, the same replicates",0.01,p <= alpha,0.01,0.0044497190922574,,,,,0,0.01,"",500,500,0,0,5.55111512312578e-16,,0,0,21.945
1a,null_link_n500,null,,500,proj,GiViTI,"battery file, the same replicates",0.05,p <= alpha,0.056,0.0102824121683582,,,,,0,0.056,"",500,500,0,0,5.55111512312578e-16,,0,0,21.945
1a,null_link_n500,null,,500,proj,GiViTI,"battery file, the same replicates",0.1,p <= alpha,0.108,0.0138806339912844,,,,,0,0.108,"",500,500,0,0,5.55111512312578e-16,,0,0,21.945
1a,null_link_n1000,null,,1000,proj,proj,block 8,0.01,p < alpha,0.01,0.0044497190922574,,,,,0,0.01,"",500,500,0,0,5.55111512312578e-16,,0,0,293.335
1a,null_link_n1000,null,,1000,proj,proj,block 8,0.05,p < alpha,0.06,0.0106207344378814,,,,,0,0.06,"",500,500,0,0,5.55111512312578e-16,,0,0,293.335
1a,null_link_n1000,null,,1000,proj,proj,block 8,0.1,p < alpha,0.094,0.0130509769749241,,,,,0,0.094,"",500,500,0,0,5.55111512312578e-16,,0,0,293.335
1a,null_link_n1000,null,,1000,proj,EDGE.poly3.u.G10,"battery file, the same replicates",0.01,p <= alpha,0.012,0.00486949689393062,,,,,0,0.012,"",500,500,0,0,5.55111512312578e-16,,0,0,293.335
1a,null_link_n1000,null,,1000,proj,EDGE.poly3.u.G10,"battery file, the same replicates",0.05,p <= alpha,0.044,0.00917213170424411,,,,,0,0.044,"",500,500,0,0,5.55111512312578e-16,,0,0,293.335
1a,null_link_n1000,null,,1000,proj,EDGE.poly3.u.G10,"battery file, the same replicates",0.1,p <= alpha,0.098,0.0132963152790538,,,,,0,0.098,"",500,500,0,0,5.55111512312578e-16,,0,0,293.335
1a,null_link_n1000,null,,1000,proj,EDGE.poly3.u.Grule,"battery file, the same replicates",0.01,p <= alpha,0.014,0.00525433154644813,,,,,0,0.014,"",500,500,0,0,5.55111512312578e-16,,0,0,293.335
1a,null_link_n1000,null,,1000,proj,EDGE.poly3.u.Grule,"battery file, the same replicates",0.05,p <= alpha,0.05,0.00974679434480896,,,,,0,0.05,"",500,500,0,0,5.55111512312578e-16,,0,0,293.335
1a,null_link_n1000,null,,1000,proj,EDGE.poly3.u.Grule,"battery file, the same replicates",0.1,p <= alpha,0.094,0.0130509769749241,,,,,0,0.094,"",500,500,0,0,5.55111512312578e-16,,0,0,293.335
1a,null_link_n1000,null,,1000,proj,EDGE.poly3.sc.G10,"battery file, the same replicates",0.01,p <= alpha,0.016,0.00561141693336006,,,,,0,0.016,"",500,500,0,0,5.55111512312578e-16,,0,0,293.335
1a,null_link_n1000,null,,1000,proj,EDGE.poly3.sc.G10,"battery file, the same replicates",0.05,p <= alpha,0.054,0.0101078187557949,,,,,0,0.054,"",500,500,0,0,5.55111512312578e-16,,0,0,293.335
1a,null_link_n1000,null,,1000,proj,EDGE.poly3.sc.G10,"battery file, the same replicates",0.1,p <= alpha,0.104,0.013651666564929,,,,,0,0.104,"",500,500,0,0,5.55111512312578e-16,,0,0,293.335
1a,null_link_n1000,null,,1000,proj,EDGE.poly3.sc.Grule,"battery file, the same replicates",0.01,p <= alpha,0.012,0.00486949689393062,,,,,0,0.012,"",500,500,0,0,5.55111512312578e-16,,0,0,293.335
1a,null_link_n1000,null,,1000,proj,EDGE.poly3.sc.Grule,"battery file, the same replicates",0.05,p <= alpha,0.044,0.00917213170424411,,,,,0,0.044,"",500,500,0,0,5.55111512312578e-16,,0,0,293.335
1a,null_link_n1000,null,,1000,proj,EDGE.poly3.sc.Grule,"battery file, the same replicates",0.1,p <= alpha,0.098,0.0132963152790538,,,,,0,0.098,"",500,500,0,0,5.55111512312578e-16,,0,0,293.335
1a,null_link_n1000,null,,1000,proj,EDGE.sym.u.G10,"battery file, the same replicates",0.01,p <= alpha,0.016,0.00561141693336006,,,,,0,0.016,"",500,500,0,0,5.55111512312578e-16,,0,0,293.335
1a,null_link_n1000,null,,1000,proj,EDGE.sym.u.G10,"battery file, the same replicates",0.05,p <= alpha,0.05,0.00974679434480896,,,,,0,0.05,"",500,500,0,0,5.55111512312578e-16,,0,0,293.335
1a,null_link_n1000,null,,1000,proj,EDGE.sym.u.G10,"battery file, the same replicates",0.1,p <= alpha,0.08,0.0121326007104825,,,,,0,0.08,"",500,500,0,0,5.55111512312578e-16,,0,0,293.335
1a,null_link_n1000,null,,1000,proj,EDGE.sym.u.Grule,"battery file, the same replicates",0.01,p <= alpha,0.014,0.00525433154644813,,,,,0,0.014,"",500,500,0,0,5.55111512312578e-16,,0,0,293.335
1a,null_link_n1000,null,,1000,proj,EDGE.sym.u.Grule,"battery file, the same replicates",0.05,p <= alpha,0.054,0.0101078187557949,,,,,0,0.054,"",500,500,0,0,5.55111512312578e-16,,0,0,293.335
1a,null_link_n1000,null,,1000,proj,EDGE.sym.u.Grule,"battery file, the same replicates",0.1,p <= alpha,0.108,0.0138806339912844,,,,,0,0.108,"",500,500,0,0,5.55111512312578e-16,,0,0,293.335
1a,null_link_n1000,null,,1000,proj,EDGE.sym.sc.G10,"battery file, the same replicates",0.01,p <= alpha,0.02,0.00626099033699941,,,,,0,0.02,"",500,500,0,0,5.55111512312578e-16,,0,0,293.335
1a,null_link_n1000,null,,1000,proj,EDGE.sym.sc.G10,"battery file, the same replicates",0.05,p <= alpha,0.05,0.00974679434480896,,,,,0,0.05,"",500,500,0,0,5.55111512312578e-16,,0,0,293.335
1a,null_link_n1000,null,,1000,proj,EDGE.sym.sc.G10,"battery file, the same replicates",0.1,p <= alpha,0.078,0.0119929979571415,,,,,0,0.078,"",500,500,0,0,5.55111512312578e-16,,0,0,293.335
1a,null_link_n1000,null,,1000,proj,EDGE.sym.sc.Grule,"battery file, the same replicates",0.01,p <= alpha,0.014,0.00525433154644813,,,,,0,0.014,"",500,500,0,0,5.55111512312578e-16,,0,0,293.335
1a,null_link_n1000,null,,1000,proj,EDGE.sym.sc.Grule,"battery file, the same replicates",0.05,p <= alpha,0.054,0.0101078187557949,,,,,0,0.054,"",500,500,0,0,5.55111512312578e-16,,0,0,293.335
1a,null_link_n1000,null,,1000,proj,EDGE.sym.sc.Grule,"battery file, the same replicates",0.1,p <= alpha,0.104,0.013651666564929,,,,,0,0.104,"",500,500,0,0,5.55111512312578e-16,,0,0,293.335
1a,null_link_n1000,null,,1000,proj,Stk.joint,"battery file, the same replicates",0.01,p <= alpha,0.014,0.00525433154644813,,,,,0,0.014,"",500,500,0,0,5.55111512312578e-16,,0,0,293.335
1a,null_link_n1000,null,,1000,proj,Stk.joint,"battery file, the same replicates",0.05,p <= alpha,0.048,0.00955991631762538,,,,,0,0.048,"",500,500,0,0,5.55111512312578e-16,,0,0,293.335
1a,null_link_n1000,null,,1000,proj,Stk.joint,"battery file, the same replicates",0.1,p <= alpha,0.106,0.0137669168661687,,,,,0,0.106,"",500,500,0,0,5.55111512312578e-16,,0,0,293.335
1a,null_link_n1000,null,,1000,proj,GiViTI,"battery file, the same replicates",0.01,p <= alpha,0.016,0.00561141693336006,,,,,0,0.016,"",500,500,0,0,5.55111512312578e-16,,0,0,293.335
1a,null_link_n1000,null,,1000,proj,GiViTI,"battery file, the same replicates",0.05,p <= alpha,0.052,0.00992935043192655,,,,,0,0.052,"",500,500,0,0,5.55111512312578e-16,,0,0,293.335
1a,null_link_n1000,null,,1000,proj,GiViTI,"battery file, the same replicates",0.1,p <= alpha,0.102,0.0135348439222623,,,,,0,0.102,"",500,500,0,0,5.55111512312578e-16,,0,0,293.335
3,stk_long_n500,alternative,null_link_n500,500,proj,proj,block 8,0.01,p < alpha,0.018,0.005945754788082,0.018,0.008,0.012,0.012,0,0.018,"",500,500,0,0,5.55111512312578e-16,500,0,0,22.0200000000005
3,stk_long_n500,alternative,null_link_n500,500,proj,proj,block 8,0.05,p < alpha,0.088,0.0126693330526907,0.092,0.052,0.056,0.048,0,0.088,"",500,500,0,0,5.55111512312578e-16,500,0,0,22.0200000000005
3,stk_long_n500,alternative,null_link_n500,500,proj,proj,block 8,0.1,p < alpha,0.162,0.016477621187538,0.174,0.104,0.1,0.092,0,0.162,"",500,500,0,0,5.55111512312578e-16,500,0,0,22.0200000000005
3,stk_long_n500,alternative,null_link_n500,500,proj,EDGE.poly3.u.G10,"battery file, the same replicates",0.01,p <= alpha,0.026,0.00711674082709213,0.028,0.0123931102752903,0.01,0.004,0,0.026,"",500,500,0,0,5.55111512312578e-16,500,0,0,22.0200000000005
3,stk_long_n500,alternative,null_link_n500,500,proj,EDGE.poly3.u.G10,"battery file, the same replicates",0.05,p <= alpha,0.092,0.01292563344676,0.092,0.0490293624623477,0.05,0.05,0,0.092,"",500,500,0,0,5.55111512312578e-16,500,0,0,22.0200000000005
3,stk_long_n500,alternative,null_link_n500,500,proj,EDGE.poly3.u.G10,"battery file, the same replicates",0.1,p <= alpha,0.148,0.0158805541465026,0.14,0.0946047946306689,0.1,0.11,0,0.148,"",500,500,0,0,5.55111512312578e-16,500,0,0,22.0200000000005
3,stk_long_n500,alternative,null_link_n500,500,proj,EDGE.poly3.u.Grule,"battery file, the same replicates",0.01,p <= alpha,0.028,0.00737780455149091,0.028,0.00994440923668031,0.01,0.01,0,0.028,"",500,500,0,0,5.55111512312578e-16,500,0,0,22.0200000000005
3,stk_long_n500,alternative,null_link_n500,500,proj,EDGE.poly3.u.Grule,"battery file, the same replicates",0.05,p <= alpha,0.096,0.0131745208641529,0.12,0.0617357695612896,0.05,0.04,0,0.096,"",500,500,0,0,5.55111512312578e-16,500,0,0,22.0200000000005
3,stk_long_n500,alternative,null_link_n500,500,proj,EDGE.poly3.u.Grule,"battery file, the same replicates",0.1,p <= alpha,0.17,0.016798809481627,0.172,0.105626425630983,0.1,0.092,0,0.17,"",500,500,0,0,5.55111512312578e-16,500,0,0,22.0200000000005
3,stk_long_n500,alternative,null_link_n500,500,proj,EDGE.poly3.sc.G10,"battery file, the same replicates",0.01,p <= alpha,0.028,0.00737780455149091,0.034,0.014277996218998,0.01,0.004,0,0.028,"",500,500,0,0,5.55111512312578e-16,500,0,0,22.0200000000005
3,stk_long_n500,alternative,null_link_n500,500,proj,EDGE.poly3.sc.G10,"battery file, the same replicates",0.05,p <= alpha,0.084,0.0124051602166195,0.088,0.0543417024434937,0.05,0.046,0,0.084,"",500,500,0,0,5.55111512312578e-16,500,0,0,22.0200000000005
3,stk_long_n500,alternative,null_link_n500,500,proj,EDGE.poly3.sc.G10,"battery file, the same replicates",0.1,p <= alpha,0.15,0.0159687194226713,0.148,0.0954468085174706,0.1,0.102,0,0.15,"",500,500,0,0,5.55111512312578e-16,500,0,0,22.0200000000005
3,stk_long_n500,alternative,null_link_n500,500,proj,EDGE.poly3.sc.Grule,"battery file, the same replicates",0.01,p <= alpha,0.024,0.00684455988358638,0.028,0.0132943443133822,0.01,0.006,0,0.024,"",500,500,0,0,5.55111512312578e-16,500,0,0,22.0200000000005
3,stk_long_n500,alternative,null_link_n500,500,proj,EDGE.poly3.sc.Grule,"battery file, the same replicates",0.05,p <= alpha,0.086,0.0125382614424808,0.092,0.057772096450203,0.05,0.042,0,0.086,"",500,500,0,0,5.55111512312578e-16,500,0,0,22.0200000000005
3,stk_long_n500,alternative,null_link_n500,500,proj,EDGE.poly3.sc.Grule,"battery file, the same replicates",0.1,p <= alpha,0.158,0.0163117135825762,0.162,0.102405114737513,0.1,0.096,0,0.158,"",500,500,0,0,5.55111512312578e-16,500,0,0,22.0200000000005
3,stk_long_n500,alternative,null_link_n500,500,proj,EDGE.sym.u.G10,"battery file, the same replicates",0.01,p <= alpha,0.032,0.00787095928079926,0.032,0.00953999449336968,0.01,0.012,0,0.032,"",500,500,0,0,5.55111512312578e-16,500,0,0,22.0200000000005
3,stk_long_n500,alternative,null_link_n500,500,proj,EDGE.sym.u.G10,"battery file, the same replicates",0.05,p <= alpha,0.102,0.0135348439222623,0.1,0.0473490222171956,0.05,0.05,0,0.102,"",500,500,0,0,5.55111512312578e-16,500,0,0,22.0200000000005
3,stk_long_n500,alternative,null_link_n500,500,proj,EDGE.sym.u.G10,"battery file, the same replicates",0.1,p <= alpha,0.15,0.0159687194226713,0.144,0.0870514187494627,0.1,0.108,0,0.15,"",500,500,0,0,5.55111512312578e-16,500,0,0,22.0200000000005
3,stk_long_n500,alternative,null_link_n500,500,proj,EDGE.sym.u.Grule,"battery file, the same replicates",0.01,p <= alpha,0.042,0.00897061870775924,0.056,0.0144956510081152,0.01,0.006,0,0.042,"",500,500,0,0,5.55111512312578e-16,500,0,0,22.0200000000005
3,stk_long_n500,alternative,null_link_n500,500,proj,EDGE.sym.u.Grule,"battery file, the same replicates",0.05,p <= alpha,0.102,0.0135348439222623,0.128,0.0666544908274057,0.05,0.028,0,0.102,"",500,500,0,0,5.55111512312578e-16,500,0,0,22.0200000000005
3,stk_long_n500,alternative,null_link_n500,500,proj,EDGE.sym.u.Grule,"battery file, the same replicates",0.1,p <= alpha,0.174,0.0169542914921267,0.178,0.103133806059532,0.1,0.094,0,0.174,"",500,500,0,0,5.55111512312578e-16,500,0,0,22.0200000000005
3,stk_long_n500,alternative,null_link_n500,500,proj,EDGE.sym.sc.G10,"battery file, the same replicates",0.01,p <= alpha,0.032,0.00787095928079926,0.018,0.00633155299861587,0.01,0.012,0,0.032,"",500,500,0,0,5.55111512312578e-16,500,0,0,22.0200000000005
3,stk_long_n500,alternative,null_link_n500,500,proj,EDGE.sym.sc.G10,"battery file, the same replicates",0.05,p <= alpha,0.102,0.0135348439222623,0.096,0.045679399355398,0.05,0.052,0,0.102,"",500,500,0,0,5.55111512312578e-16,500,0,0,22.0200000000005
3,stk_long_n500,alternative,null_link_n500,500,proj,EDGE.sym.sc.G10,"battery file, the same replicates",0.1,p <= alpha,0.154,0.016142118820031,0.152,0.0889342225135758,0.1,0.108,0,0.154,"",500,500,0,0,5.55111512312578e-16,500,0,0,22.0200000000005
3,stk_long_n500,alternative,null_link_n500,500,proj,EDGE.sym.sc.Grule,"battery file, the same replicates",0.01,p <= alpha,0.044,0.00917213170424411,0.052,0.0124094710045628,0.01,0.006,0,0.044,"",500,500,0,0,5.55111512312578e-16,500,0,0,22.0200000000005
3,stk_long_n500,alternative,null_link_n500,500,proj,EDGE.sym.sc.Grule,"battery file, the same replicates",0.05,p <= alpha,0.108,0.0138806339912844,0.114,0.0582576610506436,0.05,0.04,0,0.108,"",500,500,0,0,5.55111512312578e-16,500,0,0,22.0200000000005
3,stk_long_n500,alternative,null_link_n500,500,proj,EDGE.sym.sc.Grule,"battery file, the same replicates",0.1,p <= alpha,0.18,0.0171813852759316,0.19,0.104070525647069,0.1,0.092,0,0.18,"",500,500,0,0,5.55111512312578e-16,500,0,0,22.0200000000005
3,stk_long_n500,alternative,null_link_n500,500,proj,Stk.joint,"battery file, the same replicates",0.01,p <= alpha,0.022,0.00655987804764692,0.024,0.011010062604454,0.01,0.008,0,0.022,"",500,500,0,0,5.55111512312578e-16,500,0,0,22.0200000000005
3,stk_long_n500,alternative,null_link_n500,500,proj,Stk.joint,"battery file, the same replicates",0.05,p <= alpha,0.094,0.0130509769749241,0.108,0.0607608405323498,0.05,0.042,0,0.094,"",500,500,0,0,5.55111512312578e-16,500,0,0,22.0200000000005
3,stk_long_n500,alternative,null_link_n500,500,proj,Stk.joint,"battery file, the same replicates",0.1,p <= alpha,0.174,0.0169542914921267,0.174,0.101573869463431,0.1,0.098,0,0.174,"",500,500,0,0,5.55111512312578e-16,500,0,0,22.0200000000005
3,stk_long_n500,alternative,null_link_n500,500,proj,GiViTI,"battery file, the same replicates",0.01,p <= alpha,0.012,0.00486949689393062,0.012,0.00913389638114248,0.01,0.01,0,0.012,"",500,500,0,0,5.55111512312578e-16,500,0,0,22.0200000000005
3,stk_long_n500,alternative,null_link_n500,500,proj,GiViTI,"battery file, the same replicates",0.05,p <= alpha,0.062,0.0107848041243223,0.052,0.0446164460069982,0.05,0.056,0,0.062,"",500,500,0,0,5.55111512312578e-16,500,0,0,22.0200000000005
3,stk_long_n500,alternative,null_link_n500,500,proj,GiViTI,"battery file, the same replicates",0.1,p <= alpha,0.132,0.0151377673386798,0.11,0.0885532340691897,0.1,0.108,0,0.132,"",500,500,0,0,5.55111512312578e-16,500,0,0,22.0200000000005
3,stk_long_n1000,alternative,null_link_n1000,1000,proj,proj,block 8,0.01,p < alpha,0.04,0.00876356092008266,0.032,0.004,0.01,0.01,0,0.04,"",500,500,0,0,6.66133814775094e-16,500,0,0,289.520000000001
3,stk_long_n1000,alternative,null_link_n1000,1000,proj,proj,block 8,0.05,p < alpha,0.112,0.014103616557465,0.104,0.04,0.056,0.06,0,0.112,"",500,500,0,0,6.66133814775094e-16,500,0,0,289.520000000001
3,stk_long_n1000,alternative,null_link_n1000,1000,proj,proj,block 8,0.1,p < alpha,0.196,0.017752971582245,0.216,0.104,0.108,0.094,0,0.196,"",500,500,0,0,6.66133814775094e-16,500,0,0,289.520000000001
3,stk_long_n1000,alternative,null_link_n1000,1000,proj,EDGE.poly3.u.G10,"battery file, the same replicates",0.01,p <= alpha,0.048,0.00955991631762538,0.038,0.00722930086285989,0.01,0.012,0,0.048,"",500,500,0,0,6.66133814775094e-16,500,0,0,289.520000000001
3,stk_long_n1000,alternative,null_link_n1000,1000,proj,EDGE.poly3.u.G10,"battery file, the same replicates",0.05,p <= alpha,0.132,0.0151377673386798,0.15,0.0568169782316139,0.05,0.044,0,0.132,"",500,500,0,0,6.66133814775094e-16,500,0,0,289.520000000001
3,stk_long_n1000,alternative,null_link_n1000,1000,proj,EDGE.poly3.u.G10,"battery file, the same replicates",0.1,p <= alpha,0.206,0.0180866801818355,0.22,0.105931033951071,0.1,0.098,0,0.206,"",500,500,0,0,6.66133814775094e-16,500,0,0,289.520000000001
3,stk_long_n1000,alternative,null_link_n1000,1000,proj,EDGE.poly3.u.Grule,"battery file, the same replicates",0.01,p <= alpha,0.04,0.00876356092008266,0.026,0.00499781667127496,0.01,0.014,0,0.04,"",500,500,0,0,6.66133814775094e-16,500,0,0,289.520000000001
3,stk_long_n1000,alternative,null_link_n1000,1000,proj,EDGE.poly3.u.Grule,"battery file, the same replicates",0.05,p <= alpha,0.148,0.0158805541465026,0.14,0.0450471169053923,0.05,0.05,0,0.148,"",500,500,0,0,6.66133814775094e-16,500,0,0,289.520000000001
3,stk_long_n1000,alternative,null_link_n1000,1000,proj,EDGE.poly3.u.Grule,"battery file, the same replicates",0.1,p <= alpha,0.234,0.0189337793374698,0.24,0.102542092730758,0.1,0.094,0,0.234,"",500,500,0,0,6.66133814775094e-16,500,0,0,289.520000000001
3,stk_long_n1000,alternative,null_link_n1000,1000,proj,EDGE.poly3.sc.G10,"battery file, the same replicates",0.01,p <= alpha,0.04,0.00876356092008266,0.022,0.00553406959000134,0.01,0.016,0,0.04,"",500,500,0,0,6.66133814775094e-16,500,0,0,289.520000000001
3,stk_long_n1000,alternative,null_link_n1000,1000,proj,EDGE.poly3.sc.G10,"battery file, the same replicates",0.05,p <= alpha,0.134,0.0152344346793703,0.122,0.0455523001873992,0.05,0.054,0,0.134,"",500,500,0,0,6.66133814775094e-16,500,0,0,289.520000000001
3,stk_long_n1000,alternative,null_link_n1000,1000,proj,EDGE.poly3.sc.G10,"battery file, the same replicates",0.1,p <= alpha,0.196,0.017752971582245,0.188,0.0965414005216549,0.1,0.104,0,0.196,"",500,500,0,0,6.66133814775094e-16,500,0,0,289.520000000001
3,stk_long_n1000,alternative,null_link_n1000,1000,proj,EDGE.poly3.sc.Grule,"battery file, the same replicates",0.01,p <= alpha,0.032,0.00787095928079926,0.018,0.00440820657577239,0.01,0.012,0,0.032,"",500,500,0,0,6.66133814775094e-16,500,0,0,289.520000000001
3,stk_long_n1000,alternative,null_link_n1000,1000,proj,EDGE.poly3.sc.Grule,"battery file, the same replicates",0.05,p <= alpha,0.128,0.0149409504383088,0.132,0.052619299831782,0.05,0.044,0,0.128,"",500,500,0,0,6.66133814775094e-16,500,0,0,289.520000000001
3,stk_long_n1000,alternative,null_link_n1000,1000,proj,EDGE.poly3.sc.Grule,"battery file, the same replicates",0.1,p <= alpha,0.21,0.018215378118502,0.214,0.101472282109608,0.1,0.098,0,0.21,"",500,500,0,0,6.66133814775094e-16,500,0,0,289.520000000001
3,stk_long_n1000,alternative,null_link_n1000,1000,proj,EDGE.sym.u.G10,"battery file, the same replicates",0.01,p <= alpha,0.058,0.0104533248299285,0.03,0.00480785681175009,0.01,0.016,0,0.058,"",500,500,0,0,6.66133814775094e-16,500,0,0,289.520000000001
3,stk_long_n1000,alternative,null_link_n1000,1000,proj,EDGE.sym.u.G10,"battery file, the same replicates",0.05,p <= alpha,0.136,0.0153299706457645,0.132,0.0471192860535276,0.05,0.05,0,0.136,"",500,500,0,0,6.66133814775094e-16,500,0,0,289.520000000001
3,stk_long_n1000,alternative,null_link_n1000,1000,proj,EDGE.sym.u.G10,"battery file, the same replicates",0.1,p <= alpha,0.238,0.0190449993436597,0.254,0.114406181232479,0.1,0.08,0,0.238,"",500,500,0,0,6.66133814775094e-16,500,0,0,289.520000000001
3,stk_long_n1000,alternative,null_link_n1000,1000,proj,EDGE.sym.u.Grule,"battery file, the same replicates",0.01,p <= alpha,0.07,0.0114105214604767,0.034,0.00402225727913122,0.01,0.014,0,0.07,"",500,500,0,0,6.66133814775094e-16,500,0,0,289.520000000001
3,stk_long_n1000,alternative,null_link_n1000,1000,proj,EDGE.sym.u.Grule,"battery file, the same replicates",0.05,p <= alpha,0.208,0.0181513635851415,0.184,0.0447856927198553,0.05,0.054,0,0.208,"",500,500,0,0,6.66133814775094e-16,500,0,0,289.520000000001
3,stk_long_n1000,alternative,null_link_n1000,1000,proj,EDGE.sym.u.Grule,"battery file, the same replicates",0.1,p <= alpha,0.288,0.0202512221853398,0.268,0.090022060223063,0.1,0.108,0,0.288,"",500,500,0,0,6.66133814775094e-16,500,0,0,289.520000000001
3,stk_long_n1000,alternative,null_link_n1000,1000,proj,EDGE.sym.sc.G10,"battery file, the same replicates",0.01,p <= alpha,0.052,0.00992935043192655,0.026,0.00434730700989427,0.01,0.02,0,0.052,"",500,500,0,0,6.66133814775094e-16,500,0,0,289.520000000001
3,stk_long_n1000,alternative,null_link_n1000,1000,proj,EDGE.sym.sc.G10,"battery file, the same replicates",0.05,p <= alpha,0.132,0.0151377673386798,0.132,0.0430156282536784,0.05,0.05,0,0.132,"",500,500,0,0,6.66133814775094e-16,500,0,0,289.520000000001
3,stk_long_n1000,alternative,null_link_n1000,1000,proj,EDGE.sym.sc.G10,"battery file, the same replicates",0.1,p <= alpha,0.228,0.0187625158227781,0.256,0.118572738140579,0.1,0.078,0,0.228,"",500,500,0,0,6.66133814775094e-16,500,0,0,289.520000000001
3,stk_long_n1000,alternative,null_link_n1000,1000,proj,EDGE.sym.sc.Grule,"battery file, the same replicates",0.01,p <= alpha,0.064,0.0109456840809517,0.054,0.00839344571775576,0.01,0.014,0,0.064,"",500,500,0,0,6.66133814775094e-16,500,0,0,289.520000000001
3,stk_long_n1000,alternative,null_link_n1000,1000,proj,EDGE.sym.sc.Grule,"battery file, the same replicates",0.05,p <= alpha,0.206,0.0180866801818355,0.184,0.0454233372498547,0.05,0.054,0,0.206,"",500,500,0,0,6.66133814775094e-16,500,0,0,289.520000000001
3,stk_long_n1000,alternative,null_link_n1000,1000,proj,EDGE.sym.sc.Grule,"battery file, the same replicates",0.1,p <= alpha,0.292,0.0203340109176719,0.274,0.0885089306937663,0.1,0.104,0,0.292,"",500,500,0,0,6.66133814775094e-16,500,0,0,289.520000000001
3,stk_long_n1000,alternative,null_link_n1000,1000,proj,Stk.joint,"battery file, the same replicates",0.01,p <= alpha,0.042,0.00897061870775924,0.02,0.00258610244893299,0.01,0.014,0,0.042,"",500,500,0,0,6.66133814775094e-16,500,0,0,289.520000000001
3,stk_long_n1000,alternative,null_link_n1000,1000,proj,Stk.joint,"battery file, the same replicates",0.05,p <= alpha,0.158,0.0163117135825762,0.17,0.0519114153681124,0.05,0.048,0,0.158,"",500,500,0,0,6.66133814775094e-16,500,0,0,289.520000000001
3,stk_long_n1000,alternative,null_link_n1000,1000,proj,Stk.joint,"battery file, the same replicates",0.1,p <= alpha,0.252,0.0194162818273736,0.226,0.0906072240945798,0.1,0.106,0,0.252,"",500,500,0,0,6.66133814775094e-16,500,0,0,289.520000000001
3,stk_long_n1000,alternative,null_link_n1000,1000,proj,GiViTI,"battery file, the same replicates",0.01,p <= alpha,0.034,0.00810481338464989,0.022,0.0052901363949589,0.01,0.016,0,0.034,"",500,500,0,0,6.66133814775094e-16,500,0,0,289.520000000001
3,stk_long_n1000,alternative,null_link_n1000,1000,proj,GiViTI,"battery file, the same replicates",0.05,p <= alpha,0.07,0.0114105214604767,0.068,0.0461958638324205,0.05,0.052,0,0.07,"",500,500,0,0,6.66133814775094e-16,500,0,0,289.520000000001
3,stk_long_n1000,alternative,null_link_n1000,1000,proj,GiViTI,"battery file, the same replicates",0.1,p <= alpha,0.14,0.0155177317930167,0.118,0.0836969474463171,0.1,0.102,0,0.14,"",500,500,0,0,6.66133814775094e-16,500,0,0,289.520000000001
3,stk_short_n500,alternative,null_link_n500,500,proj,proj,block 8,0.01,p < alpha,0.082,0.0122699633251286,0.082,0.008,0.012,0.012,0,0.082,"",500,500,0,0,5.55111512312578e-16,500,0,0,20.1149999999998
3,stk_short_n500,alternative,null_link_n500,500,proj,proj,block 8,0.05,p < alpha,0.248,0.0193130008025682,0.26,0.052,0.056,0.048,0,0.248,"",500,500,0,0,5.55111512312578e-16,500,0,0,20.1149999999998
3,stk_short_n500,alternative,null_link_n500,500,proj,proj,block 8,0.1,p < alpha,0.366,0.0215427017804174,0.38,0.104,0.1,0.092,0,0.366,"",500,500,0,0,5.55111512312578e-16,500,0,0,20.1149999999998
3,stk_short_n500,alternative,null_link_n500,500,proj,EDGE.poly3.u.G10,"battery file, the same replicates",0.01,p <= alpha,0.196,0.017752971582245,0.222,0.0123931102752903,0.01,0.004,0,0.196,"",500,500,0,0,5.55111512312578e-16,500,0,0,20.1149999999998
3,stk_short_n500,alternative,null_link_n500,500,proj,EDGE.poly3.u.G10,"battery file, the same replicates",0.05,p <= alpha,0.464,0.0223026455829796,0.46,0.0490293624623477,0.05,0.05,0,0.464,"",500,500,0,0,5.55111512312578e-16,500,0,0,20.1149999999998
3,stk_short_n500,alternative,null_link_n500,500,proj,EDGE.poly3.u.G10,"battery file, the same replicates",0.1,p <= alpha,0.582,0.0220579237463547,0.576,0.0946047946306689,0.1,0.11,0,0.582,"",500,500,0,0,5.55111512312578e-16,500,0,0,20.1149999999998
3,stk_short_n500,alternative,null_link_n500,500,proj,EDGE.poly3.u.Grule,"battery file, the same replicates",0.01,p <= alpha,0.212,0.0182787308093314,0.212,0.00994440923668031,0.01,0.01,0,0.212,"",500,500,0,0,5.55111512312578e-16,500,0,0,20.1149999999998
3,stk_short_n500,alternative,null_link_n500,500,proj,EDGE.poly3.u.Grule,"battery file, the same replicates",0.05,p <= alpha,0.476,0.0223349054173059,0.546,0.0617357695612896,0.05,0.04,0,0.476,"",500,500,0,0,5.55111512312578e-16,500,0,0,20.1149999999998
3,stk_short_n500,alternative,null_link_n500,500,proj,EDGE.poly3.u.Grule,"battery file, the same replicates",0.1,p <= alpha,0.66,0.0211849002829846,0.672,0.105626425630983,0.1,0.092,0,0.66,"",500,500,0,0,5.55111512312578e-16,500,0,0,20.1149999999998
3,stk_short_n500,alternative,null_link_n500,500,proj,EDGE.poly3.sc.G10,"battery file, the same replicates",0.01,p <= alpha,0.178,0.0171064899964896,0.208,0.014277996218998,0.01,0.004,0,0.178,"",500,500,0,0,5.55111512312578e-16,500,0,0,20.1149999999998
3,stk_short_n500,alternative,null_link_n500,500,proj,EDGE.poly3.sc.G10,"battery file, the same replicates",0.05,p <= alpha,0.392,0.0218328193323721,0.394,0.0543417024434937,0.05,0.046,0,0.392,"",500,500,0,0,5.55111512312578e-16,500,0,0,20.1149999999998
3,stk_short_n500,alternative,null_link_n500,500,proj,EDGE.poly3.sc.G10,"battery file, the same replicates",0.1,p <= alpha,0.528,0.0223255906976725,0.518,0.0954468085174706,0.1,0.102,0,0.528,"",500,500,0,0,5.55111512312578e-16,500,0,0,20.1149999999998
3,stk_short_n500,alternative,null_link_n500,500,proj,EDGE.poly3.sc.Grule,"battery file, the same replicates",0.01,p <= alpha,0.166,0.0166399519230075,0.202,0.0132943443133822,0.01,0.006,0,0.166,"",500,500,0,0,5.55111512312578e-16,500,0,0,20.1149999999998
3,stk_short_n500,alternative,null_link_n500,500,proj,EDGE.poly3.sc.Grule,"battery file, the same replicates",0.05,p <= alpha,0.412,0.0220116332878776,0.432,0.057772096450203,0.05,0.042,0,0.412,"",500,500,0,0,5.55111512312578e-16,500,0,0,20.1149999999998
3,stk_short_n500,alternative,null_link_n500,500,proj,EDGE.poly3.sc.Grule,"battery file, the same replicates",0.1,p <= alpha,0.538,0.0222960086114085,0.542,0.102405114737513,0.1,0.096,0,0.538,"",500,500,0,0,5.55111512312578e-16,500,0,0,20.1149999999998
3,stk_short_n500,alternative,null_link_n500,500,proj,EDGE.sym.u.G10,"battery file, the same replicates",0.01,p <= alpha,0.122,0.0146366662871024,0.118,0.00953999449336968,0.01,0.012,0,0.122,"",500,500,0,0,5.55111512312578e-16,500,0,0,20.1149999999998
3,stk_short_n500,alternative,null_link_n500,500,proj,EDGE.sym.u.G10,"battery file, the same replicates",0.05,p <= alpha,0.414,0.0220274374360705,0.396,0.0473490222171956,0.05,0.05,0,0.414,"",500,500,0,0,5.55111512312578e-16,500,0,0,20.1149999999998
3,stk_short_n500,alternative,null_link_n500,500,proj,EDGE.sym.u.G10,"battery file, the same replicates",0.1,p <= alpha,0.618,0.0217290588843604,0.548,0.0870514187494627,0.1,0.108,0,0.618,"",500,500,0,0,5.55111512312578e-16,500,0,0,20.1149999999998
3,stk_short_n500,alternative,null_link_n500,500,proj,EDGE.sym.u.Grule,"battery file, the same replicates",0.01,p <= alpha,0.122,0.0146366662871024,0.17,0.0144956510081152,0.01,0.006,0,0.122,"",500,500,0,0,5.55111512312578e-16,500,0,0,20.1149999999998
3,stk_short_n500,alternative,null_link_n500,500,proj,EDGE.sym.u.Grule,"battery file, the same replicates",0.05,p <= alpha,0.448,0.0222394244529844,0.544,0.0666544908274057,0.05,0.028,0,0.448,"",500,500,0,0,5.55111512312578e-16,500,0,0,20.1149999999998
3,stk_short_n500,alternative,null_link_n500,500,proj,EDGE.sym.u.Grule,"battery file, the same replicates",0.1,p <= alpha,0.658,0.0212149004239945,0.666,0.103133806059532,0.1,0.094,0,0.658,"",500,500,0,0,5.55111512312578e-16,500,0,0,20.1149999999998
3,stk_short_n500,alternative,null_link_n500,500,proj,EDGE.sym.sc.G10,"battery file, the same replicates",0.01,p <= alpha,0.212,0.0182787308093314,0.168,0.00633155299861587,0.01,0.012,0,0.212,"",500,500,0,0,5.55111512312578e-16,500,0,0,20.1149999999998
3,stk_short_n500,alternative,null_link_n500,500,proj,EDGE.sym.sc.G10,"battery file, the same replicates",0.05,p <= alpha,0.466,0.0223089219820232,0.44,0.045679399355398,0.05,0.052,0,0.466,"",500,500,0,0,5.55111512312578e-16,500,0,0,20.1149999999998
3,stk_short_n500,alternative,null_link_n500,500,proj,EDGE.sym.sc.G10,"battery file, the same replicates",0.1,p <= alpha,0.606,0.021852414054287,0.582,0.0889342225135758,0.1,0.108,0,0.606,"",500,500,0,0,5.55111512312578e-16,500,0,0,20.1149999999998
3,stk_short_n500,alternative,null_link_n500,500,proj,EDGE.sym.sc.Grule,"battery file, the same replicates",0.01,p <= alpha,0.28,0.0200798406368178,0.296,0.0124094710045628,0.01,0.006,0,0.28,"",500,500,0,0,5.55111512312578e-16,500,0,0,20.1149999999998
3,stk_short_n500,alternative,null_link_n500,500,proj,EDGE.sym.sc.Grule,"battery file, the same replicates",0.05,p <= alpha,0.566,0.0221650174825106,0.602,0.0582576610506436,0.05,0.04,0,0.566,"",500,500,0,0,5.55111512312578e-16,500,0,0,20.1149999999998
3,stk_short_n500,alternative,null_link_n500,500,proj,EDGE.sym.sc.Grule,"battery file, the same replicates",0.1,p <= alpha,0.712,0.0202512221853398,0.718,0.104070525647069,0.1,0.092,0,0.712,"",500,500,0,0,5.55111512312578e-16,500,0,0,20.1149999999998
3,stk_short_n500,alternative,null_link_n500,500,proj,Stk.joint,"battery file, the same replicates",0.01,p <= alpha,0.198,0.0178211110764733,0.208,0.011010062604454,0.01,0.008,0,0.198,"",500,500,0,0,5.55111512312578e-16,500,0,0,20.1149999999998
3,stk_short_n500,alternative,null_link_n500,500,proj,Stk.joint,"battery file, the same replicates",0.05,p <= alpha,0.464,0.0223026455829796,0.516,0.0607608405323498,0.05,0.042,0,0.464,"",500,500,0,0,5.55111512312578e-16,500,0,0,20.1149999999998
3,stk_short_n500,alternative,null_link_n500,500,proj,Stk.joint,"battery file, the same replicates",0.1,p <= alpha,0.63,0.0215916650585359,0.634,0.101573869463431,0.1,0.098,0,0.63,"",500,500,0,0,5.55111512312578e-16,500,0,0,20.1149999999998
3,stk_short_n500,alternative,null_link_n500,500,proj,GiViTI,"battery file, the same replicates",0.01,p <= alpha,0.13,0.0150399468084166,0.128,0.00913389638114248,0.01,0.01,0,0.13,"",500,500,0,0,5.55111512312578e-16,500,0,0,20.1149999999998
3,stk_short_n500,alternative,null_link_n500,500,proj,GiViTI,"battery file, the same replicates",0.05,p <= alpha,0.284,0.0201665068864194,0.264,0.0446164460069982,0.05,0.056,0,0.284,"",500,500,0,0,5.55111512312578e-16,500,0,0,20.1149999999998
3,stk_short_n500,alternative,null_link_n500,500,proj,GiViTI,"battery file, the same replicates",0.1,p <= alpha,0.372,0.0216155499583055,0.356,0.0885532340691897,0.1,0.108,0,0.372,"",500,500,0,0,5.55111512312578e-16,500,0,0,20.1149999999998
3,stk_short_n1000,alternative,null_link_n1000,1000,proj,proj,block 8,0.01,p < alpha,0.258,0.0195671152702691,0.194,0.004,0.01,0.01,0,0.258,"",500,500,0,0,4.9960036108132e-16,500,0,0,323.994999999999
3,stk_short_n1000,alternative,null_link_n1000,1000,proj,proj,block 8,0.05,p < alpha,0.556,0.0222199909990981,0.526,0.04,0.056,0.06,0,0.556,"",500,500,0,0,4.9960036108132e-16,500,0,0,323.994999999999
3,stk_short_n1000,alternative,null_link_n1000,1000,proj,proj,block 8,0.1,p < alpha,0.716,0.0201665068864194,0.728,0.104,0.108,0.094,0,0.716,"",500,500,0,0,4.9960036108132e-16,500,0,0,323.994999999999
3,stk_short_n1000,alternative,null_link_n1000,1000,proj,EDGE.poly3.u.G10,"battery file, the same replicates",0.01,p <= alpha,0.606,0.021852414054287,0.558,0.00722930086285989,0.01,0.012,0,0.606,"",500,500,0,0,4.9960036108132e-16,500,0,0,323.994999999999
3,stk_short_n1000,alternative,null_link_n1000,1000,proj,EDGE.poly3.u.G10,"battery file, the same replicates",0.05,p <= alpha,0.834,0.0166399519230075,0.846,0.0568169782316139,0.05,0.044,0,0.834,"",500,500,0,0,4.9960036108132e-16,500,0,0,323.994999999999
3,stk_short_n1000,alternative,null_link_n1000,1000,proj,EDGE.poly3.u.G10,"battery file, the same replicates",0.1,p <= alpha,0.91,0.0127984374046209,0.914,0.105931033951071,0.1,0.098,0,0.91,"",500,500,0,0,4.9960036108132e-16,500,0,0,323.994999999999
3,stk_short_n1000,alternative,null_link_n1000,1000,proj,EDGE.poly3.u.Grule,"battery file, the same replicates",0.01,p <= alpha,0.688,0.02071984555927,0.584,0.00499781667127496,0.01,0.014,0,0.688,"",500,500,0,0,4.9960036108132e-16,500,0,0,323.994999999999
3,stk_short_n1000,alternative,null_link_n1000,1000,proj,EDGE.poly3.u.Grule,"battery file, the same replicates",0.05,p <= alpha,0.9,0.0134164078649987,0.89,0.0450471169053923,0.05,0.05,0,0.9,"",500,500,0,0,4.9960036108132e-16,500,0,0,323.994999999999
3,stk_short_n1000,alternative,null_link_n1000,1000,proj,EDGE.poly3.u.Grule,"battery file, the same replicates",0.1,p <= alpha,0.946,0.0101078187557949,0.946,0.102542092730758,0.1,0.094,0,0.946,"",500,500,0,0,4.9960036108132e-16,500,0,0,323.994999999999
3,stk_short_n1000,alternative,null_link_n1000,1000,proj,EDGE.poly3.sc.G10,"battery file, the same replicates",0.01,p <= alpha,0.5,0.0223606797749979,0.392,0.00553406959000134,0.01,0.016,0,0.5,"",500,500,0,0,4.9960036108132e-16,500,0,0,323.994999999999
3,stk_short_n1000,alternative,null_link_n1000,1000,proj,EDGE.poly3.sc.G10,"battery file, the same replicates",0.05,p <= alpha,0.714,0.0202091068580479,0.702,0.0455523001873992,0.05,0.054,0,0.714,"",500,500,0,0,4.9960036108132e-16,500,0,0,323.994999999999
3,stk_short_n1000,alternative,null_link_n1000,1000,proj,EDGE.poly3.sc.G10,"battery file, the same replicates",0.1,p <= alpha,0.81,0.0175442298206561,0.804,0.0965414005216549,0.1,0.104,0,0.81,"",500,500,0,0,4.9960036108132e-16,500,0,0,323.994999999999
3,stk_short_n1000,alternative,null_link_n1000,1000,proj,EDGE.poly3.sc.Grule,"battery file, the same replicates",0.01,p <= alpha,0.552,0.0222394244529844,0.426,0.00440820657577239,0.01,0.012,0,0.552,"",500,500,0,0,4.9960036108132e-16,500,0,0,323.994999999999
3,stk_short_n1000,alternative,null_link_n1000,1000,proj,EDGE.poly3.sc.Grule,"battery file, the same replicates",0.05,p <= alpha,0.826,0.0169542914921267,0.83,0.052619299831782,0.05,0.044,0,0.826,"",500,500,0,0,4.9960036108132e-16,500,0,0,323.994999999999
3,stk_short_n1000,alternative,null_link_n1000,1000,proj,EDGE.poly3.sc.Grule,"battery file, the same replicates",0.1,p <= alpha,0.902,0.0132963152790538,0.904,0.101472282109608,0.1,0.098,0,0.902,"",500,500,0,0,4.9960036108132e-16,500,0,0,323.994999999999
3,stk_short_n1000,alternative,null_link_n1000,1000,proj,EDGE.sym.u.G10,"battery file, the same replicates",0.01,p <= alpha,0.522,0.0223390241505756,0.404,0.00480785681175009,0.01,0.016,0,0.522,"",500,500,0,0,4.9960036108132e-16,500,0,0,323.994999999999
3,stk_short_n1000,alternative,null_link_n1000,1000,proj,EDGE.sym.u.G10,"battery file, the same replicates",0.05,p <= alpha,0.842,0.0163117135825762,0.832,0.0471192860535276,0.05,0.05,0,0.842,"",500,500,0,0,4.9960036108132e-16,500,0,0,323.994999999999
3,stk_short_n1000,alternative,null_link_n1000,1000,proj,EDGE.sym.u.G10,"battery file, the same replicates",0.1,p <= alpha,0.92,0.0121326007104825,0.934,0.114406181232479,0.1,0.08,0,0.92,"",500,500,0,0,4.9960036108132e-16,500,0,0,323.994999999999
3,stk_short_n1000,alternative,null_link_n1000,1000,proj,EDGE.sym.u.Grule,"battery file, the same replicates",0.01,p <= alpha,0.614,0.0217717247823869,0.392,0.00402225727913122,0.01,0.014,0,0.614,"",500,500,0,0,4.9960036108132e-16,500,0,0,323.994999999999
3,stk_short_n1000,alternative,null_link_n1000,1000,proj,EDGE.sym.u.Grule,"battery file, the same replicates",0.05,p <= alpha,0.9,0.0134164078649987,0.884,0.0447856927198553,0.05,0.054,0,0.9,"",500,500,0,0,4.9960036108132e-16,500,0,0,323.994999999999
3,stk_short_n1000,alternative,null_link_n1000,1000,proj,EDGE.sym.u.Grule,"battery file, the same replicates",0.1,p <= alpha,0.96,0.00876356092008266,0.954,0.090022060223063,0.1,0.108,0,0.96,"",500,500,0,0,4.9960036108132e-16,500,0,0,323.994999999999
3,stk_short_n1000,alternative,null_link_n1000,1000,proj,EDGE.sym.sc.G10,"battery file, the same replicates",0.01,p <= alpha,0.59,0.0219954540757858,0.454,0.00434730700989427,0.01,0.02,0,0.59,"",500,500,0,0,4.9960036108132e-16,500,0,0,323.994999999999
3,stk_short_n1000,alternative,null_link_n1000,1000,proj,EDGE.sym.sc.G10,"battery file, the same replicates",0.05,p <= alpha,0.842,0.0163117135825762,0.826,0.0430156282536784,0.05,0.05,0,0.842,"",500,500,0,0,4.9960036108132e-16,500,0,0,323.994999999999
3,stk_short_n1000,alternative,null_link_n1000,1000,proj,EDGE.sym.sc.G10,"battery file, the same replicates",0.1,p <= alpha,0.904,0.0131745208641529,0.92,0.118572738140579,0.1,0.078,0,0.904,"",500,500,0,0,4.9960036108132e-16,500,0,0,323.994999999999
3,stk_short_n1000,alternative,null_link_n1000,1000,proj,EDGE.sym.sc.Grule,"battery file, the same replicates",0.01,p <= alpha,0.79,0.018215378118502,0.758,0.00839344571775576,0.01,0.014,0,0.79,"",500,500,0,0,4.9960036108132e-16,500,0,0,323.994999999999
3,stk_short_n1000,alternative,null_link_n1000,1000,proj,EDGE.sym.sc.Grule,"battery file, the same replicates",0.05,p <= alpha,0.938,0.0107848041243223,0.932,0.0454233372498547,0.05,0.054,0,0.938,"",500,500,0,0,4.9960036108132e-16,500,0,0,323.994999999999
3,stk_short_n1000,alternative,null_link_n1000,1000,proj,EDGE.sym.sc.Grule,"battery file, the same replicates",0.1,p <= alpha,0.97,0.00762889244910426,0.968,0.0885089306937663,0.1,0.104,0,0.97,"",500,500,0,0,4.9960036108132e-16,500,0,0,323.994999999999
3,stk_short_n1000,alternative,null_link_n1000,1000,proj,Stk.joint,"battery file, the same replicates",0.01,p <= alpha,0.66,0.0211849002829846,0.416,0.00258610244893299,0.01,0.014,0,0.66,"",500,500,0,0,4.9960036108132e-16,500,0,0,323.994999999999
3,stk_short_n1000,alternative,null_link_n1000,1000,proj,Stk.joint,"battery file, the same replicates",0.05,p <= alpha,0.894,0.0137669168661687,0.894,0.0519114153681124,0.05,0.048,0,0.894,"",500,500,0,0,4.9960036108132e-16,500,0,0,323.994999999999
3,stk_short_n1000,alternative,null_link_n1000,1000,proj,Stk.joint,"battery file, the same replicates",0.1,p <= alpha,0.95,0.00974679434480897,0.94,0.0906072240945798,0.1,0.106,0,0.95,"",500,500,0,0,4.9960036108132e-16,500,0,0,323.994999999999
3,stk_short_n1000,alternative,null_link_n1000,1000,proj,GiViTI,"battery file, the same replicates",0.01,p <= alpha,0.448,0.0222394244529844,0.372,0.0052901363949589,0.01,0.016,0,0.448,"",500,500,0,0,4.9960036108132e-16,500,0,0,323.994999999999
3,stk_short_n1000,alternative,null_link_n1000,1000,proj,GiViTI,"battery file, the same replicates",0.05,p <= alpha,0.678,0.0208957411928843,0.668,0.0461958638324205,0.05,0.052,0,0.678,"",500,500,0,0,4.9960036108132e-16,500,0,0,323.994999999999
3,stk_short_n1000,alternative,null_link_n1000,1000,proj,GiViTI,"battery file, the same replicates",0.1,p <= alpha,0.776,0.0186453211289052,0.752,0.0836969474463171,0.1,0.102,0,0.776,"",500,500,0,0,4.9960036108132e-16,500,0,0,323.994999999999
3,stk_asym_n500,alternative,null_link_n500,500,proj,proj,block 8,0.01,p < alpha,0.708,0.0203340109176719,0.708,0.008,0.012,0.012,0,0.708,"",500,500,0,0,4.9960036108132e-16,500,0,0,22.7549999999992
3,stk_asym_n500,alternative,null_link_n500,500,proj,proj,block 8,0.05,p < alpha,0.876,0.0147393351274744,0.884,0.052,0.056,0.048,0,0.876,"",500,500,0,0,4.9960036108132e-16,500,0,0,22.7549999999992
3,stk_asym_n500,alternative,null_link_n500,500,proj,proj,block 8,0.1,p < alpha,0.918,0.0122699633251286,0.922,0.104,0.1,0.092,0,0.918,"",500,500,0,0,4.9960036108132e-16,500,0,0,22.7549999999992
3,stk_asym_n500,alternative,null_link_n500,500,proj,EDGE.poly3.u.G10,"battery file, the same replicates",0.01,p <= alpha,0.748,0.0194162818273736,0.77,0.0123931102752903,0.01,0.004,0,0.748,"",500,500,0,0,4.9960036108132e-16,500,0,0,22.7549999999992
3,stk_asym_n500,alternative,null_link_n500,500,proj,EDGE.poly3.u.G10,"battery file, the same replicates",0.05,p <= alpha,0.892,0.0138806339912844,0.888,0.0490293624623477,0.05,0.05,0,0.892,"",500,500,0,0,4.9960036108132e-16,500,0,0,22.7549999999992
3,stk_asym_n500,alternative,null_link_n500,500,proj,EDGE.poly3.u.G10,"battery file, the same replicates",0.1,p <= alpha,0.946,0.0101078187557949,0.946,0.0946047946306689,0.1,0.11,0,0.946,"",500,500,0,0,4.9960036108132e-16,500,0,0,22.7549999999992
3,stk_asym_n500,alternative,null_link_n500,500,proj,EDGE.poly3.u.Grule,"battery file, the same replicates",0.01,p <= alpha,0.776,0.0186453211289052,0.776,0.00994440923668031,0.01,0.01,0,0.776,"",500,500,0,0,4.9960036108132e-16,500,0,0,22.7549999999992
3,stk_asym_n500,alternative,null_link_n500,500,proj,EDGE.poly3.u.Grule,"battery file, the same replicates",0.05,p <= alpha,0.91,0.0127984374046209,0.928,0.0617357695612896,0.05,0.04,0,0.91,"",500,500,0,0,4.9960036108132e-16,500,0,0,22.7549999999992
3,stk_asym_n500,alternative,null_link_n500,500,proj,EDGE.poly3.u.Grule,"battery file, the same replicates",0.1,p <= alpha,0.95,0.00974679434480897,0.95,0.105626425630983,0.1,0.092,0,0.95,"",500,500,0,0,4.9960036108132e-16,500,0,0,22.7549999999992
3,stk_asym_n500,alternative,null_link_n500,500,proj,EDGE.poly3.sc.G10,"battery file, the same replicates",0.01,p <= alpha,0.65,0.0213307290077015,0.686,0.014277996218998,0.01,0.004,0,0.65,"",500,500,0,0,4.9960036108132e-16,500,0,0,22.7549999999992
3,stk_asym_n500,alternative,null_link_n500,500,proj,EDGE.poly3.sc.G10,"battery file, the same replicates",0.05,p <= alpha,0.852,0.0158805541465026,0.86,0.0543417024434937,0.05,0.046,0,0.852,"",500,500,0,0,4.9960036108132e-16,500,0,0,22.7549999999992
3,stk_asym_n500,alternative,null_link_n500,500,proj,EDGE.poly3.sc.G10,"battery file, the same replicates",0.1,p <= alpha,0.912,0.0126693330526907,0.91,0.0954468085174706,0.1,0.102,0,0.912,"",500,500,0,0,4.9960036108132e-16,500,0,0,22.7549999999992
3,stk_asym_n500,alternative,null_link_n500,500,proj,EDGE.poly3.sc.Grule,"battery file, the same replicates",0.01,p <= alpha,0.69,0.0206833266183175,0.718,0.0132943443133822,0.01,0.006,0,0.69,"",500,500,0,0,4.9960036108132e-16,500,0,0,22.7549999999992
3,stk_asym_n500,alternative,null_link_n500,500,proj,EDGE.poly3.sc.Grule,"battery file, the same replicates",0.05,p <= alpha,0.866,0.0152344346793703,0.874,0.057772096450203,0.05,0.042,0,0.866,"",500,500,0,0,4.9960036108132e-16,500,0,0,22.7549999999992
3,stk_asym_n500,alternative,null_link_n500,500,proj,EDGE.poly3.sc.Grule,"battery file, the same replicates",0.1,p <= alpha,0.908,0.01292563344676,0.912,0.102405114737513,0.1,0.096,0,0.908,"",500,500,0,0,4.9960036108132e-16,500,0,0,22.7549999999992
3,stk_asym_n500,alternative,null_link_n500,500,proj,EDGE.sym.u.G10,"battery file, the same replicates",0.01,p <= alpha,0.144,0.0157012101444443,0.14,0.00953999449336968,0.01,0.012,0,0.144,"",500,500,0,0,4.9960036108132e-16,500,0,0,22.7549999999992
3,stk_asym_n500,alternative,null_link_n500,500,proj,EDGE.sym.u.G10,"battery file, the same replicates",0.05,p <= alpha,0.348,0.0213023942316351,0.324,0.0473490222171956,0.05,0.05,0,0.348,"",500,500,0,0,4.9960036108132e-16,500,0,0,22.7549999999992
3,stk_asym_n500,alternative,null_link_n500,500,proj,EDGE.sym.u.G10,"battery file, the same replicates",0.1,p <= alpha,0.472,0.0223255906976725,0.446,0.0870514187494627,0.1,0.108,0,0.472,"",500,500,0,0,4.9960036108132e-16,500,0,0,22.7549999999992
3,stk_asym_n500,alternative,null_link_n500,500,proj,EDGE.sym.u.Grule,"battery file, the same replicates",0.01,p <= alpha,0.148,0.0158805541465026,0.172,0.0144956510081152,0.01,0.006,0,0.148,"",500,500,0,0,4.9960036108132e-16,500,0,0,22.7549999999992
3,stk_asym_n500,alternative,null_link_n500,500,proj,EDGE.sym.u.Grule,"battery file, the same replicates",0.05,p <= alpha,0.306,0.0206089301032344,0.356,0.0666544908274057,0.05,0.028,0,0.306,"",500,500,0,0,4.9960036108132e-16,500,0,0,22.7549999999992
3,stk_asym_n500,alternative,null_link_n500,500,proj,EDGE.sym.u.Grule,"battery file, the same replicates",0.1,p <= alpha,0.43,0.0221404606998138,0.438,0.103133806059532,0.1,0.094,0,0.43,"",500,500,0,0,4.9960036108132e-16,500,0,0,22.7549999999992
3,stk_asym_n500,alternative,null_link_n500,500,proj,EDGE.sym.sc.G10,"battery file, the same replicates",0.01,p <= alpha,0.104,0.013651666564929,0.082,0.00633155299861587,0.01,0.012,0,0.104,"",500,500,0,0,4.9960036108132e-16,500,0,0,22.7549999999992
3,stk_asym_n500,alternative,null_link_n500,500,proj,EDGE.sym.sc.G10,"battery file, the same replicates",0.05,p <= alpha,0.304,0.0205710476155202,0.29,0.045679399355398,0.05,0.052,0,0.304,"",500,500,0,0,4.9960036108132e-16,500,0,0,22.7549999999992
3,stk_asym_n500,alternative,null_link_n500,500,proj,EDGE.sym.sc.G10,"battery file, the same replicates",0.1,p <= alpha,0.414,0.0220274374360705,0.398,0.0889342225135758,0.1,0.108,0,0.414,"",500,500,0,0,4.9960036108132e-16,500,0,0,22.7549999999992
3,stk_asym_n500,alternative,null_link_n500,500,proj,EDGE.sym.sc.Grule,"battery file, the same replicates",0.01,p <= alpha,0.12,0.014532721699668,0.142,0.0124094710045628,0.01,0.006,0,0.12,"",500,500,0,0,4.9960036108132e-16,500,0,0,22.7549999999992
3,stk_asym_n500,alternative,null_link_n500,500,proj,EDGE.sym.sc.Grule,"battery file, the same replicates",0.05,p <= alpha,0.292,0.0203340109176719,0.308,0.0582576610506436,0.05,0.04,0,0.292,"",500,500,0,0,4.9960036108132e-16,500,0,0,22.7549999999992
3,stk_asym_n500,alternative,null_link_n500,500,proj,EDGE.sym.sc.Grule,"battery file, the same replicates",0.1,p <= alpha,0.412,0.0220116332878776,0.416,0.104070525647069,0.1,0.092,0,0.412,"",500,500,0,0,4.9960036108132e-16,500,0,0,22.7549999999992
3,stk_asym_n500,alternative,null_link_n500,500,proj,Stk.joint,"battery file, the same replicates",0.01,p <= alpha,0.774,0.0187042241218394,0.79,0.011010062604454,0.01,0.008,0,0.774,"",500,500,0,0,4.9960036108132e-16,500,0,0,22.7549999999992
3,stk_asym_n500,alternative,null_link_n500,500,proj,Stk.joint,"battery file, the same replicates",0.05,p <= alpha,0.91,0.0127984374046209,0.924,0.0607608405323498,0.05,0.042,0,0.91,"",500,500,0,0,4.9960036108132e-16,500,0,0,22.7549999999992
3,stk_asym_n500,alternative,null_link_n500,500,proj,Stk.joint,"battery file, the same replicates",0.1,p <= alpha,0.956,0.00917213170424412,0.956,0.101573869463431,0.1,0.098,0,0.956,"",500,500,0,0,4.9960036108132e-16,500,0,0,22.7549999999992
3,stk_asym_n500,alternative,null_link_n500,500,proj,GiViTI,"battery file, the same replicates",0.01,p <= alpha,0.814,0.0174013792556797,0.806,0.00913389638114248,0.01,0.01,0,0.814,"",500,500,0,0,4.9960036108132e-16,500,0,0,22.7549999999992
3,stk_asym_n500,alternative,null_link_n500,500,proj,GiViTI,"battery file, the same replicates",0.05,p <= alpha,0.92,0.0121326007104825,0.914,0.0446164460069982,0.05,0.056,0,0.92,"",500,500,0,0,4.9960036108132e-16,500,0,0,22.7549999999992
3,stk_asym_n500,alternative,null_link_n500,500,proj,GiViTI,"battery file, the same replicates",0.1,p <= alpha,0.968,0.00787095928079927,0.964,0.0885532340691897,0.1,0.108,0,0.968,"",500,500,0,0,4.9960036108132e-16,500,0,0,22.7549999999992
3,stk_asym_n1000,alternative,null_link_n1000,1000,proj,proj,block 8,0.01,p < alpha,0.986,0.00525433154644813,0.97,0.004,0.01,0.01,0,0.986,"",500,500,0,0,2.63677968348475e-16,500,0,0,308.070000000002
3,stk_asym_n1000,alternative,null_link_n1000,1000,proj,proj,block 8,0.05,p < alpha,0.998,0.00199799899899875,0.996,0.04,0.056,0.06,0,0.998,"",500,500,0,0,2.63677968348475e-16,500,0,0,308.070000000002
3,stk_asym_n1000,alternative,null_link_n1000,1000,proj,proj,block 8,0.1,p < alpha,1,0,1,0.104,0.108,0.094,0,1,"",500,500,0,0,2.63677968348475e-16,500,0,0,308.070000000002
3,stk_asym_n1000,alternative,null_link_n1000,1000,proj,EDGE.poly3.u.G10,"battery file, the same replicates",0.01,p <= alpha,0.996,0.00282276460230038,0.99,0.00722930086285989,0.01,0.012,0,0.996,"",500,500,0,0,2.63677968348475e-16,500,0,0,308.070000000002
3,stk_asym_n1000,alternative,null_link_n1000,1000,proj,EDGE.poly3.u.G10,"battery file, the same replicates",0.05,p <= alpha,0.998,0.00199799899899875,0.998,0.0568169782316139,0.05,0.044,0,0.998,"",500,500,0,0,2.63677968348475e-16,500,0,0,308.070000000002
3,stk_asym_n1000,alternative,null_link_n1000,1000,proj,EDGE.poly3.u.G10,"battery file, the same replicates",0.1,p <= alpha,0.998,0.00199799899899875,0.998,0.105931033951071,0.1,0.098,0,0.998,"",500,500,0,0,2.63677968348475e-16,500,0,0,308.070000000002
3,stk_asym_n1000,alternative,null_link_n1000,1000,proj,EDGE.poly3.u.Grule,"battery file, the same replicates",0.01,p <= alpha,0.994,0.00345369367489359,0.994,0.00499781667127496,0.01,0.014,0,0.994,"",500,500,0,0,2.63677968348475e-16,500,0,0,308.070000000002
3,stk_asym_n1000,alternative,null_link_n1000,1000,proj,EDGE.poly3.u.Grule,"battery file, the same replicates",0.05,p <= alpha,1,0,0.998,0.0450471169053923,0.05,0.05,0,1,"",500,500,0,0,2.63677968348475e-16,500,0,0,308.070000000002
3,stk_asym_n1000,alternative,null_link_n1000,1000,proj,EDGE.poly3.u.Grule,"battery file, the same replicates",0.1,p <= alpha,1,0,1,0.102542092730758,0.1,0.094,0,1,"",500,500,0,0,2.63677968348475e-16,500,0,0,308.070000000002
3,stk_asym_n1000,alternative,null_link_n1000,1000,proj,EDGE.poly3.sc.G10,"battery file, the same replicates",0.01,p <= alpha,0.982,0.005945754788082,0.956,0.00553406959000134,0.01,0.016,0,0.982,"",500,500,0,0,2.63677968348475e-16,500,0,0,308.070000000002
3,stk_asym_n1000,alternative,null_link_n1000,1000,proj,EDGE.poly3.sc.G10,"battery file, the same replicates",0.05,p <= alpha,0.996,0.00282276460230038,0.996,0.0455523001873992,0.05,0.054,0,0.996,"",500,500,0,0,2.63677968348475e-16,500,0,0,308.070000000002
3,stk_asym_n1000,alternative,null_link_n1000,1000,proj,EDGE.poly3.sc.G10,"battery file, the same replicates",0.1,p <= alpha,1,0,0.998,0.0965414005216549,0.1,0.104,0,1,"",500,500,0,0,2.63677968348475e-16,500,0,0,308.070000000002
3,stk_asym_n1000,alternative,null_link_n1000,1000,proj,EDGE.poly3.sc.Grule,"battery file, the same replicates",0.01,p <= alpha,0.984,0.00561141693336006,0.968,0.00440820657577239,0.01,0.012,0,0.984,"",500,500,0,0,2.63677968348475e-16,500,0,0,308.070000000002
3,stk_asym_n1000,alternative,null_link_n1000,1000,proj,EDGE.poly3.sc.Grule,"battery file, the same replicates",0.05,p <= alpha,0.996,0.00282276460230038,0.996,0.052619299831782,0.05,0.044,0,0.996,"",500,500,0,0,2.63677968348475e-16,500,0,0,308.070000000002
3,stk_asym_n1000,alternative,null_link_n1000,1000,proj,EDGE.poly3.sc.Grule,"battery file, the same replicates",0.1,p <= alpha,1,0,1,0.101472282109608,0.1,0.098,0,1,"",500,500,0,0,2.63677968348475e-16,500,0,0,308.070000000002
3,stk_asym_n1000,alternative,null_link_n1000,1000,proj,EDGE.sym.u.G10,"battery file, the same replicates",0.01,p <= alpha,0.27,0.0198544705293292,0.204,0.00480785681175009,0.01,0.016,0,0.27,"",500,500,0,0,2.63677968348475e-16,500,0,0,308.070000000002
3,stk_asym_n1000,alternative,null_link_n1000,1000,proj,EDGE.sym.u.G10,"battery file, the same replicates",0.05,p <= alpha,0.482,0.0223461853567897,0.468,0.0471192860535276,0.05,0.05,0,0.482,"",500,500,0,0,2.63677968348475e-16,500,0,0,308.070000000002
3,stk_asym_n1000,alternative,null_link_n1000,1000,proj,EDGE.sym.u.G10,"battery file, the same replicates",0.1,p <= alpha,0.598,0.0219269696948758,0.61,0.114406181232479,0.1,0.08,0,0.598,"",500,500,0,0,2.63677968348475e-16,500,0,0,308.070000000002
3,stk_asym_n1000,alternative,null_link_n1000,1000,proj,EDGE.sym.u.Grule,"battery file, the same replicates",0.01,p <= alpha,0.266,0.0197607692157972,0.164,0.00402225727913122,0.01,0.014,0,0.266,"",500,500,0,0,2.63677968348475e-16,500,0,0,308.070000000002
3,stk_asym_n1000,alternative,null_link_n1000,1000,proj,EDGE.sym.u.Grule,"battery file, the same replicates",0.05,p <= alpha,0.466,0.0223089219820232,0.442,0.0447856927198553,0.05,0.054,0,0.466,"",500,500,0,0,2.63677968348475e-16,500,0,0,308.070000000002
3,stk_asym_n1000,alternative,null_link_n1000,1000,proj,EDGE.sym.u.Grule,"battery file, the same replicates",0.1,p <= alpha,0.572,0.022127629787214,0.548,0.090022060223063,0.1,0.108,0,0.572,"",500,500,0,0,2.63677968348475e-16,500,0,0,308.070000000002
3,stk_asym_n1000,alternative,null_link_n1000,1000,proj,EDGE.sym.sc.G10,"battery file, the same replicates",0.01,p <= alpha,0.218,0.0184648855940133,0.15,0.00434730700989427,0.01,0.02,0,0.218,"",500,500,0,0,2.63677968348475e-16,500,0,0,308.070000000002
3,stk_asym_n1000,alternative,null_link_n1000,1000,proj,EDGE.sym.sc.G10,"battery file, the same replicates",0.05,p <= alpha,0.426,0.0221144296783797,0.41,0.0430156282536784,0.05,0.05,0,0.426,"",500,500,0,0,2.63677968348475e-16,500,0,0,308.070000000002
3,stk_asym_n1000,alternative,null_link_n1000,1000,proj,EDGE.sym.sc.G10,"battery file, the same replicates",0.1,p <= alpha,0.544,0.0222739309507774,0.57,0.118572738140579,0.1,0.078,0,0.544,"",500,500,0,0,2.63677968348475e-16,500,0,0,308.070000000002
3,stk_asym_n1000,alternative,null_link_n1000,1000,proj,EDGE.sym.sc.Grule,"battery file, the same replicates",0.01,p <= alpha,0.228,0.0187625158227781,0.216,0.00839344571775576,0.01,0.014,0,0.228,"",500,500,0,0,2.63677968348475e-16,500,0,0,308.070000000002
3,stk_asym_n1000,alternative,null_link_n1000,1000,proj,EDGE.sym.sc.Grule,"battery file, the same replicates",0.05,p <= alpha,0.444,0.0222199909990981,0.432,0.0454233372498547,0.05,0.054,0,0.444,"",500,500,0,0,2.63677968348475e-16,500,0,0,308.070000000002
3,stk_asym_n1000,alternative,null_link_n1000,1000,proj,EDGE.sym.sc.Grule,"battery file, the same replicates",0.1,p <= alpha,0.538,0.0222960086114085,0.518,0.0885089306937663,0.1,0.104,0,0.538,"",500,500,0,0,2.63677968348475e-16,500,0,0,308.070000000002
3,stk_asym_n1000,alternative,null_link_n1000,1000,proj,Stk.joint,"battery file, the same replicates",0.01,p <= alpha,0.994,0.00345369367489359,0.986,0.00258610244893299,0.01,0.014,0,0.994,"",500,500,0,0,2.63677968348475e-16,500,0,0,308.070000000002
3,stk_asym_n1000,alternative,null_link_n1000,1000,proj,Stk.joint,"battery file, the same replicates",0.05,p <= alpha,1,0,1,0.0519114153681124,0.05,0.048,0,1,"",500,500,0,0,2.63677968348475e-16,500,0,0,308.070000000002
3,stk_asym_n1000,alternative,null_link_n1000,1000,proj,Stk.joint,"battery file, the same replicates",0.1,p <= alpha,1,0,1,0.0906072240945798,0.1,0.106,0,1,"",500,500,0,0,2.63677968348475e-16,500,0,0,308.070000000002
3,stk_asym_n1000,alternative,null_link_n1000,1000,proj,GiViTI,"battery file, the same replicates",0.01,p <= alpha,0.996,0.00282276460230038,0.994,0.0052901363949589,0.01,0.016,0,0.996,"",500,500,0,0,2.63677968348475e-16,500,0,0,308.070000000002
3,stk_asym_n1000,alternative,null_link_n1000,1000,proj,GiViTI,"battery file, the same replicates",0.05,p <= alpha,1,0,1,0.0461958638324205,0.05,0.052,0,1,"",500,500,0,0,2.63677968348475e-16,500,0,0,308.070000000002
3,stk_asym_n1000,alternative,null_link_n1000,1000,proj,GiViTI,"battery file, the same replicates",0.1,p <= alpha,1,0,1,0.0836969474463171,0.1,0.102,0,1,"",500,500,0,0,2.63677968348475e-16,500,0,0,308.070000000002
3,cauchit_n500,alternative,null_link_n500,500,proj,proj,block 8,0.01,p < alpha,0.028,0.00737780455149091,0.028,0.008,0.012,0.012,0,0.028,"",500,500,0,0,5.55111512312578e-16,500,0,0,20.0350000000035
3,cauchit_n500,alternative,null_link_n500,500,proj,proj,block 8,0.05,p < alpha,0.082,0.0122699633251286,0.084,0.052,0.056,0.048,0,0.082,"",500,500,0,0,5.55111512312578e-16,500,0,0,20.0350000000035
3,cauchit_n500,alternative,null_link_n500,500,proj,proj,block 8,0.1,p < alpha,0.15,0.0159687194226713,0.166,0.104,0.1,0.092,0,0.15,"",500,500,0,0,5.55111512312578e-16,500,0,0,20.0350000000035
3,cauchit_n500,alternative,null_link_n500,500,proj,EDGE.poly3.u.G10,"battery file, the same replicates",0.01,p <= alpha,0.03,0.00762889244910426,0.034,0.0123931102752903,0.01,0.004,0,0.03,"",500,500,0,0,5.55111512312578e-16,500,0,0,20.0350000000035
3,cauchit_n500,alternative,null_link_n500,500,proj,EDGE.poly3.u.G10,"battery file, the same replicates",0.05,p <= alpha,0.12,0.014532721699668,0.116,0.0490293624623477,0.05,0.05,0,0.12,"",500,500,0,0,5.55111512312578e-16,500,0,0,20.0350000000035
3,cauchit_n500,alternative,null_link_n500,500,proj,EDGE.poly3.u.G10,"battery file, the same replicates",0.1,p <= alpha,0.196,0.017752971582245,0.19,0.0946047946306689,0.1,0.11,0,0.196,"",500,500,0,0,5.55111512312578e-16,500,0,0,20.0350000000035
3,cauchit_n500,alternative,null_link_n500,500,proj,EDGE.poly3.u.Grule,"battery file, the same replicates",0.01,p <= alpha,0.032,0.00787095928079926,0.032,0.00994440923668031,0.01,0.01,0,0.032,"",500,500,0,0,5.55111512312578e-16,500,0,0,20.0350000000035
3,cauchit_n500,alternative,null_link_n500,500,proj,EDGE.poly3.u.Grule,"battery file, the same replicates",0.05,p <= alpha,0.12,0.014532721699668,0.148,0.0617357695612896,0.05,0.04,0,0.12,"",500,500,0,0,5.55111512312578e-16,500,0,0,20.0350000000035
3,cauchit_n500,alternative,null_link_n500,500,proj,EDGE.poly3.u.Grule,"battery file, the same replicates",0.1,p <= alpha,0.21,0.018215378118502,0.214,0.105626425630983,0.1,0.092,0,0.21,"",500,500,0,0,5.55111512312578e-16,500,0,0,20.0350000000035
3,cauchit_n500,alternative,null_link_n500,500,proj,EDGE.poly3.sc.G10,"battery file, the same replicates",0.01,p <= alpha,0.022,0.00655987804764692,0.03,0.014277996218998,0.01,0.004,0,0.022,"",500,500,0,0,5.55111512312578e-16,500,0,0,20.0350000000035
3,cauchit_n500,alternative,null_link_n500,500,proj,EDGE.poly3.sc.G10,"battery file, the same replicates",0.05,p <= alpha,0.1,0.0134164078649987,0.102,0.0543417024434937,0.05,0.046,0,0.1,"",500,500,0,0,5.55111512312578e-16,500,0,0,20.0350000000035
3,cauchit_n500,alternative,null_link_n500,500,proj,EDGE.poly3.sc.G10,"battery file, the same replicates",0.1,p <= alpha,0.168,0.0167198086113448,0.158,0.0954468085174706,0.1,0.102,0,0.168,"",500,500,0,0,5.55111512312578e-16,500,0,0,20.0350000000035
3,cauchit_n500,alternative,null_link_n500,500,proj,EDGE.poly3.sc.Grule,"battery file, the same replicates",0.01,p <= alpha,0.026,0.00711674082709213,0.034,0.0132943443133822,0.01,0.006,0,0.026,"",500,500,0,0,5.55111512312578e-16,500,0,0,20.0350000000035
3,cauchit_n500,alternative,null_link_n500,500,proj,EDGE.poly3.sc.Grule,"battery file, the same replicates",0.05,p <= alpha,0.102,0.0135348439222623,0.122,0.057772096450203,0.05,0.042,0,0.102,"",500,500,0,0,5.55111512312578e-16,500,0,0,20.0350000000035
3,cauchit_n500,alternative,null_link_n500,500,proj,EDGE.poly3.sc.Grule,"battery file, the same replicates",0.1,p <= alpha,0.192,0.0176145394489893,0.196,0.102405114737513,0.1,0.096,0,0.192,"",500,500,0,0,5.55111512312578e-16,500,0,0,20.0350000000035
3,cauchit_n500,alternative,null_link_n500,500,proj,EDGE.sym.u.G10,"battery file, the same replicates",0.01,p <= alpha,0.046,0.00936845771725528,0.046,0.00953999449336968,0.01,0.012,0,0.046,"",500,500,0,0,5.55111512312578e-16,500,0,0,20.0350000000035
3,cauchit_n500,alternative,null_link_n500,500,proj,EDGE.sym.u.G10,"battery file, the same replicates",0.05,p <= alpha,0.114,0.0142129518397833,0.108,0.0473490222171956,0.05,0.05,0,0.114,"",500,500,0,0,5.55111512312578e-16,500,0,0,20.0350000000035
3,cauchit_n500,alternative,null_link_n500,500,proj,EDGE.sym.u.G10,"battery file, the same replicates",0.1,p <= alpha,0.19,0.0175442298206561,0.166,0.0870514187494627,0.1,0.108,0,0.19,"",500,500,0,0,5.55111512312578e-16,500,0,0,20.0350000000035
3,cauchit_n500,alternative,null_link_n500,500,proj,EDGE.sym.u.Grule,"battery file, the same replicates",0.01,p <= alpha,0.056,0.0102824121683582,0.068,0.0144956510081152,0.01,0.006,0,0.056,"",500,500,0,0,5.55111512312578e-16,500,0,0,20.0350000000035
3,cauchit_n500,alternative,null_link_n500,500,proj,EDGE.sym.u.Grule,"battery file, the same replicates",0.05,p <= alpha,0.142,0.0156099967969247,0.17,0.0666544908274057,0.05,0.028,0,0.142,"",500,500,0,0,5.55111512312578e-16,500,0,0,20.0350000000035
3,cauchit_n500,alternative,null_link_n500,500,proj,EDGE.sym.u.Grule,"battery file, the same replicates",0.1,p <= alpha,0.236,0.0189896814085966,0.24,0.103133806059532,0.1,0.094,0,0.236,"",500,500,0,0,5.55111512312578e-16,500,0,0,20.0350000000035
3,cauchit_n500,alternative,null_link_n500,500,proj,EDGE.sym.sc.G10,"battery file, the same replicates",0.01,p <= alpha,0.054,0.0101078187557949,0.034,0.00633155299861587,0.01,0.012,0,0.054,"",500,500,0,0,5.55111512312578e-16,500,0,0,20.0350000000035
3,cauchit_n500,alternative,null_link_n500,500,proj,EDGE.sym.sc.G10,"battery file, the same replicates",0.05,p <= alpha,0.108,0.0138806339912844,0.104,0.045679399355398,0.05,0.052,0,0.108,"",500,500,0,0,5.55111512312578e-16,500,0,0,20.0350000000035
3,cauchit_n500,alternative,null_link_n500,500,proj,EDGE.sym.sc.G10,"battery file, the same replicates",0.1,p <= alpha,0.186,0.0174013792556797,0.166,0.0889342225135758,0.1,0.108,0,0.186,"",500,500,0,0,5.55111512312578e-16,500,0,0,20.0350000000035
3,cauchit_n500,alternative,null_link_n500,500,proj,EDGE.sym.sc.Grule,"battery file, the same replicates",0.01,p <= alpha,0.054,0.0101078187557949,0.064,0.0124094710045628,0.01,0.006,0,0.054,"",500,500,0,0,5.55111512312578e-16,500,0,0,20.0350000000035
3,cauchit_n500,alternative,null_link_n500,500,proj,EDGE.sym.sc.Grule,"battery file, the same replicates",0.05,p <= alpha,0.136,0.0153299706457645,0.156,0.0582576610506436,0.05,0.04,0,0.136,"",500,500,0,0,5.55111512312578e-16,500,0,0,20.0350000000035
3,cauchit_n500,alternative,null_link_n500,500,proj,EDGE.sym.sc.Grule,"battery file, the same replicates",0.1,p <= alpha,0.23,0.0188202019117756,0.236,0.104070525647069,0.1,0.092,0,0.23,"",500,500,0,0,5.55111512312578e-16,500,0,0,20.0350000000035
3,cauchit_n500,alternative,null_link_n500,500,proj,Stk.joint,"battery file, the same replicates",0.01,p <= alpha,0.026,0.00711674082709213,0.034,0.011010062604454,0.01,0.008,0,0.026,"",500,500,0,0,5.55111512312578e-16,500,0,0,20.0350000000035
3,cauchit_n500,alternative,null_link_n500,500,proj,Stk.joint,"battery file, the same replicates",0.05,p <= alpha,0.124,0.0147393351274744,0.146,0.0607608405323498,0.05,0.042,0,0.124,"",500,500,0,0,5.55111512312578e-16,500,0,0,20.0350000000035
3,cauchit_n500,alternative,null_link_n500,500,proj,Stk.joint,"battery file, the same replicates",0.1,p <= alpha,0.204,0.0180213207063189,0.204,0.101573869463431,0.1,0.098,0,0.204,"",500,500,0,0,5.55111512312578e-16,500,0,0,20.0350000000035
3,cauchit_n500,alternative,null_link_n500,500,proj,GiViTI,"battery file, the same replicates",0.01,p <= alpha,0.018,0.005945754788082,0.016,0.00913389638114248,0.01,0.01,0,0.018,"",500,500,0,0,5.55111512312578e-16,500,0,0,20.0350000000035
3,cauchit_n500,alternative,null_link_n500,500,proj,GiViTI,"battery file, the same replicates",0.05,p <= alpha,0.072,0.0115599307956406,0.066,0.0446164460069982,0.05,0.056,0,0.072,"",500,500,0,0,5.55111512312578e-16,500,0,0,20.0350000000035
3,cauchit_n500,alternative,null_link_n500,500,proj,GiViTI,"battery file, the same replicates",0.1,p <= alpha,0.134,0.0152344346793703,0.124,0.0885532340691897,0.1,0.108,0,0.134,"",500,500,0,0,5.55111512312578e-16,500,0,0,20.0350000000035
3,cauchit_n1000,alternative,null_link_n1000,1000,proj,proj,block 8,0.01,p < alpha,0.024,0.00684455988358638,0.022,0.004,0.01,0.01,0,0.024,"",500,500,0,0,6.66133814775094e-16,500,0,0,288.205000000002
3,cauchit_n1000,alternative,null_link_n1000,1000,proj,proj,block 8,0.05,p < alpha,0.134,0.0152344346793703,0.116,0.04,0.056,0.06,0,0.134,"",500,500,0,0,6.66133814775094e-16,500,0,0,288.205000000002
3,cauchit_n1000,alternative,null_link_n1000,1000,proj,proj,block 8,0.1,p < alpha,0.218,0.0184648855940133,0.228,0.104,0.108,0.094,0,0.218,"",500,500,0,0,6.66133814775094e-16,500,0,0,288.205000000002
3,cauchit_n1000,alternative,null_link_n1000,1000,proj,EDGE.poly3.u.G10,"battery file, the same replicates",0.01,p <= alpha,0.074,0.0117067501895274,0.062,0.00722930086285989,0.01,0.012,0,0.074,"",500,500,0,0,6.66133814775094e-16,500,0,0,288.205000000002
3,cauchit_n1000,alternative,null_link_n1000,1000,proj,EDGE.poly3.u.G10,"battery file, the same replicates",0.05,p <= alpha,0.212,0.0182787308093314,0.226,0.0568169782316139,0.05,0.044,0,0.212,"",500,500,0,0,6.66133814775094e-16,500,0,0,288.205000000002
3,cauchit_n1000,alternative,null_link_n1000,1000,proj,EDGE.poly3.u.G10,"battery file, the same replicates",0.1,p <= alpha,0.304,0.0205710476155202,0.314,0.105931033951071,0.1,0.098,0,0.304,"",500,500,0,0,6.66133814775094e-16,500,0,0,288.205000000002
3,cauchit_n1000,alternative,null_link_n1000,1000,proj,EDGE.poly3.u.Grule,"battery file, the same replicates",0.01,p <= alpha,0.094,0.0130509769749241,0.052,0.00499781667127496,0.01,0.014,0,0.094,"",500,500,0,0,6.66133814775094e-16,500,0,0,288.205000000002
3,cauchit_n1000,alternative,null_link_n1000,1000,proj,EDGE.poly3.u.Grule,"battery file, the same replicates",0.05,p <= alpha,0.254,0.0194671004517879,0.24,0.0450471169053923,0.05,0.05,0,0.254,"",500,500,0,0,6.66133814775094e-16,500,0,0,288.205000000002
3,cauchit_n1000,alternative,null_link_n1000,1000,proj,EDGE.poly3.u.Grule,"battery file, the same replicates",0.1,p <= alpha,0.338,0.0211544794310803,0.338,0.102542092730758,0.1,0.094,0,0.338,"",500,500,0,0,6.66133814775094e-16,500,0,0,288.205000000002
3,cauchit_n1000,alternative,null_link_n1000,1000,proj,EDGE.poly3.sc.G10,"battery file, the same replicates",0.01,p <= alpha,0.066,0.0111035129576184,0.04,0.00553406959000134,0.01,0.016,0,0.066,"",500,500,0,0,6.66133814775094e-16,500,0,0,288.205000000002
3,cauchit_n1000,alternative,null_link_n1000,1000,proj,EDGE.poly3.sc.G10,"battery file, the same replicates",0.05,p <= alpha,0.198,0.0178211110764733,0.188,0.0455523001873992,0.05,0.054,0,0.198,"",500,500,0,0,6.66133814775094e-16,500,0,0,288.205000000002
3,cauchit_n1000,alternative,null_link_n1000,1000,proj,EDGE.poly3.sc.G10,"battery file, the same replicates",0.1,p <= alpha,0.276,0.0199911980631477,0.274,0.0965414005216549,0.1,0.104,0,0.276,"",500,500,0,0,6.66133814775094e-16,500,0,0,288.205000000002
3,cauchit_n1000,alternative,null_link_n1000,1000,proj,EDGE.poly3.sc.Grule,"battery file, the same replicates",0.01,p <= alpha,0.06,0.0106207344378814,0.034,0.00440820657577239,0.01,0.012,0,0.06,"",500,500,0,0,6.66133814775094e-16,500,0,0,288.205000000002
3,cauchit_n1000,alternative,null_link_n1000,1000,proj,EDGE.poly3.sc.Grule,"battery file, the same replicates",0.05,p <= alpha,0.2,0.0178885438199983,0.2,0.052619299831782,0.05,0.044,0,0.2,"",500,500,0,0,6.66133814775094e-16,500,0,0,288.205000000002
3,cauchit_n1000,alternative,null_link_n1000,1000,proj,EDGE.poly3.sc.Grule,"battery file, the same replicates",0.1,p <= alpha,0.292,0.0203340109176719,0.296,0.101472282109608,0.1,0.098,0,0.292,"",500,500,0,0,6.66133814775094e-16,500,0,0,288.205000000002
3,cauchit_n1000,alternative,null_link_n1000,1000,proj,EDGE.sym.u.G10,"battery file, the same replicates",0.01,p <= alpha,0.066,0.0111035129576184,0.032,0.00480785681175009,0.01,0.016,0,0.066,"",500,500,0,0,6.66133814775094e-16,500,0,0,288.205000000002
3,cauchit_n1000,alternative,null_link_n1000,1000,proj,EDGE.sym.u.G10,"battery file, the same replicates",0.05,p <= alpha,0.206,0.0180866801818355,0.196,0.0471192860535276,0.05,0.05,0,0.206,"",500,500,0,0,6.66133814775094e-16,500,0,0,288.205000000002
3,cauchit_n1000,alternative,null_link_n1000,1000,proj,EDGE.sym.u.G10,"battery file, the same replicates",0.1,p <= alpha,0.3,0.0204939015319192,0.328,0.114406181232479,0.1,0.08,0,0.3,"",500,500,0,0,6.66133814775094e-16,500,0,0,288.205000000002
3,cauchit_n1000,alternative,null_link_n1000,1000,proj,EDGE.sym.u.Grule,"battery file, the same replicates",0.01,p <= alpha,0.124,0.0147393351274744,0.064,0.00402225727913122,0.01,0.014,0,0.124,"",500,500,0,0,6.66133814775094e-16,500,0,0,288.205000000002
3,cauchit_n1000,alternative,null_link_n1000,1000,proj,EDGE.sym.u.Grule,"battery file, the same replicates",0.05,p <= alpha,0.278,0.0200357680162254,0.27,0.0447856927198553,0.05,0.054,0,0.278,"",500,500,0,0,6.66133814775094e-16,500,0,0,288.205000000002
3,cauchit_n1000,alternative,null_link_n1000,1000,proj,EDGE.sym.u.Grule,"battery file, the same replicates",0.1,p <= alpha,0.4,0.0219089023002066,0.378,0.090022060223063,0.1,0.108,0,0.4,"",500,500,0,0,6.66133814775094e-16,500,0,0,288.205000000002
3,cauchit_n1000,alternative,null_link_n1000,1000,proj,EDGE.sym.sc.G10,"battery file, the same replicates",0.01,p <= alpha,0.058,0.0104533248299285,0.026,0.00434730700989427,0.01,0.02,0,0.058,"",500,500,0,0,6.66133814775094e-16,500,0,0,288.205000000002
3,cauchit_n1000,alternative,null_link_n1000,1000,proj,EDGE.sym.sc.G10,"battery file, the same replicates",0.05,p <= alpha,0.18,0.0171813852759316,0.172,0.0430156282536784,0.05,0.05,0,0.18,"",500,500,0,0,6.66133814775094e-16,500,0,0,288.205000000002
3,cauchit_n1000,alternative,null_link_n1000,1000,proj,EDGE.sym.sc.G10,"battery file, the same replicates",0.1,p <= alpha,0.28,0.0200798406368178,0.306,0.118572738140579,0.1,0.078,0,0.28,"",500,500,0,0,6.66133814775094e-16,500,0,0,288.205000000002
3,cauchit_n1000,alternative,null_link_n1000,1000,proj,EDGE.sym.sc.Grule,"battery file, the same replicates",0.01,p <= alpha,0.122,0.0146366662871024,0.104,0.00839344571775576,0.01,0.014,0,0.122,"",500,500,0,0,6.66133814775094e-16,500,0,0,288.205000000002
3,cauchit_n1000,alternative,null_link_n1000,1000,proj,EDGE.sym.sc.Grule,"battery file, the same replicates",0.05,p <= alpha,0.276,0.0199911980631477,0.262,0.0454233372498547,0.05,0.054,0,0.276,"",500,500,0,0,6.66133814775094e-16,500,0,0,288.205000000002
3,cauchit_n1000,alternative,null_link_n1000,1000,proj,EDGE.sym.sc.Grule,"battery file, the same replicates",0.1,p <= alpha,0.406,0.0219619671250095,0.374,0.0885089306937663,0.1,0.104,0,0.406,"",500,500,0,0,6.66133814775094e-16,500,0,0,288.205000000002
3,cauchit_n1000,alternative,null_link_n1000,1000,proj,Stk.joint,"battery file, the same replicates",0.01,p <= alpha,0.102,0.0135348439222623,0.032,0.00258610244893299,0.01,0.014,0,0.102,"",500,500,0,0,6.66133814775094e-16,500,0,0,288.205000000002
3,cauchit_n1000,alternative,null_link_n1000,1000,proj,Stk.joint,"battery file, the same replicates",0.05,p <= alpha,0.254,0.0194671004517879,0.258,0.0519114153681124,0.05,0.048,0,0.254,"",500,500,0,0,6.66133814775094e-16,500,0,0,288.205000000002
3,cauchit_n1000,alternative,null_link_n1000,1000,proj,Stk.joint,"battery file, the same replicates",0.1,p <= alpha,0.342,0.0212149004239945,0.32,0.0906072240945798,0.1,0.106,0,0.342,"",500,500,0,0,6.66133814775094e-16,500,0,0,288.205000000002
3,cauchit_n1000,alternative,null_link_n1000,1000,proj,GiViTI,"battery file, the same replicates",0.01,p <= alpha,0.03,0.00762889244910426,0.026,0.0052901363949589,0.01,0.016,0,0.03,"",500,500,0,0,6.66133814775094e-16,500,0,0,288.205000000002
3,cauchit_n1000,alternative,null_link_n1000,1000,proj,GiViTI,"battery file, the same replicates",0.05,p <= alpha,0.104,0.013651666564929,0.1,0.0461958638324205,0.05,0.052,0,0.104,"",500,500,0,0,6.66133814775094e-16,500,0,0,288.205000000002
3,cauchit_n1000,alternative,null_link_n1000,1000,proj,GiViTI,"battery file, the same replicates",0.1,p <= alpha,0.182,0.0172554918793989,0.158,0.0836969474463171,0.1,0.102,0,0.182,"",500,500,0,0,6.66133814775094e-16,500,0,0,288.205000000002
3,t4_n500,alternative,null_link_n500,500,proj,proj,block 8,0.01,p < alpha,0.014,0.00525433154644813,0.014,0.008,0.012,0.012,0,0.014,"",500,500,0,0,6.66133814775094e-16,500,0,0,19.2700000000004
3,t4_n500,alternative,null_link_n500,500,proj,proj,block 8,0.05,p < alpha,0.056,0.0102824121683582,0.064,0.052,0.056,0.048,0,0.056,"",500,500,0,0,6.66133814775094e-16,500,0,0,19.2700000000004
3,t4_n500,alternative,null_link_n500,500,proj,proj,block 8,0.1,p < alpha,0.098,0.0132963152790538,0.106,0.104,0.1,0.092,0,0.098,"",500,500,0,0,6.66133814775094e-16,500,0,0,19.2700000000004
3,t4_n500,alternative,null_link_n500,500,proj,EDGE.poly3.u.G10,"battery file, the same replicates",0.01,p <= alpha,0.014,0.00525433154644813,0.016,0.0123931102752903,0.01,0.004,0,0.014,"",500,500,0,0,6.66133814775094e-16,500,0,0,19.2700000000004
3,t4_n500,alternative,null_link_n500,500,proj,EDGE.poly3.u.G10,"battery file, the same replicates",0.05,p <= alpha,0.046,0.00936845771725528,0.044,0.0490293624623477,0.05,0.05,0,0.046,"",500,500,0,0,6.66133814775094e-16,500,0,0,19.2700000000004
3,t4_n500,alternative,null_link_n500,500,proj,EDGE.poly3.u.G10,"battery file, the same replicates",0.1,p <= alpha,0.102,0.0135348439222623,0.096,0.0946047946306689,0.1,0.11,0,0.102,"",500,500,0,0,6.66133814775094e-16,500,0,0,19.2700000000004
3,t4_n500,alternative,null_link_n500,500,proj,EDGE.poly3.u.Grule,"battery file, the same replicates",0.01,p <= alpha,0.008,0.0039839678713564,0.008,0.00994440923668031,0.01,0.01,0,0.008,"",500,500,0,0,6.66133814775094e-16,500,0,0,19.2700000000004
3,t4_n500,alternative,null_link_n500,500,proj,EDGE.poly3.u.Grule,"battery file, the same replicates",0.05,p <= alpha,0.054,0.0101078187557949,0.062,0.0617357695612896,0.05,0.04,0,0.054,"",500,500,0,0,6.66133814775094e-16,500,0,0,19.2700000000004
3,t4_n500,alternative,null_link_n500,500,proj,EDGE.poly3.u.Grule,"battery file, the same replicates",0.1,p <= alpha,0.102,0.0135348439222623,0.104,0.105626425630983,0.1,0.092,0,0.102,"",500,500,0,0,6.66133814775094e-16,500,0,0,19.2700000000004
3,t4_n500,alternative,null_link_n500,500,proj,EDGE.poly3.sc.G10,"battery file, the same replicates",0.01,p <= alpha,0.014,0.00525433154644813,0.016,0.014277996218998,0.01,0.004,0,0.014,"",500,500,0,0,6.66133814775094e-16,500,0,0,19.2700000000004
3,t4_n500,alternative,null_link_n500,500,proj,EDGE.poly3.sc.G10,"battery file, the same replicates",0.05,p <= alpha,0.056,0.0102824121683582,0.058,0.0543417024434937,0.05,0.046,0,0.056,"",500,500,0,0,6.66133814775094e-16,500,0,0,19.2700000000004
3,t4_n500,alternative,null_link_n500,500,proj,EDGE.poly3.sc.G10,"battery file, the same replicates",0.1,p <= alpha,0.126,0.0148407546977908,0.126,0.0954468085174706,0.1,0.102,0,0.126,"",500,500,0,0,6.66133814775094e-16,500,0,0,19.2700000000004
3,t4_n500,alternative,null_link_n500,500,proj,EDGE.poly3.sc.Grule,"battery file, the same replicates",0.01,p <= alpha,0.014,0.00525433154644813,0.014,0.0132943443133822,0.01,0.006,0,0.014,"",500,500,0,0,6.66133814775094e-16,500,0,0,19.2700000000004
3,t4_n500,alternative,null_link_n500,500,proj,EDGE.poly3.sc.Grule,"battery file, the same replicates",0.05,p <= alpha,0.054,0.0101078187557949,0.06,0.057772096450203,0.05,0.042,0,0.054,"",500,500,0,0,6.66133814775094e-16,500,0,0,19.2700000000004
3,t4_n500,alternative,null_link_n500,500,proj,EDGE.poly3.sc.Grule,"battery file, the same replicates",0.1,p <= alpha,0.106,0.0137669168661687,0.106,0.102405114737513,0.1,0.096,0,0.106,"",500,500,0,0,6.66133814775094e-16,500,0,0,19.2700000000004
3,t4_n500,alternative,null_link_n500,500,proj,EDGE.sym.u.G10,"battery file, the same replicates",0.01,p <= alpha,0.012,0.00486949689393062,0.012,0.00953999449336968,0.01,0.012,0,0.012,"",500,500,0,0,6.66133814775094e-16,500,0,0,19.2700000000004
3,t4_n500,alternative,null_link_n500,500,proj,EDGE.sym.u.G10,"battery file, the same replicates",0.05,p <= alpha,0.068,0.0112584190719657,0.054,0.0473490222171956,0.05,0.05,0,0.068,"",500,500,0,0,6.66133814775094e-16,500,0,0,19.2700000000004
3,t4_n500,alternative,null_link_n500,500,proj,EDGE.sym.u.G10,"battery file, the same replicates",0.1,p <= alpha,0.112,0.014103616557465,0.104,0.0870514187494627,0.1,0.108,0,0.112,"",500,500,0,0,6.66133814775094e-16,500,0,0,19.2700000000004
3,t4_n500,alternative,null_link_n500,500,proj,EDGE.sym.u.Grule,"battery file, the same replicates",0.01,p <= alpha,0.012,0.00486949689393062,0.012,0.0144956510081152,0.01,0.006,0,0.012,"",500,500,0,0,6.66133814775094e-16,500,0,0,19.2700000000004
3,t4_n500,alternative,null_link_n500,500,proj,EDGE.sym.u.Grule,"battery file, the same replicates",0.05,p <= alpha,0.054,0.0101078187557949,0.074,0.0666544908274057,0.05,0.028,0,0.054,"",500,500,0,0,6.66133814775094e-16,500,0,0,19.2700000000004
3,t4_n500,alternative,null_link_n500,500,proj,EDGE.sym.u.Grule,"battery file, the same replicates",0.1,p <= alpha,0.1,0.0134164078649987,0.102,0.103133806059532,0.1,0.094,0,0.1,"",500,500,0,0,6.66133814775094e-16,500,0,0,19.2700000000004
3,t4_n500,alternative,null_link_n500,500,proj,EDGE.sym.sc.G10,"battery file, the same replicates",0.01,p <= alpha,0.02,0.00626099033699941,0.012,0.00633155299861587,0.01,0.012,0,0.02,"",500,500,0,0,6.66133814775094e-16,500,0,0,19.2700000000004
3,t4_n500,alternative,null_link_n500,500,proj,EDGE.sym.sc.G10,"battery file, the same replicates",0.05,p <= alpha,0.066,0.0111035129576184,0.062,0.045679399355398,0.05,0.052,0,0.066,"",500,500,0,0,6.66133814775094e-16,500,0,0,19.2700000000004
3,t4_n500,alternative,null_link_n500,500,proj,EDGE.sym.sc.G10,"battery file, the same replicates",0.1,p <= alpha,0.12,0.014532721699668,0.11,0.0889342225135758,0.1,0.108,0,0.12,"",500,500,0,0,6.66133814775094e-16,500,0,0,19.2700000000004
3,t4_n500,alternative,null_link_n500,500,proj,EDGE.sym.sc.Grule,"battery file, the same replicates",0.01,p <= alpha,0.012,0.00486949689393062,0.018,0.0124094710045628,0.01,0.006,0,0.012,"",500,500,0,0,6.66133814775094e-16,500,0,0,19.2700000000004
3,t4_n500,alternative,null_link_n500,500,proj,EDGE.sym.sc.Grule,"battery file, the same replicates",0.05,p <= alpha,0.056,0.0102824121683582,0.07,0.0582576610506436,0.05,0.04,0,0.056,"",500,500,0,0,6.66133814775094e-16,500,0,0,19.2700000000004
3,t4_n500,alternative,null_link_n500,500,proj,EDGE.sym.sc.Grule,"battery file, the same replicates",0.1,p <= alpha,0.11,0.0139928553197694,0.116,0.104070525647069,0.1,0.092,0,0.11,"",500,500,0,0,6.66133814775094e-16,500,0,0,19.2700000000004
3,t4_n500,alternative,null_link_n500,500,proj,Stk.joint,"battery file, the same replicates",0.01,p <= alpha,0.014,0.00525433154644813,0.014,0.011010062604454,0.01,0.008,0,0.014,"",500,500,0,0,6.66133814775094e-16,500,0,0,19.2700000000004
3,t4_n500,alternative,null_link_n500,500,proj,Stk.joint,"battery file, the same replicates",0.05,p <= alpha,0.054,0.0101078187557949,0.064,0.0607608405323498,0.05,0.042,0,0.054,"",500,500,0,0,6.66133814775094e-16,500,0,0,19.2700000000004
3,t4_n500,alternative,null_link_n500,500,proj,Stk.joint,"battery file, the same replicates",0.1,p <= alpha,0.11,0.0139928553197694,0.11,0.101573869463431,0.1,0.098,0,0.11,"",500,500,0,0,6.66133814775094e-16,500,0,0,19.2700000000004
3,t4_n500,alternative,null_link_n500,500,proj,GiViTI,"battery file, the same replicates",0.01,p <= alpha,0.01,0.0044497190922574,0.008,0.00913389638114248,0.01,0.01,0,0.01,"",500,500,0,0,6.66133814775094e-16,500,0,0,19.2700000000004
3,t4_n500,alternative,null_link_n500,500,proj,GiViTI,"battery file, the same replicates",0.05,p <= alpha,0.048,0.00955991631762538,0.048,0.0446164460069982,0.05,0.056,0,0.048,"",500,500,0,0,6.66133814775094e-16,500,0,0,19.2700000000004
3,t4_n500,alternative,null_link_n500,500,proj,GiViTI,"battery file, the same replicates",0.1,p <= alpha,0.094,0.0130509769749241,0.086,0.0885532340691897,0.1,0.108,0,0.094,"",500,500,0,0,6.66133814775094e-16,500,0,0,19.2700000000004
3,t4_n1000,alternative,null_link_n1000,1000,proj,proj,block 8,0.01,p < alpha,0.02,0.00626099033699941,0.02,0.004,0.01,0.01,0,0.02,"",500,500,0,0,6.66133814775094e-16,500,0,0,291.510000000002
3,t4_n1000,alternative,null_link_n1000,1000,proj,proj,block 8,0.05,p < alpha,0.06,0.0106207344378814,0.058,0.04,0.056,0.06,0,0.06,"",500,500,0,0,6.66133814775094e-16,500,0,0,291.510000000002
3,t4_n1000,alternative,null_link_n1000,1000,proj,proj,block 8,0.1,p < alpha,0.104,0.013651666564929,0.112,0.104,0.108,0.094,0,0.104,"",500,500,0,0,6.66133814775094e-16,500,0,0,291.510000000002
3,t4_n1000,alternative,null_link_n1000,1000,proj,EDGE.poly3.u.G10,"battery file, the same replicates",0.01,p <= alpha,0.022,0.00655987804764692,0.022,0.00722930086285989,0.01,0.012,0,0.022,"",500,500,0,0,6.66133814775094e-16,500,0,0,291.510000000002
3,t4_n1000,alternative,null_link_n1000,1000,proj,EDGE.poly3.u.G10,"battery file, the same replicates",0.05,p <= alpha,0.09,0.0127984374046209,0.094,0.0568169782316139,0.05,0.044,0,0.09,"",500,500,0,0,6.66133814775094e-16,500,0,0,291.510000000002
3,t4_n1000,alternative,null_link_n1000,1000,proj,EDGE.poly3.u.G10,"battery file, the same replicates",0.1,p <= alpha,0.158,0.0163117135825762,0.162,0.105931033951071,0.1,0.098,0,0.158,"",500,500,0,0,6.66133814775094e-16,500,0,0,291.510000000002
3,t4_n1000,alternative,null_link_n1000,1000,proj,EDGE.poly3.u.Grule,"battery file, the same replicates",0.01,p <= alpha,0.022,0.00655987804764692,0.016,0.00499781667127496,0.01,0.014,0,0.022,"",500,500,0,0,6.66133814775094e-16,500,0,0,291.510000000002
3,t4_n1000,alternative,null_link_n1000,1000,proj,EDGE.poly3.u.Grule,"battery file, the same replicates",0.05,p <= alpha,0.08,0.0121326007104825,0.076,0.0450471169053923,0.05,0.05,0,0.08,"",500,500,0,0,6.66133814775094e-16,500,0,0,291.510000000002
3,t4_n1000,alternative,null_link_n1000,1000,proj,EDGE.poly3.u.Grule,"battery file, the same replicates",0.1,p <= alpha,0.134,0.0152344346793703,0.138,0.102542092730758,0.1,0.094,0,0.134,"",500,500,0,0,6.66133814775094e-16,500,0,0,291.510000000002
3,t4_n1000,alternative,null_link_n1000,1000,proj,EDGE.poly3.sc.G10,"battery file, the same replicates",0.01,p <= alpha,0.02,0.00626099033699941,0.016,0.00553406959000134,0.01,0.016,0,0.02,"",500,500,0,0,6.66133814775094e-16,500,0,0,291.510000000002
3,t4_n1000,alternative,null_link_n1000,1000,proj,EDGE.poly3.sc.G10,"battery file, the same replicates",0.05,p <= alpha,0.07,0.0114105214604767,0.064,0.0455523001873992,0.05,0.054,0,0.07,"",500,500,0,0,6.66133814775094e-16,500,0,0,291.510000000002
3,t4_n1000,alternative,null_link_n1000,1000,proj,EDGE.poly3.sc.G10,"battery file, the same replicates",0.1,p <= alpha,0.12,0.014532721699668,0.12,0.0965414005216549,0.1,0.104,0,0.12,"",500,500,0,0,6.66133814775094e-16,500,0,0,291.510000000002
3,t4_n1000,alternative,null_link_n1000,1000,proj,EDGE.poly3.sc.Grule,"battery file, the same replicates",0.01,p <= alpha,0.022,0.00655987804764692,0.014,0.00440820657577239,0.01,0.012,0,0.022,"",500,500,0,0,6.66133814775094e-16,500,0,0,291.510000000002
3,t4_n1000,alternative,null_link_n1000,1000,proj,EDGE.poly3.sc.Grule,"battery file, the same replicates",0.05,p <= alpha,0.09,0.0127984374046209,0.092,0.052619299831782,0.05,0.044,0,0.09,"",500,500,0,0,6.66133814775094e-16,500,0,0,291.510000000002
3,t4_n1000,alternative,null_link_n1000,1000,proj,EDGE.poly3.sc.Grule,"battery file, the same replicates",0.1,p <= alpha,0.136,0.0153299706457645,0.142,0.101472282109608,0.1,0.098,0,0.136,"",500,500,0,0,6.66133814775094e-16,500,0,0,291.510000000002
3,t4_n1000,alternative,null_link_n1000,1000,proj,EDGE.sym.u.G10,"battery file, the same replicates",0.01,p <= alpha,0.02,0.00626099033699941,0.014,0.00480785681175009,0.01,0.016,0,0.02,"",500,500,0,0,6.66133814775094e-16,500,0,0,291.510000000002
3,t4_n1000,alternative,null_link_n1000,1000,proj,EDGE.sym.u.G10,"battery file, the same replicates",0.05,p <= alpha,0.086,0.0125382614424808,0.084,0.0471192860535276,0.05,0.05,0,0.086,"",500,500,0,0,6.66133814775094e-16,500,0,0,291.510000000002
3,t4_n1000,alternative,null_link_n1000,1000,proj,EDGE.sym.u.G10,"battery file, the same replicates",0.1,p <= alpha,0.134,0.0152344346793703,0.156,0.114406181232479,0.1,0.08,0,0.134,"",500,500,0,0,6.66133814775094e-16,500,0,0,291.510000000002
3,t4_n1000,alternative,null_link_n1000,1000,proj,EDGE.sym.u.Grule,"battery file, the same replicates",0.01,p <= alpha,0.024,0.00684455988358638,0.014,0.00402225727913122,0.01,0.014,0,0.024,"",500,500,0,0,6.66133814775094e-16,500,0,0,291.510000000002
3,t4_n1000,alternative,null_link_n1000,1000,proj,EDGE.sym.u.Grule,"battery file, the same replicates",0.05,p <= alpha,0.074,0.0117067501895274,0.064,0.0447856927198553,0.05,0.054,0,0.074,"",500,500,0,0,6.66133814775094e-16,500,0,0,291.510000000002
3,t4_n1000,alternative,null_link_n1000,1000,proj,EDGE.sym.u.Grule,"battery file, the same replicates",0.1,p <= alpha,0.122,0.0146366662871024,0.108,0.090022060223063,0.1,0.108,0,0.122,"",500,500,0,0,6.66133814775094e-16,500,0,0,291.510000000002
3,t4_n1000,alternative,null_link_n1000,1000,proj,EDGE.sym.sc.G10,"battery file, the same replicates",0.01,p <= alpha,0.018,0.005945754788082,0.008,0.00434730700989427,0.01,0.02,0,0.018,"",500,500,0,0,6.66133814775094e-16,500,0,0,291.510000000002
3,t4_n1000,alternative,null_link_n1000,1000,proj,EDGE.sym.sc.G10,"battery file, the same replicates",0.05,p <= alpha,0.088,0.0126693330526907,0.084,0.0430156282536784,0.05,0.05,0,0.088,"",500,500,0,0,6.66133814775094e-16,500,0,0,291.510000000002
3,t4_n1000,alternative,null_link_n1000,1000,proj,EDGE.sym.sc.G10,"battery file, the same replicates",0.1,p <= alpha,0.14,0.0155177317930167,0.162,0.118572738140579,0.1,0.078,0,0.14,"",500,500,0,0,6.66133814775094e-16,500,0,0,291.510000000002
3,t4_n1000,alternative,null_link_n1000,1000,proj,EDGE.sym.sc.Grule,"battery file, the same replicates",0.01,p <= alpha,0.028,0.00737780455149091,0.02,0.00839344571775576,0.01,0.014,0,0.028,"",500,500,0,0,6.66133814775094e-16,500,0,0,291.510000000002
3,t4_n1000,alternative,null_link_n1000,1000,proj,EDGE.sym.sc.Grule,"battery file, the same replicates",0.05,p <= alpha,0.072,0.0115599307956406,0.068,0.0454233372498547,0.05,0.054,0,0.072,"",500,500,0,0,6.66133814775094e-16,500,0,0,291.510000000002
3,t4_n1000,alternative,null_link_n1000,1000,proj,EDGE.sym.sc.Grule,"battery file, the same replicates",0.1,p <= alpha,0.118,0.0144274737913468,0.104,0.0885089306937663,0.1,0.104,0,0.118,"",500,500,0,0,6.66133814775094e-16,500,0,0,291.510000000002
3,t4_n1000,alternative,null_link_n1000,1000,proj,Stk.joint,"battery file, the same replicates",0.01,p <= alpha,0.022,0.00655987804764692,0.014,0.00258610244893299,0.01,0.014,0,0.022,"",500,500,0,0,6.66133814775094e-16,500,0,0,291.510000000002
3,t4_n1000,alternative,null_link_n1000,1000,proj,Stk.joint,"battery file, the same replicates",0.05,p <= alpha,0.074,0.0117067501895274,0.078,0.0519114153681124,0.05,0.048,0,0.074,"",500,500,0,0,6.66133814775094e-16,500,0,0,291.510000000002
3,t4_n1000,alternative,null_link_n1000,1000,proj,Stk.joint,"battery file, the same replicates",0.1,p <= alpha,0.128,0.0149409504383088,0.12,0.0906072240945798,0.1,0.106,0,0.128,"",500,500,0,0,6.66133814775094e-16,500,0,0,291.510000000002
3,t4_n1000,alternative,null_link_n1000,1000,proj,GiViTI,"battery file, the same replicates",0.01,p <= alpha,0.028,0.00737780455149091,0.016,0.0052901363949589,0.01,0.016,0,0.028,"",500,500,0,0,6.66133814775094e-16,500,0,0,291.510000000002
3,t4_n1000,alternative,null_link_n1000,1000,proj,GiViTI,"battery file, the same replicates",0.05,p <= alpha,0.076,0.0118510759005248,0.072,0.0461958638324205,0.05,0.052,0,0.076,"",500,500,0,0,6.66133814775094e-16,500,0,0,291.510000000002
3,t4_n1000,alternative,null_link_n1000,1000,proj,GiViTI,"battery file, the same replicates",0.1,p <= alpha,0.132,0.0151377673386798,0.11,0.0836969474463171,0.1,0.102,0,0.132,"",500,500,0,0,6.66133814775094e-16,500,0,0,291.510000000002
3,loglog_n500,alternative,null_link_n500,500,proj,proj,block 8,0.01,p < alpha,0.136,0.0153299706457645,0.136,0.008,0.012,0.012,0,0.136,"",500,500,0,0,5.55111512312578e-16,500,0,0,19.8549999999996
3,loglog_n500,alternative,null_link_n500,500,proj,proj,block 8,0.05,p < alpha,0.318,0.0208267136149706,0.33,0.052,0.056,0.048,0,0.318,"",500,500,0,0,5.55111512312578e-16,500,0,0,19.8549999999996
3,loglog_n500,alternative,null_link_n500,500,proj,proj,block 8,0.1,p < alpha,0.444,0.0222199909990981,0.462,0.104,0.1,0.092,0,0.444,"",500,500,0,0,5.55111512312578e-16,500,0,0,19.8549999999996
3,loglog_n500,alternative,null_link_n500,500,proj,EDGE.poly3.u.G10,"battery file, the same replicates",0.01,p <= alpha,0.146,0.015791390059143,0.162,0.0123931102752903,0.01,0.004,0,0.146,"",500,500,0,0,5.55111512312578e-16,500,0,0,19.8549999999996
3,loglog_n500,alternative,null_link_n500,500,proj,EDGE.poly3.u.G10,"battery file, the same replicates",0.05,p <= alpha,0.34,0.0211849002829846,0.338,0.0490293624623477,0.05,0.05,0,0.34,"",500,500,0,0,5.55111512312578e-16,500,0,0,19.8549999999996
3,loglog_n500,alternative,null_link_n500,500,proj,EDGE.poly3.u.G10,"battery file, the same replicates",0.1,p <= alpha,0.484,0.0223492281745925,0.468,0.0946047946306689,0.1,0.11,0,0.484,"",500,500,0,0,5.55111512312578e-16,500,0,0,19.8549999999996
3,loglog_n500,alternative,null_link_n500,500,proj,EDGE.poly3.u.Grule,"battery file, the same replicates",0.01,p <= alpha,0.146,0.015791390059143,0.146,0.00994440923668031,0.01,0.01,0,0.146,"",500,500,0,0,5.55111512312578e-16,500,0,0,19.8549999999996
3,loglog_n500,alternative,null_link_n500,500,proj,EDGE.poly3.u.Grule,"battery file, the same replicates",0.05,p <= alpha,0.352,0.0213586516428355,0.402,0.0617357695612896,0.05,0.04,0,0.352,"",500,500,0,0,5.55111512312578e-16,500,0,0,19.8549999999996
3,loglog_n500,alternative,null_link_n500,500,proj,EDGE.poly3.u.Grule,"battery file, the same replicates",0.1,p <= alpha,0.514,0.0223519126698366,0.524,0.105626425630983,0.1,0.092,0,0.514,"",500,500,0,0,5.55111512312578e-16,500,0,0,19.8549999999996
3,loglog_n500,alternative,null_link_n500,500,proj,EDGE.poly3.sc.G10,"battery file, the same replicates",0.01,p <= alpha,0.114,0.0142129518397833,0.142,0.014277996218998,0.01,0.004,0,0.114,"",500,500,0,0,5.55111512312578e-16,500,0,0,19.8549999999996
3,loglog_n500,alternative,null_link_n500,500,proj,EDGE.poly3.sc.G10,"battery file, the same replicates",0.05,p <= alpha,0.276,0.0199911980631477,0.29,0.0543417024434937,0.05,0.046,0,0.276,"",500,500,0,0,5.55111512312578e-16,500,0,0,19.8549999999996
3,loglog_n500,alternative,null_link_n500,500,proj,EDGE.poly3.sc.G10,"battery file, the same replicates",0.1,p <= alpha,0.424,0.022100859711785,0.41,0.0954468085174706,0.1,0.102,0,0.424,"",500,500,0,0,5.55111512312578e-16,500,0,0,19.8549999999996
3,loglog_n500,alternative,null_link_n500,500,proj,EDGE.poly3.sc.Grule,"battery file, the same replicates",0.01,p <= alpha,0.112,0.014103616557465,0.14,0.0132943443133822,0.01,0.006,0,0.112,"",500,500,0,0,5.55111512312578e-16,500,0,0,19.8549999999996
3,loglog_n500,alternative,null_link_n500,500,proj,EDGE.poly3.sc.Grule,"battery file, the same replicates",0.05,p <= alpha,0.29,0.0202928558857545,0.308,0.057772096450203,0.05,0.042,0,0.29,"",500,500,0,0,5.55111512312578e-16,500,0,0,19.8549999999996
3,loglog_n500,alternative,null_link_n500,500,proj,EDGE.poly3.sc.Grule,"battery file, the same replicates",0.1,p <= alpha,0.42,0.0220726074581142,0.424,0.102405114737513,0.1,0.096,0,0.42,"",500,500,0,0,5.55111512312578e-16,500,0,0,19.8549999999996
3,loglog_n500,alternative,null_link_n500,500,proj,EDGE.sym.u.G10,"battery file, the same replicates",0.01,p <= alpha,0.04,0.00876356092008266,0.04,0.00953999449336968,0.01,0.012,0,0.04,"",500,500,0,0,5.55111512312578e-16,500,0,0,19.8549999999996
3,loglog_n500,alternative,null_link_n500,500,proj,EDGE.sym.u.G10,"battery file, the same replicates",0.05,p <= alpha,0.168,0.0167198086113448,0.168,0.0473490222171956,0.05,0.05,0,0.168,"",500,500,0,0,5.55111512312578e-16,500,0,0,19.8549999999996
3,loglog_n500,alternative,null_link_n500,500,proj,EDGE.sym.u.G10,"battery file, the same replicates",0.1,p <= alpha,0.292,0.0203340109176719,0.26,0.0870514187494627,0.1,0.108,0,0.292,"",500,500,0,0,5.55111512312578e-16,500,0,0,19.8549999999996
3,loglog_n500,alternative,null_link_n500,500,proj,EDGE.sym.u.Grule,"battery file, the same replicates",0.01,p <= alpha,0.026,0.00711674082709213,0.044,0.0144956510081152,0.01,0.006,0,0.026,"",500,500,0,0,5.55111512312578e-16,500,0,0,19.8549999999996
3,loglog_n500,alternative,null_link_n500,500,proj,EDGE.sym.u.Grule,"battery file, the same replicates",0.05,p <= alpha,0.16,0.0163951212255354,0.194,0.0666544908274057,0.05,0.028,0,0.16,"",500,500,0,0,5.55111512312578e-16,500,0,0,19.8549999999996
3,loglog_n500,alternative,null_link_n500,500,proj,EDGE.sym.u.Grule,"battery file, the same replicates",0.1,p <= alpha,0.29,0.0202928558857545,0.298,0.103133806059532,0.1,0.094,0,0.29,"",500,500,0,0,5.55111512312578e-16,500,0,0,19.8549999999996
3,loglog_n500,alternative,null_link_n500,500,proj,EDGE.sym.sc.G10,"battery file, the same replicates",0.01,p <= alpha,0.04,0.00876356092008266,0.034,0.00633155299861587,0.01,0.012,0,0.04,"",500,500,0,0,5.55111512312578e-16,500,0,0,19.8549999999996
3,loglog_n500,alternative,null_link_n500,500,proj,EDGE.sym.sc.G10,"battery file, the same replicates",0.05,p <= alpha,0.166,0.0166399519230075,0.154,0.045679399355398,0.05,0.052,0,0.166,"",500,500,0,0,5.55111512312578e-16,500,0,0,19.8549999999996
3,loglog_n500,alternative,null_link_n500,500,proj,EDGE.sym.sc.G10,"battery file, the same replicates",0.1,p <= alpha,0.264,0.0197131428240146,0.228,0.0889342225135758,0.1,0.108,0,0.264,"",500,500,0,0,5.55111512312578e-16,500,0,0,19.8549999999996
3,loglog_n500,alternative,null_link_n500,500,proj,EDGE.sym.sc.Grule,"battery file, the same replicates",0.01,p <= alpha,0.054,0.0101078187557949,0.066,0.0124094710045628,0.01,0.006,0,0.054,"",500,500,0,0,5.55111512312578e-16,500,0,0,19.8549999999996
3,loglog_n500,alternative,null_link_n500,500,proj,EDGE.sym.sc.Grule,"battery file, the same replicates",0.05,p <= alpha,0.166,0.0166399519230075,0.192,0.0582576610506436,0.05,0.04,0,0.166,"",500,500,0,0,5.55111512312578e-16,500,0,0,19.8549999999996
3,loglog_n500,alternative,null_link_n500,500,proj,EDGE.sym.sc.Grule,"battery file, the same replicates",0.1,p <= alpha,0.27,0.0198544705293292,0.276,0.104070525647069,0.1,0.092,0,0.27,"",500,500,0,0,5.55111512312578e-16,500,0,0,19.8549999999996
3,loglog_n500,alternative,null_link_n500,500,proj,Stk.joint,"battery file, the same replicates",0.01,p <= alpha,0.148,0.0158805541465026,0.16,0.011010062604454,0.01,0.008,0,0.148,"",500,500,0,0,5.55111512312578e-16,500,0,0,19.8549999999996
3,loglog_n500,alternative,null_link_n500,500,proj,Stk.joint,"battery file, the same replicates",0.05,p <= alpha,0.366,0.0215427017804174,0.404,0.0607608405323498,0.05,0.042,0,0.366,"",500,500,0,0,5.55111512312578e-16,500,0,0,19.8549999999996
3,loglog_n500,alternative,null_link_n500,500,proj,Stk.joint,"battery file, the same replicates",0.1,p <= alpha,0.522,0.0223390241505756,0.528,0.101573869463431,0.1,0.098,0,0.522,"",500,500,0,0,5.55111512312578e-16,500,0,0,19.8549999999996
3,loglog_n500,alternative,null_link_n500,500,proj,GiViTI,"battery file, the same replicates",0.01,p <= alpha,0.206,0.0180866801818355,0.206,0.00913389638114248,0.01,0.01,0,0.206,"",500,500,0,0,5.55111512312578e-16,500,0,0,19.8549999999996
3,loglog_n500,alternative,null_link_n500,500,proj,GiViTI,"battery file, the same replicates",0.05,p <= alpha,0.442,0.0222097275985096,0.422,0.0446164460069982,0.05,0.056,0,0.442,"",500,500,0,0,5.55111512312578e-16,500,0,0,19.8549999999996
3,loglog_n500,alternative,null_link_n500,500,proj,GiViTI,"battery file, the same replicates",0.1,p <= alpha,0.584,0.022042867327097,0.562,0.0885532340691897,0.1,0.108,0,0.584,"",500,500,0,0,5.55111512312578e-16,500,0,0,19.8549999999996
3,loglog_n1000,alternative,null_link_n1000,1000,proj,proj,block 8,0.01,p < alpha,0.346,0.021273645667821,0.284,0.004,0.01,0.01,0,0.346,"",500,500,0,0,5.55111512312578e-16,500,0,0,291.525000000001
3,loglog_n1000,alternative,null_link_n1000,1000,proj,proj,block 8,0.05,p < alpha,0.56,0.0221990990808186,0.536,0.04,0.056,0.06,0,0.56,"",500,500,0,0,5.55111512312578e-16,500,0,0,291.525000000001
3,loglog_n1000,alternative,null_link_n1000,1000,proj,proj,block 8,0.1,p < alpha,0.706,0.0203746901816936,0.718,0.104,0.108,0.094,0,0.706,"",500,500,0,0,5.55111512312578e-16,500,0,0,291.525000000001
3,loglog_n1000,alternative,null_link_n1000,1000,proj,EDGE.poly3.u.G10,"battery file, the same replicates",0.01,p <= alpha,0.392,0.0218328193323721,0.35,0.00722930086285989,0.01,0.012,0,0.392,"",500,500,0,0,5.55111512312578e-16,500,0,0,291.525000000001
3,loglog_n1000,alternative,null_link_n1000,1000,proj,EDGE.poly3.u.G10,"battery file, the same replicates",0.05,p <= alpha,0.686,0.0207559148196364,0.708,0.0568169782316139,0.05,0.044,0,0.686,"",500,500,0,0,5.55111512312578e-16,500,0,0,291.525000000001
3,loglog_n1000,alternative,null_link_n1000,1000,proj,EDGE.poly3.u.G10,"battery file, the same replicates",0.1,p <= alpha,0.802,0.0178211110764733,0.808,0.105931033951071,0.1,0.098,0,0.802,"",500,500,0,0,5.55111512312578e-16,500,0,0,291.525000000001
3,loglog_n1000,alternative,null_link_n1000,1000,proj,EDGE.poly3.u.Grule,"battery file, the same replicates",0.01,p <= alpha,0.44,0.0221990990808186,0.334,0.00499781667127496,0.01,0.014,0,0.44,"",500,500,0,0,5.55111512312578e-16,500,0,0,291.525000000001
3,loglog_n1000,alternative,null_link_n1000,1000,proj,EDGE.poly3.u.Grule,"battery file, the same replicates",0.05,p <= alpha,0.714,0.0202091068580479,0.686,0.0450471169053923,0.05,0.05,0,0.714,"",500,500,0,0,5.55111512312578e-16,500,0,0,291.525000000001
3,loglog_n1000,alternative,null_link_n1000,1000,proj,EDGE.poly3.u.Grule,"battery file, the same replicates",0.1,p <= alpha,0.82,0.0171813852759316,0.822,0.102542092730758,0.1,0.094,0,0.82,"",500,500,0,0,5.55111512312578e-16,500,0,0,291.525000000001
3,loglog_n1000,alternative,null_link_n1000,1000,proj,EDGE.poly3.sc.G10,"battery file, the same replicates",0.01,p <= alpha,0.292,0.0203340109176719,0.242,0.00553406959000134,0.01,0.016,0,0.292,"",500,500,0,0,5.55111512312578e-16,500,0,0,291.525000000001
3,loglog_n1000,alternative,null_link_n1000,1000,proj,EDGE.poly3.sc.G10,"battery file, the same replicates",0.05,p <= alpha,0.556,0.0222199909990981,0.524,0.0455523001873992,0.05,0.054,0,0.556,"",500,500,0,0,5.55111512312578e-16,500,0,0,291.525000000001
3,loglog_n1000,alternative,null_link_n1000,1000,proj,EDGE.poly3.sc.G10,"battery file, the same replicates",0.1,p <= alpha,0.686,0.0207559148196364,0.68,0.0965414005216549,0.1,0.104,0,0.686,"",500,500,0,0,5.55111512312578e-16,500,0,0,291.525000000001
3,loglog_n1000,alternative,null_link_n1000,1000,proj,EDGE.poly3.sc.Grule,"battery file, the same replicates",0.01,p <= alpha,0.308,0.0206463556106156,0.222,0.00440820657577239,0.01,0.012,0,0.308,"",500,500,0,0,5.55111512312578e-16,500,0,0,291.525000000001
3,loglog_n1000,alternative,null_link_n1000,1000,proj,EDGE.poly3.sc.Grule,"battery file, the same replicates",0.05,p <= alpha,0.574,0.0221144296783797,0.588,0.052619299831782,0.05,0.044,0,0.574,"",500,500,0,0,5.55111512312578e-16,500,0,0,291.525000000001
3,loglog_n1000,alternative,null_link_n1000,1000,proj,EDGE.poly3.sc.Grule,"battery file, the same replicates",0.1,p <= alpha,0.682,0.0208267136149706,0.684,0.101472282109608,0.1,0.098,0,0.682,"",500,500,0,0,5.55111512312578e-16,500,0,0,291.525000000001
3,loglog_n1000,alternative,null_link_n1000,1000,proj,EDGE.sym.u.G10,"battery file, the same replicates",0.01,p <= alpha,0.126,0.0148407546977908,0.078,0.00480785681175009,0.01,0.016,0,0.126,"",500,500,0,0,5.55111512312578e-16,500,0,0,291.525000000001
3,loglog_n1000,alternative,null_link_n1000,1000,proj,EDGE.sym.u.G10,"battery file, the same replicates",0.05,p <= alpha,0.382,0.0217290588843604,0.368,0.0471192860535276,0.05,0.05,0,0.382,"",500,500,0,0,5.55111512312578e-16,500,0,0,291.525000000001
3,loglog_n1000,alternative,null_link_n1000,1000,proj,EDGE.sym.u.G10,"battery file, the same replicates",0.1,p <= alpha,0.57,0.0221404606998138,0.592,0.114406181232479,0.1,0.08,0,0.57,"",500,500,0,0,5.55111512312578e-16,500,0,0,291.525000000001
3,loglog_n1000,alternative,null_link_n1000,1000,proj,EDGE.sym.u.Grule,"battery file, the same replicates",0.01,p <= alpha,0.096,0.0131745208641529,0.046,0.00402225727913122,0.01,0.014,0,0.096,"",500,500,0,0,5.55111512312578e-16,500,0,0,291.525000000001
3,loglog_n1000,alternative,null_link_n1000,1000,proj,EDGE.sym.u.Grule,"battery file, the same replicates",0.05,p <= alpha,0.366,0.0215427017804174,0.346,0.0447856927198553,0.05,0.054,0,0.366,"",500,500,0,0,5.55111512312578e-16,500,0,0,291.525000000001
3,loglog_n1000,alternative,null_link_n1000,1000,proj,EDGE.sym.u.Grule,"battery file, the same replicates",0.1,p <= alpha,0.52,0.0223427840700303,0.496,0.090022060223063,0.1,0.108,0,0.52,"",500,500,0,0,5.55111512312578e-16,500,0,0,291.525000000001
3,loglog_n1000,alternative,null_link_n1000,1000,proj,EDGE.sym.sc.G10,"battery file, the same replicates",0.01,p <= alpha,0.102,0.0135348439222623,0.056,0.00434730700989427,0.01,0.02,0,0.102,"",500,500,0,0,5.55111512312578e-16,500,0,0,291.525000000001
3,loglog_n1000,alternative,null_link_n1000,1000,proj,EDGE.sym.sc.G10,"battery file, the same replicates",0.05,p <= alpha,0.318,0.0208267136149706,0.3,0.0430156282536784,0.05,0.05,0,0.318,"",500,500,0,0,5.55111512312578e-16,500,0,0,291.525000000001
3,loglog_n1000,alternative,null_link_n1000,1000,proj,EDGE.sym.sc.G10,"battery file, the same replicates",0.1,p <= alpha,0.454,0.0222658482883541,0.484,0.118572738140579,0.1,0.078,0,0.454,"",500,500,0,0,5.55111512312578e-16,500,0,0,291.525000000001
3,loglog_n1000,alternative,null_link_n1000,1000,proj,EDGE.sym.sc.Grule,"battery file, the same replicates",0.01,p <= alpha,0.096,0.0131745208641529,0.09,0.00839344571775576,0.01,0.014,0,0.096,"",500,500,0,0,5.55111512312578e-16,500,0,0,291.525000000001
3,loglog_n1000,alternative,null_link_n1000,1000,proj,EDGE.sym.sc.Grule,"battery file, the same replicates",0.05,p <= alpha,0.342,0.0212149004239945,0.324,0.0454233372498547,0.05,0.054,0,0.342,"",500,500,0,0,5.55111512312578e-16,500,0,0,291.525000000001
3,loglog_n1000,alternative,null_link_n1000,1000,proj,EDGE.sym.sc.Grule,"battery file, the same replicates",0.1,p <= alpha,0.468,0.0223148381127894,0.454,0.0885089306937663,0.1,0.104,0,0.468,"",500,500,0,0,5.55111512312578e-16,500,0,0,291.525000000001
3,loglog_n1000,alternative,null_link_n1000,1000,proj,Stk.joint,"battery file, the same replicates",0.01,p <= alpha,0.452,0.0222574032627349,0.258,0.00258610244893299,0.01,0.014,0,0.452,"",500,500,0,0,5.55111512312578e-16,500,0,0,291.525000000001
3,loglog_n1000,alternative,null_link_n1000,1000,proj,Stk.joint,"battery file, the same replicates",0.05,p <= alpha,0.728,0.0199005527561422,0.734,0.0519114153681124,0.05,0.048,0,0.728,"",500,500,0,0,5.55111512312578e-16,500,0,0,291.525000000001
3,loglog_n1000,alternative,null_link_n1000,1000,proj,Stk.joint,"battery file, the same replicates",0.1,p <= alpha,0.836,0.0165592270351004,0.82,0.0906072240945798,0.1,0.106,0,0.836,"",500,500,0,0,5.55111512312578e-16,500,0,0,291.525000000001
3,loglog_n1000,alternative,null_link_n1000,1000,proj,GiViTI,"battery file, the same replicates",0.01,p <= alpha,0.542,0.0222816516443463,0.454,0.0052901363949589,0.01,0.016,0,0.542,"",500,500,0,0,5.55111512312578e-16,500,0,0,291.525000000001
3,loglog_n1000,alternative,null_link_n1000,1000,proj,GiViTI,"battery file, the same replicates",0.05,p <= alpha,0.78,0.0185256578830551,0.768,0.0461958638324205,0.05,0.052,0,0.78,"",500,500,0,0,5.55111512312578e-16,500,0,0,291.525000000001
3,loglog_n1000,alternative,null_link_n1000,1000,proj,GiViTI,"battery file, the same replicates",0.1,p <= alpha,0.864,0.0153299706457645,0.834,0.0836969474463171,0.1,0.102,0,0.864,"",500,500,0,0,5.55111512312578e-16,500,0,0,291.525000000001
1b,null_base_n610,null,,610,proj,proj,block 8,0.01,p < alpha,0.008,0.0039839678713564,,,,,0,0.008,"",500,500,0,0,5.55111512312578e-16,,0,0,40.8250000000008
1b,null_base_n610,null,,610,proj,proj,block 8,0.05,p < alpha,0.048,0.00955991631762538,,,,,0,0.048,"",500,500,0,0,5.55111512312578e-16,,0,0,40.8250000000008
1b,null_base_n610,null,,610,proj,proj,block 8,0.1,p < alpha,0.078,0.0119929979571415,,,,,0,0.078,"",500,500,0,0,5.55111512312578e-16,,0,0,40.8250000000008
1b,null_base_n610,null,,610,proj,EDGE.poly3.u.G10,"battery file, the same replicates",0.01,p <= alpha,0.012,0.00486949689393062,,,,,0,0.012,"",500,500,0,0,5.55111512312578e-16,,0,0,40.8250000000008
1b,null_base_n610,null,,610,proj,EDGE.poly3.u.G10,"battery file, the same replicates",0.05,p <= alpha,0.052,0.00992935043192655,,,,,0,0.052,"",500,500,0,0,5.55111512312578e-16,,0,0,40.8250000000008
1b,null_base_n610,null,,610,proj,EDGE.poly3.u.G10,"battery file, the same replicates",0.1,p <= alpha,0.09,0.0127984374046209,,,,,0,0.09,"",500,500,0,0,5.55111512312578e-16,,0,0,40.8250000000008
1b,null_base_n610,null,,610,proj,EDGE.poly3.u.Grule,"battery file, the same replicates",0.01,p <= alpha,0.008,0.0039839678713564,,,,,0,0.008,"",500,500,0,0,5.55111512312578e-16,,0,0,40.8250000000008
1b,null_base_n610,null,,610,proj,EDGE.poly3.u.Grule,"battery file, the same replicates",0.05,p <= alpha,0.042,0.00897061870775924,,,,,0,0.042,"",500,500,0,0,5.55111512312578e-16,,0,0,40.8250000000008
1b,null_base_n610,null,,610,proj,EDGE.poly3.u.Grule,"battery file, the same replicates",0.1,p <= alpha,0.074,0.0117067501895274,,,,,0,0.074,"",500,500,0,0,5.55111512312578e-16,,0,0,40.8250000000008
1b,null_base_n610,null,,610,proj,EDGE.poly3.sc.G10,"battery file, the same replicates",0.01,p <= alpha,0.006,0.00345369367489359,,,,,0,0.006,"",500,500,0,0,5.55111512312578e-16,,0,0,40.8250000000008
1b,null_base_n610,null,,610,proj,EDGE.poly3.sc.G10,"battery file, the same replicates",0.05,p <= alpha,0.05,0.00974679434480896,,,,,0,0.05,"",500,500,0,0,5.55111512312578e-16,,0,0,40.8250000000008
1b,null_base_n610,null,,610,proj,EDGE.poly3.sc.G10,"battery file, the same replicates",0.1,p <= alpha,0.104,0.013651666564929,,,,,0,0.104,"",500,500,0,0,5.55111512312578e-16,,0,0,40.8250000000008
1b,null_base_n610,null,,610,proj,EDGE.poly3.sc.Grule,"battery file, the same replicates",0.01,p <= alpha,0.006,0.00345369367489359,,,,,0,0.006,"",500,500,0,0,5.55111512312578e-16,,0,0,40.8250000000008
1b,null_base_n610,null,,610,proj,EDGE.poly3.sc.Grule,"battery file, the same replicates",0.05,p <= alpha,0.04,0.00876356092008266,,,,,0,0.04,"",500,500,0,0,5.55111512312578e-16,,0,0,40.8250000000008
1b,null_base_n610,null,,610,proj,EDGE.poly3.sc.Grule,"battery file, the same replicates",0.1,p <= alpha,0.088,0.0126693330526907,,,,,0,0.088,"",500,500,0,0,5.55111512312578e-16,,0,0,40.8250000000008
1b,null_base_n610,null,,610,proj,EDGE.sym.u.G10,"battery file, the same replicates",0.01,p <= alpha,0.008,0.0039839678713564,,,,,0,0.008,"",500,500,0,0,5.55111512312578e-16,,0,0,40.8250000000008
1b,null_base_n610,null,,610,proj,EDGE.sym.u.G10,"battery file, the same replicates",0.05,p <= alpha,0.038,0.00855055553750749,,,,,0,0.038,"",500,500,0,0,5.55111512312578e-16,,0,0,40.8250000000008
1b,null_base_n610,null,,610,proj,EDGE.sym.u.G10,"battery file, the same replicates",0.1,p <= alpha,0.09,0.0127984374046209,,,,,0,0.09,"",500,500,0,0,5.55111512312578e-16,,0,0,40.8250000000008
1b,null_base_n610,null,,610,proj,EDGE.sym.u.Grule,"battery file, the same replicates",0.01,p <= alpha,0.004,0.00282276460230038,,,,,0,0.004,"",500,500,0,0,5.55111512312578e-16,,0,0,40.8250000000008
1b,null_base_n610,null,,610,proj,EDGE.sym.u.Grule,"battery file, the same replicates",0.05,p <= alpha,0.038,0.00855055553750749,,,,,0,0.038,"",500,500,0,0,5.55111512312578e-16,,0,0,40.8250000000008
1b,null_base_n610,null,,610,proj,EDGE.sym.u.Grule,"battery file, the same replicates",0.1,p <= alpha,0.106,0.0137669168661687,,,,,0,0.106,"",500,500,0,0,5.55111512312578e-16,,0,0,40.8250000000008
1b,null_base_n610,null,,610,proj,EDGE.sym.sc.G10,"battery file, the same replicates",0.01,p <= alpha,0.01,0.0044497190922574,,,,,0,0.01,"",500,500,0,0,5.55111512312578e-16,,0,0,40.8250000000008
1b,null_base_n610,null,,610,proj,EDGE.sym.sc.G10,"battery file, the same replicates",0.05,p <= alpha,0.04,0.00876356092008266,,,,,0,0.04,"",500,500,0,0,5.55111512312578e-16,,0,0,40.8250000000008
1b,null_base_n610,null,,610,proj,EDGE.sym.sc.G10,"battery file, the same replicates",0.1,p <= alpha,0.096,0.0131745208641529,,,,,0,0.096,"",500,500,0,0,5.55111512312578e-16,,0,0,40.8250000000008
1b,null_base_n610,null,,610,proj,EDGE.sym.sc.Grule,"battery file, the same replicates",0.01,p <= alpha,0.006,0.00345369367489359,,,,,0,0.006,"",500,500,0,0,5.55111512312578e-16,,0,0,40.8250000000008
1b,null_base_n610,null,,610,proj,EDGE.sym.sc.Grule,"battery file, the same replicates",0.05,p <= alpha,0.04,0.00876356092008266,,,,,0,0.04,"",500,500,0,0,5.55111512312578e-16,,0,0,40.8250000000008
1b,null_base_n610,null,,610,proj,EDGE.sym.sc.Grule,"battery file, the same replicates",0.1,p <= alpha,0.104,0.013651666564929,,,,,0,0.104,"",500,500,0,0,5.55111512312578e-16,,0,0,40.8250000000008
1b,null_base_n610,null,,610,proj,Stk.joint,"battery file, the same replicates",0.01,p <= alpha,0.006,0.00345369367489359,,,,,0,0.006,"",500,500,0,0,5.55111512312578e-16,,0,0,40.8250000000008
1b,null_base_n610,null,,610,proj,Stk.joint,"battery file, the same replicates",0.05,p <= alpha,0.042,0.00897061870775924,,,,,0,0.042,"",500,500,0,0,5.55111512312578e-16,,0,0,40.8250000000008
1b,null_base_n610,null,,610,proj,Stk.joint,"battery file, the same replicates",0.1,p <= alpha,0.088,0.0126693330526907,,,,,0,0.088,"",500,500,0,0,5.55111512312578e-16,,0,0,40.8250000000008
1b,null_base_n610,null,,610,proj,GiViTI,"battery file, the same replicates",0.01,p <= alpha,0.008,0.0039839678713564,,,,,0,0.008,"",500,500,0,0,5.55111512312578e-16,,0,0,40.8250000000008
1b,null_base_n610,null,,610,proj,GiViTI,"battery file, the same replicates",0.05,p <= alpha,0.038,0.00855055553750749,,,,,0,0.038,"",500,500,0,0,5.55111512312578e-16,,0,0,40.8250000000008
1b,null_base_n610,null,,610,proj,GiViTI,"battery file, the same replicates",0.1,p <= alpha,0.096,0.0131745208641529,,,,,0,0.096,"",500,500,0,0,5.55111512312578e-16,,0,0,40.8250000000008
1b,null_base_n1000,null,,1000,proj,proj,block 8,0.01,p < alpha,0.012,0.00486949689393062,,,,,0,0.012,"",500,500,0,0,5.55111512312578e-16,,0,0,307.579999999998
1b,null_base_n1000,null,,1000,proj,proj,block 8,0.05,p < alpha,0.048,0.00955991631762538,,,,,0,0.048,"",500,500,0,0,5.55111512312578e-16,,0,0,307.579999999998
1b,null_base_n1000,null,,1000,proj,proj,block 8,0.1,p < alpha,0.098,0.0132963152790538,,,,,0,0.098,"",500,500,0,0,5.55111512312578e-16,,0,0,307.579999999998
1b,null_base_n1000,null,,1000,proj,EDGE.poly3.u.G10,"battery file, the same replicates",0.01,p <= alpha,0.016,0.00561141693336006,,,,,0,0.016,"",500,500,0,0,5.55111512312578e-16,,0,0,307.579999999998
1b,null_base_n1000,null,,1000,proj,EDGE.poly3.u.G10,"battery file, the same replicates",0.05,p <= alpha,0.054,0.0101078187557949,,,,,0,0.054,"",500,500,0,0,5.55111512312578e-16,,0,0,307.579999999998
1b,null_base_n1000,null,,1000,proj,EDGE.poly3.u.G10,"battery file, the same replicates",0.1,p <= alpha,0.096,0.0131745208641529,,,,,0,0.096,"",500,500,0,0,5.55111512312578e-16,,0,0,307.579999999998
1b,null_base_n1000,null,,1000,proj,EDGE.poly3.u.Grule,"battery file, the same replicates",0.01,p <= alpha,0.016,0.00561141693336006,,,,,0,0.016,"",500,500,0,0,5.55111512312578e-16,,0,0,307.579999999998
1b,null_base_n1000,null,,1000,proj,EDGE.poly3.u.Grule,"battery file, the same replicates",0.05,p <= alpha,0.052,0.00992935043192655,,,,,0,0.052,"",500,500,0,0,5.55111512312578e-16,,0,0,307.579999999998
1b,null_base_n1000,null,,1000,proj,EDGE.poly3.u.Grule,"battery file, the same replicates",0.1,p <= alpha,0.096,0.0131745208641529,,,,,0,0.096,"",500,500,0,0,5.55111512312578e-16,,0,0,307.579999999998
1b,null_base_n1000,null,,1000,proj,EDGE.poly3.sc.G10,"battery file, the same replicates",0.01,p <= alpha,0.014,0.00525433154644813,,,,,0,0.014,"",500,500,0,0,5.55111512312578e-16,,0,0,307.579999999998
1b,null_base_n1000,null,,1000,proj,EDGE.poly3.sc.G10,"battery file, the same replicates",0.05,p <= alpha,0.064,0.0109456840809517,,,,,0,0.064,"",500,500,0,0,5.55111512312578e-16,,0,0,307.579999999998
1b,null_base_n1000,null,,1000,proj,EDGE.poly3.sc.G10,"battery file, the same replicates",0.1,p <= alpha,0.108,0.0138806339912844,,,,,0,0.108,"",500,500,0,0,5.55111512312578e-16,,0,0,307.579999999998
1b,null_base_n1000,null,,1000,proj,EDGE.poly3.sc.Grule,"battery file, the same replicates",0.01,p <= alpha,0.01,0.0044497190922574,,,,,0,0.01,"",500,500,0,0,5.55111512312578e-16,,0,0,307.579999999998
1b,null_base_n1000,null,,1000,proj,EDGE.poly3.sc.Grule,"battery file, the same replicates",0.05,p <= alpha,0.056,0.0102824121683582,,,,,0,0.056,"",500,500,0,0,5.55111512312578e-16,,0,0,307.579999999998
1b,null_base_n1000,null,,1000,proj,EDGE.poly3.sc.Grule,"battery file, the same replicates",0.1,p <= alpha,0.104,0.013651666564929,,,,,0,0.104,"",500,500,0,0,5.55111512312578e-16,,0,0,307.579999999998
1b,null_base_n1000,null,,1000,proj,EDGE.sym.u.G10,"battery file, the same replicates",0.01,p <= alpha,0.014,0.00525433154644813,,,,,0,0.014,"",500,500,0,0,5.55111512312578e-16,,0,0,307.579999999998
1b,null_base_n1000,null,,1000,proj,EDGE.sym.u.G10,"battery file, the same replicates",0.05,p <= alpha,0.062,0.0107848041243223,,,,,0,0.062,"",500,500,0,0,5.55111512312578e-16,,0,0,307.579999999998
1b,null_base_n1000,null,,1000,proj,EDGE.sym.u.G10,"battery file, the same replicates",0.1,p <= alpha,0.108,0.0138806339912844,,,,,0,0.108,"",500,500,0,0,5.55111512312578e-16,,0,0,307.579999999998
1b,null_base_n1000,null,,1000,proj,EDGE.sym.u.Grule,"battery file, the same replicates",0.01,p <= alpha,0.01,0.0044497190922574,,,,,0,0.01,"",500,500,0,0,5.55111512312578e-16,,0,0,307.579999999998
1b,null_base_n1000,null,,1000,proj,EDGE.sym.u.Grule,"battery file, the same replicates",0.05,p <= alpha,0.066,0.0111035129576184,,,,,0,0.066,"",500,500,0,0,5.55111512312578e-16,,0,0,307.579999999998
1b,null_base_n1000,null,,1000,proj,EDGE.sym.u.Grule,"battery file, the same replicates",0.1,p <= alpha,0.13,0.0150399468084166,,,,,0,0.13,"",500,500,0,0,5.55111512312578e-16,,0,0,307.579999999998
1b,null_base_n1000,null,,1000,proj,EDGE.sym.sc.G10,"battery file, the same replicates",0.01,p <= alpha,0.014,0.00525433154644813,,,,,0,0.014,"",500,500,0,0,5.55111512312578e-16,,0,0,307.579999999998
1b,null_base_n1000,null,,1000,proj,EDGE.sym.sc.G10,"battery file, the same replicates",0.05,p <= alpha,0.066,0.0111035129576184,,,,,0,0.066,"",500,500,0,0,5.55111512312578e-16,,0,0,307.579999999998
1b,null_base_n1000,null,,1000,proj,EDGE.sym.sc.G10,"battery file, the same replicates",0.1,p <= alpha,0.1,0.0134164078649987,,,,,0,0.1,"",500,500,0,0,5.55111512312578e-16,,0,0,307.579999999998
1b,null_base_n1000,null,,1000,proj,EDGE.sym.sc.Grule,"battery file, the same replicates",0.01,p <= alpha,0.01,0.0044497190922574,,,,,0,0.01,"",500,500,0,0,5.55111512312578e-16,,0,0,307.579999999998
1b,null_base_n1000,null,,1000,proj,EDGE.sym.sc.Grule,"battery file, the same replicates",0.05,p <= alpha,0.06,0.0106207344378814,,,,,0,0.06,"",500,500,0,0,5.55111512312578e-16,,0,0,307.579999999998
1b,null_base_n1000,null,,1000,proj,EDGE.sym.sc.Grule,"battery file, the same replicates",0.1,p <= alpha,0.124,0.0147393351274744,,,,,0,0.124,"",500,500,0,0,5.55111512312578e-16,,0,0,307.579999999998
1b,null_base_n1000,null,,1000,proj,Stk.joint,"battery file, the same replicates",0.01,p <= alpha,0.014,0.00525433154644813,,,,,0,0.014,"",500,500,0,0,5.55111512312578e-16,,0,0,307.579999999998
1b,null_base_n1000,null,,1000,proj,Stk.joint,"battery file, the same replicates",0.05,p <= alpha,0.052,0.00992935043192655,,,,,0,0.052,"",500,500,0,0,5.55111512312578e-16,,0,0,307.579999999998
1b,null_base_n1000,null,,1000,proj,Stk.joint,"battery file, the same replicates",0.1,p <= alpha,0.102,0.0135348439222623,,,,,0,0.102,"",500,500,0,0,5.55111512312578e-16,,0,0,307.579999999998
1b,null_base_n1000,null,,1000,proj,GiViTI,"battery file, the same replicates",0.01,p <= alpha,0.012,0.00486949689393062,,,,,0,0.012,"",500,500,0,0,5.55111512312578e-16,,0,0,307.579999999998
1b,null_base_n1000,null,,1000,proj,GiViTI,"battery file, the same replicates",0.05,p <= alpha,0.036,0.0083311463797007,,,,,0,0.036,"",500,500,0,0,5.55111512312578e-16,,0,0,307.579999999998
1b,null_base_n1000,null,,1000,proj,GiViTI,"battery file, the same replicates",0.1,p <= alpha,0.074,0.0117067501895274,,,,,0,0.074,"",500,500,0,0,5.55111512312578e-16,,0,0,307.579999999998
1b,null_auc_n460,null,,460,proj,proj,block 8,0.01,p < alpha,0.002,0.00199799899899875,,,,,0,0.002,"",500,500,0,0,5.55111512312578e-16,,0,0,14.1100000000006
1b,null_auc_n460,null,,460,proj,proj,block 8,0.05,p < alpha,0.062,0.0107848041243223,,,,,0,0.062,"",500,500,0,0,5.55111512312578e-16,,0,0,14.1100000000006
1b,null_auc_n460,null,,460,proj,proj,block 8,0.1,p < alpha,0.13,0.0150399468084166,,,,,0,0.13,"",500,500,0,0,5.55111512312578e-16,,0,0,14.1100000000006
1b,null_auc_n460,null,,460,proj,EDGE.poly3.u.G10,"battery file, the same replicates",0.01,p <= alpha,0.014,0.00525433154644813,,,,,0,0.014,"",500,500,0,0,5.55111512312578e-16,,0,0,14.1100000000006
1b,null_auc_n460,null,,460,proj,EDGE.poly3.u.G10,"battery file, the same replicates",0.05,p <= alpha,0.06,0.0106207344378814,,,,,0,0.06,"",500,500,0,0,5.55111512312578e-16,,0,0,14.1100000000006
1b,null_auc_n460,null,,460,proj,EDGE.poly3.u.G10,"battery file, the same replicates",0.1,p <= alpha,0.102,0.0135348439222623,,,,,0,0.102,"",500,500,0,0,5.55111512312578e-16,,0,0,14.1100000000006
1b,null_auc_n460,null,,460,proj,EDGE.poly3.u.Grule,"battery file, the same replicates",0.01,p <= alpha,0.012,0.00486949689393062,,,,,0,0.012,"",500,500,0,0,5.55111512312578e-16,,0,0,14.1100000000006
1b,null_auc_n460,null,,460,proj,EDGE.poly3.u.Grule,"battery file, the same replicates",0.05,p <= alpha,0.05,0.00974679434480896,,,,,0,0.05,"",500,500,0,0,5.55111512312578e-16,,0,0,14.1100000000006
1b,null_auc_n460,null,,460,proj,EDGE.poly3.u.Grule,"battery file, the same replicates",0.1,p <= alpha,0.098,0.0132963152790538,,,,,0,0.098,"",500,500,0,0,5.55111512312578e-16,,0,0,14.1100000000006
1b,null_auc_n460,null,,460,proj,EDGE.poly3.sc.G10,"battery file, the same replicates",0.01,p <= alpha,0.014,0.00525433154644813,,,,,0,0.014,"",500,500,0,0,5.55111512312578e-16,,0,0,14.1100000000006
1b,null_auc_n460,null,,460,proj,EDGE.poly3.sc.G10,"battery file, the same replicates",0.05,p <= alpha,0.048,0.00955991631762538,,,,,0,0.048,"",500,500,0,0,5.55111512312578e-16,,0,0,14.1100000000006
1b,null_auc_n460,null,,460,proj,EDGE.poly3.sc.G10,"battery file, the same replicates",0.1,p <= alpha,0.096,0.0131745208641529,,,,,0,0.096,"",500,500,0,0,5.55111512312578e-16,,0,0,14.1100000000006
1b,null_auc_n460,null,,460,proj,EDGE.poly3.sc.Grule,"battery file, the same replicates",0.01,p <= alpha,0.006,0.00345369367489359,,,,,0,0.006,"",500,500,0,0,5.55111512312578e-16,,0,0,14.1100000000006
1b,null_auc_n460,null,,460,proj,EDGE.poly3.sc.Grule,"battery file, the same replicates",0.05,p <= alpha,0.046,0.00936845771725528,,,,,0,0.046,"",500,500,0,0,5.55111512312578e-16,,0,0,14.1100000000006
1b,null_auc_n460,null,,460,proj,EDGE.poly3.sc.Grule,"battery file, the same replicates",0.1,p <= alpha,0.09,0.0127984374046209,,,,,0,0.09,"",500,500,0,0,5.55111512312578e-16,,0,0,14.1100000000006
1b,null_auc_n460,null,,460,proj,EDGE.sym.u.G10,"battery file, the same replicates",0.01,p <= alpha,0.018,0.005945754788082,,,,,0,0.018,"",500,500,0,0,5.55111512312578e-16,,0,0,14.1100000000006
1b,null_auc_n460,null,,460,proj,EDGE.sym.u.G10,"battery file, the same replicates",0.05,p <= alpha,0.054,0.0101078187557949,,,,,0,0.054,"",500,500,0,0,5.55111512312578e-16,,0,0,14.1100000000006
1b,null_auc_n460,null,,460,proj,EDGE.sym.u.G10,"battery file, the same replicates",0.1,p <= alpha,0.11,0.0139928553197694,,,,,0,0.11,"",500,500,0,0,5.55111512312578e-16,,0,0,14.1100000000006
1b,null_auc_n460,null,,460,proj,EDGE.sym.u.Grule,"battery file, the same replicates",0.01,p <= alpha,0.018,0.005945754788082,,,,,0,0.018,"",500,500,0,0,5.55111512312578e-16,,0,0,14.1100000000006
1b,null_auc_n460,null,,460,proj,EDGE.sym.u.Grule,"battery file, the same replicates",0.05,p <= alpha,0.064,0.0109456840809517,,,,,0,0.064,"",500,500,0,0,5.55111512312578e-16,,0,0,14.1100000000006
1b,null_auc_n460,null,,460,proj,EDGE.sym.u.Grule,"battery file, the same replicates",0.1,p <= alpha,0.116,0.0143208938268531,,,,,0,0.116,"",500,500,0,0,5.55111512312578e-16,,0,0,14.1100000000006
1b,null_auc_n460,null,,460,proj,EDGE.sym.sc.G10,"battery file, the same replicates",0.01,p <= alpha,0.008,0.0039839678713564,,,,,0,0.008,"",500,500,0,0,5.55111512312578e-16,,0,0,14.1100000000006
1b,null_auc_n460,null,,460,proj,EDGE.sym.sc.G10,"battery file, the same replicates",0.05,p <= alpha,0.058,0.0104533248299285,,,,,0,0.058,"",500,500,0,0,5.55111512312578e-16,,0,0,14.1100000000006
1b,null_auc_n460,null,,460,proj,EDGE.sym.sc.G10,"battery file, the same replicates",0.1,p <= alpha,0.114,0.0142129518397833,,,,,0,0.114,"",500,500,0,0,5.55111512312578e-16,,0,0,14.1100000000006
1b,null_auc_n460,null,,460,proj,EDGE.sym.sc.Grule,"battery file, the same replicates",0.01,p <= alpha,0.016,0.00561141693336006,,,,,0,0.016,"",500,500,0,0,5.55111512312578e-16,,0,0,14.1100000000006
1b,null_auc_n460,null,,460,proj,EDGE.sym.sc.Grule,"battery file, the same replicates",0.05,p <= alpha,0.054,0.0101078187557949,,,,,0,0.054,"",500,500,0,0,5.55111512312578e-16,,0,0,14.1100000000006
1b,null_auc_n460,null,,460,proj,EDGE.sym.sc.Grule,"battery file, the same replicates",0.1,p <= alpha,0.11,0.0139928553197694,,,,,0,0.11,"",500,500,0,0,5.55111512312578e-16,,0,0,14.1100000000006
1b,null_auc_n460,null,,460,proj,Stk.joint,"battery file, the same replicates",0.01,p <= alpha,0.006,0.00345369367489359,,,,,0,0.006,"",500,500,0,0,5.55111512312578e-16,,0,0,14.1100000000006
1b,null_auc_n460,null,,460,proj,Stk.joint,"battery file, the same replicates",0.05,p <= alpha,0.054,0.0101078187557949,,,,,0,0.054,"",500,500,0,0,5.55111512312578e-16,,0,0,14.1100000000006
1b,null_auc_n460,null,,460,proj,Stk.joint,"battery file, the same replicates",0.1,p <= alpha,0.1,0.0134164078649987,,,,,0,0.1,"",500,500,0,0,5.55111512312578e-16,,0,0,14.1100000000006
1b,null_auc_n460,null,,460,proj,GiViTI,"battery file, the same replicates",0.01,p <= alpha,0.004,0.00282276460230038,,,,,0,0.004,"",500,500,0,0,5.55111512312578e-16,,0,0,14.1100000000006
1b,null_auc_n460,null,,460,proj,GiViTI,"battery file, the same replicates",0.05,p <= alpha,0.048,0.00955991631762538,,,,,0,0.048,"",500,500,0,0,5.55111512312578e-16,,0,0,14.1100000000006
1b,null_auc_n460,null,,460,proj,GiViTI,"battery file, the same replicates",0.1,p <= alpha,0.1,0.0134164078649987,,,,,0,0.1,"",500,500,0,0,5.55111512312578e-16,,0,0,14.1100000000006
1b,null_auc_n760,null,,760,proj,proj,block 8,0.01,p < alpha,0.012,0.00486949689393062,,,,,0,0.012,"",500,500,0,0,6.66133814775094e-16,,0,0,111.690000000002
1b,null_auc_n760,null,,760,proj,proj,block 8,0.05,p < alpha,0.06,0.0106207344378814,,,,,0,0.06,"",500,500,0,0,6.66133814775094e-16,,0,0,111.690000000002
1b,null_auc_n760,null,,760,proj,proj,block 8,0.1,p < alpha,0.126,0.0148407546977908,,,,,0,0.126,"",500,500,0,0,6.66133814775094e-16,,0,0,111.690000000002
1b,null_auc_n760,null,,760,proj,EDGE.poly3.u.G10,"battery file, the same replicates",0.01,p <= alpha,0.018,0.005945754788082,,,,,0,0.018,"",500,500,0,0,6.66133814775094e-16,,0,0,111.690000000002
1b,null_auc_n760,null,,760,proj,EDGE.poly3.u.G10,"battery file, the same replicates",0.05,p <= alpha,0.066,0.0111035129576184,,,,,0,0.066,"",500,500,0,0,6.66133814775094e-16,,0,0,111.690000000002
1b,null_auc_n760,null,,760,proj,EDGE.poly3.u.G10,"battery file, the same replicates",0.1,p <= alpha,0.112,0.014103616557465,,,,,0,0.112,"",500,500,0,0,6.66133814775094e-16,,0,0,111.690000000002
1b,null_auc_n760,null,,760,proj,EDGE.poly3.u.Grule,"battery file, the same replicates",0.01,p <= alpha,0.018,0.005945754788082,,,,,0,0.018,"",500,500,0,0,6.66133814775094e-16,,0,0,111.690000000002
1b,null_auc_n760,null,,760,proj,EDGE.poly3.u.Grule,"battery file, the same replicates",0.05,p <= alpha,0.056,0.0102824121683582,,,,,0,0.056,"",500,500,0,0,6.66133814775094e-16,,0,0,111.690000000002
1b,null_auc_n760,null,,760,proj,EDGE.poly3.u.Grule,"battery file, the same replicates",0.1,p <= alpha,0.112,0.014103616557465,,,,,0,0.112,"",500,500,0,0,6.66133814775094e-16,,0,0,111.690000000002
1b,null_auc_n760,null,,760,proj,EDGE.poly3.sc.G10,"battery file, the same replicates",0.01,p <= alpha,0.006,0.00345369367489359,,,,,0,0.006,"",500,500,0,0,6.66133814775094e-16,,0,0,111.690000000002
1b,null_auc_n760,null,,760,proj,EDGE.poly3.sc.G10,"battery file, the same replicates",0.05,p <= alpha,0.068,0.0112584190719657,,,,,0,0.068,"",500,500,0,0,6.66133814775094e-16,,0,0,111.690000000002
1b,null_auc_n760,null,,760,proj,EDGE.poly3.sc.G10,"battery file, the same replicates",0.1,p <= alpha,0.124,0.0147393351274744,,,,,0,0.124,"",500,500,0,0,6.66133814775094e-16,,0,0,111.690000000002
1b,null_auc_n760,null,,760,proj,EDGE.poly3.sc.Grule,"battery file, the same replicates",0.01,p <= alpha,0.01,0.0044497190922574,,,,,0,0.01,"",500,500,0,0,6.66133814775094e-16,,0,0,111.690000000002
1b,null_auc_n760,null,,760,proj,EDGE.poly3.sc.Grule,"battery file, the same replicates",0.05,p <= alpha,0.052,0.00992935043192655,,,,,0,0.052,"",500,500,0,0,6.66133814775094e-16,,0,0,111.690000000002
1b,null_auc_n760,null,,760,proj,EDGE.poly3.sc.Grule,"battery file, the same replicates",0.1,p <= alpha,0.108,0.0138806339912844,,,,,0,0.108,"",500,500,0,0,6.66133814775094e-16,,0,0,111.690000000002
1b,null_auc_n760,null,,760,proj,EDGE.sym.u.G10,"battery file, the same replicates",0.01,p <= alpha,0.016,0.00561141693336006,,,,,0,0.016,"",500,500,0,0,6.66133814775094e-16,,0,0,111.690000000002
1b,null_auc_n760,null,,760,proj,EDGE.sym.u.G10,"battery file, the same replicates",0.05,p <= alpha,0.052,0.00992935043192655,,,,,0,0.052,"",500,500,0,0,6.66133814775094e-16,,0,0,111.690000000002
1b,null_auc_n760,null,,760,proj,EDGE.sym.u.G10,"battery file, the same replicates",0.1,p <= alpha,0.086,0.0125382614424808,,,,,0,0.086,"",500,500,0,0,6.66133814775094e-16,,0,0,111.690000000002
1b,null_auc_n760,null,,760,proj,EDGE.sym.u.Grule,"battery file, the same replicates",0.01,p <= alpha,0.022,0.00655987804764692,,,,,0,0.022,"",500,500,0,0,6.66133814775094e-16,,0,0,111.690000000002
1b,null_auc_n760,null,,760,proj,EDGE.sym.u.Grule,"battery file, the same replicates",0.05,p <= alpha,0.04,0.00876356092008266,,,,,0,0.04,"",500,500,0,0,6.66133814775094e-16,,0,0,111.690000000002
1b,null_auc_n760,null,,760,proj,EDGE.sym.u.Grule,"battery file, the same replicates",0.1,p <= alpha,0.108,0.0138806339912844,,,,,0,0.108,"",500,500,0,0,6.66133814775094e-16,,0,0,111.690000000002
1b,null_auc_n760,null,,760,proj,EDGE.sym.sc.G10,"battery file, the same replicates",0.01,p <= alpha,0.012,0.00486949689393062,,,,,0,0.012,"",500,500,0,0,6.66133814775094e-16,,0,0,111.690000000002
1b,null_auc_n760,null,,760,proj,EDGE.sym.sc.G10,"battery file, the same replicates",0.05,p <= alpha,0.054,0.0101078187557949,,,,,0,0.054,"",500,500,0,0,6.66133814775094e-16,,0,0,111.690000000002
1b,null_auc_n760,null,,760,proj,EDGE.sym.sc.G10,"battery file, the same replicates",0.1,p <= alpha,0.1,0.0134164078649987,,,,,0,0.1,"",500,500,0,0,6.66133814775094e-16,,0,0,111.690000000002
1b,null_auc_n760,null,,760,proj,EDGE.sym.sc.Grule,"battery file, the same replicates",0.01,p <= alpha,0.012,0.00486949689393062,,,,,0,0.012,"",500,500,0,0,6.66133814775094e-16,,0,0,111.690000000002
1b,null_auc_n760,null,,760,proj,EDGE.sym.sc.Grule,"battery file, the same replicates",0.05,p <= alpha,0.058,0.0104533248299285,,,,,0,0.058,"",500,500,0,0,6.66133814775094e-16,,0,0,111.690000000002
1b,null_auc_n760,null,,760,proj,EDGE.sym.sc.Grule,"battery file, the same replicates",0.1,p <= alpha,0.096,0.0131745208641529,,,,,0,0.096,"",500,500,0,0,6.66133814775094e-16,,0,0,111.690000000002
1b,null_auc_n760,null,,760,proj,Stk.joint,"battery file, the same replicates",0.01,p <= alpha,0.016,0.00561141693336006,,,,,0,0.016,"",500,500,0,0,6.66133814775094e-16,,0,0,111.690000000002
1b,null_auc_n760,null,,760,proj,Stk.joint,"battery file, the same replicates",0.05,p <= alpha,0.05,0.00974679434480896,,,,,0,0.05,"",500,500,0,0,6.66133814775094e-16,,0,0,111.690000000002
1b,null_auc_n760,null,,760,proj,Stk.joint,"battery file, the same replicates",0.1,p <= alpha,0.1,0.0134164078649987,,,,,0,0.1,"",500,500,0,0,6.66133814775094e-16,,0,0,111.690000000002
1b,null_auc_n760,null,,760,proj,GiViTI,"battery file, the same replicates",0.01,p <= alpha,0.016,0.00561141693336006,,,,,0,0.016,"",500,500,0,0,6.66133814775094e-16,,0,0,111.690000000002
1b,null_auc_n760,null,,760,proj,GiViTI,"battery file, the same replicates",0.05,p <= alpha,0.066,0.0111035129576184,,,,,0,0.066,"",500,500,0,0,6.66133814775094e-16,,0,0,111.690000000002
1b,null_auc_n760,null,,760,proj,GiViTI,"battery file, the same replicates",0.1,p <= alpha,0.114,0.0142129518397833,,,,,0,0.114,"",500,500,0,0,6.66133814775094e-16,,0,0,111.690000000002
1b,null_auc_n380,null,,380,proj,proj,block 8,0.01,p < alpha,0.01,0.0044497190922574,,,,,0,0.01,"",500,500,0,0,5.55111512312578e-16,,0,0,7.50499999999738
1b,null_auc_n380,null,,380,proj,proj,block 8,0.05,p < alpha,0.052,0.00992935043192655,,,,,0,0.052,"",500,500,0,0,5.55111512312578e-16,,0,0,7.50499999999738
1b,null_auc_n380,null,,380,proj,proj,block 8,0.1,p < alpha,0.11,0.0139928553197694,,,,,0,0.11,"",500,500,0,0,5.55111512312578e-16,,0,0,7.50499999999738
1b,null_auc_n380,null,,380,proj,EDGE.poly3.u.G10,"battery file, the same replicates",0.01,p <= alpha,0.01,0.0044497190922574,,,,,0,0.01,"",500,500,0,0,5.55111512312578e-16,,0,0,7.50499999999738
1b,null_auc_n380,null,,380,proj,EDGE.poly3.u.G10,"battery file, the same replicates",0.05,p <= alpha,0.056,0.0102824121683582,,,,,0,0.056,"",500,500,0,0,5.55111512312578e-16,,0,0,7.50499999999738
1b,null_auc_n380,null,,380,proj,EDGE.poly3.u.G10,"battery file, the same replicates",0.1,p <= alpha,0.104,0.013651666564929,,,,,0,0.104,"",500,500,0,0,5.55111512312578e-16,,0,0,7.50499999999738
1b,null_auc_n380,null,,380,proj,EDGE.poly3.u.Grule,"battery file, the same replicates",0.01,p <= alpha,0.016,0.00561141693336006,,,,,0,0.016,"",500,500,0,0,5.55111512312578e-16,,0,0,7.50499999999738
1b,null_auc_n380,null,,380,proj,EDGE.poly3.u.Grule,"battery file, the same replicates",0.05,p <= alpha,0.058,0.0104533248299285,,,,,0,0.058,"",500,500,0,0,5.55111512312578e-16,,0,0,7.50499999999738
1b,null_auc_n380,null,,380,proj,EDGE.poly3.u.Grule,"battery file, the same replicates",0.1,p <= alpha,0.102,0.0135348439222623,,,,,0,0.102,"",500,500,0,0,5.55111512312578e-16,,0,0,7.50499999999738
1b,null_auc_n380,null,,380,proj,EDGE.poly3.sc.G10,"battery file, the same replicates",0.01,p <= alpha,0,0,,,,,0,0,"",500,500,0,0,5.55111512312578e-16,,0,0,7.50499999999738
1b,null_auc_n380,null,,380,proj,EDGE.poly3.sc.G10,"battery file, the same replicates",0.05,p <= alpha,0.056,0.0102824121683582,,,,,0,0.056,"",500,500,0,0,5.55111512312578e-16,,0,0,7.50499999999738
1b,null_auc_n380,null,,380,proj,EDGE.poly3.sc.G10,"battery file, the same replicates",0.1,p <= alpha,0.108,0.0138806339912844,,,,,0,0.108,"",500,500,0,0,5.55111512312578e-16,,0,0,7.50499999999738
1b,null_auc_n380,null,,380,proj,EDGE.poly3.sc.Grule,"battery file, the same replicates",0.01,p <= alpha,0.01,0.0044497190922574,,,,,0,0.01,"",500,500,0,0,5.55111512312578e-16,,0,0,7.50499999999738
1b,null_auc_n380,null,,380,proj,EDGE.poly3.sc.Grule,"battery file, the same replicates",0.05,p <= alpha,0.05,0.00974679434480896,,,,,0,0.05,"",500,500,0,0,5.55111512312578e-16,,0,0,7.50499999999738
1b,null_auc_n380,null,,380,proj,EDGE.poly3.sc.Grule,"battery file, the same replicates",0.1,p <= alpha,0.092,0.01292563344676,,,,,0,0.092,"",500,500,0,0,5.55111512312578e-16,,0,0,7.50499999999738
1b,null_auc_n380,null,,380,proj,EDGE.sym.u.G10,"battery file, the same replicates",0.01,p <= alpha,0.014,0.00525433154644813,,,,,0,0.014,"",500,500,0,0,5.55111512312578e-16,,0,0,7.50499999999738
1b,null_auc_n380,null,,380,proj,EDGE.sym.u.G10,"battery file, the same replicates",0.05,p <= alpha,0.034,0.00810481338464989,,,,,0,0.034,"",500,500,0,0,5.55111512312578e-16,,0,0,7.50499999999738
1b,null_auc_n380,null,,380,proj,EDGE.sym.u.G10,"battery file, the same replicates",0.1,p <= alpha,0.072,0.0115599307956406,,,,,0,0.072,"",500,500,0,0,5.55111512312578e-16,,0,0,7.50499999999738
1b,null_auc_n380,null,,380,proj,EDGE.sym.u.Grule,"battery file, the same replicates",0.01,p <= alpha,0.016,0.00561141693336006,,,,,0,0.016,"",500,500,0,0,5.55111512312578e-16,,0,0,7.50499999999738
1b,null_auc_n380,null,,380,proj,EDGE.sym.u.Grule,"battery file, the same replicates",0.05,p <= alpha,0.04,0.00876356092008266,,,,,0,0.04,"",500,500,0,0,5.55111512312578e-16,,0,0,7.50499999999738
1b,null_auc_n380,null,,380,proj,EDGE.sym.u.Grule,"battery file, the same replicates",0.1,p <= alpha,0.086,0.0125382614424808,,,,,0,0.086,"",500,500,0,0,5.55111512312578e-16,,0,0,7.50499999999738
1b,null_auc_n380,null,,380,proj,EDGE.sym.sc.G10,"battery file, the same replicates",0.01,p <= alpha,0.01,0.0044497190922574,,,,,0,0.01,"",500,500,0,0,5.55111512312578e-16,,0,0,7.50499999999738
1b,null_auc_n380,null,,380,proj,EDGE.sym.sc.G10,"battery file, the same replicates",0.05,p <= alpha,0.04,0.00876356092008266,,,,,0,0.04,"",500,500,0,0,5.55111512312578e-16,,0,0,7.50499999999738
1b,null_auc_n380,null,,380,proj,EDGE.sym.sc.G10,"battery file, the same replicates",0.1,p <= alpha,0.096,0.0131745208641529,,,,,0,0.096,"",500,500,0,0,5.55111512312578e-16,,0,0,7.50499999999738
1b,null_auc_n380,null,,380,proj,EDGE.sym.sc.Grule,"battery file, the same replicates",0.01,p <= alpha,0.014,0.00525433154644813,,,,,0,0.014,"",500,500,0,0,5.55111512312578e-16,,0,0,7.50499999999738
1b,null_auc_n380,null,,380,proj,EDGE.sym.sc.Grule,"battery file, the same replicates",0.05,p <= alpha,0.046,0.00936845771725528,,,,,0,0.046,"",500,500,0,0,5.55111512312578e-16,,0,0,7.50499999999738
1b,null_auc_n380,null,,380,proj,EDGE.sym.sc.Grule,"battery file, the same replicates",0.1,p <= alpha,0.106,0.0137669168661687,,,,,0,0.106,"",500,500,0,0,5.55111512312578e-16,,0,0,7.50499999999738
1b,null_auc_n380,null,,380,proj,Stk.joint,"battery file, the same replicates",0.01,p <= alpha,0.01,0.0044497190922574,,,,,0,0.01,"",500,500,0,0,5.55111512312578e-16,,0,0,7.50499999999738
1b,null_auc_n380,null,,380,proj,Stk.joint,"battery file, the same replicates",0.05,p <= alpha,0.048,0.00955991631762538,,,,,0,0.048,"",500,500,0,0,5.55111512312578e-16,,0,0,7.50499999999738
1b,null_auc_n380,null,,380,proj,Stk.joint,"battery file, the same replicates",0.1,p <= alpha,0.108,0.0138806339912844,,,,,0,0.108,"",500,500,0,0,5.55111512312578e-16,,0,0,7.50499999999738
1b,null_auc_n380,null,,380,proj,GiViTI,"battery file, the same replicates",0.01,p <= alpha,0.014,0.00525433154644813,,,,,0,0.014,"",500,500,0,0,5.55111512312578e-16,,0,0,7.50499999999738
1b,null_auc_n380,null,,380,proj,GiViTI,"battery file, the same replicates",0.05,p <= alpha,0.056,0.0102824121683582,,,,,0,0.056,"",500,500,0,0,5.55111512312578e-16,,0,0,7.50499999999738
1b,null_auc_n380,null,,380,proj,GiViTI,"battery file, the same replicates",0.1,p <= alpha,0.106,0.0137669168661687,,,,,0,0.106,"",500,500,0,0,5.55111512312578e-16,,0,0,7.50499999999738
1b,null_auc_n640,null,,640,proj,proj,block 8,0.01,p < alpha,0.008,0.0039839678713564,,,,,0,0.008,"",500,500,0,0,5.55111512312578e-16,,0,0,53.6549999999989
1b,null_auc_n640,null,,640,proj,proj,block 8,0.05,p < alpha,0.05,0.00974679434480896,,,,,0,0.05,"",500,500,0,0,5.55111512312578e-16,,0,0,53.6549999999989
1b,null_auc_n640,null,,640,proj,proj,block 8,0.1,p < alpha,0.09,0.0127984374046209,,,,,0,0.09,"",500,500,0,0,5.55111512312578e-16,,0,0,53.6549999999989
1b,null_auc_n640,null,,640,proj,EDGE.poly3.u.G10,"battery file, the same replicates",0.01,p <= alpha,0.006,0.00345369367489359,,,,,0,0.006,"",500,500,0,0,5.55111512312578e-16,,0,0,53.6549999999989
1b,null_auc_n640,null,,640,proj,EDGE.poly3.u.G10,"battery file, the same replicates",0.05,p <= alpha,0.042,0.00897061870775924,,,,,0,0.042,"",500,500,0,0,5.55111512312578e-16,,0,0,53.6549999999989
1b,null_auc_n640,null,,640,proj,EDGE.poly3.u.G10,"battery file, the same replicates",0.1,p <= alpha,0.106,0.0137669168661687,,,,,0,0.106,"",500,500,0,0,5.55111512312578e-16,,0,0,53.6549999999989
1b,null_auc_n640,null,,640,proj,EDGE.poly3.u.Grule,"battery file, the same replicates",0.01,p <= alpha,0.006,0.00345369367489359,,,,,0,0.006,"",500,500,0,0,5.55111512312578e-16,,0,0,53.6549999999989
1b,null_auc_n640,null,,640,proj,EDGE.poly3.u.Grule,"battery file, the same replicates",0.05,p <= alpha,0.038,0.00855055553750749,,,,,0,0.038,"",500,500,0,0,5.55111512312578e-16,,0,0,53.6549999999989
1b,null_auc_n640,null,,640,proj,EDGE.poly3.u.Grule,"battery file, the same replicates",0.1,p <= alpha,0.088,0.0126693330526907,,,,,0,0.088,"",500,500,0,0,5.55111512312578e-16,,0,0,53.6549999999989
1b,null_auc_n640,null,,640,proj,EDGE.poly3.sc.G10,"battery file, the same replicates",0.01,p <= alpha,0.008,0.0039839678713564,,,,,0,0.008,"",500,500,0,0,5.55111512312578e-16,,0,0,53.6549999999989
1b,null_auc_n640,null,,640,proj,EDGE.poly3.sc.G10,"battery file, the same replicates",0.05,p <= alpha,0.04,0.00876356092008266,,,,,0,0.04,"",500,500,0,0,5.55111512312578e-16,,0,0,53.6549999999989
1b,null_auc_n640,null,,640,proj,EDGE.poly3.sc.G10,"battery file, the same replicates",0.1,p <= alpha,0.096,0.0131745208641529,,,,,0,0.096,"",500,500,0,0,5.55111512312578e-16,,0,0,53.6549999999989
1b,null_auc_n640,null,,640,proj,EDGE.poly3.sc.Grule,"battery file, the same replicates",0.01,p <= alpha,0.008,0.0039839678713564,,,,,0,0.008,"",500,500,0,0,5.55111512312578e-16,,0,0,53.6549999999989
1b,null_auc_n640,null,,640,proj,EDGE.poly3.sc.Grule,"battery file, the same replicates",0.05,p <= alpha,0.048,0.00955991631762538,,,,,0,0.048,"",500,500,0,0,5.55111512312578e-16,,0,0,53.6549999999989
1b,null_auc_n640,null,,640,proj,EDGE.poly3.sc.Grule,"battery file, the same replicates",0.1,p <= alpha,0.09,0.0127984374046209,,,,,0,0.09,"",500,500,0,0,5.55111512312578e-16,,0,0,53.6549999999989
1b,null_auc_n640,null,,640,proj,EDGE.sym.u.G10,"battery file, the same replicates",0.01,p <= alpha,0.012,0.00486949689393062,,,,,0,0.012,"",500,500,0,0,5.55111512312578e-16,,0,0,53.6549999999989
1b,null_auc_n640,null,,640,proj,EDGE.sym.u.G10,"battery file, the same replicates",0.05,p <= alpha,0.04,0.00876356092008266,,,,,0,0.04,"",500,500,0,0,5.55111512312578e-16,,0,0,53.6549999999989
1b,null_auc_n640,null,,640,proj,EDGE.sym.u.G10,"battery file, the same replicates",0.1,p <= alpha,0.102,0.0135348439222623,,,,,0,0.102,"",500,500,0,0,5.55111512312578e-16,,0,0,53.6549999999989
1b,null_auc_n640,null,,640,proj,EDGE.sym.u.Grule,"battery file, the same replicates",0.01,p <= alpha,0.006,0.00345369367489359,,,,,0,0.006,"",500,500,0,0,5.55111512312578e-16,,0,0,53.6549999999989
1b,null_auc_n640,null,,640,proj,EDGE.sym.u.Grule,"battery file, the same replicates",0.05,p <= alpha,0.036,0.0083311463797007,,,,,0,0.036,"",500,500,0,0,5.55111512312578e-16,,0,0,53.6549999999989
1b,null_auc_n640,null,,640,proj,EDGE.sym.u.Grule,"battery file, the same replicates",0.1,p <= alpha,0.098,0.0132963152790538,,,,,0,0.098,"",500,500,0,0,5.55111512312578e-16,,0,0,53.6549999999989
1b,null_auc_n640,null,,640,proj,EDGE.sym.sc.G10,"battery file, the same replicates",0.01,p <= alpha,0.012,0.00486949689393062,,,,,0,0.012,"",500,500,0,0,5.55111512312578e-16,,0,0,53.6549999999989
1b,null_auc_n640,null,,640,proj,EDGE.sym.sc.G10,"battery file, the same replicates",0.05,p <= alpha,0.042,0.00897061870775924,,,,,0,0.042,"",500,500,0,0,5.55111512312578e-16,,0,0,53.6549999999989
1b,null_auc_n640,null,,640,proj,EDGE.sym.sc.G10,"battery file, the same replicates",0.1,p <= alpha,0.104,0.013651666564929,,,,,0,0.104,"",500,500,0,0,5.55111512312578e-16,,0,0,53.6549999999989
1b,null_auc_n640,null,,640,proj,EDGE.sym.sc.Grule,"battery file, the same replicates",0.01,p <= alpha,0.004,0.00282276460230038,,,,,0,0.004,"",500,500,0,0,5.55111512312578e-16,,0,0,53.6549999999989
1b,null_auc_n640,null,,640,proj,EDGE.sym.sc.Grule,"battery file, the same replicates",0.05,p <= alpha,0.04,0.00876356092008266,,,,,0,0.04,"",500,500,0,0,5.55111512312578e-16,,0,0,53.6549999999989
1b,null_auc_n640,null,,640,proj,EDGE.sym.sc.Grule,"battery file, the same replicates",0.1,p <= alpha,0.1,0.0134164078649987,,,,,0,0.1,"",500,500,0,0,5.55111512312578e-16,,0,0,53.6549999999989
1b,null_auc_n640,null,,640,proj,Stk.joint,"battery file, the same replicates",0.01,p <= alpha,0.002,0.00199799899899875,,,,,0,0.002,"",500,500,0,0,5.55111512312578e-16,,0,0,53.6549999999989
1b,null_auc_n640,null,,640,proj,Stk.joint,"battery file, the same replicates",0.05,p <= alpha,0.044,0.00917213170424411,,,,,0,0.044,"",500,500,0,0,5.55111512312578e-16,,0,0,53.6549999999989
1b,null_auc_n640,null,,640,proj,Stk.joint,"battery file, the same replicates",0.1,p <= alpha,0.09,0.0127984374046209,,,,,0,0.09,"",500,500,0,0,5.55111512312578e-16,,0,0,53.6549999999989
1b,null_auc_n640,null,,640,proj,GiViTI,"battery file, the same replicates",0.01,p <= alpha,0.004,0.00282276460230038,,,,,0,0.004,"",500,500,0,0,5.55111512312578e-16,,0,0,53.6549999999989
1b,null_auc_n640,null,,640,proj,GiViTI,"battery file, the same replicates",0.05,p <= alpha,0.04,0.00876356092008266,,,,,0,0.04,"",500,500,0,0,5.55111512312578e-16,,0,0,53.6549999999989
1b,null_auc_n640,null,,640,proj,GiViTI,"battery file, the same replicates",0.1,p <= alpha,0.108,0.0138806339912844,,,,,0,0.108,"",500,500,0,0,5.55111512312578e-16,,0,0,53.6549999999989
1b,null_e12_n1000,null,,1000,proj,proj,block 8,0.01,p < alpha,0.014,0.00525433154644813,,,,,0,0.014,"",500,500,0,0,5.55111512312578e-16,,0,0,277.335
1b,null_e12_n1000,null,,1000,proj,proj,block 8,0.05,p < alpha,0.046,0.00936845771725528,,,,,0,0.046,"",500,500,0,0,5.55111512312578e-16,,0,0,277.335
1b,null_e12_n1000,null,,1000,proj,proj,block 8,0.1,p < alpha,0.088,0.0126693330526907,,,,,0,0.088,"",500,500,0,0,5.55111512312578e-16,,0,0,277.335
1b,null_e12_n1000,null,,1000,proj,EDGE.poly3.u.G10,"battery file, the same replicates",0.01,p <= alpha,0.014,0.00525433154644813,,,,,0,0.014,"",500,500,0,0,5.55111512312578e-16,,0,0,277.335
1b,null_e12_n1000,null,,1000,proj,EDGE.poly3.u.G10,"battery file, the same replicates",0.05,p <= alpha,0.046,0.00936845771725528,,,,,0,0.046,"",500,500,0,0,5.55111512312578e-16,,0,0,277.335
1b,null_e12_n1000,null,,1000,proj,EDGE.poly3.u.G10,"battery file, the same replicates",0.1,p <= alpha,0.102,0.0135348439222623,,,,,0,0.102,"",500,500,0,0,5.55111512312578e-16,,0,0,277.335
1b,null_e12_n1000,null,,1000,proj,EDGE.poly3.u.Grule,"battery file, the same replicates",0.01,p <= alpha,0.01,0.0044497190922574,,,,,0,0.01,"",500,500,0,0,5.55111512312578e-16,,0,0,277.335
1b,null_e12_n1000,null,,1000,proj,EDGE.poly3.u.Grule,"battery file, the same replicates",0.05,p <= alpha,0.036,0.0083311463797007,,,,,0,0.036,"",500,500,0,0,5.55111512312578e-16,,0,0,277.335
1b,null_e12_n1000,null,,1000,proj,EDGE.poly3.u.Grule,"battery file, the same replicates",0.1,p <= alpha,0.104,0.013651666564929,,,,,0,0.104,"",500,500,0,0,5.55111512312578e-16,,0,0,277.335
1b,null_e12_n1000,null,,1000,proj,EDGE.poly3.sc.G10,"battery file, the same replicates",0.01,p <= alpha,0.012,0.00486949689393062,,,,,0,0.012,"",500,500,0,0,5.55111512312578e-16,,0,0,277.335
1b,null_e12_n1000,null,,1000,proj,EDGE.poly3.sc.G10,"battery file, the same replicates",0.05,p <= alpha,0.04,0.00876356092008266,,,,,0,0.04,"",500,500,0,0,5.55111512312578e-16,,0,0,277.335
1b,null_e12_n1000,null,,1000,proj,EDGE.poly3.sc.G10,"battery file, the same replicates",0.1,p <= alpha,0.094,0.0130509769749241,,,,,0,0.094,"",500,500,0,0,5.55111512312578e-16,,0,0,277.335
1b,null_e12_n1000,null,,1000,proj,EDGE.poly3.sc.Grule,"battery file, the same replicates",0.01,p <= alpha,0.004,0.00282276460230038,,,,,0,0.004,"",500,500,0,0,5.55111512312578e-16,,0,0,277.335
1b,null_e12_n1000,null,,1000,proj,EDGE.poly3.sc.Grule,"battery file, the same replicates",0.05,p <= alpha,0.036,0.0083311463797007,,,,,0,0.036,"",500,500,0,0,5.55111512312578e-16,,0,0,277.335
1b,null_e12_n1000,null,,1000,proj,EDGE.poly3.sc.Grule,"battery file, the same replicates",0.1,p <= alpha,0.094,0.0130509769749241,,,,,0,0.094,"",500,500,0,0,5.55111512312578e-16,,0,0,277.335
1b,null_e12_n1000,null,,1000,proj,EDGE.sym.u.G10,"battery file, the same replicates",0.01,p <= alpha,0.014,0.00525433154644813,,,,,0,0.014,"",500,500,0,0,5.55111512312578e-16,,0,0,277.335
1b,null_e12_n1000,null,,1000,proj,EDGE.sym.u.G10,"battery file, the same replicates",0.05,p <= alpha,0.05,0.00974679434480896,,,,,0,0.05,"",500,500,0,0,5.55111512312578e-16,,0,0,277.335
1b,null_e12_n1000,null,,1000,proj,EDGE.sym.u.G10,"battery file, the same replicates",0.1,p <= alpha,0.096,0.0131745208641529,,,,,0,0.096,"",500,500,0,0,5.55111512312578e-16,,0,0,277.335
1b,null_e12_n1000,null,,1000,proj,EDGE.sym.u.Grule,"battery file, the same replicates",0.01,p <= alpha,0.01,0.0044497190922574,,,,,0,0.01,"",500,500,0,0,5.55111512312578e-16,,0,0,277.335
1b,null_e12_n1000,null,,1000,proj,EDGE.sym.u.Grule,"battery file, the same replicates",0.05,p <= alpha,0.06,0.0106207344378814,,,,,0,0.06,"",500,500,0,0,5.55111512312578e-16,,0,0,277.335
1b,null_e12_n1000,null,,1000,proj,EDGE.sym.u.Grule,"battery file, the same replicates",0.1,p <= alpha,0.098,0.0132963152790538,,,,,0,0.098,"",500,500,0,0,5.55111512312578e-16,,0,0,277.335
1b,null_e12_n1000,null,,1000,proj,EDGE.sym.sc.G10,"battery file, the same replicates",0.01,p <= alpha,0.01,0.0044497190922574,,,,,0,0.01,"",500,500,0,0,5.55111512312578e-16,,0,0,277.335
1b,null_e12_n1000,null,,1000,proj,EDGE.sym.sc.G10,"battery file, the same replicates",0.05,p <= alpha,0.046,0.00936845771725528,,,,,0,0.046,"",500,500,0,0,5.55111512312578e-16,,0,0,277.335
1b,null_e12_n1000,null,,1000,proj,EDGE.sym.sc.G10,"battery file, the same replicates",0.1,p <= alpha,0.092,0.01292563344676,,,,,0,0.092,"",500,500,0,0,5.55111512312578e-16,,0,0,277.335
1b,null_e12_n1000,null,,1000,proj,EDGE.sym.sc.Grule,"battery file, the same replicates",0.01,p <= alpha,0.008,0.0039839678713564,,,,,0,0.008,"",500,500,0,0,5.55111512312578e-16,,0,0,277.335
1b,null_e12_n1000,null,,1000,proj,EDGE.sym.sc.Grule,"battery file, the same replicates",0.05,p <= alpha,0.056,0.0102824121683582,,,,,0,0.056,"",500,500,0,0,5.55111512312578e-16,,0,0,277.335
1b,null_e12_n1000,null,,1000,proj,EDGE.sym.sc.Grule,"battery file, the same replicates",0.1,p <= alpha,0.114,0.0142129518397833,,,,,0,0.114,"",500,500,0,0,5.55111512312578e-16,,0,0,277.335
1b,null_e12_n1000,null,,1000,proj,Stk.joint,"battery file, the same replicates",0.01,p <= alpha,0.006,0.00345369367489359,,,,,0,0.006,"",500,500,0,0,5.55111512312578e-16,,0,0,277.335
1b,null_e12_n1000,null,,1000,proj,Stk.joint,"battery file, the same replicates",0.05,p <= alpha,0.056,0.0102824121683582,,,,,0,0.056,"",500,500,0,0,5.55111512312578e-16,,0,0,277.335
1b,null_e12_n1000,null,,1000,proj,Stk.joint,"battery file, the same replicates",0.1,p <= alpha,0.12,0.014532721699668,,,,,0,0.12,"",500,500,0,0,5.55111512312578e-16,,0,0,277.335
1b,null_e12_n1000,null,,1000,proj,GiViTI,"battery file, the same replicates",0.01,p <= alpha,0.006,0.00345369367489359,,,,,0,0.006,"",500,500,0,0,5.55111512312578e-16,,0,0,277.335
1b,null_e12_n1000,null,,1000,proj,GiViTI,"battery file, the same replicates",0.05,p <= alpha,0.06,0.0106207344378814,,,,,0,0.06,"",500,500,0,0,5.55111512312578e-16,,0,0,277.335
1b,null_e12_n1000,null,,1000,proj,GiViTI,"battery file, the same replicates",0.1,p <= alpha,0.12,0.014532721699668,,,,,0,0.12,"",500,500,0,0,5.55111512312578e-16,,0,0,277.335
2,loglog_base_n610,alternative,null_base_n610,610,proj,proj,block 8,0.01,p < alpha,0.188,0.0174731794473702,0.214,0.012,0.01,0.008,0,0.188,"",500,500,0,0,5.55111512312578e-16,500,0,0,40.6000000000059
2,loglog_base_n610,alternative,null_base_n610,610,proj,proj,block 8,0.05,p < alpha,0.412,0.0220116332878776,0.42,0.052,0.05,0.048,0,0.412,"",500,500,0,0,5.55111512312578e-16,500,0,0,40.6000000000059
2,loglog_base_n610,alternative,null_base_n610,610,proj,proj,block 8,0.1,p < alpha,0.53,0.0223203942617508,0.568,0.116,0.106,0.078,0,0.53,"",500,500,0,0,5.55111512312578e-16,500,0,0,40.6000000000059
2,loglog_base_n610,alternative,null_base_n610,610,proj,EDGE.poly3.u.G10,"battery file, the same replicates",0.01,p <= alpha,0.186,0.0174013792556797,0.166,0.00827803191225929,0.01,0.012,0,0.186,"",500,500,0,0,5.55111512312578e-16,500,0,0,40.6000000000059
2,loglog_base_n610,alternative,null_base_n610,610,proj,EDGE.poly3.u.G10,"battery file, the same replicates",0.05,p <= alpha,0.424,0.022100859711785,0.412,0.046268727738911,0.05,0.052,0,0.424,"",500,500,0,0,5.55111512312578e-16,500,0,0,40.6000000000059
2,loglog_base_n610,alternative,null_base_n610,610,proj,EDGE.poly3.u.G10,"battery file, the same replicates",0.1,p <= alpha,0.604,0.0218716254539986,0.618,0.107020932928259,0.1,0.09,0,0.604,"",500,500,0,0,5.55111512312578e-16,500,0,0,40.6000000000059
2,loglog_base_n610,alternative,null_base_n610,610,proj,EDGE.poly3.u.Grule,"battery file, the same replicates",0.01,p <= alpha,0.202,0.0179552777756291,0.244,0.0130224600256112,0.01,0.008,0,0.202,"",500,500,0,0,5.55111512312578e-16,500,0,0,40.6000000000059
2,loglog_base_n610,alternative,null_base_n610,610,proj,EDGE.poly3.u.Grule,"battery file, the same replicates",0.05,p <= alpha,0.44,0.0221990990808186,0.496,0.0604025529054404,0.05,0.042,0,0.44,"",500,500,0,0,5.55111512312578e-16,500,0,0,40.6000000000059
2,loglog_base_n610,alternative,null_base_n610,610,proj,EDGE.poly3.u.Grule,"battery file, the same replicates",0.1,p <= alpha,0.62,0.0217071416819442,0.646,0.113524958904739,0.1,0.074,0,0.62,"",500,500,0,0,5.55111512312578e-16,500,0,0,40.6000000000059
2,loglog_base_n610,alternative,null_base_n610,610,proj,EDGE.poly3.sc.G10,"battery file, the same replicates",0.01,p <= alpha,0.152,0.0160559023415067,0.164,0.0121591751018348,0.01,0.006,0,0.152,"",500,500,0,0,5.55111512312578e-16,500,0,0,40.6000000000059
2,loglog_base_n610,alternative,null_base_n610,610,proj,EDGE.poly3.sc.G10,"battery file, the same replicates",0.05,p <= alpha,0.352,0.0213586516428355,0.344,0.0475759452880053,0.05,0.05,0,0.352,"",500,500,0,0,5.55111512312578e-16,500,0,0,40.6000000000059
2,loglog_base_n610,alternative,null_base_n610,610,proj,EDGE.poly3.sc.G10,"battery file, the same replicates",0.1,p <= alpha,0.482,0.0223461853567897,0.476,0.0963762494488842,0.1,0.104,0,0.482,"",500,500,0,0,5.55111512312578e-16,500,0,0,40.6000000000059
2,loglog_base_n610,alternative,null_base_n610,610,proj,EDGE.poly3.sc.Grule,"battery file, the same replicates",0.01,p <= alpha,0.154,0.016142118820031,0.18,0.0129961762333441,0.01,0.006,0,0.154,"",500,500,0,0,5.55111512312578e-16,500,0,0,40.6000000000059
2,loglog_base_n610,alternative,null_base_n610,610,proj,EDGE.poly3.sc.Grule,"battery file, the same replicates",0.05,p <= alpha,0.338,0.0211544794310803,0.39,0.0667177309055087,0.05,0.04,0,0.338,"",500,500,0,0,5.55111512312578e-16,500,0,0,40.6000000000059
2,loglog_base_n610,alternative,null_base_n610,610,proj,EDGE.poly3.sc.Grule,"battery file, the same replicates",0.1,p <= alpha,0.466,0.0223089219820232,0.476,0.104314479877147,0.1,0.088,0,0.466,"",500,500,0,0,5.55111512312578e-16,500,0,0,40.6000000000059
2,loglog_base_n610,alternative,null_base_n610,610,proj,EDGE.sym.u.G10,"battery file, the same replicates",0.01,p <= alpha,0.048,0.00955991631762538,0.054,0.0120687545217548,0.01,0.008,0,0.048,"",500,500,0,0,5.55111512312578e-16,500,0,0,40.6000000000059
2,loglog_base_n610,alternative,null_base_n610,610,proj,EDGE.sym.u.G10,"battery file, the same replicates",0.05,p <= alpha,0.212,0.0182787308093314,0.248,0.0587711215757127,0.05,0.038,0,0.212,"",500,500,0,0,5.55111512312578e-16,500,0,0,40.6000000000059
2,loglog_base_n610,alternative,null_base_n610,610,proj,EDGE.sym.u.G10,"battery file, the same replicates",0.1,p <= alpha,0.38,0.0217071416819442,0.388,0.104465098820831,0.1,0.09,0,0.38,"",500,500,0,0,5.55111512312578e-16,500,0,0,40.6000000000059
2,loglog_base_n610,alternative,null_base_n610,610,proj,EDGE.sym.u.Grule,"battery file, the same replicates",0.01,p <= alpha,0.044,0.00917213170424411,0.056,0.0144336520540466,0.01,0.004,0,0.044,"",500,500,0,0,5.55111512312578e-16,500,0,0,40.6000000000059
2,loglog_base_n610,alternative,null_base_n610,610,proj,EDGE.sym.u.Grule,"battery file, the same replicates",0.05,p <= alpha,0.22,0.0185256578830551,0.264,0.0671117766617215,0.05,0.038,0,0.22,"",500,500,0,0,5.55111512312578e-16,500,0,0,40.6000000000059
2,loglog_base_n610,alternative,null_base_n610,610,proj,EDGE.sym.u.Grule,"battery file, the same replicates",0.1,p <= alpha,0.368,0.0215673827804859,0.352,0.0942966811479828,0.1,0.106,0,0.368,"",500,500,0,0,5.55111512312578e-16,500,0,0,40.6000000000059
2,loglog_base_n610,alternative,null_base_n610,610,proj,EDGE.sym.sc.G10,"battery file, the same replicates",0.01,p <= alpha,0.048,0.00955991631762538,0.048,0.00999326597495725,0.01,0.01,0,0.048,"",500,500,0,0,5.55111512312578e-16,500,0,0,40.6000000000059
2,loglog_base_n610,alternative,null_base_n610,610,proj,EDGE.sym.sc.G10,"battery file, the same replicates",0.05,p <= alpha,0.196,0.017752971582245,0.224,0.0578696401924772,0.05,0.04,0,0.196,"",500,500,0,0,5.55111512312578e-16,500,0,0,40.6000000000059
2,loglog_base_n610,alternative,null_base_n610,610,proj,EDGE.sym.sc.G10,"battery file, the same replicates",0.1,p <= alpha,0.324,0.020929596269398,0.332,0.102734623218338,0.1,0.096,0,0.324,"",500,500,0,0,5.55111512312578e-16,500,0,0,40.6000000000059
2,loglog_base_n610,alternative,null_base_n610,610,proj,EDGE.sym.sc.Grule,"battery file, the same replicates",0.01,p <= alpha,0.056,0.0102824121683582,0.07,0.0130816879300678,0.01,0.006,0,0.056,"",500,500,0,0,5.55111512312578e-16,500,0,0,40.6000000000059
2,loglog_base_n610,alternative,null_base_n610,610,proj,EDGE.sym.sc.Grule,"battery file, the same replicates",0.05,p <= alpha,0.222,0.0185858010319706,0.26,0.0617252100912452,0.05,0.04,0,0.222,"",500,500,0,0,5.55111512312578e-16,500,0,0,40.6000000000059
2,loglog_base_n610,alternative,null_base_n610,610,proj,EDGE.sym.sc.Grule,"battery file, the same replicates",0.1,p <= alpha,0.338,0.0211544794310803,0.336,0.097591226570276,0.1,0.104,0,0.338,"",500,500,0,0,5.55111512312578e-16,500,0,0,40.6000000000059
2,loglog_base_n610,alternative,null_base_n610,610,proj,Stk.joint,"battery file, the same replicates",0.01,p <= alpha,0.216,0.0184034779321736,0.26,0.0158862522570056,0.01,0.006,0,0.216,"",500,500,0,0,5.55111512312578e-16,500,0,0,40.6000000000059
2,loglog_base_n610,alternative,null_base_n610,610,proj,Stk.joint,"battery file, the same replicates",0.05,p <= alpha,0.456,0.0222739309507774,0.48,0.057576011380153,0.05,0.042,0,0.456,"",500,500,0,0,5.55111512312578e-16,500,0,0,40.6000000000059
2,loglog_base_n610,alternative,null_base_n610,610,proj,Stk.joint,"battery file, the same replicates",0.1,p <= alpha,0.638,0.0214921380974532,0.656,0.109688302911279,0.1,0.088,0,0.638,"",500,500,0,0,5.55111512312578e-16,500,0,0,40.6000000000059
2,loglog_base_n610,alternative,null_base_n610,610,proj,GiViTI,"battery file, the same replicates",0.01,p <= alpha,0.296,0.0204148965219028,0.322,0.012512239702718,0.01,0.008,0,0.296,"",500,500,0,0,5.55111512312578e-16,500,0,0,40.6000000000059
2,loglog_base_n610,alternative,null_base_n610,610,proj,GiViTI,"battery file, the same replicates",0.05,p <= alpha,0.58,0.0220726074581142,0.602,0.0593132808574152,0.05,0.038,0,0.58,"",500,500,0,0,5.55111512312578e-16,500,0,0,40.6000000000059
2,loglog_base_n610,alternative,null_base_n610,610,proj,GiViTI,"battery file, the same replicates",0.1,p <= alpha,0.696,0.0205710476155202,0.702,0.106461391147471,0.1,0.096,0,0.696,"",500,500,0,0,5.55111512312578e-16,500,0,0,40.6000000000059
2,loglog_base_n1000,alternative,null_base_n1000,1000,proj,proj,block 8,0.01,p < alpha,0.378,0.0216848334095515,0.378,0.008,0.012,0.012,0,0.378,"",500,500,0,0,4.9960036108132e-16,500,0,0,290.879999999998
2,loglog_base_n1000,alternative,null_base_n1000,1000,proj,proj,block 8,0.05,p < alpha,0.642,0.0214399626865347,0.654,0.052,0.056,0.048,0,0.642,"",500,500,0,0,4.9960036108132e-16,500,0,0,290.879999999998
2,loglog_base_n1000,alternative,null_base_n1000,1000,proj,proj,block 8,0.1,p < alpha,0.746,0.0194671004517879,0.75,0.1,0.102,0.098,0,0.746,"",500,500,0,0,4.9960036108132e-16,500,0,0,290.879999999998
2,loglog_base_n1000,alternative,null_base_n1000,1000,proj,EDGE.poly3.u.G10,"battery file, the same replicates",0.01,p <= alpha,0.43,0.0221404606998138,0.346,0.00536617074789074,0.01,0.016,0,0.43,"",500,500,0,0,4.9960036108132e-16,500,0,0,290.879999999998
2,loglog_base_n1000,alternative,null_base_n1000,1000,proj,EDGE.poly3.u.G10,"battery file, the same replicates",0.05,p <= alpha,0.71,0.0202928558857545,0.7,0.0477040627827564,0.05,0.054,0,0.71,"",500,500,0,0,4.9960036108132e-16,500,0,0,290.879999999998
2,loglog_base_n1000,alternative,null_base_n1000,1000,proj,EDGE.poly3.u.G10,"battery file, the same replicates",0.1,p <= alpha,0.824,0.017030795636141,0.828,0.105840422447756,0.1,0.096,0,0.824,"",500,500,0,0,4.9960036108132e-16,500,0,0,290.879999999998
2,loglog_base_n1000,alternative,null_base_n1000,1000,proj,EDGE.poly3.u.Grule,"battery file, the same replicates",0.01,p <= alpha,0.458,0.0222816516443463,0.392,0.00607197050653547,0.01,0.016,0,0.458,"",500,500,0,0,4.9960036108132e-16,500,0,0,290.879999999998
2,loglog_base_n1000,alternative,null_base_n1000,1000,proj,EDGE.poly3.u.Grule,"battery file, the same replicates",0.05,p <= alpha,0.736,0.0197131428240146,0.72,0.0451362292555591,0.05,0.052,0,0.736,"",500,500,0,0,4.9960036108132e-16,500,0,0,290.879999999998
2,loglog_base_n1000,alternative,null_base_n1000,1000,proj,EDGE.poly3.u.Grule,"battery file, the same replicates",0.1,p <= alpha,0.858,0.0156099967969247,0.858,0.100633562244247,0.1,0.096,0,0.858,"",500,500,0,0,4.9960036108132e-16,500,0,0,290.879999999998
2,loglog_base_n1000,alternative,null_base_n1000,1000,proj,EDGE.poly3.sc.G10,"battery file, the same replicates",0.01,p <= alpha,0.338,0.0211544794310803,0.304,0.00711848721405366,0.01,0.014,0,0.338,"",500,500,0,0,4.9960036108132e-16,500,0,0,290.879999999998
2,loglog_base_n1000,alternative,null_base_n1000,1000,proj,EDGE.poly3.sc.G10,"battery file, the same replicates",0.05,p <= alpha,0.588,0.0220116332878776,0.558,0.0385587872977259,0.05,0.064,0,0.588,"",500,500,0,0,4.9960036108132e-16,500,0,0,290.879999999998
2,loglog_base_n1000,alternative,null_base_n1000,1000,proj,EDGE.poly3.sc.G10,"battery file, the same replicates",0.1,p <= alpha,0.714,0.0202091068580479,0.706,0.092294313375794,0.1,0.108,0,0.714,"",500,500,0,0,4.9960036108132e-16,500,0,0,290.879999999998
2,loglog_base_n1000,alternative,null_base_n1000,1000,proj,EDGE.poly3.sc.Grule,"battery file, the same replicates",0.01,p <= alpha,0.354,0.0213861637513604,0.342,0.00881508473853575,0.01,0.01,0,0.354,"",500,500,0,0,4.9960036108132e-16,500,0,0,290.879999999998
2,loglog_base_n1000,alternative,null_base_n1000,1000,proj,EDGE.poly3.sc.Grule,"battery file, the same replicates",0.05,p <= alpha,0.632,0.0215673827804859,0.618,0.0464960309343315,0.05,0.056,0,0.632,"",500,500,0,0,4.9960036108132e-16,500,0,0,290.879999999998
2,loglog_base_n1000,alternative,null_base_n1000,1000,proj,EDGE.poly3.sc.Grule,"battery file, the same replicates",0.1,p <= alpha,0.758,0.0191539029965174,0.75,0.0940361803755447,0.1,0.104,0,0.758,"",500,500,0,0,4.9960036108132e-16,500,0,0,290.879999999998
2,loglog_base_n1000,alternative,null_base_n1000,1000,proj,EDGE.sym.u.G10,"battery file, the same replicates",0.01,p <= alpha,0.138,0.01542439626047,0.104,0.00591924677907606,0.01,0.014,0,0.138,"",500,500,0,0,4.9960036108132e-16,500,0,0,290.879999999998
2,loglog_base_n1000,alternative,null_base_n1000,1000,proj,EDGE.sym.u.G10,"battery file, the same replicates",0.05,p <= alpha,0.382,0.0217290588843604,0.34,0.0386557159055045,0.05,0.062,0,0.382,"",500,500,0,0,4.9960036108132e-16,500,0,0,290.879999999998
2,loglog_base_n1000,alternative,null_base_n1000,1000,proj,EDGE.sym.u.G10,"battery file, the same replicates",0.1,p <= alpha,0.55,0.022248595461287,0.534,0.0937639287022203,0.1,0.108,0,0.55,"",500,500,0,0,4.9960036108132e-16,500,0,0,290.879999999998
2,loglog_base_n1000,alternative,null_base_n1000,1000,proj,EDGE.sym.u.Grule,"battery file, the same replicates",0.01,p <= alpha,0.11,0.0139928553197694,0.082,0.00757093623247479,0.01,0.01,0,0.11,"",500,500,0,0,4.9960036108132e-16,500,0,0,290.879999999998
2,loglog_base_n1000,alternative,null_base_n1000,1000,proj,EDGE.sym.u.Grule,"battery file, the same replicates",0.05,p <= alpha,0.38,0.0217071416819442,0.322,0.0412704698489229,0.05,0.066,0,0.38,"",500,500,0,0,4.9960036108132e-16,500,0,0,290.879999999998
2,loglog_base_n1000,alternative,null_base_n1000,1000,proj,EDGE.sym.u.Grule,"battery file, the same replicates",0.1,p <= alpha,0.524,0.0223349054173059,0.468,0.0772281364520216,0.1,0.13,0,0.524,"",500,500,0,0,4.9960036108132e-16,500,0,0,290.879999999998
2,loglog_base_n1000,alternative,null_base_n1000,1000,proj,EDGE.sym.sc.G10,"battery file, the same replicates",0.01,p <= alpha,0.114,0.0142129518397833,0.072,0.00571760961976752,0.01,0.014,0,0.114,"",500,500,0,0,4.9960036108132e-16,500,0,0,290.879999999998
2,loglog_base_n1000,alternative,null_base_n1000,1000,proj,EDGE.sym.sc.G10,"battery file, the same replicates",0.05,p <= alpha,0.32,0.0208614476966485,0.256,0.0338876975938699,0.05,0.066,0,0.32,"",500,500,0,0,4.9960036108132e-16,500,0,0,290.879999999998
2,loglog_base_n1000,alternative,null_base_n1000,1000,proj,EDGE.sym.sc.G10,"battery file, the same replicates",0.1,p <= alpha,0.434,0.0221650174825106,0.426,0.0972019163268739,0.1,0.1,0,0.434,"",500,500,0,0,4.9960036108132e-16,500,0,0,290.879999999998
2,loglog_base_n1000,alternative,null_base_n1000,1000,proj,EDGE.sym.sc.Grule,"battery file, the same replicates",0.01,p <= alpha,0.128,0.0149409504383088,0.116,0.00904010074975322,0.01,0.01,0,0.128,"",500,500,0,0,4.9960036108132e-16,500,0,0,290.879999999998
2,loglog_base_n1000,alternative,null_base_n1000,1000,proj,EDGE.sym.sc.Grule,"battery file, the same replicates",0.05,p <= alpha,0.354,0.0213861637513604,0.29,0.0381334457264325,0.05,0.06,0,0.354,"",500,500,0,0,4.9960036108132e-16,500,0,0,290.879999999998
2,loglog_base_n1000,alternative,null_base_n1000,1000,proj,EDGE.sym.sc.Grule,"battery file, the same replicates",0.1,p <= alpha,0.498,0.0223605008888442,0.454,0.0814939256693218,0.1,0.124,0,0.498,"",500,500,0,0,4.9960036108132e-16,500,0,0,290.879999999998
2,loglog_base_n1000,alternative,null_base_n1000,1000,proj,Stk.joint,"battery file, the same replicates",0.01,p <= alpha,0.462,0.0222960086114085,0.434,0.00795849385347754,0.01,0.014,0,0.462,"",500,500,0,0,4.9960036108132e-16,500,0,0,290.879999999998
2,loglog_base_n1000,alternative,null_base_n1000,1000,proj,Stk.joint,"battery file, the same replicates",0.05,p <= alpha,0.748,0.0194162818273736,0.738,0.0461080582260843,0.05,0.052,0,0.748,"",500,500,0,0,4.9960036108132e-16,500,0,0,290.879999999998
2,loglog_base_n1000,alternative,null_base_n1000,1000,proj,Stk.joint,"battery file, the same replicates",0.1,p <= alpha,0.856,0.0157012101444443,0.848,0.0936478077441781,0.1,0.102,0,0.856,"",500,500,0,0,4.9960036108132e-16,500,0,0,290.879999999998
2,loglog_base_n1000,alternative,null_base_n1000,1000,proj,GiViTI,"battery file, the same replicates",0.01,p <= alpha,0.542,0.0222816516443463,0.532,0.00900889931381199,0.01,0.012,0,0.542,"",500,500,0,0,4.9960036108132e-16,500,0,0,290.879999999998
2,loglog_base_n1000,alternative,null_base_n1000,1000,proj,GiViTI,"battery file, the same replicates",0.05,p <= alpha,0.802,0.0178211110764733,0.834,0.0721049823766149,0.05,0.036,0,0.802,"",500,500,0,0,4.9960036108132e-16,500,0,0,290.879999999998
2,loglog_base_n1000,alternative,null_base_n1000,1000,proj,GiViTI,"battery file, the same replicates",0.1,p <= alpha,0.864,0.0153299706457645,0.886,0.120434666193872,0.1,0.074,0,0.864,"",500,500,0,0,4.9960036108132e-16,500,0,0,290.879999999998
2,cauchit_auc_n460,alternative,null_auc_n460,460,proj,proj,block 8,0.01,p < alpha,0.104,0.013651666564929,0.152,0.016,0.012,0.002,0,0.104,"",500,500,0,0,5.55111512312578e-16,500,0,0,15.1150000000053
2,cauchit_auc_n460,alternative,null_auc_n460,460,proj,proj,block 8,0.05,p < alpha,0.262,0.0196649942791754,0.262,0.048,0.062,0.062,0,0.262,"",500,500,0,0,5.55111512312578e-16,500,0,0,15.1150000000053
2,cauchit_auc_n460,alternative,null_auc_n460,460,proj,proj,block 8,0.1,p < alpha,0.39,0.0218128402552258,0.328,0.072,0.1,0.13,0,0.39,"",500,500,0,0,5.55111512312578e-16,500,0,0,15.1150000000053
2,cauchit_auc_n460,alternative,null_auc_n460,460,proj,EDGE.poly3.u.G10,"battery file, the same replicates",0.01,p <= alpha,0.232,0.0188772879408034,0.216,0.00805562179860279,0.01,0.014,0,0.232,"",500,500,0,0,5.55111512312578e-16,500,0,0,15.1150000000053
2,cauchit_auc_n460,alternative,null_auc_n460,460,proj,EDGE.poly3.u.G10,"battery file, the same replicates",0.05,p <= alpha,0.456,0.0222739309507774,0.404,0.0363977738495823,0.05,0.06,0,0.456,"",500,500,0,0,5.55111512312578e-16,500,0,0,15.1150000000053
2,cauchit_auc_n460,alternative,null_auc_n460,460,proj,EDGE.poly3.u.G10,"battery file, the same replicates",0.1,p <= alpha,0.542,0.0222816516443463,0.536,0.0944476900486992,0.1,0.102,0,0.542,"",500,500,0,0,5.55111512312578e-16,500,0,0,15.1150000000053
2,cauchit_auc_n460,alternative,null_auc_n460,460,proj,EDGE.poly3.u.Grule,"battery file, the same replicates",0.01,p <= alpha,0.266,0.0197607692157972,0.246,0.00780983838622956,0.01,0.012,0,0.266,"",500,500,0,0,5.55111512312578e-16,500,0,0,15.1150000000053
2,cauchit_auc_n460,alternative,null_auc_n460,460,proj,EDGE.poly3.u.Grule,"battery file, the same replicates",0.05,p <= alpha,0.47,0.0223203942617508,0.458,0.0468840081148006,0.05,0.05,0,0.47,"",500,500,0,0,5.55111512312578e-16,500,0,0,15.1150000000053
2,cauchit_auc_n460,alternative,null_auc_n460,460,proj,EDGE.poly3.u.Grule,"battery file, the same replicates",0.1,p <= alpha,0.564,0.0221767445762447,0.564,0.102903983647252,0.1,0.098,0,0.564,"",500,500,0,0,5.55111512312578e-16,500,0,0,15.1150000000053
2,cauchit_auc_n460,alternative,null_auc_n460,460,proj,EDGE.poly3.sc.G10,"battery file, the same replicates",0.01,p <= alpha,0.192,0.0176145394489893,0.164,0.00707079583326273,0.01,0.014,0,0.192,"",500,500,0,0,5.55111512312578e-16,500,0,0,15.1150000000053
2,cauchit_auc_n460,alternative,null_auc_n460,460,proj,EDGE.poly3.sc.G10,"battery file, the same replicates",0.05,p <= alpha,0.386,0.0217717247823869,0.392,0.0533235145608316,0.05,0.048,0,0.386,"",500,500,0,0,5.55111512312578e-16,500,0,0,15.1150000000053
2,cauchit_auc_n460,alternative,null_auc_n460,460,proj,EDGE.poly3.sc.G10,"battery file, the same replicates",0.1,p <= alpha,0.484,0.0223492281745925,0.498,0.105330004463417,0.1,0.096,0,0.484,"",500,500,0,0,5.55111512312578e-16,500,0,0,15.1150000000053
2,cauchit_auc_n460,alternative,null_auc_n460,460,proj,EDGE.poly3.sc.Grule,"battery file, the same replicates",0.01,p <= alpha,0.188,0.0174731794473702,0.218,0.0126078426487908,0.01,0.006,0,0.188,"",500,500,0,0,5.55111512312578e-16,500,0,0,15.1150000000053
2,cauchit_auc_n460,alternative,null_auc_n460,460,proj,EDGE.poly3.sc.Grule,"battery file, the same replicates",0.05,p <= alpha,0.406,0.0219619671250095,0.418,0.0528116605956034,0.05,0.046,0,0.406,"",500,500,0,0,5.55111512312578e-16,500,0,0,15.1150000000053
2,cauchit_auc_n460,alternative,null_auc_n460,460,proj,EDGE.poly3.sc.Grule,"battery file, the same replicates",0.1,p <= alpha,0.52,0.0223427840700303,0.53,0.108912465524836,0.1,0.09,0,0.52,"",500,500,0,0,5.55111512312578e-16,500,0,0,15.1150000000053
2,cauchit_auc_n460,alternative,null_auc_n460,460,proj,EDGE.sym.u.G10,"battery file, the same replicates",0.01,p <= alpha,0.248,0.0193130008025682,0.184,0.00519530671625807,0.01,0.018,0,0.248,"",500,500,0,0,5.55111512312578e-16,500,0,0,15.1150000000053
2,cauchit_auc_n460,alternative,null_auc_n460,460,proj,EDGE.sym.u.G10,"battery file, the same replicates",0.05,p <= alpha,0.428,0.022127629787214,0.4,0.0395250948725501,0.05,0.054,0,0.428,"",500,500,0,0,5.55111512312578e-16,500,0,0,15.1150000000053
2,cauchit_auc_n460,alternative,null_auc_n460,460,proj,EDGE.sym.u.G10,"battery file, the same replicates",0.1,p <= alpha,0.548,0.0222574032627349,0.522,0.0856002336237908,0.1,0.11,0,0.548,"",500,500,0,0,5.55111512312578e-16,500,0,0,15.1150000000053
2,cauchit_auc_n460,alternative,null_auc_n460,460,proj,EDGE.sym.u.Grule,"battery file, the same replicates",0.01,p <= alpha,0.282,0.0201234191925726,0.154,0.00192748122548629,0.01,0.018,0,0.282,"",500,500,0,0,5.55111512312578e-16,500,0,0,15.1150000000053
2,cauchit_auc_n460,alternative,null_auc_n460,460,proj,EDGE.sym.u.Grule,"battery file, the same replicates",0.05,p <= alpha,0.496,0.0223599642217961,0.472,0.0446666508116151,0.05,0.064,0,0.496,"",500,500,0,0,5.55111512312578e-16,500,0,0,15.1150000000053
2,cauchit_auc_n460,alternative,null_auc_n460,460,proj,EDGE.sym.u.Grule,"battery file, the same replicates",0.1,p <= alpha,0.594,0.0219619671250095,0.544,0.0769595642839567,0.1,0.116,0,0.594,"",500,500,0,0,5.55111512312578e-16,500,0,0,15.1150000000053
2,cauchit_auc_n460,alternative,null_auc_n460,460,proj,EDGE.sym.sc.G10,"battery file, the same replicates",0.01,p <= alpha,0.216,0.0184034779321736,0.226,0.0108805612820025,0.01,0.008,0,0.216,"",500,500,0,0,5.55111512312578e-16,500,0,0,15.1150000000053
2,cauchit_auc_n460,alternative,null_auc_n460,460,proj,EDGE.sym.sc.G10,"battery file, the same replicates",0.05,p <= alpha,0.426,0.0221144296783797,0.378,0.0372733392614139,0.05,0.058,0,0.426,"",500,500,0,0,5.55111512312578e-16,500,0,0,15.1150000000053
2,cauchit_auc_n460,alternative,null_auc_n460,460,proj,EDGE.sym.sc.G10,"battery file, the same replicates",0.1,p <= alpha,0.538,0.0222960086114085,0.506,0.0857661464612362,0.1,0.114,0,0.538,"",500,500,0,0,5.55111512312578e-16,500,0,0,15.1150000000053
2,cauchit_auc_n460,alternative,null_auc_n460,460,proj,EDGE.sym.sc.Grule,"battery file, the same replicates",0.01,p <= alpha,0.28,0.0200798406368178,0.238,0.00635027898924514,0.01,0.016,0,0.28,"",500,500,0,0,5.55111512312578e-16,500,0,0,15.1150000000053
2,cauchit_auc_n460,alternative,null_auc_n460,460,proj,EDGE.sym.sc.Grule,"battery file, the same replicates",0.05,p <= alpha,0.502,0.0223605008888442,0.49,0.0471324538726469,0.05,0.054,0,0.502,"",500,500,0,0,5.55111512312578e-16,500,0,0,15.1150000000053
2,cauchit_auc_n460,alternative,null_auc_n460,460,proj,EDGE.sym.sc.Grule,"battery file, the same replicates",0.1,p <= alpha,0.606,0.021852414054287,0.586,0.0864522530013898,0.1,0.11,0,0.606,"",500,500,0,0,5.55111512312578e-16,500,0,0,15.1150000000053
2,cauchit_auc_n460,alternative,null_auc_n460,460,proj,Stk.joint,"battery file, the same replicates",0.01,p <= alpha,0.296,0.0204148965219028,0.328,0.0138007135496956,0.01,0.006,0,0.296,"",500,500,0,0,5.55111512312578e-16,500,0,0,15.1150000000053
2,cauchit_auc_n460,alternative,null_auc_n460,460,proj,Stk.joint,"battery file, the same replicates",0.05,p <= alpha,0.486,0.0223519126698366,0.472,0.0450663478398249,0.05,0.054,0,0.486,"",500,500,0,0,5.55111512312578e-16,500,0,0,15.1150000000053
2,cauchit_auc_n460,alternative,null_auc_n460,460,proj,Stk.joint,"battery file, the same replicates",0.1,p <= alpha,0.586,0.0220274374360705,0.586,0.0999803708542465,0.1,0.1,0,0.586,"",500,500,0,0,5.55111512312578e-16,500,0,0,15.1150000000053
2,cauchit_auc_n460,alternative,null_auc_n460,460,proj,GiViTI,"battery file, the same replicates",0.01,p <= alpha,0.08,0.0121326007104825,0.118,0.0185564726327553,0.01,0.004,0,0.08,"",500,500,0,0,5.55111512312578e-16,500,0,0,15.1150000000053
2,cauchit_auc_n460,alternative,null_auc_n460,460,proj,GiViTI,"battery file, the same replicates",0.05,p <= alpha,0.222,0.0185858010319706,0.222,0.0516400315532323,0.05,0.048,0,0.222,"",500,500,0,0,5.55111512312578e-16,500,0,0,15.1150000000053
2,cauchit_auc_n460,alternative,null_auc_n460,460,proj,GiViTI,"battery file, the same replicates",0.1,p <= alpha,0.302,0.0205327056181108,0.29,0.0925222548737242,0.1,0.1,0,0.302,"",500,500,0,0,5.55111512312578e-16,500,0,0,15.1150000000053
2,cauchit_auc_n760,alternative,null_auc_n760,760,proj,proj,block 8,0.01,p < alpha,0.192,0.0176145394489893,0.156,0.004,0.01,0.012,0,0.192,"",500,500,0,0,5.55111512312578e-16,500,0,0,111.959999999999
2,cauchit_auc_n760,alternative,null_auc_n760,760,proj,proj,block 8,0.05,p < alpha,0.428,0.022127629787214,0.394,0.04,0.052,0.06,0,0.428,"",500,500,0,0,5.55111512312578e-16,500,0,0,111.959999999999
2,cauchit_auc_n760,alternative,null_auc_n760,760,proj,proj,block 8,0.1,p < alpha,0.548,0.0222574032627349,0.496,0.072,0.1,0.126,0,0.548,"",500,500,0,0,5.55111512312578e-16,500,0,0,111.959999999999
2,cauchit_auc_n760,alternative,null_auc_n760,760,proj,EDGE.poly3.u.G10,"battery file, the same replicates",0.01,p <= alpha,0.424,0.022100859711785,0.356,0.00533074686154444,0.01,0.018,0,0.424,"",500,500,0,0,5.55111512312578e-16,500,0,0,111.959999999999
2,cauchit_auc_n760,alternative,null_auc_n760,760,proj,EDGE.poly3.u.G10,"battery file, the same replicates",0.05,p <= alpha,0.628,0.0216155499583055,0.608,0.042075286077672,0.05,0.066,0,0.628,"",500,500,0,0,5.55111512312578e-16,500,0,0,111.959999999999
2,cauchit_auc_n760,alternative,null_auc_n760,760,proj,EDGE.poly3.u.G10,"battery file, the same replicates",0.1,p <= alpha,0.722,0.0200357680162254,0.706,0.0895529040137501,0.1,0.112,0,0.722,"",500,500,0,0,5.55111512312578e-16,500,0,0,111.959999999999
2,cauchit_auc_n760,alternative,null_auc_n760,760,proj,EDGE.poly3.u.Grule,"battery file, the same replicates",0.01,p <= alpha,0.476,0.0223349054173059,0.406,0.00486012202206332,0.01,0.018,0,0.476,"",500,500,0,0,5.55111512312578e-16,500,0,0,111.959999999999
2,cauchit_auc_n760,alternative,null_auc_n760,760,proj,EDGE.poly3.u.Grule,"battery file, the same replicates",0.05,p <= alpha,0.654,0.021273645667821,0.642,0.047387569607576,0.05,0.056,0,0.654,"",500,500,0,0,5.55111512312578e-16,500,0,0,111.959999999999
2,cauchit_auc_n760,alternative,null_auc_n760,760,proj,EDGE.poly3.u.Grule,"battery file, the same replicates",0.1,p <= alpha,0.758,0.0191539029965174,0.728,0.0844322670039986,0.1,0.112,0,0.758,"",500,500,0,0,5.55111512312578e-16,500,0,0,111.959999999999
2,cauchit_auc_n760,alternative,null_auc_n760,760,proj,EDGE.poly3.sc.G10,"battery file, the same replicates",0.01,p <= alpha,0.342,0.0212149004239945,0.414,0.0158422867380619,0.01,0.006,0,0.342,"",500,500,0,0,5.55111512312578e-16,500,0,0,111.959999999999
2,cauchit_auc_n760,alternative,null_auc_n760,760,proj,EDGE.poly3.sc.G10,"battery file, the same replicates",0.05,p <= alpha,0.576,0.022100859711785,0.516,0.0332484623541294,0.05,0.068,0,0.576,"",500,500,0,0,5.55111512312578e-16,500,0,0,111.959999999999
2,cauchit_auc_n760,alternative,null_auc_n760,760,proj,EDGE.poly3.sc.G10,"battery file, the same replicates",0.1,p <= alpha,0.678,0.0208957411928843,0.654,0.0818311797943586,0.1,0.124,0,0.678,"",500,500,0,0,5.55111512312578e-16,500,0,0,111.959999999999
2,cauchit_auc_n760,alternative,null_auc_n760,760,proj,EDGE.poly3.sc.Grule,"battery file, the same replicates",0.01,p <= alpha,0.386,0.0217717247823869,0.374,0.00927102542291257,0.01,0.01,0,0.386,"",500,500,0,0,5.55111512312578e-16,500,0,0,111.959999999999
2,cauchit_auc_n760,alternative,null_auc_n760,760,proj,EDGE.poly3.sc.Grule,"battery file, the same replicates",0.05,p <= alpha,0.614,0.0217717247823869,0.604,0.0456642037258519,0.05,0.052,0,0.614,"",500,500,0,0,5.55111512312578e-16,500,0,0,111.959999999999
2,cauchit_auc_n760,alternative,null_auc_n760,760,proj,EDGE.poly3.sc.Grule,"battery file, the same replicates",0.1,p <= alpha,0.71,0.0202928558857545,0.708,0.0967681916476794,0.1,0.108,0,0.71,"",500,500,0,0,5.55111512312578e-16,500,0,0,111.959999999999
2,cauchit_auc_n760,alternative,null_auc_n760,760,proj,EDGE.sym.u.G10,"battery file, the same replicates",0.01,p <= alpha,0.41,0.0219954540757858,0.318,0.00462055577830352,0.01,0.016,0,0.41,"",500,500,0,0,5.55111512312578e-16,500,0,0,111.959999999999
2,cauchit_auc_n760,alternative,null_auc_n760,760,proj,EDGE.sym.u.G10,"battery file, the same replicates",0.05,p <= alpha,0.6,0.0219089023002066,0.568,0.0398488451480519,0.05,0.052,0,0.6,"",500,500,0,0,5.55111512312578e-16,500,0,0,111.959999999999
2,cauchit_auc_n760,alternative,null_auc_n760,760,proj,EDGE.sym.u.G10,"battery file, the same replicates",0.1,p <= alpha,0.7,0.0204939015319192,0.726,0.114501188328741,0.1,0.086,0,0.7,"",500,500,0,0,5.55111512312578e-16,500,0,0,111.959999999999
2,cauchit_auc_n760,alternative,null_auc_n760,760,proj,EDGE.sym.u.Grule,"battery file, the same replicates",0.01,p <= alpha,0.47,0.0223203942617508,0.296,0.00145414415886113,0.01,0.022,0,0.47,"",500,500,0,0,5.55111512312578e-16,500,0,0,111.959999999999
2,cauchit_auc_n760,alternative,null_auc_n760,760,proj,EDGE.sym.u.Grule,"battery file, the same replicates",0.05,p <= alpha,0.652,0.0213023942316351,0.66,0.0532929576615307,0.05,0.04,0,0.652,"",500,500,0,0,5.55111512312578e-16,500,0,0,111.959999999999
2,cauchit_auc_n760,alternative,null_auc_n760,760,proj,EDGE.sym.u.Grule,"battery file, the same replicates",0.1,p <= alpha,0.752,0.0193130008025682,0.734,0.0897048871978132,0.1,0.108,0,0.752,"",500,500,0,0,5.55111512312578e-16,500,0,0,111.959999999999
2,cauchit_auc_n760,alternative,null_auc_n760,760,proj,EDGE.sym.sc.G10,"battery file, the same replicates",0.01,p <= alpha,0.386,0.0217717247823869,0.356,0.00762411027519113,0.01,0.012,0,0.386,"",500,500,0,0,5.55111512312578e-16,500,0,0,111.959999999999
2,cauchit_auc_n760,alternative,null_auc_n760,760,proj,EDGE.sym.sc.G10,"battery file, the same replicates",0.05,p <= alpha,0.604,0.0218716254539986,0.588,0.0451211830421989,0.05,0.054,0,0.604,"",500,500,0,0,5.55111512312578e-16,500,0,0,111.959999999999
2,cauchit_auc_n760,alternative,null_auc_n760,760,proj,EDGE.sym.sc.G10,"battery file, the same replicates",0.1,p <= alpha,0.708,0.0203340109176719,0.702,0.0963010400449682,0.1,0.1,0,0.708,"",500,500,0,0,5.55111512312578e-16,500,0,0,111.959999999999
2,cauchit_auc_n760,alternative,null_auc_n760,760,proj,EDGE.sym.sc.Grule,"battery file, the same replicates",0.01,p <= alpha,0.526,0.022330427671677,0.424,0.0040829899794428,0.01,0.012,0,0.526,"",500,500,0,0,5.55111512312578e-16,500,0,0,111.959999999999
2,cauchit_auc_n760,alternative,null_auc_n760,760,proj,EDGE.sym.sc.Grule,"battery file, the same replicates",0.05,p <= alpha,0.72,0.0200798406368178,0.718,0.0457113327332288,0.05,0.058,0,0.72,"",500,500,0,0,5.55111512312578e-16,500,0,0,111.959999999999
2,cauchit_auc_n760,alternative,null_auc_n760,760,proj,EDGE.sym.sc.Grule,"battery file, the same replicates",0.1,p <= alpha,0.812,0.0174731794473702,0.82,0.102289580112567,0.1,0.096,0,0.812,"",500,500,0,0,5.55111512312578e-16,500,0,0,111.959999999999
2,cauchit_auc_n760,alternative,null_auc_n760,760,proj,Stk.joint,"battery file, the same replicates",0.01,p <= alpha,0.486,0.0223519126698366,0.406,0.00466033813861284,0.01,0.016,0,0.486,"",500,500,0,0,5.55111512312578e-16,500,0,0,111.959999999999
2,cauchit_auc_n760,alternative,null_auc_n760,760,proj,Stk.joint,"battery file, the same replicates",0.05,p <= alpha,0.658,0.0212149004239945,0.65,0.0466364216792239,0.05,0.05,0,0.658,"",500,500,0,0,5.55111512312578e-16,500,0,0,111.959999999999
2,cauchit_auc_n760,alternative,null_auc_n760,760,proj,Stk.joint,"battery file, the same replicates",0.1,p <= alpha,0.744,0.0195173768729304,0.744,0.0997027072074798,0.1,0.1,0,0.744,"",500,500,0,0,5.55111512312578e-16,500,0,0,111.959999999999
2,cauchit_auc_n760,alternative,null_auc_n760,760,proj,GiViTI,"battery file, the same replicates",0.01,p <= alpha,0.174,0.0169542914921267,0.138,0.0058244100340098,0.01,0.016,0,0.174,"",500,500,0,0,5.55111512312578e-16,500,0,0,111.959999999999
2,cauchit_auc_n760,alternative,null_auc_n760,760,proj,GiViTI,"battery file, the same replicates",0.05,p <= alpha,0.344,0.0212444816364156,0.318,0.0421235609564319,0.05,0.066,0,0.344,"",500,500,0,0,5.55111512312578e-16,500,0,0,111.959999999999
2,cauchit_auc_n760,alternative,null_auc_n760,760,proj,GiViTI,"battery file, the same replicates",0.1,p <= alpha,0.444,0.0222199909990981,0.432,0.085289621735325,0.1,0.114,0,0.444,"",500,500,0,0,5.55111512312578e-16,500,0,0,111.959999999999
2,loglog_auc_n380,alternative,null_auc_n380,380,proj,proj,block 8,0.01,p < alpha,0.132,0.0151377673386798,0.132,0.008,0.01,0.01,0,0.132,"",500,500,0,0,5.55111512312578e-16,500,0,0,7.86000000000058
2,loglog_auc_n380,alternative,null_auc_n380,380,proj,proj,block 8,0.05,p < alpha,0.332,0.0210606742532142,0.332,0.048,0.052,0.052,0,0.332,"",500,500,0,0,5.55111512312578e-16,500,0,0,7.86000000000058
2,loglog_auc_n380,alternative,null_auc_n380,380,proj,proj,block 8,0.1,p < alpha,0.464,0.0223026455829796,0.436,0.084,0.1,0.11,0,0.464,"",500,500,0,0,5.55111512312578e-16,500,0,0,7.86000000000058
2,loglog_auc_n380,alternative,null_auc_n380,380,proj,EDGE.poly3.u.G10,"battery file, the same replicates",0.01,p <= alpha,0.134,0.0152344346793703,0.126,0.0078954372080767,0.01,0.01,0,0.134,"",500,500,0,0,5.55111512312578e-16,500,0,0,7.86000000000058
2,loglog_auc_n380,alternative,null_auc_n380,380,proj,EDGE.poly3.u.G10,"battery file, the same replicates",0.05,p <= alpha,0.332,0.0210606742532142,0.326,0.0484853099352873,0.05,0.056,0,0.332,"",500,500,0,0,5.55111512312578e-16,500,0,0,7.86000000000058
2,loglog_auc_n380,alternative,null_auc_n380,380,proj,EDGE.poly3.u.G10,"battery file, the same replicates",0.1,p <= alpha,0.492,0.0223578174247846,0.484,0.0968483502632999,0.1,0.104,0,0.492,"",500,500,0,0,5.55111512312578e-16,500,0,0,7.86000000000058
2,loglog_auc_n380,alternative,null_auc_n380,380,proj,EDGE.poly3.u.Grule,"battery file, the same replicates",0.01,p <= alpha,0.134,0.0152344346793703,0.124,0.00731131163769787,0.01,0.016,0,0.134,"",500,500,0,0,5.55111512312578e-16,500,0,0,7.86000000000058
2,loglog_auc_n380,alternative,null_auc_n380,380,proj,EDGE.poly3.u.Grule,"battery file, the same replicates",0.05,p <= alpha,0.356,0.0214132669156297,0.31,0.0420918349073903,0.05,0.058,0,0.356,"",500,500,0,0,5.55111512312578e-16,500,0,0,7.86000000000058
2,loglog_auc_n380,alternative,null_auc_n380,380,proj,EDGE.poly3.u.Grule,"battery file, the same replicates",0.1,p <= alpha,0.54,0.0222890107452081,0.532,0.098166292027815,0.1,0.102,0,0.54,"",500,500,0,0,5.55111512312578e-16,500,0,0,7.86000000000058
2,loglog_auc_n380,alternative,null_auc_n380,380,proj,EDGE.poly3.sc.G10,"battery file, the same replicates",0.01,p <= alpha,0.128,0.0149409504383088,0.182,0.0171460967225575,0.01,0,0,0.128,"",500,500,0,0,5.55111512312578e-16,500,0,0,7.86000000000058
2,loglog_auc_n380,alternative,null_auc_n380,380,proj,EDGE.poly3.sc.G10,"battery file, the same replicates",0.05,p <= alpha,0.334,0.0210923682880799,0.318,0.0449625078511767,0.05,0.056,0,0.334,"",500,500,0,0,5.55111512312578e-16,500,0,0,7.86000000000058
2,loglog_auc_n380,alternative,null_auc_n380,380,proj,EDGE.poly3.sc.G10,"battery file, the same replicates",0.1,p <= alpha,0.51,0.0223562071917398,0.488,0.0916646965146055,0.1,0.108,0,0.51,"",500,500,0,0,5.55111512312578e-16,500,0,0,7.86000000000058
2,loglog_auc_n380,alternative,null_auc_n380,380,proj,EDGE.poly3.sc.Grule,"battery file, the same replicates",0.01,p <= alpha,0.158,0.0163117135825762,0.15,0.00889372785466111,0.01,0.01,0,0.158,"",500,500,0,0,5.55111512312578e-16,500,0,0,7.86000000000058
2,loglog_auc_n380,alternative,null_auc_n380,380,proj,EDGE.poly3.sc.Grule,"battery file, the same replicates",0.05,p <= alpha,0.356,0.0214132669156297,0.348,0.0491439975481379,0.05,0.05,0,0.356,"",500,500,0,0,5.55111512312578e-16,500,0,0,7.86000000000058
2,loglog_auc_n380,alternative,null_auc_n380,380,proj,EDGE.poly3.sc.Grule,"battery file, the same replicates",0.1,p <= alpha,0.502,0.0223605008888442,0.504,0.104673311130526,0.1,0.092,0,0.502,"",500,500,0,0,5.55111512312578e-16,500,0,0,7.86000000000058
2,loglog_auc_n380,alternative,null_auc_n380,380,proj,EDGE.sym.u.G10,"battery file, the same replicates",0.01,p <= alpha,0.026,0.00711674082709213,0.02,0.00572113844896717,0.01,0.014,0,0.026,"",500,500,0,0,5.55111512312578e-16,500,0,0,7.86000000000058
2,loglog_auc_n380,alternative,null_auc_n380,380,proj,EDGE.sym.u.G10,"battery file, the same replicates",0.05,p <= alpha,0.048,0.00955991631762538,0.054,0.0727622617822562,0.05,0.034,0,0.048,"",500,500,0,0,5.55111512312578e-16,500,0,0,7.86000000000058
2,loglog_auc_n380,alternative,null_auc_n380,380,proj,EDGE.sym.u.G10,"battery file, the same replicates",0.1,p <= alpha,0.07,0.0114105214604767,0.084,0.121272290322009,0.1,0.072,0,0.07,"",500,500,0,0,5.55111512312578e-16,500,0,0,7.86000000000058
2,loglog_auc_n380,alternative,null_auc_n380,380,proj,EDGE.sym.u.Grule,"battery file, the same replicates",0.01,p <= alpha,0.024,0.00684455988358638,0.018,0.00356843449258276,0.01,0.016,0,0.024,"",500,500,0,0,5.55111512312578e-16,500,0,0,7.86000000000058
2,loglog_auc_n380,alternative,null_auc_n380,380,proj,EDGE.sym.u.Grule,"battery file, the same replicates",0.05,p <= alpha,0.054,0.0101078187557949,0.066,0.0589895676059742,0.05,0.04,0,0.054,"",500,500,0,0,5.55111512312578e-16,500,0,0,7.86000000000058
2,loglog_auc_n380,alternative,null_auc_n380,380,proj,EDGE.sym.u.Grule,"battery file, the same replicates",0.1,p <= alpha,0.086,0.0125382614424808,0.09,0.105386841824955,0.1,0.086,0,0.086,"",500,500,0,0,5.55111512312578e-16,500,0,0,7.86000000000058
2,loglog_auc_n380,alternative,null_auc_n380,380,proj,EDGE.sym.sc.G10,"battery file, the same replicates",0.01,p <= alpha,0.012,0.00486949689393062,0.006,0.00471523899552482,0.01,0.01,0,0.012,"",500,500,0,0,5.55111512312578e-16,500,0,0,7.86000000000058
2,loglog_auc_n380,alternative,null_auc_n380,380,proj,EDGE.sym.sc.G10,"battery file, the same replicates",0.05,p <= alpha,0.044,0.00917213170424411,0.05,0.0543750513320022,0.05,0.04,0,0.044,"",500,500,0,0,5.55111512312578e-16,500,0,0,7.86000000000058
2,loglog_auc_n380,alternative,null_auc_n380,380,proj,EDGE.sym.sc.G10,"battery file, the same replicates",0.1,p <= alpha,0.086,0.0125382614424808,0.09,0.104497709920774,0.1,0.096,0,0.086,"",500,500,0,0,5.55111512312578e-16,500,0,0,7.86000000000058
2,loglog_auc_n380,alternative,null_auc_n380,380,proj,EDGE.sym.sc.Grule,"battery file, the same replicates",0.01,p <= alpha,0.014,0.00525433154644813,0.008,0.00450999490866017,0.01,0.014,0,0.014,"",500,500,0,0,5.55111512312578e-16,500,0,0,7.86000000000058
2,loglog_auc_n380,alternative,null_auc_n380,380,proj,EDGE.sym.sc.Grule,"battery file, the same replicates",0.05,p <= alpha,0.074,0.0117067501895274,0.074,0.0503641879253795,0.05,0.046,0,0.074,"",500,500,0,0,5.55111512312578e-16,500,0,0,7.86000000000058
2,loglog_auc_n380,alternative,null_auc_n380,380,proj,EDGE.sym.sc.Grule,"battery file, the same replicates",0.1,p <= alpha,0.134,0.0152344346793703,0.13,0.0980734239869763,0.1,0.106,0,0.134,"",500,500,0,0,5.55111512312578e-16,500,0,0,7.86000000000058
2,loglog_auc_n380,alternative,null_auc_n380,380,proj,Stk.joint,"battery file, the same replicates",0.01,p <= alpha,0.18,0.0171813852759316,0.156,0.00820203211171354,0.01,0.01,0,0.18,"",500,500,0,0,5.55111512312578e-16,500,0,0,7.86000000000058
2,loglog_auc_n380,alternative,null_auc_n380,380,proj,Stk.joint,"battery file, the same replicates",0.05,p <= alpha,0.386,0.0217717247823869,0.386,0.0502062928286519,0.05,0.048,0,0.386,"",500,500,0,0,5.55111512312578e-16,500,0,0,7.86000000000058
2,loglog_auc_n380,alternative,null_auc_n380,380,proj,Stk.joint,"battery file, the same replicates",0.1,p <= alpha,0.57,0.0221404606998138,0.538,0.092681360658921,0.1,0.108,0,0.57,"",500,500,0,0,5.55111512312578e-16,500,0,0,7.86000000000058
2,loglog_auc_n380,alternative,null_auc_n380,380,proj,GiViTI,"battery file, the same replicates",0.01,p <= alpha,0.25,0.0193649167310371,0.186,0.00581551199841612,0.01,0.014,0,0.25,"",500,500,0,0,5.55111512312578e-16,500,0,0,7.86000000000058
2,loglog_auc_n380,alternative,null_auc_n380,380,proj,GiViTI,"battery file, the same replicates",0.05,p <= alpha,0.546,0.0222658482883541,0.512,0.0426149373508825,0.05,0.056,0,0.546,"",500,500,0,0,5.55111512312578e-16,500,0,0,7.86000000000058
2,loglog_auc_n380,alternative,null_auc_n380,380,proj,GiViTI,"battery file, the same replicates",0.1,p <= alpha,0.698,0.0205327056181108,0.684,0.0921685051407681,0.1,0.106,0,0.698,"",500,500,0,0,5.55111512312578e-16,500,0,0,7.86000000000058
2,loglog_auc_n640,alternative,null_auc_n640,640,proj,proj,block 8,0.01,p < alpha,0.278,0.0200357680162254,0.362,0.016,0.01,0.008,0,0.278,"",500,500,0,0,5.27355936696949e-16,500,0,0,54.625
2,loglog_auc_n640,alternative,null_auc_n640,640,proj,proj,block 8,0.05,p < alpha,0.554,0.0222298897883008,0.544,0.044,0.05,0.05,0,0.554,"",500,500,0,0,5.27355936696949e-16,500,0,0,54.625
2,loglog_auc_n640,alternative,null_auc_n640,640,proj,proj,block 8,0.1,p < alpha,0.684,0.020791536739741,0.706,0.108,0.102,0.09,0,0.684,"",500,500,0,0,5.27355936696949e-16,500,0,0,54.625
2,loglog_auc_n640,alternative,null_auc_n640,640,proj,EDGE.poly3.u.G10,"battery file, the same replicates",0.01,p <= alpha,0.258,0.0195671152702691,0.322,0.0157457852426082,0.01,0.006,0,0.258,"",500,500,0,0,5.27355936696949e-16,500,0,0,54.625
2,loglog_auc_n640,alternative,null_auc_n640,640,proj,EDGE.poly3.u.G10,"battery file, the same replicates",0.05,p <= alpha,0.576,0.022100859711785,0.604,0.0537819958168104,0.05,0.042,0,0.576,"",500,500,0,0,5.27355936696949e-16,500,0,0,54.625
2,loglog_auc_n640,alternative,null_auc_n640,640,proj,EDGE.poly3.u.G10,"battery file, the same replicates",0.1,p <= alpha,0.73,0.0198544705293292,0.72,0.0923746357254409,0.1,0.106,0,0.73,"",500,500,0,0,5.27355936696949e-16,500,0,0,54.625
2,loglog_auc_n640,alternative,null_auc_n640,640,proj,EDGE.poly3.u.Grule,"battery file, the same replicates",0.01,p <= alpha,0.296,0.0204148965219028,0.32,0.0129816030012796,0.01,0.006,0,0.296,"",500,500,0,0,5.27355936696949e-16,500,0,0,54.625
2,loglog_auc_n640,alternative,null_auc_n640,640,proj,EDGE.poly3.u.Grule,"battery file, the same replicates",0.05,p <= alpha,0.606,0.021852414054287,0.682,0.0688332280506188,0.05,0.038,0,0.606,"",500,500,0,0,5.27355936696949e-16,500,0,0,54.625
2,loglog_auc_n640,alternative,null_auc_n640,640,proj,EDGE.poly3.u.Grule,"battery file, the same replicates",0.1,p <= alpha,0.776,0.0186453211289052,0.786,0.104998440169312,0.1,0.088,0,0.776,"",500,500,0,0,5.27355936696949e-16,500,0,0,54.625
2,loglog_auc_n640,alternative,null_auc_n640,640,proj,EDGE.poly3.sc.G10,"battery file, the same replicates",0.01,p <= alpha,0.252,0.0194162818273736,0.272,0.0117585564543935,0.01,0.008,0,0.252,"",500,500,0,0,5.27355936696949e-16,500,0,0,54.625
2,loglog_auc_n640,alternative,null_auc_n640,640,proj,EDGE.poly3.sc.G10,"battery file, the same replicates",0.05,p <= alpha,0.534,0.0223089219820232,0.55,0.0568421510284232,0.05,0.04,0,0.534,"",500,500,0,0,5.27355936696949e-16,500,0,0,54.625
2,loglog_auc_n640,alternative,null_auc_n640,640,proj,EDGE.poly3.sc.G10,"battery file, the same replicates",0.1,p <= alpha,0.656,0.0212444816364156,0.666,0.104800142815959,0.1,0.096,0,0.656,"",500,500,0,0,5.27355936696949e-16,500,0,0,54.625
2,loglog_auc_n640,alternative,null_auc_n640,640,proj,EDGE.poly3.sc.Grule,"battery file, the same replicates",0.01,p <= alpha,0.288,0.0202512221853398,0.296,0.0106433582422211,0.01,0.008,0,0.288,"",500,500,0,0,5.27355936696949e-16,500,0,0,54.625
2,loglog_auc_n640,alternative,null_auc_n640,640,proj,EDGE.poly3.sc.Grule,"battery file, the same replicates",0.05,p <= alpha,0.564,0.0221767445762447,0.57,0.0510783247741283,0.05,0.048,0,0.564,"",500,500,0,0,5.27355936696949e-16,500,0,0,54.625
2,loglog_auc_n640,alternative,null_auc_n640,640,proj,EDGE.poly3.sc.Grule,"battery file, the same replicates",0.1,p <= alpha,0.688,0.02071984555927,0.702,0.106213276511587,0.1,0.09,0,0.688,"",500,500,0,0,5.27355936696949e-16,500,0,0,54.625
2,loglog_auc_n640,alternative,null_auc_n640,640,proj,EDGE.sym.u.G10,"battery file, the same replicates",0.01,p <= alpha,0.016,0.00561141693336006,0.016,0.0068105520071948,0.01,0.012,0,0.016,"",500,500,0,0,5.27355936696949e-16,500,0,0,54.625
2,loglog_auc_n640,alternative,null_auc_n640,640,proj,EDGE.sym.u.G10,"battery file, the same replicates",0.05,p <= alpha,0.04,0.00876356092008266,0.042,0.0568287053570456,0.05,0.04,0,0.04,"",500,500,0,0,5.27355936696949e-16,500,0,0,54.625
2,loglog_auc_n640,alternative,null_auc_n640,640,proj,EDGE.sym.u.G10,"battery file, the same replicates",0.1,p <= alpha,0.072,0.0115599307956406,0.066,0.0927407408657982,0.1,0.102,0,0.072,"",500,500,0,0,5.27355936696949e-16,500,0,0,54.625
2,loglog_auc_n640,alternative,null_auc_n640,640,proj,EDGE.sym.u.Grule,"battery file, the same replicates",0.01,p <= alpha,0.022,0.00655987804764692,0.022,0.0118740242118035,0.01,0.006,0,0.022,"",500,500,0,0,5.27355936696949e-16,500,0,0,54.625
2,loglog_auc_n640,alternative,null_auc_n640,640,proj,EDGE.sym.u.Grule,"battery file, the same replicates",0.05,p <= alpha,0.04,0.00876356092008266,0.048,0.0620056194523586,0.05,0.036,0,0.04,"",500,500,0,0,5.27355936696949e-16,500,0,0,54.625
2,loglog_auc_n640,alternative,null_auc_n640,640,proj,EDGE.sym.u.Grule,"battery file, the same replicates",0.1,p <= alpha,0.082,0.0122699633251286,0.082,0.100212561122702,0.1,0.098,0,0.082,"",500,500,0,0,5.27355936696949e-16,500,0,0,54.625
2,loglog_auc_n640,alternative,null_auc_n640,640,proj,EDGE.sym.sc.G10,"battery file, the same replicates",0.01,p <= alpha,0.016,0.00561141693336006,0.016,0.00827971076538707,0.01,0.012,0,0.016,"",500,500,0,0,5.27355936696949e-16,500,0,0,54.625
2,loglog_auc_n640,alternative,null_auc_n640,640,proj,EDGE.sym.sc.G10,"battery file, the same replicates",0.05,p <= alpha,0.038,0.00855055553750749,0.042,0.0589107532687748,0.05,0.042,0,0.038,"",500,500,0,0,5.27355936696949e-16,500,0,0,54.625
2,loglog_auc_n640,alternative,null_auc_n640,640,proj,EDGE.sym.sc.G10,"battery file, the same replicates",0.1,p <= alpha,0.08,0.0121326007104825,0.074,0.090291764861556,0.1,0.104,0,0.08,"",500,500,0,0,5.27355936696949e-16,500,0,0,54.625
2,loglog_auc_n640,alternative,null_auc_n640,640,proj,EDGE.sym.sc.Grule,"battery file, the same replicates",0.01,p <= alpha,0.012,0.00486949689393062,0.016,0.0133294232502045,0.01,0.004,0,0.012,"",500,500,0,0,5.27355936696949e-16,500,0,0,54.625
2,loglog_auc_n640,alternative,null_auc_n640,640,proj,EDGE.sym.sc.Grule,"battery file, the same replicates",0.05,p <= alpha,0.06,0.0106207344378814,0.084,0.0596064089227502,0.05,0.04,0,0.06,"",500,500,0,0,5.27355936696949e-16,500,0,0,54.625
2,loglog_auc_n640,alternative,null_auc_n640,640,proj,EDGE.sym.sc.Grule,"battery file, the same replicates",0.1,p <= alpha,0.13,0.0150399468084166,0.13,0.0996863933539356,0.1,0.1,0,0.13,"",500,500,0,0,5.27355936696949e-16,500,0,0,54.625
2,loglog_auc_n640,alternative,null_auc_n640,640,proj,Stk.joint,"battery file, the same replicates",0.01,p <= alpha,0.34,0.0211849002829846,0.452,0.0189694703173947,0.01,0.002,0,0.34,"",500,500,0,0,5.27355936696949e-16,500,0,0,54.625
2,loglog_auc_n640,alternative,null_auc_n640,640,proj,Stk.joint,"battery file, the same replicates",0.05,p <= alpha,0.662,0.0211544794310803,0.7,0.0592111728074652,0.05,0.044,0,0.662,"",500,500,0,0,5.27355936696949e-16,500,0,0,54.625
2,loglog_auc_n640,alternative,null_auc_n640,640,proj,Stk.joint,"battery file, the same replicates",0.1,p <= alpha,0.804,0.017752971582245,0.832,0.113943823311974,0.1,0.09,0,0.804,"",500,500,0,0,5.27355936696949e-16,500,0,0,54.625
2,loglog_auc_n640,alternative,null_auc_n640,640,proj,GiViTI,"battery file, the same replicates",0.01,p <= alpha,0.484,0.0223492281745925,0.564,0.0161479674159758,0.01,0.004,0,0.484,"",500,500,0,0,5.27355936696949e-16,500,0,0,54.625
2,loglog_auc_n640,alternative,null_auc_n640,640,proj,GiViTI,"battery file, the same replicates",0.05,p <= alpha,0.748,0.0194162818273736,0.76,0.0532435682530159,0.05,0.04,0,0.748,"",500,500,0,0,5.27355936696949e-16,500,0,0,54.625
2,loglog_auc_n640,alternative,null_auc_n640,640,proj,GiViTI,"battery file, the same replicates",0.1,p <= alpha,0.852,0.0158805541465026,0.834,0.0919642931991045,0.1,0.108,0,0.852,"",500,500,0,0,5.27355936696949e-16,500,0,0,54.625
2,loglog_e12_n1000,alternative,null_e12_n1000,1000,proj,proj,block 8,0.01,p < alpha,0.156,0.0162273842624127,0.114,0.004,0.012,0.014,0,0.156,"",500,500,0,0,5.55111512312578e-16,500,0,0,285.625
2,loglog_e12_n1000,alternative,null_e12_n1000,1000,proj,proj,block 8,0.05,p < alpha,0.358,0.0214399626865347,0.388,0.056,0.05,0.046,0,0.358,"",500,500,0,0,5.55111512312578e-16,500,0,0,285.625
2,loglog_e12_n1000,alternative,null_e12_n1000,1000,proj,proj,block 8,0.1,p < alpha,0.512,0.0223542389716134,0.546,0.116,0.102,0.088,0,0.512,"",500,500,0,0,5.55111512312578e-16,500,0,0,285.625
2,loglog_e12_n1000,alternative,null_e12_n1000,1000,proj,EDGE.poly3.u.G10,"battery file, the same replicates",0.01,p <= alpha,0.084,0.0124051602166195,0.068,0.00726537029657445,0.01,0.014,0,0.084,"",500,500,0,0,5.55111512312578e-16,500,0,0,285.625
2,loglog_e12_n1000,alternative,null_e12_n1000,1000,proj,EDGE.poly3.u.G10,"battery file, the same replicates",0.05,p <= alpha,0.31,0.0206833266183175,0.346,0.0616251138281398,0.05,0.046,0,0.31,"",500,500,0,0,5.55111512312578e-16,500,0,0,285.625
2,loglog_e12_n1000,alternative,null_e12_n1000,1000,proj,EDGE.poly3.u.G10,"battery file, the same replicates",0.1,p <= alpha,0.438,0.0221881049213312,0.436,0.0980227772190295,0.1,0.102,0,0.438,"",500,500,0,0,5.55111512312578e-16,500,0,0,285.625
2,loglog_e12_n1000,alternative,null_e12_n1000,1000,proj,EDGE.poly3.u.Grule,"battery file, the same replicates",0.01,p <= alpha,0.108,0.0138806339912844,0.094,0.00759855627723384,0.01,0.01,0,0.108,"",500,500,0,0,5.55111512312578e-16,500,0,0,285.625
2,loglog_e12_n1000,alternative,null_e12_n1000,1000,proj,EDGE.poly3.u.Grule,"battery file, the same replicates",0.05,p <= alpha,0.352,0.0213586516428355,0.402,0.0623875841811043,0.05,0.036,0,0.352,"",500,500,0,0,5.55111512312578e-16,500,0,0,285.625
2,loglog_e12_n1000,alternative,null_e12_n1000,1000,proj,EDGE.poly3.u.Grule,"battery file, the same replicates",0.1,p <= alpha,0.544,0.0222739309507774,0.496,0.0909423230199499,0.1,0.104,0,0.544,"",500,500,0,0,5.55111512312578e-16,500,0,0,285.625
2,loglog_e12_n1000,alternative,null_e12_n1000,1000,proj,EDGE.poly3.sc.G10,"battery file, the same replicates",0.01,p <= alpha,0.146,0.015791390059143,0.106,0.00660853778084969,0.01,0.012,0,0.146,"",500,500,0,0,5.55111512312578e-16,500,0,0,285.625
2,loglog_e12_n1000,alternative,null_e12_n1000,1000,proj,EDGE.poly3.sc.G10,"battery file, the same replicates",0.05,p <= alpha,0.306,0.0206089301032344,0.352,0.0641310047052736,0.05,0.04,0,0.306,"",500,500,0,0,5.55111512312578e-16,500,0,0,285.625
2,loglog_e12_n1000,alternative,null_e12_n1000,1000,proj,EDGE.poly3.sc.G10,"battery file, the same replicates",0.1,p <= alpha,0.422,0.0220869192057199,0.428,0.106049827047694,0.1,0.094,0,0.422,"",500,500,0,0,5.55111512312578e-16,500,0,0,285.625
2,loglog_e12_n1000,alternative,null_e12_n1000,1000,proj,EDGE.poly3.sc.Grule,"battery file, the same replicates",0.01,p <= alpha,0.104,0.013651666564929,0.154,0.0171666943293792,0.01,0.004,0,0.104,"",500,500,0,0,5.55111512312578e-16,500,0,0,285.625
2,loglog_e12_n1000,alternative,null_e12_n1000,1000,proj,EDGE.poly3.sc.Grule,"battery file, the same replicates",0.05,p <= alpha,0.296,0.0204148965219028,0.338,0.0637965975322274,0.05,0.036,0,0.296,"",500,500,0,0,5.55111512312578e-16,500,0,0,285.625
2,loglog_e12_n1000,alternative,null_e12_n1000,1000,proj,EDGE.poly3.sc.Grule,"battery file, the same replicates",0.1,p <= alpha,0.444,0.0222199909990981,0.448,0.103179085897154,0.1,0.094,0,0.444,"",500,500,0,0,5.55111512312578e-16,500,0,0,285.625
2,loglog_e12_n1000,alternative,null_e12_n1000,1000,proj,EDGE.sym.u.G10,"battery file, the same replicates",0.01,p <= alpha,0,0,0,0.00464615435026989,0.01,0.014,0,0,"",500,500,0,0,5.55111512312578e-16,500,0,0,285.625
2,loglog_e12_n1000,alternative,null_e12_n1000,1000,proj,EDGE.sym.u.G10,"battery file, the same replicates",0.05,p <= alpha,0.004,0.00282276460230038,0.004,0.0497207605023322,0.05,0.05,0,0.004,"",500,500,0,0,5.55111512312578e-16,500,0,0,285.625
2,loglog_e12_n1000,alternative,null_e12_n1000,1000,proj,EDGE.sym.u.G10,"battery file, the same replicates",0.1,p <= alpha,0.068,0.0112584190719657,0.078,0.102047896066859,0.1,0.096,0,0.068,"",500,500,0,0,5.55111512312578e-16,500,0,0,285.625
2,loglog_e12_n1000,alternative,null_e12_n1000,1000,proj,EDGE.sym.u.Grule,"battery file, the same replicates",0.01,p <= alpha,0,0,0,0.00935360306835583,0.01,0.01,0,0,"",500,500,0,0,5.55111512312578e-16,500,0,0,285.625
2,loglog_e12_n1000,alternative,null_e12_n1000,1000,proj,EDGE.sym.u.Grule,"battery file, the same replicates",0.05,p <= alpha,0.004,0.00282276460230038,0,0.0436959778803981,0.05,0.06,0,0.004,"",500,500,0,0,5.55111512312578e-16,500,0,0,285.625
2,loglog_e12_n1000,alternative,null_e12_n1000,1000,proj,EDGE.sym.u.Grule,"battery file, the same replicates",0.1,p <= alpha,0.05,0.00974679434480896,0.05,0.100383099922855,0.1,0.098,0,0.05,"",500,500,0,0,5.55111512312578e-16,500,0,0,285.625
2,loglog_e12_n1000,alternative,null_e12_n1000,1000,proj,EDGE.sym.sc.G10,"battery file, the same replicates",0.01,p <= alpha,0.13,0.0150399468084166,0.102,0.00780481825582779,0.01,0.01,0,0.13,"",500,500,0,0,5.55111512312578e-16,500,0,0,285.625
2,loglog_e12_n1000,alternative,null_e12_n1000,1000,proj,EDGE.sym.sc.G10,"battery file, the same replicates",0.05,p <= alpha,0.468,0.0223148381127894,0.49,0.0529262378203905,0.05,0.046,0,0.468,"",500,500,0,0,5.55111512312578e-16,500,0,0,285.625
2,loglog_e12_n1000,alternative,null_e12_n1000,1000,proj,EDGE.sym.sc.G10,"battery file, the same replicates",0.1,p <= alpha,0.64,0.021466252583998,0.656,0.105318393248655,0.1,0.092,0,0.64,"",500,500,0,0,5.55111512312578e-16,500,0,0,285.625
2,loglog_e12_n1000,alternative,null_e12_n1000,1000,proj,EDGE.sym.sc.Grule,"battery file, the same replicates",0.01,p <= alpha,0.162,0.016477621187538,0.208,0.0138600184192777,0.01,0.008,0,0.162,"",500,500,0,0,5.55111512312578e-16,500,0,0,285.625
2,loglog_e12_n1000,alternative,null_e12_n1000,1000,proj,EDGE.sym.sc.Grule,"battery file, the same replicates",0.05,p <= alpha,0.53,0.0223203942617508,0.484,0.0434893332914302,0.05,0.056,0,0.53,"",500,500,0,0,5.55111512312578e-16,500,0,0,285.625
2,loglog_e12_n1000,alternative,null_e12_n1000,1000,proj,EDGE.sym.sc.Grule,"battery file, the same replicates",0.1,p <= alpha,0.708,0.0203340109176719,0.676,0.0879199885045484,0.1,0.114,0,0.708,"",500,500,0,0,5.55111512312578e-16,500,0,0,285.625
2,loglog_e12_n1000,alternative,null_e12_n1000,1000,proj,Stk.joint,"battery file, the same replicates",0.01,p <= alpha,0.092,0.01292563344676,0.106,0.0125286405641327,0.01,0.006,0,0.092,"",500,500,0,0,5.55111512312578e-16,500,0,0,285.625
2,loglog_e12_n1000,alternative,null_e12_n1000,1000,proj,Stk.joint,"battery file, the same replicates",0.05,p <= alpha,0.342,0.0212149004239945,0.332,0.0472920892196685,0.05,0.056,0,0.342,"",500,500,0,0,5.55111512312578e-16,500,0,0,285.625
2,loglog_e12_n1000,alternative,null_e12_n1000,1000,proj,Stk.joint,"battery file, the same replicates",0.1,p <= alpha,0.546,0.0222658482883541,0.5,0.0881530876782672,0.1,0.12,0,0.546,"",500,500,0,0,5.55111512312578e-16,500,0,0,285.625
2,loglog_e12_n1000,alternative,null_e12_n1000,1000,proj,GiViTI,"battery file, the same replicates",0.01,p <= alpha,0.356,0.0214132669156297,0.436,0.0165422541481324,0.01,0.006,0,0.356,"",500,500,0,0,5.55111512312578e-16,500,0,0,285.625
2,loglog_e12_n1000,alternative,null_e12_n1000,1000,proj,GiViTI,"battery file, the same replicates",0.05,p <= alpha,0.62,0.0217071416819442,0.58,0.0429403186658498,0.05,0.06,0,0.62,"",500,500,0,0,5.55111512312578e-16,500,0,0,285.625
2,loglog_e12_n1000,alternative,null_e12_n1000,1000,proj,GiViTI,"battery file, the same replicates",0.1,p <= alpha,0.754,0.0192605295877346,0.714,0.0780130358584169,0.1,0.12,0,0.754,"",500,500,0,0,5.55111512312578e-16,500,0,0,285.625
1b,null_crossover_n1000,null,,1000,proj,proj,block 8,0.01,p < alpha,0.008,0.0039839678713564,,,,,0,0.008,"",500,500,0,0,5.55111512312578e-16,,0,0,287.805000000007
1b,null_crossover_n1000,null,,1000,proj,proj,block 8,0.05,p < alpha,0.056,0.0102824121683582,,,,,0,0.056,"",500,500,0,0,5.55111512312578e-16,,0,0,287.805000000007
1b,null_crossover_n1000,null,,1000,proj,proj,block 8,0.1,p < alpha,0.118,0.0144274737913468,,,,,0,0.118,"",500,500,0,0,5.55111512312578e-16,,0,0,287.805000000007
1b,null_crossover_n1000,null,,1000,proj,EDGE.poly3.u.G10,"battery file, the same replicates",0.01,p <= alpha,0.008,0.0039839678713564,,,,,0,0.008,"",500,500,0,0,5.55111512312578e-16,,0,0,287.805000000007
1b,null_crossover_n1000,null,,1000,proj,EDGE.poly3.u.G10,"battery file, the same replicates",0.05,p <= alpha,0.036,0.0083311463797007,,,,,0,0.036,"",500,500,0,0,5.55111512312578e-16,,0,0,287.805000000007
1b,null_crossover_n1000,null,,1000,proj,EDGE.poly3.u.G10,"battery file, the same replicates",0.1,p <= alpha,0.102,0.0135348439222623,,,,,0,0.102,"",500,500,0,0,5.55111512312578e-16,,0,0,287.805000000007
1b,null_crossover_n1000,null,,1000,proj,EDGE.poly3.u.Grule,"battery file, the same replicates",0.01,p <= alpha,0.006,0.00345369367489359,,,,,0,0.006,"",500,500,0,0,5.55111512312578e-16,,0,0,287.805000000007
1b,null_crossover_n1000,null,,1000,proj,EDGE.poly3.u.Grule,"battery file, the same replicates",0.05,p <= alpha,0.058,0.0104533248299285,,,,,0,0.058,"",500,500,0,0,5.55111512312578e-16,,0,0,287.805000000007
1b,null_crossover_n1000,null,,1000,proj,EDGE.poly3.u.Grule,"battery file, the same replicates",0.1,p <= alpha,0.098,0.0132963152790538,,,,,0,0.098,"",500,500,0,0,5.55111512312578e-16,,0,0,287.805000000007
1b,null_crossover_n1000,null,,1000,proj,EDGE.poly3.sc.G10,"battery file, the same replicates",0.01,p <= alpha,0.01,0.0044497190922574,,,,,0,0.01,"",500,500,0,0,5.55111512312578e-16,,0,0,287.805000000007
1b,null_crossover_n1000,null,,1000,proj,EDGE.poly3.sc.G10,"battery file, the same replicates",0.05,p <= alpha,0.05,0.00974679434480896,,,,,0,0.05,"",500,500,0,0,5.55111512312578e-16,,0,0,287.805000000007
1b,null_crossover_n1000,null,,1000,proj,EDGE.poly3.sc.G10,"battery file, the same replicates",0.1,p <= alpha,0.104,0.013651666564929,,,,,0,0.104,"",500,500,0,0,5.55111512312578e-16,,0,0,287.805000000007
1b,null_crossover_n1000,null,,1000,proj,EDGE.poly3.sc.Grule,"battery file, the same replicates",0.01,p <= alpha,0.01,0.0044497190922574,,,,,0,0.01,"",500,500,0,0,5.55111512312578e-16,,0,0,287.805000000007
1b,null_crossover_n1000,null,,1000,proj,EDGE.poly3.sc.Grule,"battery file, the same replicates",0.05,p <= alpha,0.042,0.00897061870775924,,,,,0,0.042,"",500,500,0,0,5.55111512312578e-16,,0,0,287.805000000007
1b,null_crossover_n1000,null,,1000,proj,EDGE.poly3.sc.Grule,"battery file, the same replicates",0.1,p <= alpha,0.094,0.0130509769749241,,,,,0,0.094,"",500,500,0,0,5.55111512312578e-16,,0,0,287.805000000007
1b,null_crossover_n1000,null,,1000,proj,EDGE.sym.u.G10,"battery file, the same replicates",0.01,p <= alpha,0.008,0.0039839678713564,,,,,0,0.008,"",500,500,0,0,5.55111512312578e-16,,0,0,287.805000000007
1b,null_crossover_n1000,null,,1000,proj,EDGE.sym.u.G10,"battery file, the same replicates",0.05,p <= alpha,0.058,0.0104533248299285,,,,,0,0.058,"",500,500,0,0,5.55111512312578e-16,,0,0,287.805000000007
1b,null_crossover_n1000,null,,1000,proj,EDGE.sym.u.G10,"battery file, the same replicates",0.1,p <= alpha,0.1,0.0134164078649987,,,,,0,0.1,"",500,500,0,0,5.55111512312578e-16,,0,0,287.805000000007
1b,null_crossover_n1000,null,,1000,proj,EDGE.sym.u.Grule,"battery file, the same replicates",0.01,p <= alpha,0.008,0.0039839678713564,,,,,0,0.008,"",500,500,0,0,5.55111512312578e-16,,0,0,287.805000000007
1b,null_crossover_n1000,null,,1000,proj,EDGE.sym.u.Grule,"battery file, the same replicates",0.05,p <= alpha,0.056,0.0102824121683582,,,,,0,0.056,"",500,500,0,0,5.55111512312578e-16,,0,0,287.805000000007
1b,null_crossover_n1000,null,,1000,proj,EDGE.sym.u.Grule,"battery file, the same replicates",0.1,p <= alpha,0.092,0.01292563344676,,,,,0,0.092,"",500,500,0,0,5.55111512312578e-16,,0,0,287.805000000007
1b,null_crossover_n1000,null,,1000,proj,EDGE.sym.sc.G10,"battery file, the same replicates",0.01,p <= alpha,0.006,0.00345369367489359,,,,,0,0.006,"",500,500,0,0,5.55111512312578e-16,,0,0,287.805000000007
1b,null_crossover_n1000,null,,1000,proj,EDGE.sym.sc.G10,"battery file, the same replicates",0.05,p <= alpha,0.058,0.0104533248299285,,,,,0,0.058,"",500,500,0,0,5.55111512312578e-16,,0,0,287.805000000007
1b,null_crossover_n1000,null,,1000,proj,EDGE.sym.sc.G10,"battery file, the same replicates",0.1,p <= alpha,0.1,0.0134164078649987,,,,,0,0.1,"",500,500,0,0,5.55111512312578e-16,,0,0,287.805000000007
1b,null_crossover_n1000,null,,1000,proj,EDGE.sym.sc.Grule,"battery file, the same replicates",0.01,p <= alpha,0.01,0.0044497190922574,,,,,0,0.01,"",500,500,0,0,5.55111512312578e-16,,0,0,287.805000000007
1b,null_crossover_n1000,null,,1000,proj,EDGE.sym.sc.Grule,"battery file, the same replicates",0.05,p <= alpha,0.062,0.0107848041243223,,,,,0,0.062,"",500,500,0,0,5.55111512312578e-16,,0,0,287.805000000007
1b,null_crossover_n1000,null,,1000,proj,EDGE.sym.sc.Grule,"battery file, the same replicates",0.1,p <= alpha,0.096,0.0131745208641529,,,,,0,0.096,"",500,500,0,0,5.55111512312578e-16,,0,0,287.805000000007
1b,null_crossover_n1000,null,,1000,proj,Stk.joint,"battery file, the same replicates",0.01,p <= alpha,0.01,0.0044497190922574,,,,,0,0.01,"",500,500,0,0,5.55111512312578e-16,,0,0,287.805000000007
1b,null_crossover_n1000,null,,1000,proj,Stk.joint,"battery file, the same replicates",0.05,p <= alpha,0.062,0.0107848041243223,,,,,0,0.062,"",500,500,0,0,5.55111512312578e-16,,0,0,287.805000000007
1b,null_crossover_n1000,null,,1000,proj,Stk.joint,"battery file, the same replicates",0.1,p <= alpha,0.106,0.0137669168661687,,,,,0,0.106,"",500,500,0,0,5.55111512312578e-16,,0,0,287.805000000007
1b,null_crossover_n1000,null,,1000,proj,GiViTI,"battery file, the same replicates",0.01,p <= alpha,0.006,0.00345369367489359,,,,,0,0.006,"",500,500,0,0,5.55111512312578e-16,,0,0,287.805000000007
1b,null_crossover_n1000,null,,1000,proj,GiViTI,"battery file, the same replicates",0.05,p <= alpha,0.044,0.00917213170424411,,,,,0,0.044,"",500,500,0,0,5.55111512312578e-16,,0,0,287.805000000007
1b,null_crossover_n1000,null,,1000,proj,GiViTI,"battery file, the same replicates",0.1,p <= alpha,0.094,0.0130509769749241,,,,,0,0.094,"",500,500,0,0,5.55111512312578e-16,,0,0,287.805000000007
4,crossover_n1000,alternative,null_crossover_n1000,1000,proj,proj,block 8,0.01,p < alpha,0.864,0.0153299706457645,0.882,0.012,0.018,0.008,0,0.864,"",500,500,0,0,6.66133814775094e-16,500,0,0,289.094999999994
4,crossover_n1000,alternative,null_crossover_n1000,1000,proj,proj,block 8,0.05,p < alpha,0.956,0.00917213170424412,0.954,0.044,0.05,0.056,0,0.956,"",500,500,0,0,6.66133814775094e-16,500,0,0,289.094999999994
4,crossover_n1000,alternative,null_crossover_n1000,1000,proj,proj,block 8,0.1,p < alpha,0.988,0.00486949689393063,0.986,0.092,0.108,0.118,0,0.988,"",500,500,0,0,6.66133814775094e-16,500,0,0,289.094999999994
4,crossover_n1000,alternative,null_crossover_n1000,1000,proj,EDGE.poly3.u.G10,"battery file, the same replicates",0.01,p <= alpha,0.018,0.005945754788082,0.02,0.0113510368653256,0.01,0.008,0,0.018,"",500,500,0,0,6.66133814775094e-16,500,0,0,289.094999999994
4,crossover_n1000,alternative,null_crossover_n1000,1000,proj,EDGE.poly3.u.G10,"battery file, the same replicates",0.05,p <= alpha,0.062,0.0107848041243223,0.068,0.0559350169244923,0.05,0.036,0,0.062,"",500,500,0,0,6.66133814775094e-16,500,0,0,289.094999999994
4,crossover_n1000,alternative,null_crossover_n1000,1000,proj,EDGE.poly3.u.G10,"battery file, the same replicates",0.1,p <= alpha,0.128,0.0149409504383088,0.124,0.0992449253383991,0.1,0.102,0,0.128,"",500,500,0,0,6.66133814775094e-16,500,0,0,289.094999999994
4,crossover_n1000,alternative,null_crossover_n1000,1000,proj,EDGE.poly3.u.Grule,"battery file, the same replicates",0.01,p <= alpha,0.02,0.00626099033699941,0.026,0.0143119357543279,0.01,0.006,0,0.02,"",500,500,0,0,6.66133814775094e-16,500,0,0,289.094999999994
4,crossover_n1000,alternative,null_crossover_n1000,1000,proj,EDGE.poly3.u.Grule,"battery file, the same replicates",0.05,p <= alpha,0.074,0.0117067501895274,0.066,0.0444607331974458,0.05,0.058,0,0.074,"",500,500,0,0,6.66133814775094e-16,500,0,0,289.094999999994
4,crossover_n1000,alternative,null_crossover_n1000,1000,proj,EDGE.poly3.u.Grule,"battery file, the same replicates",0.1,p <= alpha,0.132,0.0151377673386798,0.134,0.102977543478508,0.1,0.098,0,0.132,"",500,500,0,0,6.66133814775094e-16,500,0,0,289.094999999994
4,crossover_n1000,alternative,null_crossover_n1000,1000,proj,EDGE.poly3.sc.G10,"battery file, the same replicates",0.01,p <= alpha,0.012,0.00486949689393062,0.01,0.00762473063352419,0.01,0.01,0,0.012,"",500,500,0,0,6.66133814775094e-16,500,0,0,289.094999999994
4,crossover_n1000,alternative,null_crossover_n1000,1000,proj,EDGE.poly3.sc.G10,"battery file, the same replicates",0.05,p <= alpha,0.062,0.0107848041243223,0.058,0.0468002208025878,0.05,0.05,0,0.062,"",500,500,0,0,6.66133814775094e-16,500,0,0,289.094999999994
4,crossover_n1000,alternative,null_crossover_n1000,1000,proj,EDGE.poly3.sc.G10,"battery file, the same replicates",0.1,p <= alpha,0.11,0.0139928553197694,0.11,0.0973250537268243,0.1,0.104,0,0.11,"",500,500,0,0,6.66133814775094e-16,500,0,0,289.094999999994
4,crossover_n1000,alternative,null_crossover_n1000,1000,proj,EDGE.poly3.sc.Grule,"battery file, the same replicates",0.01,p <= alpha,0.02,0.00626099033699941,0.02,0.00979168910502415,0.01,0.01,0,0.02,"",500,500,0,0,6.66133814775094e-16,500,0,0,289.094999999994
4,crossover_n1000,alternative,null_crossover_n1000,1000,proj,EDGE.poly3.sc.Grule,"battery file, the same replicates",0.05,p <= alpha,0.062,0.0107848041243223,0.07,0.0541224107620309,0.05,0.042,0,0.062,"",500,500,0,0,6.66133814775094e-16,500,0,0,289.094999999994
4,crossover_n1000,alternative,null_crossover_n1000,1000,proj,EDGE.poly3.sc.Grule,"battery file, the same replicates",0.1,p <= alpha,0.116,0.0143208938268531,0.118,0.103916976880024,0.1,0.094,0,0.116,"",500,500,0,0,6.66133814775094e-16,500,0,0,289.094999999994
4,crossover_n1000,alternative,null_crossover_n1000,1000,proj,EDGE.sym.u.G10,"battery file, the same replicates",0.01,p <= alpha,0.006,0.00345369367489359,0.006,0.0113482672536276,0.01,0.008,0,0.006,"",500,500,0,0,6.66133814775094e-16,500,0,0,289.094999999994
4,crossover_n1000,alternative,null_crossover_n1000,1000,proj,EDGE.sym.u.G10,"battery file, the same replicates",0.05,p <= alpha,0.062,0.0107848041243223,0.06,0.0467982575330448,0.05,0.058,0,0.062,"",500,500,0,0,6.66133814775094e-16,500,0,0,289.094999999994
4,crossover_n1000,alternative,null_crossover_n1000,1000,proj,EDGE.sym.u.G10,"battery file, the same replicates",0.1,p <= alpha,0.114,0.0142129518397833,0.108,0.0967914228452285,0.1,0.1,0,0.114,"",500,500,0,0,6.66133814775094e-16,500,0,0,289.094999999994
4,crossover_n1000,alternative,null_crossover_n1000,1000,proj,EDGE.sym.u.Grule,"battery file, the same replicates",0.01,p <= alpha,0.012,0.00486949689393062,0.012,0.0102588026184838,0.01,0.008,0,0.012,"",500,500,0,0,6.66133814775094e-16,500,0,0,289.094999999994
4,crossover_n1000,alternative,null_crossover_n1000,1000,proj,EDGE.sym.u.Grule,"battery file, the same replicates",0.05,p <= alpha,0.056,0.0102824121683582,0.044,0.0439985465746133,0.05,0.056,0,0.056,"",500,500,0,0,6.66133814775094e-16,500,0,0,289.094999999994
4,crossover_n1000,alternative,null_crossover_n1000,1000,proj,EDGE.sym.u.Grule,"battery file, the same replicates",0.1,p <= alpha,0.114,0.0142129518397833,0.128,0.110610397908694,0.1,0.092,0,0.114,"",500,500,0,0,6.66133814775094e-16,500,0,0,289.094999999994
4,crossover_n1000,alternative,null_crossover_n1000,1000,proj,EDGE.sym.sc.G10,"battery file, the same replicates",0.01,p <= alpha,0.006,0.00345369367489359,0.008,0.0151695103007304,0.01,0.006,0,0.006,"",500,500,0,0,6.66133814775094e-16,500,0,0,289.094999999994
4,crossover_n1000,alternative,null_crossover_n1000,1000,proj,EDGE.sym.sc.G10,"battery file, the same replicates",0.05,p <= alpha,0.062,0.0107848041243223,0.054,0.0438549838197243,0.05,0.058,0,0.062,"",500,500,0,0,6.66133814775094e-16,500,0,0,289.094999999994
4,crossover_n1000,alternative,null_crossover_n1000,1000,proj,EDGE.sym.sc.G10,"battery file, the same replicates",0.1,p <= alpha,0.124,0.0147393351274744,0.122,0.0998370120601289,0.1,0.1,0,0.124,"",500,500,0,0,6.66133814775094e-16,500,0,0,289.094999999994
4,crossover_n1000,alternative,null_crossover_n1000,1000,proj,EDGE.sym.sc.Grule,"battery file, the same replicates",0.01,p <= alpha,0.008,0.0039839678713564,0.008,0.00887352437048285,0.01,0.01,0,0.008,"",500,500,0,0,6.66133814775094e-16,500,0,0,289.094999999994
4,crossover_n1000,alternative,null_crossover_n1000,1000,proj,EDGE.sym.sc.Grule,"battery file, the same replicates",0.05,p <= alpha,0.048,0.00955991631762538,0.044,0.0460219508151768,0.05,0.062,0,0.048,"",500,500,0,0,6.66133814775094e-16,500,0,0,289.094999999994
4,crossover_n1000,alternative,null_crossover_n1000,1000,proj,EDGE.sym.sc.Grule,"battery file, the same replicates",0.1,p <= alpha,0.114,0.0142129518397833,0.12,0.103375122474062,0.1,0.096,0,0.114,"",500,500,0,0,6.66133814775094e-16,500,0,0,289.094999999994
4,crossover_n1000,alternative,null_crossover_n1000,1000,proj,Stk.joint,"battery file, the same replicates",0.01,p <= alpha,0.018,0.005945754788082,0.016,0.00916002338609931,0.01,0.01,0,0.018,"",500,500,0,0,6.66133814775094e-16,500,0,0,289.094999999994
4,crossover_n1000,alternative,null_crossover_n1000,1000,proj,Stk.joint,"battery file, the same replicates",0.05,p <= alpha,0.074,0.0117067501895274,0.062,0.04313268244656,0.05,0.062,0,0.074,"",500,500,0,0,6.66133814775094e-16,500,0,0,289.094999999994
4,crossover_n1000,alternative,null_crossover_n1000,1000,proj,Stk.joint,"battery file, the same replicates",0.1,p <= alpha,0.128,0.0149409504383088,0.124,0.0953253462592657,0.1,0.106,0,0.128,"",500,500,0,0,6.66133814775094e-16,500,0,0,289.094999999994
4,crossover_n1000,alternative,null_crossover_n1000,1000,proj,GiViTI,"battery file, the same replicates",0.01,p <= alpha,0.022,0.00655987804764692,0.022,0.0108826382548186,0.01,0.006,0,0.022,"",500,500,0,0,6.66133814775094e-16,500,0,0,289.094999999994
4,crossover_n1000,alternative,null_crossover_n1000,1000,proj,GiViTI,"battery file, the same replicates",0.05,p <= alpha,0.084,0.0124051602166195,0.088,0.0529468614694391,0.05,0.044,0,0.084,"",500,500,0,0,6.66133814775094e-16,500,0,0,289.094999999994
4,crossover_n1000,alternative,null_crossover_n1000,1000,proj,GiViTI,"battery file, the same replicates",0.1,p <= alpha,0.142,0.0156099967969247,0.146,0.103580792518453,0.1,0.094,0,0.142,"",500,500,0,0,6.66133814775094e-16,500,0,0,289.094999999994
1a,null_link_n500,null,,500,bagoft,BAGofT,block 8,0.01,p < alpha,0.005,0.004987484335815,,,,,0,0.005,"",200,200,0,0,5.55111512312578e-16,,0,0,477.155
1a,null_link_n500,null,,500,bagoft,BAGofT,block 8,0.05,p < alpha,0.07,0.0180416185526687,,,,,0,0.07,"",200,200,0,0,5.55111512312578e-16,,0,0,477.155
1a,null_link_n500,null,,500,bagoft,BAGofT,block 8,0.1,p < alpha,0.1,0.0212132034355964,,,,,0,0.1,"",200,200,0,0,5.55111512312578e-16,,0,0,477.155
1a,null_link_n500,null,,500,bagoft,EDGE.poly3.u.G10,"battery file, the same replicates",0.01,p <= alpha,0,0,,,,,0,0,"",200,200,0,0,5.55111512312578e-16,,0,0,477.155
1a,null_link_n500,null,,500,bagoft,EDGE.poly3.u.G10,"battery file, the same replicates",0.05,p <= alpha,0.06,0.0167928556237467,,,,,0,0.06,"",200,200,0,0,5.55111512312578e-16,,0,0,477.155
1a,null_link_n500,null,,500,bagoft,EDGE.poly3.u.G10,"battery file, the same replicates",0.1,p <= alpha,0.125,0.0233853586673371,,,,,0,0.125,"",200,200,0,0,5.55111512312578e-16,,0,0,477.155
1a,null_link_n500,null,,500,bagoft,EDGE.poly3.u.Grule,"battery file, the same replicates",0.01,p <= alpha,0.005,0.004987484335815,,,,,0,0.005,"",200,200,0,0,5.55111512312578e-16,,0,0,477.155
1a,null_link_n500,null,,500,bagoft,EDGE.poly3.u.Grule,"battery file, the same replicates",0.05,p <= alpha,0.035,0.012995191418367,,,,,0,0.035,"",200,200,0,0,5.55111512312578e-16,,0,0,477.155
1a,null_link_n500,null,,500,bagoft,EDGE.poly3.u.Grule,"battery file, the same replicates",0.1,p <= alpha,0.09,0.0202361063448481,,,,,0,0.09,"",200,200,0,0,5.55111512312578e-16,,0,0,477.155
1a,null_link_n500,null,,500,bagoft,EDGE.poly3.sc.G10,"battery file, the same replicates",0.01,p <= alpha,0.005,0.004987484335815,,,,,0,0.005,"",200,200,0,0,5.55111512312578e-16,,0,0,477.155
1a,null_link_n500,null,,500,bagoft,EDGE.poly3.sc.G10,"battery file, the same replicates",0.05,p <= alpha,0.045,0.014658615214269,,,,,0,0.045,"",200,200,0,0,5.55111512312578e-16,,0,0,477.155
1a,null_link_n500,null,,500,bagoft,EDGE.poly3.sc.G10,"battery file, the same replicates",0.1,p <= alpha,0.105,0.0216766002869454,,,,,0,0.105,"",200,200,0,0,5.55111512312578e-16,,0,0,477.155
1a,null_link_n500,null,,500,bagoft,EDGE.poly3.sc.Grule,"battery file, the same replicates",0.01,p <= alpha,0,0,,,,,0,0,"",200,200,0,0,5.55111512312578e-16,,0,0,477.155
1a,null_link_n500,null,,500,bagoft,EDGE.poly3.sc.Grule,"battery file, the same replicates",0.05,p <= alpha,0.02,0.00989949493661167,,,,,0,0.02,"",200,200,0,0,5.55111512312578e-16,,0,0,477.155
1a,null_link_n500,null,,500,bagoft,EDGE.poly3.sc.Grule,"battery file, the same replicates",0.1,p <= alpha,0.095,0.0207334271166153,,,,,0,0.095,"",200,200,0,0,5.55111512312578e-16,,0,0,477.155
1a,null_link_n500,null,,500,bagoft,EDGE.sym.u.G10,"battery file, the same replicates",0.01,p <= alpha,0.01,0.00703562363973514,,,,,0,0.01,"",200,200,0,0,5.55111512312578e-16,,0,0,477.155
1a,null_link_n500,null,,500,bagoft,EDGE.sym.u.G10,"battery file, the same replicates",0.05,p <= alpha,0.06,0.0167928556237467,,,,,0,0.06,"",200,200,0,0,5.55111512312578e-16,,0,0,477.155
1a,null_link_n500,null,,500,bagoft,EDGE.sym.u.G10,"battery file, the same replicates",0.1,p <= alpha,0.125,0.0233853586673371,,,,,0,0.125,"",200,200,0,0,5.55111512312578e-16,,0,0,477.155
1a,null_link_n500,null,,500,bagoft,EDGE.sym.u.Grule,"battery file, the same replicates",0.01,p <= alpha,0,0,,,,,0,0,"",200,200,0,0,5.55111512312578e-16,,0,0,477.155
1a,null_link_n500,null,,500,bagoft,EDGE.sym.u.Grule,"battery file, the same replicates",0.05,p <= alpha,0.03,0.0120623380818148,,,,,0,0.03,"",200,200,0,0,5.55111512312578e-16,,0,0,477.155
1a,null_link_n500,null,,500,bagoft,EDGE.sym.u.Grule,"battery file, the same replicates",0.1,p <= alpha,0.075,0.0186245805321892,,,,,0,0.075,"",200,200,0,0,5.55111512312578e-16,,0,0,477.155
1a,null_link_n500,null,,500,bagoft,EDGE.sym.sc.G10,"battery file, the same replicates",0.01,p <= alpha,0.01,0.00703562363973514,,,,,0,0.01,"",200,200,0,0,5.55111512312578e-16,,0,0,477.155
1a,null_link_n500,null,,500,bagoft,EDGE.sym.sc.G10,"battery file, the same replicates",0.05,p <= alpha,0.07,0.0180416185526687,,,,,0,0.07,"",200,200,0,0,5.55111512312578e-16,,0,0,477.155
1a,null_link_n500,null,,500,bagoft,EDGE.sym.sc.G10,"battery file, the same replicates",0.1,p <= alpha,0.135,0.0241635055403805,,,,,0,0.135,"",200,200,0,0,5.55111512312578e-16,,0,0,477.155
1a,null_link_n500,null,,500,bagoft,EDGE.sym.sc.Grule,"battery file, the same replicates",0.01,p <= alpha,0,0,,,,,0,0,"",200,200,0,0,5.55111512312578e-16,,0,0,477.155
1a,null_link_n500,null,,500,bagoft,EDGE.sym.sc.Grule,"battery file, the same replicates",0.05,p <= alpha,0.035,0.012995191418367,,,,,0,0.035,"",200,200,0,0,5.55111512312578e-16,,0,0,477.155
1a,null_link_n500,null,,500,bagoft,EDGE.sym.sc.Grule,"battery file, the same replicates",0.1,p <= alpha,0.08,0.0191833260932509,,,,,0,0.08,"",200,200,0,0,5.55111512312578e-16,,0,0,477.155
1a,null_link_n500,null,,500,bagoft,Stk.joint,"battery file, the same replicates",0.01,p <= alpha,0.005,0.004987484335815,,,,,0,0.005,"",200,200,0,0,5.55111512312578e-16,,0,0,477.155
1a,null_link_n500,null,,500,bagoft,Stk.joint,"battery file, the same replicates",0.05,p <= alpha,0.035,0.012995191418367,,,,,0,0.035,"",200,200,0,0,5.55111512312578e-16,,0,0,477.155
1a,null_link_n500,null,,500,bagoft,Stk.joint,"battery file, the same replicates",0.1,p <= alpha,0.11,0.0221246468898376,,,,,0,0.11,"",200,200,0,0,5.55111512312578e-16,,0,0,477.155
1a,null_link_n500,null,,500,bagoft,GiViTI,"battery file, the same replicates",0.01,p <= alpha,0.015,0.00859505671883554,,,,,0,0.015,"",200,200,0,0,5.55111512312578e-16,,0,0,477.155
1a,null_link_n500,null,,500,bagoft,GiViTI,"battery file, the same replicates",0.05,p <= alpha,0.065,0.0174320107847603,,,,,0,0.065,"",200,200,0,0,5.55111512312578e-16,,0,0,477.155
1a,null_link_n500,null,,500,bagoft,GiViTI,"battery file, the same replicates",0.1,p <= alpha,0.115,0.0225582579114612,,,,,0,0.115,"",200,200,0,0,5.55111512312578e-16,,0,0,477.155
1a,null_link_n1000,null,,1000,bagoft,BAGofT,block 8,0.01,p < alpha,0.03,0.0120623380818148,,,,,0,0.03,"",200,200,0,0,5.55111512312578e-16,,0,0,550.935
1a,null_link_n1000,null,,1000,bagoft,BAGofT,block 8,0.05,p < alpha,0.065,0.0174320107847603,,,,,0,0.065,"",200,200,0,0,5.55111512312578e-16,,0,0,550.935
1a,null_link_n1000,null,,1000,bagoft,BAGofT,block 8,0.1,p < alpha,0.135,0.0241635055403805,,,,,0,0.135,"",200,200,0,0,5.55111512312578e-16,,0,0,550.935
1a,null_link_n1000,null,,1000,bagoft,EDGE.poly3.u.G10,"battery file, the same replicates",0.01,p <= alpha,0.01,0.00703562363973514,,,,,0,0.01,"",200,200,0,0,5.55111512312578e-16,,0,0,550.935
1a,null_link_n1000,null,,1000,bagoft,EDGE.poly3.u.G10,"battery file, the same replicates",0.05,p <= alpha,0.05,0.0154110350074224,,,,,0,0.05,"",200,200,0,0,5.55111512312578e-16,,0,0,550.935
1a,null_link_n1000,null,,1000,bagoft,EDGE.poly3.u.G10,"battery file, the same replicates",0.1,p <= alpha,0.08,0.0191833260932509,,,,,0,0.08,"",200,200,0,0,5.55111512312578e-16,,0,0,550.935
1a,null_link_n1000,null,,1000,bagoft,EDGE.poly3.u.Grule,"battery file, the same replicates",0.01,p <= alpha,0.02,0.00989949493661167,,,,,0,0.02,"",200,200,0,0,5.55111512312578e-16,,0,0,550.935
1a,null_link_n1000,null,,1000,bagoft,EDGE.poly3.u.Grule,"battery file, the same replicates",0.05,p <= alpha,0.055,0.0161206389451535,,,,,0,0.055,"",200,200,0,0,5.55111512312578e-16,,0,0,550.935
1a,null_link_n1000,null,,1000,bagoft,EDGE.poly3.u.Grule,"battery file, the same replicates",0.1,p <= alpha,0.09,0.0202361063448481,,,,,0,0.09,"",200,200,0,0,5.55111512312578e-16,,0,0,550.935
1a,null_link_n1000,null,,1000,bagoft,EDGE.poly3.sc.G10,"battery file, the same replicates",0.01,p <= alpha,0.01,0.00703562363973514,,,,,0,0.01,"",200,200,0,0,5.55111512312578e-16,,0,0,550.935
1a,null_link_n1000,null,,1000,bagoft,EDGE.poly3.sc.G10,"battery file, the same replicates",0.05,p <= alpha,0.06,0.0167928556237467,,,,,0,0.06,"",200,200,0,0,5.55111512312578e-16,,0,0,550.935
1a,null_link_n1000,null,,1000,bagoft,EDGE.poly3.sc.G10,"battery file, the same replicates",0.1,p <= alpha,0.08,0.0191833260932509,,,,,0,0.08,"",200,200,0,0,5.55111512312578e-16,,0,0,550.935
1a,null_link_n1000,null,,1000,bagoft,EDGE.poly3.sc.Grule,"battery file, the same replicates",0.01,p <= alpha,0.015,0.00859505671883554,,,,,0,0.015,"",200,200,0,0,5.55111512312578e-16,,0,0,550.935
1a,null_link_n1000,null,,1000,bagoft,EDGE.poly3.sc.Grule,"battery file, the same replicates",0.05,p <= alpha,0.05,0.0154110350074224,,,,,0,0.05,"",200,200,0,0,5.55111512312578e-16,,0,0,550.935
1a,null_link_n1000,null,,1000,bagoft,EDGE.poly3.sc.Grule,"battery file, the same replicates",0.1,p <= alpha,0.085,0.019719913792915,,,,,0,0.085,"",200,200,0,0,5.55111512312578e-16,,0,0,550.935
1a,null_link_n1000,null,,1000,bagoft,EDGE.sym.u.G10,"battery file, the same replicates",0.01,p <= alpha,0.02,0.00989949493661167,,,,,0,0.02,"",200,200,0,0,5.55111512312578e-16,,0,0,550.935
1a,null_link_n1000,null,,1000,bagoft,EDGE.sym.u.G10,"battery file, the same replicates",0.05,p <= alpha,0.05,0.0154110350074224,,,,,0,0.05,"",200,200,0,0,5.55111512312578e-16,,0,0,550.935
1a,null_link_n1000,null,,1000,bagoft,EDGE.sym.u.G10,"battery file, the same replicates",0.1,p <= alpha,0.08,0.0191833260932509,,,,,0,0.08,"",200,200,0,0,5.55111512312578e-16,,0,0,550.935
1a,null_link_n1000,null,,1000,bagoft,EDGE.sym.u.Grule,"battery file, the same replicates",0.01,p <= alpha,0.01,0.00703562363973514,,,,,0,0.01,"",200,200,0,0,5.55111512312578e-16,,0,0,550.935
1a,null_link_n1000,null,,1000,bagoft,EDGE.sym.u.Grule,"battery file, the same replicates",0.05,p <= alpha,0.055,0.0161206389451535,,,,,0,0.055,"",200,200,0,0,5.55111512312578e-16,,0,0,550.935
1a,null_link_n1000,null,,1000,bagoft,EDGE.sym.u.Grule,"battery file, the same replicates",0.1,p <= alpha,0.09,0.0202361063448481,,,,,0,0.09,"",200,200,0,0,5.55111512312578e-16,,0,0,550.935
1a,null_link_n1000,null,,1000,bagoft,EDGE.sym.sc.G10,"battery file, the same replicates",0.01,p <= alpha,0.03,0.0120623380818148,,,,,0,0.03,"",200,200,0,0,5.55111512312578e-16,,0,0,550.935
1a,null_link_n1000,null,,1000,bagoft,EDGE.sym.sc.G10,"battery file, the same replicates",0.05,p <= alpha,0.045,0.014658615214269,,,,,0,0.045,"",200,200,0,0,5.55111512312578e-16,,0,0,550.935
1a,null_link_n1000,null,,1000,bagoft,EDGE.sym.sc.G10,"battery file, the same replicates",0.1,p <= alpha,0.08,0.0191833260932509,,,,,0,0.08,"",200,200,0,0,5.55111512312578e-16,,0,0,550.935
1a,null_link_n1000,null,,1000,bagoft,EDGE.sym.sc.Grule,"battery file, the same replicates",0.01,p <= alpha,0.01,0.00703562363973514,,,,,0,0.01,"",200,200,0,0,5.55111512312578e-16,,0,0,550.935
1a,null_link_n1000,null,,1000,bagoft,EDGE.sym.sc.Grule,"battery file, the same replicates",0.05,p <= alpha,0.05,0.0154110350074224,,,,,0,0.05,"",200,200,0,0,5.55111512312578e-16,,0,0,550.935
1a,null_link_n1000,null,,1000,bagoft,EDGE.sym.sc.Grule,"battery file, the same replicates",0.1,p <= alpha,0.095,0.0207334271166153,,,,,0,0.095,"",200,200,0,0,5.55111512312578e-16,,0,0,550.935
1a,null_link_n1000,null,,1000,bagoft,Stk.joint,"battery file, the same replicates",0.01,p <= alpha,0.02,0.00989949493661167,,,,,0,0.02,"",200,200,0,0,5.55111512312578e-16,,0,0,550.935
1a,null_link_n1000,null,,1000,bagoft,Stk.joint,"battery file, the same replicates",0.05,p <= alpha,0.05,0.0154110350074224,,,,,0,0.05,"",200,200,0,0,5.55111512312578e-16,,0,0,550.935
1a,null_link_n1000,null,,1000,bagoft,Stk.joint,"battery file, the same replicates",0.1,p <= alpha,0.095,0.0207334271166153,,,,,0,0.095,"",200,200,0,0,5.55111512312578e-16,,0,0,550.935
1a,null_link_n1000,null,,1000,bagoft,GiViTI,"battery file, the same replicates",0.01,p <= alpha,0.025,0.0110397010829098,,,,,0,0.025,"",200,200,0,0,5.55111512312578e-16,,0,0,550.935
1a,null_link_n1000,null,,1000,bagoft,GiViTI,"battery file, the same replicates",0.05,p <= alpha,0.065,0.0174320107847603,,,,,0,0.065,"",200,200,0,0,5.55111512312578e-16,,0,0,550.935
1a,null_link_n1000,null,,1000,bagoft,GiViTI,"battery file, the same replicates",0.1,p <= alpha,0.105,0.0216766002869454,,,,,0,0.105,"",200,200,0,0,5.55111512312578e-16,,0,0,550.935
3,stk_long_n500,alternative,null_link_n500,500,bagoft,BAGofT,block 8,0.01,p < alpha,0.025,0.0110397010829098,0.03,0.01,0.01,0.005,0,0.025,"",200,200,0,0,5.55111512312578e-16,200,0,0,381.195
3,stk_long_n500,alternative,null_link_n500,500,bagoft,BAGofT,block 8,0.05,p < alpha,0.055,0.0161206389451535,0.055,0.04,0.07,0.07,0,0.055,"",200,200,0,0,5.55111512312578e-16,200,0,0,381.195
3,stk_long_n500,alternative,null_link_n500,500,bagoft,BAGofT,block 8,0.1,p < alpha,0.085,0.019719913792915,0.085,0.09,0.1,0.1,0,0.085,"",200,200,0,0,5.55111512312578e-16,200,0,0,381.195
3,stk_long_n500,alternative,null_link_n500,500,bagoft,EDGE.poly3.u.G10,"battery file, the same replicates",0.01,p <= alpha,0.03,0.0120623380818148,0.055,0.0280787092437375,0.01,0,0,0.03,"",200,200,0,0,5.55111512312578e-16,200,0,0,381.195
3,stk_long_n500,alternative,null_link_n500,500,bagoft,EDGE.poly3.u.G10,"battery file, the same replicates",0.05,p <= alpha,0.07,0.0180416185526687,0.07,0.0454101234852754,0.05,0.06,0,0.07,"",200,200,0,0,5.55111512312578e-16,200,0,0,381.195
3,stk_long_n500,alternative,null_link_n500,500,bagoft,EDGE.poly3.u.G10,"battery file, the same replicates",0.1,p <= alpha,0.13,0.0237802439011882,0.095,0.075552672954244,0.1,0.125,0,0.13,"",200,200,0,0,5.55111512312578e-16,200,0,0,381.195
3,stk_long_n500,alternative,null_link_n500,500,bagoft,EDGE.poly3.u.Grule,"battery file, the same replicates",0.01,p <= alpha,0.025,0.0110397010829098,0.035,0.0299986714156325,0.01,0.005,0,0.025,"",200,200,0,0,5.55111512312578e-16,200,0,0,381.195
3,stk_long_n500,alternative,null_link_n500,500,bagoft,EDGE.poly3.u.Grule,"battery file, the same replicates",0.05,p <= alpha,0.07,0.0180416185526687,0.085,0.0617357695612896,0.05,0.035,0,0.07,"",200,200,0,0,5.55111512312578e-16,200,0,0,381.195
3,stk_long_n500,alternative,null_link_n500,500,bagoft,EDGE.poly3.u.Grule,"battery file, the same replicates",0.1,p <= alpha,0.12,0.0229782505861521,0.14,0.11247873537013,0.1,0.09,0,0.12,"",200,200,0,0,5.55111512312578e-16,200,0,0,381.195
3,stk_long_n500,alternative,null_link_n500,500,bagoft,EDGE.poly3.sc.G10,"battery file, the same replicates",0.01,p <= alpha,0.035,0.012995191418367,0.04,0.014277996218998,0.01,0.005,0,0.035,"",200,200,0,0,5.55111512312578e-16,200,0,0,381.195
3,stk_long_n500,alternative,null_link_n500,500,bagoft,EDGE.poly3.sc.G10,"battery file, the same replicates",0.05,p <= alpha,0.085,0.019719913792915,0.09,0.0589571065082901,0.05,0.045,0,0.085,"",200,200,0,0,5.55111512312578e-16,200,0,0,381.195
3,stk_long_n500,alternative,null_link_n500,500,bagoft,EDGE.poly3.sc.G10,"battery file, the same replicates",0.1,p <= alpha,0.13,0.0237802439011882,0.12,0.0917884898968017,0.1,0.105,0,0.13,"",200,200,0,0,5.55111512312578e-16,200,0,0,381.195
3,stk_long_n500,alternative,null_link_n500,500,bagoft,EDGE.poly3.sc.Grule,"battery file, the same replicates",0.01,p <= alpha,0.03,0.0120623380818148,0.035,0.0177524143177004,0.01,0,0,0.03,"",200,200,0,0,5.55111512312578e-16,200,0,0,381.195
3,stk_long_n500,alternative,null_link_n500,500,bagoft,EDGE.poly3.sc.Grule,"battery file, the same replicates",0.05,p <= alpha,0.07,0.0180416185526687,0.08,0.0676151706863997,0.05,0.02,0,0.07,"",200,200,0,0,5.55111512312578e-16,200,0,0,381.195
3,stk_long_n500,alternative,null_link_n500,500,bagoft,EDGE.poly3.sc.Grule,"battery file, the same replicates",0.1,p <= alpha,0.105,0.0216766002869454,0.115,0.101671829391896,0.1,0.095,0,0.105,"",200,200,0,0,5.55111512312578e-16,200,0,0,381.195
3,stk_long_n500,alternative,null_link_n500,500,bagoft,EDGE.sym.u.G10,"battery file, the same replicates",0.01,p <= alpha,0.03,0.0120623380818148,0.03,0.00954465561539948,0.01,0.01,0,0.03,"",200,200,0,0,5.55111512312578e-16,200,0,0,381.195
3,stk_long_n500,alternative,null_link_n500,500,bagoft,EDGE.sym.u.G10,"battery file, the same replicates",0.05,p <= alpha,0.115,0.0225582579114612,0.105,0.0459082226419085,0.05,0.06,0,0.115,"",200,200,0,0,5.55111512312578e-16,200,0,0,381.195
3,stk_long_n500,alternative,null_link_n500,500,bagoft,EDGE.sym.u.G10,"battery file, the same replicates",0.1,p <= alpha,0.145,0.0248972890090468,0.135,0.0765534238071888,0.1,0.125,0,0.145,"",200,200,0,0,5.55111512312578e-16,200,0,0,381.195
3,stk_long_n500,alternative,null_link_n500,500,bagoft,EDGE.sym.u.Grule,"battery file, the same replicates",0.01,p <= alpha,0.035,0.012995191418367,0.055,0.0210742190203532,0.01,0,0,0.035,"",200,200,0,0,5.55111512312578e-16,200,0,0,381.195
3,stk_long_n500,alternative,null_link_n500,500,bagoft,EDGE.sym.u.Grule,"battery file, the same replicates",0.05,p <= alpha,0.07,0.0180416185526687,0.09,0.0664981066986279,0.05,0.03,0,0.07,"",200,200,0,0,5.55111512312578e-16,200,0,0,381.195
3,stk_long_n500,alternative,null_link_n500,500,bagoft,EDGE.sym.u.Grule,"battery file, the same replicates",0.1,p <= alpha,0.14,0.0245356882927706,0.15,0.11462572117965,0.1,0.075,0,0.14,"",200,200,0,0,5.55111512312578e-16,200,0,0,381.195
3,stk_long_n500,alternative,null_link_n500,500,bagoft,EDGE.sym.sc.G10,"battery file, the same replicates",0.01,p <= alpha,0.035,0.012995191418367,0.02,0.00633155299861587,0.01,0.01,0,0.035,"",200,200,0,0,5.55111512312578e-16,200,0,0,381.195
3,stk_long_n500,alternative,null_link_n500,500,bagoft,EDGE.sym.sc.G10,"battery file, the same replicates",0.05,p <= alpha,0.115,0.0225582579114612,0.1,0.0424525606458922,0.05,0.07,0,0.115,"",200,200,0,0,5.55111512312578e-16,200,0,0,381.195
3,stk_long_n500,alternative,null_link_n500,500,bagoft,EDGE.sym.sc.G10,"battery file, the same replicates",0.1,p <= alpha,0.145,0.0248972890090468,0.125,0.0675426153808055,0.1,0.135,0,0.145,"",200,200,0,0,5.55111512312578e-16,200,0,0,381.195
3,stk_long_n500,alternative,null_link_n500,500,bagoft,EDGE.sym.sc.Grule,"battery file, the same replicates",0.01,p <= alpha,0.04,0.013856406460551,0.05,0.0149440470241011,0.01,0,0,0.04,"",200,200,0,0,5.55111512312578e-16,200,0,0,381.195
3,stk_long_n500,alternative,null_link_n500,500,bagoft,EDGE.sym.sc.Grule,"battery file, the same replicates",0.05,p <= alpha,0.065,0.0174320107847603,0.085,0.061962167997012,0.05,0.035,0,0.065,"",200,200,0,0,5.55111512312578e-16,200,0,0,381.195
3,stk_long_n500,alternative,null_link_n500,500,bagoft,EDGE.sym.sc.Grule,"battery file, the same replicates",0.1,p <= alpha,0.135,0.0241635055403805,0.165,0.114978791309265,0.1,0.08,0,0.135,"",200,200,0,0,5.55111512312578e-16,200,0,0,381.195
3,stk_long_n500,alternative,null_link_n500,500,bagoft,Stk.joint,"battery file, the same replicates",0.01,p <= alpha,0.025,0.0110397010829098,0.035,0.0202308516768737,0.01,0.005,0,0.025,"",200,200,0,0,5.55111512312578e-16,200,0,0,381.195
3,stk_long_n500,alternative,null_link_n500,500,bagoft,Stk.joint,"battery file, the same replicates",0.05,p <= alpha,0.07,0.0180416185526687,0.09,0.0618749890373085,0.05,0.035,0,0.07,"",200,200,0,0,5.55111512312578e-16,200,0,0,381.195
3,stk_long_n500,alternative,null_link_n500,500,bagoft,Stk.joint,"battery file, the same replicates",0.1,p <= alpha,0.155,0.0255905255905384,0.145,0.095615909719264,0.1,0.11,0,0.155,"",200,200,0,0,5.55111512312578e-16,200,0,0,381.195
3,stk_long_n500,alternative,null_link_n500,500,bagoft,GiViTI,"battery file, the same replicates",0.01,p <= alpha,0.01,0.00703562363973514,0.01,0.00896243305496935,0.01,0.015,0,0.01,"",200,200,0,0,5.55111512312578e-16,200,0,0,381.195
3,stk_long_n500,alternative,null_link_n500,500,bagoft,GiViTI,"battery file, the same replicates",0.05,p <= alpha,0.055,0.0161206389451535,0.04,0.0346292692429485,0.05,0.065,0,0.055,"",200,200,0,0,5.55111512312578e-16,200,0,0,381.195
3,stk_long_n500,alternative,null_link_n500,500,bagoft,GiViTI,"battery file, the same replicates",0.1,p <= alpha,0.115,0.0225582579114612,0.085,0.0755169621054989,0.1,0.115,0,0.115,"",200,200,0,0,5.55111512312578e-16,200,0,0,381.195
3,stk_long_n1000,alternative,null_link_n1000,1000,bagoft,BAGofT,block 8,0.01,p < alpha,0.025,0.0110397010829098,0.025,0,0.03,0.03,0,0.025,"",200,200,0,0,6.66133814775094e-16,200,0,0,541.715
3,stk_long_n1000,alternative,null_link_n1000,1000,bagoft,BAGofT,block 8,0.05,p < alpha,0.07,0.0180416185526687,0.06,0.03,0.05,0.065,0,0.07,"",200,200,0,0,6.66133814775094e-16,200,0,0,541.715
3,stk_long_n1000,alternative,null_link_n1000,1000,bagoft,BAGofT,block 8,0.1,p < alpha,0.135,0.0241635055403805,0.095,0.06,0.1,0.135,0,0.135,"",200,200,0,0,6.66133814775094e-16,200,0,0,541.715
3,stk_long_n1000,alternative,null_link_n1000,1000,bagoft,EDGE.poly3.u.G10,"battery file, the same replicates",0.01,p <= alpha,0.035,0.012995191418367,0.025,0.00722930086285989,0.01,0.01,0,0.035,"",200,200,0,0,6.66133814775094e-16,200,0,0,541.715
3,stk_long_n1000,alternative,null_link_n1000,1000,bagoft,EDGE.poly3.u.G10,"battery file, the same replicates",0.05,p <= alpha,0.13,0.0237802439011882,0.095,0.0332729453947925,0.05,0.05,0,0.13,"",200,200,0,0,6.66133814775094e-16,200,0,0,541.715
3,stk_long_n1000,alternative,null_link_n1000,1000,bagoft,EDGE.poly3.u.G10,"battery file, the same replicates",0.1,p <= alpha,0.2,0.0282842712474619,0.28,0.133496226003488,0.1,0.08,0,0.2,"",200,200,0,0,6.66133814775094e-16,200,0,0,541.715
3,stk_long_n1000,alternative,null_link_n1000,1000,bagoft,EDGE.poly3.u.Grule,"battery file, the same replicates",0.01,p <= alpha,0.025,0.0110397010829098,0.015,0.0012526888976544,0.01,0.02,0,0.025,"",200,200,0,0,6.66133814775094e-16,200,0,0,541.715
3,stk_long_n1000,alternative,null_link_n1000,1000,bagoft,EDGE.poly3.u.Grule,"battery file, the same replicates",0.05,p <= alpha,0.16,0.0259229627936314,0.15,0.0417427013495348,0.05,0.055,0,0.16,"",200,200,0,0,6.66133814775094e-16,200,0,0,541.715
3,stk_long_n1000,alternative,null_link_n1000,1000,bagoft,EDGE.poly3.u.Grule,"battery file, the same replicates",0.1,p <= alpha,0.22,0.0292916370317536,0.24,0.116212514476595,0.1,0.09,0,0.22,"",200,200,0,0,6.66133814775094e-16,200,0,0,541.715
3,stk_long_n1000,alternative,null_link_n1000,1000,bagoft,EDGE.poly3.sc.G10,"battery file, the same replicates",0.01,p <= alpha,0.025,0.0110397010829098,0.015,0.00597011589891744,0.01,0.01,0,0.025,"",200,200,0,0,6.66133814775094e-16,200,0,0,541.715
3,stk_long_n1000,alternative,null_link_n1000,1000,bagoft,EDGE.poly3.sc.G10,"battery file, the same replicates",0.05,p <= alpha,0.105,0.0216766002869454,0.09,0.0399314236995704,0.05,0.06,0,0.105,"",200,200,0,0,6.66133814775094e-16,200,0,0,541.715
3,stk_long_n1000,alternative,null_link_n1000,1000,bagoft,EDGE.poly3.sc.G10,"battery file, the same replicates",0.1,p <= alpha,0.18,0.0271661554144123,0.205,0.117940609402988,0.1,0.08,0,0.18,"",200,200,0,0,6.66133814775094e-16,200,0,0,541.715
3,stk_long_n1000,alternative,null_link_n1000,1000,bagoft,EDGE.poly3.sc.Grule,"battery file, the same replicates",0.01,p <= alpha,0.025,0.0110397010829098,0.01,0.00253650605809873,0.01,0.015,0,0.025,"",200,200,0,0,6.66133814775094e-16,200,0,0,541.715
3,stk_long_n1000,alternative,null_link_n1000,1000,bagoft,EDGE.poly3.sc.Grule,"battery file, the same replicates",0.05,p <= alpha,0.135,0.0241635055403805,0.085,0.0363870154070478,0.05,0.05,0,0.135,"",200,200,0,0,6.66133814775094e-16,200,0,0,541.715
3,stk_long_n1000,alternative,null_link_n1000,1000,bagoft,EDGE.poly3.sc.Grule,"battery file, the same replicates",0.1,p <= alpha,0.215,0.0290495266742851,0.225,0.108412572738959,0.1,0.085,0,0.215,"",200,200,0,0,6.66133814775094e-16,200,0,0,541.715
3,stk_long_n1000,alternative,null_link_n1000,1000,bagoft,EDGE.sym.u.G10,"battery file, the same replicates",0.01,p <= alpha,0.055,0.0161206389451535,0.02,0.00480785681175009,0.01,0.02,0,0.055,"",200,200,0,0,6.66133814775094e-16,200,0,0,541.715
3,stk_long_n1000,alternative,null_link_n1000,1000,bagoft,EDGE.sym.u.G10,"battery file, the same replicates",0.05,p <= alpha,0.135,0.0241635055403805,0.13,0.0466118320864363,0.05,0.05,0,0.135,"",200,200,0,0,6.66133814775094e-16,200,0,0,541.715
3,stk_long_n1000,alternative,null_link_n1000,1000,bagoft,EDGE.sym.u.G10,"battery file, the same replicates",0.1,p <= alpha,0.245,0.0304117575947198,0.265,0.113797772738363,0.1,0.08,0,0.245,"",200,200,0,0,6.66133814775094e-16,200,0,0,541.715
3,stk_long_n1000,alternative,null_link_n1000,1000,bagoft,EDGE.sym.u.Grule,"battery file, the same replicates",0.01,p <= alpha,0.055,0.0161206389451535,0.015,0.00328353914449676,0.01,0.01,0,0.055,"",200,200,0,0,6.66133814775094e-16,200,0,0,541.715
3,stk_long_n1000,alternative,null_link_n1000,1000,bagoft,EDGE.sym.u.Grule,"battery file, the same replicates",0.05,p <= alpha,0.21,0.0288010416478293,0.19,0.0442236324062439,0.05,0.055,0,0.21,"",200,200,0,0,6.66133814775094e-16,200,0,0,541.715
3,stk_long_n1000,alternative,null_link_n1000,1000,bagoft,EDGE.sym.u.Grule,"battery file, the same replicates",0.1,p <= alpha,0.28,0.0317490157327751,0.29,0.108480802573473,0.1,0.09,0,0.28,"",200,200,0,0,6.66133814775094e-16,200,0,0,541.715
3,stk_long_n1000,alternative,null_link_n1000,1000,bagoft,EDGE.sym.sc.G10,"battery file, the same replicates",0.01,p <= alpha,0.04,0.013856406460551,0.015,0.00434730700989427,0.01,0.03,0,0.04,"",200,200,0,0,6.66133814775094e-16,200,0,0,541.715
3,stk_long_n1000,alternative,null_link_n1000,1000,bagoft,EDGE.sym.sc.G10,"battery file, the same replicates",0.05,p <= alpha,0.13,0.0237802439011882,0.13,0.0522588585203929,0.05,0.045,0,0.13,"",200,200,0,0,6.66133814775094e-16,200,0,0,541.715
3,stk_long_n1000,alternative,null_link_n1000,1000,bagoft,EDGE.sym.sc.G10,"battery file, the same replicates",0.1,p <= alpha,0.23,0.029757352032733,0.26,0.118572738140579,0.1,0.08,0,0.23,"",200,200,0,0,6.66133814775094e-16,200,0,0,541.715
3,stk_long_n1000,alternative,null_link_n1000,1000,bagoft,EDGE.sym.sc.Grule,"battery file, the same replicates",0.01,p <= alpha,0.055,0.0161206389451535,0.045,0.00839344571775576,0.01,0.01,0,0.055,"",200,200,0,0,6.66133814775094e-16,200,0,0,541.715
3,stk_long_n1000,alternative,null_link_n1000,1000,bagoft,EDGE.sym.sc.Grule,"battery file, the same replicates",0.05,p <= alpha,0.205,0.0285460154837764,0.19,0.0460294199797313,0.05,0.05,0,0.205,"",200,200,0,0,6.66133814775094e-16,200,0,0,541.715
3,stk_long_n1000,alternative,null_link_n1000,1000,bagoft,EDGE.sym.sc.Grule,"battery file, the same replicates",0.1,p <= alpha,0.285,0.0319198214280719,0.29,0.104671807084823,0.1,0.095,0,0.285,"",200,200,0,0,6.66133814775094e-16,200,0,0,541.715
3,stk_long_n1000,alternative,null_link_n1000,1000,bagoft,Stk.joint,"battery file, the same replicates",0.01,p <= alpha,0.03,0.0120623380818148,0.01,0.00138708131138406,0.01,0.02,0,0.03,"",200,200,0,0,6.66133814775094e-16,200,0,0,541.715
3,stk_long_n1000,alternative,null_link_n1000,1000,bagoft,Stk.joint,"battery file, the same replicates",0.05,p <= alpha,0.165,0.0262464283284412,0.155,0.0430468526002555,0.05,0.05,0,0.165,"",200,200,0,0,6.66133814775094e-16,200,0,0,541.715
3,stk_long_n1000,alternative,null_link_n1000,1000,bagoft,Stk.joint,"battery file, the same replicates",0.1,p <= alpha,0.24,0.030199337741083,0.24,0.10274172853085,0.1,0.095,0,0.24,"",200,200,0,0,6.66133814775094e-16,200,0,0,541.715
3,stk_long_n1000,alternative,null_link_n1000,1000,bagoft,GiViTI,"battery file, the same replicates",0.01,p <= alpha,0.03,0.0120623380818148,0.005,0.00407751318145588,0.01,0.025,0,0.03,"",200,200,0,0,6.66133814775094e-16,200,0,0,541.715
3,stk_long_n1000,alternative,null_link_n1000,1000,bagoft,GiViTI,"battery file, the same replicates",0.05,p <= alpha,0.065,0.0174320107847603,0.055,0.0342302202847667,0.05,0.065,0,0.065,"",200,200,0,0,6.66133814775094e-16,200,0,0,541.715
3,stk_long_n1000,alternative,null_link_n1000,1000,bagoft,GiViTI,"battery file, the same replicates",0.1,p <= alpha,0.13,0.0237802439011882,0.095,0.0779912747473989,0.1,0.105,0,0.13,"",200,200,0,0,6.66133814775094e-16,200,0,0,541.715
3,stk_short_n500,alternative,null_link_n500,500,bagoft,BAGofT,block 8,0.01,p < alpha,0.03,0.0120623380818148,0.045,0.01,0.01,0.005,0,0.03,"",200,200,0,0,5.55111512312578e-16,200,0,0,380.845
3,stk_short_n500,alternative,null_link_n500,500,bagoft,BAGofT,block 8,0.05,p < alpha,0.095,0.0207334271166153,0.095,0.04,0.07,0.07,0,0.095,"",200,200,0,0,5.55111512312578e-16,200,0,0,380.845
3,stk_short_n500,alternative,null_link_n500,500,bagoft,BAGofT,block 8,0.1,p < alpha,0.185,0.0274567842253968,0.185,0.09,0.1,0.1,0,0.185,"",200,200,0,0,5.55111512312578e-16,200,0,0,380.845
3,stk_short_n500,alternative,null_link_n500,500,bagoft,EDGE.poly3.u.G10,"battery file, the same replicates",0.01,p <= alpha,0.17,0.0265612499705869,0.305,0.0280787092437375,0.01,0,0,0.17,"",200,200,0,0,5.55111512312578e-16,200,0,0,380.845
3,stk_short_n500,alternative,null_link_n500,500,bagoft,EDGE.poly3.u.G10,"battery file, the same replicates",0.05,p <= alpha,0.415,0.0348407089480108,0.38,0.0454101234852754,0.05,0.06,0,0.415,"",200,200,0,0,5.55111512312578e-16,200,0,0,380.845
3,stk_short_n500,alternative,null_link_n500,500,bagoft,EDGE.poly3.u.G10,"battery file, the same replicates",0.1,p <= alpha,0.555,0.0351407882666283,0.52,0.075552672954244,0.1,0.125,0,0.555,"",200,200,0,0,5.55111512312578e-16,200,0,0,380.845
3,stk_short_n500,alternative,null_link_n500,500,bagoft,EDGE.poly3.u.Grule,"battery file, the same replicates",0.01,p <= alpha,0.195,0.0280156206427771,0.37,0.0299986714156325,0.01,0.005,0,0.195,"",200,200,0,0,5.55111512312578e-16,200,0,0,380.845
3,stk_short_n500,alternative,null_link_n500,500,bagoft,EDGE.poly3.u.Grule,"battery file, the same replicates",0.05,p <= alpha,0.425,0.0349553286352739,0.53,0.0617357695612896,0.05,0.035,0,0.425,"",200,200,0,0,5.55111512312578e-16,200,0,0,380.845
3,stk_short_n500,alternative,null_link_n500,500,bagoft,EDGE.poly3.u.Grule,"battery file, the same replicates",0.1,p <= alpha,0.62,0.034322004603461,0.635,0.11247873537013,0.1,0.09,0,0.62,"",200,200,0,0,5.55111512312578e-16,200,0,0,380.845
3,stk_short_n500,alternative,null_link_n500,500,bagoft,EDGE.poly3.sc.G10,"battery file, the same replicates",0.01,p <= alpha,0.155,0.0255905255905384,0.175,0.014277996218998,0.01,0.005,0,0.155,"",200,200,0,0,5.55111512312578e-16,200,0,0,380.845
3,stk_short_n500,alternative,null_link_n500,500,bagoft,EDGE.poly3.sc.G10,"battery file, the same replicates",0.05,p <= alpha,0.365,0.0340422531569225,0.385,0.0589571065082901,0.05,0.045,0,0.365,"",200,200,0,0,5.55111512312578e-16,200,0,0,380.845
3,stk_short_n500,alternative,null_link_n500,500,bagoft,EDGE.poly3.sc.G10,"battery file, the same replicates",0.1,p <= alpha,0.48,0.0353270434653114,0.47,0.0917884898968017,0.1,0.105,0,0.48,"",200,200,0,0,5.55111512312578e-16,200,0,0,380.845
3,stk_short_n500,alternative,null_link_n500,500,bagoft,EDGE.poly3.sc.Grule,"battery file, the same replicates",0.01,p <= alpha,0.155,0.0255905255905384,0.24,0.0177524143177004,0.01,0,0,0.155,"",200,200,0,0,5.55111512312578e-16,200,0,0,380.845
3,stk_short_n500,alternative,null_link_n500,500,bagoft,EDGE.poly3.sc.Grule,"battery file, the same replicates",0.05,p <= alpha,0.405,0.0347113093962184,0.445,0.0676151706863997,0.05,0.02,0,0.405,"",200,200,0,0,5.55111512312578e-16,200,0,0,380.845
3,stk_short_n500,alternative,null_link_n500,500,bagoft,EDGE.poly3.sc.Grule,"battery file, the same replicates",0.1,p <= alpha,0.505,0.035353571248178,0.51,0.101671829391896,0.1,0.095,0,0.505,"",200,200,0,0,5.55111512312578e-16,200,0,0,380.845
3,stk_short_n500,alternative,null_link_n500,500,bagoft,EDGE.sym.u.G10,"battery file, the same replicates",0.01,p <= alpha,0.1,0.0212132034355964,0.1,0.00954465561539948,0.01,0.01,0,0.1,"",200,200,0,0,5.55111512312578e-16,200,0,0,380.845
3,stk_short_n500,alternative,null_link_n500,500,bagoft,EDGE.sym.u.G10,"battery file, the same replicates",0.05,p <= alpha,0.375,0.0342326598440729,0.335,0.0459082226419085,0.05,0.06,0,0.375,"",200,200,0,0,5.55111512312578e-16,200,0,0,380.845
3,stk_short_n500,alternative,null_link_n500,500,bagoft,EDGE.sym.u.G10,"battery file, the same replicates",0.1,p <= alpha,0.575,0.0349553286352739,0.435,0.0765534238071888,0.1,0.125,0,0.575,"",200,200,0,0,5.55111512312578e-16,200,0,0,380.845
3,stk_short_n500,alternative,null_link_n500,500,bagoft,EDGE.sym.u.Grule,"battery file, the same replicates",0.01,p <= alpha,0.095,0.0207334271166153,0.195,0.0210742190203532,0.01,0,0,0.095,"",200,200,0,0,5.55111512312578e-16,200,0,0,380.845
3,stk_short_n500,alternative,null_link_n500,500,bagoft,EDGE.sym.u.Grule,"battery file, the same replicates",0.05,p <= alpha,0.405,0.0347113093962184,0.495,0.0664981066986279,0.05,0.03,0,0.405,"",200,200,0,0,5.55111512312578e-16,200,0,0,380.845
3,stk_short_n500,alternative,null_link_n500,500,bagoft,EDGE.sym.u.Grule,"battery file, the same replicates",0.1,p <= alpha,0.6,0.0346410161513775,0.655,0.11462572117965,0.1,0.075,0,0.6,"",200,200,0,0,5.55111512312578e-16,200,0,0,380.845
3,stk_short_n500,alternative,null_link_n500,500,bagoft,EDGE.sym.sc.G10,"battery file, the same replicates",0.01,p <= alpha,0.195,0.0280156206427771,0.17,0.00633155299861587,0.01,0.01,0,0.195,"",200,200,0,0,5.55111512312578e-16,200,0,0,380.845
3,stk_short_n500,alternative,null_link_n500,500,bagoft,EDGE.sym.sc.G10,"battery file, the same replicates",0.05,p <= alpha,0.415,0.0348407089480108,0.37,0.0424525606458922,0.05,0.07,0,0.415,"",200,200,0,0,5.55111512312578e-16,200,0,0,380.845
3,stk_short_n500,alternative,null_link_n500,500,bagoft,EDGE.sym.sc.G10,"battery file, the same replicates",0.1,p <= alpha,0.56,0.0350998575495685,0.47,0.0675426153808055,0.1,0.135,0,0.56,"",200,200,0,0,5.55111512312578e-16,200,0,0,380.845
3,stk_short_n500,alternative,null_link_n500,500,bagoft,EDGE.sym.sc.Grule,"battery file, the same replicates",0.01,p <= alpha,0.24,0.030199337741083,0.305,0.0149440470241011,0.01,0,0,0.24,"",200,200,0,0,5.55111512312578e-16,200,0,0,380.845
3,stk_short_n500,alternative,null_link_n500,500,bagoft,EDGE.sym.sc.Grule,"battery file, the same replicates",0.05,p <= alpha,0.505,0.035353571248178,0.555,0.061962167997012,0.05,0.035,0,0.505,"",200,200,0,0,5.55111512312578e-16,200,0,0,380.845
3,stk_short_n500,alternative,null_link_n500,500,bagoft,EDGE.sym.sc.Grule,"battery file, the same replicates",0.1,p <= alpha,0.675,0.0331191032487294,0.695,0.114978791309265,0.1,0.08,0,0.675,"",200,200,0,0,5.55111512312578e-16,200,0,0,380.845
3,stk_short_n500,alternative,null_link_n500,500,bagoft,Stk.joint,"battery file, the same replicates",0.01,p <= alpha,0.175,0.0268677315752558,0.255,0.0202308516768737,0.01,0.005,0,0.175,"",200,200,0,0,5.55111512312578e-16,200,0,0,380.845
3,stk_short_n500,alternative,null_link_n500,500,bagoft,Stk.joint,"battery file, the same replicates",0.05,p <= alpha,0.435,0.0350553134346279,0.495,0.0618749890373085,0.05,0.035,0,0.435,"",200,200,0,0,5.55111512312578e-16,200,0,0,380.845
3,stk_short_n500,alternative,null_link_n500,500,bagoft,Stk.joint,"battery file, the same replicates",0.1,p <= alpha,0.595,0.0347113093962184,0.585,0.095615909719264,0.1,0.11,0,0.595,"",200,200,0,0,5.55111512312578e-16,200,0,0,380.845
3,stk_short_n500,alternative,null_link_n500,500,bagoft,GiViTI,"battery file, the same replicates",0.01,p <= alpha,0.125,0.0233853586673371,0.125,0.00896243305496935,0.01,0.015,0,0.125,"",200,200,0,0,5.55111512312578e-16,200,0,0,380.845
3,stk_short_n500,alternative,null_link_n500,500,bagoft,GiViTI,"battery file, the same replicates",0.05,p <= alpha,0.255,0.0308200421803735,0.215,0.0346292692429485,0.05,0.065,0,0.255,"",200,200,0,0,5.55111512312578e-16,200,0,0,380.845
3,stk_short_n500,alternative,null_link_n500,500,bagoft,GiViTI,"battery file, the same replicates",0.1,p <= alpha,0.345,0.0336136133136561,0.31,0.0755169621054989,0.1,0.115,0,0.345,"",200,200,0,0,5.55111512312578e-16,200,0,0,380.845
3,stk_short_n1000,alternative,null_link_n1000,1000,bagoft,BAGofT,block 8,0.01,p < alpha,0.12,0.0229782505861521,0.12,0,0.03,0.03,0,0.12,"",200,200,0,0,4.71844785465692e-16,200,0,0,547.379999999999
3,stk_short_n1000,alternative,null_link_n1000,1000,bagoft,BAGofT,block 8,0.05,p < alpha,0.27,0.0313926743046845,0.25,0.03,0.05,0.065,0,0.27,"",200,200,0,0,4.71844785465692e-16,200,0,0,547.379999999999
3,stk_short_n1000,alternative,null_link_n1000,1000,bagoft,BAGofT,block 8,0.1,p < alpha,0.365,0.0340422531569225,0.32,0.06,0.1,0.135,0,0.365,"",200,200,0,0,4.71844785465692e-16,200,0,0,547.379999999999
3,stk_short_n1000,alternative,null_link_n1000,1000,bagoft,EDGE.poly3.u.G10,"battery file, the same replicates",0.01,p <= alpha,0.635,0.0340422531569225,0.595,0.00722930086285989,0.01,0.01,0,0.635,"",200,200,0,0,4.71844785465692e-16,200,0,0,547.379999999999
3,stk_short_n1000,alternative,null_link_n1000,1000,bagoft,EDGE.poly3.u.G10,"battery file, the same replicates",0.05,p <= alpha,0.83,0.0265612499705869,0.785,0.0332729453947925,0.05,0.05,0,0.83,"",200,200,0,0,4.71844785465692e-16,200,0,0,547.379999999999
3,stk_short_n1000,alternative,null_link_n1000,1000,bagoft,EDGE.poly3.u.G10,"battery file, the same replicates",0.1,p <= alpha,0.905,0.0207334271166153,0.925,0.133496226003488,0.1,0.08,0,0.905,"",200,200,0,0,4.71844785465692e-16,200,0,0,547.379999999999
3,stk_short_n1000,alternative,null_link_n1000,1000,bagoft,EDGE.poly3.u.Grule,"battery file, the same replicates",0.01,p <= alpha,0.695,0.0325557214633619,0.38,0.0012526888976544,0.01,0.02,0,0.695,"",200,200,0,0,4.71844785465692e-16,200,0,0,547.379999999999
3,stk_short_n1000,alternative,null_link_n1000,1000,bagoft,EDGE.poly3.u.Grule,"battery file, the same replicates",0.05,p <= alpha,0.91,0.0202361063448481,0.88,0.0417427013495348,0.05,0.055,0,0.91,"",200,200,0,0,4.71844785465692e-16,200,0,0,547.379999999999
3,stk_short_n1000,alternative,null_link_n1000,1000,bagoft,EDGE.poly3.u.Grule,"battery file, the same replicates",0.1,p <= alpha,0.96,0.013856406460551,0.965,0.116212514476595,0.1,0.09,0,0.96,"",200,200,0,0,4.71844785465692e-16,200,0,0,547.379999999999
3,stk_short_n1000,alternative,null_link_n1000,1000,bagoft,EDGE.poly3.sc.G10,"battery file, the same replicates",0.01,p <= alpha,0.485,0.0353394255754108,0.435,0.00597011589891744,0.01,0.01,0,0.485,"",200,200,0,0,4.71844785465692e-16,200,0,0,547.379999999999
3,stk_short_n1000,alternative,null_link_n1000,1000,bagoft,EDGE.poly3.sc.G10,"battery file, the same replicates",0.05,p <= alpha,0.71,0.0320858224142689,0.705,0.0399314236995704,0.05,0.06,0,0.71,"",200,200,0,0,4.71844785465692e-16,200,0,0,547.379999999999
3,stk_short_n1000,alternative,null_link_n1000,1000,bagoft,EDGE.poly3.sc.G10,"battery file, the same replicates",0.1,p <= alpha,0.785,0.0290495266742851,0.82,0.117940609402988,0.1,0.08,0,0.785,"",200,200,0,0,4.71844785465692e-16,200,0,0,547.379999999999
3,stk_short_n1000,alternative,null_link_n1000,1000,bagoft,EDGE.poly3.sc.Grule,"battery file, the same replicates",0.01,p <= alpha,0.54,0.0352420203734122,0.365,0.00253650605809873,0.01,0.015,0,0.54,"",200,200,0,0,4.71844785465692e-16,200,0,0,547.379999999999
3,stk_short_n1000,alternative,null_link_n1000,1000,bagoft,EDGE.poly3.sc.Grule,"battery file, the same replicates",0.05,p <= alpha,0.835,0.0262464283284412,0.785,0.0363870154070478,0.05,0.05,0,0.835,"",200,200,0,0,4.71844785465692e-16,200,0,0,547.379999999999
3,stk_short_n1000,alternative,null_link_n1000,1000,bagoft,EDGE.poly3.sc.Grule,"battery file, the same replicates",0.1,p <= alpha,0.9,0.0212132034355964,0.915,0.108412572738959,0.1,0.085,0,0.9,"",200,200,0,0,4.71844785465692e-16,200,0,0,547.379999999999
3,stk_short_n1000,alternative,null_link_n1000,1000,bagoft,EDGE.sym.u.G10,"battery file, the same replicates",0.01,p <= alpha,0.565,0.0350553134346279,0.44,0.00480785681175009,0.01,0.02,0,0.565,"",200,200,0,0,4.71844785465692e-16,200,0,0,547.379999999999
3,stk_short_n1000,alternative,null_link_n1000,1000,bagoft,EDGE.sym.u.G10,"battery file, the same replicates",0.05,p <= alpha,0.84,0.0259229627936314,0.835,0.0466118320864363,0.05,0.05,0,0.84,"",200,200,0,0,4.71844785465692e-16,200,0,0,547.379999999999
3,stk_short_n1000,alternative,null_link_n1000,1000,bagoft,EDGE.sym.u.G10,"battery file, the same replicates",0.1,p <= alpha,0.9,0.0212132034355964,0.925,0.113797772738363,0.1,0.08,0,0.9,"",200,200,0,0,4.71844785465692e-16,200,0,0,547.379999999999
3,stk_short_n1000,alternative,null_link_n1000,1000,bagoft,EDGE.sym.u.Grule,"battery file, the same replicates",0.01,p <= alpha,0.625,0.0342326598440729,0.365,0.00328353914449676,0.01,0.01,0,0.625,"",200,200,0,0,4.71844785465692e-16,200,0,0,547.379999999999
3,stk_short_n1000,alternative,null_link_n1000,1000,bagoft,EDGE.sym.u.Grule,"battery file, the same replicates",0.05,p <= alpha,0.9,0.0212132034355964,0.87,0.0442236324062439,0.05,0.055,0,0.9,"",200,200,0,0,4.71844785465692e-16,200,0,0,547.379999999999
3,stk_short_n1000,alternative,null_link_n1000,1000,bagoft,EDGE.sym.u.Grule,"battery file, the same replicates",0.1,p <= alpha,0.955,0.0146586152142691,0.96,0.108480802573473,0.1,0.09,0,0.955,"",200,200,0,0,4.71844785465692e-16,200,0,0,547.379999999999
3,stk_short_n1000,alternative,null_link_n1000,1000,bagoft,EDGE.sym.sc.G10,"battery file, the same replicates",0.01,p <= alpha,0.625,0.0342326598440729,0.495,0.00434730700989427,0.01,0.03,0,0.625,"",200,200,0,0,4.71844785465692e-16,200,0,0,547.379999999999
3,stk_short_n1000,alternative,null_link_n1000,1000,bagoft,EDGE.sym.sc.G10,"battery file, the same replicates",0.05,p <= alpha,0.82,0.0271661554144123,0.83,0.0522588585203929,0.05,0.045,0,0.82,"",200,200,0,0,4.71844785465692e-16,200,0,0,547.379999999999
3,stk_short_n1000,alternative,null_link_n1000,1000,bagoft,EDGE.sym.sc.G10,"battery file, the same replicates",0.1,p <= alpha,0.88,0.0229782505861521,0.89,0.118572738140579,0.1,0.08,0,0.88,"",200,200,0,0,4.71844785465692e-16,200,0,0,547.379999999999
3,stk_short_n1000,alternative,null_link_n1000,1000,bagoft,EDGE.sym.sc.Grule,"battery file, the same replicates",0.01,p <= alpha,0.8,0.0282842712474619,0.77,0.00839344571775576,0.01,0.01,0,0.8,"",200,200,0,0,4.71844785465692e-16,200,0,0,547.379999999999
3,stk_short_n1000,alternative,null_link_n1000,1000,bagoft,EDGE.sym.sc.Grule,"battery file, the same replicates",0.05,p <= alpha,0.94,0.0167928556237467,0.94,0.0460294199797313,0.05,0.05,0,0.94,"",200,200,0,0,4.71844785465692e-16,200,0,0,547.379999999999
3,stk_short_n1000,alternative,null_link_n1000,1000,bagoft,EDGE.sym.sc.Grule,"battery file, the same replicates",0.1,p <= alpha,0.965,0.012995191418367,0.97,0.104671807084823,0.1,0.095,0,0.965,"",200,200,0,0,4.71844785465692e-16,200,0,0,547.379999999999
3,stk_short_n1000,alternative,null_link_n1000,1000,bagoft,Stk.joint,"battery file, the same replicates",0.01,p <= alpha,0.675,0.0331191032487294,0.325,0.00138708131138406,0.01,0.02,0,0.675,"",200,200,0,0,4.71844785465692e-16,200,0,0,547.379999999999
3,stk_short_n1000,alternative,null_link_n1000,1000,bagoft,Stk.joint,"battery file, the same replicates",0.05,p <= alpha,0.905,0.0207334271166153,0.88,0.0430468526002555,0.05,0.05,0,0.905,"",200,200,0,0,4.71844785465692e-16,200,0,0,547.379999999999
3,stk_short_n1000,alternative,null_link_n1000,1000,bagoft,Stk.joint,"battery file, the same replicates",0.1,p <= alpha,0.965,0.012995191418367,0.965,0.10274172853085,0.1,0.095,0,0.965,"",200,200,0,0,4.71844785465692e-16,200,0,0,547.379999999999
3,stk_short_n1000,alternative,null_link_n1000,1000,bagoft,GiViTI,"battery file, the same replicates",0.01,p <= alpha,0.46,0.0352420203734122,0.365,0.00407751318145588,0.01,0.025,0,0.46,"",200,200,0,0,4.71844785465692e-16,200,0,0,547.379999999999
3,stk_short_n1000,alternative,null_link_n1000,1000,bagoft,GiViTI,"battery file, the same replicates",0.05,p <= alpha,0.69,0.0327032108515357,0.63,0.0342302202847667,0.05,0.065,0,0.69,"",200,200,0,0,4.71844785465692e-16,200,0,0,547.379999999999
3,stk_short_n1000,alternative,null_link_n1000,1000,bagoft,GiViTI,"battery file, the same replicates",0.1,p <= alpha,0.815,0.0274567842253968,0.76,0.0779912747473989,0.1,0.105,0,0.815,"",200,200,0,0,4.71844785465692e-16,200,0,0,547.379999999999
3,stk_asym_n500,alternative,null_link_n500,500,bagoft,BAGofT,block 8,0.01,p < alpha,0.295,0.0322470928922283,0.415,0.01,0.01,0.005,0,0.295,"",200,200,0,0,3.88578058618805e-16,200,0,0,373.295000000006
3,stk_asym_n500,alternative,null_link_n500,500,bagoft,BAGofT,block 8,0.05,p < alpha,0.535,0.0352686121076518,0.535,0.04,0.07,0.07,0,0.535,"",200,200,0,0,3.88578058618805e-16,200,0,0,373.295000000006
3,stk_asym_n500,alternative,null_link_n500,500,bagoft,BAGofT,block 8,0.1,p < alpha,0.665,0.0333747659167821,0.665,0.09,0.1,0.1,0,0.665,"",200,200,0,0,3.88578058618805e-16,200,0,0,373.295000000006
3,stk_asym_n500,alternative,null_link_n500,500,bagoft,EDGE.poly3.u.G10,"battery file, the same replicates",0.01,p <= alpha,0.78,0.0292916370317536,0.885,0.0280787092437375,0.01,0,0,0.78,"",200,200,0,0,3.88578058618805e-16,200,0,0,373.295000000006
3,stk_asym_n500,alternative,null_link_n500,500,bagoft,EDGE.poly3.u.G10,"battery file, the same replicates",0.05,p <= alpha,0.915,0.019719913792915,0.905,0.0454101234852754,0.05,0.06,0,0.915,"",200,200,0,0,3.88578058618805e-16,200,0,0,373.295000000006
3,stk_asym_n500,alternative,null_link_n500,500,bagoft,EDGE.poly3.u.G10,"battery file, the same replicates",0.1,p <= alpha,0.96,0.013856406460551,0.95,0.075552672954244,0.1,0.125,0,0.96,"",200,200,0,0,3.88578058618805e-16,200,0,0,373.295000000006
3,stk_asym_n500,alternative,null_link_n500,500,bagoft,EDGE.poly3.u.Grule,"battery file, the same replicates",0.01,p <= alpha,0.79,0.0288010416478293,0.905,0.0299986714156325,0.01,0.005,0,0.79,"",200,200,0,0,3.88578058618805e-16,200,0,0,373.295000000006
3,stk_asym_n500,alternative,null_link_n500,500,bagoft,EDGE.poly3.u.Grule,"battery file, the same replicates",0.05,p <= alpha,0.935,0.0174320107847603,0.94,0.0617357695612896,0.05,0.035,0,0.935,"",200,200,0,0,3.88578058618805e-16,200,0,0,373.295000000006
3,stk_asym_n500,alternative,null_link_n500,500,bagoft,EDGE.poly3.u.Grule,"battery file, the same replicates",0.1,p <= alpha,0.965,0.012995191418367,0.965,0.11247873537013,0.1,0.09,0,0.965,"",200,200,0,0,3.88578058618805e-16,200,0,0,373.295000000006
3,stk_asym_n500,alternative,null_link_n500,500,bagoft,EDGE.poly3.sc.G10,"battery file, the same replicates",0.01,p <= alpha,0.68,0.0329848450049413,0.72,0.014277996218998,0.01,0.005,0,0.68,"",200,200,0,0,3.88578058618805e-16,200,0,0,373.295000000006
3,stk_asym_n500,alternative,null_link_n500,500,bagoft,EDGE.poly3.sc.G10,"battery file, the same replicates",0.05,p <= alpha,0.88,0.0229782505861521,0.895,0.0589571065082901,0.05,0.045,0,0.88,"",200,200,0,0,3.88578058618805e-16,200,0,0,373.295000000006
3,stk_asym_n500,alternative,null_link_n500,500,bagoft,EDGE.poly3.sc.G10,"battery file, the same replicates",0.1,p <= alpha,0.935,0.0174320107847603,0.93,0.0917884898968017,0.1,0.105,0,0.935,"",200,200,0,0,3.88578058618805e-16,200,0,0,373.295000000006
3,stk_asym_n500,alternative,null_link_n500,500,bagoft,EDGE.poly3.sc.Grule,"battery file, the same replicates",0.01,p <= alpha,0.74,0.0310161248385416,0.785,0.0177524143177004,0.01,0,0,0.74,"",200,200,0,0,3.88578058618805e-16,200,0,0,373.295000000006
3,stk_asym_n500,alternative,null_link_n500,500,bagoft,EDGE.poly3.sc.Grule,"battery file, the same replicates",0.05,p <= alpha,0.895,0.0216766002869454,0.905,0.0676151706863997,0.05,0.02,0,0.895,"",200,200,0,0,3.88578058618805e-16,200,0,0,373.295000000006
3,stk_asym_n500,alternative,null_link_n500,500,bagoft,EDGE.poly3.sc.Grule,"battery file, the same replicates",0.1,p <= alpha,0.93,0.0180416185526687,0.93,0.101671829391896,0.1,0.095,0,0.93,"",200,200,0,0,3.88578058618805e-16,200,0,0,373.295000000006
3,stk_asym_n500,alternative,null_link_n500,500,bagoft,EDGE.sym.u.G10,"battery file, the same replicates",0.01,p <= alpha,0.12,0.0229782505861521,0.115,0.00954465561539948,0.01,0.01,0,0.12,"",200,200,0,0,3.88578058618805e-16,200,0,0,373.295000000006
3,stk_asym_n500,alternative,null_link_n500,500,bagoft,EDGE.sym.u.G10,"battery file, the same replicates",0.05,p <= alpha,0.335,0.0333747659167821,0.29,0.0459082226419085,0.05,0.06,0,0.335,"",200,200,0,0,3.88578058618805e-16,200,0,0,373.295000000006
3,stk_asym_n500,alternative,null_link_n500,500,bagoft,EDGE.sym.u.G10,"battery file, the same replicates",0.1,p <= alpha,0.48,0.0353270434653114,0.425,0.0765534238071888,0.1,0.125,0,0.48,"",200,200,0,0,3.88578058618805e-16,200,0,0,373.295000000006
3,stk_asym_n500,alternative,null_link_n500,500,bagoft,EDGE.sym.u.Grule,"battery file, the same replicates",0.01,p <= alpha,0.12,0.0229782505861521,0.175,0.0210742190203532,0.01,0,0,0.12,"",200,200,0,0,3.88578058618805e-16,200,0,0,373.295000000006
3,stk_asym_n500,alternative,null_link_n500,500,bagoft,EDGE.sym.u.Grule,"battery file, the same replicates",0.05,p <= alpha,0.27,0.0313926743046845,0.315,0.0664981066986279,0.05,0.03,0,0.27,"",200,200,0,0,3.88578058618805e-16,200,0,0,373.295000000006
3,stk_asym_n500,alternative,null_link_n500,500,bagoft,EDGE.sym.u.Grule,"battery file, the same replicates",0.1,p <= alpha,0.375,0.0342326598440729,0.4,0.11462572117965,0.1,0.075,0,0.375,"",200,200,0,0,3.88578058618805e-16,200,0,0,373.295000000006
3,stk_asym_n500,alternative,null_link_n500,500,bagoft,EDGE.sym.sc.G10,"battery file, the same replicates",0.01,p <= alpha,0.09,0.0202361063448481,0.065,0.00633155299861587,0.01,0.01,0,0.09,"",200,200,0,0,3.88578058618805e-16,200,0,0,373.295000000006
3,stk_asym_n500,alternative,null_link_n500,500,bagoft,EDGE.sym.sc.G10,"battery file, the same replicates",0.05,p <= alpha,0.29,0.0320858224142689,0.275,0.0424525606458922,0.05,0.07,0,0.29,"",200,200,0,0,3.88578058618805e-16,200,0,0,373.295000000006
3,stk_asym_n500,alternative,null_link_n500,500,bagoft,EDGE.sym.sc.G10,"battery file, the same replicates",0.1,p <= alpha,0.415,0.0348407089480108,0.335,0.0675426153808055,0.1,0.135,0,0.415,"",200,200,0,0,3.88578058618805e-16,200,0,0,373.295000000006
3,stk_asym_n500,alternative,null_link_n500,500,bagoft,EDGE.sym.sc.Grule,"battery file, the same replicates",0.01,p <= alpha,0.095,0.0207334271166153,0.125,0.0149440470241011,0.01,0,0,0.095,"",200,200,0,0,3.88578058618805e-16,200,0,0,373.295000000006
3,stk_asym_n500,alternative,null_link_n500,500,bagoft,EDGE.sym.sc.Grule,"battery file, the same replicates",0.05,p <= alpha,0.265,0.0312069703752223,0.285,0.061962167997012,0.05,0.035,0,0.265,"",200,200,0,0,3.88578058618805e-16,200,0,0,373.295000000006
3,stk_asym_n500,alternative,null_link_n500,500,bagoft,EDGE.sym.sc.Grule,"battery file, the same replicates",0.1,p <= alpha,0.365,0.0340422531569225,0.395,0.114978791309265,0.1,0.08,0,0.365,"",200,200,0,0,3.88578058618805e-16,200,0,0,373.295000000006
3,stk_asym_n500,alternative,null_link_n500,500,bagoft,Stk.joint,"battery file, the same replicates",0.01,p <= alpha,0.795,0.0285460154837764,0.86,0.0202308516768737,0.01,0.005,0,0.795,"",200,200,0,0,3.88578058618805e-16,200,0,0,373.295000000006
3,stk_asym_n500,alternative,null_link_n500,500,bagoft,Stk.joint,"battery file, the same replicates",0.05,p <= alpha,0.93,0.0180416185526687,0.945,0.0618749890373085,0.05,0.035,0,0.93,"",200,200,0,0,3.88578058618805e-16,200,0,0,373.295000000006
3,stk_asym_n500,alternative,null_link_n500,500,bagoft,Stk.joint,"battery file, the same replicates",0.1,p <= alpha,0.97,0.0120623380818148,0.965,0.095615909719264,0.1,0.11,0,0.97,"",200,200,0,0,3.88578058618805e-16,200,0,0,373.295000000006
3,stk_asym_n500,alternative,null_link_n500,500,bagoft,GiViTI,"battery file, the same replicates",0.01,p <= alpha,0.83,0.0265612499705869,0.83,0.00896243305496935,0.01,0.015,0,0.83,"",200,200,0,0,3.88578058618805e-16,200,0,0,373.295000000006
3,stk_asym_n500,alternative,null_link_n500,500,bagoft,GiViTI,"battery file, the same replicates",0.05,p <= alpha,0.94,0.0167928556237467,0.91,0.0346292692429485,0.05,0.065,0,0.94,"",200,200,0,0,3.88578058618805e-16,200,0,0,373.295000000006
3,stk_asym_n500,alternative,null_link_n500,500,bagoft,GiViTI,"battery file, the same replicates",0.1,p <= alpha,0.98,0.00989949493661167,0.975,0.0755169621054989,0.1,0.115,0,0.98,"",200,200,0,0,3.88578058618805e-16,200,0,0,373.295000000006
3,stk_asym_n1000,alternative,null_link_n1000,1000,bagoft,BAGofT,block 8,0.01,p < alpha,0.74,0.0310161248385416,0.74,0,0.03,0.03,0,0.74,"",200,200,0,0,3.46944695195361e-17,200,0,0,538.005000000001
3,stk_asym_n1000,alternative,null_link_n1000,1000,bagoft,BAGofT,block 8,0.05,p < alpha,0.935,0.0174320107847603,0.91,0.03,0.05,0.065,0,0.935,"",200,200,0,0,3.46944695195361e-17,200,0,0,538.005000000001
3,stk_asym_n1000,alternative,null_link_n1000,1000,bagoft,BAGofT,block 8,0.1,p < alpha,0.98,0.00989949493661167,0.97,0.06,0.1,0.135,0,0.98,"",200,200,0,0,3.46944695195361e-17,200,0,0,538.005000000001
3,stk_asym_n1000,alternative,null_link_n1000,1000,bagoft,EDGE.poly3.u.G10,"battery file, the same replicates",0.01,p <= alpha,0.995,0.004987484335815,0.99,0.00722930086285989,0.01,0.01,0,0.995,"",200,200,0,0,3.46944695195361e-17,200,0,0,538.005000000001
3,stk_asym_n1000,alternative,null_link_n1000,1000,bagoft,EDGE.poly3.u.G10,"battery file, the same replicates",0.05,p <= alpha,1,0,1,0.0332729453947925,0.05,0.05,0,1,"",200,200,0,0,3.46944695195361e-17,200,0,0,538.005000000001
3,stk_asym_n1000,alternative,null_link_n1000,1000,bagoft,EDGE.poly3.u.G10,"battery file, the same replicates",0.1,p <= alpha,1,0,1,0.133496226003488,0.1,0.08,0,1,"",200,200,0,0,3.46944695195361e-17,200,0,0,538.005000000001
3,stk_asym_n1000,alternative,null_link_n1000,1000,bagoft,EDGE.poly3.u.Grule,"battery file, the same replicates",0.01,p <= alpha,0.995,0.004987484335815,0.97,0.0012526888976544,0.01,0.02,0,0.995,"",200,200,0,0,3.46944695195361e-17,200,0,0,538.005000000001
3,stk_asym_n1000,alternative,null_link_n1000,1000,bagoft,EDGE.poly3.u.Grule,"battery file, the same replicates",0.05,p <= alpha,1,0,1,0.0417427013495348,0.05,0.055,0,1,"",200,200,0,0,3.46944695195361e-17,200,0,0,538.005000000001
3,stk_asym_n1000,alternative,null_link_n1000,1000,bagoft,EDGE.poly3.u.Grule,"battery file, the same replicates",0.1,p <= alpha,1,0,1,0.116212514476595,0.1,0.09,0,1,"",200,200,0,0,3.46944695195361e-17,200,0,0,538.005000000001
3,stk_asym_n1000,alternative,null_link_n1000,1000,bagoft,EDGE.poly3.sc.G10,"battery file, the same replicates",0.01,p <= alpha,0.985,0.00859505671883555,0.96,0.00597011589891744,0.01,0.01,0,0.985,"",200,200,0,0,3.46944695195361e-17,200,0,0,538.005000000001
3,stk_asym_n1000,alternative,null_link_n1000,1000,bagoft,EDGE.poly3.sc.G10,"battery file, the same replicates",0.05,p <= alpha,0.995,0.004987484335815,0.995,0.0399314236995704,0.05,0.06,0,0.995,"",200,200,0,0,3.46944695195361e-17,200,0,0,538.005000000001
3,stk_asym_n1000,alternative,null_link_n1000,1000,bagoft,EDGE.poly3.sc.G10,"battery file, the same replicates",0.1,p <= alpha,1,0,1,0.117940609402988,0.1,0.08,0,1,"",200,200,0,0,3.46944695195361e-17,200,0,0,538.005000000001
3,stk_asym_n1000,alternative,null_link_n1000,1000,bagoft,EDGE.poly3.sc.Grule,"battery file, the same replicates",0.01,p <= alpha,0.985,0.00859505671883555,0.97,0.00253650605809873,0.01,0.015,0,0.985,"",200,200,0,0,3.46944695195361e-17,200,0,0,538.005000000001
3,stk_asym_n1000,alternative,null_link_n1000,1000,bagoft,EDGE.poly3.sc.Grule,"battery file, the same replicates",0.05,p <= alpha,0.995,0.004987484335815,0.995,0.0363870154070478,0.05,0.05,0,0.995,"",200,200,0,0,3.46944695195361e-17,200,0,0,538.005000000001
3,stk_asym_n1000,alternative,null_link_n1000,1000,bagoft,EDGE.poly3.sc.Grule,"battery file, the same replicates",0.1,p <= alpha,1,0,1,0.108412572738959,0.1,0.085,0,1,"",200,200,0,0,3.46944695195361e-17,200,0,0,538.005000000001
3,stk_asym_n1000,alternative,null_link_n1000,1000,bagoft,EDGE.sym.u.G10,"battery file, the same replicates",0.01,p <= alpha,0.33,0.0332490601370926,0.235,0.00480785681175009,0.01,0.02,0,0.33,"",200,200,0,0,3.46944695195361e-17,200,0,0,538.005000000001
3,stk_asym_n1000,alternative,null_link_n1000,1000,bagoft,EDGE.sym.u.G10,"battery file, the same replicates",0.05,p <= alpha,0.51,0.0353482672842673,0.505,0.0466118320864363,0.05,0.05,0,0.51,"",200,200,0,0,3.46944695195361e-17,200,0,0,538.005000000001
3,stk_asym_n1000,alternative,null_link_n1000,1000,bagoft,EDGE.sym.u.G10,"battery file, the same replicates",0.1,p <= alpha,0.635,0.0340422531569225,0.655,0.113797772738363,0.1,0.08,0,0.635,"",200,200,0,0,3.46944695195361e-17,200,0,0,538.005000000001
3,stk_asym_n1000,alternative,null_link_n1000,1000,bagoft,EDGE.sym.u.Grule,"battery file, the same replicates",0.01,p <= alpha,0.3,0.0324037034920393,0.195,0.00328353914449676,0.01,0.01,0,0.3,"",200,200,0,0,3.46944695195361e-17,200,0,0,538.005000000001
3,stk_asym_n1000,alternative,null_link_n1000,1000,bagoft,EDGE.sym.u.Grule,"battery file, the same replicates",0.05,p <= alpha,0.48,0.0353270434653114,0.45,0.0442236324062439,0.05,0.055,0,0.48,"",200,200,0,0,3.46944695195361e-17,200,0,0,538.005000000001
3,stk_asym_n1000,alternative,null_link_n1000,1000,bagoft,EDGE.sym.u.Grule,"battery file, the same replicates",0.1,p <= alpha,0.6,0.0346410161513775,0.62,0.108480802573473,0.1,0.09,0,0.6,"",200,200,0,0,3.46944695195361e-17,200,0,0,538.005000000001
3,stk_asym_n1000,alternative,null_link_n1000,1000,bagoft,EDGE.sym.sc.G10,"battery file, the same replicates",0.01,p <= alpha,0.245,0.0304117575947198,0.18,0.00434730700989427,0.01,0.03,0,0.245,"",200,200,0,0,3.46944695195361e-17,200,0,0,538.005000000001
3,stk_asym_n1000,alternative,null_link_n1000,1000,bagoft,EDGE.sym.sc.G10,"battery file, the same replicates",0.05,p <= alpha,0.475,0.0353111172295638,0.48,0.0522588585203929,0.05,0.045,0,0.475,"",200,200,0,0,3.46944695195361e-17,200,0,0,538.005000000001
3,stk_asym_n1000,alternative,null_link_n1000,1000,bagoft,EDGE.sym.sc.G10,"battery file, the same replicates",0.1,p <= alpha,0.58,0.0348998567332303,0.61,0.118572738140579,0.1,0.08,0,0.58,"",200,200,0,0,3.46944695195361e-17,200,0,0,538.005000000001
3,stk_asym_n1000,alternative,null_link_n1000,1000,bagoft,EDGE.sym.sc.Grule,"battery file, the same replicates",0.01,p <= alpha,0.27,0.0313926743046845,0.26,0.00839344571775576,0.01,0.01,0,0.27,"",200,200,0,0,3.46944695195361e-17,200,0,0,538.005000000001
3,stk_asym_n1000,alternative,null_link_n1000,1000,bagoft,EDGE.sym.sc.Grule,"battery file, the same replicates",0.05,p <= alpha,0.445,0.0351407882666283,0.44,0.0460294199797313,0.05,0.05,0,0.445,"",200,200,0,0,3.46944695195361e-17,200,0,0,538.005000000001
3,stk_asym_n1000,alternative,null_link_n1000,1000,bagoft,EDGE.sym.sc.Grule,"battery file, the same replicates",0.1,p <= alpha,0.57,0.0350071421284286,0.58,0.104671807084823,0.1,0.095,0,0.57,"",200,200,0,0,3.46944695195361e-17,200,0,0,538.005000000001
3,stk_asym_n1000,alternative,null_link_n1000,1000,bagoft,Stk.joint,"battery file, the same replicates",0.01,p <= alpha,0.995,0.004987484335815,0.975,0.00138708131138406,0.01,0.02,0,0.995,"",200,200,0,0,3.46944695195361e-17,200,0,0,538.005000000001
3,stk_asym_n1000,alternative,null_link_n1000,1000,bagoft,Stk.joint,"battery file, the same replicates",0.05,p <= alpha,1,0,1,0.0430468526002555,0.05,0.05,0,1,"",200,200,0,0,3.46944695195361e-17,200,0,0,538.005000000001
3,stk_asym_n1000,alternative,null_link_n1000,1000,bagoft,Stk.joint,"battery file, the same replicates",0.1,p <= alpha,1,0,1,0.10274172853085,0.1,0.095,0,1,"",200,200,0,0,3.46944695195361e-17,200,0,0,538.005000000001
3,stk_asym_n1000,alternative,null_link_n1000,1000,bagoft,GiViTI,"battery file, the same replicates",0.01,p <= alpha,1,0,0.995,0.00407751318145588,0.01,0.025,0,1,"",200,200,0,0,3.46944695195361e-17,200,0,0,538.005000000001
3,stk_asym_n1000,alternative,null_link_n1000,1000,bagoft,GiViTI,"battery file, the same replicates",0.05,p <= alpha,1,0,1,0.0342302202847667,0.05,0.065,0,1,"",200,200,0,0,3.46944695195361e-17,200,0,0,538.005000000001
3,stk_asym_n1000,alternative,null_link_n1000,1000,bagoft,GiViTI,"battery file, the same replicates",0.1,p <= alpha,1,0,1,0.0779912747473989,0.1,0.105,0,1,"",200,200,0,0,3.46944695195361e-17,200,0,0,538.005000000001
3,cauchit_n500,alternative,null_link_n500,500,bagoft,BAGofT,block 8,0.01,p < alpha,0.01,0.00703562363973514,0.02,0.01,0.01,0.005,0,0.01,"",200,200,0,0,5.55111512312578e-16,200,0,0,372.86
3,cauchit_n500,alternative,null_link_n500,500,bagoft,BAGofT,block 8,0.05,p < alpha,0.055,0.0161206389451535,0.055,0.04,0.07,0.07,0,0.055,"",200,200,0,0,5.55111512312578e-16,200,0,0,372.86
3,cauchit_n500,alternative,null_link_n500,500,bagoft,BAGofT,block 8,0.1,p < alpha,0.095,0.0207334271166153,0.095,0.09,0.1,0.1,0,0.095,"",200,200,0,0,5.55111512312578e-16,200,0,0,372.86
3,cauchit_n500,alternative,null_link_n500,500,bagoft,EDGE.poly3.u.G10,"battery file, the same replicates",0.01,p <= alpha,0.03,0.0120623380818148,0.065,0.0280787092437375,0.01,0,0,0.03,"",200,200,0,0,5.55111512312578e-16,200,0,0,372.86
3,cauchit_n500,alternative,null_link_n500,500,bagoft,EDGE.poly3.u.G10,"battery file, the same replicates",0.05,p <= alpha,0.115,0.0225582579114612,0.095,0.0454101234852754,0.05,0.06,0,0.115,"",200,200,0,0,5.55111512312578e-16,200,0,0,372.86
3,cauchit_n500,alternative,null_link_n500,500,bagoft,EDGE.poly3.u.G10,"battery file, the same replicates",0.1,p <= alpha,0.2,0.0282842712474619,0.165,0.075552672954244,0.1,0.125,0,0.2,"",200,200,0,0,5.55111512312578e-16,200,0,0,372.86
3,cauchit_n500,alternative,null_link_n500,500,bagoft,EDGE.poly3.u.Grule,"battery file, the same replicates",0.01,p <= alpha,0.045,0.014658615214269,0.07,0.0299986714156325,0.01,0.005,0,0.045,"",200,200,0,0,5.55111512312578e-16,200,0,0,372.86
3,cauchit_n500,alternative,null_link_n500,500,bagoft,EDGE.poly3.u.Grule,"battery file, the same replicates",0.05,p <= alpha,0.14,0.0245356882927706,0.17,0.0617357695612896,0.05,0.035,0,0.14,"",200,200,0,0,5.55111512312578e-16,200,0,0,372.86
3,cauchit_n500,alternative,null_link_n500,500,bagoft,EDGE.poly3.u.Grule,"battery file, the same replicates",0.1,p <= alpha,0.205,0.0285460154837764,0.21,0.11247873537013,0.1,0.09,0,0.205,"",200,200,0,0,5.55111512312578e-16,200,0,0,372.86
3,cauchit_n500,alternative,null_link_n500,500,bagoft,EDGE.poly3.sc.G10,"battery file, the same replicates",0.01,p <= alpha,0.02,0.00989949493661167,0.025,0.014277996218998,0.01,0.005,0,0.02,"",200,200,0,0,5.55111512312578e-16,200,0,0,372.86
3,cauchit_n500,alternative,null_link_n500,500,bagoft,EDGE.poly3.sc.G10,"battery file, the same replicates",0.05,p <= alpha,0.095,0.0207334271166153,0.095,0.0589571065082901,0.05,0.045,0,0.095,"",200,200,0,0,5.55111512312578e-16,200,0,0,372.86
3,cauchit_n500,alternative,null_link_n500,500,bagoft,EDGE.poly3.sc.G10,"battery file, the same replicates",0.1,p <= alpha,0.175,0.0268677315752558,0.16,0.0917884898968017,0.1,0.105,0,0.175,"",200,200,0,0,5.55111512312578e-16,200,0,0,372.86
3,cauchit_n500,alternative,null_link_n500,500,bagoft,EDGE.poly3.sc.Grule,"battery file, the same replicates",0.01,p <= alpha,0.025,0.0110397010829098,0.045,0.0177524143177004,0.01,0,0,0.025,"",200,200,0,0,5.55111512312578e-16,200,0,0,372.86
3,cauchit_n500,alternative,null_link_n500,500,bagoft,EDGE.poly3.sc.Grule,"battery file, the same replicates",0.05,p <= alpha,0.11,0.0221246468898376,0.14,0.0676151706863997,0.05,0.02,0,0.11,"",200,200,0,0,5.55111512312578e-16,200,0,0,372.86
3,cauchit_n500,alternative,null_link_n500,500,bagoft,EDGE.poly3.sc.Grule,"battery file, the same replicates",0.1,p <= alpha,0.21,0.0288010416478293,0.21,0.101671829391896,0.1,0.095,0,0.21,"",200,200,0,0,5.55111512312578e-16,200,0,0,372.86
3,cauchit_n500,alternative,null_link_n500,500,bagoft,EDGE.sym.u.G10,"battery file, the same replicates",0.01,p <= alpha,0.05,0.0154110350074224,0.05,0.00954465561539948,0.01,0.01,0,0.05,"",200,200,0,0,5.55111512312578e-16,200,0,0,372.86
3,cauchit_n500,alternative,null_link_n500,500,bagoft,EDGE.sym.u.G10,"battery file, the same replicates",0.05,p <= alpha,0.12,0.0229782505861521,0.11,0.0459082226419085,0.05,0.06,0,0.12,"",200,200,0,0,5.55111512312578e-16,200,0,0,372.86
3,cauchit_n500,alternative,null_link_n500,500,bagoft,EDGE.sym.u.G10,"battery file, the same replicates",0.1,p <= alpha,0.195,0.0280156206427771,0.165,0.0765534238071888,0.1,0.125,0,0.195,"",200,200,0,0,5.55111512312578e-16,200,0,0,372.86
3,cauchit_n500,alternative,null_link_n500,500,bagoft,EDGE.sym.u.Grule,"battery file, the same replicates",0.01,p <= alpha,0.055,0.0161206389451535,0.095,0.0210742190203532,0.01,0,0,0.055,"",200,200,0,0,5.55111512312578e-16,200,0,0,372.86
3,cauchit_n500,alternative,null_link_n500,500,bagoft,EDGE.sym.u.Grule,"battery file, the same replicates",0.05,p <= alpha,0.145,0.0248972890090468,0.165,0.0664981066986279,0.05,0.03,0,0.145,"",200,200,0,0,5.55111512312578e-16,200,0,0,372.86
3,cauchit_n500,alternative,null_link_n500,500,bagoft,EDGE.sym.u.Grule,"battery file, the same replicates",0.1,p <= alpha,0.215,0.0290495266742851,0.225,0.11462572117965,0.1,0.075,0,0.215,"",200,200,0,0,5.55111512312578e-16,200,0,0,372.86
3,cauchit_n500,alternative,null_link_n500,500,bagoft,EDGE.sym.sc.G10,"battery file, the same replicates",0.01,p <= alpha,0.06,0.0167928556237467,0.035,0.00633155299861587,0.01,0.01,0,0.06,"",200,200,0,0,5.55111512312578e-16,200,0,0,372.86
3,cauchit_n500,alternative,null_link_n500,500,bagoft,EDGE.sym.sc.G10,"battery file, the same replicates",0.05,p <= alpha,0.115,0.0225582579114612,0.105,0.0424525606458922,0.05,0.07,0,0.115,"",200,200,0,0,5.55111512312578e-16,200,0,0,372.86
3,cauchit_n500,alternative,null_link_n500,500,bagoft,EDGE.sym.sc.G10,"battery file, the same replicates",0.1,p <= alpha,0.195,0.0280156206427771,0.135,0.0675426153808055,0.1,0.135,0,0.195,"",200,200,0,0,5.55111512312578e-16,200,0,0,372.86
3,cauchit_n500,alternative,null_link_n500,500,bagoft,EDGE.sym.sc.Grule,"battery file, the same replicates",0.01,p <= alpha,0.055,0.0161206389451535,0.07,0.0149440470241011,0.01,0,0,0.055,"",200,200,0,0,5.55111512312578e-16,200,0,0,372.86
3,cauchit_n500,alternative,null_link_n500,500,bagoft,EDGE.sym.sc.Grule,"battery file, the same replicates",0.05,p <= alpha,0.14,0.0245356882927706,0.15,0.061962167997012,0.05,0.035,0,0.14,"",200,200,0,0,5.55111512312578e-16,200,0,0,372.86
3,cauchit_n500,alternative,null_link_n500,500,bagoft,EDGE.sym.sc.Grule,"battery file, the same replicates",0.1,p <= alpha,0.21,0.0288010416478293,0.22,0.114978791309265,0.1,0.08,0,0.21,"",200,200,0,0,5.55111512312578e-16,200,0,0,372.86
3,cauchit_n500,alternative,null_link_n500,500,bagoft,Stk.joint,"battery file, the same replicates",0.01,p <= alpha,0.035,0.012995191418367,0.065,0.0202308516768737,0.01,0.005,0,0.035,"",200,200,0,0,5.55111512312578e-16,200,0,0,372.86
3,cauchit_n500,alternative,null_link_n500,500,bagoft,Stk.joint,"battery file, the same replicates",0.05,p <= alpha,0.125,0.0233853586673371,0.15,0.0618749890373085,0.05,0.035,0,0.125,"",200,200,0,0,5.55111512312578e-16,200,0,0,372.86
3,cauchit_n500,alternative,null_link_n500,500,bagoft,Stk.joint,"battery file, the same replicates",0.1,p <= alpha,0.185,0.0274567842253968,0.175,0.095615909719264,0.1,0.11,0,0.185,"",200,200,0,0,5.55111512312578e-16,200,0,0,372.86
3,cauchit_n500,alternative,null_link_n500,500,bagoft,GiViTI,"battery file, the same replicates",0.01,p <= alpha,0.015,0.00859505671883554,0.01,0.00896243305496935,0.01,0.015,0,0.015,"",200,200,0,0,5.55111512312578e-16,200,0,0,372.86
3,cauchit_n500,alternative,null_link_n500,500,bagoft,GiViTI,"battery file, the same replicates",0.05,p <= alpha,0.055,0.0161206389451535,0.04,0.0346292692429485,0.05,0.065,0,0.055,"",200,200,0,0,5.55111512312578e-16,200,0,0,372.86
3,cauchit_n500,alternative,null_link_n500,500,bagoft,GiViTI,"battery file, the same replicates",0.1,p <= alpha,0.11,0.0221246468898376,0.08,0.0755169621054989,0.1,0.115,0,0.11,"",200,200,0,0,5.55111512312578e-16,200,0,0,372.86
3,cauchit_n1000,alternative,null_link_n1000,1000,bagoft,BAGofT,block 8,0.01,p < alpha,0.015,0.00859505671883554,0.015,0,0.03,0.03,0,0.015,"",200,200,0,0,5.55111512312578e-16,200,0,0,538.044999999999
3,cauchit_n1000,alternative,null_link_n1000,1000,bagoft,BAGofT,block 8,0.05,p < alpha,0.08,0.0191833260932509,0.06,0.03,0.05,0.065,0,0.08,"",200,200,0,0,5.55111512312578e-16,200,0,0,538.044999999999
3,cauchit_n1000,alternative,null_link_n1000,1000,bagoft,BAGofT,block 8,0.1,p < alpha,0.125,0.0233853586673371,0.095,0.06,0.1,0.135,0,0.125,"",200,200,0,0,5.55111512312578e-16,200,0,0,538.044999999999
3,cauchit_n1000,alternative,null_link_n1000,1000,bagoft,EDGE.poly3.u.G10,"battery file, the same replicates",0.01,p <= alpha,0.08,0.0191833260932509,0.075,0.00722930086285989,0.01,0.01,0,0.08,"",200,200,0,0,5.55111512312578e-16,200,0,0,538.044999999999
3,cauchit_n1000,alternative,null_link_n1000,1000,bagoft,EDGE.poly3.u.G10,"battery file, the same replicates",0.05,p <= alpha,0.185,0.0274567842253968,0.165,0.0332729453947925,0.05,0.05,0,0.185,"",200,200,0,0,5.55111512312578e-16,200,0,0,538.044999999999
3,cauchit_n1000,alternative,null_link_n1000,1000,bagoft,EDGE.poly3.u.G10,"battery file, the same replicates",0.1,p <= alpha,0.28,0.0317490157327751,0.36,0.133496226003488,0.1,0.08,0,0.28,"",200,200,0,0,5.55111512312578e-16,200,0,0,538.044999999999
3,cauchit_n1000,alternative,null_link_n1000,1000,bagoft,EDGE.poly3.u.Grule,"battery file, the same replicates",0.01,p <= alpha,0.095,0.0207334271166153,0.015,0.0012526888976544,0.01,0.02,0,0.095,"",200,200,0,0,5.55111512312578e-16,200,0,0,538.044999999999
3,cauchit_n1000,alternative,null_link_n1000,1000,bagoft,EDGE.poly3.u.Grule,"battery file, the same replicates",0.05,p <= alpha,0.255,0.0308200421803735,0.235,0.0417427013495348,0.05,0.055,0,0.255,"",200,200,0,0,5.55111512312578e-16,200,0,0,538.044999999999
3,cauchit_n1000,alternative,null_link_n1000,1000,bagoft,EDGE.poly3.u.Grule,"battery file, the same replicates",0.1,p <= alpha,0.33,0.0332490601370926,0.345,0.116212514476595,0.1,0.09,0,0.33,"",200,200,0,0,5.55111512312578e-16,200,0,0,538.044999999999
3,cauchit_n1000,alternative,null_link_n1000,1000,bagoft,EDGE.poly3.sc.G10,"battery file, the same replicates",0.01,p <= alpha,0.065,0.0174320107847603,0.035,0.00597011589891744,0.01,0.01,0,0.065,"",200,200,0,0,5.55111512312578e-16,200,0,0,538.044999999999
3,cauchit_n1000,alternative,null_link_n1000,1000,bagoft,EDGE.poly3.sc.G10,"battery file, the same replicates",0.05,p <= alpha,0.195,0.0280156206427771,0.17,0.0399314236995704,0.05,0.06,0,0.195,"",200,200,0,0,5.55111512312578e-16,200,0,0,538.044999999999
3,cauchit_n1000,alternative,null_link_n1000,1000,bagoft,EDGE.poly3.sc.G10,"battery file, the same replicates",0.1,p <= alpha,0.28,0.0317490157327751,0.31,0.117940609402988,0.1,0.08,0,0.28,"",200,200,0,0,5.55111512312578e-16,200,0,0,538.044999999999
3,cauchit_n1000,alternative,null_link_n1000,1000,bagoft,EDGE.poly3.sc.Grule,"battery file, the same replicates",0.01,p <= alpha,0.05,0.0154110350074224,0.01,0.00253650605809873,0.01,0.015,0,0.05,"",200,200,0,0,5.55111512312578e-16,200,0,0,538.044999999999
3,cauchit_n1000,alternative,null_link_n1000,1000,bagoft,EDGE.poly3.sc.Grule,"battery file, the same replicates",0.05,p <= alpha,0.2,0.0282842712474619,0.185,0.0363870154070478,0.05,0.05,0,0.2,"",200,200,0,0,5.55111512312578e-16,200,0,0,538.044999999999
3,cauchit_n1000,alternative,null_link_n1000,1000,bagoft,EDGE.poly3.sc.Grule,"battery file, the same replicates",0.1,p <= alpha,0.305,0.0325557214633619,0.315,0.108412572738959,0.1,0.085,0,0.305,"",200,200,0,0,5.55111512312578e-16,200,0,0,538.044999999999
3,cauchit_n1000,alternative,null_link_n1000,1000,bagoft,EDGE.sym.u.G10,"battery file, the same replicates",0.01,p <= alpha,0.045,0.014658615214269,0.035,0.00480785681175009,0.01,0.02,0,0.045,"",200,200,0,0,5.55111512312578e-16,200,0,0,538.044999999999
3,cauchit_n1000,alternative,null_link_n1000,1000,bagoft,EDGE.sym.u.G10,"battery file, the same replicates",0.05,p <= alpha,0.18,0.0271661554144123,0.18,0.0466118320864363,0.05,0.05,0,0.18,"",200,200,0,0,5.55111512312578e-16,200,0,0,538.044999999999
3,cauchit_n1000,alternative,null_link_n1000,1000,bagoft,EDGE.sym.u.G10,"battery file, the same replicates",0.1,p <= alpha,0.285,0.0319198214280719,0.31,0.113797772738363,0.1,0.08,0,0.285,"",200,200,0,0,5.55111512312578e-16,200,0,0,538.044999999999
3,cauchit_n1000,alternative,null_link_n1000,1000,bagoft,EDGE.sym.u.Grule,"battery file, the same replicates",0.01,p <= alpha,0.135,0.0241635055403805,0.05,0.00328353914449676,0.01,0.01,0,0.135,"",200,200,0,0,5.55111512312578e-16,200,0,0,538.044999999999
3,cauchit_n1000,alternative,null_link_n1000,1000,bagoft,EDGE.sym.u.Grule,"battery file, the same replicates",0.05,p <= alpha,0.26,0.0310161248385416,0.26,0.0442236324062439,0.05,0.055,0,0.26,"",200,200,0,0,5.55111512312578e-16,200,0,0,538.044999999999
3,cauchit_n1000,alternative,null_link_n1000,1000,bagoft,EDGE.sym.u.Grule,"battery file, the same replicates",0.1,p <= alpha,0.4,0.0346410161513775,0.41,0.108480802573473,0.1,0.09,0,0.4,"",200,200,0,0,5.55111512312578e-16,200,0,0,538.044999999999
3,cauchit_n1000,alternative,null_link_n1000,1000,bagoft,EDGE.sym.sc.G10,"battery file, the same replicates",0.01,p <= alpha,0.04,0.013856406460551,0.03,0.00434730700989427,0.01,0.03,0,0.04,"",200,200,0,0,5.55111512312578e-16,200,0,0,538.044999999999
3,cauchit_n1000,alternative,null_link_n1000,1000,bagoft,EDGE.sym.sc.G10,"battery file, the same replicates",0.05,p <= alpha,0.17,0.0265612499705869,0.19,0.0522588585203929,0.05,0.045,0,0.17,"",200,200,0,0,5.55111512312578e-16,200,0,0,538.044999999999
3,cauchit_n1000,alternative,null_link_n1000,1000,bagoft,EDGE.sym.sc.G10,"battery file, the same replicates",0.1,p <= alpha,0.27,0.0313926743046845,0.305,0.118572738140579,0.1,0.08,0,0.27,"",200,200,0,0,5.55111512312578e-16,200,0,0,538.044999999999
3,cauchit_n1000,alternative,null_link_n1000,1000,bagoft,EDGE.sym.sc.Grule,"battery file, the same replicates",0.01,p <= alpha,0.13,0.0237802439011882,0.11,0.00839344571775576,0.01,0.01,0,0.13,"",200,200,0,0,5.55111512312578e-16,200,0,0,538.044999999999
3,cauchit_n1000,alternative,null_link_n1000,1000,bagoft,EDGE.sym.sc.Grule,"battery file, the same replicates",0.05,p <= alpha,0.265,0.0312069703752223,0.255,0.0460294199797313,0.05,0.05,0,0.265,"",200,200,0,0,5.55111512312578e-16,200,0,0,538.044999999999
3,cauchit_n1000,alternative,null_link_n1000,1000,bagoft,EDGE.sym.sc.Grule,"battery file, the same replicates",0.1,p <= alpha,0.415,0.0348407089480108,0.42,0.104671807084823,0.1,0.095,0,0.415,"",200,200,0,0,5.55111512312578e-16,200,0,0,538.044999999999
3,cauchit_n1000,alternative,null_link_n1000,1000,bagoft,Stk.joint,"battery file, the same replicates",0.01,p <= alpha,0.105,0.0216766002869454,0.02,0.00138708131138406,0.01,0.02,0,0.105,"",200,200,0,0,5.55111512312578e-16,200,0,0,538.044999999999
3,cauchit_n1000,alternative,null_link_n1000,1000,bagoft,Stk.joint,"battery file, the same replicates",0.05,p <= alpha,0.25,0.0306186217847897,0.24,0.0430468526002555,0.05,0.05,0,0.25,"",200,200,0,0,5.55111512312578e-16,200,0,0,538.044999999999
3,cauchit_n1000,alternative,null_link_n1000,1000,bagoft,Stk.joint,"battery file, the same replicates",0.1,p <= alpha,0.34,0.0334962684488885,0.35,0.10274172853085,0.1,0.095,0,0.34,"",200,200,0,0,5.55111512312578e-16,200,0,0,538.044999999999
3,cauchit_n1000,alternative,null_link_n1000,1000,bagoft,GiViTI,"battery file, the same replicates",0.01,p <= alpha,0.025,0.0110397010829098,0.02,0.00407751318145588,0.01,0.025,0,0.025,"",200,200,0,0,5.55111512312578e-16,200,0,0,538.044999999999
3,cauchit_n1000,alternative,null_link_n1000,1000,bagoft,GiViTI,"battery file, the same replicates",0.05,p <= alpha,0.095,0.0207334271166153,0.07,0.0342302202847667,0.05,0.065,0,0.095,"",200,200,0,0,5.55111512312578e-16,200,0,0,538.044999999999
3,cauchit_n1000,alternative,null_link_n1000,1000,bagoft,GiViTI,"battery file, the same replicates",0.1,p <= alpha,0.185,0.0274567842253968,0.15,0.0779912747473989,0.1,0.105,0,0.185,"",200,200,0,0,5.55111512312578e-16,200,0,0,538.044999999999
3,t4_n500,alternative,null_link_n500,500,bagoft,BAGofT,block 8,0.01,p < alpha,0.015,0.00859505671883554,0.025,0.01,0.01,0.005,0,0.015,"",200,200,0,0,5.55111512312578e-16,200,0,0,375.805000000004
3,t4_n500,alternative,null_link_n500,500,bagoft,BAGofT,block 8,0.05,p < alpha,0.06,0.0167928556237467,0.06,0.04,0.07,0.07,0,0.06,"",200,200,0,0,5.55111512312578e-16,200,0,0,375.805000000004
3,t4_n500,alternative,null_link_n500,500,bagoft,BAGofT,block 8,0.1,p < alpha,0.13,0.0237802439011882,0.13,0.09,0.1,0.1,0,0.13,"",200,200,0,0,5.55111512312578e-16,200,0,0,375.805000000004
3,t4_n500,alternative,null_link_n500,500,bagoft,EDGE.poly3.u.G10,"battery file, the same replicates",0.01,p <= alpha,0.01,0.00703562363973514,0.025,0.0280787092437375,0.01,0,0,0.01,"",200,200,0,0,5.55111512312578e-16,200,0,0,375.805000000004
3,t4_n500,alternative,null_link_n500,500,bagoft,EDGE.poly3.u.G10,"battery file, the same replicates",0.05,p <= alpha,0.045,0.014658615214269,0.04,0.0454101234852754,0.05,0.06,0,0.045,"",200,200,0,0,5.55111512312578e-16,200,0,0,375.805000000004
3,t4_n500,alternative,null_link_n500,500,bagoft,EDGE.poly3.u.G10,"battery file, the same replicates",0.1,p <= alpha,0.1,0.0212132034355964,0.07,0.075552672954244,0.1,0.125,0,0.1,"",200,200,0,0,5.55111512312578e-16,200,0,0,375.805000000004
3,t4_n500,alternative,null_link_n500,500,bagoft,EDGE.poly3.u.Grule,"battery file, the same replicates",0.01,p <= alpha,0.005,0.004987484335815,0.035,0.0299986714156325,0.01,0.005,0,0.005,"",200,200,0,0,5.55111512312578e-16,200,0,0,375.805000000004
3,t4_n500,alternative,null_link_n500,500,bagoft,EDGE.poly3.u.Grule,"battery file, the same replicates",0.05,p <= alpha,0.06,0.0167928556237467,0.06,0.0617357695612896,0.05,0.035,0,0.06,"",200,200,0,0,5.55111512312578e-16,200,0,0,375.805000000004
3,t4_n500,alternative,null_link_n500,500,bagoft,EDGE.poly3.u.Grule,"battery file, the same replicates",0.1,p <= alpha,0.11,0.0221246468898376,0.115,0.11247873537013,0.1,0.09,0,0.11,"",200,200,0,0,5.55111512312578e-16,200,0,0,375.805000000004
3,t4_n500,alternative,null_link_n500,500,bagoft,EDGE.poly3.sc.G10,"battery file, the same replicates",0.01,p <= alpha,0.005,0.004987484335815,0.005,0.014277996218998,0.01,0.005,0,0.005,"",200,200,0,0,5.55111512312578e-16,200,0,0,375.805000000004
3,t4_n500,alternative,null_link_n500,500,bagoft,EDGE.poly3.sc.G10,"battery file, the same replicates",0.05,p <= alpha,0.03,0.0120623380818148,0.04,0.0589571065082901,0.05,0.045,0,0.03,"",200,200,0,0,5.55111512312578e-16,200,0,0,375.805000000004
3,t4_n500,alternative,null_link_n500,500,bagoft,EDGE.poly3.sc.G10,"battery file, the same replicates",0.1,p <= alpha,0.11,0.0221246468898376,0.105,0.0917884898968017,0.1,0.105,0,0.11,"",200,200,0,0,5.55111512312578e-16,200,0,0,375.805000000004
3,t4_n500,alternative,null_link_n500,500,bagoft,EDGE.poly3.sc.Grule,"battery file, the same replicates",0.01,p <= alpha,0.01,0.00703562363973514,0.02,0.0177524143177004,0.01,0,0,0.01,"",200,200,0,0,5.55111512312578e-16,200,0,0,375.805000000004
3,t4_n500,alternative,null_link_n500,500,bagoft,EDGE.poly3.sc.Grule,"battery file, the same replicates",0.05,p <= alpha,0.04,0.013856406460551,0.055,0.0676151706863997,0.05,0.02,0,0.04,"",200,200,0,0,5.55111512312578e-16,200,0,0,375.805000000004
3,t4_n500,alternative,null_link_n500,500,bagoft,EDGE.poly3.sc.Grule,"battery file, the same replicates",0.1,p <= alpha,0.1,0.0212132034355964,0.1,0.101671829391896,0.1,0.095,0,0.1,"",200,200,0,0,5.55111512312578e-16,200,0,0,375.805000000004
3,t4_n500,alternative,null_link_n500,500,bagoft,EDGE.sym.u.G10,"battery file, the same replicates",0.01,p <= alpha,0.01,0.00703562363973514,0.01,0.00954465561539948,0.01,0.01,0,0.01,"",200,200,0,0,5.55111512312578e-16,200,0,0,375.805000000004
3,t4_n500,alternative,null_link_n500,500,bagoft,EDGE.sym.u.G10,"battery file, the same replicates",0.05,p <= alpha,0.08,0.0191833260932509,0.045,0.0459082226419085,0.05,0.06,0,0.08,"",200,200,0,0,5.55111512312578e-16,200,0,0,375.805000000004
3,t4_n500,alternative,null_link_n500,500,bagoft,EDGE.sym.u.G10,"battery file, the same replicates",0.1,p <= alpha,0.14,0.0245356882927706,0.1,0.0765534238071888,0.1,0.125,0,0.14,"",200,200,0,0,5.55111512312578e-16,200,0,0,375.805000000004
3,t4_n500,alternative,null_link_n500,500,bagoft,EDGE.sym.u.Grule,"battery file, the same replicates",0.01,p <= alpha,0.01,0.00703562363973514,0.03,0.0210742190203532,0.01,0,0,0.01,"",200,200,0,0,5.55111512312578e-16,200,0,0,375.805000000004
3,t4_n500,alternative,null_link_n500,500,bagoft,EDGE.sym.u.Grule,"battery file, the same replicates",0.05,p <= alpha,0.06,0.0167928556237467,0.07,0.0664981066986279,0.05,0.03,0,0.06,"",200,200,0,0,5.55111512312578e-16,200,0,0,375.805000000004
3,t4_n500,alternative,null_link_n500,500,bagoft,EDGE.sym.u.Grule,"battery file, the same replicates",0.1,p <= alpha,0.11,0.0221246468898376,0.125,0.11462572117965,0.1,0.075,0,0.11,"",200,200,0,0,5.55111512312578e-16,200,0,0,375.805000000004
3,t4_n500,alternative,null_link_n500,500,bagoft,EDGE.sym.sc.G10,"battery file, the same replicates",0.01,p <= alpha,0.015,0.00859505671883554,0.01,0.00633155299861587,0.01,0.01,0,0.015,"",200,200,0,0,5.55111512312578e-16,200,0,0,375.805000000004
3,t4_n500,alternative,null_link_n500,500,bagoft,EDGE.sym.sc.G10,"battery file, the same replicates",0.05,p <= alpha,0.065,0.0174320107847603,0.055,0.0424525606458922,0.05,0.07,0,0.065,"",200,200,0,0,5.55111512312578e-16,200,0,0,375.805000000004
3,t4_n500,alternative,null_link_n500,500,bagoft,EDGE.sym.sc.G10,"battery file, the same replicates",0.1,p <= alpha,0.13,0.0237802439011882,0.08,0.0675426153808055,0.1,0.135,0,0.13,"",200,200,0,0,5.55111512312578e-16,200,0,0,375.805000000004
3,t4_n500,alternative,null_link_n500,500,bagoft,EDGE.sym.sc.Grule,"battery file, the same replicates",0.01,p <= alpha,0.015,0.00859505671883554,0.015,0.0149440470241011,0.01,0,0,0.015,"",200,200,0,0,5.55111512312578e-16,200,0,0,375.805000000004
3,t4_n500,alternative,null_link_n500,500,bagoft,EDGE.sym.sc.Grule,"battery file, the same replicates",0.05,p <= alpha,0.06,0.0167928556237467,0.08,0.061962167997012,0.05,0.035,0,0.06,"",200,200,0,0,5.55111512312578e-16,200,0,0,375.805000000004
3,t4_n500,alternative,null_link_n500,500,bagoft,EDGE.sym.sc.Grule,"battery file, the same replicates",0.1,p <= alpha,0.115,0.0225582579114612,0.145,0.114978791309265,0.1,0.08,0,0.115,"",200,200,0,0,5.55111512312578e-16,200,0,0,375.805000000004
3,t4_n500,alternative,null_link_n500,500,bagoft,Stk.joint,"battery file, the same replicates",0.01,p <= alpha,0.01,0.00703562363973514,0.01,0.0202308516768737,0.01,0.005,0,0.01,"",200,200,0,0,5.55111512312578e-16,200,0,0,375.805000000004
3,t4_n500,alternative,null_link_n500,500,bagoft,Stk.joint,"battery file, the same replicates",0.05,p <= alpha,0.06,0.0167928556237467,0.065,0.0618749890373085,0.05,0.035,0,0.06,"",200,200,0,0,5.55111512312578e-16,200,0,0,375.805000000004
3,t4_n500,alternative,null_link_n500,500,bagoft,Stk.joint,"battery file, the same replicates",0.1,p <= alpha,0.11,0.0221246468898376,0.11,0.095615909719264,0.1,0.11,0,0.11,"",200,200,0,0,5.55111512312578e-16,200,0,0,375.805000000004
3,t4_n500,alternative,null_link_n500,500,bagoft,GiViTI,"battery file, the same replicates",0.01,p <= alpha,0,0,0,0.00896243305496935,0.01,0.015,0,0,"",200,200,0,0,5.55111512312578e-16,200,0,0,375.805000000004
3,t4_n500,alternative,null_link_n500,500,bagoft,GiViTI,"battery file, the same replicates",0.05,p <= alpha,0.06,0.0167928556237467,0.03,0.0346292692429485,0.05,0.065,0,0.06,"",200,200,0,0,5.55111512312578e-16,200,0,0,375.805000000004
3,t4_n500,alternative,null_link_n500,500,bagoft,GiViTI,"battery file, the same replicates",0.1,p <= alpha,0.09,0.0202361063448481,0.07,0.0755169621054989,0.1,0.115,0,0.09,"",200,200,0,0,5.55111512312578e-16,200,0,0,375.805000000004
3,t4_n1000,alternative,null_link_n1000,1000,bagoft,BAGofT,block 8,0.01,p < alpha,0.005,0.004987484335815,0.005,0,0.03,0.03,0,0.005,"",200,200,0,0,5.55111512312578e-16,200,0,0,543.605000000003
3,t4_n1000,alternative,null_link_n1000,1000,bagoft,BAGofT,block 8,0.05,p < alpha,0.035,0.012995191418367,0.035,0.03,0.05,0.065,0,0.035,"",200,200,0,0,5.55111512312578e-16,200,0,0,543.605000000003
3,t4_n1000,alternative,null_link_n1000,1000,bagoft,BAGofT,block 8,0.1,p < alpha,0.095,0.0207334271166153,0.065,0.06,0.1,0.135,0,0.095,"",200,200,0,0,5.55111512312578e-16,200,0,0,543.605000000003
3,t4_n1000,alternative,null_link_n1000,1000,bagoft,EDGE.poly3.u.G10,"battery file, the same replicates",0.01,p <= alpha,0.015,0.00859505671883554,0.015,0.00722930086285989,0.01,0.01,0,0.015,"",200,200,0,0,5.55111512312578e-16,200,0,0,543.605000000003
3,t4_n1000,alternative,null_link_n1000,1000,bagoft,EDGE.poly3.u.G10,"battery file, the same replicates",0.05,p <= alpha,0.08,0.0191833260932509,0.04,0.0332729453947925,0.05,0.05,0,0.08,"",200,200,0,0,5.55111512312578e-16,200,0,0,543.605000000003
3,t4_n1000,alternative,null_link_n1000,1000,bagoft,EDGE.poly3.u.G10,"battery file, the same replicates",0.1,p <= alpha,0.15,0.0252487623459052,0.165,0.133496226003488,0.1,0.08,0,0.15,"",200,200,0,0,5.55111512312578e-16,200,0,0,543.605000000003
3,t4_n1000,alternative,null_link_n1000,1000,bagoft,EDGE.poly3.u.Grule,"battery file, the same replicates",0.01,p <= alpha,0.015,0.00859505671883554,0.01,0.0012526888976544,0.01,0.02,0,0.015,"",200,200,0,0,5.55111512312578e-16,200,0,0,543.605000000003
3,t4_n1000,alternative,null_link_n1000,1000,bagoft,EDGE.poly3.u.Grule,"battery file, the same replicates",0.05,p <= alpha,0.07,0.0180416185526687,0.06,0.0417427013495348,0.05,0.055,0,0.07,"",200,200,0,0,5.55111512312578e-16,200,0,0,543.605000000003
3,t4_n1000,alternative,null_link_n1000,1000,bagoft,EDGE.poly3.u.Grule,"battery file, the same replicates",0.1,p <= alpha,0.13,0.0237802439011882,0.14,0.116212514476595,0.1,0.09,0,0.13,"",200,200,0,0,5.55111512312578e-16,200,0,0,543.605000000003
3,t4_n1000,alternative,null_link_n1000,1000,bagoft,EDGE.poly3.sc.G10,"battery file, the same replicates",0.01,p <= alpha,0.01,0.00703562363973514,0.01,0.00597011589891744,0.01,0.01,0,0.01,"",200,200,0,0,5.55111512312578e-16,200,0,0,543.605000000003
3,t4_n1000,alternative,null_link_n1000,1000,bagoft,EDGE.poly3.sc.G10,"battery file, the same replicates",0.05,p <= alpha,0.055,0.0161206389451535,0.045,0.0399314236995704,0.05,0.06,0,0.055,"",200,200,0,0,5.55111512312578e-16,200,0,0,543.605000000003
3,t4_n1000,alternative,null_link_n1000,1000,bagoft,EDGE.poly3.sc.G10,"battery file, the same replicates",0.1,p <= alpha,0.08,0.0191833260932509,0.11,0.117940609402988,0.1,0.08,0,0.08,"",200,200,0,0,5.55111512312578e-16,200,0,0,543.605000000003
3,t4_n1000,alternative,null_link_n1000,1000,bagoft,EDGE.poly3.sc.Grule,"battery file, the same replicates",0.01,p <= alpha,0.015,0.00859505671883554,0.01,0.00253650605809873,0.01,0.015,0,0.015,"",200,200,0,0,5.55111512312578e-16,200,0,0,543.605000000003
3,t4_n1000,alternative,null_link_n1000,1000,bagoft,EDGE.poly3.sc.Grule,"battery file, the same replicates",0.05,p <= alpha,0.075,0.0186245805321892,0.065,0.0363870154070478,0.05,0.05,0,0.075,"",200,200,0,0,5.55111512312578e-16,200,0,0,543.605000000003
3,t4_n1000,alternative,null_link_n1000,1000,bagoft,EDGE.poly3.sc.Grule,"battery file, the same replicates",0.1,p <= alpha,0.13,0.0237802439011882,0.145,0.108412572738959,0.1,0.085,0,0.13,"",200,200,0,0,5.55111512312578e-16,200,0,0,543.605000000003
3,t4_n1000,alternative,null_link_n1000,1000,bagoft,EDGE.sym.u.G10,"battery file, the same replicates",0.01,p <= alpha,0.015,0.00859505671883554,0.005,0.00480785681175009,0.01,0.02,0,0.015,"",200,200,0,0,5.55111512312578e-16,200,0,0,543.605000000003
3,t4_n1000,alternative,null_link_n1000,1000,bagoft,EDGE.sym.u.G10,"battery file, the same replicates",0.05,p <= alpha,0.09,0.0202361063448481,0.085,0.0466118320864363,0.05,0.05,0,0.09,"",200,200,0,0,5.55111512312578e-16,200,0,0,543.605000000003
3,t4_n1000,alternative,null_link_n1000,1000,bagoft,EDGE.sym.u.G10,"battery file, the same replicates",0.1,p <= alpha,0.13,0.0237802439011882,0.16,0.113797772738363,0.1,0.08,0,0.13,"",200,200,0,0,5.55111512312578e-16,200,0,0,543.605000000003
3,t4_n1000,alternative,null_link_n1000,1000,bagoft,EDGE.sym.u.Grule,"battery file, the same replicates",0.01,p <= alpha,0.025,0.0110397010829098,0.01,0.00328353914449676,0.01,0.01,0,0.025,"",200,200,0,0,5.55111512312578e-16,200,0,0,543.605000000003
3,t4_n1000,alternative,null_link_n1000,1000,bagoft,EDGE.sym.u.Grule,"battery file, the same replicates",0.05,p <= alpha,0.07,0.0180416185526687,0.06,0.0442236324062439,0.05,0.055,0,0.07,"",200,200,0,0,5.55111512312578e-16,200,0,0,543.605000000003
3,t4_n1000,alternative,null_link_n1000,1000,bagoft,EDGE.sym.u.Grule,"battery file, the same replicates",0.1,p <= alpha,0.125,0.0233853586673371,0.125,0.108480802573473,0.1,0.09,0,0.125,"",200,200,0,0,5.55111512312578e-16,200,0,0,543.605000000003
3,t4_n1000,alternative,null_link_n1000,1000,bagoft,EDGE.sym.sc.G10,"battery file, the same replicates",0.01,p <= alpha,0.005,0.004987484335815,0,0.00434730700989427,0.01,0.03,0,0.005,"",200,200,0,0,5.55111512312578e-16,200,0,0,543.605000000003
3,t4_n1000,alternative,null_link_n1000,1000,bagoft,EDGE.sym.sc.G10,"battery file, the same replicates",0.05,p <= alpha,0.09,0.0202361063448481,0.095,0.0522588585203929,0.05,0.045,0,0.09,"",200,200,0,0,5.55111512312578e-16,200,0,0,543.605000000003
3,t4_n1000,alternative,null_link_n1000,1000,bagoft,EDGE.sym.sc.G10,"battery file, the same replicates",0.1,p <= alpha,0.14,0.0245356882927706,0.155,0.118572738140579,0.1,0.08,0,0.14,"",200,200,0,0,5.55111512312578e-16,200,0,0,543.605000000003
3,t4_n1000,alternative,null_link_n1000,1000,bagoft,EDGE.sym.sc.Grule,"battery file, the same replicates",0.01,p <= alpha,0.025,0.0110397010829098,0.015,0.00839344571775576,0.01,0.01,0,0.025,"",200,200,0,0,5.55111512312578e-16,200,0,0,543.605000000003
3,t4_n1000,alternative,null_link_n1000,1000,bagoft,EDGE.sym.sc.Grule,"battery file, the same replicates",0.05,p <= alpha,0.065,0.0174320107847603,0.06,0.0460294199797313,0.05,0.05,0,0.065,"",200,200,0,0,5.55111512312578e-16,200,0,0,543.605000000003
3,t4_n1000,alternative,null_link_n1000,1000,bagoft,EDGE.sym.sc.Grule,"battery file, the same replicates",0.1,p <= alpha,0.11,0.0221246468898376,0.11,0.104671807084823,0.1,0.095,0,0.11,"",200,200,0,0,5.55111512312578e-16,200,0,0,543.605000000003
3,t4_n1000,alternative,null_link_n1000,1000,bagoft,Stk.joint,"battery file, the same replicates",0.01,p <= alpha,0.01,0.00703562363973514,0.01,0.00138708131138406,0.01,0.02,0,0.01,"",200,200,0,0,5.55111512312578e-16,200,0,0,543.605000000003
3,t4_n1000,alternative,null_link_n1000,1000,bagoft,Stk.joint,"battery file, the same replicates",0.05,p <= alpha,0.065,0.0174320107847603,0.06,0.0430468526002555,0.05,0.05,0,0.065,"",200,200,0,0,5.55111512312578e-16,200,0,0,543.605000000003
3,t4_n1000,alternative,null_link_n1000,1000,bagoft,Stk.joint,"battery file, the same replicates",0.1,p <= alpha,0.11,0.0221246468898376,0.11,0.10274172853085,0.1,0.095,0,0.11,"",200,200,0,0,5.55111512312578e-16,200,0,0,543.605000000003
3,t4_n1000,alternative,null_link_n1000,1000,bagoft,GiViTI,"battery file, the same replicates",0.01,p <= alpha,0.01,0.00703562363973514,0,0.00407751318145588,0.01,0.025,0,0.01,"",200,200,0,0,5.55111512312578e-16,200,0,0,543.605000000003
3,t4_n1000,alternative,null_link_n1000,1000,bagoft,GiViTI,"battery file, the same replicates",0.05,p <= alpha,0.07,0.0180416185526687,0.05,0.0342302202847667,0.05,0.065,0,0.07,"",200,200,0,0,5.55111512312578e-16,200,0,0,543.605000000003
3,t4_n1000,alternative,null_link_n1000,1000,bagoft,GiViTI,"battery file, the same replicates",0.1,p <= alpha,0.14,0.0245356882927706,0.11,0.0779912747473989,0.1,0.105,0,0.14,"",200,200,0,0,5.55111512312578e-16,200,0,0,543.605000000003
3,loglog_n500,alternative,null_link_n500,500,bagoft,BAGofT,block 8,0.01,p < alpha,0.035,0.012995191418367,0.045,0.01,0.01,0.005,0,0.035,"",200,200,0,0,4.9960036108132e-16,200,0,0,377.329999999999
3,loglog_n500,alternative,null_link_n500,500,bagoft,BAGofT,block 8,0.05,p < alpha,0.09,0.0202361063448481,0.09,0.04,0.07,0.07,0,0.09,"",200,200,0,0,4.9960036108132e-16,200,0,0,377.329999999999
3,loglog_n500,alternative,null_link_n500,500,bagoft,BAGofT,block 8,0.1,p < alpha,0.14,0.0245356882927706,0.14,0.09,0.1,0.1,0,0.14,"",200,200,0,0,4.9960036108132e-16,200,0,0,377.329999999999
3,loglog_n500,alternative,null_link_n500,500,bagoft,EDGE.poly3.u.G10,"battery file, the same replicates",0.01,p <= alpha,0.145,0.0248972890090468,0.27,0.0280787092437375,0.01,0,0,0.145,"",200,200,0,0,4.9960036108132e-16,200,0,0,377.329999999999
3,loglog_n500,alternative,null_link_n500,500,bagoft,EDGE.poly3.u.G10,"battery file, the same replicates",0.05,p <= alpha,0.355,0.0338360015368246,0.335,0.0454101234852754,0.05,0.06,0,0.355,"",200,200,0,0,4.9960036108132e-16,200,0,0,377.329999999999
3,loglog_n500,alternative,null_link_n500,500,bagoft,EDGE.poly3.u.G10,"battery file, the same replicates",0.1,p <= alpha,0.49,0.0353482672842673,0.41,0.075552672954244,0.1,0.125,0,0.49,"",200,200,0,0,4.9960036108132e-16,200,0,0,377.329999999999
3,loglog_n500,alternative,null_link_n500,500,bagoft,EDGE.poly3.u.Grule,"battery file, the same replicates",0.01,p <= alpha,0.145,0.0248972890090468,0.265,0.0299986714156325,0.01,0.005,0,0.145,"",200,200,0,0,4.9960036108132e-16,200,0,0,377.329999999999
3,loglog_n500,alternative,null_link_n500,500,bagoft,EDGE.poly3.u.Grule,"battery file, the same replicates",0.05,p <= alpha,0.36,0.0339411254969543,0.405,0.0617357695612896,0.05,0.035,0,0.36,"",200,200,0,0,4.9960036108132e-16,200,0,0,377.329999999999
3,loglog_n500,alternative,null_link_n500,500,bagoft,EDGE.poly3.u.Grule,"battery file, the same replicates",0.1,p <= alpha,0.525,0.0353111172295638,0.56,0.11247873537013,0.1,0.09,0,0.525,"",200,200,0,0,4.9960036108132e-16,200,0,0,377.329999999999
3,loglog_n500,alternative,null_link_n500,500,bagoft,EDGE.poly3.sc.G10,"battery file, the same replicates",0.01,p <= alpha,0.11,0.0221246468898376,0.135,0.014277996218998,0.01,0.005,0,0.11,"",200,200,0,0,4.9960036108132e-16,200,0,0,377.329999999999
3,loglog_n500,alternative,null_link_n500,500,bagoft,EDGE.poly3.sc.G10,"battery file, the same replicates",0.05,p <= alpha,0.29,0.0320858224142689,0.31,0.0589571065082901,0.05,0.045,0,0.29,"",200,200,0,0,4.9960036108132e-16,200,0,0,377.329999999999
3,loglog_n500,alternative,null_link_n500,500,bagoft,EDGE.poly3.sc.G10,"battery file, the same replicates",0.1,p <= alpha,0.44,0.0350998575495685,0.425,0.0917884898968017,0.1,0.105,0,0.44,"",200,200,0,0,4.9960036108132e-16,200,0,0,377.329999999999
3,loglog_n500,alternative,null_link_n500,500,bagoft,EDGE.poly3.sc.Grule,"battery file, the same replicates",0.01,p <= alpha,0.115,0.0225582579114612,0.155,0.0177524143177004,0.01,0,0,0.115,"",200,200,0,0,4.9960036108132e-16,200,0,0,377.329999999999
3,loglog_n500,alternative,null_link_n500,500,bagoft,EDGE.poly3.sc.Grule,"battery file, the same replicates",0.05,p <= alpha,0.305,0.0325557214633619,0.34,0.0676151706863997,0.05,0.02,0,0.305,"",200,200,0,0,4.9960036108132e-16,200,0,0,377.329999999999
3,loglog_n500,alternative,null_link_n500,500,bagoft,EDGE.poly3.sc.Grule,"battery file, the same replicates",0.1,p <= alpha,0.425,0.0349553286352739,0.425,0.101671829391896,0.1,0.095,0,0.425,"",200,200,0,0,4.9960036108132e-16,200,0,0,377.329999999999
3,loglog_n500,alternative,null_link_n500,500,bagoft,EDGE.sym.u.G10,"battery file, the same replicates",0.01,p <= alpha,0.05,0.0154110350074224,0.05,0.00954465561539948,0.01,0.01,0,0.05,"",200,200,0,0,4.9960036108132e-16,200,0,0,377.329999999999
3,loglog_n500,alternative,null_link_n500,500,bagoft,EDGE.sym.u.G10,"battery file, the same replicates",0.05,p <= alpha,0.2,0.0282842712474619,0.195,0.0459082226419085,0.05,0.06,0,0.2,"",200,200,0,0,4.9960036108132e-16,200,0,0,377.329999999999
3,loglog_n500,alternative,null_link_n500,500,bagoft,EDGE.sym.u.G10,"battery file, the same replicates",0.1,p <= alpha,0.33,0.0332490601370926,0.28,0.0765534238071888,0.1,0.125,0,0.33,"",200,200,0,0,4.9960036108132e-16,200,0,0,377.329999999999
3,loglog_n500,alternative,null_link_n500,500,bagoft,EDGE.sym.u.Grule,"battery file, the same replicates",0.01,p <= alpha,0.015,0.00859505671883554,0.065,0.0210742190203532,0.01,0,0,0.015,"",200,200,0,0,4.9960036108132e-16,200,0,0,377.329999999999
3,loglog_n500,alternative,null_link_n500,500,bagoft,EDGE.sym.u.Grule,"battery file, the same replicates",0.05,p <= alpha,0.17,0.0265612499705869,0.2,0.0664981066986279,0.05,0.03,0,0.17,"",200,200,0,0,4.9960036108132e-16,200,0,0,377.329999999999
3,loglog_n500,alternative,null_link_n500,500,bagoft,EDGE.sym.u.Grule,"battery file, the same replicates",0.1,p <= alpha,0.305,0.0325557214633619,0.35,0.11462572117965,0.1,0.075,0,0.305,"",200,200,0,0,4.9960036108132e-16,200,0,0,377.329999999999
3,loglog_n500,alternative,null_link_n500,500,bagoft,EDGE.sym.sc.G10,"battery file, the same replicates",0.01,p <= alpha,0.055,0.0161206389451535,0.045,0.00633155299861587,0.01,0.01,0,0.055,"",200,200,0,0,4.9960036108132e-16,200,0,0,377.329999999999
3,loglog_n500,alternative,null_link_n500,500,bagoft,EDGE.sym.sc.G10,"battery file, the same replicates",0.05,p <= alpha,0.175,0.0268677315752558,0.155,0.0424525606458922,0.05,0.07,0,0.175,"",200,200,0,0,4.9960036108132e-16,200,0,0,377.329999999999
3,loglog_n500,alternative,null_link_n500,500,bagoft,EDGE.sym.sc.G10,"battery file, the same replicates",0.1,p <= alpha,0.285,0.0319198214280719,0.235,0.0675426153808055,0.1,0.135,0,0.285,"",200,200,0,0,4.9960036108132e-16,200,0,0,377.329999999999
3,loglog_n500,alternative,null_link_n500,500,bagoft,EDGE.sym.sc.Grule,"battery file, the same replicates",0.01,p <= alpha,0.05,0.0154110350074224,0.085,0.0149440470241011,0.01,0,0,0.05,"",200,200,0,0,4.9960036108132e-16,200,0,0,377.329999999999
3,loglog_n500,alternative,null_link_n500,500,bagoft,EDGE.sym.sc.Grule,"battery file, the same replicates",0.05,p <= alpha,0.18,0.0271661554144123,0.215,0.061962167997012,0.05,0.035,0,0.18,"",200,200,0,0,4.9960036108132e-16,200,0,0,377.329999999999
3,loglog_n500,alternative,null_link_n500,500,bagoft,EDGE.sym.sc.Grule,"battery file, the same replicates",0.1,p <= alpha,0.28,0.0317490157327751,0.32,0.114978791309265,0.1,0.08,0,0.28,"",200,200,0,0,4.9960036108132e-16,200,0,0,377.329999999999
3,loglog_n500,alternative,null_link_n500,500,bagoft,Stk.joint,"battery file, the same replicates",0.01,p <= alpha,0.15,0.0252487623459052,0.225,0.0202308516768737,0.01,0.005,0,0.15,"",200,200,0,0,4.9960036108132e-16,200,0,0,377.329999999999
3,loglog_n500,alternative,null_link_n500,500,bagoft,Stk.joint,"battery file, the same replicates",0.05,p <= alpha,0.36,0.0339411254969543,0.41,0.0618749890373085,0.05,0.035,0,0.36,"",200,200,0,0,4.9960036108132e-16,200,0,0,377.329999999999
3,loglog_n500,alternative,null_link_n500,500,bagoft,Stk.joint,"battery file, the same replicates",0.1,p <= alpha,0.51,0.0353482672842673,0.495,0.095615909719264,0.1,0.11,0,0.51,"",200,200,0,0,4.9960036108132e-16,200,0,0,377.329999999999
3,loglog_n500,alternative,null_link_n500,500,bagoft,GiViTI,"battery file, the same replicates",0.01,p <= alpha,0.21,0.0288010416478293,0.21,0.00896243305496935,0.01,0.015,0,0.21,"",200,200,0,0,4.9960036108132e-16,200,0,0,377.329999999999
3,loglog_n500,alternative,null_link_n500,500,bagoft,GiViTI,"battery file, the same replicates",0.05,p <= alpha,0.455,0.0352118587978539,0.395,0.0346292692429485,0.05,0.065,0,0.455,"",200,200,0,0,4.9960036108132e-16,200,0,0,377.329999999999
3,loglog_n500,alternative,null_link_n500,500,bagoft,GiViTI,"battery file, the same replicates",0.1,p <= alpha,0.57,0.0350071421284286,0.525,0.0755169621054989,0.1,0.115,0,0.57,"",200,200,0,0,4.9960036108132e-16,200,0,0,377.329999999999
3,loglog_n1000,alternative,null_link_n1000,1000,bagoft,BAGofT,block 8,0.01,p < alpha,0.135,0.0241635055403805,0.135,0,0.03,0.03,0,0.135,"",200,200,0,0,5.55111512312578e-16,200,0,0,543.005000000001
3,loglog_n1000,alternative,null_link_n1000,1000,bagoft,BAGofT,block 8,0.05,p < alpha,0.28,0.0317490157327751,0.27,0.03,0.05,0.065,0,0.28,"",200,200,0,0,5.55111512312578e-16,200,0,0,543.005000000001
3,loglog_n1000,alternative,null_link_n1000,1000,bagoft,BAGofT,block 8,0.1,p < alpha,0.355,0.0338360015368246,0.315,0.06,0.1,0.135,0,0.355,"",200,200,0,0,5.55111512312578e-16,200,0,0,543.005000000001
3,loglog_n1000,alternative,null_link_n1000,1000,bagoft,EDGE.poly3.u.G10,"battery file, the same replicates",0.01,p <= alpha,0.38,0.034322004603461,0.33,0.00722930086285989,0.01,0.01,0,0.38,"",200,200,0,0,5.55111512312578e-16,200,0,0,543.005000000001
3,loglog_n1000,alternative,null_link_n1000,1000,bagoft,EDGE.poly3.u.G10,"battery file, the same replicates",0.05,p <= alpha,0.71,0.0320858224142689,0.605,0.0332729453947925,0.05,0.05,0,0.71,"",200,200,0,0,5.55111512312578e-16,200,0,0,543.005000000001
3,loglog_n1000,alternative,null_link_n1000,1000,bagoft,EDGE.poly3.u.G10,"battery file, the same replicates",0.1,p <= alpha,0.805,0.0280156206427771,0.855,0.133496226003488,0.1,0.08,0,0.805,"",200,200,0,0,5.55111512312578e-16,200,0,0,543.005000000001
3,loglog_n1000,alternative,null_link_n1000,1000,bagoft,EDGE.poly3.u.Grule,"battery file, the same replicates",0.01,p <= alpha,0.415,0.0348407089480108,0.175,0.0012526888976544,0.01,0.02,0,0.415,"",200,200,0,0,5.55111512312578e-16,200,0,0,543.005000000001
3,loglog_n1000,alternative,null_link_n1000,1000,bagoft,EDGE.poly3.u.Grule,"battery file, the same replicates",0.05,p <= alpha,0.73,0.0313926743046845,0.71,0.0417427013495348,0.05,0.055,0,0.73,"",200,200,0,0,5.55111512312578e-16,200,0,0,543.005000000001
3,loglog_n1000,alternative,null_link_n1000,1000,bagoft,EDGE.poly3.u.Grule,"battery file, the same replicates",0.1,p <= alpha,0.84,0.0259229627936314,0.85,0.116212514476595,0.1,0.09,0,0.84,"",200,200,0,0,5.55111512312578e-16,200,0,0,543.005000000001
3,loglog_n1000,alternative,null_link_n1000,1000,bagoft,EDGE.poly3.sc.G10,"battery file, the same replicates",0.01,p <= alpha,0.28,0.0317490157327751,0.23,0.00597011589891744,0.01,0.01,0,0.28,"",200,200,0,0,5.55111512312578e-16,200,0,0,543.005000000001
3,loglog_n1000,alternative,null_link_n1000,1000,bagoft,EDGE.poly3.sc.G10,"battery file, the same replicates",0.05,p <= alpha,0.57,0.0350071421284286,0.52,0.0399314236995704,0.05,0.06,0,0.57,"",200,200,0,0,5.55111512312578e-16,200,0,0,543.005000000001
3,loglog_n1000,alternative,null_link_n1000,1000,bagoft,EDGE.poly3.sc.G10,"battery file, the same replicates",0.1,p <= alpha,0.685,0.0328462326606873,0.735,0.117940609402988,0.1,0.08,0,0.685,"",200,200,0,0,5.55111512312578e-16,200,0,0,543.005000000001
3,loglog_n1000,alternative,null_link_n1000,1000,bagoft,EDGE.poly3.sc.Grule,"battery file, the same replicates",0.01,p <= alpha,0.305,0.0325557214633619,0.155,0.00253650605809873,0.01,0.015,0,0.305,"",200,200,0,0,5.55111512312578e-16,200,0,0,543.005000000001
3,loglog_n1000,alternative,null_link_n1000,1000,bagoft,EDGE.poly3.sc.Grule,"battery file, the same replicates",0.05,p <= alpha,0.565,0.0350553134346279,0.495,0.0363870154070478,0.05,0.05,0,0.565,"",200,200,0,0,5.55111512312578e-16,200,0,0,543.005000000001
3,loglog_n1000,alternative,null_link_n1000,1000,bagoft,EDGE.poly3.sc.Grule,"battery file, the same replicates",0.1,p <= alpha,0.695,0.0325557214633619,0.705,0.108412572738959,0.1,0.085,0,0.695,"",200,200,0,0,5.55111512312578e-16,200,0,0,543.005000000001
3,loglog_n1000,alternative,null_link_n1000,1000,bagoft,EDGE.sym.u.G10,"battery file, the same replicates",0.01,p <= alpha,0.14,0.0245356882927706,0.09,0.00480785681175009,0.01,0.02,0,0.14,"",200,200,0,0,5.55111512312578e-16,200,0,0,543.005000000001
3,loglog_n1000,alternative,null_link_n1000,1000,bagoft,EDGE.sym.u.G10,"battery file, the same replicates",0.05,p <= alpha,0.37,0.0341394200302231,0.35,0.0466118320864363,0.05,0.05,0,0.37,"",200,200,0,0,5.55111512312578e-16,200,0,0,543.005000000001
3,loglog_n1000,alternative,null_link_n1000,1000,bagoft,EDGE.sym.u.G10,"battery file, the same replicates",0.1,p <= alpha,0.59,0.0347778665245584,0.62,0.113797772738363,0.1,0.08,0,0.59,"",200,200,0,0,5.55111512312578e-16,200,0,0,543.005000000001
3,loglog_n1000,alternative,null_link_n1000,1000,bagoft,EDGE.sym.u.Grule,"battery file, the same replicates",0.01,p <= alpha,0.095,0.0207334271166153,0.05,0.00328353914449676,0.01,0.01,0,0.095,"",200,200,0,0,5.55111512312578e-16,200,0,0,543.005000000001
3,loglog_n1000,alternative,null_link_n1000,1000,bagoft,EDGE.sym.u.Grule,"battery file, the same replicates",0.05,p <= alpha,0.395,0.0345669639974355,0.385,0.0442236324062439,0.05,0.055,0,0.395,"",200,200,0,0,5.55111512312578e-16,200,0,0,543.005000000001
3,loglog_n1000,alternative,null_link_n1000,1000,bagoft,EDGE.sym.u.Grule,"battery file, the same replicates",0.1,p <= alpha,0.535,0.0352686121076518,0.54,0.108480802573473,0.1,0.09,0,0.535,"",200,200,0,0,5.55111512312578e-16,200,0,0,543.005000000001
3,loglog_n1000,alternative,null_link_n1000,1000,bagoft,EDGE.sym.sc.G10,"battery file, the same replicates",0.01,p <= alpha,0.115,0.0225582579114612,0.06,0.00434730700989427,0.01,0.03,0,0.115,"",200,200,0,0,5.55111512312578e-16,200,0,0,543.005000000001
3,loglog_n1000,alternative,null_link_n1000,1000,bagoft,EDGE.sym.sc.G10,"battery file, the same replicates",0.05,p <= alpha,0.31,0.0327032108515357,0.315,0.0522588585203929,0.05,0.045,0,0.31,"",200,200,0,0,5.55111512312578e-16,200,0,0,543.005000000001
3,loglog_n1000,alternative,null_link_n1000,1000,bagoft,EDGE.sym.sc.G10,"battery file, the same replicates",0.1,p <= alpha,0.445,0.0351407882666283,0.47,0.118572738140579,0.1,0.08,0,0.445,"",200,200,0,0,5.55111512312578e-16,200,0,0,543.005000000001
3,loglog_n1000,alternative,null_link_n1000,1000,bagoft,EDGE.sym.sc.Grule,"battery file, the same replicates",0.01,p <= alpha,0.095,0.0207334271166153,0.09,0.00839344571775576,0.01,0.01,0,0.095,"",200,200,0,0,5.55111512312578e-16,200,0,0,543.005000000001
3,loglog_n1000,alternative,null_link_n1000,1000,bagoft,EDGE.sym.sc.Grule,"battery file, the same replicates",0.05,p <= alpha,0.38,0.034322004603461,0.365,0.0460294199797313,0.05,0.05,0,0.38,"",200,200,0,0,5.55111512312578e-16,200,0,0,543.005000000001
3,loglog_n1000,alternative,null_link_n1000,1000,bagoft,EDGE.sym.sc.Grule,"battery file, the same replicates",0.1,p <= alpha,0.49,0.0353482672842673,0.5,0.104671807084823,0.1,0.095,0,0.49,"",200,200,0,0,5.55111512312578e-16,200,0,0,543.005000000001
3,loglog_n1000,alternative,null_link_n1000,1000,bagoft,Stk.joint,"battery file, the same replicates",0.01,p <= alpha,0.435,0.0350553134346279,0.18,0.00138708131138406,0.01,0.02,0,0.435,"",200,200,0,0,5.55111512312578e-16,200,0,0,543.005000000001
3,loglog_n1000,alternative,null_link_n1000,1000,bagoft,Stk.joint,"battery file, the same replicates",0.05,p <= alpha,0.745,0.0308200421803735,0.71,0.0430468526002555,0.05,0.05,0,0.745,"",200,200,0,0,5.55111512312578e-16,200,0,0,543.005000000001
3,loglog_n1000,alternative,null_link_n1000,1000,bagoft,Stk.joint,"battery file, the same replicates",0.1,p <= alpha,0.845,0.0255905255905384,0.85,0.10274172853085,0.1,0.095,0,0.845,"",200,200,0,0,5.55111512312578e-16,200,0,0,543.005000000001
3,loglog_n1000,alternative,null_link_n1000,1000,bagoft,GiViTI,"battery file, the same replicates",0.01,p <= alpha,0.525,0.0353111172295638,0.4,0.00407751318145588,0.01,0.025,0,0.525,"",200,200,0,0,5.55111512312578e-16,200,0,0,543.005000000001
3,loglog_n1000,alternative,null_link_n1000,1000,bagoft,GiViTI,"battery file, the same replicates",0.05,p <= alpha,0.775,0.0295275295275443,0.74,0.0342302202847667,0.05,0.065,0,0.775,"",200,200,0,0,5.55111512312578e-16,200,0,0,543.005000000001
3,loglog_n1000,alternative,null_link_n1000,1000,bagoft,GiViTI,"battery file, the same replicates",0.1,p <= alpha,0.855,0.0248972890090468,0.82,0.0779912747473989,0.1,0.105,0,0.855,"",200,200,0,0,5.55111512312578e-16,200,0,0,543.005000000001
1b,null_base_n610,null,,610,bagoft,BAGofT,block 8,0.01,p < alpha,0.005,0.004987484335815,,,,,0,0.005,"",200,200,0,0,5.55111512312578e-16,,0,0,401.580000000002
1b,null_base_n610,null,,610,bagoft,BAGofT,block 8,0.05,p < alpha,0.025,0.0110397010829098,,,,,0,0.025,"",200,200,0,0,5.55111512312578e-16,,0,0,401.580000000002
1b,null_base_n610,null,,610,bagoft,BAGofT,block 8,0.1,p < alpha,0.055,0.0161206389451535,,,,,0,0.055,"",200,200,0,0,5.55111512312578e-16,,0,0,401.580000000002
1b,null_base_n610,null,,610,bagoft,EDGE.poly3.u.G10,"battery file, the same replicates",0.01,p <= alpha,0.01,0.00703562363973514,,,,,0,0.01,"",200,200,0,0,5.55111512312578e-16,,0,0,401.580000000002
1b,null_base_n610,null,,610,bagoft,EDGE.poly3.u.G10,"battery file, the same replicates",0.05,p <= alpha,0.06,0.0167928556237467,,,,,0,0.06,"",200,200,0,0,5.55111512312578e-16,,0,0,401.580000000002
1b,null_base_n610,null,,610,bagoft,EDGE.poly3.u.G10,"battery file, the same replicates",0.1,p <= alpha,0.13,0.0237802439011882,,,,,0,0.13,"",200,200,0,0,5.55111512312578e-16,,0,0,401.580000000002
1b,null_base_n610,null,,610,bagoft,EDGE.poly3.u.Grule,"battery file, the same replicates",0.01,p <= alpha,0.01,0.00703562363973514,,,,,0,0.01,"",200,200,0,0,5.55111512312578e-16,,0,0,401.580000000002
1b,null_base_n610,null,,610,bagoft,EDGE.poly3.u.Grule,"battery file, the same replicates",0.05,p <= alpha,0.07,0.0180416185526687,,,,,0,0.07,"",200,200,0,0,5.55111512312578e-16,,0,0,401.580000000002
1b,null_base_n610,null,,610,bagoft,EDGE.poly3.u.Grule,"battery file, the same replicates",0.1,p <= alpha,0.105,0.0216766002869454,,,,,0,0.105,"",200,200,0,0,5.55111512312578e-16,,0,0,401.580000000002
1b,null_base_n610,null,,610,bagoft,EDGE.poly3.sc.G10,"battery file, the same replicates",0.01,p <= alpha,0.015,0.00859505671883554,,,,,0,0.015,"",200,200,0,0,5.55111512312578e-16,,0,0,401.580000000002
1b,null_base_n610,null,,610,bagoft,EDGE.poly3.sc.G10,"battery file, the same replicates",0.05,p <= alpha,0.075,0.0186245805321892,,,,,0,0.075,"",200,200,0,0,5.55111512312578e-16,,0,0,401.580000000002
1b,null_base_n610,null,,610,bagoft,EDGE.poly3.sc.G10,"battery file, the same replicates",0.1,p <= alpha,0.105,0.0216766002869454,,,,,0,0.105,"",200,200,0,0,5.55111512312578e-16,,0,0,401.580000000002
1b,null_base_n610,null,,610,bagoft,EDGE.poly3.sc.Grule,"battery file, the same replicates",0.01,p <= alpha,0.01,0.00703562363973514,,,,,0,0.01,"",200,200,0,0,5.55111512312578e-16,,0,0,401.580000000002
1b,null_base_n610,null,,610,bagoft,EDGE.poly3.sc.Grule,"battery file, the same replicates",0.05,p <= alpha,0.06,0.0167928556237467,,,,,0,0.06,"",200,200,0,0,5.55111512312578e-16,,0,0,401.580000000002
1b,null_base_n610,null,,610,bagoft,EDGE.poly3.sc.Grule,"battery file, the same replicates",0.1,p <= alpha,0.12,0.0229782505861521,,,,,0,0.12,"",200,200,0,0,5.55111512312578e-16,,0,0,401.580000000002
1b,null_base_n610,null,,610,bagoft,EDGE.sym.u.G10,"battery file, the same replicates",0.01,p <= alpha,0.01,0.00703562363973514,,,,,0,0.01,"",200,200,0,0,5.55111512312578e-16,,0,0,401.580000000002
1b,null_base_n610,null,,610,bagoft,EDGE.sym.u.G10,"battery file, the same replicates",0.05,p <= alpha,0.05,0.0154110350074224,,,,,0,0.05,"",200,200,0,0,5.55111512312578e-16,,0,0,401.580000000002
1b,null_base_n610,null,,610,bagoft,EDGE.sym.u.G10,"battery file, the same replicates",0.1,p <= alpha,0.13,0.0237802439011882,,,,,0,0.13,"",200,200,0,0,5.55111512312578e-16,,0,0,401.580000000002
1b,null_base_n610,null,,610,bagoft,EDGE.sym.u.Grule,"battery file, the same replicates",0.01,p <= alpha,0.01,0.00703562363973514,,,,,0,0.01,"",200,200,0,0,5.55111512312578e-16,,0,0,401.580000000002
1b,null_base_n610,null,,610,bagoft,EDGE.sym.u.Grule,"battery file, the same replicates",0.05,p <= alpha,0.075,0.0186245805321892,,,,,0,0.075,"",200,200,0,0,5.55111512312578e-16,,0,0,401.580000000002
1b,null_base_n610,null,,610,bagoft,EDGE.sym.u.Grule,"battery file, the same replicates",0.1,p <= alpha,0.165,0.0262464283284412,,,,,0,0.165,"",200,200,0,0,5.55111512312578e-16,,0,0,401.580000000002
1b,null_base_n610,null,,610,bagoft,EDGE.sym.sc.G10,"battery file, the same replicates",0.01,p <= alpha,0.01,0.00703562363973514,,,,,0,0.01,"",200,200,0,0,5.55111512312578e-16,,0,0,401.580000000002
1b,null_base_n610,null,,610,bagoft,EDGE.sym.sc.G10,"battery file, the same replicates",0.05,p <= alpha,0.045,0.014658615214269,,,,,0,0.045,"",200,200,0,0,5.55111512312578e-16,,0,0,401.580000000002
1b,null_base_n610,null,,610,bagoft,EDGE.sym.sc.G10,"battery file, the same replicates",0.1,p <= alpha,0.125,0.0233853586673371,,,,,0,0.125,"",200,200,0,0,5.55111512312578e-16,,0,0,401.580000000002
1b,null_base_n610,null,,610,bagoft,EDGE.sym.sc.Grule,"battery file, the same replicates",0.01,p <= alpha,0.01,0.00703562363973514,,,,,0,0.01,"",200,200,0,0,5.55111512312578e-16,,0,0,401.580000000002
1b,null_base_n610,null,,610,bagoft,EDGE.sym.sc.Grule,"battery file, the same replicates",0.05,p <= alpha,0.07,0.0180416185526687,,,,,0,0.07,"",200,200,0,0,5.55111512312578e-16,,0,0,401.580000000002
1b,null_base_n610,null,,610,bagoft,EDGE.sym.sc.Grule,"battery file, the same replicates",0.1,p <= alpha,0.145,0.0248972890090468,,,,,0,0.145,"",200,200,0,0,5.55111512312578e-16,,0,0,401.580000000002
1b,null_base_n610,null,,610,bagoft,Stk.joint,"battery file, the same replicates",0.01,p <= alpha,0.01,0.00703562363973514,,,,,0,0.01,"",200,200,0,0,5.55111512312578e-16,,0,0,401.580000000002
1b,null_base_n610,null,,610,bagoft,Stk.joint,"battery file, the same replicates",0.05,p <= alpha,0.06,0.0167928556237467,,,,,0,0.06,"",200,200,0,0,5.55111512312578e-16,,0,0,401.580000000002
1b,null_base_n610,null,,610,bagoft,Stk.joint,"battery file, the same replicates",0.1,p <= alpha,0.12,0.0229782505861521,,,,,0,0.12,"",200,200,0,0,5.55111512312578e-16,,0,0,401.580000000002
1b,null_base_n610,null,,610,bagoft,GiViTI,"battery file, the same replicates",0.01,p <= alpha,0.005,0.004987484335815,,,,,0,0.005,"",200,200,0,0,5.55111512312578e-16,,0,0,401.580000000002
1b,null_base_n610,null,,610,bagoft,GiViTI,"battery file, the same replicates",0.05,p <= alpha,0.045,0.014658615214269,,,,,0,0.045,"",200,200,0,0,5.55111512312578e-16,,0,0,401.580000000002
1b,null_base_n610,null,,610,bagoft,GiViTI,"battery file, the same replicates",0.1,p <= alpha,0.115,0.0225582579114612,,,,,0,0.115,"",200,200,0,0,5.55111512312578e-16,,0,0,401.580000000002
1b,null_base_n1000,null,,1000,bagoft,BAGofT,block 8,0.01,p < alpha,0.01,0.00703562363973514,,,,,0,0.01,"",200,200,0,0,5.55111512312578e-16,,0,0,540
1b,null_base_n1000,null,,1000,bagoft,BAGofT,block 8,0.05,p < alpha,0.075,0.0186245805321892,,,,,0,0.075,"",200,200,0,0,5.55111512312578e-16,,0,0,540
1b,null_base_n1000,null,,1000,bagoft,BAGofT,block 8,0.1,p < alpha,0.14,0.0245356882927706,,,,,0,0.14,"",200,200,0,0,5.55111512312578e-16,,0,0,540
1b,null_base_n1000,null,,1000,bagoft,EDGE.poly3.u.G10,"battery file, the same replicates",0.01,p <= alpha,0.01,0.00703562363973514,,,,,0,0.01,"",200,200,0,0,5.55111512312578e-16,,0,0,540
1b,null_base_n1000,null,,1000,bagoft,EDGE.poly3.u.G10,"battery file, the same replicates",0.05,p <= alpha,0.065,0.0174320107847603,,,,,0,0.065,"",200,200,0,0,5.55111512312578e-16,,0,0,540
1b,null_base_n1000,null,,1000,bagoft,EDGE.poly3.u.G10,"battery file, the same replicates",0.1,p <= alpha,0.1,0.0212132034355964,,,,,0,0.1,"",200,200,0,0,5.55111512312578e-16,,0,0,540
1b,null_base_n1000,null,,1000,bagoft,EDGE.poly3.u.Grule,"battery file, the same replicates",0.01,p <= alpha,0.015,0.00859505671883554,,,,,0,0.015,"",200,200,0,0,5.55111512312578e-16,,0,0,540
1b,null_base_n1000,null,,1000,bagoft,EDGE.poly3.u.Grule,"battery file, the same replicates",0.05,p <= alpha,0.04,0.013856406460551,,,,,0,0.04,"",200,200,0,0,5.55111512312578e-16,,0,0,540
1b,null_base_n1000,null,,1000,bagoft,EDGE.poly3.u.Grule,"battery file, the same replicates",0.1,p <= alpha,0.095,0.0207334271166153,,,,,0,0.095,"",200,200,0,0,5.55111512312578e-16,,0,0,540
1b,null_base_n1000,null,,1000,bagoft,EDGE.poly3.sc.G10,"battery file, the same replicates",0.01,p <= alpha,0.015,0.00859505671883554,,,,,0,0.015,"",200,200,0,0,5.55111512312578e-16,,0,0,540
1b,null_base_n1000,null,,1000,bagoft,EDGE.poly3.sc.G10,"battery file, the same replicates",0.05,p <= alpha,0.075,0.0186245805321892,,,,,0,0.075,"",200,200,0,0,5.55111512312578e-16,,0,0,540
1b,null_base_n1000,null,,1000,bagoft,EDGE.poly3.sc.G10,"battery file, the same replicates",0.1,p <= alpha,0.115,0.0225582579114612,,,,,0,0.115,"",200,200,0,0,5.55111512312578e-16,,0,0,540
1b,null_base_n1000,null,,1000,bagoft,EDGE.poly3.sc.Grule,"battery file, the same replicates",0.01,p <= alpha,0.015,0.00859505671883554,,,,,0,0.015,"",200,200,0,0,5.55111512312578e-16,,0,0,540
1b,null_base_n1000,null,,1000,bagoft,EDGE.poly3.sc.Grule,"battery file, the same replicates",0.05,p <= alpha,0.05,0.0154110350074224,,,,,0,0.05,"",200,200,0,0,5.55111512312578e-16,,0,0,540
1b,null_base_n1000,null,,1000,bagoft,EDGE.poly3.sc.Grule,"battery file, the same replicates",0.1,p <= alpha,0.085,0.019719913792915,,,,,0,0.085,"",200,200,0,0,5.55111512312578e-16,,0,0,540
1b,null_base_n1000,null,,1000,bagoft,EDGE.sym.u.G10,"battery file, the same replicates",0.01,p <= alpha,0.015,0.00859505671883554,,,,,0,0.015,"",200,200,0,0,5.55111512312578e-16,,0,0,540
1b,null_base_n1000,null,,1000,bagoft,EDGE.sym.u.G10,"battery file, the same replicates",0.05,p <= alpha,0.05,0.0154110350074224,,,,,0,0.05,"",200,200,0,0,5.55111512312578e-16,,0,0,540
1b,null_base_n1000,null,,1000,bagoft,EDGE.sym.u.G10,"battery file, the same replicates",0.1,p <= alpha,0.075,0.0186245805321892,,,,,0,0.075,"",200,200,0,0,5.55111512312578e-16,,0,0,540
1b,null_base_n1000,null,,1000,bagoft,EDGE.sym.u.Grule,"battery file, the same replicates",0.01,p <= alpha,0.005,0.004987484335815,,,,,0,0.005,"",200,200,0,0,5.55111512312578e-16,,0,0,540
1b,null_base_n1000,null,,1000,bagoft,EDGE.sym.u.Grule,"battery file, the same replicates",0.05,p <= alpha,0.07,0.0180416185526687,,,,,0,0.07,"",200,200,0,0,5.55111512312578e-16,,0,0,540
1b,null_base_n1000,null,,1000,bagoft,EDGE.sym.u.Grule,"battery file, the same replicates",0.1,p <= alpha,0.125,0.0233853586673371,,,,,0,0.125,"",200,200,0,0,5.55111512312578e-16,,0,0,540
1b,null_base_n1000,null,,1000,bagoft,EDGE.sym.sc.G10,"battery file, the same replicates",0.01,p <= alpha,0.015,0.00859505671883554,,,,,0,0.015,"",200,200,0,0,5.55111512312578e-16,,0,0,540
1b,null_base_n1000,null,,1000,bagoft,EDGE.sym.sc.G10,"battery file, the same replicates",0.05,p <= alpha,0.055,0.0161206389451535,,,,,0,0.055,"",200,200,0,0,5.55111512312578e-16,,0,0,540
1b,null_base_n1000,null,,1000,bagoft,EDGE.sym.sc.G10,"battery file, the same replicates",0.1,p <= alpha,0.08,0.0191833260932509,,,,,0,0.08,"",200,200,0,0,5.55111512312578e-16,,0,0,540
1b,null_base_n1000,null,,1000,bagoft,EDGE.sym.sc.Grule,"battery file, the same replicates",0.01,p <= alpha,0.005,0.004987484335815,,,,,0,0.005,"",200,200,0,0,5.55111512312578e-16,,0,0,540
1b,null_base_n1000,null,,1000,bagoft,EDGE.sym.sc.Grule,"battery file, the same replicates",0.05,p <= alpha,0.06,0.0167928556237467,,,,,0,0.06,"",200,200,0,0,5.55111512312578e-16,,0,0,540
1b,null_base_n1000,null,,1000,bagoft,EDGE.sym.sc.Grule,"battery file, the same replicates",0.1,p <= alpha,0.125,0.0233853586673371,,,,,0,0.125,"",200,200,0,0,5.55111512312578e-16,,0,0,540
1b,null_base_n1000,null,,1000,bagoft,Stk.joint,"battery file, the same replicates",0.01,p <= alpha,0.01,0.00703562363973514,,,,,0,0.01,"",200,200,0,0,5.55111512312578e-16,,0,0,540
1b,null_base_n1000,null,,1000,bagoft,Stk.joint,"battery file, the same replicates",0.05,p <= alpha,0.045,0.014658615214269,,,,,0,0.045,"",200,200,0,0,5.55111512312578e-16,,0,0,540
1b,null_base_n1000,null,,1000,bagoft,Stk.joint,"battery file, the same replicates",0.1,p <= alpha,0.095,0.0207334271166153,,,,,0,0.095,"",200,200,0,0,5.55111512312578e-16,,0,0,540
1b,null_base_n1000,null,,1000,bagoft,GiViTI,"battery file, the same replicates",0.01,p <= alpha,0.015,0.00859505671883554,,,,,0,0.015,"",200,200,0,0,5.55111512312578e-16,,0,0,540
1b,null_base_n1000,null,,1000,bagoft,GiViTI,"battery file, the same replicates",0.05,p <= alpha,0.04,0.013856406460551,,,,,0,0.04,"",200,200,0,0,5.55111512312578e-16,,0,0,540
1b,null_base_n1000,null,,1000,bagoft,GiViTI,"battery file, the same replicates",0.1,p <= alpha,0.075,0.0186245805321892,,,,,0,0.075,"",200,200,0,0,5.55111512312578e-16,,0,0,540
1b,null_auc_n460,null,,460,bagoft,BAGofT,block 8,0.01,p < alpha,0.01,0.00703562363973514,,,,,0,0.01,"",200,200,0,0,5.55111512312578e-16,,0,0,352.18
1b,null_auc_n460,null,,460,bagoft,BAGofT,block 8,0.05,p < alpha,0.04,0.013856406460551,,,,,0,0.04,"",200,200,0,0,5.55111512312578e-16,,0,0,352.18
1b,null_auc_n460,null,,460,bagoft,BAGofT,block 8,0.1,p < alpha,0.155,0.0255905255905384,,,,,0,0.155,"",200,200,0,0,5.55111512312578e-16,,0,0,352.18
1b,null_auc_n460,null,,460,bagoft,EDGE.poly3.u.G10,"battery file, the same replicates",0.01,p <= alpha,0.015,0.00859505671883554,,,,,0,0.015,"",200,200,0,0,5.55111512312578e-16,,0,0,352.18
1b,null_auc_n460,null,,460,bagoft,EDGE.poly3.u.G10,"battery file, the same replicates",0.05,p <= alpha,0.05,0.0154110350074224,,,,,0,0.05,"",200,200,0,0,5.55111512312578e-16,,0,0,352.18
1b,null_auc_n460,null,,460,bagoft,EDGE.poly3.u.G10,"battery file, the same replicates",0.1,p <= alpha,0.08,0.0191833260932509,,,,,0,0.08,"",200,200,0,0,5.55111512312578e-16,,0,0,352.18
1b,null_auc_n460,null,,460,bagoft,EDGE.poly3.u.Grule,"battery file, the same replicates",0.01,p <= alpha,0.01,0.00703562363973514,,,,,0,0.01,"",200,200,0,0,5.55111512312578e-16,,0,0,352.18
1b,null_auc_n460,null,,460,bagoft,EDGE.poly3.u.Grule,"battery file, the same replicates",0.05,p <= alpha,0.065,0.0174320107847603,,,,,0,0.065,"",200,200,0,0,5.55111512312578e-16,,0,0,352.18
1b,null_auc_n460,null,,460,bagoft,EDGE.poly3.u.Grule,"battery file, the same replicates",0.1,p <= alpha,0.095,0.0207334271166153,,,,,0,0.095,"",200,200,0,0,5.55111512312578e-16,,0,0,352.18
1b,null_auc_n460,null,,460,bagoft,EDGE.poly3.sc.G10,"battery file, the same replicates",0.01,p <= alpha,0.005,0.004987484335815,,,,,0,0.005,"",200,200,0,0,5.55111512312578e-16,,0,0,352.18
1b,null_auc_n460,null,,460,bagoft,EDGE.poly3.sc.G10,"battery file, the same replicates",0.05,p <= alpha,0.04,0.013856406460551,,,,,0,0.04,"",200,200,0,0,5.55111512312578e-16,,0,0,352.18
1b,null_auc_n460,null,,460,bagoft,EDGE.poly3.sc.G10,"battery file, the same replicates",0.1,p <= alpha,0.085,0.019719913792915,,,,,0,0.085,"",200,200,0,0,5.55111512312578e-16,,0,0,352.18
1b,null_auc_n460,null,,460,bagoft,EDGE.poly3.sc.Grule,"battery file, the same replicates",0.01,p <= alpha,0.01,0.00703562363973514,,,,,0,0.01,"",200,200,0,0,5.55111512312578e-16,,0,0,352.18
1b,null_auc_n460,null,,460,bagoft,EDGE.poly3.sc.Grule,"battery file, the same replicates",0.05,p <= alpha,0.05,0.0154110350074224,,,,,0,0.05,"",200,200,0,0,5.55111512312578e-16,,0,0,352.18
1b,null_auc_n460,null,,460,bagoft,EDGE.poly3.sc.Grule,"battery file, the same replicates",0.1,p <= alpha,0.085,0.019719913792915,,,,,0,0.085,"",200,200,0,0,5.55111512312578e-16,,0,0,352.18
1b,null_auc_n460,null,,460,bagoft,EDGE.sym.u.G10,"battery file, the same replicates",0.01,p <= alpha,0.02,0.00989949493661167,,,,,0,0.02,"",200,200,0,0,5.55111512312578e-16,,0,0,352.18
1b,null_auc_n460,null,,460,bagoft,EDGE.sym.u.G10,"battery file, the same replicates",0.05,p <= alpha,0.04,0.013856406460551,,,,,0,0.04,"",200,200,0,0,5.55111512312578e-16,,0,0,352.18
1b,null_auc_n460,null,,460,bagoft,EDGE.sym.u.G10,"battery file, the same replicates",0.1,p <= alpha,0.1,0.0212132034355964,,,,,0,0.1,"",200,200,0,0,5.55111512312578e-16,,0,0,352.18
1b,null_auc_n460,null,,460,bagoft,EDGE.sym.u.Grule,"battery file, the same replicates",0.01,p <= alpha,0.02,0.00989949493661167,,,,,0,0.02,"",200,200,0,0,5.55111512312578e-16,,0,0,352.18
1b,null_auc_n460,null,,460,bagoft,EDGE.sym.u.Grule,"battery file, the same replicates",0.05,p <= alpha,0.055,0.0161206389451535,,,,,0,0.055,"",200,200,0,0,5.55111512312578e-16,,0,0,352.18
1b,null_auc_n460,null,,460,bagoft,EDGE.sym.u.Grule,"battery file, the same replicates",0.1,p <= alpha,0.12,0.0229782505861521,,,,,0,0.12,"",200,200,0,0,5.55111512312578e-16,,0,0,352.18
1b,null_auc_n460,null,,460,bagoft,EDGE.sym.sc.G10,"battery file, the same replicates",0.01,p <= alpha,0.015,0.00859505671883554,,,,,0,0.015,"",200,200,0,0,5.55111512312578e-16,,0,0,352.18
1b,null_auc_n460,null,,460,bagoft,EDGE.sym.sc.G10,"battery file, the same replicates",0.05,p <= alpha,0.045,0.014658615214269,,,,,0,0.045,"",200,200,0,0,5.55111512312578e-16,,0,0,352.18
1b,null_auc_n460,null,,460,bagoft,EDGE.sym.sc.G10,"battery file, the same replicates",0.1,p <= alpha,0.095,0.0207334271166153,,,,,0,0.095,"",200,200,0,0,5.55111512312578e-16,,0,0,352.18
1b,null_auc_n460,null,,460,bagoft,EDGE.sym.sc.Grule,"battery file, the same replicates",0.01,p <= alpha,0.015,0.00859505671883554,,,,,0,0.015,"",200,200,0,0,5.55111512312578e-16,,0,0,352.18
1b,null_auc_n460,null,,460,bagoft,EDGE.sym.sc.Grule,"battery file, the same replicates",0.05,p <= alpha,0.045,0.014658615214269,,,,,0,0.045,"",200,200,0,0,5.55111512312578e-16,,0,0,352.18
1b,null_auc_n460,null,,460,bagoft,EDGE.sym.sc.Grule,"battery file, the same replicates",0.1,p <= alpha,0.095,0.0207334271166153,,,,,0,0.095,"",200,200,0,0,5.55111512312578e-16,,0,0,352.18
1b,null_auc_n460,null,,460,bagoft,Stk.joint,"battery file, the same replicates",0.01,p <= alpha,0.005,0.004987484335815,,,,,0,0.005,"",200,200,0,0,5.55111512312578e-16,,0,0,352.18
1b,null_auc_n460,null,,460,bagoft,Stk.joint,"battery file, the same replicates",0.05,p <= alpha,0.065,0.0174320107847603,,,,,0,0.065,"",200,200,0,0,5.55111512312578e-16,,0,0,352.18
1b,null_auc_n460,null,,460,bagoft,Stk.joint,"battery file, the same replicates",0.1,p <= alpha,0.1,0.0212132034355964,,,,,0,0.1,"",200,200,0,0,5.55111512312578e-16,,0,0,352.18
1b,null_auc_n460,null,,460,bagoft,GiViTI,"battery file, the same replicates",0.01,p <= alpha,0.005,0.004987484335815,,,,,0,0.005,"",200,200,0,0,5.55111512312578e-16,,0,0,352.18
1b,null_auc_n460,null,,460,bagoft,GiViTI,"battery file, the same replicates",0.05,p <= alpha,0.05,0.0154110350074224,,,,,0,0.05,"",200,200,0,0,5.55111512312578e-16,,0,0,352.18
1b,null_auc_n460,null,,460,bagoft,GiViTI,"battery file, the same replicates",0.1,p <= alpha,0.09,0.0202361063448481,,,,,0,0.09,"",200,200,0,0,5.55111512312578e-16,,0,0,352.18
1b,null_auc_n760,null,,760,bagoft,BAGofT,block 8,0.01,p < alpha,0.005,0.004987484335815,,,,,0,0.005,"",200,200,0,0,5.55111512312578e-16,,0,0,460.085
1b,null_auc_n760,null,,760,bagoft,BAGofT,block 8,0.05,p < alpha,0.045,0.014658615214269,,,,,0,0.045,"",200,200,0,0,5.55111512312578e-16,,0,0,460.085
1b,null_auc_n760,null,,760,bagoft,BAGofT,block 8,0.1,p < alpha,0.1,0.0212132034355964,,,,,0,0.1,"",200,200,0,0,5.55111512312578e-16,,0,0,460.085
1b,null_auc_n760,null,,760,bagoft,EDGE.poly3.u.G10,"battery file, the same replicates",0.01,p <= alpha,0.01,0.00703562363973514,,,,,0,0.01,"",200,200,0,0,5.55111512312578e-16,,0,0,460.085
1b,null_auc_n760,null,,760,bagoft,EDGE.poly3.u.G10,"battery file, the same replicates",0.05,p <= alpha,0.055,0.0161206389451535,,,,,0,0.055,"",200,200,0,0,5.55111512312578e-16,,0,0,460.085
1b,null_auc_n760,null,,760,bagoft,EDGE.poly3.u.G10,"battery file, the same replicates",0.1,p <= alpha,0.11,0.0221246468898376,,,,,0,0.11,"",200,200,0,0,5.55111512312578e-16,,0,0,460.085
1b,null_auc_n760,null,,760,bagoft,EDGE.poly3.u.Grule,"battery file, the same replicates",0.01,p <= alpha,0.01,0.00703562363973514,,,,,0,0.01,"",200,200,0,0,5.55111512312578e-16,,0,0,460.085
1b,null_auc_n760,null,,760,bagoft,EDGE.poly3.u.Grule,"battery file, the same replicates",0.05,p <= alpha,0.07,0.0180416185526687,,,,,0,0.07,"",200,200,0,0,5.55111512312578e-16,,0,0,460.085
1b,null_auc_n760,null,,760,bagoft,EDGE.poly3.u.Grule,"battery file, the same replicates",0.1,p <= alpha,0.105,0.0216766002869454,,,,,0,0.105,"",200,200,0,0,5.55111512312578e-16,,0,0,460.085
1b,null_auc_n760,null,,760,bagoft,EDGE.poly3.sc.G10,"battery file, the same replicates",0.01,p <= alpha,0.005,0.004987484335815,,,,,0,0.005,"",200,200,0,0,5.55111512312578e-16,,0,0,460.085
1b,null_auc_n760,null,,760,bagoft,EDGE.poly3.sc.G10,"battery file, the same replicates",0.05,p <= alpha,0.05,0.0154110350074224,,,,,0,0.05,"",200,200,0,0,5.55111512312578e-16,,0,0,460.085
1b,null_auc_n760,null,,760,bagoft,EDGE.poly3.sc.G10,"battery file, the same replicates",0.1,p <= alpha,0.09,0.0202361063448481,,,,,0,0.09,"",200,200,0,0,5.55111512312578e-16,,0,0,460.085
1b,null_auc_n760,null,,760,bagoft,EDGE.poly3.sc.Grule,"battery file, the same replicates",0.01,p <= alpha,0.005,0.004987484335815,,,,,0,0.005,"",200,200,0,0,5.55111512312578e-16,,0,0,460.085
1b,null_auc_n760,null,,760,bagoft,EDGE.poly3.sc.Grule,"battery file, the same replicates",0.05,p <= alpha,0.03,0.0120623380818148,,,,,0,0.03,"",200,200,0,0,5.55111512312578e-16,,0,0,460.085
1b,null_auc_n760,null,,760,bagoft,EDGE.poly3.sc.Grule,"battery file, the same replicates",0.1,p <= alpha,0.09,0.0202361063448481,,,,,0,0.09,"",200,200,0,0,5.55111512312578e-16,,0,0,460.085
1b,null_auc_n760,null,,760,bagoft,EDGE.sym.u.G10,"battery file, the same replicates",0.01,p <= alpha,0.005,0.004987484335815,,,,,0,0.005,"",200,200,0,0,5.55111512312578e-16,,0,0,460.085
1b,null_auc_n760,null,,760,bagoft,EDGE.sym.u.G10,"battery file, the same replicates",0.05,p <= alpha,0.055,0.0161206389451535,,,,,0,0.055,"",200,200,0,0,5.55111512312578e-16,,0,0,460.085
1b,null_auc_n760,null,,760,bagoft,EDGE.sym.u.G10,"battery file, the same replicates",0.1,p <= alpha,0.095,0.0207334271166153,,,,,0,0.095,"",200,200,0,0,5.55111512312578e-16,,0,0,460.085
1b,null_auc_n760,null,,760,bagoft,EDGE.sym.u.Grule,"battery file, the same replicates",0.01,p <= alpha,0.01,0.00703562363973514,,,,,0,0.01,"",200,200,0,0,5.55111512312578e-16,,0,0,460.085
1b,null_auc_n760,null,,760,bagoft,EDGE.sym.u.Grule,"battery file, the same replicates",0.05,p <= alpha,0.03,0.0120623380818148,,,,,0,0.03,"",200,200,0,0,5.55111512312578e-16,,0,0,460.085
1b,null_auc_n760,null,,760,bagoft,EDGE.sym.u.Grule,"battery file, the same replicates",0.1,p <= alpha,0.105,0.0216766002869454,,,,,0,0.105,"",200,200,0,0,5.55111512312578e-16,,0,0,460.085
1b,null_auc_n760,null,,760,bagoft,EDGE.sym.sc.G10,"battery file, the same replicates",0.01,p <= alpha,0.01,0.00703562363973514,,,,,0,0.01,"",200,200,0,0,5.55111512312578e-16,,0,0,460.085
1b,null_auc_n760,null,,760,bagoft,EDGE.sym.sc.G10,"battery file, the same replicates",0.05,p <= alpha,0.05,0.0154110350074224,,,,,0,0.05,"",200,200,0,0,5.55111512312578e-16,,0,0,460.085
1b,null_auc_n760,null,,760,bagoft,EDGE.sym.sc.G10,"battery file, the same replicates",0.1,p <= alpha,0.1,0.0212132034355964,,,,,0,0.1,"",200,200,0,0,5.55111512312578e-16,,0,0,460.085
1b,null_auc_n760,null,,760,bagoft,EDGE.sym.sc.Grule,"battery file, the same replicates",0.01,p <= alpha,0.005,0.004987484335815,,,,,0,0.005,"",200,200,0,0,5.55111512312578e-16,,0,0,460.085
1b,null_auc_n760,null,,760,bagoft,EDGE.sym.sc.Grule,"battery file, the same replicates",0.05,p <= alpha,0.04,0.013856406460551,,,,,0,0.04,"",200,200,0,0,5.55111512312578e-16,,0,0,460.085
1b,null_auc_n760,null,,760,bagoft,EDGE.sym.sc.Grule,"battery file, the same replicates",0.1,p <= alpha,0.075,0.0186245805321892,,,,,0,0.075,"",200,200,0,0,5.55111512312578e-16,,0,0,460.085
1b,null_auc_n760,null,,760,bagoft,Stk.joint,"battery file, the same replicates",0.01,p <= alpha,0.01,0.00703562363973514,,,,,0,0.01,"",200,200,0,0,5.55111512312578e-16,,0,0,460.085
1b,null_auc_n760,null,,760,bagoft,Stk.joint,"battery file, the same replicates",0.05,p <= alpha,0.06,0.0167928556237467,,,,,0,0.06,"",200,200,0,0,5.55111512312578e-16,,0,0,460.085
1b,null_auc_n760,null,,760,bagoft,Stk.joint,"battery file, the same replicates",0.1,p <= alpha,0.105,0.0216766002869454,,,,,0,0.105,"",200,200,0,0,5.55111512312578e-16,,0,0,460.085
1b,null_auc_n760,null,,760,bagoft,GiViTI,"battery file, the same replicates",0.01,p <= alpha,0.03,0.0120623380818148,,,,,0,0.03,"",200,200,0,0,5.55111512312578e-16,,0,0,460.085
1b,null_auc_n760,null,,760,bagoft,GiViTI,"battery file, the same replicates",0.05,p <= alpha,0.08,0.0191833260932509,,,,,0,0.08,"",200,200,0,0,5.55111512312578e-16,,0,0,460.085
1b,null_auc_n760,null,,760,bagoft,GiViTI,"battery file, the same replicates",0.1,p <= alpha,0.135,0.0241635055403805,,,,,0,0.135,"",200,200,0,0,5.55111512312578e-16,,0,0,460.085
1b,null_auc_n380,null,,380,bagoft,BAGofT,block 8,0.01,p < alpha,0.02,0.00989949493661167,,,,,0,0.02,"",200,200,0,0,5.55111512312578e-16,,0,0,332.32
1b,null_auc_n380,null,,380,bagoft,BAGofT,block 8,0.05,p < alpha,0.045,0.014658615214269,,,,,0,0.045,"",200,200,0,0,5.55111512312578e-16,,0,0,332.32
1b,null_auc_n380,null,,380,bagoft,BAGofT,block 8,0.1,p < alpha,0.115,0.0225582579114612,,,,,0,0.115,"",200,200,0,0,5.55111512312578e-16,,0,0,332.32
1b,null_auc_n380,null,,380,bagoft,EDGE.poly3.u.G10,"battery file, the same replicates",0.01,p <= alpha,0.01,0.00703562363973514,,,,,0,0.01,"",200,200,0,0,5.55111512312578e-16,,0,0,332.32
1b,null_auc_n380,null,,380,bagoft,EDGE.poly3.u.G10,"battery file, the same replicates",0.05,p <= alpha,0.04,0.013856406460551,,,,,0,0.04,"",200,200,0,0,5.55111512312578e-16,,0,0,332.32
1b,null_auc_n380,null,,380,bagoft,EDGE.poly3.u.G10,"battery file, the same replicates",0.1,p <= alpha,0.075,0.0186245805321892,,,,,0,0.075,"",200,200,0,0,5.55111512312578e-16,,0,0,332.32
1b,null_auc_n380,null,,380,bagoft,EDGE.poly3.u.Grule,"battery file, the same replicates",0.01,p <= alpha,0.015,0.00859505671883554,,,,,0,0.015,"",200,200,0,0,5.55111512312578e-16,,0,0,332.32
1b,null_auc_n380,null,,380,bagoft,EDGE.poly3.u.Grule,"battery file, the same replicates",0.05,p <= alpha,0.055,0.0161206389451535,,,,,0,0.055,"",200,200,0,0,5.55111512312578e-16,,0,0,332.32
1b,null_auc_n380,null,,380,bagoft,EDGE.poly3.u.Grule,"battery file, the same replicates",0.1,p <= alpha,0.095,0.0207334271166153,,,,,0,0.095,"",200,200,0,0,5.55111512312578e-16,,0,0,332.32
1b,null_auc_n380,null,,380,bagoft,EDGE.poly3.sc.G10,"battery file, the same replicates",0.01,p <= alpha,0,0,,,,,0,0,"",200,200,0,0,5.55111512312578e-16,,0,0,332.32
1b,null_auc_n380,null,,380,bagoft,EDGE.poly3.sc.G10,"battery file, the same replicates",0.05,p <= alpha,0.02,0.00989949493661167,,,,,0,0.02,"",200,200,0,0,5.55111512312578e-16,,0,0,332.32
1b,null_auc_n380,null,,380,bagoft,EDGE.poly3.sc.G10,"battery file, the same replicates",0.1,p <= alpha,0.06,0.0167928556237467,,,,,0,0.06,"",200,200,0,0,5.55111512312578e-16,,0,0,332.32
1b,null_auc_n380,null,,380,bagoft,EDGE.poly3.sc.Grule,"battery file, the same replicates",0.01,p <= alpha,0.01,0.00703562363973514,,,,,0,0.01,"",200,200,0,0,5.55111512312578e-16,,0,0,332.32
1b,null_auc_n380,null,,380,bagoft,EDGE.poly3.sc.Grule,"battery file, the same replicates",0.05,p <= alpha,0.055,0.0161206389451535,,,,,0,0.055,"",200,200,0,0,5.55111512312578e-16,,0,0,332.32
1b,null_auc_n380,null,,380,bagoft,EDGE.poly3.sc.Grule,"battery file, the same replicates",0.1,p <= alpha,0.085,0.019719913792915,,,,,0,0.085,"",200,200,0,0,5.55111512312578e-16,,0,0,332.32
1b,null_auc_n380,null,,380,bagoft,EDGE.sym.u.G10,"battery file, the same replicates",0.01,p <= alpha,0.015,0.00859505671883554,,,,,0,0.015,"",200,200,0,0,5.55111512312578e-16,,0,0,332.32
1b,null_auc_n380,null,,380,bagoft,EDGE.sym.u.G10,"battery file, the same replicates",0.05,p <= alpha,0.04,0.013856406460551,,,,,0,0.04,"",200,200,0,0,5.55111512312578e-16,,0,0,332.32
1b,null_auc_n380,null,,380,bagoft,EDGE.sym.u.G10,"battery file, the same replicates",0.1,p <= alpha,0.075,0.0186245805321892,,,,,0,0.075,"",200,200,0,0,5.55111512312578e-16,,0,0,332.32
1b,null_auc_n380,null,,380,bagoft,EDGE.sym.u.Grule,"battery file, the same replicates",0.01,p <= alpha,0.015,0.00859505671883554,,,,,0,0.015,"",200,200,0,0,5.55111512312578e-16,,0,0,332.32
1b,null_auc_n380,null,,380,bagoft,EDGE.sym.u.Grule,"battery file, the same replicates",0.05,p <= alpha,0.04,0.013856406460551,,,,,0,0.04,"",200,200,0,0,5.55111512312578e-16,,0,0,332.32
1b,null_auc_n380,null,,380,bagoft,EDGE.sym.u.Grule,"battery file, the same replicates",0.1,p <= alpha,0.08,0.0191833260932509,,,,,0,0.08,"",200,200,0,0,5.55111512312578e-16,,0,0,332.32
1b,null_auc_n380,null,,380,bagoft,EDGE.sym.sc.G10,"battery file, the same replicates",0.01,p <= alpha,0.01,0.00703562363973514,,,,,0,0.01,"",200,200,0,0,5.55111512312578e-16,,0,0,332.32
1b,null_auc_n380,null,,380,bagoft,EDGE.sym.sc.G10,"battery file, the same replicates",0.05,p <= alpha,0.035,0.012995191418367,,,,,0,0.035,"",200,200,0,0,5.55111512312578e-16,,0,0,332.32
1b,null_auc_n380,null,,380,bagoft,EDGE.sym.sc.G10,"battery file, the same replicates",0.1,p <= alpha,0.08,0.0191833260932509,,,,,0,0.08,"",200,200,0,0,5.55111512312578e-16,,0,0,332.32
1b,null_auc_n380,null,,380,bagoft,EDGE.sym.sc.Grule,"battery file, the same replicates",0.01,p <= alpha,0.02,0.00989949493661167,,,,,0,0.02,"",200,200,0,0,5.55111512312578e-16,,0,0,332.32
1b,null_auc_n380,null,,380,bagoft,EDGE.sym.sc.Grule,"battery file, the same replicates",0.05,p <= alpha,0.055,0.0161206389451535,,,,,0,0.055,"",200,200,0,0,5.55111512312578e-16,,0,0,332.32
1b,null_auc_n380,null,,380,bagoft,EDGE.sym.sc.Grule,"battery file, the same replicates",0.1,p <= alpha,0.08,0.0191833260932509,,,,,0,0.08,"",200,200,0,0,5.55111512312578e-16,,0,0,332.32
1b,null_auc_n380,null,,380,bagoft,Stk.joint,"battery file, the same replicates",0.01,p <= alpha,0.015,0.00859505671883554,,,,,0,0.015,"",200,200,0,0,5.55111512312578e-16,,0,0,332.32
1b,null_auc_n380,null,,380,bagoft,Stk.joint,"battery file, the same replicates",0.05,p <= alpha,0.045,0.014658615214269,,,,,0,0.045,"",200,200,0,0,5.55111512312578e-16,,0,0,332.32
1b,null_auc_n380,null,,380,bagoft,Stk.joint,"battery file, the same replicates",0.1,p <= alpha,0.085,0.019719913792915,,,,,0,0.085,"",200,200,0,0,5.55111512312578e-16,,0,0,332.32
1b,null_auc_n380,null,,380,bagoft,GiViTI,"battery file, the same replicates",0.01,p <= alpha,0.01,0.00703562363973514,,,,,0,0.01,"",200,200,0,0,5.55111512312578e-16,,0,0,332.32
1b,null_auc_n380,null,,380,bagoft,GiViTI,"battery file, the same replicates",0.05,p <= alpha,0.05,0.0154110350074224,,,,,0,0.05,"",200,200,0,0,5.55111512312578e-16,,0,0,332.32
1b,null_auc_n380,null,,380,bagoft,GiViTI,"battery file, the same replicates",0.1,p <= alpha,0.1,0.0212132034355964,,,,,0,0.1,"",200,200,0,0,5.55111512312578e-16,,0,0,332.32
1b,null_auc_n640,null,,640,bagoft,BAGofT,block 8,0.01,p < alpha,0.01,0.00703562363973514,,,,,0.005,0.0100502512562814,"",200,200,0,0,5.55111512312578e-16,,1,0,410.280000000013
1b,null_auc_n640,null,,640,bagoft,BAGofT,block 8,0.05,p < alpha,0.04,0.013856406460551,,,,,0.005,0.0402010050251256,"",200,200,0,0,5.55111512312578e-16,,1,0,410.280000000013
1b,null_auc_n640,null,,640,bagoft,BAGofT,block 8,0.1,p < alpha,0.085,0.019719913792915,,,,,0.005,0.085427135678392,"",200,200,0,0,5.55111512312578e-16,,1,0,410.280000000013
1b,null_auc_n640,null,,640,bagoft,EDGE.poly3.u.G10,"battery file, the same replicates",0.01,p <= alpha,0.005,0.004987484335815,,,,,0,0.005,"",200,200,0,0,5.55111512312578e-16,,1,0,410.280000000013
1b,null_auc_n640,null,,640,bagoft,EDGE.poly3.u.G10,"battery file, the same replicates",0.05,p <= alpha,0.035,0.012995191418367,,,,,0,0.035,"",200,200,0,0,5.55111512312578e-16,,1,0,410.280000000013
1b,null_auc_n640,null,,640,bagoft,EDGE.poly3.u.G10,"battery file, the same replicates",0.1,p <= alpha,0.12,0.0229782505861521,,,,,0,0.12,"",200,200,0,0,5.55111512312578e-16,,1,0,410.280000000013
1b,null_auc_n640,null,,640,bagoft,EDGE.poly3.u.Grule,"battery file, the same replicates",0.01,p <= alpha,0.005,0.004987484335815,,,,,0,0.005,"",200,200,0,0,5.55111512312578e-16,,1,0,410.280000000013
1b,null_auc_n640,null,,640,bagoft,EDGE.poly3.u.Grule,"battery file, the same replicates",0.05,p <= alpha,0.04,0.013856406460551,,,,,0,0.04,"",200,200,0,0,5.55111512312578e-16,,1,0,410.280000000013
1b,null_auc_n640,null,,640,bagoft,EDGE.poly3.u.Grule,"battery file, the same replicates",0.1,p <= alpha,0.09,0.0202361063448481,,,,,0,0.09,"",200,200,0,0,5.55111512312578e-16,,1,0,410.280000000013
1b,null_auc_n640,null,,640,bagoft,EDGE.poly3.sc.G10,"battery file, the same replicates",0.01,p <= alpha,0.005,0.004987484335815,,,,,0,0.005,"",200,200,0,0,5.55111512312578e-16,,1,0,410.280000000013
1b,null_auc_n640,null,,640,bagoft,EDGE.poly3.sc.G10,"battery file, the same replicates",0.05,p <= alpha,0.02,0.00989949493661167,,,,,0,0.02,"",200,200,0,0,5.55111512312578e-16,,1,0,410.280000000013
1b,null_auc_n640,null,,640,bagoft,EDGE.poly3.sc.G10,"battery file, the same replicates",0.1,p <= alpha,0.075,0.0186245805321892,,,,,0,0.075,"",200,200,0,0,5.55111512312578e-16,,1,0,410.280000000013
1b,null_auc_n640,null,,640,bagoft,EDGE.poly3.sc.Grule,"battery file, the same replicates",0.01,p <= alpha,0.005,0.004987484335815,,,,,0,0.005,"",200,200,0,0,5.55111512312578e-16,,1,0,410.280000000013
1b,null_auc_n640,null,,640,bagoft,EDGE.poly3.sc.Grule,"battery file, the same replicates",0.05,p <= alpha,0.03,0.0120623380818148,,,,,0,0.03,"",200,200,0,0,5.55111512312578e-16,,1,0,410.280000000013
1b,null_auc_n640,null,,640,bagoft,EDGE.poly3.sc.Grule,"battery file, the same replicates",0.1,p <= alpha,0.105,0.0216766002869454,,,,,0,0.105,"",200,200,0,0,5.55111512312578e-16,,1,0,410.280000000013
1b,null_auc_n640,null,,640,bagoft,EDGE.sym.u.G10,"battery file, the same replicates",0.01,p <= alpha,0.015,0.00859505671883554,,,,,0,0.015,"",200,200,0,0,5.55111512312578e-16,,1,0,410.280000000013
1b,null_auc_n640,null,,640,bagoft,EDGE.sym.u.G10,"battery file, the same replicates",0.05,p <= alpha,0.05,0.0154110350074224,,,,,0,0.05,"",200,200,0,0,5.55111512312578e-16,,1,0,410.280000000013
1b,null_auc_n640,null,,640,bagoft,EDGE.sym.u.G10,"battery file, the same replicates",0.1,p <= alpha,0.11,0.0221246468898376,,,,,0,0.11,"",200,200,0,0,5.55111512312578e-16,,1,0,410.280000000013
1b,null_auc_n640,null,,640,bagoft,EDGE.sym.u.Grule,"battery file, the same replicates",0.01,p <= alpha,0.005,0.004987484335815,,,,,0,0.005,"",200,200,0,0,5.55111512312578e-16,,1,0,410.280000000013
1b,null_auc_n640,null,,640,bagoft,EDGE.sym.u.Grule,"battery file, the same replicates",0.05,p <= alpha,0.04,0.013856406460551,,,,,0,0.04,"",200,200,0,0,5.55111512312578e-16,,1,0,410.280000000013
1b,null_auc_n640,null,,640,bagoft,EDGE.sym.u.Grule,"battery file, the same replicates",0.1,p <= alpha,0.095,0.0207334271166153,,,,,0,0.095,"",200,200,0,0,5.55111512312578e-16,,1,0,410.280000000013
1b,null_auc_n640,null,,640,bagoft,EDGE.sym.sc.G10,"battery file, the same replicates",0.01,p <= alpha,0.015,0.00859505671883554,,,,,0,0.015,"",200,200,0,0,5.55111512312578e-16,,1,0,410.280000000013
1b,null_auc_n640,null,,640,bagoft,EDGE.sym.sc.G10,"battery file, the same replicates",0.05,p <= alpha,0.045,0.014658615214269,,,,,0,0.045,"",200,200,0,0,5.55111512312578e-16,,1,0,410.280000000013
1b,null_auc_n640,null,,640,bagoft,EDGE.sym.sc.G10,"battery file, the same replicates",0.1,p <= alpha,0.095,0.0207334271166153,,,,,0,0.095,"",200,200,0,0,5.55111512312578e-16,,1,0,410.280000000013
1b,null_auc_n640,null,,640,bagoft,EDGE.sym.sc.Grule,"battery file, the same replicates",0.01,p <= alpha,0.005,0.004987484335815,,,,,0,0.005,"",200,200,0,0,5.55111512312578e-16,,1,0,410.280000000013
1b,null_auc_n640,null,,640,bagoft,EDGE.sym.sc.Grule,"battery file, the same replicates",0.05,p <= alpha,0.055,0.0161206389451535,,,,,0,0.055,"",200,200,0,0,5.55111512312578e-16,,1,0,410.280000000013
1b,null_auc_n640,null,,640,bagoft,EDGE.sym.sc.Grule,"battery file, the same replicates",0.1,p <= alpha,0.095,0.0207334271166153,,,,,0,0.095,"",200,200,0,0,5.55111512312578e-16,,1,0,410.280000000013
1b,null_auc_n640,null,,640,bagoft,Stk.joint,"battery file, the same replicates",0.01,p <= alpha,0.005,0.004987484335815,,,,,0,0.005,"",200,200,0,0,5.55111512312578e-16,,1,0,410.280000000013
1b,null_auc_n640,null,,640,bagoft,Stk.joint,"battery file, the same replicates",0.05,p <= alpha,0.035,0.012995191418367,,,,,0,0.035,"",200,200,0,0,5.55111512312578e-16,,1,0,410.280000000013
1b,null_auc_n640,null,,640,bagoft,Stk.joint,"battery file, the same replicates",0.1,p <= alpha,0.085,0.019719913792915,,,,,0,0.085,"",200,200,0,0,5.55111512312578e-16,,1,0,410.280000000013
1b,null_auc_n640,null,,640,bagoft,GiViTI,"battery file, the same replicates",0.01,p <= alpha,0.005,0.004987484335815,,,,,0,0.005,"",200,200,0,0,5.55111512312578e-16,,1,0,410.280000000013
1b,null_auc_n640,null,,640,bagoft,GiViTI,"battery file, the same replicates",0.05,p <= alpha,0.03,0.0120623380818148,,,,,0,0.03,"",200,200,0,0,5.55111512312578e-16,,1,0,410.280000000013
1b,null_auc_n640,null,,640,bagoft,GiViTI,"battery file, the same replicates",0.1,p <= alpha,0.095,0.0207334271166153,,,,,0,0.095,"",200,200,0,0,5.55111512312578e-16,,1,0,410.280000000013
1b,null_e12_n1000,null,,1000,bagoft,BAGofT,block 8,0.01,p < alpha,0.025,0.0110397010829098,,,,,0,0.025,"",200,200,0,0,5.55111512312578e-16,,0,0,583.220000000001
1b,null_e12_n1000,null,,1000,bagoft,BAGofT,block 8,0.05,p < alpha,0.085,0.019719913792915,,,,,0,0.085,"",200,200,0,0,5.55111512312578e-16,,0,0,583.220000000001
1b,null_e12_n1000,null,,1000,bagoft,BAGofT,block 8,0.1,p < alpha,0.13,0.0237802439011882,,,,,0,0.13,"",200,200,0,0,5.55111512312578e-16,,0,0,583.220000000001
1b,null_e12_n1000,null,,1000,bagoft,EDGE.poly3.u.G10,"battery file, the same replicates",0.01,p <= alpha,0.01,0.00703562363973514,,,,,0,0.01,"",200,200,0,0,5.55111512312578e-16,,0,0,583.220000000001
1b,null_e12_n1000,null,,1000,bagoft,EDGE.poly3.u.G10,"battery file, the same replicates",0.05,p <= alpha,0.04,0.013856406460551,,,,,0,0.04,"",200,200,0,0,5.55111512312578e-16,,0,0,583.220000000001
1b,null_e12_n1000,null,,1000,bagoft,EDGE.poly3.u.G10,"battery file, the same replicates",0.1,p <= alpha,0.11,0.0221246468898376,,,,,0,0.11,"",200,200,0,0,5.55111512312578e-16,,0,0,583.220000000001
1b,null_e12_n1000,null,,1000,bagoft,EDGE.poly3.u.Grule,"battery file, the same replicates",0.01,p <= alpha,0.01,0.00703562363973514,,,,,0,0.01,"",200,200,0,0,5.55111512312578e-16,,0,0,583.220000000001
1b,null_e12_n1000,null,,1000,bagoft,EDGE.poly3.u.Grule,"battery file, the same replicates",0.05,p <= alpha,0.035,0.012995191418367,,,,,0,0.035,"",200,200,0,0,5.55111512312578e-16,,0,0,583.220000000001
1b,null_e12_n1000,null,,1000,bagoft,EDGE.poly3.u.Grule,"battery file, the same replicates",0.1,p <= alpha,0.115,0.0225582579114612,,,,,0,0.115,"",200,200,0,0,5.55111512312578e-16,,0,0,583.220000000001
1b,null_e12_n1000,null,,1000,bagoft,EDGE.poly3.sc.G10,"battery file, the same replicates",0.01,p <= alpha,0.02,0.00989949493661167,,,,,0,0.02,"",200,200,0,0,5.55111512312578e-16,,0,0,583.220000000001
1b,null_e12_n1000,null,,1000,bagoft,EDGE.poly3.sc.G10,"battery file, the same replicates",0.05,p <= alpha,0.05,0.0154110350074224,,,,,0,0.05,"",200,200,0,0,5.55111512312578e-16,,0,0,583.220000000001
1b,null_e12_n1000,null,,1000,bagoft,EDGE.poly3.sc.G10,"battery file, the same replicates",0.1,p <= alpha,0.1,0.0212132034355964,,,,,0,0.1,"",200,200,0,0,5.55111512312578e-16,,0,0,583.220000000001
1b,null_e12_n1000,null,,1000,bagoft,EDGE.poly3.sc.Grule,"battery file, the same replicates",0.01,p <= alpha,0.005,0.004987484335815,,,,,0,0.005,"",200,200,0,0,5.55111512312578e-16,,0,0,583.220000000001
1b,null_e12_n1000,null,,1000,bagoft,EDGE.poly3.sc.Grule,"battery file, the same replicates",0.05,p <= alpha,0.04,0.013856406460551,,,,,0,0.04,"",200,200,0,0,5.55111512312578e-16,,0,0,583.220000000001
1b,null_e12_n1000,null,,1000,bagoft,EDGE.poly3.sc.Grule,"battery file, the same replicates",0.1,p <= alpha,0.095,0.0207334271166153,,,,,0,0.095,"",200,200,0,0,5.55111512312578e-16,,0,0,583.220000000001
1b,null_e12_n1000,null,,1000,bagoft,EDGE.sym.u.G10,"battery file, the same replicates",0.01,p <= alpha,0.01,0.00703562363973514,,,,,0,0.01,"",200,200,0,0,5.55111512312578e-16,,0,0,583.220000000001
1b,null_e12_n1000,null,,1000,bagoft,EDGE.sym.u.G10,"battery file, the same replicates",0.05,p <= alpha,0.04,0.013856406460551,,,,,0,0.04,"",200,200,0,0,5.55111512312578e-16,,0,0,583.220000000001
1b,null_e12_n1000,null,,1000,bagoft,EDGE.sym.u.G10,"battery file, the same replicates",0.1,p <= alpha,0.09,0.0202361063448481,,,,,0,0.09,"",200,200,0,0,5.55111512312578e-16,,0,0,583.220000000001
1b,null_e12_n1000,null,,1000,bagoft,EDGE.sym.u.Grule,"battery file, the same replicates",0.01,p <= alpha,0,0,,,,,0,0,"",200,200,0,0,5.55111512312578e-16,,0,0,583.220000000001
1b,null_e12_n1000,null,,1000,bagoft,EDGE.sym.u.Grule,"battery file, the same replicates",0.05,p <= alpha,0.035,0.012995191418367,,,,,0,0.035,"",200,200,0,0,5.55111512312578e-16,,0,0,583.220000000001
1b,null_e12_n1000,null,,1000,bagoft,EDGE.sym.u.Grule,"battery file, the same replicates",0.1,p <= alpha,0.085,0.019719913792915,,,,,0,0.085,"",200,200,0,0,5.55111512312578e-16,,0,0,583.220000000001
1b,null_e12_n1000,null,,1000,bagoft,EDGE.sym.sc.G10,"battery file, the same replicates",0.01,p <= alpha,0,0,,,,,0,0,"",200,200,0,0,5.55111512312578e-16,,0,0,583.220000000001
1b,null_e12_n1000,null,,1000,bagoft,EDGE.sym.sc.G10,"battery file, the same replicates",0.05,p <= alpha,0.04,0.013856406460551,,,,,0,0.04,"",200,200,0,0,5.55111512312578e-16,,0,0,583.220000000001
1b,null_e12_n1000,null,,1000,bagoft,EDGE.sym.sc.G10,"battery file, the same replicates",0.1,p <= alpha,0.085,0.019719913792915,,,,,0,0.085,"",200,200,0,0,5.55111512312578e-16,,0,0,583.220000000001
1b,null_e12_n1000,null,,1000,bagoft,EDGE.sym.sc.Grule,"battery file, the same replicates",0.01,p <= alpha,0,0,,,,,0,0,"",200,200,0,0,5.55111512312578e-16,,0,0,583.220000000001
1b,null_e12_n1000,null,,1000,bagoft,EDGE.sym.sc.Grule,"battery file, the same replicates",0.05,p <= alpha,0.04,0.013856406460551,,,,,0,0.04,"",200,200,0,0,5.55111512312578e-16,,0,0,583.220000000001
1b,null_e12_n1000,null,,1000,bagoft,EDGE.sym.sc.Grule,"battery file, the same replicates",0.1,p <= alpha,0.095,0.0207334271166153,,,,,0,0.095,"",200,200,0,0,5.55111512312578e-16,,0,0,583.220000000001
1b,null_e12_n1000,null,,1000,bagoft,Stk.joint,"battery file, the same replicates",0.01,p <= alpha,0,0,,,,,0,0,"",200,200,0,0,5.55111512312578e-16,,0,0,583.220000000001
1b,null_e12_n1000,null,,1000,bagoft,Stk.joint,"battery file, the same replicates",0.05,p <= alpha,0.045,0.014658615214269,,,,,0,0.045,"",200,200,0,0,5.55111512312578e-16,,0,0,583.220000000001
1b,null_e12_n1000,null,,1000,bagoft,Stk.joint,"battery file, the same replicates",0.1,p <= alpha,0.115,0.0225582579114612,,,,,0,0.115,"",200,200,0,0,5.55111512312578e-16,,0,0,583.220000000001
1b,null_e12_n1000,null,,1000,bagoft,GiViTI,"battery file, the same replicates",0.01,p <= alpha,0.005,0.004987484335815,,,,,0,0.005,"",200,200,0,0,5.55111512312578e-16,,0,0,583.220000000001
1b,null_e12_n1000,null,,1000,bagoft,GiViTI,"battery file, the same replicates",0.05,p <= alpha,0.045,0.014658615214269,,,,,0,0.045,"",200,200,0,0,5.55111512312578e-16,,0,0,583.220000000001
1b,null_e12_n1000,null,,1000,bagoft,GiViTI,"battery file, the same replicates",0.1,p <= alpha,0.11,0.0221246468898376,,,,,0,0.11,"",200,200,0,0,5.55111512312578e-16,,0,0,583.220000000001
2,loglog_base_n610,alternative,null_base_n610,610,bagoft,BAGofT,block 8,0.01,p < alpha,0.05,0.0154110350074224,0.1,0.02,0.01,0.005,0,0.05,"",200,200,0,0,5.55111512312578e-16,200,0,0,420.535
2,loglog_base_n610,alternative,null_base_n610,610,bagoft,BAGofT,block 8,0.05,p < alpha,0.14,0.0245356882927706,0.24,0.09,0.055,0.025,0,0.14,"",200,200,0,0,5.55111512312578e-16,200,0,0,420.535
2,loglog_base_n610,alternative,null_base_n610,610,bagoft,BAGofT,block 8,0.1,p < alpha,0.24,0.030199337741083,0.285,0.13,0.1,0.055,0,0.24,"",200,200,0,0,5.55111512312578e-16,200,0,0,420.535
2,loglog_base_n610,alternative,null_base_n610,610,bagoft,EDGE.poly3.u.G10,"battery file, the same replicates",0.01,p <= alpha,0.185,0.0274567842253968,0.11,0.00474937990884403,0.01,0.01,0,0.185,"",200,200,0,0,5.55111512312578e-16,200,0,0,420.535
2,loglog_base_n610,alternative,null_base_n610,610,bagoft,EDGE.poly3.u.G10,"battery file, the same replicates",0.05,p <= alpha,0.405,0.0347113093962184,0.395,0.0441445375244921,0.05,0.06,0,0.405,"",200,200,0,0,5.55111512312578e-16,200,0,0,420.535
2,loglog_base_n610,alternative,null_base_n610,610,bagoft,EDGE.poly3.u.G10,"battery file, the same replicates",0.1,p <= alpha,0.625,0.0342326598440729,0.48,0.0674661249889241,0.1,0.13,0,0.625,"",200,200,0,0,5.55111512312578e-16,200,0,0,420.535
2,loglog_base_n610,alternative,null_base_n610,610,bagoft,EDGE.poly3.u.Grule,"battery file, the same replicates",0.01,p <= alpha,0.195,0.0280156206427771,0.18,0.0089039330646908,0.01,0.01,0,0.195,"",200,200,0,0,5.55111512312578e-16,200,0,0,420.535
2,loglog_base_n610,alternative,null_base_n610,610,bagoft,EDGE.poly3.u.Grule,"battery file, the same replicates",0.05,p <= alpha,0.42,0.0348998567332303,0.35,0.0334348165552978,0.05,0.07,0,0.42,"",200,200,0,0,5.55111512312578e-16,200,0,0,420.535
2,loglog_base_n610,alternative,null_base_n610,610,bagoft,EDGE.poly3.u.Grule,"battery file, the same replicates",0.1,p <= alpha,0.625,0.0342326598440729,0.605,0.0899687633985951,0.1,0.105,0,0.625,"",200,200,0,0,5.55111512312578e-16,200,0,0,420.535
2,loglog_base_n610,alternative,null_base_n610,610,bagoft,EDGE.poly3.sc.G10,"battery file, the same replicates",0.01,p <= alpha,0.165,0.0262464283284412,0.135,0.00655967526397833,0.01,0.015,0,0.165,"",200,200,0,0,5.55111512312578e-16,200,0,0,420.535
2,loglog_base_n610,alternative,null_base_n610,610,bagoft,EDGE.poly3.sc.G10,"battery file, the same replicates",0.05,p <= alpha,0.34,0.0334962684488885,0.25,0.0267283189874029,0.05,0.075,0,0.34,"",200,200,0,0,5.55111512312578e-16,200,0,0,420.535
2,loglog_base_n610,alternative,null_base_n610,610,bagoft,EDGE.poly3.sc.G10,"battery file, the same replicates",0.1,p <= alpha,0.475,0.0353111172295638,0.45,0.0923225977122858,0.1,0.105,0,0.475,"",200,200,0,0,5.55111512312578e-16,200,0,0,420.535
2,loglog_base_n610,alternative,null_base_n610,610,bagoft,EDGE.poly3.sc.Grule,"battery file, the same replicates",0.01,p <= alpha,0.15,0.0252487623459052,0.15,0.00898460242231921,0.01,0.01,0,0.15,"",200,200,0,0,5.55111512312578e-16,200,0,0,420.535
2,loglog_base_n610,alternative,null_base_n610,610,bagoft,EDGE.poly3.sc.Grule,"battery file, the same replicates",0.05,p <= alpha,0.325,0.0331191032487294,0.32,0.0470634725055586,0.05,0.06,0,0.325,"",200,200,0,0,5.55111512312578e-16,200,0,0,420.535
2,loglog_base_n610,alternative,null_base_n610,610,bagoft,EDGE.poly3.sc.Grule,"battery file, the same replicates",0.1,p <= alpha,0.46,0.0352420203734122,0.42,0.0785152869536259,0.1,0.12,0,0.46,"",200,200,0,0,5.55111512312578e-16,200,0,0,420.535
2,loglog_base_n610,alternative,null_base_n610,610,bagoft,EDGE.sym.u.G10,"battery file, the same replicates",0.01,p <= alpha,0.035,0.012995191418367,0.035,0.00831180459601543,0.01,0.01,0,0.035,"",200,200,0,0,5.55111512312578e-16,200,0,0,420.535
2,loglog_base_n610,alternative,null_base_n610,610,bagoft,EDGE.sym.u.G10,"battery file, the same replicates",0.05,p <= alpha,0.22,0.0292916370317536,0.215,0.0493969136358105,0.05,0.05,0,0.22,"",200,200,0,0,5.55111512312578e-16,200,0,0,420.535
2,loglog_base_n610,alternative,null_base_n610,610,bagoft,EDGE.sym.u.G10,"battery file, the same replicates",0.1,p <= alpha,0.405,0.0347113093962184,0.345,0.082552783432115,0.1,0.13,0,0.405,"",200,200,0,0,5.55111512312578e-16,200,0,0,420.535
2,loglog_base_n610,alternative,null_base_n610,610,bagoft,EDGE.sym.u.Grule,"battery file, the same replicates",0.01,p <= alpha,0.045,0.014658615214269,0.04,0.00740061390404343,0.01,0.01,0,0.045,"",200,200,0,0,5.55111512312578e-16,200,0,0,420.535
2,loglog_base_n610,alternative,null_base_n610,610,bagoft,EDGE.sym.u.Grule,"battery file, the same replicates",0.05,p <= alpha,0.21,0.0288010416478293,0.15,0.0348039236304741,0.05,0.075,0,0.21,"",200,200,0,0,5.55111512312578e-16,200,0,0,420.535
2,loglog_base_n610,alternative,null_base_n610,610,bagoft,EDGE.sym.u.Grule,"battery file, the same replicates",0.1,p <= alpha,0.38,0.034322004603461,0.275,0.0708224387910871,0.1,0.165,0,0.38,"",200,200,0,0,5.55111512312578e-16,200,0,0,420.535
2,loglog_base_n610,alternative,null_base_n610,610,bagoft,EDGE.sym.sc.G10,"battery file, the same replicates",0.01,p <= alpha,0.035,0.012995191418367,0.035,0.00999326597495725,0.01,0.01,0,0.035,"",200,200,0,0,5.55111512312578e-16,200,0,0,420.535
2,loglog_base_n610,alternative,null_base_n610,610,bagoft,EDGE.sym.sc.G10,"battery file, the same replicates",0.05,p <= alpha,0.22,0.0292916370317536,0.225,0.0503226957371632,0.05,0.045,0,0.22,"",200,200,0,0,5.55111512312578e-16,200,0,0,420.535
2,loglog_base_n610,alternative,null_base_n610,610,bagoft,EDGE.sym.sc.G10,"battery file, the same replicates",0.1,p <= alpha,0.335,0.0333747659167821,0.295,0.0809891737857205,0.1,0.125,0,0.335,"",200,200,0,0,5.55111512312578e-16,200,0,0,420.535
2,loglog_base_n610,alternative,null_base_n610,610,bagoft,EDGE.sym.sc.Grule,"battery file, the same replicates",0.01,p <= alpha,0.05,0.0154110350074224,0.045,0.00757509224527754,0.01,0.01,0,0.05,"",200,200,0,0,5.55111512312578e-16,200,0,0,420.535
2,loglog_base_n610,alternative,null_base_n610,610,bagoft,EDGE.sym.sc.Grule,"battery file, the same replicates",0.05,p <= alpha,0.235,0.02998124413696,0.135,0.0267787833692711,0.05,0.07,0,0.235,"",200,200,0,0,5.55111512312578e-16,200,0,0,420.535
2,loglog_base_n610,alternative,null_base_n610,610,bagoft,EDGE.sym.sc.Grule,"battery file, the same replicates",0.1,p <= alpha,0.34,0.0334962684488885,0.295,0.0782578838470471,0.1,0.145,0,0.34,"",200,200,0,0,5.55111512312578e-16,200,0,0,420.535
2,loglog_base_n610,alternative,null_base_n610,610,bagoft,Stk.joint,"battery file, the same replicates",0.01,p <= alpha,0.22,0.0292916370317536,0.21,0.00893793131059733,0.01,0.01,0,0.22,"",200,200,0,0,5.55111512312578e-16,200,0,0,420.535
2,loglog_base_n610,alternative,null_base_n610,610,bagoft,Stk.joint,"battery file, the same replicates",0.05,p <= alpha,0.44,0.0350998575495685,0.4,0.0404640208516095,0.05,0.06,0,0.44,"",200,200,0,0,5.55111512312578e-16,200,0,0,420.535
2,loglog_base_n610,alternative,null_base_n610,610,bagoft,Stk.joint,"battery file, the same replicates",0.1,p <= alpha,0.635,0.0340422531569225,0.57,0.0819226272518342,0.1,0.12,0,0.635,"",200,200,0,0,5.55111512312578e-16,200,0,0,420.535
2,loglog_base_n610,alternative,null_base_n610,610,bagoft,GiViTI,"battery file, the same replicates",0.01,p <= alpha,0.275,0.0315733273507877,0.345,0.015875790742941,0.01,0.005,0,0.275,"",200,200,0,0,5.55111512312578e-16,200,0,0,420.535
2,loglog_base_n610,alternative,null_base_n610,610,bagoft,GiViTI,"battery file, the same replicates",0.05,p <= alpha,0.565,0.0350553134346279,0.565,0.0508867821725663,0.05,0.045,0,0.565,"",200,200,0,0,5.55111512312578e-16,200,0,0,420.535
2,loglog_base_n610,alternative,null_base_n610,610,bagoft,GiViTI,"battery file, the same replicates",0.1,p <= alpha,0.7,0.0324037034920393,0.665,0.090651676857197,0.1,0.115,0,0.7,"",200,200,0,0,5.55111512312578e-16,200,0,0,420.535
2,loglog_base_n1000,alternative,null_base_n1000,1000,bagoft,BAGofT,block 8,0.01,p < alpha,0.09,0.0202361063448481,0.09,0,0.01,0.01,0,0.09,"",200,200,0,0,4.9960036108132e-16,200,0,0,550.415
2,loglog_base_n1000,alternative,null_base_n1000,1000,bagoft,BAGofT,block 8,0.05,p < alpha,0.25,0.0306186217847897,0.18,0.02,0.05,0.075,0,0.25,"",200,200,0,0,4.9960036108132e-16,200,0,0,550.415
2,loglog_base_n1000,alternative,null_base_n1000,1000,bagoft,BAGofT,block 8,0.1,p < alpha,0.3,0.0324037034920393,0.275,0.06,0.1,0.14,0,0.3,"",200,200,0,0,4.9960036108132e-16,200,0,0,550.415
2,loglog_base_n1000,alternative,null_base_n1000,1000,bagoft,EDGE.poly3.u.G10,"battery file, the same replicates",0.01,p <= alpha,0.41,0.0347778665245584,0.38,0.00839481818606369,0.01,0.01,0,0.41,"",200,200,0,0,4.9960036108132e-16,200,0,0,550.415
2,loglog_base_n1000,alternative,null_base_n1000,1000,bagoft,EDGE.poly3.u.G10,"battery file, the same replicates",0.05,p <= alpha,0.7,0.0324037034920393,0.67,0.0417027764838063,0.05,0.065,0,0.7,"",200,200,0,0,4.9960036108132e-16,200,0,0,550.415
2,loglog_base_n1000,alternative,null_base_n1000,1000,bagoft,EDGE.poly3.u.G10,"battery file, the same replicates",0.1,p <= alpha,0.825,0.0268677315752559,0.815,0.0910303332782287,0.1,0.1,0,0.825,"",200,200,0,0,4.9960036108132e-16,200,0,0,550.415
2,loglog_base_n1000,alternative,null_base_n1000,1000,bagoft,EDGE.poly3.u.Grule,"battery file, the same replicates",0.01,p <= alpha,0.44,0.0350998575495685,0.385,0.00607197050653547,0.01,0.015,0,0.44,"",200,200,0,0,4.9960036108132e-16,200,0,0,550.415
2,loglog_base_n1000,alternative,null_base_n1000,1000,bagoft,EDGE.poly3.u.Grule,"battery file, the same replicates",0.05,p <= alpha,0.735,0.0312069703752223,0.795,0.0651483232213967,0.05,0.04,0,0.735,"",200,200,0,0,4.9960036108132e-16,200,0,0,550.415
2,loglog_base_n1000,alternative,null_base_n1000,1000,bagoft,EDGE.poly3.u.Grule,"battery file, the same replicates",0.1,p <= alpha,0.86,0.0245356882927706,0.86,0.100453758214623,0.1,0.095,0,0.86,"",200,200,0,0,4.9960036108132e-16,200,0,0,550.415
2,loglog_base_n1000,alternative,null_base_n1000,1000,bagoft,EDGE.poly3.sc.G10,"battery file, the same replicates",0.01,p <= alpha,0.305,0.0325557214633619,0.275,0.0068913921363269,0.01,0.015,0,0.305,"",200,200,0,0,4.9960036108132e-16,200,0,0,550.415
2,loglog_base_n1000,alternative,null_base_n1000,1000,bagoft,EDGE.poly3.sc.G10,"battery file, the same replicates",0.05,p <= alpha,0.56,0.0350998575495685,0.52,0.0338676520120326,0.05,0.075,0,0.56,"",200,200,0,0,4.9960036108132e-16,200,0,0,550.415
2,loglog_base_n1000,alternative,null_base_n1000,1000,bagoft,EDGE.poly3.sc.G10,"battery file, the same replicates",0.1,p <= alpha,0.68,0.0329848450049413,0.615,0.0671147821460647,0.1,0.115,0,0.68,"",200,200,0,0,4.9960036108132e-16,200,0,0,550.415
2,loglog_base_n1000,alternative,null_base_n1000,1000,bagoft,EDGE.poly3.sc.Grule,"battery file, the same replicates",0.01,p <= alpha,0.325,0.0331191032487294,0.28,0.00677721421689561,0.01,0.015,0,0.325,"",200,200,0,0,4.9960036108132e-16,200,0,0,550.415
2,loglog_base_n1000,alternative,null_base_n1000,1000,bagoft,EDGE.poly3.sc.Grule,"battery file, the same replicates",0.05,p <= alpha,0.615,0.0344074846508721,0.615,0.049807520297665,0.05,0.05,0,0.615,"",200,200,0,0,4.9960036108132e-16,200,0,0,550.415
2,loglog_base_n1000,alternative,null_base_n1000,1000,bagoft,EDGE.poly3.sc.Grule,"battery file, the same replicates",0.1,p <= alpha,0.75,0.0306186217847897,0.76,0.104872811586754,0.1,0.085,0,0.75,"",200,200,0,0,4.9960036108132e-16,200,0,0,550.415
2,loglog_base_n1000,alternative,null_base_n1000,1000,bagoft,EDGE.sym.u.G10,"battery file, the same replicates",0.01,p <= alpha,0.115,0.0225582579114612,0.09,0.00591924677907606,0.01,0.015,0,0.115,"",200,200,0,0,4.9960036108132e-16,200,0,0,550.415
2,loglog_base_n1000,alternative,null_base_n1000,1000,bagoft,EDGE.sym.u.G10,"battery file, the same replicates",0.05,p <= alpha,0.34,0.0334962684488885,0.34,0.0480843413640604,0.05,0.05,0,0.34,"",200,200,0,0,4.9960036108132e-16,200,0,0,550.415
2,loglog_base_n1000,alternative,null_base_n1000,1000,bagoft,EDGE.sym.u.G10,"battery file, the same replicates",0.1,p <= alpha,0.515,0.0353394255754108,0.54,0.115162846507261,0.1,0.075,0,0.515,"",200,200,0,0,4.9960036108132e-16,200,0,0,550.415
2,loglog_base_n1000,alternative,null_base_n1000,1000,bagoft,EDGE.sym.u.Grule,"battery file, the same replicates",0.01,p <= alpha,0.1,0.0212132034355964,0.125,0.0113589455985996,0.01,0.005,0,0.1,"",200,200,0,0,4.9960036108132e-16,200,0,0,550.415
2,loglog_base_n1000,alternative,null_base_n1000,1000,bagoft,EDGE.sym.u.Grule,"battery file, the same replicates",0.05,p <= alpha,0.39,0.0344891287219611,0.33,0.0411941624866379,0.05,0.07,0,0.39,"",200,200,0,0,4.9960036108132e-16,200,0,0,550.415
2,loglog_base_n1000,alternative,null_base_n1000,1000,bagoft,EDGE.sym.u.Grule,"battery file, the same replicates",0.1,p <= alpha,0.525,0.0353111172295638,0.435,0.0651494333215245,0.1,0.125,0,0.525,"",200,200,0,0,4.9960036108132e-16,200,0,0,550.415
2,loglog_base_n1000,alternative,null_base_n1000,1000,bagoft,EDGE.sym.sc.G10,"battery file, the same replicates",0.01,p <= alpha,0.105,0.0216766002869454,0.055,0.00456690774843758,0.01,0.015,0,0.105,"",200,200,0,0,4.9960036108132e-16,200,0,0,550.415
2,loglog_base_n1000,alternative,null_base_n1000,1000,bagoft,EDGE.sym.sc.G10,"battery file, the same replicates",0.05,p <= alpha,0.29,0.0320858224142689,0.235,0.0379034348482758,0.05,0.055,0,0.29,"",200,200,0,0,4.9960036108132e-16,200,0,0,550.415
2,loglog_base_n1000,alternative,null_base_n1000,1000,bagoft,EDGE.sym.sc.G10,"battery file, the same replicates",0.1,p <= alpha,0.395,0.0345669639974355,0.44,0.127408434307014,0.1,0.08,0,0.395,"",200,200,0,0,4.9960036108132e-16,200,0,0,550.415
2,loglog_base_n1000,alternative,null_base_n1000,1000,bagoft,EDGE.sym.sc.Grule,"battery file, the same replicates",0.01,p <= alpha,0.11,0.0221246468898376,0.115,0.0105323968153311,0.01,0.005,0,0.11,"",200,200,0,0,4.9960036108132e-16,200,0,0,550.415
2,loglog_base_n1000,alternative,null_base_n1000,1000,bagoft,EDGE.sym.sc.Grule,"battery file, the same replicates",0.05,p <= alpha,0.355,0.0338360015368246,0.295,0.0409090760533276,0.05,0.06,0,0.355,"",200,200,0,0,4.9960036108132e-16,200,0,0,550.415
2,loglog_base_n1000,alternative,null_base_n1000,1000,bagoft,EDGE.sym.sc.Grule,"battery file, the same replicates",0.1,p <= alpha,0.505,0.035353571248178,0.465,0.0834903583604548,0.1,0.125,0,0.505,"",200,200,0,0,4.9960036108132e-16,200,0,0,550.415
2,loglog_base_n1000,alternative,null_base_n1000,1000,bagoft,Stk.joint,"battery file, the same replicates",0.01,p <= alpha,0.44,0.0350998575495685,0.355,0.00514918032275613,0.01,0.01,0,0.44,"",200,200,0,0,4.9960036108132e-16,200,0,0,550.415
2,loglog_base_n1000,alternative,null_base_n1000,1000,bagoft,Stk.joint,"battery file, the same replicates",0.05,p <= alpha,0.745,0.0308200421803735,0.76,0.0562338530478751,0.05,0.045,0,0.745,"",200,200,0,0,4.9960036108132e-16,200,0,0,550.415
2,loglog_base_n1000,alternative,null_base_n1000,1000,bagoft,Stk.joint,"battery file, the same replicates",0.1,p <= alpha,0.855,0.0248972890090468,0.855,0.100609817878053,0.1,0.095,0,0.855,"",200,200,0,0,4.9960036108132e-16,200,0,0,550.415
2,loglog_base_n1000,alternative,null_base_n1000,1000,bagoft,GiViTI,"battery file, the same replicates",0.01,p <= alpha,0.545,0.0352118587978539,0.53,0.00900889931381199,0.01,0.015,0,0.545,"",200,200,0,0,4.9960036108132e-16,200,0,0,550.415
2,loglog_base_n1000,alternative,null_base_n1000,1000,bagoft,GiViTI,"battery file, the same replicates",0.05,p <= alpha,0.8,0.0282842712474619,0.815,0.0525886478974518,0.05,0.04,0,0.8,"",200,200,0,0,4.9960036108132e-16,200,0,0,550.415
2,loglog_base_n1000,alternative,null_base_n1000,1000,bagoft,GiViTI,"battery file, the same replicates",0.1,p <= alpha,0.85,0.0252487623459052,0.885,0.126307722922941,0.1,0.075,0,0.85,"",200,200,0,0,4.9960036108132e-16,200,0,0,550.415
2,cauchit_auc_n460,alternative,null_auc_n460,460,bagoft,BAGofT,block 8,0.01,p < alpha,0.06,0.0167928556237467,0.06,0,0.01,0.01,0,0.06,"",200,200,0,0,5.55111512312578e-16,200,0,0,364.84
2,cauchit_auc_n460,alternative,null_auc_n460,460,bagoft,BAGofT,block 8,0.05,p < alpha,0.14,0.0245356882927706,0.155,0.05,0.07,0.04,0,0.14,"",200,200,0,0,5.55111512312578e-16,200,0,0,364.84
2,cauchit_auc_n460,alternative,null_auc_n460,460,bagoft,BAGofT,block 8,0.1,p < alpha,0.205,0.0285460154837764,0.185,0.07,0.105,0.155,0,0.205,"",200,200,0,0,5.55111512312578e-16,200,0,0,364.84
2,cauchit_auc_n460,alternative,null_auc_n460,460,bagoft,EDGE.poly3.u.G10,"battery file, the same replicates",0.01,p <= alpha,0.225,0.0295275295275443,0.18,0.00611347493840183,0.01,0.015,0,0.225,"",200,200,0,0,5.55111512312578e-16,200,0,0,364.84
2,cauchit_auc_n460,alternative,null_auc_n460,460,bagoft,EDGE.poly3.u.G10,"battery file, the same replicates",0.05,p <= alpha,0.425,0.0349553286352739,0.42,0.049557052071875,0.05,0.05,0,0.425,"",200,200,0,0,5.55111512312578e-16,200,0,0,364.84
2,cauchit_auc_n460,alternative,null_auc_n460,460,bagoft,EDGE.poly3.u.G10,"battery file, the same replicates",0.1,p <= alpha,0.525,0.0353111172295638,0.57,0.126629559332194,0.1,0.08,0,0.525,"",200,200,0,0,5.55111512312578e-16,200,0,0,364.84
2,cauchit_auc_n460,alternative,null_auc_n460,460,bagoft,EDGE.poly3.u.Grule,"battery file, the same replicates",0.01,p <= alpha,0.24,0.030199337741083,0.23,0.0082092809742179,0.01,0.01,0,0.24,"",200,200,0,0,5.55111512312578e-16,200,0,0,364.84
2,cauchit_auc_n460,alternative,null_auc_n460,460,bagoft,EDGE.poly3.u.Grule,"battery file, the same replicates",0.05,p <= alpha,0.44,0.0350998575495685,0.41,0.0418777679845432,0.05,0.065,0,0.44,"",200,200,0,0,5.55111512312578e-16,200,0,0,364.84
2,cauchit_auc_n460,alternative,null_auc_n460,460,bagoft,EDGE.poly3.u.Grule,"battery file, the same replicates",0.1,p <= alpha,0.53,0.0352916420700426,0.57,0.117838618717526,0.1,0.095,0,0.53,"",200,200,0,0,5.55111512312578e-16,200,0,0,364.84
2,cauchit_auc_n460,alternative,null_auc_n460,460,bagoft,EDGE.poly3.sc.G10,"battery file, the same replicates",0.01,p <= alpha,0.175,0.0268677315752558,0.185,0.0124403185665176,0.01,0.005,0,0.175,"",200,200,0,0,5.55111512312578e-16,200,0,0,364.84
2,cauchit_auc_n460,alternative,null_auc_n460,460,bagoft,EDGE.poly3.sc.G10,"battery file, the same replicates",0.05,p <= alpha,0.385,0.0344074846508721,0.435,0.0701572708180452,0.05,0.04,0,0.385,"",200,200,0,0,5.55111512312578e-16,200,0,0,364.84
2,cauchit_auc_n460,alternative,null_auc_n460,460,bagoft,EDGE.poly3.sc.G10,"battery file, the same replicates",0.1,p <= alpha,0.475,0.0353111172295638,0.495,0.11173341070946,0.1,0.085,0,0.475,"",200,200,0,0,5.55111512312578e-16,200,0,0,364.84
2,cauchit_auc_n460,alternative,null_auc_n460,460,bagoft,EDGE.poly3.sc.Grule,"battery file, the same replicates",0.01,p <= alpha,0.165,0.0262464283284412,0.165,0.00990042629021289,0.01,0.01,0,0.165,"",200,200,0,0,5.55111512312578e-16,200,0,0,364.84
2,cauchit_auc_n460,alternative,null_auc_n460,460,bagoft,EDGE.poly3.sc.Grule,"battery file, the same replicates",0.05,p <= alpha,0.41,0.0347778665245584,0.41,0.0495830237242429,0.05,0.05,0,0.41,"",200,200,0,0,5.55111512312578e-16,200,0,0,364.84
2,cauchit_auc_n460,alternative,null_auc_n460,460,bagoft,EDGE.poly3.sc.Grule,"battery file, the same replicates",0.1,p <= alpha,0.505,0.035353571248178,0.505,0.11022522456766,0.1,0.085,0,0.505,"",200,200,0,0,5.55111512312578e-16,200,0,0,364.84
2,cauchit_auc_n460,alternative,null_auc_n460,460,bagoft,EDGE.sym.u.G10,"battery file, the same replicates",0.01,p <= alpha,0.285,0.0319198214280719,0.14,0.00219082743726861,0.01,0.02,0,0.285,"",200,200,0,0,5.55111512312578e-16,200,0,0,364.84
2,cauchit_auc_n460,alternative,null_auc_n460,460,bagoft,EDGE.sym.u.G10,"battery file, the same replicates",0.05,p <= alpha,0.425,0.0349553286352739,0.425,0.052302905818132,0.05,0.04,0,0.425,"",200,200,0,0,5.55111512312578e-16,200,0,0,364.84
2,cauchit_auc_n460,alternative,null_auc_n460,460,bagoft,EDGE.sym.u.G10,"battery file, the same replicates",0.1,p <= alpha,0.555,0.0351407882666283,0.535,0.0904650738446813,0.1,0.1,0,0.555,"",200,200,0,0,5.55111512312578e-16,200,0,0,364.84
2,cauchit_auc_n460,alternative,null_auc_n460,460,bagoft,EDGE.sym.u.Grule,"battery file, the same replicates",0.01,p <= alpha,0.25,0.0306186217847897,0.175,0.0033729824451268,0.01,0.02,0,0.25,"",200,200,0,0,5.55111512312578e-16,200,0,0,364.84
2,cauchit_auc_n460,alternative,null_auc_n460,460,bagoft,EDGE.sym.u.Grule,"battery file, the same replicates",0.05,p <= alpha,0.49,0.0353482672842673,0.485,0.0493332683132972,0.05,0.055,0,0.49,"",200,200,0,0,5.55111512312578e-16,200,0,0,364.84
2,cauchit_auc_n460,alternative,null_auc_n460,460,bagoft,EDGE.sym.u.Grule,"battery file, the same replicates",0.1,p <= alpha,0.61,0.0344891287219611,0.555,0.0769595642839567,0.1,0.12,0,0.61,"",200,200,0,0,5.55111512312578e-16,200,0,0,364.84
2,cauchit_auc_n460,alternative,null_auc_n460,460,bagoft,EDGE.sym.sc.G10,"battery file, the same replicates",0.01,p <= alpha,0.26,0.0310161248385416,0.195,0.00414665976240767,0.01,0.015,0,0.26,"",200,200,0,0,5.55111512312578e-16,200,0,0,364.84
2,cauchit_auc_n460,alternative,null_auc_n460,460,bagoft,EDGE.sym.sc.G10,"battery file, the same replicates",0.05,p <= alpha,0.43,0.0350071421284286,0.43,0.0506949446447862,0.05,0.045,0,0.43,"",200,200,0,0,5.55111512312578e-16,200,0,0,364.84
2,cauchit_auc_n460,alternative,null_auc_n460,460,bagoft,EDGE.sym.sc.G10,"battery file, the same replicates",0.1,p <= alpha,0.53,0.0352916420700426,0.54,0.106909073334138,0.1,0.095,0,0.53,"",200,200,0,0,5.55111512312578e-16,200,0,0,364.84
2,cauchit_auc_n460,alternative,null_auc_n460,460,bagoft,EDGE.sym.sc.Grule,"battery file, the same replicates",0.01,p <= alpha,0.245,0.0304117575947198,0.215,0.00635027898924514,0.01,0.015,0,0.245,"",200,200,0,0,5.55111512312578e-16,200,0,0,364.84
2,cauchit_auc_n460,alternative,null_auc_n460,460,bagoft,EDGE.sym.sc.Grule,"battery file, the same replicates",0.05,p <= alpha,0.52,0.0353270434653114,0.54,0.0546880345100464,0.05,0.045,0,0.52,"",200,200,0,0,5.55111512312578e-16,200,0,0,364.84
2,cauchit_auc_n460,alternative,null_auc_n460,460,bagoft,EDGE.sym.sc.Grule,"battery file, the same replicates",0.1,p <= alpha,0.62,0.034322004603461,0.635,0.10814024626804,0.1,0.095,0,0.62,"",200,200,0,0,5.55111512312578e-16,200,0,0,364.84
2,cauchit_auc_n460,alternative,null_auc_n460,460,bagoft,Stk.joint,"battery file, the same replicates",0.01,p <= alpha,0.28,0.0317490157327751,0.28,0.0103245164803663,0.01,0.005,0,0.28,"",200,200,0,0,5.55111512312578e-16,200,0,0,364.84
2,cauchit_auc_n460,alternative,null_auc_n460,460,bagoft,Stk.joint,"battery file, the same replicates",0.05,p <= alpha,0.455,0.0352118587978539,0.4,0.031138296560278,0.05,0.065,0,0.455,"",200,200,0,0,5.55111512312578e-16,200,0,0,364.84
2,cauchit_auc_n460,alternative,null_auc_n460,460,bagoft,Stk.joint,"battery file, the same replicates",0.1,p <= alpha,0.575,0.0349553286352739,0.57,0.0975152254324735,0.1,0.1,0,0.575,"",200,200,0,0,5.55111512312578e-16,200,0,0,364.84
2,cauchit_auc_n460,alternative,null_auc_n460,460,bagoft,GiViTI,"battery file, the same replicates",0.01,p <= alpha,0.045,0.014658615214269,0.045,0.0115366171364374,0.01,0.005,0,0.045,"",200,200,0,0,5.55111512312578e-16,200,0,0,364.84
2,cauchit_auc_n460,alternative,null_auc_n460,460,bagoft,GiViTI,"battery file, the same replicates",0.05,p <= alpha,0.18,0.0271661554144123,0.145,0.042894317532617,0.05,0.05,0,0.18,"",200,200,0,0,5.55111512312578e-16,200,0,0,364.84
2,cauchit_auc_n460,alternative,null_auc_n460,460,bagoft,GiViTI,"battery file, the same replicates",0.1,p <= alpha,0.265,0.0312069703752223,0.29,0.104119427736536,0.1,0.09,0,0.265,"",200,200,0,0,5.55111512312578e-16,200,0,0,364.84
2,cauchit_auc_n760,alternative,null_auc_n760,760,bagoft,BAGofT,block 8,0.01,p < alpha,0.09,0.0202361063448481,0.15,0.01,0.01,0.005,0,0.09,"",200,200,0,0,5.55111512312578e-16,200,0,0,496.055
2,cauchit_auc_n760,alternative,null_auc_n760,760,bagoft,BAGofT,block 8,0.05,p < alpha,0.245,0.0304117575947198,0.255,0.05,0.05,0.045,0,0.245,"",200,200,0,0,5.55111512312578e-16,200,0,0,496.055
2,cauchit_auc_n760,alternative,null_auc_n760,760,bagoft,BAGofT,block 8,0.1,p < alpha,0.305,0.0325557214633619,0.295,0.08,0.1,0.1,0,0.305,"",200,200,0,0,5.55111512312578e-16,200,0,0,496.055
2,cauchit_auc_n760,alternative,null_auc_n760,760,bagoft,EDGE.poly3.u.G10,"battery file, the same replicates",0.01,p <= alpha,0.435,0.0350553134346279,0.31,0.00433049635151096,0.01,0.01,0,0.435,"",200,200,0,0,5.55111512312578e-16,200,0,0,496.055
2,cauchit_auc_n760,alternative,null_auc_n760,760,bagoft,EDGE.poly3.u.G10,"battery file, the same replicates",0.05,p <= alpha,0.645,0.0338360015368246,0.62,0.0419232990484842,0.05,0.055,0,0.645,"",200,200,0,0,5.55111512312578e-16,200,0,0,496.055
2,cauchit_auc_n760,alternative,null_auc_n760,760,bagoft,EDGE.poly3.u.G10,"battery file, the same replicates",0.1,p <= alpha,0.735,0.0312069703752223,0.72,0.0919724446915922,0.1,0.11,0,0.735,"",200,200,0,0,5.55111512312578e-16,200,0,0,496.055
2,cauchit_auc_n760,alternative,null_auc_n760,760,bagoft,EDGE.poly3.u.Grule,"battery file, the same replicates",0.01,p <= alpha,0.49,0.0353482672842673,0.465,0.00889606304637507,0.01,0.01,0,0.49,"",200,200,0,0,5.55111512312578e-16,200,0,0,496.055
2,cauchit_auc_n760,alternative,null_auc_n760,760,bagoft,EDGE.poly3.u.Grule,"battery file, the same replicates",0.05,p <= alpha,0.675,0.0331191032487294,0.635,0.0399674239307562,0.05,0.07,0,0.675,"",200,200,0,0,5.55111512312578e-16,200,0,0,496.055
2,cauchit_auc_n760,alternative,null_auc_n760,760,bagoft,EDGE.poly3.u.Grule,"battery file, the same replicates",0.1,p <= alpha,0.755,0.0304117575947198,0.725,0.088259737292579,0.1,0.105,0,0.755,"",200,200,0,0,5.55111512312578e-16,200,0,0,496.055
2,cauchit_auc_n760,alternative,null_auc_n760,760,bagoft,EDGE.poly3.sc.G10,"battery file, the same replicates",0.01,p <= alpha,0.325,0.0331191032487294,0.41,0.0158422867380619,0.01,0.005,0,0.325,"",200,200,0,0,5.55111512312578e-16,200,0,0,496.055
2,cauchit_auc_n760,alternative,null_auc_n760,760,bagoft,EDGE.poly3.sc.G10,"battery file, the same replicates",0.05,p <= alpha,0.58,0.0348998567332303,0.57,0.0448487202899137,0.05,0.05,0,0.58,"",200,200,0,0,5.55111512312578e-16,200,0,0,496.055
2,cauchit_auc_n760,alternative,null_auc_n760,760,bagoft,EDGE.poly3.sc.G10,"battery file, the same replicates",0.1,p <= alpha,0.69,0.0327032108515357,0.725,0.116115503916986,0.1,0.09,0,0.69,"",200,200,0,0,5.55111512312578e-16,200,0,0,496.055
2,cauchit_auc_n760,alternative,null_auc_n760,760,bagoft,EDGE.poly3.sc.Grule,"battery file, the same replicates",0.01,p <= alpha,0.38,0.034322004603461,0.385,0.0106852746485376,0.01,0.005,0,0.38,"",200,200,0,0,5.55111512312578e-16,200,0,0,496.055
2,cauchit_auc_n760,alternative,null_auc_n760,760,bagoft,EDGE.poly3.sc.Grule,"battery file, the same replicates",0.05,p <= alpha,0.625,0.0342326598440729,0.71,0.0802167358706461,0.05,0.03,0,0.625,"",200,200,0,0,5.55111512312578e-16,200,0,0,496.055
2,cauchit_auc_n760,alternative,null_auc_n760,760,bagoft,EDGE.poly3.sc.Grule,"battery file, the same replicates",0.1,p <= alpha,0.74,0.0310161248385416,0.74,0.102977883871077,0.1,0.09,0,0.74,"",200,200,0,0,5.55111512312578e-16,200,0,0,496.055
2,cauchit_auc_n760,alternative,null_auc_n760,760,bagoft,EDGE.sym.u.G10,"battery file, the same replicates",0.01,p <= alpha,0.42,0.0348998567332303,0.42,0.0101247663740336,0.01,0.005,0,0.42,"",200,200,0,0,5.55111512312578e-16,200,0,0,496.055
2,cauchit_auc_n760,alternative,null_auc_n760,760,bagoft,EDGE.sym.u.G10,"battery file, the same replicates",0.05,p <= alpha,0.61,0.0344891287219611,0.58,0.0398488451480519,0.05,0.055,0,0.61,"",200,200,0,0,5.55111512312578e-16,200,0,0,496.055
2,cauchit_auc_n760,alternative,null_auc_n760,760,bagoft,EDGE.sym.u.G10,"battery file, the same replicates",0.1,p <= alpha,0.725,0.0315733273507877,0.725,0.103011483203514,0.1,0.095,0,0.725,"",200,200,0,0,5.55111512312578e-16,200,0,0,496.055
2,cauchit_auc_n760,alternative,null_auc_n760,760,bagoft,EDGE.sym.u.Grule,"battery file, the same replicates",0.01,p <= alpha,0.46,0.0352420203734122,0.445,0.00967029120584571,0.01,0.01,0,0.46,"",200,200,0,0,5.55111512312578e-16,200,0,0,496.055
2,cauchit_auc_n760,alternative,null_auc_n760,760,bagoft,EDGE.sym.u.Grule,"battery file, the same replicates",0.05,p <= alpha,0.66,0.0334962684488885,0.675,0.0585344014741375,0.05,0.03,0,0.66,"",200,200,0,0,5.55111512312578e-16,200,0,0,496.055
2,cauchit_auc_n760,alternative,null_auc_n760,760,bagoft,EDGE.sym.u.Grule,"battery file, the same replicates",0.1,p <= alpha,0.76,0.030199337741083,0.74,0.0897048871978132,0.1,0.105,0,0.76,"",200,200,0,0,5.55111512312578e-16,200,0,0,496.055
2,cauchit_auc_n760,alternative,null_auc_n760,760,bagoft,EDGE.sym.sc.G10,"battery file, the same replicates",0.01,p <= alpha,0.365,0.0340422531569225,0.315,0.00520799946072109,0.01,0.01,0,0.365,"",200,200,0,0,5.55111512312578e-16,200,0,0,496.055
2,cauchit_auc_n760,alternative,null_auc_n760,760,bagoft,EDGE.sym.sc.G10,"battery file, the same replicates",0.05,p <= alpha,0.635,0.0340422531569225,0.625,0.0491322064069519,0.05,0.05,0,0.635,"",200,200,0,0,5.55111512312578e-16,200,0,0,496.055
2,cauchit_auc_n760,alternative,null_auc_n760,760,bagoft,EDGE.sym.sc.G10,"battery file, the same replicates",0.1,p <= alpha,0.725,0.0315733273507877,0.71,0.0890182529918093,0.1,0.1,0,0.725,"",200,200,0,0,5.55111512312578e-16,200,0,0,496.055
2,cauchit_auc_n760,alternative,null_auc_n760,760,bagoft,EDGE.sym.sc.Grule,"battery file, the same replicates",0.01,p <= alpha,0.53,0.0352916420700426,0.53,0.0104652173038398,0.01,0.005,0,0.53,"",200,200,0,0,5.55111512312578e-16,200,0,0,496.055
2,cauchit_auc_n760,alternative,null_auc_n760,760,bagoft,EDGE.sym.sc.Grule,"battery file, the same replicates",0.05,p <= alpha,0.72,0.0317490157327751,0.75,0.0674968039540016,0.05,0.04,0,0.72,"",200,200,0,0,5.55111512312578e-16,200,0,0,496.055
2,cauchit_auc_n760,alternative,null_auc_n760,760,bagoft,EDGE.sym.sc.Grule,"battery file, the same replicates",0.1,p <= alpha,0.8,0.0282842712474619,0.825,0.114623064493933,0.1,0.075,0,0.8,"",200,200,0,0,5.55111512312578e-16,200,0,0,496.055
2,cauchit_auc_n760,alternative,null_auc_n760,760,bagoft,Stk.joint,"battery file, the same replicates",0.01,p <= alpha,0.495,0.035353571248178,0.455,0.00817843101057683,0.01,0.01,0,0.495,"",200,200,0,0,5.55111512312578e-16,200,0,0,496.055
2,cauchit_auc_n760,alternative,null_auc_n760,760,bagoft,Stk.joint,"battery file, the same replicates",0.05,p <= alpha,0.67,0.0332490601370926,0.605,0.0299503531639263,0.05,0.06,0,0.67,"",200,200,0,0,5.55111512312578e-16,200,0,0,496.055
2,cauchit_auc_n760,alternative,null_auc_n760,760,bagoft,Stk.joint,"battery file, the same replicates",0.1,p <= alpha,0.74,0.0310161248385416,0.74,0.0987821719367918,0.1,0.105,0,0.74,"",200,200,0,0,5.55111512312578e-16,200,0,0,496.055
2,cauchit_auc_n760,alternative,null_auc_n760,760,bagoft,GiViTI,"battery file, the same replicates",0.01,p <= alpha,0.19,0.0277398630133604,0.135,0.00477019020363179,0.01,0.03,0,0.19,"",200,200,0,0,5.55111512312578e-16,200,0,0,496.055
2,cauchit_auc_n760,alternative,null_auc_n760,760,bagoft,GiViTI,"battery file, the same replicates",0.05,p <= alpha,0.335,0.0333747659167821,0.3,0.0295732150489005,0.05,0.08,0,0.335,"",200,200,0,0,5.55111512312578e-16,200,0,0,496.055
2,cauchit_auc_n760,alternative,null_auc_n760,760,bagoft,GiViTI,"battery file, the same replicates",0.1,p <= alpha,0.435,0.0350553134346279,0.37,0.0640166344459615,0.1,0.135,0,0.435,"",200,200,0,0,5.55111512312578e-16,200,0,0,496.055
2,loglog_auc_n380,alternative,null_auc_n380,380,bagoft,BAGofT,block 8,0.01,p < alpha,0.055,0.0161206389451535,0.055,0,0.02,0.02,0,0.055,"",200,200,0,0,5.55111512312578e-16,200,0,0,343.735
2,loglog_auc_n380,alternative,null_auc_n380,380,bagoft,BAGofT,block 8,0.05,p < alpha,0.12,0.0229782505861521,0.13,0.05,0.05,0.045,0,0.12,"",200,200,0,0,5.55111512312578e-16,200,0,0,343.735
2,loglog_auc_n380,alternative,null_auc_n380,380,bagoft,BAGofT,block 8,0.1,p < alpha,0.165,0.0262464283284412,0.16,0.08,0.105,0.115,0,0.165,"",200,200,0,0,5.55111512312578e-16,200,0,0,343.735
2,loglog_auc_n380,alternative,null_auc_n380,380,bagoft,EDGE.poly3.u.G10,"battery file, the same replicates",0.01,p <= alpha,0.145,0.0248972890090468,0.06,0.0016121992581966,0.01,0.01,0,0.145,"",200,200,0,0,5.55111512312578e-16,200,0,0,343.735
2,loglog_auc_n380,alternative,null_auc_n380,380,bagoft,EDGE.poly3.u.G10,"battery file, the same replicates",0.05,p <= alpha,0.32,0.0329848450049413,0.345,0.0529675457737568,0.05,0.04,0,0.32,"",200,200,0,0,5.55111512312578e-16,200,0,0,343.735
2,loglog_auc_n380,alternative,null_auc_n380,380,bagoft,EDGE.poly3.u.G10,"battery file, the same replicates",0.1,p <= alpha,0.47,0.0352916420700426,0.515,0.12250114979713,0.1,0.075,0,0.47,"",200,200,0,0,5.55111512312578e-16,200,0,0,343.735
2,loglog_auc_n380,alternative,null_auc_n380,380,bagoft,EDGE.poly3.u.Grule,"battery file, the same replicates",0.01,p <= alpha,0.14,0.0245356882927706,0.065,0.00275021994577961,0.01,0.015,0,0.14,"",200,200,0,0,5.55111512312578e-16,200,0,0,343.735
2,loglog_auc_n380,alternative,null_auc_n380,380,bagoft,EDGE.poly3.u.Grule,"battery file, the same replicates",0.05,p <= alpha,0.32,0.0329848450049413,0.29,0.0425960748488317,0.05,0.055,0,0.32,"",200,200,0,0,5.55111512312578e-16,200,0,0,343.735
2,loglog_auc_n380,alternative,null_auc_n380,380,bagoft,EDGE.poly3.u.Grule,"battery file, the same replicates",0.1,p <= alpha,0.51,0.0353482672842673,0.51,0.100633709435854,0.1,0.095,0,0.51,"",200,200,0,0,5.55111512312578e-16,200,0,0,343.735
2,loglog_auc_n380,alternative,null_auc_n380,380,bagoft,EDGE.poly3.sc.G10,"battery file, the same replicates",0.01,p <= alpha,0.12,0.0229782505861521,0.21,0.0191316189923132,0.01,0,0,0.12,"",200,200,0,0,5.55111512312578e-16,200,0,0,343.735
2,loglog_auc_n380,alternative,null_auc_n380,380,bagoft,EDGE.poly3.sc.G10,"battery file, the same replicates",0.05,p <= alpha,0.35,0.0337268439080801,0.475,0.0854668586630651,0.05,0.02,0,0.35,"",200,200,0,0,5.55111512312578e-16,200,0,0,343.735
2,loglog_auc_n380,alternative,null_auc_n380,380,bagoft,EDGE.poly3.sc.G10,"battery file, the same replicates",0.1,p <= alpha,0.51,0.0353482672842673,0.545,0.137252235518701,0.1,0.06,0,0.51,"",200,200,0,0,5.55111512312578e-16,200,0,0,343.735
2,loglog_auc_n380,alternative,null_auc_n380,380,bagoft,EDGE.poly3.sc.Grule,"battery file, the same replicates",0.01,p <= alpha,0.16,0.0259229627936314,0.09,0.00459574184024496,0.01,0.01,0,0.16,"",200,200,0,0,5.55111512312578e-16,200,0,0,343.735
2,loglog_auc_n380,alternative,null_auc_n380,380,bagoft,EDGE.poly3.sc.Grule,"battery file, the same replicates",0.05,p <= alpha,0.365,0.0340422531569225,0.31,0.0393307497781404,0.05,0.055,0,0.365,"",200,200,0,0,5.55111512312578e-16,200,0,0,343.735
2,loglog_auc_n380,alternative,null_auc_n380,380,bagoft,EDGE.poly3.sc.Grule,"battery file, the same replicates",0.1,p <= alpha,0.505,0.035353571248178,0.53,0.120055487080604,0.1,0.085,0,0.505,"",200,200,0,0,5.55111512312578e-16,200,0,0,343.735
2,loglog_auc_n380,alternative,null_auc_n380,380,bagoft,EDGE.sym.u.G10,"battery file, the same replicates",0.01,p <= alpha,0.015,0.00859505671883554,0.005,0.000547602073457824,0.01,0.015,0,0.015,"",200,200,0,0,5.55111512312578e-16,200,0,0,343.735
2,loglog_auc_n380,alternative,null_auc_n380,380,bagoft,EDGE.sym.u.G10,"battery file, the same replicates",0.05,p <= alpha,0.035,0.012995191418367,0.04,0.0590461526911189,0.05,0.04,0,0.035,"",200,200,0,0,5.55111512312578e-16,200,0,0,343.735
2,loglog_auc_n380,alternative,null_auc_n380,380,bagoft,EDGE.sym.u.G10,"battery file, the same replicates",0.1,p <= alpha,0.055,0.0161206389451535,0.08,0.13532730041255,0.1,0.075,0,0.055,"",200,200,0,0,5.55111512312578e-16,200,0,0,343.735
2,loglog_auc_n380,alternative,null_auc_n380,380,bagoft,EDGE.sym.u.Grule,"battery file, the same replicates",0.01,p <= alpha,0.02,0.00989949493661167,0.01,0.00353776561074753,0.01,0.015,0,0.02,"",200,200,0,0,5.55111512312578e-16,200,0,0,343.735
2,loglog_auc_n380,alternative,null_auc_n380,380,bagoft,EDGE.sym.u.Grule,"battery file, the same replicates",0.05,p <= alpha,0.055,0.0161206389451535,0.07,0.0588546044153161,0.05,0.04,0,0.055,"",200,200,0,0,5.55111512312578e-16,200,0,0,343.735
2,loglog_auc_n380,alternative,null_auc_n380,380,bagoft,EDGE.sym.u.Grule,"battery file, the same replicates",0.1,p <= alpha,0.085,0.019719913792915,0.095,0.114612645689227,0.1,0.08,0,0.085,"",200,200,0,0,5.55111512312578e-16,200,0,0,343.735
2,loglog_auc_n380,alternative,null_auc_n380,380,bagoft,EDGE.sym.sc.G10,"battery file, the same replicates",0.01,p <= alpha,0.01,0.00703562363973514,0.005,0.00471523899552482,0.01,0.01,0,0.01,"",200,200,0,0,5.55111512312578e-16,200,0,0,343.735
2,loglog_auc_n380,alternative,null_auc_n380,380,bagoft,EDGE.sym.sc.G10,"battery file, the same replicates",0.05,p <= alpha,0.03,0.0120623380818148,0.045,0.0583381446864316,0.05,0.035,0,0.03,"",200,200,0,0,5.55111512312578e-16,200,0,0,343.735
2,loglog_auc_n380,alternative,null_auc_n380,380,bagoft,EDGE.sym.sc.G10,"battery file, the same replicates",0.1,p <= alpha,0.09,0.0202361063448481,0.145,0.143158406633881,0.1,0.08,0,0.09,"",200,200,0,0,5.55111512312578e-16,200,0,0,343.735
2,loglog_auc_n380,alternative,null_auc_n380,380,bagoft,EDGE.sym.sc.Grule,"battery file, the same replicates",0.01,p <= alpha,0.01,0.00703562363973514,0.005,0.0032621908050406,0.01,0.02,0,0.01,"",200,200,0,0,5.55111512312578e-16,200,0,0,343.735
2,loglog_auc_n380,alternative,null_auc_n380,380,bagoft,EDGE.sym.sc.Grule,"battery file, the same replicates",0.05,p <= alpha,0.065,0.0174320107847603,0.06,0.0458649734877468,0.05,0.055,0,0.065,"",200,200,0,0,5.55111512312578e-16,200,0,0,343.735
2,loglog_auc_n380,alternative,null_auc_n380,380,bagoft,EDGE.sym.sc.Grule,"battery file, the same replicates",0.1,p <= alpha,0.115,0.0225582579114612,0.13,0.135274340268578,0.1,0.08,0,0.115,"",200,200,0,0,5.55111512312578e-16,200,0,0,343.735
2,loglog_auc_n380,alternative,null_auc_n380,380,bagoft,Stk.joint,"battery file, the same replicates",0.01,p <= alpha,0.19,0.0277398630133604,0.12,0.00344787337905369,0.01,0.015,0,0.19,"",200,200,0,0,5.55111512312578e-16,200,0,0,343.735
2,loglog_auc_n380,alternative,null_auc_n380,380,bagoft,Stk.joint,"battery file, the same replicates",0.05,p <= alpha,0.335,0.0333747659167821,0.335,0.0502062928286519,0.05,0.045,0,0.335,"",200,200,0,0,5.55111512312578e-16,200,0,0,343.735
2,loglog_auc_n380,alternative,null_auc_n380,380,bagoft,Stk.joint,"battery file, the same replicates",0.1,p <= alpha,0.525,0.0353111172295638,0.54,0.108156219718226,0.1,0.085,0,0.525,"",200,200,0,0,5.55111512312578e-16,200,0,0,343.735
2,loglog_auc_n380,alternative,null_auc_n380,380,bagoft,GiViTI,"battery file, the same replicates",0.01,p <= alpha,0.255,0.0308200421803735,0.095,0.00148590759686329,0.01,0.01,0,0.255,"",200,200,0,0,5.55111512312578e-16,200,0,0,343.735
2,loglog_auc_n380,alternative,null_auc_n380,380,bagoft,GiViTI,"battery file, the same replicates",0.05,p <= alpha,0.51,0.0353482672842673,0.5,0.0475917381291406,0.05,0.05,0,0.51,"",200,200,0,0,5.55111512312578e-16,200,0,0,343.735
2,loglog_auc_n380,alternative,null_auc_n380,380,bagoft,GiViTI,"battery file, the same replicates",0.1,p <= alpha,0.66,0.0334962684488885,0.65,0.0931985333454609,0.1,0.1,0,0.66,"",200,200,0,0,5.55111512312578e-16,200,0,0,343.735
2,loglog_auc_n640,alternative,null_auc_n640,640,bagoft,BAGofT,block 8,0.01,p < alpha,0.085,0.019719913792915,0.085,0,0.01,0.01,0,0.085,"",200,200,0,0,5.27355936696949e-16,200,0,0,457.175
2,loglog_auc_n640,alternative,null_auc_n640,640,bagoft,BAGofT,block 8,0.05,p < alpha,0.165,0.0262464283284412,0.245,0.07,0.065,0.04,0,0.165,"",200,200,0,0,5.27355936696949e-16,200,0,0,457.175
2,loglog_auc_n640,alternative,null_auc_n640,640,bagoft,BAGofT,block 8,0.1,p < alpha,0.27,0.0313926743046845,0.275,0.1,0.1,0.085,0,0.27,"",200,200,0,0,5.27355936696949e-16,200,0,0,457.175
2,loglog_auc_n640,alternative,null_auc_n640,640,bagoft,EDGE.poly3.u.G10,"battery file, the same replicates",0.01,p <= alpha,0.285,0.0319198214280719,0.385,0.0188265237920152,0.01,0.005,0,0.285,"",200,200,0,0,5.27355936696949e-16,200,0,0,457.175
2,loglog_auc_n640,alternative,null_auc_n640,640,bagoft,EDGE.poly3.u.G10,"battery file, the same replicates",0.05,p <= alpha,0.62,0.034322004603461,0.66,0.0537819958168104,0.05,0.035,0,0.62,"",200,200,0,0,5.27355936696949e-16,200,0,0,457.175
2,loglog_auc_n640,alternative,null_auc_n640,640,bagoft,EDGE.poly3.u.G10,"battery file, the same replicates",0.1,p <= alpha,0.74,0.0310161248385416,0.735,0.0898771379675694,0.1,0.12,0,0.74,"",200,200,0,0,5.27355936696949e-16,200,0,0,457.175
2,loglog_auc_n640,alternative,null_auc_n640,640,bagoft,EDGE.poly3.u.Grule,"battery file, the same replicates",0.01,p <= alpha,0.32,0.0329848450049413,0.39,0.0158760647683219,0.01,0.005,0,0.32,"",200,200,0,0,5.27355936696949e-16,200,0,0,457.175
2,loglog_auc_n640,alternative,null_auc_n640,640,bagoft,EDGE.poly3.u.Grule,"battery file, the same replicates",0.05,p <= alpha,0.645,0.0338360015368246,0.73,0.0711922686288726,0.05,0.04,0,0.645,"",200,200,0,0,5.27355936696949e-16,200,0,0,457.175
2,loglog_auc_n640,alternative,null_auc_n640,640,bagoft,EDGE.poly3.u.Grule,"battery file, the same replicates",0.1,p <= alpha,0.78,0.0292916370317536,0.79,0.103681428289031,0.1,0.09,0,0.78,"",200,200,0,0,5.27355936696949e-16,200,0,0,457.175
2,loglog_auc_n640,alternative,null_auc_n640,640,bagoft,EDGE.poly3.sc.G10,"battery file, the same replicates",0.01,p <= alpha,0.285,0.0319198214280719,0.375,0.0189042685510697,0.01,0.005,0,0.285,"",200,200,0,0,5.27355936696949e-16,200,0,0,457.175
2,loglog_auc_n640,alternative,null_auc_n640,640,bagoft,EDGE.poly3.sc.G10,"battery file, the same replicates",0.05,p <= alpha,0.57,0.0350071421284286,0.615,0.070981640333821,0.05,0.02,0,0.57,"",200,200,0,0,5.27355936696949e-16,200,0,0,457.175
2,loglog_auc_n640,alternative,null_auc_n640,640,bagoft,EDGE.poly3.sc.G10,"battery file, the same replicates",0.1,p <= alpha,0.69,0.0327032108515357,0.71,0.115117194783839,0.1,0.075,0,0.69,"",200,200,0,0,5.27355936696949e-16,200,0,0,457.175
2,loglog_auc_n640,alternative,null_auc_n640,640,bagoft,EDGE.poly3.sc.Grule,"battery file, the same replicates",0.01,p <= alpha,0.31,0.0327032108515357,0.32,0.0106433582422211,0.01,0.005,0,0.31,"",200,200,0,0,5.27355936696949e-16,200,0,0,457.175
2,loglog_auc_n640,alternative,null_auc_n640,640,bagoft,EDGE.poly3.sc.Grule,"battery file, the same replicates",0.05,p <= alpha,0.58,0.0348998567332303,0.595,0.0569159336672996,0.05,0.03,0,0.58,"",200,200,0,0,5.27355936696949e-16,200,0,0,457.175
2,loglog_auc_n640,alternative,null_auc_n640,640,bagoft,EDGE.poly3.sc.Grule,"battery file, the same replicates",0.1,p <= alpha,0.69,0.0327032108515357,0.69,0.0970915561033361,0.1,0.105,0,0.69,"",200,200,0,0,5.27355936696949e-16,200,0,0,457.175
2,loglog_auc_n640,alternative,null_auc_n640,640,bagoft,EDGE.sym.u.G10,"battery file, the same replicates",0.01,p <= alpha,0.02,0.00989949493661167,0.015,0.00207256385900027,0.01,0.015,0,0.02,"",200,200,0,0,5.27355936696949e-16,200,0,0,457.175
2,loglog_auc_n640,alternative,null_auc_n640,640,bagoft,EDGE.sym.u.G10,"battery file, the same replicates",0.05,p <= alpha,0.04,0.013856406460551,0.04,0.049440458621085,0.05,0.05,0,0.04,"",200,200,0,0,5.27355936696949e-16,200,0,0,457.175
2,loglog_auc_n640,alternative,null_auc_n640,640,bagoft,EDGE.sym.u.G10,"battery file, the same replicates",0.1,p <= alpha,0.06,0.0167928556237467,0.055,0.0901054961666542,0.1,0.11,0,0.06,"",200,200,0,0,5.27355936696949e-16,200,0,0,457.175
2,loglog_auc_n640,alternative,null_auc_n640,640,bagoft,EDGE.sym.u.Grule,"battery file, the same replicates",0.01,p <= alpha,0.03,0.0120623380818148,0.03,0.0100862747461352,0.01,0.005,0,0.03,"",200,200,0,0,5.27355936696949e-16,200,0,0,457.175
2,loglog_auc_n640,alternative,null_auc_n640,640,bagoft,EDGE.sym.u.Grule,"battery file, the same replicates",0.05,p <= alpha,0.04,0.013856406460551,0.045,0.0550330592512695,0.05,0.04,0,0.04,"",200,200,0,0,5.27355936696949e-16,200,0,0,457.175
2,loglog_auc_n640,alternative,null_auc_n640,640,bagoft,EDGE.sym.u.Grule,"battery file, the same replicates",0.1,p <= alpha,0.1,0.0212132034355964,0.11,0.104393470995615,0.1,0.095,0,0.1,"",200,200,0,0,5.27355936696949e-16,200,0,0,457.175
2,loglog_auc_n640,alternative,null_auc_n640,640,bagoft,EDGE.sym.sc.G10,"battery file, the same replicates",0.01,p <= alpha,0.015,0.00859505671883554,0.015,0.00827971076538707,0.01,0.015,0,0.015,"",200,200,0,0,5.27355936696949e-16,200,0,0,457.175
2,loglog_auc_n640,alternative,null_auc_n640,640,bagoft,EDGE.sym.sc.G10,"battery file, the same replicates",0.05,p <= alpha,0.04,0.013856406460551,0.045,0.0548889047908408,0.05,0.045,0,0.04,"",200,200,0,0,5.27355936696949e-16,200,0,0,457.175
2,loglog_auc_n640,alternative,null_auc_n640,640,bagoft,EDGE.sym.sc.G10,"battery file, the same replicates",0.1,p <= alpha,0.08,0.0191833260932509,0.08,0.101029087300542,0.1,0.095,0,0.08,"",200,200,0,0,5.27355936696949e-16,200,0,0,457.175
2,loglog_auc_n640,alternative,null_auc_n640,640,bagoft,EDGE.sym.sc.Grule,"battery file, the same replicates",0.01,p <= alpha,0.01,0.00703562363973514,0.015,0.0133294232502045,0.01,0.005,0,0.01,"",200,200,0,0,5.27355936696949e-16,200,0,0,457.175
2,loglog_auc_n640,alternative,null_auc_n640,640,bagoft,EDGE.sym.sc.Grule,"battery file, the same replicates",0.05,p <= alpha,0.07,0.0180416185526687,0.065,0.0432732407903857,0.05,0.055,0,0.07,"",200,200,0,0,5.27355936696949e-16,200,0,0,457.175
2,loglog_auc_n640,alternative,null_auc_n640,640,bagoft,EDGE.sym.sc.Grule,"battery file, the same replicates",0.1,p <= alpha,0.13,0.0237802439011882,0.13,0.101012852065352,0.1,0.095,0,0.13,"",200,200,0,0,5.27355936696949e-16,200,0,0,457.175
2,loglog_auc_n640,alternative,null_auc_n640,640,bagoft,Stk.joint,"battery file, the same replicates",0.01,p <= alpha,0.385,0.0344074846508721,0.5,0.0189694703173947,0.01,0.005,0,0.385,"",200,200,0,0,5.27355936696949e-16,200,0,0,457.175
2,loglog_auc_n640,alternative,null_auc_n640,640,bagoft,Stk.joint,"battery file, the same replicates",0.05,p <= alpha,0.69,0.0327032108515357,0.77,0.0667928925516774,0.05,0.035,0,0.69,"",200,200,0,0,5.27355936696949e-16,200,0,0,457.175
2,loglog_auc_n640,alternative,null_auc_n640,640,bagoft,Stk.joint,"battery file, the same replicates",0.1,p <= alpha,0.815,0.0274567842253968,0.86,0.130586049076305,0.1,0.085,0,0.815,"",200,200,0,0,5.27355936696949e-16,200,0,0,457.175
2,loglog_auc_n640,alternative,null_auc_n640,640,bagoft,GiViTI,"battery file, the same replicates",0.01,p <= alpha,0.555,0.0351407882666283,0.64,0.0161479674159758,0.01,0.005,0,0.555,"",200,200,0,0,5.27355936696949e-16,200,0,0,457.175
2,loglog_auc_n640,alternative,null_auc_n640,640,bagoft,GiViTI,"battery file, the same replicates",0.05,p <= alpha,0.77,0.029757352032733,0.8,0.0610253777108902,0.05,0.03,0,0.77,"",200,200,0,0,5.27355936696949e-16,200,0,0,457.175
2,loglog_auc_n640,alternative,null_auc_n640,640,bagoft,GiViTI,"battery file, the same replicates",0.1,p <= alpha,0.845,0.0255905255905384,0.845,0.100707149727746,0.1,0.095,0,0.845,"",200,200,0,0,5.27355936696949e-16,200,0,0,457.175
2,loglog_e12_n1000,alternative,null_e12_n1000,1000,bagoft,BAGofT,block 8,0.01,p < alpha,0.045,0.014658615214269,0.045,0,0.025,0.025,0,0.045,"",200,200,0,0,5.55111512312578e-16,200,0,0,577.925000000001
2,loglog_e12_n1000,alternative,null_e12_n1000,1000,bagoft,BAGofT,block 8,0.05,p < alpha,0.095,0.0207334271166153,0.075,0.02,0.06,0.085,0,0.095,"",200,200,0,0,5.55111512312578e-16,200,0,0,577.925000000001
2,loglog_e12_n1000,alternative,null_e12_n1000,1000,bagoft,BAGofT,block 8,0.1,p < alpha,0.19,0.0277398630133604,0.145,0.06,0.105,0.13,0,0.19,"",200,200,0,0,5.55111512312578e-16,200,0,0,577.925000000001
2,loglog_e12_n1000,alternative,null_e12_n1000,1000,bagoft,EDGE.poly3.u.G10,"battery file, the same replicates",0.01,p <= alpha,0.105,0.0216766002869454,0.09,0.0084933426667168,0.01,0.01,0,0.105,"",200,200,0,0,5.55111512312578e-16,200,0,0,577.925000000001
2,loglog_e12_n1000,alternative,null_e12_n1000,1000,bagoft,EDGE.poly3.u.G10,"battery file, the same replicates",0.05,p <= alpha,0.34,0.0334962684488885,0.375,0.0619199521272121,0.05,0.04,0,0.34,"",200,200,0,0,5.55111512312578e-16,200,0,0,577.925000000001
2,loglog_e12_n1000,alternative,null_e12_n1000,1000,bagoft,EDGE.poly3.u.G10,"battery file, the same replicates",0.1,p <= alpha,0.46,0.0352420203734122,0.43,0.0915796898946786,0.1,0.11,0,0.46,"",200,200,0,0,5.55111512312578e-16,200,0,0,577.925000000001
2,loglog_e12_n1000,alternative,null_e12_n1000,1000,bagoft,EDGE.poly3.u.Grule,"battery file, the same replicates",0.01,p <= alpha,0.13,0.0237802439011882,0.12,0.00759855627723384,0.01,0.01,0,0.13,"",200,200,0,0,5.55111512312578e-16,200,0,0,577.925000000001
2,loglog_e12_n1000,alternative,null_e12_n1000,1000,bagoft,EDGE.poly3.u.Grule,"battery file, the same replicates",0.05,p <= alpha,0.39,0.0344891287219611,0.43,0.0587116933780034,0.05,0.035,0,0.39,"",200,200,0,0,5.55111512312578e-16,200,0,0,577.925000000001
2,loglog_e12_n1000,alternative,null_e12_n1000,1000,bagoft,EDGE.poly3.u.Grule,"battery file, the same replicates",0.1,p <= alpha,0.575,0.0349553286352739,0.515,0.0875433925584355,0.1,0.115,0,0.575,"",200,200,0,0,5.55111512312578e-16,200,0,0,577.925000000001
2,loglog_e12_n1000,alternative,null_e12_n1000,1000,bagoft,EDGE.poly3.sc.G10,"battery file, the same replicates",0.01,p <= alpha,0.18,0.0271661554144123,0.105,0.00426507602357441,0.01,0.02,0,0.18,"",200,200,0,0,5.55111512312578e-16,200,0,0,577.925000000001
2,loglog_e12_n1000,alternative,null_e12_n1000,1000,bagoft,EDGE.poly3.sc.G10,"battery file, the same replicates",0.05,p <= alpha,0.355,0.0338360015368246,0.335,0.0405753755482266,0.05,0.05,0,0.355,"",200,200,0,0,5.55111512312578e-16,200,0,0,577.925000000001
2,loglog_e12_n1000,alternative,null_e12_n1000,1000,bagoft,EDGE.poly3.sc.G10,"battery file, the same replicates",0.1,p <= alpha,0.475,0.0353111172295638,0.47,0.0964316769939631,0.1,0.1,0,0.475,"",200,200,0,0,5.55111512312578e-16,200,0,0,577.925000000001
2,loglog_e12_n1000,alternative,null_e12_n1000,1000,bagoft,EDGE.poly3.sc.Grule,"battery file, the same replicates",0.01,p <= alpha,0.12,0.0229782505861521,0.175,0.0166727511159352,0.01,0.005,0,0.12,"",200,200,0,0,5.55111512312578e-16,200,0,0,577.925000000001
2,loglog_e12_n1000,alternative,null_e12_n1000,1000,bagoft,EDGE.poly3.sc.Grule,"battery file, the same replicates",0.05,p <= alpha,0.35,0.0337268439080801,0.36,0.0570911823393221,0.05,0.04,0,0.35,"",200,200,0,0,5.55111512312578e-16,200,0,0,577.925000000001
2,loglog_e12_n1000,alternative,null_e12_n1000,1000,bagoft,EDGE.poly3.sc.Grule,"battery file, the same replicates",0.1,p <= alpha,0.48,0.0353270434653114,0.49,0.101738814477478,0.1,0.095,0,0.48,"",200,200,0,0,5.55111512312578e-16,200,0,0,577.925000000001
2,loglog_e12_n1000,alternative,null_e12_n1000,1000,bagoft,EDGE.sym.u.G10,"battery file, the same replicates",0.01,p <= alpha,0,0,0,0.00700360404146381,0.01,0.01,0,0,"",200,200,0,0,5.55111512312578e-16,200,0,0,577.925000000001
2,loglog_e12_n1000,alternative,null_e12_n1000,1000,bagoft,EDGE.sym.u.G10,"battery file, the same replicates",0.05,p <= alpha,0.005,0.004987484335815,0.005,0.0587868965268707,0.05,0.04,0,0.005,"",200,200,0,0,5.55111512312578e-16,200,0,0,577.925000000001
2,loglog_e12_n1000,alternative,null_e12_n1000,1000,bagoft,EDGE.sym.u.G10,"battery file, the same replicates",0.1,p <= alpha,0.07,0.0180416185526687,0.085,0.10318646969921,0.1,0.09,0,0.07,"",200,200,0,0,5.55111512312578e-16,200,0,0,577.925000000001
2,loglog_e12_n1000,alternative,null_e12_n1000,1000,bagoft,EDGE.sym.u.Grule,"battery file, the same replicates",0.01,p <= alpha,0,0,0,0.0124258385406852,0.01,0,0,0,"",200,200,0,0,5.55111512312578e-16,200,0,0,577.925000000001
2,loglog_e12_n1000,alternative,null_e12_n1000,1000,bagoft,EDGE.sym.u.Grule,"battery file, the same replicates",0.05,p <= alpha,0.005,0.004987484335815,0.005,0.0523181533248484,0.05,0.035,0,0.005,"",200,200,0,0,5.55111512312578e-16,200,0,0,577.925000000001
2,loglog_e12_n1000,alternative,null_e12_n1000,1000,bagoft,EDGE.sym.u.Grule,"battery file, the same replicates",0.1,p <= alpha,0.055,0.0161206389451535,0.075,0.105548169984709,0.1,0.085,0,0.055,"",200,200,0,0,5.55111512312578e-16,200,0,0,577.925000000001
2,loglog_e12_n1000,alternative,null_e12_n1000,1000,bagoft,EDGE.sym.sc.G10,"battery file, the same replicates",0.01,p <= alpha,0.14,0.0245356882927706,0.235,0.0192880982693908,0.01,0,0,0.14,"",200,200,0,0,5.55111512312578e-16,200,0,0,577.925000000001
2,loglog_e12_n1000,alternative,null_e12_n1000,1000,bagoft,EDGE.sym.sc.G10,"battery file, the same replicates",0.05,p <= alpha,0.49,0.0353482672842673,0.525,0.0566016229038228,0.05,0.04,0,0.49,"",200,200,0,0,5.55111512312578e-16,200,0,0,577.925000000001
2,loglog_e12_n1000,alternative,null_e12_n1000,1000,bagoft,EDGE.sym.sc.G10,"battery file, the same replicates",0.1,p <= alpha,0.665,0.0333747659167821,0.73,0.119911062086013,0.1,0.085,0,0.665,"",200,200,0,0,5.55111512312578e-16,200,0,0,577.925000000001
2,loglog_e12_n1000,alternative,null_e12_n1000,1000,bagoft,EDGE.sym.sc.Grule,"battery file, the same replicates",0.01,p <= alpha,0.185,0.0274567842253968,0.365,0.0241705181007417,0.01,0,0,0.185,"",200,200,0,0,5.55111512312578e-16,200,0,0,577.925000000001
2,loglog_e12_n1000,alternative,null_e12_n1000,1000,bagoft,EDGE.sym.sc.Grule,"battery file, the same replicates",0.05,p <= alpha,0.575,0.0349553286352739,0.585,0.052714177999641,0.05,0.04,0,0.575,"",200,200,0,0,5.55111512312578e-16,200,0,0,577.925000000001
2,loglog_e12_n1000,alternative,null_e12_n1000,1000,bagoft,EDGE.sym.sc.Grule,"battery file, the same replicates",0.1,p <= alpha,0.73,0.0313926743046845,0.73,0.100370948887539,0.1,0.095,0,0.73,"",200,200,0,0,5.55111512312578e-16,200,0,0,577.925000000001
2,loglog_e12_n1000,alternative,null_e12_n1000,1000,bagoft,Stk.joint,"battery file, the same replicates",0.01,p <= alpha,0.095,0.0207334271166153,0.185,0.0212317578242537,0.01,0,0,0.095,"",200,200,0,0,5.55111512312578e-16,200,0,0,577.925000000001
2,loglog_e12_n1000,alternative,null_e12_n1000,1000,bagoft,Stk.joint,"battery file, the same replicates",0.05,p <= alpha,0.365,0.0340422531569225,0.385,0.0523226503530881,0.05,0.045,0,0.365,"",200,200,0,0,5.55111512312578e-16,200,0,0,577.925000000001
2,loglog_e12_n1000,alternative,null_e12_n1000,1000,bagoft,Stk.joint,"battery file, the same replicates",0.1,p <= alpha,0.6,0.0346410161513775,0.57,0.0920675207487516,0.1,0.115,0,0.6,"",200,200,0,0,5.55111512312578e-16,200,0,0,577.925000000001
2,loglog_e12_n1000,alternative,null_e12_n1000,1000,bagoft,GiViTI,"battery file, the same replicates",0.01,p <= alpha,0.39,0.0344891287219611,0.49,0.016898296086705,0.01,0.005,0,0.39,"",200,200,0,0,5.55111512312578e-16,200,0,0,577.925000000001
2,loglog_e12_n1000,alternative,null_e12_n1000,1000,bagoft,GiViTI,"battery file, the same replicates",0.05,p <= alpha,0.665,0.0333747659167821,0.665,0.0504376824309483,0.05,0.045,0,0.665,"",200,200,0,0,5.55111512312578e-16,200,0,0,577.925000000001
2,loglog_e12_n1000,alternative,null_e12_n1000,1000,bagoft,GiViTI,"battery file, the same replicates",0.1,p <= alpha,0.775,0.0295275295275443,0.76,0.0895588324071928,0.1,0.11,0,0.775,"",200,200,0,0,5.55111512312578e-16,200,0,0,577.925000000001
1b,null_crossover_n1000,null,,1000,bagoft,BAGofT,block 8,0.01,p < alpha,0.005,0.004987484335815,,,,,0,0.005,"",200,200,0,0,5.55111512312578e-16,,0,0,546.985000000001
1b,null_crossover_n1000,null,,1000,bagoft,BAGofT,block 8,0.05,p < alpha,0.045,0.014658615214269,,,,,0,0.045,"",200,200,0,0,5.55111512312578e-16,,0,0,546.985000000001
1b,null_crossover_n1000,null,,1000,bagoft,BAGofT,block 8,0.1,p < alpha,0.105,0.0216766002869454,,,,,0,0.105,"",200,200,0,0,5.55111512312578e-16,,0,0,546.985000000001
1b,null_crossover_n1000,null,,1000,bagoft,EDGE.poly3.u.G10,"battery file, the same replicates",0.01,p <= alpha,0.005,0.004987484335815,,,,,0,0.005,"",200,200,0,0,5.55111512312578e-16,,0,0,546.985000000001
1b,null_crossover_n1000,null,,1000,bagoft,EDGE.poly3.u.G10,"battery file, the same replicates",0.05,p <= alpha,0.035,0.012995191418367,,,,,0,0.035,"",200,200,0,0,5.55111512312578e-16,,0,0,546.985000000001
1b,null_crossover_n1000,null,,1000,bagoft,EDGE.poly3.u.G10,"battery file, the same replicates",0.1,p <= alpha,0.075,0.0186245805321892,,,,,0,0.075,"",200,200,0,0,5.55111512312578e-16,,0,0,546.985000000001
1b,null_crossover_n1000,null,,1000,bagoft,EDGE.poly3.u.Grule,"battery file, the same replicates",0.01,p <= alpha,0.005,0.004987484335815,,,,,0,0.005,"",200,200,0,0,5.55111512312578e-16,,0,0,546.985000000001
1b,null_crossover_n1000,null,,1000,bagoft,EDGE.poly3.u.Grule,"battery file, the same replicates",0.05,p <= alpha,0.05,0.0154110350074224,,,,,0,0.05,"",200,200,0,0,5.55111512312578e-16,,0,0,546.985000000001
1b,null_crossover_n1000,null,,1000,bagoft,EDGE.poly3.u.Grule,"battery file, the same replicates",0.1,p <= alpha,0.075,0.0186245805321892,,,,,0,0.075,"",200,200,0,0,5.55111512312578e-16,,0,0,546.985000000001
1b,null_crossover_n1000,null,,1000,bagoft,EDGE.poly3.sc.G10,"battery file, the same replicates",0.01,p <= alpha,0,0,,,,,0,0,"",200,200,0,0,5.55111512312578e-16,,0,0,546.985000000001
1b,null_crossover_n1000,null,,1000,bagoft,EDGE.poly3.sc.G10,"battery file, the same replicates",0.05,p <= alpha,0.025,0.0110397010829098,,,,,0,0.025,"",200,200,0,0,5.55111512312578e-16,,0,0,546.985000000001
1b,null_crossover_n1000,null,,1000,bagoft,EDGE.poly3.sc.G10,"battery file, the same replicates",0.1,p <= alpha,0.065,0.0174320107847603,,,,,0,0.065,"",200,200,0,0,5.55111512312578e-16,,0,0,546.985000000001
1b,null_crossover_n1000,null,,1000,bagoft,EDGE.poly3.sc.Grule,"battery file, the same replicates",0.01,p <= alpha,0.01,0.00703562363973514,,,,,0,0.01,"",200,200,0,0,5.55111512312578e-16,,0,0,546.985000000001
1b,null_crossover_n1000,null,,1000,bagoft,EDGE.poly3.sc.Grule,"battery file, the same replicates",0.05,p <= alpha,0.04,0.013856406460551,,,,,0,0.04,"",200,200,0,0,5.55111512312578e-16,,0,0,546.985000000001
1b,null_crossover_n1000,null,,1000,bagoft,EDGE.poly3.sc.Grule,"battery file, the same replicates",0.1,p <= alpha,0.075,0.0186245805321892,,,,,0,0.075,"",200,200,0,0,5.55111512312578e-16,,0,0,546.985000000001
1b,null_crossover_n1000,null,,1000,bagoft,EDGE.sym.u.G10,"battery file, the same replicates",0.01,p <= alpha,0,0,,,,,0,0,"",200,200,0,0,5.55111512312578e-16,,0,0,546.985000000001
1b,null_crossover_n1000,null,,1000,bagoft,EDGE.sym.u.G10,"battery file, the same replicates",0.05,p <= alpha,0.05,0.0154110350074224,,,,,0,0.05,"",200,200,0,0,5.55111512312578e-16,,0,0,546.985000000001
1b,null_crossover_n1000,null,,1000,bagoft,EDGE.sym.u.G10,"battery file, the same replicates",0.1,p <= alpha,0.085,0.019719913792915,,,,,0,0.085,"",200,200,0,0,5.55111512312578e-16,,0,0,546.985000000001
1b,null_crossover_n1000,null,,1000,bagoft,EDGE.sym.u.Grule,"battery file, the same replicates",0.01,p <= alpha,0.005,0.004987484335815,,,,,0,0.005,"",200,200,0,0,5.55111512312578e-16,,0,0,546.985000000001
1b,null_crossover_n1000,null,,1000,bagoft,EDGE.sym.u.Grule,"battery file, the same replicates",0.05,p <= alpha,0.045,0.014658615214269,,,,,0,0.045,"",200,200,0,0,5.55111512312578e-16,,0,0,546.985000000001
1b,null_crossover_n1000,null,,1000,bagoft,EDGE.sym.u.Grule,"battery file, the same replicates",0.1,p <= alpha,0.06,0.0167928556237467,,,,,0,0.06,"",200,200,0,0,5.55111512312578e-16,,0,0,546.985000000001
1b,null_crossover_n1000,null,,1000,bagoft,EDGE.sym.sc.G10,"battery file, the same replicates",0.01,p <= alpha,0,0,,,,,0,0,"",200,200,0,0,5.55111512312578e-16,,0,0,546.985000000001
1b,null_crossover_n1000,null,,1000,bagoft,EDGE.sym.sc.G10,"battery file, the same replicates",0.05,p <= alpha,0.045,0.014658615214269,,,,,0,0.045,"",200,200,0,0,5.55111512312578e-16,,0,0,546.985000000001
1b,null_crossover_n1000,null,,1000,bagoft,EDGE.sym.sc.G10,"battery file, the same replicates",0.1,p <= alpha,0.085,0.019719913792915,,,,,0,0.085,"",200,200,0,0,5.55111512312578e-16,,0,0,546.985000000001
1b,null_crossover_n1000,null,,1000,bagoft,EDGE.sym.sc.Grule,"battery file, the same replicates",0.01,p <= alpha,0.005,0.004987484335815,,,,,0,0.005,"",200,200,0,0,5.55111512312578e-16,,0,0,546.985000000001
1b,null_crossover_n1000,null,,1000,bagoft,EDGE.sym.sc.Grule,"battery file, the same replicates",0.05,p <= alpha,0.05,0.0154110350074224,,,,,0,0.05,"",200,200,0,0,5.55111512312578e-16,,0,0,546.985000000001
1b,null_crossover_n1000,null,,1000,bagoft,EDGE.sym.sc.Grule,"battery file, the same replicates",0.1,p <= alpha,0.065,0.0174320107847603,,,,,0,0.065,"",200,200,0,0,5.55111512312578e-16,,0,0,546.985000000001
1b,null_crossover_n1000,null,,1000,bagoft,Stk.joint,"battery file, the same replicates",0.01,p <= alpha,0.005,0.004987484335815,,,,,0,0.005,"",200,200,0,0,5.55111512312578e-16,,0,0,546.985000000001
1b,null_crossover_n1000,null,,1000,bagoft,Stk.joint,"battery file, the same replicates",0.05,p <= alpha,0.05,0.0154110350074224,,,,,0,0.05,"",200,200,0,0,5.55111512312578e-16,,0,0,546.985000000001
1b,null_crossover_n1000,null,,1000,bagoft,Stk.joint,"battery file, the same replicates",0.1,p <= alpha,0.08,0.0191833260932509,,,,,0,0.08,"",200,200,0,0,5.55111512312578e-16,,0,0,546.985000000001
1b,null_crossover_n1000,null,,1000,bagoft,GiViTI,"battery file, the same replicates",0.01,p <= alpha,0,0,,,,,0,0,"",200,200,0,0,5.55111512312578e-16,,0,0,546.985000000001
1b,null_crossover_n1000,null,,1000,bagoft,GiViTI,"battery file, the same replicates",0.05,p <= alpha,0.035,0.012995191418367,,,,,0,0.035,"",200,200,0,0,5.55111512312578e-16,,0,0,546.985000000001
1b,null_crossover_n1000,null,,1000,bagoft,GiViTI,"battery file, the same replicates",0.1,p <= alpha,0.075,0.0186245805321892,,,,,0,0.075,"",200,200,0,0,5.55111512312578e-16,,0,0,546.985000000001
4,crossover_n1000,alternative,null_crossover_n1000,1000,bagoft,BAGofT,block 8,0.01,p < alpha,0.52,0.0353270434653114,0.675,0.02,0.015,0.005,0,0.52,"",200,200,0,0,6.66133814775094e-16,200,0,0,545.78
4,crossover_n1000,alternative,null_crossover_n1000,1000,bagoft,BAGofT,block 8,0.05,p < alpha,0.775,0.0295275295275443,0.79,0.05,0.055,0.045,0,0.775,"",200,200,0,0,6.66133814775094e-16,200,0,0,545.78
4,crossover_n1000,alternative,null_crossover_n1000,1000,bagoft,BAGofT,block 8,0.1,p < alpha,0.815,0.0274567842253968,0.815,0.08,0.1,0.105,0,0.815,"",200,200,0,0,6.66133814775094e-16,200,0,0,545.78
4,crossover_n1000,alternative,null_crossover_n1000,1000,bagoft,EDGE.poly3.u.G10,"battery file, the same replicates",0.01,p <= alpha,0.03,0.0120623380818148,0.045,0.0175955166345845,0.01,0.005,0,0.03,"",200,200,0,0,6.66133814775094e-16,200,0,0,545.78
4,crossover_n1000,alternative,null_crossover_n1000,1000,bagoft,EDGE.poly3.u.G10,"battery file, the same replicates",0.05,p <= alpha,0.08,0.0191833260932509,0.09,0.0759232723198931,0.05,0.035,0,0.08,"",200,200,0,0,6.66133814775094e-16,200,0,0,545.78
4,crossover_n1000,alternative,null_crossover_n1000,1000,bagoft,EDGE.poly3.u.G10,"battery file, the same replicates",0.1,p <= alpha,0.14,0.0245356882927706,0.16,0.129620790569995,0.1,0.075,0,0.14,"",200,200,0,0,6.66133814775094e-16,200,0,0,545.78
4,crossover_n1000,alternative,null_crossover_n1000,1000,bagoft,EDGE.poly3.u.Grule,"battery file, the same replicates",0.01,p <= alpha,0.035,0.012995191418367,0.06,0.0249753001605671,0.01,0.005,0,0.035,"",200,200,0,0,6.66133814775094e-16,200,0,0,545.78
4,crossover_n1000,alternative,null_crossover_n1000,1000,bagoft,EDGE.poly3.u.Grule,"battery file, the same replicates",0.05,p <= alpha,0.09,0.0202361063448481,0.09,0.049630588994226,0.05,0.05,0,0.09,"",200,200,0,0,6.66133814775094e-16,200,0,0,545.78
4,crossover_n1000,alternative,null_crossover_n1000,1000,bagoft,EDGE.poly3.u.Grule,"battery file, the same replicates",0.1,p <= alpha,0.135,0.0241635055403805,0.16,0.118304775156644,0.1,0.075,0,0.135,"",200,200,0,0,6.66133814775094e-16,200,0,0,545.78
4,crossover_n1000,alternative,null_crossover_n1000,1000,bagoft,EDGE.poly3.sc.G10,"battery file, the same replicates",0.01,p <= alpha,0.01,0.00703562363973514,0.045,0.0239338285106655,0.01,0,0,0.01,"",200,200,0,0,6.66133814775094e-16,200,0,0,545.78
4,crossover_n1000,alternative,null_crossover_n1000,1000,bagoft,EDGE.poly3.sc.G10,"battery file, the same replicates",0.05,p <= alpha,0.07,0.0180416185526687,0.1,0.0666993419080839,0.05,0.025,0,0.07,"",200,200,0,0,6.66133814775094e-16,200,0,0,545.78
4,crossover_n1000,alternative,null_crossover_n1000,1000,bagoft,EDGE.poly3.sc.G10,"battery file, the same replicates",0.1,p <= alpha,0.125,0.0233853586673371,0.18,0.142691816571704,0.1,0.065,0,0.125,"",200,200,0,0,6.66133814775094e-16,200,0,0,545.78
4,crossover_n1000,alternative,null_crossover_n1000,1000,bagoft,EDGE.poly3.sc.Grule,"battery file, the same replicates",0.01,p <= alpha,0.015,0.00859505671883554,0.015,0.00979168910502415,0.01,0.01,0,0.015,"",200,200,0,0,6.66133814775094e-16,200,0,0,545.78
4,crossover_n1000,alternative,null_crossover_n1000,1000,bagoft,EDGE.poly3.sc.Grule,"battery file, the same replicates",0.05,p <= alpha,0.08,0.0191833260932509,0.09,0.0561406471641196,0.05,0.04,0,0.08,"",200,200,0,0,6.66133814775094e-16,200,0,0,545.78
4,crossover_n1000,alternative,null_crossover_n1000,1000,bagoft,EDGE.poly3.sc.Grule,"battery file, the same replicates",0.1,p <= alpha,0.135,0.0241635055403805,0.145,0.115043292329313,0.1,0.075,0,0.135,"",200,200,0,0,6.66133814775094e-16,200,0,0,545.78
4,crossover_n1000,alternative,null_crossover_n1000,1000,bagoft,EDGE.sym.u.G10,"battery file, the same replicates",0.01,p <= alpha,0.005,0.004987484335815,0.01,0.018870220143009,0.01,0,0,0.005,"",200,200,0,0,6.66133814775094e-16,200,0,0,545.78
4,crossover_n1000,alternative,null_crossover_n1000,1000,bagoft,EDGE.sym.u.G10,"battery file, the same replicates",0.05,p <= alpha,0.08,0.0191833260932509,0.08,0.0479629190494825,0.05,0.05,0,0.08,"",200,200,0,0,6.66133814775094e-16,200,0,0,545.78
4,crossover_n1000,alternative,null_crossover_n1000,1000,bagoft,EDGE.sym.u.G10,"battery file, the same replicates",0.1,p <= alpha,0.14,0.0245356882927706,0.165,0.119802090577211,0.1,0.085,0,0.14,"",200,200,0,0,6.66133814775094e-16,200,0,0,545.78
4,crossover_n1000,alternative,null_crossover_n1000,1000,bagoft,EDGE.sym.u.Grule,"battery file, the same replicates",0.01,p <= alpha,0.02,0.00989949493661167,0.02,0.0115306575024672,0.01,0.005,0,0.02,"",200,200,0,0,6.66133814775094e-16,200,0,0,545.78
4,crossover_n1000,alternative,null_crossover_n1000,1000,bagoft,EDGE.sym.u.Grule,"battery file, the same replicates",0.05,p <= alpha,0.07,0.0180416185526687,0.07,0.0581661445961254,0.05,0.045,0,0.07,"",200,200,0,0,6.66133814775094e-16,200,0,0,545.78
4,crossover_n1000,alternative,null_crossover_n1000,1000,bagoft,EDGE.sym.u.Grule,"battery file, the same replicates",0.1,p <= alpha,0.125,0.0233853586673371,0.195,0.155594436540478,0.1,0.06,0,0.125,"",200,200,0,0,6.66133814775094e-16,200,0,0,545.78
4,crossover_n1000,alternative,null_crossover_n1000,1000,bagoft,EDGE.sym.sc.G10,"battery file, the same replicates",0.01,p <= alpha,0.005,0.004987484335815,0.005,0.0151695103007304,0.01,0,0,0.005,"",200,200,0,0,6.66133814775094e-16,200,0,0,545.78
4,crossover_n1000,alternative,null_crossover_n1000,1000,bagoft,EDGE.sym.sc.G10,"battery file, the same replicates",0.05,p <= alpha,0.075,0.0186245805321892,0.075,0.0518426657568344,0.05,0.045,0,0.075,"",200,200,0,0,6.66133814775094e-16,200,0,0,545.78
4,crossover_n1000,alternative,null_crossover_n1000,1000,bagoft,EDGE.sym.sc.G10,"battery file, the same replicates",0.1,p <= alpha,0.13,0.0237802439011882,0.175,0.138384261340852,0.1,0.085,0,0.13,"",200,200,0,0,6.66133814775094e-16,200,0,0,545.78
4,crossover_n1000,alternative,null_crossover_n1000,1000,bagoft,EDGE.sym.sc.Grule,"battery file, the same replicates",0.01,p <= alpha,0.01,0.00703562363973514,0.02,0.0119623087644997,0.01,0.005,0,0.01,"",200,200,0,0,6.66133814775094e-16,200,0,0,545.78
4,crossover_n1000,alternative,null_crossover_n1000,1000,bagoft,EDGE.sym.sc.Grule,"battery file, the same replicates",0.05,p <= alpha,0.06,0.0167928556237467,0.06,0.0492328040595238,0.05,0.05,0,0.06,"",200,200,0,0,6.66133814775094e-16,200,0,0,545.78
4,crossover_n1000,alternative,null_crossover_n1000,1000,bagoft,EDGE.sym.sc.Grule,"battery file, the same replicates",0.1,p <= alpha,0.125,0.0233853586673371,0.175,0.14135101563944,0.1,0.065,0,0.125,"",200,200,0,0,6.66133814775094e-16,200,0,0,545.78
4,crossover_n1000,alternative,null_crossover_n1000,1000,bagoft,Stk.joint,"battery file, the same replicates",0.01,p <= alpha,0.025,0.0110397010829098,0.04,0.016513599558512,0.01,0.005,0,0.025,"",200,200,0,0,6.66133814775094e-16,200,0,0,545.78
4,crossover_n1000,alternative,null_crossover_n1000,1000,bagoft,Stk.joint,"battery file, the same replicates",0.05,p <= alpha,0.095,0.0207334271166153,0.09,0.0490046465247527,0.05,0.05,0,0.095,"",200,200,0,0,6.66133814775094e-16,200,0,0,545.78
4,crossover_n1000,alternative,null_crossover_n1000,1000,bagoft,Stk.joint,"battery file, the same replicates",0.1,p <= alpha,0.135,0.0241635055403805,0.14,0.121825861900272,0.1,0.08,0,0.135,"",200,200,0,0,6.66133814775094e-16,200,0,0,545.78
4,crossover_n1000,alternative,null_crossover_n1000,1000,bagoft,GiViTI,"battery file, the same replicates",0.01,p <= alpha,0.025,0.0110397010829098,0.045,0.0148101213753078,0.01,0,0,0.025,"",200,200,0,0,6.66133814775094e-16,200,0,0,545.78
4,crossover_n1000,alternative,null_crossover_n1000,1000,bagoft,GiViTI,"battery file, the same replicates",0.05,p <= alpha,0.085,0.019719913792915,0.1,0.0567603312395398,0.05,0.035,0,0.085,"",200,200,0,0,6.66133814775094e-16,200,0,0,545.78
4,crossover_n1000,alternative,null_crossover_n1000,1000,bagoft,GiViTI,"battery file, the same replicates",0.1,p <= alpha,0.145,0.0248972890090468,0.195,0.135388442584129,0.1,0.075,0,0.145,"",200,200,0,0,6.66133814775094e-16,200,0,0,545.78
