block,cell,role,null_cell,n,subset,B,test,alpha,rejection,mcse,size_adj_power,null_size,declined,rejection_given_p,status
4,crossover_n1000,alternative,null_crossover_n1000,1000,all,5000,flag.evlt.G10,,0,,,,0,,flag rate: share of replicates with the flag = 1
4,crossover_n1000,alternative,null_crossover_n1000,1000,all,5000,flag.evlt.Grule,,0,,,,0,,flag rate: share of replicates with the flag = 1
4,crossover_n1000,alternative,null_crossover_n1000,1000,all,5000,flag.stk_half0,,0,,,,0,,flag rate: share of replicates with the flag = 1
4,crossover_n1000,alternative,null_crossover_n1000,1000,all,5000,flag.stk_diag,,0,,,,0,,flag rate: share of replicates with the flag = 1
4,crossover_n1000,alternative,null_crossover_n1000,1000,all,5000,flag.rivals_run,,1,,,,0,,flag rate: share of replicates with the flag = 1
4,crossover_n1000,alternative,null_crossover_n1000,1000,all,5000,flag.degenerate,,0,,,,0,,flag rate: share of replicates with the flag = 1
4,crossover_n1000,alternative,null_crossover_n1000,1000,all,5000,flag.info_guard,,0,,,,0,,flag rate: share of replicates with the flag = 1
4,crossover_n1000,alternative,null_crossover_n1000,1000,all,5000,flag.rep_error,,0,,,,0,,flag rate: share of replicates with the flag = 1
4,crossover_n1000,alternative,null_crossover_n1000,1000,all,5000,EDGE.poly3.u.G10,0.01,0.0216,0.00205589104769684,0.0222,0.0094,0,0.0216,""
4,crossover_n1000,alternative,null_crossover_n1000,1000,all,5000,EDGE.poly3.u.G10,0.05,0.0784,0.00380140605565888,0.0768,0.0504,0,0.0784,""
4,crossover_n1000,alternative,null_crossover_n1000,1000,all,5000,EDGE.poly3.u.G10,0.1,0.1406,0.00491592595550421,0.1376,0.102,0,0.1406,""
4,crossover_n1000,alternative,null_crossover_n1000,1000,all,5000,EDGE.poly3.sc.G10,0.01,0.0174,0.00184917495116065,0.0136,0.0122,0,0.0174,""
4,crossover_n1000,alternative,null_crossover_n1000,1000,all,5000,EDGE.poly3.sc.G10,0.05,0.0728,0.00367423896882062,0.0684,0.0522,0,0.0728,""
4,crossover_n1000,alternative,null_crossover_n1000,1000,all,5000,EDGE.poly3.sc.G10,0.1,0.1296,0.00474981768071155,0.1274,0.1014,0,0.1296,""
4,crossover_n1000,alternative,null_crossover_n1000,1000,all,5000,EDGE.poly2.u.G10,0.01,0.0254,0.00222507707731665,0.0182,0.013,0,0.0254,""
4,crossover_n1000,alternative,null_crossover_n1000,1000,all,5000,EDGE.poly2.u.G10,0.05,0.0906,0.00405935068699417,0.087,0.0524,0,0.0906,""
4,crossover_n1000,alternative,null_crossover_n1000,1000,all,5000,EDGE.poly2.u.G10,0.1,0.1464,0.00499934075653981,0.1476,0.0998,0,0.1464,""
4,crossover_n1000,alternative,null_crossover_n1000,1000,all,5000,EDGE.poly2.sc.G10,0.01,0.0194,0.00195057119839292,0.0184,0.0108,0,0.0194,""
4,crossover_n1000,alternative,null_crossover_n1000,1000,all,5000,EDGE.poly2.sc.G10,0.05,0.0772,0.00377465654066698,0.0772,0.0498,0,0.0772,""
4,crossover_n1000,alternative,null_crossover_n1000,1000,all,5000,EDGE.poly2.sc.G10,0.1,0.136,0.0048477623704138,0.1326,0.1026,0,0.136,""
4,crossover_n1000,alternative,null_crossover_n1000,1000,all,5000,EDGE.stk.u.G10,0.01,0.0158,0.00176353962246387,0.0176,0.0092,0,0.0158,""
4,crossover_n1000,alternative,null_crossover_n1000,1000,all,5000,EDGE.stk.u.G10,0.05,0.069,0.00358438279205779,0.0666,0.051,0,0.069,""
4,crossover_n1000,alternative,null_crossover_n1000,1000,all,5000,EDGE.stk.u.G10,0.1,0.1238,0.004657758259077,0.1316,0.0972,0,0.1238,""
4,crossover_n1000,alternative,null_crossover_n1000,1000,all,5000,EDGE.stk.sc.G10,0.01,0.0192,0.00194068853760721,0.0152,0.0128,0,0.0192,""
4,crossover_n1000,alternative,null_crossover_n1000,1000,all,5000,EDGE.stk.sc.G10,0.05,0.075,0.00372491610643784,0.0708,0.0536,0,0.075,""
4,crossover_n1000,alternative,null_crossover_n1000,1000,all,5000,EDGE.stk.sc.G10,0.1,0.132,0.00478698234799336,0.1302,0.1018,0,0.132,""
4,crossover_n1000,alternative,null_crossover_n1000,1000,all,5000,EDGE.sym.u.G10,0.01,0.0102,0.00142098275851609,0.01,0.01,0,0.0102,""
4,crossover_n1000,alternative,null_crossover_n1000,1000,all,5000,EDGE.sym.u.G10,0.05,0.055,0.0032241277890307,0.0542,0.0502,0,0.055,""
4,crossover_n1000,alternative,null_crossover_n1000,1000,all,5000,EDGE.sym.u.G10,0.1,0.1074,0.00437870391782774,0.1078,0.0984,0,0.1074,""
4,crossover_n1000,alternative,null_crossover_n1000,1000,all,5000,EDGE.sym.sc.G10,0.01,0.0094,0.00136467138901642,0.0086,0.0104,0,0.0094,""
4,crossover_n1000,alternative,null_crossover_n1000,1000,all,5000,EDGE.sym.sc.G10,0.05,0.0528,0.00316266216975509,0.0532,0.0484,0,0.0528,""
4,crossover_n1000,alternative,null_crossover_n1000,1000,all,5000,EDGE.sym.sc.G10,0.1,0.105,0.00433532005738907,0.1066,0.0976,0,0.105,""
4,crossover_n1000,alternative,null_crossover_n1000,1000,all,5000,EDGE.poly3.u.Grule,0.01,0.0268,0.00228393344911799,0.0256,0.011,0,0.0268,""
4,crossover_n1000,alternative,null_crossover_n1000,1000,all,5000,EDGE.poly3.u.Grule,0.05,0.096,0.00416614930121329,0.0922,0.0514,0,0.096,""
4,crossover_n1000,alternative,null_crossover_n1000,1000,all,5000,EDGE.poly3.u.Grule,0.1,0.1596,0.00517934049855771,0.157,0.1024,0,0.1596,""
4,crossover_n1000,alternative,null_crossover_n1000,1000,all,5000,EDGE.poly3.sc.Grule,0.01,0.0196,0.001960399959192,0.0206,0.0096,0,0.0196,""
4,crossover_n1000,alternative,null_crossover_n1000,1000,all,5000,EDGE.poly3.sc.Grule,0.05,0.0774,0.00377913323395723,0.078,0.0496,0,0.0774,""
4,crossover_n1000,alternative,null_crossover_n1000,1000,all,5000,EDGE.poly3.sc.Grule,0.1,0.146,0.00499367600070329,0.1438,0.1026,0,0.146,""
4,crossover_n1000,alternative,null_crossover_n1000,1000,all,5000,EDGE.poly2.u.Grule,0.01,0.0324,0.00250400638976821,0.0274,0.0112,0,0.0324,""
4,crossover_n1000,alternative,null_crossover_n1000,1000,all,5000,EDGE.poly2.u.Grule,0.05,0.1088,0.00440369299565717,0.1036,0.053,0,0.1088,""
4,crossover_n1000,alternative,null_crossover_n1000,1000,all,5000,EDGE.poly2.u.Grule,0.1,0.1746,0.00536870263657804,0.1722,0.1042,0,0.1746,""
4,crossover_n1000,alternative,null_crossover_n1000,1000,all,5000,EDGE.poly2.sc.Grule,0.01,0.0232,0.0021289321266776,0.024,0.0096,0,0.0232,""
4,crossover_n1000,alternative,null_crossover_n1000,1000,all,5000,EDGE.poly2.sc.Grule,0.05,0.0896,0.00403910485132535,0.0912,0.049,0,0.0896,""
4,crossover_n1000,alternative,null_crossover_n1000,1000,all,5000,EDGE.poly2.sc.Grule,0.1,0.153,0.0050909920447787,0.1542,0.0992,0,0.153,""
4,crossover_n1000,alternative,null_crossover_n1000,1000,all,5000,EDGE.stk.u.Grule,0.01,0.0202,0.0019895708079885,0.0204,0.0092,0,0.0202,""
4,crossover_n1000,alternative,null_crossover_n1000,1000,all,5000,EDGE.stk.u.Grule,0.05,0.0818,0.00387579050001416,0.0806,0.0504,0,0.0818,""
4,crossover_n1000,alternative,null_crossover_n1000,1000,all,5000,EDGE.stk.u.Grule,0.1,0.1492,0.00503863791118195,0.1494,0.0998,0,0.1492,""
4,crossover_n1000,alternative,null_crossover_n1000,1000,all,5000,EDGE.stk.sc.Grule,0.01,0.0234,0.00213786996798215,0.024,0.0096,0,0.0234,""
4,crossover_n1000,alternative,null_crossover_n1000,1000,all,5000,EDGE.stk.sc.Grule,0.05,0.0852,0.0039481884453506,0.083,0.052,0,0.0852,""
4,crossover_n1000,alternative,null_crossover_n1000,1000,all,5000,EDGE.stk.sc.Grule,0.1,0.1526,0.00508553320704919,0.1488,0.1038,0,0.1526,""
4,crossover_n1000,alternative,null_crossover_n1000,1000,all,5000,EDGE.sym.u.Grule,0.01,0.0114,0.00150133540556399,0.0138,0.0082,0,0.0114,""
4,crossover_n1000,alternative,null_crossover_n1000,1000,all,5000,EDGE.sym.u.Grule,0.05,0.0598,0.00335332551357604,0.06,0.0496,0,0.0598,""
4,crossover_n1000,alternative,null_crossover_n1000,1000,all,5000,EDGE.sym.u.Grule,0.1,0.1078,0.00438586730305421,0.112,0.0954,0,0.1078,""
4,crossover_n1000,alternative,null_crossover_n1000,1000,all,5000,EDGE.sym.sc.Grule,0.01,0.0116,0.00151429455523026,0.0148,0.0082,0,0.0116,""
4,crossover_n1000,alternative,null_crossover_n1000,1000,all,5000,EDGE.sym.sc.Grule,0.05,0.0548,0.00321860093829602,0.0546,0.05,0,0.0548,""
4,crossover_n1000,alternative,null_crossover_n1000,1000,all,5000,EDGE.sym.sc.Grule,0.1,0.104,0.00431703602023425,0.1046,0.0992,0,0.104,""
4,crossover_n1000,alternative,null_crossover_n1000,1000,all,5000,HL.G10,0.01,0.0178,0.00186992834087299,0.0174,0.0102,0,0.0178,""
4,crossover_n1000,alternative,null_crossover_n1000,1000,all,5000,HL.G10,0.05,0.0716,0.00364618814654428,0.069,0.052,0,0.0716,""
4,crossover_n1000,alternative,null_crossover_n1000,1000,all,5000,HL.G10,0.1,0.1316,0.00478082503340166,0.125,0.1054,0,0.1316,""
4,crossover_n1000,alternative,null_crossover_n1000,1000,all,5000,HL.Grule,0.01,0.0158,0.00176353962246387,0.018,0.0078,0,0.0158,""
4,crossover_n1000,alternative,null_crossover_n1000,1000,all,5000,HL.Grule,0.05,0.0738,0.00369739259478893,0.0786,0.0466,0,0.0738,""
4,crossover_n1000,alternative,null_crossover_n1000,1000,all,5000,HL.Grule,0.1,0.1426,0.00494500232558085,0.1428,0.0986,0,0.1426,""
4,crossover_n1000,alternative,null_crossover_n1000,1000,all,5000,HLF.G10,0.01,0.0174,0.00184917495116065,0.0168,0.0102,0,0.0174,""
4,crossover_n1000,alternative,null_crossover_n1000,1000,all,5000,HLF.G10,0.05,0.0724,0.00366492128155572,0.0672,0.0522,0,0.0724,""
4,crossover_n1000,alternative,null_crossover_n1000,1000,all,5000,HLF.G10,0.1,0.131,0.00477156158924937,0.124,0.1048,0,0.131,""
4,crossover_n1000,alternative,null_crossover_n1000,1000,all,5000,HLF.Grule,0.01,0.0156,0.00175252047063651,0.0184,0.008,0,0.0156,""
4,crossover_n1000,alternative,null_crossover_n1000,1000,all,5000,HLF.Grule,0.05,0.0746,0.00371577286711661,0.078,0.0474,0,0.0746,""
4,crossover_n1000,alternative,null_crossover_n1000,1000,all,5000,HLF.Grule,0.1,0.1414,0.00492759657439608,0.142,0.0988,0,0.1414,""
4,crossover_n1000,alternative,null_crossover_n1000,1000,all,5000,Stk.joint,0.01,0.0266,0.00227562914377541,0.0266,0.01,0,0.0266,""
4,crossover_n1000,alternative,null_crossover_n1000,1000,all,5000,Stk.joint,0.05,0.0994,0.00423130334530627,0.0964,0.0524,0,0.0994,""
4,crossover_n1000,alternative,null_crossover_n1000,1000,all,5000,Stk.joint,0.1,0.1642,0.00523905258610753,0.161,0.103,0,0.1642,""
4,crossover_n1000,alternative,null_crossover_n1000,1000,all,5000,Stk.LR,0.01,0.0268,0.00228393344911799,0.0272,0.0098,0,0.0268,""
4,crossover_n1000,alternative,null_crossover_n1000,1000,all,5000,Stk.LR,0.05,0.0966,0.00417776112289824,0.092,0.052,0,0.0966,""
4,crossover_n1000,alternative,null_crossover_n1000,1000,all,5000,Stk.LR,0.1,0.1616,0.00520548633654916,0.158,0.1036,0,0.1616,""
4,crossover_n1000,alternative,null_crossover_n1000,1000,all,5000,Stk.sym1,0.01,0.0098,0.00139312311013779,0.0118,0.0092,0,0.0098,""
4,crossover_n1000,alternative,null_crossover_n1000,1000,all,5000,Stk.sym1,0.05,0.0582,0.00331097447891101,0.0576,0.0514,0,0.0582,""
4,crossover_n1000,alternative,null_crossover_n1000,1000,all,5000,Stk.sym1,0.1,0.1054,0.00434259922166437,0.1072,0.098,0,0.1054,""
4,crossover_n1000,alternative,null_crossover_n1000,1000,all,5000,Stk.marg,0.01,0.0674,0.00354562378150869,0.0292,0.025,0,0.0674,""
4,crossover_n1000,alternative,null_crossover_n1000,1000,all,5000,Stk.marg,0.05,0.1418,0.00493341180117776,0.1098,0.0722,0,0.1418,""
4,crossover_n1000,alternative,null_crossover_n1000,1000,all,5000,Stk.marg,0.1,0.2022,0.00568005563353036,0.1746,0.1188,0,0.2022,""
4,crossover_n1000,alternative,null_crossover_n1000,1000,all,5000,GiViTI,0.01,0.0334,0.00254104073166882,0.0266,0.0106,0,0.0334,""
4,crossover_n1000,alternative,null_crossover_n1000,1000,all,5000,GiViTI,0.05,0.1128,0.00447383862024548,0.1046,0.0542,0,0.1128,""
4,crossover_n1000,alternative,null_crossover_n1000,1000,all,5000,GiViTI,0.1,0.1802,0.00543558570901058,0.1738,0.1024,0,0.1802,""
4,crossover_n1000,alternative,null_crossover_n1000,1000,all,5000,GiViTI.t50,0.01,0.0312,0.00245872161905328,0.024,0.013,0,0.0312,""
4,crossover_n1000,alternative,null_crossover_n1000,1000,all,5000,GiViTI.t50,0.05,0.1134,0.00448420427723805,0.1046,0.0556,0,0.1134,""
4,crossover_n1000,alternative,null_crossover_n1000,1000,all,5000,GiViTI.t50,0.1,0.1836,0.00547523588532951,0.1792,0.1036,0,0.1836,""
4,crossover_n1000,alternative,null_crossover_n1000,1000,all,5000,Cubic.LR,0.01,0.0262,0.00225891832521674,0.0236,0.0108,0,0.0262,""
4,crossover_n1000,alternative,null_crossover_n1000,1000,all,5000,Cubic.LR,0.05,0.095,0.00414668542332307,0.092,0.0514,0,0.095,""
4,crossover_n1000,alternative,null_crossover_n1000,1000,all,5000,Cubic.LR,0.1,0.1574,0.00515024737269969,0.157,0.1008,0,0.1574,""
4,crossover_n1000,alternative,null_crossover_n1000,1000,all,5000,HL_w,0.01,0.0238,0.00215562334372218,0.0174,0.0128,0,0.0238,""
4,crossover_n1000,alternative,null_crossover_n1000,1000,all,5000,HL_w,0.05,0.089,0.00402688465193628,0.0792,0.0546,0,0.089,""
4,crossover_n1000,alternative,null_crossover_n1000,1000,all,5000,HL_w,0.1,0.1556,0.00512618064449547,0.1492,0.1052,0,0.1556,""
4,crossover_n1000,alternative,null_crossover_n1000,1000,all,5000,PH,0.01,0.0098,0.00139312311013779,0.0174,0.0062,0,0.0098,""
4,crossover_n1000,alternative,null_crossover_n1000,1000,all,5000,PH,0.05,0.046,0.00296256645495084,0.069,0.033,0,0.046,""
4,crossover_n1000,alternative,null_crossover_n1000,1000,all,5000,PH,0.1,0.0904,0.00405531355137923,0.1248,0.0664,0,0.0904,""
4,crossover_n1000,alternative,null_crossover_n1000,1000,all,5000,Tsiatis,0.01,0.8114,0.00553226969696887,0.7914,0.0108,0,0.8114,""
4,crossover_n1000,alternative,null_crossover_n1000,1000,all,5000,Tsiatis,0.05,0.9386,0.00339499749631719,0.9352,0.0528,0,0.9386,""
4,crossover_n1000,alternative,null_crossover_n1000,1000,all,5000,Tsiatis,0.1,0.969,0.00245108139399735,0.9644,0.1086,0,0.969,""
4,crossover_n1000,alternative,null_crossover_n1000,1000,all,5000,Xie,0.01,0.7822,0.00583717671481685,0.8224,0.007,0,0.7822,""
4,crossover_n1000,alternative,null_crossover_n1000,1000,all,5000,Xie,0.05,0.9148,0.0039481884453506,0.943,0.033,0,0.9148,""
4,crossover_n1000,alternative,null_crossover_n1000,1000,all,5000,Xie,0.1,0.9596,0.00278452293939195,0.972,0.0698,0,0.9596,""
4,crossover_n1000,alternative,null_crossover_n1000,1000,all,5000,PR,0.01,0.9266,0.00368815509435273,0.9208,0.0108,0,0.9266,""
4,crossover_n1000,alternative,null_crossover_n1000,1000,all,5000,PR,0.05,0.982,0.00188021275391909,0.9774,0.0566,0,0.982,""
4,crossover_n1000,alternative,null_crossover_n1000,1000,all,5000,PR,0.1,0.9922,0.00124411896537269,0.989,0.1222,0,0.9922,""
4,crossover_n2000,alternative,null_crossover_n2000,2000,all,5000,flag.evlt.G10,,0,,,,0,,flag rate: share of replicates with the flag = 1
4,crossover_n2000,alternative,null_crossover_n2000,2000,all,5000,flag.evlt.Grule,,0,,,,0,,flag rate: share of replicates with the flag = 1
4,crossover_n2000,alternative,null_crossover_n2000,2000,all,5000,flag.stk_half0,,0,,,,0,,flag rate: share of replicates with the flag = 1
4,crossover_n2000,alternative,null_crossover_n2000,2000,all,5000,flag.stk_diag,,0,,,,0,,flag rate: share of replicates with the flag = 1
4,crossover_n2000,alternative,null_crossover_n2000,2000,all,5000,flag.rivals_run,,1,,,,0,,flag rate: share of replicates with the flag = 1
4,crossover_n2000,alternative,null_crossover_n2000,2000,all,5000,flag.degenerate,,0,,,,0,,flag rate: share of replicates with the flag = 1
4,crossover_n2000,alternative,null_crossover_n2000,2000,all,5000,flag.info_guard,,0,,,,0,,flag rate: share of replicates with the flag = 1
4,crossover_n2000,alternative,null_crossover_n2000,2000,all,5000,flag.rep_error,,0,,,,0,,flag rate: share of replicates with the flag = 1
4,crossover_n2000,alternative,null_crossover_n2000,2000,all,5000,EDGE.poly3.u.G10,0.01,0.0198,0.00197017562668915,0.0186,0.0118,0,0.0198,""
4,crossover_n2000,alternative,null_crossover_n2000,2000,all,5000,EDGE.poly3.u.G10,0.05,0.078,0.00379251895183136,0.0772,0.0512,0,0.078,""
4,crossover_n2000,alternative,null_crossover_n2000,2000,all,5000,EDGE.poly3.u.G10,0.1,0.137,0.00486273585546244,0.1374,0.0994,0,0.137,""
4,crossover_n2000,alternative,null_crossover_n2000,2000,all,5000,EDGE.poly3.sc.G10,0.01,0.0158,0.00176353962246387,0.0148,0.0104,0,0.0158,""
4,crossover_n2000,alternative,null_crossover_n2000,2000,all,5000,EDGE.poly3.sc.G10,0.05,0.0684,0.00356991428468528,0.0624,0.0546,0,0.0684,""
4,crossover_n2000,alternative,null_crossover_n2000,2000,all,5000,EDGE.poly3.sc.G10,0.1,0.127,0.00470894892730851,0.1202,0.1062,0,0.127,""
4,crossover_n2000,alternative,null_crossover_n2000,2000,all,5000,EDGE.poly2.u.G10,0.01,0.02,0.00197989898732233,0.0196,0.0104,0,0.02,""
4,crossover_n2000,alternative,null_crossover_n2000,2000,all,5000,EDGE.poly2.u.G10,0.05,0.0732,0.00368352439926764,0.07,0.054,0,0.0732,""
4,crossover_n2000,alternative,null_crossover_n2000,2000,all,5000,EDGE.poly2.u.G10,0.1,0.1372,0.00486572009059296,0.1332,0.1056,0,0.1372,""
4,crossover_n2000,alternative,null_crossover_n2000,2000,all,5000,EDGE.poly2.sc.G10,0.01,0.017,0.00182816848238886,0.0162,0.0118,0,0.017,""
4,crossover_n2000,alternative,null_crossover_n2000,2000,all,5000,EDGE.poly2.sc.G10,0.05,0.0664,0.00352110891623647,0.0634,0.053,0,0.0664,""
4,crossover_n2000,alternative,null_crossover_n2000,2000,all,5000,EDGE.poly2.sc.G10,0.1,0.1222,0.00463178496910209,0.1198,0.1036,0,0.1222,""
4,crossover_n2000,alternative,null_crossover_n2000,2000,all,5000,EDGE.stk.u.G10,0.01,0.0152,0.00173025778426222,0.014,0.0118,0,0.0152,""
4,crossover_n2000,alternative,null_crossover_n2000,2000,all,5000,EDGE.stk.u.G10,0.05,0.0774,0.00377913323395723,0.0774,0.0502,0,0.0774,""
4,crossover_n2000,alternative,null_crossover_n2000,2000,all,5000,EDGE.stk.u.G10,0.1,0.1306,0.00476536756189908,0.1342,0.0964,0,0.1306,""
4,crossover_n2000,alternative,null_crossover_n2000,2000,all,5000,EDGE.stk.sc.G10,0.01,0.0168,0.00181756760534512,0.017,0.0098,0,0.0168,""
4,crossover_n2000,alternative,null_crossover_n2000,2000,all,5000,EDGE.stk.sc.G10,0.05,0.0718,0.00365088372863338,0.0654,0.0548,0,0.0718,""
4,crossover_n2000,alternative,null_crossover_n2000,2000,all,5000,EDGE.stk.sc.G10,0.1,0.1276,0.00471843702935623,0.1232,0.1052,0,0.1276,""
4,crossover_n2000,alternative,null_crossover_n2000,2000,all,5000,EDGE.sym.u.G10,0.01,0.0114,0.00150133540556399,0.0108,0.0102,0,0.0114,""
4,crossover_n2000,alternative,null_crossover_n2000,2000,all,5000,EDGE.sym.u.G10,0.05,0.0598,0.00335332551357604,0.0584,0.0516,0,0.0598,""
4,crossover_n2000,alternative,null_crossover_n2000,2000,all,5000,EDGE.sym.u.G10,0.1,0.1148,0.00450823601866628,0.113,0.1022,0,0.1148,""
4,crossover_n2000,alternative,null_crossover_n2000,2000,all,5000,EDGE.sym.sc.G10,0.01,0.0116,0.00151429455523026,0.0094,0.011,0,0.0116,""
4,crossover_n2000,alternative,null_crossover_n2000,2000,all,5000,EDGE.sym.sc.G10,0.05,0.0588,0.00332693733033852,0.0576,0.0504,0,0.0588,""
4,crossover_n2000,alternative,null_crossover_n2000,2000,all,5000,EDGE.sym.sc.G10,0.1,0.1114,0.004449495252273,0.108,0.1014,0,0.1114,""
4,crossover_n2000,alternative,null_crossover_n2000,2000,all,5000,EDGE.poly3.u.Grule,0.01,0.031,0.00245108139399735,0.0236,0.012,0,0.031,""
4,crossover_n2000,alternative,null_crossover_n2000,2000,all,5000,EDGE.poly3.u.Grule,0.05,0.0898,0.00404316608612607,0.0972,0.0464,0,0.0898,""
4,crossover_n2000,alternative,null_crossover_n2000,2000,all,5000,EDGE.poly3.u.Grule,0.1,0.1558,0.00512886654144949,0.1556,0.1,0,0.1558,""
4,crossover_n2000,alternative,null_crossover_n2000,2000,all,5000,EDGE.poly3.sc.Grule,0.01,0.02,0.00197989898732233,0.019,0.0102,0,0.02,""
4,crossover_n2000,alternative,null_crossover_n2000,2000,all,5000,EDGE.poly3.sc.Grule,0.05,0.0806,0.00384976986325157,0.0826,0.0482,0,0.0806,""
4,crossover_n2000,alternative,null_crossover_n2000,2000,all,5000,EDGE.poly3.sc.Grule,0.1,0.1392,0.0048953725088087,0.1416,0.0988,0,0.1392,""
4,crossover_n2000,alternative,null_crossover_n2000,2000,all,5000,EDGE.poly2.u.Grule,0.01,0.0272,0.00230044169671826,0.0272,0.0096,0,0.0272,""
4,crossover_n2000,alternative,null_crossover_n2000,2000,all,5000,EDGE.poly2.u.Grule,0.05,0.095,0.00414668542332307,0.0928,0.0518,0,0.095,""
4,crossover_n2000,alternative,null_crossover_n2000,2000,all,5000,EDGE.poly2.u.Grule,0.1,0.1618,0.00520808525275845,0.1558,0.1058,0,0.1618,""
4,crossover_n2000,alternative,null_crossover_n2000,2000,all,5000,EDGE.poly2.sc.Grule,0.01,0.0248,0.00219931625738546,0.0222,0.0126,0,0.0248,""
4,crossover_n2000,alternative,null_crossover_n2000,2000,all,5000,EDGE.poly2.sc.Grule,0.05,0.0864,0.00397328680062238,0.0872,0.0488,0,0.0864,""
4,crossover_n2000,alternative,null_crossover_n2000,2000,all,5000,EDGE.poly2.sc.Grule,0.1,0.1498,0.00504697850203466,0.151,0.097,0,0.1498,""
4,crossover_n2000,alternative,null_crossover_n2000,2000,all,5000,EDGE.stk.u.Grule,0.01,0.0248,0.00219931625738546,0.0212,0.0114,0,0.0248,""
4,crossover_n2000,alternative,null_crossover_n2000,2000,all,5000,EDGE.stk.u.Grule,0.05,0.0878,0.00400227835113951,0.0934,0.0452,0,0.0878,""
4,crossover_n2000,alternative,null_crossover_n2000,2000,all,5000,EDGE.stk.u.Grule,0.1,0.153,0.0050909920447787,0.1598,0.0948,0,0.153,""
4,crossover_n2000,alternative,null_crossover_n2000,2000,all,5000,EDGE.stk.sc.Grule,0.01,0.025,0.00220794021658196,0.025,0.01,0,0.025,""
4,crossover_n2000,alternative,null_crossover_n2000,2000,all,5000,EDGE.stk.sc.Grule,0.05,0.0848,0.0039397705516946,0.0876,0.048,0,0.0848,""
4,crossover_n2000,alternative,null_crossover_n2000,2000,all,5000,EDGE.stk.sc.Grule,0.1,0.1414,0.00492759657439608,0.1414,0.0994,0,0.1414,""
4,crossover_n2000,alternative,null_crossover_n2000,2000,all,5000,EDGE.sym.u.Grule,0.01,0.0148,0.00170768615383507,0.0154,0.0096,0,0.0148,""
4,crossover_n2000,alternative,null_crossover_n2000,2000,all,5000,EDGE.sym.u.Grule,0.05,0.0658,0.00350629034736144,0.0684,0.0482,0,0.0658,""
4,crossover_n2000,alternative,null_crossover_n2000,2000,all,5000,EDGE.sym.u.Grule,0.1,0.1252,0.00468027691488442,0.1272,0.098,0,0.1252,""
4,crossover_n2000,alternative,null_crossover_n2000,2000,all,5000,EDGE.sym.sc.Grule,0.01,0.014,0.00166156552684509,0.0154,0.0092,0,0.014,""
4,crossover_n2000,alternative,null_crossover_n2000,2000,all,5000,EDGE.sym.sc.Grule,0.05,0.0636,0.0034512328232097,0.0666,0.0478,0,0.0636,""
4,crossover_n2000,alternative,null_crossover_n2000,2000,all,5000,EDGE.sym.sc.Grule,0.1,0.122,0.00462852028190436,0.1226,0.0998,0,0.122,""
4,crossover_n2000,alternative,null_crossover_n2000,2000,all,5000,HL.G10,0.01,0.0166,0.00180690010791964,0.0172,0.0096,0,0.0166,""
4,crossover_n2000,alternative,null_crossover_n2000,2000,all,5000,HL.G10,0.05,0.0692,0.00358918820905229,0.0678,0.0508,0,0.0692,""
4,crossover_n2000,alternative,null_crossover_n2000,2000,all,5000,HL.G10,0.1,0.1344,0.00482362187572782,0.13,0.102,0,0.1344,""
4,crossover_n2000,alternative,null_crossover_n2000,2000,all,5000,HL.Grule,0.01,0.0172,0.00183870389133215,0.0158,0.0104,0,0.0172,""
4,crossover_n2000,alternative,null_crossover_n2000,2000,all,5000,HL.Grule,0.05,0.076,0.00374763925691895,0.0816,0.0434,0,0.076,""
4,crossover_n2000,alternative,null_crossover_n2000,2000,all,5000,HL.Grule,0.1,0.1398,0.004904201464051,0.1386,0.1006,0,0.1398,""
4,crossover_n2000,alternative,null_crossover_n2000,2000,all,5000,HLF.G10,0.01,0.0166,0.00180690010791964,0.0172,0.0092,0,0.0166,""
4,crossover_n2000,alternative,null_crossover_n2000,2000,all,5000,HLF.G10,0.05,0.0694,0.00359398497492686,0.067,0.0508,0,0.0694,""
4,crossover_n2000,alternative,null_crossover_n2000,2000,all,5000,HLF.G10,0.1,0.134,0.00481755124518671,0.1296,0.1018,0,0.134,""
4,crossover_n2000,alternative,null_crossover_n2000,2000,all,5000,HLF.Grule,0.01,0.0168,0.00181756760534512,0.0162,0.0104,0,0.0168,""
4,crossover_n2000,alternative,null_crossover_n2000,2000,all,5000,HLF.Grule,0.05,0.076,0.00374763925691895,0.0822,0.0438,0,0.076,""
4,crossover_n2000,alternative,null_crossover_n2000,2000,all,5000,HLF.Grule,0.1,0.1394,0.00489831889529459,0.1378,0.101,0,0.1394,""
4,crossover_n2000,alternative,null_crossover_n2000,2000,all,5000,Stk.joint,0.01,0.0308,0.00244341400503476,0.0228,0.0128,0,0.0308,""
4,crossover_n2000,alternative,null_crossover_n2000,2000,all,5000,Stk.joint,0.05,0.0922,0.00409143397844814,0.0966,0.0464,0,0.0922,""
4,crossover_n2000,alternative,null_crossover_n2000,2000,all,5000,Stk.joint,0.1,0.162,0.00521068133740685,0.1636,0.0994,0,0.162,""
4,crossover_n2000,alternative,null_crossover_n2000,2000,all,5000,Stk.LR,0.01,0.0288,0.00236518751899294,0.0234,0.0128,0,0.0288,""
4,crossover_n2000,alternative,null_crossover_n2000,2000,all,5000,Stk.LR,0.05,0.0912,0.00407142628571364,0.0954,0.0474,0,0.0912,""
4,crossover_n2000,alternative,null_crossover_n2000,2000,all,5000,Stk.LR,0.1,0.1606,0.00519244913311628,0.161,0.099,0,0.1606,""
4,crossover_n2000,alternative,null_crossover_n2000,2000,all,5000,Stk.sym1,0.01,0.0134,0.00162606518934513,0.0136,0.0094,0,0.0134,""
4,crossover_n2000,alternative,null_crossover_n2000,2000,all,5000,Stk.sym1,0.05,0.065,0.00348640215695206,0.0698,0.0448,0,0.065,""
4,crossover_n2000,alternative,null_crossover_n2000,2000,all,5000,Stk.sym1,0.1,0.1226,0.00463830227561766,0.1226,0.1002,0,0.1226,""
4,crossover_n2000,alternative,null_crossover_n2000,2000,all,5000,Stk.marg,0.01,0.0536,0.00318518570887162,0.0304,0.021,0,0.0536,""
4,crossover_n2000,alternative,null_crossover_n2000,2000,all,5000,Stk.marg,0.05,0.1308,0.00476846642013971,0.0966,0.072,0,0.1308,""
4,crossover_n2000,alternative,null_crossover_n2000,2000,all,5000,Stk.marg,0.1,0.1888,0.00553452003339043,0.1628,0.1216,0,0.1888,""
4,crossover_n2000,alternative,null_crossover_n2000,2000,all,5000,GiViTI,0.01,0.029,0.00237314137800511,0.0282,0.0102,0,0.029,""
4,crossover_n2000,alternative,null_crossover_n2000,2000,all,5000,GiViTI,0.05,0.0994,0.00423130334530627,0.0994,0.0494,0,0.0994,""
4,crossover_n2000,alternative,null_crossover_n2000,2000,all,5000,GiViTI,0.1,0.1646,0.00524417467291089,0.1602,0.1048,0,0.1646,""
4,crossover_n2000,alternative,null_crossover_n2000,2000,all,5000,GiViTI.t50,0.01,0.0332,0.0025336834845734,0.0304,0.0108,0,0.0332,""
4,crossover_n2000,alternative,null_crossover_n2000,2000,all,5000,GiViTI.t50,0.05,0.1062,0.00435709903490843,0.1026,0.0514,0,0.1062,""
4,crossover_n2000,alternative,null_crossover_n2000,2000,all,5000,GiViTI.t50,0.1,0.179,0.00542142047806661,0.1796,0.0996,0,0.179,""
4,crossover_n2000,alternative,null_crossover_n2000,2000,all,5000,Cubic.LR,0.01,0.0292,0.00238106530779817,0.0254,0.013,0,0.0292,""
4,crossover_n2000,alternative,null_crossover_n2000,2000,all,5000,Cubic.LR,0.05,0.0912,0.00407142628571364,0.0954,0.0466,0,0.0912,""
4,crossover_n2000,alternative,null_crossover_n2000,2000,all,5000,Cubic.LR,0.1,0.1584,0.00516351508180232,0.1622,0.0962,0,0.1584,""
4,crossover_n2000,alternative,null_crossover_n2000,2000,all,5000,HL_w,0.01,0.0316,0.00247392158323581,0.0324,0.0096,0,0.0316,""
4,crossover_n2000,alternative,null_crossover_n2000,2000,all,5000,HL_w,0.05,0.1066,0.00436431987828573,0.1032,0.0522,0,0.1066,""
4,crossover_n2000,alternative,null_crossover_n2000,2000,all,5000,HL_w,0.1,0.1758,0.00538320276415444,0.1756,0.1004,0,0.1758,""
4,crossover_n2000,alternative,null_crossover_n2000,2000,all,5000,PH,0.01,0.0116,0.00151429455523026,0.0172,0.0048,0,0.0116,""
4,crossover_n2000,alternative,null_crossover_n2000,2000,all,5000,PH,0.05,0.0468,0.00298696367570816,0.068,0.0298,0,0.0468,""
4,crossover_n2000,alternative,null_crossover_n2000,2000,all,5000,PH,0.1,0.0894,0.00403503754629371,0.13,0.0686,0,0.0894,""
4,crossover_n2000,alternative,null_crossover_n2000,2000,all,5000,Tsiatis,0.01,0.9962,0.000870121830550185,0.9962,0.0096,0,0.9962,""
4,crossover_n2000,alternative,null_crossover_n2000,2000,all,5000,Tsiatis,0.05,0.9996,0.000282786138274123,0.9996,0.0462,0,0.9996,""
4,crossover_n2000,alternative,null_crossover_n2000,2000,all,5000,Tsiatis,0.1,1,0,1,0.095,0,1,""
4,crossover_n2000,alternative,null_crossover_n2000,2000,all,5000,Xie,0.01,0.9944,0.00105533312276267,0.9976,0.0044,0,0.9944,""
4,crossover_n2000,alternative,null_crossover_n2000,2000,all,5000,Xie,0.05,0.9992,0.000399839967987199,0.9996,0.0288,0,0.9992,""
4,crossover_n2000,alternative,null_crossover_n2000,2000,all,5000,Xie,0.1,0.9998,0.000199979998999889,1,0.0648,0,0.9998,""
4,crossover_n2000,alternative,null_crossover_n2000,2000,all,5000,PR,0.01,0.999,0.00044698993277254,0.999,0.0104,0,0.999,""
4,crossover_n2000,alternative,null_crossover_n2000,2000,all,5000,PR,0.05,1,0,0.9998,0.057,0,1,""
4,crossover_n2000,alternative,null_crossover_n2000,2000,all,5000,PR,0.1,1,0,1,0.1174,0,1,""
4,osc4_n1000,alternative,null_rough_n1000,1000,all,5000,flag.evlt.G10,,0,,,,0,,flag rate: share of replicates with the flag = 1
4,osc4_n1000,alternative,null_rough_n1000,1000,all,5000,flag.evlt.Grule,,0,,,,0,,flag rate: share of replicates with the flag = 1
4,osc4_n1000,alternative,null_rough_n1000,1000,all,5000,flag.stk_half0,,0,,,,0,,flag rate: share of replicates with the flag = 1
4,osc4_n1000,alternative,null_rough_n1000,1000,all,5000,flag.stk_diag,,0,,,,0,,flag rate: share of replicates with the flag = 1
4,osc4_n1000,alternative,null_rough_n1000,1000,all,5000,flag.rivals_run,,1,,,,0,,flag rate: share of replicates with the flag = 1
4,osc4_n1000,alternative,null_rough_n1000,1000,all,5000,flag.degenerate,,0,,,,0,,flag rate: share of replicates with the flag = 1
4,osc4_n1000,alternative,null_rough_n1000,1000,all,5000,flag.info_guard,,0,,,,0,,flag rate: share of replicates with the flag = 1
4,osc4_n1000,alternative,null_rough_n1000,1000,all,5000,flag.rep_error,,0,,,,0,,flag rate: share of replicates with the flag = 1
4,osc4_n1000,alternative,null_rough_n1000,1000,all,5000,EDGE.poly3.u.G10,0.01,0.3094,0.00653714983765861,0.2992,0.011,0,0.3094,""
4,osc4_n1000,alternative,null_rough_n1000,1000,all,5000,EDGE.poly3.u.G10,0.05,0.5172,0.00706688276399149,0.5138,0.0516,0,0.5172,""
4,osc4_n1000,alternative,null_rough_n1000,1000,all,5000,EDGE.poly3.u.G10,0.1,0.624,0.00685016788115445,0.6204,0.1024,0,0.624,""
4,osc4_n1000,alternative,null_rough_n1000,1000,all,5000,EDGE.poly3.sc.G10,0.01,0.1908,0.00555689409652551,0.1892,0.0104,0,0.1908,""
4,osc4_n1000,alternative,null_rough_n1000,1000,all,5000,EDGE.poly3.sc.G10,0.05,0.3754,0.00684799007008626,0.3664,0.0531,0,0.3754,""
4,osc4_n1000,alternative,null_rough_n1000,1000,all,5000,EDGE.poly3.sc.G10,0.1,0.4914,0.00707002178214466,0.4818,0.1033,0,0.4914,""
4,osc4_n1000,alternative,null_rough_n1000,1000,all,5000,EDGE.poly2.u.G10,0.01,0.0208,0.00201828441999635,0.018,0.0108,0,0.0208,""
4,osc4_n1000,alternative,null_rough_n1000,1000,all,5000,EDGE.poly2.u.G10,0.05,0.074,0.00370199945975145,0.0722,0.0516,0,0.074,""
4,osc4_n1000,alternative,null_rough_n1000,1000,all,5000,EDGE.poly2.u.G10,0.1,0.1338,0.00481451056702548,0.1338,0.1003,0,0.1338,""
4,osc4_n1000,alternative,null_rough_n1000,1000,all,5000,EDGE.poly2.sc.G10,0.01,0.0666,0.00352603006226549,0.0676,0.0098,0,0.0666,""
4,osc4_n1000,alternative,null_rough_n1000,1000,all,5000,EDGE.poly2.sc.G10,0.05,0.1782,0.00541192682877365,0.1718,0.0522,0,0.1782,""
4,osc4_n1000,alternative,null_rough_n1000,1000,all,5000,EDGE.poly2.sc.G10,0.1,0.2708,0.0062843831837341,0.2618,0.1042,0,0.2708,""
4,osc4_n1000,alternative,null_rough_n1000,1000,all,5000,EDGE.stk.u.G10,0.01,0.467,0.00705565021808763,0.4688,0.0099,0,0.467,""
4,osc4_n1000,alternative,null_rough_n1000,1000,all,5000,EDGE.stk.u.G10,0.05,0.6612,0.00669349774034473,0.6614,0.0498,0,0.6612,""
4,osc4_n1000,alternative,null_rough_n1000,1000,all,5000,EDGE.stk.u.G10,0.1,0.751,0.0061155375887979,0.7546,0.098,0,0.751,""
4,osc4_n1000,alternative,null_rough_n1000,1000,all,5000,EDGE.stk.sc.G10,0.01,0.263,0.00622625087833762,0.2572,0.0101,0,0.263,""
4,osc4_n1000,alternative,null_rough_n1000,1000,all,5000,EDGE.stk.sc.G10,0.05,0.474,0.00706150125681501,0.4654,0.0521,0,0.474,""
4,osc4_n1000,alternative,null_rough_n1000,1000,all,5000,EDGE.stk.sc.G10,0.1,0.581,0.00697766436567423,0.5748,0.1024,0,0.581,""
4,osc4_n1000,alternative,null_rough_n1000,1000,all,5000,EDGE.sym.u.G10,0.01,0.4104,0.00695660606905408,0.4002,0.0108,0,0.4104,""
4,osc4_n1000,alternative,null_rough_n1000,1000,all,5000,EDGE.sym.u.G10,0.05,0.6282,0.00683468741055507,0.6288,0.0497,0,0.6282,""
4,osc4_n1000,alternative,null_rough_n1000,1000,all,5000,EDGE.sym.u.G10,0.1,0.7262,0.00630608531499535,0.7294,0.0977,0,0.7262,""
4,osc4_n1000,alternative,null_rough_n1000,1000,all,5000,EDGE.sym.sc.G10,0.01,0.307,0.00652305143318677,0.3086,0.0098,0,0.307,""
4,osc4_n1000,alternative,null_rough_n1000,1000,all,5000,EDGE.sym.sc.G10,0.05,0.5222,0.00706409456335347,0.52,0.0507,0,0.5222,""
4,osc4_n1000,alternative,null_rough_n1000,1000,all,5000,EDGE.sym.sc.G10,0.1,0.6358,0.00680526795945611,0.636,0.0997,0,0.6358,""
4,osc4_n1000,alternative,null_rough_n1000,1000,all,5000,EDGE.poly3.u.Grule,0.01,0.3162,0.00657597992697666,0.2996,0.0116,0,0.3162,""
4,osc4_n1000,alternative,null_rough_n1000,1000,all,5000,EDGE.poly3.u.Grule,0.05,0.529,0.00705916425648249,0.5308,0.0494,0,0.529,""
4,osc4_n1000,alternative,null_rough_n1000,1000,all,5000,EDGE.poly3.u.Grule,0.1,0.6296,0.0068294046592657,0.6252,0.1019,0,0.6296,""
4,osc4_n1000,alternative,null_rough_n1000,1000,all,5000,EDGE.poly3.sc.Grule,0.01,0.2092,0.00575213629880239,0.2028,0.0117,0,0.2092,""
4,osc4_n1000,alternative,null_rough_n1000,1000,all,5000,EDGE.poly3.sc.Grule,0.05,0.407,0.00694767587039004,0.399,0.0517,0,0.407,""
4,osc4_n1000,alternative,null_rough_n1000,1000,all,5000,EDGE.poly3.sc.Grule,0.1,0.527,0.00706075066830716,0.529,0.0992,0,0.527,""
4,osc4_n1000,alternative,null_rough_n1000,1000,all,5000,EDGE.poly2.u.Grule,0.01,0.0194,0.00195057119839292,0.0158,0.0118,0,0.0194,""
4,osc4_n1000,alternative,null_rough_n1000,1000,all,5000,EDGE.poly2.u.Grule,0.05,0.076,0.00374763925691895,0.0746,0.0511,0,0.076,""
4,osc4_n1000,alternative,null_rough_n1000,1000,all,5000,EDGE.poly2.u.Grule,0.1,0.1338,0.00481451056702548,0.1322,0.1014,0,0.1338,""
4,osc4_n1000,alternative,null_rough_n1000,1000,all,5000,EDGE.poly2.sc.Grule,0.01,0.2512,0.0061334910124659,0.2386,0.011,0,0.2512,""
4,osc4_n1000,alternative,null_rough_n1000,1000,all,5000,EDGE.poly2.sc.Grule,0.05,0.4596,0.00704794778641272,0.4612,0.0493,0,0.4596,""
4,osc4_n1000,alternative,null_rough_n1000,1000,all,5000,EDGE.poly2.sc.Grule,0.1,0.5772,0.00698627454370353,0.5776,0.0994,0,0.5772,""
4,osc4_n1000,alternative,null_rough_n1000,1000,all,5000,EDGE.stk.u.Grule,0.01,0.4934,0.00707045175360104,0.4836,0.0104,0,0.4934,""
4,osc4_n1000,alternative,null_rough_n1000,1000,all,5000,EDGE.stk.u.Grule,0.05,0.6824,0.00658377156347333,0.6844,0.049,0,0.6824,""
4,osc4_n1000,alternative,null_rough_n1000,1000,all,5000,EDGE.stk.u.Grule,0.1,0.7714,0.00593872107444019,0.7818,0.0927,0,0.7714,""
4,osc4_n1000,alternative,null_rough_n1000,1000,all,5000,EDGE.stk.sc.Grule,0.01,0.2662,0.00625040094713931,0.2504,0.0115,0,0.2662,""
4,osc4_n1000,alternative,null_rough_n1000,1000,all,5000,EDGE.stk.sc.Grule,0.05,0.4748,0.00706208127962288,0.4768,0.0492,0,0.4748,""
4,osc4_n1000,alternative,null_rough_n1000,1000,all,5000,EDGE.stk.sc.Grule,0.1,0.582,0.00697532794927952,0.5828,0.0996,0,0.582,""
4,osc4_n1000,alternative,null_rough_n1000,1000,all,5000,EDGE.sym.u.Grule,0.01,0.4814,0.00706617350480442,0.4844,0.0099,0,0.4814,""
4,osc4_n1000,alternative,null_rough_n1000,1000,all,5000,EDGE.sym.u.Grule,0.05,0.6864,0.00656132669511281,0.6994,0.0466,0,0.6864,""
4,osc4_n1000,alternative,null_rough_n1000,1000,all,5000,EDGE.sym.u.Grule,0.1,0.7846,0.00581382559077928,0.787,0.097,0,0.7846,""
4,osc4_n1000,alternative,null_rough_n1000,1000,all,5000,EDGE.sym.sc.Grule,0.01,0.3824,0.00687270310722062,0.3886,0.0093,0,0.3824,""
4,osc4_n1000,alternative,null_rough_n1000,1000,all,5000,EDGE.sym.sc.Grule,0.05,0.5912,0.00695244647588171,0.5996,0.0476,0,0.5912,""
4,osc4_n1000,alternative,null_rough_n1000,1000,all,5000,EDGE.sym.sc.Grule,0.1,0.6978,0.00649423067037197,0.7028,0.0967,0,0.6978,""
4,osc4_n1000,alternative,null_rough_n1000,1000,all,5000,HL.G10,0.01,1,0,1,0.0087,0,1,""
4,osc4_n1000,alternative,null_rough_n1000,1000,all,5000,HL.G10,0.05,1,0,1,0.0502,0,1,""
4,osc4_n1000,alternative,null_rough_n1000,1000,all,5000,HL.G10,0.1,1,0,1,0.1029,0,1,""
4,osc4_n1000,alternative,null_rough_n1000,1000,all,5000,HL.Grule,0.01,1,0,1,0.0111,0,1,""
4,osc4_n1000,alternative,null_rough_n1000,1000,all,5000,HL.Grule,0.05,1,0,1,0.0506,0,1,""
4,osc4_n1000,alternative,null_rough_n1000,1000,all,5000,HL.Grule,0.1,1,0,1,0.1049,0,1,""
4,osc4_n1000,alternative,null_rough_n1000,1000,all,5000,HLF.G10,0.01,1,0,1,0.0091,0,1,""
4,osc4_n1000,alternative,null_rough_n1000,1000,all,5000,HLF.G10,0.05,1,0,1,0.0502,0,1,""
4,osc4_n1000,alternative,null_rough_n1000,1000,all,5000,HLF.G10,0.1,1,0,1,0.1018,0,1,""
4,osc4_n1000,alternative,null_rough_n1000,1000,all,5000,HLF.Grule,0.01,1,0,1,0.0109,0,1,""
4,osc4_n1000,alternative,null_rough_n1000,1000,all,5000,HLF.Grule,0.05,1,0,1,0.0507,0,1,""
4,osc4_n1000,alternative,null_rough_n1000,1000,all,5000,HLF.Grule,0.1,1,0,1,0.1046,0,1,""
4,osc4_n1000,alternative,null_rough_n1000,1000,all,5000,Stk.joint,0.01,0.3238,0.00661745509996101,0.31,0.0111,0,0.3238,""
4,osc4_n1000,alternative,null_rough_n1000,1000,all,5000,Stk.joint,0.05,0.5434,0.00704437988754156,0.5446,0.0495,0,0.5434,""
4,osc4_n1000,alternative,null_rough_n1000,1000,all,5000,Stk.joint,0.1,0.6454,0.00676548357473433,0.6444,0.1002,0,0.6454,""
4,osc4_n1000,alternative,null_rough_n1000,1000,all,5000,Stk.LR,0.01,0.3104,0.00654296324305738,0.2998,0.0109,0,0.3104,""
4,osc4_n1000,alternative,null_rough_n1000,1000,all,5000,Stk.LR,0.05,0.5292,0.00705899936251591,0.5258,0.0514,0,0.5292,""
4,osc4_n1000,alternative,null_rough_n1000,1000,all,5000,Stk.LR,0.1,0.6348,0.00680924312974651,0.632,0.1017,0,0.6348,""
4,osc4_n1000,alternative,null_rough_n1000,1000,all,5000,Stk.sym1,0.01,0.3878,0.00689073522927706,0.3882,0.0099,0,0.3878,""
4,osc4_n1000,alternative,null_rough_n1000,1000,all,5000,Stk.sym1,0.05,0.599,0.00693107495270395,0.6068,0.0478,0,0.599,""
4,osc4_n1000,alternative,null_rough_n1000,1000,all,5000,Stk.sym1,0.1,0.7078,0.00643147199325318,0.7152,0.0949,0,0.7078,""
4,osc4_n1000,alternative,null_rough_n1000,1000,all,5000,Stk.marg,0.01,0.0656,0.00350133231784702,0.0312,0.0238,0,0.0656,""
4,osc4_n1000,alternative,null_rough_n1000,1000,all,5000,Stk.marg,0.05,0.1822,0.00545899551199669,0.132,0.0707,0,0.1822,""
4,osc4_n1000,alternative,null_rough_n1000,1000,all,5000,Stk.marg,0.1,0.2848,0.00638261639141818,0.2538,0.1174,0,0.2848,""
4,osc4_n1000,alternative,null_rough_n1000,1000,all,5000,GiViTI,0.01,0.1616,0.00520548633654916,0.1526,0.0114,0,0.1616,""
4,osc4_n1000,alternative,null_rough_n1000,1000,all,5000,GiViTI,0.05,0.311,0.00654643414386794,0.3066,0.0512,0,0.311,""
4,osc4_n1000,alternative,null_rough_n1000,1000,all,5000,GiViTI,0.1,0.4046,0.00694116474375879,0.402,0.1021,0,0.4046,""
4,osc4_n1000,alternative,null_rough_n1000,1000,all,5000,GiViTI.t50,0.01,0.2926,0.00643405377658596,0.2748,0.012,0,0.2926,""
4,osc4_n1000,alternative,null_rough_n1000,1000,all,5000,GiViTI.t50,0.05,0.4968,0.00707092299491375,0.4856,0.0543,0,0.4968,""
4,osc4_n1000,alternative,null_rough_n1000,1000,all,5000,GiViTI.t50,0.1,0.61,0.00689782574439222,0.6032,0.1052,0,0.61,""
4,osc4_n1000,alternative,null_rough_n1000,1000,all,5000,Cubic.LR,0.01,0.3908,0.00690036752644379,0.3832,0.011,0,0.3908,""
4,osc4_n1000,alternative,null_rough_n1000,1000,all,5000,Cubic.LR,0.05,0.6086,0.00690226107880599,0.6024,0.0521,0,0.6086,""
4,osc4_n1000,alternative,null_rough_n1000,1000,all,5000,Cubic.LR,0.1,0.7094,0.00642108464357853,0.7104,0.0994,0,0.7094,""
4,osc4_n1000,alternative,null_rough_n1000,1000,all,5000,HL_w,0.01,0.9968,0.000798718974358313,0.9966,0.0114,0,0.9968,""
4,osc4_n1000,alternative,null_rough_n1000,1000,all,5000,HL_w,0.05,0.999,0.00044698993277254,0.9988,0.0532,0,0.999,""
4,osc4_n1000,alternative,null_rough_n1000,1000,all,5000,HL_w,0.1,0.9994,0.000346306222872199,0.9994,0.1019,0,0.9994,""
4,osc4_n1000,alternative,null_rough_n1000,1000,all,5000,PH,0.01,1,0,1,0.0052,0,1,""
4,osc4_n1000,alternative,null_rough_n1000,1000,all,5000,PH,0.05,1,0,1,0.0299,0,1,""
4,osc4_n1000,alternative,null_rough_n1000,1000,all,5000,PH,0.1,1,0,1,0.0682,0,1,""
4,osc4_n1000,alternative,null_rough_n1000,1000,all,5000,Tsiatis,0.01,1,0,1,0.0107,0,1,""
4,osc4_n1000,alternative,null_rough_n1000,1000,all,5000,Tsiatis,0.05,1,0,1,0.0522,0,1,""
4,osc4_n1000,alternative,null_rough_n1000,1000,all,5000,Tsiatis,0.1,1,0,1,0.1024,0,1,""
4,osc4_n1000,alternative,null_rough_n1000,1000,all,5000,Xie,0.01,1,0,1,0.0079,0,1,""
4,osc4_n1000,alternative,null_rough_n1000,1000,all,5000,Xie,0.05,1,0,1,0.0401,0,1,""
4,osc4_n1000,alternative,null_rough_n1000,1000,all,5000,Xie,0.1,1,0,1,0.0825,0,1,""
4,osc4_n1000,alternative,null_rough_n1000,1000,all,5000,PR,0.01,0,0,0,0,1,,no p-value in any replicate
4,osc4_n1000,alternative,null_rough_n1000,1000,all,5000,PR,0.05,0,0,0,0,1,,no p-value in any replicate
4,osc4_n1000,alternative,null_rough_n1000,1000,all,5000,PR,0.1,0,0,0,0,1,,no p-value in any replicate
4,osc4_n2000,alternative,null_rough_n2000,2000,all,5000,flag.evlt.G10,,0,,,,0,,flag rate: share of replicates with the flag = 1
4,osc4_n2000,alternative,null_rough_n2000,2000,all,5000,flag.evlt.Grule,,0,,,,0,,flag rate: share of replicates with the flag = 1
4,osc4_n2000,alternative,null_rough_n2000,2000,all,5000,flag.stk_half0,,0,,,,0,,flag rate: share of replicates with the flag = 1
4,osc4_n2000,alternative,null_rough_n2000,2000,all,5000,flag.stk_diag,,0,,,,0,,flag rate: share of replicates with the flag = 1
4,osc4_n2000,alternative,null_rough_n2000,2000,all,5000,flag.rivals_run,,1,,,,0,,flag rate: share of replicates with the flag = 1
4,osc4_n2000,alternative,null_rough_n2000,2000,all,5000,flag.degenerate,,0,,,,0,,flag rate: share of replicates with the flag = 1
4,osc4_n2000,alternative,null_rough_n2000,2000,all,5000,flag.info_guard,,0,,,,0,,flag rate: share of replicates with the flag = 1
4,osc4_n2000,alternative,null_rough_n2000,2000,all,5000,flag.rep_error,,0,,,,0,,flag rate: share of replicates with the flag = 1
4,osc4_n2000,alternative,null_rough_n2000,2000,all,5000,EDGE.poly3.u.G10,0.01,0.6354,0.00680686183200453,0.6112,0.012,0,0.6354,""
4,osc4_n2000,alternative,null_rough_n2000,2000,all,5000,EDGE.poly3.u.G10,0.05,0.8166,0.00547292316774135,0.8164,0.0501,0,0.8166,""
4,osc4_n2000,alternative,null_rough_n2000,2000,all,5000,EDGE.poly3.u.G10,0.1,0.8848,0.00451506279026106,0.8854,0.099,0,0.8848,""
4,osc4_n2000,alternative,null_rough_n2000,2000,all,5000,EDGE.poly3.sc.G10,0.01,0.4452,0.00702847010379926,0.4244,0.0116,0,0.4452,""
4,osc4_n2000,alternative,null_rough_n2000,2000,all,5000,EDGE.poly3.sc.G10,0.05,0.6578,0.00670968195967588,0.6544,0.051,0,0.6578,""
4,osc4_n2000,alternative,null_rough_n2000,2000,all,5000,EDGE.poly3.sc.G10,0.1,0.7552,0.00608067364689144,0.7496,0.1045,0,0.7552,""
4,osc4_n2000,alternative,null_rough_n2000,2000,all,5000,EDGE.poly2.u.G10,0.01,0.0198,0.00197017562668915,0.0206,0.0099,0,0.0198,""
4,osc4_n2000,alternative,null_rough_n2000,2000,all,5000,EDGE.poly2.u.G10,0.05,0.0788,0.00381026403284602,0.0804,0.0489,0,0.0788,""
4,osc4_n2000,alternative,null_rough_n2000,2000,all,5000,EDGE.poly2.u.G10,0.1,0.1402,0.0049100704679261,0.1498,0.0925,0,0.1402,""
4,osc4_n2000,alternative,null_rough_n2000,2000,all,5000,EDGE.poly2.sc.G10,0.01,0.1522,0.00508006220434357,0.148,0.0107,0,0.1522,""
4,osc4_n2000,alternative,null_rough_n2000,2000,all,5000,EDGE.poly2.sc.G10,0.05,0.3318,0.00665896027920275,0.3276,0.0516,0,0.3318,""
4,osc4_n2000,alternative,null_rough_n2000,2000,all,5000,EDGE.poly2.sc.G10,0.1,0.449,0.00703418794175987,0.4512,0.0997,0,0.449,""
4,osc4_n2000,alternative,null_rough_n2000,2000,all,5000,EDGE.stk.u.G10,0.01,0.8286,0.00532957859497353,0.815,0.0124,0,0.8286,""
4,osc4_n2000,alternative,null_rough_n2000,2000,all,5000,EDGE.stk.u.G10,0.05,0.928,0.00365557109081467,0.9268,0.0512,0,0.928,""
4,osc4_n2000,alternative,null_rough_n2000,2000,all,5000,EDGE.stk.u.G10,0.1,0.957,0.00286883251515316,0.957,0.1004,0,0.957,""
4,osc4_n2000,alternative,null_rough_n2000,2000,all,5000,EDGE.stk.sc.G10,0.01,0.5916,0.00695139468020627,0.5706,0.0117,0,0.5916,""
4,osc4_n2000,alternative,null_rough_n2000,2000,all,5000,EDGE.stk.sc.G10,0.05,0.7854,0.00580597692038127,0.7814,0.0512,0,0.7854,""
4,osc4_n2000,alternative,null_rough_n2000,2000,all,5000,EDGE.stk.sc.G10,0.1,0.8636,0.00485376225210918,0.8616,0.1012,0,0.8636,""
4,osc4_n2000,alternative,null_rough_n2000,2000,all,5000,EDGE.sym.u.G10,0.01,0.7796,0.00586214704694449,0.7652,0.0122,0,0.7796,""
4,osc4_n2000,alternative,null_rough_n2000,2000,all,5000,EDGE.sym.u.G10,0.05,0.9074,0.00409939605307904,0.903,0.0539,0,0.9074,""
4,osc4_n2000,alternative,null_rough_n2000,2000,all,5000,EDGE.sym.u.G10,0.1,0.9514,0.0030409879973456,0.9476,0.1057,0,0.9514,""
4,osc4_n2000,alternative,null_rough_n2000,2000,all,5000,EDGE.sym.sc.G10,0.01,0.6388,0.00679315184579294,0.616,0.0119,0,0.6388,""
4,osc4_n2000,alternative,null_rough_n2000,2000,all,5000,EDGE.sym.sc.G10,0.05,0.83,0.00531224999411737,0.822,0.0545,0,0.83,""
4,osc4_n2000,alternative,null_rough_n2000,2000,all,5000,EDGE.sym.sc.G10,0.1,0.8928,0.00437511508420064,0.8868,0.1068,0,0.8928,""
4,osc4_n2000,alternative,null_rough_n2000,2000,all,5000,EDGE.poly3.u.Grule,0.01,0.6352,0.0068076568656183,0.6092,0.012,0,0.6352,""
4,osc4_n2000,alternative,null_rough_n2000,2000,all,5000,EDGE.poly3.u.Grule,0.05,0.8134,0.00550963592263591,0.8106,0.0508,0,0.8134,""
4,osc4_n2000,alternative,null_rough_n2000,2000,all,5000,EDGE.poly3.u.Grule,0.1,0.8852,0.00450823601866628,0.8812,0.1037,0,0.8852,""
4,osc4_n2000,alternative,null_rough_n2000,2000,all,5000,EDGE.poly3.sc.Grule,0.01,0.6614,0.00669253375038184,0.6556,0.0104,0,0.6614,""
4,osc4_n2000,alternative,null_rough_n2000,2000,all,5000,EDGE.poly3.sc.Grule,0.05,0.8402,0.00518196796593727,0.8386,0.0507,0,0.8402,""
4,osc4_n2000,alternative,null_rough_n2000,2000,all,5000,EDGE.poly3.sc.Grule,0.1,0.9076,0.00409541792739154,0.907,0.101,0,0.9076,""
4,osc4_n2000,alternative,null_rough_n2000,2000,all,5000,EDGE.poly2.u.Grule,0.01,0.0184,0.00190060200989055,0.0174,0.0107,0,0.0184,""
4,osc4_n2000,alternative,null_rough_n2000,2000,all,5000,EDGE.poly2.u.Grule,0.05,0.0786,0.00380583867235594,0.0802,0.0488,0,0.0786,""
4,osc4_n2000,alternative,null_rough_n2000,2000,all,5000,EDGE.poly2.u.Grule,0.1,0.1354,0.004838736198637,0.1408,0.0947,0,0.1354,""
4,osc4_n2000,alternative,null_rough_n2000,2000,all,5000,EDGE.poly2.sc.Grule,0.01,0.627,0.006839166615897,0.6088,0.0117,0,0.627,""
4,osc4_n2000,alternative,null_rough_n2000,2000,all,5000,EDGE.poly2.sc.Grule,0.05,0.8112,0.00553452003339043,0.8092,0.0515,0,0.8112,""
4,osc4_n2000,alternative,null_rough_n2000,2000,all,5000,EDGE.poly2.sc.Grule,0.1,0.8824,0.00455566109362846,0.879,0.1029,0,0.8824,""
4,osc4_n2000,alternative,null_rough_n2000,2000,all,5000,EDGE.stk.u.Grule,0.01,0.8394,0.00519244913311628,0.8196,0.0116,0,0.8394,""
4,osc4_n2000,alternative,null_rough_n2000,2000,all,5000,EDGE.stk.u.Grule,0.05,0.934,0.00351123909752668,0.9322,0.0524,0,0.934,""
4,osc4_n2000,alternative,null_rough_n2000,2000,all,5000,EDGE.stk.u.Grule,0.1,0.9638,0.00264157377334043,0.9638,0.101,0,0.9638,""
4,osc4_n2000,alternative,null_rough_n2000,2000,all,5000,EDGE.stk.sc.Grule,0.01,0.5884,0.00695967585452081,0.578,0.0106,0,0.5884,""
4,osc4_n2000,alternative,null_rough_n2000,2000,all,5000,EDGE.stk.sc.Grule,0.05,0.78,0.00585832740635072,0.7772,0.051,0,0.78,""
4,osc4_n2000,alternative,null_rough_n2000,2000,all,5000,EDGE.stk.sc.Grule,0.1,0.8574,0.00494500232558085,0.8576,0.0999,0,0.8574,""
4,osc4_n2000,alternative,null_rough_n2000,2000,all,5000,EDGE.sym.u.Grule,0.01,0.844,0.00513154947359957,0.8438,0.01,0,0.844,""
4,osc4_n2000,alternative,null_rough_n2000,2000,all,5000,EDGE.sym.u.Grule,0.05,0.9416,0.00331630637909105,0.9396,0.0528,0,0.9416,""
4,osc4_n2000,alternative,null_rough_n2000,2000,all,5000,EDGE.sym.u.Grule,0.1,0.968,0.00248901586977665,0.967,0.1017,0,0.968,""
4,osc4_n2000,alternative,null_rough_n2000,2000,all,5000,EDGE.sym.sc.Grule,0.01,0.7354,0.00623837863551099,0.7282,0.0108,0,0.7354,""
4,osc4_n2000,alternative,null_rough_n2000,2000,all,5000,EDGE.sym.sc.Grule,0.05,0.8868,0.00448075350806089,0.8794,0.055,0,0.8868,""
4,osc4_n2000,alternative,null_rough_n2000,2000,all,5000,EDGE.sym.sc.Grule,0.1,0.9344,0.00350133231784702,0.9332,0.1026,0,0.9344,""
4,osc4_n2000,alternative,null_rough_n2000,2000,all,5000,HL.G10,0.01,1,0,1,0.01,0,1,""
4,osc4_n2000,alternative,null_rough_n2000,2000,all,5000,HL.G10,0.05,1,0,1,0.0491,0,1,""
4,osc4_n2000,alternative,null_rough_n2000,2000,all,5000,HL.G10,0.1,1,0,1,0.0964,0,1,""
4,osc4_n2000,alternative,null_rough_n2000,2000,all,5000,HL.Grule,0.01,1,0,1,0.0089,0,1,""
4,osc4_n2000,alternative,null_rough_n2000,2000,all,5000,HL.Grule,0.05,1,0,1,0.0466,0,1,""
4,osc4_n2000,alternative,null_rough_n2000,2000,all,5000,HL.Grule,0.1,1,0,1,0.0972,0,1,""
4,osc4_n2000,alternative,null_rough_n2000,2000,all,5000,HLF.G10,0.01,1,0,1,0.01,0,1,""
4,osc4_n2000,alternative,null_rough_n2000,2000,all,5000,HLF.G10,0.05,1,0,1,0.0493,0,1,""
4,osc4_n2000,alternative,null_rough_n2000,2000,all,5000,HLF.G10,0.1,1,0,1,0.0962,0,1,""
4,osc4_n2000,alternative,null_rough_n2000,2000,all,5000,HLF.Grule,0.01,1,0,1,0.009,0,1,""
4,osc4_n2000,alternative,null_rough_n2000,2000,all,5000,HLF.Grule,0.05,1,0,1,0.0464,0,1,""
4,osc4_n2000,alternative,null_rough_n2000,2000,all,5000,HLF.Grule,0.1,1,0,1,0.0961,0,1,""
4,osc4_n2000,alternative,null_rough_n2000,2000,all,5000,Stk.joint,0.01,0.6618,0.00669060176665747,0.636,0.0121,0,0.6618,""
4,osc4_n2000,alternative,null_rough_n2000,2000,all,5000,Stk.joint,0.05,0.8358,0.00523905258610753,0.8294,0.0522,0,0.8358,""
4,osc4_n2000,alternative,null_rough_n2000,2000,all,5000,Stk.joint,0.1,0.9002,0.00423886682970815,0.8978,0.1041,0,0.9002,""
4,osc4_n2000,alternative,null_rough_n2000,2000,all,5000,Stk.LR,0.01,0.6516,0.00673821103854725,0.6236,0.0118,0,0.6516,""
4,osc4_n2000,alternative,null_rough_n2000,2000,all,5000,Stk.LR,0.05,0.8308,0.00530228931688945,0.826,0.0525,0,0.8308,""
4,osc4_n2000,alternative,null_rough_n2000,2000,all,5000,Stk.LR,0.1,0.8974,0.00429122919453156,0.8918,0.1059,0,0.8974,""
4,osc4_n2000,alternative,null_rough_n2000,2000,all,5000,Stk.sym1,0.01,0.7422,0.00618609990220009,0.7262,0.011,0,0.7422,""
4,osc4_n2000,alternative,null_rough_n2000,2000,all,5000,Stk.sym1,0.05,0.8878,0.00446343275965932,0.881,0.0543,0,0.8878,""
4,osc4_n2000,alternative,null_rough_n2000,2000,all,5000,Stk.sym1,0.1,0.935,0.00348640215695206,0.9334,0.1022,0,0.935,""
4,osc4_n2000,alternative,null_rough_n2000,2000,all,5000,Stk.marg,0.01,0.1186,0.004572396308283,0.0534,0.0227,0,0.1186,""
4,osc4_n2000,alternative,null_rough_n2000,2000,all,5000,Stk.marg,0.05,0.3264,0.00663118450957293,0.251,0.0676,0,0.3264,""
4,osc4_n2000,alternative,null_rough_n2000,2000,all,5000,Stk.marg,0.1,0.487,0.00706867738689495,0.4548,0.1105,0,0.487,""
4,osc4_n2000,alternative,null_rough_n2000,2000,all,5000,GiViTI,0.01,0.4824,0.00706668578613766,0.4664,0.0117,0,0.4824,""
4,osc4_n2000,alternative,null_rough_n2000,2000,all,5000,GiViTI,0.05,0.6636,0.00668184166229641,0.6656,0.0496,0,0.6636,""
4,osc4_n2000,alternative,null_rough_n2000,2000,all,5000,GiViTI,0.1,0.7414,0.0061923507652587,0.7462,0.096,0,0.7414,""
4,osc4_n2000,alternative,null_rough_n2000,2000,all,5000,GiViTI.t50,0.01,0.6668,0.00666599969996999,0.65,0.0116,0,0.6668,""
4,osc4_n2000,alternative,null_rough_n2000,2000,all,5000,GiViTI.t50,0.05,0.8298,0.00531473348344016,0.831,0.0493,0,0.8298,""
4,osc4_n2000,alternative,null_rough_n2000,2000,all,5000,GiViTI.t50,0.1,0.8902,0.00442140158773211,0.8932,0.0959,0,0.8902,""
4,osc4_n2000,alternative,null_rough_n2000,2000,all,5000,Cubic.LR,0.01,0.755,0.00608235151894397,0.7362,0.0121,0,0.755,""
4,osc4_n2000,alternative,null_rough_n2000,2000,all,5000,Cubic.LR,0.05,0.8952,0.00433167311786104,0.8926,0.0511,0,0.8952,""
4,osc4_n2000,alternative,null_rough_n2000,2000,all,5000,Cubic.LR,0.1,0.9398,0.00336380617753164,0.9374,0.1051,0,0.9398,""
4,osc4_n2000,alternative,null_rough_n2000,2000,all,5000,HL_w,0.01,1,0,1,0.012,0,1,""
4,osc4_n2000,alternative,null_rough_n2000,2000,all,5000,HL_w,0.05,1,0,1,0.0541,0,1,""
4,osc4_n2000,alternative,null_rough_n2000,2000,all,5000,HL_w,0.1,1,0,1,0.103,0,1,""
4,osc4_n2000,alternative,null_rough_n2000,2000,all,5000,PH,0.01,1,0,1,0.0058,0,1,""
4,osc4_n2000,alternative,null_rough_n2000,2000,all,5000,PH,0.05,1,0,1,0.0321,0,1,""
4,osc4_n2000,alternative,null_rough_n2000,2000,all,5000,PH,0.1,1,0,1,0.0649,0,1,""
4,osc4_n2000,alternative,null_rough_n2000,2000,all,5000,Tsiatis,0.01,1,0,1,0.0117,0,1,""
4,osc4_n2000,alternative,null_rough_n2000,2000,all,5000,Tsiatis,0.05,1,0,1,0.0492,0,1,""
4,osc4_n2000,alternative,null_rough_n2000,2000,all,5000,Tsiatis,0.1,1,0,1,0.0966,0,1,""
4,osc4_n2000,alternative,null_rough_n2000,2000,all,5000,Xie,0.01,1,0,1,0.0079,0,1,""
4,osc4_n2000,alternative,null_rough_n2000,2000,all,5000,Xie,0.05,1,0,1,0.0411,0,1,""
4,osc4_n2000,alternative,null_rough_n2000,2000,all,5000,Xie,0.1,1,0,1,0.0813,0,1,""
4,osc4_n2000,alternative,null_rough_n2000,2000,all,5000,PR,0.01,0,0,0,0,1,,no p-value in any replicate
4,osc4_n2000,alternative,null_rough_n2000,2000,all,5000,PR,0.05,0,0,0,0,1,,no p-value in any replicate
4,osc4_n2000,alternative,null_rough_n2000,2000,all,5000,PR,0.1,0,0,0,0,1,,no p-value in any replicate
4,sawtooth_n1000,alternative,null_rough_n1000,1000,all,5000,flag.evlt.G10,,0,,,,0,,flag rate: share of replicates with the flag = 1
4,sawtooth_n1000,alternative,null_rough_n1000,1000,all,5000,flag.evlt.Grule,,0,,,,0,,flag rate: share of replicates with the flag = 1
4,sawtooth_n1000,alternative,null_rough_n1000,1000,all,5000,flag.stk_half0,,0,,,,0,,flag rate: share of replicates with the flag = 1
4,sawtooth_n1000,alternative,null_rough_n1000,1000,all,5000,flag.stk_diag,,0,,,,0,,flag rate: share of replicates with the flag = 1
4,sawtooth_n1000,alternative,null_rough_n1000,1000,all,5000,flag.rivals_run,,1,,,,0,,flag rate: share of replicates with the flag = 1
4,sawtooth_n1000,alternative,null_rough_n1000,1000,all,5000,flag.degenerate,,0,,,,0,,flag rate: share of replicates with the flag = 1
4,sawtooth_n1000,alternative,null_rough_n1000,1000,all,5000,flag.info_guard,,0,,,,0,,flag rate: share of replicates with the flag = 1
4,sawtooth_n1000,alternative,null_rough_n1000,1000,all,5000,flag.rep_error,,0,,,,0,,flag rate: share of replicates with the flag = 1
4,sawtooth_n1000,alternative,null_rough_n1000,1000,all,5000,EDGE.poly3.u.G10,0.01,0.0358,0.00262748396760094,0.0342,0.011,0,0.0358,""
4,sawtooth_n1000,alternative,null_rough_n1000,1000,all,5000,EDGE.poly3.u.G10,0.05,0.1066,0.00436431987828573,0.105,0.0516,0,0.1066,""
4,sawtooth_n1000,alternative,null_rough_n1000,1000,all,5000,EDGE.poly3.u.G10,0.1,0.181,0.00544497933880378,0.1782,0.1024,0,0.181,""
4,sawtooth_n1000,alternative,null_rough_n1000,1000,all,5000,EDGE.poly3.sc.G10,0.01,0.0238,0.00215562334372218,0.023,0.0104,0,0.0238,""
4,sawtooth_n1000,alternative,null_rough_n1000,1000,all,5000,EDGE.poly3.sc.G10,0.05,0.0898,0.00404316608612607,0.0852,0.0531,0,0.0898,""
4,sawtooth_n1000,alternative,null_rough_n1000,1000,all,5000,EDGE.poly3.sc.G10,0.1,0.162,0.00521068133740685,0.1562,0.1033,0,0.162,""
4,sawtooth_n1000,alternative,null_rough_n1000,1000,all,5000,EDGE.poly2.u.G10,0.01,0.0104,0.00143470136265357,0.0096,0.0108,0,0.0104,""
4,sawtooth_n1000,alternative,null_rough_n1000,1000,all,5000,EDGE.poly2.u.G10,0.05,0.0516,0.00312849612433834,0.049,0.0516,0,0.0516,""
4,sawtooth_n1000,alternative,null_rough_n1000,1000,all,5000,EDGE.poly2.u.G10,0.1,0.1046,0.00432802125687941,0.1046,0.1003,0,0.1046,""
4,sawtooth_n1000,alternative,null_rough_n1000,1000,all,5000,EDGE.poly2.sc.G10,0.01,0.0224,0.00209276085590303,0.023,0.0098,0,0.0224,""
4,sawtooth_n1000,alternative,null_rough_n1000,1000,all,5000,EDGE.poly2.sc.G10,0.05,0.0818,0.00387579050001416,0.0778,0.0522,0,0.0818,""
4,sawtooth_n1000,alternative,null_rough_n1000,1000,all,5000,EDGE.poly2.sc.G10,0.1,0.1468,0.0050049927072874,0.1412,0.1042,0,0.1468,""
4,sawtooth_n1000,alternative,null_rough_n1000,1000,all,5000,EDGE.stk.u.G10,0.01,0.0646,0.00347640158784914,0.0654,0.0099,0,0.0646,""
4,sawtooth_n1000,alternative,null_rough_n1000,1000,all,5000,EDGE.stk.u.G10,0.05,0.1614,0.00520288458453578,0.162,0.0498,0,0.1614,""
4,sawtooth_n1000,alternative,null_rough_n1000,1000,all,5000,EDGE.stk.u.G10,0.1,0.241,0.00604845434801322,0.2426,0.098,0,0.241,""
4,sawtooth_n1000,alternative,null_rough_n1000,1000,all,5000,EDGE.stk.sc.G10,0.01,0.033,0.00252630164469724,0.0318,0.0101,0,0.033,""
4,sawtooth_n1000,alternative,null_rough_n1000,1000,all,5000,EDGE.stk.sc.G10,0.05,0.1136,0.00448765061028597,0.1094,0.0521,0,0.1136,""
4,sawtooth_n1000,alternative,null_rough_n1000,1000,all,5000,EDGE.stk.sc.G10,0.1,0.1926,0.00557683135839699,0.1878,0.1024,0,0.1926,""
4,sawtooth_n1000,alternative,null_rough_n1000,1000,all,5000,EDGE.sym.u.G10,0.01,0.0586,0.00332162731202644,0.057,0.0108,0,0.0586,""
4,sawtooth_n1000,alternative,null_rough_n1000,1000,all,5000,EDGE.sym.u.G10,0.05,0.155,0.00511810511810768,0.155,0.0497,0,0.155,""
4,sawtooth_n1000,alternative,null_rough_n1000,1000,all,5000,EDGE.sym.u.G10,0.1,0.2392,0.00603296543998057,0.243,0.0977,0,0.2392,""
4,sawtooth_n1000,alternative,null_rough_n1000,1000,all,5000,EDGE.sym.sc.G10,0.01,0.0418,0.00283029185774188,0.042,0.0098,0,0.0418,""
4,sawtooth_n1000,alternative,null_rough_n1000,1000,all,5000,EDGE.sym.sc.G10,0.05,0.1186,0.004572396308283,0.1184,0.0507,0,0.1186,""
4,sawtooth_n1000,alternative,null_rough_n1000,1000,all,5000,EDGE.sym.sc.G10,0.1,0.1918,0.00556799353447901,0.192,0.0997,0,0.1918,""
4,sawtooth_n1000,alternative,null_rough_n1000,1000,all,5000,EDGE.poly3.u.Grule,0.01,0.0276,0.00231681850821337,0.0252,0.0116,0,0.0276,""
4,sawtooth_n1000,alternative,null_rough_n1000,1000,all,5000,EDGE.poly3.u.Grule,0.05,0.098,0.00420466407695074,0.0988,0.0494,0,0.098,""
4,sawtooth_n1000,alternative,null_rough_n1000,1000,all,5000,EDGE.poly3.u.Grule,0.1,0.1634,0.00522877499994023,0.1612,0.1019,0,0.1634,""
4,sawtooth_n1000,alternative,null_rough_n1000,1000,all,5000,EDGE.poly3.sc.Grule,0.01,0.019,0.00193075114916449,0.018,0.0117,0,0.019,""
4,sawtooth_n1000,alternative,null_rough_n1000,1000,all,5000,EDGE.poly3.sc.Grule,0.05,0.0752,0.00372947610261817,0.0728,0.0517,0,0.0752,""
4,sawtooth_n1000,alternative,null_rough_n1000,1000,all,5000,EDGE.poly3.sc.Grule,0.1,0.145,0.00497945780180935,0.1466,0.0992,0,0.145,""
4,sawtooth_n1000,alternative,null_rough_n1000,1000,all,5000,EDGE.poly2.u.Grule,0.01,0.011,0.00147505932084103,0.009,0.0118,0,0.011,""
4,sawtooth_n1000,alternative,null_rough_n1000,1000,all,5000,EDGE.poly2.u.Grule,0.05,0.0526,0.00315699984162179,0.0508,0.0511,0,0.0526,""
4,sawtooth_n1000,alternative,null_rough_n1000,1000,all,5000,EDGE.poly2.u.Grule,0.1,0.107,0.00437152147426957,0.1046,0.1014,0,0.107,""
4,sawtooth_n1000,alternative,null_rough_n1000,1000,all,5000,EDGE.poly2.sc.Grule,0.01,0.023,0.00211995282966391,0.0218,0.011,0,0.023,""
4,sawtooth_n1000,alternative,null_rough_n1000,1000,all,5000,EDGE.poly2.sc.Grule,0.05,0.0854,0.00395238763281134,0.0858,0.0493,0,0.0854,""
4,sawtooth_n1000,alternative,null_rough_n1000,1000,all,5000,EDGE.poly2.sc.Grule,0.1,0.1536,0.00509915757748277,0.155,0.0994,0,0.1536,""
4,sawtooth_n1000,alternative,null_rough_n1000,1000,all,5000,EDGE.stk.u.Grule,0.01,0.0444,0.00291302729132427,0.0418,0.0104,0,0.0444,""
4,sawtooth_n1000,alternative,null_rough_n1000,1000,all,5000,EDGE.stk.u.Grule,0.05,0.125,0.00467707173346743,0.1262,0.049,0,0.125,""
4,sawtooth_n1000,alternative,null_rough_n1000,1000,all,5000,EDGE.stk.u.Grule,0.1,0.197,0.00562478444031413,0.2034,0.0927,0,0.197,""
4,sawtooth_n1000,alternative,null_rough_n1000,1000,all,5000,EDGE.stk.sc.Grule,0.01,0.024,0.00216443988135499,0.022,0.0115,0,0.024,""
4,sawtooth_n1000,alternative,null_rough_n1000,1000,all,5000,EDGE.stk.sc.Grule,0.05,0.0888,0.00402279902555422,0.09,0.0492,0,0.0888,""
4,sawtooth_n1000,alternative,null_rough_n1000,1000,all,5000,EDGE.stk.sc.Grule,0.1,0.1594,0.00517671015221057,0.1596,0.0996,0,0.1594,""
4,sawtooth_n1000,alternative,null_rough_n1000,1000,all,5000,EDGE.sym.u.Grule,0.01,0.0404,0.00278452293939195,0.0416,0.0099,0,0.0404,""
4,sawtooth_n1000,alternative,null_rough_n1000,1000,all,5000,EDGE.sym.u.Grule,0.05,0.1262,0.0046962444570103,0.1336,0.0466,0,0.1262,""
4,sawtooth_n1000,alternative,null_rough_n1000,1000,all,5000,EDGE.sym.u.Grule,0.1,0.204,0.00569884198763222,0.2082,0.097,0,0.204,""
4,sawtooth_n1000,alternative,null_rough_n1000,1000,all,5000,EDGE.sym.sc.Grule,0.01,0.0384,0.00271755183943195,0.0418,0.0093,0,0.0384,""
4,sawtooth_n1000,alternative,null_rough_n1000,1000,all,5000,EDGE.sym.sc.Grule,0.05,0.1214,0.00461870198215906,0.1246,0.0476,0,0.1214,""
4,sawtooth_n1000,alternative,null_rough_n1000,1000,all,5000,EDGE.sym.sc.Grule,0.1,0.1994,0.00565048033356457,0.203,0.0967,0,0.1994,""
4,sawtooth_n1000,alternative,null_rough_n1000,1000,all,5000,HL.G10,0.01,0.8662,0.00481451056702548,0.8742,0.0087,0,0.8662,""
4,sawtooth_n1000,alternative,null_rough_n1000,1000,all,5000,HL.G10,0.05,0.9512,0.00304691844328003,0.951,0.0502,0,0.9512,""
4,sawtooth_n1000,alternative,null_rough_n1000,1000,all,5000,HL.G10,0.1,0.9766,0.00213786996798215,0.9752,0.1029,0,0.9766,""
4,sawtooth_n1000,alternative,null_rough_n1000,1000,all,5000,HL.Grule,0.01,0.991,0.00133558975737312,0.9902,0.0111,0,0.991,""
4,sawtooth_n1000,alternative,null_rough_n1000,1000,all,5000,HL.Grule,0.05,0.999,0.00044698993277254,0.999,0.0506,0,0.999,""
4,sawtooth_n1000,alternative,null_rough_n1000,1000,all,5000,HL.Grule,0.1,0.9996,0.000282786138274123,0.9996,0.1049,0,0.9996,""
4,sawtooth_n1000,alternative,null_rough_n1000,1000,all,5000,HLF.G10,0.01,0.8644,0.00484174844451878,0.8748,0.0091,0,0.8644,""
4,sawtooth_n1000,alternative,null_rough_n1000,1000,all,5000,HLF.G10,0.05,0.9508,0.00305873699425106,0.9508,0.0502,0,0.9508,""
4,sawtooth_n1000,alternative,null_rough_n1000,1000,all,5000,HLF.G10,0.1,0.9764,0.00214676687136726,0.9752,0.1018,0,0.9764,""
4,sawtooth_n1000,alternative,null_rough_n1000,1000,all,5000,HLF.Grule,0.01,0.9906,0.00136467138901642,0.9902,0.0109,0,0.9906,""
4,sawtooth_n1000,alternative,null_rough_n1000,1000,all,5000,HLF.Grule,0.05,0.9988,0.000489603921552918,0.9988,0.0507,0,0.9988,""
4,sawtooth_n1000,alternative,null_rough_n1000,1000,all,5000,HLF.Grule,0.1,0.9996,0.000282786138274123,0.9996,0.1046,0,0.9996,""
4,sawtooth_n1000,alternative,null_rough_n1000,1000,all,5000,Stk.joint,0.01,0.0306,0.00243571919563812,0.0274,0.0111,0,0.0306,""
4,sawtooth_n1000,alternative,null_rough_n1000,1000,all,5000,Stk.joint,0.05,0.1052,0.00433896208787309,0.1054,0.0495,0,0.1052,""
4,sawtooth_n1000,alternative,null_rough_n1000,1000,all,5000,Stk.joint,0.1,0.1732,0.00535166815114689,0.1726,0.1002,0,0.1732,""
4,sawtooth_n1000,alternative,null_rough_n1000,1000,all,5000,Stk.LR,0.01,0.0274,0.00230864635663412,0.0256,0.0109,0,0.0274,""
4,sawtooth_n1000,alternative,null_rough_n1000,1000,all,5000,Stk.LR,0.05,0.0978,0.00420083705944422,0.096,0.0514,0,0.0978,""
4,sawtooth_n1000,alternative,null_rough_n1000,1000,all,5000,Stk.LR,0.1,0.1658,0.00525947449846465,0.1638,0.1017,0,0.1658,""
4,sawtooth_n1000,alternative,null_rough_n1000,1000,all,5000,Stk.sym1,0.01,0.0388,0.00273110087693589,0.0388,0.0099,0,0.0388,""
4,sawtooth_n1000,alternative,null_rough_n1000,1000,all,5000,Stk.sym1,0.05,0.1236,0.00465452553973012,0.126,0.0478,0,0.1236,""
4,sawtooth_n1000,alternative,null_rough_n1000,1000,all,5000,Stk.sym1,0.1,0.1978,0.00563338548299333,0.2052,0.0949,0,0.1978,""
4,sawtooth_n1000,alternative,null_rough_n1000,1000,all,5000,Stk.marg,0.01,0.0256,0.00223359083092674,0.01,0.0238,0,0.0256,""
4,sawtooth_n1000,alternative,null_rough_n1000,1000,all,5000,Stk.marg,0.05,0.0812,0.00386281141139456,0.0564,0.0707,0,0.0812,""
4,sawtooth_n1000,alternative,null_rough_n1000,1000,all,5000,Stk.marg,0.1,0.133,0.00480231194322068,0.1138,0.1174,0,0.133,""
4,sawtooth_n1000,alternative,null_rough_n1000,1000,all,5000,GiViTI,0.01,0.0118,0.00152713850059515,0.0106,0.0114,0,0.0118,""
4,sawtooth_n1000,alternative,null_rough_n1000,1000,all,5000,GiViTI,0.05,0.0592,0.0033375248313683,0.0578,0.0512,0,0.0592,""
4,sawtooth_n1000,alternative,null_rough_n1000,1000,all,5000,GiViTI,0.1,0.1164,0.00453543911876237,0.1146,0.1021,0,0.1164,""
4,sawtooth_n1000,alternative,null_rough_n1000,1000,all,5000,GiViTI.t50,0.01,0.0204,0.00199919183671803,0.017,0.012,0,0.0204,""
4,sawtooth_n1000,alternative,null_rough_n1000,1000,all,5000,GiViTI.t50,0.05,0.0776,0.00378360251612137,0.073,0.0543,0,0.0776,""
4,sawtooth_n1000,alternative,null_rough_n1000,1000,all,5000,GiViTI.t50,0.1,0.1382,0.00488058930867984,0.1342,0.1052,0,0.1382,""
4,sawtooth_n1000,alternative,null_rough_n1000,1000,all,5000,Cubic.LR,0.01,0.0274,0.00230864635663412,0.0262,0.011,0,0.0274,""
4,sawtooth_n1000,alternative,null_rough_n1000,1000,all,5000,Cubic.LR,0.05,0.0944,0.00413493990282809,0.091,0.0521,0,0.0944,""
4,sawtooth_n1000,alternative,null_rough_n1000,1000,all,5000,Cubic.LR,0.1,0.1642,0.00523905258610753,0.1648,0.0994,0,0.1642,""
4,sawtooth_n1000,alternative,null_rough_n1000,1000,all,5000,HL_w,0.01,0.7548,0.00608402761334957,0.7416,0.0114,0,0.7548,""
4,sawtooth_n1000,alternative,null_rough_n1000,1000,all,5000,HL_w,0.05,0.8732,0.0047057785753263,0.8686,0.0532,0,0.8732,""
4,sawtooth_n1000,alternative,null_rough_n1000,1000,all,5000,HL_w,0.1,0.9182,0.00387579050001416,0.917,0.1019,0,0.9182,""
4,sawtooth_n1000,alternative,null_rough_n1000,1000,all,5000,PH,0.01,0.8206,0.00542615222786829,0.8738,0.0052,0,0.8206,""
4,sawtooth_n1000,alternative,null_rough_n1000,1000,all,5000,PH,0.05,0.933,0.00353584501922808,0.951,0.0299,0,0.933,""
4,sawtooth_n1000,alternative,null_rough_n1000,1000,all,5000,PH,0.1,0.9632,0.00266254614983478,0.975,0.0682,0,0.9632,""
4,sawtooth_n1000,alternative,null_rough_n1000,1000,all,5000,Tsiatis,0.01,0.8632,0.00485974814162216,0.8584,0.0107,0,0.8632,""
4,sawtooth_n1000,alternative,null_rough_n1000,1000,all,5000,Tsiatis,0.05,0.9482,0.0031342227106573,0.9468,0.0522,0,0.9482,""
4,sawtooth_n1000,alternative,null_rough_n1000,1000,all,5000,Tsiatis,0.1,0.971,0.00237314137800511,0.9706,0.1024,0,0.971,""
4,sawtooth_n1000,alternative,null_rough_n1000,1000,all,5000,Xie,0.01,0.8632,0.00485974814162216,0.8828,0.0079,0,0.8632,""
4,sawtooth_n1000,alternative,null_rough_n1000,1000,all,5000,Xie,0.05,0.9508,0.00305873699425106,0.958,0.0401,0,0.9508,""
4,sawtooth_n1000,alternative,null_rough_n1000,1000,all,5000,Xie,0.1,0.973,0.00229220417938717,0.9786,0.0825,0,0.973,""
4,sawtooth_n1000,alternative,null_rough_n1000,1000,all,5000,PR,0.01,0,0,0,0,1,,no p-value in any replicate
4,sawtooth_n1000,alternative,null_rough_n1000,1000,all,5000,PR,0.05,0,0,0,0,1,,no p-value in any replicate
4,sawtooth_n1000,alternative,null_rough_n1000,1000,all,5000,PR,0.1,0,0,0,0,1,,no p-value in any replicate
4,sawtooth_n2000,alternative,null_rough_n2000,2000,all,5000,flag.evlt.G10,,0,,,,0,,flag rate: share of replicates with the flag = 1
4,sawtooth_n2000,alternative,null_rough_n2000,2000,all,5000,flag.evlt.Grule,,0,,,,0,,flag rate: share of replicates with the flag = 1
4,sawtooth_n2000,alternative,null_rough_n2000,2000,all,5000,flag.stk_half0,,0,,,,0,,flag rate: share of replicates with the flag = 1
4,sawtooth_n2000,alternative,null_rough_n2000,2000,all,5000,flag.stk_diag,,0,,,,0,,flag rate: share of replicates with the flag = 1
4,sawtooth_n2000,alternative,null_rough_n2000,2000,all,5000,flag.rivals_run,,1,,,,0,,flag rate: share of replicates with the flag = 1
4,sawtooth_n2000,alternative,null_rough_n2000,2000,all,5000,flag.degenerate,,0,,,,0,,flag rate: share of replicates with the flag = 1
4,sawtooth_n2000,alternative,null_rough_n2000,2000,all,5000,flag.info_guard,,0,,,,0,,flag rate: share of replicates with the flag = 1
4,sawtooth_n2000,alternative,null_rough_n2000,2000,all,5000,flag.rep_error,,0,,,,0,,flag rate: share of replicates with the flag = 1
4,sawtooth_n2000,alternative,null_rough_n2000,2000,all,5000,EDGE.poly3.u.G10,0.01,0.062,0.00341045451516363,0.0558,0.012,0,0.062,""
4,sawtooth_n2000,alternative,null_rough_n2000,2000,all,5000,EDGE.poly3.u.G10,0.05,0.166,0.00526201482324024,0.166,0.0501,0,0.166,""
4,sawtooth_n2000,alternative,null_rough_n2000,2000,all,5000,EDGE.poly3.u.G10,0.1,0.2486,0.00611225064931078,0.2502,0.099,0,0.2486,""
4,sawtooth_n2000,alternative,null_rough_n2000,2000,all,5000,EDGE.poly3.sc.G10,0.01,0.0422,0.00284320804725929,0.0372,0.0116,0,0.0422,""
4,sawtooth_n2000,alternative,null_rough_n2000,2000,all,5000,EDGE.poly3.sc.G10,0.05,0.133,0.00480231194322068,0.13,0.051,0,0.133,""
4,sawtooth_n2000,alternative,null_rough_n2000,2000,all,5000,EDGE.poly3.sc.G10,0.1,0.2176,0.00583524189729955,0.212,0.1045,0,0.2176,""
4,sawtooth_n2000,alternative,null_rough_n2000,2000,all,5000,EDGE.poly2.u.G10,0.01,0.0118,0.00152713850059515,0.0126,0.0099,0,0.0118,""
4,sawtooth_n2000,alternative,null_rough_n2000,2000,all,5000,EDGE.poly2.u.G10,0.05,0.0552,0.0032296427046966,0.0562,0.0489,0,0.0552,""
4,sawtooth_n2000,alternative,null_rough_n2000,2000,all,5000,EDGE.poly2.u.G10,0.1,0.1104,0.00443197111903947,0.1196,0.0925,0,0.1104,""
4,sawtooth_n2000,alternative,null_rough_n2000,2000,all,5000,EDGE.poly2.sc.G10,0.01,0.0392,0.0027445713690848,0.038,0.0107,0,0.0392,""
4,sawtooth_n2000,alternative,null_rough_n2000,2000,all,5000,EDGE.poly2.sc.G10,0.05,0.1242,0.004664211830524,0.1232,0.0516,0,0.1242,""
4,sawtooth_n2000,alternative,null_rough_n2000,2000,all,5000,EDGE.poly2.sc.G10,0.1,0.1994,0.00565048033356457,0.2006,0.0997,0,0.1994,""
4,sawtooth_n2000,alternative,null_rough_n2000,2000,all,5000,EDGE.stk.u.G10,0.01,0.1254,0.00468347819467541,0.1132,0.0124,0,0.1254,""
4,sawtooth_n2000,alternative,null_rough_n2000,2000,all,5000,EDGE.stk.u.G10,0.05,0.2592,0.0061970212199088,0.2564,0.0512,0,0.2592,""
4,sawtooth_n2000,alternative,null_rough_n2000,2000,all,5000,EDGE.stk.u.G10,0.1,0.3586,0.00678241903748213,0.3578,0.1004,0,0.3586,""
4,sawtooth_n2000,alternative,null_rough_n2000,2000,all,5000,EDGE.stk.sc.G10,0.01,0.063,0.00343601513384327,0.0544,0.0117,0,0.063,""
4,sawtooth_n2000,alternative,null_rough_n2000,2000,all,5000,EDGE.stk.sc.G10,0.05,0.1746,0.00536870263657804,0.1706,0.0512,0,0.1746,""
4,sawtooth_n2000,alternative,null_rough_n2000,2000,all,5000,EDGE.stk.sc.G10,0.1,0.2654,0.00624440293382802,0.2628,0.1012,0,0.2654,""
4,sawtooth_n2000,alternative,null_rough_n2000,2000,all,5000,EDGE.sym.u.G10,0.01,0.1026,0.00429122919453156,0.0948,0.0122,0,0.1026,""
4,sawtooth_n2000,alternative,null_rough_n2000,2000,all,5000,EDGE.sym.u.G10,0.05,0.2384,0.00602603418510051,0.2272,0.0539,0,0.2384,""
4,sawtooth_n2000,alternative,null_rough_n2000,2000,all,5000,EDGE.sym.u.G10,0.1,0.343,0.00671343429252123,0.3342,0.1057,0,0.343,""
4,sawtooth_n2000,alternative,null_rough_n2000,2000,all,5000,EDGE.sym.sc.G10,0.01,0.0648,0.00348140661227614,0.06,0.0119,0,0.0648,""
4,sawtooth_n2000,alternative,null_rough_n2000,2000,all,5000,EDGE.sym.sc.G10,0.05,0.1734,0.00535410944975913,0.163,0.0545,0,0.1734,""
4,sawtooth_n2000,alternative,null_rough_n2000,2000,all,5000,EDGE.sym.sc.G10,0.1,0.2602,0.00620477171215831,0.2492,0.1068,0,0.2602,""
4,sawtooth_n2000,alternative,null_rough_n2000,2000,all,5000,EDGE.poly3.u.Grule,0.01,0.0526,0.00315699984162179,0.0452,0.012,0,0.0526,""
4,sawtooth_n2000,alternative,null_rough_n2000,2000,all,5000,EDGE.poly3.u.Grule,0.05,0.1502,0.00505252332998077,0.1478,0.0508,0,0.1502,""
4,sawtooth_n2000,alternative,null_rough_n2000,2000,all,5000,EDGE.poly3.u.Grule,0.1,0.2332,0.0059802635393434,0.2268,0.1037,0,0.2332,""
4,sawtooth_n2000,alternative,null_rough_n2000,2000,all,5000,EDGE.poly3.sc.Grule,0.01,0.04,0.0027712812921102,0.0394,0.0104,0,0.04,""
4,sawtooth_n2000,alternative,null_rough_n2000,2000,all,5000,EDGE.poly3.sc.Grule,0.05,0.1392,0.0048953725088087,0.1378,0.0507,0,0.1392,""
4,sawtooth_n2000,alternative,null_rough_n2000,2000,all,5000,EDGE.poly3.sc.Grule,0.1,0.2256,0.00591108517955883,0.2244,0.101,0,0.2256,""
4,sawtooth_n2000,alternative,null_rough_n2000,2000,all,5000,EDGE.poly2.u.Grule,0.01,0.012,0.00153987012439361,0.011,0.0107,0,0.012,""
4,sawtooth_n2000,alternative,null_rough_n2000,2000,all,5000,EDGE.poly2.u.Grule,0.05,0.055,0.0032241277890307,0.0564,0.0488,0,0.055,""
4,sawtooth_n2000,alternative,null_rough_n2000,2000,all,5000,EDGE.poly2.u.Grule,0.1,0.107,0.00437152147426957,0.112,0.0947,0,0.107,""
4,sawtooth_n2000,alternative,null_rough_n2000,2000,all,5000,EDGE.poly2.sc.Grule,0.01,0.0504,0.00309385972532693,0.043,0.0117,0,0.0504,""
4,sawtooth_n2000,alternative,null_rough_n2000,2000,all,5000,EDGE.poly2.sc.Grule,0.05,0.1452,0.00498230789895607,0.1422,0.0515,0,0.1452,""
4,sawtooth_n2000,alternative,null_rough_n2000,2000,all,5000,EDGE.poly2.sc.Grule,0.1,0.2338,0.00598560874097197,0.23,0.1029,0,0.2338,""
4,sawtooth_n2000,alternative,null_rough_n2000,2000,all,5000,EDGE.stk.u.Grule,0.01,0.0908,0.00406338184275118,0.0742,0.0116,0,0.0908,""
4,sawtooth_n2000,alternative,null_rough_n2000,2000,all,5000,EDGE.stk.u.Grule,0.05,0.2078,0.00573792924320264,0.2024,0.0524,0,0.2078,""
4,sawtooth_n2000,alternative,null_rough_n2000,2000,all,5000,EDGE.stk.u.Grule,0.1,0.3022,0.00649423067037197,0.3018,0.101,0,0.3022,""
4,sawtooth_n2000,alternative,null_rough_n2000,2000,all,5000,EDGE.stk.sc.Grule,0.01,0.0462,0.00296868859936505,0.043,0.0106,0,0.0462,""
4,sawtooth_n2000,alternative,null_rough_n2000,2000,all,5000,EDGE.stk.sc.Grule,0.05,0.1428,0.00494789167221757,0.1398,0.051,0,0.1428,""
4,sawtooth_n2000,alternative,null_rough_n2000,2000,all,5000,EDGE.stk.sc.Grule,0.1,0.2266,0.00592034526020231,0.2266,0.0999,0,0.2266,""
4,sawtooth_n2000,alternative,null_rough_n2000,2000,all,5000,EDGE.sym.u.Grule,0.01,0.0856,0.00395658034165869,0.0856,0.01,0,0.0856,""
4,sawtooth_n2000,alternative,null_rough_n2000,2000,all,5000,EDGE.sym.u.Grule,0.05,0.215,0.00580990533485702,0.207,0.0528,0,0.215,""
4,sawtooth_n2000,alternative,null_rough_n2000,2000,all,5000,EDGE.sym.u.Grule,0.1,0.3208,0.00660132350366197,0.3166,0.1017,0,0.3208,""
4,sawtooth_n2000,alternative,null_rough_n2000,2000,all,5000,EDGE.sym.sc.Grule,0.01,0.0792,0.00381909308606114,0.0752,0.0108,0,0.0792,""
4,sawtooth_n2000,alternative,null_rough_n2000,2000,all,5000,EDGE.sym.sc.Grule,0.05,0.206,0.00571951046856285,0.1962,0.055,0,0.206,""
4,sawtooth_n2000,alternative,null_rough_n2000,2000,all,5000,EDGE.sym.sc.Grule,0.1,0.3126,0.00655562720111509,0.3094,0.1026,0,0.3126,""
4,sawtooth_n2000,alternative,null_rough_n2000,2000,all,5000,HL.G10,0.01,0.997,0.000773433901506781,0.997,0.01,0,0.997,""
4,sawtooth_n2000,alternative,null_rough_n2000,2000,all,5000,HL.G10,0.05,0.9994,0.000346306222872199,0.9994,0.0491,0,0.9994,""
4,sawtooth_n2000,alternative,null_rough_n2000,2000,all,5000,HL.G10,0.1,0.9998,0.000199979998999889,0.9998,0.0964,0,0.9998,""
4,sawtooth_n2000,alternative,null_rough_n2000,2000,all,5000,HL.Grule,0.01,1,0,1,0.0089,0,1,""
4,sawtooth_n2000,alternative,null_rough_n2000,2000,all,5000,HL.Grule,0.05,1,0,1,0.0466,0,1,""
4,sawtooth_n2000,alternative,null_rough_n2000,2000,all,5000,HL.Grule,0.1,1,0,1,0.0972,0,1,""
4,sawtooth_n2000,alternative,null_rough_n2000,2000,all,5000,HLF.G10,0.01,0.997,0.000773433901506781,0.997,0.01,0,0.997,""
4,sawtooth_n2000,alternative,null_rough_n2000,2000,all,5000,HLF.G10,0.05,0.9994,0.000346306222872199,0.9994,0.0493,0,0.9994,""
4,sawtooth_n2000,alternative,null_rough_n2000,2000,all,5000,HLF.G10,0.1,0.9998,0.000199979998999889,0.9998,0.0962,0,0.9998,""
4,sawtooth_n2000,alternative,null_rough_n2000,2000,all,5000,HLF.Grule,0.01,1,0,1,0.009,0,1,""
4,sawtooth_n2000,alternative,null_rough_n2000,2000,all,5000,HLF.Grule,0.05,1,0,1,0.0464,0,1,""
4,sawtooth_n2000,alternative,null_rough_n2000,2000,all,5000,HLF.Grule,0.1,1,0,1,0.0961,0,1,""
4,sawtooth_n2000,alternative,null_rough_n2000,2000,all,5000,Stk.joint,0.01,0.064,0.00346132922444543,0.0534,0.0121,0,0.064,""
4,sawtooth_n2000,alternative,null_rough_n2000,2000,all,5000,Stk.joint,0.05,0.1712,0.00532711103695052,0.166,0.0522,0,0.1712,""
4,sawtooth_n2000,alternative,null_rough_n2000,2000,all,5000,Stk.joint,0.1,0.2612,0.00621248034202121,0.2536,0.1041,0,0.2612,""
4,sawtooth_n2000,alternative,null_rough_n2000,2000,all,5000,Stk.LR,0.01,0.0576,0.00329491244193226,0.049,0.0118,0,0.0576,""
4,sawtooth_n2000,alternative,null_rough_n2000,2000,all,5000,Stk.LR,0.05,0.1646,0.00524417467291089,0.159,0.0525,0,0.1646,""
4,sawtooth_n2000,alternative,null_rough_n2000,2000,all,5000,Stk.LR,0.1,0.2516,0.0061367326811586,0.2422,0.1059,0,0.2516,""
4,sawtooth_n2000,alternative,null_rough_n2000,2000,all,5000,Stk.sym1,0.01,0.0796,0.00382789341544406,0.0756,0.011,0,0.0796,""
4,sawtooth_n2000,alternative,null_rough_n2000,2000,all,5000,Stk.sym1,0.05,0.208,0.00573996515668867,0.1986,0.0543,0,0.208,""
4,sawtooth_n2000,alternative,null_rough_n2000,2000,all,5000,Stk.sym1,0.1,0.3084,0.00653130063616735,0.3044,0.1022,0,0.3084,""
4,sawtooth_n2000,alternative,null_rough_n2000,2000,all,5000,Stk.marg,0.01,0.0316,0.00247392158323581,0.0126,0.0227,0,0.0316,""
4,sawtooth_n2000,alternative,null_rough_n2000,2000,all,5000,Stk.marg,0.05,0.0902,0.00405127041802939,0.0676,0.0676,0,0.0902,""
4,sawtooth_n2000,alternative,null_rough_n2000,2000,all,5000,Stk.marg,0.1,0.1492,0.00503863791118195,0.1354,0.1105,0,0.1492,""
4,sawtooth_n2000,alternative,null_rough_n2000,2000,all,5000,GiViTI,0.01,0.0164,0.00179616480312916,0.0148,0.0117,0,0.0164,""
4,sawtooth_n2000,alternative,null_rough_n2000,2000,all,5000,GiViTI,0.05,0.067,0.00353584501922808,0.0676,0.0496,0,0.067,""
4,sawtooth_n2000,alternative,null_rough_n2000,2000,all,5000,GiViTI,0.1,0.1246,0.00467064963361629,0.1286,0.096,0,0.1246,""
4,sawtooth_n2000,alternative,null_rough_n2000,2000,all,5000,GiViTI.t50,0.01,0.0306,0.00243571919563812,0.0272,0.0116,0,0.0306,""
4,sawtooth_n2000,alternative,null_rough_n2000,2000,all,5000,GiViTI.t50,0.05,0.1128,0.00447383862024548,0.1134,0.0493,0,0.1128,""
4,sawtooth_n2000,alternative,null_rough_n2000,2000,all,5000,GiViTI.t50,0.1,0.1866,0.00550963592263591,0.1918,0.0959,0,0.1866,""
4,sawtooth_n2000,alternative,null_rough_n2000,2000,all,5000,Cubic.LR,0.01,0.0512,0.0031170036894428,0.0446,0.0121,0,0.0512,""
4,sawtooth_n2000,alternative,null_rough_n2000,2000,all,5000,Cubic.LR,0.05,0.1586,0.00516615988912461,0.1554,0.0511,0,0.1586,""
4,sawtooth_n2000,alternative,null_rough_n2000,2000,all,5000,Cubic.LR,0.1,0.2412,0.00605016627870673,0.2354,0.1051,0,0.2412,""
4,sawtooth_n2000,alternative,null_rough_n2000,2000,all,5000,HL_w,0.01,0.9622,0.0026970784193271,0.958,0.012,0,0.9622,""
4,sawtooth_n2000,alternative,null_rough_n2000,2000,all,5000,HL_w,0.05,0.9912,0.00132079975772257,0.9908,0.0541,0,0.9912,""
4,sawtooth_n2000,alternative,null_rough_n2000,2000,all,5000,HL_w,0.1,0.9952,0.000977441558355284,0.995,0.103,0,0.9952,""
4,sawtooth_n2000,alternative,null_rough_n2000,2000,all,5000,PH,0.01,0.9954,0.000956957679315031,0.997,0.0058,0,0.9954,""
4,sawtooth_n2000,alternative,null_rough_n2000,2000,all,5000,PH,0.05,0.9988,0.000489603921552918,0.9994,0.0321,0,0.9988,""
4,sawtooth_n2000,alternative,null_rough_n2000,2000,all,5000,PH,0.1,0.9996,0.000282786138274123,0.9998,0.0649,0,0.9996,""
4,sawtooth_n2000,alternative,null_rough_n2000,2000,all,5000,Tsiatis,0.01,0.993,0.00117906742809731,0.9922,0.0117,0,0.993,""
4,sawtooth_n2000,alternative,null_rough_n2000,2000,all,5000,Tsiatis,0.05,0.9988,0.000489603921552918,0.9988,0.0492,0,0.9988,""
4,sawtooth_n2000,alternative,null_rough_n2000,2000,all,5000,Tsiatis,0.1,0.999,0.00044698993277254,0.999,0.0966,0,0.999,""
4,sawtooth_n2000,alternative,null_rough_n2000,2000,all,5000,Xie,0.01,0.997,0.000773433901506781,0.9974,0.0079,0,0.997,""
4,sawtooth_n2000,alternative,null_rough_n2000,2000,all,5000,Xie,0.05,0.9998,0.000199979998999889,0.9998,0.0411,0,0.9998,""
4,sawtooth_n2000,alternative,null_rough_n2000,2000,all,5000,Xie,0.1,1,0,1,0.0813,0,1,""
4,sawtooth_n2000,alternative,null_rough_n2000,2000,all,5000,PR,0.01,0,0,0,0,1,,no p-value in any replicate
4,sawtooth_n2000,alternative,null_rough_n2000,2000,all,5000,PR,0.05,0,0,0,0,1,,no p-value in any replicate
4,sawtooth_n2000,alternative,null_rough_n2000,2000,all,5000,PR,0.1,0,0,0,0,1,,no p-value in any replicate
4,proj_link_cloglog_n500,alternative,proj_null_link_n500,500,all,500,flag.evlt.G10,,0,,,,0,,flag rate: share of replicates with the flag = 1
4,proj_link_cloglog_n500,alternative,proj_null_link_n500,500,all,500,flag.evlt.Grule,,0,,,,0,,flag rate: share of replicates with the flag = 1
4,proj_link_cloglog_n500,alternative,proj_null_link_n500,500,all,500,flag.stk_half0,,0,,,,0,,flag rate: share of replicates with the flag = 1
4,proj_link_cloglog_n500,alternative,proj_null_link_n500,500,all,500,flag.stk_diag,,0.002,,,,0,,flag rate: share of replicates with the flag = 1
4,proj_link_cloglog_n500,alternative,proj_null_link_n500,500,all,500,flag.rivals_run,,1,,,,0,,flag rate: share of replicates with the flag = 1
4,proj_link_cloglog_n500,alternative,proj_null_link_n500,500,all,500,flag.degenerate,,0,,,,0,,flag rate: share of replicates with the flag = 1
4,proj_link_cloglog_n500,alternative,proj_null_link_n500,500,all,500,flag.info_guard,,0,,,,0,,flag rate: share of replicates with the flag = 1
4,proj_link_cloglog_n500,alternative,proj_null_link_n500,500,all,500,flag.rep_error,,0,,,,0,,flag rate: share of replicates with the flag = 1
4,proj_link_cloglog_n500,alternative,proj_null_link_n500,500,all,500,EDGE.poly3.u.G10,0.01,0.16,0.0163951212255354,0.172,0.008,0,0.16,""
4,proj_link_cloglog_n500,alternative,proj_null_link_n500,500,all,500,EDGE.poly3.u.G10,0.05,0.388,0.0217924757657316,0.372,0.068,0,0.388,""
4,proj_link_cloglog_n500,alternative,proj_null_link_n500,500,all,500,EDGE.poly3.u.G10,0.1,0.546,0.0222658482883541,0.472,0.114,0,0.546,""
4,proj_link_cloglog_n500,alternative,proj_null_link_n500,500,all,500,EDGE.poly3.sc.G10,0.01,0.136,0.0153299706457645,0.156,0.008,0,0.136,""
4,proj_link_cloglog_n500,alternative,proj_null_link_n500,500,all,500,EDGE.poly3.sc.G10,0.05,0.324,0.020929596269398,0.324,0.05,0,0.324,""
4,proj_link_cloglog_n500,alternative,proj_null_link_n500,500,all,500,EDGE.poly3.sc.G10,0.1,0.444,0.0222199909990981,0.43,0.112,0,0.444,""
4,proj_link_cloglog_n500,alternative,proj_null_link_n500,500,all,500,EDGE.poly2.u.G10,0.01,0.256,0.0195173768729304,0.282,0.008,0,0.256,""
4,proj_link_cloglog_n500,alternative,proj_null_link_n500,500,all,500,EDGE.poly2.u.G10,0.05,0.492,0.0223578174247846,0.424,0.062,0,0.492,""
4,proj_link_cloglog_n500,alternative,proj_null_link_n500,500,all,500,EDGE.poly2.u.G10,0.1,0.632,0.0215673827804859,0.606,0.104,0,0.632,""
4,proj_link_cloglog_n500,alternative,proj_null_link_n500,500,all,500,EDGE.poly2.sc.G10,0.01,0.148,0.0158805541465026,0.154,0.008,0,0.148,""
4,proj_link_cloglog_n500,alternative,proj_null_link_n500,500,all,500,EDGE.poly2.sc.G10,0.05,0.362,0.0214921380974532,0.358,0.052,0,0.362,""
4,proj_link_cloglog_n500,alternative,proj_null_link_n500,500,all,500,EDGE.poly2.sc.G10,0.1,0.48,0.0223427840700303,0.472,0.106,0,0.48,""
4,proj_link_cloglog_n500,alternative,proj_null_link_n500,500,all,500,EDGE.stk.u.G10,0.01,0.07,0.0114105214604767,0.072,0.008,0,0.07,""
4,proj_link_cloglog_n500,alternative,proj_null_link_n500,500,all,500,EDGE.stk.u.G10,0.05,0.304,0.0205710476155202,0.208,0.064,0,0.304,""
4,proj_link_cloglog_n500,alternative,proj_null_link_n500,500,all,500,EDGE.stk.u.G10,0.1,0.484,0.0223492281745925,0.474,0.102,0,0.484,""
4,proj_link_cloglog_n500,alternative,proj_null_link_n500,500,all,500,EDGE.stk.sc.G10,0.01,0.122,0.0146366662871024,0.164,0.008,0,0.122,""
4,proj_link_cloglog_n500,alternative,proj_null_link_n500,500,all,500,EDGE.stk.sc.G10,0.05,0.338,0.0211544794310803,0.328,0.052,0,0.338,""
4,proj_link_cloglog_n500,alternative,proj_null_link_n500,500,all,500,EDGE.stk.sc.G10,0.1,0.48,0.0223427840700303,0.47,0.102,0,0.48,""
4,proj_link_cloglog_n500,alternative,proj_null_link_n500,500,all,500,EDGE.sym.u.G10,0.01,0.048,0.00955991631762538,0.078,0.006,0,0.048,""
4,proj_link_cloglog_n500,alternative,proj_null_link_n500,500,all,500,EDGE.sym.u.G10,0.05,0.316,0.020791536739741,0.26,0.058,0,0.316,""
4,proj_link_cloglog_n500,alternative,proj_null_link_n500,500,all,500,EDGE.sym.u.G10,0.1,0.556,0.0222199909990981,0.552,0.102,0,0.556,""
4,proj_link_cloglog_n500,alternative,proj_null_link_n500,500,all,500,EDGE.sym.sc.G10,0.01,0.146,0.015791390059143,0.124,0.01,0,0.146,""
4,proj_link_cloglog_n500,alternative,proj_null_link_n500,500,all,500,EDGE.sym.sc.G10,0.05,0.412,0.0220116332878776,0.354,0.056,0,0.412,""
4,proj_link_cloglog_n500,alternative,proj_null_link_n500,500,all,500,EDGE.sym.sc.G10,0.1,0.604,0.0218716254539986,0.602,0.102,0,0.604,""
4,proj_link_cloglog_n500,alternative,proj_null_link_n500,500,all,500,EDGE.poly3.u.Grule,0.01,0.184,0.0173288199251998,0.14,0.014,0,0.184,""
4,proj_link_cloglog_n500,alternative,proj_null_link_n500,500,all,500,EDGE.poly3.u.Grule,0.05,0.414,0.0220274374360705,0.438,0.042,0,0.414,""
4,proj_link_cloglog_n500,alternative,proj_null_link_n500,500,all,500,EDGE.poly3.u.Grule,0.1,0.586,0.0220274374360705,0.524,0.124,0,0.586,""
4,proj_link_cloglog_n500,alternative,proj_null_link_n500,500,all,500,EDGE.poly3.sc.Grule,0.01,0.136,0.0153299706457645,0.146,0.004,0,0.136,""
4,proj_link_cloglog_n500,alternative,proj_null_link_n500,500,all,500,EDGE.poly3.sc.Grule,0.05,0.326,0.0209630150503214,0.272,0.056,0,0.326,""
4,proj_link_cloglog_n500,alternative,proj_null_link_n500,500,all,500,EDGE.poly3.sc.Grule,0.1,0.466,0.0223089219820232,0.438,0.11,0,0.466,""
4,proj_link_cloglog_n500,alternative,proj_null_link_n500,500,all,500,EDGE.poly2.u.Grule,0.01,0.266,0.0197607692157972,0.302,0.006,0,0.266,""
4,proj_link_cloglog_n500,alternative,proj_null_link_n500,500,all,500,EDGE.poly2.u.Grule,0.05,0.52,0.0223427840700303,0.46,0.058,0,0.52,""
4,proj_link_cloglog_n500,alternative,proj_null_link_n500,500,all,500,EDGE.poly2.u.Grule,0.1,0.658,0.0212149004239945,0.63,0.118,0,0.658,""
4,proj_link_cloglog_n500,alternative,proj_null_link_n500,500,all,500,EDGE.poly2.sc.Grule,0.01,0.166,0.0166399519230075,0.18,0.008,0,0.166,""
4,proj_link_cloglog_n500,alternative,proj_null_link_n500,500,all,500,EDGE.poly2.sc.Grule,0.05,0.398,0.0218904545407353,0.382,0.054,0,0.398,""
4,proj_link_cloglog_n500,alternative,proj_null_link_n500,500,all,500,EDGE.poly2.sc.Grule,0.1,0.544,0.0222739309507774,0.51,0.104,0,0.544,""
4,proj_link_cloglog_n500,alternative,proj_null_link_n500,500,all,500,EDGE.stk.u.Grule,0.01,0.072,0.0115599307956406,0.066,0.01,0,0.072,""
4,proj_link_cloglog_n500,alternative,proj_null_link_n500,500,all,500,EDGE.stk.u.Grule,0.05,0.278,0.0200357680162254,0.332,0.044,0,0.278,""
4,proj_link_cloglog_n500,alternative,proj_null_link_n500,500,all,500,EDGE.stk.u.Grule,0.1,0.478,0.0223390241505756,0.464,0.108,0,0.478,""
4,proj_link_cloglog_n500,alternative,proj_null_link_n500,500,all,500,EDGE.stk.sc.Grule,0.01,0.144,0.0157012101444443,0.154,0.006,0,0.144,""
4,proj_link_cloglog_n500,alternative,proj_null_link_n500,500,all,500,EDGE.stk.sc.Grule,0.05,0.344,0.0212444816364156,0.31,0.056,0,0.344,""
4,proj_link_cloglog_n500,alternative,proj_null_link_n500,500,all,500,EDGE.stk.sc.Grule,0.1,0.496,0.0223599642217961,0.482,0.102,0,0.496,""
4,proj_link_cloglog_n500,alternative,proj_null_link_n500,500,all,500,EDGE.sym.u.Grule,0.01,0.022,0.00655987804764692,0.004,0.012,0,0.022,""
4,proj_link_cloglog_n500,alternative,proj_null_link_n500,500,all,500,EDGE.sym.u.Grule,0.05,0.262,0.0196649942791754,0.296,0.042,0,0.262,""
4,proj_link_cloglog_n500,alternative,proj_null_link_n500,500,all,500,EDGE.sym.u.Grule,0.1,0.508,0.0223578174247846,0.44,0.114,0,0.508,""
4,proj_link_cloglog_n500,alternative,proj_null_link_n500,500,all,500,EDGE.sym.sc.Grule,0.01,0.14,0.0155177317930167,0.09,0.01,0,0.14,""
4,proj_link_cloglog_n500,alternative,proj_null_link_n500,500,all,500,EDGE.sym.sc.Grule,0.05,0.416,0.022042867327097,0.35,0.064,0,0.416,""
4,proj_link_cloglog_n500,alternative,proj_null_link_n500,500,all,500,EDGE.sym.sc.Grule,0.1,0.594,0.0219619671250095,0.548,0.13,0,0.594,""
4,proj_link_cloglog_n500,alternative,proj_null_link_n500,500,all,500,HL.G10,0.01,0.042,0.00897061870775924,0.038,0.01,0,0.042,""
4,proj_link_cloglog_n500,alternative,proj_null_link_n500,500,all,500,HL.G10,0.05,0.136,0.0153299706457645,0.136,0.05,0,0.136,""
4,proj_link_cloglog_n500,alternative,proj_null_link_n500,500,all,500,HL.G10,0.1,0.23,0.0188202019117756,0.25,0.088,0,0.23,""
4,proj_link_cloglog_n500,alternative,proj_null_link_n500,500,all,500,HL.Grule,0.01,0.022,0.00655987804764692,0.022,0.01,0,0.022,""
4,proj_link_cloglog_n500,alternative,proj_null_link_n500,500,all,500,HL.Grule,0.05,0.082,0.0122699633251286,0.098,0.04,0,0.082,""
4,proj_link_cloglog_n500,alternative,proj_null_link_n500,500,all,500,HL.Grule,0.1,0.158,0.0163117135825762,0.156,0.108,0,0.158,""
4,proj_link_cloglog_n500,alternative,proj_null_link_n500,500,all,500,HLF.G10,0.01,0.072,0.0115599307956406,0.062,0.012,0,0.072,""
4,proj_link_cloglog_n500,alternative,proj_null_link_n500,500,all,500,HLF.G10,0.05,0.21,0.018215378118502,0.21,0.05,0,0.21,""
4,proj_link_cloglog_n500,alternative,proj_null_link_n500,500,all,500,HLF.G10,0.1,0.336,0.0211236360506424,0.354,0.088,0,0.336,""
4,proj_link_cloglog_n500,alternative,proj_null_link_n500,500,all,500,HLF.Grule,0.01,0.036,0.0083311463797007,0.03,0.01,0,0.036,""
4,proj_link_cloglog_n500,alternative,proj_null_link_n500,500,all,500,HLF.Grule,0.05,0.152,0.0160559023415067,0.166,0.042,0,0.152,""
4,proj_link_cloglog_n500,alternative,proj_null_link_n500,500,all,500,HLF.Grule,0.1,0.256,0.0195173768729304,0.25,0.106,0,0.256,""
4,proj_link_cloglog_n500,alternative,proj_null_link_n500,500,all,500,Stk.joint,0.01,0.18,0.0171813852759316,0.154,0.014,0,0.18,""
4,proj_link_cloglog_n500,alternative,proj_null_link_n500,500,all,500,Stk.joint,0.05,0.434,0.0221650174825106,0.438,0.046,0,0.434,""
4,proj_link_cloglog_n500,alternative,proj_null_link_n500,500,all,500,Stk.joint,0.1,0.598,0.0219269696948758,0.556,0.116,0,0.598,""
4,proj_link_cloglog_n500,alternative,proj_null_link_n500,500,all,500,Stk.LR,0.01,0.27,0.0198544705293292,0.224,0.01,0,0.27,""
4,proj_link_cloglog_n500,alternative,proj_null_link_n500,500,all,500,Stk.LR,0.05,0.524,0.0223349054173059,0.514,0.054,0,0.524,""
4,proj_link_cloglog_n500,alternative,proj_null_link_n500,500,all,500,Stk.LR,0.1,0.672,0.020995999618975,0.628,0.122,0,0.672,""
4,proj_link_cloglog_n500,alternative,proj_null_link_n500,500,all,500,Stk.sym1,0.01,0.132,0.0151377673386798,0.148,0.008,0,0.132,""
4,proj_link_cloglog_n500,alternative,proj_null_link_n500,500,all,500,Stk.sym1,0.05,0.424,0.022100859711785,0.444,0.048,0,0.424,""
4,proj_link_cloglog_n500,alternative,proj_null_link_n500,500,all,500,Stk.sym1,0.1,0.606,0.021852414054287,0.576,0.114,0,0.606,""
4,proj_link_cloglog_n500,alternative,proj_null_link_n500,500,all,500,Stk.marg,0.01,0.338,0.0211544794310803,0.252,0.022,0,0.338,""
4,proj_link_cloglog_n500,alternative,proj_null_link_n500,500,all,500,Stk.marg,0.05,0.578,0.0220869192057199,0.474,0.086,0,0.578,""
4,proj_link_cloglog_n500,alternative,proj_null_link_n500,500,all,500,Stk.marg,0.1,0.702,0.0204546327270865,0.624,0.132,0,0.702,""
4,proj_link_cloglog_n500,alternative,proj_null_link_n500,500,all,500,GiViTI,0.01,0.304,0.0205710476155202,0.294,0.01,0,0.304,""
4,proj_link_cloglog_n500,alternative,proj_null_link_n500,500,all,500,GiViTI,0.05,0.57,0.0221404606998138,0.534,0.056,0,0.57,""
4,proj_link_cloglog_n500,alternative,proj_null_link_n500,500,all,500,GiViTI,0.1,0.73,0.0198544705293292,0.682,0.118,0,0.73,""
4,proj_link_cloglog_n500,alternative,proj_null_link_n500,500,all,500,GiViTI.t50,0.01,0.272,0.0199005527561422,0.268,0.012,0,0.272,""
4,proj_link_cloglog_n500,alternative,proj_null_link_n500,500,all,500,GiViTI.t50,0.05,0.542,0.0222816516443463,0.554,0.046,0,0.542,""
4,proj_link_cloglog_n500,alternative,proj_null_link_n500,500,all,500,GiViTI.t50,0.1,0.68,0.0208614476966485,0.674,0.102,0,0.68,""
4,proj_link_cloglog_n500,alternative,proj_null_link_n500,500,all,500,Cubic.LR,0.01,0.286,0.0202091068580479,0.386,0.008,0,0.286,""
4,proj_link_cloglog_n500,alternative,proj_null_link_n500,500,all,500,Cubic.LR,0.05,0.554,0.0222298897883008,0.572,0.038,0,0.554,""
4,proj_link_cloglog_n500,alternative,proj_null_link_n500,500,all,500,Cubic.LR,0.1,0.69,0.0206833266183175,0.69,0.098,0,0.69,""
4,proj_link_cloglog_n500,alternative,proj_null_link_n500,500,all,500,HL_w,0.01,0.09,0.0127984374046209,0.082,0.01,0,0.09,""
4,proj_link_cloglog_n500,alternative,proj_null_link_n500,500,all,500,HL_w,0.05,0.228,0.0187625158227781,0.25,0.046,0,0.228,""
4,proj_link_cloglog_n500,alternative,proj_null_link_n500,500,all,500,HL_w,0.1,0.344,0.0212444816364156,0.364,0.09,0,0.344,""
4,proj_link_cloglog_n500,alternative,proj_null_link_n500,500,all,500,PH,0.01,0.024,0.00684455988358638,0.04,0.004,0,0.024,""
4,proj_link_cloglog_n500,alternative,proj_null_link_n500,500,all,500,PH,0.05,0.102,0.0135348439222623,0.136,0.026,0,0.102,""
4,proj_link_cloglog_n500,alternative,proj_null_link_n500,500,all,500,PH,0.1,0.18,0.0171813852759316,0.264,0.066,0,0.18,""
4,proj_link_cloglog_n500,alternative,proj_null_link_n500,500,all,500,Tsiatis,0.01,0.03,0.00762889244910426,0.028,0.012,0,0.03,""
4,proj_link_cloglog_n500,alternative,proj_null_link_n500,500,all,500,Tsiatis,0.05,0.122,0.0146366662871024,0.13,0.044,0,0.122,""
4,proj_link_cloglog_n500,alternative,proj_null_link_n500,500,all,500,Tsiatis,0.1,0.214,0.0183414285157945,0.222,0.092,0,0.214,""
4,proj_link_cloglog_n500,alternative,proj_null_link_n500,500,all,500,Xie,0.01,0.022,0.00655987804764692,0.024,0.006,0,0.022,""
4,proj_link_cloglog_n500,alternative,proj_null_link_n500,500,all,500,Xie,0.05,0.096,0.0131745208641529,0.13,0.036,0,0.096,""
4,proj_link_cloglog_n500,alternative,proj_null_link_n500,500,all,500,Xie,0.1,0.166,0.0166399519230075,0.172,0.09,0,0.166,""
4,proj_link_cloglog_n500,alternative,proj_null_link_n500,500,all,500,PR,0.01,0.018,0.005945754788082,0.018,0.01,0,0.018,""
4,proj_link_cloglog_n500,alternative,proj_null_link_n500,500,all,500,PR,0.05,0.124,0.0147393351274744,0.11,0.068,0,0.124,""
4,proj_link_cloglog_n500,alternative,proj_null_link_n500,500,all,500,PR,0.1,0.23,0.0188202019117756,0.19,0.124,0,0.23,""
4,proj_link_cloglog_n500,alternative,proj_null_link_n500,500,all,500,proj,0.01,0.168,0.0167198086113448,0.126,0.018,0,0.168,""
4,proj_link_cloglog_n500,alternative,proj_null_link_n500,500,all,500,proj,0.05,0.362,0.0214921380974532,0.32,0.068,0,0.362,""
4,proj_link_cloglog_n500,alternative,proj_null_link_n500,500,all,500,proj,0.1,0.506,0.022359069748091,0.448,0.132,0,0.506,""
4,proj_link_cloglog_n1000,alternative,proj_null_link_n1000,1000,all,500,flag.evlt.G10,,0,,,,0,,flag rate: share of replicates with the flag = 1
4,proj_link_cloglog_n1000,alternative,proj_null_link_n1000,1000,all,500,flag.evlt.Grule,,0,,,,0,,flag rate: share of replicates with the flag = 1
4,proj_link_cloglog_n1000,alternative,proj_null_link_n1000,1000,all,500,flag.stk_half0,,0,,,,0,,flag rate: share of replicates with the flag = 1
4,proj_link_cloglog_n1000,alternative,proj_null_link_n1000,1000,all,500,flag.stk_diag,,0,,,,0,,flag rate: share of replicates with the flag = 1
4,proj_link_cloglog_n1000,alternative,proj_null_link_n1000,1000,all,500,flag.rivals_run,,1,,,,0,,flag rate: share of replicates with the flag = 1
4,proj_link_cloglog_n1000,alternative,proj_null_link_n1000,1000,all,500,flag.degenerate,,0,,,,0,,flag rate: share of replicates with the flag = 1
4,proj_link_cloglog_n1000,alternative,proj_null_link_n1000,1000,all,500,flag.info_guard,,0,,,,0,,flag rate: share of replicates with the flag = 1
4,proj_link_cloglog_n1000,alternative,proj_null_link_n1000,1000,all,500,flag.rep_error,,0,,,,0,,flag rate: share of replicates with the flag = 1
4,proj_link_cloglog_n1000,alternative,proj_null_link_n1000,1000,all,500,EDGE.poly3.u.G10,0.01,0.472,0.0223255906976725,0.51,0.006,0,0.472,""
4,proj_link_cloglog_n1000,alternative,proj_null_link_n1000,1000,all,500,EDGE.poly3.u.G10,0.05,0.772,0.0187625158227781,0.796,0.042,0,0.772,""
4,proj_link_cloglog_n1000,alternative,proj_null_link_n1000,1000,all,500,EDGE.poly3.u.G10,0.1,0.874,0.0148407546977908,0.908,0.082,0,0.874,""
4,proj_link_cloglog_n1000,alternative,proj_null_link_n1000,1000,all,500,EDGE.poly3.sc.G10,0.01,0.354,0.0213861637513604,0.398,0.004,0,0.354,""
4,proj_link_cloglog_n1000,alternative,proj_null_link_n1000,1000,all,500,EDGE.poly3.sc.G10,0.05,0.61,0.0218128402552258,0.612,0.046,0,0.61,""
4,proj_link_cloglog_n1000,alternative,proj_null_link_n1000,1000,all,500,EDGE.poly3.sc.G10,0.1,0.738,0.0196649942791754,0.74,0.094,0,0.738,""
4,proj_link_cloglog_n1000,alternative,proj_null_link_n1000,1000,all,500,EDGE.poly2.u.G10,0.01,0.558,0.0222097275985096,0.558,0.008,0,0.558,""
4,proj_link_cloglog_n1000,alternative,proj_null_link_n1000,1000,all,500,EDGE.poly2.u.G10,0.05,0.802,0.0178211110764733,0.838,0.036,0,0.802,""
4,proj_link_cloglog_n1000,alternative,proj_null_link_n1000,1000,all,500,EDGE.poly2.u.G10,0.1,0.884,0.0143208938268531,0.89,0.092,0,0.884,""
4,proj_link_cloglog_n1000,alternative,proj_null_link_n1000,1000,all,500,EDGE.poly2.sc.G10,0.01,0.378,0.0216848334095515,0.388,0.006,0,0.378,""
4,proj_link_cloglog_n1000,alternative,proj_null_link_n1000,1000,all,500,EDGE.poly2.sc.G10,0.05,0.64,0.021466252583998,0.668,0.04,0,0.64,""
4,proj_link_cloglog_n1000,alternative,proj_null_link_n1000,1000,all,500,EDGE.poly2.sc.G10,0.1,0.75,0.0193649167310371,0.75,0.1,0,0.75,""
4,proj_link_cloglog_n1000,alternative,proj_null_link_n1000,1000,all,500,EDGE.stk.u.G10,0.01,0.394,0.021852414054287,0.466,0.004,0,0.394,""
4,proj_link_cloglog_n1000,alternative,proj_null_link_n1000,1000,all,500,EDGE.stk.u.G10,0.05,0.752,0.0193130008025682,0.776,0.048,0,0.752,""
4,proj_link_cloglog_n1000,alternative,proj_null_link_n1000,1000,all,500,EDGE.stk.u.G10,0.1,0.872,0.0149409504383088,0.896,0.074,0,0.872,""
4,proj_link_cloglog_n1000,alternative,proj_null_link_n1000,1000,all,500,EDGE.stk.sc.G10,0.01,0.39,0.0218128402552258,0.438,0.006,0,0.39,""
4,proj_link_cloglog_n1000,alternative,proj_null_link_n1000,1000,all,500,EDGE.stk.sc.G10,0.05,0.698,0.0205327056181108,0.702,0.046,0,0.698,""
4,proj_link_cloglog_n1000,alternative,proj_null_link_n1000,1000,all,500,EDGE.stk.sc.G10,0.1,0.814,0.0174013792556797,0.818,0.096,0,0.814,""
4,proj_link_cloglog_n1000,alternative,proj_null_link_n1000,1000,all,500,EDGE.sym.u.G10,0.01,0.396,0.0218716254539986,0.422,0.004,0,0.396,""
4,proj_link_cloglog_n1000,alternative,proj_null_link_n1000,1000,all,500,EDGE.sym.u.G10,0.05,0.804,0.017752971582245,0.816,0.044,0,0.804,""
4,proj_link_cloglog_n1000,alternative,proj_null_link_n1000,1000,all,500,EDGE.sym.u.G10,0.1,0.904,0.0131745208641529,0.902,0.102,0,0.904,""
4,proj_link_cloglog_n1000,alternative,proj_null_link_n1000,1000,all,500,EDGE.sym.sc.G10,0.01,0.494,0.022359069748091,0.552,0.006,0,0.494,""
4,proj_link_cloglog_n1000,alternative,proj_null_link_n1000,1000,all,500,EDGE.sym.sc.G10,0.05,0.788,0.0182787308093314,0.78,0.05,0,0.788,""
4,proj_link_cloglog_n1000,alternative,proj_null_link_n1000,1000,all,500,EDGE.sym.sc.G10,0.1,0.882,0.0144274737913468,0.878,0.104,0,0.882,""
4,proj_link_cloglog_n1000,alternative,proj_null_link_n1000,1000,all,500,EDGE.poly3.u.Grule,0.01,0.516,0.0223492281745925,0.554,0.004,0,0.516,""
4,proj_link_cloglog_n1000,alternative,proj_null_link_n1000,1000,all,500,EDGE.poly3.u.Grule,0.05,0.792,0.0181513635851415,0.808,0.036,0,0.792,""
4,proj_link_cloglog_n1000,alternative,proj_null_link_n1000,1000,all,500,EDGE.poly3.u.Grule,0.1,0.89,0.0139928553197694,0.908,0.082,0,0.89,""
4,proj_link_cloglog_n1000,alternative,proj_null_link_n1000,1000,all,500,EDGE.poly3.sc.Grule,0.01,0.4,0.0219089023002066,0.476,0.004,0,0.4,""
4,proj_link_cloglog_n1000,alternative,proj_null_link_n1000,1000,all,500,EDGE.poly3.sc.Grule,0.05,0.668,0.0210606742532142,0.746,0.034,0,0.668,""
4,proj_link_cloglog_n1000,alternative,proj_null_link_n1000,1000,all,500,EDGE.poly3.sc.Grule,0.1,0.798,0.0179552777756291,0.83,0.068,0,0.798,""
4,proj_link_cloglog_n1000,alternative,proj_null_link_n1000,1000,all,500,EDGE.poly2.u.Grule,0.01,0.596,0.0219446576642243,0.652,0.006,0,0.596,""
4,proj_link_cloglog_n1000,alternative,proj_null_link_n1000,1000,all,500,EDGE.poly2.u.Grule,0.05,0.81,0.0175442298206561,0.86,0.038,0,0.81,""
4,proj_link_cloglog_n1000,alternative,proj_null_link_n1000,1000,all,500,EDGE.poly2.u.Grule,0.1,0.896,0.013651666564929,0.91,0.086,0,0.896,""
4,proj_link_cloglog_n1000,alternative,proj_null_link_n1000,1000,all,500,EDGE.poly2.sc.Grule,0.01,0.49,0.0223562071917398,0.504,0.006,0,0.49,""
4,proj_link_cloglog_n1000,alternative,proj_null_link_n1000,1000,all,500,EDGE.poly2.sc.Grule,0.05,0.762,0.0190449993436597,0.776,0.038,0,0.762,""
4,proj_link_cloglog_n1000,alternative,proj_null_link_n1000,1000,all,500,EDGE.poly2.sc.Grule,0.1,0.878,0.0146366662871024,0.892,0.08,0,0.878,""
4,proj_link_cloglog_n1000,alternative,proj_null_link_n1000,1000,all,500,EDGE.stk.u.Grule,0.01,0.364,0.021517620686312,0.34,0.01,0,0.364,""
4,proj_link_cloglog_n1000,alternative,proj_null_link_n1000,1000,all,500,EDGE.stk.u.Grule,0.05,0.758,0.0191539029965174,0.768,0.048,0,0.758,""
4,proj_link_cloglog_n1000,alternative,proj_null_link_n1000,1000,all,500,EDGE.stk.u.Grule,0.1,0.87,0.0150399468084166,0.892,0.07,0,0.87,""
4,proj_link_cloglog_n1000,alternative,proj_null_link_n1000,1000,all,500,EDGE.stk.sc.Grule,0.01,0.426,0.0221144296783797,0.506,0.008,0,0.426,""
4,proj_link_cloglog_n1000,alternative,proj_null_link_n1000,1000,all,500,EDGE.stk.sc.Grule,0.05,0.728,0.0199005527561422,0.802,0.036,0,0.728,""
4,proj_link_cloglog_n1000,alternative,proj_null_link_n1000,1000,all,500,EDGE.stk.sc.Grule,0.1,0.852,0.0158805541465026,0.888,0.07,0,0.852,""
4,proj_link_cloglog_n1000,alternative,proj_null_link_n1000,1000,all,500,EDGE.sym.u.Grule,0.01,0.332,0.0210606742532142,0.336,0.006,0,0.332,""
4,proj_link_cloglog_n1000,alternative,proj_null_link_n1000,1000,all,500,EDGE.sym.u.Grule,0.05,0.756,0.0192074985357282,0.802,0.042,0,0.756,""
4,proj_link_cloglog_n1000,alternative,proj_null_link_n1000,1000,all,500,EDGE.sym.u.Grule,0.1,0.896,0.013651666564929,0.912,0.084,0,0.896,""
4,proj_link_cloglog_n1000,alternative,proj_null_link_n1000,1000,all,500,EDGE.sym.sc.Grule,0.01,0.512,0.0223542389716134,0.538,0.006,0,0.512,""
4,proj_link_cloglog_n1000,alternative,proj_null_link_n1000,1000,all,500,EDGE.sym.sc.Grule,0.05,0.802,0.0178211110764733,0.824,0.044,0,0.802,""
4,proj_link_cloglog_n1000,alternative,proj_null_link_n1000,1000,all,500,EDGE.sym.sc.Grule,0.1,0.896,0.013651666564929,0.912,0.082,0,0.896,""
4,proj_link_cloglog_n1000,alternative,proj_null_link_n1000,1000,all,500,HL.G10,0.01,0.174,0.0169542914921267,0.232,0.006,0,0.174,""
4,proj_link_cloglog_n1000,alternative,proj_null_link_n1000,1000,all,500,HL.G10,0.05,0.406,0.0219619671250095,0.512,0.034,0,0.406,""
4,proj_link_cloglog_n1000,alternative,proj_null_link_n1000,1000,all,500,HL.G10,0.1,0.548,0.0222574032627349,0.6,0.066,0,0.548,""
4,proj_link_cloglog_n1000,alternative,proj_null_link_n1000,1000,all,500,HL.Grule,0.01,0.028,0.00737780455149091,0.024,0.01,0,0.028,""
4,proj_link_cloglog_n1000,alternative,proj_null_link_n1000,1000,all,500,HL.Grule,0.05,0.098,0.0132963152790538,0.116,0.042,0,0.098,""
4,proj_link_cloglog_n1000,alternative,proj_null_link_n1000,1000,all,500,HL.Grule,0.1,0.168,0.0167198086113448,0.188,0.088,0,0.168,""
4,proj_link_cloglog_n1000,alternative,proj_null_link_n1000,1000,all,500,HLF.G10,0.01,0.23,0.0188202019117756,0.302,0.006,0,0.23,""
4,proj_link_cloglog_n1000,alternative,proj_null_link_n1000,1000,all,500,HLF.G10,0.05,0.494,0.022359069748091,0.59,0.032,0,0.494,""
4,proj_link_cloglog_n1000,alternative,proj_null_link_n1000,1000,all,500,HLF.G10,0.1,0.646,0.0213861637513604,0.712,0.068,0,0.646,""
4,proj_link_cloglog_n1000,alternative,proj_null_link_n1000,1000,all,500,HLF.Grule,0.01,0.074,0.0117067501895274,0.072,0.01,0,0.074,""
4,proj_link_cloglog_n1000,alternative,proj_null_link_n1000,1000,all,500,HLF.Grule,0.05,0.202,0.0179552777756291,0.228,0.042,0,0.202,""
4,proj_link_cloglog_n1000,alternative,proj_null_link_n1000,1000,all,500,HLF.Grule,0.1,0.306,0.0206089301032344,0.334,0.086,0,0.306,""
4,proj_link_cloglog_n1000,alternative,proj_null_link_n1000,1000,all,500,Stk.joint,0.01,0.524,0.0223349054173059,0.59,0.006,0,0.524,""
4,proj_link_cloglog_n1000,alternative,proj_null_link_n1000,1000,all,500,Stk.joint,0.05,0.814,0.0174013792556797,0.824,0.046,0,0.814,""
4,proj_link_cloglog_n1000,alternative,proj_null_link_n1000,1000,all,500,Stk.joint,0.1,0.9,0.0134164078649987,0.912,0.082,0,0.9,""
4,proj_link_cloglog_n1000,alternative,proj_null_link_n1000,1000,all,500,Stk.LR,0.01,0.636,0.021517620686312,0.668,0.006,0,0.636,""
4,proj_link_cloglog_n1000,alternative,proj_null_link_n1000,1000,all,500,Stk.LR,0.05,0.86,0.0155177317930167,0.874,0.04,0,0.86,""
4,proj_link_cloglog_n1000,alternative,proj_null_link_n1000,1000,all,500,Stk.LR,0.1,0.912,0.0126693330526907,0.934,0.082,0,0.912,""
4,proj_link_cloglog_n1000,alternative,proj_null_link_n1000,1000,all,500,Stk.sym1,0.01,0.524,0.0223349054173059,0.574,0.006,0,0.524,""
4,proj_link_cloglog_n1000,alternative,proj_null_link_n1000,1000,all,500,Stk.sym1,0.05,0.802,0.0178211110764733,0.842,0.04,0,0.802,""
4,proj_link_cloglog_n1000,alternative,proj_null_link_n1000,1000,all,500,Stk.sym1,0.1,0.894,0.0137669168661687,0.896,0.088,0,0.894,""
4,proj_link_cloglog_n1000,alternative,proj_null_link_n1000,1000,all,500,Stk.marg,0.01,0.702,0.0204546327270865,0.694,0.01,0,0.702,""
4,proj_link_cloglog_n1000,alternative,proj_null_link_n1000,1000,all,500,Stk.marg,0.05,0.87,0.0150399468084166,0.854,0.056,0,0.87,""
4,proj_link_cloglog_n1000,alternative,proj_null_link_n1000,1000,all,500,Stk.marg,0.1,0.93,0.0114105214604767,0.932,0.096,0,0.93,""
4,proj_link_cloglog_n1000,alternative,proj_null_link_n1000,1000,all,500,GiViTI,0.01,0.66,0.0211849002829846,0.774,0.006,0,0.66,""
4,proj_link_cloglog_n1000,alternative,proj_null_link_n1000,1000,all,500,GiViTI,0.05,0.866,0.0152344346793703,0.892,0.038,0,0.866,""
4,proj_link_cloglog_n1000,alternative,proj_null_link_n1000,1000,all,500,GiViTI,0.1,0.924,0.0118510759005248,0.944,0.078,0,0.924,""
4,proj_link_cloglog_n1000,alternative,proj_null_link_n1000,1000,all,500,GiViTI.t50,0.01,0.602,0.0218904545407353,0.566,0.01,0,0.602,""
4,proj_link_cloglog_n1000,alternative,proj_null_link_n1000,1000,all,500,GiViTI.t50,0.05,0.83,0.016798809481627,0.85,0.042,0,0.83,""
4,proj_link_cloglog_n1000,alternative,proj_null_link_n1000,1000,all,500,GiViTI.t50,0.1,0.906,0.0130509769749241,0.916,0.084,0,0.906,""
4,proj_link_cloglog_n1000,alternative,proj_null_link_n1000,1000,all,500,Cubic.LR,0.01,0.652,0.0213023942316351,0.724,0.006,0,0.652,""
4,proj_link_cloglog_n1000,alternative,proj_null_link_n1000,1000,all,500,Cubic.LR,0.05,0.862,0.01542439626047,0.9,0.034,0,0.862,""
4,proj_link_cloglog_n1000,alternative,proj_null_link_n1000,1000,all,500,Cubic.LR,0.1,0.922,0.0119929979571415,0.94,0.078,0,0.922,""
4,proj_link_cloglog_n1000,alternative,proj_null_link_n1000,1000,all,500,HL_w,0.01,0.244,0.0192074985357282,0.268,0.006,0,0.244,""
4,proj_link_cloglog_n1000,alternative,proj_null_link_n1000,1000,all,500,HL_w,0.05,0.472,0.0223255906976725,0.53,0.03,0,0.472,""
4,proj_link_cloglog_n1000,alternative,proj_null_link_n1000,1000,all,500,HL_w,0.1,0.586,0.0220274374360705,0.662,0.07,0,0.586,""
4,proj_link_cloglog_n1000,alternative,proj_null_link_n1000,1000,all,500,PH,0.01,0.124,0.0147393351274744,0.238,0.004,0,0.124,""
4,proj_link_cloglog_n1000,alternative,proj_null_link_n1000,1000,all,500,PH,0.05,0.332,0.0210606742532142,0.514,0.018,0,0.332,""
4,proj_link_cloglog_n1000,alternative,proj_null_link_n1000,1000,all,500,PH,0.1,0.468,0.0223148381127894,0.604,0.04,0,0.468,""
4,proj_link_cloglog_n1000,alternative,proj_null_link_n1000,1000,all,500,Tsiatis,0.01,0.162,0.016477621187538,0.144,0.01,0,0.162,""
4,proj_link_cloglog_n1000,alternative,proj_null_link_n1000,1000,all,500,Tsiatis,0.05,0.388,0.0217924757657316,0.384,0.05,0,0.388,""
4,proj_link_cloglog_n1000,alternative,proj_null_link_n1000,1000,all,500,Tsiatis,0.1,0.522,0.0223390241505756,0.566,0.082,0,0.522,""
4,proj_link_cloglog_n1000,alternative,proj_null_link_n1000,1000,all,500,Xie,0.01,0.106,0.0137669168661687,0.144,0.006,0,0.106,""
4,proj_link_cloglog_n1000,alternative,proj_null_link_n1000,1000,all,500,Xie,0.05,0.274,0.0199461274436919,0.346,0.028,0,0.274,""
4,proj_link_cloglog_n1000,alternative,proj_null_link_n1000,1000,all,500,Xie,0.1,0.42,0.0220726074581142,0.486,0.074,0,0.42,""
4,proj_link_cloglog_n1000,alternative,proj_null_link_n1000,1000,all,500,PR,0.01,0.044,0.00917213170424411,0.04,0.01,0,0.044,""
4,proj_link_cloglog_n1000,alternative,proj_null_link_n1000,1000,all,500,PR,0.05,0.204,0.0180213207063189,0.158,0.074,0,0.204,""
4,proj_link_cloglog_n1000,alternative,proj_null_link_n1000,1000,all,500,PR,0.1,0.358,0.0214399626865347,0.268,0.136,0,0.358,""
4,proj_link_cloglog_n1000,alternative,proj_null_link_n1000,1000,all,500,proj,0.01,0.45,0.022248595461287,0.502,0.006,0,0.45,""
4,proj_link_cloglog_n1000,alternative,proj_null_link_n1000,1000,all,500,proj,0.05,0.692,0.0206463556106156,0.726,0.048,0,0.692,""
4,proj_link_cloglog_n1000,alternative,proj_null_link_n1000,1000,all,500,proj,0.1,0.794,0.0180866801818355,0.794,0.1,0,0.794,""
4,proj_link_probit_n500,alternative,proj_null_link_n500,500,all,500,flag.evlt.G10,,0,,,,0,,flag rate: share of replicates with the flag = 1
4,proj_link_probit_n500,alternative,proj_null_link_n500,500,all,500,flag.evlt.Grule,,0,,,,0,,flag rate: share of replicates with the flag = 1
4,proj_link_probit_n500,alternative,proj_null_link_n500,500,all,500,flag.stk_half0,,0,,,,0,,flag rate: share of replicates with the flag = 1
4,proj_link_probit_n500,alternative,proj_null_link_n500,500,all,500,flag.stk_diag,,0,,,,0,,flag rate: share of replicates with the flag = 1
4,proj_link_probit_n500,alternative,proj_null_link_n500,500,all,500,flag.rivals_run,,1,,,,0,,flag rate: share of replicates with the flag = 1
4,proj_link_probit_n500,alternative,proj_null_link_n500,500,all,500,flag.degenerate,,0,,,,0,,flag rate: share of replicates with the flag = 1
4,proj_link_probit_n500,alternative,proj_null_link_n500,500,all,500,flag.info_guard,,0,,,,0,,flag rate: share of replicates with the flag = 1
4,proj_link_probit_n500,alternative,proj_null_link_n500,500,all,500,flag.rep_error,,0,,,,0,,flag rate: share of replicates with the flag = 1
4,proj_link_probit_n500,alternative,proj_null_link_n500,500,all,500,EDGE.poly3.u.G10,0.01,0.014,0.00525433154644813,0.016,0.008,0,0.014,""
4,proj_link_probit_n500,alternative,proj_null_link_n500,500,all,500,EDGE.poly3.u.G10,0.05,0.08,0.0121326007104825,0.07,0.068,0,0.08,""
4,proj_link_probit_n500,alternative,proj_null_link_n500,500,all,500,EDGE.poly3.u.G10,0.1,0.128,0.0149409504383088,0.1,0.114,0,0.128,""
4,proj_link_probit_n500,alternative,proj_null_link_n500,500,all,500,EDGE.poly3.sc.G10,0.01,0.016,0.00561141693336006,0.018,0.008,0,0.016,""
4,proj_link_probit_n500,alternative,proj_null_link_n500,500,all,500,EDGE.poly3.sc.G10,0.05,0.074,0.0117067501895274,0.074,0.05,0,0.074,""
4,proj_link_probit_n500,alternative,proj_null_link_n500,500,all,500,EDGE.poly3.sc.G10,0.1,0.126,0.0148407546977908,0.124,0.112,0,0.126,""
4,proj_link_probit_n500,alternative,proj_null_link_n500,500,all,500,EDGE.poly2.u.G10,0.01,0.018,0.005945754788082,0.018,0.008,0,0.018,""
4,proj_link_probit_n500,alternative,proj_null_link_n500,500,all,500,EDGE.poly2.u.G10,0.05,0.07,0.0114105214604767,0.05,0.062,0,0.07,""
4,proj_link_probit_n500,alternative,proj_null_link_n500,500,all,500,EDGE.poly2.u.G10,0.1,0.102,0.0135348439222623,0.096,0.104,0,0.102,""
4,proj_link_probit_n500,alternative,proj_null_link_n500,500,all,500,EDGE.poly2.sc.G10,0.01,0.02,0.00626099033699941,0.022,0.008,0,0.02,""
4,proj_link_probit_n500,alternative,proj_null_link_n500,500,all,500,EDGE.poly2.sc.G10,0.05,0.058,0.0104533248299285,0.058,0.052,0,0.058,""
4,proj_link_probit_n500,alternative,proj_null_link_n500,500,all,500,EDGE.poly2.sc.G10,0.1,0.11,0.0139928553197694,0.102,0.106,0,0.11,""
4,proj_link_probit_n500,alternative,proj_null_link_n500,500,all,500,EDGE.stk.u.G10,0.01,0.006,0.00345369367489359,0.006,0.008,0,0.006,""
4,proj_link_probit_n500,alternative,proj_null_link_n500,500,all,500,EDGE.stk.u.G10,0.05,0.052,0.00992935043192655,0.028,0.064,0,0.052,""
4,proj_link_probit_n500,alternative,proj_null_link_n500,500,all,500,EDGE.stk.u.G10,0.1,0.112,0.014103616557465,0.106,0.102,0,0.112,""
4,proj_link_probit_n500,alternative,proj_null_link_n500,500,all,500,EDGE.stk.sc.G10,0.01,0.016,0.00561141693336006,0.028,0.008,0,0.016,""
4,proj_link_probit_n500,alternative,proj_null_link_n500,500,all,500,EDGE.stk.sc.G10,0.05,0.074,0.0117067501895274,0.07,0.052,0,0.074,""
4,proj_link_probit_n500,alternative,proj_null_link_n500,500,all,500,EDGE.stk.sc.G10,0.1,0.124,0.0147393351274744,0.118,0.102,0,0.124,""
4,proj_link_probit_n500,alternative,proj_null_link_n500,500,all,500,EDGE.sym.u.G10,0.01,0.004,0.00282276460230038,0.01,0.006,0,0.004,""
4,proj_link_probit_n500,alternative,proj_null_link_n500,500,all,500,EDGE.sym.u.G10,0.05,0.04,0.00876356092008266,0.034,0.058,0,0.04,""
4,proj_link_probit_n500,alternative,proj_null_link_n500,500,all,500,EDGE.sym.u.G10,0.1,0.112,0.014103616557465,0.112,0.102,0,0.112,""
4,proj_link_probit_n500,alternative,proj_null_link_n500,500,all,500,EDGE.sym.sc.G10,0.01,0.012,0.00486949689393062,0.006,0.01,0,0.012,""
4,proj_link_probit_n500,alternative,proj_null_link_n500,500,all,500,EDGE.sym.sc.G10,0.05,0.064,0.0109456840809517,0.046,0.056,0,0.064,""
4,proj_link_probit_n500,alternative,proj_null_link_n500,500,all,500,EDGE.sym.sc.G10,0.1,0.11,0.0139928553197694,0.106,0.102,0,0.11,""
4,proj_link_probit_n500,alternative,proj_null_link_n500,500,all,500,EDGE.poly3.u.Grule,0.01,0.008,0.0039839678713564,0.006,0.014,0,0.008,""
4,proj_link_probit_n500,alternative,proj_null_link_n500,500,all,500,EDGE.poly3.u.Grule,0.05,0.072,0.0115599307956406,0.08,0.042,0,0.072,""
4,proj_link_probit_n500,alternative,proj_null_link_n500,500,all,500,EDGE.poly3.u.Grule,0.1,0.122,0.0146366662871024,0.096,0.124,0,0.122,""
4,proj_link_probit_n500,alternative,proj_null_link_n500,500,all,500,EDGE.poly3.sc.Grule,0.01,0.006,0.00345369367489359,0.008,0.004,0,0.006,""
4,proj_link_probit_n500,alternative,proj_null_link_n500,500,all,500,EDGE.poly3.sc.Grule,0.05,0.06,0.0106207344378814,0.054,0.056,0,0.06,""
4,proj_link_probit_n500,alternative,proj_null_link_n500,500,all,500,EDGE.poly3.sc.Grule,0.1,0.116,0.0143208938268531,0.102,0.11,0,0.116,""
4,proj_link_probit_n500,alternative,proj_null_link_n500,500,all,500,EDGE.poly2.u.Grule,0.01,0.014,0.00525433154644813,0.018,0.006,0,0.014,""
4,proj_link_probit_n500,alternative,proj_null_link_n500,500,all,500,EDGE.poly2.u.Grule,0.05,0.06,0.0106207344378814,0.052,0.058,0,0.06,""
4,proj_link_probit_n500,alternative,proj_null_link_n500,500,all,500,EDGE.poly2.u.Grule,0.1,0.102,0.0135348439222623,0.09,0.118,0,0.102,""
4,proj_link_probit_n500,alternative,proj_null_link_n500,500,all,500,EDGE.poly2.sc.Grule,0.01,0.012,0.00486949689393062,0.012,0.008,0,0.012,""
4,proj_link_probit_n500,alternative,proj_null_link_n500,500,all,500,EDGE.poly2.sc.Grule,0.05,0.062,0.0107848041243223,0.06,0.054,0,0.062,""
4,proj_link_probit_n500,alternative,proj_null_link_n500,500,all,500,EDGE.poly2.sc.Grule,0.1,0.104,0.013651666564929,0.1,0.104,0,0.104,""
4,proj_link_probit_n500,alternative,proj_null_link_n500,500,all,500,EDGE.stk.u.Grule,0.01,0.004,0.00282276460230038,0.004,0.01,0,0.004,""
4,proj_link_probit_n500,alternative,proj_null_link_n500,500,all,500,EDGE.stk.u.Grule,0.05,0.044,0.00917213170424411,0.058,0.044,0,0.044,""
4,proj_link_probit_n500,alternative,proj_null_link_n500,500,all,500,EDGE.stk.u.Grule,0.1,0.088,0.0126693330526907,0.082,0.108,0,0.088,""
4,proj_link_probit_n500,alternative,proj_null_link_n500,500,all,500,EDGE.stk.sc.Grule,0.01,0.01,0.0044497190922574,0.012,0.006,0,0.01,""
4,proj_link_probit_n500,alternative,proj_null_link_n500,500,all,500,EDGE.stk.sc.Grule,0.05,0.058,0.0104533248299285,0.054,0.056,0,0.058,""
4,proj_link_probit_n500,alternative,proj_null_link_n500,500,all,500,EDGE.stk.sc.Grule,0.1,0.116,0.0143208938268531,0.108,0.102,0,0.116,""
4,proj_link_probit_n500,alternative,proj_null_link_n500,500,all,500,EDGE.sym.u.Grule,0.01,0.004,0.00282276460230038,0,0.012,0,0.004,""
4,proj_link_probit_n500,alternative,proj_null_link_n500,500,all,500,EDGE.sym.u.Grule,0.05,0.046,0.00936845771725528,0.052,0.042,0,0.046,""
4,proj_link_probit_n500,alternative,proj_null_link_n500,500,all,500,EDGE.sym.u.Grule,0.1,0.108,0.0138806339912844,0.084,0.114,0,0.108,""
4,proj_link_probit_n500,alternative,proj_null_link_n500,500,all,500,EDGE.sym.sc.Grule,0.01,0.016,0.00561141693336006,0.01,0.01,0,0.016,""
4,proj_link_probit_n500,alternative,proj_null_link_n500,500,all,500,EDGE.sym.sc.Grule,0.05,0.056,0.0102824121683582,0.044,0.064,0,0.056,""
4,proj_link_probit_n500,alternative,proj_null_link_n500,500,all,500,EDGE.sym.sc.Grule,0.1,0.126,0.0148407546977908,0.098,0.13,0,0.126,""
4,proj_link_probit_n500,alternative,proj_null_link_n500,500,all,500,HL.G10,0.01,0.01,0.0044497190922574,0.008,0.01,0,0.01,""
4,proj_link_probit_n500,alternative,proj_null_link_n500,500,all,500,HL.G10,0.05,0.048,0.00955991631762538,0.048,0.05,0,0.048,""
4,proj_link_probit_n500,alternative,proj_null_link_n500,500,all,500,HL.G10,0.1,0.108,0.0138806339912844,0.122,0.088,0,0.108,""
4,proj_link_probit_n500,alternative,proj_null_link_n500,500,all,500,HL.Grule,0.01,0.004,0.00282276460230038,0.004,0.01,0,0.004,""
4,proj_link_probit_n500,alternative,proj_null_link_n500,500,all,500,HL.Grule,0.05,0.046,0.00936845771725528,0.052,0.04,0,0.046,""
4,proj_link_probit_n500,alternative,proj_null_link_n500,500,all,500,HL.Grule,0.1,0.088,0.0126693330526907,0.088,0.108,0,0.088,""
4,proj_link_probit_n500,alternative,proj_null_link_n500,500,all,500,HLF.G10,0.01,0.01,0.0044497190922574,0.01,0.012,0,0.01,""
4,proj_link_probit_n500,alternative,proj_null_link_n500,500,all,500,HLF.G10,0.05,0.056,0.0102824121683582,0.056,0.05,0,0.056,""
4,proj_link_probit_n500,alternative,proj_null_link_n500,500,all,500,HLF.G10,0.1,0.122,0.0146366662871024,0.128,0.088,0,0.122,""
4,proj_link_probit_n500,alternative,proj_null_link_n500,500,all,500,HLF.Grule,0.01,0.006,0.00345369367489359,0.006,0.01,0,0.006,""
4,proj_link_probit_n500,alternative,proj_null_link_n500,500,all,500,HLF.Grule,0.05,0.056,0.0102824121683582,0.062,0.042,0,0.056,""
4,proj_link_probit_n500,alternative,proj_null_link_n500,500,all,500,HLF.Grule,0.1,0.108,0.0138806339912844,0.104,0.106,0,0.108,""
4,proj_link_probit_n500,alternative,proj_null_link_n500,500,all,500,Stk.joint,0.01,0.012,0.00486949689393062,0.01,0.014,0,0.012,""
4,proj_link_probit_n500,alternative,proj_null_link_n500,500,all,500,Stk.joint,0.05,0.064,0.0109456840809517,0.064,0.046,0,0.064,""
4,proj_link_probit_n500,alternative,proj_null_link_n500,500,all,500,Stk.joint,0.1,0.12,0.014532721699668,0.108,0.116,0,0.12,""
4,proj_link_probit_n500,alternative,proj_null_link_n500,500,all,500,Stk.LR,0.01,0.028,0.00737780455149091,0.014,0.01,0,0.028,""
4,proj_link_probit_n500,alternative,proj_null_link_n500,500,all,500,Stk.LR,0.05,0.08,0.0121326007104825,0.08,0.054,0,0.08,""
4,proj_link_probit_n500,alternative,proj_null_link_n500,500,all,500,Stk.LR,0.1,0.142,0.0156099967969247,0.128,0.122,0,0.142,""
4,proj_link_probit_n500,alternative,proj_null_link_n500,500,all,500,Stk.sym1,0.01,0.012,0.00486949689393062,0.016,0.008,0,0.012,""
4,proj_link_probit_n500,alternative,proj_null_link_n500,500,all,500,Stk.sym1,0.05,0.056,0.0102824121683582,0.058,0.048,0,0.056,""
4,proj_link_probit_n500,alternative,proj_null_link_n500,500,all,500,Stk.sym1,0.1,0.102,0.0135348439222623,0.092,0.114,0,0.102,""
4,proj_link_probit_n500,alternative,proj_null_link_n500,500,all,500,Stk.marg,0.01,0.026,0.00711674082709213,0.014,0.022,0,0.026,""
4,proj_link_probit_n500,alternative,proj_null_link_n500,500,all,500,Stk.marg,0.05,0.074,0.0117067501895274,0.06,0.086,0,0.074,""
4,proj_link_probit_n500,alternative,proj_null_link_n500,500,all,500,Stk.marg,0.1,0.114,0.0142129518397833,0.086,0.132,0,0.114,""
4,proj_link_probit_n500,alternative,proj_null_link_n500,500,all,500,GiViTI,0.01,0.022,0.00655987804764692,0.022,0.01,0,0.022,""
4,proj_link_probit_n500,alternative,proj_null_link_n500,500,all,500,GiViTI,0.05,0.07,0.0114105214604767,0.064,0.056,0,0.07,""
4,proj_link_probit_n500,alternative,proj_null_link_n500,500,all,500,GiViTI,0.1,0.116,0.0143208938268531,0.094,0.118,0,0.116,""
4,proj_link_probit_n500,alternative,proj_null_link_n500,500,all,500,GiViTI.t50,0.01,0.028,0.00737780455149091,0.022,0.012,0,0.028,""
4,proj_link_probit_n500,alternative,proj_null_link_n500,500,all,500,GiViTI.t50,0.05,0.076,0.0118510759005248,0.078,0.046,0,0.076,""
4,proj_link_probit_n500,alternative,proj_null_link_n500,500,all,500,GiViTI.t50,0.1,0.136,0.0153299706457645,0.136,0.102,0,0.136,""
4,proj_link_probit_n500,alternative,proj_null_link_n500,500,all,500,Cubic.LR,0.01,0.022,0.00655987804764692,0.044,0.008,0,0.022,""
4,proj_link_probit_n500,alternative,proj_null_link_n500,500,all,500,Cubic.LR,0.05,0.08,0.0121326007104825,0.088,0.038,0,0.08,""
4,proj_link_probit_n500,alternative,proj_null_link_n500,500,all,500,Cubic.LR,0.1,0.15,0.0159687194226713,0.15,0.098,0,0.15,""
4,proj_link_probit_n500,alternative,proj_null_link_n500,500,all,500,HL_w,0.01,0.02,0.00626099033699941,0.018,0.01,0,0.02,""
4,proj_link_probit_n500,alternative,proj_null_link_n500,500,all,500,HL_w,0.05,0.066,0.0111035129576184,0.068,0.046,0,0.066,""
4,proj_link_probit_n500,alternative,proj_null_link_n500,500,all,500,HL_w,0.1,0.092,0.01292563344676,0.108,0.09,0,0.092,""
4,proj_link_probit_n500,alternative,proj_null_link_n500,500,all,500,PH,0.01,0.006,0.00345369367489359,0.008,0.004,0,0.006,""
4,proj_link_probit_n500,alternative,proj_null_link_n500,500,all,500,PH,0.05,0.034,0.00810481338464989,0.048,0.026,0,0.034,""
4,proj_link_probit_n500,alternative,proj_null_link_n500,500,all,500,PH,0.1,0.066,0.0111035129576184,0.122,0.066,0,0.066,""
4,proj_link_probit_n500,alternative,proj_null_link_n500,500,all,500,Tsiatis,0.01,0.016,0.00561141693336006,0.016,0.012,0,0.016,""
4,proj_link_probit_n500,alternative,proj_null_link_n500,500,all,500,Tsiatis,0.05,0.042,0.00897061870775924,0.046,0.044,0,0.042,""
4,proj_link_probit_n500,alternative,proj_null_link_n500,500,all,500,Tsiatis,0.1,0.086,0.0125382614424808,0.092,0.092,0,0.086,""
4,proj_link_probit_n500,alternative,proj_null_link_n500,500,all,500,Xie,0.01,0,0,0,0.006,0,0,""
4,proj_link_probit_n500,alternative,proj_null_link_n500,500,all,500,Xie,0.05,0.02,0.00626099033699941,0.028,0.036,0,0.02,""
4,proj_link_probit_n500,alternative,proj_null_link_n500,500,all,500,Xie,0.1,0.052,0.00992935043192655,0.054,0.09,0,0.052,""
4,proj_link_probit_n500,alternative,proj_null_link_n500,500,all,500,PR,0.01,0.008,0.0039839678713564,0.006,0.01,0,0.008,""
4,proj_link_probit_n500,alternative,proj_null_link_n500,500,all,500,PR,0.05,0.05,0.00974679434480896,0.04,0.068,0,0.05,""
4,proj_link_probit_n500,alternative,proj_null_link_n500,500,all,500,PR,0.1,0.1,0.0134164078649987,0.082,0.124,0,0.1,""
4,proj_link_probit_n500,alternative,proj_null_link_n500,500,all,500,proj,0.01,0.012,0.00486949689393062,0.01,0.018,0,0.012,""
4,proj_link_probit_n500,alternative,proj_null_link_n500,500,all,500,proj,0.05,0.062,0.0107848041243223,0.044,0.068,0,0.062,""
4,proj_link_probit_n500,alternative,proj_null_link_n500,500,all,500,proj,0.1,0.116,0.0143208938268531,0.1,0.132,0,0.116,""
4,proj_link_probit_n1000,alternative,proj_null_link_n1000,1000,all,500,flag.evlt.G10,,0,,,,0,,flag rate: share of replicates with the flag = 1
4,proj_link_probit_n1000,alternative,proj_null_link_n1000,1000,all,500,flag.evlt.Grule,,0,,,,0,,flag rate: share of replicates with the flag = 1
4,proj_link_probit_n1000,alternative,proj_null_link_n1000,1000,all,500,flag.stk_half0,,0,,,,0,,flag rate: share of replicates with the flag = 1
4,proj_link_probit_n1000,alternative,proj_null_link_n1000,1000,all,500,flag.stk_diag,,0,,,,0,,flag rate: share of replicates with the flag = 1
4,proj_link_probit_n1000,alternative,proj_null_link_n1000,1000,all,500,flag.rivals_run,,1,,,,0,,flag rate: share of replicates with the flag = 1
4,proj_link_probit_n1000,alternative,proj_null_link_n1000,1000,all,500,flag.degenerate,,0,,,,0,,flag rate: share of replicates with the flag = 1
4,proj_link_probit_n1000,alternative,proj_null_link_n1000,1000,all,500,flag.info_guard,,0,,,,0,,flag rate: share of replicates with the flag = 1
4,proj_link_probit_n1000,alternative,proj_null_link_n1000,1000,all,500,flag.rep_error,,0,,,,0,,flag rate: share of replicates with the flag = 1
4,proj_link_probit_n1000,alternative,proj_null_link_n1000,1000,all,500,EDGE.poly3.u.G10,0.01,0.022,0.00655987804764692,0.032,0.006,0,0.022,""
4,proj_link_probit_n1000,alternative,proj_null_link_n1000,1000,all,500,EDGE.poly3.u.G10,0.05,0.084,0.0124051602166195,0.092,0.042,0,0.084,""
4,proj_link_probit_n1000,alternative,proj_null_link_n1000,1000,all,500,EDGE.poly3.u.G10,0.1,0.156,0.0162273842624127,0.184,0.082,0,0.156,""
4,proj_link_probit_n1000,alternative,proj_null_link_n1000,1000,all,500,EDGE.poly3.sc.G10,0.01,0.024,0.00684455988358638,0.03,0.004,0,0.024,""
4,proj_link_probit_n1000,alternative,proj_null_link_n1000,1000,all,500,EDGE.poly3.sc.G10,0.05,0.086,0.0125382614424808,0.086,0.046,0,0.086,""
4,proj_link_probit_n1000,alternative,proj_null_link_n1000,1000,all,500,EDGE.poly3.sc.G10,0.1,0.138,0.01542439626047,0.138,0.094,0,0.138,""
4,proj_link_probit_n1000,alternative,proj_null_link_n1000,1000,all,500,EDGE.poly2.u.G10,0.01,0.008,0.0039839678713564,0.008,0.008,0,0.008,""
4,proj_link_probit_n1000,alternative,proj_null_link_n1000,1000,all,500,EDGE.poly2.u.G10,0.05,0.058,0.0104533248299285,0.084,0.036,0,0.058,""
4,proj_link_probit_n1000,alternative,proj_null_link_n1000,1000,all,500,EDGE.poly2.u.G10,0.1,0.112,0.014103616557465,0.12,0.092,0,0.112,""
4,proj_link_probit_n1000,alternative,proj_null_link_n1000,1000,all,500,EDGE.poly2.sc.G10,0.01,0.024,0.00684455988358638,0.024,0.006,0,0.024,""
4,proj_link_probit_n1000,alternative,proj_null_link_n1000,1000,all,500,EDGE.poly2.sc.G10,0.05,0.084,0.0124051602166195,0.102,0.04,0,0.084,""
4,proj_link_probit_n1000,alternative,proj_null_link_n1000,1000,all,500,EDGE.poly2.sc.G10,0.1,0.158,0.0163117135825762,0.158,0.1,0,0.158,""
4,proj_link_probit_n1000,alternative,proj_null_link_n1000,1000,all,500,EDGE.stk.u.G10,0.01,0.014,0.00525433154644813,0.02,0.004,0,0.014,""
4,proj_link_probit_n1000,alternative,proj_null_link_n1000,1000,all,500,EDGE.stk.u.G10,0.05,0.082,0.0122699633251286,0.092,0.048,0,0.082,""
4,proj_link_probit_n1000,alternative,proj_null_link_n1000,1000,all,500,EDGE.stk.u.G10,0.1,0.154,0.016142118820031,0.178,0.074,0,0.154,""
4,proj_link_probit_n1000,alternative,proj_null_link_n1000,1000,all,500,EDGE.stk.sc.G10,0.01,0.01,0.0044497190922574,0.012,0.006,0,0.01,""
4,proj_link_probit_n1000,alternative,proj_null_link_n1000,1000,all,500,EDGE.stk.sc.G10,0.05,0.088,0.0126693330526907,0.09,0.046,0,0.088,""
4,proj_link_probit_n1000,alternative,proj_null_link_n1000,1000,all,500,EDGE.stk.sc.G10,0.1,0.138,0.01542439626047,0.138,0.096,0,0.138,""
4,proj_link_probit_n1000,alternative,proj_null_link_n1000,1000,all,500,EDGE.sym.u.G10,0.01,0.008,0.0039839678713564,0.01,0.004,0,0.008,""
4,proj_link_probit_n1000,alternative,proj_null_link_n1000,1000,all,500,EDGE.sym.u.G10,0.05,0.074,0.0117067501895274,0.076,0.044,0,0.074,""
4,proj_link_probit_n1000,alternative,proj_null_link_n1000,1000,all,500,EDGE.sym.u.G10,0.1,0.152,0.0160559023415067,0.152,0.102,0,0.152,""
4,proj_link_probit_n1000,alternative,proj_null_link_n1000,1000,all,500,EDGE.sym.sc.G10,0.01,0.01,0.0044497190922574,0.016,0.006,0,0.01,""
4,proj_link_probit_n1000,alternative,proj_null_link_n1000,1000,all,500,EDGE.sym.sc.G10,0.05,0.082,0.0122699633251286,0.078,0.05,0,0.082,""
4,proj_link_probit_n1000,alternative,proj_null_link_n1000,1000,all,500,EDGE.sym.sc.G10,0.1,0.156,0.0162273842624127,0.154,0.104,0,0.156,""
4,proj_link_probit_n1000,alternative,proj_null_link_n1000,1000,all,500,EDGE.poly3.u.Grule,0.01,0.02,0.00626099033699941,0.026,0.004,0,0.02,""
4,proj_link_probit_n1000,alternative,proj_null_link_n1000,1000,all,500,EDGE.poly3.u.Grule,0.05,0.084,0.0124051602166195,0.088,0.036,0,0.084,""
4,proj_link_probit_n1000,alternative,proj_null_link_n1000,1000,all,500,EDGE.poly3.u.Grule,0.1,0.15,0.0159687194226713,0.19,0.082,0,0.15,""
4,proj_link_probit_n1000,alternative,proj_null_link_n1000,1000,all,500,EDGE.poly3.sc.Grule,0.01,0.032,0.00787095928079926,0.04,0.004,0,0.032,""
4,proj_link_probit_n1000,alternative,proj_null_link_n1000,1000,all,500,EDGE.poly3.sc.Grule,0.05,0.1,0.0134164078649987,0.122,0.034,0,0.1,""
4,proj_link_probit_n1000,alternative,proj_null_link_n1000,1000,all,500,EDGE.poly3.sc.Grule,0.1,0.15,0.0159687194226713,0.17,0.068,0,0.15,""
4,proj_link_probit_n1000,alternative,proj_null_link_n1000,1000,all,500,EDGE.poly2.u.Grule,0.01,0.006,0.00345369367489359,0.016,0.006,0,0.006,""
4,proj_link_probit_n1000,alternative,proj_null_link_n1000,1000,all,500,EDGE.poly2.u.Grule,0.05,0.054,0.0101078187557949,0.064,0.038,0,0.054,""
4,proj_link_probit_n1000,alternative,proj_null_link_n1000,1000,all,500,EDGE.poly2.u.Grule,0.1,0.092,0.01292563344676,0.102,0.086,0,0.092,""
4,proj_link_probit_n1000,alternative,proj_null_link_n1000,1000,all,500,EDGE.poly2.sc.Grule,0.01,0.022,0.00655987804764692,0.026,0.006,0,0.022,""
4,proj_link_probit_n1000,alternative,proj_null_link_n1000,1000,all,500,EDGE.poly2.sc.Grule,0.05,0.106,0.0137669168661687,0.118,0.038,0,0.106,""
4,proj_link_probit_n1000,alternative,proj_null_link_n1000,1000,all,500,EDGE.poly2.sc.Grule,0.1,0.174,0.0169542914921267,0.208,0.08,0,0.174,""
4,proj_link_probit_n1000,alternative,proj_null_link_n1000,1000,all,500,EDGE.stk.u.Grule,0.01,0.01,0.0044497190922574,0.01,0.01,0,0.01,""
4,proj_link_probit_n1000,alternative,proj_null_link_n1000,1000,all,500,EDGE.stk.u.Grule,0.05,0.062,0.0107848041243223,0.064,0.048,0,0.062,""
4,proj_link_probit_n1000,alternative,proj_null_link_n1000,1000,all,500,EDGE.stk.u.Grule,0.1,0.132,0.0151377673386798,0.16,0.07,0,0.132,""
4,proj_link_probit_n1000,alternative,proj_null_link_n1000,1000,all,500,EDGE.stk.sc.Grule,0.01,0.02,0.00626099033699941,0.028,0.008,0,0.02,""
4,proj_link_probit_n1000,alternative,proj_null_link_n1000,1000,all,500,EDGE.stk.sc.Grule,0.05,0.084,0.0124051602166195,0.122,0.036,0,0.084,""
4,proj_link_probit_n1000,alternative,proj_null_link_n1000,1000,all,500,EDGE.stk.sc.Grule,0.1,0.158,0.0163117135825762,0.182,0.07,0,0.158,""
4,proj_link_probit_n1000,alternative,proj_null_link_n1000,1000,all,500,EDGE.sym.u.Grule,0.01,0.012,0.00486949689393062,0.012,0.006,0,0.012,""
4,proj_link_probit_n1000,alternative,proj_null_link_n1000,1000,all,500,EDGE.sym.u.Grule,0.05,0.068,0.0112584190719657,0.092,0.042,0,0.068,""
4,proj_link_probit_n1000,alternative,proj_null_link_n1000,1000,all,500,EDGE.sym.u.Grule,0.1,0.176,0.017030795636141,0.192,0.084,0,0.176,""
4,proj_link_probit_n1000,alternative,proj_null_link_n1000,1000,all,500,EDGE.sym.sc.Grule,0.01,0.026,0.00711674082709213,0.032,0.006,0,0.026,""
4,proj_link_probit_n1000,alternative,proj_null_link_n1000,1000,all,500,EDGE.sym.sc.Grule,0.05,0.094,0.0130509769749241,0.104,0.044,0,0.094,""
4,proj_link_probit_n1000,alternative,proj_null_link_n1000,1000,all,500,EDGE.sym.sc.Grule,0.1,0.18,0.0171813852759316,0.2,0.082,0,0.18,""
4,proj_link_probit_n1000,alternative,proj_null_link_n1000,1000,all,500,HL.G10,0.01,0.006,0.00345369367489359,0.024,0.006,0,0.006,""
4,proj_link_probit_n1000,alternative,proj_null_link_n1000,1000,all,500,HL.G10,0.05,0.054,0.0101078187557949,0.106,0.034,0,0.054,""
4,proj_link_probit_n1000,alternative,proj_null_link_n1000,1000,all,500,HL.G10,0.1,0.12,0.014532721699668,0.164,0.066,0,0.12,""
4,proj_link_probit_n1000,alternative,proj_null_link_n1000,1000,all,500,HL.Grule,0.01,0.006,0.00345369367489359,0.006,0.01,0,0.006,""
4,proj_link_probit_n1000,alternative,proj_null_link_n1000,1000,all,500,HL.Grule,0.05,0.04,0.00876356092008266,0.06,0.042,0,0.04,""
4,proj_link_probit_n1000,alternative,proj_null_link_n1000,1000,all,500,HL.Grule,0.1,0.1,0.0134164078649987,0.112,0.088,0,0.1,""
4,proj_link_probit_n1000,alternative,proj_null_link_n1000,1000,all,500,HLF.G10,0.01,0.008,0.0039839678713564,0.026,0.006,0,0.008,""
4,proj_link_probit_n1000,alternative,proj_null_link_n1000,1000,all,500,HLF.G10,0.05,0.076,0.0118510759005248,0.112,0.032,0,0.076,""
4,proj_link_probit_n1000,alternative,proj_null_link_n1000,1000,all,500,HLF.G10,0.1,0.138,0.01542439626047,0.174,0.068,0,0.138,""
4,proj_link_probit_n1000,alternative,proj_null_link_n1000,1000,all,500,HLF.Grule,0.01,0.008,0.0039839678713564,0.008,0.01,0,0.008,""
4,proj_link_probit_n1000,alternative,proj_null_link_n1000,1000,all,500,HLF.Grule,0.05,0.064,0.0109456840809517,0.08,0.042,0,0.064,""
4,proj_link_probit_n1000,alternative,proj_null_link_n1000,1000,all,500,HLF.Grule,0.1,0.126,0.0148407546977908,0.136,0.086,0,0.126,""
4,proj_link_probit_n1000,alternative,proj_null_link_n1000,1000,all,500,Stk.joint,0.01,0.016,0.00561141693336006,0.03,0.006,0,0.016,""
4,proj_link_probit_n1000,alternative,proj_null_link_n1000,1000,all,500,Stk.joint,0.05,0.082,0.0122699633251286,0.086,0.046,0,0.082,""
4,proj_link_probit_n1000,alternative,proj_null_link_n1000,1000,all,500,Stk.joint,0.1,0.15,0.0159687194226713,0.194,0.082,0,0.15,""
4,proj_link_probit_n1000,alternative,proj_null_link_n1000,1000,all,500,Stk.LR,0.01,0.032,0.00787095928079926,0.038,0.006,0,0.032,""
4,proj_link_probit_n1000,alternative,proj_null_link_n1000,1000,all,500,Stk.LR,0.05,0.1,0.0134164078649987,0.106,0.04,0,0.1,""
4,proj_link_probit_n1000,alternative,proj_null_link_n1000,1000,all,500,Stk.LR,0.1,0.18,0.0171813852759316,0.216,0.082,0,0.18,""
4,proj_link_probit_n1000,alternative,proj_null_link_n1000,1000,all,500,Stk.sym1,0.01,0.028,0.00737780455149091,0.036,0.006,0,0.028,""
4,proj_link_probit_n1000,alternative,proj_null_link_n1000,1000,all,500,Stk.sym1,0.05,0.094,0.0130509769749241,0.132,0.04,0,0.094,""
4,proj_link_probit_n1000,alternative,proj_null_link_n1000,1000,all,500,Stk.sym1,0.1,0.198,0.0178211110764733,0.206,0.088,0,0.198,""
4,proj_link_probit_n1000,alternative,proj_null_link_n1000,1000,all,500,Stk.marg,0.01,0.028,0.00737780455149091,0.028,0.01,0,0.028,""
4,proj_link_probit_n1000,alternative,proj_null_link_n1000,1000,all,500,Stk.marg,0.05,0.06,0.0106207344378814,0.058,0.056,0,0.06,""
4,proj_link_probit_n1000,alternative,proj_null_link_n1000,1000,all,500,Stk.marg,0.1,0.1,0.0134164078649987,0.1,0.096,0,0.1,""
4,proj_link_probit_n1000,alternative,proj_null_link_n1000,1000,all,500,GiViTI,0.01,0.014,0.00525433154644813,0.036,0.006,0,0.014,""
4,proj_link_probit_n1000,alternative,proj_null_link_n1000,1000,all,500,GiViTI,0.05,0.06,0.0106207344378814,0.076,0.038,0,0.06,""
4,proj_link_probit_n1000,alternative,proj_null_link_n1000,1000,all,500,GiViTI,0.1,0.104,0.013651666564929,0.124,0.078,0,0.104,""
4,proj_link_probit_n1000,alternative,proj_null_link_n1000,1000,all,500,GiViTI.t50,0.01,0.024,0.00684455988358638,0.014,0.01,0,0.024,""
4,proj_link_probit_n1000,alternative,proj_null_link_n1000,1000,all,500,GiViTI.t50,0.05,0.094,0.0130509769749241,0.108,0.042,0,0.094,""
4,proj_link_probit_n1000,alternative,proj_null_link_n1000,1000,all,500,GiViTI.t50,0.1,0.154,0.016142118820031,0.17,0.084,0,0.154,""
4,proj_link_probit_n1000,alternative,proj_null_link_n1000,1000,all,500,Cubic.LR,0.01,0.032,0.00787095928079926,0.04,0.006,0,0.032,""
4,proj_link_probit_n1000,alternative,proj_null_link_n1000,1000,all,500,Cubic.LR,0.05,0.114,0.0142129518397833,0.136,0.034,0,0.114,""
4,proj_link_probit_n1000,alternative,proj_null_link_n1000,1000,all,500,Cubic.LR,0.1,0.182,0.0172554918793989,0.216,0.078,0,0.182,""
4,proj_link_probit_n1000,alternative,proj_null_link_n1000,1000,all,500,HL_w,0.01,0.012,0.00486949689393062,0.016,0.006,0,0.012,""
4,proj_link_probit_n1000,alternative,proj_null_link_n1000,1000,all,500,HL_w,0.05,0.066,0.0111035129576184,0.09,0.03,0,0.066,""
4,proj_link_probit_n1000,alternative,proj_null_link_n1000,1000,all,500,HL_w,0.1,0.128,0.0149409504383088,0.16,0.07,0,0.128,""
4,proj_link_probit_n1000,alternative,proj_null_link_n1000,1000,all,500,PH,0.01,0.002,0.00199799899899875,0.024,0.004,0,0.002,""
4,proj_link_probit_n1000,alternative,proj_null_link_n1000,1000,all,500,PH,0.05,0.038,0.00855055553750749,0.108,0.018,0,0.038,""
4,proj_link_probit_n1000,alternative,proj_null_link_n1000,1000,all,500,PH,0.1,0.088,0.0126693330526907,0.166,0.04,0,0.088,""
4,proj_link_probit_n1000,alternative,proj_null_link_n1000,1000,all,500,Tsiatis,0.01,0.02,0.00626099033699941,0.016,0.01,0,0.02,""
4,proj_link_probit_n1000,alternative,proj_null_link_n1000,1000,all,500,Tsiatis,0.05,0.052,0.00992935043192655,0.052,0.05,0,0.052,""
4,proj_link_probit_n1000,alternative,proj_null_link_n1000,1000,all,500,Tsiatis,0.1,0.124,0.0147393351274744,0.156,0.082,0,0.124,""
4,proj_link_probit_n1000,alternative,proj_null_link_n1000,1000,all,500,Xie,0.01,0.01,0.0044497190922574,0.014,0.006,0,0.01,""
4,proj_link_probit_n1000,alternative,proj_null_link_n1000,1000,all,500,Xie,0.05,0.038,0.00855055553750749,0.068,0.028,0,0.038,""
4,proj_link_probit_n1000,alternative,proj_null_link_n1000,1000,all,500,Xie,0.1,0.092,0.01292563344676,0.124,0.074,0,0.092,""
4,proj_link_probit_n1000,alternative,proj_null_link_n1000,1000,all,500,PR,0.01,0.012,0.00486949689393062,0.012,0.01,0,0.012,""
4,proj_link_probit_n1000,alternative,proj_null_link_n1000,1000,all,500,PR,0.05,0.064,0.0109456840809517,0.036,0.074,0,0.064,""
4,proj_link_probit_n1000,alternative,proj_null_link_n1000,1000,all,500,PR,0.1,0.142,0.0156099967969247,0.1,0.136,0,0.142,""
4,proj_link_probit_n1000,alternative,proj_null_link_n1000,1000,all,500,proj,0.01,0.012,0.00486949689393062,0.016,0.006,0,0.012,""
4,proj_link_probit_n1000,alternative,proj_null_link_n1000,1000,all,500,proj,0.05,0.082,0.0122699633251286,0.092,0.048,0,0.082,""
4,proj_link_probit_n1000,alternative,proj_null_link_n1000,1000,all,500,proj,0.1,0.134,0.0152344346793703,0.134,0.1,0,0.134,""
4,proj_link_plateau_upper_n500,alternative,proj_null_link_n500,500,all,500,flag.evlt.G10,,0,,,,0,,flag rate: share of replicates with the flag = 1
4,proj_link_plateau_upper_n500,alternative,proj_null_link_n500,500,all,500,flag.evlt.Grule,,0,,,,0,,flag rate: share of replicates with the flag = 1
4,proj_link_plateau_upper_n500,alternative,proj_null_link_n500,500,all,500,flag.stk_half0,,0,,,,0,,flag rate: share of replicates with the flag = 1
4,proj_link_plateau_upper_n500,alternative,proj_null_link_n500,500,all,500,flag.stk_diag,,0,,,,0,,flag rate: share of replicates with the flag = 1
4,proj_link_plateau_upper_n500,alternative,proj_null_link_n500,500,all,500,flag.rivals_run,,1,,,,0,,flag rate: share of replicates with the flag = 1
4,proj_link_plateau_upper_n500,alternative,proj_null_link_n500,500,all,500,flag.degenerate,,0,,,,0,,flag rate: share of replicates with the flag = 1
4,proj_link_plateau_upper_n500,alternative,proj_null_link_n500,500,all,500,flag.info_guard,,0,,,,0,,flag rate: share of replicates with the flag = 1
4,proj_link_plateau_upper_n500,alternative,proj_null_link_n500,500,all,500,flag.rep_error,,0,,,,0,,flag rate: share of replicates with the flag = 1
4,proj_link_plateau_upper_n500,alternative,proj_null_link_n500,500,all,500,EDGE.poly3.u.G10,0.01,0.17,0.016798809481627,0.188,0.008,0,0.17,""
4,proj_link_plateau_upper_n500,alternative,proj_null_link_n500,500,all,500,EDGE.poly3.u.G10,0.05,0.402,0.0219269696948758,0.37,0.068,0,0.402,""
4,proj_link_plateau_upper_n500,alternative,proj_null_link_n500,500,all,500,EDGE.poly3.u.G10,0.1,0.52,0.0223427840700303,0.466,0.114,0,0.52,""
4,proj_link_plateau_upper_n500,alternative,proj_null_link_n500,500,all,500,EDGE.poly3.sc.G10,0.01,0.158,0.0163117135825762,0.17,0.008,0,0.158,""
4,proj_link_plateau_upper_n500,alternative,proj_null_link_n500,500,all,500,EDGE.poly3.sc.G10,0.05,0.356,0.0214132669156297,0.35,0.05,0,0.356,""
4,proj_link_plateau_upper_n500,alternative,proj_null_link_n500,500,all,500,EDGE.poly3.sc.G10,0.1,0.466,0.0223089219820232,0.46,0.112,0,0.466,""
4,proj_link_plateau_upper_n500,alternative,proj_null_link_n500,500,all,500,EDGE.poly2.u.G10,0.01,0.076,0.0118510759005248,0.084,0.008,0,0.076,""
4,proj_link_plateau_upper_n500,alternative,proj_null_link_n500,500,all,500,EDGE.poly2.u.G10,0.05,0.212,0.0182787308093314,0.174,0.062,0,0.212,""
4,proj_link_plateau_upper_n500,alternative,proj_null_link_n500,500,all,500,EDGE.poly2.u.G10,0.1,0.324,0.020929596269398,0.298,0.104,0,0.324,""
4,proj_link_plateau_upper_n500,alternative,proj_null_link_n500,500,all,500,EDGE.poly2.sc.G10,0.01,0.08,0.0121326007104825,0.08,0.008,0,0.08,""
4,proj_link_plateau_upper_n500,alternative,proj_null_link_n500,500,all,500,EDGE.poly2.sc.G10,0.05,0.184,0.0173288199251998,0.184,0.052,0,0.184,""
4,proj_link_plateau_upper_n500,alternative,proj_null_link_n500,500,all,500,EDGE.poly2.sc.G10,0.1,0.288,0.0202512221853398,0.276,0.106,0,0.288,""
4,proj_link_plateau_upper_n500,alternative,proj_null_link_n500,500,all,500,EDGE.stk.u.G10,0.01,0.23,0.0188202019117756,0.23,0.008,0,0.23,""
4,proj_link_plateau_upper_n500,alternative,proj_null_link_n500,500,all,500,EDGE.stk.u.G10,0.05,0.44,0.0221990990808186,0.386,0.064,0,0.44,""
4,proj_link_plateau_upper_n500,alternative,proj_null_link_n500,500,all,500,EDGE.stk.u.G10,0.1,0.566,0.0221650174825106,0.558,0.102,0,0.566,""
4,proj_link_plateau_upper_n500,alternative,proj_null_link_n500,500,all,500,EDGE.stk.sc.G10,0.01,0.15,0.0159687194226713,0.178,0.008,0,0.15,""
4,proj_link_plateau_upper_n500,alternative,proj_null_link_n500,500,all,500,EDGE.stk.sc.G10,0.05,0.34,0.0211849002829846,0.332,0.052,0,0.34,""
4,proj_link_plateau_upper_n500,alternative,proj_null_link_n500,500,all,500,EDGE.stk.sc.G10,0.1,0.464,0.0223026455829796,0.452,0.102,0,0.464,""
4,proj_link_plateau_upper_n500,alternative,proj_null_link_n500,500,all,500,EDGE.sym.u.G10,0.01,0.182,0.0172554918793989,0.212,0.006,0,0.182,""
4,proj_link_plateau_upper_n500,alternative,proj_null_link_n500,500,all,500,EDGE.sym.u.G10,0.05,0.374,0.0216390387956582,0.342,0.058,0,0.374,""
4,proj_link_plateau_upper_n500,alternative,proj_null_link_n500,500,all,500,EDGE.sym.u.G10,0.1,0.51,0.0223562071917398,0.504,0.102,0,0.51,""
4,proj_link_plateau_upper_n500,alternative,proj_null_link_n500,500,all,500,EDGE.sym.sc.G10,0.01,0.186,0.0174013792556797,0.152,0.01,0,0.186,""
4,proj_link_plateau_upper_n500,alternative,proj_null_link_n500,500,all,500,EDGE.sym.sc.G10,0.05,0.36,0.021466252583998,0.314,0.056,0,0.36,""
4,proj_link_plateau_upper_n500,alternative,proj_null_link_n500,500,all,500,EDGE.sym.sc.G10,0.1,0.502,0.0223605008888442,0.488,0.102,0,0.502,""
4,proj_link_plateau_upper_n500,alternative,proj_null_link_n500,500,all,500,EDGE.poly3.u.Grule,0.01,0.188,0.0174731794473702,0.148,0.014,0,0.188,""
4,proj_link_plateau_upper_n500,alternative,proj_null_link_n500,500,all,500,EDGE.poly3.u.Grule,0.05,0.42,0.0220726074581142,0.432,0.042,0,0.42,""
4,proj_link_plateau_upper_n500,alternative,proj_null_link_n500,500,all,500,EDGE.poly3.u.Grule,0.1,0.534,0.0223089219820232,0.484,0.124,0,0.534,""
4,proj_link_plateau_upper_n500,alternative,proj_null_link_n500,500,all,500,EDGE.poly3.sc.Grule,0.01,0.146,0.015791390059143,0.16,0.004,0,0.146,""
4,proj_link_plateau_upper_n500,alternative,proj_null_link_n500,500,all,500,EDGE.poly3.sc.Grule,0.05,0.344,0.0212444816364156,0.298,0.056,0,0.344,""
4,proj_link_plateau_upper_n500,alternative,proj_null_link_n500,500,all,500,EDGE.poly3.sc.Grule,0.1,0.49,0.0223562071917398,0.452,0.11,0,0.49,""
4,proj_link_plateau_upper_n500,alternative,proj_null_link_n500,500,all,500,EDGE.poly2.u.Grule,0.01,0.088,0.0126693330526907,0.104,0.006,0,0.088,""
4,proj_link_plateau_upper_n500,alternative,proj_null_link_n500,500,all,500,EDGE.poly2.u.Grule,0.05,0.21,0.018215378118502,0.186,0.058,0,0.21,""
4,proj_link_plateau_upper_n500,alternative,proj_null_link_n500,500,all,500,EDGE.poly2.u.Grule,0.1,0.312,0.02071984555927,0.278,0.118,0,0.312,""
4,proj_link_plateau_upper_n500,alternative,proj_null_link_n500,500,all,500,EDGE.poly2.sc.Grule,0.01,0.088,0.0126693330526907,0.094,0.008,0,0.088,""
4,proj_link_plateau_upper_n500,alternative,proj_null_link_n500,500,all,500,EDGE.poly2.sc.Grule,0.05,0.228,0.0187625158227781,0.214,0.054,0,0.228,""
4,proj_link_plateau_upper_n500,alternative,proj_null_link_n500,500,all,500,EDGE.poly2.sc.Grule,0.1,0.342,0.0212149004239945,0.31,0.104,0,0.342,""
4,proj_link_plateau_upper_n500,alternative,proj_null_link_n500,500,all,500,EDGE.stk.u.Grule,0.01,0.24,0.0190997382181013,0.22,0.01,0,0.24,""
4,proj_link_plateau_upper_n500,alternative,proj_null_link_n500,500,all,500,EDGE.stk.u.Grule,0.05,0.46,0.0222890107452081,0.49,0.044,0,0.46,""
4,proj_link_plateau_upper_n500,alternative,proj_null_link_n500,500,all,500,EDGE.stk.u.Grule,0.1,0.594,0.0219619671250095,0.582,0.108,0,0.594,""
4,proj_link_plateau_upper_n500,alternative,proj_null_link_n500,500,all,500,EDGE.stk.sc.Grule,0.01,0.154,0.016142118820031,0.164,0.006,0,0.154,""
4,proj_link_plateau_upper_n500,alternative,proj_null_link_n500,500,all,500,EDGE.stk.sc.Grule,0.05,0.338,0.0211544794310803,0.314,0.056,0,0.338,""
4,proj_link_plateau_upper_n500,alternative,proj_null_link_n500,500,all,500,EDGE.stk.sc.Grule,0.1,0.484,0.0223492281745925,0.472,0.102,0,0.484,""
4,proj_link_plateau_upper_n500,alternative,proj_null_link_n500,500,all,500,EDGE.sym.u.Grule,0.01,0.242,0.0191539029965174,0.204,0.012,0,0.242,""
4,proj_link_plateau_upper_n500,alternative,proj_null_link_n500,500,all,500,EDGE.sym.u.Grule,0.05,0.482,0.0223461853567897,0.492,0.042,0,0.482,""
4,proj_link_plateau_upper_n500,alternative,proj_null_link_n500,500,all,500,EDGE.sym.u.Grule,0.1,0.608,0.0218328193323721,0.58,0.114,0,0.608,""
4,proj_link_plateau_upper_n500,alternative,proj_null_link_n500,500,all,500,EDGE.sym.sc.Grule,0.01,0.238,0.0190449993436597,0.172,0.01,0,0.238,""
4,proj_link_plateau_upper_n500,alternative,proj_null_link_n500,500,all,500,EDGE.sym.sc.Grule,0.05,0.476,0.0223349054173059,0.42,0.064,0,0.476,""
4,proj_link_plateau_upper_n500,alternative,proj_null_link_n500,500,all,500,EDGE.sym.sc.Grule,0.1,0.6,0.0219089023002066,0.574,0.13,0,0.6,""
4,proj_link_plateau_upper_n500,alternative,proj_null_link_n500,500,all,500,HL.G10,0.01,0.074,0.0117067501895274,0.068,0.01,0,0.074,""
4,proj_link_plateau_upper_n500,alternative,proj_null_link_n500,500,all,500,HL.G10,0.05,0.236,0.0189896814085966,0.236,0.05,0,0.236,""
4,proj_link_plateau_upper_n500,alternative,proj_null_link_n500,500,all,500,HL.G10,0.1,0.35,0.0213307290077015,0.358,0.088,0,0.35,""
4,proj_link_plateau_upper_n500,alternative,proj_null_link_n500,500,all,500,HL.Grule,0.01,0.054,0.0101078187557949,0.042,0.01,0,0.054,""
4,proj_link_plateau_upper_n500,alternative,proj_null_link_n500,500,all,500,HL.Grule,0.05,0.182,0.0172554918793989,0.202,0.04,0,0.182,""
4,proj_link_plateau_upper_n500,alternative,proj_null_link_n500,500,all,500,HL.Grule,0.1,0.29,0.0202928558857545,0.28,0.108,0,0.29,""
4,proj_link_plateau_upper_n500,alternative,proj_null_link_n500,500,all,500,HLF.G10,0.01,0.074,0.0117067501895274,0.07,0.012,0,0.074,""
4,proj_link_plateau_upper_n500,alternative,proj_null_link_n500,500,all,500,HLF.G10,0.05,0.232,0.0188772879408034,0.232,0.05,0,0.232,""
4,proj_link_plateau_upper_n500,alternative,proj_null_link_n500,500,all,500,HLF.G10,0.1,0.35,0.0213307290077015,0.352,0.088,0,0.35,""
4,proj_link_plateau_upper_n500,alternative,proj_null_link_n500,500,all,500,HLF.Grule,0.01,0.052,0.00992935043192655,0.042,0.01,0,0.052,""
4,proj_link_plateau_upper_n500,alternative,proj_null_link_n500,500,all,500,HLF.Grule,0.05,0.174,0.0169542914921267,0.194,0.042,0,0.174,""
4,proj_link_plateau_upper_n500,alternative,proj_null_link_n500,500,all,500,HLF.Grule,0.1,0.274,0.0199461274436919,0.272,0.106,0,0.274,""
4,proj_link_plateau_upper_n500,alternative,proj_null_link_n500,500,all,500,Stk.joint,0.01,0.184,0.0173288199251998,0.166,0.014,0,0.184,""
4,proj_link_plateau_upper_n500,alternative,proj_null_link_n500,500,all,500,Stk.joint,0.05,0.42,0.0220726074581142,0.424,0.046,0,0.42,""
4,proj_link_plateau_upper_n500,alternative,proj_null_link_n500,500,all,500,Stk.joint,0.1,0.554,0.0222298897883008,0.518,0.116,0,0.554,""
4,proj_link_plateau_upper_n500,alternative,proj_null_link_n500,500,all,500,Stk.LR,0.01,0.166,0.0166399519230075,0.136,0.01,0,0.166,""
4,proj_link_plateau_upper_n500,alternative,proj_null_link_n500,500,all,500,Stk.LR,0.05,0.406,0.0219619671250095,0.396,0.054,0,0.406,""
4,proj_link_plateau_upper_n500,alternative,proj_null_link_n500,500,all,500,Stk.LR,0.1,0.54,0.0222890107452081,0.502,0.122,0,0.54,""
4,proj_link_plateau_upper_n500,alternative,proj_null_link_n500,500,all,500,Stk.sym1,0.01,0.264,0.0197131428240146,0.274,0.008,0,0.264,""
4,proj_link_plateau_upper_n500,alternative,proj_null_link_n500,500,all,500,Stk.sym1,0.05,0.526,0.022330427671677,0.532,0.048,0,0.526,""
4,proj_link_plateau_upper_n500,alternative,proj_null_link_n500,500,all,500,Stk.sym1,0.1,0.628,0.0216155499583055,0.608,0.114,0,0.628,""
4,proj_link_plateau_upper_n500,alternative,proj_null_link_n500,500,all,500,Stk.marg,0.01,0.15,0.0159687194226713,0.096,0.022,0,0.15,""
4,proj_link_plateau_upper_n500,alternative,proj_null_link_n500,500,all,500,Stk.marg,0.05,0.266,0.0197607692157972,0.214,0.086,0,0.266,""
4,proj_link_plateau_upper_n500,alternative,proj_null_link_n500,500,all,500,Stk.marg,0.1,0.35,0.0213307290077015,0.306,0.132,0,0.35,""
4,proj_link_plateau_upper_n500,alternative,proj_null_link_n500,500,all,500,GiViTI,0.01,0.114,0.0142129518397833,0.114,0.01,0,0.114,""
4,proj_link_plateau_upper_n500,alternative,proj_null_link_n500,500,all,500,GiViTI,0.05,0.236,0.0189896814085966,0.21,0.056,0,0.236,""
4,proj_link_plateau_upper_n500,alternative,proj_null_link_n500,500,all,500,GiViTI,0.1,0.352,0.0213586516428355,0.316,0.118,0,0.352,""
4,proj_link_plateau_upper_n500,alternative,proj_null_link_n500,500,all,500,GiViTI.t50,0.01,0.134,0.0152344346793703,0.116,0.012,0,0.134,""
4,proj_link_plateau_upper_n500,alternative,proj_null_link_n500,500,all,500,GiViTI.t50,0.05,0.298,0.0204546327270865,0.318,0.046,0,0.298,""
4,proj_link_plateau_upper_n500,alternative,proj_null_link_n500,500,all,500,GiViTI.t50,0.1,0.41,0.0219954540757858,0.404,0.102,0,0.41,""
4,proj_link_plateau_upper_n500,alternative,proj_null_link_n500,500,all,500,Cubic.LR,0.01,0.162,0.016477621187538,0.232,0.008,0,0.162,""
4,proj_link_plateau_upper_n500,alternative,proj_null_link_n500,500,all,500,Cubic.LR,0.05,0.372,0.0216155499583055,0.392,0.038,0,0.372,""
4,proj_link_plateau_upper_n500,alternative,proj_null_link_n500,500,all,500,Cubic.LR,0.1,0.504,0.0223599642217961,0.504,0.098,0,0.504,""
4,proj_link_plateau_upper_n500,alternative,proj_null_link_n500,500,all,500,HL_w,0.01,0.09,0.0127984374046209,0.076,0.01,0,0.09,""
4,proj_link_plateau_upper_n500,alternative,proj_null_link_n500,500,all,500,HL_w,0.05,0.252,0.0194162818273736,0.27,0.046,0,0.252,""
4,proj_link_plateau_upper_n500,alternative,proj_null_link_n500,500,all,500,HL_w,0.1,0.374,0.0216390387956582,0.388,0.09,0,0.374,""
4,proj_link_plateau_upper_n500,alternative,proj_null_link_n500,500,all,500,PH,0.01,0.048,0.00955991631762538,0.068,0.004,0,0.048,""
4,proj_link_plateau_upper_n500,alternative,proj_null_link_n500,500,all,500,PH,0.05,0.18,0.0171813852759316,0.236,0.026,0,0.18,""
4,proj_link_plateau_upper_n500,alternative,proj_null_link_n500,500,all,500,PH,0.1,0.272,0.0199005527561422,0.358,0.066,0,0.272,""
4,proj_link_plateau_upper_n500,alternative,proj_null_link_n500,500,all,500,Tsiatis,0.01,0.098,0.0132963152790538,0.086,0.012,0,0.098,""
4,proj_link_plateau_upper_n500,alternative,proj_null_link_n500,500,all,500,Tsiatis,0.05,0.25,0.0193649167310371,0.268,0.044,0,0.25,""
4,proj_link_plateau_upper_n500,alternative,proj_null_link_n500,500,all,500,Tsiatis,0.1,0.374,0.0216390387956582,0.38,0.092,0,0.374,""
4,proj_link_plateau_upper_n500,alternative,proj_null_link_n500,500,all,500,Xie,0.01,0.064,0.0109456840809517,0.078,0.006,0,0.064,""
4,proj_link_plateau_upper_n500,alternative,proj_null_link_n500,500,all,500,Xie,0.05,0.176,0.017030795636141,0.23,0.036,0,0.176,""
4,proj_link_plateau_upper_n500,alternative,proj_null_link_n500,500,all,500,Xie,0.1,0.302,0.0205327056181108,0.322,0.09,0,0.302,""
4,proj_link_plateau_upper_n500,alternative,proj_null_link_n500,500,all,500,PR,0.01,0.034,0.00810481338464989,0.034,0.01,0,0.034,""
4,proj_link_plateau_upper_n500,alternative,proj_null_link_n500,500,all,500,PR,0.05,0.14,0.0155177317930167,0.124,0.068,0,0.14,""
4,proj_link_plateau_upper_n500,alternative,proj_null_link_n500,500,all,500,PR,0.1,0.228,0.0187625158227781,0.186,0.124,0,0.228,""
4,proj_link_plateau_upper_n500,alternative,proj_null_link_n500,500,all,500,proj,0.01,0.126,0.0148407546977908,0.084,0.018,0,0.126,""
4,proj_link_plateau_upper_n500,alternative,proj_null_link_n500,500,all,500,proj,0.05,0.33,0.0210285520186246,0.288,0.068,0,0.33,""
4,proj_link_plateau_upper_n500,alternative,proj_null_link_n500,500,all,500,proj,0.1,0.47,0.0223203942617508,0.404,0.132,0,0.47,""
4,proj_link_plateau_upper_n1000,alternative,proj_null_link_n1000,1000,all,500,flag.evlt.G10,,0,,,,0,,flag rate: share of replicates with the flag = 1
4,proj_link_plateau_upper_n1000,alternative,proj_null_link_n1000,1000,all,500,flag.evlt.Grule,,0,,,,0,,flag rate: share of replicates with the flag = 1
4,proj_link_plateau_upper_n1000,alternative,proj_null_link_n1000,1000,all,500,flag.stk_half0,,0,,,,0,,flag rate: share of replicates with the flag = 1
4,proj_link_plateau_upper_n1000,alternative,proj_null_link_n1000,1000,all,500,flag.stk_diag,,0,,,,0,,flag rate: share of replicates with the flag = 1
4,proj_link_plateau_upper_n1000,alternative,proj_null_link_n1000,1000,all,500,flag.rivals_run,,1,,,,0,,flag rate: share of replicates with the flag = 1
4,proj_link_plateau_upper_n1000,alternative,proj_null_link_n1000,1000,all,500,flag.degenerate,,0,,,,0,,flag rate: share of replicates with the flag = 1
4,proj_link_plateau_upper_n1000,alternative,proj_null_link_n1000,1000,all,500,flag.info_guard,,0,,,,0,,flag rate: share of replicates with the flag = 1
4,proj_link_plateau_upper_n1000,alternative,proj_null_link_n1000,1000,all,500,flag.rep_error,,0,,,,0,,flag rate: share of replicates with the flag = 1
4,proj_link_plateau_upper_n1000,alternative,proj_null_link_n1000,1000,all,500,EDGE.poly3.u.G10,0.01,0.518,0.0223461853567897,0.536,0.006,0,0.518,""
4,proj_link_plateau_upper_n1000,alternative,proj_null_link_n1000,1000,all,500,EDGE.poly3.u.G10,0.05,0.71,0.0202928558857545,0.748,0.042,0,0.71,""
4,proj_link_plateau_upper_n1000,alternative,proj_null_link_n1000,1000,all,500,EDGE.poly3.u.G10,0.1,0.814,0.0174013792556797,0.842,0.082,0,0.814,""
4,proj_link_plateau_upper_n1000,alternative,proj_null_link_n1000,1000,all,500,EDGE.poly3.sc.G10,0.01,0.452,0.0222574032627349,0.492,0.004,0,0.452,""
4,proj_link_plateau_upper_n1000,alternative,proj_null_link_n1000,1000,all,500,EDGE.poly3.sc.G10,0.05,0.68,0.0208614476966485,0.68,0.046,0,0.68,""
4,proj_link_plateau_upper_n1000,alternative,proj_null_link_n1000,1000,all,500,EDGE.poly3.sc.G10,0.1,0.758,0.0191539029965174,0.76,0.094,0,0.758,""
4,proj_link_plateau_upper_n1000,alternative,proj_null_link_n1000,1000,all,500,EDGE.poly2.u.G10,0.01,0.23,0.0188202019117756,0.23,0.008,0,0.23,""
4,proj_link_plateau_upper_n1000,alternative,proj_null_link_n1000,1000,all,500,EDGE.poly2.u.G10,0.05,0.408,0.0219788989715136,0.446,0.036,0,0.408,""
4,proj_link_plateau_upper_n1000,alternative,proj_null_link_n1000,1000,all,500,EDGE.poly2.u.G10,0.1,0.53,0.0223203942617508,0.542,0.092,0,0.53,""
4,proj_link_plateau_upper_n1000,alternative,proj_null_link_n1000,1000,all,500,EDGE.poly2.sc.G10,0.01,0.172,0.0168769665520792,0.18,0.006,0,0.172,""
4,proj_link_plateau_upper_n1000,alternative,proj_null_link_n1000,1000,all,500,EDGE.poly2.sc.G10,0.05,0.38,0.0217071416819442,0.408,0.04,0,0.38,""
4,proj_link_plateau_upper_n1000,alternative,proj_null_link_n1000,1000,all,500,EDGE.poly2.sc.G10,0.1,0.526,0.022330427671677,0.526,0.1,0,0.526,""
4,proj_link_plateau_upper_n1000,alternative,proj_null_link_n1000,1000,all,500,EDGE.stk.u.G10,0.01,0.584,0.022042867327097,0.632,0.004,0,0.584,""
4,proj_link_plateau_upper_n1000,alternative,proj_null_link_n1000,1000,all,500,EDGE.stk.u.G10,0.05,0.774,0.0187042241218394,0.802,0.048,0,0.774,""
4,proj_link_plateau_upper_n1000,alternative,proj_null_link_n1000,1000,all,500,EDGE.stk.u.G10,0.1,0.856,0.0157012101444443,0.872,0.074,0,0.856,""
4,proj_link_plateau_upper_n1000,alternative,proj_null_link_n1000,1000,all,500,EDGE.stk.sc.G10,0.01,0.45,0.022248595461287,0.466,0.006,0,0.45,""
4,proj_link_plateau_upper_n1000,alternative,proj_null_link_n1000,1000,all,500,EDGE.stk.sc.G10,0.05,0.67,0.0210285520186246,0.674,0.046,0,0.67,""
4,proj_link_plateau_upper_n1000,alternative,proj_null_link_n1000,1000,all,500,EDGE.stk.sc.G10,0.1,0.756,0.0192074985357282,0.764,0.096,0,0.756,""
4,proj_link_plateau_upper_n1000,alternative,proj_null_link_n1000,1000,all,500,EDGE.sym.u.G10,0.01,0.492,0.0223578174247846,0.52,0.004,0,0.492,""
4,proj_link_plateau_upper_n1000,alternative,proj_null_link_n1000,1000,all,500,EDGE.sym.u.G10,0.05,0.714,0.0202091068580479,0.73,0.044,0,0.714,""
4,proj_link_plateau_upper_n1000,alternative,proj_null_link_n1000,1000,all,500,EDGE.sym.u.G10,0.1,0.814,0.0174013792556797,0.814,0.102,0,0.814,""
4,proj_link_plateau_upper_n1000,alternative,proj_null_link_n1000,1000,all,500,EDGE.sym.sc.G10,0.01,0.47,0.0223203942617508,0.518,0.006,0,0.47,""
4,proj_link_plateau_upper_n1000,alternative,proj_null_link_n1000,1000,all,500,EDGE.sym.sc.G10,0.05,0.704,0.0204148965219028,0.684,0.05,0,0.704,""
4,proj_link_plateau_upper_n1000,alternative,proj_null_link_n1000,1000,all,500,EDGE.sym.sc.G10,0.1,0.794,0.0180866801818355,0.794,0.104,0,0.794,""
4,proj_link_plateau_upper_n1000,alternative,proj_null_link_n1000,1000,all,500,EDGE.poly3.u.Grule,0.01,0.518,0.0223461853567897,0.548,0.004,0,0.518,""
4,proj_link_plateau_upper_n1000,alternative,proj_null_link_n1000,1000,all,500,EDGE.poly3.u.Grule,0.05,0.726,0.0199461274436919,0.74,0.036,0,0.726,""
4,proj_link_plateau_upper_n1000,alternative,proj_null_link_n1000,1000,all,500,EDGE.poly3.u.Grule,0.1,0.83,0.016798809481627,0.864,0.082,0,0.83,""
4,proj_link_plateau_upper_n1000,alternative,proj_null_link_n1000,1000,all,500,EDGE.poly3.sc.Grule,0.01,0.466,0.0223089219820232,0.522,0.004,0,0.466,""
4,proj_link_plateau_upper_n1000,alternative,proj_null_link_n1000,1000,all,500,EDGE.poly3.sc.Grule,0.05,0.692,0.0206463556106156,0.74,0.034,0,0.692,""
4,proj_link_plateau_upper_n1000,alternative,proj_null_link_n1000,1000,all,500,EDGE.poly3.sc.Grule,0.1,0.784,0.0184034779321736,0.812,0.068,0,0.784,""
4,proj_link_plateau_upper_n1000,alternative,proj_null_link_n1000,1000,all,500,EDGE.poly2.u.Grule,0.01,0.23,0.0188202019117756,0.262,0.006,0,0.23,""
4,proj_link_plateau_upper_n1000,alternative,proj_null_link_n1000,1000,all,500,EDGE.poly2.u.Grule,0.05,0.428,0.022127629787214,0.466,0.038,0,0.428,""
4,proj_link_plateau_upper_n1000,alternative,proj_null_link_n1000,1000,all,500,EDGE.poly2.u.Grule,0.1,0.532,0.0223148381127894,0.572,0.086,0,0.532,""
4,proj_link_plateau_upper_n1000,alternative,proj_null_link_n1000,1000,all,500,EDGE.poly2.sc.Grule,0.01,0.374,0.0216390387956582,0.378,0.006,0,0.374,""
4,proj_link_plateau_upper_n1000,alternative,proj_null_link_n1000,1000,all,500,EDGE.poly2.sc.Grule,0.05,0.626,0.0216390387956582,0.638,0.038,0,0.626,""
4,proj_link_plateau_upper_n1000,alternative,proj_null_link_n1000,1000,all,500,EDGE.poly2.sc.Grule,0.1,0.722,0.0200357680162254,0.764,0.08,0,0.722,""
4,proj_link_plateau_upper_n1000,alternative,proj_null_link_n1000,1000,all,500,EDGE.stk.u.Grule,0.01,0.594,0.0219619671250095,0.58,0.01,0,0.594,""
4,proj_link_plateau_upper_n1000,alternative,proj_null_link_n1000,1000,all,500,EDGE.stk.u.Grule,0.05,0.778,0.0185858010319706,0.78,0.048,0,0.778,""
4,proj_link_plateau_upper_n1000,alternative,proj_null_link_n1000,1000,all,500,EDGE.stk.u.Grule,0.1,0.858,0.0156099967969247,0.878,0.07,0,0.858,""
4,proj_link_plateau_upper_n1000,alternative,proj_null_link_n1000,1000,all,500,EDGE.stk.sc.Grule,0.01,0.45,0.022248595461287,0.494,0.008,0,0.45,""
4,proj_link_plateau_upper_n1000,alternative,proj_null_link_n1000,1000,all,500,EDGE.stk.sc.Grule,0.05,0.684,0.020791536739741,0.736,0.036,0,0.684,""
4,proj_link_plateau_upper_n1000,alternative,proj_null_link_n1000,1000,all,500,EDGE.stk.sc.Grule,0.1,0.764,0.0189896814085966,0.81,0.07,0,0.764,""
4,proj_link_plateau_upper_n1000,alternative,proj_null_link_n1000,1000,all,500,EDGE.sym.u.Grule,0.01,0.578,0.0220869192057199,0.588,0.006,0,0.578,""
4,proj_link_plateau_upper_n1000,alternative,proj_null_link_n1000,1000,all,500,EDGE.sym.u.Grule,0.05,0.79,0.018215378118502,0.834,0.042,0,0.79,""
4,proj_link_plateau_upper_n1000,alternative,proj_null_link_n1000,1000,all,500,EDGE.sym.u.Grule,0.1,0.89,0.0139928553197694,0.9,0.084,0,0.89,""
4,proj_link_plateau_upper_n1000,alternative,proj_null_link_n1000,1000,all,500,EDGE.sym.sc.Grule,0.01,0.574,0.0221144296783797,0.586,0.006,0,0.574,""
4,proj_link_plateau_upper_n1000,alternative,proj_null_link_n1000,1000,all,500,EDGE.sym.sc.Grule,0.05,0.802,0.0178211110764733,0.82,0.044,0,0.802,""
4,proj_link_plateau_upper_n1000,alternative,proj_null_link_n1000,1000,all,500,EDGE.sym.sc.Grule,0.1,0.888,0.014103616557465,0.904,0.082,0,0.888,""
4,proj_link_plateau_upper_n1000,alternative,proj_null_link_n1000,1000,all,500,HL.G10,0.01,0.306,0.0206089301032344,0.376,0.006,0,0.306,""
4,proj_link_plateau_upper_n1000,alternative,proj_null_link_n1000,1000,all,500,HL.G10,0.05,0.542,0.0222816516443463,0.618,0.034,0,0.542,""
4,proj_link_plateau_upper_n1000,alternative,proj_null_link_n1000,1000,all,500,HL.G10,0.1,0.65,0.0213307290077015,0.7,0.066,0,0.65,""
4,proj_link_plateau_upper_n1000,alternative,proj_null_link_n1000,1000,all,500,HL.Grule,0.01,0.1,0.0134164078649987,0.094,0.01,0,0.1,""
4,proj_link_plateau_upper_n1000,alternative,proj_null_link_n1000,1000,all,500,HL.Grule,0.05,0.27,0.0198544705293292,0.328,0.042,0,0.27,""
4,proj_link_plateau_upper_n1000,alternative,proj_null_link_n1000,1000,all,500,HL.Grule,0.1,0.402,0.0219269696948758,0.424,0.088,0,0.402,""
4,proj_link_plateau_upper_n1000,alternative,proj_null_link_n1000,1000,all,500,HLF.G10,0.01,0.306,0.0206089301032344,0.37,0.006,0,0.306,""
4,proj_link_plateau_upper_n1000,alternative,proj_null_link_n1000,1000,all,500,HLF.G10,0.05,0.536,0.0223026455829796,0.612,0.032,0,0.536,""
4,proj_link_plateau_upper_n1000,alternative,proj_null_link_n1000,1000,all,500,HLF.G10,0.1,0.648,0.0213586516428355,0.696,0.068,0,0.648,""
4,proj_link_plateau_upper_n1000,alternative,proj_null_link_n1000,1000,all,500,HLF.Grule,0.01,0.096,0.0131745208641529,0.088,0.01,0,0.096,""
4,proj_link_plateau_upper_n1000,alternative,proj_null_link_n1000,1000,all,500,HLF.Grule,0.05,0.258,0.0195671152702691,0.298,0.042,0,0.258,""
4,proj_link_plateau_upper_n1000,alternative,proj_null_link_n1000,1000,all,500,HLF.Grule,0.1,0.394,0.021852414054287,0.418,0.086,0,0.394,""
4,proj_link_plateau_upper_n1000,alternative,proj_null_link_n1000,1000,all,500,Stk.joint,0.01,0.508,0.0223578174247846,0.584,0.006,0,0.508,""
4,proj_link_plateau_upper_n1000,alternative,proj_null_link_n1000,1000,all,500,Stk.joint,0.05,0.728,0.0199005527561422,0.74,0.046,0,0.728,""
4,proj_link_plateau_upper_n1000,alternative,proj_null_link_n1000,1000,all,500,Stk.joint,0.1,0.828,0.0168769665520792,0.874,0.082,0,0.828,""
4,proj_link_plateau_upper_n1000,alternative,proj_null_link_n1000,1000,all,500,Stk.LR,0.01,0.494,0.022359069748091,0.528,0.006,0,0.494,""
4,proj_link_plateau_upper_n1000,alternative,proj_null_link_n1000,1000,all,500,Stk.LR,0.05,0.716,0.0201665068864194,0.736,0.04,0,0.716,""
4,proj_link_plateau_upper_n1000,alternative,proj_null_link_n1000,1000,all,500,Stk.LR,0.1,0.818,0.0172554918793989,0.866,0.082,0,0.818,""
4,proj_link_plateau_upper_n1000,alternative,proj_null_link_n1000,1000,all,500,Stk.sym1,0.01,0.598,0.0219269696948758,0.628,0.006,0,0.598,""
4,proj_link_plateau_upper_n1000,alternative,proj_null_link_n1000,1000,all,500,Stk.sym1,0.05,0.802,0.0178211110764733,0.838,0.04,0,0.802,""
4,proj_link_plateau_upper_n1000,alternative,proj_null_link_n1000,1000,all,500,Stk.sym1,0.1,0.9,0.0134164078649987,0.906,0.088,0,0.9,""
4,proj_link_plateau_upper_n1000,alternative,proj_null_link_n1000,1000,all,500,Stk.marg,0.01,0.328,0.020995999618975,0.326,0.01,0,0.328,""
4,proj_link_plateau_upper_n1000,alternative,proj_null_link_n1000,1000,all,500,Stk.marg,0.05,0.524,0.0223349054173059,0.518,0.056,0,0.524,""
4,proj_link_plateau_upper_n1000,alternative,proj_null_link_n1000,1000,all,500,Stk.marg,0.1,0.638,0.0214921380974532,0.642,0.096,0,0.638,""
4,proj_link_plateau_upper_n1000,alternative,proj_null_link_n1000,1000,all,500,GiViTI,0.01,0.27,0.0198544705293292,0.356,0.006,0,0.27,""
4,proj_link_plateau_upper_n1000,alternative,proj_null_link_n1000,1000,all,500,GiViTI,0.05,0.492,0.0223578174247846,0.532,0.038,0,0.492,""
4,proj_link_plateau_upper_n1000,alternative,proj_null_link_n1000,1000,all,500,GiViTI,0.1,0.612,0.0217924757657316,0.654,0.078,0,0.612,""
4,proj_link_plateau_upper_n1000,alternative,proj_null_link_n1000,1000,all,500,GiViTI.t50,0.01,0.378,0.0216848334095515,0.348,0.01,0,0.378,""
4,proj_link_plateau_upper_n1000,alternative,proj_null_link_n1000,1000,all,500,GiViTI.t50,0.05,0.596,0.0219446576642243,0.626,0.042,0,0.596,""
4,proj_link_plateau_upper_n1000,alternative,proj_null_link_n1000,1000,all,500,GiViTI.t50,0.1,0.708,0.0203340109176719,0.732,0.084,0,0.708,""
4,proj_link_plateau_upper_n1000,alternative,proj_null_link_n1000,1000,all,500,Cubic.LR,0.01,0.456,0.0222739309507774,0.502,0.006,0,0.456,""
4,proj_link_plateau_upper_n1000,alternative,proj_null_link_n1000,1000,all,500,Cubic.LR,0.05,0.696,0.0205710476155202,0.736,0.034,0,0.696,""
4,proj_link_plateau_upper_n1000,alternative,proj_null_link_n1000,1000,all,500,Cubic.LR,0.1,0.792,0.0181513635851415,0.842,0.078,0,0.792,""
4,proj_link_plateau_upper_n1000,alternative,proj_null_link_n1000,1000,all,500,HL_w,0.01,0.318,0.0208267136149706,0.34,0.006,0,0.318,""
4,proj_link_plateau_upper_n1000,alternative,proj_null_link_n1000,1000,all,500,HL_w,0.05,0.552,0.0222394244529844,0.616,0.03,0,0.552,""
4,proj_link_plateau_upper_n1000,alternative,proj_null_link_n1000,1000,all,500,HL_w,0.1,0.656,0.0212444816364156,0.694,0.07,0,0.656,""
4,proj_link_plateau_upper_n1000,alternative,proj_null_link_n1000,1000,all,500,PH,0.01,0.242,0.0191539029965174,0.376,0.004,0,0.242,""
4,proj_link_plateau_upper_n1000,alternative,proj_null_link_n1000,1000,all,500,PH,0.05,0.454,0.0222658482883541,0.616,0.018,0,0.454,""
4,proj_link_plateau_upper_n1000,alternative,proj_null_link_n1000,1000,all,500,PH,0.1,0.59,0.0219954540757858,0.696,0.04,0,0.59,""
4,proj_link_plateau_upper_n1000,alternative,proj_null_link_n1000,1000,all,500,Tsiatis,0.01,0.262,0.0196649942791754,0.256,0.01,0,0.262,""
4,proj_link_plateau_upper_n1000,alternative,proj_null_link_n1000,1000,all,500,Tsiatis,0.05,0.508,0.0223578174247846,0.506,0.05,0,0.508,""
4,proj_link_plateau_upper_n1000,alternative,proj_null_link_n1000,1000,all,500,Tsiatis,0.1,0.648,0.0213586516428355,0.69,0.082,0,0.648,""
4,proj_link_plateau_upper_n1000,alternative,proj_null_link_n1000,1000,all,500,Xie,0.01,0.22,0.0185256578830551,0.28,0.006,0,0.22,""
4,proj_link_plateau_upper_n1000,alternative,proj_null_link_n1000,1000,all,500,Xie,0.05,0.47,0.0223203942617508,0.55,0.028,0,0.47,""
4,proj_link_plateau_upper_n1000,alternative,proj_null_link_n1000,1000,all,500,Xie,0.1,0.596,0.0219446576642243,0.648,0.074,0,0.596,""
4,proj_link_plateau_upper_n1000,alternative,proj_null_link_n1000,1000,all,500,PR,0.01,0.052,0.00992935043192655,0.048,0.01,0,0.052,""
4,proj_link_plateau_upper_n1000,alternative,proj_null_link_n1000,1000,all,500,PR,0.05,0.2,0.0178885438199983,0.156,0.074,0,0.2,""
4,proj_link_plateau_upper_n1000,alternative,proj_null_link_n1000,1000,all,500,PR,0.1,0.328,0.020995999618975,0.266,0.136,0,0.328,""
4,proj_link_plateau_upper_n1000,alternative,proj_null_link_n1000,1000,all,500,proj,0.01,0.392,0.0218328193323721,0.452,0.006,0,0.392,""
4,proj_link_plateau_upper_n1000,alternative,proj_null_link_n1000,1000,all,500,proj,0.05,0.626,0.0216390387956582,0.664,0.048,0,0.626,""
4,proj_link_plateau_upper_n1000,alternative,proj_null_link_n1000,1000,all,500,proj,0.1,0.744,0.0195173768729304,0.744,0.1,0,0.744,""
4,proj_link_plateau_lower_n500,alternative,proj_null_link_n500,500,all,500,flag.evlt.G10,,0,,,,0,,flag rate: share of replicates with the flag = 1
4,proj_link_plateau_lower_n500,alternative,proj_null_link_n500,500,all,500,flag.evlt.Grule,,0,,,,0,,flag rate: share of replicates with the flag = 1
4,proj_link_plateau_lower_n500,alternative,proj_null_link_n500,500,all,500,flag.stk_half0,,0,,,,0,,flag rate: share of replicates with the flag = 1
4,proj_link_plateau_lower_n500,alternative,proj_null_link_n500,500,all,500,flag.stk_diag,,0,,,,0,,flag rate: share of replicates with the flag = 1
4,proj_link_plateau_lower_n500,alternative,proj_null_link_n500,500,all,500,flag.rivals_run,,1,,,,0,,flag rate: share of replicates with the flag = 1
4,proj_link_plateau_lower_n500,alternative,proj_null_link_n500,500,all,500,flag.degenerate,,0,,,,0,,flag rate: share of replicates with the flag = 1
4,proj_link_plateau_lower_n500,alternative,proj_null_link_n500,500,all,500,flag.info_guard,,0,,,,0,,flag rate: share of replicates with the flag = 1
4,proj_link_plateau_lower_n500,alternative,proj_null_link_n500,500,all,500,flag.rep_error,,0,,,,0,,flag rate: share of replicates with the flag = 1
4,proj_link_plateau_lower_n500,alternative,proj_null_link_n500,500,all,500,EDGE.poly3.u.G10,0.01,0.052,0.00992935043192655,0.058,0.008,0,0.052,""
4,proj_link_plateau_lower_n500,alternative,proj_null_link_n500,500,all,500,EDGE.poly3.u.G10,0.05,0.148,0.0158805541465026,0.132,0.068,0,0.148,""
4,proj_link_plateau_lower_n500,alternative,proj_null_link_n500,500,all,500,EDGE.poly3.u.G10,0.1,0.248,0.0193130008025682,0.21,0.114,0,0.248,""
4,proj_link_plateau_lower_n500,alternative,proj_null_link_n500,500,all,500,EDGE.poly3.sc.G10,0.01,0.054,0.0101078187557949,0.06,0.008,0,0.054,""
4,proj_link_plateau_lower_n500,alternative,proj_null_link_n500,500,all,500,EDGE.poly3.sc.G10,0.05,0.136,0.0153299706457645,0.136,0.05,0,0.136,""
4,proj_link_plateau_lower_n500,alternative,proj_null_link_n500,500,all,500,EDGE.poly3.sc.G10,0.1,0.232,0.0188772879408034,0.222,0.112,0,0.232,""
4,proj_link_plateau_lower_n500,alternative,proj_null_link_n500,500,all,500,EDGE.poly2.u.G10,0.01,0.012,0.00486949689393062,0.016,0.008,0,0.012,""
4,proj_link_plateau_lower_n500,alternative,proj_null_link_n500,500,all,500,EDGE.poly2.u.G10,0.05,0.054,0.0101078187557949,0.048,0.062,0,0.054,""
4,proj_link_plateau_lower_n500,alternative,proj_null_link_n500,500,all,500,EDGE.poly2.u.G10,0.1,0.11,0.0139928553197694,0.084,0.104,0,0.11,""
4,proj_link_plateau_lower_n500,alternative,proj_null_link_n500,500,all,500,EDGE.poly2.sc.G10,0.01,0.02,0.00626099033699941,0.02,0.008,0,0.02,""
4,proj_link_plateau_lower_n500,alternative,proj_null_link_n500,500,all,500,EDGE.poly2.sc.G10,0.05,0.084,0.0124051602166195,0.084,0.052,0,0.084,""
4,proj_link_plateau_lower_n500,alternative,proj_null_link_n500,500,all,500,EDGE.poly2.sc.G10,0.1,0.158,0.0163117135825762,0.144,0.106,0,0.158,""
4,proj_link_plateau_lower_n500,alternative,proj_null_link_n500,500,all,500,EDGE.stk.u.G10,0.01,0.066,0.0111035129576184,0.076,0.008,0,0.066,""
4,proj_link_plateau_lower_n500,alternative,proj_null_link_n500,500,all,500,EDGE.stk.u.G10,0.05,0.186,0.0174013792556797,0.142,0.064,0,0.186,""
4,proj_link_plateau_lower_n500,alternative,proj_null_link_n500,500,all,500,EDGE.stk.u.G10,0.1,0.302,0.0205327056181108,0.292,0.102,0,0.302,""
4,proj_link_plateau_lower_n500,alternative,proj_null_link_n500,500,all,500,EDGE.stk.sc.G10,0.01,0.044,0.00917213170424411,0.064,0.008,0,0.044,""
4,proj_link_plateau_lower_n500,alternative,proj_null_link_n500,500,all,500,EDGE.stk.sc.G10,0.05,0.136,0.0153299706457645,0.132,0.052,0,0.136,""
4,proj_link_plateau_lower_n500,alternative,proj_null_link_n500,500,all,500,EDGE.stk.sc.G10,0.1,0.234,0.0189337793374698,0.222,0.102,0,0.234,""
4,proj_link_plateau_lower_n500,alternative,proj_null_link_n500,500,all,500,EDGE.sym.u.G10,0.01,0.046,0.00936845771725528,0.054,0.006,0,0.046,""
4,proj_link_plateau_lower_n500,alternative,proj_null_link_n500,500,all,500,EDGE.sym.u.G10,0.05,0.18,0.0171813852759316,0.152,0.058,0,0.18,""
4,proj_link_plateau_lower_n500,alternative,proj_null_link_n500,500,all,500,EDGE.sym.u.G10,0.1,0.268,0.0198078772209442,0.266,0.102,0,0.268,""
4,proj_link_plateau_lower_n500,alternative,proj_null_link_n500,500,all,500,EDGE.sym.sc.G10,0.01,0.042,0.00897061870775924,0.036,0.01,0,0.042,""
4,proj_link_plateau_lower_n500,alternative,proj_null_link_n500,500,all,500,EDGE.sym.sc.G10,0.05,0.176,0.017030795636141,0.146,0.056,0,0.176,""
4,proj_link_plateau_lower_n500,alternative,proj_null_link_n500,500,all,500,EDGE.sym.sc.G10,0.1,0.28,0.0200798406368178,0.278,0.102,0,0.28,""
4,proj_link_plateau_lower_n500,alternative,proj_null_link_n500,500,all,500,EDGE.poly3.u.Grule,0.01,0.052,0.00992935043192655,0.044,0.014,0,0.052,""
4,proj_link_plateau_lower_n500,alternative,proj_null_link_n500,500,all,500,EDGE.poly3.u.Grule,0.05,0.15,0.0159687194226713,0.16,0.042,0,0.15,""
4,proj_link_plateau_lower_n500,alternative,proj_null_link_n500,500,all,500,EDGE.poly3.u.Grule,0.1,0.274,0.0199461274436919,0.224,0.124,0,0.274,""
4,proj_link_plateau_lower_n500,alternative,proj_null_link_n500,500,all,500,EDGE.poly3.sc.Grule,0.01,0.052,0.00992935043192655,0.054,0.004,0,0.052,""
4,proj_link_plateau_lower_n500,alternative,proj_null_link_n500,500,all,500,EDGE.poly3.sc.Grule,0.05,0.126,0.0148407546977908,0.104,0.056,0,0.126,""
4,proj_link_plateau_lower_n500,alternative,proj_null_link_n500,500,all,500,EDGE.poly3.sc.Grule,0.1,0.226,0.0187042241218394,0.206,0.11,0,0.226,""
4,proj_link_plateau_lower_n500,alternative,proj_null_link_n500,500,all,500,EDGE.poly2.u.Grule,0.01,0.01,0.0044497190922574,0.012,0.006,0,0.01,""
4,proj_link_plateau_lower_n500,alternative,proj_null_link_n500,500,all,500,EDGE.poly2.u.Grule,0.05,0.056,0.0102824121683582,0.046,0.058,0,0.056,""
4,proj_link_plateau_lower_n500,alternative,proj_null_link_n500,500,all,500,EDGE.poly2.u.Grule,0.1,0.116,0.0143208938268531,0.094,0.118,0,0.116,""
4,proj_link_plateau_lower_n500,alternative,proj_null_link_n500,500,all,500,EDGE.poly2.sc.Grule,0.01,0.026,0.00711674082709213,0.032,0.008,0,0.026,""
4,proj_link_plateau_lower_n500,alternative,proj_null_link_n500,500,all,500,EDGE.poly2.sc.Grule,0.05,0.094,0.0130509769749241,0.084,0.054,0,0.094,""
4,proj_link_plateau_lower_n500,alternative,proj_null_link_n500,500,all,500,EDGE.poly2.sc.Grule,0.1,0.184,0.0173288199251998,0.17,0.104,0,0.184,""
4,proj_link_plateau_lower_n500,alternative,proj_null_link_n500,500,all,500,EDGE.stk.u.Grule,0.01,0.064,0.0109456840809517,0.064,0.01,0,0.064,""
4,proj_link_plateau_lower_n500,alternative,proj_null_link_n500,500,all,500,EDGE.stk.u.Grule,0.05,0.206,0.0180866801818355,0.236,0.044,0,0.206,""
4,proj_link_plateau_lower_n500,alternative,proj_null_link_n500,500,all,500,EDGE.stk.u.Grule,0.1,0.32,0.0208614476966485,0.292,0.108,0,0.32,""
4,proj_link_plateau_lower_n500,alternative,proj_null_link_n500,500,all,500,EDGE.stk.sc.Grule,0.01,0.054,0.0101078187557949,0.056,0.006,0,0.054,""
4,proj_link_plateau_lower_n500,alternative,proj_null_link_n500,500,all,500,EDGE.stk.sc.Grule,0.05,0.14,0.0155177317930167,0.116,0.056,0,0.14,""
4,proj_link_plateau_lower_n500,alternative,proj_null_link_n500,500,all,500,EDGE.stk.sc.Grule,0.1,0.236,0.0189896814085966,0.224,0.102,0,0.236,""
4,proj_link_plateau_lower_n500,alternative,proj_null_link_n500,500,all,500,EDGE.sym.u.Grule,0.01,0.052,0.00992935043192655,0.036,0.012,0,0.052,""
4,proj_link_plateau_lower_n500,alternative,proj_null_link_n500,500,all,500,EDGE.sym.u.Grule,0.05,0.196,0.017752971582245,0.212,0.042,0,0.196,""
4,proj_link_plateau_lower_n500,alternative,proj_null_link_n500,500,all,500,EDGE.sym.u.Grule,0.1,0.328,0.020995999618975,0.292,0.114,0,0.328,""
4,proj_link_plateau_lower_n500,alternative,proj_null_link_n500,500,all,500,EDGE.sym.sc.Grule,0.01,0.056,0.0102824121683582,0.04,0.01,0,0.056,""
4,proj_link_plateau_lower_n500,alternative,proj_null_link_n500,500,all,500,EDGE.sym.sc.Grule,0.05,0.212,0.0182787308093314,0.176,0.064,0,0.212,""
4,proj_link_plateau_lower_n500,alternative,proj_null_link_n500,500,all,500,EDGE.sym.sc.Grule,0.1,0.33,0.0210285520186246,0.282,0.13,0,0.33,""
4,proj_link_plateau_lower_n500,alternative,proj_null_link_n500,500,all,500,HL.G10,0.01,0.052,0.00992935043192655,0.044,0.01,0,0.052,""
4,proj_link_plateau_lower_n500,alternative,proj_null_link_n500,500,all,500,HL.G10,0.05,0.138,0.01542439626047,0.138,0.05,0,0.138,""
4,proj_link_plateau_lower_n500,alternative,proj_null_link_n500,500,all,500,HL.G10,0.1,0.248,0.0193130008025682,0.262,0.088,0,0.248,""
4,proj_link_plateau_lower_n500,alternative,proj_null_link_n500,500,all,500,HL.Grule,0.01,0.022,0.00655987804764692,0.022,0.01,0,0.022,""
4,proj_link_plateau_lower_n500,alternative,proj_null_link_n500,500,all,500,HL.Grule,0.05,0.11,0.0139928553197694,0.13,0.04,0,0.11,""
4,proj_link_plateau_lower_n500,alternative,proj_null_link_n500,500,all,500,HL.Grule,0.1,0.194,0.0176841171676734,0.184,0.108,0,0.194,""
4,proj_link_plateau_lower_n500,alternative,proj_null_link_n500,500,all,500,HLF.G10,0.01,0.052,0.00992935043192655,0.044,0.012,0,0.052,""
4,proj_link_plateau_lower_n500,alternative,proj_null_link_n500,500,all,500,HLF.G10,0.05,0.138,0.01542439626047,0.138,0.05,0,0.138,""
4,proj_link_plateau_lower_n500,alternative,proj_null_link_n500,500,all,500,HLF.G10,0.1,0.246,0.0192605295877346,0.258,0.088,0,0.246,""
4,proj_link_plateau_lower_n500,alternative,proj_null_link_n500,500,all,500,HLF.Grule,0.01,0.022,0.00655987804764692,0.022,0.01,0,0.022,""
4,proj_link_plateau_lower_n500,alternative,proj_null_link_n500,500,all,500,HLF.Grule,0.05,0.112,0.014103616557465,0.128,0.042,0,0.112,""
4,proj_link_plateau_lower_n500,alternative,proj_null_link_n500,500,all,500,HLF.Grule,0.1,0.186,0.0174013792556797,0.186,0.106,0,0.186,""
4,proj_link_plateau_lower_n500,alternative,proj_null_link_n500,500,all,500,Stk.joint,0.01,0.058,0.0104533248299285,0.058,0.014,0,0.058,""
4,proj_link_plateau_lower_n500,alternative,proj_null_link_n500,500,all,500,Stk.joint,0.05,0.18,0.0171813852759316,0.18,0.046,0,0.18,""
4,proj_link_plateau_lower_n500,alternative,proj_null_link_n500,500,all,500,Stk.joint,0.1,0.284,0.0201665068864194,0.254,0.116,0,0.284,""
4,proj_link_plateau_lower_n500,alternative,proj_null_link_n500,500,all,500,Stk.LR,0.01,0.058,0.0104533248299285,0.044,0.01,0,0.058,""
4,proj_link_plateau_lower_n500,alternative,proj_null_link_n500,500,all,500,Stk.LR,0.05,0.168,0.0167198086113448,0.166,0.054,0,0.168,""
4,proj_link_plateau_lower_n500,alternative,proj_null_link_n500,500,all,500,Stk.LR,0.1,0.272,0.0199005527561422,0.244,0.122,0,0.272,""
4,proj_link_plateau_lower_n500,alternative,proj_null_link_n500,500,all,500,Stk.sym1,0.01,0.076,0.0118510759005248,0.078,0.008,0,0.076,""
4,proj_link_plateau_lower_n500,alternative,proj_null_link_n500,500,all,500,Stk.sym1,0.05,0.226,0.0187042241218394,0.248,0.048,0,0.226,""
4,proj_link_plateau_lower_n500,alternative,proj_null_link_n500,500,all,500,Stk.sym1,0.1,0.356,0.0214132669156297,0.334,0.114,0,0.356,""
4,proj_link_plateau_lower_n500,alternative,proj_null_link_n500,500,all,500,Stk.marg,0.01,0.034,0.00810481338464989,0.012,0.022,0,0.034,""
4,proj_link_plateau_lower_n500,alternative,proj_null_link_n500,500,all,500,Stk.marg,0.05,0.086,0.0125382614424808,0.05,0.086,0,0.086,""
4,proj_link_plateau_lower_n500,alternative,proj_null_link_n500,500,all,500,Stk.marg,0.1,0.152,0.0160559023415067,0.104,0.132,0,0.152,""
4,proj_link_plateau_lower_n500,alternative,proj_null_link_n500,500,all,500,GiViTI,0.01,0.012,0.00486949689393062,0.012,0.01,0,0.012,""
4,proj_link_plateau_lower_n500,alternative,proj_null_link_n500,500,all,500,GiViTI,0.05,0.066,0.0111035129576184,0.048,0.056,0,0.066,""
4,proj_link_plateau_lower_n500,alternative,proj_null_link_n500,500,all,500,GiViTI,0.1,0.13,0.0150399468084166,0.106,0.118,0,0.13,""
4,proj_link_plateau_lower_n500,alternative,proj_null_link_n500,500,all,500,GiViTI.t50,0.01,0.04,0.00876356092008266,0.04,0.012,0,0.04,""
4,proj_link_plateau_lower_n500,alternative,proj_null_link_n500,500,all,500,GiViTI.t50,0.05,0.11,0.0139928553197694,0.12,0.046,0,0.11,""
4,proj_link_plateau_lower_n500,alternative,proj_null_link_n500,500,all,500,GiViTI.t50,0.1,0.206,0.0180866801818355,0.198,0.102,0,0.206,""
4,proj_link_plateau_lower_n500,alternative,proj_null_link_n500,500,all,500,Cubic.LR,0.01,0.048,0.00955991631762538,0.062,0.008,0,0.048,""
4,proj_link_plateau_lower_n500,alternative,proj_null_link_n500,500,all,500,Cubic.LR,0.05,0.146,0.015791390059143,0.154,0.038,0,0.146,""
4,proj_link_plateau_lower_n500,alternative,proj_null_link_n500,500,all,500,Cubic.LR,0.1,0.23,0.0188202019117756,0.236,0.098,0,0.23,""
4,proj_link_plateau_lower_n500,alternative,proj_null_link_n500,500,all,500,HL_w,0.01,0.056,0.0102824121683582,0.046,0.01,0,0.056,""
4,proj_link_plateau_lower_n500,alternative,proj_null_link_n500,500,all,500,HL_w,0.05,0.142,0.0156099967969247,0.146,0.046,0,0.142,""
4,proj_link_plateau_lower_n500,alternative,proj_null_link_n500,500,all,500,HL_w,0.1,0.224,0.0186453211289052,0.24,0.09,0,0.224,""
4,proj_link_plateau_lower_n500,alternative,proj_null_link_n500,500,all,500,PH,0.01,0.022,0.00655987804764692,0.044,0.004,0,0.022,""
4,proj_link_plateau_lower_n500,alternative,proj_null_link_n500,500,all,500,PH,0.05,0.102,0.0135348439222623,0.138,0.026,0,0.102,""
4,proj_link_plateau_lower_n500,alternative,proj_null_link_n500,500,all,500,PH,0.1,0.178,0.0171064899964896,0.262,0.066,0,0.178,""
4,proj_link_plateau_lower_n500,alternative,proj_null_link_n500,500,all,500,Tsiatis,0.01,0.038,0.00855055553750749,0.036,0.012,0,0.038,""
4,proj_link_plateau_lower_n500,alternative,proj_null_link_n500,500,all,500,Tsiatis,0.05,0.142,0.0156099967969247,0.15,0.044,0,0.142,""
4,proj_link_plateau_lower_n500,alternative,proj_null_link_n500,500,all,500,Tsiatis,0.1,0.224,0.0186453211289052,0.23,0.092,0,0.224,""
4,proj_link_plateau_lower_n500,alternative,proj_null_link_n500,500,all,500,Xie,0.01,0.024,0.00684455988358638,0.032,0.006,0,0.024,""
4,proj_link_plateau_lower_n500,alternative,proj_null_link_n500,500,all,500,Xie,0.05,0.084,0.0124051602166195,0.112,0.036,0,0.084,""
4,proj_link_plateau_lower_n500,alternative,proj_null_link_n500,500,all,500,Xie,0.1,0.146,0.015791390059143,0.158,0.09,0,0.146,""
4,proj_link_plateau_lower_n500,alternative,proj_null_link_n500,500,all,500,PR,0.01,0.01,0.0044497190922574,0.01,0.01,0,0.01,""
4,proj_link_plateau_lower_n500,alternative,proj_null_link_n500,500,all,500,PR,0.05,0.066,0.0111035129576184,0.062,0.068,0,0.066,""
4,proj_link_plateau_lower_n500,alternative,proj_null_link_n500,500,all,500,PR,0.1,0.136,0.0153299706457645,0.102,0.124,0,0.136,""
4,proj_link_plateau_lower_n500,alternative,proj_null_link_n500,500,all,500,proj,0.01,0.044,0.00917213170424411,0.034,0.018,0,0.044,""
4,proj_link_plateau_lower_n500,alternative,proj_null_link_n500,500,all,500,proj,0.05,0.132,0.0151377673386798,0.102,0.068,0,0.132,""
4,proj_link_plateau_lower_n500,alternative,proj_null_link_n500,500,all,500,proj,0.1,0.224,0.0186453211289052,0.184,0.132,0,0.224,""
4,proj_link_plateau_lower_n1000,alternative,proj_null_link_n1000,1000,all,500,flag.evlt.G10,,0,,,,0,,flag rate: share of replicates with the flag = 1
4,proj_link_plateau_lower_n1000,alternative,proj_null_link_n1000,1000,all,500,flag.evlt.Grule,,0,,,,0,,flag rate: share of replicates with the flag = 1
4,proj_link_plateau_lower_n1000,alternative,proj_null_link_n1000,1000,all,500,flag.stk_half0,,0,,,,0,,flag rate: share of replicates with the flag = 1
4,proj_link_plateau_lower_n1000,alternative,proj_null_link_n1000,1000,all,500,flag.stk_diag,,0,,,,0,,flag rate: share of replicates with the flag = 1
4,proj_link_plateau_lower_n1000,alternative,proj_null_link_n1000,1000,all,500,flag.rivals_run,,1,,,,0,,flag rate: share of replicates with the flag = 1
4,proj_link_plateau_lower_n1000,alternative,proj_null_link_n1000,1000,all,500,flag.degenerate,,0,,,,0,,flag rate: share of replicates with the flag = 1
4,proj_link_plateau_lower_n1000,alternative,proj_null_link_n1000,1000,all,500,flag.info_guard,,0,,,,0,,flag rate: share of replicates with the flag = 1
4,proj_link_plateau_lower_n1000,alternative,proj_null_link_n1000,1000,all,500,flag.rep_error,,0,,,,0,,flag rate: share of replicates with the flag = 1
4,proj_link_plateau_lower_n1000,alternative,proj_null_link_n1000,1000,all,500,EDGE.poly3.u.G10,0.01,0.172,0.0168769665520792,0.186,0.006,0,0.172,""
4,proj_link_plateau_lower_n1000,alternative,proj_null_link_n1000,1000,all,500,EDGE.poly3.u.G10,0.05,0.366,0.0215427017804174,0.39,0.042,0,0.366,""
4,proj_link_plateau_lower_n1000,alternative,proj_null_link_n1000,1000,all,500,EDGE.poly3.u.G10,0.1,0.462,0.0222960086114085,0.506,0.082,0,0.462,""
4,proj_link_plateau_lower_n1000,alternative,proj_null_link_n1000,1000,all,500,EDGE.poly3.sc.G10,0.01,0.134,0.0152344346793703,0.18,0.004,0,0.134,""
4,proj_link_plateau_lower_n1000,alternative,proj_null_link_n1000,1000,all,500,EDGE.poly3.sc.G10,0.05,0.314,0.0207559148196364,0.316,0.046,0,0.314,""
4,proj_link_plateau_lower_n1000,alternative,proj_null_link_n1000,1000,all,500,EDGE.poly3.sc.G10,0.1,0.446,0.0222298897883008,0.452,0.094,0,0.446,""
4,proj_link_plateau_lower_n1000,alternative,proj_null_link_n1000,1000,all,500,EDGE.poly2.u.G10,0.01,0.026,0.00711674082709213,0.026,0.008,0,0.026,""
4,proj_link_plateau_lower_n1000,alternative,proj_null_link_n1000,1000,all,500,EDGE.poly2.u.G10,0.05,0.074,0.0117067501895274,0.098,0.036,0,0.074,""
4,proj_link_plateau_lower_n1000,alternative,proj_null_link_n1000,1000,all,500,EDGE.poly2.u.G10,0.1,0.128,0.0149409504383088,0.136,0.092,0,0.128,""
4,proj_link_plateau_lower_n1000,alternative,proj_null_link_n1000,1000,all,500,EDGE.poly2.sc.G10,0.01,0.046,0.00936845771725528,0.05,0.006,0,0.046,""
4,proj_link_plateau_lower_n1000,alternative,proj_null_link_n1000,1000,all,500,EDGE.poly2.sc.G10,0.05,0.142,0.0156099967969247,0.168,0.04,0,0.142,""
4,proj_link_plateau_lower_n1000,alternative,proj_null_link_n1000,1000,all,500,EDGE.poly2.sc.G10,0.1,0.22,0.0185256578830551,0.22,0.1,0,0.22,""
4,proj_link_plateau_lower_n1000,alternative,proj_null_link_n1000,1000,all,500,EDGE.stk.u.G10,0.01,0.212,0.0182787308093314,0.254,0.004,0,0.212,""
4,proj_link_plateau_lower_n1000,alternative,proj_null_link_n1000,1000,all,500,EDGE.stk.u.G10,0.05,0.4,0.0219089023002066,0.426,0.048,0,0.4,""
4,proj_link_plateau_lower_n1000,alternative,proj_null_link_n1000,1000,all,500,EDGE.stk.u.G10,0.1,0.514,0.0223519126698366,0.548,0.074,0,0.514,""
4,proj_link_plateau_lower_n1000,alternative,proj_null_link_n1000,1000,all,500,EDGE.stk.sc.G10,0.01,0.144,0.0157012101444443,0.162,0.006,0,0.144,""
4,proj_link_plateau_lower_n1000,alternative,proj_null_link_n1000,1000,all,500,EDGE.stk.sc.G10,0.05,0.32,0.0208614476966485,0.322,0.046,0,0.32,""
4,proj_link_plateau_lower_n1000,alternative,proj_null_link_n1000,1000,all,500,EDGE.stk.sc.G10,0.1,0.452,0.0222574032627349,0.46,0.096,0,0.452,""
4,proj_link_plateau_lower_n1000,alternative,proj_null_link_n1000,1000,all,500,EDGE.sym.u.G10,0.01,0.156,0.0162273842624127,0.168,0.004,0,0.156,""
4,proj_link_plateau_lower_n1000,alternative,proj_null_link_n1000,1000,all,500,EDGE.sym.u.G10,0.05,0.336,0.0211236360506424,0.348,0.044,0,0.336,""
4,proj_link_plateau_lower_n1000,alternative,proj_null_link_n1000,1000,all,500,EDGE.sym.u.G10,0.1,0.438,0.0221881049213312,0.438,0.102,0,0.438,""
4,proj_link_plateau_lower_n1000,alternative,proj_null_link_n1000,1000,all,500,EDGE.sym.sc.G10,0.01,0.14,0.0155177317930167,0.178,0.006,0,0.14,""
4,proj_link_plateau_lower_n1000,alternative,proj_null_link_n1000,1000,all,500,EDGE.sym.sc.G10,0.05,0.334,0.0210923682880799,0.324,0.05,0,0.334,""
4,proj_link_plateau_lower_n1000,alternative,proj_null_link_n1000,1000,all,500,EDGE.sym.sc.G10,0.1,0.422,0.0220869192057199,0.422,0.104,0,0.422,""
4,proj_link_plateau_lower_n1000,alternative,proj_null_link_n1000,1000,all,500,EDGE.poly3.u.Grule,0.01,0.198,0.0178211110764733,0.228,0.004,0,0.198,""
4,proj_link_plateau_lower_n1000,alternative,proj_null_link_n1000,1000,all,500,EDGE.poly3.u.Grule,0.05,0.372,0.0216155499583055,0.386,0.036,0,0.372,""
4,proj_link_plateau_lower_n1000,alternative,proj_null_link_n1000,1000,all,500,EDGE.poly3.u.Grule,0.1,0.518,0.0223461853567897,0.554,0.082,0,0.518,""
4,proj_link_plateau_lower_n1000,alternative,proj_null_link_n1000,1000,all,500,EDGE.poly3.sc.Grule,0.01,0.156,0.0162273842624127,0.208,0.004,0,0.156,""
4,proj_link_plateau_lower_n1000,alternative,proj_null_link_n1000,1000,all,500,EDGE.poly3.sc.Grule,0.05,0.346,0.021273645667821,0.416,0.034,0,0.346,""
4,proj_link_plateau_lower_n1000,alternative,proj_null_link_n1000,1000,all,500,EDGE.poly3.sc.Grule,0.1,0.458,0.0222816516443463,0.5,0.068,0,0.458,""
4,proj_link_plateau_lower_n1000,alternative,proj_null_link_n1000,1000,all,500,EDGE.poly2.u.Grule,0.01,0.02,0.00626099033699941,0.032,0.006,0,0.02,""
4,proj_link_plateau_lower_n1000,alternative,proj_null_link_n1000,1000,all,500,EDGE.poly2.u.Grule,0.05,0.068,0.0112584190719657,0.094,0.038,0,0.068,""
4,proj_link_plateau_lower_n1000,alternative,proj_null_link_n1000,1000,all,500,EDGE.poly2.u.Grule,0.1,0.134,0.0152344346793703,0.164,0.086,0,0.134,""
4,proj_link_plateau_lower_n1000,alternative,proj_null_link_n1000,1000,all,500,EDGE.poly2.sc.Grule,0.01,0.132,0.0151377673386798,0.138,0.006,0,0.132,""
4,proj_link_plateau_lower_n1000,alternative,proj_null_link_n1000,1000,all,500,EDGE.poly2.sc.Grule,0.05,0.292,0.0203340109176719,0.32,0.038,0,0.292,""
4,proj_link_plateau_lower_n1000,alternative,proj_null_link_n1000,1000,all,500,EDGE.poly2.sc.Grule,0.1,0.41,0.0219954540757858,0.448,0.08,0,0.41,""
4,proj_link_plateau_lower_n1000,alternative,proj_null_link_n1000,1000,all,500,EDGE.stk.u.Grule,0.01,0.236,0.0189896814085966,0.228,0.01,0,0.236,""
4,proj_link_plateau_lower_n1000,alternative,proj_null_link_n1000,1000,all,500,EDGE.stk.u.Grule,0.05,0.438,0.0221881049213312,0.438,0.048,0,0.438,""
4,proj_link_plateau_lower_n1000,alternative,proj_null_link_n1000,1000,all,500,EDGE.stk.u.Grule,0.1,0.57,0.0221404606998138,0.59,0.07,0,0.57,""
4,proj_link_plateau_lower_n1000,alternative,proj_null_link_n1000,1000,all,500,EDGE.stk.sc.Grule,0.01,0.156,0.0162273842624127,0.184,0.008,0,0.156,""
4,proj_link_plateau_lower_n1000,alternative,proj_null_link_n1000,1000,all,500,EDGE.stk.sc.Grule,0.05,0.346,0.021273645667821,0.414,0.036,0,0.346,""
4,proj_link_plateau_lower_n1000,alternative,proj_null_link_n1000,1000,all,500,EDGE.stk.sc.Grule,0.1,0.452,0.0222574032627349,0.498,0.07,0,0.452,""
4,proj_link_plateau_lower_n1000,alternative,proj_null_link_n1000,1000,all,500,EDGE.sym.u.Grule,0.01,0.212,0.0182787308093314,0.216,0.006,0,0.212,""
4,proj_link_plateau_lower_n1000,alternative,proj_null_link_n1000,1000,all,500,EDGE.sym.u.Grule,0.05,0.434,0.0221650174825106,0.476,0.042,0,0.434,""
4,proj_link_plateau_lower_n1000,alternative,proj_null_link_n1000,1000,all,500,EDGE.sym.u.Grule,0.1,0.56,0.0221990990808186,0.584,0.084,0,0.56,""
4,proj_link_plateau_lower_n1000,alternative,proj_null_link_n1000,1000,all,500,EDGE.sym.sc.Grule,0.01,0.22,0.0185256578830551,0.24,0.006,0,0.22,""
4,proj_link_plateau_lower_n1000,alternative,proj_null_link_n1000,1000,all,500,EDGE.sym.sc.Grule,0.05,0.452,0.0222574032627349,0.484,0.044,0,0.452,""
4,proj_link_plateau_lower_n1000,alternative,proj_null_link_n1000,1000,all,500,EDGE.sym.sc.Grule,0.1,0.572,0.022127629787214,0.594,0.082,0,0.572,""
4,proj_link_plateau_lower_n1000,alternative,proj_null_link_n1000,1000,all,500,HL.G10,0.01,0.128,0.0149409504383088,0.188,0.006,0,0.128,""
4,proj_link_plateau_lower_n1000,alternative,proj_null_link_n1000,1000,all,500,HL.G10,0.05,0.338,0.0211544794310803,0.41,0.034,0,0.338,""
4,proj_link_plateau_lower_n1000,alternative,proj_null_link_n1000,1000,all,500,HL.G10,0.1,0.432,0.0221529230576915,0.478,0.066,0,0.432,""
4,proj_link_plateau_lower_n1000,alternative,proj_null_link_n1000,1000,all,500,HL.Grule,0.01,0.046,0.00936845771725528,0.044,0.01,0,0.046,""
4,proj_link_plateau_lower_n1000,alternative,proj_null_link_n1000,1000,all,500,HL.Grule,0.05,0.168,0.0167198086113448,0.2,0.042,0,0.168,""
4,proj_link_plateau_lower_n1000,alternative,proj_null_link_n1000,1000,all,500,HL.Grule,0.1,0.274,0.0199461274436919,0.286,0.088,0,0.274,""
4,proj_link_plateau_lower_n1000,alternative,proj_null_link_n1000,1000,all,500,HLF.G10,0.01,0.128,0.0149409504383088,0.184,0.006,0,0.128,""
4,proj_link_plateau_lower_n1000,alternative,proj_null_link_n1000,1000,all,500,HLF.G10,0.05,0.332,0.0210606742532142,0.408,0.032,0,0.332,""
4,proj_link_plateau_lower_n1000,alternative,proj_null_link_n1000,1000,all,500,HLF.G10,0.1,0.434,0.0221650174825106,0.476,0.068,0,0.434,""
4,proj_link_plateau_lower_n1000,alternative,proj_null_link_n1000,1000,all,500,HLF.Grule,0.01,0.042,0.00897061870775924,0.04,0.01,0,0.042,""
4,proj_link_plateau_lower_n1000,alternative,proj_null_link_n1000,1000,all,500,HLF.Grule,0.05,0.162,0.016477621187538,0.192,0.042,0,0.162,""
4,proj_link_plateau_lower_n1000,alternative,proj_null_link_n1000,1000,all,500,HLF.Grule,0.1,0.268,0.0198078772209442,0.286,0.086,0,0.268,""
4,proj_link_plateau_lower_n1000,alternative,proj_null_link_n1000,1000,all,500,Stk.joint,0.01,0.2,0.0178885438199983,0.262,0.006,0,0.2,""
4,proj_link_plateau_lower_n1000,alternative,proj_null_link_n1000,1000,all,500,Stk.joint,0.05,0.398,0.0218904545407353,0.406,0.046,0,0.398,""
4,proj_link_plateau_lower_n1000,alternative,proj_null_link_n1000,1000,all,500,Stk.joint,0.1,0.54,0.0222890107452081,0.586,0.082,0,0.54,""
4,proj_link_plateau_lower_n1000,alternative,proj_null_link_n1000,1000,all,500,Stk.LR,0.01,0.182,0.0172554918793989,0.212,0.006,0,0.182,""
4,proj_link_plateau_lower_n1000,alternative,proj_null_link_n1000,1000,all,500,Stk.LR,0.05,0.376,0.0216621328589777,0.4,0.04,0,0.376,""
4,proj_link_plateau_lower_n1000,alternative,proj_null_link_n1000,1000,all,500,Stk.LR,0.1,0.528,0.0223255906976725,0.58,0.082,0,0.528,""
4,proj_link_plateau_lower_n1000,alternative,proj_null_link_n1000,1000,all,500,Stk.sym1,0.01,0.228,0.0187625158227781,0.278,0.006,0,0.228,""
4,proj_link_plateau_lower_n1000,alternative,proj_null_link_n1000,1000,all,500,Stk.sym1,0.05,0.468,0.0223148381127894,0.518,0.04,0,0.468,""
4,proj_link_plateau_lower_n1000,alternative,proj_null_link_n1000,1000,all,500,Stk.sym1,0.1,0.574,0.0221144296783797,0.59,0.088,0,0.574,""
4,proj_link_plateau_lower_n1000,alternative,proj_null_link_n1000,1000,all,500,Stk.marg,0.01,0.046,0.00936845771725528,0.046,0.01,0,0.046,""
4,proj_link_plateau_lower_n1000,alternative,proj_null_link_n1000,1000,all,500,Stk.marg,0.05,0.156,0.0162273842624127,0.15,0.056,0,0.156,""
4,proj_link_plateau_lower_n1000,alternative,proj_null_link_n1000,1000,all,500,Stk.marg,0.1,0.244,0.0192074985357282,0.248,0.096,0,0.244,""
4,proj_link_plateau_lower_n1000,alternative,proj_null_link_n1000,1000,all,500,GiViTI,0.01,0.054,0.0101078187557949,0.08,0.006,0,0.054,""
4,proj_link_plateau_lower_n1000,alternative,proj_null_link_n1000,1000,all,500,GiViTI,0.05,0.144,0.0157012101444443,0.164,0.038,0,0.144,""
4,proj_link_plateau_lower_n1000,alternative,proj_null_link_n1000,1000,all,500,GiViTI,0.1,0.218,0.0184648855940133,0.268,0.078,0,0.218,""
4,proj_link_plateau_lower_n1000,alternative,proj_null_link_n1000,1000,all,500,GiViTI.t50,0.01,0.152,0.0160559023415067,0.134,0.01,0,0.152,""
4,proj_link_plateau_lower_n1000,alternative,proj_null_link_n1000,1000,all,500,GiViTI.t50,0.05,0.318,0.0208267136149706,0.35,0.042,0,0.318,""
4,proj_link_plateau_lower_n1000,alternative,proj_null_link_n1000,1000,all,500,GiViTI.t50,0.1,0.428,0.022127629787214,0.47,0.084,0,0.428,""
4,proj_link_plateau_lower_n1000,alternative,proj_null_link_n1000,1000,all,500,Cubic.LR,0.01,0.156,0.0162273842624127,0.192,0.006,0,0.156,""
4,proj_link_plateau_lower_n1000,alternative,proj_null_link_n1000,1000,all,500,Cubic.LR,0.05,0.332,0.0210606742532142,0.406,0.034,0,0.332,""
4,proj_link_plateau_lower_n1000,alternative,proj_null_link_n1000,1000,all,500,Cubic.LR,0.1,0.48,0.0223427840700303,0.53,0.078,0,0.48,""
4,proj_link_plateau_lower_n1000,alternative,proj_null_link_n1000,1000,all,500,HL_w,0.01,0.144,0.0157012101444443,0.172,0.006,0,0.144,""
4,proj_link_plateau_lower_n1000,alternative,proj_null_link_n1000,1000,all,500,HL_w,0.05,0.34,0.0211849002829846,0.402,0.03,0,0.34,""
4,proj_link_plateau_lower_n1000,alternative,proj_null_link_n1000,1000,all,500,HL_w,0.1,0.456,0.0222739309507774,0.506,0.07,0,0.456,""
4,proj_link_plateau_lower_n1000,alternative,proj_null_link_n1000,1000,all,500,PH,0.01,0.086,0.0125382614424808,0.186,0.004,0,0.086,""
4,proj_link_plateau_lower_n1000,alternative,proj_null_link_n1000,1000,all,500,PH,0.05,0.248,0.0193130008025682,0.41,0.018,0,0.248,""
4,proj_link_plateau_lower_n1000,alternative,proj_null_link_n1000,1000,all,500,PH,0.1,0.374,0.0216390387956582,0.476,0.04,0,0.374,""
4,proj_link_plateau_lower_n1000,alternative,proj_null_link_n1000,1000,all,500,Tsiatis,0.01,0.108,0.0138806339912844,0.098,0.01,0,0.108,""
4,proj_link_plateau_lower_n1000,alternative,proj_null_link_n1000,1000,all,500,Tsiatis,0.05,0.25,0.0193649167310371,0.248,0.05,0,0.25,""
4,proj_link_plateau_lower_n1000,alternative,proj_null_link_n1000,1000,all,500,Tsiatis,0.1,0.368,0.0215673827804859,0.402,0.082,0,0.368,""
4,proj_link_plateau_lower_n1000,alternative,proj_null_link_n1000,1000,all,500,Xie,0.01,0.064,0.0109456840809517,0.098,0.006,0,0.064,""
4,proj_link_plateau_lower_n1000,alternative,proj_null_link_n1000,1000,all,500,Xie,0.05,0.2,0.0178885438199983,0.256,0.028,0,0.2,""
4,proj_link_plateau_lower_n1000,alternative,proj_null_link_n1000,1000,all,500,Xie,0.1,0.326,0.0209630150503214,0.38,0.074,0,0.326,""
4,proj_link_plateau_lower_n1000,alternative,proj_null_link_n1000,1000,all,500,PR,0.01,0.014,0.00525433154644813,0.014,0.01,0,0.014,""
4,proj_link_plateau_lower_n1000,alternative,proj_null_link_n1000,1000,all,500,PR,0.05,0.084,0.0124051602166195,0.062,0.074,0,0.084,""
4,proj_link_plateau_lower_n1000,alternative,proj_null_link_n1000,1000,all,500,PR,0.1,0.158,0.0163117135825762,0.118,0.136,0,0.158,""
4,proj_link_plateau_lower_n1000,alternative,proj_null_link_n1000,1000,all,500,proj,0.01,0.092,0.01292563344676,0.104,0.006,0,0.092,""
4,proj_link_plateau_lower_n1000,alternative,proj_null_link_n1000,1000,all,500,proj,0.05,0.25,0.0193649167310371,0.298,0.048,0,0.25,""
4,proj_link_plateau_lower_n1000,alternative,proj_null_link_n1000,1000,all,500,proj,0.1,0.402,0.0219269696948758,0.402,0.1,0,0.402,""
4,proj_link_plateau_both_n500,alternative,proj_null_link_n500,500,all,500,flag.evlt.G10,,0,,,,0,,flag rate: share of replicates with the flag = 1
4,proj_link_plateau_both_n500,alternative,proj_null_link_n500,500,all,500,flag.evlt.Grule,,0,,,,0,,flag rate: share of replicates with the flag = 1
4,proj_link_plateau_both_n500,alternative,proj_null_link_n500,500,all,500,flag.stk_half0,,0,,,,0,,flag rate: share of replicates with the flag = 1
4,proj_link_plateau_both_n500,alternative,proj_null_link_n500,500,all,500,flag.stk_diag,,0,,,,0,,flag rate: share of replicates with the flag = 1
4,proj_link_plateau_both_n500,alternative,proj_null_link_n500,500,all,500,flag.rivals_run,,1,,,,0,,flag rate: share of replicates with the flag = 1
4,proj_link_plateau_both_n500,alternative,proj_null_link_n500,500,all,500,flag.degenerate,,0,,,,0,,flag rate: share of replicates with the flag = 1
4,proj_link_plateau_both_n500,alternative,proj_null_link_n500,500,all,500,flag.info_guard,,0,,,,0,,flag rate: share of replicates with the flag = 1
4,proj_link_plateau_both_n500,alternative,proj_null_link_n500,500,all,500,flag.rep_error,,0,,,,0,,flag rate: share of replicates with the flag = 1
4,proj_link_plateau_both_n500,alternative,proj_null_link_n500,500,all,500,EDGE.poly3.u.G10,0.01,0.432,0.0221529230576915,0.45,0.008,0,0.432,""
4,proj_link_plateau_both_n500,alternative,proj_null_link_n500,500,all,500,EDGE.poly3.u.G10,0.05,0.65,0.0213307290077015,0.64,0.068,0,0.65,""
4,proj_link_plateau_both_n500,alternative,proj_null_link_n500,500,all,500,EDGE.poly3.u.G10,0.1,0.764,0.0189896814085966,0.718,0.114,0,0.764,""
4,proj_link_plateau_both_n500,alternative,proj_null_link_n500,500,all,500,EDGE.poly3.sc.G10,0.01,0.38,0.0217071416819442,0.424,0.008,0,0.38,""
4,proj_link_plateau_both_n500,alternative,proj_null_link_n500,500,all,500,EDGE.poly3.sc.G10,0.05,0.616,0.021750586198997,0.616,0.05,0,0.616,""
4,proj_link_plateau_both_n500,alternative,proj_null_link_n500,500,all,500,EDGE.poly3.sc.G10,0.1,0.724,0.0199911980631477,0.718,0.112,0,0.724,""
4,proj_link_plateau_both_n500,alternative,proj_null_link_n500,500,all,500,EDGE.poly2.u.G10,0.01,0.096,0.0131745208641529,0.102,0.008,0,0.096,""
4,proj_link_plateau_both_n500,alternative,proj_null_link_n500,500,all,500,EDGE.poly2.u.G10,0.05,0.264,0.0197131428240146,0.22,0.062,0,0.264,""
4,proj_link_plateau_both_n500,alternative,proj_null_link_n500,500,all,500,EDGE.poly2.u.G10,0.1,0.386,0.0217717247823869,0.36,0.104,0,0.386,""
4,proj_link_plateau_both_n500,alternative,proj_null_link_n500,500,all,500,EDGE.poly2.sc.G10,0.01,0.126,0.0148407546977908,0.132,0.008,0,0.126,""
4,proj_link_plateau_both_n500,alternative,proj_null_link_n500,500,all,500,EDGE.poly2.sc.G10,0.05,0.304,0.0205710476155202,0.302,0.052,0,0.304,""
4,proj_link_plateau_both_n500,alternative,proj_null_link_n500,500,all,500,EDGE.poly2.sc.G10,0.1,0.418,0.0220579237463547,0.402,0.106,0,0.418,""
4,proj_link_plateau_both_n500,alternative,proj_null_link_n500,500,all,500,EDGE.stk.u.G10,0.01,0.512,0.0223542389716134,0.516,0.008,0,0.512,""
4,proj_link_plateau_both_n500,alternative,proj_null_link_n500,500,all,500,EDGE.stk.u.G10,0.05,0.714,0.0202091068580479,0.65,0.064,0,0.714,""
4,proj_link_plateau_both_n500,alternative,proj_null_link_n500,500,all,500,EDGE.stk.u.G10,0.1,0.8,0.0178885438199983,0.8,0.102,0,0.8,""
4,proj_link_plateau_both_n500,alternative,proj_null_link_n500,500,all,500,EDGE.stk.sc.G10,0.01,0.386,0.0217717247823869,0.446,0.008,0,0.386,""
4,proj_link_plateau_both_n500,alternative,proj_null_link_n500,500,all,500,EDGE.stk.sc.G10,0.05,0.626,0.0216390387956582,0.6,0.052,0,0.626,""
4,proj_link_plateau_both_n500,alternative,proj_null_link_n500,500,all,500,EDGE.stk.sc.G10,0.1,0.726,0.0199461274436919,0.722,0.102,0,0.726,""
4,proj_link_plateau_both_n500,alternative,proj_null_link_n500,500,all,500,EDGE.sym.u.G10,0.01,0.4,0.0219089023002066,0.458,0.006,0,0.4,""
4,proj_link_plateau_both_n500,alternative,proj_null_link_n500,500,all,500,EDGE.sym.u.G10,0.05,0.626,0.0216390387956582,0.612,0.058,0,0.626,""
4,proj_link_plateau_both_n500,alternative,proj_null_link_n500,500,all,500,EDGE.sym.u.G10,0.1,0.734,0.0197607692157972,0.732,0.102,0,0.734,""
4,proj_link_plateau_both_n500,alternative,proj_null_link_n500,500,all,500,EDGE.sym.sc.G10,0.01,0.398,0.0218904545407353,0.34,0.01,0,0.398,""
4,proj_link_plateau_both_n500,alternative,proj_null_link_n500,500,all,500,EDGE.sym.sc.G10,0.05,0.624,0.0216621328589777,0.586,0.056,0,0.624,""
4,proj_link_plateau_both_n500,alternative,proj_null_link_n500,500,all,500,EDGE.sym.sc.G10,0.1,0.736,0.0197131428240146,0.734,0.102,0,0.736,""
4,proj_link_plateau_both_n500,alternative,proj_null_link_n500,500,all,500,EDGE.poly3.u.Grule,0.01,0.45,0.022248595461287,0.404,0.014,0,0.45,""
4,proj_link_plateau_both_n500,alternative,proj_null_link_n500,500,all,500,EDGE.poly3.u.Grule,0.05,0.698,0.0205327056181108,0.718,0.042,0,0.698,""
4,proj_link_plateau_both_n500,alternative,proj_null_link_n500,500,all,500,EDGE.poly3.u.Grule,0.1,0.798,0.0179552777756291,0.76,0.124,0,0.798,""
4,proj_link_plateau_both_n500,alternative,proj_null_link_n500,500,all,500,EDGE.poly3.sc.Grule,0.01,0.398,0.0218904545407353,0.404,0.004,0,0.398,""
4,proj_link_plateau_both_n500,alternative,proj_null_link_n500,500,all,500,EDGE.poly3.sc.Grule,0.05,0.65,0.0213307290077015,0.61,0.056,0,0.65,""
4,proj_link_plateau_both_n500,alternative,proj_null_link_n500,500,all,500,EDGE.poly3.sc.Grule,0.1,0.758,0.0191539029965174,0.742,0.11,0,0.758,""
4,proj_link_plateau_both_n500,alternative,proj_null_link_n500,500,all,500,EDGE.poly2.u.Grule,0.01,0.106,0.0137669168661687,0.13,0.006,0,0.106,""
4,proj_link_plateau_both_n500,alternative,proj_null_link_n500,500,all,500,EDGE.poly2.u.Grule,0.05,0.262,0.0196649942791754,0.236,0.058,0,0.262,""
4,proj_link_plateau_both_n500,alternative,proj_null_link_n500,500,all,500,EDGE.poly2.u.Grule,0.1,0.388,0.0217924757657316,0.35,0.118,0,0.388,""
4,proj_link_plateau_both_n500,alternative,proj_null_link_n500,500,all,500,EDGE.poly2.sc.Grule,0.01,0.216,0.0184034779321736,0.228,0.008,0,0.216,""
4,proj_link_plateau_both_n500,alternative,proj_null_link_n500,500,all,500,EDGE.poly2.sc.Grule,0.05,0.444,0.0222199909990981,0.436,0.054,0,0.444,""
4,proj_link_plateau_both_n500,alternative,proj_null_link_n500,500,all,500,EDGE.poly2.sc.Grule,0.1,0.588,0.0220116332878776,0.546,0.104,0,0.588,""
4,proj_link_plateau_both_n500,alternative,proj_null_link_n500,500,all,500,EDGE.stk.u.Grule,0.01,0.54,0.0222890107452081,0.514,0.01,0,0.54,""
4,proj_link_plateau_both_n500,alternative,proj_null_link_n500,500,all,500,EDGE.stk.u.Grule,0.05,0.746,0.0194671004517879,0.77,0.044,0,0.746,""
4,proj_link_plateau_both_n500,alternative,proj_null_link_n500,500,all,500,EDGE.stk.u.Grule,0.1,0.826,0.0169542914921267,0.814,0.108,0,0.826,""
4,proj_link_plateau_both_n500,alternative,proj_null_link_n500,500,all,500,EDGE.stk.sc.Grule,0.01,0.406,0.0219619671250095,0.408,0.006,0,0.406,""
4,proj_link_plateau_both_n500,alternative,proj_null_link_n500,500,all,500,EDGE.stk.sc.Grule,0.05,0.652,0.0213023942316351,0.63,0.056,0,0.652,""
4,proj_link_plateau_both_n500,alternative,proj_null_link_n500,500,all,500,EDGE.stk.sc.Grule,0.1,0.762,0.0190449993436597,0.748,0.102,0,0.762,""
4,proj_link_plateau_both_n500,alternative,proj_null_link_n500,500,all,500,EDGE.sym.u.Grule,0.01,0.48,0.0223427840700303,0.43,0.012,0,0.48,""
4,proj_link_plateau_both_n500,alternative,proj_null_link_n500,500,all,500,EDGE.sym.u.Grule,0.05,0.738,0.0196649942791754,0.75,0.042,0,0.738,""
4,proj_link_plateau_both_n500,alternative,proj_null_link_n500,500,all,500,EDGE.sym.u.Grule,0.1,0.806,0.0176841171676734,0.788,0.114,0,0.806,""
4,proj_link_plateau_both_n500,alternative,proj_null_link_n500,500,all,500,EDGE.sym.sc.Grule,0.01,0.506,0.022359069748091,0.43,0.01,0,0.506,""
4,proj_link_plateau_both_n500,alternative,proj_null_link_n500,500,all,500,EDGE.sym.sc.Grule,0.05,0.744,0.0195173768729304,0.712,0.064,0,0.744,""
4,proj_link_plateau_both_n500,alternative,proj_null_link_n500,500,all,500,EDGE.sym.sc.Grule,0.1,0.816,0.0173288199251998,0.796,0.13,0,0.816,""
4,proj_link_plateau_both_n500,alternative,proj_null_link_n500,500,all,500,HL.G10,0.01,0.244,0.0192074985357282,0.222,0.01,0,0.244,""
4,proj_link_plateau_both_n500,alternative,proj_null_link_n500,500,all,500,HL.G10,0.05,0.45,0.022248595461287,0.446,0.05,0,0.45,""
4,proj_link_plateau_both_n500,alternative,proj_null_link_n500,500,all,500,HL.G10,0.1,0.618,0.0217290588843604,0.64,0.088,0,0.618,""
4,proj_link_plateau_both_n500,alternative,proj_null_link_n500,500,all,500,HL.Grule,0.01,0.158,0.0163117135825762,0.146,0.01,0,0.158,""
4,proj_link_plateau_both_n500,alternative,proj_null_link_n500,500,all,500,HL.Grule,0.05,0.336,0.0211236360506424,0.37,0.04,0,0.336,""
4,proj_link_plateau_both_n500,alternative,proj_null_link_n500,500,all,500,HL.Grule,0.1,0.488,0.0223542389716134,0.47,0.108,0,0.488,""
4,proj_link_plateau_both_n500,alternative,proj_null_link_n500,500,all,500,HLF.G10,0.01,0.236,0.0189896814085966,0.224,0.012,0,0.236,""
4,proj_link_plateau_both_n500,alternative,proj_null_link_n500,500,all,500,HLF.G10,0.05,0.448,0.0222394244529844,0.448,0.05,0,0.448,""
4,proj_link_plateau_both_n500,alternative,proj_null_link_n500,500,all,500,HLF.G10,0.1,0.606,0.021852414054287,0.634,0.088,0,0.606,""
4,proj_link_plateau_both_n500,alternative,proj_null_link_n500,500,all,500,HLF.Grule,0.01,0.154,0.016142118820031,0.142,0.01,0,0.154,""
4,proj_link_plateau_both_n500,alternative,proj_null_link_n500,500,all,500,HLF.Grule,0.05,0.328,0.020995999618975,0.362,0.042,0,0.328,""
4,proj_link_plateau_both_n500,alternative,proj_null_link_n500,500,all,500,HLF.Grule,0.1,0.47,0.0223203942617508,0.464,0.106,0,0.47,""
4,proj_link_plateau_both_n500,alternative,proj_null_link_n500,500,all,500,Stk.joint,0.01,0.482,0.0223461853567897,0.454,0.014,0,0.482,""
4,proj_link_plateau_both_n500,alternative,proj_null_link_n500,500,all,500,Stk.joint,0.05,0.738,0.0196649942791754,0.738,0.046,0,0.738,""
4,proj_link_plateau_both_n500,alternative,proj_null_link_n500,500,all,500,Stk.joint,0.1,0.826,0.0169542914921267,0.802,0.116,0,0.826,""
4,proj_link_plateau_both_n500,alternative,proj_null_link_n500,500,all,500,Stk.LR,0.01,0.462,0.0222960086114085,0.4,0.01,0,0.462,""
4,proj_link_plateau_both_n500,alternative,proj_null_link_n500,500,all,500,Stk.LR,0.05,0.722,0.0200357680162254,0.712,0.054,0,0.722,""
4,proj_link_plateau_both_n500,alternative,proj_null_link_n500,500,all,500,Stk.LR,0.1,0.818,0.0172554918793989,0.786,0.122,0,0.818,""
4,proj_link_plateau_both_n500,alternative,proj_null_link_n500,500,all,500,Stk.sym1,0.01,0.566,0.0221650174825106,0.58,0.008,0,0.566,""
4,proj_link_plateau_both_n500,alternative,proj_null_link_n500,500,all,500,Stk.sym1,0.05,0.782,0.0184648855940133,0.786,0.048,0,0.782,""
4,proj_link_plateau_both_n500,alternative,proj_null_link_n500,500,all,500,Stk.sym1,0.1,0.844,0.0162273842624127,0.836,0.114,0,0.844,""
4,proj_link_plateau_both_n500,alternative,proj_null_link_n500,500,all,500,Stk.marg,0.01,0.208,0.0181513635851415,0.14,0.022,0,0.208,""
4,proj_link_plateau_both_n500,alternative,proj_null_link_n500,500,all,500,Stk.marg,0.05,0.42,0.0220726074581142,0.32,0.086,0,0.42,""
4,proj_link_plateau_both_n500,alternative,proj_null_link_n500,500,all,500,Stk.marg,0.1,0.546,0.0222658482883541,0.476,0.132,0,0.546,""
4,proj_link_plateau_both_n500,alternative,proj_null_link_n500,500,all,500,GiViTI,0.01,0.178,0.0171064899964896,0.178,0.01,0,0.178,""
4,proj_link_plateau_both_n500,alternative,proj_null_link_n500,500,all,500,GiViTI,0.05,0.384,0.021750586198997,0.356,0.056,0,0.384,""
4,proj_link_plateau_both_n500,alternative,proj_null_link_n500,500,all,500,GiViTI,0.1,0.498,0.0223605008888442,0.458,0.118,0,0.498,""
4,proj_link_plateau_both_n500,alternative,proj_null_link_n500,500,all,500,GiViTI.t50,0.01,0.308,0.0206463556106156,0.296,0.012,0,0.308,""
4,proj_link_plateau_both_n500,alternative,proj_null_link_n500,500,all,500,GiViTI.t50,0.05,0.548,0.0222574032627349,0.562,0.046,0,0.548,""
4,proj_link_plateau_both_n500,alternative,proj_null_link_n500,500,all,500,GiViTI.t50,0.1,0.666,0.0210923682880799,0.654,0.102,0,0.666,""
4,proj_link_plateau_both_n500,alternative,proj_null_link_n500,500,all,500,Cubic.LR,0.01,0.392,0.0218328193323721,0.478,0.008,0,0.392,""
4,proj_link_plateau_both_n500,alternative,proj_null_link_n500,500,all,500,Cubic.LR,0.05,0.626,0.0216390387956582,0.652,0.038,0,0.626,""
4,proj_link_plateau_both_n500,alternative,proj_null_link_n500,500,all,500,Cubic.LR,0.1,0.75,0.0193649167310371,0.75,0.098,0,0.75,""
4,proj_link_plateau_both_n500,alternative,proj_null_link_n500,500,all,500,HL_w,0.01,0.254,0.0194671004517879,0.228,0.01,0,0.254,""
4,proj_link_plateau_both_n500,alternative,proj_null_link_n500,500,all,500,HL_w,0.05,0.496,0.0223599642217961,0.522,0.046,0,0.496,""
4,proj_link_plateau_both_n500,alternative,proj_null_link_n500,500,all,500,HL_w,0.1,0.616,0.021750586198997,0.644,0.09,0,0.616,""
4,proj_link_plateau_both_n500,alternative,proj_null_link_n500,500,all,500,PH,0.01,0.196,0.017752971582245,0.222,0.004,0,0.196,""
4,proj_link_plateau_both_n500,alternative,proj_null_link_n500,500,all,500,PH,0.05,0.362,0.0214921380974532,0.446,0.026,0,0.362,""
4,proj_link_plateau_both_n500,alternative,proj_null_link_n500,500,all,500,PH,0.1,0.506,0.022359069748091,0.638,0.066,0,0.506,""
4,proj_link_plateau_both_n500,alternative,proj_null_link_n500,500,all,500,Tsiatis,0.01,0.208,0.0181513635851415,0.198,0.012,0,0.208,""
4,proj_link_plateau_both_n500,alternative,proj_null_link_n500,500,all,500,Tsiatis,0.05,0.456,0.0222739309507774,0.462,0.044,0,0.456,""
4,proj_link_plateau_both_n500,alternative,proj_null_link_n500,500,all,500,Tsiatis,0.1,0.602,0.0218904545407353,0.608,0.092,0,0.602,""
4,proj_link_plateau_both_n500,alternative,proj_null_link_n500,500,all,500,Xie,0.01,0.156,0.0162273842624127,0.188,0.006,0,0.156,""
4,proj_link_plateau_both_n500,alternative,proj_null_link_n500,500,all,500,Xie,0.05,0.382,0.0217290588843604,0.442,0.036,0,0.382,""
4,proj_link_plateau_both_n500,alternative,proj_null_link_n500,500,all,500,Xie,0.1,0.528,0.0223255906976725,0.55,0.09,0,0.528,""
4,proj_link_plateau_both_n500,alternative,proj_null_link_n500,500,all,500,PR,0.01,0.02,0.00626099033699941,0.02,0.01,0,0.02,""
4,proj_link_plateau_both_n500,alternative,proj_null_link_n500,500,all,500,PR,0.05,0.116,0.0143208938268531,0.1,0.068,0,0.116,""
4,proj_link_plateau_both_n500,alternative,proj_null_link_n500,500,all,500,PR,0.1,0.236,0.0189896814085966,0.188,0.124,0,0.236,""
4,proj_link_plateau_both_n500,alternative,proj_null_link_n500,500,all,500,proj,0.01,0.28,0.0200798406368178,0.212,0.018,0,0.28,""
4,proj_link_plateau_both_n500,alternative,proj_null_link_n500,500,all,500,proj,0.05,0.578,0.0220869192057199,0.528,0.068,0,0.578,""
4,proj_link_plateau_both_n500,alternative,proj_null_link_n500,500,all,500,proj,0.1,0.726,0.0199461274436919,0.676,0.132,0,0.726,""
4,proj_link_plateau_both_n1000,alternative,proj_null_link_n1000,1000,all,500,flag.evlt.G10,,0,,,,0,,flag rate: share of replicates with the flag = 1
4,proj_link_plateau_both_n1000,alternative,proj_null_link_n1000,1000,all,500,flag.evlt.Grule,,0,,,,0,,flag rate: share of replicates with the flag = 1
4,proj_link_plateau_both_n1000,alternative,proj_null_link_n1000,1000,all,500,flag.stk_half0,,0,,,,0,,flag rate: share of replicates with the flag = 1
4,proj_link_plateau_both_n1000,alternative,proj_null_link_n1000,1000,all,500,flag.stk_diag,,0,,,,0,,flag rate: share of replicates with the flag = 1
4,proj_link_plateau_both_n1000,alternative,proj_null_link_n1000,1000,all,500,flag.rivals_run,,1,,,,0,,flag rate: share of replicates with the flag = 1
4,proj_link_plateau_both_n1000,alternative,proj_null_link_n1000,1000,all,500,flag.degenerate,,0,,,,0,,flag rate: share of replicates with the flag = 1
4,proj_link_plateau_both_n1000,alternative,proj_null_link_n1000,1000,all,500,flag.info_guard,,0,,,,0,,flag rate: share of replicates with the flag = 1
4,proj_link_plateau_both_n1000,alternative,proj_null_link_n1000,1000,all,500,flag.rep_error,,0,,,,0,,flag rate: share of replicates with the flag = 1
4,proj_link_plateau_both_n1000,alternative,proj_null_link_n1000,1000,all,500,EDGE.poly3.u.G10,0.01,0.82,0.0171813852759316,0.834,0.006,0,0.82,""
4,proj_link_plateau_both_n1000,alternative,proj_null_link_n1000,1000,all,500,EDGE.poly3.u.G10,0.05,0.94,0.0106207344378814,0.944,0.042,0,0.94,""
4,proj_link_plateau_both_n1000,alternative,proj_null_link_n1000,1000,all,500,EDGE.poly3.u.G10,0.1,0.966,0.00810481338464989,0.97,0.082,0,0.966,""
4,proj_link_plateau_both_n1000,alternative,proj_null_link_n1000,1000,all,500,EDGE.poly3.sc.G10,0.01,0.788,0.0182787308093314,0.814,0.004,0,0.788,""
4,proj_link_plateau_both_n1000,alternative,proj_null_link_n1000,1000,all,500,EDGE.poly3.sc.G10,0.05,0.918,0.0122699633251286,0.918,0.046,0,0.918,""
4,proj_link_plateau_both_n1000,alternative,proj_null_link_n1000,1000,all,500,EDGE.poly3.sc.G10,0.1,0.958,0.00897061870775924,0.958,0.094,0,0.958,""
4,proj_link_plateau_both_n1000,alternative,proj_null_link_n1000,1000,all,500,EDGE.poly2.u.G10,0.01,0.25,0.0193649167310371,0.25,0.008,0,0.25,""
4,proj_link_plateau_both_n1000,alternative,proj_null_link_n1000,1000,all,500,EDGE.poly2.u.G10,0.05,0.45,0.022248595461287,0.51,0.036,0,0.45,""
4,proj_link_plateau_both_n1000,alternative,proj_null_link_n1000,1000,all,500,EDGE.poly2.u.G10,0.1,0.578,0.0220869192057199,0.592,0.092,0,0.578,""
4,proj_link_plateau_both_n1000,alternative,proj_null_link_n1000,1000,all,500,EDGE.poly2.sc.G10,0.01,0.368,0.0215673827804859,0.392,0.006,0,0.368,""
4,proj_link_plateau_both_n1000,alternative,proj_null_link_n1000,1000,all,500,EDGE.poly2.sc.G10,0.05,0.584,0.022042867327097,0.614,0.04,0,0.584,""
4,proj_link_plateau_both_n1000,alternative,proj_null_link_n1000,1000,all,500,EDGE.poly2.sc.G10,0.1,0.686,0.0207559148196364,0.684,0.1,0,0.686,""
4,proj_link_plateau_both_n1000,alternative,proj_null_link_n1000,1000,all,500,EDGE.stk.u.G10,0.01,0.876,0.0147393351274744,0.902,0.004,0,0.876,""
4,proj_link_plateau_both_n1000,alternative,proj_null_link_n1000,1000,all,500,EDGE.stk.u.G10,0.05,0.954,0.00936845771725528,0.958,0.048,0,0.954,""
4,proj_link_plateau_both_n1000,alternative,proj_null_link_n1000,1000,all,500,EDGE.stk.u.G10,0.1,0.978,0.00655987804764693,0.98,0.074,0,0.978,""
4,proj_link_plateau_both_n1000,alternative,proj_null_link_n1000,1000,all,500,EDGE.stk.sc.G10,0.01,0.788,0.0182787308093314,0.816,0.006,0,0.788,""
4,proj_link_plateau_both_n1000,alternative,proj_null_link_n1000,1000,all,500,EDGE.stk.sc.G10,0.05,0.918,0.0122699633251286,0.922,0.046,0,0.918,""
4,proj_link_plateau_both_n1000,alternative,proj_null_link_n1000,1000,all,500,EDGE.stk.sc.G10,0.1,0.958,0.00897061870775924,0.96,0.096,0,0.958,""
4,proj_link_plateau_both_n1000,alternative,proj_null_link_n1000,1000,all,500,EDGE.sym.u.G10,0.01,0.798,0.0179552777756291,0.808,0.004,0,0.798,""
4,proj_link_plateau_both_n1000,alternative,proj_null_link_n1000,1000,all,500,EDGE.sym.u.G10,0.05,0.91,0.0127984374046209,0.914,0.044,0,0.91,""
4,proj_link_plateau_both_n1000,alternative,proj_null_link_n1000,1000,all,500,EDGE.sym.u.G10,0.1,0.95,0.00974679434480897,0.948,0.102,0,0.95,""
4,proj_link_plateau_both_n1000,alternative,proj_null_link_n1000,1000,all,500,EDGE.sym.sc.G10,0.01,0.798,0.0179552777756291,0.816,0.006,0,0.798,""
4,proj_link_plateau_both_n1000,alternative,proj_null_link_n1000,1000,all,500,EDGE.sym.sc.G10,0.05,0.906,0.0130509769749241,0.902,0.05,0,0.906,""
4,proj_link_plateau_both_n1000,alternative,proj_null_link_n1000,1000,all,500,EDGE.sym.sc.G10,0.1,0.948,0.00992935043192656,0.946,0.104,0,0.948,""
4,proj_link_plateau_both_n1000,alternative,proj_null_link_n1000,1000,all,500,EDGE.poly3.u.Grule,0.01,0.842,0.0163117135825762,0.862,0.004,0,0.842,""
4,proj_link_plateau_both_n1000,alternative,proj_null_link_n1000,1000,all,500,EDGE.poly3.u.Grule,0.05,0.95,0.00974679434480897,0.952,0.036,0,0.95,""
4,proj_link_plateau_both_n1000,alternative,proj_null_link_n1000,1000,all,500,EDGE.poly3.u.Grule,0.1,0.974,0.00711674082709214,0.98,0.082,0,0.974,""
4,proj_link_plateau_both_n1000,alternative,proj_null_link_n1000,1000,all,500,EDGE.poly3.sc.Grule,0.01,0.838,0.016477621187538,0.86,0.004,0,0.838,""
4,proj_link_plateau_both_n1000,alternative,proj_null_link_n1000,1000,all,500,EDGE.poly3.sc.Grule,0.05,0.932,0.0112584190719657,0.954,0.034,0,0.932,""
4,proj_link_plateau_both_n1000,alternative,proj_null_link_n1000,1000,all,500,EDGE.poly3.sc.Grule,0.1,0.962,0.0085505555375075,0.97,0.068,0,0.962,""
4,proj_link_plateau_both_n1000,alternative,proj_null_link_n1000,1000,all,500,EDGE.poly2.u.Grule,0.01,0.22,0.0185256578830551,0.268,0.006,0,0.22,""
4,proj_link_plateau_both_n1000,alternative,proj_null_link_n1000,1000,all,500,EDGE.poly2.u.Grule,0.05,0.444,0.0222199909990981,0.496,0.038,0,0.444,""
4,proj_link_plateau_both_n1000,alternative,proj_null_link_n1000,1000,all,500,EDGE.poly2.u.Grule,0.1,0.548,0.0222574032627349,0.588,0.086,0,0.548,""
4,proj_link_plateau_both_n1000,alternative,proj_null_link_n1000,1000,all,500,EDGE.poly2.sc.Grule,0.01,0.722,0.0200357680162254,0.734,0.006,0,0.722,""
4,proj_link_plateau_both_n1000,alternative,proj_null_link_n1000,1000,all,500,EDGE.poly2.sc.Grule,0.05,0.878,0.0146366662871024,0.886,0.038,0,0.878,""
4,proj_link_plateau_both_n1000,alternative,proj_null_link_n1000,1000,all,500,EDGE.poly2.sc.Grule,0.1,0.922,0.0119929979571415,0.94,0.08,0,0.922,""
4,proj_link_plateau_both_n1000,alternative,proj_null_link_n1000,1000,all,500,EDGE.stk.u.Grule,0.01,0.888,0.014103616557465,0.884,0.01,0,0.888,""
4,proj_link_plateau_both_n1000,alternative,proj_null_link_n1000,1000,all,500,EDGE.stk.u.Grule,0.05,0.96,0.00876356092008266,0.96,0.048,0,0.96,""
4,proj_link_plateau_both_n1000,alternative,proj_null_link_n1000,1000,all,500,EDGE.stk.u.Grule,0.1,0.982,0.005945754788082,0.984,0.07,0,0.982,""
4,proj_link_plateau_both_n1000,alternative,proj_null_link_n1000,1000,all,500,EDGE.stk.sc.Grule,0.01,0.842,0.0163117135825762,0.864,0.008,0,0.842,""
4,proj_link_plateau_both_n1000,alternative,proj_null_link_n1000,1000,all,500,EDGE.stk.sc.Grule,0.05,0.932,0.0112584190719657,0.952,0.036,0,0.932,""
4,proj_link_plateau_both_n1000,alternative,proj_null_link_n1000,1000,all,500,EDGE.stk.sc.Grule,0.1,0.964,0.0083311463797007,0.972,0.07,0,0.964,""
4,proj_link_plateau_both_n1000,alternative,proj_null_link_n1000,1000,all,500,EDGE.sym.u.Grule,0.01,0.874,0.0148407546977908,0.876,0.006,0,0.874,""
4,proj_link_plateau_both_n1000,alternative,proj_null_link_n1000,1000,all,500,EDGE.sym.u.Grule,0.05,0.95,0.00974679434480897,0.962,0.042,0,0.95,""
4,proj_link_plateau_both_n1000,alternative,proj_null_link_n1000,1000,all,500,EDGE.sym.u.Grule,0.1,0.976,0.00684455988358638,0.978,0.084,0,0.976,""
4,proj_link_plateau_both_n1000,alternative,proj_null_link_n1000,1000,all,500,EDGE.sym.sc.Grule,0.01,0.892,0.0138806339912844,0.9,0.006,0,0.892,""
4,proj_link_plateau_both_n1000,alternative,proj_null_link_n1000,1000,all,500,EDGE.sym.sc.Grule,0.05,0.966,0.00810481338464989,0.966,0.044,0,0.966,""
4,proj_link_plateau_both_n1000,alternative,proj_null_link_n1000,1000,all,500,EDGE.sym.sc.Grule,0.1,0.984,0.00561141693336006,0.984,0.082,0,0.984,""
4,proj_link_plateau_both_n1000,alternative,proj_null_link_n1000,1000,all,500,HL.G10,0.01,0.646,0.0213861637513604,0.728,0.006,0,0.646,""
4,proj_link_plateau_both_n1000,alternative,proj_null_link_n1000,1000,all,500,HL.G10,0.05,0.84,0.0163951212255354,0.896,0.034,0,0.84,""
4,proj_link_plateau_both_n1000,alternative,proj_null_link_n1000,1000,all,500,HL.G10,0.1,0.906,0.0130509769749241,0.928,0.066,0,0.906,""
4,proj_link_plateau_both_n1000,alternative,proj_null_link_n1000,1000,all,500,HL.Grule,0.01,0.302,0.0205327056181108,0.286,0.01,0,0.302,""
4,proj_link_plateau_both_n1000,alternative,proj_null_link_n1000,1000,all,500,HL.Grule,0.05,0.516,0.0223492281745925,0.568,0.042,0,0.516,""
4,proj_link_plateau_both_n1000,alternative,proj_null_link_n1000,1000,all,500,HL.Grule,0.1,0.678,0.0208957411928843,0.69,0.088,0,0.678,""
4,proj_link_plateau_both_n1000,alternative,proj_null_link_n1000,1000,all,500,HLF.G10,0.01,0.642,0.0214399626865347,0.708,0.006,0,0.642,""
4,proj_link_plateau_both_n1000,alternative,proj_null_link_n1000,1000,all,500,HLF.G10,0.05,0.838,0.016477621187538,0.894,0.032,0,0.838,""
4,proj_link_plateau_both_n1000,alternative,proj_null_link_n1000,1000,all,500,HLF.G10,0.1,0.906,0.0130509769749241,0.926,0.068,0,0.906,""
4,proj_link_plateau_both_n1000,alternative,proj_null_link_n1000,1000,all,500,HLF.Grule,0.01,0.28,0.0200798406368178,0.27,0.01,0,0.28,""
4,proj_link_plateau_both_n1000,alternative,proj_null_link_n1000,1000,all,500,HLF.Grule,0.05,0.51,0.0223562071917398,0.544,0.042,0,0.51,""
4,proj_link_plateau_both_n1000,alternative,proj_null_link_n1000,1000,all,500,HLF.Grule,0.1,0.66,0.0211849002829846,0.682,0.086,0,0.66,""
4,proj_link_plateau_both_n1000,alternative,proj_null_link_n1000,1000,all,500,Stk.joint,0.01,0.868,0.0151377673386798,0.904,0.006,0,0.868,""
4,proj_link_plateau_both_n1000,alternative,proj_null_link_n1000,1000,all,500,Stk.joint,0.05,0.958,0.00897061870775924,0.958,0.046,0,0.958,""
4,proj_link_plateau_both_n1000,alternative,proj_null_link_n1000,1000,all,500,Stk.joint,0.1,0.978,0.00655987804764693,0.984,0.082,0,0.978,""
4,proj_link_plateau_both_n1000,alternative,proj_null_link_n1000,1000,all,500,Stk.LR,0.01,0.856,0.0157012101444443,0.878,0.006,0,0.856,""
4,proj_link_plateau_both_n1000,alternative,proj_null_link_n1000,1000,all,500,Stk.LR,0.05,0.958,0.00897061870775924,0.958,0.04,0,0.958,""
4,proj_link_plateau_both_n1000,alternative,proj_null_link_n1000,1000,all,500,Stk.LR,0.1,0.978,0.00655987804764693,0.98,0.082,0,0.978,""
4,proj_link_plateau_both_n1000,alternative,proj_null_link_n1000,1000,all,500,Stk.sym1,0.01,0.902,0.0132963152790538,0.914,0.006,0,0.902,""
4,proj_link_plateau_both_n1000,alternative,proj_null_link_n1000,1000,all,500,Stk.sym1,0.05,0.968,0.00787095928079927,0.97,0.04,0,0.968,""
4,proj_link_plateau_both_n1000,alternative,proj_null_link_n1000,1000,all,500,Stk.sym1,0.1,0.982,0.005945754788082,0.982,0.088,0,0.982,""
4,proj_link_plateau_both_n1000,alternative,proj_null_link_n1000,1000,all,500,Stk.marg,0.01,0.488,0.0223542389716134,0.486,0.01,0,0.488,""
4,proj_link_plateau_both_n1000,alternative,proj_null_link_n1000,1000,all,500,Stk.marg,0.05,0.73,0.0198544705293292,0.714,0.056,0,0.73,""
4,proj_link_plateau_both_n1000,alternative,proj_null_link_n1000,1000,all,500,Stk.marg,0.1,0.84,0.0163951212255354,0.84,0.096,0,0.84,""
4,proj_link_plateau_both_n1000,alternative,proj_null_link_n1000,1000,all,500,GiViTI,0.01,0.538,0.0222960086114085,0.632,0.006,0,0.538,""
4,proj_link_plateau_both_n1000,alternative,proj_null_link_n1000,1000,all,500,GiViTI,0.05,0.728,0.0199005527561422,0.76,0.038,0,0.728,""
4,proj_link_plateau_both_n1000,alternative,proj_null_link_n1000,1000,all,500,GiViTI,0.1,0.822,0.0171064899964896,0.844,0.078,0,0.822,""
4,proj_link_plateau_both_n1000,alternative,proj_null_link_n1000,1000,all,500,GiViTI.t50,0.01,0.746,0.0194671004517879,0.712,0.01,0,0.746,""
4,proj_link_plateau_both_n1000,alternative,proj_null_link_n1000,1000,all,500,GiViTI.t50,0.05,0.872,0.0149409504383088,0.884,0.042,0,0.872,""
4,proj_link_plateau_both_n1000,alternative,proj_null_link_n1000,1000,all,500,GiViTI.t50,0.1,0.922,0.0119929979571415,0.932,0.084,0,0.922,""
4,proj_link_plateau_both_n1000,alternative,proj_null_link_n1000,1000,all,500,Cubic.LR,0.01,0.794,0.0180866801818355,0.83,0.006,0,0.794,""
4,proj_link_plateau_both_n1000,alternative,proj_null_link_n1000,1000,all,500,Cubic.LR,0.05,0.918,0.0122699633251286,0.934,0.034,0,0.918,""
4,proj_link_plateau_both_n1000,alternative,proj_null_link_n1000,1000,all,500,Cubic.LR,0.1,0.962,0.0085505555375075,0.968,0.078,0,0.962,""
4,proj_link_plateau_both_n1000,alternative,proj_null_link_n1000,1000,all,500,HL_w,0.01,0.656,0.0212444816364156,0.686,0.006,0,0.656,""
4,proj_link_plateau_both_n1000,alternative,proj_null_link_n1000,1000,all,500,HL_w,0.05,0.84,0.0163951212255354,0.882,0.03,0,0.84,""
4,proj_link_plateau_both_n1000,alternative,proj_null_link_n1000,1000,all,500,HL_w,0.1,0.92,0.0121326007104825,0.952,0.07,0,0.92,""
4,proj_link_plateau_both_n1000,alternative,proj_null_link_n1000,1000,all,500,PH,0.01,0.584,0.022042867327097,0.728,0.004,0,0.584,""
4,proj_link_plateau_both_n1000,alternative,proj_null_link_n1000,1000,all,500,PH,0.05,0.786,0.0183414285157945,0.896,0.018,0,0.786,""
4,proj_link_plateau_both_n1000,alternative,proj_null_link_n1000,1000,all,500,PH,0.1,0.88,0.014532721699668,0.928,0.04,0,0.88,""
4,proj_link_plateau_both_n1000,alternative,proj_null_link_n1000,1000,all,500,Tsiatis,0.01,0.578,0.0220869192057199,0.568,0.01,0,0.578,""
4,proj_link_plateau_both_n1000,alternative,proj_null_link_n1000,1000,all,500,Tsiatis,0.05,0.784,0.0184034779321736,0.78,0.05,0,0.784,""
4,proj_link_plateau_both_n1000,alternative,proj_null_link_n1000,1000,all,500,Tsiatis,0.1,0.842,0.0163117135825762,0.868,0.082,0,0.842,""
4,proj_link_plateau_both_n1000,alternative,proj_null_link_n1000,1000,all,500,Xie,0.01,0.534,0.0223089219820232,0.602,0.006,0,0.534,""
4,proj_link_plateau_both_n1000,alternative,proj_null_link_n1000,1000,all,500,Xie,0.05,0.734,0.0197607692157972,0.782,0.028,0,0.734,""
4,proj_link_plateau_both_n1000,alternative,proj_null_link_n1000,1000,all,500,Xie,0.1,0.822,0.0171064899964896,0.862,0.074,0,0.822,""
4,proj_link_plateau_both_n1000,alternative,proj_null_link_n1000,1000,all,500,PR,0.01,0.088,0.0126693330526907,0.08,0.01,0,0.088,""
4,proj_link_plateau_both_n1000,alternative,proj_null_link_n1000,1000,all,500,PR,0.05,0.28,0.0200798406368178,0.228,0.074,0,0.28,""
4,proj_link_plateau_both_n1000,alternative,proj_null_link_n1000,1000,all,500,PR,0.1,0.46,0.0222890107452081,0.356,0.136,0,0.46,""
4,proj_link_plateau_both_n1000,alternative,proj_null_link_n1000,1000,all,500,proj,0.01,0.694,0.0206089301032344,0.74,0.006,0,0.694,""
4,proj_link_plateau_both_n1000,alternative,proj_null_link_n1000,1000,all,500,proj,0.05,0.886,0.0142129518397833,0.914,0.048,0,0.886,""
4,proj_link_plateau_both_n1000,alternative,proj_null_link_n1000,1000,all,500,proj,0.1,0.936,0.0109456840809517,0.936,0.1,0,0.936,""
4,proj_quad_0.02_n500,alternative,proj_null_quad_n500,500,all,500,flag.evlt.G10,,0,,,,0,,flag rate: share of replicates with the flag = 1
4,proj_quad_0.02_n500,alternative,proj_null_quad_n500,500,all,500,flag.evlt.Grule,,0,,,,0,,flag rate: share of replicates with the flag = 1
4,proj_quad_0.02_n500,alternative,proj_null_quad_n500,500,all,500,flag.stk_half0,,0,,,,0,,flag rate: share of replicates with the flag = 1
4,proj_quad_0.02_n500,alternative,proj_null_quad_n500,500,all,500,flag.stk_diag,,0,,,,0,,flag rate: share of replicates with the flag = 1
4,proj_quad_0.02_n500,alternative,proj_null_quad_n500,500,all,500,flag.rivals_run,,1,,,,0,,flag rate: share of replicates with the flag = 1
4,proj_quad_0.02_n500,alternative,proj_null_quad_n500,500,all,500,flag.degenerate,,0,,,,0,,flag rate: share of replicates with the flag = 1
4,proj_quad_0.02_n500,alternative,proj_null_quad_n500,500,all,500,flag.info_guard,,0,,,,0,,flag rate: share of replicates with the flag = 1
4,proj_quad_0.02_n500,alternative,proj_null_quad_n500,500,all,500,flag.rep_error,,0,,,,0,,flag rate: share of replicates with the flag = 1
4,proj_quad_0.02_n500,alternative,proj_null_quad_n500,500,all,500,EDGE.poly3.u.G10,0.01,0.144,0.0157012101444443,0.148,0.008,0,0.144,""
4,proj_quad_0.02_n500,alternative,proj_null_quad_n500,500,all,500,EDGE.poly3.u.G10,0.05,0.282,0.0201234191925726,0.266,0.05,0,0.282,""
4,proj_quad_0.02_n500,alternative,proj_null_quad_n500,500,all,500,EDGE.poly3.u.G10,0.1,0.378,0.0216848334095515,0.386,0.098,0,0.378,""
4,proj_quad_0.02_n500,alternative,proj_null_quad_n500,500,all,500,EDGE.poly3.sc.G10,0.01,0.09,0.0127984374046209,0.11,0.002,0,0.09,""
4,proj_quad_0.02_n500,alternative,proj_null_quad_n500,500,all,500,EDGE.poly3.sc.G10,0.05,0.216,0.0184034779321736,0.244,0.038,0,0.216,""
4,proj_quad_0.02_n500,alternative,proj_null_quad_n500,500,all,500,EDGE.poly3.sc.G10,0.1,0.316,0.020791536739741,0.342,0.084,0,0.316,""
4,proj_quad_0.02_n500,alternative,proj_null_quad_n500,500,all,500,EDGE.poly2.u.G10,0.01,0.166,0.0166399519230075,0.17,0.008,0,0.166,""
4,proj_quad_0.02_n500,alternative,proj_null_quad_n500,500,all,500,EDGE.poly2.u.G10,0.05,0.368,0.0215673827804859,0.346,0.054,0,0.368,""
4,proj_quad_0.02_n500,alternative,proj_null_quad_n500,500,all,500,EDGE.poly2.u.G10,0.1,0.478,0.0223390241505756,0.48,0.096,0,0.478,""
4,proj_quad_0.02_n500,alternative,proj_null_quad_n500,500,all,500,EDGE.poly2.sc.G10,0.01,0.11,0.0139928553197694,0.136,0.004,0,0.11,""
4,proj_quad_0.02_n500,alternative,proj_null_quad_n500,500,all,500,EDGE.poly2.sc.G10,0.05,0.242,0.0191539029965174,0.254,0.046,0,0.242,""
4,proj_quad_0.02_n500,alternative,proj_null_quad_n500,500,all,500,EDGE.poly2.sc.G10,0.1,0.354,0.0213861637513604,0.39,0.086,0,0.354,""
4,proj_quad_0.02_n500,alternative,proj_null_quad_n500,500,all,500,EDGE.stk.u.G10,0.01,0.198,0.0178211110764733,0.198,0.01,0,0.198,""
4,proj_quad_0.02_n500,alternative,proj_null_quad_n500,500,all,500,EDGE.stk.u.G10,0.05,0.328,0.020995999618975,0.338,0.044,0,0.328,""
4,proj_quad_0.02_n500,alternative,proj_null_quad_n500,500,all,500,EDGE.stk.u.G10,0.1,0.412,0.0220116332878776,0.418,0.092,0,0.412,""
4,proj_quad_0.02_n500,alternative,proj_null_quad_n500,500,all,500,EDGE.stk.sc.G10,0.01,0.146,0.015791390059143,0.176,0.002,0,0.146,""
4,proj_quad_0.02_n500,alternative,proj_null_quad_n500,500,all,500,EDGE.stk.sc.G10,0.05,0.27,0.0198544705293292,0.282,0.04,0,0.27,""
4,proj_quad_0.02_n500,alternative,proj_null_quad_n500,500,all,500,EDGE.stk.sc.G10,0.1,0.376,0.0216621328589777,0.394,0.086,0,0.376,""
4,proj_quad_0.02_n500,alternative,proj_null_quad_n500,500,all,500,EDGE.sym.u.G10,0.01,0.21,0.018215378118502,0.186,0.01,0,0.21,""
4,proj_quad_0.02_n500,alternative,proj_null_quad_n500,500,all,500,EDGE.sym.u.G10,0.05,0.328,0.020995999618975,0.336,0.042,0,0.328,""
4,proj_quad_0.02_n500,alternative,proj_null_quad_n500,500,all,500,EDGE.sym.u.G10,0.1,0.426,0.0221144296783797,0.45,0.086,0,0.426,""
4,proj_quad_0.02_n500,alternative,proj_null_quad_n500,500,all,500,EDGE.sym.sc.G10,0.01,0.184,0.0173288199251998,0.184,0.008,0,0.184,""
4,proj_quad_0.02_n500,alternative,proj_null_quad_n500,500,all,500,EDGE.sym.sc.G10,0.05,0.304,0.0205710476155202,0.3,0.05,0,0.304,""
4,proj_quad_0.02_n500,alternative,proj_null_quad_n500,500,all,500,EDGE.sym.sc.G10,0.1,0.398,0.0218904545407353,0.432,0.082,0,0.398,""
4,proj_quad_0.02_n500,alternative,proj_null_quad_n500,500,all,500,EDGE.poly3.u.Grule,0.01,0.154,0.016142118820031,0.15,0.01,0,0.154,""
4,proj_quad_0.02_n500,alternative,proj_null_quad_n500,500,all,500,EDGE.poly3.u.Grule,0.05,0.284,0.0201665068864194,0.294,0.044,0,0.284,""
4,proj_quad_0.02_n500,alternative,proj_null_quad_n500,500,all,500,EDGE.poly3.u.Grule,0.1,0.402,0.0219269696948758,0.426,0.088,0,0.402,""
4,proj_quad_0.02_n500,alternative,proj_null_quad_n500,500,all,500,EDGE.poly3.sc.Grule,0.01,0.126,0.0148407546977908,0.13,0.008,0,0.126,""
4,proj_quad_0.02_n500,alternative,proj_null_quad_n500,500,all,500,EDGE.poly3.sc.Grule,0.05,0.246,0.0192605295877346,0.272,0.04,0,0.246,""
4,proj_quad_0.02_n500,alternative,proj_null_quad_n500,500,all,500,EDGE.poly3.sc.Grule,0.1,0.364,0.021517620686312,0.404,0.076,0,0.364,""
4,proj_quad_0.02_n500,alternative,proj_null_quad_n500,500,all,500,EDGE.poly2.u.Grule,0.01,0.178,0.0171064899964896,0.18,0.006,0,0.178,""
4,proj_quad_0.02_n500,alternative,proj_null_quad_n500,500,all,500,EDGE.poly2.u.Grule,0.05,0.384,0.021750586198997,0.37,0.056,0,0.384,""
4,proj_quad_0.02_n500,alternative,proj_null_quad_n500,500,all,500,EDGE.poly2.u.Grule,0.1,0.498,0.0223605008888442,0.488,0.104,0,0.498,""
4,proj_quad_0.02_n500,alternative,proj_null_quad_n500,500,all,500,EDGE.poly2.sc.Grule,0.01,0.128,0.0149409504383088,0.112,0.012,0,0.128,""
4,proj_quad_0.02_n500,alternative,proj_null_quad_n500,500,all,500,EDGE.poly2.sc.Grule,0.05,0.28,0.0200798406368178,0.3,0.04,0,0.28,""
4,proj_quad_0.02_n500,alternative,proj_null_quad_n500,500,all,500,EDGE.poly2.sc.Grule,0.1,0.392,0.0218328193323721,0.4,0.096,0,0.392,""
4,proj_quad_0.02_n500,alternative,proj_null_quad_n500,500,all,500,EDGE.stk.u.Grule,0.01,0.22,0.0185256578830551,0.234,0.006,0,0.22,""
4,proj_quad_0.02_n500,alternative,proj_null_quad_n500,500,all,500,EDGE.stk.u.Grule,0.05,0.352,0.0213586516428355,0.374,0.04,0,0.352,""
4,proj_quad_0.02_n500,alternative,proj_null_quad_n500,500,all,500,EDGE.stk.u.Grule,0.1,0.436,0.0221767445762447,0.454,0.092,0,0.436,""
4,proj_quad_0.02_n500,alternative,proj_null_quad_n500,500,all,500,EDGE.stk.sc.Grule,0.01,0.146,0.015791390059143,0.142,0.01,0,0.146,""
4,proj_quad_0.02_n500,alternative,proj_null_quad_n500,500,all,500,EDGE.stk.sc.Grule,0.05,0.272,0.0199005527561422,0.28,0.044,0,0.272,""
4,proj_quad_0.02_n500,alternative,proj_null_quad_n500,500,all,500,EDGE.stk.sc.Grule,0.1,0.388,0.0217924757657316,0.412,0.09,0,0.388,""
4,proj_quad_0.02_n500,alternative,proj_null_quad_n500,500,all,500,EDGE.sym.u.Grule,0.01,0.222,0.0185858010319706,0.24,0.006,0,0.222,""
4,proj_quad_0.02_n500,alternative,proj_null_quad_n500,500,all,500,EDGE.sym.u.Grule,0.05,0.374,0.0216390387956582,0.378,0.048,0,0.374,""
4,proj_quad_0.02_n500,alternative,proj_null_quad_n500,500,all,500,EDGE.sym.u.Grule,0.1,0.45,0.022248595461287,0.456,0.094,0,0.45,""
4,proj_quad_0.02_n500,alternative,proj_null_quad_n500,500,all,500,EDGE.sym.sc.Grule,0.01,0.188,0.0174731794473702,0.19,0.008,0,0.188,""
4,proj_quad_0.02_n500,alternative,proj_null_quad_n500,500,all,500,EDGE.sym.sc.Grule,0.05,0.33,0.0210285520186246,0.33,0.05,0,0.33,""
4,proj_quad_0.02_n500,alternative,proj_null_quad_n500,500,all,500,EDGE.sym.sc.Grule,0.1,0.438,0.0221881049213312,0.448,0.088,0,0.438,""
4,proj_quad_0.02_n500,alternative,proj_null_quad_n500,500,all,500,HL.G10,0.01,0.144,0.0157012101444443,0.146,0.008,0,0.144,""
4,proj_quad_0.02_n500,alternative,proj_null_quad_n500,500,all,500,HL.G10,0.05,0.29,0.0202928558857545,0.29,0.046,0,0.29,""
4,proj_quad_0.02_n500,alternative,proj_null_quad_n500,500,all,500,HL.G10,0.1,0.366,0.0215427017804174,0.388,0.086,0,0.366,""
4,proj_quad_0.02_n500,alternative,proj_null_quad_n500,500,all,500,HL.Grule,0.01,0.188,0.0174731794473702,0.228,0,0,0.188,""
4,proj_quad_0.02_n500,alternative,proj_null_quad_n500,500,all,500,HL.Grule,0.05,0.308,0.0206463556106156,0.314,0.044,0,0.308,""
4,proj_quad_0.02_n500,alternative,proj_null_quad_n500,500,all,500,HL.Grule,0.1,0.394,0.021852414054287,0.398,0.092,0,0.394,""
4,proj_quad_0.02_n500,alternative,proj_null_quad_n500,500,all,500,HLF.G10,0.01,0.068,0.0112584190719657,0.074,0.008,0,0.068,""
4,proj_quad_0.02_n500,alternative,proj_null_quad_n500,500,all,500,HLF.G10,0.05,0.184,0.0173288199251998,0.182,0.05,0,0.184,""
4,proj_quad_0.02_n500,alternative,proj_null_quad_n500,500,all,500,HLF.G10,0.1,0.256,0.0195173768729304,0.274,0.086,0,0.256,""
4,proj_quad_0.02_n500,alternative,proj_null_quad_n500,500,all,500,HLF.Grule,0.01,0.078,0.0119929979571415,0.11,0,0,0.078,""
4,proj_quad_0.02_n500,alternative,proj_null_quad_n500,500,all,500,HLF.Grule,0.05,0.174,0.0169542914921267,0.18,0.044,0,0.174,""
4,proj_quad_0.02_n500,alternative,proj_null_quad_n500,500,all,500,HLF.Grule,0.1,0.236,0.0189896814085966,0.242,0.096,0,0.236,""
4,proj_quad_0.02_n500,alternative,proj_null_quad_n500,500,all,500,Stk.joint,0.01,0.168,0.0167198086113448,0.178,0.008,0,0.168,""
4,proj_quad_0.02_n500,alternative,proj_null_quad_n500,500,all,500,Stk.joint,0.05,0.322,0.0208957411928843,0.334,0.044,0,0.322,""
4,proj_quad_0.02_n500,alternative,proj_null_quad_n500,500,all,500,Stk.joint,0.1,0.43,0.0221404606998138,0.442,0.09,0,0.43,""
4,proj_quad_0.02_n500,alternative,proj_null_quad_n500,500,all,500,Stk.LR,0.01,0.122,0.0146366662871024,0.138,0.006,0,0.122,""
4,proj_quad_0.02_n500,alternative,proj_null_quad_n500,500,all,500,Stk.LR,0.05,0.278,0.0200357680162254,0.3,0.042,0,0.278,""
4,proj_quad_0.02_n500,alternative,proj_null_quad_n500,500,all,500,Stk.LR,0.1,0.412,0.0220116332878776,0.418,0.094,0,0.412,""
4,proj_quad_0.02_n500,alternative,proj_null_quad_n500,500,all,500,Stk.sym1,0.01,0.198,0.0178211110764733,0.206,0.006,0,0.198,""
4,proj_quad_0.02_n500,alternative,proj_null_quad_n500,500,all,500,Stk.sym1,0.05,0.326,0.0209630150503214,0.352,0.042,0,0.326,""
4,proj_quad_0.02_n500,alternative,proj_null_quad_n500,500,all,500,Stk.sym1,0.1,0.444,0.0222199909990981,0.48,0.082,0,0.444,""
4,proj_quad_0.02_n500,alternative,proj_null_quad_n500,500,all,500,Stk.marg,0.01,0.254,0.0194671004517879,0.148,0.016,0,0.254,""
4,proj_quad_0.02_n500,alternative,proj_null_quad_n500,500,all,500,Stk.marg,0.05,0.432,0.0221529230576915,0.368,0.072,0,0.432,""
4,proj_quad_0.02_n500,alternative,proj_null_quad_n500,500,all,500,Stk.marg,0.1,0.512,0.0223542389716134,0.492,0.112,0,0.512,""
4,proj_quad_0.02_n500,alternative,proj_null_quad_n500,500,all,500,GiViTI,0.01,0.166,0.0166399519230075,0.152,0.012,0,0.166,""
4,proj_quad_0.02_n500,alternative,proj_null_quad_n500,500,all,500,GiViTI,0.05,0.374,0.0216390387956582,0.354,0.052,0,0.374,""
4,proj_quad_0.02_n500,alternative,proj_null_quad_n500,500,all,500,GiViTI,0.1,0.502,0.0223605008888442,0.486,0.104,0,0.502,""
4,proj_quad_0.02_n500,alternative,proj_null_quad_n500,500,all,500,GiViTI.t50,0.01,0.158,0.0163117135825762,0.14,0.012,0,0.158,""
4,proj_quad_0.02_n500,alternative,proj_null_quad_n500,500,all,500,GiViTI.t50,0.05,0.322,0.0208957411928843,0.294,0.058,0,0.322,""
4,proj_quad_0.02_n500,alternative,proj_null_quad_n500,500,all,500,GiViTI.t50,0.1,0.434,0.0221650174825106,0.412,0.106,0,0.434,""
4,proj_quad_0.02_n500,alternative,proj_null_quad_n500,500,all,500,Cubic.LR,0.01,0.126,0.0148407546977908,0.136,0.008,0,0.126,""
4,proj_quad_0.02_n500,alternative,proj_null_quad_n500,500,all,500,Cubic.LR,0.05,0.286,0.0202091068580479,0.302,0.044,0,0.286,""
4,proj_quad_0.02_n500,alternative,proj_null_quad_n500,500,all,500,Cubic.LR,0.1,0.418,0.0220579237463547,0.44,0.088,0,0.418,""
4,proj_quad_0.02_n500,alternative,proj_null_quad_n500,500,all,500,HL_w,0.01,0.02,0.00626099033699941,0.018,0.01,0,0.02,""
4,proj_quad_0.02_n500,alternative,proj_null_quad_n500,500,all,500,HL_w,0.05,0.104,0.013651666564929,0.108,0.044,0,0.104,""
4,proj_quad_0.02_n500,alternative,proj_null_quad_n500,500,all,500,HL_w,0.1,0.18,0.0171813852759316,0.188,0.09,0,0.18,""
4,proj_quad_0.02_n500,alternative,proj_null_quad_n500,500,all,500,PH,0.01,0.116,0.0143208938268531,0.148,0.006,0,0.116,""
4,proj_quad_0.02_n500,alternative,proj_null_quad_n500,500,all,500,PH,0.05,0.234,0.0189337793374698,0.29,0.036,0,0.234,""
4,proj_quad_0.02_n500,alternative,proj_null_quad_n500,500,all,500,PH,0.1,0.318,0.0208267136149706,0.388,0.064,0,0.318,""
4,proj_quad_0.02_n500,alternative,proj_null_quad_n500,500,all,500,Tsiatis,0.01,0.158,0.0163117135825762,0.192,0,0,0.158,""
4,proj_quad_0.02_n500,alternative,proj_null_quad_n500,500,all,500,Tsiatis,0.05,0.256,0.0195173768729304,0.288,0.034,0,0.256,""
4,proj_quad_0.02_n500,alternative,proj_null_quad_n500,500,all,500,Tsiatis,0.1,0.348,0.0213023942316351,0.352,0.094,0,0.348,""
4,proj_quad_0.02_n500,alternative,proj_null_quad_n500,500,all,500,Xie,0.01,0.136,0.0153299706457645,0.166,0.008,0,0.136,""
4,proj_quad_0.02_n500,alternative,proj_null_quad_n500,500,all,500,Xie,0.05,0.258,0.0195671152702691,0.27,0.042,0,0.258,""
4,proj_quad_0.02_n500,alternative,proj_null_quad_n500,500,all,500,Xie,0.1,0.338,0.0211544794310803,0.388,0.08,0,0.338,""
4,proj_quad_0.02_n500,alternative,proj_null_quad_n500,500,all,500,PR,0.01,0,0,0,0,1,,no p-value in any replicate
4,proj_quad_0.02_n500,alternative,proj_null_quad_n500,500,all,500,PR,0.05,0,0,0,0,1,,no p-value in any replicate
4,proj_quad_0.02_n500,alternative,proj_null_quad_n500,500,all,500,PR,0.1,0,0,0,0,1,,no p-value in any replicate
4,proj_quad_0.02_n500,alternative,proj_null_quad_n500,500,all,500,proj,0.01,0.132,0.0151377673386798,0.158,0.008,0,0.132,""
4,proj_quad_0.02_n500,alternative,proj_null_quad_n500,500,all,500,proj,0.05,0.292,0.0203340109176719,0.31,0.044,0,0.292,""
4,proj_quad_0.02_n500,alternative,proj_null_quad_n500,500,all,500,proj,0.1,0.414,0.0220274374360705,0.408,0.104,0,0.414,""
4,proj_quad_0.02_n1000,alternative,proj_null_quad_n1000,1000,all,500,flag.evlt.G10,,0,,,,0,,flag rate: share of replicates with the flag = 1
4,proj_quad_0.02_n1000,alternative,proj_null_quad_n1000,1000,all,500,flag.evlt.Grule,,0,,,,0,,flag rate: share of replicates with the flag = 1
4,proj_quad_0.02_n1000,alternative,proj_null_quad_n1000,1000,all,500,flag.stk_half0,,0,,,,0,,flag rate: share of replicates with the flag = 1
4,proj_quad_0.02_n1000,alternative,proj_null_quad_n1000,1000,all,500,flag.stk_diag,,0,,,,0,,flag rate: share of replicates with the flag = 1
4,proj_quad_0.02_n1000,alternative,proj_null_quad_n1000,1000,all,500,flag.rivals_run,,1,,,,0,,flag rate: share of replicates with the flag = 1
4,proj_quad_0.02_n1000,alternative,proj_null_quad_n1000,1000,all,500,flag.degenerate,,0,,,,0,,flag rate: share of replicates with the flag = 1
4,proj_quad_0.02_n1000,alternative,proj_null_quad_n1000,1000,all,500,flag.info_guard,,0,,,,0,,flag rate: share of replicates with the flag = 1
4,proj_quad_0.02_n1000,alternative,proj_null_quad_n1000,1000,all,500,flag.rep_error,,0,,,,0,,flag rate: share of replicates with the flag = 1
4,proj_quad_0.02_n1000,alternative,proj_null_quad_n1000,1000,all,500,EDGE.poly3.u.G10,0.01,0.294,0.0203746901816936,0.312,0.006,0,0.294,""
4,proj_quad_0.02_n1000,alternative,proj_null_quad_n1000,1000,all,500,EDGE.poly3.u.G10,0.05,0.538,0.0222960086114085,0.536,0.052,0,0.538,""
4,proj_quad_0.02_n1000,alternative,proj_null_quad_n1000,1000,all,500,EDGE.poly3.u.G10,0.1,0.642,0.0214399626865347,0.638,0.112,0,0.642,""
4,proj_quad_0.02_n1000,alternative,proj_null_quad_n1000,1000,all,500,EDGE.poly3.sc.G10,0.01,0.188,0.0174731794473702,0.212,0.006,0,0.188,""
4,proj_quad_0.02_n1000,alternative,proj_null_quad_n1000,1000,all,500,EDGE.poly3.sc.G10,0.05,0.412,0.0220116332878776,0.442,0.044,0,0.412,""
4,proj_quad_0.02_n1000,alternative,proj_null_quad_n1000,1000,all,500,EDGE.poly3.sc.G10,0.1,0.54,0.0222890107452081,0.532,0.1,0,0.54,""
4,proj_quad_0.02_n1000,alternative,proj_null_quad_n1000,1000,all,500,EDGE.poly2.u.G10,0.01,0.374,0.0216390387956582,0.356,0.01,0,0.374,""
4,proj_quad_0.02_n1000,alternative,proj_null_quad_n1000,1000,all,500,EDGE.poly2.u.G10,0.05,0.61,0.0218128402552258,0.572,0.06,0,0.61,""
4,proj_quad_0.02_n1000,alternative,proj_null_quad_n1000,1000,all,500,EDGE.poly2.u.G10,0.1,0.706,0.0203746901816936,0.666,0.124,0,0.706,""
4,proj_quad_0.02_n1000,alternative,proj_null_quad_n1000,1000,all,500,EDGE.poly2.sc.G10,0.01,0.244,0.0192074985357282,0.306,0.006,0,0.244,""
4,proj_quad_0.02_n1000,alternative,proj_null_quad_n1000,1000,all,500,EDGE.poly2.sc.G10,0.05,0.442,0.0222097275985096,0.43,0.054,0,0.442,""
4,proj_quad_0.02_n1000,alternative,proj_null_quad_n1000,1000,all,500,EDGE.poly2.sc.G10,0.1,0.598,0.0219269696948758,0.598,0.096,0,0.598,""
4,proj_quad_0.02_n1000,alternative,proj_null_quad_n1000,1000,all,500,EDGE.stk.u.G10,0.01,0.352,0.0213586516428355,0.344,0.01,0,0.352,""
4,proj_quad_0.02_n1000,alternative,proj_null_quad_n1000,1000,all,500,EDGE.stk.u.G10,0.05,0.51,0.0223562071917398,0.52,0.04,0,0.51,""
4,proj_quad_0.02_n1000,alternative,proj_null_quad_n1000,1000,all,500,EDGE.stk.u.G10,0.1,0.61,0.0218128402552258,0.628,0.09,0,0.61,""
4,proj_quad_0.02_n1000,alternative,proj_null_quad_n1000,1000,all,500,EDGE.stk.sc.G10,0.01,0.284,0.0201665068864194,0.322,0.006,0,0.284,""
4,proj_quad_0.02_n1000,alternative,proj_null_quad_n1000,1000,all,500,EDGE.stk.sc.G10,0.05,0.482,0.0223461853567897,0.502,0.044,0,0.482,""
4,proj_quad_0.02_n1000,alternative,proj_null_quad_n1000,1000,all,500,EDGE.stk.sc.G10,0.1,0.61,0.0218128402552258,0.61,0.1,0,0.61,""
4,proj_quad_0.02_n1000,alternative,proj_null_quad_n1000,1000,all,500,EDGE.sym.u.G10,0.01,0.364,0.021517620686312,0.334,0.01,0,0.364,""
4,proj_quad_0.02_n1000,alternative,proj_null_quad_n1000,1000,all,500,EDGE.sym.u.G10,0.05,0.52,0.0223427840700303,0.532,0.048,0,0.52,""
4,proj_quad_0.02_n1000,alternative,proj_null_quad_n1000,1000,all,500,EDGE.sym.u.G10,0.1,0.614,0.0217717247823869,0.624,0.086,0,0.614,""
4,proj_quad_0.02_n1000,alternative,proj_null_quad_n1000,1000,all,500,EDGE.sym.sc.G10,0.01,0.332,0.0210606742532142,0.256,0.01,0,0.332,""
4,proj_quad_0.02_n1000,alternative,proj_null_quad_n1000,1000,all,500,EDGE.sym.sc.G10,0.05,0.522,0.0223390241505756,0.522,0.05,0,0.522,""
4,proj_quad_0.02_n1000,alternative,proj_null_quad_n1000,1000,all,500,EDGE.sym.sc.G10,0.1,0.614,0.0217717247823869,0.634,0.086,0,0.614,""
4,proj_quad_0.02_n1000,alternative,proj_null_quad_n1000,1000,all,500,EDGE.poly3.u.Grule,0.01,0.326,0.0209630150503214,0.37,0.004,0,0.326,""
4,proj_quad_0.02_n1000,alternative,proj_null_quad_n1000,1000,all,500,EDGE.poly3.u.Grule,0.05,0.546,0.0222658482883541,0.53,0.054,0,0.546,""
4,proj_quad_0.02_n1000,alternative,proj_null_quad_n1000,1000,all,500,EDGE.poly3.u.Grule,0.1,0.662,0.0211544794310803,0.642,0.108,0,0.662,""
4,proj_quad_0.02_n1000,alternative,proj_null_quad_n1000,1000,all,500,EDGE.poly3.sc.Grule,0.01,0.304,0.0205710476155202,0.322,0.006,0,0.304,""
4,proj_quad_0.02_n1000,alternative,proj_null_quad_n1000,1000,all,500,EDGE.poly3.sc.Grule,0.05,0.508,0.0223578174247846,0.514,0.04,0,0.508,""
4,proj_quad_0.02_n1000,alternative,proj_null_quad_n1000,1000,all,500,EDGE.poly3.sc.Grule,0.1,0.634,0.0215427017804174,0.63,0.104,0,0.634,""
4,proj_quad_0.02_n1000,alternative,proj_null_quad_n1000,1000,all,500,EDGE.poly2.u.Grule,0.01,0.388,0.0217924757657316,0.36,0.012,0,0.388,""
4,proj_quad_0.02_n1000,alternative,proj_null_quad_n1000,1000,all,500,EDGE.poly2.u.Grule,0.05,0.616,0.021750586198997,0.576,0.064,0,0.616,""
4,proj_quad_0.02_n1000,alternative,proj_null_quad_n1000,1000,all,500,EDGE.poly2.u.Grule,0.1,0.728,0.0199005527561422,0.712,0.11,0,0.728,""
4,proj_quad_0.02_n1000,alternative,proj_null_quad_n1000,1000,all,500,EDGE.poly2.sc.Grule,0.01,0.338,0.0211544794310803,0.41,0.002,0,0.338,""
4,proj_quad_0.02_n1000,alternative,proj_null_quad_n1000,1000,all,500,EDGE.poly2.sc.Grule,0.05,0.55,0.022248595461287,0.536,0.052,0,0.55,""
4,proj_quad_0.02_n1000,alternative,proj_null_quad_n1000,1000,all,500,EDGE.poly2.sc.Grule,0.1,0.646,0.0213861637513604,0.64,0.106,0,0.646,""
4,proj_quad_0.02_n1000,alternative,proj_null_quad_n1000,1000,all,500,EDGE.stk.u.Grule,0.01,0.38,0.0217071416819442,0.418,0.006,0,0.38,""
4,proj_quad_0.02_n1000,alternative,proj_null_quad_n1000,1000,all,500,EDGE.stk.u.Grule,0.05,0.528,0.0223255906976725,0.544,0.04,0,0.528,""
4,proj_quad_0.02_n1000,alternative,proj_null_quad_n1000,1000,all,500,EDGE.stk.u.Grule,0.1,0.604,0.0218716254539986,0.616,0.096,0,0.604,""
4,proj_quad_0.02_n1000,alternative,proj_null_quad_n1000,1000,all,500,EDGE.stk.sc.Grule,0.01,0.296,0.0204148965219028,0.35,0.006,0,0.296,""
4,proj_quad_0.02_n1000,alternative,proj_null_quad_n1000,1000,all,500,EDGE.stk.sc.Grule,0.05,0.506,0.022359069748091,0.52,0.048,0,0.506,""
4,proj_quad_0.02_n1000,alternative,proj_null_quad_n1000,1000,all,500,EDGE.stk.sc.Grule,0.1,0.628,0.0216155499583055,0.612,0.114,0,0.628,""
4,proj_quad_0.02_n1000,alternative,proj_null_quad_n1000,1000,all,500,EDGE.sym.u.Grule,0.01,0.378,0.0216848334095515,0.388,0.008,0,0.378,""
4,proj_quad_0.02_n1000,alternative,proj_null_quad_n1000,1000,all,500,EDGE.sym.u.Grule,0.05,0.518,0.0223461853567897,0.548,0.034,0,0.518,""
4,proj_quad_0.02_n1000,alternative,proj_null_quad_n1000,1000,all,500,EDGE.sym.u.Grule,0.1,0.612,0.0217924757657316,0.634,0.088,0,0.612,""
4,proj_quad_0.02_n1000,alternative,proj_null_quad_n1000,1000,all,500,EDGE.sym.sc.Grule,0.01,0.376,0.0216621328589777,0.412,0.008,0,0.376,""
4,proj_quad_0.02_n1000,alternative,proj_null_quad_n1000,1000,all,500,EDGE.sym.sc.Grule,0.05,0.548,0.0222574032627349,0.572,0.036,0,0.548,""
4,proj_quad_0.02_n1000,alternative,proj_null_quad_n1000,1000,all,500,EDGE.sym.sc.Grule,0.1,0.64,0.021466252583998,0.646,0.086,0,0.64,""
4,proj_quad_0.02_n1000,alternative,proj_null_quad_n1000,1000,all,500,HL.G10,0.01,0.222,0.0185858010319706,0.166,0.012,0,0.222,""
4,proj_quad_0.02_n1000,alternative,proj_null_quad_n1000,1000,all,500,HL.G10,0.05,0.43,0.0221404606998138,0.408,0.054,0,0.43,""
4,proj_quad_0.02_n1000,alternative,proj_null_quad_n1000,1000,all,500,HL.G10,0.1,0.526,0.022330427671677,0.516,0.106,0,0.526,""
4,proj_quad_0.02_n1000,alternative,proj_null_quad_n1000,1000,all,500,HL.Grule,0.01,0.23,0.0188202019117756,0.208,0.014,0,0.23,""
4,proj_quad_0.02_n1000,alternative,proj_null_quad_n1000,1000,all,500,HL.Grule,0.05,0.4,0.0219089023002066,0.386,0.05,0,0.4,""
4,proj_quad_0.02_n1000,alternative,proj_null_quad_n1000,1000,all,500,HL.Grule,0.1,0.474,0.022330427671677,0.498,0.09,0,0.474,""
4,proj_quad_0.02_n1000,alternative,proj_null_quad_n1000,1000,all,500,HLF.G10,0.01,0.164,0.0165592270351004,0.106,0.012,0,0.164,""
4,proj_quad_0.02_n1000,alternative,proj_null_quad_n1000,1000,all,500,HLF.G10,0.05,0.326,0.0209630150503214,0.3,0.054,0,0.326,""
4,proj_quad_0.02_n1000,alternative,proj_null_quad_n1000,1000,all,500,HLF.G10,0.1,0.422,0.0220869192057199,0.414,0.106,0,0.422,""
4,proj_quad_0.02_n1000,alternative,proj_null_quad_n1000,1000,all,500,HLF.Grule,0.01,0.062,0.0107848041243223,0.06,0.01,0,0.062,""
4,proj_quad_0.02_n1000,alternative,proj_null_quad_n1000,1000,all,500,HLF.Grule,0.05,0.164,0.0165592270351004,0.162,0.05,0,0.164,""
4,proj_quad_0.02_n1000,alternative,proj_null_quad_n1000,1000,all,500,HLF.Grule,0.1,0.252,0.0194162818273736,0.264,0.09,0,0.252,""
4,proj_quad_0.02_n1000,alternative,proj_null_quad_n1000,1000,all,500,Stk.joint,0.01,0.356,0.0214132669156297,0.402,0.006,0,0.356,""
4,proj_quad_0.02_n1000,alternative,proj_null_quad_n1000,1000,all,500,Stk.joint,0.05,0.572,0.022127629787214,0.564,0.052,0,0.572,""
4,proj_quad_0.02_n1000,alternative,proj_null_quad_n1000,1000,all,500,Stk.joint,0.1,0.666,0.0210923682880799,0.648,0.114,0,0.666,""
4,proj_quad_0.02_n1000,alternative,proj_null_quad_n1000,1000,all,500,Stk.LR,0.01,0.296,0.0204148965219028,0.342,0.004,0,0.296,""
4,proj_quad_0.02_n1000,alternative,proj_null_quad_n1000,1000,all,500,Stk.LR,0.05,0.548,0.0222574032627349,0.544,0.05,0,0.548,""
4,proj_quad_0.02_n1000,alternative,proj_null_quad_n1000,1000,all,500,Stk.LR,0.1,0.654,0.021273645667821,0.628,0.114,0,0.654,""
4,proj_quad_0.02_n1000,alternative,proj_null_quad_n1000,1000,all,500,Stk.sym1,0.01,0.38,0.0217071416819442,0.41,0.006,0,0.38,""
4,proj_quad_0.02_n1000,alternative,proj_null_quad_n1000,1000,all,500,Stk.sym1,0.05,0.542,0.0222816516443463,0.566,0.034,0,0.542,""
4,proj_quad_0.02_n1000,alternative,proj_null_quad_n1000,1000,all,500,Stk.sym1,0.1,0.634,0.0215427017804174,0.668,0.09,0,0.634,""
4,proj_quad_0.02_n1000,alternative,proj_null_quad_n1000,1000,all,500,Stk.marg,0.01,0.516,0.0223492281745925,0.374,0.028,0,0.516,""
4,proj_quad_0.02_n1000,alternative,proj_null_quad_n1000,1000,all,500,Stk.marg,0.05,0.672,0.020995999618975,0.562,0.09,0,0.672,""
4,proj_quad_0.02_n1000,alternative,proj_null_quad_n1000,1000,all,500,Stk.marg,0.1,0.742,0.0195671152702691,0.704,0.126,0,0.742,""
4,proj_quad_0.02_n1000,alternative,proj_null_quad_n1000,1000,all,500,GiViTI,0.01,0.388,0.0217924757657316,0.378,0.01,0,0.388,""
4,proj_quad_0.02_n1000,alternative,proj_null_quad_n1000,1000,all,500,GiViTI,0.05,0.606,0.021852414054287,0.568,0.07,0,0.606,""
4,proj_quad_0.02_n1000,alternative,proj_null_quad_n1000,1000,all,500,GiViTI,0.1,0.726,0.0199461274436919,0.696,0.108,0,0.726,""
4,proj_quad_0.02_n1000,alternative,proj_null_quad_n1000,1000,all,500,GiViTI.t50,0.01,0.32,0.0208614476966485,0.342,0.004,0,0.32,""
4,proj_quad_0.02_n1000,alternative,proj_null_quad_n1000,1000,all,500,GiViTI.t50,0.05,0.558,0.0222097275985096,0.564,0.042,0,0.558,""
4,proj_quad_0.02_n1000,alternative,proj_null_quad_n1000,1000,all,500,GiViTI.t50,0.1,0.668,0.0210606742532142,0.682,0.09,0,0.668,""
4,proj_quad_0.02_n1000,alternative,proj_null_quad_n1000,1000,all,500,Cubic.LR,0.01,0.316,0.020791536739741,0.354,0.002,0,0.316,""
4,proj_quad_0.02_n1000,alternative,proj_null_quad_n1000,1000,all,500,Cubic.LR,0.05,0.55,0.022248595461287,0.53,0.058,0,0.55,""
4,proj_quad_0.02_n1000,alternative,proj_null_quad_n1000,1000,all,500,Cubic.LR,0.1,0.65,0.0213307290077015,0.622,0.112,0,0.65,""
4,proj_quad_0.02_n1000,alternative,proj_null_quad_n1000,1000,all,500,HL_w,0.01,0.076,0.0118510759005248,0.06,0.016,0,0.076,""
4,proj_quad_0.02_n1000,alternative,proj_null_quad_n1000,1000,all,500,HL_w,0.05,0.21,0.018215378118502,0.174,0.056,0,0.21,""
4,proj_quad_0.02_n1000,alternative,proj_null_quad_n1000,1000,all,500,HL_w,0.1,0.32,0.0208614476966485,0.312,0.1,0,0.32,""
4,proj_quad_0.02_n1000,alternative,proj_null_quad_n1000,1000,all,500,PH,0.01,0.196,0.017752971582245,0.168,0.01,0,0.196,""
4,proj_quad_0.02_n1000,alternative,proj_null_quad_n1000,1000,all,500,PH,0.05,0.356,0.0214132669156297,0.412,0.032,0,0.356,""
4,proj_quad_0.02_n1000,alternative,proj_null_quad_n1000,1000,all,500,PH,0.1,0.464,0.0223026455829796,0.518,0.07,0,0.464,""
4,proj_quad_0.02_n1000,alternative,proj_null_quad_n1000,1000,all,500,Tsiatis,0.01,0.236,0.0189896814085966,0.234,0.012,0,0.236,""
4,proj_quad_0.02_n1000,alternative,proj_null_quad_n1000,1000,all,500,Tsiatis,0.05,0.392,0.0218328193323721,0.416,0.046,0,0.392,""
4,proj_quad_0.02_n1000,alternative,proj_null_quad_n1000,1000,all,500,Tsiatis,0.1,0.512,0.0223542389716134,0.494,0.112,0,0.512,""
4,proj_quad_0.02_n1000,alternative,proj_null_quad_n1000,1000,all,500,Xie,0.01,0.224,0.0186453211289052,0.278,0.004,0,0.224,""
4,proj_quad_0.02_n1000,alternative,proj_null_quad_n1000,1000,all,500,Xie,0.05,0.378,0.0216848334095515,0.438,0.028,0,0.378,""
4,proj_quad_0.02_n1000,alternative,proj_null_quad_n1000,1000,all,500,Xie,0.1,0.496,0.0223599642217961,0.534,0.078,0,0.496,""
4,proj_quad_0.02_n1000,alternative,proj_null_quad_n1000,1000,all,500,PR,0.01,0,0,0,0,1,,no p-value in any replicate
4,proj_quad_0.02_n1000,alternative,proj_null_quad_n1000,1000,all,500,PR,0.05,0,0,0,0,1,,no p-value in any replicate
4,proj_quad_0.02_n1000,alternative,proj_null_quad_n1000,1000,all,500,PR,0.1,0,0,0,0,1,,no p-value in any replicate
4,proj_quad_0.02_n1000,alternative,proj_null_quad_n1000,1000,all,500,proj,0.01,0.322,0.0208957411928843,0.27,0.012,0,0.322,""
4,proj_quad_0.02_n1000,alternative,proj_null_quad_n1000,1000,all,500,proj,0.05,0.542,0.0222816516443463,0.542,0.056,0,0.542,""
4,proj_quad_0.02_n1000,alternative,proj_null_quad_n1000,1000,all,500,proj,0.1,0.666,0.0210923682880799,0.652,0.114,0,0.666,""
4,proj_binint_0.3_n500,alternative,null_binint_n500,500,all,500,flag.evlt.G10,,0,,,,0,,flag rate: share of replicates with the flag = 1
4,proj_binint_0.3_n500,alternative,null_binint_n500,500,all,500,flag.evlt.Grule,,0,,,,0,,flag rate: share of replicates with the flag = 1
4,proj_binint_0.3_n500,alternative,null_binint_n500,500,all,500,flag.stk_half0,,0.864,,,,0,,flag rate: share of replicates with the flag = 1
4,proj_binint_0.3_n500,alternative,null_binint_n500,500,all,500,flag.stk_diag,,0.004,,,,0,,flag rate: share of replicates with the flag = 1
4,proj_binint_0.3_n500,alternative,null_binint_n500,500,all,500,flag.rivals_run,,1,,,,0,,flag rate: share of replicates with the flag = 1
4,proj_binint_0.3_n500,alternative,null_binint_n500,500,all,500,flag.degenerate,,0,,,,0,,flag rate: share of replicates with the flag = 1
4,proj_binint_0.3_n500,alternative,null_binint_n500,500,all,500,flag.info_guard,,0,,,,0,,flag rate: share of replicates with the flag = 1
4,proj_binint_0.3_n500,alternative,null_binint_n500,500,all,500,flag.rep_error,,0,,,,0,,flag rate: share of replicates with the flag = 1
4,proj_binint_0.3_n500,alternative,null_binint_n500,500,all,500,EDGE.poly3.u.G10,0.01,0.138,0.01542439626047,0.138,0.0097,0,0.138,""
4,proj_binint_0.3_n500,alternative,null_binint_n500,500,all,500,EDGE.poly3.u.G10,0.05,0.29,0.0202928558857545,0.296,0.0484,0,0.29,""
4,proj_binint_0.3_n500,alternative,null_binint_n500,500,all,500,EDGE.poly3.u.G10,0.1,0.4,0.0219089023002066,0.402,0.0983,0,0.4,""
4,proj_binint_0.3_n500,alternative,null_binint_n500,500,all,500,EDGE.poly3.sc.G10,0.01,0.092,0.01292563344676,0.086,0.0107,0,0.092,""
4,proj_binint_0.3_n500,alternative,null_binint_n500,500,all,500,EDGE.poly3.sc.G10,0.05,0.248,0.0193130008025682,0.244,0.051,0,0.248,""
4,proj_binint_0.3_n500,alternative,null_binint_n500,500,all,500,EDGE.poly3.sc.G10,0.1,0.376,0.0216621328589777,0.378,0.0997,0,0.376,""
4,proj_binint_0.3_n500,alternative,null_binint_n500,500,all,500,EDGE.poly2.u.G10,0.01,0.168,0.0167198086113448,0.168,0.0098,0,0.168,""
4,proj_binint_0.3_n500,alternative,null_binint_n500,500,all,500,EDGE.poly2.u.G10,0.05,0.322,0.0208957411928843,0.336,0.0479,0,0.322,""
4,proj_binint_0.3_n500,alternative,null_binint_n500,500,all,500,EDGE.poly2.u.G10,0.1,0.456,0.0222739309507774,0.458,0.0992,0,0.456,""
4,proj_binint_0.3_n500,alternative,null_binint_n500,500,all,500,EDGE.poly2.sc.G10,0.01,0.108,0.0138806339912844,0.1,0.011,0,0.108,""
4,proj_binint_0.3_n500,alternative,null_binint_n500,500,all,500,EDGE.poly2.sc.G10,0.05,0.272,0.0199005527561422,0.268,0.0514,0,0.272,""
4,proj_binint_0.3_n500,alternative,null_binint_n500,500,all,500,EDGE.poly2.sc.G10,0.1,0.372,0.0216155499583055,0.366,0.1025,0,0.372,""
4,proj_binint_0.3_n500,alternative,null_binint_n500,500,all,500,EDGE.stk.u.G10,0.01,0.172,0.0168769665520792,0.172,0.0103,0,0.172,""
4,proj_binint_0.3_n500,alternative,null_binint_n500,500,all,500,EDGE.stk.u.G10,0.05,0.354,0.0213861637513604,0.358,0.0486,0,0.354,""
4,proj_binint_0.3_n500,alternative,null_binint_n500,500,all,500,EDGE.stk.u.G10,0.1,0.458,0.0222816516443463,0.458,0.0943,0,0.458,""
4,proj_binint_0.3_n500,alternative,null_binint_n500,500,all,500,EDGE.stk.sc.G10,0.01,0.126,0.0148407546977908,0.116,0.0102,0,0.126,""
4,proj_binint_0.3_n500,alternative,null_binint_n500,500,all,500,EDGE.stk.sc.G10,0.05,0.282,0.0201234191925726,0.272,0.0524,0,0.282,""
4,proj_binint_0.3_n500,alternative,null_binint_n500,500,all,500,EDGE.stk.sc.G10,0.1,0.408,0.0219788989715136,0.404,0.1015,0,0.408,""
4,proj_binint_0.3_n500,alternative,null_binint_n500,500,all,500,EDGE.sym.u.G10,0.01,0.156,0.0162273842624127,0.166,0.0096,0,0.156,""
4,proj_binint_0.3_n500,alternative,null_binint_n500,500,all,500,EDGE.sym.u.G10,0.05,0.338,0.0211544794310803,0.338,0.0499,0,0.338,""
4,proj_binint_0.3_n500,alternative,null_binint_n500,500,all,500,EDGE.sym.u.G10,0.1,0.438,0.0221881049213312,0.438,0.1019,0,0.438,""
4,proj_binint_0.3_n500,alternative,null_binint_n500,500,all,500,EDGE.sym.sc.G10,0.01,0.122,0.0146366662871024,0.116,0.0104,0,0.122,""
4,proj_binint_0.3_n500,alternative,null_binint_n500,500,all,500,EDGE.sym.sc.G10,0.05,0.322,0.0208957411928843,0.314,0.0512,0,0.322,""
4,proj_binint_0.3_n500,alternative,null_binint_n500,500,all,500,EDGE.sym.sc.G10,0.1,0.39,0.0218128402552258,0.384,0.1015,0,0.39,""
4,proj_binint_0.3_n500,alternative,null_binint_n500,500,all,500,EDGE.poly3.u.Grule,0.01,0.136,0.0153299706457645,0.138,0.0098,0,0.136,""
4,proj_binint_0.3_n500,alternative,null_binint_n500,500,all,500,EDGE.poly3.u.Grule,0.05,0.318,0.0208267136149706,0.318,0.0491,0,0.318,""
4,proj_binint_0.3_n500,alternative,null_binint_n500,500,all,500,EDGE.poly3.u.Grule,0.1,0.406,0.0219619671250095,0.404,0.1011,0,0.406,""
4,proj_binint_0.3_n500,alternative,null_binint_n500,500,all,500,EDGE.poly3.sc.Grule,0.01,0.11,0.0139928553197694,0.102,0.0107,0,0.11,""
4,proj_binint_0.3_n500,alternative,null_binint_n500,500,all,500,EDGE.poly3.sc.Grule,0.05,0.276,0.0199911980631477,0.278,0.0485,0,0.276,""
4,proj_binint_0.3_n500,alternative,null_binint_n500,500,all,500,EDGE.poly3.sc.Grule,0.1,0.38,0.0217071416819442,0.392,0.0954,0,0.38,""
4,proj_binint_0.3_n500,alternative,null_binint_n500,500,all,500,EDGE.poly2.u.Grule,0.01,0.158,0.0163117135825762,0.166,0.0093,0,0.158,""
4,proj_binint_0.3_n500,alternative,null_binint_n500,500,all,500,EDGE.poly2.u.Grule,0.05,0.342,0.0212149004239945,0.344,0.0493,0,0.342,""
4,proj_binint_0.3_n500,alternative,null_binint_n500,500,all,500,EDGE.poly2.u.Grule,0.1,0.458,0.0222816516443463,0.458,0.1021,0,0.458,""
4,proj_binint_0.3_n500,alternative,null_binint_n500,500,all,500,EDGE.poly2.sc.Grule,0.01,0.112,0.014103616557465,0.112,0.0102,0,0.112,""
4,proj_binint_0.3_n500,alternative,null_binint_n500,500,all,500,EDGE.poly2.sc.Grule,0.05,0.276,0.0199911980631477,0.272,0.0501,0,0.276,""
4,proj_binint_0.3_n500,alternative,null_binint_n500,500,all,500,EDGE.poly2.sc.Grule,0.1,0.384,0.021750586198997,0.376,0.1032,0,0.384,""
4,proj_binint_0.3_n500,alternative,null_binint_n500,500,all,500,EDGE.stk.u.Grule,0.01,0.184,0.0173288199251998,0.178,0.0107,0,0.184,""
4,proj_binint_0.3_n500,alternative,null_binint_n500,500,all,500,EDGE.stk.u.Grule,0.05,0.364,0.021517620686312,0.376,0.0479,0,0.364,""
4,proj_binint_0.3_n500,alternative,null_binint_n500,500,all,500,EDGE.stk.u.Grule,0.1,0.468,0.0223148381127894,0.47,0.0984,0,0.468,""
4,proj_binint_0.3_n500,alternative,null_binint_n500,500,all,500,EDGE.stk.sc.Grule,0.01,0.12,0.014532721699668,0.12,0.0103,0,0.12,""
4,proj_binint_0.3_n500,alternative,null_binint_n500,500,all,500,EDGE.stk.sc.Grule,0.05,0.306,0.0206089301032344,0.312,0.0485,0,0.306,""
4,proj_binint_0.3_n500,alternative,null_binint_n500,500,all,500,EDGE.stk.sc.Grule,0.1,0.418,0.0220579237463547,0.418,0.0982,0,0.418,""
4,proj_binint_0.3_n500,alternative,null_binint_n500,500,all,500,EDGE.sym.u.Grule,0.01,0.186,0.0174013792556797,0.182,0.0107,0,0.186,""
4,proj_binint_0.3_n500,alternative,null_binint_n500,500,all,500,EDGE.sym.u.Grule,0.05,0.36,0.021466252583998,0.368,0.0485,0,0.36,""
4,proj_binint_0.3_n500,alternative,null_binint_n500,500,all,500,EDGE.sym.u.Grule,0.1,0.462,0.0222960086114085,0.45,0.1034,0,0.462,""
4,proj_binint_0.3_n500,alternative,null_binint_n500,500,all,500,EDGE.sym.sc.Grule,0.01,0.176,0.017030795636141,0.172,0.0105,0,0.176,""
4,proj_binint_0.3_n500,alternative,null_binint_n500,500,all,500,EDGE.sym.sc.Grule,0.05,0.342,0.0212149004239945,0.342,0.0496,0,0.342,""
4,proj_binint_0.3_n500,alternative,null_binint_n500,500,all,500,EDGE.sym.sc.Grule,0.1,0.45,0.022248595461287,0.45,0.101,0,0.45,""
4,proj_binint_0.3_n500,alternative,null_binint_n500,500,all,500,HL.G10,0.01,0.042,0.00897061870775924,0.042,0.0098,0,0.042,""
4,proj_binint_0.3_n500,alternative,null_binint_n500,500,all,500,HL.G10,0.05,0.16,0.0163951212255354,0.16,0.05,0,0.16,""
4,proj_binint_0.3_n500,alternative,null_binint_n500,500,all,500,HL.G10,0.1,0.26,0.0196163197363828,0.262,0.0971,0,0.26,""
4,proj_binint_0.3_n500,alternative,null_binint_n500,500,all,500,HL.Grule,0.01,0.038,0.00855055553750749,0.032,0.0113,0,0.038,""
4,proj_binint_0.3_n500,alternative,null_binint_n500,500,all,500,HL.Grule,0.05,0.132,0.0151377673386798,0.142,0.049,0,0.132,""
4,proj_binint_0.3_n500,alternative,null_binint_n500,500,all,500,HL.Grule,0.1,0.23,0.0188202019117756,0.236,0.0985,0,0.23,""
4,proj_binint_0.3_n500,alternative,null_binint_n500,500,all,500,HLF.G10,0.01,0.04,0.00876356092008266,0.04,0.0097,0,0.04,""
4,proj_binint_0.3_n500,alternative,null_binint_n500,500,all,500,HLF.G10,0.05,0.146,0.015791390059143,0.15,0.0498,0,0.146,""
4,proj_binint_0.3_n500,alternative,null_binint_n500,500,all,500,HLF.G10,0.1,0.254,0.0194671004517879,0.256,0.0983,0,0.254,""
4,proj_binint_0.3_n500,alternative,null_binint_n500,500,all,500,HLF.Grule,0.01,0.03,0.00762889244910426,0.022,0.0114,0,0.03,""
4,proj_binint_0.3_n500,alternative,null_binint_n500,500,all,500,HLF.Grule,0.05,0.116,0.0143208938268531,0.12,0.0488,0,0.116,""
4,proj_binint_0.3_n500,alternative,null_binint_n500,500,all,500,HLF.Grule,0.1,0.198,0.0178211110764733,0.204,0.0977,0,0.198,""
4,proj_binint_0.3_n500,alternative,null_binint_n500,500,all,500,Stk.joint,0.01,0.16,0.0163951212255354,0.16,0.0098,0.002,0.160320641282565,""
4,proj_binint_0.3_n500,alternative,null_binint_n500,500,all,500,Stk.joint,0.05,0.334,0.0210923682880799,0.334,0.0501,0.002,0.334669338677355,""
4,proj_binint_0.3_n500,alternative,null_binint_n500,500,all,500,Stk.joint,0.1,0.474,0.022330427671677,0.472,0.1009,0.002,0.474949899799599,""
4,proj_binint_0.3_n500,alternative,null_binint_n500,500,all,500,Stk.LR,0.01,0.142,0.0156099967969247,0.142,0.0101,0,0.142,""
4,proj_binint_0.3_n500,alternative,null_binint_n500,500,all,500,Stk.LR,0.05,0.33,0.0210285520186246,0.328,0.052,0,0.33,""
4,proj_binint_0.3_n500,alternative,null_binint_n500,500,all,500,Stk.LR,0.1,0.458,0.0222816516443463,0.456,0.104,0,0.458,""
4,proj_binint_0.3_n500,alternative,null_binint_n500,500,all,500,Stk.sym1,0.01,0.168,0.0167198086113448,0.162,0.0109,0,0.168,""
4,proj_binint_0.3_n500,alternative,null_binint_n500,500,all,500,Stk.sym1,0.05,0.352,0.0213586516428355,0.352,0.0506,0,0.352,""
4,proj_binint_0.3_n500,alternative,null_binint_n500,500,all,500,Stk.sym1,0.1,0.484,0.0223492281745925,0.478,0.1047,0,0.484,""
4,proj_binint_0.3_n500,alternative,null_binint_n500,500,all,500,Stk.marg,0.01,0.018,0.005945754788082,0.01,0.0202,0.864,0.132352941176471,""
4,proj_binint_0.3_n500,alternative,null_binint_n500,500,all,500,Stk.marg,0.05,0.038,0.00855055553750749,0.03,0.0698,0.864,0.279411764705882,""
4,proj_binint_0.3_n500,alternative,null_binint_n500,500,all,500,Stk.marg,0.1,0.058,0.0104533248299285,0.048,0.1162,0.864,0.426470588235294,""
4,proj_binint_0.3_n500,alternative,null_binint_n500,500,all,500,GiViTI,0.01,0.146,0.015791390059143,0.154,0.0088,0,0.146,""
4,proj_binint_0.3_n500,alternative,null_binint_n500,500,all,500,GiViTI,0.05,0.344,0.0212444816364156,0.34,0.0513,0,0.344,""
4,proj_binint_0.3_n500,alternative,null_binint_n500,500,all,500,GiViTI,0.1,0.454,0.0222658482883541,0.454,0.1008,0,0.454,""
4,proj_binint_0.3_n500,alternative,null_binint_n500,500,all,500,GiViTI.t50,0.01,0.122,0.0146366662871024,0.122,0.0098,0,0.122,""
4,proj_binint_0.3_n500,alternative,null_binint_n500,500,all,500,GiViTI.t50,0.05,0.298,0.0204546327270865,0.3,0.0483,0,0.298,""
4,proj_binint_0.3_n500,alternative,null_binint_n500,500,all,500,GiViTI.t50,0.1,0.418,0.0220579237463547,0.416,0.1026,0,0.418,""
4,proj_binint_0.3_n500,alternative,null_binint_n500,500,all,500,Cubic.LR,0.01,0.102,0.0135348439222623,0.102,0.0101,0,0.102,""
4,proj_binint_0.3_n500,alternative,null_binint_n500,500,all,500,Cubic.LR,0.05,0.254,0.0194671004517879,0.254,0.0499,0,0.254,""
4,proj_binint_0.3_n500,alternative,null_binint_n500,500,all,500,Cubic.LR,0.1,0.388,0.0217924757657316,0.378,0.1021,0,0.388,""
4,proj_binint_0.3_n500,alternative,null_binint_n500,500,all,500,HL_w,0.01,0.07,0.0114105214604767,0.066,0.0101,0.008,0.0705645161290323,""
4,proj_binint_0.3_n500,alternative,null_binint_n500,500,all,500,HL_w,0.05,0.19,0.0175442298206561,0.19,0.048,0.008,0.191532258064516,""
4,proj_binint_0.3_n500,alternative,null_binint_n500,500,all,500,HL_w,0.1,0.302,0.0205327056181108,0.306,0.0989,0.008,0.304435483870968,""
4,proj_binint_0.3_n500,alternative,null_binint_n500,500,all,500,PH,0.01,0.032,0.00787095928079926,0.042,0.0059,0,0.032,""
4,proj_binint_0.3_n500,alternative,null_binint_n500,500,all,500,PH,0.05,0.12,0.014532721699668,0.158,0.0306,0,0.12,""
4,proj_binint_0.3_n500,alternative,null_binint_n500,500,all,500,PH,0.1,0.204,0.0180213207063189,0.26,0.0652,0,0.204,""
4,proj_binint_0.3_n500,alternative,null_binint_n500,500,all,500,Tsiatis,0.01,0.066,0.0111035129576184,0.074,0.0089,0,0.066,""
4,proj_binint_0.3_n500,alternative,null_binint_n500,500,all,500,Tsiatis,0.05,0.196,0.017752971582245,0.194,0.0516,0,0.196,""
4,proj_binint_0.3_n500,alternative,null_binint_n500,500,all,500,Tsiatis,0.1,0.284,0.0201665068864194,0.282,0.1041,0,0.284,""
4,proj_binint_0.3_n500,alternative,null_binint_n500,500,all,500,Xie,0.01,0.048,0.00955991631762538,0.072,0.005,0,0.048,""
4,proj_binint_0.3_n500,alternative,null_binint_n500,500,all,500,Xie,0.05,0.128,0.0149409504383088,0.182,0.0294,0,0.128,""
4,proj_binint_0.3_n500,alternative,null_binint_n500,500,all,500,Xie,0.1,0.216,0.0184034779321736,0.3,0.0622,0,0.216,""
4,proj_binint_0.3_n500,alternative,null_binint_n500,500,all,500,PR,0.01,0.154,0.016142118820031,0.162,0.0094,0,0.154,""
4,proj_binint_0.3_n500,alternative,null_binint_n500,500,all,500,PR,0.05,0.344,0.0212444816364156,0.33,0.0555,0,0.344,""
4,proj_binint_0.3_n500,alternative,null_binint_n500,500,all,500,PR,0.1,0.468,0.0223148381127894,0.442,0.1208,0,0.468,""
4,proj_binint_0.3_n500,alternative,null_binint_n500,500,all,500,proj,0.01,0.07,0.0114105214604767,,,0,0.07,""
4,proj_binint_0.3_n500,alternative,null_binint_n500,500,all,500,proj,0.05,0.192,0.0176145394489893,,,0,0.192,""
4,proj_binint_0.3_n500,alternative,null_binint_n500,500,all,500,proj,0.1,0.312,0.02071984555927,,,0,0.312,""
4,proj_binint_0.3_n1000,alternative,null_binint_n1000,1000,all,500,flag.evlt.G10,,0,,,,0,,flag rate: share of replicates with the flag = 1
4,proj_binint_0.3_n1000,alternative,null_binint_n1000,1000,all,500,flag.evlt.Grule,,0,,,,0,,flag rate: share of replicates with the flag = 1
4,proj_binint_0.3_n1000,alternative,null_binint_n1000,1000,all,500,flag.stk_half0,,0.93,,,,0,,flag rate: share of replicates with the flag = 1
4,proj_binint_0.3_n1000,alternative,null_binint_n1000,1000,all,500,flag.stk_diag,,0.01,,,,0,,flag rate: share of replicates with the flag = 1
4,proj_binint_0.3_n1000,alternative,null_binint_n1000,1000,all,500,flag.rivals_run,,1,,,,0,,flag rate: share of replicates with the flag = 1
4,proj_binint_0.3_n1000,alternative,null_binint_n1000,1000,all,500,flag.degenerate,,0,,,,0,,flag rate: share of replicates with the flag = 1
4,proj_binint_0.3_n1000,alternative,null_binint_n1000,1000,all,500,flag.info_guard,,0,,,,0,,flag rate: share of replicates with the flag = 1
4,proj_binint_0.3_n1000,alternative,null_binint_n1000,1000,all,500,flag.rep_error,,0,,,,0,,flag rate: share of replicates with the flag = 1
4,proj_binint_0.3_n1000,alternative,null_binint_n1000,1000,all,500,EDGE.poly3.u.G10,0.01,0.26,0.0196163197363828,0.262,0.0097,0,0.26,""
4,proj_binint_0.3_n1000,alternative,null_binint_n1000,1000,all,500,EDGE.poly3.u.G10,0.05,0.436,0.0221767445762447,0.442,0.0487,0,0.436,""
4,proj_binint_0.3_n1000,alternative,null_binint_n1000,1000,all,500,EDGE.poly3.u.G10,0.1,0.568,0.0221529230576915,0.57,0.0979,0,0.568,""
4,proj_binint_0.3_n1000,alternative,null_binint_n1000,1000,all,500,EDGE.poly3.sc.G10,0.01,0.2,0.0178885438199983,0.208,0.009,0,0.2,""
4,proj_binint_0.3_n1000,alternative,null_binint_n1000,1000,all,500,EDGE.poly3.sc.G10,0.05,0.404,0.0219446576642243,0.406,0.0492,0,0.404,""
4,proj_binint_0.3_n1000,alternative,null_binint_n1000,1000,all,500,EDGE.poly3.sc.G10,0.1,0.526,0.022330427671677,0.53,0.0996,0,0.526,""
4,proj_binint_0.3_n1000,alternative,null_binint_n1000,1000,all,500,EDGE.poly2.u.G10,0.01,0.28,0.0200798406368178,0.28,0.0102,0,0.28,""
4,proj_binint_0.3_n1000,alternative,null_binint_n1000,1000,all,500,EDGE.poly2.u.G10,0.05,0.49,0.0223562071917398,0.49,0.0503,0,0.49,""
4,proj_binint_0.3_n1000,alternative,null_binint_n1000,1000,all,500,EDGE.poly2.u.G10,0.1,0.604,0.0218716254539986,0.61,0.0981,0,0.604,""
4,proj_binint_0.3_n1000,alternative,null_binint_n1000,1000,all,500,EDGE.poly2.sc.G10,0.01,0.208,0.0181513635851415,0.216,0.0092,0,0.208,""
4,proj_binint_0.3_n1000,alternative,null_binint_n1000,1000,all,500,EDGE.poly2.sc.G10,0.05,0.386,0.0217717247823869,0.398,0.0469,0,0.386,""
4,proj_binint_0.3_n1000,alternative,null_binint_n1000,1000,all,500,EDGE.poly2.sc.G10,0.1,0.516,0.0223492281745925,0.516,0.0999,0,0.516,""
4,proj_binint_0.3_n1000,alternative,null_binint_n1000,1000,all,500,EDGE.stk.u.G10,0.01,0.308,0.0206463556106156,0.302,0.0111,0,0.308,""
4,proj_binint_0.3_n1000,alternative,null_binint_n1000,1000,all,500,EDGE.stk.u.G10,0.05,0.504,0.0223599642217961,0.508,0.0484,0,0.504,""
4,proj_binint_0.3_n1000,alternative,null_binint_n1000,1000,all,500,EDGE.stk.u.G10,0.1,0.624,0.0216621328589777,0.624,0.0972,0,0.624,""
4,proj_binint_0.3_n1000,alternative,null_binint_n1000,1000,all,500,EDGE.stk.sc.G10,0.01,0.232,0.0188772879408034,0.238,0.0089,0,0.232,""
4,proj_binint_0.3_n1000,alternative,null_binint_n1000,1000,all,500,EDGE.stk.sc.G10,0.05,0.426,0.0221144296783797,0.428,0.0485,0,0.426,""
4,proj_binint_0.3_n1000,alternative,null_binint_n1000,1000,all,500,EDGE.stk.sc.G10,0.1,0.564,0.0221767445762447,0.566,0.0972,0,0.564,""
4,proj_binint_0.3_n1000,alternative,null_binint_n1000,1000,all,500,EDGE.sym.u.G10,0.01,0.274,0.0199461274436919,0.296,0.0087,0,0.274,""
4,proj_binint_0.3_n1000,alternative,null_binint_n1000,1000,all,500,EDGE.sym.u.G10,0.05,0.498,0.0223605008888442,0.498,0.0499,0,0.498,""
4,proj_binint_0.3_n1000,alternative,null_binint_n1000,1000,all,500,EDGE.sym.u.G10,0.1,0.602,0.0218904545407353,0.602,0.0997,0,0.602,""
4,proj_binint_0.3_n1000,alternative,null_binint_n1000,1000,all,500,EDGE.sym.sc.G10,0.01,0.222,0.0185858010319706,0.234,0.0087,0,0.222,""
4,proj_binint_0.3_n1000,alternative,null_binint_n1000,1000,all,500,EDGE.sym.sc.G10,0.05,0.448,0.0222394244529844,0.448,0.0486,0,0.448,""
4,proj_binint_0.3_n1000,alternative,null_binint_n1000,1000,all,500,EDGE.sym.sc.G10,0.1,0.562,0.0221881049213312,0.564,0.0984,0,0.562,""
4,proj_binint_0.3_n1000,alternative,null_binint_n1000,1000,all,500,EDGE.poly3.u.Grule,0.01,0.26,0.0196163197363828,0.26,0.0097,0,0.26,""
4,proj_binint_0.3_n1000,alternative,null_binint_n1000,1000,all,500,EDGE.poly3.u.Grule,0.05,0.472,0.0223255906976725,0.48,0.0461,0,0.472,""
4,proj_binint_0.3_n1000,alternative,null_binint_n1000,1000,all,500,EDGE.poly3.u.Grule,0.1,0.59,0.0219954540757858,0.604,0.0957,0,0.59,""
4,proj_binint_0.3_n1000,alternative,null_binint_n1000,1000,all,500,EDGE.poly3.sc.Grule,0.01,0.23,0.0188202019117756,0.246,0.0081,0,0.23,""
4,proj_binint_0.3_n1000,alternative,null_binint_n1000,1000,all,500,EDGE.poly3.sc.Grule,0.05,0.452,0.0222574032627349,0.456,0.0462,0,0.452,""
4,proj_binint_0.3_n1000,alternative,null_binint_n1000,1000,all,500,EDGE.poly3.sc.Grule,0.1,0.552,0.0222394244529844,0.552,0.0989,0,0.552,""
4,proj_binint_0.3_n1000,alternative,null_binint_n1000,1000,all,500,EDGE.poly2.u.Grule,0.01,0.278,0.0200357680162254,0.304,0.0088,0,0.278,""
4,proj_binint_0.3_n1000,alternative,null_binint_n1000,1000,all,500,EDGE.poly2.u.Grule,0.05,0.512,0.0223542389716134,0.514,0.0486,0,0.512,""
4,proj_binint_0.3_n1000,alternative,null_binint_n1000,1000,all,500,EDGE.poly2.u.Grule,0.1,0.63,0.0215916650585359,0.632,0.0963,0,0.63,""
4,proj_binint_0.3_n1000,alternative,null_binint_n1000,1000,all,500,EDGE.poly2.sc.Grule,0.01,0.25,0.0193649167310371,0.258,0.0094,0,0.25,""
4,proj_binint_0.3_n1000,alternative,null_binint_n1000,1000,all,500,EDGE.poly2.sc.Grule,0.05,0.44,0.0221990990808186,0.45,0.0481,0,0.44,""
4,proj_binint_0.3_n1000,alternative,null_binint_n1000,1000,all,500,EDGE.poly2.sc.Grule,0.1,0.542,0.0222816516443463,0.544,0.0978,0,0.542,""
4,proj_binint_0.3_n1000,alternative,null_binint_n1000,1000,all,500,EDGE.stk.u.Grule,0.01,0.306,0.0206089301032344,0.314,0.0094,0,0.306,""
4,proj_binint_0.3_n1000,alternative,null_binint_n1000,1000,all,500,EDGE.stk.u.Grule,0.05,0.516,0.0223492281745925,0.528,0.0465,0,0.516,""
4,proj_binint_0.3_n1000,alternative,null_binint_n1000,1000,all,500,EDGE.stk.u.Grule,0.1,0.61,0.0218128402552258,0.622,0.0966,0,0.61,""
4,proj_binint_0.3_n1000,alternative,null_binint_n1000,1000,all,500,EDGE.stk.sc.Grule,0.01,0.23,0.0188202019117756,0.25,0.0091,0,0.23,""
4,proj_binint_0.3_n1000,alternative,null_binint_n1000,1000,all,500,EDGE.stk.sc.Grule,0.05,0.46,0.0222890107452081,0.462,0.0489,0,0.46,""
4,proj_binint_0.3_n1000,alternative,null_binint_n1000,1000,all,500,EDGE.stk.sc.Grule,0.1,0.558,0.0222097275985096,0.566,0.0973,0,0.558,""
4,proj_binint_0.3_n1000,alternative,null_binint_n1000,1000,all,500,EDGE.sym.u.Grule,0.01,0.3,0.0204939015319192,0.3,0.0097,0,0.3,""
4,proj_binint_0.3_n1000,alternative,null_binint_n1000,1000,all,500,EDGE.sym.u.Grule,0.05,0.526,0.022330427671677,0.526,0.0497,0,0.526,""
4,proj_binint_0.3_n1000,alternative,null_binint_n1000,1000,all,500,EDGE.sym.u.Grule,0.1,0.626,0.0216390387956582,0.626,0.1007,0,0.626,""
4,proj_binint_0.3_n1000,alternative,null_binint_n1000,1000,all,500,EDGE.sym.sc.Grule,0.01,0.304,0.0205710476155202,0.318,0.0094,0,0.304,""
4,proj_binint_0.3_n1000,alternative,null_binint_n1000,1000,all,500,EDGE.sym.sc.Grule,0.05,0.528,0.0223255906976725,0.53,0.0498,0,0.528,""
4,proj_binint_0.3_n1000,alternative,null_binint_n1000,1000,all,500,EDGE.sym.sc.Grule,0.1,0.638,0.0214921380974532,0.636,0.1007,0,0.638,""
4,proj_binint_0.3_n1000,alternative,null_binint_n1000,1000,all,500,HL.G10,0.01,0.116,0.0143208938268531,0.12,0.0089,0,0.116,""
4,proj_binint_0.3_n1000,alternative,null_binint_n1000,1000,all,500,HL.G10,0.05,0.294,0.0203746901816936,0.308,0.0455,0,0.294,""
4,proj_binint_0.3_n1000,alternative,null_binint_n1000,1000,all,500,HL.G10,0.1,0.414,0.0220274374360705,0.43,0.0951,0,0.414,""
4,proj_binint_0.3_n1000,alternative,null_binint_n1000,1000,all,500,HL.Grule,0.01,0.05,0.00974679434480896,0.052,0.0079,0,0.05,""
4,proj_binint_0.3_n1000,alternative,null_binint_n1000,1000,all,500,HL.Grule,0.05,0.152,0.0160559023415067,0.154,0.0486,0,0.152,""
4,proj_binint_0.3_n1000,alternative,null_binint_n1000,1000,all,500,HL.Grule,0.1,0.264,0.0197131428240146,0.264,0.0976,0,0.264,""
4,proj_binint_0.3_n1000,alternative,null_binint_n1000,1000,all,500,HLF.G10,0.01,0.11,0.0139928553197694,0.112,0.0092,0,0.11,""
4,proj_binint_0.3_n1000,alternative,null_binint_n1000,1000,all,500,HLF.G10,0.05,0.286,0.0202091068580479,0.294,0.0451,0,0.286,""
4,proj_binint_0.3_n1000,alternative,null_binint_n1000,1000,all,500,HLF.G10,0.1,0.39,0.0218128402552258,0.41,0.0945,0,0.39,""
4,proj_binint_0.3_n1000,alternative,null_binint_n1000,1000,all,500,HLF.Grule,0.01,0.034,0.00810481338464989,0.044,0.0081,0,0.034,""
4,proj_binint_0.3_n1000,alternative,null_binint_n1000,1000,all,500,HLF.Grule,0.05,0.13,0.0150399468084166,0.13,0.049,0,0.13,""
4,proj_binint_0.3_n1000,alternative,null_binint_n1000,1000,all,500,HLF.Grule,0.1,0.226,0.0187042241218394,0.228,0.0992,0,0.226,""
4,proj_binint_0.3_n1000,alternative,null_binint_n1000,1000,all,500,Stk.joint,0.01,0.294,0.0203746901816936,0.294,0.0099,0,0.294,""
4,proj_binint_0.3_n1000,alternative,null_binint_n1000,1000,all,500,Stk.joint,0.05,0.524,0.0223349054173059,0.542,0.0461,0,0.524,""
4,proj_binint_0.3_n1000,alternative,null_binint_n1000,1000,all,500,Stk.joint,0.1,0.634,0.0215427017804174,0.648,0.0962,0,0.634,""
4,proj_binint_0.3_n1000,alternative,null_binint_n1000,1000,all,500,Stk.LR,0.01,0.272,0.0199005527561422,0.276,0.0097,0,0.272,""
4,proj_binint_0.3_n1000,alternative,null_binint_n1000,1000,all,500,Stk.LR,0.05,0.514,0.0223519126698366,0.522,0.0474,0,0.514,""
4,proj_binint_0.3_n1000,alternative,null_binint_n1000,1000,all,500,Stk.LR,0.1,0.634,0.0215427017804174,0.636,0.0981,0,0.634,""
4,proj_binint_0.3_n1000,alternative,null_binint_n1000,1000,all,500,Stk.sym1,0.01,0.296,0.0204148965219028,0.316,0.0089,0,0.296,""
4,proj_binint_0.3_n1000,alternative,null_binint_n1000,1000,all,500,Stk.sym1,0.05,0.532,0.0223148381127894,0.54,0.0488,0,0.532,""
4,proj_binint_0.3_n1000,alternative,null_binint_n1000,1000,all,500,Stk.sym1,0.1,0.642,0.0214399626865347,0.65,0.0988,0,0.642,""
4,proj_binint_0.3_n1000,alternative,null_binint_n1000,1000,all,500,Stk.marg,0.01,0.014,0.00525433154644813,0.01,0.0209,0.93,0.2,""
4,proj_binint_0.3_n1000,alternative,null_binint_n1000,1000,all,500,Stk.marg,0.05,0.022,0.00655987804764692,0.018,0.0666,0.93,0.314285714285714,""
4,proj_binint_0.3_n1000,alternative,null_binint_n1000,1000,all,500,Stk.marg,0.1,0.026,0.00711674082709213,0.026,0.1128,0.93,0.371428571428571,""
4,proj_binint_0.3_n1000,alternative,null_binint_n1000,1000,all,500,GiViTI,0.01,0.27,0.0198544705293292,0.278,0.009,0,0.27,""
4,proj_binint_0.3_n1000,alternative,null_binint_n1000,1000,all,500,GiViTI,0.05,0.508,0.0223578174247846,0.508,0.049,0,0.508,""
4,proj_binint_0.3_n1000,alternative,null_binint_n1000,1000,all,500,GiViTI,0.1,0.626,0.0216390387956582,0.626,0.1001,0,0.626,""
4,proj_binint_0.3_n1000,alternative,null_binint_n1000,1000,all,500,GiViTI.t50,0.01,0.242,0.0191539029965174,0.242,0.0097,0,0.242,""
4,proj_binint_0.3_n1000,alternative,null_binint_n1000,1000,all,500,GiViTI.t50,0.05,0.448,0.0222394244529844,0.458,0.0474,0,0.448,""
4,proj_binint_0.3_n1000,alternative,null_binint_n1000,1000,all,500,GiViTI.t50,0.1,0.566,0.0221650174825106,0.574,0.0959,0,0.566,""
4,proj_binint_0.3_n1000,alternative,null_binint_n1000,1000,all,500,Cubic.LR,0.01,0.218,0.0184648855940133,0.226,0.0097,0,0.218,""
4,proj_binint_0.3_n1000,alternative,null_binint_n1000,1000,all,500,Cubic.LR,0.05,0.424,0.022100859711785,0.436,0.0455,0,0.424,""
4,proj_binint_0.3_n1000,alternative,null_binint_n1000,1000,all,500,Cubic.LR,0.1,0.558,0.0222097275985096,0.566,0.0928,0,0.558,""
4,proj_binint_0.3_n1000,alternative,null_binint_n1000,1000,all,500,HL_w,0.01,0.15,0.0159687194226713,0.14,0.0111,0,0.15,""
4,proj_binint_0.3_n1000,alternative,null_binint_n1000,1000,all,500,HL_w,0.05,0.35,0.0213307290077015,0.338,0.0538,0,0.35,""
4,proj_binint_0.3_n1000,alternative,null_binint_n1000,1000,all,500,HL_w,0.1,0.462,0.0222960086114085,0.456,0.1025,0,0.462,""
4,proj_binint_0.3_n1000,alternative,null_binint_n1000,1000,all,500,PH,0.01,0.088,0.0126693330526907,0.12,0.0047,0,0.088,""
4,proj_binint_0.3_n1000,alternative,null_binint_n1000,1000,all,500,PH,0.05,0.238,0.0190449993436597,0.308,0.0281,0,0.238,""
4,proj_binint_0.3_n1000,alternative,null_binint_n1000,1000,all,500,PH,0.1,0.332,0.0210606742532142,0.426,0.0598,0,0.332,""
4,proj_binint_0.3_n1000,alternative,null_binint_n1000,1000,all,500,Tsiatis,0.01,0.15,0.0159687194226713,0.164,0.0084,0,0.15,""
4,proj_binint_0.3_n1000,alternative,null_binint_n1000,1000,all,500,Tsiatis,0.05,0.324,0.020929596269398,0.318,0.0528,0,0.324,""
4,proj_binint_0.3_n1000,alternative,null_binint_n1000,1000,all,500,Tsiatis,0.1,0.448,0.0222394244529844,0.442,0.1048,0,0.448,""
4,proj_binint_0.3_n1000,alternative,null_binint_n1000,1000,all,500,Xie,0.01,0.118,0.0144274737913468,0.156,0.0055,0,0.118,""
4,proj_binint_0.3_n1000,alternative,null_binint_n1000,1000,all,500,Xie,0.05,0.288,0.0202512221853398,0.346,0.0325,0,0.288,""
4,proj_binint_0.3_n1000,alternative,null_binint_n1000,1000,all,500,Xie,0.1,0.396,0.0218716254539986,0.468,0.0639,0,0.396,""
4,proj_binint_0.3_n1000,alternative,null_binint_n1000,1000,all,500,PR,0.01,0.296,0.0204148965219028,0.282,0.0108,0,0.296,""
4,proj_binint_0.3_n1000,alternative,null_binint_n1000,1000,all,500,PR,0.05,0.552,0.0222394244529844,0.53,0.0579,0,0.552,""
4,proj_binint_0.3_n1000,alternative,null_binint_n1000,1000,all,500,PR,0.1,0.65,0.0213307290077015,0.626,0.1209,0,0.65,""
4,proj_binint_0.3_n1000,alternative,null_binint_n1000,1000,all,500,proj,0.01,0.164,0.0165592270351004,,,0,0.164,""
4,proj_binint_0.3_n1000,alternative,null_binint_n1000,1000,all,500,proj,0.05,0.346,0.021273645667821,,,0,0.346,""
4,proj_binint_0.3_n1000,alternative,null_binint_n1000,1000,all,500,proj,0.1,0.512,0.0223542389716134,,,0,0.512,""
4,proj_contint_0.5_n500,alternative,proj_null_contint_n500,500,all,500,flag.evlt.G10,,0,,,,0,,flag rate: share of replicates with the flag = 1
4,proj_contint_0.5_n500,alternative,proj_null_contint_n500,500,all,500,flag.evlt.Grule,,0,,,,0,,flag rate: share of replicates with the flag = 1
4,proj_contint_0.5_n500,alternative,proj_null_contint_n500,500,all,500,flag.stk_half0,,0.3,,,,0,,flag rate: share of replicates with the flag = 1
4,proj_contint_0.5_n500,alternative,proj_null_contint_n500,500,all,500,flag.stk_diag,,0.196,,,,0,,flag rate: share of replicates with the flag = 1
4,proj_contint_0.5_n500,alternative,proj_null_contint_n500,500,all,500,flag.rivals_run,,1,,,,0,,flag rate: share of replicates with the flag = 1
4,proj_contint_0.5_n500,alternative,proj_null_contint_n500,500,all,500,flag.degenerate,,0,,,,0,,flag rate: share of replicates with the flag = 1
4,proj_contint_0.5_n500,alternative,proj_null_contint_n500,500,all,500,flag.info_guard,,0,,,,0,,flag rate: share of replicates with the flag = 1
4,proj_contint_0.5_n500,alternative,proj_null_contint_n500,500,all,500,flag.rep_error,,0,,,,0,,flag rate: share of replicates with the flag = 1
4,proj_contint_0.5_n500,alternative,proj_null_contint_n500,500,all,500,EDGE.poly3.u.G10,0.01,0.08,0.0121326007104825,0.09,0.006,0,0.08,""
4,proj_contint_0.5_n500,alternative,proj_null_contint_n500,500,all,500,EDGE.poly3.u.G10,0.05,0.216,0.0184034779321736,0.246,0.04,0,0.216,""
4,proj_contint_0.5_n500,alternative,proj_null_contint_n500,500,all,500,EDGE.poly3.u.G10,0.1,0.316,0.020791536739741,0.336,0.082,0,0.316,""
4,proj_contint_0.5_n500,alternative,proj_null_contint_n500,500,all,500,EDGE.poly3.sc.G10,0.01,0.048,0.00955991631762538,0.06,0.008,0,0.048,""
4,proj_contint_0.5_n500,alternative,proj_null_contint_n500,500,all,500,EDGE.poly3.sc.G10,0.05,0.188,0.0174731794473702,0.206,0.042,0,0.188,""
4,proj_contint_0.5_n500,alternative,proj_null_contint_n500,500,all,500,EDGE.poly3.sc.G10,0.1,0.27,0.0198544705293292,0.292,0.086,0,0.27,""
4,proj_contint_0.5_n500,alternative,proj_null_contint_n500,500,all,500,EDGE.poly2.u.G10,0.01,0.114,0.0142129518397833,0.112,0.01,0,0.114,""
4,proj_contint_0.5_n500,alternative,proj_null_contint_n500,500,all,500,EDGE.poly2.u.G10,0.05,0.24,0.0190997382181013,0.24,0.048,0,0.24,""
4,proj_contint_0.5_n500,alternative,proj_null_contint_n500,500,all,500,EDGE.poly2.u.G10,0.1,0.344,0.0212444816364156,0.368,0.092,0,0.344,""
4,proj_contint_0.5_n500,alternative,proj_null_contint_n500,500,all,500,EDGE.poly2.sc.G10,0.01,0.052,0.00992935043192655,0.066,0,0,0.052,""
4,proj_contint_0.5_n500,alternative,proj_null_contint_n500,500,all,500,EDGE.poly2.sc.G10,0.05,0.162,0.016477621187538,0.156,0.05,0,0.162,""
4,proj_contint_0.5_n500,alternative,proj_null_contint_n500,500,all,500,EDGE.poly2.sc.G10,0.1,0.27,0.0198544705293292,0.272,0.098,0,0.27,""
4,proj_contint_0.5_n500,alternative,proj_null_contint_n500,500,all,500,EDGE.stk.u.G10,0.01,0.15,0.0159687194226713,0.17,0.008,0,0.15,""
4,proj_contint_0.5_n500,alternative,proj_null_contint_n500,500,all,500,EDGE.stk.u.G10,0.05,0.282,0.0201234191925726,0.298,0.036,0,0.282,""
4,proj_contint_0.5_n500,alternative,proj_null_contint_n500,500,all,500,EDGE.stk.u.G10,0.1,0.364,0.021517620686312,0.382,0.078,0,0.364,""
4,proj_contint_0.5_n500,alternative,proj_null_contint_n500,500,all,500,EDGE.stk.sc.G10,0.01,0.092,0.01292563344676,0.106,0.008,0,0.092,""
4,proj_contint_0.5_n500,alternative,proj_null_contint_n500,500,all,500,EDGE.stk.sc.G10,0.05,0.226,0.0187042241218394,0.232,0.046,0,0.226,""
4,proj_contint_0.5_n500,alternative,proj_null_contint_n500,500,all,500,EDGE.stk.sc.G10,0.1,0.316,0.020791536739741,0.332,0.086,0,0.316,""
4,proj_contint_0.5_n500,alternative,proj_null_contint_n500,500,all,500,EDGE.sym.u.G10,0.01,0.136,0.0153299706457645,0.076,0.012,0,0.136,""
4,proj_contint_0.5_n500,alternative,proj_null_contint_n500,500,all,500,EDGE.sym.u.G10,0.05,0.264,0.0197131428240146,0.266,0.046,0,0.264,""
4,proj_contint_0.5_n500,alternative,proj_null_contint_n500,500,all,500,EDGE.sym.u.G10,0.1,0.352,0.0213586516428355,0.38,0.092,0,0.352,""
4,proj_contint_0.5_n500,alternative,proj_null_contint_n500,500,all,500,EDGE.sym.sc.G10,0.01,0.086,0.0125382614424808,0.052,0.012,0,0.086,""
4,proj_contint_0.5_n500,alternative,proj_null_contint_n500,500,all,500,EDGE.sym.sc.G10,0.05,0.234,0.0189337793374698,0.24,0.046,0,0.234,""
4,proj_contint_0.5_n500,alternative,proj_null_contint_n500,500,all,500,EDGE.sym.sc.G10,0.1,0.334,0.0210923682880799,0.342,0.09,0,0.334,""
4,proj_contint_0.5_n500,alternative,proj_null_contint_n500,500,all,500,EDGE.poly3.u.Grule,0.01,0.11,0.0139928553197694,0.154,0.004,0,0.11,""
4,proj_contint_0.5_n500,alternative,proj_null_contint_n500,500,all,500,EDGE.poly3.u.Grule,0.05,0.218,0.0184648855940133,0.22,0.044,0,0.218,""
4,proj_contint_0.5_n500,alternative,proj_null_contint_n500,500,all,500,EDGE.poly3.u.Grule,0.1,0.338,0.0211544794310803,0.384,0.084,0,0.338,""
4,proj_contint_0.5_n500,alternative,proj_null_contint_n500,500,all,500,EDGE.poly3.sc.Grule,0.01,0.068,0.0112584190719657,0.12,0.006,0,0.068,""
4,proj_contint_0.5_n500,alternative,proj_null_contint_n500,500,all,500,EDGE.poly3.sc.Grule,0.05,0.186,0.0174013792556797,0.206,0.04,0,0.186,""
4,proj_contint_0.5_n500,alternative,proj_null_contint_n500,500,all,500,EDGE.poly3.sc.Grule,0.1,0.292,0.0203340109176719,0.314,0.094,0,0.292,""
4,proj_contint_0.5_n500,alternative,proj_null_contint_n500,500,all,500,EDGE.poly2.u.Grule,0.01,0.118,0.0144274737913468,0.124,0.008,0,0.118,""
4,proj_contint_0.5_n500,alternative,proj_null_contint_n500,500,all,500,EDGE.poly2.u.Grule,0.05,0.28,0.0200798406368178,0.314,0.044,0,0.28,""
4,proj_contint_0.5_n500,alternative,proj_null_contint_n500,500,all,500,EDGE.poly2.u.Grule,0.1,0.39,0.0218128402552258,0.412,0.088,0,0.39,""
4,proj_contint_0.5_n500,alternative,proj_null_contint_n500,500,all,500,EDGE.poly2.sc.Grule,0.01,0.072,0.0115599307956406,0.102,0.002,0,0.072,""
4,proj_contint_0.5_n500,alternative,proj_null_contint_n500,500,all,500,EDGE.poly2.sc.Grule,0.05,0.186,0.0174013792556797,0.194,0.044,0,0.186,""
4,proj_contint_0.5_n500,alternative,proj_null_contint_n500,500,all,500,EDGE.poly2.sc.Grule,0.1,0.266,0.0197607692157972,0.318,0.084,0,0.266,""
4,proj_contint_0.5_n500,alternative,proj_null_contint_n500,500,all,500,EDGE.stk.u.Grule,0.01,0.152,0.0160559023415067,0.152,0.01,0,0.152,""
4,proj_contint_0.5_n500,alternative,proj_null_contint_n500,500,all,500,EDGE.stk.u.Grule,0.05,0.28,0.0200798406368178,0.304,0.04,0,0.28,""
4,proj_contint_0.5_n500,alternative,proj_null_contint_n500,500,all,500,EDGE.stk.u.Grule,0.1,0.4,0.0219089023002066,0.428,0.086,0,0.4,""
4,proj_contint_0.5_n500,alternative,proj_null_contint_n500,500,all,500,EDGE.stk.sc.Grule,0.01,0.106,0.0137669168661687,0.168,0.004,0,0.106,""
4,proj_contint_0.5_n500,alternative,proj_null_contint_n500,500,all,500,EDGE.stk.sc.Grule,0.05,0.226,0.0187042241218394,0.244,0.04,0,0.226,""
4,proj_contint_0.5_n500,alternative,proj_null_contint_n500,500,all,500,EDGE.stk.sc.Grule,0.1,0.342,0.0212149004239945,0.346,0.096,0,0.342,""
4,proj_contint_0.5_n500,alternative,proj_null_contint_n500,500,all,500,EDGE.sym.u.Grule,0.01,0.152,0.0160559023415067,0.132,0.01,0,0.152,""
4,proj_contint_0.5_n500,alternative,proj_null_contint_n500,500,all,500,EDGE.sym.u.Grule,0.05,0.286,0.0202091068580479,0.308,0.036,0,0.286,""
4,proj_contint_0.5_n500,alternative,proj_null_contint_n500,500,all,500,EDGE.sym.u.Grule,0.1,0.394,0.021852414054287,0.39,0.104,0,0.394,""
4,proj_contint_0.5_n500,alternative,proj_null_contint_n500,500,all,500,EDGE.sym.sc.Grule,0.01,0.13,0.0150399468084166,0.108,0.012,0,0.13,""
4,proj_contint_0.5_n500,alternative,proj_null_contint_n500,500,all,500,EDGE.sym.sc.Grule,0.05,0.274,0.0199461274436919,0.288,0.042,0,0.274,""
4,proj_contint_0.5_n500,alternative,proj_null_contint_n500,500,all,500,EDGE.sym.sc.Grule,0.1,0.386,0.0217717247823869,0.38,0.104,0,0.386,""
4,proj_contint_0.5_n500,alternative,proj_null_contint_n500,500,all,500,HL.G10,0.01,0.014,0.00525433154644813,0.02,0.006,0,0.014,""
4,proj_contint_0.5_n500,alternative,proj_null_contint_n500,500,all,500,HL.G10,0.05,0.104,0.013651666564929,0.09,0.058,0,0.104,""
4,proj_contint_0.5_n500,alternative,proj_null_contint_n500,500,all,500,HL.G10,0.1,0.186,0.0174013792556797,0.17,0.106,0,0.186,""
4,proj_contint_0.5_n500,alternative,proj_null_contint_n500,500,all,500,HL.Grule,0.01,0.018,0.005945754788082,0.018,0.01,0,0.018,""
4,proj_contint_0.5_n500,alternative,proj_null_contint_n500,500,all,500,HL.Grule,0.05,0.092,0.01292563344676,0.09,0.05,0,0.092,""
4,proj_contint_0.5_n500,alternative,proj_null_contint_n500,500,all,500,HL.Grule,0.1,0.166,0.0166399519230075,0.18,0.088,0,0.166,""
4,proj_contint_0.5_n500,alternative,proj_null_contint_n500,500,all,500,HLF.G10,0.01,0.012,0.00486949689393062,0.012,0.006,0,0.012,""
4,proj_contint_0.5_n500,alternative,proj_null_contint_n500,500,all,500,HLF.G10,0.05,0.076,0.0118510759005248,0.06,0.06,0,0.076,""
4,proj_contint_0.5_n500,alternative,proj_null_contint_n500,500,all,500,HLF.G10,0.1,0.166,0.0166399519230075,0.16,0.108,0,0.166,""
4,proj_contint_0.5_n500,alternative,proj_null_contint_n500,500,all,500,HLF.Grule,0.01,0.018,0.005945754788082,0.018,0.008,0,0.018,""
4,proj_contint_0.5_n500,alternative,proj_null_contint_n500,500,all,500,HLF.Grule,0.05,0.066,0.0111035129576184,0.066,0.048,0,0.066,""
4,proj_contint_0.5_n500,alternative,proj_null_contint_n500,500,all,500,HLF.Grule,0.1,0.134,0.0152344346793703,0.138,0.09,0,0.134,""
4,proj_contint_0.5_n500,alternative,proj_null_contint_n500,500,all,500,Stk.joint,0.01,0.132,0.0151377673386798,0.144,0.008,0,0.132,""
4,proj_contint_0.5_n500,alternative,proj_null_contint_n500,500,all,500,Stk.joint,0.05,0.274,0.0199461274436919,0.278,0.048,0,0.274,""
4,proj_contint_0.5_n500,alternative,proj_null_contint_n500,500,all,500,Stk.joint,0.1,0.388,0.0217924757657316,0.412,0.086,0,0.388,""
4,proj_contint_0.5_n500,alternative,proj_null_contint_n500,500,all,500,Stk.LR,0.01,0.118,0.0144274737913468,0.14,0.006,0.004,0.118473895582329,""
4,proj_contint_0.5_n500,alternative,proj_null_contint_n500,500,all,500,Stk.LR,0.05,0.294,0.0203746901816936,0.288,0.052,0.004,0.295180722891566,""
4,proj_contint_0.5_n500,alternative,proj_null_contint_n500,500,all,500,Stk.LR,0.1,0.412,0.0220116332878776,0.422,0.086,0.004,0.413654618473896,""
4,proj_contint_0.5_n500,alternative,proj_null_contint_n500,500,all,500,Stk.sym1,0.01,0.174,0.0169542914921267,0.182,0.006,0,0.174,""
4,proj_contint_0.5_n500,alternative,proj_null_contint_n500,500,all,500,Stk.sym1,0.05,0.358,0.0214399626865347,0.37,0.042,0,0.358,""
4,proj_contint_0.5_n500,alternative,proj_null_contint_n500,500,all,500,Stk.sym1,0.1,0.456,0.0222739309507774,0.434,0.102,0,0.456,""
4,proj_contint_0.5_n500,alternative,proj_null_contint_n500,500,all,500,Stk.marg,0.01,0.082,0.0122699633251286,0.044,0.02,0.3,0.117142857142857,""
4,proj_contint_0.5_n500,alternative,proj_null_contint_n500,500,all,500,Stk.marg,0.05,0.178,0.0171064899964896,0.166,0.056,0.3,0.254285714285714,""
4,proj_contint_0.5_n500,alternative,proj_null_contint_n500,500,all,500,Stk.marg,0.1,0.262,0.0196649942791754,0.276,0.096,0.3,0.374285714285714,""
4,proj_contint_0.5_n500,alternative,proj_null_contint_n500,500,all,500,GiViTI,0.01,0.138,0.01542439626047,0.142,0.008,0,0.138,""
4,proj_contint_0.5_n500,alternative,proj_null_contint_n500,500,all,500,GiViTI,0.05,0.312,0.02071984555927,0.38,0.034,0,0.312,""
4,proj_contint_0.5_n500,alternative,proj_null_contint_n500,500,all,500,GiViTI,0.1,0.418,0.0220579237463547,0.48,0.076,0,0.418,""
4,proj_contint_0.5_n500,alternative,proj_null_contint_n500,500,all,500,GiViTI.t50,0.01,0.112,0.014103616557465,0.13,0.006,0,0.112,""
4,proj_contint_0.5_n500,alternative,proj_null_contint_n500,500,all,500,GiViTI.t50,0.05,0.27,0.0198544705293292,0.306,0.042,0,0.27,""
4,proj_contint_0.5_n500,alternative,proj_null_contint_n500,500,all,500,GiViTI.t50,0.1,0.36,0.021466252583998,0.414,0.08,0,0.36,""
4,proj_contint_0.5_n500,alternative,proj_null_contint_n500,500,all,500,Cubic.LR,0.01,0.096,0.0131745208641529,0.096,0.01,0,0.096,""
4,proj_contint_0.5_n500,alternative,proj_null_contint_n500,500,all,500,Cubic.LR,0.05,0.238,0.0190449993436597,0.238,0.05,0,0.238,""
4,proj_contint_0.5_n500,alternative,proj_null_contint_n500,500,all,500,Cubic.LR,0.1,0.352,0.0213586516428355,0.368,0.092,0,0.352,""
4,proj_contint_0.5_n500,alternative,proj_null_contint_n500,500,all,500,HL_w,0.01,0.038,0.00855055553750749,0.022,0.012,0,0.038,""
4,proj_contint_0.5_n500,alternative,proj_null_contint_n500,500,all,500,HL_w,0.05,0.108,0.0138806339912844,0.104,0.058,0,0.108,""
4,proj_contint_0.5_n500,alternative,proj_null_contint_n500,500,all,500,HL_w,0.1,0.204,0.0180213207063189,0.202,0.102,0,0.204,""
4,proj_contint_0.5_n500,alternative,proj_null_contint_n500,500,all,500,PH,0.01,0.008,0.0039839678713564,0.02,0,0,0.008,""
4,proj_contint_0.5_n500,alternative,proj_null_contint_n500,500,all,500,PH,0.05,0.06,0.0106207344378814,0.088,0.036,0,0.06,""
4,proj_contint_0.5_n500,alternative,proj_null_contint_n500,500,all,500,PH,0.1,0.13,0.0150399468084166,0.17,0.07,0,0.13,""
4,proj_contint_0.5_n500,alternative,proj_null_contint_n500,500,all,500,Tsiatis,0.01,0.096,0.0131745208641529,0.072,0.014,0,0.096,""
4,proj_contint_0.5_n500,alternative,proj_null_contint_n500,500,all,500,Tsiatis,0.05,0.206,0.0180866801818355,0.2,0.056,0,0.206,""
4,proj_contint_0.5_n500,alternative,proj_null_contint_n500,500,all,500,Tsiatis,0.1,0.324,0.020929596269398,0.302,0.102,0,0.324,""
4,proj_contint_0.5_n500,alternative,proj_null_contint_n500,500,all,500,Xie,0.01,0.074,0.0117067501895274,0.086,0.002,0,0.074,""
4,proj_contint_0.5_n500,alternative,proj_null_contint_n500,500,all,500,Xie,0.05,0.176,0.017030795636141,0.226,0.03,0,0.176,""
4,proj_contint_0.5_n500,alternative,proj_null_contint_n500,500,all,500,Xie,0.1,0.26,0.0196163197363828,0.324,0.062,0,0.26,""
4,proj_contint_0.5_n500,alternative,proj_null_contint_n500,500,all,500,PR,0.01,0,0,0,0,1,,no p-value in any replicate
4,proj_contint_0.5_n500,alternative,proj_null_contint_n500,500,all,500,PR,0.05,0,0,0,0,1,,no p-value in any replicate
4,proj_contint_0.5_n500,alternative,proj_null_contint_n500,500,all,500,PR,0.1,0,0,0,0,1,,no p-value in any replicate
4,proj_contint_0.5_n500,alternative,proj_null_contint_n500,500,all,500,proj,0.01,0.078,0.0119929979571415,0.09,0.006,0,0.078,""
4,proj_contint_0.5_n500,alternative,proj_null_contint_n500,500,all,500,proj,0.05,0.264,0.0197131428240146,0.246,0.062,0,0.264,""
4,proj_contint_0.5_n500,alternative,proj_null_contint_n500,500,all,500,proj,0.1,0.4,0.0219089023002066,0.37,0.108,0,0.4,""
4,proj_contint_0.5_n1000,alternative,proj_null_contint_n1000,1000,all,500,flag.evlt.G10,,0,,,,0,,flag rate: share of replicates with the flag = 1
4,proj_contint_0.5_n1000,alternative,proj_null_contint_n1000,1000,all,500,flag.evlt.Grule,,0,,,,0,,flag rate: share of replicates with the flag = 1
4,proj_contint_0.5_n1000,alternative,proj_null_contint_n1000,1000,all,500,flag.stk_half0,,0.14,,,,0,,flag rate: share of replicates with the flag = 1
4,proj_contint_0.5_n1000,alternative,proj_null_contint_n1000,1000,all,500,flag.stk_diag,,0.222,,,,0,,flag rate: share of replicates with the flag = 1
4,proj_contint_0.5_n1000,alternative,proj_null_contint_n1000,1000,all,500,flag.rivals_run,,1,,,,0,,flag rate: share of replicates with the flag = 1
4,proj_contint_0.5_n1000,alternative,proj_null_contint_n1000,1000,all,500,flag.degenerate,,0,,,,0,,flag rate: share of replicates with the flag = 1
4,proj_contint_0.5_n1000,alternative,proj_null_contint_n1000,1000,all,500,flag.info_guard,,0,,,,0,,flag rate: share of replicates with the flag = 1
4,proj_contint_0.5_n1000,alternative,proj_null_contint_n1000,1000,all,500,flag.rep_error,,0,,,,0,,flag rate: share of replicates with the flag = 1
4,proj_contint_0.5_n1000,alternative,proj_null_contint_n1000,1000,all,500,EDGE.poly3.u.G10,0.01,0.256,0.0195173768729304,0.316,0.004,0,0.256,""
4,proj_contint_0.5_n1000,alternative,proj_null_contint_n1000,1000,all,500,EDGE.poly3.u.G10,0.05,0.41,0.0219954540757858,0.418,0.046,0,0.41,""
4,proj_contint_0.5_n1000,alternative,proj_null_contint_n1000,1000,all,500,EDGE.poly3.u.G10,0.1,0.516,0.0223492281745925,0.524,0.092,0,0.516,""
4,proj_contint_0.5_n1000,alternative,proj_null_contint_n1000,1000,all,500,EDGE.poly3.sc.G10,0.01,0.196,0.017752971582245,0.212,0.004,0,0.196,""
4,proj_contint_0.5_n1000,alternative,proj_null_contint_n1000,1000,all,500,EDGE.poly3.sc.G10,0.05,0.382,0.0217290588843604,0.4,0.036,0,0.382,""
4,proj_contint_0.5_n1000,alternative,proj_null_contint_n1000,1000,all,500,EDGE.poly3.sc.G10,0.1,0.478,0.0223390241505756,0.514,0.08,0,0.478,""
4,proj_contint_0.5_n1000,alternative,proj_null_contint_n1000,1000,all,500,EDGE.poly2.u.G10,0.01,0.292,0.0203340109176719,0.33,0.008,0,0.292,""
4,proj_contint_0.5_n1000,alternative,proj_null_contint_n1000,1000,all,500,EDGE.poly2.u.G10,0.05,0.498,0.0223605008888442,0.52,0.034,0,0.498,""
4,proj_contint_0.5_n1000,alternative,proj_null_contint_n1000,1000,all,500,EDGE.poly2.u.G10,0.1,0.602,0.0218904545407353,0.606,0.088,0,0.602,""
4,proj_contint_0.5_n1000,alternative,proj_null_contint_n1000,1000,all,500,EDGE.poly2.sc.G10,0.01,0.188,0.0174731794473702,0.14,0.012,0,0.188,""
4,proj_contint_0.5_n1000,alternative,proj_null_contint_n1000,1000,all,500,EDGE.poly2.sc.G10,0.05,0.38,0.0217071416819442,0.406,0.036,0,0.38,""
4,proj_contint_0.5_n1000,alternative,proj_null_contint_n1000,1000,all,500,EDGE.poly2.sc.G10,0.1,0.472,0.0223255906976725,0.49,0.096,0,0.472,""
4,proj_contint_0.5_n1000,alternative,proj_null_contint_n1000,1000,all,500,EDGE.stk.u.G10,0.01,0.306,0.0206089301032344,0.348,0.002,0,0.306,""
4,proj_contint_0.5_n1000,alternative,proj_null_contint_n1000,1000,all,500,EDGE.stk.u.G10,0.05,0.5,0.0223606797749979,0.502,0.046,0,0.5,""
4,proj_contint_0.5_n1000,alternative,proj_null_contint_n1000,1000,all,500,EDGE.stk.u.G10,0.1,0.61,0.0218128402552258,0.634,0.086,0,0.61,""
4,proj_contint_0.5_n1000,alternative,proj_null_contint_n1000,1000,all,500,EDGE.stk.sc.G10,0.01,0.264,0.0197131428240146,0.284,0.006,0,0.264,""
4,proj_contint_0.5_n1000,alternative,proj_null_contint_n1000,1000,all,500,EDGE.stk.sc.G10,0.05,0.444,0.0222199909990981,0.46,0.044,0,0.444,""
4,proj_contint_0.5_n1000,alternative,proj_null_contint_n1000,1000,all,500,EDGE.stk.sc.G10,0.1,0.558,0.0222097275985096,0.614,0.076,0,0.558,""
4,proj_contint_0.5_n1000,alternative,proj_null_contint_n1000,1000,all,500,EDGE.sym.u.G10,0.01,0.278,0.0200357680162254,0.288,0.008,0,0.278,""
4,proj_contint_0.5_n1000,alternative,proj_null_contint_n1000,1000,all,500,EDGE.sym.u.G10,0.05,0.478,0.0223390241505756,0.5,0.046,0,0.478,""
4,proj_contint_0.5_n1000,alternative,proj_null_contint_n1000,1000,all,500,EDGE.sym.u.G10,0.1,0.594,0.0219619671250095,0.604,0.098,0,0.594,""
4,proj_contint_0.5_n1000,alternative,proj_null_contint_n1000,1000,all,500,EDGE.sym.sc.G10,0.01,0.216,0.0184034779321736,0.282,0.006,0,0.216,""
4,proj_contint_0.5_n1000,alternative,proj_null_contint_n1000,1000,all,500,EDGE.sym.sc.G10,0.05,0.428,0.022127629787214,0.452,0.046,0,0.428,""
4,proj_contint_0.5_n1000,alternative,proj_null_contint_n1000,1000,all,500,EDGE.sym.sc.G10,0.1,0.552,0.0222394244529844,0.568,0.082,0,0.552,""
4,proj_contint_0.5_n1000,alternative,proj_null_contint_n1000,1000,all,500,EDGE.poly3.u.Grule,0.01,0.284,0.0201665068864194,0.33,0.002,0,0.284,""
4,proj_contint_0.5_n1000,alternative,proj_null_contint_n1000,1000,all,500,EDGE.poly3.u.Grule,0.05,0.498,0.0223605008888442,0.48,0.056,0,0.498,""
4,proj_contint_0.5_n1000,alternative,proj_null_contint_n1000,1000,all,500,EDGE.poly3.u.Grule,0.1,0.584,0.022042867327097,0.604,0.096,0,0.584,""
4,proj_contint_0.5_n1000,alternative,proj_null_contint_n1000,1000,all,500,EDGE.poly3.sc.Grule,0.01,0.236,0.0189896814085966,0.282,0.002,0,0.236,""
4,proj_contint_0.5_n1000,alternative,proj_null_contint_n1000,1000,all,500,EDGE.poly3.sc.Grule,0.05,0.408,0.0219788989715136,0.428,0.042,0,0.408,""
4,proj_contint_0.5_n1000,alternative,proj_null_contint_n1000,1000,all,500,EDGE.poly3.sc.Grule,0.1,0.528,0.0223255906976725,0.548,0.094,0,0.528,""
4,proj_contint_0.5_n1000,alternative,proj_null_contint_n1000,1000,all,500,EDGE.poly2.u.Grule,0.01,0.336,0.0211236360506424,0.346,0.008,0,0.336,""
4,proj_contint_0.5_n1000,alternative,proj_null_contint_n1000,1000,all,500,EDGE.poly2.u.Grule,0.05,0.534,0.0223089219820232,0.558,0.038,0,0.534,""
4,proj_contint_0.5_n1000,alternative,proj_null_contint_n1000,1000,all,500,EDGE.poly2.u.Grule,0.1,0.646,0.0213861637513604,0.64,0.108,0,0.646,""
4,proj_contint_0.5_n1000,alternative,proj_null_contint_n1000,1000,all,500,EDGE.poly2.sc.Grule,0.01,0.246,0.0192605295877346,0.256,0.006,0,0.246,""
4,proj_contint_0.5_n1000,alternative,proj_null_contint_n1000,1000,all,500,EDGE.poly2.sc.Grule,0.05,0.412,0.0220116332878776,0.422,0.048,0,0.412,""
4,proj_contint_0.5_n1000,alternative,proj_null_contint_n1000,1000,all,500,EDGE.poly2.sc.Grule,0.1,0.526,0.022330427671677,0.554,0.09,0,0.526,""
4,proj_contint_0.5_n1000,alternative,proj_null_contint_n1000,1000,all,500,EDGE.stk.u.Grule,0.01,0.38,0.0217071416819442,0.41,0.004,0,0.38,""
4,proj_contint_0.5_n1000,alternative,proj_null_contint_n1000,1000,all,500,EDGE.stk.u.Grule,0.05,0.548,0.0222574032627349,0.552,0.046,0,0.548,""
4,proj_contint_0.5_n1000,alternative,proj_null_contint_n1000,1000,all,500,EDGE.stk.u.Grule,0.1,0.638,0.0214921380974532,0.654,0.088,0,0.638,""
4,proj_contint_0.5_n1000,alternative,proj_null_contint_n1000,1000,all,500,EDGE.stk.sc.Grule,0.01,0.3,0.0204939015319192,0.406,0.002,0,0.3,""
4,proj_contint_0.5_n1000,alternative,proj_null_contint_n1000,1000,all,500,EDGE.stk.sc.Grule,0.05,0.492,0.0223578174247846,0.504,0.042,0,0.492,""
4,proj_contint_0.5_n1000,alternative,proj_null_contint_n1000,1000,all,500,EDGE.stk.sc.Grule,0.1,0.572,0.022127629787214,0.568,0.102,0,0.572,""
4,proj_contint_0.5_n1000,alternative,proj_null_contint_n1000,1000,all,500,EDGE.sym.u.Grule,0.01,0.38,0.0217071416819442,0.396,0.006,0,0.38,""
4,proj_contint_0.5_n1000,alternative,proj_null_contint_n1000,1000,all,500,EDGE.sym.u.Grule,0.05,0.554,0.0222298897883008,0.57,0.048,0,0.554,""
4,proj_contint_0.5_n1000,alternative,proj_null_contint_n1000,1000,all,500,EDGE.sym.u.Grule,0.1,0.64,0.021466252583998,0.65,0.088,0,0.64,""
4,proj_contint_0.5_n1000,alternative,proj_null_contint_n1000,1000,all,500,EDGE.sym.sc.Grule,0.01,0.362,0.0214921380974532,0.388,0.002,0,0.362,""
4,proj_contint_0.5_n1000,alternative,proj_null_contint_n1000,1000,all,500,EDGE.sym.sc.Grule,0.05,0.56,0.0221990990808186,0.574,0.044,0,0.56,""
4,proj_contint_0.5_n1000,alternative,proj_null_contint_n1000,1000,all,500,EDGE.sym.sc.Grule,0.1,0.656,0.0212444816364156,0.66,0.098,0,0.656,""
4,proj_contint_0.5_n1000,alternative,proj_null_contint_n1000,1000,all,500,HL.G10,0.01,0.116,0.0143208938268531,0.064,0.014,0,0.116,""
4,proj_contint_0.5_n1000,alternative,proj_null_contint_n1000,1000,all,500,HL.G10,0.05,0.242,0.0191539029965174,0.194,0.062,0,0.242,""
4,proj_contint_0.5_n1000,alternative,proj_null_contint_n1000,1000,all,500,HL.G10,0.1,0.352,0.0213586516428355,0.318,0.114,0,0.352,""
4,proj_contint_0.5_n1000,alternative,proj_null_contint_n1000,1000,all,500,HL.Grule,0.01,0.074,0.0117067501895274,0.068,0.01,0,0.074,""
4,proj_contint_0.5_n1000,alternative,proj_null_contint_n1000,1000,all,500,HL.Grule,0.05,0.202,0.0179552777756291,0.19,0.056,0,0.202,""
4,proj_contint_0.5_n1000,alternative,proj_null_contint_n1000,1000,all,500,HL.Grule,0.1,0.296,0.0204148965219028,0.294,0.106,0,0.296,""
4,proj_contint_0.5_n1000,alternative,proj_null_contint_n1000,1000,all,500,HLF.G10,0.01,0.09,0.0127984374046209,0.062,0.014,0,0.09,""
4,proj_contint_0.5_n1000,alternative,proj_null_contint_n1000,1000,all,500,HLF.G10,0.05,0.224,0.0186453211289052,0.182,0.062,0,0.224,""
4,proj_contint_0.5_n1000,alternative,proj_null_contint_n1000,1000,all,500,HLF.G10,0.1,0.32,0.0208614476966485,0.306,0.114,0,0.32,""
4,proj_contint_0.5_n1000,alternative,proj_null_contint_n1000,1000,all,500,HLF.Grule,0.01,0.056,0.0102824121683582,0.052,0.012,0,0.056,""
4,proj_contint_0.5_n1000,alternative,proj_null_contint_n1000,1000,all,500,HLF.Grule,0.05,0.162,0.016477621187538,0.148,0.056,0,0.162,""
4,proj_contint_0.5_n1000,alternative,proj_null_contint_n1000,1000,all,500,HLF.Grule,0.1,0.24,0.0190997382181013,0.234,0.106,0,0.24,""
4,proj_contint_0.5_n1000,alternative,proj_null_contint_n1000,1000,all,500,Stk.joint,0.01,0.31,0.0206833266183175,0.338,0.002,0,0.31,""
4,proj_contint_0.5_n1000,alternative,proj_null_contint_n1000,1000,all,500,Stk.joint,0.05,0.504,0.0223599642217961,0.53,0.038,0,0.504,""
4,proj_contint_0.5_n1000,alternative,proj_null_contint_n1000,1000,all,500,Stk.joint,0.1,0.614,0.0217717247823869,0.652,0.078,0,0.614,""
4,proj_contint_0.5_n1000,alternative,proj_null_contint_n1000,1000,all,500,Stk.LR,0.01,0.308,0.0206463556106156,0.336,0.006,0.008,0.310483870967742,""
4,proj_contint_0.5_n1000,alternative,proj_null_contint_n1000,1000,all,500,Stk.LR,0.05,0.514,0.0223519126698366,0.508,0.05,0.008,0.518145161290323,""
4,proj_contint_0.5_n1000,alternative,proj_null_contint_n1000,1000,all,500,Stk.LR,0.1,0.632,0.0215673827804859,0.686,0.07,0.008,0.637096774193548,""
4,proj_contint_0.5_n1000,alternative,proj_null_contint_n1000,1000,all,500,Stk.sym1,0.01,0.394,0.021852414054287,0.446,0.006,0,0.394,""
4,proj_contint_0.5_n1000,alternative,proj_null_contint_n1000,1000,all,500,Stk.sym1,0.05,0.6,0.0219089023002066,0.63,0.036,0,0.6,""
4,proj_contint_0.5_n1000,alternative,proj_null_contint_n1000,1000,all,500,Stk.sym1,0.1,0.69,0.0206833266183175,0.694,0.092,0,0.69,""
4,proj_contint_0.5_n1000,alternative,proj_null_contint_n1000,1000,all,500,Stk.marg,0.01,0.252,0.0194162818273736,0.194,0.022,0.14,0.293023255813954,""
4,proj_contint_0.5_n1000,alternative,proj_null_contint_n1000,1000,all,500,Stk.marg,0.05,0.444,0.0222199909990981,0.444,0.048,0.14,0.516279069767442,""
4,proj_contint_0.5_n1000,alternative,proj_null_contint_n1000,1000,all,500,Stk.marg,0.1,0.532,0.0223148381127894,0.512,0.102,0.14,0.618604651162791,""
4,proj_contint_0.5_n1000,alternative,proj_null_contint_n1000,1000,all,500,GiViTI,0.01,0.346,0.021273645667821,0.362,0.008,0,0.346,""
4,proj_contint_0.5_n1000,alternative,proj_null_contint_n1000,1000,all,500,GiViTI,0.05,0.554,0.0222298897883008,0.628,0.032,0,0.554,""
4,proj_contint_0.5_n1000,alternative,proj_null_contint_n1000,1000,all,500,GiViTI,0.1,0.672,0.020995999618975,0.676,0.092,0,0.672,""
4,proj_contint_0.5_n1000,alternative,proj_null_contint_n1000,1000,all,500,GiViTI.t50,0.01,0.306,0.0206089301032344,0.35,0.002,0,0.306,""
4,proj_contint_0.5_n1000,alternative,proj_null_contint_n1000,1000,all,500,GiViTI.t50,0.05,0.518,0.0223461853567897,0.574,0.036,0,0.518,""
4,proj_contint_0.5_n1000,alternative,proj_null_contint_n1000,1000,all,500,GiViTI.t50,0.1,0.626,0.0216390387956582,0.642,0.088,0,0.626,""
4,proj_contint_0.5_n1000,alternative,proj_null_contint_n1000,1000,all,500,Cubic.LR,0.01,0.256,0.0195173768729304,0.29,0.006,0,0.256,""
4,proj_contint_0.5_n1000,alternative,proj_null_contint_n1000,1000,all,500,Cubic.LR,0.05,0.478,0.0223390241505756,0.498,0.044,0,0.478,""
4,proj_contint_0.5_n1000,alternative,proj_null_contint_n1000,1000,all,500,Cubic.LR,0.1,0.582,0.0220579237463547,0.638,0.072,0,0.582,""
4,proj_contint_0.5_n1000,alternative,proj_null_contint_n1000,1000,all,500,HL_w,0.01,0.102,0.0135348439222623,0.072,0.012,0,0.102,""
4,proj_contint_0.5_n1000,alternative,proj_null_contint_n1000,1000,all,500,HL_w,0.05,0.262,0.0196649942791754,0.268,0.048,0,0.262,""
4,proj_contint_0.5_n1000,alternative,proj_null_contint_n1000,1000,all,500,HL_w,0.1,0.384,0.021750586198997,0.394,0.09,0,0.384,""
4,proj_contint_0.5_n1000,alternative,proj_null_contint_n1000,1000,all,500,PH,0.01,0.074,0.0117067501895274,0.064,0.01,0,0.074,""
4,proj_contint_0.5_n1000,alternative,proj_null_contint_n1000,1000,all,500,PH,0.05,0.198,0.0178211110764733,0.194,0.05,0,0.198,""
4,proj_contint_0.5_n1000,alternative,proj_null_contint_n1000,1000,all,500,PH,0.1,0.268,0.0198078772209442,0.318,0.07,0,0.268,""
4,proj_contint_0.5_n1000,alternative,proj_null_contint_n1000,1000,all,500,Tsiatis,0.01,0.234,0.0189337793374698,0.3,0.004,0,0.234,""
4,proj_contint_0.5_n1000,alternative,proj_null_contint_n1000,1000,all,500,Tsiatis,0.05,0.45,0.022248595461287,0.478,0.036,0,0.45,""
4,proj_contint_0.5_n1000,alternative,proj_null_contint_n1000,1000,all,500,Tsiatis,0.1,0.592,0.0219788989715136,0.588,0.102,0,0.592,""
4,proj_contint_0.5_n1000,alternative,proj_null_contint_n1000,1000,all,500,Xie,0.01,0.214,0.0183414285157945,0.316,0.002,0,0.214,""
4,proj_contint_0.5_n1000,alternative,proj_null_contint_n1000,1000,all,500,Xie,0.05,0.406,0.0219619671250095,0.562,0.02,0,0.406,""
4,proj_contint_0.5_n1000,alternative,proj_null_contint_n1000,1000,all,500,Xie,0.1,0.556,0.0222199909990981,0.654,0.048,0,0.556,""
4,proj_contint_0.5_n1000,alternative,proj_null_contint_n1000,1000,all,500,PR,0.01,0,0,0,0,1,,no p-value in any replicate
4,proj_contint_0.5_n1000,alternative,proj_null_contint_n1000,1000,all,500,PR,0.05,0,0,0,0,1,,no p-value in any replicate
4,proj_contint_0.5_n1000,alternative,proj_null_contint_n1000,1000,all,500,PR,0.1,0,0,0,0,1,,no p-value in any replicate
4,proj_contint_0.5_n1000,alternative,proj_null_contint_n1000,1000,all,500,proj,0.01,0.312,0.02071984555927,0.352,0.008,0,0.312,""
4,proj_contint_0.5_n1000,alternative,proj_null_contint_n1000,1000,all,500,proj,0.05,0.562,0.0221881049213312,0.562,0.052,0,0.562,""
4,proj_contint_0.5_n1000,alternative,proj_null_contint_n1000,1000,all,500,proj,0.1,0.708,0.0203340109176719,0.674,0.11,0,0.708,""
4,omit_2cov_n500,alternative,null_census_omit_2cov_n500,500,all,500,flag.evlt.G10,,0,,,,0,,flag rate: share of replicates with the flag = 1
4,omit_2cov_n500,alternative,null_census_omit_2cov_n500,500,all,500,flag.evlt.Grule,,0,,,,0,,flag rate: share of replicates with the flag = 1
4,omit_2cov_n500,alternative,null_census_omit_2cov_n500,500,all,500,flag.stk_half0,,0,,,,0,,flag rate: share of replicates with the flag = 1
4,omit_2cov_n500,alternative,null_census_omit_2cov_n500,500,all,500,flag.stk_diag,,0,,,,0,,flag rate: share of replicates with the flag = 1
4,omit_2cov_n500,alternative,null_census_omit_2cov_n500,500,all,500,flag.rivals_run,,1,,,,0,,flag rate: share of replicates with the flag = 1
4,omit_2cov_n500,alternative,null_census_omit_2cov_n500,500,all,500,flag.degenerate,,0,,,,0,,flag rate: share of replicates with the flag = 1
4,omit_2cov_n500,alternative,null_census_omit_2cov_n500,500,all,500,flag.info_guard,,0,,,,0,,flag rate: share of replicates with the flag = 1
4,omit_2cov_n500,alternative,null_census_omit_2cov_n500,500,all,500,flag.rep_error,,0,,,,0,,flag rate: share of replicates with the flag = 1
4,omit_2cov_n500,alternative,null_census_omit_2cov_n500,500,all,500,EDGE.poly3.u.G10,0.01,0.012,0.00486949689393062,0.008,0.013,0,0.012,""
4,omit_2cov_n500,alternative,null_census_omit_2cov_n500,500,all,500,EDGE.poly3.u.G10,0.05,0.04,0.00876356092008266,0.038,0.0572,0,0.04,""
4,omit_2cov_n500,alternative,null_census_omit_2cov_n500,500,all,500,EDGE.poly3.u.G10,0.1,0.1,0.0134164078649987,0.088,0.1122,0,0.1,""
4,omit_2cov_n500,alternative,null_census_omit_2cov_n500,500,all,500,EDGE.poly3.sc.G10,0.01,0.01,0.0044497190922574,0.008,0.0124,0,0.01,""
4,omit_2cov_n500,alternative,null_census_omit_2cov_n500,500,all,500,EDGE.poly3.sc.G10,0.05,0.06,0.0106207344378814,0.052,0.0566,0,0.06,""
4,omit_2cov_n500,alternative,null_census_omit_2cov_n500,500,all,500,EDGE.poly3.sc.G10,0.1,0.102,0.0135348439222623,0.094,0.1108,0,0.102,""
4,omit_2cov_n500,alternative,null_census_omit_2cov_n500,500,all,500,EDGE.poly2.u.G10,0.01,0.006,0.00345369367489359,0.006,0.0114,0,0.006,""
4,omit_2cov_n500,alternative,null_census_omit_2cov_n500,500,all,500,EDGE.poly2.u.G10,0.05,0.046,0.00936845771725528,0.042,0.0584,0,0.046,""
4,omit_2cov_n500,alternative,null_census_omit_2cov_n500,500,all,500,EDGE.poly2.u.G10,0.1,0.096,0.0131745208641529,0.086,0.1042,0,0.096,""
4,omit_2cov_n500,alternative,null_census_omit_2cov_n500,500,all,500,EDGE.poly2.sc.G10,0.01,0.01,0.0044497190922574,0.01,0.0108,0,0.01,""
4,omit_2cov_n500,alternative,null_census_omit_2cov_n500,500,all,500,EDGE.poly2.sc.G10,0.05,0.054,0.0101078187557949,0.048,0.0534,0,0.054,""
4,omit_2cov_n500,alternative,null_census_omit_2cov_n500,500,all,500,EDGE.poly2.sc.G10,0.1,0.11,0.0139928553197694,0.108,0.1032,0,0.11,""
4,omit_2cov_n500,alternative,null_census_omit_2cov_n500,500,all,500,EDGE.stk.u.G10,0.01,0.01,0.0044497190922574,0.008,0.0124,0,0.01,""
4,omit_2cov_n500,alternative,null_census_omit_2cov_n500,500,all,500,EDGE.stk.u.G10,0.05,0.056,0.0102824121683582,0.048,0.0594,0,0.056,""
4,omit_2cov_n500,alternative,null_census_omit_2cov_n500,500,all,500,EDGE.stk.u.G10,0.1,0.1,0.0134164078649987,0.084,0.1102,0,0.1,""
4,omit_2cov_n500,alternative,null_census_omit_2cov_n500,500,all,500,EDGE.stk.sc.G10,0.01,0.012,0.00486949689393062,0.008,0.0124,0,0.012,""
4,omit_2cov_n500,alternative,null_census_omit_2cov_n500,500,all,500,EDGE.stk.sc.G10,0.05,0.058,0.0104533248299285,0.048,0.0554,0,0.058,""
4,omit_2cov_n500,alternative,null_census_omit_2cov_n500,500,all,500,EDGE.stk.sc.G10,0.1,0.108,0.0138806339912844,0.098,0.114,0,0.108,""
4,omit_2cov_n500,alternative,null_census_omit_2cov_n500,500,all,500,EDGE.sym.u.G10,0.01,0.012,0.00486949689393062,0.012,0.0094,0,0.012,""
4,omit_2cov_n500,alternative,null_census_omit_2cov_n500,500,all,500,EDGE.sym.u.G10,0.05,0.048,0.00955991631762538,0.044,0.0556,0,0.048,""
4,omit_2cov_n500,alternative,null_census_omit_2cov_n500,500,all,500,EDGE.sym.u.G10,0.1,0.1,0.0134164078649987,0.09,0.1132,0,0.1,""
4,omit_2cov_n500,alternative,null_census_omit_2cov_n500,500,all,500,EDGE.sym.sc.G10,0.01,0.016,0.00561141693336006,0.016,0.009,0,0.016,""
4,omit_2cov_n500,alternative,null_census_omit_2cov_n500,500,all,500,EDGE.sym.sc.G10,0.05,0.052,0.00992935043192655,0.048,0.0566,0,0.052,""
4,omit_2cov_n500,alternative,null_census_omit_2cov_n500,500,all,500,EDGE.sym.sc.G10,0.1,0.106,0.0137669168661687,0.098,0.1114,0,0.106,""
4,omit_2cov_n500,alternative,null_census_omit_2cov_n500,500,all,500,EDGE.poly3.u.Grule,0.01,0.006,0.00345369367489359,0.006,0.0118,0,0.006,""
4,omit_2cov_n500,alternative,null_census_omit_2cov_n500,500,all,500,EDGE.poly3.u.Grule,0.05,0.056,0.0102824121683582,0.042,0.06,0,0.056,""
4,omit_2cov_n500,alternative,null_census_omit_2cov_n500,500,all,500,EDGE.poly3.u.Grule,0.1,0.1,0.0134164078649987,0.08,0.1102,0,0.1,""
4,omit_2cov_n500,alternative,null_census_omit_2cov_n500,500,all,500,EDGE.poly3.sc.Grule,0.01,0.012,0.00486949689393062,0.008,0.0124,0,0.012,""
4,omit_2cov_n500,alternative,null_census_omit_2cov_n500,500,all,500,EDGE.poly3.sc.Grule,0.05,0.048,0.00955991631762538,0.04,0.0576,0,0.048,""
4,omit_2cov_n500,alternative,null_census_omit_2cov_n500,500,all,500,EDGE.poly3.sc.Grule,0.1,0.096,0.0131745208641529,0.09,0.106,0,0.096,""
4,omit_2cov_n500,alternative,null_census_omit_2cov_n500,500,all,500,EDGE.poly2.u.Grule,0.01,0.008,0.0039839678713564,0.006,0.0126,0,0.008,""
4,omit_2cov_n500,alternative,null_census_omit_2cov_n500,500,all,500,EDGE.poly2.u.Grule,0.05,0.05,0.00974679434480896,0.042,0.0548,0,0.05,""
4,omit_2cov_n500,alternative,null_census_omit_2cov_n500,500,all,500,EDGE.poly2.u.Grule,0.1,0.084,0.0124051602166195,0.08,0.107,0,0.084,""
4,omit_2cov_n500,alternative,null_census_omit_2cov_n500,500,all,500,EDGE.poly2.sc.Grule,0.01,0.002,0.00199799899899875,0.002,0.0122,0,0.002,""
4,omit_2cov_n500,alternative,null_census_omit_2cov_n500,500,all,500,EDGE.poly2.sc.Grule,0.05,0.048,0.00955991631762538,0.048,0.0534,0,0.048,""
4,omit_2cov_n500,alternative,null_census_omit_2cov_n500,500,all,500,EDGE.poly2.sc.Grule,0.1,0.1,0.0134164078649987,0.102,0.0994,0,0.1,""
4,omit_2cov_n500,alternative,null_census_omit_2cov_n500,500,all,500,EDGE.stk.u.Grule,0.01,0.01,0.0044497190922574,0.008,0.0136,0,0.01,""
4,omit_2cov_n500,alternative,null_census_omit_2cov_n500,500,all,500,EDGE.stk.u.Grule,0.05,0.052,0.00992935043192655,0.04,0.0576,0,0.052,""
4,omit_2cov_n500,alternative,null_census_omit_2cov_n500,500,all,500,EDGE.stk.u.Grule,0.1,0.108,0.0138806339912844,0.096,0.1116,0,0.108,""
4,omit_2cov_n500,alternative,null_census_omit_2cov_n500,500,all,500,EDGE.stk.sc.Grule,0.01,0.012,0.00486949689393062,0.01,0.0116,0,0.012,""
4,omit_2cov_n500,alternative,null_census_omit_2cov_n500,500,all,500,EDGE.stk.sc.Grule,0.05,0.046,0.00936845771725528,0.042,0.0594,0,0.046,""
4,omit_2cov_n500,alternative,null_census_omit_2cov_n500,500,all,500,EDGE.stk.sc.Grule,0.1,0.098,0.0132963152790538,0.094,0.1068,0,0.098,""
4,omit_2cov_n500,alternative,null_census_omit_2cov_n500,500,all,500,EDGE.sym.u.Grule,0.01,0.008,0.0039839678713564,0.008,0.0126,0,0.008,""
4,omit_2cov_n500,alternative,null_census_omit_2cov_n500,500,all,500,EDGE.sym.u.Grule,0.05,0.052,0.00992935043192655,0.05,0.057,0,0.052,""
4,omit_2cov_n500,alternative,null_census_omit_2cov_n500,500,all,500,EDGE.sym.u.Grule,0.1,0.094,0.0130509769749241,0.088,0.1102,0,0.094,""
4,omit_2cov_n500,alternative,null_census_omit_2cov_n500,500,all,500,EDGE.sym.sc.Grule,0.01,0.008,0.0039839678713564,0.008,0.0128,0,0.008,""
4,omit_2cov_n500,alternative,null_census_omit_2cov_n500,500,all,500,EDGE.sym.sc.Grule,0.05,0.052,0.00992935043192655,0.044,0.0562,0,0.052,""
4,omit_2cov_n500,alternative,null_census_omit_2cov_n500,500,all,500,EDGE.sym.sc.Grule,0.1,0.098,0.0132963152790538,0.09,0.1108,0,0.098,""
4,omit_2cov_n500,alternative,null_census_omit_2cov_n500,500,all,500,HL.G10,0.01,0.014,0.00525433154644813,0.014,0.0092,0,0.014,""
4,omit_2cov_n500,alternative,null_census_omit_2cov_n500,500,all,500,HL.G10,0.05,0.062,0.0107848041243223,0.06,0.0556,0,0.062,""
4,omit_2cov_n500,alternative,null_census_omit_2cov_n500,500,all,500,HL.G10,0.1,0.106,0.0137669168661687,0.106,0.1012,0,0.106,""
4,omit_2cov_n500,alternative,null_census_omit_2cov_n500,500,all,500,HL.Grule,0.01,0.012,0.00486949689393062,0.012,0.01,0,0.012,""
4,omit_2cov_n500,alternative,null_census_omit_2cov_n500,500,all,500,HL.Grule,0.05,0.06,0.0106207344378814,0.056,0.052,0,0.06,""
4,omit_2cov_n500,alternative,null_census_omit_2cov_n500,500,all,500,HL.Grule,0.1,0.104,0.013651666564929,0.102,0.1034,0,0.104,""
4,omit_2cov_n500,alternative,null_census_omit_2cov_n500,500,all,500,HLF.G10,0.01,0.014,0.00525433154644813,0.014,0.0092,0,0.014,""
4,omit_2cov_n500,alternative,null_census_omit_2cov_n500,500,all,500,HLF.G10,0.05,0.062,0.0107848041243223,0.06,0.0554,0,0.062,""
4,omit_2cov_n500,alternative,null_census_omit_2cov_n500,500,all,500,HLF.G10,0.1,0.108,0.0138806339912844,0.106,0.1012,0,0.108,""
4,omit_2cov_n500,alternative,null_census_omit_2cov_n500,500,all,500,HLF.Grule,0.01,0.012,0.00486949689393062,0.012,0.0102,0,0.012,""
4,omit_2cov_n500,alternative,null_census_omit_2cov_n500,500,all,500,HLF.Grule,0.05,0.056,0.0102824121683582,0.056,0.0516,0,0.056,""
4,omit_2cov_n500,alternative,null_census_omit_2cov_n500,500,all,500,HLF.Grule,0.1,0.104,0.013651666564929,0.102,0.1038,0,0.104,""
4,omit_2cov_n500,alternative,null_census_omit_2cov_n500,500,all,500,Stk.joint,0.01,0.01,0.0044497190922574,0.006,0.0124,0,0.01,""
4,omit_2cov_n500,alternative,null_census_omit_2cov_n500,500,all,500,Stk.joint,0.05,0.05,0.00974679434480896,0.046,0.0588,0,0.05,""
4,omit_2cov_n500,alternative,null_census_omit_2cov_n500,500,all,500,Stk.joint,0.1,0.104,0.013651666564929,0.09,0.1094,0,0.104,""
4,omit_2cov_n500,alternative,null_census_omit_2cov_n500,500,all,500,Stk.LR,0.01,0.008,0.0039839678713564,0.006,0.0128,0,0.008,""
4,omit_2cov_n500,alternative,null_census_omit_2cov_n500,500,all,500,Stk.LR,0.05,0.05,0.00974679434480896,0.044,0.0618,0,0.05,""
4,omit_2cov_n500,alternative,null_census_omit_2cov_n500,500,all,500,Stk.LR,0.1,0.11,0.0139928553197694,0.09,0.1098,0,0.11,""
4,omit_2cov_n500,alternative,null_census_omit_2cov_n500,500,all,500,Stk.sym1,0.01,0.01,0.0044497190922574,0.008,0.0134,0,0.01,""
4,omit_2cov_n500,alternative,null_census_omit_2cov_n500,500,all,500,Stk.sym1,0.05,0.048,0.00955991631762538,0.042,0.0572,0,0.048,""
4,omit_2cov_n500,alternative,null_census_omit_2cov_n500,500,all,500,Stk.sym1,0.1,0.098,0.0132963152790538,0.086,0.1126,0,0.098,""
4,omit_2cov_n500,alternative,null_census_omit_2cov_n500,500,all,500,Stk.marg,0.01,0.022,0.00655987804764692,0.008,0.026,0,0.022,""
4,omit_2cov_n500,alternative,null_census_omit_2cov_n500,500,all,500,Stk.marg,0.05,0.06,0.0106207344378814,0.04,0.076,0,0.06,""
4,omit_2cov_n500,alternative,null_census_omit_2cov_n500,500,all,500,Stk.marg,0.1,0.102,0.0135348439222623,0.086,0.1236,0,0.102,""
4,omit_2cov_n500,alternative,null_census_omit_2cov_n500,500,all,500,GiViTI,0.01,0.01,0.0044497190922574,0.008,0.0114,0,0.01,""
4,omit_2cov_n500,alternative,null_census_omit_2cov_n500,500,all,500,GiViTI,0.05,0.044,0.00917213170424411,0.038,0.058,0,0.044,""
4,omit_2cov_n500,alternative,null_census_omit_2cov_n500,500,all,500,GiViTI,0.1,0.086,0.0125382614424808,0.08,0.1066,0,0.086,""
4,omit_2cov_n500,alternative,null_census_omit_2cov_n500,500,all,500,GiViTI.t50,0.01,0.008,0.0039839678713564,0.006,0.0122,0,0.008,""
4,omit_2cov_n500,alternative,null_census_omit_2cov_n500,500,all,500,GiViTI.t50,0.05,0.044,0.00917213170424411,0.036,0.061,0,0.044,""
4,omit_2cov_n500,alternative,null_census_omit_2cov_n500,500,all,500,GiViTI.t50,0.1,0.088,0.0126693330526907,0.08,0.109,0,0.088,""
4,omit_2cov_n500,alternative,null_census_omit_2cov_n500,500,all,500,Cubic.LR,0.01,0.004,0.00282276460230038,0.004,0.013,0,0.004,""
4,omit_2cov_n500,alternative,null_census_omit_2cov_n500,500,all,500,Cubic.LR,0.05,0.054,0.0101078187557949,0.042,0.0594,0,0.054,""
4,omit_2cov_n500,alternative,null_census_omit_2cov_n500,500,all,500,Cubic.LR,0.1,0.092,0.01292563344676,0.084,0.1096,0,0.092,""
4,omit_2cov_n500,alternative,null_census_omit_2cov_n500,500,all,500,HL_w,0.01,0.018,0.005945754788082,0.018,0.0118,0,0.018,""
4,omit_2cov_n500,alternative,null_census_omit_2cov_n500,500,all,500,HL_w,0.05,0.07,0.0114105214604767,0.058,0.062,0,0.07,""
4,omit_2cov_n500,alternative,null_census_omit_2cov_n500,500,all,500,HL_w,0.1,0.118,0.0144274737913468,0.1,0.1128,0,0.118,""
4,omit_2cov_n500,alternative,null_census_omit_2cov_n500,500,all,500,PH,0.01,0.004,0.00282276460230038,0.014,0.0054,0,0.004,""
4,omit_2cov_n500,alternative,null_census_omit_2cov_n500,500,all,500,PH,0.05,0.046,0.00936845771725528,0.06,0.0358,0,0.046,""
4,omit_2cov_n500,alternative,null_census_omit_2cov_n500,500,all,500,PH,0.1,0.066,0.0111035129576184,0.106,0.0672,0,0.066,""
4,omit_2cov_n500,alternative,null_census_omit_2cov_n500,500,all,500,Tsiatis,0.01,0.006,0.00345369367489359,0.006,0.0106,0,0.006,""
4,omit_2cov_n500,alternative,null_census_omit_2cov_n500,500,all,500,Tsiatis,0.05,0.04,0.00876356092008266,0.034,0.0552,0,0.04,""
4,omit_2cov_n500,alternative,null_census_omit_2cov_n500,500,all,500,Tsiatis,0.1,0.106,0.0137669168661687,0.094,0.1104,0,0.106,""
4,omit_2cov_n500,alternative,null_census_omit_2cov_n500,500,all,500,Xie,0.01,0.004,0.00282276460230038,0.01,0.007,0,0.004,""
4,omit_2cov_n500,alternative,null_census_omit_2cov_n500,500,all,500,Xie,0.05,0.046,0.00936845771725528,0.052,0.0408,0,0.046,""
4,omit_2cov_n500,alternative,null_census_omit_2cov_n500,500,all,500,Xie,0.1,0.09,0.0127984374046209,0.096,0.0888,0,0.09,""
4,omit_2cov_n500,alternative,null_census_omit_2cov_n500,500,all,500,PR,0.01,0,0,0,0,1,,no p-value in any replicate
4,omit_2cov_n500,alternative,null_census_omit_2cov_n500,500,all,500,PR,0.05,0,0,0,0,1,,no p-value in any replicate
4,omit_2cov_n500,alternative,null_census_omit_2cov_n500,500,all,500,PR,0.1,0,0,0,0,1,,no p-value in any replicate
4,omit_2cov_n500,alternative,null_census_omit_2cov_n500,500,all,500,proj,0.01,0.012,0.00486949689393062,,,0,0.012,""
4,omit_2cov_n500,alternative,null_census_omit_2cov_n500,500,all,500,proj,0.05,0.05,0.00974679434480896,,,0,0.05,""
4,omit_2cov_n500,alternative,null_census_omit_2cov_n500,500,all,500,proj,0.1,0.084,0.0124051602166195,,,0,0.084,""
4,omit_2cov_n1000,alternative,null_census_omit_2cov_n1000,1000,all,500,flag.evlt.G10,,0,,,,0,,flag rate: share of replicates with the flag = 1
4,omit_2cov_n1000,alternative,null_census_omit_2cov_n1000,1000,all,500,flag.evlt.Grule,,0,,,,0,,flag rate: share of replicates with the flag = 1
4,omit_2cov_n1000,alternative,null_census_omit_2cov_n1000,1000,all,500,flag.stk_half0,,0,,,,0,,flag rate: share of replicates with the flag = 1
4,omit_2cov_n1000,alternative,null_census_omit_2cov_n1000,1000,all,500,flag.stk_diag,,0,,,,0,,flag rate: share of replicates with the flag = 1
4,omit_2cov_n1000,alternative,null_census_omit_2cov_n1000,1000,all,500,flag.rivals_run,,1,,,,0,,flag rate: share of replicates with the flag = 1
4,omit_2cov_n1000,alternative,null_census_omit_2cov_n1000,1000,all,500,flag.degenerate,,0,,,,0,,flag rate: share of replicates with the flag = 1
4,omit_2cov_n1000,alternative,null_census_omit_2cov_n1000,1000,all,500,flag.info_guard,,0,,,,0,,flag rate: share of replicates with the flag = 1
4,omit_2cov_n1000,alternative,null_census_omit_2cov_n1000,1000,all,500,flag.rep_error,,0,,,,0,,flag rate: share of replicates with the flag = 1
4,omit_2cov_n1000,alternative,null_census_omit_2cov_n1000,1000,all,500,EDGE.poly3.u.G10,0.01,0.01,0.0044497190922574,0.01,0.0084,0,0.01,""
4,omit_2cov_n1000,alternative,null_census_omit_2cov_n1000,1000,all,500,EDGE.poly3.u.G10,0.05,0.048,0.00955991631762538,0.054,0.0456,0,0.048,""
4,omit_2cov_n1000,alternative,null_census_omit_2cov_n1000,1000,all,500,EDGE.poly3.u.G10,0.1,0.1,0.0134164078649987,0.102,0.096,0,0.1,""
4,omit_2cov_n1000,alternative,null_census_omit_2cov_n1000,1000,all,500,EDGE.poly3.sc.G10,0.01,0.01,0.0044497190922574,0.006,0.0106,0,0.01,""
4,omit_2cov_n1000,alternative,null_census_omit_2cov_n1000,1000,all,500,EDGE.poly3.sc.G10,0.05,0.06,0.0106207344378814,0.06,0.0486,0,0.06,""
4,omit_2cov_n1000,alternative,null_census_omit_2cov_n1000,1000,all,500,EDGE.poly3.sc.G10,0.1,0.094,0.0130509769749241,0.098,0.0922,0,0.094,""
4,omit_2cov_n1000,alternative,null_census_omit_2cov_n1000,1000,all,500,EDGE.poly2.u.G10,0.01,0.016,0.00561141693336006,0.014,0.0102,0,0.016,""
4,omit_2cov_n1000,alternative,null_census_omit_2cov_n1000,1000,all,500,EDGE.poly2.u.G10,0.05,0.048,0.00955991631762538,0.046,0.053,0,0.048,""
4,omit_2cov_n1000,alternative,null_census_omit_2cov_n1000,1000,all,500,EDGE.poly2.u.G10,0.1,0.098,0.0132963152790538,0.092,0.1042,0,0.098,""
4,omit_2cov_n1000,alternative,null_census_omit_2cov_n1000,1000,all,500,EDGE.poly2.sc.G10,0.01,0.004,0.00282276460230038,0.004,0.012,0,0.004,""
4,omit_2cov_n1000,alternative,null_census_omit_2cov_n1000,1000,all,500,EDGE.poly2.sc.G10,0.05,0.056,0.0102824121683582,0.056,0.0506,0,0.056,""
4,omit_2cov_n1000,alternative,null_census_omit_2cov_n1000,1000,all,500,EDGE.poly2.sc.G10,0.1,0.1,0.0134164078649987,0.098,0.1018,0,0.1,""
4,omit_2cov_n1000,alternative,null_census_omit_2cov_n1000,1000,all,500,EDGE.stk.u.G10,0.01,0.008,0.0039839678713564,0.01,0.0086,0,0.008,""
4,omit_2cov_n1000,alternative,null_census_omit_2cov_n1000,1000,all,500,EDGE.stk.u.G10,0.05,0.038,0.00855055553750749,0.04,0.0466,0,0.038,""
4,omit_2cov_n1000,alternative,null_census_omit_2cov_n1000,1000,all,500,EDGE.stk.u.G10,0.1,0.096,0.0131745208641529,0.102,0.0938,0,0.096,""
4,omit_2cov_n1000,alternative,null_census_omit_2cov_n1000,1000,all,500,EDGE.stk.sc.G10,0.01,0.006,0.00345369367489359,0.006,0.011,0,0.006,""
4,omit_2cov_n1000,alternative,null_census_omit_2cov_n1000,1000,all,500,EDGE.stk.sc.G10,0.05,0.062,0.0107848041243223,0.062,0.0466,0,0.062,""
4,omit_2cov_n1000,alternative,null_census_omit_2cov_n1000,1000,all,500,EDGE.stk.sc.G10,0.1,0.096,0.0131745208641529,0.096,0.093,0,0.096,""
4,omit_2cov_n1000,alternative,null_census_omit_2cov_n1000,1000,all,500,EDGE.sym.u.G10,0.01,0.004,0.00282276460230038,0.01,0.0074,0,0.004,""
4,omit_2cov_n1000,alternative,null_census_omit_2cov_n1000,1000,all,500,EDGE.sym.u.G10,0.05,0.05,0.00974679434480896,0.05,0.0496,0,0.05,""
4,omit_2cov_n1000,alternative,null_census_omit_2cov_n1000,1000,all,500,EDGE.sym.u.G10,0.1,0.098,0.0132963152790538,0.098,0.1028,0,0.098,""
4,omit_2cov_n1000,alternative,null_census_omit_2cov_n1000,1000,all,500,EDGE.sym.sc.G10,0.01,0.004,0.00282276460230038,0.01,0.0066,0,0.004,""
4,omit_2cov_n1000,alternative,null_census_omit_2cov_n1000,1000,all,500,EDGE.sym.sc.G10,0.05,0.05,0.00974679434480896,0.05,0.0508,0,0.05,""
4,omit_2cov_n1000,alternative,null_census_omit_2cov_n1000,1000,all,500,EDGE.sym.sc.G10,0.1,0.104,0.013651666564929,0.102,0.1014,0,0.104,""
4,omit_2cov_n1000,alternative,null_census_omit_2cov_n1000,1000,all,500,EDGE.poly3.u.Grule,0.01,0.012,0.00486949689393062,0.014,0.0092,0,0.012,""
4,omit_2cov_n1000,alternative,null_census_omit_2cov_n1000,1000,all,500,EDGE.poly3.u.Grule,0.05,0.064,0.0109456840809517,0.064,0.0508,0,0.064,""
4,omit_2cov_n1000,alternative,null_census_omit_2cov_n1000,1000,all,500,EDGE.poly3.u.Grule,0.1,0.114,0.0142129518397833,0.114,0.0998,0,0.114,""
4,omit_2cov_n1000,alternative,null_census_omit_2cov_n1000,1000,all,500,EDGE.poly3.sc.Grule,0.01,0.004,0.00282276460230038,0.006,0.0094,0,0.004,""
4,omit_2cov_n1000,alternative,null_census_omit_2cov_n1000,1000,all,500,EDGE.poly3.sc.Grule,0.05,0.052,0.00992935043192655,0.052,0.05,0,0.052,""
4,omit_2cov_n1000,alternative,null_census_omit_2cov_n1000,1000,all,500,EDGE.poly3.sc.Grule,0.1,0.108,0.0138806339912844,0.112,0.0982,0,0.108,""
4,omit_2cov_n1000,alternative,null_census_omit_2cov_n1000,1000,all,500,EDGE.poly2.u.Grule,0.01,0.02,0.00626099033699941,0.02,0.0106,0,0.02,""
4,omit_2cov_n1000,alternative,null_census_omit_2cov_n1000,1000,all,500,EDGE.poly2.u.Grule,0.05,0.056,0.0102824121683582,0.05,0.0542,0,0.056,""
4,omit_2cov_n1000,alternative,null_census_omit_2cov_n1000,1000,all,500,EDGE.poly2.u.Grule,0.1,0.092,0.01292563344676,0.09,0.103,0,0.092,""
4,omit_2cov_n1000,alternative,null_census_omit_2cov_n1000,1000,all,500,EDGE.poly2.sc.Grule,0.01,0.01,0.0044497190922574,0.01,0.009,0,0.01,""
4,omit_2cov_n1000,alternative,null_census_omit_2cov_n1000,1000,all,500,EDGE.poly2.sc.Grule,0.05,0.06,0.0106207344378814,0.058,0.0526,0,0.06,""
4,omit_2cov_n1000,alternative,null_census_omit_2cov_n1000,1000,all,500,EDGE.poly2.sc.Grule,0.1,0.096,0.0131745208641529,0.096,0.1002,0,0.096,""
4,omit_2cov_n1000,alternative,null_census_omit_2cov_n1000,1000,all,500,EDGE.stk.u.Grule,0.01,0.012,0.00486949689393062,0.012,0.01,0,0.012,""
4,omit_2cov_n1000,alternative,null_census_omit_2cov_n1000,1000,all,500,EDGE.stk.u.Grule,0.05,0.056,0.0102824121683582,0.056,0.049,0,0.056,""
4,omit_2cov_n1000,alternative,null_census_omit_2cov_n1000,1000,all,500,EDGE.stk.u.Grule,0.1,0.114,0.0142129518397833,0.118,0.095,0,0.114,""
4,omit_2cov_n1000,alternative,null_census_omit_2cov_n1000,1000,all,500,EDGE.stk.sc.Grule,0.01,0.004,0.00282276460230038,0.006,0.0094,0,0.004,""
4,omit_2cov_n1000,alternative,null_census_omit_2cov_n1000,1000,all,500,EDGE.stk.sc.Grule,0.05,0.056,0.0102824121683582,0.058,0.0464,0,0.056,""
4,omit_2cov_n1000,alternative,null_census_omit_2cov_n1000,1000,all,500,EDGE.stk.sc.Grule,0.1,0.098,0.0132963152790538,0.1,0.0964,0,0.098,""
4,omit_2cov_n1000,alternative,null_census_omit_2cov_n1000,1000,all,500,EDGE.sym.u.Grule,0.01,0.008,0.0039839678713564,0.01,0.0084,0,0.008,""
4,omit_2cov_n1000,alternative,null_census_omit_2cov_n1000,1000,all,500,EDGE.sym.u.Grule,0.05,0.042,0.00897061870775924,0.046,0.0486,0,0.042,""
4,omit_2cov_n1000,alternative,null_census_omit_2cov_n1000,1000,all,500,EDGE.sym.u.Grule,0.1,0.106,0.0137669168661687,0.102,0.1022,0,0.106,""
4,omit_2cov_n1000,alternative,null_census_omit_2cov_n1000,1000,all,500,EDGE.sym.sc.Grule,0.01,0.008,0.0039839678713564,0.01,0.009,0,0.008,""
4,omit_2cov_n1000,alternative,null_census_omit_2cov_n1000,1000,all,500,EDGE.sym.sc.Grule,0.05,0.044,0.00917213170424411,0.048,0.0476,0,0.044,""
4,omit_2cov_n1000,alternative,null_census_omit_2cov_n1000,1000,all,500,EDGE.sym.sc.Grule,0.1,0.108,0.0138806339912844,0.108,0.1014,0,0.108,""
4,omit_2cov_n1000,alternative,null_census_omit_2cov_n1000,1000,all,500,HL.G10,0.01,0.006,0.00345369367489359,0.006,0.0098,0,0.006,""
4,omit_2cov_n1000,alternative,null_census_omit_2cov_n1000,1000,all,500,HL.G10,0.05,0.034,0.00810481338464989,0.034,0.0514,0,0.034,""
4,omit_2cov_n1000,alternative,null_census_omit_2cov_n1000,1000,all,500,HL.G10,0.1,0.074,0.0117067501895274,0.078,0.0986,0,0.074,""
4,omit_2cov_n1000,alternative,null_census_omit_2cov_n1000,1000,all,500,HL.Grule,0.01,0.014,0.00525433154644813,0.014,0.0096,0,0.014,""
4,omit_2cov_n1000,alternative,null_census_omit_2cov_n1000,1000,all,500,HL.Grule,0.05,0.052,0.00992935043192655,0.056,0.0476,0,0.052,""
4,omit_2cov_n1000,alternative,null_census_omit_2cov_n1000,1000,all,500,HL.Grule,0.1,0.102,0.0135348439222623,0.104,0.0974,0,0.102,""
4,omit_2cov_n1000,alternative,null_census_omit_2cov_n1000,1000,all,500,HLF.G10,0.01,0.006,0.00345369367489359,0.008,0.0098,0,0.006,""
4,omit_2cov_n1000,alternative,null_census_omit_2cov_n1000,1000,all,500,HLF.G10,0.05,0.034,0.00810481338464989,0.034,0.0514,0,0.034,""
4,omit_2cov_n1000,alternative,null_census_omit_2cov_n1000,1000,all,500,HLF.G10,0.1,0.074,0.0117067501895274,0.078,0.0986,0,0.074,""
4,omit_2cov_n1000,alternative,null_census_omit_2cov_n1000,1000,all,500,HLF.Grule,0.01,0.014,0.00525433154644813,0.014,0.0098,0,0.014,""
4,omit_2cov_n1000,alternative,null_census_omit_2cov_n1000,1000,all,500,HLF.Grule,0.05,0.054,0.0101078187557949,0.056,0.048,0,0.054,""
4,omit_2cov_n1000,alternative,null_census_omit_2cov_n1000,1000,all,500,HLF.Grule,0.1,0.1,0.0134164078649987,0.106,0.0978,0,0.1,""
4,omit_2cov_n1000,alternative,null_census_omit_2cov_n1000,1000,all,500,Stk.joint,0.01,0.01,0.0044497190922574,0.01,0.0102,0,0.01,""
4,omit_2cov_n1000,alternative,null_census_omit_2cov_n1000,1000,all,500,Stk.joint,0.05,0.064,0.0109456840809517,0.066,0.0482,0,0.064,""
4,omit_2cov_n1000,alternative,null_census_omit_2cov_n1000,1000,all,500,Stk.joint,0.1,0.102,0.0135348439222623,0.1,0.1014,0,0.102,""
4,omit_2cov_n1000,alternative,null_census_omit_2cov_n1000,1000,all,500,Stk.LR,0.01,0.012,0.00486949689393062,0.01,0.0106,0,0.012,""
4,omit_2cov_n1000,alternative,null_census_omit_2cov_n1000,1000,all,500,Stk.LR,0.05,0.064,0.0109456840809517,0.068,0.0478,0,0.064,""
4,omit_2cov_n1000,alternative,null_census_omit_2cov_n1000,1000,all,500,Stk.LR,0.1,0.102,0.0135348439222623,0.102,0.1028,0,0.102,""
4,omit_2cov_n1000,alternative,null_census_omit_2cov_n1000,1000,all,500,Stk.sym1,0.01,0.008,0.0039839678713564,0.01,0.0082,0,0.008,""
4,omit_2cov_n1000,alternative,null_census_omit_2cov_n1000,1000,all,500,Stk.sym1,0.05,0.046,0.00936845771725528,0.046,0.0506,0,0.046,""
4,omit_2cov_n1000,alternative,null_census_omit_2cov_n1000,1000,all,500,Stk.sym1,0.1,0.106,0.0137669168661687,0.106,0.1014,0,0.106,""
4,omit_2cov_n1000,alternative,null_census_omit_2cov_n1000,1000,all,500,Stk.marg,0.01,0.026,0.00711674082709213,0.018,0.0242,0,0.026,""
4,omit_2cov_n1000,alternative,null_census_omit_2cov_n1000,1000,all,500,Stk.marg,0.05,0.07,0.0114105214604767,0.048,0.0744,0,0.07,""
4,omit_2cov_n1000,alternative,null_census_omit_2cov_n1000,1000,all,500,Stk.marg,0.1,0.114,0.0142129518397833,0.09,0.1202,0,0.114,""
4,omit_2cov_n1000,alternative,null_census_omit_2cov_n1000,1000,all,500,GiViTI,0.01,0.022,0.00655987804764692,0.022,0.0106,0,0.022,""
4,omit_2cov_n1000,alternative,null_census_omit_2cov_n1000,1000,all,500,GiViTI,0.05,0.054,0.0101078187557949,0.052,0.0538,0,0.054,""
4,omit_2cov_n1000,alternative,null_census_omit_2cov_n1000,1000,all,500,GiViTI,0.1,0.096,0.0131745208641529,0.096,0.1028,0,0.096,""
4,omit_2cov_n1000,alternative,null_census_omit_2cov_n1000,1000,all,500,GiViTI.t50,0.01,0.014,0.00525433154644813,0.014,0.0102,0,0.014,""
4,omit_2cov_n1000,alternative,null_census_omit_2cov_n1000,1000,all,500,GiViTI.t50,0.05,0.046,0.00936845771725528,0.046,0.0528,0,0.046,""
4,omit_2cov_n1000,alternative,null_census_omit_2cov_n1000,1000,all,500,GiViTI.t50,0.1,0.092,0.01292563344676,0.088,0.1028,0,0.092,""
4,omit_2cov_n1000,alternative,null_census_omit_2cov_n1000,1000,all,500,Cubic.LR,0.01,0.014,0.00525433154644813,0.014,0.0088,0,0.014,""
4,omit_2cov_n1000,alternative,null_census_omit_2cov_n1000,1000,all,500,Cubic.LR,0.05,0.06,0.0106207344378814,0.06,0.0504,0,0.06,""
4,omit_2cov_n1000,alternative,null_census_omit_2cov_n1000,1000,all,500,Cubic.LR,0.1,0.118,0.0144274737913468,0.12,0.0994,0,0.118,""
4,omit_2cov_n1000,alternative,null_census_omit_2cov_n1000,1000,all,500,HL_w,0.01,0.01,0.0044497190922574,0.008,0.0102,0,0.01,""
4,omit_2cov_n1000,alternative,null_census_omit_2cov_n1000,1000,all,500,HL_w,0.05,0.056,0.0102824121683582,0.052,0.053,0,0.056,""
4,omit_2cov_n1000,alternative,null_census_omit_2cov_n1000,1000,all,500,HL_w,0.1,0.106,0.0137669168661687,0.098,0.1066,0,0.106,""
4,omit_2cov_n1000,alternative,null_census_omit_2cov_n1000,1000,all,500,PH,0.01,0.002,0.00199799899899875,0.006,0.0064,0,0.002,""
4,omit_2cov_n1000,alternative,null_census_omit_2cov_n1000,1000,all,500,PH,0.05,0.012,0.00486949689393062,0.034,0.0304,0,0.012,""
4,omit_2cov_n1000,alternative,null_census_omit_2cov_n1000,1000,all,500,PH,0.1,0.056,0.0102824121683582,0.078,0.0666,0,0.056,""
4,omit_2cov_n1000,alternative,null_census_omit_2cov_n1000,1000,all,500,Tsiatis,0.01,0.002,0.00199799899899875,0.002,0.0098,0,0.002,""
4,omit_2cov_n1000,alternative,null_census_omit_2cov_n1000,1000,all,500,Tsiatis,0.05,0.056,0.0102824121683582,0.048,0.0558,0,0.056,""
4,omit_2cov_n1000,alternative,null_census_omit_2cov_n1000,1000,all,500,Tsiatis,0.1,0.126,0.0148407546977908,0.104,0.1074,0,0.126,""
4,omit_2cov_n1000,alternative,null_census_omit_2cov_n1000,1000,all,500,Xie,0.01,0.01,0.0044497190922574,0.01,0.0084,0,0.01,""
4,omit_2cov_n1000,alternative,null_census_omit_2cov_n1000,1000,all,500,Xie,0.05,0.042,0.00897061870775924,0.052,0.0396,0,0.042,""
4,omit_2cov_n1000,alternative,null_census_omit_2cov_n1000,1000,all,500,Xie,0.1,0.08,0.0121326007104825,0.106,0.081,0,0.08,""
4,omit_2cov_n1000,alternative,null_census_omit_2cov_n1000,1000,all,500,PR,0.01,0,0,0,0,1,,no p-value in any replicate
4,omit_2cov_n1000,alternative,null_census_omit_2cov_n1000,1000,all,500,PR,0.05,0,0,0,0,1,,no p-value in any replicate
4,omit_2cov_n1000,alternative,null_census_omit_2cov_n1000,1000,all,500,PR,0.1,0,0,0,0,1,,no p-value in any replicate
4,omit_2cov_n1000,alternative,null_census_omit_2cov_n1000,1000,all,500,proj,0.01,0.016,0.00561141693336006,,,0,0.016,""
4,omit_2cov_n1000,alternative,null_census_omit_2cov_n1000,1000,all,500,proj,0.05,0.064,0.0109456840809517,,,0,0.064,""
4,omit_2cov_n1000,alternative,null_census_omit_2cov_n1000,1000,all,500,proj,0.1,0.11,0.0139928553197694,,,0,0.11,""
4,proj_null_quad_n500,null,,500,all,500,flag.evlt.G10,,0,,,,0,,flag rate: share of replicates with the flag = 1
4,proj_null_quad_n500,null,,500,all,500,flag.evlt.Grule,,0,,,,0,,flag rate: share of replicates with the flag = 1
4,proj_null_quad_n500,null,,500,all,500,flag.stk_half0,,0,,,,0,,flag rate: share of replicates with the flag = 1
4,proj_null_quad_n500,null,,500,all,500,flag.stk_diag,,0,,,,0,,flag rate: share of replicates with the flag = 1
4,proj_null_quad_n500,null,,500,all,500,flag.rivals_run,,1,,,,0,,flag rate: share of replicates with the flag = 1
4,proj_null_quad_n500,null,,500,all,500,flag.degenerate,,0,,,,0,,flag rate: share of replicates with the flag = 1
4,proj_null_quad_n500,null,,500,all,500,flag.info_guard,,0,,,,0,,flag rate: share of replicates with the flag = 1
4,proj_null_quad_n500,null,,500,all,500,flag.rep_error,,0,,,,0,,flag rate: share of replicates with the flag = 1
4,proj_null_quad_n500,null,,500,all,500,EDGE.poly3.u.G10,0.01,0.008,0.0039839678713564,,,0,0.008,""
4,proj_null_quad_n500,null,,500,all,500,EDGE.poly3.u.G10,0.05,0.05,0.00974679434480896,,,0,0.05,""
4,proj_null_quad_n500,null,,500,all,500,EDGE.poly3.u.G10,0.1,0.098,0.0132963152790538,,,0,0.098,""
4,proj_null_quad_n500,null,,500,all,500,EDGE.poly3.sc.G10,0.01,0.002,0.00199799899899875,,,0,0.002,""
4,proj_null_quad_n500,null,,500,all,500,EDGE.poly3.sc.G10,0.05,0.038,0.00855055553750749,,,0,0.038,""
4,proj_null_quad_n500,null,,500,all,500,EDGE.poly3.sc.G10,0.1,0.084,0.0124051602166195,,,0,0.084,""
4,proj_null_quad_n500,null,,500,all,500,EDGE.poly2.u.G10,0.01,0.008,0.0039839678713564,,,0,0.008,""
4,proj_null_quad_n500,null,,500,all,500,EDGE.poly2.u.G10,0.05,0.054,0.0101078187557949,,,0,0.054,""
4,proj_null_quad_n500,null,,500,all,500,EDGE.poly2.u.G10,0.1,0.096,0.0131745208641529,,,0,0.096,""
4,proj_null_quad_n500,null,,500,all,500,EDGE.poly2.sc.G10,0.01,0.004,0.00282276460230038,,,0,0.004,""
4,proj_null_quad_n500,null,,500,all,500,EDGE.poly2.sc.G10,0.05,0.046,0.00936845771725528,,,0,0.046,""
4,proj_null_quad_n500,null,,500,all,500,EDGE.poly2.sc.G10,0.1,0.086,0.0125382614424808,,,0,0.086,""
4,proj_null_quad_n500,null,,500,all,500,EDGE.stk.u.G10,0.01,0.01,0.0044497190922574,,,0,0.01,""
4,proj_null_quad_n500,null,,500,all,500,EDGE.stk.u.G10,0.05,0.044,0.00917213170424411,,,0,0.044,""
4,proj_null_quad_n500,null,,500,all,500,EDGE.stk.u.G10,0.1,0.092,0.01292563344676,,,0,0.092,""
4,proj_null_quad_n500,null,,500,all,500,EDGE.stk.sc.G10,0.01,0.002,0.00199799899899875,,,0,0.002,""
4,proj_null_quad_n500,null,,500,all,500,EDGE.stk.sc.G10,0.05,0.04,0.00876356092008266,,,0,0.04,""
4,proj_null_quad_n500,null,,500,all,500,EDGE.stk.sc.G10,0.1,0.086,0.0125382614424808,,,0,0.086,""
4,proj_null_quad_n500,null,,500,all,500,EDGE.sym.u.G10,0.01,0.01,0.0044497190922574,,,0,0.01,""
4,proj_null_quad_n500,null,,500,all,500,EDGE.sym.u.G10,0.05,0.042,0.00897061870775924,,,0,0.042,""
4,proj_null_quad_n500,null,,500,all,500,EDGE.sym.u.G10,0.1,0.086,0.0125382614424808,,,0,0.086,""
4,proj_null_quad_n500,null,,500,all,500,EDGE.sym.sc.G10,0.01,0.008,0.0039839678713564,,,0,0.008,""
4,proj_null_quad_n500,null,,500,all,500,EDGE.sym.sc.G10,0.05,0.05,0.00974679434480896,,,0,0.05,""
4,proj_null_quad_n500,null,,500,all,500,EDGE.sym.sc.G10,0.1,0.082,0.0122699633251286,,,0,0.082,""
4,proj_null_quad_n500,null,,500,all,500,EDGE.poly3.u.Grule,0.01,0.01,0.0044497190922574,,,0,0.01,""
4,proj_null_quad_n500,null,,500,all,500,EDGE.poly3.u.Grule,0.05,0.044,0.00917213170424411,,,0,0.044,""
4,proj_null_quad_n500,null,,500,all,500,EDGE.poly3.u.Grule,0.1,0.088,0.0126693330526907,,,0,0.088,""
4,proj_null_quad_n500,null,,500,all,500,EDGE.poly3.sc.Grule,0.01,0.008,0.0039839678713564,,,0,0.008,""
4,proj_null_quad_n500,null,,500,all,500,EDGE.poly3.sc.Grule,0.05,0.04,0.00876356092008266,,,0,0.04,""
4,proj_null_quad_n500,null,,500,all,500,EDGE.poly3.sc.Grule,0.1,0.076,0.0118510759005248,,,0,0.076,""
4,proj_null_quad_n500,null,,500,all,500,EDGE.poly2.u.Grule,0.01,0.006,0.00345369367489359,,,0,0.006,""
4,proj_null_quad_n500,null,,500,all,500,EDGE.poly2.u.Grule,0.05,0.056,0.0102824121683582,,,0,0.056,""
4,proj_null_quad_n500,null,,500,all,500,EDGE.poly2.u.Grule,0.1,0.104,0.013651666564929,,,0,0.104,""
4,proj_null_quad_n500,null,,500,all,500,EDGE.poly2.sc.Grule,0.01,0.012,0.00486949689393062,,,0,0.012,""
4,proj_null_quad_n500,null,,500,all,500,EDGE.poly2.sc.Grule,0.05,0.04,0.00876356092008266,,,0,0.04,""
4,proj_null_quad_n500,null,,500,all,500,EDGE.poly2.sc.Grule,0.1,0.096,0.0131745208641529,,,0,0.096,""
4,proj_null_quad_n500,null,,500,all,500,EDGE.stk.u.Grule,0.01,0.006,0.00345369367489359,,,0,0.006,""
4,proj_null_quad_n500,null,,500,all,500,EDGE.stk.u.Grule,0.05,0.04,0.00876356092008266,,,0,0.04,""
4,proj_null_quad_n500,null,,500,all,500,EDGE.stk.u.Grule,0.1,0.092,0.01292563344676,,,0,0.092,""
4,proj_null_quad_n500,null,,500,all,500,EDGE.stk.sc.Grule,0.01,0.01,0.0044497190922574,,,0,0.01,""
4,proj_null_quad_n500,null,,500,all,500,EDGE.stk.sc.Grule,0.05,0.044,0.00917213170424411,,,0,0.044,""
4,proj_null_quad_n500,null,,500,all,500,EDGE.stk.sc.Grule,0.1,0.09,0.0127984374046209,,,0,0.09,""
4,proj_null_quad_n500,null,,500,all,500,EDGE.sym.u.Grule,0.01,0.006,0.00345369367489359,,,0,0.006,""
4,proj_null_quad_n500,null,,500,all,500,EDGE.sym.u.Grule,0.05,0.048,0.00955991631762538,,,0,0.048,""
4,proj_null_quad_n500,null,,500,all,500,EDGE.sym.u.Grule,0.1,0.094,0.0130509769749241,,,0,0.094,""
4,proj_null_quad_n500,null,,500,all,500,EDGE.sym.sc.Grule,0.01,0.008,0.0039839678713564,,,0,0.008,""
4,proj_null_quad_n500,null,,500,all,500,EDGE.sym.sc.Grule,0.05,0.05,0.00974679434480896,,,0,0.05,""
4,proj_null_quad_n500,null,,500,all,500,EDGE.sym.sc.Grule,0.1,0.088,0.0126693330526907,,,0,0.088,""
4,proj_null_quad_n500,null,,500,all,500,HL.G10,0.01,0.008,0.0039839678713564,,,0,0.008,""
4,proj_null_quad_n500,null,,500,all,500,HL.G10,0.05,0.046,0.00936845771725528,,,0,0.046,""
4,proj_null_quad_n500,null,,500,all,500,HL.G10,0.1,0.086,0.0125382614424808,,,0,0.086,""
4,proj_null_quad_n500,null,,500,all,500,HL.Grule,0.01,0,0,,,0,0,""
4,proj_null_quad_n500,null,,500,all,500,HL.Grule,0.05,0.044,0.00917213170424411,,,0,0.044,""
4,proj_null_quad_n500,null,,500,all,500,HL.Grule,0.1,0.092,0.01292563344676,,,0,0.092,""
4,proj_null_quad_n500,null,,500,all,500,HLF.G10,0.01,0.008,0.0039839678713564,,,0,0.008,""
4,proj_null_quad_n500,null,,500,all,500,HLF.G10,0.05,0.05,0.00974679434480896,,,0,0.05,""
4,proj_null_quad_n500,null,,500,all,500,HLF.G10,0.1,0.086,0.0125382614424808,,,0,0.086,""
4,proj_null_quad_n500,null,,500,all,500,HLF.Grule,0.01,0,0,,,0,0,""
4,proj_null_quad_n500,null,,500,all,500,HLF.Grule,0.05,0.044,0.00917213170424411,,,0,0.044,""
4,proj_null_quad_n500,null,,500,all,500,HLF.Grule,0.1,0.096,0.0131745208641529,,,0,0.096,""
4,proj_null_quad_n500,null,,500,all,500,Stk.joint,0.01,0.008,0.0039839678713564,,,0,0.008,""
4,proj_null_quad_n500,null,,500,all,500,Stk.joint,0.05,0.044,0.00917213170424411,,,0,0.044,""
4,proj_null_quad_n500,null,,500,all,500,Stk.joint,0.1,0.09,0.0127984374046209,,,0,0.09,""
4,proj_null_quad_n500,null,,500,all,500,Stk.LR,0.01,0.006,0.00345369367489359,,,0,0.006,""
4,proj_null_quad_n500,null,,500,all,500,Stk.LR,0.05,0.042,0.00897061870775924,,,0,0.042,""
4,proj_null_quad_n500,null,,500,all,500,Stk.LR,0.1,0.094,0.0130509769749241,,,0,0.094,""
4,proj_null_quad_n500,null,,500,all,500,Stk.sym1,0.01,0.006,0.00345369367489359,,,0,0.006,""
4,proj_null_quad_n500,null,,500,all,500,Stk.sym1,0.05,0.042,0.00897061870775924,,,0,0.042,""
4,proj_null_quad_n500,null,,500,all,500,Stk.sym1,0.1,0.082,0.0122699633251286,,,0,0.082,""
4,proj_null_quad_n500,null,,500,all,500,Stk.marg,0.01,0.016,0.00561141693336006,,,0,0.016,""
4,proj_null_quad_n500,null,,500,all,500,Stk.marg,0.05,0.072,0.0115599307956406,,,0,0.072,""
4,proj_null_quad_n500,null,,500,all,500,Stk.marg,0.1,0.112,0.014103616557465,,,0,0.112,""
4,proj_null_quad_n500,null,,500,all,500,GiViTI,0.01,0.012,0.00486949689393062,,,0,0.012,""
4,proj_null_quad_n500,null,,500,all,500,GiViTI,0.05,0.052,0.00992935043192655,,,0,0.052,""
4,proj_null_quad_n500,null,,500,all,500,GiViTI,0.1,0.104,0.013651666564929,,,0,0.104,""
4,proj_null_quad_n500,null,,500,all,500,GiViTI.t50,0.01,0.012,0.00486949689393062,,,0,0.012,""
4,proj_null_quad_n500,null,,500,all,500,GiViTI.t50,0.05,0.058,0.0104533248299285,,,0,0.058,""
4,proj_null_quad_n500,null,,500,all,500,GiViTI.t50,0.1,0.106,0.0137669168661687,,,0,0.106,""
4,proj_null_quad_n500,null,,500,all,500,Cubic.LR,0.01,0.008,0.0039839678713564,,,0,0.008,""
4,proj_null_quad_n500,null,,500,all,500,Cubic.LR,0.05,0.044,0.00917213170424411,,,0,0.044,""
4,proj_null_quad_n500,null,,500,all,500,Cubic.LR,0.1,0.088,0.0126693330526907,,,0,0.088,""
4,proj_null_quad_n500,null,,500,all,500,HL_w,0.01,0.01,0.0044497190922574,,,0,0.01,""
4,proj_null_quad_n500,null,,500,all,500,HL_w,0.05,0.044,0.00917213170424411,,,0,0.044,""
4,proj_null_quad_n500,null,,500,all,500,HL_w,0.1,0.09,0.0127984374046209,,,0,0.09,""
4,proj_null_quad_n500,null,,500,all,500,PH,0.01,0.006,0.00345369367489359,,,0,0.006,""
4,proj_null_quad_n500,null,,500,all,500,PH,0.05,0.036,0.0083311463797007,,,0,0.036,""
4,proj_null_quad_n500,null,,500,all,500,PH,0.1,0.064,0.0109456840809517,,,0,0.064,""
4,proj_null_quad_n500,null,,500,all,500,Tsiatis,0.01,0,0,,,0,0,""
4,proj_null_quad_n500,null,,500,all,500,Tsiatis,0.05,0.034,0.00810481338464989,,,0,0.034,""
4,proj_null_quad_n500,null,,500,all,500,Tsiatis,0.1,0.094,0.0130509769749241,,,0,0.094,""
4,proj_null_quad_n500,null,,500,all,500,Xie,0.01,0.008,0.0039839678713564,,,0,0.008,""
4,proj_null_quad_n500,null,,500,all,500,Xie,0.05,0.042,0.00897061870775924,,,0,0.042,""
4,proj_null_quad_n500,null,,500,all,500,Xie,0.1,0.08,0.0121326007104825,,,0,0.08,""
4,proj_null_quad_n500,null,,500,all,500,PR,0.01,0,0,,,1,,no p-value in any replicate
4,proj_null_quad_n500,null,,500,all,500,PR,0.05,0,0,,,1,,no p-value in any replicate
4,proj_null_quad_n500,null,,500,all,500,PR,0.1,0,0,,,1,,no p-value in any replicate
4,proj_null_quad_n500,null,,500,all,500,proj,0.01,0.008,0.0039839678713564,,,0,0.008,""
4,proj_null_quad_n500,null,,500,all,500,proj,0.05,0.044,0.00917213170424411,,,0,0.044,""
4,proj_null_quad_n500,null,,500,all,500,proj,0.1,0.104,0.013651666564929,,,0,0.104,""
4,proj_null_quad_n1000,null,,1000,all,500,flag.evlt.G10,,0,,,,0,,flag rate: share of replicates with the flag = 1
4,proj_null_quad_n1000,null,,1000,all,500,flag.evlt.Grule,,0,,,,0,,flag rate: share of replicates with the flag = 1
4,proj_null_quad_n1000,null,,1000,all,500,flag.stk_half0,,0,,,,0,,flag rate: share of replicates with the flag = 1
4,proj_null_quad_n1000,null,,1000,all,500,flag.stk_diag,,0,,,,0,,flag rate: share of replicates with the flag = 1
4,proj_null_quad_n1000,null,,1000,all,500,flag.rivals_run,,1,,,,0,,flag rate: share of replicates with the flag = 1
4,proj_null_quad_n1000,null,,1000,all,500,flag.degenerate,,0,,,,0,,flag rate: share of replicates with the flag = 1
4,proj_null_quad_n1000,null,,1000,all,500,flag.info_guard,,0,,,,0,,flag rate: share of replicates with the flag = 1
4,proj_null_quad_n1000,null,,1000,all,500,flag.rep_error,,0,,,,0,,flag rate: share of replicates with the flag = 1
4,proj_null_quad_n1000,null,,1000,all,500,EDGE.poly3.u.G10,0.01,0.006,0.00345369367489359,,,0,0.006,""
4,proj_null_quad_n1000,null,,1000,all,500,EDGE.poly3.u.G10,0.05,0.052,0.00992935043192655,,,0,0.052,""
4,proj_null_quad_n1000,null,,1000,all,500,EDGE.poly3.u.G10,0.1,0.112,0.014103616557465,,,0,0.112,""
4,proj_null_quad_n1000,null,,1000,all,500,EDGE.poly3.sc.G10,0.01,0.006,0.00345369367489359,,,0,0.006,""
4,proj_null_quad_n1000,null,,1000,all,500,EDGE.poly3.sc.G10,0.05,0.044,0.00917213170424411,,,0,0.044,""
4,proj_null_quad_n1000,null,,1000,all,500,EDGE.poly3.sc.G10,0.1,0.1,0.0134164078649987,,,0,0.1,""
4,proj_null_quad_n1000,null,,1000,all,500,EDGE.poly2.u.G10,0.01,0.01,0.0044497190922574,,,0,0.01,""
4,proj_null_quad_n1000,null,,1000,all,500,EDGE.poly2.u.G10,0.05,0.06,0.0106207344378814,,,0,0.06,""
4,proj_null_quad_n1000,null,,1000,all,500,EDGE.poly2.u.G10,0.1,0.124,0.0147393351274744,,,0,0.124,""
4,proj_null_quad_n1000,null,,1000,all,500,EDGE.poly2.sc.G10,0.01,0.006,0.00345369367489359,,,0,0.006,""
4,proj_null_quad_n1000,null,,1000,all,500,EDGE.poly2.sc.G10,0.05,0.054,0.0101078187557949,,,0,0.054,""
4,proj_null_quad_n1000,null,,1000,all,500,EDGE.poly2.sc.G10,0.1,0.096,0.0131745208641529,,,0,0.096,""
4,proj_null_quad_n1000,null,,1000,all,500,EDGE.stk.u.G10,0.01,0.01,0.0044497190922574,,,0,0.01,""
4,proj_null_quad_n1000,null,,1000,all,500,EDGE.stk.u.G10,0.05,0.04,0.00876356092008266,,,0,0.04,""
4,proj_null_quad_n1000,null,,1000,all,500,EDGE.stk.u.G10,0.1,0.09,0.0127984374046209,,,0,0.09,""
4,proj_null_quad_n1000,null,,1000,all,500,EDGE.stk.sc.G10,0.01,0.006,0.00345369367489359,,,0,0.006,""
4,proj_null_quad_n1000,null,,1000,all,500,EDGE.stk.sc.G10,0.05,0.044,0.00917213170424411,,,0,0.044,""
4,proj_null_quad_n1000,null,,1000,all,500,EDGE.stk.sc.G10,0.1,0.1,0.0134164078649987,,,0,0.1,""
4,proj_null_quad_n1000,null,,1000,all,500,EDGE.sym.u.G10,0.01,0.01,0.0044497190922574,,,0,0.01,""
4,proj_null_quad_n1000,null,,1000,all,500,EDGE.sym.u.G10,0.05,0.048,0.00955991631762538,,,0,0.048,""
4,proj_null_quad_n1000,null,,1000,all,500,EDGE.sym.u.G10,0.1,0.086,0.0125382614424808,,,0,0.086,""
4,proj_null_quad_n1000,null,,1000,all,500,EDGE.sym.sc.G10,0.01,0.01,0.0044497190922574,,,0,0.01,""
4,proj_null_quad_n1000,null,,1000,all,500,EDGE.sym.sc.G10,0.05,0.05,0.00974679434480896,,,0,0.05,""
4,proj_null_quad_n1000,null,,1000,all,500,EDGE.sym.sc.G10,0.1,0.086,0.0125382614424808,,,0,0.086,""
4,proj_null_quad_n1000,null,,1000,all,500,EDGE.poly3.u.Grule,0.01,0.004,0.00282276460230038,,,0,0.004,""
4,proj_null_quad_n1000,null,,1000,all,500,EDGE.poly3.u.Grule,0.05,0.054,0.0101078187557949,,,0,0.054,""
4,proj_null_quad_n1000,null,,1000,all,500,EDGE.poly3.u.Grule,0.1,0.108,0.0138806339912844,,,0,0.108,""
4,proj_null_quad_n1000,null,,1000,all,500,EDGE.poly3.sc.Grule,0.01,0.006,0.00345369367489359,,,0,0.006,""
4,proj_null_quad_n1000,null,,1000,all,500,EDGE.poly3.sc.Grule,0.05,0.04,0.00876356092008266,,,0,0.04,""
4,proj_null_quad_n1000,null,,1000,all,500,EDGE.poly3.sc.Grule,0.1,0.104,0.013651666564929,,,0,0.104,""
4,proj_null_quad_n1000,null,,1000,all,500,EDGE.poly2.u.Grule,0.01,0.012,0.00486949689393062,,,0,0.012,""
4,proj_null_quad_n1000,null,,1000,all,500,EDGE.poly2.u.Grule,0.05,0.064,0.0109456840809517,,,0,0.064,""
4,proj_null_quad_n1000,null,,1000,all,500,EDGE.poly2.u.Grule,0.1,0.11,0.0139928553197694,,,0,0.11,""
4,proj_null_quad_n1000,null,,1000,all,500,EDGE.poly2.sc.Grule,0.01,0.002,0.00199799899899875,,,0,0.002,""
4,proj_null_quad_n1000,null,,1000,all,500,EDGE.poly2.sc.Grule,0.05,0.052,0.00992935043192655,,,0,0.052,""
4,proj_null_quad_n1000,null,,1000,all,500,EDGE.poly2.sc.Grule,0.1,0.106,0.0137669168661687,,,0,0.106,""
4,proj_null_quad_n1000,null,,1000,all,500,EDGE.stk.u.Grule,0.01,0.006,0.00345369367489359,,,0,0.006,""
4,proj_null_quad_n1000,null,,1000,all,500,EDGE.stk.u.Grule,0.05,0.04,0.00876356092008266,,,0,0.04,""
4,proj_null_quad_n1000,null,,1000,all,500,EDGE.stk.u.Grule,0.1,0.096,0.0131745208641529,,,0,0.096,""
4,proj_null_quad_n1000,null,,1000,all,500,EDGE.stk.sc.Grule,0.01,0.006,0.00345369367489359,,,0,0.006,""
4,proj_null_quad_n1000,null,,1000,all,500,EDGE.stk.sc.Grule,0.05,0.048,0.00955991631762538,,,0,0.048,""
4,proj_null_quad_n1000,null,,1000,all,500,EDGE.stk.sc.Grule,0.1,0.114,0.0142129518397833,,,0,0.114,""
4,proj_null_quad_n1000,null,,1000,all,500,EDGE.sym.u.Grule,0.01,0.008,0.0039839678713564,,,0,0.008,""
4,proj_null_quad_n1000,null,,1000,all,500,EDGE.sym.u.Grule,0.05,0.034,0.00810481338464989,,,0,0.034,""
4,proj_null_quad_n1000,null,,1000,all,500,EDGE.sym.u.Grule,0.1,0.088,0.0126693330526907,,,0,0.088,""
4,proj_null_quad_n1000,null,,1000,all,500,EDGE.sym.sc.Grule,0.01,0.008,0.0039839678713564,,,0,0.008,""
4,proj_null_quad_n1000,null,,1000,all,500,EDGE.sym.sc.Grule,0.05,0.036,0.0083311463797007,,,0,0.036,""
4,proj_null_quad_n1000,null,,1000,all,500,EDGE.sym.sc.Grule,0.1,0.086,0.0125382614424808,,,0,0.086,""
4,proj_null_quad_n1000,null,,1000,all,500,HL.G10,0.01,0.012,0.00486949689393062,,,0,0.012,""
4,proj_null_quad_n1000,null,,1000,all,500,HL.G10,0.05,0.054,0.0101078187557949,,,0,0.054,""
4,proj_null_quad_n1000,null,,1000,all,500,HL.G10,0.1,0.106,0.0137669168661687,,,0,0.106,""
4,proj_null_quad_n1000,null,,1000,all,500,HL.Grule,0.01,0.014,0.00525433154644813,,,0,0.014,""
4,proj_null_quad_n1000,null,,1000,all,500,HL.Grule,0.05,0.05,0.00974679434480896,,,0,0.05,""
4,proj_null_quad_n1000,null,,1000,all,500,HL.Grule,0.1,0.09,0.0127984374046209,,,0,0.09,""
4,proj_null_quad_n1000,null,,1000,all,500,HLF.G10,0.01,0.012,0.00486949689393062,,,0,0.012,""
4,proj_null_quad_n1000,null,,1000,all,500,HLF.G10,0.05,0.054,0.0101078187557949,,,0,0.054,""
4,proj_null_quad_n1000,null,,1000,all,500,HLF.G10,0.1,0.106,0.0137669168661687,,,0,0.106,""
4,proj_null_quad_n1000,null,,1000,all,500,HLF.Grule,0.01,0.01,0.0044497190922574,,,0,0.01,""
4,proj_null_quad_n1000,null,,1000,all,500,HLF.Grule,0.05,0.05,0.00974679434480896,,,0,0.05,""
4,proj_null_quad_n1000,null,,1000,all,500,HLF.Grule,0.1,0.09,0.0127984374046209,,,0,0.09,""
4,proj_null_quad_n1000,null,,1000,all,500,Stk.joint,0.01,0.006,0.00345369367489359,,,0,0.006,""
4,proj_null_quad_n1000,null,,1000,all,500,Stk.joint,0.05,0.052,0.00992935043192655,,,0,0.052,""
4,proj_null_quad_n1000,null,,1000,all,500,Stk.joint,0.1,0.114,0.0142129518397833,,,0,0.114,""
4,proj_null_quad_n1000,null,,1000,all,500,Stk.LR,0.01,0.004,0.00282276460230038,,,0,0.004,""
4,proj_null_quad_n1000,null,,1000,all,500,Stk.LR,0.05,0.05,0.00974679434480896,,,0,0.05,""
4,proj_null_quad_n1000,null,,1000,all,500,Stk.LR,0.1,0.114,0.0142129518397833,,,0,0.114,""
4,proj_null_quad_n1000,null,,1000,all,500,Stk.sym1,0.01,0.006,0.00345369367489359,,,0,0.006,""
4,proj_null_quad_n1000,null,,1000,all,500,Stk.sym1,0.05,0.034,0.00810481338464989,,,0,0.034,""
4,proj_null_quad_n1000,null,,1000,all,500,Stk.sym1,0.1,0.09,0.0127984374046209,,,0,0.09,""
4,proj_null_quad_n1000,null,,1000,all,500,Stk.marg,0.01,0.028,0.00737780455149091,,,0,0.028,""
4,proj_null_quad_n1000,null,,1000,all,500,Stk.marg,0.05,0.09,0.0127984374046209,,,0,0.09,""
4,proj_null_quad_n1000,null,,1000,all,500,Stk.marg,0.1,0.126,0.0148407546977908,,,0,0.126,""
4,proj_null_quad_n1000,null,,1000,all,500,GiViTI,0.01,0.01,0.0044497190922574,,,0,0.01,""
4,proj_null_quad_n1000,null,,1000,all,500,GiViTI,0.05,0.07,0.0114105214604767,,,0,0.07,""
4,proj_null_quad_n1000,null,,1000,all,500,GiViTI,0.1,0.108,0.0138806339912844,,,0,0.108,""
4,proj_null_quad_n1000,null,,1000,all,500,GiViTI.t50,0.01,0.004,0.00282276460230038,,,0,0.004,""
4,proj_null_quad_n1000,null,,1000,all,500,GiViTI.t50,0.05,0.042,0.00897061870775924,,,0,0.042,""
4,proj_null_quad_n1000,null,,1000,all,500,GiViTI.t50,0.1,0.09,0.0127984374046209,,,0,0.09,""
4,proj_null_quad_n1000,null,,1000,all,500,Cubic.LR,0.01,0.002,0.00199799899899875,,,0,0.002,""
4,proj_null_quad_n1000,null,,1000,all,500,Cubic.LR,0.05,0.058,0.0104533248299285,,,0,0.058,""
4,proj_null_quad_n1000,null,,1000,all,500,Cubic.LR,0.1,0.112,0.014103616557465,,,0,0.112,""
4,proj_null_quad_n1000,null,,1000,all,500,HL_w,0.01,0.016,0.00561141693336006,,,0,0.016,""
4,proj_null_quad_n1000,null,,1000,all,500,HL_w,0.05,0.056,0.0102824121683582,,,0,0.056,""
4,proj_null_quad_n1000,null,,1000,all,500,HL_w,0.1,0.1,0.0134164078649987,,,0,0.1,""
4,proj_null_quad_n1000,null,,1000,all,500,PH,0.01,0.01,0.0044497190922574,,,0,0.01,""
4,proj_null_quad_n1000,null,,1000,all,500,PH,0.05,0.032,0.00787095928079926,,,0,0.032,""
4,proj_null_quad_n1000,null,,1000,all,500,PH,0.1,0.07,0.0114105214604767,,,0,0.07,""
4,proj_null_quad_n1000,null,,1000,all,500,Tsiatis,0.01,0.012,0.00486949689393062,,,0,0.012,""
4,proj_null_quad_n1000,null,,1000,all,500,Tsiatis,0.05,0.046,0.00936845771725528,,,0,0.046,""
4,proj_null_quad_n1000,null,,1000,all,500,Tsiatis,0.1,0.112,0.014103616557465,,,0,0.112,""
4,proj_null_quad_n1000,null,,1000,all,500,Xie,0.01,0.004,0.00282276460230038,,,0,0.004,""
4,proj_null_quad_n1000,null,,1000,all,500,Xie,0.05,0.028,0.00737780455149091,,,0,0.028,""
4,proj_null_quad_n1000,null,,1000,all,500,Xie,0.1,0.078,0.0119929979571415,,,0,0.078,""
4,proj_null_quad_n1000,null,,1000,all,500,PR,0.01,0,0,,,1,,no p-value in any replicate
4,proj_null_quad_n1000,null,,1000,all,500,PR,0.05,0,0,,,1,,no p-value in any replicate
4,proj_null_quad_n1000,null,,1000,all,500,PR,0.1,0,0,,,1,,no p-value in any replicate
4,proj_null_quad_n1000,null,,1000,all,500,proj,0.01,0.012,0.00486949689393062,,,0,0.012,""
4,proj_null_quad_n1000,null,,1000,all,500,proj,0.05,0.056,0.0102824121683582,,,0,0.056,""
4,proj_null_quad_n1000,null,,1000,all,500,proj,0.1,0.114,0.0142129518397833,,,0,0.114,""
4,proj_null_link_n500,null,,500,all,500,flag.evlt.G10,,0,,,,0,,flag rate: share of replicates with the flag = 1
4,proj_null_link_n500,null,,500,all,500,flag.evlt.Grule,,0,,,,0,,flag rate: share of replicates with the flag = 1
4,proj_null_link_n500,null,,500,all,500,flag.stk_half0,,0,,,,0,,flag rate: share of replicates with the flag = 1
4,proj_null_link_n500,null,,500,all,500,flag.stk_diag,,0,,,,0,,flag rate: share of replicates with the flag = 1
4,proj_null_link_n500,null,,500,all,500,flag.rivals_run,,1,,,,0,,flag rate: share of replicates with the flag = 1
4,proj_null_link_n500,null,,500,all,500,flag.degenerate,,0,,,,0,,flag rate: share of replicates with the flag = 1
4,proj_null_link_n500,null,,500,all,500,flag.info_guard,,0,,,,0,,flag rate: share of replicates with the flag = 1
4,proj_null_link_n500,null,,500,all,500,flag.rep_error,,0,,,,0,,flag rate: share of replicates with the flag = 1
4,proj_null_link_n500,null,,500,all,500,EDGE.poly3.u.G10,0.01,0.008,0.0039839678713564,,,0,0.008,""
4,proj_null_link_n500,null,,500,all,500,EDGE.poly3.u.G10,0.05,0.068,0.0112584190719657,,,0,0.068,""
4,proj_null_link_n500,null,,500,all,500,EDGE.poly3.u.G10,0.1,0.114,0.0142129518397833,,,0,0.114,""
4,proj_null_link_n500,null,,500,all,500,EDGE.poly3.sc.G10,0.01,0.008,0.0039839678713564,,,0,0.008,""
4,proj_null_link_n500,null,,500,all,500,EDGE.poly3.sc.G10,0.05,0.05,0.00974679434480896,,,0,0.05,""
4,proj_null_link_n500,null,,500,all,500,EDGE.poly3.sc.G10,0.1,0.112,0.014103616557465,,,0,0.112,""
4,proj_null_link_n500,null,,500,all,500,EDGE.poly2.u.G10,0.01,0.008,0.0039839678713564,,,0,0.008,""
4,proj_null_link_n500,null,,500,all,500,EDGE.poly2.u.G10,0.05,0.062,0.0107848041243223,,,0,0.062,""
4,proj_null_link_n500,null,,500,all,500,EDGE.poly2.u.G10,0.1,0.104,0.013651666564929,,,0,0.104,""
4,proj_null_link_n500,null,,500,all,500,EDGE.poly2.sc.G10,0.01,0.008,0.0039839678713564,,,0,0.008,""
4,proj_null_link_n500,null,,500,all,500,EDGE.poly2.sc.G10,0.05,0.052,0.00992935043192655,,,0,0.052,""
4,proj_null_link_n500,null,,500,all,500,EDGE.poly2.sc.G10,0.1,0.106,0.0137669168661687,,,0,0.106,""
4,proj_null_link_n500,null,,500,all,500,EDGE.stk.u.G10,0.01,0.008,0.0039839678713564,,,0,0.008,""
4,proj_null_link_n500,null,,500,all,500,EDGE.stk.u.G10,0.05,0.064,0.0109456840809517,,,0,0.064,""
4,proj_null_link_n500,null,,500,all,500,EDGE.stk.u.G10,0.1,0.102,0.0135348439222623,,,0,0.102,""
4,proj_null_link_n500,null,,500,all,500,EDGE.stk.sc.G10,0.01,0.008,0.0039839678713564,,,0,0.008,""
4,proj_null_link_n500,null,,500,all,500,EDGE.stk.sc.G10,0.05,0.052,0.00992935043192655,,,0,0.052,""
4,proj_null_link_n500,null,,500,all,500,EDGE.stk.sc.G10,0.1,0.102,0.0135348439222623,,,0,0.102,""
4,proj_null_link_n500,null,,500,all,500,EDGE.sym.u.G10,0.01,0.006,0.00345369367489359,,,0,0.006,""
4,proj_null_link_n500,null,,500,all,500,EDGE.sym.u.G10,0.05,0.058,0.0104533248299285,,,0,0.058,""
4,proj_null_link_n500,null,,500,all,500,EDGE.sym.u.G10,0.1,0.102,0.0135348439222623,,,0,0.102,""
4,proj_null_link_n500,null,,500,all,500,EDGE.sym.sc.G10,0.01,0.01,0.0044497190922574,,,0,0.01,""
4,proj_null_link_n500,null,,500,all,500,EDGE.sym.sc.G10,0.05,0.056,0.0102824121683582,,,0,0.056,""
4,proj_null_link_n500,null,,500,all,500,EDGE.sym.sc.G10,0.1,0.102,0.0135348439222623,,,0,0.102,""
4,proj_null_link_n500,null,,500,all,500,EDGE.poly3.u.Grule,0.01,0.014,0.00525433154644813,,,0,0.014,""
4,proj_null_link_n500,null,,500,all,500,EDGE.poly3.u.Grule,0.05,0.042,0.00897061870775924,,,0,0.042,""
4,proj_null_link_n500,null,,500,all,500,EDGE.poly3.u.Grule,0.1,0.124,0.0147393351274744,,,0,0.124,""
4,proj_null_link_n500,null,,500,all,500,EDGE.poly3.sc.Grule,0.01,0.004,0.00282276460230038,,,0,0.004,""
4,proj_null_link_n500,null,,500,all,500,EDGE.poly3.sc.Grule,0.05,0.056,0.0102824121683582,,,0,0.056,""
4,proj_null_link_n500,null,,500,all,500,EDGE.poly3.sc.Grule,0.1,0.11,0.0139928553197694,,,0,0.11,""
4,proj_null_link_n500,null,,500,all,500,EDGE.poly2.u.Grule,0.01,0.006,0.00345369367489359,,,0,0.006,""
4,proj_null_link_n500,null,,500,all,500,EDGE.poly2.u.Grule,0.05,0.058,0.0104533248299285,,,0,0.058,""
4,proj_null_link_n500,null,,500,all,500,EDGE.poly2.u.Grule,0.1,0.118,0.0144274737913468,,,0,0.118,""
4,proj_null_link_n500,null,,500,all,500,EDGE.poly2.sc.Grule,0.01,0.008,0.0039839678713564,,,0,0.008,""
4,proj_null_link_n500,null,,500,all,500,EDGE.poly2.sc.Grule,0.05,0.054,0.0101078187557949,,,0,0.054,""
4,proj_null_link_n500,null,,500,all,500,EDGE.poly2.sc.Grule,0.1,0.104,0.013651666564929,,,0,0.104,""
4,proj_null_link_n500,null,,500,all,500,EDGE.stk.u.Grule,0.01,0.01,0.0044497190922574,,,0,0.01,""
4,proj_null_link_n500,null,,500,all,500,EDGE.stk.u.Grule,0.05,0.044,0.00917213170424411,,,0,0.044,""
4,proj_null_link_n500,null,,500,all,500,EDGE.stk.u.Grule,0.1,0.108,0.0138806339912844,,,0,0.108,""
4,proj_null_link_n500,null,,500,all,500,EDGE.stk.sc.Grule,0.01,0.006,0.00345369367489359,,,0,0.006,""
4,proj_null_link_n500,null,,500,all,500,EDGE.stk.sc.Grule,0.05,0.056,0.0102824121683582,,,0,0.056,""
4,proj_null_link_n500,null,,500,all,500,EDGE.stk.sc.Grule,0.1,0.102,0.0135348439222623,,,0,0.102,""
4,proj_null_link_n500,null,,500,all,500,EDGE.sym.u.Grule,0.01,0.012,0.00486949689393062,,,0,0.012,""
4,proj_null_link_n500,null,,500,all,500,EDGE.sym.u.Grule,0.05,0.042,0.00897061870775924,,,0,0.042,""
4,proj_null_link_n500,null,,500,all,500,EDGE.sym.u.Grule,0.1,0.114,0.0142129518397833,,,0,0.114,""
4,proj_null_link_n500,null,,500,all,500,EDGE.sym.sc.Grule,0.01,0.01,0.0044497190922574,,,0,0.01,""
4,proj_null_link_n500,null,,500,all,500,EDGE.sym.sc.Grule,0.05,0.064,0.0109456840809517,,,0,0.064,""
4,proj_null_link_n500,null,,500,all,500,EDGE.sym.sc.Grule,0.1,0.13,0.0150399468084166,,,0,0.13,""
4,proj_null_link_n500,null,,500,all,500,HL.G10,0.01,0.01,0.0044497190922574,,,0,0.01,""
4,proj_null_link_n500,null,,500,all,500,HL.G10,0.05,0.05,0.00974679434480896,,,0,0.05,""
4,proj_null_link_n500,null,,500,all,500,HL.G10,0.1,0.088,0.0126693330526907,,,0,0.088,""
4,proj_null_link_n500,null,,500,all,500,HL.Grule,0.01,0.01,0.0044497190922574,,,0,0.01,""
4,proj_null_link_n500,null,,500,all,500,HL.Grule,0.05,0.04,0.00876356092008266,,,0,0.04,""
4,proj_null_link_n500,null,,500,all,500,HL.Grule,0.1,0.108,0.0138806339912844,,,0,0.108,""
4,proj_null_link_n500,null,,500,all,500,HLF.G10,0.01,0.012,0.00486949689393062,,,0,0.012,""
4,proj_null_link_n500,null,,500,all,500,HLF.G10,0.05,0.05,0.00974679434480896,,,0,0.05,""
4,proj_null_link_n500,null,,500,all,500,HLF.G10,0.1,0.088,0.0126693330526907,,,0,0.088,""
4,proj_null_link_n500,null,,500,all,500,HLF.Grule,0.01,0.01,0.0044497190922574,,,0,0.01,""
4,proj_null_link_n500,null,,500,all,500,HLF.Grule,0.05,0.042,0.00897061870775924,,,0,0.042,""
4,proj_null_link_n500,null,,500,all,500,HLF.Grule,0.1,0.106,0.0137669168661687,,,0,0.106,""
4,proj_null_link_n500,null,,500,all,500,Stk.joint,0.01,0.014,0.00525433154644813,,,0,0.014,""
4,proj_null_link_n500,null,,500,all,500,Stk.joint,0.05,0.046,0.00936845771725528,,,0,0.046,""
4,proj_null_link_n500,null,,500,all,500,Stk.joint,0.1,0.116,0.0143208938268531,,,0,0.116,""
4,proj_null_link_n500,null,,500,all,500,Stk.LR,0.01,0.01,0.0044497190922574,,,0,0.01,""
4,proj_null_link_n500,null,,500,all,500,Stk.LR,0.05,0.054,0.0101078187557949,,,0,0.054,""
4,proj_null_link_n500,null,,500,all,500,Stk.LR,0.1,0.122,0.0146366662871024,,,0,0.122,""
4,proj_null_link_n500,null,,500,all,500,Stk.sym1,0.01,0.008,0.0039839678713564,,,0,0.008,""
4,proj_null_link_n500,null,,500,all,500,Stk.sym1,0.05,0.048,0.00955991631762538,,,0,0.048,""
4,proj_null_link_n500,null,,500,all,500,Stk.sym1,0.1,0.114,0.0142129518397833,,,0,0.114,""
4,proj_null_link_n500,null,,500,all,500,Stk.marg,0.01,0.022,0.00655987804764692,,,0,0.022,""
4,proj_null_link_n500,null,,500,all,500,Stk.marg,0.05,0.086,0.0125382614424808,,,0,0.086,""
4,proj_null_link_n500,null,,500,all,500,Stk.marg,0.1,0.132,0.0151377673386798,,,0,0.132,""
4,proj_null_link_n500,null,,500,all,500,GiViTI,0.01,0.01,0.0044497190922574,,,0,0.01,""
4,proj_null_link_n500,null,,500,all,500,GiViTI,0.05,0.056,0.0102824121683582,,,0,0.056,""
4,proj_null_link_n500,null,,500,all,500,GiViTI,0.1,0.118,0.0144274737913468,,,0,0.118,""
4,proj_null_link_n500,null,,500,all,500,GiViTI.t50,0.01,0.012,0.00486949689393062,,,0,0.012,""
4,proj_null_link_n500,null,,500,all,500,GiViTI.t50,0.05,0.046,0.00936845771725528,,,0,0.046,""
4,proj_null_link_n500,null,,500,all,500,GiViTI.t50,0.1,0.102,0.0135348439222623,,,0,0.102,""
4,proj_null_link_n500,null,,500,all,500,Cubic.LR,0.01,0.008,0.0039839678713564,,,0,0.008,""
4,proj_null_link_n500,null,,500,all,500,Cubic.LR,0.05,0.038,0.00855055553750749,,,0,0.038,""
4,proj_null_link_n500,null,,500,all,500,Cubic.LR,0.1,0.098,0.0132963152790538,,,0,0.098,""
4,proj_null_link_n500,null,,500,all,500,HL_w,0.01,0.01,0.0044497190922574,,,0,0.01,""
4,proj_null_link_n500,null,,500,all,500,HL_w,0.05,0.046,0.00936845771725528,,,0,0.046,""
4,proj_null_link_n500,null,,500,all,500,HL_w,0.1,0.09,0.0127984374046209,,,0,0.09,""
4,proj_null_link_n500,null,,500,all,500,PH,0.01,0.004,0.00282276460230038,,,0,0.004,""
4,proj_null_link_n500,null,,500,all,500,PH,0.05,0.026,0.00711674082709213,,,0,0.026,""
4,proj_null_link_n500,null,,500,all,500,PH,0.1,0.066,0.0111035129576184,,,0,0.066,""
4,proj_null_link_n500,null,,500,all,500,Tsiatis,0.01,0.012,0.00486949689393062,,,0,0.012,""
4,proj_null_link_n500,null,,500,all,500,Tsiatis,0.05,0.044,0.00917213170424411,,,0,0.044,""
4,proj_null_link_n500,null,,500,all,500,Tsiatis,0.1,0.092,0.01292563344676,,,0,0.092,""
4,proj_null_link_n500,null,,500,all,500,Xie,0.01,0.006,0.00345369367489359,,,0,0.006,""
4,proj_null_link_n500,null,,500,all,500,Xie,0.05,0.036,0.0083311463797007,,,0,0.036,""
4,proj_null_link_n500,null,,500,all,500,Xie,0.1,0.09,0.0127984374046209,,,0,0.09,""
4,proj_null_link_n500,null,,500,all,500,PR,0.01,0.01,0.0044497190922574,,,0,0.01,""
4,proj_null_link_n500,null,,500,all,500,PR,0.05,0.068,0.0112584190719657,,,0,0.068,""
4,proj_null_link_n500,null,,500,all,500,PR,0.1,0.124,0.0147393351274744,,,0,0.124,""
4,proj_null_link_n500,null,,500,all,500,proj,0.01,0.018,0.005945754788082,,,0,0.018,""
4,proj_null_link_n500,null,,500,all,500,proj,0.05,0.068,0.0112584190719657,,,0,0.068,""
4,proj_null_link_n500,null,,500,all,500,proj,0.1,0.132,0.0151377673386798,,,0,0.132,""
4,proj_null_link_n1000,null,,1000,all,500,flag.evlt.G10,,0,,,,0,,flag rate: share of replicates with the flag = 1
4,proj_null_link_n1000,null,,1000,all,500,flag.evlt.Grule,,0,,,,0,,flag rate: share of replicates with the flag = 1
4,proj_null_link_n1000,null,,1000,all,500,flag.stk_half0,,0,,,,0,,flag rate: share of replicates with the flag = 1
4,proj_null_link_n1000,null,,1000,all,500,flag.stk_diag,,0,,,,0,,flag rate: share of replicates with the flag = 1
4,proj_null_link_n1000,null,,1000,all,500,flag.rivals_run,,1,,,,0,,flag rate: share of replicates with the flag = 1
4,proj_null_link_n1000,null,,1000,all,500,flag.degenerate,,0,,,,0,,flag rate: share of replicates with the flag = 1
4,proj_null_link_n1000,null,,1000,all,500,flag.info_guard,,0,,,,0,,flag rate: share of replicates with the flag = 1
4,proj_null_link_n1000,null,,1000,all,500,flag.rep_error,,0,,,,0,,flag rate: share of replicates with the flag = 1
4,proj_null_link_n1000,null,,1000,all,500,EDGE.poly3.u.G10,0.01,0.006,0.00345369367489359,,,0,0.006,""
4,proj_null_link_n1000,null,,1000,all,500,EDGE.poly3.u.G10,0.05,0.042,0.00897061870775924,,,0,0.042,""
4,proj_null_link_n1000,null,,1000,all,500,EDGE.poly3.u.G10,0.1,0.082,0.0122699633251286,,,0,0.082,""
4,proj_null_link_n1000,null,,1000,all,500,EDGE.poly3.sc.G10,0.01,0.004,0.00282276460230038,,,0,0.004,""
4,proj_null_link_n1000,null,,1000,all,500,EDGE.poly3.sc.G10,0.05,0.046,0.00936845771725528,,,0,0.046,""
4,proj_null_link_n1000,null,,1000,all,500,EDGE.poly3.sc.G10,0.1,0.094,0.0130509769749241,,,0,0.094,""
4,proj_null_link_n1000,null,,1000,all,500,EDGE.poly2.u.G10,0.01,0.008,0.0039839678713564,,,0,0.008,""
4,proj_null_link_n1000,null,,1000,all,500,EDGE.poly2.u.G10,0.05,0.036,0.0083311463797007,,,0,0.036,""
4,proj_null_link_n1000,null,,1000,all,500,EDGE.poly2.u.G10,0.1,0.092,0.01292563344676,,,0,0.092,""
4,proj_null_link_n1000,null,,1000,all,500,EDGE.poly2.sc.G10,0.01,0.006,0.00345369367489359,,,0,0.006,""
4,proj_null_link_n1000,null,,1000,all,500,EDGE.poly2.sc.G10,0.05,0.04,0.00876356092008266,,,0,0.04,""
4,proj_null_link_n1000,null,,1000,all,500,EDGE.poly2.sc.G10,0.1,0.1,0.0134164078649987,,,0,0.1,""
4,proj_null_link_n1000,null,,1000,all,500,EDGE.stk.u.G10,0.01,0.004,0.00282276460230038,,,0,0.004,""
4,proj_null_link_n1000,null,,1000,all,500,EDGE.stk.u.G10,0.05,0.048,0.00955991631762538,,,0,0.048,""
4,proj_null_link_n1000,null,,1000,all,500,EDGE.stk.u.G10,0.1,0.074,0.0117067501895274,,,0,0.074,""
4,proj_null_link_n1000,null,,1000,all,500,EDGE.stk.sc.G10,0.01,0.006,0.00345369367489359,,,0,0.006,""
4,proj_null_link_n1000,null,,1000,all,500,EDGE.stk.sc.G10,0.05,0.046,0.00936845771725528,,,0,0.046,""
4,proj_null_link_n1000,null,,1000,all,500,EDGE.stk.sc.G10,0.1,0.096,0.0131745208641529,,,0,0.096,""
4,proj_null_link_n1000,null,,1000,all,500,EDGE.sym.u.G10,0.01,0.004,0.00282276460230038,,,0,0.004,""
4,proj_null_link_n1000,null,,1000,all,500,EDGE.sym.u.G10,0.05,0.044,0.00917213170424411,,,0,0.044,""
4,proj_null_link_n1000,null,,1000,all,500,EDGE.sym.u.G10,0.1,0.102,0.0135348439222623,,,0,0.102,""
4,proj_null_link_n1000,null,,1000,all,500,EDGE.sym.sc.G10,0.01,0.006,0.00345369367489359,,,0,0.006,""
4,proj_null_link_n1000,null,,1000,all,500,EDGE.sym.sc.G10,0.05,0.05,0.00974679434480896,,,0,0.05,""
4,proj_null_link_n1000,null,,1000,all,500,EDGE.sym.sc.G10,0.1,0.104,0.013651666564929,,,0,0.104,""
4,proj_null_link_n1000,null,,1000,all,500,EDGE.poly3.u.Grule,0.01,0.004,0.00282276460230038,,,0,0.004,""
4,proj_null_link_n1000,null,,1000,all,500,EDGE.poly3.u.Grule,0.05,0.036,0.0083311463797007,,,0,0.036,""
4,proj_null_link_n1000,null,,1000,all,500,EDGE.poly3.u.Grule,0.1,0.082,0.0122699633251286,,,0,0.082,""
4,proj_null_link_n1000,null,,1000,all,500,EDGE.poly3.sc.Grule,0.01,0.004,0.00282276460230038,,,0,0.004,""
4,proj_null_link_n1000,null,,1000,all,500,EDGE.poly3.sc.Grule,0.05,0.034,0.00810481338464989,,,0,0.034,""
4,proj_null_link_n1000,null,,1000,all,500,EDGE.poly3.sc.Grule,0.1,0.068,0.0112584190719657,,,0,0.068,""
4,proj_null_link_n1000,null,,1000,all,500,EDGE.poly2.u.Grule,0.01,0.006,0.00345369367489359,,,0,0.006,""
4,proj_null_link_n1000,null,,1000,all,500,EDGE.poly2.u.Grule,0.05,0.038,0.00855055553750749,,,0,0.038,""
4,proj_null_link_n1000,null,,1000,all,500,EDGE.poly2.u.Grule,0.1,0.086,0.0125382614424808,,,0,0.086,""
4,proj_null_link_n1000,null,,1000,all,500,EDGE.poly2.sc.Grule,0.01,0.006,0.00345369367489359,,,0,0.006,""
4,proj_null_link_n1000,null,,1000,all,500,EDGE.poly2.sc.Grule,0.05,0.038,0.00855055553750749,,,0,0.038,""
4,proj_null_link_n1000,null,,1000,all,500,EDGE.poly2.sc.Grule,0.1,0.08,0.0121326007104825,,,0,0.08,""
4,proj_null_link_n1000,null,,1000,all,500,EDGE.stk.u.Grule,0.01,0.01,0.0044497190922574,,,0,0.01,""
4,proj_null_link_n1000,null,,1000,all,500,EDGE.stk.u.Grule,0.05,0.048,0.00955991631762538,,,0,0.048,""
4,proj_null_link_n1000,null,,1000,all,500,EDGE.stk.u.Grule,0.1,0.07,0.0114105214604767,,,0,0.07,""
4,proj_null_link_n1000,null,,1000,all,500,EDGE.stk.sc.Grule,0.01,0.008,0.0039839678713564,,,0,0.008,""
4,proj_null_link_n1000,null,,1000,all,500,EDGE.stk.sc.Grule,0.05,0.036,0.0083311463797007,,,0,0.036,""
4,proj_null_link_n1000,null,,1000,all,500,EDGE.stk.sc.Grule,0.1,0.07,0.0114105214604767,,,0,0.07,""
4,proj_null_link_n1000,null,,1000,all,500,EDGE.sym.u.Grule,0.01,0.006,0.00345369367489359,,,0,0.006,""
4,proj_null_link_n1000,null,,1000,all,500,EDGE.sym.u.Grule,0.05,0.042,0.00897061870775924,,,0,0.042,""
4,proj_null_link_n1000,null,,1000,all,500,EDGE.sym.u.Grule,0.1,0.084,0.0124051602166195,,,0,0.084,""
4,proj_null_link_n1000,null,,1000,all,500,EDGE.sym.sc.Grule,0.01,0.006,0.00345369367489359,,,0,0.006,""
4,proj_null_link_n1000,null,,1000,all,500,EDGE.sym.sc.Grule,0.05,0.044,0.00917213170424411,,,0,0.044,""
4,proj_null_link_n1000,null,,1000,all,500,EDGE.sym.sc.Grule,0.1,0.082,0.0122699633251286,,,0,0.082,""
4,proj_null_link_n1000,null,,1000,all,500,HL.G10,0.01,0.006,0.00345369367489359,,,0,0.006,""
4,proj_null_link_n1000,null,,1000,all,500,HL.G10,0.05,0.034,0.00810481338464989,,,0,0.034,""
4,proj_null_link_n1000,null,,1000,all,500,HL.G10,0.1,0.066,0.0111035129576184,,,0,0.066,""
4,proj_null_link_n1000,null,,1000,all,500,HL.Grule,0.01,0.01,0.0044497190922574,,,0,0.01,""
4,proj_null_link_n1000,null,,1000,all,500,HL.Grule,0.05,0.042,0.00897061870775924,,,0,0.042,""
4,proj_null_link_n1000,null,,1000,all,500,HL.Grule,0.1,0.088,0.0126693330526907,,,0,0.088,""
4,proj_null_link_n1000,null,,1000,all,500,HLF.G10,0.01,0.006,0.00345369367489359,,,0,0.006,""
4,proj_null_link_n1000,null,,1000,all,500,HLF.G10,0.05,0.032,0.00787095928079926,,,0,0.032,""
4,proj_null_link_n1000,null,,1000,all,500,HLF.G10,0.1,0.068,0.0112584190719657,,,0,0.068,""
4,proj_null_link_n1000,null,,1000,all,500,HLF.Grule,0.01,0.01,0.0044497190922574,,,0,0.01,""
4,proj_null_link_n1000,null,,1000,all,500,HLF.Grule,0.05,0.042,0.00897061870775924,,,0,0.042,""
4,proj_null_link_n1000,null,,1000,all,500,HLF.Grule,0.1,0.086,0.0125382614424808,,,0,0.086,""
4,proj_null_link_n1000,null,,1000,all,500,Stk.joint,0.01,0.006,0.00345369367489359,,,0,0.006,""
4,proj_null_link_n1000,null,,1000,all,500,Stk.joint,0.05,0.046,0.00936845771725528,,,0,0.046,""
4,proj_null_link_n1000,null,,1000,all,500,Stk.joint,0.1,0.082,0.0122699633251286,,,0,0.082,""
4,proj_null_link_n1000,null,,1000,all,500,Stk.LR,0.01,0.006,0.00345369367489359,,,0,0.006,""
4,proj_null_link_n1000,null,,1000,all,500,Stk.LR,0.05,0.04,0.00876356092008266,,,0,0.04,""
4,proj_null_link_n1000,null,,1000,all,500,Stk.LR,0.1,0.082,0.0122699633251286,,,0,0.082,""
4,proj_null_link_n1000,null,,1000,all,500,Stk.sym1,0.01,0.006,0.00345369367489359,,,0,0.006,""
4,proj_null_link_n1000,null,,1000,all,500,Stk.sym1,0.05,0.04,0.00876356092008266,,,0,0.04,""
4,proj_null_link_n1000,null,,1000,all,500,Stk.sym1,0.1,0.088,0.0126693330526907,,,0,0.088,""
4,proj_null_link_n1000,null,,1000,all,500,Stk.marg,0.01,0.01,0.0044497190922574,,,0,0.01,""
4,proj_null_link_n1000,null,,1000,all,500,Stk.marg,0.05,0.056,0.0102824121683582,,,0,0.056,""
4,proj_null_link_n1000,null,,1000,all,500,Stk.marg,0.1,0.096,0.0131745208641529,,,0,0.096,""
4,proj_null_link_n1000,null,,1000,all,500,GiViTI,0.01,0.006,0.00345369367489359,,,0,0.006,""
4,proj_null_link_n1000,null,,1000,all,500,GiViTI,0.05,0.038,0.00855055553750749,,,0,0.038,""
4,proj_null_link_n1000,null,,1000,all,500,GiViTI,0.1,0.078,0.0119929979571415,,,0,0.078,""
4,proj_null_link_n1000,null,,1000,all,500,GiViTI.t50,0.01,0.01,0.0044497190922574,,,0,0.01,""
4,proj_null_link_n1000,null,,1000,all,500,GiViTI.t50,0.05,0.042,0.00897061870775924,,,0,0.042,""
4,proj_null_link_n1000,null,,1000,all,500,GiViTI.t50,0.1,0.084,0.0124051602166195,,,0,0.084,""
4,proj_null_link_n1000,null,,1000,all,500,Cubic.LR,0.01,0.006,0.00345369367489359,,,0,0.006,""
4,proj_null_link_n1000,null,,1000,all,500,Cubic.LR,0.05,0.034,0.00810481338464989,,,0,0.034,""
4,proj_null_link_n1000,null,,1000,all,500,Cubic.LR,0.1,0.078,0.0119929979571415,,,0,0.078,""
4,proj_null_link_n1000,null,,1000,all,500,HL_w,0.01,0.006,0.00345369367489359,,,0,0.006,""
4,proj_null_link_n1000,null,,1000,all,500,HL_w,0.05,0.03,0.00762889244910426,,,0,0.03,""
4,proj_null_link_n1000,null,,1000,all,500,HL_w,0.1,0.07,0.0114105214604767,,,0,0.07,""
4,proj_null_link_n1000,null,,1000,all,500,PH,0.01,0.004,0.00282276460230038,,,0,0.004,""
4,proj_null_link_n1000,null,,1000,all,500,PH,0.05,0.018,0.005945754788082,,,0,0.018,""
4,proj_null_link_n1000,null,,1000,all,500,PH,0.1,0.04,0.00876356092008266,,,0,0.04,""
4,proj_null_link_n1000,null,,1000,all,500,Tsiatis,0.01,0.01,0.0044497190922574,,,0,0.01,""
4,proj_null_link_n1000,null,,1000,all,500,Tsiatis,0.05,0.05,0.00974679434480896,,,0,0.05,""
4,proj_null_link_n1000,null,,1000,all,500,Tsiatis,0.1,0.082,0.0122699633251286,,,0,0.082,""
4,proj_null_link_n1000,null,,1000,all,500,Xie,0.01,0.006,0.00345369367489359,,,0,0.006,""
4,proj_null_link_n1000,null,,1000,all,500,Xie,0.05,0.028,0.00737780455149091,,,0,0.028,""
4,proj_null_link_n1000,null,,1000,all,500,Xie,0.1,0.074,0.0117067501895274,,,0,0.074,""
4,proj_null_link_n1000,null,,1000,all,500,PR,0.01,0.01,0.0044497190922574,,,0,0.01,""
4,proj_null_link_n1000,null,,1000,all,500,PR,0.05,0.074,0.0117067501895274,,,0,0.074,""
4,proj_null_link_n1000,null,,1000,all,500,PR,0.1,0.136,0.0153299706457645,,,0,0.136,""
4,proj_null_link_n1000,null,,1000,all,500,proj,0.01,0.006,0.00345369367489359,,,0,0.006,""
4,proj_null_link_n1000,null,,1000,all,500,proj,0.05,0.048,0.00955991631762538,,,0,0.048,""
4,proj_null_link_n1000,null,,1000,all,500,proj,0.1,0.1,0.0134164078649987,,,0,0.1,""
4,proj_null_contint_n500,null,,500,all,500,flag.evlt.G10,,0,,,,0,,flag rate: share of replicates with the flag = 1
4,proj_null_contint_n500,null,,500,all,500,flag.evlt.Grule,,0,,,,0,,flag rate: share of replicates with the flag = 1
4,proj_null_contint_n500,null,,500,all,500,flag.stk_half0,,0,,,,0,,flag rate: share of replicates with the flag = 1
4,proj_null_contint_n500,null,,500,all,500,flag.stk_diag,,0,,,,0,,flag rate: share of replicates with the flag = 1
4,proj_null_contint_n500,null,,500,all,500,flag.rivals_run,,1,,,,0,,flag rate: share of replicates with the flag = 1
4,proj_null_contint_n500,null,,500,all,500,flag.degenerate,,0,,,,0,,flag rate: share of replicates with the flag = 1
4,proj_null_contint_n500,null,,500,all,500,flag.info_guard,,0,,,,0,,flag rate: share of replicates with the flag = 1
4,proj_null_contint_n500,null,,500,all,500,flag.rep_error,,0,,,,0,,flag rate: share of replicates with the flag = 1
4,proj_null_contint_n500,null,,500,all,500,EDGE.poly3.u.G10,0.01,0.006,0.00345369367489359,,,0,0.006,""
4,proj_null_contint_n500,null,,500,all,500,EDGE.poly3.u.G10,0.05,0.04,0.00876356092008266,,,0,0.04,""
4,proj_null_contint_n500,null,,500,all,500,EDGE.poly3.u.G10,0.1,0.082,0.0122699633251286,,,0,0.082,""
4,proj_null_contint_n500,null,,500,all,500,EDGE.poly3.sc.G10,0.01,0.008,0.0039839678713564,,,0,0.008,""
4,proj_null_contint_n500,null,,500,all,500,EDGE.poly3.sc.G10,0.05,0.042,0.00897061870775924,,,0,0.042,""
4,proj_null_contint_n500,null,,500,all,500,EDGE.poly3.sc.G10,0.1,0.086,0.0125382614424808,,,0,0.086,""
4,proj_null_contint_n500,null,,500,all,500,EDGE.poly2.u.G10,0.01,0.01,0.0044497190922574,,,0,0.01,""
4,proj_null_contint_n500,null,,500,all,500,EDGE.poly2.u.G10,0.05,0.048,0.00955991631762538,,,0,0.048,""
4,proj_null_contint_n500,null,,500,all,500,EDGE.poly2.u.G10,0.1,0.092,0.01292563344676,,,0,0.092,""
4,proj_null_contint_n500,null,,500,all,500,EDGE.poly2.sc.G10,0.01,0,0,,,0,0,""
4,proj_null_contint_n500,null,,500,all,500,EDGE.poly2.sc.G10,0.05,0.05,0.00974679434480896,,,0,0.05,""
4,proj_null_contint_n500,null,,500,all,500,EDGE.poly2.sc.G10,0.1,0.098,0.0132963152790538,,,0,0.098,""
4,proj_null_contint_n500,null,,500,all,500,EDGE.stk.u.G10,0.01,0.008,0.0039839678713564,,,0,0.008,""
4,proj_null_contint_n500,null,,500,all,500,EDGE.stk.u.G10,0.05,0.036,0.0083311463797007,,,0,0.036,""
4,proj_null_contint_n500,null,,500,all,500,EDGE.stk.u.G10,0.1,0.078,0.0119929979571415,,,0,0.078,""
4,proj_null_contint_n500,null,,500,all,500,EDGE.stk.sc.G10,0.01,0.008,0.0039839678713564,,,0,0.008,""
4,proj_null_contint_n500,null,,500,all,500,EDGE.stk.sc.G10,0.05,0.046,0.00936845771725528,,,0,0.046,""
4,proj_null_contint_n500,null,,500,all,500,EDGE.stk.sc.G10,0.1,0.086,0.0125382614424808,,,0,0.086,""
4,proj_null_contint_n500,null,,500,all,500,EDGE.sym.u.G10,0.01,0.012,0.00486949689393062,,,0,0.012,""
4,proj_null_contint_n500,null,,500,all,500,EDGE.sym.u.G10,0.05,0.046,0.00936845771725528,,,0,0.046,""
4,proj_null_contint_n500,null,,500,all,500,EDGE.sym.u.G10,0.1,0.092,0.01292563344676,,,0,0.092,""
4,proj_null_contint_n500,null,,500,all,500,EDGE.sym.sc.G10,0.01,0.012,0.00486949689393062,,,0,0.012,""
4,proj_null_contint_n500,null,,500,all,500,EDGE.sym.sc.G10,0.05,0.046,0.00936845771725528,,,0,0.046,""
4,proj_null_contint_n500,null,,500,all,500,EDGE.sym.sc.G10,0.1,0.09,0.0127984374046209,,,0,0.09,""
4,proj_null_contint_n500,null,,500,all,500,EDGE.poly3.u.Grule,0.01,0.004,0.00282276460230038,,,0,0.004,""
4,proj_null_contint_n500,null,,500,all,500,EDGE.poly3.u.Grule,0.05,0.044,0.00917213170424411,,,0,0.044,""
4,proj_null_contint_n500,null,,500,all,500,EDGE.poly3.u.Grule,0.1,0.084,0.0124051602166195,,,0,0.084,""
4,proj_null_contint_n500,null,,500,all,500,EDGE.poly3.sc.Grule,0.01,0.006,0.00345369367489359,,,0,0.006,""
4,proj_null_contint_n500,null,,500,all,500,EDGE.poly3.sc.Grule,0.05,0.04,0.00876356092008266,,,0,0.04,""
4,proj_null_contint_n500,null,,500,all,500,EDGE.poly3.sc.Grule,0.1,0.094,0.0130509769749241,,,0,0.094,""
4,proj_null_contint_n500,null,,500,all,500,EDGE.poly2.u.Grule,0.01,0.008,0.0039839678713564,,,0,0.008,""
4,proj_null_contint_n500,null,,500,all,500,EDGE.poly2.u.Grule,0.05,0.044,0.00917213170424411,,,0,0.044,""
4,proj_null_contint_n500,null,,500,all,500,EDGE.poly2.u.Grule,0.1,0.088,0.0126693330526907,,,0,0.088,""
4,proj_null_contint_n500,null,,500,all,500,EDGE.poly2.sc.Grule,0.01,0.002,0.00199799899899875,,,0,0.002,""
4,proj_null_contint_n500,null,,500,all,500,EDGE.poly2.sc.Grule,0.05,0.044,0.00917213170424411,,,0,0.044,""
4,proj_null_contint_n500,null,,500,all,500,EDGE.poly2.sc.Grule,0.1,0.084,0.0124051602166195,,,0,0.084,""
4,proj_null_contint_n500,null,,500,all,500,EDGE.stk.u.Grule,0.01,0.01,0.0044497190922574,,,0,0.01,""
4,proj_null_contint_n500,null,,500,all,500,EDGE.stk.u.Grule,0.05,0.04,0.00876356092008266,,,0,0.04,""
4,proj_null_contint_n500,null,,500,all,500,EDGE.stk.u.Grule,0.1,0.086,0.0125382614424808,,,0,0.086,""
4,proj_null_contint_n500,null,,500,all,500,EDGE.stk.sc.Grule,0.01,0.004,0.00282276460230038,,,0,0.004,""
4,proj_null_contint_n500,null,,500,all,500,EDGE.stk.sc.Grule,0.05,0.04,0.00876356092008266,,,0,0.04,""
4,proj_null_contint_n500,null,,500,all,500,EDGE.stk.sc.Grule,0.1,0.096,0.0131745208641529,,,0,0.096,""
4,proj_null_contint_n500,null,,500,all,500,EDGE.sym.u.Grule,0.01,0.01,0.0044497190922574,,,0,0.01,""
4,proj_null_contint_n500,null,,500,all,500,EDGE.sym.u.Grule,0.05,0.036,0.0083311463797007,,,0,0.036,""
4,proj_null_contint_n500,null,,500,all,500,EDGE.sym.u.Grule,0.1,0.104,0.013651666564929,,,0,0.104,""
4,proj_null_contint_n500,null,,500,all,500,EDGE.sym.sc.Grule,0.01,0.012,0.00486949689393062,,,0,0.012,""
4,proj_null_contint_n500,null,,500,all,500,EDGE.sym.sc.Grule,0.05,0.042,0.00897061870775924,,,0,0.042,""
4,proj_null_contint_n500,null,,500,all,500,EDGE.sym.sc.Grule,0.1,0.104,0.013651666564929,,,0,0.104,""
4,proj_null_contint_n500,null,,500,all,500,HL.G10,0.01,0.006,0.00345369367489359,,,0,0.006,""
4,proj_null_contint_n500,null,,500,all,500,HL.G10,0.05,0.058,0.0104533248299285,,,0,0.058,""
4,proj_null_contint_n500,null,,500,all,500,HL.G10,0.1,0.106,0.0137669168661687,,,0,0.106,""
4,proj_null_contint_n500,null,,500,all,500,HL.Grule,0.01,0.01,0.0044497190922574,,,0,0.01,""
4,proj_null_contint_n500,null,,500,all,500,HL.Grule,0.05,0.05,0.00974679434480896,,,0,0.05,""
4,proj_null_contint_n500,null,,500,all,500,HL.Grule,0.1,0.088,0.0126693330526907,,,0,0.088,""
4,proj_null_contint_n500,null,,500,all,500,HLF.G10,0.01,0.006,0.00345369367489359,,,0,0.006,""
4,proj_null_contint_n500,null,,500,all,500,HLF.G10,0.05,0.06,0.0106207344378814,,,0,0.06,""
4,proj_null_contint_n500,null,,500,all,500,HLF.G10,0.1,0.108,0.0138806339912844,,,0,0.108,""
4,proj_null_contint_n500,null,,500,all,500,HLF.Grule,0.01,0.008,0.0039839678713564,,,0,0.008,""
4,proj_null_contint_n500,null,,500,all,500,HLF.Grule,0.05,0.048,0.00955991631762538,,,0,0.048,""
4,proj_null_contint_n500,null,,500,all,500,HLF.Grule,0.1,0.09,0.0127984374046209,,,0,0.09,""
4,proj_null_contint_n500,null,,500,all,500,Stk.joint,0.01,0.008,0.0039839678713564,,,0,0.008,""
4,proj_null_contint_n500,null,,500,all,500,Stk.joint,0.05,0.048,0.00955991631762538,,,0,0.048,""
4,proj_null_contint_n500,null,,500,all,500,Stk.joint,0.1,0.086,0.0125382614424808,,,0,0.086,""
4,proj_null_contint_n500,null,,500,all,500,Stk.LR,0.01,0.006,0.00345369367489359,,,0,0.006,""
4,proj_null_contint_n500,null,,500,all,500,Stk.LR,0.05,0.052,0.00992935043192655,,,0,0.052,""
4,proj_null_contint_n500,null,,500,all,500,Stk.LR,0.1,0.086,0.0125382614424808,,,0,0.086,""
4,proj_null_contint_n500,null,,500,all,500,Stk.sym1,0.01,0.006,0.00345369367489359,,,0,0.006,""
4,proj_null_contint_n500,null,,500,all,500,Stk.sym1,0.05,0.042,0.00897061870775924,,,0,0.042,""
4,proj_null_contint_n500,null,,500,all,500,Stk.sym1,0.1,0.102,0.0135348439222623,,,0,0.102,""
4,proj_null_contint_n500,null,,500,all,500,Stk.marg,0.01,0.02,0.00626099033699941,,,0,0.02,""
4,proj_null_contint_n500,null,,500,all,500,Stk.marg,0.05,0.056,0.0102824121683582,,,0,0.056,""
4,proj_null_contint_n500,null,,500,all,500,Stk.marg,0.1,0.096,0.0131745208641529,,,0,0.096,""
4,proj_null_contint_n500,null,,500,all,500,GiViTI,0.01,0.008,0.0039839678713564,,,0,0.008,""
4,proj_null_contint_n500,null,,500,all,500,GiViTI,0.05,0.034,0.00810481338464989,,,0,0.034,""
4,proj_null_contint_n500,null,,500,all,500,GiViTI,0.1,0.076,0.0118510759005248,,,0,0.076,""
4,proj_null_contint_n500,null,,500,all,500,GiViTI.t50,0.01,0.006,0.00345369367489359,,,0,0.006,""
4,proj_null_contint_n500,null,,500,all,500,GiViTI.t50,0.05,0.042,0.00897061870775924,,,0,0.042,""
4,proj_null_contint_n500,null,,500,all,500,GiViTI.t50,0.1,0.08,0.0121326007104825,,,0,0.08,""
4,proj_null_contint_n500,null,,500,all,500,Cubic.LR,0.01,0.01,0.0044497190922574,,,0,0.01,""
4,proj_null_contint_n500,null,,500,all,500,Cubic.LR,0.05,0.05,0.00974679434480896,,,0,0.05,""
4,proj_null_contint_n500,null,,500,all,500,Cubic.LR,0.1,0.092,0.01292563344676,,,0,0.092,""
4,proj_null_contint_n500,null,,500,all,500,HL_w,0.01,0.012,0.00486949689393062,,,0,0.012,""
4,proj_null_contint_n500,null,,500,all,500,HL_w,0.05,0.058,0.0104533248299285,,,0,0.058,""
4,proj_null_contint_n500,null,,500,all,500,HL_w,0.1,0.102,0.0135348439222623,,,0,0.102,""
4,proj_null_contint_n500,null,,500,all,500,PH,0.01,0,0,,,0,0,""
4,proj_null_contint_n500,null,,500,all,500,PH,0.05,0.036,0.0083311463797007,,,0,0.036,""
4,proj_null_contint_n500,null,,500,all,500,PH,0.1,0.07,0.0114105214604767,,,0,0.07,""
4,proj_null_contint_n500,null,,500,all,500,Tsiatis,0.01,0.014,0.00525433154644813,,,0,0.014,""
4,proj_null_contint_n500,null,,500,all,500,Tsiatis,0.05,0.056,0.0102824121683582,,,0,0.056,""
4,proj_null_contint_n500,null,,500,all,500,Tsiatis,0.1,0.102,0.0135348439222623,,,0,0.102,""
4,proj_null_contint_n500,null,,500,all,500,Xie,0.01,0.002,0.00199799899899875,,,0,0.002,""
4,proj_null_contint_n500,null,,500,all,500,Xie,0.05,0.03,0.00762889244910426,,,0,0.03,""
4,proj_null_contint_n500,null,,500,all,500,Xie,0.1,0.062,0.0107848041243223,,,0,0.062,""
4,proj_null_contint_n500,null,,500,all,500,PR,0.01,0,0,,,1,,no p-value in any replicate
4,proj_null_contint_n500,null,,500,all,500,PR,0.05,0,0,,,1,,no p-value in any replicate
4,proj_null_contint_n500,null,,500,all,500,PR,0.1,0,0,,,1,,no p-value in any replicate
4,proj_null_contint_n500,null,,500,all,500,proj,0.01,0.006,0.00345369367489359,,,0,0.006,""
4,proj_null_contint_n500,null,,500,all,500,proj,0.05,0.062,0.0107848041243223,,,0,0.062,""
4,proj_null_contint_n500,null,,500,all,500,proj,0.1,0.108,0.0138806339912844,,,0,0.108,""
4,proj_null_contint_n1000,null,,1000,all,500,flag.evlt.G10,,0,,,,0,,flag rate: share of replicates with the flag = 1
4,proj_null_contint_n1000,null,,1000,all,500,flag.evlt.Grule,,0,,,,0,,flag rate: share of replicates with the flag = 1
4,proj_null_contint_n1000,null,,1000,all,500,flag.stk_half0,,0,,,,0,,flag rate: share of replicates with the flag = 1
4,proj_null_contint_n1000,null,,1000,all,500,flag.stk_diag,,0,,,,0,,flag rate: share of replicates with the flag = 1
4,proj_null_contint_n1000,null,,1000,all,500,flag.rivals_run,,1,,,,0,,flag rate: share of replicates with the flag = 1
4,proj_null_contint_n1000,null,,1000,all,500,flag.degenerate,,0,,,,0,,flag rate: share of replicates with the flag = 1
4,proj_null_contint_n1000,null,,1000,all,500,flag.info_guard,,0,,,,0,,flag rate: share of replicates with the flag = 1
4,proj_null_contint_n1000,null,,1000,all,500,flag.rep_error,,0,,,,0,,flag rate: share of replicates with the flag = 1
4,proj_null_contint_n1000,null,,1000,all,500,EDGE.poly3.u.G10,0.01,0.004,0.00282276460230038,,,0,0.004,""
4,proj_null_contint_n1000,null,,1000,all,500,EDGE.poly3.u.G10,0.05,0.046,0.00936845771725528,,,0,0.046,""
4,proj_null_contint_n1000,null,,1000,all,500,EDGE.poly3.u.G10,0.1,0.092,0.01292563344676,,,0,0.092,""
4,proj_null_contint_n1000,null,,1000,all,500,EDGE.poly3.sc.G10,0.01,0.004,0.00282276460230038,,,0,0.004,""
4,proj_null_contint_n1000,null,,1000,all,500,EDGE.poly3.sc.G10,0.05,0.036,0.0083311463797007,,,0,0.036,""
4,proj_null_contint_n1000,null,,1000,all,500,EDGE.poly3.sc.G10,0.1,0.08,0.0121326007104825,,,0,0.08,""
4,proj_null_contint_n1000,null,,1000,all,500,EDGE.poly2.u.G10,0.01,0.008,0.0039839678713564,,,0,0.008,""
4,proj_null_contint_n1000,null,,1000,all,500,EDGE.poly2.u.G10,0.05,0.034,0.00810481338464989,,,0,0.034,""
4,proj_null_contint_n1000,null,,1000,all,500,EDGE.poly2.u.G10,0.1,0.088,0.0126693330526907,,,0,0.088,""
4,proj_null_contint_n1000,null,,1000,all,500,EDGE.poly2.sc.G10,0.01,0.012,0.00486949689393062,,,0,0.012,""
4,proj_null_contint_n1000,null,,1000,all,500,EDGE.poly2.sc.G10,0.05,0.036,0.0083311463797007,,,0,0.036,""
4,proj_null_contint_n1000,null,,1000,all,500,EDGE.poly2.sc.G10,0.1,0.096,0.0131745208641529,,,0,0.096,""
4,proj_null_contint_n1000,null,,1000,all,500,EDGE.stk.u.G10,0.01,0.002,0.00199799899899875,,,0,0.002,""
4,proj_null_contint_n1000,null,,1000,all,500,EDGE.stk.u.G10,0.05,0.046,0.00936845771725528,,,0,0.046,""
4,proj_null_contint_n1000,null,,1000,all,500,EDGE.stk.u.G10,0.1,0.086,0.0125382614424808,,,0,0.086,""
4,proj_null_contint_n1000,null,,1000,all,500,EDGE.stk.sc.G10,0.01,0.006,0.00345369367489359,,,0,0.006,""
4,proj_null_contint_n1000,null,,1000,all,500,EDGE.stk.sc.G10,0.05,0.044,0.00917213170424411,,,0,0.044,""
4,proj_null_contint_n1000,null,,1000,all,500,EDGE.stk.sc.G10,0.1,0.076,0.0118510759005248,,,0,0.076,""
4,proj_null_contint_n1000,null,,1000,all,500,EDGE.sym.u.G10,0.01,0.008,0.0039839678713564,,,0,0.008,""
4,proj_null_contint_n1000,null,,1000,all,500,EDGE.sym.u.G10,0.05,0.046,0.00936845771725528,,,0,0.046,""
4,proj_null_contint_n1000,null,,1000,all,500,EDGE.sym.u.G10,0.1,0.098,0.0132963152790538,,,0,0.098,""
4,proj_null_contint_n1000,null,,1000,all,500,EDGE.sym.sc.G10,0.01,0.006,0.00345369367489359,,,0,0.006,""
4,proj_null_contint_n1000,null,,1000,all,500,EDGE.sym.sc.G10,0.05,0.046,0.00936845771725528,,,0,0.046,""
4,proj_null_contint_n1000,null,,1000,all,500,EDGE.sym.sc.G10,0.1,0.082,0.0122699633251286,,,0,0.082,""
4,proj_null_contint_n1000,null,,1000,all,500,EDGE.poly3.u.Grule,0.01,0.002,0.00199799899899875,,,0,0.002,""
4,proj_null_contint_n1000,null,,1000,all,500,EDGE.poly3.u.Grule,0.05,0.056,0.0102824121683582,,,0,0.056,""
4,proj_null_contint_n1000,null,,1000,all,500,EDGE.poly3.u.Grule,0.1,0.096,0.0131745208641529,,,0,0.096,""
4,proj_null_contint_n1000,null,,1000,all,500,EDGE.poly3.sc.Grule,0.01,0.002,0.00199799899899875,,,0,0.002,""
4,proj_null_contint_n1000,null,,1000,all,500,EDGE.poly3.sc.Grule,0.05,0.042,0.00897061870775924,,,0,0.042,""
4,proj_null_contint_n1000,null,,1000,all,500,EDGE.poly3.sc.Grule,0.1,0.094,0.0130509769749241,,,0,0.094,""
4,proj_null_contint_n1000,null,,1000,all,500,EDGE.poly2.u.Grule,0.01,0.008,0.0039839678713564,,,0,0.008,""
4,proj_null_contint_n1000,null,,1000,all,500,EDGE.poly2.u.Grule,0.05,0.038,0.00855055553750749,,,0,0.038,""
4,proj_null_contint_n1000,null,,1000,all,500,EDGE.poly2.u.Grule,0.1,0.108,0.0138806339912844,,,0,0.108,""
4,proj_null_contint_n1000,null,,1000,all,500,EDGE.poly2.sc.Grule,0.01,0.006,0.00345369367489359,,,0,0.006,""
4,proj_null_contint_n1000,null,,1000,all,500,EDGE.poly2.sc.Grule,0.05,0.048,0.00955991631762538,,,0,0.048,""
4,proj_null_contint_n1000,null,,1000,all,500,EDGE.poly2.sc.Grule,0.1,0.09,0.0127984374046209,,,0,0.09,""
4,proj_null_contint_n1000,null,,1000,all,500,EDGE.stk.u.Grule,0.01,0.004,0.00282276460230038,,,0,0.004,""
4,proj_null_contint_n1000,null,,1000,all,500,EDGE.stk.u.Grule,0.05,0.046,0.00936845771725528,,,0,0.046,""
4,proj_null_contint_n1000,null,,1000,all,500,EDGE.stk.u.Grule,0.1,0.088,0.0126693330526907,,,0,0.088,""
4,proj_null_contint_n1000,null,,1000,all,500,EDGE.stk.sc.Grule,0.01,0.002,0.00199799899899875,,,0,0.002,""
4,proj_null_contint_n1000,null,,1000,all,500,EDGE.stk.sc.Grule,0.05,0.042,0.00897061870775924,,,0,0.042,""
4,proj_null_contint_n1000,null,,1000,all,500,EDGE.stk.sc.Grule,0.1,0.102,0.0135348439222623,,,0,0.102,""
4,proj_null_contint_n1000,null,,1000,all,500,EDGE.sym.u.Grule,0.01,0.006,0.00345369367489359,,,0,0.006,""
4,proj_null_contint_n1000,null,,1000,all,500,EDGE.sym.u.Grule,0.05,0.048,0.00955991631762538,,,0,0.048,""
4,proj_null_contint_n1000,null,,1000,all,500,EDGE.sym.u.Grule,0.1,0.088,0.0126693330526907,,,0,0.088,""
4,proj_null_contint_n1000,null,,1000,all,500,EDGE.sym.sc.Grule,0.01,0.002,0.00199799899899875,,,0,0.002,""
4,proj_null_contint_n1000,null,,1000,all,500,EDGE.sym.sc.Grule,0.05,0.044,0.00917213170424411,,,0,0.044,""
4,proj_null_contint_n1000,null,,1000,all,500,EDGE.sym.sc.Grule,0.1,0.098,0.0132963152790538,,,0,0.098,""
4,proj_null_contint_n1000,null,,1000,all,500,HL.G10,0.01,0.014,0.00525433154644813,,,0,0.014,""
4,proj_null_contint_n1000,null,,1000,all,500,HL.G10,0.05,0.062,0.0107848041243223,,,0,0.062,""
4,proj_null_contint_n1000,null,,1000,all,500,HL.G10,0.1,0.114,0.0142129518397833,,,0,0.114,""
4,proj_null_contint_n1000,null,,1000,all,500,HL.Grule,0.01,0.01,0.0044497190922574,,,0,0.01,""
4,proj_null_contint_n1000,null,,1000,all,500,HL.Grule,0.05,0.056,0.0102824121683582,,,0,0.056,""
4,proj_null_contint_n1000,null,,1000,all,500,HL.Grule,0.1,0.106,0.0137669168661687,,,0,0.106,""
4,proj_null_contint_n1000,null,,1000,all,500,HLF.G10,0.01,0.014,0.00525433154644813,,,0,0.014,""
4,proj_null_contint_n1000,null,,1000,all,500,HLF.G10,0.05,0.062,0.0107848041243223,,,0,0.062,""
4,proj_null_contint_n1000,null,,1000,all,500,HLF.G10,0.1,0.114,0.0142129518397833,,,0,0.114,""
4,proj_null_contint_n1000,null,,1000,all,500,HLF.Grule,0.01,0.012,0.00486949689393062,,,0,0.012,""
4,proj_null_contint_n1000,null,,1000,all,500,HLF.Grule,0.05,0.056,0.0102824121683582,,,0,0.056,""
4,proj_null_contint_n1000,null,,1000,all,500,HLF.Grule,0.1,0.106,0.0137669168661687,,,0,0.106,""
4,proj_null_contint_n1000,null,,1000,all,500,Stk.joint,0.01,0.002,0.00199799899899875,,,0,0.002,""
4,proj_null_contint_n1000,null,,1000,all,500,Stk.joint,0.05,0.038,0.00855055553750749,,,0,0.038,""
4,proj_null_contint_n1000,null,,1000,all,500,Stk.joint,0.1,0.078,0.0119929979571415,,,0,0.078,""
4,proj_null_contint_n1000,null,,1000,all,500,Stk.LR,0.01,0.006,0.00345369367489359,,,0,0.006,""
4,proj_null_contint_n1000,null,,1000,all,500,Stk.LR,0.05,0.05,0.00974679434480896,,,0,0.05,""
4,proj_null_contint_n1000,null,,1000,all,500,Stk.LR,0.1,0.07,0.0114105214604767,,,0,0.07,""
4,proj_null_contint_n1000,null,,1000,all,500,Stk.sym1,0.01,0.006,0.00345369367489359,,,0,0.006,""
4,proj_null_contint_n1000,null,,1000,all,500,Stk.sym1,0.05,0.036,0.0083311463797007,,,0,0.036,""
4,proj_null_contint_n1000,null,,1000,all,500,Stk.sym1,0.1,0.092,0.01292563344676,,,0,0.092,""
4,proj_null_contint_n1000,null,,1000,all,500,Stk.marg,0.01,0.022,0.00655987804764692,,,0,0.022,""
4,proj_null_contint_n1000,null,,1000,all,500,Stk.marg,0.05,0.048,0.00955991631762538,,,0,0.048,""
4,proj_null_contint_n1000,null,,1000,all,500,Stk.marg,0.1,0.102,0.0135348439222623,,,0,0.102,""
4,proj_null_contint_n1000,null,,1000,all,500,GiViTI,0.01,0.008,0.0039839678713564,,,0,0.008,""
4,proj_null_contint_n1000,null,,1000,all,500,GiViTI,0.05,0.032,0.00787095928079926,,,0,0.032,""
4,proj_null_contint_n1000,null,,1000,all,500,GiViTI,0.1,0.092,0.01292563344676,,,0,0.092,""
4,proj_null_contint_n1000,null,,1000,all,500,GiViTI.t50,0.01,0.002,0.00199799899899875,,,0,0.002,""
4,proj_null_contint_n1000,null,,1000,all,500,GiViTI.t50,0.05,0.036,0.0083311463797007,,,0,0.036,""
4,proj_null_contint_n1000,null,,1000,all,500,GiViTI.t50,0.1,0.088,0.0126693330526907,,,0,0.088,""
4,proj_null_contint_n1000,null,,1000,all,500,Cubic.LR,0.01,0.006,0.00345369367489359,,,0,0.006,""
4,proj_null_contint_n1000,null,,1000,all,500,Cubic.LR,0.05,0.044,0.00917213170424411,,,0,0.044,""
4,proj_null_contint_n1000,null,,1000,all,500,Cubic.LR,0.1,0.072,0.0115599307956406,,,0,0.072,""
4,proj_null_contint_n1000,null,,1000,all,500,HL_w,0.01,0.012,0.00486949689393062,,,0,0.012,""
4,proj_null_contint_n1000,null,,1000,all,500,HL_w,0.05,0.048,0.00955991631762538,,,0,0.048,""
4,proj_null_contint_n1000,null,,1000,all,500,HL_w,0.1,0.09,0.0127984374046209,,,0,0.09,""
4,proj_null_contint_n1000,null,,1000,all,500,PH,0.01,0.01,0.0044497190922574,,,0,0.01,""
4,proj_null_contint_n1000,null,,1000,all,500,PH,0.05,0.05,0.00974679434480896,,,0,0.05,""
4,proj_null_contint_n1000,null,,1000,all,500,PH,0.1,0.07,0.0114105214604767,,,0,0.07,""
4,proj_null_contint_n1000,null,,1000,all,500,Tsiatis,0.01,0.004,0.00282276460230038,,,0,0.004,""
4,proj_null_contint_n1000,null,,1000,all,500,Tsiatis,0.05,0.036,0.0083311463797007,,,0,0.036,""
4,proj_null_contint_n1000,null,,1000,all,500,Tsiatis,0.1,0.102,0.0135348439222623,,,0,0.102,""
4,proj_null_contint_n1000,null,,1000,all,500,Xie,0.01,0.002,0.00199799899899875,,,0,0.002,""
4,proj_null_contint_n1000,null,,1000,all,500,Xie,0.05,0.02,0.00626099033699941,,,0,0.02,""
4,proj_null_contint_n1000,null,,1000,all,500,Xie,0.1,0.048,0.00955991631762538,,,0,0.048,""
4,proj_null_contint_n1000,null,,1000,all,500,PR,0.01,0,0,,,1,,no p-value in any replicate
4,proj_null_contint_n1000,null,,1000,all,500,PR,0.05,0,0,,,1,,no p-value in any replicate
4,proj_null_contint_n1000,null,,1000,all,500,PR,0.1,0,0,,,1,,no p-value in any replicate
4,proj_null_contint_n1000,null,,1000,all,500,proj,0.01,0.008,0.0039839678713564,,,0,0.008,""
4,proj_null_contint_n1000,null,,1000,all,500,proj,0.05,0.052,0.00992935043192655,,,0,0.052,""
4,proj_null_contint_n1000,null,,1000,all,500,proj,0.1,0.11,0.0139928553197694,,,0,0.11,""
4,probit_skew_n9400,alternative,null_skew_n9400,9400,all,2000,flag.evlt.G10,,0,,,,0,,flag rate: share of replicates with the flag = 1
4,probit_skew_n9400,alternative,null_skew_n9400,9400,all,2000,flag.evlt.Grule,,0,,,,0,,flag rate: share of replicates with the flag = 1
4,probit_skew_n9400,alternative,null_skew_n9400,9400,all,2000,flag.stk_half0,,0,,,,0,,flag rate: share of replicates with the flag = 1
4,probit_skew_n9400,alternative,null_skew_n9400,9400,all,2000,flag.stk_diag,,0.6715,,,,0,,flag rate: share of replicates with the flag = 1
4,probit_skew_n9400,alternative,null_skew_n9400,9400,all,2000,flag.rivals_run,,1,,,,0,,flag rate: share of replicates with the flag = 1
4,probit_skew_n9400,alternative,null_skew_n9400,9400,all,2000,flag.degenerate,,0,,,,0,,flag rate: share of replicates with the flag = 1
4,probit_skew_n9400,alternative,null_skew_n9400,9400,all,2000,flag.info_guard,,0,,,,0,,flag rate: share of replicates with the flag = 1
4,probit_skew_n9400,alternative,null_skew_n9400,9400,all,2000,flag.rep_error,,0,,,,0,,flag rate: share of replicates with the flag = 1
4,probit_skew_n9400,alternative,null_skew_n9400,9400,all,2000,EDGE.poly3.u.G10,0.01,0.1255,0.00740775775791838,0.095,0.014,0,0.1255,""
4,probit_skew_n9400,alternative,null_skew_n9400,9400,all,2000,EDGE.poly3.u.G10,0.05,0.3015,0.0102615240096196,0.289,0.056,0,0.3015,""
4,probit_skew_n9400,alternative,null_skew_n9400,9400,all,2000,EDGE.poly3.u.G10,0.1,0.436,0.0110883722881224,0.422,0.106,0,0.436,""
4,probit_skew_n9400,alternative,null_skew_n9400,9400,all,2000,EDGE.poly3.sc.G10,0.01,0.09,0.00639921870231046,0.0825,0.0105,0,0.09,""
4,probit_skew_n9400,alternative,null_skew_n9400,9400,all,2000,EDGE.poly3.sc.G10,0.05,0.2445,0.00961040451802108,0.2295,0.0585,0,0.2445,""
4,probit_skew_n9400,alternative,null_skew_n9400,9400,all,2000,EDGE.poly3.sc.G10,0.1,0.3755,0.0108281981418886,0.345,0.116,0,0.3755,""
4,probit_skew_n9400,alternative,null_skew_n9400,9400,all,2000,EDGE.poly2.u.G10,0.01,0.0915,0.00644700511865781,0.0735,0.0145,0,0.0915,""
4,probit_skew_n9400,alternative,null_skew_n9400,9400,all,2000,EDGE.poly2.u.G10,0.05,0.2295,0.0094029184299344,0.2105,0.055,0,0.2295,""
4,probit_skew_n9400,alternative,null_skew_n9400,9400,all,2000,EDGE.poly2.u.G10,0.1,0.3285,0.010502089077893,0.3145,0.1075,0,0.3285,""
4,probit_skew_n9400,alternative,null_skew_n9400,9400,all,2000,EDGE.poly2.sc.G10,0.01,0.0975,0.00663301402079025,0.089,0.0115,0,0.0975,""
4,probit_skew_n9400,alternative,null_skew_n9400,9400,all,2000,EDGE.poly2.sc.G10,0.05,0.2695,0.00992143512804473,0.2535,0.0555,0,0.2695,""
4,probit_skew_n9400,alternative,null_skew_n9400,9400,all,2000,EDGE.poly2.sc.G10,0.1,0.3865,0.0108884744110458,0.375,0.1045,0,0.3865,""
4,probit_skew_n9400,alternative,null_skew_n9400,9400,all,2000,EDGE.stk.u.G10,0.01,0.144,0.00785060507222214,0.117,0.011,0,0.144,""
4,probit_skew_n9400,alternative,null_skew_n9400,9400,all,2000,EDGE.stk.u.G10,0.05,0.34,0.0105924501414923,0.3305,0.052,0,0.34,""
4,probit_skew_n9400,alternative,null_skew_n9400,9400,all,2000,EDGE.stk.u.G10,0.1,0.459,0.0111426881855323,0.46,0.0995,0,0.459,""
4,probit_skew_n9400,alternative,null_skew_n9400,9400,all,2000,EDGE.stk.sc.G10,0.01,0.097,0.00661781686056663,0.0875,0.0115,0,0.097,""
4,probit_skew_n9400,alternative,null_skew_n9400,9400,all,2000,EDGE.stk.sc.G10,0.05,0.2615,0.00982643755386457,0.237,0.0595,0,0.2615,""
4,probit_skew_n9400,alternative,null_skew_n9400,9400,all,2000,EDGE.stk.sc.G10,0.1,0.395,0.0109310338028935,0.373,0.111,0,0.395,""
4,probit_skew_n9400,alternative,null_skew_n9400,9400,all,2000,EDGE.sym.u.G10,0.01,0.1395,0.00774724951192357,0.142,0.0095,0,0.1395,""
4,probit_skew_n9400,alternative,null_skew_n9400,9400,all,2000,EDGE.sym.u.G10,0.05,0.3435,0.0106185627558535,0.3335,0.052,0,0.3435,""
4,probit_skew_n9400,alternative,null_skew_n9400,9400,all,2000,EDGE.sym.u.G10,0.1,0.476,0.0111674527086529,0.471,0.1025,0,0.476,""
4,probit_skew_n9400,alternative,null_skew_n9400,9400,all,2000,EDGE.sym.sc.G10,0.01,0.1375,0.00770044641563072,0.154,0.0075,0,0.1375,""
4,probit_skew_n9400,alternative,null_skew_n9400,9400,all,2000,EDGE.sym.sc.G10,0.05,0.305,0.0102950230694253,0.3,0.051,0,0.305,""
4,probit_skew_n9400,alternative,null_skew_n9400,9400,all,2000,EDGE.sym.sc.G10,0.1,0.4415,0.0111035523594929,0.44,0.1005,0,0.4415,""
4,probit_skew_n9400,alternative,null_skew_n9400,9400,all,2000,EDGE.poly3.u.Grule,0.01,0.1445,0.00786192565469809,0.115,0.0145,0,0.1445,""
4,probit_skew_n9400,alternative,null_skew_n9400,9400,all,2000,EDGE.poly3.u.Grule,0.05,0.3665,0.0107744547425844,0.319,0.0595,0,0.3665,""
4,probit_skew_n9400,alternative,null_skew_n9400,9400,all,2000,EDGE.poly3.u.Grule,0.1,0.515,0.0111753076020305,0.492,0.1105,0,0.515,""
4,probit_skew_n9400,alternative,null_skew_n9400,9400,all,2000,EDGE.poly3.sc.Grule,0.01,0.104,0.00682583328246449,0.069,0.016,0,0.104,""
4,probit_skew_n9400,alternative,null_skew_n9400,9400,all,2000,EDGE.poly3.sc.Grule,0.05,0.28,0.0100399203184089,0.27,0.056,0,0.28,""
4,probit_skew_n9400,alternative,null_skew_n9400,9400,all,2000,EDGE.poly3.sc.Grule,0.1,0.431,0.0110733689543878,0.421,0.105,0,0.431,""
4,probit_skew_n9400,alternative,null_skew_n9400,9400,all,2000,EDGE.poly2.u.Grule,0.01,0.097,0.00661781686056663,0.067,0.0135,0,0.097,""
4,probit_skew_n9400,alternative,null_skew_n9400,9400,all,2000,EDGE.poly2.u.Grule,0.05,0.255,0.00974615308724422,0.252,0.0525,0,0.255,""
4,probit_skew_n9400,alternative,null_skew_n9400,9400,all,2000,EDGE.poly2.u.Grule,0.1,0.372,0.0108077749791527,0.369,0.102,0,0.372,""
4,probit_skew_n9400,alternative,null_skew_n9400,9400,all,2000,EDGE.poly2.sc.Grule,0.01,0.1545,0.00808176187473994,0.1095,0.0125,0,0.1545,""
4,probit_skew_n9400,alternative,null_skew_n9400,9400,all,2000,EDGE.poly2.sc.Grule,0.05,0.383,0.0108699356023851,0.3525,0.055,0,0.383,""
4,probit_skew_n9400,alternative,null_skew_n9400,9400,all,2000,EDGE.poly2.sc.Grule,0.1,0.527,0.0111640270512033,0.5015,0.11,0,0.527,""
4,probit_skew_n9400,alternative,null_skew_n9400,9400,all,2000,EDGE.stk.u.Grule,0.01,0.0085,0.00205277251540447,0.0045,0.015,0,0.0085,""
4,probit_skew_n9400,alternative,null_skew_n9400,9400,all,2000,EDGE.stk.u.Grule,0.05,0.0475,0.00475624589355933,0.0465,0.0515,0,0.0475,""
4,probit_skew_n9400,alternative,null_skew_n9400,9400,all,2000,EDGE.stk.u.Grule,0.1,0.1185,0.0072269547528679,0.1205,0.097,0,0.1185,""
4,probit_skew_n9400,alternative,null_skew_n9400,9400,all,2000,EDGE.stk.sc.Grule,0.01,0.0925,0.00647857044416436,0.026,0.02,0,0.0925,""
4,probit_skew_n9400,alternative,null_skew_n9400,9400,all,2000,EDGE.stk.sc.Grule,0.05,0.2745,0.00997872111044296,0.225,0.0645,0,0.2745,""
4,probit_skew_n9400,alternative,null_skew_n9400,9400,all,2000,EDGE.stk.sc.Grule,0.1,0.4165,0.011023333207338,0.394,0.1085,0,0.4165,""
4,probit_skew_n9400,alternative,null_skew_n9400,9400,all,2000,EDGE.sym.u.Grule,0.01,0.001,0.000706753139363385,5e-04,0.014,0,0.001,""
4,probit_skew_n9400,alternative,null_skew_n9400,9400,all,2000,EDGE.sym.u.Grule,0.05,0.068,0.00562920953598283,0.0845,0.045,0,0.068,""
4,probit_skew_n9400,alternative,null_skew_n9400,9400,all,2000,EDGE.sym.u.Grule,0.1,0.245,0.00961704216482386,0.2815,0.09,0,0.245,""
4,probit_skew_n9400,alternative,null_skew_n9400,9400,all,2000,EDGE.sym.sc.Grule,0.01,0.211,0.00912356838084748,0.1525,0.014,0,0.211,""
4,probit_skew_n9400,alternative,null_skew_n9400,9400,all,2000,EDGE.sym.sc.Grule,0.05,0.5005,0.0111803342973276,0.4865,0.0525,0,0.5005,""
4,probit_skew_n9400,alternative,null_skew_n9400,9400,all,2000,EDGE.sym.sc.Grule,0.1,0.648,0.0106793258214178,0.656,0.0975,0,0.648,""
4,probit_skew_n9400,alternative,null_skew_n9400,9400,all,2000,HL.G10,0.01,0.0435,0.00456112650559048,0.041,0.011,0,0.0435,""
4,probit_skew_n9400,alternative,null_skew_n9400,9400,all,2000,HL.G10,0.05,0.149,0.00796238029737339,0.151,0.0495,0,0.149,""
4,probit_skew_n9400,alternative,null_skew_n9400,9400,all,2000,HL.G10,0.1,0.2425,0.00958367753005077,0.2485,0.097,0,0.2425,""
4,probit_skew_n9400,alternative,null_skew_n9400,9400,all,2000,HL.Grule,0.01,0.0025,0.00111663557170637,0.003,0.0075,0,0.0025,""
4,probit_skew_n9400,alternative,null_skew_n9400,9400,all,2000,HL.Grule,0.05,0.0235,0.0033873108803297,0.0255,0.0445,0,0.0235,""
4,probit_skew_n9400,alternative,null_skew_n9400,9400,all,2000,HL.Grule,0.1,0.045,0.00463546114210873,0.0515,0.091,0,0.045,""
4,probit_skew_n9400,alternative,null_skew_n9400,9400,all,2000,HLF.G10,0.01,0.0475,0.00475624589355933,0.0455,0.011,0,0.0475,""
4,probit_skew_n9400,alternative,null_skew_n9400,9400,all,2000,HLF.G10,0.05,0.1585,0.00816632567315314,0.16,0.0495,0,0.1585,""
4,probit_skew_n9400,alternative,null_skew_n9400,9400,all,2000,HLF.G10,0.1,0.2565,0.00976493087533138,0.2655,0.0985,0,0.2565,""
4,probit_skew_n9400,alternative,null_skew_n9400,9400,all,2000,HLF.Grule,0.01,0.011,0.00233227356885937,0.016,0.0065,0,0.011,""
4,probit_skew_n9400,alternative,null_skew_n9400,9400,all,2000,HLF.Grule,0.05,0.05,0.00487339717240448,0.063,0.043,0,0.05,""
4,probit_skew_n9400,alternative,null_skew_n9400,9400,all,2000,HLF.Grule,0.1,0.1045,0.00684031249286171,0.1185,0.0915,0,0.1045,""
4,probit_skew_n9400,alternative,null_skew_n9400,9400,all,2000,Stk.joint,0.01,0.1465,0.0079068878201224,0.1145,0.0135,0,0.1465,""
4,probit_skew_n9400,alternative,null_skew_n9400,9400,all,2000,Stk.joint,0.05,0.3675,0.010780624981883,0.339,0.0605,0,0.3675,""
4,probit_skew_n9400,alternative,null_skew_n9400,9400,all,2000,Stk.joint,0.1,0.522,0.0111695120752878,0.492,0.111,0,0.522,""
4,probit_skew_n9400,alternative,null_skew_n9400,9400,all,2000,Stk.LR,0.01,0.2005,0.00895264625683379,0.1765,0.014,0,0.2005,""
4,probit_skew_n9400,alternative,null_skew_n9400,9400,all,2000,Stk.LR,0.05,0.437,0.0110912352783628,0.39,0.0635,0,0.437,""
4,probit_skew_n9400,alternative,null_skew_n9400,9400,all,2000,Stk.LR,0.1,0.572,0.011063814893607,0.5405,0.1115,0,0.572,""
4,probit_skew_n9400,alternative,null_skew_n9400,9400,all,2000,Stk.sym1,0.01,0.2115,0.00913147715323211,0.157,0.015,0,0.2115,""
4,probit_skew_n9400,alternative,null_skew_n9400,9400,all,2000,Stk.sym1,0.05,0.501,0.0111803175267968,0.4835,0.0535,0,0.501,""
4,probit_skew_n9400,alternative,null_skew_n9400,9400,all,2000,Stk.sym1,0.1,0.652,0.0106511971158175,0.6575,0.0975,0,0.652,""
4,probit_skew_n9400,alternative,null_skew_n9400,9400,all,2000,Stk.marg,0.01,0.151,0.00800621633482383,0.074,0.0255,0,0.151,""
4,probit_skew_n9400,alternative,null_skew_n9400,9400,all,2000,Stk.marg,0.05,0.3015,0.0102615240096196,0.235,0.073,0,0.3015,""
4,probit_skew_n9400,alternative,null_skew_n9400,9400,all,2000,Stk.marg,0.1,0.417,0.0110252210862186,0.3835,0.1165,0,0.417,""
4,probit_skew_n9400,alternative,null_skew_n9400,9400,all,2000,GiViTI,0.01,0.135,0.00764117137617002,0.0975,0.011,0,0.135,""
4,probit_skew_n9400,alternative,null_skew_n9400,9400,all,2000,GiViTI,0.05,0.3115,0.0103553790370029,0.3085,0.0505,0,0.3115,""
4,probit_skew_n9400,alternative,null_skew_n9400,9400,all,2000,GiViTI,0.1,0.4495,0.0111231683885483,0.446,0.101,0,0.4495,""
4,probit_skew_n9400,alternative,null_skew_n9400,9400,all,2000,GiViTI.t50,0.01,0.164,0.0082796135175502,0.1265,0.012,0,0.164,""
4,probit_skew_n9400,alternative,null_skew_n9400,9400,all,2000,GiViTI.t50,0.05,0.3625,0.0107492732312468,0.368,0.049,0,0.3625,""
4,probit_skew_n9400,alternative,null_skew_n9400,9400,all,2000,GiViTI.t50,0.1,0.4945,0.0111796634564731,0.484,0.1065,0,0.4945,""
4,probit_skew_n9400,alternative,null_skew_n9400,9400,all,2000,Cubic.LR,0.01,0.2275,0.00937399994666098,0.207,0.011,0,0.2275,""
4,probit_skew_n9400,alternative,null_skew_n9400,9400,all,2000,Cubic.LR,0.05,0.459,0.0111426881855323,0.446,0.0545,0,0.459,""
4,probit_skew_n9400,alternative,null_skew_n9400,9400,all,2000,Cubic.LR,0.1,0.597,0.0109679305249441,0.598,0.099,0,0.597,""
4,probit_skew_n9400,alternative,null_skew_n9400,9400,all,2000,HL_w,0.01,0.045,0.00463546114210873,0.051,0.008,0,0.045,""
4,probit_skew_n9400,alternative,null_skew_n9400,9400,all,2000,HL_w,0.05,0.1485,0.0079513442259784,0.168,0.042,0,0.1485,""
4,probit_skew_n9400,alternative,null_skew_n9400,9400,all,2000,HL_w,0.1,0.247,0.00964341744403922,0.2655,0.093,0,0.247,""
4,probit_skew_n9400,alternative,null_skew_n9400,9400,all,2000,PH,0.01,0.0275,0.00365675744341896,0.0425,0.006,0,0.0275,""
4,probit_skew_n9400,alternative,null_skew_n9400,9400,all,2000,PH,0.05,0.1095,0.00698246911915835,0.153,0.0315,0,0.1095,""
4,probit_skew_n9400,alternative,null_skew_n9400,9400,all,2000,PH,0.1,0.187,0.00871868682772813,0.253,0.0685,0,0.187,""
4,probit_skew_n9400,alternative,null_skew_n9400,9400,all,2000,Tsiatis,0.01,0.021,0.00320616593457045,0.0175,0.0135,0,0.021,""
4,probit_skew_n9400,alternative,null_skew_n9400,9400,all,2000,Tsiatis,0.05,0.084,0.00620258010830977,0.087,0.0485,0,0.084,""
4,probit_skew_n9400,alternative,null_skew_n9400,9400,all,2000,Tsiatis,0.1,0.159,0.00817676586432558,0.157,0.105,0,0.159,""
4,probit_skew_n9400,alternative,null_skew_n9400,9400,all,2000,Xie,0.01,0.018,0.002972877394041,0.023,0.0075,0,0.018,""
4,probit_skew_n9400,alternative,null_skew_n9400,9400,all,2000,Xie,0.05,0.0635,0.005452877680638,0.103,0.0295,0,0.0635,""
4,probit_skew_n9400,alternative,null_skew_n9400,9400,all,2000,Xie,0.1,0.124,0.00736966756373719,0.184,0.0675,0,0.124,""
4,probit_skew_n9400,alternative,null_skew_n9400,9400,all,2000,PR,0.01,0.009,0.00211175282644537,0.0055,0.0145,0,0.009,""
4,probit_skew_n9400,alternative,null_skew_n9400,9400,all,2000,PR,0.05,0.0725,0.00579843728947723,0.0565,0.059,0,0.0725,""
4,probit_skew_n9400,alternative,null_skew_n9400,9400,all,2000,PR,0.1,0.164,0.0082796135175502,0.1345,0.1215,0,0.164,""
4,probit_skew_n16000,alternative,null_skew_n16000,16000,all,2000,flag.evlt.G10,,0,,,,0,,flag rate: share of replicates with the flag = 1
4,probit_skew_n16000,alternative,null_skew_n16000,16000,all,2000,flag.evlt.Grule,,0,,,,0,,flag rate: share of replicates with the flag = 1
4,probit_skew_n16000,alternative,null_skew_n16000,16000,all,2000,flag.stk_half0,,0,,,,0,,flag rate: share of replicates with the flag = 1
4,probit_skew_n16000,alternative,null_skew_n16000,16000,all,2000,flag.stk_diag,,0.818,,,,0,,flag rate: share of replicates with the flag = 1
4,probit_skew_n16000,alternative,null_skew_n16000,16000,all,2000,flag.rivals_run,,0,,,,0,,flag rate: share of replicates with the flag = 1
4,probit_skew_n16000,alternative,null_skew_n16000,16000,all,2000,flag.degenerate,,0,,,,0,,flag rate: share of replicates with the flag = 1
4,probit_skew_n16000,alternative,null_skew_n16000,16000,all,2000,flag.info_guard,,0,,,,0,,flag rate: share of replicates with the flag = 1
4,probit_skew_n16000,alternative,null_skew_n16000,16000,all,2000,flag.rep_error,,0,,,,0,,flag rate: share of replicates with the flag = 1
4,probit_skew_n16000,alternative,null_skew_n16000,16000,all,2000,EDGE.poly3.u.G10,0.01,0.2585,0.00978973314243039,0.2565,0.011,0,0.2585,""
4,probit_skew_n16000,alternative,null_skew_n16000,16000,all,2000,EDGE.poly3.u.G10,0.05,0.4965,0.0111800659658161,0.4855,0.0525,0,0.4965,""
4,probit_skew_n16000,alternative,null_skew_n16000,16000,all,2000,EDGE.poly3.u.G10,0.1,0.6425,0.0107166634266454,0.6405,0.1005,0,0.6425,""
4,probit_skew_n16000,alternative,null_skew_n16000,16000,all,2000,EDGE.poly3.sc.G10,0.01,0.2135,0.00916290756255895,0.196,0.012,0,0.2135,""
4,probit_skew_n16000,alternative,null_skew_n16000,16000,all,2000,EDGE.poly3.sc.G10,0.05,0.4255,0.0110555359435895,0.427,0.0495,0,0.4255,""
4,probit_skew_n16000,alternative,null_skew_n16000,16000,all,2000,EDGE.poly3.sc.G10,0.1,0.564,0.0110883722881224,0.5615,0.1005,0,0.564,""
4,probit_skew_n16000,alternative,null_skew_n16000,16000,all,2000,EDGE.poly2.u.G10,0.01,0.16,0.00819756061276768,0.1455,0.0105,0,0.16,""
4,probit_skew_n16000,alternative,null_skew_n16000,16000,all,2000,EDGE.poly2.u.G10,0.05,0.3515,0.0106758547667154,0.35,0.0505,0,0.3515,""
4,probit_skew_n16000,alternative,null_skew_n16000,16000,all,2000,EDGE.poly2.u.G10,0.1,0.48,0.0111713920350152,0.4765,0.101,0,0.48,""
4,probit_skew_n16000,alternative,null_skew_n16000,16000,all,2000,EDGE.poly2.sc.G10,0.01,0.209,0.00909172700866013,0.2035,0.01,0,0.209,""
4,probit_skew_n16000,alternative,null_skew_n16000,16000,all,2000,EDGE.poly2.sc.G10,0.05,0.444,0.011109995499549,0.4255,0.0515,0,0.444,""
4,probit_skew_n16000,alternative,null_skew_n16000,16000,all,2000,EDGE.poly2.sc.G10,0.1,0.588,0.0110058166439388,0.6,0.095,0,0.588,""
4,probit_skew_n16000,alternative,null_skew_n16000,16000,all,2000,EDGE.stk.u.G10,0.01,0.3075,0.0103185209695964,0.276,0.012,0,0.3075,""
4,probit_skew_n16000,alternative,null_skew_n16000,16000,all,2000,EDGE.stk.u.G10,0.05,0.5395,0.011145397031959,0.5355,0.052,0,0.5395,""
4,probit_skew_n16000,alternative,null_skew_n16000,16000,all,2000,EDGE.stk.u.G10,0.1,0.6665,0.0105422424085201,0.6715,0.098,0,0.6665,""
4,probit_skew_n16000,alternative,null_skew_n16000,16000,all,2000,EDGE.stk.sc.G10,0.01,0.2305,0.00941726473027067,0.226,0.011,0,0.2305,""
4,probit_skew_n16000,alternative,null_skew_n16000,16000,all,2000,EDGE.stk.sc.G10,0.05,0.462,0.0111480043057042,0.464,0.0495,0,0.462,""
4,probit_skew_n16000,alternative,null_skew_n16000,16000,all,2000,EDGE.stk.sc.G10,0.1,0.5995,0.0109567273854924,0.603,0.097,0,0.5995,""
4,probit_skew_n16000,alternative,null_skew_n16000,16000,all,2000,EDGE.sym.u.G10,0.01,0.2755,0.00998998873873239,0.2355,0.015,0,0.2755,""
4,probit_skew_n16000,alternative,null_skew_n16000,16000,all,2000,EDGE.sym.u.G10,0.05,0.534,0.0111544609910116,0.519,0.052,0,0.534,""
4,probit_skew_n16000,alternative,null_skew_n16000,16000,all,2000,EDGE.sym.u.G10,0.1,0.6635,0.0105656933042749,0.648,0.105,0,0.6635,""
4,probit_skew_n16000,alternative,null_skew_n16000,16000,all,2000,EDGE.sym.sc.G10,0.01,0.235,0.00948090185583629,0.1885,0.0135,0,0.235,""
4,probit_skew_n16000,alternative,null_skew_n16000,16000,all,2000,EDGE.sym.sc.G10,0.05,0.481,0.0111722647659282,0.4745,0.051,0,0.481,""
4,probit_skew_n16000,alternative,null_skew_n16000,16000,all,2000,EDGE.sym.sc.G10,0.1,0.617,0.0108699356023851,0.6055,0.106,0,0.617,""
4,probit_skew_n16000,alternative,null_skew_n16000,16000,all,2000,EDGE.poly3.u.Grule,0.01,0.344,0.0106222408182078,0.386,0.0075,0,0.344,""
4,probit_skew_n16000,alternative,null_skew_n16000,16000,all,2000,EDGE.poly3.u.Grule,0.05,0.6215,0.010845223603043,0.6365,0.045,0,0.6215,""
4,probit_skew_n16000,alternative,null_skew_n16000,16000,all,2000,EDGE.poly3.u.Grule,0.1,0.749,0.00969533392926721,0.756,0.0955,0,0.749,""
4,probit_skew_n16000,alternative,null_skew_n16000,16000,all,2000,EDGE.poly3.sc.Grule,0.01,0.266,0.00988038460789862,0.205,0.013,0,0.266,""
4,probit_skew_n16000,alternative,null_skew_n16000,16000,all,2000,EDGE.poly3.sc.Grule,0.05,0.5375,0.0111488508376424,0.5325,0.0515,0,0.5375,""
4,probit_skew_n16000,alternative,null_skew_n16000,16000,all,2000,EDGE.poly3.sc.Grule,0.1,0.683,0.0104045903331174,0.6855,0.098,0,0.683,""
4,probit_skew_n16000,alternative,null_skew_n16000,16000,all,2000,EDGE.poly2.u.Grule,0.01,0.194,0.00884205858383669,0.1825,0.01,0,0.194,""
4,probit_skew_n16000,alternative,null_skew_n16000,16000,all,2000,EDGE.poly2.u.Grule,0.05,0.4165,0.011023333207338,0.419,0.0485,0,0.4165,""
4,probit_skew_n16000,alternative,null_skew_n16000,16000,all,2000,EDGE.poly2.u.Grule,0.1,0.5725,0.011062182198825,0.5605,0.104,0,0.5725,""
4,probit_skew_n16000,alternative,null_skew_n16000,16000,all,2000,EDGE.poly2.sc.Grule,0.01,0.3535,0.0106896620620111,0.379,0.0075,0,0.3535,""
4,probit_skew_n16000,alternative,null_skew_n16000,16000,all,2000,EDGE.poly2.sc.Grule,0.05,0.627,0.0108136719018102,0.637,0.049,0,0.627,""
4,probit_skew_n16000,alternative,null_skew_n16000,16000,all,2000,EDGE.poly2.sc.Grule,0.1,0.7545,0.00962366224469666,0.7635,0.0935,0,0.7545,""
4,probit_skew_n16000,alternative,null_skew_n16000,16000,all,2000,EDGE.stk.u.Grule,0.01,0.017,0.00289058817544112,0.0065,0.019,0,0.017,""
4,probit_skew_n16000,alternative,null_skew_n16000,16000,all,2000,EDGE.stk.u.Grule,0.05,0.1325,0.00758102070964062,0.1515,0.047,0,0.1325,""
4,probit_skew_n16000,alternative,null_skew_n16000,16000,all,2000,EDGE.stk.u.Grule,0.1,0.306,0.0103044650516172,0.357,0.0905,0,0.306,""
4,probit_skew_n16000,alternative,null_skew_n16000,16000,all,2000,EDGE.stk.sc.Grule,0.01,0.252,0.00970814091368682,0.198,0.0155,0,0.252,""
4,probit_skew_n16000,alternative,null_skew_n16000,16000,all,2000,EDGE.stk.sc.Grule,0.05,0.5245,0.0111669098232233,0.5175,0.0515,0,0.5245,""
4,probit_skew_n16000,alternative,null_skew_n16000,16000,all,2000,EDGE.stk.sc.Grule,0.1,0.678,0.0104478705964421,0.6695,0.1015,0,0.678,""
4,probit_skew_n16000,alternative,null_skew_n16000,16000,all,2000,EDGE.sym.u.Grule,0.01,0.0145,0.00267298989897081,0.001,0.0155,0,0.0145,""
4,probit_skew_n16000,alternative,null_skew_n16000,16000,all,2000,EDGE.sym.u.Grule,0.05,0.279,0.0100289331436599,0.234,0.0535,0,0.279,""
4,probit_skew_n16000,alternative,null_skew_n16000,16000,all,2000,EDGE.sym.u.Grule,0.1,0.5715,0.0110654360510556,0.5675,0.1,0,0.5715,""
4,probit_skew_n16000,alternative,null_skew_n16000,16000,all,2000,EDGE.sym.sc.Grule,0.01,0.47,0.0111601971308754,0.4305,0.0135,0,0.47,""
4,probit_skew_n16000,alternative,null_skew_n16000,16000,all,2000,EDGE.sym.sc.Grule,0.05,0.7515,0.00966301583357908,0.736,0.0565,0,0.7515,""
4,probit_skew_n16000,alternative,null_skew_n16000,16000,all,2000,EDGE.sym.sc.Grule,0.1,0.8535,0.0079068878201224,0.8415,0.108,0,0.8535,""
4,probit_skew_n16000,alternative,null_skew_n16000,16000,all,2000,HL.G10,0.01,0.1005,0.00672308522926788,0.126,0.0085,0,0.1005,""
4,probit_skew_n16000,alternative,null_skew_n16000,16000,all,2000,HL.G10,0.05,0.263,0.0098445670295854,0.2705,0.045,0,0.263,""
4,probit_skew_n16000,alternative,null_skew_n16000,16000,all,2000,HL.G10,0.1,0.395,0.0109310338028935,0.4355,0.0845,0,0.395,""
4,probit_skew_n16000,alternative,null_skew_n16000,16000,all,2000,HL.Grule,0.01,5e-04,0.000499874984371093,5e-04,0.0125,0,5e-04,""
4,probit_skew_n16000,alternative,null_skew_n16000,16000,all,2000,HL.Grule,0.05,0.016,0.00280570846668003,0.0175,0.0475,0,0.016,""
4,probit_skew_n16000,alternative,null_skew_n16000,16000,all,2000,HL.Grule,0.1,0.0365,0.0041933131292571,0.039,0.091,0,0.0365,""
4,probit_skew_n16000,alternative,null_skew_n16000,16000,all,2000,HLF.G10,0.01,0.1045,0.00684031249286171,0.1315,0.0085,0,0.1045,""
4,probit_skew_n16000,alternative,null_skew_n16000,16000,all,2000,HLF.G10,0.05,0.271,0.00993878765242522,0.284,0.045,0,0.271,""
4,probit_skew_n16000,alternative,null_skew_n16000,16000,all,2000,HLF.G10,0.1,0.409,0.0109936117813938,0.4465,0.084,0,0.409,""
4,probit_skew_n16000,alternative,null_skew_n16000,16000,all,2000,HLF.Grule,0.01,0.01,0.0022248595461287,0.0095,0.0105,0,0.01,""
4,probit_skew_n16000,alternative,null_skew_n16000,16000,all,2000,HLF.Grule,0.05,0.059,0.00526872849936301,0.0625,0.0465,0,0.059,""
4,probit_skew_n16000,alternative,null_skew_n16000,16000,all,2000,HLF.Grule,0.1,0.114,0.00710647591989166,0.1195,0.095,0,0.114,""
4,probit_skew_n16000,alternative,null_skew_n16000,16000,all,2000,Stk.joint,0.01,0.3535,0.0106896620620111,0.398,0.0075,0,0.3535,""
4,probit_skew_n16000,alternative,null_skew_n16000,16000,all,2000,Stk.joint,0.05,0.63,0.010795832529268,0.632,0.0485,0,0.63,""
4,probit_skew_n16000,alternative,null_skew_n16000,16000,all,2000,Stk.joint,0.1,0.7575,0.00958367753005077,0.7675,0.096,0,0.7575,""
4,probit_skew_n16000,alternative,null_skew_n16000,16000,all,2000,Stk.LR,0.01,0.423,0.0110469679097932,0.478,0.008,0,0.423,""
4,probit_skew_n16000,alternative,null_skew_n16000,16000,all,2000,Stk.LR,0.05,0.678,0.0104478705964421,0.679,0.0495,0,0.678,""
4,probit_skew_n16000,alternative,null_skew_n16000,16000,all,2000,Stk.LR,0.1,0.7915,0.00908371482379318,0.7955,0.096,0,0.7915,""
4,probit_skew_n16000,alternative,null_skew_n16000,16000,all,2000,Stk.sym1,0.01,0.4715,0.0111621626488777,0.4185,0.0135,0,0.4715,""
4,probit_skew_n16000,alternative,null_skew_n16000,16000,all,2000,Stk.sym1,0.05,0.7535,0.0096368498483685,0.7285,0.0585,0,0.7535,""
4,probit_skew_n16000,alternative,null_skew_n16000,16000,all,2000,Stk.sym1,0.1,0.853,0.00791804900212167,0.8385,0.107,0,0.853,""
4,probit_skew_n16000,alternative,null_skew_n16000,16000,all,2000,Stk.marg,0.01,0.289,0.0101360495263194,0.22,0.018,0,0.289,""
4,probit_skew_n16000,alternative,null_skew_n16000,16000,all,2000,Stk.marg,0.05,0.528,0.0111627953488362,0.4645,0.0665,0,0.528,""
4,probit_skew_n16000,alternative,null_skew_n16000,16000,all,2000,Stk.marg,0.1,0.659,0.0105999764150681,0.6355,0.1095,0,0.659,""
4,probit_skew_n16000,alternative,null_skew_n16000,16000,all,2000,GiViTI,0.01,0.2775,0.0100123361409813,0.295,0.0075,0,0.2775,""
4,probit_skew_n16000,alternative,null_skew_n16000,16000,all,2000,GiViTI,0.05,0.5255,0.0111657903885036,0.5345,0.049,0,0.5255,""
4,probit_skew_n16000,alternative,null_skew_n16000,16000,all,2000,GiViTI,0.1,0.6645,0.0105579294845154,0.667,0.097,0,0.6645,""
4,probit_skew_n16000,alternative,null_skew_n16000,16000,all,2000,GiViTI.t50,0.01,0.3595,0.0107298590391487,0.3395,0.012,0,0.3595,""
4,probit_skew_n16000,alternative,null_skew_n16000,16000,all,2000,GiViTI.t50,0.05,0.6155,0.0108779536218905,0.62,0.048,0,0.6155,""
4,probit_skew_n16000,alternative,null_skew_n16000,16000,all,2000,GiViTI.t50,0.1,0.73,0.00992723526466458,0.753,0.086,0,0.73,""
4,probit_skew_n16000,alternative,null_skew_n16000,16000,all,2000,Cubic.LR,0.01,0.4645,0.0111521242371129,0.539,0.0065,0,0.4645,""
4,probit_skew_n16000,alternative,null_skew_n16000,16000,all,2000,Cubic.LR,0.05,0.7085,0.010161883437631,0.745,0.041,0,0.7085,""
4,probit_skew_n16000,alternative,null_skew_n16000,16000,all,2000,Cubic.LR,0.1,0.8135,0.00870970005224061,0.8335,0.087,0,0.8135,""
4,probit_skew_n16000,alternative,null_skew_n16000,16000,all,2000,HL_w,0.01,0,0,0,0,1,,"not run (n >= 10,000)"
4,probit_skew_n16000,alternative,null_skew_n16000,16000,all,2000,HL_w,0.05,0,0,0,0,1,,"not run (n >= 10,000)"
4,probit_skew_n16000,alternative,null_skew_n16000,16000,all,2000,HL_w,0.1,0,0,0,0,1,,"not run (n >= 10,000)"
4,probit_skew_n16000,alternative,null_skew_n16000,16000,all,2000,PH,0.01,0,0,0,0,1,,"not run (n >= 10,000)"
4,probit_skew_n16000,alternative,null_skew_n16000,16000,all,2000,PH,0.05,0,0,0,0,1,,"not run (n >= 10,000)"
4,probit_skew_n16000,alternative,null_skew_n16000,16000,all,2000,PH,0.1,0,0,0,0,1,,"not run (n >= 10,000)"
4,probit_skew_n16000,alternative,null_skew_n16000,16000,all,2000,Tsiatis,0.01,0,0,0,0,1,,"not run (n >= 10,000)"
4,probit_skew_n16000,alternative,null_skew_n16000,16000,all,2000,Tsiatis,0.05,0,0,0,0,1,,"not run (n >= 10,000)"
4,probit_skew_n16000,alternative,null_skew_n16000,16000,all,2000,Tsiatis,0.1,0,0,0,0,1,,"not run (n >= 10,000)"
4,probit_skew_n16000,alternative,null_skew_n16000,16000,all,2000,Xie,0.01,0,0,0,0,1,,"not run (n >= 10,000)"
4,probit_skew_n16000,alternative,null_skew_n16000,16000,all,2000,Xie,0.05,0,0,0,0,1,,"not run (n >= 10,000)"
4,probit_skew_n16000,alternative,null_skew_n16000,16000,all,2000,Xie,0.1,0,0,0,0,1,,"not run (n >= 10,000)"
4,probit_skew_n16000,alternative,null_skew_n16000,16000,all,2000,PR,0.01,0,0,0,0,1,,"not run (n >= 10,000)"
4,probit_skew_n16000,alternative,null_skew_n16000,16000,all,2000,PR,0.05,0,0,0,0,1,,"not run (n >= 10,000)"
4,probit_skew_n16000,alternative,null_skew_n16000,16000,all,2000,PR,0.1,0,0,0,0,1,,"not run (n >= 10,000)"
4,cauchit_skew_n2400,alternative,null_skew_n2400,2400,all,2000,flag.evlt.G10,,0,,,,0,,flag rate: share of replicates with the flag = 1
4,cauchit_skew_n2400,alternative,null_skew_n2400,2400,all,2000,flag.evlt.Grule,,0,,,,0,,flag rate: share of replicates with the flag = 1
4,cauchit_skew_n2400,alternative,null_skew_n2400,2400,all,2000,flag.stk_half0,,0,,,,0,,flag rate: share of replicates with the flag = 1
4,cauchit_skew_n2400,alternative,null_skew_n2400,2400,all,2000,flag.stk_diag,,0,,,,0,,flag rate: share of replicates with the flag = 1
4,cauchit_skew_n2400,alternative,null_skew_n2400,2400,all,2000,flag.rivals_run,,1,,,,0,,flag rate: share of replicates with the flag = 1
4,cauchit_skew_n2400,alternative,null_skew_n2400,2400,all,2000,flag.degenerate,,0,,,,0,,flag rate: share of replicates with the flag = 1
4,cauchit_skew_n2400,alternative,null_skew_n2400,2400,all,2000,flag.info_guard,,0,,,,0,,flag rate: share of replicates with the flag = 1
4,cauchit_skew_n2400,alternative,null_skew_n2400,2400,all,2000,flag.rep_error,,0,,,,0,,flag rate: share of replicates with the flag = 1
4,cauchit_skew_n2400,alternative,null_skew_n2400,2400,all,2000,EDGE.poly3.u.G10,0.01,0.304,0.0102855238077601,0.335,0.0085,0,0.304,""
4,cauchit_skew_n2400,alternative,null_skew_n2400,2400,all,2000,EDGE.poly3.u.G10,0.05,0.5265,0.0111646260573295,0.5265,0.049,0,0.5265,""
4,cauchit_skew_n2400,alternative,null_skew_n2400,2400,all,2000,EDGE.poly3.u.G10,0.1,0.643,0.0107133328147687,0.6565,0.0885,0,0.643,""
4,cauchit_skew_n2400,alternative,null_skew_n2400,2400,all,2000,EDGE.poly3.sc.G10,0.01,0.446,0.0111149448941504,0.4755,0.006,0,0.446,""
4,cauchit_skew_n2400,alternative,null_skew_n2400,2400,all,2000,EDGE.poly3.sc.G10,0.05,0.648,0.0106793258214178,0.6625,0.045,0,0.648,""
4,cauchit_skew_n2400,alternative,null_skew_n2400,2400,all,2000,EDGE.poly3.sc.G10,0.1,0.7415,0.00978973314243039,0.745,0.0935,0,0.7415,""
4,cauchit_skew_n2400,alternative,null_skew_n2400,2400,all,2000,EDGE.poly2.u.G10,0.01,0.259,0.00979589199613797,0.252,0.01,0,0.259,""
4,cauchit_skew_n2400,alternative,null_skew_n2400,2400,all,2000,EDGE.poly2.u.G10,0.05,0.474,0.0111652138358385,0.4995,0.043,0,0.474,""
4,cauchit_skew_n2400,alternative,null_skew_n2400,2400,all,2000,EDGE.poly2.u.G10,0.1,0.603,0.010940543862167,0.615,0.0945,0,0.603,""
4,cauchit_skew_n2400,alternative,null_skew_n2400,2400,all,2000,EDGE.poly2.sc.G10,0.01,0.4505,0.0111254157225697,0.454,0.0095,0,0.4505,""
4,cauchit_skew_n2400,alternative,null_skew_n2400,2400,all,2000,EDGE.poly2.sc.G10,0.05,0.643,0.0107133328147687,0.6675,0.0415,0,0.643,""
4,cauchit_skew_n2400,alternative,null_skew_n2400,2400,all,2000,EDGE.poly2.sc.G10,0.1,0.746,0.00973355022589394,0.7555,0.09,0,0.746,""
4,cauchit_skew_n2400,alternative,null_skew_n2400,2400,all,2000,EDGE.stk.u.G10,0.01,0.359,0.010726579137824,0.356,0.0105,0,0.359,""
4,cauchit_skew_n2400,alternative,null_skew_n2400,2400,all,2000,EDGE.stk.u.G10,0.05,0.568,0.0110764615288458,0.5575,0.052,0,0.568,""
4,cauchit_skew_n2400,alternative,null_skew_n2400,2400,all,2000,EDGE.stk.u.G10,0.1,0.6805,0.0104264027833189,0.6995,0.0925,0,0.6805,""
4,cauchit_skew_n2400,alternative,null_skew_n2400,2400,all,2000,EDGE.stk.sc.G10,0.01,0.445,0.0111124929696266,0.477,0.005,0,0.445,""
4,cauchit_skew_n2400,alternative,null_skew_n2400,2400,all,2000,EDGE.stk.sc.G10,0.05,0.646,0.0106930818756802,0.6645,0.0425,0,0.646,""
4,cauchit_skew_n2400,alternative,null_skew_n2400,2400,all,2000,EDGE.stk.sc.G10,0.1,0.7395,0.00981426894883159,0.7455,0.0965,0,0.7395,""
4,cauchit_skew_n2400,alternative,null_skew_n2400,2400,all,2000,EDGE.sym.u.G10,0.01,0.205,0.00902704270511667,0.217,0.008,0,0.205,""
4,cauchit_skew_n2400,alternative,null_skew_n2400,2400,all,2000,EDGE.sym.u.G10,0.05,0.4145,0.0110156649821969,0.4155,0.049,0,0.4145,""
4,cauchit_skew_n2400,alternative,null_skew_n2400,2400,all,2000,EDGE.sym.u.G10,0.1,0.5275,0.0111634168156528,0.5165,0.1065,0,0.5275,""
4,cauchit_skew_n2400,alternative,null_skew_n2400,2400,all,2000,EDGE.sym.sc.G10,0.01,0.1575,0.00814535910810567,0.157,0.01,0,0.1575,""
4,cauchit_skew_n2400,alternative,null_skew_n2400,2400,all,2000,EDGE.sym.sc.G10,0.05,0.3475,0.0106476229741666,0.3425,0.05,0,0.3475,""
4,cauchit_skew_n2400,alternative,null_skew_n2400,2400,all,2000,EDGE.sym.sc.G10,0.1,0.464,0.0111513227914898,0.448,0.104,0,0.464,""
4,cauchit_skew_n2400,alternative,null_skew_n2400,2400,all,2000,EDGE.poly3.u.Grule,0.01,0.5785,0.0110416880502938,0.6,0.009,0,0.5785,""
4,cauchit_skew_n2400,alternative,null_skew_n2400,2400,all,2000,EDGE.poly3.u.Grule,0.05,0.7575,0.00958367753005077,0.7635,0.047,0,0.7575,""
4,cauchit_skew_n2400,alternative,null_skew_n2400,2400,all,2000,EDGE.poly3.u.Grule,0.1,0.8255,0.00848674702109118,0.833,0.095,0,0.8255,""
4,cauchit_skew_n2400,alternative,null_skew_n2400,2400,all,2000,EDGE.poly3.sc.Grule,0.01,0.578,0.01104345960286,0.578,0.009,0,0.578,""
4,cauchit_skew_n2400,alternative,null_skew_n2400,2400,all,2000,EDGE.poly3.sc.Grule,0.05,0.742,0.00978355763513457,0.74,0.051,0,0.742,""
4,cauchit_skew_n2400,alternative,null_skew_n2400,2400,all,2000,EDGE.poly3.sc.Grule,0.1,0.817,0.00864612630025725,0.8195,0.0945,0,0.817,""
4,cauchit_skew_n2400,alternative,null_skew_n2400,2400,all,2000,EDGE.poly2.u.Grule,0.01,0.49,0.0111781035958699,0.4895,0.01,0,0.49,""
4,cauchit_skew_n2400,alternative,null_skew_n2400,2400,all,2000,EDGE.poly2.u.Grule,0.05,0.69,0.0103416633091587,0.6845,0.0525,0,0.69,""
4,cauchit_skew_n2400,alternative,null_skew_n2400,2400,all,2000,EDGE.poly2.u.Grule,0.1,0.781,0.00924767538357614,0.7965,0.0915,0,0.781,""
4,cauchit_skew_n2400,alternative,null_skew_n2400,2400,all,2000,EDGE.poly2.sc.Grule,0.01,0.6035,0.01093818426431,0.6205,0.0085,0,0.6035,""
4,cauchit_skew_n2400,alternative,null_skew_n2400,2400,all,2000,EDGE.poly2.sc.Grule,0.05,0.767,0.00945280381685773,0.7655,0.05,0,0.767,""
4,cauchit_skew_n2400,alternative,null_skew_n2400,2400,all,2000,EDGE.poly2.sc.Grule,0.1,0.8385,0.00822854027151839,0.844,0.0945,0,0.8385,""
4,cauchit_skew_n2400,alternative,null_skew_n2400,2400,all,2000,EDGE.stk.u.Grule,0.01,0.575,0.0110538454847171,0.5215,0.0155,0,0.575,""
4,cauchit_skew_n2400,alternative,null_skew_n2400,2400,all,2000,EDGE.stk.u.Grule,0.05,0.7165,0.0100778904042463,0.7285,0.043,0,0.7165,""
4,cauchit_skew_n2400,alternative,null_skew_n2400,2400,all,2000,EDGE.stk.u.Grule,0.1,0.7835,0.00920944488012171,0.8,0.0825,0,0.7835,""
4,cauchit_skew_n2400,alternative,null_skew_n2400,2400,all,2000,EDGE.stk.sc.Grule,0.01,0.594,0.0109809835625048,0.504,0.0175,0,0.594,""
4,cauchit_skew_n2400,alternative,null_skew_n2400,2400,all,2000,EDGE.stk.sc.Grule,0.05,0.7485,0.00970174597688478,0.7455,0.05,0,0.7485,""
4,cauchit_skew_n2400,alternative,null_skew_n2400,2400,all,2000,EDGE.stk.sc.Grule,0.1,0.8135,0.00870970005224061,0.8185,0.097,0,0.8135,""
4,cauchit_skew_n2400,alternative,null_skew_n2400,2400,all,2000,EDGE.sym.u.Grule,0.01,0.5875,0.0110078097276434,0.5165,0.0125,0,0.5875,""
4,cauchit_skew_n2400,alternative,null_skew_n2400,2400,all,2000,EDGE.sym.u.Grule,0.05,0.74,0.00980815986819138,0.7645,0.0405,0,0.74,""
4,cauchit_skew_n2400,alternative,null_skew_n2400,2400,all,2000,EDGE.sym.u.Grule,0.1,0.816,0.00866440996259988,0.829,0.082,0,0.816,""
4,cauchit_skew_n2400,alternative,null_skew_n2400,2400,all,2000,EDGE.sym.sc.Grule,0.01,0.6455,0.0106964889099181,0.618,0.012,0,0.6455,""
4,cauchit_skew_n2400,alternative,null_skew_n2400,2400,all,2000,EDGE.sym.sc.Grule,0.05,0.8095,0.00878093816172281,0.8095,0.0495,0,0.8095,""
4,cauchit_skew_n2400,alternative,null_skew_n2400,2400,all,2000,EDGE.sym.sc.Grule,0.1,0.8675,0.00758102070964062,0.873,0.091,0,0.8675,""
4,cauchit_skew_n2400,alternative,null_skew_n2400,2400,all,2000,HL.G10,0.01,0.134,0.00761721733968514,0.15,0.007,0,0.134,""
4,cauchit_skew_n2400,alternative,null_skew_n2400,2400,all,2000,HL.G10,0.05,0.287,0.0101151124561223,0.303,0.044,0,0.287,""
4,cauchit_skew_n2400,alternative,null_skew_n2400,2400,all,2000,HL.G10,0.1,0.418,0.0110289618731774,0.428,0.097,0,0.418,""
4,cauchit_skew_n2400,alternative,null_skew_n2400,2400,all,2000,HL.Grule,0.01,0.0935,0.00650990591329859,0.0915,0.01,0,0.0935,""
4,cauchit_skew_n2400,alternative,null_skew_n2400,2400,all,2000,HL.Grule,0.05,0.2435,0.00959707637773088,0.2585,0.0445,0,0.2435,""
4,cauchit_skew_n2400,alternative,null_skew_n2400,2400,all,2000,HL.Grule,0.1,0.353,0.0106862294566419,0.355,0.098,0,0.353,""
4,cauchit_skew_n2400,alternative,null_skew_n2400,2400,all,2000,HLF.G10,0.01,0.133,0.00759312188760328,0.1435,0.007,0,0.133,""
4,cauchit_skew_n2400,alternative,null_skew_n2400,2400,all,2000,HLF.G10,0.05,0.283,0.0100725120997694,0.296,0.0445,0,0.283,""
4,cauchit_skew_n2400,alternative,null_skew_n2400,2400,all,2000,HLF.G10,0.1,0.411,0.0110017953080395,0.4235,0.096,0,0.411,""
4,cauchit_skew_n2400,alternative,null_skew_n2400,2400,all,2000,HLF.Grule,0.01,0.065,0.00551248582764618,0.065,0.0095,0,0.065,""
4,cauchit_skew_n2400,alternative,null_skew_n2400,2400,all,2000,HLF.Grule,0.05,0.1745,0.00848674702109118,0.1845,0.0435,0,0.1745,""
4,cauchit_skew_n2400,alternative,null_skew_n2400,2400,all,2000,HLF.Grule,0.1,0.277,0.0100067727065223,0.285,0.0955,0,0.277,""
4,cauchit_skew_n2400,alternative,null_skew_n2400,2400,all,2000,Stk.joint,0.01,0.604,0.0109358127269993,0.61,0.009,0,0.604,""
4,cauchit_skew_n2400,alternative,null_skew_n2400,2400,all,2000,Stk.joint,0.05,0.771,0.00939571710940682,0.7675,0.0515,0,0.771,""
4,cauchit_skew_n2400,alternative,null_skew_n2400,2400,all,2000,Stk.joint,0.1,0.836,0.0082796135175502,0.8405,0.096,0,0.836,""
4,cauchit_skew_n2400,alternative,null_skew_n2400,2400,all,2000,Stk.LR,0.01,0.452,0.0111287016313674,0.4535,0.0095,0,0.452,""
4,cauchit_skew_n2400,alternative,null_skew_n2400,2400,all,2000,Stk.LR,0.05,0.6835,0.0104001862964083,0.685,0.049,0,0.6835,""
4,cauchit_skew_n2400,alternative,null_skew_n2400,2400,all,2000,Stk.LR,0.1,0.789,0.00912356838084748,0.799,0.094,0,0.789,""
4,cauchit_skew_n2400,alternative,null_skew_n2400,2400,all,2000,Stk.sym1,0.01,0.683,0.0104045903331174,0.6345,0.0125,0,0.683,""
4,cauchit_skew_n2400,alternative,null_skew_n2400,2400,all,2000,Stk.sym1,0.05,0.8325,0.00834996257476643,0.8215,0.054,0,0.8325,""
4,cauchit_skew_n2400,alternative,null_skew_n2400,2400,all,2000,Stk.sym1,0.1,0.881,0.00724013121428058,0.886,0.0955,0,0.881,""
4,cauchit_skew_n2400,alternative,null_skew_n2400,2400,all,2000,Stk.marg,0.01,0.585,0.0110175995570723,0.4925,0.022,0,0.585,""
4,cauchit_skew_n2400,alternative,null_skew_n2400,2400,all,2000,Stk.marg,0.05,0.749,0.00969533392926721,0.7205,0.062,0,0.749,""
4,cauchit_skew_n2400,alternative,null_skew_n2400,2400,all,2000,Stk.marg,0.1,0.8135,0.00870970005224061,0.8185,0.097,0,0.8135,""
4,cauchit_skew_n2400,alternative,null_skew_n2400,2400,all,2000,GiViTI,0.01,0.469,0.0111588305838918,0.4655,0.01,0,0.469,""
4,cauchit_skew_n2400,alternative,null_skew_n2400,2400,all,2000,GiViTI,0.05,0.708,0.0101670054588359,0.708,0.0495,0,0.708,""
4,cauchit_skew_n2400,alternative,null_skew_n2400,2400,all,2000,GiViTI,0.1,0.793,0.00905955296910394,0.8085,0.0915,0,0.793,""
4,cauchit_skew_n2400,alternative,null_skew_n2400,2400,all,2000,GiViTI.t50,0.01,0.4385,0.0110954438847664,0.4635,0.009,0,0.4385,""
4,cauchit_skew_n2400,alternative,null_skew_n2400,2400,all,2000,GiViTI.t50,0.05,0.6815,0.0104177192801496,0.689,0.0465,0,0.6815,""
4,cauchit_skew_n2400,alternative,null_skew_n2400,2400,all,2000,GiViTI.t50,0.1,0.7765,0.00931524959407959,0.7905,0.092,0,0.7765,""
4,cauchit_skew_n2400,alternative,null_skew_n2400,2400,all,2000,Cubic.LR,0.01,0.368,0.010783691390243,0.415,0.008,0,0.368,""
4,cauchit_skew_n2400,alternative,null_skew_n2400,2400,all,2000,Cubic.LR,0.05,0.6035,0.01093818426431,0.6225,0.043,0,0.6035,""
4,cauchit_skew_n2400,alternative,null_skew_n2400,2400,all,2000,Cubic.LR,0.1,0.7125,0.0101203693114431,0.7305,0.088,0,0.7125,""
4,cauchit_skew_n2400,alternative,null_skew_n2400,2400,all,2000,HL_w,0.01,0.282,0.0100617095962863,0.269,0.012,0,0.282,""
4,cauchit_skew_n2400,alternative,null_skew_n2400,2400,all,2000,HL_w,0.05,0.492,0.0111789087123923,0.492,0.0495,0,0.492,""
4,cauchit_skew_n2400,alternative,null_skew_n2400,2400,all,2000,HL_w,0.1,0.604,0.0109358127269993,0.603,0.101,0,0.604,""
4,cauchit_skew_n2400,alternative,null_skew_n2400,2400,all,2000,PH,0.01,0.1015,0.00675269390687894,0.15,0.0045,0,0.1015,""
4,cauchit_skew_n2400,alternative,null_skew_n2400,2400,all,2000,PH,0.05,0.232,0.00943864397040168,0.306,0.025,0,0.232,""
4,cauchit_skew_n2400,alternative,null_skew_n2400,2400,all,2000,PH,0.1,0.336,0.0105618180253212,0.431,0.0645,0,0.336,""
4,cauchit_skew_n2400,alternative,null_skew_n2400,2400,all,2000,Tsiatis,0.01,0.345,0.0106295578459313,0.3155,0.0115,0,0.345,""
4,cauchit_skew_n2400,alternative,null_skew_n2400,2400,all,2000,Tsiatis,0.05,0.5385,0.0111471464958526,0.5355,0.052,0,0.5385,""
4,cauchit_skew_n2400,alternative,null_skew_n2400,2400,all,2000,Tsiatis,0.1,0.6455,0.0106964889099181,0.648,0.0985,0,0.6455,""
4,cauchit_skew_n2400,alternative,null_skew_n2400,2400,all,2000,Xie,0.01,0.307,0.0103138499116479,0.35,0.0075,0,0.307,""
4,cauchit_skew_n2400,alternative,null_skew_n2400,2400,all,2000,Xie,0.05,0.477,0.0111685048238339,0.5395,0.0285,0,0.477,""
4,cauchit_skew_n2400,alternative,null_skew_n2400,2400,all,2000,Xie,0.1,0.574,0.0110572148391898,0.652,0.0655,0,0.574,""
4,cauchit_skew_n2400,alternative,null_skew_n2400,2400,all,2000,PR,0.01,0.0445,0.00461084319837489,0.0635,0.0085,0,0.0445,""
4,cauchit_skew_n2400,alternative,null_skew_n2400,2400,all,2000,PR,0.05,0.1985,0.00891901760285291,0.1965,0.051,0,0.1985,""
4,cauchit_skew_n2400,alternative,null_skew_n2400,2400,all,2000,PR,0.1,0.35,0.0106653645038508,0.315,0.1185,0,0.35,""
4,cauchit_skew_n4000,alternative,null_skew_n4000,4000,all,2000,flag.evlt.G10,,0,,,,0,,flag rate: share of replicates with the flag = 1
4,cauchit_skew_n4000,alternative,null_skew_n4000,4000,all,2000,flag.evlt.Grule,,0,,,,0,,flag rate: share of replicates with the flag = 1
4,cauchit_skew_n4000,alternative,null_skew_n4000,4000,all,2000,flag.stk_half0,,0,,,,0,,flag rate: share of replicates with the flag = 1
4,cauchit_skew_n4000,alternative,null_skew_n4000,4000,all,2000,flag.stk_diag,,0,,,,0,,flag rate: share of replicates with the flag = 1
4,cauchit_skew_n4000,alternative,null_skew_n4000,4000,all,2000,flag.rivals_run,,1,,,,0,,flag rate: share of replicates with the flag = 1
4,cauchit_skew_n4000,alternative,null_skew_n4000,4000,all,2000,flag.degenerate,,0,,,,0,,flag rate: share of replicates with the flag = 1
4,cauchit_skew_n4000,alternative,null_skew_n4000,4000,all,2000,flag.info_guard,,0,,,,0,,flag rate: share of replicates with the flag = 1
4,cauchit_skew_n4000,alternative,null_skew_n4000,4000,all,2000,flag.rep_error,,0,,,,0,,flag rate: share of replicates with the flag = 1
4,cauchit_skew_n4000,alternative,null_skew_n4000,4000,all,2000,EDGE.poly3.u.G10,0.01,0.552,0.0111197122264922,0.6175,0.0045,0,0.552,""
4,cauchit_skew_n4000,alternative,null_skew_n4000,4000,all,2000,EDGE.poly3.u.G10,0.05,0.7565,0.00959707637773088,0.7565,0.0495,0,0.7565,""
4,cauchit_skew_n4000,alternative,null_skew_n4000,4000,all,2000,EDGE.poly3.u.G10,0.1,0.833,0.00833999400479401,0.833,0.099,0,0.833,""
4,cauchit_skew_n4000,alternative,null_skew_n4000,4000,all,2000,EDGE.poly3.sc.G10,0.01,0.696,0.0102855238077601,0.7065,0.0085,0,0.696,""
4,cauchit_skew_n4000,alternative,null_skew_n4000,4000,all,2000,EDGE.poly3.sc.G10,0.05,0.846,0.00807105941001552,0.848,0.049,0,0.846,""
4,cauchit_skew_n4000,alternative,null_skew_n4000,4000,all,2000,EDGE.poly3.sc.G10,0.1,0.9,0.00670820393249937,0.896,0.106,0,0.9,""
4,cauchit_skew_n4000,alternative,null_skew_n4000,4000,all,2000,EDGE.poly2.u.G10,0.01,0.4705,0.0111608635418591,0.4815,0.0075,0,0.4705,""
4,cauchit_skew_n4000,alternative,null_skew_n4000,4000,all,2000,EDGE.poly2.u.G10,0.05,0.6875,0.0103644524698606,0.681,0.0515,0,0.6875,""
4,cauchit_skew_n4000,alternative,null_skew_n4000,4000,all,2000,EDGE.poly2.u.G10,0.1,0.7755,0.00933005225065755,0.772,0.103,0,0.7755,""
4,cauchit_skew_n4000,alternative,null_skew_n4000,4000,all,2000,EDGE.poly2.sc.G10,0.01,0.684,0.0103957683698705,0.6935,0.009,0,0.684,""
4,cauchit_skew_n4000,alternative,null_skew_n4000,4000,all,2000,EDGE.poly2.sc.G10,0.05,0.8405,0.0081871774745635,0.8345,0.055,0,0.8405,""
4,cauchit_skew_n4000,alternative,null_skew_n4000,4000,all,2000,EDGE.poly2.sc.G10,0.1,0.8905,0.00698246911915835,0.889,0.1055,0,0.8905,""
4,cauchit_skew_n4000,alternative,null_skew_n4000,4000,all,2000,EDGE.stk.u.G10,0.01,0.6105,0.0109038926535435,0.6485,0.006,0,0.6105,""
4,cauchit_skew_n4000,alternative,null_skew_n4000,4000,all,2000,EDGE.stk.u.G10,0.05,0.7895,0.00911563903409958,0.807,0.042,0,0.7895,""
4,cauchit_skew_n4000,alternative,null_skew_n4000,4000,all,2000,EDGE.stk.u.G10,0.1,0.8545,0.00788447049585449,0.8545,0.0985,0,0.8545,""
4,cauchit_skew_n4000,alternative,null_skew_n4000,4000,all,2000,EDGE.stk.sc.G10,0.01,0.6925,0.0103185209695964,0.7065,0.0075,0,0.6925,""
4,cauchit_skew_n4000,alternative,null_skew_n4000,4000,all,2000,EDGE.stk.sc.G10,0.05,0.847,0.00804956520564931,0.844,0.051,0,0.847,""
4,cauchit_skew_n4000,alternative,null_skew_n4000,4000,all,2000,EDGE.stk.sc.G10,0.1,0.903,0.00661781686056663,0.8995,0.104,0,0.903,""
4,cauchit_skew_n4000,alternative,null_skew_n4000,4000,all,2000,EDGE.sym.u.G10,0.01,0.3775,0.0108395975478797,0.3985,0.0075,0,0.3775,""
4,cauchit_skew_n4000,alternative,null_skew_n4000,4000,all,2000,EDGE.sym.u.G10,0.05,0.6115,0.0108988015396189,0.604,0.054,0,0.6115,""
4,cauchit_skew_n4000,alternative,null_skew_n4000,4000,all,2000,EDGE.sym.u.G10,0.1,0.725,0.00998436277385793,0.7055,0.107,0,0.725,""
4,cauchit_skew_n4000,alternative,null_skew_n4000,4000,all,2000,EDGE.sym.sc.G10,0.01,0.306,0.0103044650516172,0.3125,0.0095,0,0.306,""
4,cauchit_skew_n4000,alternative,null_skew_n4000,4000,all,2000,EDGE.sym.sc.G10,0.05,0.5285,0.0111621626488777,0.506,0.0555,0,0.5285,""
4,cauchit_skew_n4000,alternative,null_skew_n4000,4000,all,2000,EDGE.sym.sc.G10,0.1,0.6425,0.0107166634266454,0.6285,0.1075,0,0.6425,""
4,cauchit_skew_n4000,alternative,null_skew_n4000,4000,all,2000,EDGE.poly3.u.Grule,0.01,0.813,0.00871868682772813,0.8205,0.009,0,0.813,""
4,cauchit_skew_n4000,alternative,null_skew_n4000,4000,all,2000,EDGE.poly3.u.Grule,0.05,0.916,0.00620258010830977,0.9145,0.0525,0,0.916,""
4,cauchit_skew_n4000,alternative,null_skew_n4000,4000,all,2000,EDGE.poly3.u.Grule,0.1,0.951,0.00482695556225661,0.9495,0.1005,0,0.951,""
4,cauchit_skew_n4000,alternative,null_skew_n4000,4000,all,2000,EDGE.poly3.sc.Grule,0.01,0.7955,0.00901886217878952,0.762,0.0125,0,0.7955,""
4,cauchit_skew_n4000,alternative,null_skew_n4000,4000,all,2000,EDGE.poly3.sc.Grule,0.05,0.9055,0.00654101482951996,0.9075,0.048,0,0.9055,""
4,cauchit_skew_n4000,alternative,null_skew_n4000,4000,all,2000,EDGE.poly3.sc.Grule,0.1,0.941,0.00526872849936301,0.941,0.0995,0,0.941,""
4,cauchit_skew_n4000,alternative,null_skew_n4000,4000,all,2000,EDGE.poly2.u.Grule,0.01,0.7395,0.00981426894883159,0.739,0.01,0,0.7395,""
4,cauchit_skew_n4000,alternative,null_skew_n4000,4000,all,2000,EDGE.poly2.u.Grule,0.05,0.8765,0.00735689302627135,0.8705,0.053,0,0.8765,""
4,cauchit_skew_n4000,alternative,null_skew_n4000,4000,all,2000,EDGE.poly2.u.Grule,0.1,0.915,0.00623598428477814,0.912,0.1095,0,0.915,""
4,cauchit_skew_n4000,alternative,null_skew_n4000,4000,all,2000,EDGE.poly2.sc.Grule,0.01,0.8185,0.0086185193043817,0.823,0.0095,0,0.8185,""
4,cauchit_skew_n4000,alternative,null_skew_n4000,4000,all,2000,EDGE.poly2.sc.Grule,0.05,0.9255,0.00587153089066216,0.922,0.052,0,0.9255,""
4,cauchit_skew_n4000,alternative,null_skew_n4000,4000,all,2000,EDGE.poly2.sc.Grule,0.1,0.949,0.00491929873051028,0.9485,0.101,0,0.949,""
4,cauchit_skew_n4000,alternative,null_skew_n4000,4000,all,2000,EDGE.stk.u.Grule,0.01,0.7625,0.00951561217158413,0.7155,0.016,0,0.7625,""
4,cauchit_skew_n4000,alternative,null_skew_n4000,4000,all,2000,EDGE.stk.u.Grule,0.05,0.8635,0.00767684017027839,0.8695,0.0465,0,0.8635,""
4,cauchit_skew_n4000,alternative,null_skew_n4000,4000,all,2000,EDGE.stk.u.Grule,0.1,0.908,0.00646281672337998,0.9205,0.08,0,0.908,""
4,cauchit_skew_n4000,alternative,null_skew_n4000,4000,all,2000,EDGE.stk.sc.Grule,0.01,0.805,0.00885931712944062,0.7095,0.019,0,0.805,""
4,cauchit_skew_n4000,alternative,null_skew_n4000,4000,all,2000,EDGE.stk.sc.Grule,0.05,0.911,0.00636706368744651,0.8995,0.056,0,0.911,""
4,cauchit_skew_n4000,alternative,null_skew_n4000,4000,all,2000,EDGE.stk.sc.Grule,0.1,0.943,0.00518415856238985,0.9415,0.1015,0,0.943,""
4,cauchit_skew_n4000,alternative,null_skew_n4000,4000,all,2000,EDGE.sym.u.Grule,0.01,0.7735,0.00935942706579842,0.7215,0.0165,0,0.7735,""
4,cauchit_skew_n4000,alternative,null_skew_n4000,4000,all,2000,EDGE.sym.u.Grule,0.05,0.888,0.00705180827873248,0.897,0.041,0,0.888,""
4,cauchit_skew_n4000,alternative,null_skew_n4000,4000,all,2000,EDGE.sym.u.Grule,0.1,0.925,0.00588960949469487,0.9365,0.08,0,0.925,""
4,cauchit_skew_n4000,alternative,null_skew_n4000,4000,all,2000,EDGE.sym.sc.Grule,0.01,0.867,0.00759312188760328,0.867,0.01,0,0.867,""
4,cauchit_skew_n4000,alternative,null_skew_n4000,4000,all,2000,EDGE.sym.sc.Grule,0.05,0.9435,0.00516273909857936,0.944,0.049,0,0.9435,""
4,cauchit_skew_n4000,alternative,null_skew_n4000,4000,all,2000,EDGE.sym.sc.Grule,0.1,0.966,0.00405240669232495,0.966,0.097,0,0.966,""
4,cauchit_skew_n4000,alternative,null_skew_n4000,4000,all,2000,HL.G10,0.01,0.289,0.0101360495263194,0.2595,0.0105,0,0.289,""
4,cauchit_skew_n4000,alternative,null_skew_n4000,4000,all,2000,HL.G10,0.05,0.507,0.0111792441604967,0.5075,0.0495,0,0.507,""
4,cauchit_skew_n4000,alternative,null_skew_n4000,4000,all,2000,HL.G10,0.1,0.634,0.0107713508902087,0.6345,0.099,0,0.634,""
4,cauchit_skew_n4000,alternative,null_skew_n4000,4000,all,2000,HL.Grule,0.01,0.162,0.00823881059376898,0.1625,0.009,0,0.162,""
4,cauchit_skew_n4000,alternative,null_skew_n4000,4000,all,2000,HL.Grule,0.05,0.3225,0.0104521229900915,0.3295,0.0475,0,0.3225,""
4,cauchit_skew_n4000,alternative,null_skew_n4000,4000,all,2000,HL.Grule,0.1,0.441,0.0111022295058245,0.4435,0.0985,0,0.441,""
4,cauchit_skew_n4000,alternative,null_skew_n4000,4000,all,2000,HLF.G10,0.01,0.2845,0.0100886012410046,0.26,0.0105,0,0.2845,""
4,cauchit_skew_n4000,alternative,null_skew_n4000,4000,all,2000,HLF.G10,0.05,0.5025,0.0111802001323769,0.504,0.0495,0,0.5025,""
4,cauchit_skew_n4000,alternative,null_skew_n4000,4000,all,2000,HLF.G10,0.1,0.6295,0.0107988367429089,0.63,0.0995,0,0.6295,""
4,cauchit_skew_n4000,alternative,null_skew_n4000,4000,all,2000,HLF.Grule,0.01,0.102,0.00676742196113114,0.111,0.0085,0,0.102,""
4,cauchit_skew_n4000,alternative,null_skew_n4000,4000,all,2000,HLF.Grule,0.05,0.234,0.00946688966873492,0.241,0.047,0,0.234,""
4,cauchit_skew_n4000,alternative,null_skew_n4000,4000,all,2000,HLF.Grule,0.1,0.336,0.0105618180253212,0.3475,0.096,0,0.336,""
4,cauchit_skew_n4000,alternative,null_skew_n4000,4000,all,2000,Stk.joint,0.01,0.8185,0.0086185193043817,0.8095,0.011,0,0.8185,""
4,cauchit_skew_n4000,alternative,null_skew_n4000,4000,all,2000,Stk.joint,0.05,0.919,0.00610077863882964,0.92,0.0475,0,0.919,""
4,cauchit_skew_n4000,alternative,null_skew_n4000,4000,all,2000,Stk.joint,0.1,0.9525,0.00475624589355933,0.953,0.0975,0,0.9525,""
4,cauchit_skew_n4000,alternative,null_skew_n4000,4000,all,2000,Stk.LR,0.01,0.748,0.00970814091368682,0.759,0.007,0,0.748,""
4,cauchit_skew_n4000,alternative,null_skew_n4000,4000,all,2000,Stk.LR,0.05,0.8915,0.00695441406590088,0.899,0.045,0,0.8915,""
4,cauchit_skew_n4000,alternative,null_skew_n4000,4000,all,2000,Stk.LR,0.1,0.9335,0.00557125434709276,0.9325,0.101,0,0.9335,""
4,cauchit_skew_n4000,alternative,null_skew_n4000,4000,all,2000,Stk.sym1,0.01,0.8755,0.00738240306404358,0.8755,0.0095,0,0.8755,""
4,cauchit_skew_n4000,alternative,null_skew_n4000,4000,all,2000,Stk.sym1,0.05,0.951,0.00482695556225661,0.954,0.0445,0,0.951,""
4,cauchit_skew_n4000,alternative,null_skew_n4000,4000,all,2000,Stk.sym1,0.1,0.971,0.00375226598204339,0.9725,0.0955,0,0.971,""
4,cauchit_skew_n4000,alternative,null_skew_n4000,4000,all,2000,Stk.marg,0.01,0.813,0.00871868682772813,0.7685,0.0185,0,0.813,""
4,cauchit_skew_n4000,alternative,null_skew_n4000,4000,all,2000,Stk.marg,0.05,0.9,0.00670820393249937,0.883,0.0735,0,0.9,""
4,cauchit_skew_n4000,alternative,null_skew_n4000,4000,all,2000,Stk.marg,0.1,0.9345,0.00553216729681958,0.926,0.118,0,0.9345,""
4,cauchit_skew_n4000,alternative,null_skew_n4000,4000,all,2000,GiViTI,0.01,0.7365,0.00985057739424446,0.774,0.0065,0,0.7365,""
4,cauchit_skew_n4000,alternative,null_skew_n4000,4000,all,2000,GiViTI,0.05,0.8795,0.00727941446821103,0.881,0.048,0,0.8795,""
4,cauchit_skew_n4000,alternative,null_skew_n4000,4000,all,2000,GiViTI,0.1,0.928,0.0057799653978203,0.926,0.1,0,0.928,""
4,cauchit_skew_n4000,alternative,null_skew_n4000,4000,all,2000,GiViTI.t50,0.01,0.7165,0.0100778904042463,0.7745,0.0055,0,0.7165,""
4,cauchit_skew_n4000,alternative,null_skew_n4000,4000,all,2000,GiViTI.t50,0.05,0.8685,0.00755671059390261,0.87,0.047,0,0.8685,""
4,cauchit_skew_n4000,alternative,null_skew_n4000,4000,all,2000,GiViTI.t50,0.1,0.92,0.00606630035524124,0.9215,0.099,0,0.92,""
4,cauchit_skew_n4000,alternative,null_skew_n4000,4000,all,2000,Cubic.LR,0.01,0.658,0.0106074502119972,0.6955,0.006,0,0.658,""
4,cauchit_skew_n4000,alternative,null_skew_n4000,4000,all,2000,Cubic.LR,0.05,0.82,0.00859069263796581,0.8425,0.0385,0,0.82,""
4,cauchit_skew_n4000,alternative,null_skew_n4000,4000,all,2000,Cubic.LR,0.1,0.8815,0.00722695475286791,0.8965,0.0825,0,0.8815,""
4,cauchit_skew_n4000,alternative,null_skew_n4000,4000,all,2000,HL_w,0.01,0.527,0.0111640270512033,0.524,0.01,0,0.527,""
4,cauchit_skew_n4000,alternative,null_skew_n4000,4000,all,2000,HL_w,0.05,0.738,0.00983249713958768,0.7525,0.046,0,0.738,""
4,cauchit_skew_n4000,alternative,null_skew_n4000,4000,all,2000,HL_w,0.1,0.824,0.00851539781807051,0.829,0.094,0,0.824,""
4,cauchit_skew_n4000,alternative,null_skew_n4000,4000,all,2000,PH,0.01,0.2395,0.00954305375652888,0.2645,0.008,0,0.2395,""
4,cauchit_skew_n4000,alternative,null_skew_n4000,4000,all,2000,PH,0.05,0.4375,0.0110926495933118,0.5105,0.03,0,0.4375,""
4,cauchit_skew_n4000,alternative,null_skew_n4000,4000,all,2000,PH,0.1,0.5595,0.0111008952341692,0.6395,0.0665,0,0.5595,""
4,cauchit_skew_n4000,alternative,null_skew_n4000,4000,all,2000,Tsiatis,0.01,0.554,0.0111149448941504,0.5345,0.013,0,0.554,""
4,cauchit_skew_n4000,alternative,null_skew_n4000,4000,all,2000,Tsiatis,0.05,0.741,0.00979589199613797,0.7385,0.05,0,0.741,""
4,cauchit_skew_n4000,alternative,null_skew_n4000,4000,all,2000,Tsiatis,0.1,0.817,0.00864612630025725,0.82,0.0955,0,0.817,""
4,cauchit_skew_n4000,alternative,null_skew_n4000,4000,all,2000,Xie,0.01,0.5035,0.0111800659658161,0.5235,0.0095,0,0.5035,""
4,cauchit_skew_n4000,alternative,null_skew_n4000,4000,all,2000,Xie,0.05,0.695,0.0102950230694253,0.7345,0.0375,0,0.695,""
4,cauchit_skew_n4000,alternative,null_skew_n4000,4000,all,2000,Xie,0.1,0.7755,0.00933005225065755,0.8235,0.0675,0,0.7755,""
4,cauchit_skew_n4000,alternative,null_skew_n4000,4000,all,2000,PR,0.01,0.0875,0.00631837597805006,0.0535,0.014,0,0.0875,""
4,cauchit_skew_n4000,alternative,null_skew_n4000,4000,all,2000,PR,0.05,0.318,0.0104133568074853,0.269,0.0635,0,0.318,""
4,cauchit_skew_n4000,alternative,null_skew_n4000,4000,all,2000,PR,0.1,0.5045,0.0111798870745639,0.423,0.134,0,0.5045,""
4,sparse49_cloglog_n200,alternative,sparse49_n200,200,all,2000,flag.evlt.G10,,0.9995,,,,0,,flag rate: share of replicates with the flag = 1
4,sparse49_cloglog_n200,alternative,sparse49_n200,200,all,2000,flag.evlt.Grule,,0.9995,,,,0,,flag rate: share of replicates with the flag = 1
4,sparse49_cloglog_n200,alternative,sparse49_n200,200,all,2000,flag.stk_half0,,0.5565,,,,0.036,,flag rate: share of replicates with the flag = 1
4,sparse49_cloglog_n200,alternative,sparse49_n200,200,all,2000,flag.stk_diag,,0.5385,,,,0.036,,flag rate: share of replicates with the flag = 1
4,sparse49_cloglog_n200,alternative,sparse49_n200,200,all,2000,flag.rivals_run,,0.964,,,,0.036,,flag rate: share of replicates with the flag = 1
4,sparse49_cloglog_n200,alternative,sparse49_n200,200,all,2000,flag.degenerate,,0.036,,,,0,,flag rate: share of replicates with the flag = 1
4,sparse49_cloglog_n200,alternative,sparse49_n200,200,all,2000,flag.info_guard,,0.001,,,,0.036,,flag rate: share of replicates with the flag = 1
4,sparse49_cloglog_n200,alternative,sparse49_n200,200,all,2000,flag.rep_error,,0,,,,0,,flag rate: share of replicates with the flag = 1
4,sparse49_cloglog_n200,alternative,sparse49_n200,200,all,2000,EDGE.poly3.u.G10,0.01,0.009,0.00211175282644537,0.0075,0.0118,0.088,0.00986842105263158,""
4,sparse49_cloglog_n200,alternative,sparse49_n200,200,all,2000,EDGE.poly3.u.G10,0.05,0.033,0.00399443362693636,0.0495,0.0378,0.088,0.0361842105263158,""
4,sparse49_cloglog_n200,alternative,sparse49_n200,200,all,2000,EDGE.poly3.u.G10,0.1,0.081,0.00610077863882964,0.109,0.0806,0.088,0.0888157894736842,""
4,sparse49_cloglog_n200,alternative,sparse49_n200,200,events<G10,1999,EDGE.poly3.u.G10,0.01,0.00900450225112556,0.00211280443166204,0.00750375187593797,0.0118,0.0880440220110055,0.00987383433900165,""
4,sparse49_cloglog_n200,alternative,sparse49_n200,200,events<G10,1999,EDGE.poly3.u.G10,0.05,0.0330165082541271,0.0039963977299343,0.0495247623811906,0.0378,0.0880440220110055,0.036204059243006,""
4,sparse49_cloglog_n200,alternative,sparse49_n200,200,events<G10,1999,EDGE.poly3.u.G10,0.1,0.0810405202601301,0.00610369598853096,0.109054527263632,0.0806,0.0880440220110055,0.0888645090510148,""
4,sparse49_cloglog_n200,alternative,sparse49_n200,200,events>=G10,1,EDGE.poly3.u.G10,0.01,0,0,0,0.0118,0,0,""
4,sparse49_cloglog_n200,alternative,sparse49_n200,200,events>=G10,1,EDGE.poly3.u.G10,0.05,0,0,0,0.0378,0,0,""
4,sparse49_cloglog_n200,alternative,sparse49_n200,200,events>=G10,1,EDGE.poly3.u.G10,0.1,0,0,0,0.0806,0,0,""
4,sparse49_cloglog_n200,alternative,sparse49_n200,200,events<Grule,1999,EDGE.poly3.u.G10,0.01,0.00900450225112556,0.00211280443166204,0.00750375187593797,0.0118,0.0880440220110055,0.00987383433900165,""
4,sparse49_cloglog_n200,alternative,sparse49_n200,200,events<Grule,1999,EDGE.poly3.u.G10,0.05,0.0330165082541271,0.0039963977299343,0.0495247623811906,0.0378,0.0880440220110055,0.036204059243006,""
4,sparse49_cloglog_n200,alternative,sparse49_n200,200,events<Grule,1999,EDGE.poly3.u.G10,0.1,0.0810405202601301,0.00610369598853096,0.109054527263632,0.0806,0.0880440220110055,0.0888645090510148,""
4,sparse49_cloglog_n200,alternative,sparse49_n200,200,events>=Grule,1,EDGE.poly3.u.G10,0.01,0,0,0,0.0118,0,0,""
4,sparse49_cloglog_n200,alternative,sparse49_n200,200,events>=Grule,1,EDGE.poly3.u.G10,0.05,0,0,0,0.0378,0,0,""
4,sparse49_cloglog_n200,alternative,sparse49_n200,200,events>=Grule,1,EDGE.poly3.u.G10,0.1,0,0,0,0.0806,0,0,""
4,sparse49_cloglog_n200,alternative,sparse49_n200,200,all,2000,EDGE.poly3.sc.G10,0.01,0.003,0.00122290637417588,0.0065,0.0056,0.088,0.00328947368421053,""
4,sparse49_cloglog_n200,alternative,sparse49_n200,200,all,2000,EDGE.poly3.sc.G10,0.05,0.026,0.00355837041354607,0.052,0.0346,0.088,0.0285087719298246,""
4,sparse49_cloglog_n200,alternative,sparse49_n200,200,all,2000,EDGE.poly3.sc.G10,0.1,0.0685,0.00564835152942874,0.096,0.0708,0.088,0.075109649122807,""
4,sparse49_cloglog_n200,alternative,sparse49_n200,200,events<G10,1999,EDGE.poly3.sc.G10,0.01,0.00300150075037519,0.00122351721238193,0.00650325162581291,0.0056,0.0880440220110055,0.00329127811300055,""
4,sparse49_cloglog_n200,alternative,sparse49_n200,200,events<G10,1999,EDGE.poly3.sc.G10,0.05,0.0260130065032516,0.00356012671812132,0.0520260130065033,0.0346,0.0880440220110055,0.0285244103126714,""
4,sparse49_cloglog_n200,alternative,sparse49_n200,200,events<G10,1999,EDGE.poly3.sc.G10,0.1,0.0685342671335668,0.0056510731719748,0.096048024012006,0.0708,0.0880440220110055,0.0751508502468459,""
4,sparse49_cloglog_n200,alternative,sparse49_n200,200,events>=G10,1,EDGE.poly3.sc.G10,0.01,0,0,0,0.0056,0,0,""
4,sparse49_cloglog_n200,alternative,sparse49_n200,200,events>=G10,1,EDGE.poly3.sc.G10,0.05,0,0,0,0.0346,0,0,""
4,sparse49_cloglog_n200,alternative,sparse49_n200,200,events>=G10,1,EDGE.poly3.sc.G10,0.1,0,0,0,0.0708,0,0,""
4,sparse49_cloglog_n200,alternative,sparse49_n200,200,events<Grule,1999,EDGE.poly3.sc.G10,0.01,0.00300150075037519,0.00122351721238193,0.00650325162581291,0.0056,0.0880440220110055,0.00329127811300055,""
4,sparse49_cloglog_n200,alternative,sparse49_n200,200,events<Grule,1999,EDGE.poly3.sc.G10,0.05,0.0260130065032516,0.00356012671812132,0.0520260130065033,0.0346,0.0880440220110055,0.0285244103126714,""
4,sparse49_cloglog_n200,alternative,sparse49_n200,200,events<Grule,1999,EDGE.poly3.sc.G10,0.1,0.0685342671335668,0.0056510731719748,0.096048024012006,0.0708,0.0880440220110055,0.0751508502468459,""
4,sparse49_cloglog_n200,alternative,sparse49_n200,200,events>=Grule,1,EDGE.poly3.sc.G10,0.01,0,0,0,0.0056,0,0,""
4,sparse49_cloglog_n200,alternative,sparse49_n200,200,events>=Grule,1,EDGE.poly3.sc.G10,0.05,0,0,0,0.0346,0,0,""
4,sparse49_cloglog_n200,alternative,sparse49_n200,200,events>=Grule,1,EDGE.poly3.sc.G10,0.1,0,0,0,0.0708,0,0,""
4,sparse49_cloglog_n200,alternative,sparse49_n200,200,all,2000,EDGE.poly2.u.G10,0.01,0.0035,0.0013205585939291,0.008,0.0052,0.0855,0.00382722799343904,""
4,sparse49_cloglog_n200,alternative,sparse49_n200,200,all,2000,EDGE.poly2.u.G10,0.05,0.0375,0.00424816136699161,0.057,0.036,0.0855,0.0410060142154183,""
4,sparse49_cloglog_n200,alternative,sparse49_n200,200,all,2000,EDGE.poly2.u.G10,0.1,0.0895,0.00638317123379908,0.0995,0.0894,0.0855,0.0978676872607983,""
4,sparse49_cloglog_n200,alternative,sparse49_n200,200,events<G10,1999,EDGE.poly2.u.G10,0.01,0.00350175087543772,0.00132121804282275,0.0080040020010005,0.0052,0.0855427713856929,0.00382932166301969,""
4,sparse49_cloglog_n200,alternative,sparse49_n200,200,events<G10,1999,EDGE.poly2.u.G10,0.05,0.0375187593796899,0.00425024509044053,0.0570285142571286,0.036,0.0855427713856929,0.0410284463894967,""
4,sparse49_cloglog_n200,alternative,sparse49_n200,200,events<G10,1999,EDGE.poly2.u.G10,0.1,0.0895447723861931,0.00638620739443148,0.0995497748874437,0.0894,0.0855427713856929,0.0979212253829322,""
4,sparse49_cloglog_n200,alternative,sparse49_n200,200,events>=G10,1,EDGE.poly2.u.G10,0.01,0,0,0,0.0052,0,0,""
4,sparse49_cloglog_n200,alternative,sparse49_n200,200,events>=G10,1,EDGE.poly2.u.G10,0.05,0,0,0,0.036,0,0,""
4,sparse49_cloglog_n200,alternative,sparse49_n200,200,events>=G10,1,EDGE.poly2.u.G10,0.1,0,0,0,0.0894,0,0,""
4,sparse49_cloglog_n200,alternative,sparse49_n200,200,events<Grule,1999,EDGE.poly2.u.G10,0.01,0.00350175087543772,0.00132121804282275,0.0080040020010005,0.0052,0.0855427713856929,0.00382932166301969,""
4,sparse49_cloglog_n200,alternative,sparse49_n200,200,events<Grule,1999,EDGE.poly2.u.G10,0.05,0.0375187593796899,0.00425024509044053,0.0570285142571286,0.036,0.0855427713856929,0.0410284463894967,""
4,sparse49_cloglog_n200,alternative,sparse49_n200,200,events<Grule,1999,EDGE.poly2.u.G10,0.1,0.0895447723861931,0.00638620739443148,0.0995497748874437,0.0894,0.0855427713856929,0.0979212253829322,""
4,sparse49_cloglog_n200,alternative,sparse49_n200,200,events>=Grule,1,EDGE.poly2.u.G10,0.01,0,0,0,0.0052,0,0,""
4,sparse49_cloglog_n200,alternative,sparse49_n200,200,events>=Grule,1,EDGE.poly2.u.G10,0.05,0,0,0,0.036,0,0,""
4,sparse49_cloglog_n200,alternative,sparse49_n200,200,events>=Grule,1,EDGE.poly2.u.G10,0.1,0,0,0,0.0894,0,0,""
4,sparse49_cloglog_n200,alternative,sparse49_n200,200,all,2000,EDGE.poly2.sc.G10,0.01,0.004,0.00141138230115019,0.0085,0.0058,0.0855,0.00437397484964461,""
4,sparse49_cloglog_n200,alternative,sparse49_n200,200,all,2000,EDGE.poly2.sc.G10,0.05,0.0385,0.00430219420761081,0.047,0.0438,0.0855,0.0420995079278294,""
4,sparse49_cloglog_n200,alternative,sparse49_n200,200,all,2000,EDGE.poly2.sc.G10,0.1,0.0805,0.0060835741961449,0.0915,0.09,0.0855,0.0880262438490979,""
4,sparse49_cloglog_n200,alternative,sparse49_n200,200,events<G10,1999,EDGE.poly2.sc.G10,0.01,0.00400200100050025,0.00141208692685352,0.00850425212606303,0.0058,0.0855427713856929,0.00437636761487965,""
4,sparse49_cloglog_n200,alternative,sparse49_n200,200,events<G10,1999,EDGE.poly2.sc.G10,0.05,0.0385192596298149,0.00430430327079963,0.0470235117558779,0.0438,0.0855427713856929,0.0421225382932166,""
4,sparse49_cloglog_n200,alternative,sparse49_n200,200,events<G10,1999,EDGE.poly2.sc.G10,0.1,0.0805402701350675,0.00608648421963755,0.0915457728864432,0.09,0.0855427713856929,0.088074398249453,""
4,sparse49_cloglog_n200,alternative,sparse49_n200,200,events>=G10,1,EDGE.poly2.sc.G10,0.01,0,0,0,0.0058,0,0,""
4,sparse49_cloglog_n200,alternative,sparse49_n200,200,events>=G10,1,EDGE.poly2.sc.G10,0.05,0,0,0,0.0438,0,0,""
4,sparse49_cloglog_n200,alternative,sparse49_n200,200,events>=G10,1,EDGE.poly2.sc.G10,0.1,0,0,0,0.09,0,0,""
4,sparse49_cloglog_n200,alternative,sparse49_n200,200,events<Grule,1999,EDGE.poly2.sc.G10,0.01,0.00400200100050025,0.00141208692685352,0.00850425212606303,0.0058,0.0855427713856929,0.00437636761487965,""
4,sparse49_cloglog_n200,alternative,sparse49_n200,200,events<Grule,1999,EDGE.poly2.sc.G10,0.05,0.0385192596298149,0.00430430327079963,0.0470235117558779,0.0438,0.0855427713856929,0.0421225382932166,""
4,sparse49_cloglog_n200,alternative,sparse49_n200,200,events<Grule,1999,EDGE.poly2.sc.G10,0.1,0.0805402701350675,0.00608648421963755,0.0915457728864432,0.09,0.0855427713856929,0.088074398249453,""
4,sparse49_cloglog_n200,alternative,sparse49_n200,200,events>=Grule,1,EDGE.poly2.sc.G10,0.01,0,0,0,0.0058,0,0,""
4,sparse49_cloglog_n200,alternative,sparse49_n200,200,events>=Grule,1,EDGE.poly2.sc.G10,0.05,0,0,0,0.0438,0,0,""
4,sparse49_cloglog_n200,alternative,sparse49_n200,200,events>=Grule,1,EDGE.poly2.sc.G10,0.1,0,0,0,0.09,0,0,""
4,sparse49_cloglog_n200,alternative,sparse49_n200,200,all,2000,EDGE.stk.u.G10,0.01,0.015,0.00271799558498538,0.0125,0.0114,0.036,0.0155601659751037,""
4,sparse49_cloglog_n200,alternative,sparse49_n200,200,all,2000,EDGE.stk.u.G10,0.05,0.03,0.00381444622455213,0.052,0.0272,0.036,0.0311203319502075,""
4,sparse49_cloglog_n200,alternative,sparse49_n200,200,all,2000,EDGE.stk.u.G10,0.1,0.048,0.00477995815881269,0.11,0.0446,0.036,0.049792531120332,""
4,sparse49_cloglog_n200,alternative,sparse49_n200,200,events<G10,1999,EDGE.stk.u.G10,0.01,0.0150075037518759,0.00271934490454257,0.0125062531265633,0.0114,0.0360180090045023,0.0155682407887909,""
4,sparse49_cloglog_n200,alternative,sparse49_n200,200,events<G10,1999,EDGE.stk.u.G10,0.05,0.0300150075037519,0.00381632487898263,0.0520260130065033,0.0272,0.0360180090045023,0.0311364815775817,""
4,sparse49_cloglog_n200,alternative,sparse49_n200,200,events<G10,1999,EDGE.stk.u.G10,0.1,0.048024012006003,0.0047822890212289,0.110055027513757,0.0446,0.0360180090045023,0.0498183705241308,""
4,sparse49_cloglog_n200,alternative,sparse49_n200,200,events>=G10,1,EDGE.stk.u.G10,0.01,0,0,0,0.0114,0,0,""
4,sparse49_cloglog_n200,alternative,sparse49_n200,200,events>=G10,1,EDGE.stk.u.G10,0.05,0,0,0,0.0272,0,0,""
4,sparse49_cloglog_n200,alternative,sparse49_n200,200,events>=G10,1,EDGE.stk.u.G10,0.1,0,0,0,0.0446,0,0,""
4,sparse49_cloglog_n200,alternative,sparse49_n200,200,events<Grule,1999,EDGE.stk.u.G10,0.01,0.0150075037518759,0.00271934490454257,0.0125062531265633,0.0114,0.0360180090045023,0.0155682407887909,""
4,sparse49_cloglog_n200,alternative,sparse49_n200,200,events<Grule,1999,EDGE.stk.u.G10,0.05,0.0300150075037519,0.00381632487898263,0.0520260130065033,0.0272,0.0360180090045023,0.0311364815775817,""
4,sparse49_cloglog_n200,alternative,sparse49_n200,200,events<Grule,1999,EDGE.stk.u.G10,0.1,0.048024012006003,0.0047822890212289,0.110055027513757,0.0446,0.0360180090045023,0.0498183705241308,""
4,sparse49_cloglog_n200,alternative,sparse49_n200,200,events>=Grule,1,EDGE.stk.u.G10,0.01,0,0,0,0.0114,0,0,""
4,sparse49_cloglog_n200,alternative,sparse49_n200,200,events>=Grule,1,EDGE.stk.u.G10,0.05,0,0,0,0.0272,0,0,""
4,sparse49_cloglog_n200,alternative,sparse49_n200,200,events>=Grule,1,EDGE.stk.u.G10,0.1,0,0,0,0.0446,0,0,""
4,sparse49_cloglog_n200,alternative,sparse49_n200,200,all,2000,EDGE.stk.sc.G10,0.01,0.004,0.00141138230115019,0.008,0.0058,0.036,0.004149377593361,""
4,sparse49_cloglog_n200,alternative,sparse49_n200,200,all,2000,EDGE.stk.sc.G10,0.05,0.0335,0.00402354010791492,0.0455,0.0356,0.036,0.0347510373443983,""
4,sparse49_cloglog_n200,alternative,sparse49_n200,200,all,2000,EDGE.stk.sc.G10,0.1,0.0675,0.00560997994648822,0.0915,0.0774,0.036,0.0700207468879668,""
4,sparse49_cloglog_n200,alternative,sparse49_n200,200,events<G10,1999,EDGE.stk.sc.G10,0.01,0.00400200100050025,0.00141208692685352,0.0080040020010005,0.0058,0.0360180090045023,0.0041515308770109,""
4,sparse49_cloglog_n200,alternative,sparse49_n200,200,events<G10,1999,EDGE.stk.sc.G10,0.05,0.0335167583791896,0.00402551798418425,0.0455227613806903,0.0356,0.0360180090045023,0.0347690710949663,""
4,sparse49_cloglog_n200,alternative,sparse49_n200,200,events<G10,1999,EDGE.stk.sc.G10,0.1,0.0675337668834417,0.00561268471605597,0.0915457728864432,0.0774,0.0360180090045023,0.0700570835495589,""
4,sparse49_cloglog_n200,alternative,sparse49_n200,200,events>=G10,1,EDGE.stk.sc.G10,0.01,0,0,0,0.0058,0,0,""
4,sparse49_cloglog_n200,alternative,sparse49_n200,200,events>=G10,1,EDGE.stk.sc.G10,0.05,0,0,0,0.0356,0,0,""
4,sparse49_cloglog_n200,alternative,sparse49_n200,200,events>=G10,1,EDGE.stk.sc.G10,0.1,0,0,0,0.0774,0,0,""
4,sparse49_cloglog_n200,alternative,sparse49_n200,200,events<Grule,1999,EDGE.stk.sc.G10,0.01,0.00400200100050025,0.00141208692685352,0.0080040020010005,0.0058,0.0360180090045023,0.0041515308770109,""
4,sparse49_cloglog_n200,alternative,sparse49_n200,200,events<Grule,1999,EDGE.stk.sc.G10,0.05,0.0335167583791896,0.00402551798418425,0.0455227613806903,0.0356,0.0360180090045023,0.0347690710949663,""
4,sparse49_cloglog_n200,alternative,sparse49_n200,200,events<Grule,1999,EDGE.stk.sc.G10,0.1,0.0675337668834417,0.00561268471605597,0.0915457728864432,0.0774,0.0360180090045023,0.0700570835495589,""
4,sparse49_cloglog_n200,alternative,sparse49_n200,200,events>=Grule,1,EDGE.stk.sc.G10,0.01,0,0,0,0.0058,0,0,""
4,sparse49_cloglog_n200,alternative,sparse49_n200,200,events>=Grule,1,EDGE.stk.sc.G10,0.05,0,0,0,0.0356,0,0,""
4,sparse49_cloglog_n200,alternative,sparse49_n200,200,events>=Grule,1,EDGE.stk.sc.G10,0.1,0,0,0,0.0774,0,0,""
4,sparse49_cloglog_n200,alternative,sparse49_n200,200,all,2000,EDGE.sym.u.G10,0.01,0.011,0.00233227356885937,0.0125,0.009,0.036,0.0114107883817427,""
4,sparse49_cloglog_n200,alternative,sparse49_n200,200,all,2000,EDGE.sym.u.G10,0.05,0.032,0.00393547964039963,0.05,0.0314,0.036,0.033195020746888,""
4,sparse49_cloglog_n200,alternative,sparse49_n200,200,all,2000,EDGE.sym.u.G10,0.1,0.06,0.0053103672189407,0.103,0.0608,0.036,0.0622406639004149,""
4,sparse49_cloglog_n200,alternative,sparse49_n200,200,events<G10,1999,EDGE.sym.u.G10,0.01,0.0110055027513757,0.0023334337974166,0.0125062531265633,0.009,0.0360180090045023,0.01141670991178,""
4,sparse49_cloglog_n200,alternative,sparse49_n200,200,events<G10,1999,EDGE.sym.u.G10,0.05,0.032016008004002,0.00393741580727316,0.0500250125062531,0.0314,0.0360180090045023,0.0332122470160872,""
4,sparse49_cloglog_n200,alternative,sparse49_n200,200,events<G10,1999,EDGE.sym.u.G10,0.1,0.0600300150075038,0.00531293890542303,0.103051525762881,0.0608,0.0360180090045023,0.0622729631551635,""
4,sparse49_cloglog_n200,alternative,sparse49_n200,200,events>=G10,1,EDGE.sym.u.G10,0.01,0,0,0,0.009,0,0,""
4,sparse49_cloglog_n200,alternative,sparse49_n200,200,events>=G10,1,EDGE.sym.u.G10,0.05,0,0,0,0.0314,0,0,""
4,sparse49_cloglog_n200,alternative,sparse49_n200,200,events>=G10,1,EDGE.sym.u.G10,0.1,0,0,0,0.0608,0,0,""
4,sparse49_cloglog_n200,alternative,sparse49_n200,200,events<Grule,1999,EDGE.sym.u.G10,0.01,0.0110055027513757,0.0023334337974166,0.0125062531265633,0.009,0.0360180090045023,0.01141670991178,""
4,sparse49_cloglog_n200,alternative,sparse49_n200,200,events<Grule,1999,EDGE.sym.u.G10,0.05,0.032016008004002,0.00393741580727316,0.0500250125062531,0.0314,0.0360180090045023,0.0332122470160872,""
4,sparse49_cloglog_n200,alternative,sparse49_n200,200,events<Grule,1999,EDGE.sym.u.G10,0.1,0.0600300150075038,0.00531293890542303,0.103051525762881,0.0608,0.0360180090045023,0.0622729631551635,""
4,sparse49_cloglog_n200,alternative,sparse49_n200,200,events>=Grule,1,EDGE.sym.u.G10,0.01,0,0,0,0.009,0,0,""
4,sparse49_cloglog_n200,alternative,sparse49_n200,200,events>=Grule,1,EDGE.sym.u.G10,0.05,0,0,0,0.0314,0,0,""
4,sparse49_cloglog_n200,alternative,sparse49_n200,200,events>=Grule,1,EDGE.sym.u.G10,0.1,0,0,0,0.0608,0,0,""
4,sparse49_cloglog_n200,alternative,sparse49_n200,200,all,2000,EDGE.sym.sc.G10,0.01,0.005,0.00157718102955875,0.011,0.006,0.036,0.00518672199170125,""
4,sparse49_cloglog_n200,alternative,sparse49_n200,200,all,2000,EDGE.sym.sc.G10,0.05,0.038,0.00427527776875375,0.04,0.0482,0.036,0.0394190871369295,""
4,sparse49_cloglog_n200,alternative,sparse49_n200,200,all,2000,EDGE.sym.sc.G10,0.1,0.093,0.00649426670225361,0.091,0.1016,0.036,0.0964730290456432,""
4,sparse49_cloglog_n200,alternative,sparse49_n200,200,events<G10,1999,EDGE.sym.sc.G10,0.01,0.00500250125062531,0.00157796803119871,0.0110055027513757,0.006,0.0360180090045023,0.00518941359626362,""
4,sparse49_cloglog_n200,alternative,sparse49_n200,200,events<G10,1999,EDGE.sym.sc.G10,0.05,0.0380190095047524,0.00427737421505329,0.0400200100050025,0.0482,0.0360180090045023,0.0394395433316035,""
4,sparse49_cloglog_n200,alternative,sparse49_n200,200,events<G10,1999,EDGE.sym.sc.G10,0.1,0.0930465232616308,0.0064973488174874,0.0910455227613807,0.1016,0.0360180090045023,0.0965230928905034,""
4,sparse49_cloglog_n200,alternative,sparse49_n200,200,events>=G10,1,EDGE.sym.sc.G10,0.01,0,0,0,0.006,0,0,""
4,sparse49_cloglog_n200,alternative,sparse49_n200,200,events>=G10,1,EDGE.sym.sc.G10,0.05,0,0,0,0.0482,0,0,""
4,sparse49_cloglog_n200,alternative,sparse49_n200,200,events>=G10,1,EDGE.sym.sc.G10,0.1,0,0,0,0.1016,0,0,""
4,sparse49_cloglog_n200,alternative,sparse49_n200,200,events<Grule,1999,EDGE.sym.sc.G10,0.01,0.00500250125062531,0.00157796803119871,0.0110055027513757,0.006,0.0360180090045023,0.00518941359626362,""
4,sparse49_cloglog_n200,alternative,sparse49_n200,200,events<Grule,1999,EDGE.sym.sc.G10,0.05,0.0380190095047524,0.00427737421505329,0.0400200100050025,0.0482,0.0360180090045023,0.0394395433316035,""
4,sparse49_cloglog_n200,alternative,sparse49_n200,200,events<Grule,1999,EDGE.sym.sc.G10,0.1,0.0930465232616308,0.0064973488174874,0.0910455227613807,0.1016,0.0360180090045023,0.0965230928905034,""
4,sparse49_cloglog_n200,alternative,sparse49_n200,200,events>=Grule,1,EDGE.sym.sc.G10,0.01,0,0,0,0.006,0,0,""
4,sparse49_cloglog_n200,alternative,sparse49_n200,200,events>=Grule,1,EDGE.sym.sc.G10,0.05,0,0,0,0.0482,0,0,""
4,sparse49_cloglog_n200,alternative,sparse49_n200,200,events>=Grule,1,EDGE.sym.sc.G10,0.1,0,0,0,0.1016,0,0,""
4,sparse49_cloglog_n200,alternative,sparse49_n200,200,all,2000,EDGE.poly3.u.Grule,0.01,0.009,0.00211175282644537,0.0075,0.0118,0.088,0.00986842105263158,""
4,sparse49_cloglog_n200,alternative,sparse49_n200,200,all,2000,EDGE.poly3.u.Grule,0.05,0.033,0.00399443362693636,0.0495,0.0378,0.088,0.0361842105263158,""
4,sparse49_cloglog_n200,alternative,sparse49_n200,200,all,2000,EDGE.poly3.u.Grule,0.1,0.081,0.00610077863882964,0.109,0.0806,0.088,0.0888157894736842,""
4,sparse49_cloglog_n200,alternative,sparse49_n200,200,events<G10,1999,EDGE.poly3.u.Grule,0.01,0.00900450225112556,0.00211280443166204,0.00750375187593797,0.0118,0.0880440220110055,0.00987383433900165,""
4,sparse49_cloglog_n200,alternative,sparse49_n200,200,events<G10,1999,EDGE.poly3.u.Grule,0.05,0.0330165082541271,0.0039963977299343,0.0495247623811906,0.0378,0.0880440220110055,0.036204059243006,""
4,sparse49_cloglog_n200,alternative,sparse49_n200,200,events<G10,1999,EDGE.poly3.u.Grule,0.1,0.0810405202601301,0.00610369598853096,0.109054527263632,0.0806,0.0880440220110055,0.0888645090510148,""
4,sparse49_cloglog_n200,alternative,sparse49_n200,200,events>=G10,1,EDGE.poly3.u.Grule,0.01,0,0,0,0.0118,0,0,""
4,sparse49_cloglog_n200,alternative,sparse49_n200,200,events>=G10,1,EDGE.poly3.u.Grule,0.05,0,0,0,0.0378,0,0,""
4,sparse49_cloglog_n200,alternative,sparse49_n200,200,events>=G10,1,EDGE.poly3.u.Grule,0.1,0,0,0,0.0806,0,0,""
4,sparse49_cloglog_n200,alternative,sparse49_n200,200,events<Grule,1999,EDGE.poly3.u.Grule,0.01,0.00900450225112556,0.00211280443166204,0.00750375187593797,0.0118,0.0880440220110055,0.00987383433900165,""
4,sparse49_cloglog_n200,alternative,sparse49_n200,200,events<Grule,1999,EDGE.poly3.u.Grule,0.05,0.0330165082541271,0.0039963977299343,0.0495247623811906,0.0378,0.0880440220110055,0.036204059243006,""
4,sparse49_cloglog_n200,alternative,sparse49_n200,200,events<Grule,1999,EDGE.poly3.u.Grule,0.1,0.0810405202601301,0.00610369598853096,0.109054527263632,0.0806,0.0880440220110055,0.0888645090510148,""
4,sparse49_cloglog_n200,alternative,sparse49_n200,200,events>=Grule,1,EDGE.poly3.u.Grule,0.01,0,0,0,0.0118,0,0,""
4,sparse49_cloglog_n200,alternative,sparse49_n200,200,events>=Grule,1,EDGE.poly3.u.Grule,0.05,0,0,0,0.0378,0,0,""
4,sparse49_cloglog_n200,alternative,sparse49_n200,200,events>=Grule,1,EDGE.poly3.u.Grule,0.1,0,0,0,0.0806,0,0,""
4,sparse49_cloglog_n200,alternative,sparse49_n200,200,all,2000,EDGE.poly3.sc.Grule,0.01,0.003,0.00122290637417588,0.0065,0.0056,0.088,0.00328947368421053,""
4,sparse49_cloglog_n200,alternative,sparse49_n200,200,all,2000,EDGE.poly3.sc.Grule,0.05,0.026,0.00355837041354607,0.052,0.0346,0.088,0.0285087719298246,""
4,sparse49_cloglog_n200,alternative,sparse49_n200,200,all,2000,EDGE.poly3.sc.Grule,0.1,0.0685,0.00564835152942874,0.096,0.0708,0.088,0.075109649122807,""
4,sparse49_cloglog_n200,alternative,sparse49_n200,200,events<G10,1999,EDGE.poly3.sc.Grule,0.01,0.00300150075037519,0.00122351721238193,0.00650325162581291,0.0056,0.0880440220110055,0.00329127811300055,""
4,sparse49_cloglog_n200,alternative,sparse49_n200,200,events<G10,1999,EDGE.poly3.sc.Grule,0.05,0.0260130065032516,0.00356012671812132,0.0520260130065033,0.0346,0.0880440220110055,0.0285244103126714,""
4,sparse49_cloglog_n200,alternative,sparse49_n200,200,events<G10,1999,EDGE.poly3.sc.Grule,0.1,0.0685342671335668,0.0056510731719748,0.096048024012006,0.0708,0.0880440220110055,0.0751508502468459,""
4,sparse49_cloglog_n200,alternative,sparse49_n200,200,events>=G10,1,EDGE.poly3.sc.Grule,0.01,0,0,0,0.0056,0,0,""
4,sparse49_cloglog_n200,alternative,sparse49_n200,200,events>=G10,1,EDGE.poly3.sc.Grule,0.05,0,0,0,0.0346,0,0,""
4,sparse49_cloglog_n200,alternative,sparse49_n200,200,events>=G10,1,EDGE.poly3.sc.Grule,0.1,0,0,0,0.0708,0,0,""
4,sparse49_cloglog_n200,alternative,sparse49_n200,200,events<Grule,1999,EDGE.poly3.sc.Grule,0.01,0.00300150075037519,0.00122351721238193,0.00650325162581291,0.0056,0.0880440220110055,0.00329127811300055,""
4,sparse49_cloglog_n200,alternative,sparse49_n200,200,events<Grule,1999,EDGE.poly3.sc.Grule,0.05,0.0260130065032516,0.00356012671812132,0.0520260130065033,0.0346,0.0880440220110055,0.0285244103126714,""
4,sparse49_cloglog_n200,alternative,sparse49_n200,200,events<Grule,1999,EDGE.poly3.sc.Grule,0.1,0.0685342671335668,0.0056510731719748,0.096048024012006,0.0708,0.0880440220110055,0.0751508502468459,""
4,sparse49_cloglog_n200,alternative,sparse49_n200,200,events>=Grule,1,EDGE.poly3.sc.Grule,0.01,0,0,0,0.0056,0,0,""
4,sparse49_cloglog_n200,alternative,sparse49_n200,200,events>=Grule,1,EDGE.poly3.sc.Grule,0.05,0,0,0,0.0346,0,0,""
4,sparse49_cloglog_n200,alternative,sparse49_n200,200,events>=Grule,1,EDGE.poly3.sc.Grule,0.1,0,0,0,0.0708,0,0,""
4,sparse49_cloglog_n200,alternative,sparse49_n200,200,all,2000,EDGE.poly2.u.Grule,0.01,0.0035,0.0013205585939291,0.008,0.0052,0.0855,0.00382722799343904,""
4,sparse49_cloglog_n200,alternative,sparse49_n200,200,all,2000,EDGE.poly2.u.Grule,0.05,0.0375,0.00424816136699161,0.057,0.036,0.0855,0.0410060142154183,""
4,sparse49_cloglog_n200,alternative,sparse49_n200,200,all,2000,EDGE.poly2.u.Grule,0.1,0.0895,0.00638317123379908,0.0995,0.0894,0.0855,0.0978676872607983,""
4,sparse49_cloglog_n200,alternative,sparse49_n200,200,events<G10,1999,EDGE.poly2.u.Grule,0.01,0.00350175087543772,0.00132121804282275,0.0080040020010005,0.0052,0.0855427713856929,0.00382932166301969,""
4,sparse49_cloglog_n200,alternative,sparse49_n200,200,events<G10,1999,EDGE.poly2.u.Grule,0.05,0.0375187593796899,0.00425024509044053,0.0570285142571286,0.036,0.0855427713856929,0.0410284463894967,""
4,sparse49_cloglog_n200,alternative,sparse49_n200,200,events<G10,1999,EDGE.poly2.u.Grule,0.1,0.0895447723861931,0.00638620739443148,0.0995497748874437,0.0894,0.0855427713856929,0.0979212253829322,""
4,sparse49_cloglog_n200,alternative,sparse49_n200,200,events>=G10,1,EDGE.poly2.u.Grule,0.01,0,0,0,0.0052,0,0,""
4,sparse49_cloglog_n200,alternative,sparse49_n200,200,events>=G10,1,EDGE.poly2.u.Grule,0.05,0,0,0,0.036,0,0,""
4,sparse49_cloglog_n200,alternative,sparse49_n200,200,events>=G10,1,EDGE.poly2.u.Grule,0.1,0,0,0,0.0894,0,0,""
4,sparse49_cloglog_n200,alternative,sparse49_n200,200,events<Grule,1999,EDGE.poly2.u.Grule,0.01,0.00350175087543772,0.00132121804282275,0.0080040020010005,0.0052,0.0855427713856929,0.00382932166301969,""
4,sparse49_cloglog_n200,alternative,sparse49_n200,200,events<Grule,1999,EDGE.poly2.u.Grule,0.05,0.0375187593796899,0.00425024509044053,0.0570285142571286,0.036,0.0855427713856929,0.0410284463894967,""
4,sparse49_cloglog_n200,alternative,sparse49_n200,200,events<Grule,1999,EDGE.poly2.u.Grule,0.1,0.0895447723861931,0.00638620739443148,0.0995497748874437,0.0894,0.0855427713856929,0.0979212253829322,""
4,sparse49_cloglog_n200,alternative,sparse49_n200,200,events>=Grule,1,EDGE.poly2.u.Grule,0.01,0,0,0,0.0052,0,0,""
4,sparse49_cloglog_n200,alternative,sparse49_n200,200,events>=Grule,1,EDGE.poly2.u.Grule,0.05,0,0,0,0.036,0,0,""
4,sparse49_cloglog_n200,alternative,sparse49_n200,200,events>=Grule,1,EDGE.poly2.u.Grule,0.1,0,0,0,0.0894,0,0,""
4,sparse49_cloglog_n200,alternative,sparse49_n200,200,all,2000,EDGE.poly2.sc.Grule,0.01,0.004,0.00141138230115019,0.0085,0.0058,0.0855,0.00437397484964461,""
4,sparse49_cloglog_n200,alternative,sparse49_n200,200,all,2000,EDGE.poly2.sc.Grule,0.05,0.0385,0.00430219420761081,0.047,0.0438,0.0855,0.0420995079278294,""
4,sparse49_cloglog_n200,alternative,sparse49_n200,200,all,2000,EDGE.poly2.sc.Grule,0.1,0.0805,0.0060835741961449,0.0915,0.09,0.0855,0.0880262438490979,""
4,sparse49_cloglog_n200,alternative,sparse49_n200,200,events<G10,1999,EDGE.poly2.sc.Grule,0.01,0.00400200100050025,0.00141208692685352,0.00850425212606303,0.0058,0.0855427713856929,0.00437636761487965,""
4,sparse49_cloglog_n200,alternative,sparse49_n200,200,events<G10,1999,EDGE.poly2.sc.Grule,0.05,0.0385192596298149,0.00430430327079963,0.0470235117558779,0.0438,0.0855427713856929,0.0421225382932166,""
4,sparse49_cloglog_n200,alternative,sparse49_n200,200,events<G10,1999,EDGE.poly2.sc.Grule,0.1,0.0805402701350675,0.00608648421963755,0.0915457728864432,0.09,0.0855427713856929,0.088074398249453,""
4,sparse49_cloglog_n200,alternative,sparse49_n200,200,events>=G10,1,EDGE.poly2.sc.Grule,0.01,0,0,0,0.0058,0,0,""
4,sparse49_cloglog_n200,alternative,sparse49_n200,200,events>=G10,1,EDGE.poly2.sc.Grule,0.05,0,0,0,0.0438,0,0,""
4,sparse49_cloglog_n200,alternative,sparse49_n200,200,events>=G10,1,EDGE.poly2.sc.Grule,0.1,0,0,0,0.09,0,0,""
4,sparse49_cloglog_n200,alternative,sparse49_n200,200,events<Grule,1999,EDGE.poly2.sc.Grule,0.01,0.00400200100050025,0.00141208692685352,0.00850425212606303,0.0058,0.0855427713856929,0.00437636761487965,""
4,sparse49_cloglog_n200,alternative,sparse49_n200,200,events<Grule,1999,EDGE.poly2.sc.Grule,0.05,0.0385192596298149,0.00430430327079963,0.0470235117558779,0.0438,0.0855427713856929,0.0421225382932166,""
4,sparse49_cloglog_n200,alternative,sparse49_n200,200,events<Grule,1999,EDGE.poly2.sc.Grule,0.1,0.0805402701350675,0.00608648421963755,0.0915457728864432,0.09,0.0855427713856929,0.088074398249453,""
4,sparse49_cloglog_n200,alternative,sparse49_n200,200,events>=Grule,1,EDGE.poly2.sc.Grule,0.01,0,0,0,0.0058,0,0,""
4,sparse49_cloglog_n200,alternative,sparse49_n200,200,events>=Grule,1,EDGE.poly2.sc.Grule,0.05,0,0,0,0.0438,0,0,""
4,sparse49_cloglog_n200,alternative,sparse49_n200,200,events>=Grule,1,EDGE.poly2.sc.Grule,0.1,0,0,0,0.09,0,0,""
4,sparse49_cloglog_n200,alternative,sparse49_n200,200,all,2000,EDGE.stk.u.Grule,0.01,0.015,0.00271799558498538,0.0125,0.0114,0.036,0.0155601659751037,""
4,sparse49_cloglog_n200,alternative,sparse49_n200,200,all,2000,EDGE.stk.u.Grule,0.05,0.03,0.00381444622455213,0.052,0.0272,0.036,0.0311203319502075,""
4,sparse49_cloglog_n200,alternative,sparse49_n200,200,all,2000,EDGE.stk.u.Grule,0.1,0.048,0.00477995815881269,0.11,0.0446,0.036,0.049792531120332,""
4,sparse49_cloglog_n200,alternative,sparse49_n200,200,events<G10,1999,EDGE.stk.u.Grule,0.01,0.0150075037518759,0.00271934490454257,0.0125062531265633,0.0114,0.0360180090045023,0.0155682407887909,""
4,sparse49_cloglog_n200,alternative,sparse49_n200,200,events<G10,1999,EDGE.stk.u.Grule,0.05,0.0300150075037519,0.00381632487898263,0.0520260130065033,0.0272,0.0360180090045023,0.0311364815775817,""
4,sparse49_cloglog_n200,alternative,sparse49_n200,200,events<G10,1999,EDGE.stk.u.Grule,0.1,0.048024012006003,0.0047822890212289,0.110055027513757,0.0446,0.0360180090045023,0.0498183705241308,""
4,sparse49_cloglog_n200,alternative,sparse49_n200,200,events>=G10,1,EDGE.stk.u.Grule,0.01,0,0,0,0.0114,0,0,""
4,sparse49_cloglog_n200,alternative,sparse49_n200,200,events>=G10,1,EDGE.stk.u.Grule,0.05,0,0,0,0.0272,0,0,""
4,sparse49_cloglog_n200,alternative,sparse49_n200,200,events>=G10,1,EDGE.stk.u.Grule,0.1,0,0,0,0.0446,0,0,""
4,sparse49_cloglog_n200,alternative,sparse49_n200,200,events<Grule,1999,EDGE.stk.u.Grule,0.01,0.0150075037518759,0.00271934490454257,0.0125062531265633,0.0114,0.0360180090045023,0.0155682407887909,""
4,sparse49_cloglog_n200,alternative,sparse49_n200,200,events<Grule,1999,EDGE.stk.u.Grule,0.05,0.0300150075037519,0.00381632487898263,0.0520260130065033,0.0272,0.0360180090045023,0.0311364815775817,""
4,sparse49_cloglog_n200,alternative,sparse49_n200,200,events<Grule,1999,EDGE.stk.u.Grule,0.1,0.048024012006003,0.0047822890212289,0.110055027513757,0.0446,0.0360180090045023,0.0498183705241308,""
4,sparse49_cloglog_n200,alternative,sparse49_n200,200,events>=Grule,1,EDGE.stk.u.Grule,0.01,0,0,0,0.0114,0,0,""
4,sparse49_cloglog_n200,alternative,sparse49_n200,200,events>=Grule,1,EDGE.stk.u.Grule,0.05,0,0,0,0.0272,0,0,""
4,sparse49_cloglog_n200,alternative,sparse49_n200,200,events>=Grule,1,EDGE.stk.u.Grule,0.1,0,0,0,0.0446,0,0,""
4,sparse49_cloglog_n200,alternative,sparse49_n200,200,all,2000,EDGE.stk.sc.Grule,0.01,0.004,0.00141138230115019,0.008,0.0058,0.036,0.004149377593361,""
4,sparse49_cloglog_n200,alternative,sparse49_n200,200,all,2000,EDGE.stk.sc.Grule,0.05,0.0335,0.00402354010791492,0.0455,0.0356,0.036,0.0347510373443983,""
4,sparse49_cloglog_n200,alternative,sparse49_n200,200,all,2000,EDGE.stk.sc.Grule,0.1,0.0675,0.00560997994648822,0.0915,0.0774,0.036,0.0700207468879668,""
4,sparse49_cloglog_n200,alternative,sparse49_n200,200,events<G10,1999,EDGE.stk.sc.Grule,0.01,0.00400200100050025,0.00141208692685352,0.0080040020010005,0.0058,0.0360180090045023,0.0041515308770109,""
4,sparse49_cloglog_n200,alternative,sparse49_n200,200,events<G10,1999,EDGE.stk.sc.Grule,0.05,0.0335167583791896,0.00402551798418425,0.0455227613806903,0.0356,0.0360180090045023,0.0347690710949663,""
4,sparse49_cloglog_n200,alternative,sparse49_n200,200,events<G10,1999,EDGE.stk.sc.Grule,0.1,0.0675337668834417,0.00561268471605597,0.0915457728864432,0.0774,0.0360180090045023,0.0700570835495589,""
4,sparse49_cloglog_n200,alternative,sparse49_n200,200,events>=G10,1,EDGE.stk.sc.Grule,0.01,0,0,0,0.0058,0,0,""
4,sparse49_cloglog_n200,alternative,sparse49_n200,200,events>=G10,1,EDGE.stk.sc.Grule,0.05,0,0,0,0.0356,0,0,""
4,sparse49_cloglog_n200,alternative,sparse49_n200,200,events>=G10,1,EDGE.stk.sc.Grule,0.1,0,0,0,0.0774,0,0,""
4,sparse49_cloglog_n200,alternative,sparse49_n200,200,events<Grule,1999,EDGE.stk.sc.Grule,0.01,0.00400200100050025,0.00141208692685352,0.0080040020010005,0.0058,0.0360180090045023,0.0041515308770109,""
4,sparse49_cloglog_n200,alternative,sparse49_n200,200,events<Grule,1999,EDGE.stk.sc.Grule,0.05,0.0335167583791896,0.00402551798418425,0.0455227613806903,0.0356,0.0360180090045023,0.0347690710949663,""
4,sparse49_cloglog_n200,alternative,sparse49_n200,200,events<Grule,1999,EDGE.stk.sc.Grule,0.1,0.0675337668834417,0.00561268471605597,0.0915457728864432,0.0774,0.0360180090045023,0.0700570835495589,""
4,sparse49_cloglog_n200,alternative,sparse49_n200,200,events>=Grule,1,EDGE.stk.sc.Grule,0.01,0,0,0,0.0058,0,0,""
4,sparse49_cloglog_n200,alternative,sparse49_n200,200,events>=Grule,1,EDGE.stk.sc.Grule,0.05,0,0,0,0.0356,0,0,""
4,sparse49_cloglog_n200,alternative,sparse49_n200,200,events>=Grule,1,EDGE.stk.sc.Grule,0.1,0,0,0,0.0774,0,0,""
4,sparse49_cloglog_n200,alternative,sparse49_n200,200,all,2000,EDGE.sym.u.Grule,0.01,0.011,0.00233227356885937,0.0125,0.009,0.036,0.0114107883817427,""
4,sparse49_cloglog_n200,alternative,sparse49_n200,200,all,2000,EDGE.sym.u.Grule,0.05,0.032,0.00393547964039963,0.05,0.0314,0.036,0.033195020746888,""
4,sparse49_cloglog_n200,alternative,sparse49_n200,200,all,2000,EDGE.sym.u.Grule,0.1,0.06,0.0053103672189407,0.103,0.0608,0.036,0.0622406639004149,""
4,sparse49_cloglog_n200,alternative,sparse49_n200,200,events<G10,1999,EDGE.sym.u.Grule,0.01,0.0110055027513757,0.0023334337974166,0.0125062531265633,0.009,0.0360180090045023,0.01141670991178,""
4,sparse49_cloglog_n200,alternative,sparse49_n200,200,events<G10,1999,EDGE.sym.u.Grule,0.05,0.032016008004002,0.00393741580727316,0.0500250125062531,0.0314,0.0360180090045023,0.0332122470160872,""
4,sparse49_cloglog_n200,alternative,sparse49_n200,200,events<G10,1999,EDGE.sym.u.Grule,0.1,0.0600300150075038,0.00531293890542303,0.103051525762881,0.0608,0.0360180090045023,0.0622729631551635,""
4,sparse49_cloglog_n200,alternative,sparse49_n200,200,events>=G10,1,EDGE.sym.u.Grule,0.01,0,0,0,0.009,0,0,""
4,sparse49_cloglog_n200,alternative,sparse49_n200,200,events>=G10,1,EDGE.sym.u.Grule,0.05,0,0,0,0.0314,0,0,""
4,sparse49_cloglog_n200,alternative,sparse49_n200,200,events>=G10,1,EDGE.sym.u.Grule,0.1,0,0,0,0.0608,0,0,""
4,sparse49_cloglog_n200,alternative,sparse49_n200,200,events<Grule,1999,EDGE.sym.u.Grule,0.01,0.0110055027513757,0.0023334337974166,0.0125062531265633,0.009,0.0360180090045023,0.01141670991178,""
4,sparse49_cloglog_n200,alternative,sparse49_n200,200,events<Grule,1999,EDGE.sym.u.Grule,0.05,0.032016008004002,0.00393741580727316,0.0500250125062531,0.0314,0.0360180090045023,0.0332122470160872,""
4,sparse49_cloglog_n200,alternative,sparse49_n200,200,events<Grule,1999,EDGE.sym.u.Grule,0.1,0.0600300150075038,0.00531293890542303,0.103051525762881,0.0608,0.0360180090045023,0.0622729631551635,""
4,sparse49_cloglog_n200,alternative,sparse49_n200,200,events>=Grule,1,EDGE.sym.u.Grule,0.01,0,0,0,0.009,0,0,""
4,sparse49_cloglog_n200,alternative,sparse49_n200,200,events>=Grule,1,EDGE.sym.u.Grule,0.05,0,0,0,0.0314,0,0,""
4,sparse49_cloglog_n200,alternative,sparse49_n200,200,events>=Grule,1,EDGE.sym.u.Grule,0.1,0,0,0,0.0608,0,0,""
4,sparse49_cloglog_n200,alternative,sparse49_n200,200,all,2000,EDGE.sym.sc.Grule,0.01,0.005,0.00157718102955875,0.011,0.006,0.036,0.00518672199170125,""
4,sparse49_cloglog_n200,alternative,sparse49_n200,200,all,2000,EDGE.sym.sc.Grule,0.05,0.038,0.00427527776875375,0.04,0.0482,0.036,0.0394190871369295,""
4,sparse49_cloglog_n200,alternative,sparse49_n200,200,all,2000,EDGE.sym.sc.Grule,0.1,0.093,0.00649426670225361,0.091,0.1016,0.036,0.0964730290456432,""
4,sparse49_cloglog_n200,alternative,sparse49_n200,200,events<G10,1999,EDGE.sym.sc.Grule,0.01,0.00500250125062531,0.00157796803119871,0.0110055027513757,0.006,0.0360180090045023,0.00518941359626362,""
4,sparse49_cloglog_n200,alternative,sparse49_n200,200,events<G10,1999,EDGE.sym.sc.Grule,0.05,0.0380190095047524,0.00427737421505329,0.0400200100050025,0.0482,0.0360180090045023,0.0394395433316035,""
4,sparse49_cloglog_n200,alternative,sparse49_n200,200,events<G10,1999,EDGE.sym.sc.Grule,0.1,0.0930465232616308,0.0064973488174874,0.0910455227613807,0.1016,0.0360180090045023,0.0965230928905034,""
4,sparse49_cloglog_n200,alternative,sparse49_n200,200,events>=G10,1,EDGE.sym.sc.Grule,0.01,0,0,0,0.006,0,0,""
4,sparse49_cloglog_n200,alternative,sparse49_n200,200,events>=G10,1,EDGE.sym.sc.Grule,0.05,0,0,0,0.0482,0,0,""
4,sparse49_cloglog_n200,alternative,sparse49_n200,200,events>=G10,1,EDGE.sym.sc.Grule,0.1,0,0,0,0.1016,0,0,""
4,sparse49_cloglog_n200,alternative,sparse49_n200,200,events<Grule,1999,EDGE.sym.sc.Grule,0.01,0.00500250125062531,0.00157796803119871,0.0110055027513757,0.006,0.0360180090045023,0.00518941359626362,""
4,sparse49_cloglog_n200,alternative,sparse49_n200,200,events<Grule,1999,EDGE.sym.sc.Grule,0.05,0.0380190095047524,0.00427737421505329,0.0400200100050025,0.0482,0.0360180090045023,0.0394395433316035,""
4,sparse49_cloglog_n200,alternative,sparse49_n200,200,events<Grule,1999,EDGE.sym.sc.Grule,0.1,0.0930465232616308,0.0064973488174874,0.0910455227613807,0.1016,0.0360180090045023,0.0965230928905034,""
4,sparse49_cloglog_n200,alternative,sparse49_n200,200,events>=Grule,1,EDGE.sym.sc.Grule,0.01,0,0,0,0.006,0,0,""
4,sparse49_cloglog_n200,alternative,sparse49_n200,200,events>=Grule,1,EDGE.sym.sc.Grule,0.05,0,0,0,0.0482,0,0,""
4,sparse49_cloglog_n200,alternative,sparse49_n200,200,events>=Grule,1,EDGE.sym.sc.Grule,0.1,0,0,0,0.1016,0,0,""
4,sparse49_cloglog_n200,alternative,sparse49_n200,200,all,2000,HL.G10,0.01,0.0225,0.00331615364541512,0.0135,0.0184,0.036,0.0233402489626556,""
4,sparse49_cloglog_n200,alternative,sparse49_n200,200,all,2000,HL.G10,0.05,0.049,0.00482695556225661,0.049,0.0496,0.036,0.0508298755186722,""
4,sparse49_cloglog_n200,alternative,sparse49_n200,200,all,2000,HL.G10,0.1,0.076,0.00592553795026241,0.1095,0.0742,0.036,0.0788381742738589,""
4,sparse49_cloglog_n200,alternative,sparse49_n200,200,events<G10,1999,HL.G10,0.01,0.0225112556278139,0.00331779344981335,0.0135067533766883,0.0184,0.0360180090045023,0.0233523611831863,""
4,sparse49_cloglog_n200,alternative,sparse49_n200,200,events<G10,1999,HL.G10,0.05,0.0490245122561281,0.00482930800788332,0.0490245122561281,0.0496,0.0360180090045023,0.0508562532433835,""
4,sparse49_cloglog_n200,alternative,sparse49_n200,200,events<G10,1999,HL.G10,0.1,0.0760380190095048,0.00592838023269419,0.109554777388694,0.0742,0.0360180090045023,0.0788790866632071,""
4,sparse49_cloglog_n200,alternative,sparse49_n200,200,events>=G10,1,HL.G10,0.01,0,0,0,0.0184,0,0,""
4,sparse49_cloglog_n200,alternative,sparse49_n200,200,events>=G10,1,HL.G10,0.05,0,0,0,0.0496,0,0,""
4,sparse49_cloglog_n200,alternative,sparse49_n200,200,events>=G10,1,HL.G10,0.1,0,0,0,0.0742,0,0,""
4,sparse49_cloglog_n200,alternative,sparse49_n200,200,events<Grule,1999,HL.G10,0.01,0.0225112556278139,0.00331779344981335,0.0135067533766883,0.0184,0.0360180090045023,0.0233523611831863,""
4,sparse49_cloglog_n200,alternative,sparse49_n200,200,events<Grule,1999,HL.G10,0.05,0.0490245122561281,0.00482930800788332,0.0490245122561281,0.0496,0.0360180090045023,0.0508562532433835,""
4,sparse49_cloglog_n200,alternative,sparse49_n200,200,events<Grule,1999,HL.G10,0.1,0.0760380190095048,0.00592838023269419,0.109554777388694,0.0742,0.0360180090045023,0.0788790866632071,""
4,sparse49_cloglog_n200,alternative,sparse49_n200,200,events>=Grule,1,HL.G10,0.01,0,0,0,0.0184,0,0,""
4,sparse49_cloglog_n200,alternative,sparse49_n200,200,events>=Grule,1,HL.G10,0.05,0,0,0,0.0496,0,0,""
4,sparse49_cloglog_n200,alternative,sparse49_n200,200,events>=Grule,1,HL.G10,0.1,0,0,0,0.0742,0,0,""
4,sparse49_cloglog_n200,alternative,sparse49_n200,200,all,2000,HL.Grule,0.01,0.0225,0.00331615364541512,0.0135,0.0184,0.036,0.0233402489626556,""
4,sparse49_cloglog_n200,alternative,sparse49_n200,200,all,2000,HL.Grule,0.05,0.049,0.00482695556225661,0.049,0.0496,0.036,0.0508298755186722,""
4,sparse49_cloglog_n200,alternative,sparse49_n200,200,all,2000,HL.Grule,0.1,0.076,0.00592553795026241,0.1095,0.0742,0.036,0.0788381742738589,""
4,sparse49_cloglog_n200,alternative,sparse49_n200,200,events<G10,1999,HL.Grule,0.01,0.0225112556278139,0.00331779344981335,0.0135067533766883,0.0184,0.0360180090045023,0.0233523611831863,""
4,sparse49_cloglog_n200,alternative,sparse49_n200,200,events<G10,1999,HL.Grule,0.05,0.0490245122561281,0.00482930800788332,0.0490245122561281,0.0496,0.0360180090045023,0.0508562532433835,""
4,sparse49_cloglog_n200,alternative,sparse49_n200,200,events<G10,1999,HL.Grule,0.1,0.0760380190095048,0.00592838023269419,0.109554777388694,0.0742,0.0360180090045023,0.0788790866632071,""
4,sparse49_cloglog_n200,alternative,sparse49_n200,200,events>=G10,1,HL.Grule,0.01,0,0,0,0.0184,0,0,""
4,sparse49_cloglog_n200,alternative,sparse49_n200,200,events>=G10,1,HL.Grule,0.05,0,0,0,0.0496,0,0,""
4,sparse49_cloglog_n200,alternative,sparse49_n200,200,events>=G10,1,HL.Grule,0.1,0,0,0,0.0742,0,0,""
4,sparse49_cloglog_n200,alternative,sparse49_n200,200,events<Grule,1999,HL.Grule,0.01,0.0225112556278139,0.00331779344981335,0.0135067533766883,0.0184,0.0360180090045023,0.0233523611831863,""
4,sparse49_cloglog_n200,alternative,sparse49_n200,200,events<Grule,1999,HL.Grule,0.05,0.0490245122561281,0.00482930800788332,0.0490245122561281,0.0496,0.0360180090045023,0.0508562532433835,""
4,sparse49_cloglog_n200,alternative,sparse49_n200,200,events<Grule,1999,HL.Grule,0.1,0.0760380190095048,0.00592838023269419,0.109554777388694,0.0742,0.0360180090045023,0.0788790866632071,""
4,sparse49_cloglog_n200,alternative,sparse49_n200,200,events>=Grule,1,HL.Grule,0.01,0,0,0,0.0184,0,0,""
4,sparse49_cloglog_n200,alternative,sparse49_n200,200,events>=Grule,1,HL.Grule,0.05,0,0,0,0.0496,0,0,""
4,sparse49_cloglog_n200,alternative,sparse49_n200,200,events>=Grule,1,HL.Grule,0.1,0,0,0,0.0742,0,0,""
4,sparse49_cloglog_n200,alternative,sparse49_n200,200,all,2000,HLF.G10,0.01,0.005,0.00157718102955875,0.0095,0.0018,0.036,0.00518672199170125,""
4,sparse49_cloglog_n200,alternative,sparse49_n200,200,all,2000,HLF.G10,0.05,0.0135,0.00258047960658479,0.045,0.0158,0.036,0.0140041493775934,""
4,sparse49_cloglog_n200,alternative,sparse49_n200,200,all,2000,HLF.G10,0.1,0.026,0.00355837041354607,0.093,0.0314,0.036,0.0269709543568465,""
4,sparse49_cloglog_n200,alternative,sparse49_n200,200,events<G10,1999,HLF.G10,0.01,0.00500250125062531,0.00157796803119871,0.00950475237618809,0.0018,0.0360180090045023,0.00518941359626362,""
4,sparse49_cloglog_n200,alternative,sparse49_n200,200,events<G10,1999,HLF.G10,0.05,0.0135067533766883,0.00258176165467992,0.0450225112556278,0.0158,0.0360180090045023,0.0140114167099118,""
4,sparse49_cloglog_n200,alternative,sparse49_n200,200,events<G10,1999,HLF.G10,0.1,0.0260130065032516,0.00356012671812132,0.0930465232616308,0.0314,0.0360180090045023,0.0269849507005708,""
4,sparse49_cloglog_n200,alternative,sparse49_n200,200,events>=G10,1,HLF.G10,0.01,0,0,0,0.0018,0,0,""
4,sparse49_cloglog_n200,alternative,sparse49_n200,200,events>=G10,1,HLF.G10,0.05,0,0,0,0.0158,0,0,""
4,sparse49_cloglog_n200,alternative,sparse49_n200,200,events>=G10,1,HLF.G10,0.1,0,0,0,0.0314,0,0,""
4,sparse49_cloglog_n200,alternative,sparse49_n200,200,events<Grule,1999,HLF.G10,0.01,0.00500250125062531,0.00157796803119871,0.00950475237618809,0.0018,0.0360180090045023,0.00518941359626362,""
4,sparse49_cloglog_n200,alternative,sparse49_n200,200,events<Grule,1999,HLF.G10,0.05,0.0135067533766883,0.00258176165467992,0.0450225112556278,0.0158,0.0360180090045023,0.0140114167099118,""
4,sparse49_cloglog_n200,alternative,sparse49_n200,200,events<Grule,1999,HLF.G10,0.1,0.0260130065032516,0.00356012671812132,0.0930465232616308,0.0314,0.0360180090045023,0.0269849507005708,""
4,sparse49_cloglog_n200,alternative,sparse49_n200,200,events>=Grule,1,HLF.G10,0.01,0,0,0,0.0018,0,0,""
4,sparse49_cloglog_n200,alternative,sparse49_n200,200,events>=Grule,1,HLF.G10,0.05,0,0,0,0.0158,0,0,""
4,sparse49_cloglog_n200,alternative,sparse49_n200,200,events>=Grule,1,HLF.G10,0.1,0,0,0,0.0314,0,0,""
4,sparse49_cloglog_n200,alternative,sparse49_n200,200,all,2000,HLF.Grule,0.01,0.005,0.00157718102955875,0.0095,0.0018,0.036,0.00518672199170125,""
4,sparse49_cloglog_n200,alternative,sparse49_n200,200,all,2000,HLF.Grule,0.05,0.0135,0.00258047960658479,0.045,0.0158,0.036,0.0140041493775934,""
4,sparse49_cloglog_n200,alternative,sparse49_n200,200,all,2000,HLF.Grule,0.1,0.026,0.00355837041354607,0.093,0.0314,0.036,0.0269709543568465,""
4,sparse49_cloglog_n200,alternative,sparse49_n200,200,events<G10,1999,HLF.Grule,0.01,0.00500250125062531,0.00157796803119871,0.00950475237618809,0.0018,0.0360180090045023,0.00518941359626362,""
4,sparse49_cloglog_n200,alternative,sparse49_n200,200,events<G10,1999,HLF.Grule,0.05,0.0135067533766883,0.00258176165467992,0.0450225112556278,0.0158,0.0360180090045023,0.0140114167099118,""
4,sparse49_cloglog_n200,alternative,sparse49_n200,200,events<G10,1999,HLF.Grule,0.1,0.0260130065032516,0.00356012671812132,0.0930465232616308,0.0314,0.0360180090045023,0.0269849507005708,""
4,sparse49_cloglog_n200,alternative,sparse49_n200,200,events>=G10,1,HLF.Grule,0.01,0,0,0,0.0018,0,0,""
4,sparse49_cloglog_n200,alternative,sparse49_n200,200,events>=G10,1,HLF.Grule,0.05,0,0,0,0.0158,0,0,""
4,sparse49_cloglog_n200,alternative,sparse49_n200,200,events>=G10,1,HLF.Grule,0.1,0,0,0,0.0314,0,0,""
4,sparse49_cloglog_n200,alternative,sparse49_n200,200,events<Grule,1999,HLF.Grule,0.01,0.00500250125062531,0.00157796803119871,0.00950475237618809,0.0018,0.0360180090045023,0.00518941359626362,""
4,sparse49_cloglog_n200,alternative,sparse49_n200,200,events<Grule,1999,HLF.Grule,0.05,0.0135067533766883,0.00258176165467992,0.0450225112556278,0.0158,0.0360180090045023,0.0140114167099118,""
4,sparse49_cloglog_n200,alternative,sparse49_n200,200,events<Grule,1999,HLF.Grule,0.1,0.0260130065032516,0.00356012671812132,0.0930465232616308,0.0314,0.0360180090045023,0.0269849507005708,""
4,sparse49_cloglog_n200,alternative,sparse49_n200,200,events>=Grule,1,HLF.Grule,0.01,0,0,0,0.0018,0,0,""
4,sparse49_cloglog_n200,alternative,sparse49_n200,200,events>=Grule,1,HLF.Grule,0.05,0,0,0,0.0158,0,0,""
4,sparse49_cloglog_n200,alternative,sparse49_n200,200,events>=Grule,1,HLF.Grule,0.1,0,0,0,0.0314,0,0,""
4,sparse49_cloglog_n200,alternative,sparse49_n200,200,all,2000,Stk.joint,0.01,0.0075,0.00192921616207205,0.012,0.007,0.037,0.00778816199376947,""
4,sparse49_cloglog_n200,alternative,sparse49_n200,200,all,2000,Stk.joint,0.05,0.0295,0.0037835003634201,0.0505,0.0304,0.037,0.0306334371754933,""
4,sparse49_cloglog_n200,alternative,sparse49_n200,200,all,2000,Stk.joint,0.1,0.0735,0.00583514138646186,0.0985,0.0714,0.037,0.0763239875389408,""
4,sparse49_cloglog_n200,alternative,sparse49_n200,200,events<G10,1999,Stk.joint,0.01,0.00750375187593797,0.00193017760443268,0.0120060030015008,0.007,0.0370185092546273,0.00779220779220779,""
4,sparse49_cloglog_n200,alternative,sparse49_n200,200,events<G10,1999,Stk.joint,0.05,0.0295147573786893,0.00378536427958364,0.0505252626313157,0.0304,0.0370185092546273,0.0306493506493506,""
4,sparse49_cloglog_n200,alternative,sparse49_n200,200,events<G10,1999,Stk.joint,0.1,0.0735367683841921,0.00583794457307707,0.0985492746373187,0.0714,0.0370185092546273,0.0763636363636364,""
4,sparse49_cloglog_n200,alternative,sparse49_n200,200,events>=G10,1,Stk.joint,0.01,0,0,0,0.007,0,0,""
4,sparse49_cloglog_n200,alternative,sparse49_n200,200,events>=G10,1,Stk.joint,0.05,0,0,0,0.0304,0,0,""
4,sparse49_cloglog_n200,alternative,sparse49_n200,200,events>=G10,1,Stk.joint,0.1,0,0,0,0.0714,0,0,""
4,sparse49_cloglog_n200,alternative,sparse49_n200,200,events<Grule,1999,Stk.joint,0.01,0.00750375187593797,0.00193017760443268,0.0120060030015008,0.007,0.0370185092546273,0.00779220779220779,""
4,sparse49_cloglog_n200,alternative,sparse49_n200,200,events<Grule,1999,Stk.joint,0.05,0.0295147573786893,0.00378536427958364,0.0505252626313157,0.0304,0.0370185092546273,0.0306493506493506,""
4,sparse49_cloglog_n200,alternative,sparse49_n200,200,events<Grule,1999,Stk.joint,0.1,0.0735367683841921,0.00583794457307707,0.0985492746373187,0.0714,0.0370185092546273,0.0763636363636364,""
4,sparse49_cloglog_n200,alternative,sparse49_n200,200,events>=Grule,1,Stk.joint,0.01,0,0,0,0.007,0,0,""
4,sparse49_cloglog_n200,alternative,sparse49_n200,200,events>=Grule,1,Stk.joint,0.05,0,0,0,0.0304,0,0,""
4,sparse49_cloglog_n200,alternative,sparse49_n200,200,events>=Grule,1,Stk.joint,0.1,0,0,0,0.0714,0,0,""
4,sparse49_cloglog_n200,alternative,sparse49_n200,200,all,2000,Stk.LR,0.01,0.041,0.00443390347211123,0.0105,0.0434,0.246,0.0543766578249337,""
4,sparse49_cloglog_n200,alternative,sparse49_n200,200,all,2000,Stk.LR,0.05,0.114,0.00710647591989166,0.045,0.1166,0.246,0.151193633952255,""
4,sparse49_cloglog_n200,alternative,sparse49_n200,200,all,2000,Stk.LR,0.1,0.179,0.00857201843208471,0.0985,0.1794,0.246,0.237400530503979,""
4,sparse49_cloglog_n200,alternative,sparse49_n200,200,events<G10,1999,Stk.LR,0.01,0.0410205102551276,0.00443607409467594,0.0105052526263132,0.0434,0.246123061530765,0.0544127405441274,""
4,sparse49_cloglog_n200,alternative,sparse49_n200,200,events<G10,1999,Stk.LR,0.05,0.114057028514257,0.00710980210859552,0.0450225112556278,0.1166,0.246123061530765,0.15129396151294,""
4,sparse49_cloglog_n200,alternative,sparse49_n200,200,events<G10,1999,Stk.LR,0.1,0.179089544772386,0.00857583887261109,0.0985492746373187,0.1794,0.246123061530765,0.237558062375581,""
4,sparse49_cloglog_n200,alternative,sparse49_n200,200,events>=G10,1,Stk.LR,0.01,0,0,0,0.0434,0,0,""
4,sparse49_cloglog_n200,alternative,sparse49_n200,200,events>=G10,1,Stk.LR,0.05,0,0,0,0.1166,0,0,""
4,sparse49_cloglog_n200,alternative,sparse49_n200,200,events>=G10,1,Stk.LR,0.1,0,0,0,0.1794,0,0,""
4,sparse49_cloglog_n200,alternative,sparse49_n200,200,events<Grule,1999,Stk.LR,0.01,0.0410205102551276,0.00443607409467594,0.0105052526263132,0.0434,0.246123061530765,0.0544127405441274,""
4,sparse49_cloglog_n200,alternative,sparse49_n200,200,events<Grule,1999,Stk.LR,0.05,0.114057028514257,0.00710980210859552,0.0450225112556278,0.1166,0.246123061530765,0.15129396151294,""
4,sparse49_cloglog_n200,alternative,sparse49_n200,200,events<Grule,1999,Stk.LR,0.1,0.179089544772386,0.00857583887261109,0.0985492746373187,0.1794,0.246123061530765,0.237558062375581,""
4,sparse49_cloglog_n200,alternative,sparse49_n200,200,events>=Grule,1,Stk.LR,0.01,0,0,0,0.0434,0,0,""
4,sparse49_cloglog_n200,alternative,sparse49_n200,200,events>=Grule,1,Stk.LR,0.05,0,0,0,0.1166,0,0,""
4,sparse49_cloglog_n200,alternative,sparse49_n200,200,events>=Grule,1,Stk.LR,0.1,0,0,0,0.1794,0,0,""
4,sparse49_cloglog_n200,alternative,sparse49_n200,200,all,2000,Stk.sym1,0.01,0.006,0.0017268468374468,0.011,0.0062,0.037,0.00623052959501558,""
4,sparse49_cloglog_n200,alternative,sparse49_n200,200,all,2000,Stk.sym1,0.05,0.028,0.00368890227574546,0.0485,0.0308,0.037,0.0290758047767394,""
4,sparse49_cloglog_n200,alternative,sparse49_n200,200,all,2000,Stk.sym1,0.1,0.074,0.0058533750947637,0.0995,0.075,0.037,0.0768431983385255,""
4,sparse49_cloglog_n200,alternative,sparse49_n200,200,events<G10,1999,Stk.sym1,0.01,0.00600300150075038,0.00172770808427767,0.0110055027513757,0.0062,0.0370185092546273,0.00623376623376623,""
4,sparse49_cloglog_n200,alternative,sparse49_n200,200,events<G10,1999,Stk.sym1,0.05,0.0280140070035018,0.00369072105671968,0.0485242621310655,0.0308,0.0370185092546273,0.0290909090909091,""
4,sparse49_cloglog_n200,alternative,sparse49_n200,200,events<G10,1999,Stk.sym1,0.1,0.0740370185092546,0.00585618618710902,0.0995497748874437,0.075,0.0370185092546273,0.0768831168831169,""
4,sparse49_cloglog_n200,alternative,sparse49_n200,200,events>=G10,1,Stk.sym1,0.01,0,0,0,0.0062,0,0,""
4,sparse49_cloglog_n200,alternative,sparse49_n200,200,events>=G10,1,Stk.sym1,0.05,0,0,0,0.0308,0,0,""
4,sparse49_cloglog_n200,alternative,sparse49_n200,200,events>=G10,1,Stk.sym1,0.1,0,0,0,0.075,0,0,""
4,sparse49_cloglog_n200,alternative,sparse49_n200,200,events<Grule,1999,Stk.sym1,0.01,0.00600300150075038,0.00172770808427767,0.0110055027513757,0.0062,0.0370185092546273,0.00623376623376623,""
4,sparse49_cloglog_n200,alternative,sparse49_n200,200,events<Grule,1999,Stk.sym1,0.05,0.0280140070035018,0.00369072105671968,0.0485242621310655,0.0308,0.0370185092546273,0.0290909090909091,""
4,sparse49_cloglog_n200,alternative,sparse49_n200,200,events<Grule,1999,Stk.sym1,0.1,0.0740370185092546,0.00585618618710902,0.0995497748874437,0.075,0.0370185092546273,0.0768831168831169,""
4,sparse49_cloglog_n200,alternative,sparse49_n200,200,events>=Grule,1,Stk.sym1,0.01,0,0,0,0.0062,0,0,""
4,sparse49_cloglog_n200,alternative,sparse49_n200,200,events>=Grule,1,Stk.sym1,0.05,0,0,0,0.0308,0,0,""
4,sparse49_cloglog_n200,alternative,sparse49_n200,200,events>=Grule,1,Stk.sym1,0.1,0,0,0,0.075,0,0,""
4,sparse49_cloglog_n200,alternative,sparse49_n200,200,all,2000,Stk.marg,0.01,0.004,0.00141138230115019,0.007,0.005,0.5925,0.0098159509202454,""
4,sparse49_cloglog_n200,alternative,sparse49_n200,200,all,2000,Stk.marg,0.05,0.016,0.00280570846668003,0.05,0.02,0.5925,0.0392638036809816,""
4,sparse49_cloglog_n200,alternative,sparse49_n200,200,all,2000,Stk.marg,0.1,0.0375,0.00424816136699161,0.108,0.0356,0.5925,0.0920245398773006,""
4,sparse49_cloglog_n200,alternative,sparse49_n200,200,events<G10,1999,Stk.marg,0.01,0.00400200100050025,0.00141208692685352,0.00700350175087544,0.005,0.5927963981991,0.00982800982800983,""
4,sparse49_cloglog_n200,alternative,sparse49_n200,200,events<G10,1999,Stk.marg,0.05,0.016008004002001,0.00280710060593531,0.0500250125062531,0.02,0.5927963981991,0.0393120393120393,""
4,sparse49_cloglog_n200,alternative,sparse49_n200,200,events<G10,1999,Stk.marg,0.1,0.0375187593796899,0.00425024509044053,0.108054027013507,0.0356,0.5927963981991,0.0921375921375921,""
4,sparse49_cloglog_n200,alternative,sparse49_n200,200,events>=G10,1,Stk.marg,0.01,0,0,0,0.005,0,0,""
4,sparse49_cloglog_n200,alternative,sparse49_n200,200,events>=G10,1,Stk.marg,0.05,0,0,0,0.02,0,0,""
4,sparse49_cloglog_n200,alternative,sparse49_n200,200,events>=G10,1,Stk.marg,0.1,0,0,0,0.0356,0,0,""
4,sparse49_cloglog_n200,alternative,sparse49_n200,200,events<Grule,1999,Stk.marg,0.01,0.00400200100050025,0.00141208692685352,0.00700350175087544,0.005,0.5927963981991,0.00982800982800983,""
4,sparse49_cloglog_n200,alternative,sparse49_n200,200,events<Grule,1999,Stk.marg,0.05,0.016008004002001,0.00280710060593531,0.0500250125062531,0.02,0.5927963981991,0.0393120393120393,""
4,sparse49_cloglog_n200,alternative,sparse49_n200,200,events<Grule,1999,Stk.marg,0.1,0.0375187593796899,0.00425024509044053,0.108054027013507,0.0356,0.5927963981991,0.0921375921375921,""
4,sparse49_cloglog_n200,alternative,sparse49_n200,200,events>=Grule,1,Stk.marg,0.01,0,0,0,0.005,0,0,""
4,sparse49_cloglog_n200,alternative,sparse49_n200,200,events>=Grule,1,Stk.marg,0.05,0,0,0,0.02,0,0,""
4,sparse49_cloglog_n200,alternative,sparse49_n200,200,events>=Grule,1,Stk.marg,0.1,0,0,0,0.0356,0,0,""
4,sparse49_cloglog_n200,alternative,sparse49_n200,200,all,2000,GiViTI,0.01,0.063,0.00543281694887652,0.0085,0.0636,0.171,0.0759951749095295,""
4,sparse49_cloglog_n200,alternative,sparse49_n200,200,all,2000,GiViTI,0.05,0.143,0.00782786688696225,0.047,0.142,0.171,0.172496984318456,""
4,sparse49_cloglog_n200,alternative,sparse49_n200,200,all,2000,GiViTI,0.1,0.2005,0.00895264625683379,0.103,0.2062,0.171,0.241857659831122,""
4,sparse49_cloglog_n200,alternative,sparse49_n200,200,events<G10,1999,GiViTI,0.01,0.0630315157578789,0.00543544330404866,0.00850425212606303,0.0636,0.171085542771386,0.076041038020519,""
4,sparse49_cloglog_n200,alternative,sparse49_n200,200,events<G10,1999,GiViTI,0.05,0.143071535767884,0.00783145590303822,0.0470235117558779,0.142,0.171085542771386,0.172601086300543,""
4,sparse49_cloglog_n200,alternative,sparse49_n200,200,events<G10,1999,GiViTI,0.1,0.200600300150075,0.00895656294986112,0.103051525762881,0.2062,0.171085542771386,0.242003621001811,""
4,sparse49_cloglog_n200,alternative,sparse49_n200,200,events>=G10,1,GiViTI,0.01,0,0,0,0.0636,0,0,""
4,sparse49_cloglog_n200,alternative,sparse49_n200,200,events>=G10,1,GiViTI,0.05,0,0,0,0.142,0,0,""
4,sparse49_cloglog_n200,alternative,sparse49_n200,200,events>=G10,1,GiViTI,0.1,0,0,0,0.2062,0,0,""
4,sparse49_cloglog_n200,alternative,sparse49_n200,200,events<Grule,1999,GiViTI,0.01,0.0630315157578789,0.00543544330404866,0.00850425212606303,0.0636,0.171085542771386,0.076041038020519,""
4,sparse49_cloglog_n200,alternative,sparse49_n200,200,events<Grule,1999,GiViTI,0.05,0.143071535767884,0.00783145590303822,0.0470235117558779,0.142,0.171085542771386,0.172601086300543,""
4,sparse49_cloglog_n200,alternative,sparse49_n200,200,events<Grule,1999,GiViTI,0.1,0.200600300150075,0.00895656294986112,0.103051525762881,0.2062,0.171085542771386,0.242003621001811,""
4,sparse49_cloglog_n200,alternative,sparse49_n200,200,events>=Grule,1,GiViTI,0.01,0,0,0,0.0636,0,0,""
4,sparse49_cloglog_n200,alternative,sparse49_n200,200,events>=Grule,1,GiViTI,0.05,0,0,0,0.142,0,0,""
4,sparse49_cloglog_n200,alternative,sparse49_n200,200,events>=Grule,1,GiViTI,0.1,0,0,0,0.2062,0,0,""
4,sparse49_cloglog_n200,alternative,sparse49_n200,200,all,2000,GiViTI.t50,0.01,0.107,0.0069119823495145,0.0075,0.1028,0.171,0.129071170084439,""
4,sparse49_cloglog_n200,alternative,sparse49_n200,200,all,2000,GiViTI.t50,0.05,0.2005,0.00895264625683379,0.0525,0.1942,0.171,0.241857659831122,""
4,sparse49_cloglog_n200,alternative,sparse49_n200,200,all,2000,GiViTI.t50,0.1,0.266,0.00988038460789862,0.1045,0.267,0.171,0.32086851628468,""
4,sparse49_cloglog_n200,alternative,sparse49_n200,200,events<G10,1999,GiViTI.t50,0.01,0.107053526763382,0.00691523280937495,0.00750375187593797,0.1028,0.171085542771386,0.129149064574532,""
4,sparse49_cloglog_n200,alternative,sparse49_n200,200,events<G10,1999,GiViTI.t50,0.05,0.200600300150075,0.00895656294986112,0.0525262631315658,0.1942,0.171085542771386,0.242003621001811,""
4,sparse49_cloglog_n200,alternative,sparse49_n200,200,events<G10,1999,GiViTI.t50,0.1,0.266133066533267,0.00988443117762908,0.104552276138069,0.267,0.171085542771386,0.32106216053108,""
4,sparse49_cloglog_n200,alternative,sparse49_n200,200,events>=G10,1,GiViTI.t50,0.01,0,0,0,0.1028,0,0,""
4,sparse49_cloglog_n200,alternative,sparse49_n200,200,events>=G10,1,GiViTI.t50,0.05,0,0,0,0.1942,0,0,""
4,sparse49_cloglog_n200,alternative,sparse49_n200,200,events>=G10,1,GiViTI.t50,0.1,0,0,0,0.267,0,0,""
4,sparse49_cloglog_n200,alternative,sparse49_n200,200,events<Grule,1999,GiViTI.t50,0.01,0.107053526763382,0.00691523280937495,0.00750375187593797,0.1028,0.171085542771386,0.129149064574532,""
4,sparse49_cloglog_n200,alternative,sparse49_n200,200,events<Grule,1999,GiViTI.t50,0.05,0.200600300150075,0.00895656294986112,0.0525262631315658,0.1942,0.171085542771386,0.242003621001811,""
4,sparse49_cloglog_n200,alternative,sparse49_n200,200,events<Grule,1999,GiViTI.t50,0.1,0.266133066533267,0.00988443117762908,0.104552276138069,0.267,0.171085542771386,0.32106216053108,""
4,sparse49_cloglog_n200,alternative,sparse49_n200,200,events>=Grule,1,GiViTI.t50,0.01,0,0,0,0.1028,0,0,""
4,sparse49_cloglog_n200,alternative,sparse49_n200,200,events>=Grule,1,GiViTI.t50,0.05,0,0,0,0.1942,0,0,""
4,sparse49_cloglog_n200,alternative,sparse49_n200,200,events>=Grule,1,GiViTI.t50,0.1,0,0,0,0.267,0,0,""
4,sparse49_cloglog_n200,alternative,sparse49_n200,200,all,2000,Cubic.LR,0.01,0.1215,0.00730540039970432,0.0095,0.1348,0.036,0.12603734439834,""
4,sparse49_cloglog_n200,alternative,sparse49_n200,200,all,2000,Cubic.LR,0.05,0.2125,0.00914723318823785,0.0455,0.2306,0.036,0.220435684647303,""
4,sparse49_cloglog_n200,alternative,sparse49_n200,200,all,2000,Cubic.LR,0.1,0.294,0.0101873450908468,0.0875,0.2994,0.036,0.304979253112033,""
4,sparse49_cloglog_n200,alternative,sparse49_n200,200,events<G10,1999,Cubic.LR,0.01,0.121560780390195,0.00730880207862227,0.00950475237618809,0.1348,0.0360180090045023,0.126102750389206,""
4,sparse49_cloglog_n200,alternative,sparse49_n200,200,events<G10,1999,Cubic.LR,0.05,0.212606303151576,0.0091511913791444,0.0455227613806903,0.2306,0.0360180090045023,0.220550077841204,""
4,sparse49_cloglog_n200,alternative,sparse49_n200,200,events<G10,1999,Cubic.LR,0.1,0.294147073536768,0.0101913796142859,0.087543771885943,0.2994,0.0360180090045023,0.305137519460301,""
4,sparse49_cloglog_n200,alternative,sparse49_n200,200,events>=G10,1,Cubic.LR,0.01,0,0,0,0.1348,0,0,""
4,sparse49_cloglog_n200,alternative,sparse49_n200,200,events>=G10,1,Cubic.LR,0.05,0,0,0,0.2306,0,0,""
4,sparse49_cloglog_n200,alternative,sparse49_n200,200,events>=G10,1,Cubic.LR,0.1,0,0,0,0.2994,0,0,""
4,sparse49_cloglog_n200,alternative,sparse49_n200,200,events<Grule,1999,Cubic.LR,0.01,0.121560780390195,0.00730880207862227,0.00950475237618809,0.1348,0.0360180090045023,0.126102750389206,""
4,sparse49_cloglog_n200,alternative,sparse49_n200,200,events<Grule,1999,Cubic.LR,0.05,0.212606303151576,0.0091511913791444,0.0455227613806903,0.2306,0.0360180090045023,0.220550077841204,""
4,sparse49_cloglog_n200,alternative,sparse49_n200,200,events<Grule,1999,Cubic.LR,0.1,0.294147073536768,0.0101913796142859,0.087543771885943,0.2994,0.0360180090045023,0.305137519460301,""
4,sparse49_cloglog_n200,alternative,sparse49_n200,200,events>=Grule,1,Cubic.LR,0.01,0,0,0,0.1348,0,0,""
4,sparse49_cloglog_n200,alternative,sparse49_n200,200,events>=Grule,1,Cubic.LR,0.05,0,0,0,0.2306,0,0,""
4,sparse49_cloglog_n200,alternative,sparse49_n200,200,events>=Grule,1,Cubic.LR,0.1,0,0,0,0.2994,0,0,""
4,sparse49_cloglog_n200,alternative,sparse49_n200,200,all,2000,HL_w,0.01,0.008,0.0019919839356782,0.009,0.0092,0.366,0.0126182965299685,""
4,sparse49_cloglog_n200,alternative,sparse49_n200,200,all,2000,HL_w,0.05,0.0335,0.00402354010791492,0.0465,0.0398,0.366,0.0528391167192429,""
4,sparse49_cloglog_n200,alternative,sparse49_n200,200,all,2000,HL_w,0.1,0.076,0.00592553795026241,0.102,0.0766,0.366,0.1198738170347,""
4,sparse49_cloglog_n200,alternative,sparse49_n200,200,events<G10,1999,HL_w,0.01,0.0080040020010005,0.00199297640577133,0.00900450225112556,0.0092,0.366183091545773,0.0126282557221784,""
4,sparse49_cloglog_n200,alternative,sparse49_n200,200,events<G10,1999,HL_w,0.05,0.0335167583791896,0.00402551798418425,0.0465232616308154,0.0398,0.366183091545773,0.0528808208366219,""
4,sparse49_cloglog_n200,alternative,sparse49_n200,200,events<G10,1999,HL_w,0.1,0.0760380190095048,0.00592838023269419,0.101550775387694,0.0766,0.366183091545773,0.119968429360695,""
4,sparse49_cloglog_n200,alternative,sparse49_n200,200,events>=G10,1,HL_w,0.01,0,0,0,0.0092,0,0,""
4,sparse49_cloglog_n200,alternative,sparse49_n200,200,events>=G10,1,HL_w,0.05,0,0,0,0.0398,0,0,""
4,sparse49_cloglog_n200,alternative,sparse49_n200,200,events>=G10,1,HL_w,0.1,0,0,1,0.0766,0,0,""
4,sparse49_cloglog_n200,alternative,sparse49_n200,200,events<Grule,1999,HL_w,0.01,0.0080040020010005,0.00199297640577133,0.00900450225112556,0.0092,0.366183091545773,0.0126282557221784,""
4,sparse49_cloglog_n200,alternative,sparse49_n200,200,events<Grule,1999,HL_w,0.05,0.0335167583791896,0.00402551798418425,0.0465232616308154,0.0398,0.366183091545773,0.0528808208366219,""
4,sparse49_cloglog_n200,alternative,sparse49_n200,200,events<Grule,1999,HL_w,0.1,0.0760380190095048,0.00592838023269419,0.101550775387694,0.0766,0.366183091545773,0.119968429360695,""
4,sparse49_cloglog_n200,alternative,sparse49_n200,200,events>=Grule,1,HL_w,0.01,0,0,0,0.0092,0,0,""
4,sparse49_cloglog_n200,alternative,sparse49_n200,200,events>=Grule,1,HL_w,0.05,0,0,0,0.0398,0,0,""
4,sparse49_cloglog_n200,alternative,sparse49_n200,200,events>=Grule,1,HL_w,0.1,0,0,1,0.0766,0,0,""
4,sparse49_cloglog_n200,alternative,sparse49_n200,200,all,2000,PH,0.01,0.018,0.002972877394041,0.0135,0.0142,0.098,0.0199556541019956,""
4,sparse49_cloglog_n200,alternative,sparse49_n200,200,all,2000,PH,0.05,0.0365,0.0041933131292571,0.049,0.0358,0.098,0.0404656319290466,""
4,sparse49_cloglog_n200,alternative,sparse49_n200,200,all,2000,PH,0.1,0.0585,0.0052477495176504,0.1095,0.0572,0.098,0.0648558758314856,""
4,sparse49_cloglog_n200,alternative,sparse49_n200,200,events<G10,1999,PH,0.01,0.0180090045022511,0.00297435093949927,0.0135067533766883,0.0142,0.0980490245122561,0.0199667221297837,""
4,sparse49_cloglog_n200,alternative,sparse49_n200,200,events<G10,1999,PH,0.05,0.0365182591295648,0.00419537108121676,0.0490245122561281,0.0358,0.0980490245122561,0.0404880754298392,""
4,sparse49_cloglog_n200,alternative,sparse49_n200,200,events<G10,1999,PH,0.1,0.0585292646323162,0.0052502931057043,0.109554777388694,0.0572,0.0980490245122561,0.064891846921797,""
4,sparse49_cloglog_n200,alternative,sparse49_n200,200,events>=G10,1,PH,0.01,0,0,0,0.0142,0,0,""
4,sparse49_cloglog_n200,alternative,sparse49_n200,200,events>=G10,1,PH,0.05,0,0,0,0.0358,0,0,""
4,sparse49_cloglog_n200,alternative,sparse49_n200,200,events>=G10,1,PH,0.1,0,0,0,0.0572,0,0,""
4,sparse49_cloglog_n200,alternative,sparse49_n200,200,events<Grule,1999,PH,0.01,0.0180090045022511,0.00297435093949927,0.0135067533766883,0.0142,0.0980490245122561,0.0199667221297837,""
4,sparse49_cloglog_n200,alternative,sparse49_n200,200,events<Grule,1999,PH,0.05,0.0365182591295648,0.00419537108121676,0.0490245122561281,0.0358,0.0980490245122561,0.0404880754298392,""
4,sparse49_cloglog_n200,alternative,sparse49_n200,200,events<Grule,1999,PH,0.1,0.0585292646323162,0.0052502931057043,0.109554777388694,0.0572,0.0980490245122561,0.064891846921797,""
4,sparse49_cloglog_n200,alternative,sparse49_n200,200,events>=Grule,1,PH,0.01,0,0,0,0.0142,0,0,""
4,sparse49_cloglog_n200,alternative,sparse49_n200,200,events>=Grule,1,PH,0.05,0,0,0,0.0358,0,0,""
4,sparse49_cloglog_n200,alternative,sparse49_n200,200,events>=Grule,1,PH,0.1,0,0,0,0.0572,0,0,""
4,sparse49_cloglog_n200,alternative,sparse49_n200,200,all,2000,Tsiatis,0.01,0.017,0.00289058817544112,0.011,0.0178,0.036,0.0176348547717842,""
4,sparse49_cloglog_n200,alternative,sparse49_n200,200,all,2000,Tsiatis,0.05,0.0435,0.00456112650559048,0.0555,0.0358,0.036,0.0451244813278008,""
4,sparse49_cloglog_n200,alternative,sparse49_n200,200,all,2000,Tsiatis,0.1,0.069,0.00566740681440816,0.105,0.061,0.036,0.0715767634854772,""
4,sparse49_cloglog_n200,alternative,sparse49_n200,200,events<G10,1999,Tsiatis,0.01,0.0170085042521261,0.00289202168254699,0.0110055027513757,0.0178,0.0360180090045023,0.0176440062272963,""
4,sparse49_cloglog_n200,alternative,sparse49_n200,200,events<G10,1999,Tsiatis,0.05,0.0435217608804402,0.00456335629942598,0.055527763881941,0.0358,0.0360180090045023,0.0451478982874935,""
4,sparse49_cloglog_n200,alternative,sparse49_n200,200,events<G10,1999,Tsiatis,0.1,0.0690345172586293,0.00567013682097116,0.105052526263132,0.061,0.0360180090045023,0.071613907628438,""
4,sparse49_cloglog_n200,alternative,sparse49_n200,200,events>=G10,1,Tsiatis,0.01,0,0,0,0.0178,0,0,""
4,sparse49_cloglog_n200,alternative,sparse49_n200,200,events>=G10,1,Tsiatis,0.05,0,0,0,0.0358,0,0,""
4,sparse49_cloglog_n200,alternative,sparse49_n200,200,events>=G10,1,Tsiatis,0.1,0,0,0,0.061,0,0,""
4,sparse49_cloglog_n200,alternative,sparse49_n200,200,events<Grule,1999,Tsiatis,0.01,0.0170085042521261,0.00289202168254699,0.0110055027513757,0.0178,0.0360180090045023,0.0176440062272963,""
4,sparse49_cloglog_n200,alternative,sparse49_n200,200,events<Grule,1999,Tsiatis,0.05,0.0435217608804402,0.00456335629942598,0.055527763881941,0.0358,0.0360180090045023,0.0451478982874935,""
4,sparse49_cloglog_n200,alternative,sparse49_n200,200,events<Grule,1999,Tsiatis,0.1,0.0690345172586293,0.00567013682097116,0.105052526263132,0.061,0.0360180090045023,0.071613907628438,""
4,sparse49_cloglog_n200,alternative,sparse49_n200,200,events>=Grule,1,Tsiatis,0.01,0,0,0,0.0178,0,0,""
4,sparse49_cloglog_n200,alternative,sparse49_n200,200,events>=Grule,1,Tsiatis,0.05,0,0,0,0.0358,0,0,""
4,sparse49_cloglog_n200,alternative,sparse49_n200,200,events>=Grule,1,Tsiatis,0.1,0,0,0,0.061,0,0,""
4,sparse49_cloglog_n200,alternative,sparse49_n200,200,all,2000,Xie,0.01,0.011,0.00233227356885937,0.0135,0.0074,0.036,0.0114107883817427,""
4,sparse49_cloglog_n200,alternative,sparse49_n200,200,all,2000,Xie,0.05,0.0345,0.00408103847078167,0.0585,0.0244,0.036,0.0357883817427386,""
4,sparse49_cloglog_n200,alternative,sparse49_n200,200,all,2000,Xie,0.1,0.0545,0.00507591124823908,0.111,0.044,0.036,0.0565352697095436,""
4,sparse49_cloglog_n200,alternative,sparse49_n200,200,events<G10,1999,Xie,0.01,0.0110055027513757,0.0023334337974166,0.0135067533766883,0.0074,0.0360180090045023,0.01141670991178,""
4,sparse49_cloglog_n200,alternative,sparse49_n200,200,events<G10,1999,Xie,0.05,0.0345172586293147,0.00408304351742648,0.0585292646323162,0.0244,0.0360180090045023,0.035806953814219,""
4,sparse49_cloglog_n200,alternative,sparse49_n200,200,events<G10,1999,Xie,0.1,0.0545272636318159,0.00507837725401414,0.111055527763882,0.044,0.0360180090045023,0.0565646081992735,""
4,sparse49_cloglog_n200,alternative,sparse49_n200,200,events>=G10,1,Xie,0.01,0,0,0,0.0074,0,0,""
4,sparse49_cloglog_n200,alternative,sparse49_n200,200,events>=G10,1,Xie,0.05,0,0,0,0.0244,0,0,""
4,sparse49_cloglog_n200,alternative,sparse49_n200,200,events>=G10,1,Xie,0.1,0,0,0,0.044,0,0,""
4,sparse49_cloglog_n200,alternative,sparse49_n200,200,events<Grule,1999,Xie,0.01,0.0110055027513757,0.0023334337974166,0.0135067533766883,0.0074,0.0360180090045023,0.01141670991178,""
4,sparse49_cloglog_n200,alternative,sparse49_n200,200,events<Grule,1999,Xie,0.05,0.0345172586293147,0.00408304351742648,0.0585292646323162,0.0244,0.0360180090045023,0.035806953814219,""
4,sparse49_cloglog_n200,alternative,sparse49_n200,200,events<Grule,1999,Xie,0.1,0.0545272636318159,0.00507837725401414,0.111055527763882,0.044,0.0360180090045023,0.0565646081992735,""
4,sparse49_cloglog_n200,alternative,sparse49_n200,200,events>=Grule,1,Xie,0.01,0,0,0,0.0074,0,0,""
4,sparse49_cloglog_n200,alternative,sparse49_n200,200,events>=Grule,1,Xie,0.05,0,0,0,0.0244,0,0,""
4,sparse49_cloglog_n200,alternative,sparse49_n200,200,events>=Grule,1,Xie,0.1,0,0,0,0.044,0,0,""
4,sparse49_cloglog_n200,alternative,sparse49_n200,200,all,2000,PR,0.01,0,0,0,0,1,,no p-value in any replicate
4,sparse49_cloglog_n200,alternative,sparse49_n200,200,all,2000,PR,0.05,0,0,0,0,1,,no p-value in any replicate
4,sparse49_cloglog_n200,alternative,sparse49_n200,200,all,2000,PR,0.1,0,0,0,0,1,,no p-value in any replicate
4,sparse49_cloglog_n200,alternative,sparse49_n200,200,events<G10,1999,PR,0.01,0,0,0,0,1,,no p-value in any replicate
4,sparse49_cloglog_n200,alternative,sparse49_n200,200,events<G10,1999,PR,0.05,0,0,0,0,1,,no p-value in any replicate
4,sparse49_cloglog_n200,alternative,sparse49_n200,200,events<G10,1999,PR,0.1,0,0,0,0,1,,no p-value in any replicate
4,sparse49_cloglog_n200,alternative,sparse49_n200,200,events>=G10,1,PR,0.01,0,0,0,0,1,,no p-value in any replicate
4,sparse49_cloglog_n200,alternative,sparse49_n200,200,events>=G10,1,PR,0.05,0,0,0,0,1,,no p-value in any replicate
4,sparse49_cloglog_n200,alternative,sparse49_n200,200,events>=G10,1,PR,0.1,0,0,0,0,1,,no p-value in any replicate
4,sparse49_cloglog_n200,alternative,sparse49_n200,200,events<Grule,1999,PR,0.01,0,0,0,0,1,,no p-value in any replicate
4,sparse49_cloglog_n200,alternative,sparse49_n200,200,events<Grule,1999,PR,0.05,0,0,0,0,1,,no p-value in any replicate
4,sparse49_cloglog_n200,alternative,sparse49_n200,200,events<Grule,1999,PR,0.1,0,0,0,0,1,,no p-value in any replicate
4,sparse49_cloglog_n200,alternative,sparse49_n200,200,events>=Grule,1,PR,0.01,0,0,0,0,1,,no p-value in any replicate
4,sparse49_cloglog_n200,alternative,sparse49_n200,200,events>=Grule,1,PR,0.05,0,0,0,0,1,,no p-value in any replicate
4,sparse49_cloglog_n200,alternative,sparse49_n200,200,events>=Grule,1,PR,0.1,0,0,0,0,1,,no p-value in any replicate
4,sparse49_cloglog_n300,alternative,sparse49_n300,300,all,2000,flag.evlt.G10,,0.984,,,,0,,flag rate: share of replicates with the flag = 1
4,sparse49_cloglog_n300,alternative,sparse49_n300,300,all,2000,flag.evlt.Grule,,0.9985,,,,0,,flag rate: share of replicates with the flag = 1
4,sparse49_cloglog_n300,alternative,sparse49_n300,300,all,2000,flag.stk_half0,,0.5235,,,,0.0075,,flag rate: share of replicates with the flag = 1
4,sparse49_cloglog_n300,alternative,sparse49_n300,300,all,2000,flag.stk_diag,,0.4755,,,,0.0075,,flag rate: share of replicates with the flag = 1
4,sparse49_cloglog_n300,alternative,sparse49_n300,300,all,2000,flag.rivals_run,,0.9925,,,,0.0075,,flag rate: share of replicates with the flag = 1
4,sparse49_cloglog_n300,alternative,sparse49_n300,300,all,2000,flag.degenerate,,0.0075,,,,0,,flag rate: share of replicates with the flag = 1
4,sparse49_cloglog_n300,alternative,sparse49_n300,300,all,2000,flag.info_guard,,0.002,,,,0.0075,,flag rate: share of replicates with the flag = 1
4,sparse49_cloglog_n300,alternative,sparse49_n300,300,all,2000,flag.rep_error,,0,,,,0,,flag rate: share of replicates with the flag = 1
4,sparse49_cloglog_n300,alternative,sparse49_n300,300,all,2000,EDGE.poly3.u.G10,0.01,0.015,0.00271799558498538,0.0145,0.0104,0.018,0.0152749490835031,""
4,sparse49_cloglog_n300,alternative,sparse49_n300,300,all,2000,EDGE.poly3.u.G10,0.05,0.05,0.00487339717240448,0.061,0.0398,0.018,0.0509164969450102,""
4,sparse49_cloglog_n300,alternative,sparse49_n300,300,all,2000,EDGE.poly3.u.G10,0.1,0.0935,0.00650990591329859,0.1105,0.0812,0.018,0.095213849287169,""
4,sparse49_cloglog_n300,alternative,sparse49_n300,300,events<G10,1968,EDGE.poly3.u.G10,0.01,0.0152439024390244,0.00276184863172476,0.0147357723577236,0.0104,0.0182926829268293,0.015527950310559,""
4,sparse49_cloglog_n300,alternative,sparse49_n300,300,events<G10,1968,EDGE.poly3.u.G10,0.05,0.0508130081300813,0.0049505197197216,0.0619918699186992,0.0398,0.0182926829268293,0.05175983436853,""
4,sparse49_cloglog_n300,alternative,sparse49_n300,300,events<G10,1968,EDGE.poly3.u.G10,0.1,0.095020325203252,0.0066102079457562,0.111280487804878,0.0812,0.0182926829268293,0.0967908902691511,""
4,sparse49_cloglog_n300,alternative,sparse49_n300,300,events>=G10,32,EDGE.poly3.u.G10,0.01,0,0,0,0.0104,0,0,""
4,sparse49_cloglog_n300,alternative,sparse49_n300,300,events>=G10,32,EDGE.poly3.u.G10,0.05,0,0,0,0.0398,0,0,""
4,sparse49_cloglog_n300,alternative,sparse49_n300,300,events>=G10,32,EDGE.poly3.u.G10,0.1,0,0,0.0625,0.0812,0,0,""
4,sparse49_cloglog_n300,alternative,sparse49_n300,300,events<Grule,1997,EDGE.poly3.u.G10,0.01,0.0150225338007011,0.00272204756642582,0.014521782674011,0.0104,0.0180270405608413,0.0152983171851096,""
4,sparse49_cloglog_n300,alternative,sparse49_n300,300,events<Grule,1997,EDGE.poly3.u.G10,0.05,0.0500751126690035,0.00488052529661012,0.0610916374561843,0.0398,0.0180270405608413,0.0509943906170321,""
4,sparse49_cloglog_n300,alternative,sparse49_n300,300,events<Grule,1997,EDGE.poly3.u.G10,0.1,0.0936404606910366,0.00651918031459975,0.110165247871808,0.0812,0.0180270405608413,0.0953595104538501,""
4,sparse49_cloglog_n300,alternative,sparse49_n300,300,events>=Grule,3,EDGE.poly3.u.G10,0.01,0,0,0,0.0104,0,0,""
4,sparse49_cloglog_n300,alternative,sparse49_n300,300,events>=Grule,3,EDGE.poly3.u.G10,0.05,0,0,0,0.0398,0,0,""
4,sparse49_cloglog_n300,alternative,sparse49_n300,300,events>=Grule,3,EDGE.poly3.u.G10,0.1,0,0,0.333333333333333,0.0812,0,0,""
4,sparse49_cloglog_n300,alternative,sparse49_n300,300,all,2000,EDGE.poly3.sc.G10,0.01,0.0075,0.00192921616207205,0.0085,0.0084,0.018,0.00763747454175153,""
4,sparse49_cloglog_n300,alternative,sparse49_n300,300,all,2000,EDGE.poly3.sc.G10,0.05,0.04,0.00438178046004133,0.05,0.0416,0.018,0.0407331975560081,""
4,sparse49_cloglog_n300,alternative,sparse49_n300,300,all,2000,EDGE.poly3.sc.G10,0.1,0.0865,0.00628560856242258,0.103,0.0864,0.018,0.0880855397148676,""
4,sparse49_cloglog_n300,alternative,sparse49_n300,300,events<G10,1968,EDGE.poly3.sc.G10,0.01,0.0076219512195122,0.00196046507557792,0.00863821138211382,0.0084,0.0182926829268293,0.0077639751552795,""
4,sparse49_cloglog_n300,alternative,sparse49_n300,300,events<G10,1968,EDGE.poly3.sc.G10,0.05,0.040650406504065,0.00445152018858613,0.0508130081300813,0.0416,0.0182926829268293,0.041407867494824,""
4,sparse49_cloglog_n300,alternative,sparse49_n300,300,events<G10,1968,EDGE.poly3.sc.G10,0.1,0.0873983739837398,0.00636619223408709,0.104166666666667,0.0864,0.0182926829268293,0.0890269151138716,""
4,sparse49_cloglog_n300,alternative,sparse49_n300,300,events>=G10,32,EDGE.poly3.sc.G10,0.01,0,0,0,0.0084,0,0,""
4,sparse49_cloglog_n300,alternative,sparse49_n300,300,events>=G10,32,EDGE.poly3.sc.G10,0.05,0,0,0,0.0416,0,0,""
4,sparse49_cloglog_n300,alternative,sparse49_n300,300,events>=G10,32,EDGE.poly3.sc.G10,0.1,0.03125,0.0307578432578586,0.03125,0.0864,0,0.03125,""
4,sparse49_cloglog_n300,alternative,sparse49_n300,300,events<Grule,1997,EDGE.poly3.sc.G10,0.01,0.00751126690035053,0.00193210336682105,0.0085127691537306,0.0084,0.0180270405608413,0.00764915859255482,""
4,sparse49_cloglog_n300,alternative,sparse49_n300,300,events<Grule,1997,EDGE.poly3.sc.G10,0.05,0.0400600901352028,0.00438822566004146,0.0500751126690035,0.0416,0.0180270405608413,0.0407955124936257,""
4,sparse49_cloglog_n300,alternative,sparse49_n300,300,events<Grule,1997,EDGE.poly3.sc.G10,0.1,0.0866299449173761,0.00629460338927216,0.103154732098147,0.0864,0.0180270405608413,0.0882202957674656,""
4,sparse49_cloglog_n300,alternative,sparse49_n300,300,events>=Grule,3,EDGE.poly3.sc.G10,0.01,0,0,0,0.0084,0,0,""
4,sparse49_cloglog_n300,alternative,sparse49_n300,300,events>=Grule,3,EDGE.poly3.sc.G10,0.05,0,0,0,0.0416,0,0,""
4,sparse49_cloglog_n300,alternative,sparse49_n300,300,events>=Grule,3,EDGE.poly3.sc.G10,0.1,0,0,0,0.0864,0,0,""
4,sparse49_cloglog_n300,alternative,sparse49_n300,300,all,2000,EDGE.poly2.u.G10,0.01,0.007,0.00186426929385215,0.01,0.0072,0.017,0.00712105798575789,""
4,sparse49_cloglog_n300,alternative,sparse49_n300,300,all,2000,EDGE.poly2.u.G10,0.05,0.0515,0.00494205169944629,0.064,0.0394,0.017,0.0523906408952187,""
4,sparse49_cloglog_n300,alternative,sparse49_n300,300,all,2000,EDGE.poly2.u.G10,0.1,0.1055,0.00686912476229687,0.114,0.0916,0.017,0.107324516785351,""
4,sparse49_cloglog_n300,alternative,sparse49_n300,300,events<G10,1968,EDGE.poly2.u.G10,0.01,0.00711382113821138,0.00189447403074391,0.0101626016260163,0.0072,0.0172764227642276,0.00723888314374354,""
4,sparse49_cloglog_n300,alternative,sparse49_n300,300,events<G10,1968,EDGE.poly2.u.G10,0.05,0.0523373983739837,0.00502019271654924,0.0650406504065041,0.0394,0.0172764227642276,0.0532574974146846,""
4,sparse49_cloglog_n300,alternative,sparse49_n300,300,events<G10,1968,EDGE.poly2.u.G10,0.1,0.106707317073171,0.00695955452344072,0.115345528455285,0.0916,0.0172764227642276,0.108583247156153,""
4,sparse49_cloglog_n300,alternative,sparse49_n300,300,events>=G10,32,EDGE.poly2.u.G10,0.01,0,0,0,0.0072,0,0,""
4,sparse49_cloglog_n300,alternative,sparse49_n300,300,events>=G10,32,EDGE.poly2.u.G10,0.05,0,0,0,0.0394,0,0,""
4,sparse49_cloglog_n300,alternative,sparse49_n300,300,events>=G10,32,EDGE.poly2.u.G10,0.1,0.03125,0.0307578432578586,0.03125,0.0916,0,0.03125,""
4,sparse49_cloglog_n300,alternative,sparse49_n300,300,events<Grule,1997,EDGE.poly2.u.G10,0.01,0.00701051577366049,0.00186706001262949,0.0100150225338007,0.0072,0.0170255383074612,0.00713194090677534,""
4,sparse49_cloglog_n300,alternative,sparse49_n300,300,events<Grule,1997,EDGE.poly2.u.G10,0.05,0.0515773660490736,0.00494927405290239,0.0640961442163245,0.0394,0.0170255383074612,0.0524707080998472,""
4,sparse49_cloglog_n300,alternative,sparse49_n300,300,events<Grule,1997,EDGE.poly2.u.G10,0.1,0.105658487731597,0.00687883445040137,0.114171256885328,0.0916,0.0170255383074612,0.107488537952114,""
4,sparse49_cloglog_n300,alternative,sparse49_n300,300,events>=Grule,3,EDGE.poly2.u.G10,0.01,0,0,0,0.0072,0,0,""
4,sparse49_cloglog_n300,alternative,sparse49_n300,300,events>=Grule,3,EDGE.poly2.u.G10,0.05,0,0,0,0.0394,0,0,""
4,sparse49_cloglog_n300,alternative,sparse49_n300,300,events>=Grule,3,EDGE.poly2.u.G10,0.1,0,0,0,0.0916,0,0,""
4,sparse49_cloglog_n300,alternative,sparse49_n300,300,all,2000,EDGE.poly2.sc.G10,0.01,0.0075,0.00192921616207205,0.0075,0.01,0.017,0.00762970498474059,""
4,sparse49_cloglog_n300,alternative,sparse49_n300,300,all,2000,EDGE.poly2.sc.G10,0.05,0.043,0.00453602248671675,0.0455,0.049,0.017,0.0437436419125127,""
4,sparse49_cloglog_n300,alternative,sparse49_n300,300,all,2000,EDGE.poly2.sc.G10,0.1,0.0925,0.00647857044416436,0.0985,0.0978,0.017,0.0940996948118006,""
4,sparse49_cloglog_n300,alternative,sparse49_n300,300,events<G10,1968,EDGE.poly2.sc.G10,0.01,0.0076219512195122,0.00196046507557792,0.0076219512195122,0.01,0.0172764227642276,0.0077559462254395,""
4,sparse49_cloglog_n300,alternative,sparse49_n300,300,events<G10,1968,EDGE.poly2.sc.G10,0.05,0.0436991869918699,0.00460809468325216,0.046239837398374,0.049,0.0172764227642276,0.0444674250258532,""
4,sparse49_cloglog_n300,alternative,sparse49_n300,300,events<G10,1968,EDGE.poly2.sc.G10,0.1,0.0940040650406504,0.00657845479409017,0.10010162601626,0.0978,0.0172764227642276,0.0956566701137539,""
4,sparse49_cloglog_n300,alternative,sparse49_n300,300,events>=G10,32,EDGE.poly2.sc.G10,0.01,0,0,0,0.01,0,0,""
4,sparse49_cloglog_n300,alternative,sparse49_n300,300,events>=G10,32,EDGE.poly2.sc.G10,0.05,0,0,0,0.049,0,0,""
4,sparse49_cloglog_n300,alternative,sparse49_n300,300,events>=G10,32,EDGE.poly2.sc.G10,0.1,0,0,0,0.0978,0,0,""
4,sparse49_cloglog_n300,alternative,sparse49_n300,300,events<Grule,1997,EDGE.poly2.sc.G10,0.01,0.00751126690035053,0.00193210336682105,0.00751126690035053,0.01,0.0170255383074612,0.0076413652572593,""
4,sparse49_cloglog_n300,alternative,sparse49_n300,300,events<Grule,1997,EDGE.poly2.sc.G10,0.05,0.043064596895343,0.00454268341993727,0.0455683525287932,0.049,0.0170255383074612,0.04381049414162,""
4,sparse49_cloglog_n300,alternative,sparse49_n300,300,events<Grule,1997,EDGE.poly2.sc.G10,0.1,0.0926389584376565,0.00648780612774057,0.0986479719579369,0.0978,0.0170255383074612,0.0942435048395313,""
4,sparse49_cloglog_n300,alternative,sparse49_n300,300,events>=Grule,3,EDGE.poly2.sc.G10,0.01,0,0,0,0.01,0,0,""
4,sparse49_cloglog_n300,alternative,sparse49_n300,300,events>=Grule,3,EDGE.poly2.sc.G10,0.05,0,0,0,0.049,0,0,""
4,sparse49_cloglog_n300,alternative,sparse49_n300,300,events>=Grule,3,EDGE.poly2.sc.G10,0.1,0,0,0,0.0978,0,0,""
4,sparse49_cloglog_n300,alternative,sparse49_n300,300,all,2000,EDGE.stk.u.G10,0.01,0.018,0.002972877394041,0.017,0.0128,0.0075,0.0181360201511335,""
4,sparse49_cloglog_n300,alternative,sparse49_n300,300,all,2000,EDGE.stk.u.G10,0.05,0.0435,0.00456112650559048,0.061,0.0368,0.0075,0.0438287153652393,""
4,sparse49_cloglog_n300,alternative,sparse49_n300,300,all,2000,EDGE.stk.u.G10,0.1,0.075,0.00588960949469487,0.1105,0.0628,0.0075,0.0755667506297229,""
4,sparse49_cloglog_n300,alternative,sparse49_n300,300,events<G10,1968,EDGE.stk.u.G10,0.01,0.0182926829268293,0.00302076659680988,0.0172764227642276,0.0128,0.0076219512195122,0.0184331797235023,""
4,sparse49_cloglog_n300,alternative,sparse49_n300,300,events<G10,1968,EDGE.stk.u.G10,0.05,0.0436991869918699,0.00460809468325216,0.0614837398373984,0.0368,0.0076219512195122,0.0440348182283666,""
4,sparse49_cloglog_n300,alternative,sparse49_n300,300,events<G10,1968,EDGE.stk.u.G10,0.1,0.0752032520325203,0.00594468587056729,0.110772357723577,0.0628,0.0076219512195122,0.0757808499743984,""
4,sparse49_cloglog_n300,alternative,sparse49_n300,300,events>=G10,32,EDGE.stk.u.G10,0.01,0,0,0,0.0128,0,0,""
4,sparse49_cloglog_n300,alternative,sparse49_n300,300,events>=G10,32,EDGE.stk.u.G10,0.05,0.03125,0.0307578432578586,0.03125,0.0368,0,0.03125,""
4,sparse49_cloglog_n300,alternative,sparse49_n300,300,events>=G10,32,EDGE.stk.u.G10,0.1,0.0625,0.0427908248050911,0.09375,0.0628,0,0.0625,""
4,sparse49_cloglog_n300,alternative,sparse49_n300,300,events<Grule,1997,EDGE.stk.u.G10,0.01,0.0180270405608413,0.00297730241649188,0.0170255383074612,0.0128,0.00751126690035053,0.0181634712411705,""
4,sparse49_cloglog_n300,alternative,sparse49_n300,300,events<Grule,1997,EDGE.stk.u.G10,0.05,0.0435653480220331,0.00456782242862891,0.0610916374561843,0.0368,0.00751126690035053,0.0438950554994955,""
4,sparse49_cloglog_n300,alternative,sparse49_n300,300,events<Grule,1997,EDGE.stk.u.G10,0.1,0.0746119178768152,0.00587999586060743,0.110165247871808,0.0628,0.00751126690035053,0.0751765893037336,""
4,sparse49_cloglog_n300,alternative,sparse49_n300,300,events>=Grule,3,EDGE.stk.u.G10,0.01,0,0,0,0.0128,0,0,""
4,sparse49_cloglog_n300,alternative,sparse49_n300,300,events>=Grule,3,EDGE.stk.u.G10,0.05,0,0,0,0.0368,0,0,""
4,sparse49_cloglog_n300,alternative,sparse49_n300,300,events>=Grule,3,EDGE.stk.u.G10,0.1,0.333333333333333,0.272165526975909,0.333333333333333,0.0628,0,0.333333333333333,""
4,sparse49_cloglog_n300,alternative,sparse49_n300,300,all,2000,EDGE.stk.sc.G10,0.01,0.008,0.0019919839356782,0.01,0.0078,0.0075,0.00806045340050378,""
4,sparse49_cloglog_n300,alternative,sparse49_n300,300,all,2000,EDGE.stk.sc.G10,0.05,0.041,0.00443390347211123,0.049,0.0398,0.0075,0.0413098236775819,""
4,sparse49_cloglog_n300,alternative,sparse49_n300,300,all,2000,EDGE.stk.sc.G10,0.1,0.0805,0.0060835741961449,0.0885,0.092,0.0075,0.0811083123425693,""
4,sparse49_cloglog_n300,alternative,sparse49_n300,300,events<G10,1968,EDGE.stk.sc.G10,0.01,0.00813008130081301,0.00202424118559698,0.0101626016260163,0.0078,0.0076219512195122,0.00819252432155658,""
4,sparse49_cloglog_n300,alternative,sparse49_n300,300,events<G10,1968,EDGE.stk.sc.G10,0.05,0.0416666666666667,0.0045044329766166,0.0497967479674797,0.0398,0.0076219512195122,0.0419866871479775,""
4,sparse49_cloglog_n300,alternative,sparse49_n300,300,events<G10,1968,EDGE.stk.sc.G10,0.1,0.0807926829268293,0.00614299560277959,0.0889227642276423,0.092,0.0076219512195122,0.0814132104454685,""
4,sparse49_cloglog_n300,alternative,sparse49_n300,300,events>=G10,32,EDGE.stk.sc.G10,0.01,0,0,0,0.0078,0,0,""
4,sparse49_cloglog_n300,alternative,sparse49_n300,300,events>=G10,32,EDGE.stk.sc.G10,0.05,0,0,0,0.0398,0,0,""
4,sparse49_cloglog_n300,alternative,sparse49_n300,300,events>=G10,32,EDGE.stk.sc.G10,0.1,0.0625,0.0427908248050911,0.0625,0.092,0,0.0625,""
4,sparse49_cloglog_n300,alternative,sparse49_n300,300,events<Grule,1997,EDGE.stk.sc.G10,0.01,0.00801201802704056,0.00199496431572572,0.0100150225338007,0.0078,0.00751126690035053,0.00807265388496468,""
4,sparse49_cloglog_n300,alternative,sparse49_n300,300,events<Grule,1997,EDGE.stk.sc.G10,0.05,0.0410615923885829,0.00444042171725716,0.0490736104156234,0.0398,0.00751126690035053,0.041372351160444,""
4,sparse49_cloglog_n300,alternative,sparse49_n300,300,events<Grule,1997,EDGE.stk.sc.G10,0.1,0.0806209313970956,0.00609231260016321,0.0886329494241362,0.092,0.00751126690035053,0.0812310797174571,""
4,sparse49_cloglog_n300,alternative,sparse49_n300,300,events>=Grule,3,EDGE.stk.sc.G10,0.01,0,0,0,0.0078,0,0,""
4,sparse49_cloglog_n300,alternative,sparse49_n300,300,events>=Grule,3,EDGE.stk.sc.G10,0.05,0,0,0,0.0398,0,0,""
4,sparse49_cloglog_n300,alternative,sparse49_n300,300,events>=Grule,3,EDGE.stk.sc.G10,0.1,0,0,0,0.092,0,0,""
4,sparse49_cloglog_n300,alternative,sparse49_n300,300,all,2000,EDGE.sym.u.G10,0.01,0.018,0.002972877394041,0.018,0.0106,0.0075,0.0181360201511335,""
4,sparse49_cloglog_n300,alternative,sparse49_n300,300,all,2000,EDGE.sym.u.G10,0.05,0.045,0.00463546114210873,0.0575,0.0416,0.0075,0.0453400503778338,""
4,sparse49_cloglog_n300,alternative,sparse49_n300,300,all,2000,EDGE.sym.u.G10,0.1,0.09,0.00639921870231046,0.106,0.085,0.0075,0.0906801007556675,""
4,sparse49_cloglog_n300,alternative,sparse49_n300,300,events<G10,1968,EDGE.sym.u.G10,0.01,0.0182926829268293,0.00302076659680988,0.0182926829268293,0.0106,0.0076219512195122,0.0184331797235023,""
4,sparse49_cloglog_n300,alternative,sparse49_n300,300,events<G10,1968,EDGE.sym.u.G10,0.05,0.0447154471544715,0.00465889174883484,0.0574186991869919,0.0416,0.0076219512195122,0.0450588837685612,""
4,sparse49_cloglog_n300,alternative,sparse49_n300,300,events<G10,1968,EDGE.sym.u.G10,0.1,0.0904471544715447,0.00646545175703393,0.106707317073171,0.085,0.0076219512195122,0.0911418330773169,""
4,sparse49_cloglog_n300,alternative,sparse49_n300,300,events>=G10,32,EDGE.sym.u.G10,0.01,0,0,0,0.0106,0,0,""
4,sparse49_cloglog_n300,alternative,sparse49_n300,300,events>=G10,32,EDGE.sym.u.G10,0.05,0.0625,0.0427908248050911,0.0625,0.0416,0,0.0625,""
4,sparse49_cloglog_n300,alternative,sparse49_n300,300,events>=G10,32,EDGE.sym.u.G10,0.1,0.0625,0.0427908248050911,0.0625,0.085,0,0.0625,""
4,sparse49_cloglog_n300,alternative,sparse49_n300,300,events<Grule,1997,EDGE.sym.u.G10,0.01,0.0180270405608413,0.00297730241649188,0.0180270405608413,0.0106,0.00751126690035053,0.0181634712411705,""
4,sparse49_cloglog_n300,alternative,sparse49_n300,300,events<Grule,1997,EDGE.sym.u.G10,0.05,0.0450676014021032,0.0046422604651529,0.057586379569354,0.0416,0.00751126690035053,0.0454086781029263,""
4,sparse49_cloglog_n300,alternative,sparse49_n300,300,events<Grule,1997,EDGE.sym.u.G10,0.1,0.0901352028042063,0.00640835583801691,0.106159238858287,0.085,0.00751126690035053,0.0908173562058527,""
4,sparse49_cloglog_n300,alternative,sparse49_n300,300,events>=Grule,3,EDGE.sym.u.G10,0.01,0,0,0,0.0106,0,0,""
4,sparse49_cloglog_n300,alternative,sparse49_n300,300,events>=Grule,3,EDGE.sym.u.G10,0.05,0,0,0,0.0416,0,0,""
4,sparse49_cloglog_n300,alternative,sparse49_n300,300,events>=Grule,3,EDGE.sym.u.G10,0.1,0,0,0,0.085,0,0,""
4,sparse49_cloglog_n300,alternative,sparse49_n300,300,all,2000,EDGE.sym.sc.G10,0.01,0.0095,0.00216907238237916,0.008,0.011,0.0075,0.00957178841309824,""
4,sparse49_cloglog_n300,alternative,sparse49_n300,300,all,2000,EDGE.sym.sc.G10,0.05,0.049,0.00482695556225661,0.0435,0.0576,0.0075,0.0493702770780856,""
4,sparse49_cloglog_n300,alternative,sparse49_n300,300,all,2000,EDGE.sym.sc.G10,0.1,0.108,0.0069403169956422,0.087,0.1182,0.0075,0.108816120906801,""
4,sparse49_cloglog_n300,alternative,sparse49_n300,300,events<G10,1968,EDGE.sym.sc.G10,0.01,0.00965447154471545,0.00220416995833753,0.00813008130081301,0.011,0.0076219512195122,0.00972862263184844,""
4,sparse49_cloglog_n300,alternative,sparse49_n300,300,events<G10,1968,EDGE.sym.sc.G10,0.05,0.0487804878048781,0.0048556893864707,0.0431910569105691,0.0576,0.0076219512195122,0.0491551459293395,""
4,sparse49_cloglog_n300,alternative,sparse49_n300,300,events<G10,1968,EDGE.sym.sc.G10,0.1,0.108739837398374,0.00701752615628477,0.0873983739837398,0.1182,0.0076219512195122,0.109575012800819,""
4,sparse49_cloglog_n300,alternative,sparse49_n300,300,events>=G10,32,EDGE.sym.sc.G10,0.01,0,0,0,0.011,0,0,""
4,sparse49_cloglog_n300,alternative,sparse49_n300,300,events>=G10,32,EDGE.sym.sc.G10,0.05,0.0625,0.0427908248050911,0.0625,0.0576,0,0.0625,""
4,sparse49_cloglog_n300,alternative,sparse49_n300,300,events>=G10,32,EDGE.sym.sc.G10,0.1,0.0625,0.0427908248050911,0.0625,0.1182,0,0.0625,""
4,sparse49_cloglog_n300,alternative,sparse49_n300,300,events<Grule,1997,EDGE.sym.sc.G10,0.01,0.00951427140711067,0.00217231522885873,0.00801201802704056,0.011,0.00751126690035053,0.00958627648839556,""
4,sparse49_cloglog_n300,alternative,sparse49_n300,300,events<Grule,1997,EDGE.sym.sc.G10,0.05,0.0490736104156234,0.00483401977747434,0.0435653480220331,0.0576,0.00751126690035053,0.0494450050454087,""
4,sparse49_cloglog_n300,alternative,sparse49_n300,300,events<Grule,1997,EDGE.sym.sc.G10,0.1,0.108162243365048,0.00695011095602765,0.0871306960440661,0.1182,0.00751126690035053,0.108980827447023,""
4,sparse49_cloglog_n300,alternative,sparse49_n300,300,events>=Grule,3,EDGE.sym.sc.G10,0.01,0,0,0,0.011,0,0,""
4,sparse49_cloglog_n300,alternative,sparse49_n300,300,events>=Grule,3,EDGE.sym.sc.G10,0.05,0,0,0,0.0576,0,0,""
4,sparse49_cloglog_n300,alternative,sparse49_n300,300,events>=Grule,3,EDGE.sym.sc.G10,0.1,0,0,0,0.1182,0,0,""
4,sparse49_cloglog_n300,alternative,sparse49_n300,300,all,2000,EDGE.poly3.u.Grule,0.01,0.015,0.00271799558498538,0.0155,0.009,0.018,0.0152749490835031,""
4,sparse49_cloglog_n300,alternative,sparse49_n300,300,all,2000,EDGE.poly3.u.Grule,0.05,0.0465,0.00470838348055891,0.0545,0.0418,0.018,0.0473523421588595,""
4,sparse49_cloglog_n300,alternative,sparse49_n300,300,all,2000,EDGE.poly3.u.Grule,0.1,0.0885,0.00635089560613304,0.11,0.0844,0.018,0.090122199592668,""
4,sparse49_cloglog_n300,alternative,sparse49_n300,300,events<G10,1968,EDGE.poly3.u.Grule,0.01,0.0152439024390244,0.00276184863172476,0.0157520325203252,0.009,0.0182926829268293,0.015527950310559,""
4,sparse49_cloglog_n300,alternative,sparse49_n300,300,events<G10,1968,EDGE.poly3.u.Grule,0.05,0.0467479674796748,0.00475852866215534,0.054369918699187,0.0418,0.0182926829268293,0.0476190476190476,""
4,sparse49_cloglog_n300,alternative,sparse49_n300,300,events<G10,1968,EDGE.poly3.u.Grule,0.1,0.0889227642276423,0.00641610596601655,0.110264227642276,0.0844,0.0182926829268293,0.0905797101449275,""
4,sparse49_cloglog_n300,alternative,sparse49_n300,300,events>=G10,32,EDGE.poly3.u.Grule,0.01,0,0,0,0.009,0,0,""
4,sparse49_cloglog_n300,alternative,sparse49_n300,300,events>=G10,32,EDGE.poly3.u.Grule,0.05,0.03125,0.0307578432578586,0.0625,0.0418,0,0.03125,""
4,sparse49_cloglog_n300,alternative,sparse49_n300,300,events>=G10,32,EDGE.poly3.u.Grule,0.1,0.0625,0.0427908248050911,0.09375,0.0844,0,0.0625,""
4,sparse49_cloglog_n300,alternative,sparse49_n300,300,events<Grule,1997,EDGE.poly3.u.Grule,0.01,0.0150225338007011,0.00272204756642582,0.0155232849273911,0.009,0.0180270405608413,0.0152983171851096,""
4,sparse49_cloglog_n300,alternative,sparse49_n300,300,events<Grule,1997,EDGE.poly3.u.Grule,0.05,0.0465698547821733,0.00471528393182286,0.0545818728092138,0.0418,0.0180270405608413,0.0474247832738399,""
4,sparse49_cloglog_n300,alternative,sparse49_n300,300,events<Grule,1997,EDGE.poly3.u.Grule,0.1,0.0886329494241362,0.00635997238385061,0.110165247871808,0.0844,0.0180270405608413,0.0902600713921469,""
4,sparse49_cloglog_n300,alternative,sparse49_n300,300,events>=Grule,3,EDGE.poly3.u.Grule,0.01,0,0,0,0.009,0,0,""
4,sparse49_cloglog_n300,alternative,sparse49_n300,300,events>=Grule,3,EDGE.poly3.u.Grule,0.05,0,0,0,0.0418,0,0,""
4,sparse49_cloglog_n300,alternative,sparse49_n300,300,events>=Grule,3,EDGE.poly3.u.Grule,0.1,0,0,0,0.0844,0,0,""
4,sparse49_cloglog_n300,alternative,sparse49_n300,300,all,2000,EDGE.poly3.sc.Grule,0.01,0.0075,0.00192921616207205,0.0105,0.008,0.018,0.00763747454175153,""
4,sparse49_cloglog_n300,alternative,sparse49_n300,300,all,2000,EDGE.poly3.sc.Grule,0.05,0.038,0.00427527776875375,0.0505,0.0398,0.018,0.0386965376782077,""
4,sparse49_cloglog_n300,alternative,sparse49_n300,300,all,2000,EDGE.poly3.sc.Grule,0.1,0.0955,0.00657190041007926,0.105,0.0874,0.018,0.0972505091649695,""
4,sparse49_cloglog_n300,alternative,sparse49_n300,300,events<G10,1968,EDGE.poly3.sc.Grule,0.01,0.0076219512195122,0.00196046507557792,0.0106707317073171,0.008,0.0182926829268293,0.0077639751552795,""
4,sparse49_cloglog_n300,alternative,sparse49_n300,300,events<G10,1968,EDGE.poly3.sc.Grule,0.05,0.038109756097561,0.00431586943236096,0.0508130081300813,0.0398,0.0182926829268293,0.0388198757763975,""
4,sparse49_cloglog_n300,alternative,sparse49_n300,300,events<G10,1968,EDGE.poly3.sc.Grule,0.1,0.0955284552845528,0.00662599775871728,0.105182926829268,0.0874,0.0182926829268293,0.0973084886128364,""
4,sparse49_cloglog_n300,alternative,sparse49_n300,300,events>=G10,32,EDGE.poly3.sc.Grule,0.01,0,0,0,0.008,0,0,""
4,sparse49_cloglog_n300,alternative,sparse49_n300,300,events>=G10,32,EDGE.poly3.sc.Grule,0.05,0.03125,0.0307578432578586,0.03125,0.0398,0,0.03125,""
4,sparse49_cloglog_n300,alternative,sparse49_n300,300,events>=G10,32,EDGE.poly3.sc.Grule,0.1,0.09375,0.0515269763995036,0.09375,0.0874,0,0.09375,""
4,sparse49_cloglog_n300,alternative,sparse49_n300,300,events<Grule,1997,EDGE.poly3.sc.Grule,0.01,0.00751126690035053,0.00193210336682105,0.0105157736604907,0.008,0.0180270405608413,0.00764915859255482,""
4,sparse49_cloglog_n300,alternative,sparse49_n300,300,events<Grule,1997,EDGE.poly3.sc.Grule,0.05,0.0380570856284427,0.00428157327807891,0.0505758637956935,0.0398,0.0180270405608413,0.0387557368689444,""
4,sparse49_cloglog_n300,alternative,sparse49_n300,300,events<Grule,1997,EDGE.poly3.sc.Grule,0.1,0.0956434651977967,0.0065812510725467,0.105157736604907,0.0874,0.0180270405608413,0.0973992860785314,""
4,sparse49_cloglog_n300,alternative,sparse49_n300,300,events>=Grule,3,EDGE.poly3.sc.Grule,0.01,0,0,0,0.008,0,0,""
4,sparse49_cloglog_n300,alternative,sparse49_n300,300,events>=Grule,3,EDGE.poly3.sc.Grule,0.05,0,0,0,0.0398,0,0,""
4,sparse49_cloglog_n300,alternative,sparse49_n300,300,events>=Grule,3,EDGE.poly3.sc.Grule,0.1,0,0,0,0.0874,0,0,""
4,sparse49_cloglog_n300,alternative,sparse49_n300,300,all,2000,EDGE.poly2.u.Grule,0.01,0.006,0.0017268468374468,0.0105,0.0054,0.017,0.00610376398779247,""
4,sparse49_cloglog_n300,alternative,sparse49_n300,300,all,2000,EDGE.poly2.u.Grule,0.05,0.051,0.00491929873051028,0.0555,0.0432,0.017,0.051881993896236,""
4,sparse49_cloglog_n300,alternative,sparse49_n300,300,all,2000,EDGE.poly2.u.Grule,0.1,0.1115,0.00703803061942757,0.115,0.098,0.017,0.113428280773143,""
4,sparse49_cloglog_n300,alternative,sparse49_n300,300,events<G10,1968,EDGE.poly2.u.Grule,0.01,0.00609756097560976,0.00175483952283208,0.0106707317073171,0.0054,0.0172764227642276,0.0062047569803516,""
4,sparse49_cloglog_n300,alternative,sparse49_n300,300,events<G10,1968,EDGE.poly2.u.Grule,0.05,0.0513211382113821,0.00497387887151376,0.0558943089430894,0.0432,0.0172764227642276,0.0522233712512927,""
4,sparse49_cloglog_n300,alternative,sparse49_n300,300,events<G10,1968,EDGE.poly2.u.Grule,0.1,0.111788617886179,0.00710304250328648,0.115345528455285,0.098,0.0172764227642276,0.113753877973113,""
4,sparse49_cloglog_n300,alternative,sparse49_n300,300,events>=G10,32,EDGE.poly2.u.Grule,0.01,0,0,0,0.0054,0,0,""
4,sparse49_cloglog_n300,alternative,sparse49_n300,300,events>=G10,32,EDGE.poly2.u.Grule,0.05,0.03125,0.0307578432578586,0.03125,0.0432,0,0.03125,""
4,sparse49_cloglog_n300,alternative,sparse49_n300,300,events>=G10,32,EDGE.poly2.u.Grule,0.1,0.09375,0.0515269763995036,0.09375,0.098,0,0.09375,""
4,sparse49_cloglog_n300,alternative,sparse49_n300,300,events<Grule,1997,EDGE.poly2.u.Grule,0.01,0.00600901352028042,0.00172943315770434,0.0105157736604907,0.0054,0.0170255383074612,0.00611309220580744,""
4,sparse49_cloglog_n300,alternative,sparse49_n300,300,events<Grule,1997,EDGE.poly2.u.Grule,0.05,0.0510766149223836,0.00492648988826282,0.0555833750625939,0.0432,0.0170255383074612,0.0519612837493632,""
4,sparse49_cloglog_n300,alternative,sparse49_n300,300,events<Grule,1997,EDGE.poly2.u.Grule,0.1,0.111667501251878,0.00704793908714342,0.115172759138708,0.098,0.0170255383074612,0.113601630157922,""
4,sparse49_cloglog_n300,alternative,sparse49_n300,300,events>=Grule,3,EDGE.poly2.u.Grule,0.01,0,0,0,0.0054,0,0,""
4,sparse49_cloglog_n300,alternative,sparse49_n300,300,events>=Grule,3,EDGE.poly2.u.Grule,0.05,0,0,0,0.0432,0,0,""
4,sparse49_cloglog_n300,alternative,sparse49_n300,300,events>=Grule,3,EDGE.poly2.u.Grule,0.1,0,0,0,0.098,0,0,""
4,sparse49_cloglog_n300,alternative,sparse49_n300,300,all,2000,EDGE.poly2.sc.Grule,0.01,0.005,0.00157718102955875,0.005,0.0098,0.017,0.00508646998982706,""
4,sparse49_cloglog_n300,alternative,sparse49_n300,300,all,2000,EDGE.poly2.sc.Grule,0.05,0.05,0.00487339717240448,0.05,0.0498,0.017,0.0508646998982706,""
4,sparse49_cloglog_n300,alternative,sparse49_n300,300,all,2000,EDGE.poly2.sc.Grule,0.1,0.1065,0.00689774419647467,0.106,0.1004,0.017,0.108341810783316,""
4,sparse49_cloglog_n300,alternative,sparse49_n300,300,events<G10,1968,EDGE.poly2.sc.Grule,0.01,0.00508130081300813,0.00160276076526051,0.00508130081300813,0.0098,0.0172764227642276,0.00517063081695967,""
4,sparse49_cloglog_n300,alternative,sparse49_n300,300,events<G10,1968,EDGE.poly2.sc.Grule,0.05,0.0503048780487805,0.00492702319537086,0.0503048780487805,0.0498,0.0172764227642276,0.0511892450879007,""
4,sparse49_cloglog_n300,alternative,sparse49_n300,300,events<G10,1968,EDGE.poly2.sc.Grule,0.1,0.10619918699187,0.00694493877807188,0.105691056910569,0.1004,0.0172764227642276,0.108066184074457,""
4,sparse49_cloglog_n300,alternative,sparse49_n300,300,events>=G10,32,EDGE.poly2.sc.Grule,0.01,0,0,0,0.0098,0,0,""
4,sparse49_cloglog_n300,alternative,sparse49_n300,300,events>=G10,32,EDGE.poly2.sc.Grule,0.05,0.03125,0.0307578432578586,0.03125,0.0498,0,0.03125,""
4,sparse49_cloglog_n300,alternative,sparse49_n300,300,events>=G10,32,EDGE.poly2.sc.Grule,0.1,0.125,0.0584633966683428,0.125,0.1004,0,0.125,""
4,sparse49_cloglog_n300,alternative,sparse49_n300,300,events<Grule,1997,EDGE.poly2.sc.Grule,0.01,0.00500751126690035,0.00157954439305787,0.00500751126690035,0.0098,0.0170255383074612,0.00509424350483953,""
4,sparse49_cloglog_n300,alternative,sparse49_n300,300,events<Grule,1997,EDGE.poly2.sc.Grule,0.05,0.0500751126690035,0.00488052529661012,0.0500751126690035,0.0498,0.0170255383074612,0.0509424350483953,""
4,sparse49_cloglog_n300,alternative,sparse49_n300,300,events<Grule,1997,EDGE.poly2.sc.Grule,0.1,0.106659989984977,0.00690748784604112,0.106159238858287,0.1004,0.0170255383074612,0.108507386653082,""
4,sparse49_cloglog_n300,alternative,sparse49_n300,300,events>=Grule,3,EDGE.poly2.sc.Grule,0.01,0,0,0,0.0098,0,0,""
4,sparse49_cloglog_n300,alternative,sparse49_n300,300,events>=Grule,3,EDGE.poly2.sc.Grule,0.05,0,0,0,0.0498,0,0,""
4,sparse49_cloglog_n300,alternative,sparse49_n300,300,events>=Grule,3,EDGE.poly2.sc.Grule,0.1,0,0,0,0.1004,0,0,""
4,sparse49_cloglog_n300,alternative,sparse49_n300,300,all,2000,EDGE.stk.u.Grule,0.01,0.017,0.00289058817544112,0.013,0.014,0.0075,0.0171284634760705,""
4,sparse49_cloglog_n300,alternative,sparse49_n300,300,all,2000,EDGE.stk.u.Grule,0.05,0.0465,0.00470838348055891,0.061,0.0366,0.0075,0.0468513853904282,""
4,sparse49_cloglog_n300,alternative,sparse49_n300,300,all,2000,EDGE.stk.u.Grule,0.1,0.0765,0.00594338918463195,0.105,0.0604,0.0075,0.0770780856423174,""
4,sparse49_cloglog_n300,alternative,sparse49_n300,300,events<G10,1968,EDGE.stk.u.Grule,0.01,0.0172764227642276,0.00293717655032069,0.0132113821138211,0.014,0.0076219512195122,0.0174091141833077,""
4,sparse49_cloglog_n300,alternative,sparse49_n300,300,events<G10,1968,EDGE.stk.u.Grule,0.05,0.046239837398374,0.00473385761773554,0.0609756097560976,0.0366,0.0076219512195122,0.0465949820788531,""
4,sparse49_cloglog_n300,alternative,sparse49_n300,300,events<G10,1968,EDGE.stk.u.Grule,0.1,0.0767276422764228,0.0059996828840285,0.105182926829268,0.0604,0.0076219512195122,0.0773169482846902,""
4,sparse49_cloglog_n300,alternative,sparse49_n300,300,events>=G10,32,EDGE.stk.u.Grule,0.01,0,0,0,0.014,0,0,""
4,sparse49_cloglog_n300,alternative,sparse49_n300,300,events>=G10,32,EDGE.stk.u.Grule,0.05,0.0625,0.0427908248050911,0.0625,0.0366,0,0.0625,""
4,sparse49_cloglog_n300,alternative,sparse49_n300,300,events>=G10,32,EDGE.stk.u.Grule,0.1,0.0625,0.0427908248050911,0.09375,0.0604,0,0.0625,""
4,sparse49_cloglog_n300,alternative,sparse49_n300,300,events<Grule,1997,EDGE.stk.u.Grule,0.01,0.0170255383074612,0.00289489296595361,0.0130195292939409,0.014,0.00751126690035053,0.0171543895055499,""
4,sparse49_cloglog_n300,alternative,sparse49_n300,300,events<Grule,1997,EDGE.stk.u.Grule,0.05,0.0465698547821733,0.00471528393182286,0.0610916374561843,0.0366,0.00751126690035053,0.0469223007063572,""
4,sparse49_cloglog_n300,alternative,sparse49_n300,300,events<Grule,1997,EDGE.stk.u.Grule,0.1,0.0766149223835754,0.00595194728981012,0.105157736604907,0.0604,0.00751126690035053,0.0771947527749748,""
4,sparse49_cloglog_n300,alternative,sparse49_n300,300,events>=Grule,3,EDGE.stk.u.Grule,0.01,0,0,0,0.014,0,0,""
4,sparse49_cloglog_n300,alternative,sparse49_n300,300,events>=Grule,3,EDGE.stk.u.Grule,0.05,0,0,0,0.0366,0,0,""
4,sparse49_cloglog_n300,alternative,sparse49_n300,300,events>=Grule,3,EDGE.stk.u.Grule,0.1,0,0,0,0.0604,0,0,""
4,sparse49_cloglog_n300,alternative,sparse49_n300,300,all,2000,EDGE.stk.sc.Grule,0.01,0.007,0.00186426929385215,0.012,0.007,0.0075,0.00705289672544081,""
4,sparse49_cloglog_n300,alternative,sparse49_n300,300,all,2000,EDGE.stk.sc.Grule,0.05,0.038,0.00427527776875375,0.055,0.0408,0.0075,0.038287153652393,""
4,sparse49_cloglog_n300,alternative,sparse49_n300,300,all,2000,EDGE.stk.sc.Grule,0.1,0.095,0.0065564853389602,0.1085,0.0826,0.0075,0.0957178841309824,""
4,sparse49_cloglog_n300,alternative,sparse49_n300,300,events<G10,1968,EDGE.stk.sc.Grule,0.01,0.00711382113821138,0.00189447403074391,0.0121951219512195,0.007,0.0076219512195122,0.00716845878136201,""
4,sparse49_cloglog_n300,alternative,sparse49_n300,300,events<G10,1968,EDGE.stk.sc.Grule,0.05,0.038109756097561,0.00431586943236096,0.0553861788617886,0.0408,0.0076219512195122,0.0384024577572965,""
4,sparse49_cloglog_n300,alternative,sparse49_n300,300,events<G10,1968,EDGE.stk.sc.Grule,0.1,0.0955284552845528,0.00662599775871728,0.108231707317073,0.0826,0.0076219512195122,0.0962621607782898,""
4,sparse49_cloglog_n300,alternative,sparse49_n300,300,events>=G10,32,EDGE.stk.sc.Grule,0.01,0,0,0,0.007,0,0,""
4,sparse49_cloglog_n300,alternative,sparse49_n300,300,events>=G10,32,EDGE.stk.sc.Grule,0.05,0.03125,0.0307578432578586,0.03125,0.0408,0,0.03125,""
4,sparse49_cloglog_n300,alternative,sparse49_n300,300,events>=G10,32,EDGE.stk.sc.Grule,0.1,0.0625,0.0427908248050911,0.125,0.0826,0,0.0625,""
4,sparse49_cloglog_n300,alternative,sparse49_n300,300,events<Grule,1997,EDGE.stk.sc.Grule,0.01,0.00701051577366049,0.00186706001262949,0.0120180270405608,0.007,0.00751126690035053,0.0070635721493441,""
4,sparse49_cloglog_n300,alternative,sparse49_n300,300,events<Grule,1997,EDGE.stk.sc.Grule,0.05,0.0380570856284427,0.00428157327807891,0.0550826239359039,0.0408,0.00751126690035053,0.0383451059535822,""
4,sparse49_cloglog_n300,alternative,sparse49_n300,300,events<Grule,1997,EDGE.stk.sc.Grule,0.1,0.0951427140711067,0.00656581708137413,0.108662994491738,0.0826,0.00751126690035053,0.0958627648839556,""
4,sparse49_cloglog_n300,alternative,sparse49_n300,300,events>=Grule,3,EDGE.stk.sc.Grule,0.01,0,0,0,0.007,0,0,""
4,sparse49_cloglog_n300,alternative,sparse49_n300,300,events>=Grule,3,EDGE.stk.sc.Grule,0.05,0,0,0,0.0408,0,0,""
4,sparse49_cloglog_n300,alternative,sparse49_n300,300,events>=Grule,3,EDGE.stk.sc.Grule,0.1,0,0,0,0.0826,0,0,""
4,sparse49_cloglog_n300,alternative,sparse49_n300,300,all,2000,EDGE.sym.u.Grule,0.01,0.0155,0.00276222283677476,0.014,0.0112,0.0075,0.0156171284634761,""
4,sparse49_cloglog_n300,alternative,sparse49_n300,300,all,2000,EDGE.sym.u.Grule,0.05,0.045,0.00463546114210873,0.055,0.0406,0.0075,0.0453400503778338,""
4,sparse49_cloglog_n300,alternative,sparse49_n300,300,all,2000,EDGE.sym.u.Grule,0.1,0.091,0.00643113520305708,0.1055,0.0816,0.0075,0.0916876574307305,""
4,sparse49_cloglog_n300,alternative,sparse49_n300,300,events<G10,1968,EDGE.sym.u.Grule,0.01,0.0157520325203252,0.00280677769196198,0.0142276422764228,0.0112,0.0076219512195122,0.0158730158730159,""
4,sparse49_cloglog_n300,alternative,sparse49_n300,300,events<G10,1968,EDGE.sym.u.Grule,0.05,0.0447154471544715,0.00465889174883484,0.054369918699187,0.0406,0.0076219512195122,0.0450588837685612,""
4,sparse49_cloglog_n300,alternative,sparse49_n300,300,events<G10,1968,EDGE.sym.u.Grule,0.1,0.0909552845528455,0.00648177639118658,0.105691056910569,0.0816,0.0076219512195122,0.0916538658474142,""
4,sparse49_cloglog_n300,alternative,sparse49_n300,300,events>=G10,32,EDGE.sym.u.Grule,0.01,0,0,0,0.0112,0,0,""
4,sparse49_cloglog_n300,alternative,sparse49_n300,300,events>=G10,32,EDGE.sym.u.Grule,0.05,0.0625,0.0427908248050911,0.09375,0.0406,0,0.0625,""
4,sparse49_cloglog_n300,alternative,sparse49_n300,300,events>=G10,32,EDGE.sym.u.Grule,0.1,0.09375,0.0515269763995036,0.09375,0.0816,0,0.09375,""
4,sparse49_cloglog_n300,alternative,sparse49_n300,300,events<Grule,1997,EDGE.sym.u.Grule,0.01,0.0155232849273911,0.00276633968070999,0.014021031547321,0.0112,0.00751126690035053,0.0156407669021191,""
4,sparse49_cloglog_n300,alternative,sparse49_n300,300,events<Grule,1997,EDGE.sym.u.Grule,0.05,0.0450676014021032,0.0046422604651529,0.0550826239359039,0.0406,0.00751126690035053,0.0454086781029263,""
4,sparse49_cloglog_n300,alternative,sparse49_n300,300,events<Grule,1997,EDGE.sym.u.Grule,0.1,0.0911367050575864,0.00644031206181788,0.105658487731597,0.0816,0.00751126690035053,0.0918264379414733,""
4,sparse49_cloglog_n300,alternative,sparse49_n300,300,events>=Grule,3,EDGE.sym.u.Grule,0.01,0,0,0,0.0112,0,0,""
4,sparse49_cloglog_n300,alternative,sparse49_n300,300,events>=Grule,3,EDGE.sym.u.Grule,0.05,0,0,0,0.0406,0,0,""
4,sparse49_cloglog_n300,alternative,sparse49_n300,300,events>=Grule,3,EDGE.sym.u.Grule,0.1,0,0,0,0.0816,0,0,""
4,sparse49_cloglog_n300,alternative,sparse49_n300,300,all,2000,EDGE.sym.sc.Grule,0.01,0.0095,0.00216907238237916,0.0095,0.0106,0.0075,0.00957178841309824,""
4,sparse49_cloglog_n300,alternative,sparse49_n300,300,all,2000,EDGE.sym.sc.Grule,0.05,0.0545,0.00507591124823908,0.052,0.0536,0.0075,0.054911838790932,""
4,sparse49_cloglog_n300,alternative,sparse49_n300,300,all,2000,EDGE.sym.sc.Grule,0.1,0.1065,0.00689774419647467,0.0955,0.1138,0.0075,0.107304785894207,""
4,sparse49_cloglog_n300,alternative,sparse49_n300,300,events<G10,1968,EDGE.sym.sc.Grule,0.01,0.00965447154471545,0.00220416995833753,0.00965447154471545,0.0106,0.0076219512195122,0.00972862263184844,""
4,sparse49_cloglog_n300,alternative,sparse49_n300,300,events<G10,1968,EDGE.sym.sc.Grule,0.05,0.0538617886178862,0.00508867986582111,0.0518292682926829,0.0536,0.0076219512195122,0.0542754736303123,""
4,sparse49_cloglog_n300,alternative,sparse49_n300,300,events<G10,1968,EDGE.sym.sc.Grule,0.1,0.10619918699187,0.00694493877807188,0.095020325203252,0.1138,0.0076219512195122,0.107014848950333,""
4,sparse49_cloglog_n300,alternative,sparse49_n300,300,events>=G10,32,EDGE.sym.sc.Grule,0.01,0,0,0,0.0106,0,0,""
4,sparse49_cloglog_n300,alternative,sparse49_n300,300,events>=G10,32,EDGE.sym.sc.Grule,0.05,0.09375,0.0515269763995036,0.0625,0.0536,0,0.09375,""
4,sparse49_cloglog_n300,alternative,sparse49_n300,300,events>=G10,32,EDGE.sym.sc.Grule,0.1,0.125,0.0584633966683428,0.125,0.1138,0,0.125,""
4,sparse49_cloglog_n300,alternative,sparse49_n300,300,events<Grule,1997,EDGE.sym.sc.Grule,0.01,0.00951427140711067,0.00217231522885873,0.00951427140711067,0.0106,0.00751126690035053,0.00958627648839556,""
4,sparse49_cloglog_n300,alternative,sparse49_n300,300,events<Grule,1997,EDGE.sym.sc.Grule,0.05,0.0545818728092138,0.00508331645130839,0.0520781171757637,0.0536,0.00751126690035053,0.0549949545913219,""
4,sparse49_cloglog_n300,alternative,sparse49_n300,300,events<Grule,1997,EDGE.sym.sc.Grule,0.1,0.106659989984977,0.00690748784604112,0.0956434651977967,0.1138,0.00751126690035053,0.107467204843592,""
4,sparse49_cloglog_n300,alternative,sparse49_n300,300,events>=Grule,3,EDGE.sym.sc.Grule,0.01,0,0,0,0.0106,0,0,""
4,sparse49_cloglog_n300,alternative,sparse49_n300,300,events>=Grule,3,EDGE.sym.sc.Grule,0.05,0,0,0,0.0536,0,0,""
4,sparse49_cloglog_n300,alternative,sparse49_n300,300,events>=Grule,3,EDGE.sym.sc.Grule,0.1,0,0,0,0.1138,0,0,""
4,sparse49_cloglog_n300,alternative,sparse49_n300,300,all,2000,HL.G10,0.01,0.0335,0.00402354010791492,0.0125,0.0282,0.0075,0.0337531486146096,""
4,sparse49_cloglog_n300,alternative,sparse49_n300,300,all,2000,HL.G10,0.05,0.072,0.0057799653978203,0.061,0.0606,0.0075,0.072544080604534,""
4,sparse49_cloglog_n300,alternative,sparse49_n300,300,all,2000,HL.G10,0.1,0.1095,0.00698246911915835,0.118,0.0942,0.0075,0.110327455919395,""
4,sparse49_cloglog_n300,alternative,sparse49_n300,300,events<G10,1968,HL.G10,0.01,0.0335365853658537,0.00405825734105989,0.0121951219512195,0.0282,0.0076219512195122,0.0337941628264209,""
4,sparse49_cloglog_n300,alternative,sparse49_n300,300,events<G10,1968,HL.G10,0.05,0.0701219512195122,0.00575608829216292,0.0594512195121951,0.0606,0.0076219512195122,0.0706605222734255,""
4,sparse49_cloglog_n300,alternative,sparse49_n300,300,events<G10,1968,HL.G10,0.1,0.107723577235772,0.00698863799666468,0.116361788617886,0.0942,0.0076219512195122,0.108550947260625,""
4,sparse49_cloglog_n300,alternative,sparse49_n300,300,events>=G10,32,HL.G10,0.01,0.03125,0.0307578432578586,0.03125,0.0282,0,0.03125,""
4,sparse49_cloglog_n300,alternative,sparse49_n300,300,events>=G10,32,HL.G10,0.05,0.1875,0.0689981317681863,0.15625,0.0606,0,0.1875,""
4,sparse49_cloglog_n300,alternative,sparse49_n300,300,events>=G10,32,HL.G10,0.1,0.21875,0.0730792458354286,0.21875,0.0942,0,0.21875,""
4,sparse49_cloglog_n300,alternative,sparse49_n300,300,events<Grule,1997,HL.G10,0.01,0.0335503254882324,0.00402947957339178,0.0125187781672509,0.0282,0.00751126690035053,0.0338042381432896,""
4,sparse49_cloglog_n300,alternative,sparse49_n300,300,events<Grule,1997,HL.G10,0.05,0.0721081622433651,0.00578831101507475,0.0610916374561843,0.0606,0.00751126690035053,0.0726538849646821,""
4,sparse49_cloglog_n300,alternative,sparse49_n300,300,events<Grule,1997,HL.G10,0.1,0.109664496745118,0.00699231264343452,0.118177265898848,0.0942,0.00751126690035053,0.110494450050454,""
4,sparse49_cloglog_n300,alternative,sparse49_n300,300,events>=Grule,3,HL.G10,0.01,0,0,0,0.0282,0,0,""
4,sparse49_cloglog_n300,alternative,sparse49_n300,300,events>=Grule,3,HL.G10,0.05,0,0,0,0.0606,0,0,""
4,sparse49_cloglog_n300,alternative,sparse49_n300,300,events>=Grule,3,HL.G10,0.1,0,0,0,0.0942,0,0,""
4,sparse49_cloglog_n300,alternative,sparse49_n300,300,all,2000,HL.Grule,0.01,0.0425,0.00451075104611194,0.011,0.0298,0.0075,0.0428211586901763,""
4,sparse49_cloglog_n300,alternative,sparse49_n300,300,all,2000,HL.Grule,0.05,0.081,0.00610077863882964,0.0655,0.0626,0.0075,0.0816120906801008,""
4,sparse49_cloglog_n300,alternative,sparse49_n300,300,all,2000,HL.Grule,0.1,0.1165,0.00717383265765239,0.1225,0.0942,0.0075,0.117380352644836,""
4,sparse49_cloglog_n300,alternative,sparse49_n300,300,events<G10,1968,HL.Grule,0.01,0.0421747967479675,0.00453061420502945,0.0111788617886179,0.0298,0.0076219512195122,0.0424987199180748,""
4,sparse49_cloglog_n300,alternative,sparse49_n300,300,events<G10,1968,HL.Grule,0.05,0.0797764227642276,0.0061076115852272,0.0645325203252033,0.0626,0.0076219512195122,0.0803891449052739,""
4,sparse49_cloglog_n300,alternative,sparse49_n300,300,events<G10,1968,HL.Grule,0.1,0.114329268292683,0.00717302445481977,0.120426829268293,0.0942,0.0076219512195122,0.115207373271889,""
4,sparse49_cloglog_n300,alternative,sparse49_n300,300,events>=G10,32,HL.Grule,0.01,0.0625,0.0427908248050911,0,0.0298,0,0.0625,""
4,sparse49_cloglog_n300,alternative,sparse49_n300,300,events>=G10,32,HL.Grule,0.05,0.15625,0.0641862372076367,0.125,0.0626,0,0.15625,""
4,sparse49_cloglog_n300,alternative,sparse49_n300,300,events>=G10,32,HL.Grule,0.1,0.25,0.0765465544619743,0.25,0.0942,0,0.25,""
4,sparse49_cloglog_n300,alternative,sparse49_n300,300,events<Grule,1997,HL.Grule,0.01,0.042563845768653,0.00451737672102706,0.0110165247871808,0.0298,0.00751126690035053,0.0428859737638749,""
4,sparse49_cloglog_n300,alternative,sparse49_n300,300,events<Grule,1997,HL.Grule,0.05,0.0811216825237857,0.00610953903949066,0.0655983975963946,0.0626,0.00751126690035053,0.0817356205852674,""
4,sparse49_cloglog_n300,alternative,sparse49_n300,300,events<Grule,1997,HL.Grule,0.1,0.116675012518778,0.0071838979370963,0.122684026039059,0.0942,0.00751126690035053,0.117558022199798,""
4,sparse49_cloglog_n300,alternative,sparse49_n300,300,events>=Grule,3,HL.Grule,0.01,0,0,0,0.0298,0,0,""
4,sparse49_cloglog_n300,alternative,sparse49_n300,300,events>=Grule,3,HL.Grule,0.05,0,0,0,0.0626,0,0,""
4,sparse49_cloglog_n300,alternative,sparse49_n300,300,events>=Grule,3,HL.Grule,0.1,0,0,0,0.0942,0,0,""
4,sparse49_cloglog_n300,alternative,sparse49_n300,300,all,2000,HLF.G10,0.01,0.002,0.000998999499499374,0.0065,0.0062,0.0075,0.00201511335012594,""
4,sparse49_cloglog_n300,alternative,sparse49_n300,300,all,2000,HLF.G10,0.05,0.0205,0.00316857617866448,0.0505,0.0228,0.0075,0.0206549118387909,""
4,sparse49_cloglog_n300,alternative,sparse49_n300,300,all,2000,HLF.G10,0.1,0.044,0.00458606585212206,0.102,0.0418,0.0075,0.0443324937027708,""
4,sparse49_cloglog_n300,alternative,sparse49_n300,300,events<G10,1968,HLF.G10,0.01,0.00152439024390244,0.000879436048474863,0.00609756097560976,0.0062,0.0076219512195122,0.00153609831029186,""
4,sparse49_cloglog_n300,alternative,sparse49_n300,300,events<G10,1968,HLF.G10,0.05,0.0198170731707317,0.00314167152813432,0.0497967479674797,0.0228,0.0076219512195122,0.0199692780337942,""
4,sparse49_cloglog_n300,alternative,sparse49_n300,300,events<G10,1968,HLF.G10,0.1,0.0436991869918699,0.00460809468325216,0.100609756097561,0.0418,0.0076219512195122,0.0440348182283666,""
4,sparse49_cloglog_n300,alternative,sparse49_n300,300,events>=G10,32,HLF.G10,0.01,0.03125,0.0307578432578586,0.03125,0.0062,0,0.03125,""
4,sparse49_cloglog_n300,alternative,sparse49_n300,300,events>=G10,32,HLF.G10,0.05,0.0625,0.0427908248050911,0.09375,0.0228,0,0.0625,""
4,sparse49_cloglog_n300,alternative,sparse49_n300,300,events>=G10,32,HLF.G10,0.1,0.0625,0.0427908248050911,0.1875,0.0418,0,0.0625,""
4,sparse49_cloglog_n300,alternative,sparse49_n300,300,events<Grule,1997,HLF.G10,0.01,0.00200300450676014,0.00100049874385614,0.00650976464697046,0.0062,0.00751126690035053,0.00201816347124117,""
4,sparse49_cloglog_n300,alternative,sparse49_n300,300,events<Grule,1997,HLF.G10,0.05,0.0205307961942914,0.00317328629654491,0.0505758637956935,0.0228,0.00751126690035053,0.020686175580222,""
4,sparse49_cloglog_n300,alternative,sparse49_n300,300,events<Grule,1997,HLF.G10,0.1,0.0440660991487231,0.00459279650069696,0.101652478718077,0.0418,0.00751126690035053,0.0443995963673058,""
4,sparse49_cloglog_n300,alternative,sparse49_n300,300,events>=Grule,3,HLF.G10,0.01,0,0,0,0.0062,0,0,""
4,sparse49_cloglog_n300,alternative,sparse49_n300,300,events>=Grule,3,HLF.G10,0.05,0,0,0,0.0228,0,0,""
4,sparse49_cloglog_n300,alternative,sparse49_n300,300,events>=Grule,3,HLF.G10,0.1,0,0,0.333333333333333,0.0418,0,0,""
4,sparse49_cloglog_n300,alternative,sparse49_n300,300,all,2000,HLF.Grule,0.01,0.008,0.0019919839356782,0.014,0.005,0.0075,0.00806045340050378,""
4,sparse49_cloglog_n300,alternative,sparse49_n300,300,all,2000,HLF.Grule,0.05,0.022,0.00327993902382346,0.055,0.0206,0.0075,0.0221662468513854,""
4,sparse49_cloglog_n300,alternative,sparse49_n300,300,all,2000,HLF.Grule,0.1,0.0445,0.00461084319837489,0.096,0.0428,0.0075,0.0448362720403023,""
4,sparse49_cloglog_n300,alternative,sparse49_n300,300,events<G10,1968,HLF.Grule,0.01,0.00813008130081301,0.00202424118559698,0.0132113821138211,0.005,0.0076219512195122,0.00819252432155658,""
4,sparse49_cloglog_n300,alternative,sparse49_n300,300,events<G10,1968,HLF.Grule,0.05,0.0208333333333333,0.00321954978070297,0.054369918699187,0.0206,0.0076219512195122,0.0209933435739887,""
4,sparse49_cloglog_n300,alternative,sparse49_n300,300,events<G10,1968,HLF.Grule,0.1,0.0436991869918699,0.00460809468325216,0.0940040650406504,0.0428,0.0076219512195122,0.0440348182283666,""
4,sparse49_cloglog_n300,alternative,sparse49_n300,300,events>=G10,32,HLF.Grule,0.01,0,0,0.0625,0.005,0,0,""
4,sparse49_cloglog_n300,alternative,sparse49_n300,300,events>=G10,32,HLF.Grule,0.05,0.09375,0.0515269763995036,0.09375,0.0206,0,0.09375,""
4,sparse49_cloglog_n300,alternative,sparse49_n300,300,events>=G10,32,HLF.Grule,0.1,0.09375,0.0515269763995036,0.21875,0.0428,0,0.09375,""
4,sparse49_cloglog_n300,alternative,sparse49_n300,300,events<Grule,1997,HLF.Grule,0.01,0.00801201802704056,0.00199496431572572,0.014021031547321,0.005,0.00751126690035053,0.00807265388496468,""
4,sparse49_cloglog_n300,alternative,sparse49_n300,300,events<Grule,1997,HLF.Grule,0.05,0.0220330495743615,0.00328481082006149,0.0550826239359039,0.0206,0.00751126690035053,0.0221997981836529,""
4,sparse49_cloglog_n300,alternative,sparse49_n300,300,events<Grule,1997,HLF.Grule,0.1,0.0445668502754131,0.00461760831229324,0.0956434651977967,0.0428,0.00751126690035053,0.044904137235116,""
4,sparse49_cloglog_n300,alternative,sparse49_n300,300,events>=Grule,3,HLF.Grule,0.01,0,0,0,0.005,0,0,""
4,sparse49_cloglog_n300,alternative,sparse49_n300,300,events>=Grule,3,HLF.Grule,0.05,0,0,0,0.0206,0,0,""
4,sparse49_cloglog_n300,alternative,sparse49_n300,300,events>=Grule,3,HLF.Grule,0.1,0,0,0.333333333333333,0.0428,0,0,""
4,sparse49_cloglog_n300,alternative,sparse49_n300,300,all,2000,Stk.joint,0.01,0.012,0.00243474844696531,0.018,0.0062,0.01,0.0121212121212121,""
4,sparse49_cloglog_n300,alternative,sparse49_n300,300,all,2000,Stk.joint,0.05,0.045,0.00463546114210873,0.0515,0.0418,0.01,0.0454545454545455,""
4,sparse49_cloglog_n300,alternative,sparse49_n300,300,all,2000,Stk.joint,0.1,0.092,0.00646281672337998,0.094,0.0978,0.01,0.0929292929292929,""
4,sparse49_cloglog_n300,alternative,sparse49_n300,300,events<G10,1968,Stk.joint,0.01,0.0121951219512195,0.0024740935097582,0.0182926829268293,0.0062,0.0101626016260163,0.0123203285420945,""
4,sparse49_cloglog_n300,alternative,sparse49_n300,300,events<G10,1968,Stk.joint,0.05,0.0447154471544715,0.00465889174883484,0.0508130081300813,0.0418,0.0101626016260163,0.0451745379876797,""
4,sparse49_cloglog_n300,alternative,sparse49_n300,300,events<G10,1968,Stk.joint,0.1,0.0914634146341463,0.00649803982395175,0.0934959349593496,0.0978,0.0101626016260163,0.0924024640657084,""
4,sparse49_cloglog_n300,alternative,sparse49_n300,300,events>=G10,32,Stk.joint,0.01,0,0,0,0.0062,0,0,""
4,sparse49_cloglog_n300,alternative,sparse49_n300,300,events>=G10,32,Stk.joint,0.05,0.0625,0.0427908248050911,0.09375,0.0418,0,0.0625,""
4,sparse49_cloglog_n300,alternative,sparse49_n300,300,events>=G10,32,Stk.joint,0.1,0.125,0.0584633966683428,0.125,0.0978,0,0.125,""
4,sparse49_cloglog_n300,alternative,sparse49_n300,300,events<Grule,1997,Stk.joint,0.01,0.0120180270405608,0.00243838381037864,0.0180270405608413,0.0062,0.0100150225338007,0.0121396054628225,""
4,sparse49_cloglog_n300,alternative,sparse49_n300,300,events<Grule,1997,Stk.joint,0.05,0.0450676014021032,0.0046422604651529,0.0515773660490736,0.0418,0.0100150225338007,0.0455235204855842,""
4,sparse49_cloglog_n300,alternative,sparse49_n300,300,events<Grule,1997,Stk.joint,0.1,0.0921382073109664,0.00647203289909858,0.0941412118177266,0.0978,0.0100150225338007,0.0930703085483055,""
4,sparse49_cloglog_n300,alternative,sparse49_n300,300,events>=Grule,3,Stk.joint,0.01,0,0,0,0.0062,0,0,""
4,sparse49_cloglog_n300,alternative,sparse49_n300,300,events>=Grule,3,Stk.joint,0.05,0,0,0,0.0418,0,0,""
4,sparse49_cloglog_n300,alternative,sparse49_n300,300,events>=Grule,3,Stk.joint,0.1,0,0,0,0.0978,0,0,""
4,sparse49_cloglog_n300,alternative,sparse49_n300,300,all,2000,Stk.LR,0.01,0.036,0.00416557318985035,0.011,0.0398,0.084,0.0393013100436681,""
4,sparse49_cloglog_n300,alternative,sparse49_n300,300,all,2000,Stk.LR,0.05,0.117,0.00718717607965743,0.047,0.1236,0.084,0.127729257641921,""
4,sparse49_cloglog_n300,alternative,sparse49_n300,300,all,2000,Stk.LR,0.1,0.1845,0.00867351572316555,0.0925,0.1982,0.084,0.201419213973799,""
4,sparse49_cloglog_n300,alternative,sparse49_n300,300,events<G10,1968,Stk.LR,0.01,0.0355691056910569,0.00417502886968472,0.0111788617886179,0.0398,0.0853658536585366,0.0388888888888889,""
4,sparse49_cloglog_n300,alternative,sparse49_n300,300,events<G10,1968,Stk.LR,0.05,0.116869918699187,0.00724187731138176,0.0467479674796748,0.1236,0.0853658536585366,0.127777777777778,""
4,sparse49_cloglog_n300,alternative,sparse49_n300,300,events<G10,1968,Stk.LR,0.1,0.184451219512195,0.00874285326990654,0.0919715447154472,0.1982,0.0853658536585366,0.201666666666667,""
4,sparse49_cloglog_n300,alternative,sparse49_n300,300,events>=G10,32,Stk.LR,0.01,0.0625,0.0427908248050911,0,0.0398,0,0.0625,""
4,sparse49_cloglog_n300,alternative,sparse49_n300,300,events>=G10,32,Stk.LR,0.05,0.125,0.0584633966683428,0.0625,0.1236,0,0.125,""
4,sparse49_cloglog_n300,alternative,sparse49_n300,300,events>=G10,32,Stk.LR,0.1,0.1875,0.0689981317681863,0.125,0.1982,0,0.1875,""
4,sparse49_cloglog_n300,alternative,sparse49_n300,300,events<Grule,1997,Stk.LR,0.01,0.0360540811216825,0.00417171391319409,0.0110165247871808,0.0398,0.0841261892839259,0.0393657736468015,""
4,sparse49_cloglog_n300,alternative,sparse49_n300,300,events<Grule,1997,Stk.LR,0.05,0.117175763645468,0.00719725661512501,0.0470706059088633,0.1236,0.0841261892839259,0.127938764352105,""
4,sparse49_cloglog_n300,alternative,sparse49_n300,300,events<Grule,1997,Stk.LR,0.1,0.184777165748623,0.00868506925852076,0.0926389584376565,0.1982,0.0841261892839259,0.201749589939858,""
4,sparse49_cloglog_n300,alternative,sparse49_n300,300,events>=Grule,3,Stk.LR,0.01,0,0,0,0.0398,0,0,""
4,sparse49_cloglog_n300,alternative,sparse49_n300,300,events>=Grule,3,Stk.LR,0.05,0,0,0,0.1236,0,0,""
4,sparse49_cloglog_n300,alternative,sparse49_n300,300,events>=Grule,3,Stk.LR,0.1,0,0,0,0.1982,0,0,""
4,sparse49_cloglog_n300,alternative,sparse49_n300,300,all,2000,Stk.sym1,0.01,0.0115,0.0023840878758972,0.015,0.0072,0.0095,0.0116102978293791,""
4,sparse49_cloglog_n300,alternative,sparse49_n300,300,all,2000,Stk.sym1,0.05,0.041,0.00443390347211123,0.0445,0.0482,0.0095,0.0413932357395255,""
4,sparse49_cloglog_n300,alternative,sparse49_n300,300,all,2000,Stk.sym1,0.1,0.1045,0.00684031249286171,0.101,0.1066,0.0095,0.10550227158001,""
4,sparse49_cloglog_n300,alternative,sparse49_n300,300,events<G10,1968,Stk.sym1,0.01,0.0116869918699187,0.00242262435925432,0.0152439024390244,0.0072,0.00965447154471545,0.0118009235505387,""
4,sparse49_cloglog_n300,alternative,sparse49_n300,300,events<G10,1968,Stk.sym1,0.05,0.040650406504065,0.00445152018858613,0.0442073170731707,0.0482,0.00965447154471545,0.0410466906105695,""
4,sparse49_cloglog_n300,alternative,sparse49_n300,300,events<G10,1968,Stk.sym1,0.1,0.105182926829268,0.00691555770567618,0.101626016260163,0.1066,0.00965447154471545,0.106208311954849,""
4,sparse49_cloglog_n300,alternative,sparse49_n300,300,events>=G10,32,Stk.sym1,0.01,0,0,0,0.0072,0,0,""
4,sparse49_cloglog_n300,alternative,sparse49_n300,300,events>=G10,32,Stk.sym1,0.05,0.0625,0.0427908248050911,0.0625,0.0482,0,0.0625,""
4,sparse49_cloglog_n300,alternative,sparse49_n300,300,events>=G10,32,Stk.sym1,0.1,0.0625,0.0427908248050911,0.0625,0.1066,0,0.0625,""
4,sparse49_cloglog_n300,alternative,sparse49_n300,300,events<Grule,1997,Stk.sym1,0.01,0.0115172759138708,0.00238764851534864,0.0150225338007011,0.0072,0.00951427140711067,0.0116279069767442,""
4,sparse49_cloglog_n300,alternative,sparse49_n300,300,events<Grule,1997,Stk.sym1,0.05,0.0410615923885829,0.00444042171725716,0.0445668502754131,0.0482,0.00951427140711067,0.0414560161779575,""
4,sparse49_cloglog_n300,alternative,sparse49_n300,300,events<Grule,1997,Stk.sym1,0.1,0.104656985478217,0.00684998787847962,0.101151727591387,0.1066,0.00951427140711067,0.105662285136502,""
4,sparse49_cloglog_n300,alternative,sparse49_n300,300,events>=Grule,3,Stk.sym1,0.01,0,0,0,0.0072,0,0,""
4,sparse49_cloglog_n300,alternative,sparse49_n300,300,events>=Grule,3,Stk.sym1,0.05,0,0,0,0.0482,0,0,""
4,sparse49_cloglog_n300,alternative,sparse49_n300,300,events>=Grule,3,Stk.sym1,0.1,0,0,0,0.1066,0,0,""
4,sparse49_cloglog_n300,alternative,sparse49_n300,300,all,2000,Stk.marg,0.01,0.008,0.0019919839356782,0.0085,0.0088,0.531,0.0170575692963753,""
4,sparse49_cloglog_n300,alternative,sparse49_n300,300,all,2000,Stk.marg,0.05,0.0245,0.00345685912353975,0.042,0.0274,0.531,0.0522388059701493,""
4,sparse49_cloglog_n300,alternative,sparse49_n300,300,all,2000,Stk.marg,0.1,0.0415,0.00445969449626317,0.102,0.0494,0.531,0.0884861407249467,""
4,sparse49_cloglog_n300,alternative,sparse49_n300,300,events<G10,1968,Stk.marg,0.01,0.00813008130081301,0.00202424118559698,0.00863821138211382,0.0088,0.537093495934959,0.017563117453348,""
4,sparse49_cloglog_n300,alternative,sparse49_n300,300,events<G10,1968,Stk.marg,0.05,0.0233739837398374,0.00340579078719792,0.0411585365853659,0.0274,0.537093495934959,0.0504939626783754,""
4,sparse49_cloglog_n300,alternative,sparse49_n300,300,events<G10,1968,Stk.marg,0.1,0.040650406504065,0.00445152018858613,0.102134146341463,0.0494,0.537093495934959,0.0878155872667399,""
4,sparse49_cloglog_n300,alternative,sparse49_n300,300,events>=G10,32,Stk.marg,0.01,0,0,0,0.0088,0.15625,0,""
4,sparse49_cloglog_n300,alternative,sparse49_n300,300,events>=G10,32,Stk.marg,0.05,0.09375,0.0515269763995036,0.09375,0.0274,0.15625,0.111111111111111,""
4,sparse49_cloglog_n300,alternative,sparse49_n300,300,events>=G10,32,Stk.marg,0.1,0.09375,0.0515269763995036,0.09375,0.0494,0.15625,0.111111111111111,""
4,sparse49_cloglog_n300,alternative,sparse49_n300,300,events<Grule,1997,Stk.marg,0.01,0.00801201802704056,0.00199496431572572,0.0085127691537306,0.0088,0.531797696544817,0.0171122994652406,""
4,sparse49_cloglog_n300,alternative,sparse49_n300,300,events<Grule,1997,Stk.marg,0.05,0.0245368052078117,0.00346198689033423,0.0420630946419629,0.0274,0.531797696544817,0.0524064171122995,""
4,sparse49_cloglog_n300,alternative,sparse49_n300,300,events<Grule,1997,Stk.marg,0.1,0.0415623435152729,0.00446624883166346,0.102153229844767,0.0494,0.531797696544817,0.0887700534759358,""
4,sparse49_cloglog_n300,alternative,sparse49_n300,300,events>=Grule,3,Stk.marg,0.01,0,0,0,0.0088,0,0,""
4,sparse49_cloglog_n300,alternative,sparse49_n300,300,events>=Grule,3,Stk.marg,0.05,0,0,0,0.0274,0,0,""
4,sparse49_cloglog_n300,alternative,sparse49_n300,300,events>=Grule,3,Stk.marg,0.1,0,0,0,0.0494,0,0,""
4,sparse49_cloglog_n300,alternative,sparse49_n300,300,all,2000,GiViTI,0.01,0.042,0.00448530935387962,0.0095,0.0514,0.044,0.0439330543933054,""
4,sparse49_cloglog_n300,alternative,sparse49_n300,300,all,2000,GiViTI,0.05,0.1245,0.00738240306404358,0.042,0.1332,0.044,0.130230125523013,""
4,sparse49_cloglog_n300,alternative,sparse49_n300,300,all,2000,GiViTI,0.1,0.1905,0.00878093816172281,0.086,0.2062,0.044,0.199267782426778,""
4,sparse49_cloglog_n300,alternative,sparse49_n300,300,events<G10,1968,GiViTI,0.01,0.0426829268292683,0.00455661621319008,0.00965447154471545,0.0514,0.0447154471544715,0.0446808510638298,""
4,sparse49_cloglog_n300,alternative,sparse49_n300,300,events<G10,1968,GiViTI,0.05,0.125508130081301,0.00746794774885797,0.0426829268292683,0.1332,0.0447154471544715,0.131382978723404,""
4,sparse49_cloglog_n300,alternative,sparse49_n300,300,events<G10,1968,GiViTI,0.1,0.192073170731707,0.00887987435756189,0.0863821138211382,0.2062,0.0447154471544715,0.201063829787234,""
4,sparse49_cloglog_n300,alternative,sparse49_n300,300,events>=G10,32,GiViTI,0.01,0,0,0,0.0514,0,0,""
4,sparse49_cloglog_n300,alternative,sparse49_n300,300,events>=G10,32,GiViTI,0.05,0.0625,0.0427908248050911,0,0.1332,0,0.0625,""
4,sparse49_cloglog_n300,alternative,sparse49_n300,300,events>=G10,32,GiViTI,0.1,0.09375,0.0515269763995036,0.0625,0.2062,0,0.09375,""
4,sparse49_cloglog_n300,alternative,sparse49_n300,300,events<Grule,1997,GiViTI,0.01,0.0420630946419629,0.00449189949767333,0.00951427140711067,0.0514,0.0440660991487231,0.0440020953378732,""
4,sparse49_cloglog_n300,alternative,sparse49_n300,300,events<Grule,1997,GiViTI,0.05,0.124687030545819,0.00739270353646821,0.0420630946419629,0.1332,0.0440660991487231,0.130434782608696,""
4,sparse49_cloglog_n300,alternative,sparse49_n300,300,events<Grule,1997,GiViTI,0.1,0.190786179268903,0.00879257474181051,0.086129193790686,0.2062,0.0440660991487231,0.199580932425354,""
4,sparse49_cloglog_n300,alternative,sparse49_n300,300,events>=Grule,3,GiViTI,0.01,0,0,0,0.0514,0,0,""
4,sparse49_cloglog_n300,alternative,sparse49_n300,300,events>=Grule,3,GiViTI,0.05,0,0,0,0.1332,0,0,""
4,sparse49_cloglog_n300,alternative,sparse49_n300,300,events>=Grule,3,GiViTI,0.1,0,0,0,0.2062,0,0,""
4,sparse49_cloglog_n300,alternative,sparse49_n300,300,all,2000,GiViTI.t50,0.01,0.0735,0.00583514138646186,0.0135,0.0776,0.044,0.0768828451882845,""
4,sparse49_cloglog_n300,alternative,sparse49_n300,300,all,2000,GiViTI.t50,0.05,0.1755,0.00850587297107122,0.0475,0.178,0.044,0.183577405857741,""
4,sparse49_cloglog_n300,alternative,sparse49_n300,300,all,2000,GiViTI.t50,0.1,0.25,0.00968245836551854,0.0925,0.2612,0.044,0.261506276150628,""
4,sparse49_cloglog_n300,alternative,sparse49_n300,300,events<G10,1968,GiViTI.t50,0.01,0.0746951219512195,0.00592619583777644,0.013719512195122,0.0776,0.0447154471544715,0.0781914893617021,""
4,sparse49_cloglog_n300,alternative,sparse49_n300,300,events<G10,1968,GiViTI.t50,0.05,0.176829268292683,0.00860021855719865,0.0482723577235772,0.178,0.0447154471544715,0.185106382978723,""
4,sparse49_cloglog_n300,alternative,sparse49_n300,300,events<G10,1968,GiViTI.t50,0.1,0.251524390243902,0.00978061878093484,0.0934959349593496,0.2612,0.0447154471544715,0.263297872340426,""
4,sparse49_cloglog_n300,alternative,sparse49_n300,300,events>=G10,32,GiViTI.t50,0.01,0,0,0,0.0776,0,0,""
4,sparse49_cloglog_n300,alternative,sparse49_n300,300,events>=G10,32,GiViTI.t50,0.05,0.09375,0.0515269763995036,0,0.178,0,0.09375,""
4,sparse49_cloglog_n300,alternative,sparse49_n300,300,events>=G10,32,GiViTI.t50,0.1,0.15625,0.0641862372076367,0.03125,0.2612,0,0.15625,""
4,sparse49_cloglog_n300,alternative,sparse49_n300,300,events<Grule,1997,GiViTI.t50,0.01,0.0736104156234352,0.0058435590131786,0.0135202804206309,0.0776,0.0440660991487231,0.0770036668412782,""
4,sparse49_cloglog_n300,alternative,sparse49_n300,300,events<Grule,1997,GiViTI.t50,0.05,0.175763645468202,0.00851728885938692,0.0475713570355533,0.178,0.0440660991487231,0.183865898376113,""
4,sparse49_cloglog_n300,alternative,sparse49_n300,300,events<Grule,1997,GiViTI.t50,0.1,0.250375563345018,0.00969457567449985,0.0926389584376565,0.2612,0.0440660991487231,0.261917234154007,""
4,sparse49_cloglog_n300,alternative,sparse49_n300,300,events>=Grule,3,GiViTI.t50,0.01,0,0,0,0.0776,0,0,""
4,sparse49_cloglog_n300,alternative,sparse49_n300,300,events>=Grule,3,GiViTI.t50,0.05,0,0,0,0.178,0,0,""
4,sparse49_cloglog_n300,alternative,sparse49_n300,300,events>=Grule,3,GiViTI.t50,0.1,0,0,0,0.2612,0,0,""
4,sparse49_cloglog_n300,alternative,sparse49_n300,300,all,2000,Cubic.LR,0.01,0.078,0.00599649897857075,0.0095,0.0732,0.0075,0.0785894206549118,""
4,sparse49_cloglog_n300,alternative,sparse49_n300,300,all,2000,Cubic.LR,0.05,0.154,0.00807105941001552,0.052,0.1596,0.0075,0.155163727959698,""
4,sparse49_cloglog_n300,alternative,sparse49_n300,300,all,2000,Cubic.LR,0.1,0.229,0.00939571710940682,0.1025,0.2388,0.0075,0.230730478589421,""
4,sparse49_cloglog_n300,alternative,sparse49_n300,300,events<G10,1968,Cubic.LR,0.01,0.078760162601626,0.00607193494680798,0.00965447154471545,0.0732,0.0076219512195122,0.0793650793650794,""
4,sparse49_cloglog_n300,alternative,sparse49_n300,300,events<G10,1968,Cubic.LR,0.05,0.155487804878049,0.00816842981461604,0.0528455284552846,0.1596,0.0076219512195122,0.15668202764977,""
4,sparse49_cloglog_n300,alternative,sparse49_n300,300,events<G10,1968,Cubic.LR,0.1,0.230182926829268,0.00948894165502719,0.103658536585366,0.2388,0.0076219512195122,0.231950844854071,""
4,sparse49_cloglog_n300,alternative,sparse49_n300,300,events>=G10,32,Cubic.LR,0.01,0.03125,0.0307578432578586,0,0.0732,0,0.03125,""
4,sparse49_cloglog_n300,alternative,sparse49_n300,300,events>=G10,32,Cubic.LR,0.05,0.0625,0.0427908248050911,0,0.1596,0,0.0625,""
4,sparse49_cloglog_n300,alternative,sparse49_n300,300,events>=G10,32,Cubic.LR,0.1,0.15625,0.0641862372076367,0.03125,0.2388,0,0.15625,""
4,sparse49_cloglog_n300,alternative,sparse49_n300,300,events<Grule,1997,Cubic.LR,0.01,0.0781171757636455,0.00600512561130823,0.00951427140711067,0.0732,0.00751126690035053,0.0787083753784057,""
4,sparse49_cloglog_n300,alternative,sparse49_n300,300,events<Grule,1997,Cubic.LR,0.05,0.154231347020531,0.00808207889761927,0.0520781171757637,0.1596,0.00751126690035053,0.15539858728557,""
4,sparse49_cloglog_n300,alternative,sparse49_n300,300,events<Grule,1997,Cubic.LR,0.1,0.229344016024036,0.00940773231496126,0.102653980971457,0.2388,0.00751126690035053,0.231079717457114,""
4,sparse49_cloglog_n300,alternative,sparse49_n300,300,events>=Grule,3,Cubic.LR,0.01,0,0,0,0.0732,0,0,""
4,sparse49_cloglog_n300,alternative,sparse49_n300,300,events>=Grule,3,Cubic.LR,0.05,0,0,0,0.1596,0,0,""
4,sparse49_cloglog_n300,alternative,sparse49_n300,300,events>=Grule,3,Cubic.LR,0.1,0,0,0,0.2388,0,0,""
4,sparse49_cloglog_n300,alternative,sparse49_n300,300,all,2000,HL_w,0.01,0.007,0.00186426929385215,0.007,0.0094,0.2195,0.00896860986547085,""
4,sparse49_cloglog_n300,alternative,sparse49_n300,300,all,2000,HL_w,0.05,0.0315,0.0039056209493498,0.0405,0.04,0.2195,0.0403587443946188,""
4,sparse49_cloglog_n300,alternative,sparse49_n300,300,all,2000,HL_w,0.1,0.0745,0.00587153089066216,0.0895,0.0872,0.2195,0.0954516335682255,""
4,sparse49_cloglog_n300,alternative,sparse49_n300,300,events<G10,1968,HL_w,0.01,0.00711382113821138,0.00189447403074391,0.00711382113821138,0.0094,0.223069105691057,0.00915631131458469,""
4,sparse49_cloglog_n300,alternative,sparse49_n300,300,events<G10,1968,HL_w,0.05,0.0320121951219512,0.00396807729785865,0.0411585365853659,0.04,0.223069105691057,0.0412034009156311,""
4,sparse49_cloglog_n300,alternative,sparse49_n300,300,events<G10,1968,HL_w,0.1,0.0746951219512195,0.00592619583777644,0.0899390243902439,0.0872,0.223069105691057,0.0961412688031393,""
4,sparse49_cloglog_n300,alternative,sparse49_n300,300,events>=G10,32,HL_w,0.01,0,0,0,0.0094,0,0,""
4,sparse49_cloglog_n300,alternative,sparse49_n300,300,events>=G10,32,HL_w,0.05,0,0,0,0.04,0,0,""
4,sparse49_cloglog_n300,alternative,sparse49_n300,300,events>=G10,32,HL_w,0.1,0.0625,0.0427908248050911,0.0625,0.0872,0,0.0625,""
4,sparse49_cloglog_n300,alternative,sparse49_n300,300,events<Grule,1997,HL_w,0.01,0.00701051577366049,0.00186706001262949,0.00701051577366049,0.0094,0.219829744616925,0.00898587933247754,""
4,sparse49_cloglog_n300,alternative,sparse49_n300,300,events<Grule,1997,HL_w,0.05,0.0315473209814722,0.00391139262265436,0.0405608412618928,0.04,0.219829744616925,0.0404364569961489,""
4,sparse49_cloglog_n300,alternative,sparse49_n300,300,events<Grule,1997,HL_w,0.1,0.0746119178768152,0.00587999586060743,0.0896344516775163,0.0872,0.219829744616925,0.0956354300385109,""
4,sparse49_cloglog_n300,alternative,sparse49_n300,300,events>=Grule,3,HL_w,0.01,0,0,0,0.0094,0,0,""
4,sparse49_cloglog_n300,alternative,sparse49_n300,300,events>=Grule,3,HL_w,0.05,0,0,0,0.04,0,0,""
4,sparse49_cloglog_n300,alternative,sparse49_n300,300,events>=Grule,3,HL_w,0.1,0,0,0,0.0872,0,0,""
4,sparse49_cloglog_n300,alternative,sparse49_n300,300,all,2000,PH,0.01,0.0285,0.0037207358143249,0.0125,0.0216,0.0255,0.0292457670600308,""
4,sparse49_cloglog_n300,alternative,sparse49_n300,300,all,2000,PH,0.05,0.0585,0.0052477495176504,0.061,0.0472,0.0255,0.0600307850179579,""
4,sparse49_cloglog_n300,alternative,sparse49_n300,300,all,2000,PH,0.1,0.0825,0.0061519813881383,0.1185,0.0732,0.0255,0.0846587993842996,""
4,sparse49_cloglog_n300,alternative,sparse49_n300,300,events<G10,1968,PH,0.01,0.0284552845528455,0.00374800633547805,0.0121951219512195,0.0216,0.0259146341463415,0.0292123109024517,""
4,sparse49_cloglog_n300,alternative,sparse49_n300,300,events<G10,1968,PH,0.05,0.0569105691056911,0.00522228243745817,0.0594512195121951,0.0472,0.0259146341463415,0.0584246218049035,""
4,sparse49_cloglog_n300,alternative,sparse49_n300,300,events<G10,1968,PH,0.1,0.0807926829268293,0.00614299560277959,0.116869918699187,0.0732,0.0259146341463415,0.0829420970266041,""
4,sparse49_cloglog_n300,alternative,sparse49_n300,300,events>=G10,32,PH,0.01,0.03125,0.0307578432578586,0.03125,0.0216,0,0.03125,""
4,sparse49_cloglog_n300,alternative,sparse49_n300,300,events>=G10,32,PH,0.05,0.15625,0.0641862372076367,0.15625,0.0472,0,0.15625,""
4,sparse49_cloglog_n300,alternative,sparse49_n300,300,events>=G10,32,PH,0.1,0.1875,0.0689981317681863,0.21875,0.0732,0,0.1875,""
4,sparse49_cloglog_n300,alternative,sparse49_n300,300,events<Grule,1997,PH,0.01,0.028542814221332,0.00372624319138073,0.0125187781672509,0.0216,0.0255383074611918,0.0292908530318602,""
4,sparse49_cloglog_n300,alternative,sparse49_n300,300,events<Grule,1997,PH,0.05,0.0585878818227341,0.00525538767481035,0.0610916374561843,0.0472,0.0255383074611918,0.0601233299075026,""
4,sparse49_cloglog_n300,alternative,sparse49_n300,300,events<Grule,1997,PH,0.1,0.0826239359038558,0.0061608070798897,0.118678017025538,0.0732,0.0255383074611918,0.0847893114080165,""
4,sparse49_cloglog_n300,alternative,sparse49_n300,300,events>=Grule,3,PH,0.01,0,0,0,0.0216,0,0,""
4,sparse49_cloglog_n300,alternative,sparse49_n300,300,events>=Grule,3,PH,0.05,0,0,0,0.0472,0,0,""
4,sparse49_cloglog_n300,alternative,sparse49_n300,300,events>=Grule,3,PH,0.1,0,0,0,0.0732,0,0,""
4,sparse49_cloglog_n300,alternative,sparse49_n300,300,all,2000,Tsiatis,0.01,0.0245,0.00345685912353975,0.0105,0.0178,0.0075,0.0246851385390428,""
4,sparse49_cloglog_n300,alternative,sparse49_n300,300,all,2000,Tsiatis,0.05,0.0615,0.00537204569973116,0.064,0.0486,0.0075,0.0619647355163728,""
4,sparse49_cloglog_n300,alternative,sparse49_n300,300,all,2000,Tsiatis,0.1,0.1005,0.00672308522926788,0.125,0.0782,0.0075,0.101259445843829,""
4,sparse49_cloglog_n300,alternative,sparse49_n300,300,events<G10,1968,Tsiatis,0.01,0.0248983739837398,0.00351235080960148,0.0106707317073171,0.0178,0.0076219512195122,0.025089605734767,""
4,sparse49_cloglog_n300,alternative,sparse49_n300,300,events<G10,1968,Tsiatis,0.05,0.0619918699186992,0.00543573307814975,0.0645325203252033,0.0486,0.0076219512195122,0.0624679979518689,""
4,sparse49_cloglog_n300,alternative,sparse49_n300,300,events<G10,1968,Tsiatis,0.1,0.100609756097561,0.00678081018207863,0.125,0.0782,0.0076219512195122,0.101382488479263,""
4,sparse49_cloglog_n300,alternative,sparse49_n300,300,events>=G10,32,Tsiatis,0.01,0,0,0,0.0178,0,0,""
4,sparse49_cloglog_n300,alternative,sparse49_n300,300,events>=G10,32,Tsiatis,0.05,0.03125,0.0307578432578586,0.03125,0.0486,0,0.03125,""
4,sparse49_cloglog_n300,alternative,sparse49_n300,300,events>=G10,32,Tsiatis,0.1,0.09375,0.0515269763995036,0.125,0.0782,0,0.09375,""
4,sparse49_cloglog_n300,alternative,sparse49_n300,300,events<Grule,1997,Tsiatis,0.01,0.0245368052078117,0.00346198689033423,0.0105157736604907,0.0178,0.00751126690035053,0.0247225025227043,""
4,sparse49_cloglog_n300,alternative,sparse49_n300,300,events<Grule,1997,Tsiatis,0.05,0.0615923885828743,0.00537985105014515,0.0640961442163245,0.0486,0.00751126690035053,0.062058526740666,""
4,sparse49_cloglog_n300,alternative,sparse49_n300,300,events<Grule,1997,Tsiatis,0.1,0.100650976464697,0.00673261991776869,0.125187781672509,0.0782,0.00751126690035053,0.101412714429869,""
4,sparse49_cloglog_n300,alternative,sparse49_n300,300,events>=Grule,3,Tsiatis,0.01,0,0,0,0.0178,0,0,""
4,sparse49_cloglog_n300,alternative,sparse49_n300,300,events>=Grule,3,Tsiatis,0.05,0,0,0,0.0486,0,0,""
4,sparse49_cloglog_n300,alternative,sparse49_n300,300,events>=Grule,3,Tsiatis,0.1,0,0,0,0.0782,0,0,""
4,sparse49_cloglog_n300,alternative,sparse49_n300,300,all,2000,Xie,0.01,0.015,0.00271799558498538,0.01,0.0126,0.0075,0.0151133501259446,""
4,sparse49_cloglog_n300,alternative,sparse49_n300,300,all,2000,Xie,0.05,0.046,0.00468422885862764,0.0635,0.0344,0.0075,0.0463476070528967,""
4,sparse49_cloglog_n300,alternative,sparse49_n300,300,all,2000,Xie,0.1,0.0705,0.00572406105837455,0.1205,0.0596,0.0075,0.0710327455919396,""
4,sparse49_cloglog_n300,alternative,sparse49_n300,300,events<G10,1968,Xie,0.01,0.0152439024390244,0.00276184863172476,0.0101626016260163,0.0126,0.0076219512195122,0.0153609831029186,""
4,sparse49_cloglog_n300,alternative,sparse49_n300,300,events<G10,1968,Xie,0.05,0.0457317073170732,0.00470902946125212,0.0635162601626016,0.0344,0.0076219512195122,0.0460829493087558,""
4,sparse49_cloglog_n300,alternative,sparse49_n300,300,events<G10,1968,Xie,0.1,0.070630081300813,0.00577532743397645,0.120934959349594,0.0596,0.0076219512195122,0.0711725550435228,""
4,sparse49_cloglog_n300,alternative,sparse49_n300,300,events>=G10,32,Xie,0.01,0,0,0,0.0126,0,0,""
4,sparse49_cloglog_n300,alternative,sparse49_n300,300,events>=G10,32,Xie,0.05,0.0625,0.0427908248050911,0.0625,0.0344,0,0.0625,""
4,sparse49_cloglog_n300,alternative,sparse49_n300,300,events>=G10,32,Xie,0.1,0.0625,0.0427908248050911,0.09375,0.0596,0,0.0625,""
4,sparse49_cloglog_n300,alternative,sparse49_n300,300,events<Grule,1997,Xie,0.01,0.0150225338007011,0.00272204756642582,0.0100150225338007,0.0126,0.00751126690035053,0.0151362260343088,""
4,sparse49_cloglog_n300,alternative,sparse49_n300,300,events<Grule,1997,Xie,0.05,0.0460691036554832,0.00469109584663277,0.0635953930896345,0.0344,0.00751126690035053,0.0464177598385469,""
4,sparse49_cloglog_n300,alternative,sparse49_n300,300,events<Grule,1997,Xie,0.1,0.070605908863295,0.0057323334444639,0.120681021532298,0.0596,0.00751126690035053,0.0711402623612513,""
4,sparse49_cloglog_n300,alternative,sparse49_n300,300,events>=Grule,3,Xie,0.01,0,0,0,0.0126,0,0,""
4,sparse49_cloglog_n300,alternative,sparse49_n300,300,events>=Grule,3,Xie,0.05,0,0,0,0.0344,0,0,""
4,sparse49_cloglog_n300,alternative,sparse49_n300,300,events>=Grule,3,Xie,0.1,0,0,0,0.0596,0,0,""
4,sparse49_cloglog_n300,alternative,sparse49_n300,300,all,2000,PR,0.01,0,0,0,0,1,,no p-value in any replicate
4,sparse49_cloglog_n300,alternative,sparse49_n300,300,all,2000,PR,0.05,0,0,0,0,1,,no p-value in any replicate
4,sparse49_cloglog_n300,alternative,sparse49_n300,300,all,2000,PR,0.1,0,0,0,0,1,,no p-value in any replicate
4,sparse49_cloglog_n300,alternative,sparse49_n300,300,events<G10,1968,PR,0.01,0,0,0,0,1,,no p-value in any replicate
4,sparse49_cloglog_n300,alternative,sparse49_n300,300,events<G10,1968,PR,0.05,0,0,0,0,1,,no p-value in any replicate
4,sparse49_cloglog_n300,alternative,sparse49_n300,300,events<G10,1968,PR,0.1,0,0,0,0,1,,no p-value in any replicate
4,sparse49_cloglog_n300,alternative,sparse49_n300,300,events>=G10,32,PR,0.01,0,0,0,0,1,,no p-value in any replicate
4,sparse49_cloglog_n300,alternative,sparse49_n300,300,events>=G10,32,PR,0.05,0,0,0,0,1,,no p-value in any replicate
4,sparse49_cloglog_n300,alternative,sparse49_n300,300,events>=G10,32,PR,0.1,0,0,0,0,1,,no p-value in any replicate
4,sparse49_cloglog_n300,alternative,sparse49_n300,300,events<Grule,1997,PR,0.01,0,0,0,0,1,,no p-value in any replicate
4,sparse49_cloglog_n300,alternative,sparse49_n300,300,events<Grule,1997,PR,0.05,0,0,0,0,1,,no p-value in any replicate
4,sparse49_cloglog_n300,alternative,sparse49_n300,300,events<Grule,1997,PR,0.1,0,0,0,0,1,,no p-value in any replicate
4,sparse49_cloglog_n300,alternative,sparse49_n300,300,events>=Grule,3,PR,0.01,0,0,0,0,1,,no p-value in any replicate
4,sparse49_cloglog_n300,alternative,sparse49_n300,300,events>=Grule,3,PR,0.05,0,0,0,0,1,,no p-value in any replicate
4,sparse49_cloglog_n300,alternative,sparse49_n300,300,events>=Grule,3,PR,0.1,0,0,0,0,1,,no p-value in any replicate
4,sparse49_cloglog_n500,alternative,sparse49_n500,500,all,2000,flag.evlt.G10,,0.749,,,,0,,flag rate: share of replicates with the flag = 1
4,sparse49_cloglog_n500,alternative,sparse49_n500,500,all,2000,flag.evlt.Grule,,1,,,,0,,flag rate: share of replicates with the flag = 1
4,sparse49_cloglog_n500,alternative,sparse49_n500,500,all,2000,flag.stk_half0,,0.407,,,,5e-04,,flag rate: share of replicates with the flag = 1
4,sparse49_cloglog_n500,alternative,sparse49_n500,500,all,2000,flag.stk_diag,,0.351,,,,5e-04,,flag rate: share of replicates with the flag = 1
4,sparse49_cloglog_n500,alternative,sparse49_n500,500,all,2000,flag.rivals_run,,0.9995,,,,5e-04,,flag rate: share of replicates with the flag = 1
4,sparse49_cloglog_n500,alternative,sparse49_n500,500,all,2000,flag.degenerate,,5e-04,,,,0,,flag rate: share of replicates with the flag = 1
4,sparse49_cloglog_n500,alternative,sparse49_n500,500,all,2000,flag.info_guard,,0,,,,5e-04,,flag rate: share of replicates with the flag = 1
4,sparse49_cloglog_n500,alternative,sparse49_n500,500,all,2000,flag.rep_error,,0,,,,0,,flag rate: share of replicates with the flag = 1
4,sparse49_cloglog_n500,alternative,sparse49_n500,500,all,2000,EDGE.poly3.u.G10,0.01,0.0115,0.0023840878758972,0.01,0.0126,0.0015,0.0115172759138708,""
4,sparse49_cloglog_n500,alternative,sparse49_n500,500,all,2000,EDGE.poly3.u.G10,0.05,0.0485,0.00480352734977121,0.0495,0.0488,0.0015,0.0485728592889334,""
4,sparse49_cloglog_n500,alternative,sparse49_n500,500,all,2000,EDGE.poly3.u.G10,0.1,0.103,0.00679672715356443,0.1115,0.0922,0.0015,0.103154732098147,""
4,sparse49_cloglog_n500,alternative,sparse49_n500,500,events<G10,1498,EDGE.poly3.u.G10,0.01,0.014018691588785,0.00303761112692638,0.0120160213618158,0.0126,0.00200267022696929,0.0140468227424749,""
4,sparse49_cloglog_n500,alternative,sparse49_n500,500,events<G10,1498,EDGE.poly3.u.G10,0.05,0.0507343124165554,0.00567007592436827,0.0514018691588785,0.0488,0.00200267022696929,0.0508361204013378,""
4,sparse49_cloglog_n500,alternative,sparse49_n500,500,events<G10,1498,EDGE.poly3.u.G10,0.1,0.107476635514019,0.0080022280080317,0.116822429906542,0.0922,0.00200267022696929,0.107692307692308,""
4,sparse49_cloglog_n500,alternative,sparse49_n500,500,events>=G10,502,EDGE.poly3.u.G10,0.01,0.00398406374501992,0.00281154102060576,0.00398406374501992,0.0126,0,0.00398406374501992,""
4,sparse49_cloglog_n500,alternative,sparse49_n500,500,events>=G10,502,EDGE.poly3.u.G10,0.05,0.0418326693227092,0.00893565946975679,0.0438247011952191,0.0488,0,0.0418326693227092,""
4,sparse49_cloglog_n500,alternative,sparse49_n500,500,events>=G10,502,EDGE.poly3.u.G10,0.1,0.0896414342629482,0.0127499587942643,0.0956175298804781,0.0922,0,0.0896414342629482,""
4,sparse49_cloglog_n500,alternative,sparse49_n500,500,all,2000,EDGE.poly3.sc.G10,0.01,0.009,0.00211175282644537,0.01,0.009,0.0015,0.00901352028042063,""
4,sparse49_cloglog_n500,alternative,sparse49_n500,500,all,2000,EDGE.poly3.sc.G10,0.05,0.0505,0.00489641450451246,0.052,0.0466,0.0015,0.0505758637956935,""
4,sparse49_cloglog_n500,alternative,sparse49_n500,500,all,2000,EDGE.poly3.sc.G10,0.1,0.1065,0.00689774419647467,0.107,0.0988,0.0015,0.106659989984977,""
4,sparse49_cloglog_n500,alternative,sparse49_n500,500,events<G10,1498,EDGE.poly3.sc.G10,0.01,0.0106809078771696,0.00265592846240052,0.0120160213618158,0.009,0.00200267022696929,0.0107023411371237,""
4,sparse49_cloglog_n500,alternative,sparse49_n500,500,events<G10,1498,EDGE.poly3.sc.G10,0.05,0.0520694259012016,0.00574015676829882,0.0534045393858478,0.0466,0.00200267022696929,0.0521739130434783,""
4,sparse49_cloglog_n500,alternative,sparse49_n500,500,events<G10,1498,EDGE.poly3.sc.G10,0.1,0.108144192256342,0.00802403873090833,0.108144192256342,0.0988,0.00200267022696929,0.108361204013378,""
4,sparse49_cloglog_n500,alternative,sparse49_n500,500,events>=G10,502,EDGE.poly3.sc.G10,0.01,0.00398406374501992,0.00281154102060576,0.00398406374501992,0.009,0,0.00398406374501992,""
4,sparse49_cloglog_n500,alternative,sparse49_n500,500,events>=G10,502,EDGE.poly3.sc.G10,0.05,0.0458167330677291,0.00933202941409408,0.0478087649402391,0.0466,0,0.0458167330677291,""
4,sparse49_cloglog_n500,alternative,sparse49_n500,500,events>=G10,502,EDGE.poly3.sc.G10,0.1,0.101593625498008,0.0134839701759361,0.103585657370518,0.0988,0,0.101593625498008,""
4,sparse49_cloglog_n500,alternative,sparse49_n500,500,all,2000,EDGE.poly2.u.G10,0.01,0.0115,0.0023840878758972,0.0115,0.0098,0.001,0.0115115115115115,""
4,sparse49_cloglog_n500,alternative,sparse49_n500,500,all,2000,EDGE.poly2.u.G10,0.05,0.0545,0.00507591124823908,0.0535,0.0508,0.001,0.0545545545545546,""
4,sparse49_cloglog_n500,alternative,sparse49_n500,500,all,2000,EDGE.poly2.u.G10,0.1,0.1205,0.00727941446821103,0.115,0.1048,0.001,0.120620620620621,""
4,sparse49_cloglog_n500,alternative,sparse49_n500,500,events<G10,1498,EDGE.poly2.u.G10,0.01,0.0120160213618158,0.00281513606237751,0.0120160213618158,0.0098,0.0013351134846462,0.0120320855614973,""
4,sparse49_cloglog_n500,alternative,sparse49_n500,500,events<G10,1498,EDGE.poly2.u.G10,0.05,0.0580774365821095,0.00604303922367315,0.0574098798397864,0.0508,0.0013351134846462,0.0581550802139037,""
4,sparse49_cloglog_n500,alternative,sparse49_n500,500,events<G10,1498,EDGE.poly2.u.G10,0.1,0.125500667556742,0.00855946957228356,0.122162883845127,0.1048,0.0013351134846462,0.125668449197861,""
4,sparse49_cloglog_n500,alternative,sparse49_n500,500,events>=G10,502,EDGE.poly2.u.G10,0.01,0.0099601593625498,0.00443208030530968,0.0099601593625498,0.0098,0,0.0099601593625498,""
4,sparse49_cloglog_n500,alternative,sparse49_n500,500,events>=G10,502,EDGE.poly2.u.G10,0.05,0.0438247011952191,0.00913642689104423,0.0418326693227092,0.0508,0,0.0438247011952191,""
4,sparse49_cloglog_n500,alternative,sparse49_n500,500,events>=G10,502,EDGE.poly2.u.G10,0.1,0.105577689243028,0.0137153068861886,0.0936254980079681,0.1048,0,0.105577689243028,""
4,sparse49_cloglog_n500,alternative,sparse49_n500,500,all,2000,EDGE.poly2.sc.G10,0.01,0.007,0.00186426929385215,0.0065,0.0112,0.001,0.00700700700700701,""
4,sparse49_cloglog_n500,alternative,sparse49_n500,500,all,2000,EDGE.poly2.sc.G10,0.05,0.051,0.00491929873051028,0.042,0.056,0.001,0.0510510510510511,""
4,sparse49_cloglog_n500,alternative,sparse49_n500,500,all,2000,EDGE.poly2.sc.G10,0.1,0.116,0.00716044691342656,0.0985,0.1144,0.001,0.116116116116116,""
4,sparse49_cloglog_n500,alternative,sparse49_n500,500,events<G10,1498,EDGE.poly2.sc.G10,0.01,0.00801068090787717,0.00230320347802674,0.00734312416555407,0.0112,0.0013351134846462,0.00802139037433155,""
4,sparse49_cloglog_n500,alternative,sparse49_n500,500,events<G10,1498,EDGE.poly2.sc.G10,0.05,0.0520694259012016,0.00574015676829882,0.0433911882510013,0.056,0.0013351134846462,0.0521390374331551,""
4,sparse49_cloglog_n500,alternative,sparse49_n500,500,events<G10,1498,EDGE.poly2.sc.G10,0.1,0.118157543391188,0.00834008202466875,0.100133511348465,0.1144,0.0013351134846462,0.11831550802139,""
4,sparse49_cloglog_n500,alternative,sparse49_n500,500,events>=G10,502,EDGE.poly2.sc.G10,0.01,0.00398406374501992,0.00281154102060576,0.00398406374501992,0.0112,0,0.00398406374501992,""
4,sparse49_cloglog_n500,alternative,sparse49_n500,500,events>=G10,502,EDGE.poly2.sc.G10,0.05,0.0478087649402391,0.00952278531259719,0.0378486055776892,0.056,0,0.0478087649402391,""
4,sparse49_cloglog_n500,alternative,sparse49_n500,500,events>=G10,502,EDGE.poly2.sc.G10,0.1,0.109561752988048,0.013940537871827,0.0936254980079681,0.1144,0,0.109561752988048,""
4,sparse49_cloglog_n500,alternative,sparse49_n500,500,all,2000,EDGE.stk.u.G10,0.01,0.0225,0.00331615364541512,0.016,0.016,5e-04,0.0225112556278139,""
4,sparse49_cloglog_n500,alternative,sparse49_n500,500,all,2000,EDGE.stk.u.G10,0.05,0.0565,0.00516273909857936,0.059,0.0446,5e-04,0.056528264132066,""
4,sparse49_cloglog_n500,alternative,sparse49_n500,500,all,2000,EDGE.stk.u.G10,0.1,0.0855,0.00625258946357427,0.0945,0.0858,5e-04,0.0855427713856929,""
4,sparse49_cloglog_n500,alternative,sparse49_n500,500,events<G10,1498,EDGE.stk.u.G10,0.01,0.0253671562082777,0.00406256671664905,0.0180240320427236,0.016,0.000667556742323098,0.0253841015364061,""
4,sparse49_cloglog_n500,alternative,sparse49_n500,500,events<G10,1498,EDGE.stk.u.G10,0.05,0.0587449933244326,0.00607551604799921,0.0620827770360481,0.0446,0.000667556742323098,0.0587842351369406,""
4,sparse49_cloglog_n500,alternative,sparse49_n500,500,events<G10,1498,EDGE.stk.u.G10,0.1,0.0861148197596796,0.00724817815042456,0.0967957276368491,0.0858,0.000667556742323098,0.0861723446893788,""
4,sparse49_cloglog_n500,alternative,sparse49_n500,500,events>=G10,502,EDGE.stk.u.G10,0.01,0.0139442231075697,0.00523354597620503,0.0099601593625498,0.016,0,0.0139442231075697,""
4,sparse49_cloglog_n500,alternative,sparse49_n500,500,events>=G10,502,EDGE.stk.u.G10,0.05,0.049800796812749,0.0097089802609901,0.049800796812749,0.0446,0,0.049800796812749,""
4,sparse49_cloglog_n500,alternative,sparse49_n500,500,events>=G10,502,EDGE.stk.u.G10,0.1,0.0836653386454183,0.0123579941508242,0.0876494023904383,0.0858,0,0.0836653386454183,""
4,sparse49_cloglog_n500,alternative,sparse49_n500,500,all,2000,EDGE.stk.sc.G10,0.01,0.0085,0.00205277251540447,0.0085,0.0102,5e-04,0.00850425212606303,""
4,sparse49_cloglog_n500,alternative,sparse49_n500,500,all,2000,EDGE.stk.sc.G10,0.05,0.0535,0.00503178646208283,0.0555,0.049,5e-04,0.0535267633816909,""
4,sparse49_cloglog_n500,alternative,sparse49_n500,500,all,2000,EDGE.stk.sc.G10,0.1,0.114,0.00710647591989166,0.108,0.105,5e-04,0.114057028514257,""
4,sparse49_cloglog_n500,alternative,sparse49_n500,500,events<G10,1498,EDGE.stk.sc.G10,0.01,0.0100133511348465,0.00257245913811814,0.0100133511348465,0.0102,0.000667556742323098,0.0100200400801603,""
4,sparse49_cloglog_n500,alternative,sparse49_n500,500,events<G10,1498,EDGE.stk.sc.G10,0.05,0.054739652870494,0.00587720491102384,0.0567423230974633,0.049,0.000667556742323098,0.0547762191048764,""
4,sparse49_cloglog_n500,alternative,sparse49_n500,500,events<G10,1498,EDGE.stk.sc.G10,0.1,0.116154873164219,0.00827848558016199,0.110146862483311,0.105,0.000667556742323098,0.11623246492986,""
4,sparse49_cloglog_n500,alternative,sparse49_n500,500,events>=G10,502,EDGE.stk.sc.G10,0.01,0.00398406374501992,0.00281154102060576,0.00398406374501992,0.0102,0,0.00398406374501992,""
4,sparse49_cloglog_n500,alternative,sparse49_n500,500,events>=G10,502,EDGE.stk.sc.G10,0.05,0.049800796812749,0.0097089802609901,0.051792828685259,0.049,0,0.049800796812749,""
4,sparse49_cloglog_n500,alternative,sparse49_n500,500,events>=G10,502,EDGE.stk.sc.G10,0.1,0.107569721115538,0.0138286667590191,0.101593625498008,0.105,0,0.107569721115538,""
4,sparse49_cloglog_n500,alternative,sparse49_n500,500,all,2000,EDGE.sym.u.G10,0.01,0.0195,0.00309190475273738,0.0175,0.012,5e-04,0.0195097548774387,""
4,sparse49_cloglog_n500,alternative,sparse49_n500,500,all,2000,EDGE.sym.u.G10,0.05,0.056,0.00514120608417908,0.054,0.0512,5e-04,0.0560280140070035,""
4,sparse49_cloglog_n500,alternative,sparse49_n500,500,all,2000,EDGE.sym.u.G10,0.1,0.0935,0.00650990591329859,0.093,0.1004,5e-04,0.0935467733866933,""
4,sparse49_cloglog_n500,alternative,sparse49_n500,500,events<G10,1498,EDGE.sym.u.G10,0.01,0.0213618157543391,0.0037357194560732,0.0200267022696929,0.012,0.000667556742323098,0.021376085504342,""
4,sparse49_cloglog_n500,alternative,sparse49_n500,500,events<G10,1498,EDGE.sym.u.G10,0.05,0.0554072096128171,0.00591084466073138,0.0534045393858478,0.0512,0.000667556742323098,0.0554442217768871,""
4,sparse49_cloglog_n500,alternative,sparse49_n500,500,events<G10,1498,EDGE.sym.u.G10,0.1,0.096128170894526,0.00761592850057696,0.0954606141522029,0.1004,0.000667556742323098,0.0961923847695391,""
4,sparse49_cloglog_n500,alternative,sparse49_n500,500,events>=G10,502,EDGE.sym.u.G10,0.01,0.0139442231075697,0.00523354597620503,0.0099601593625498,0.012,0,0.0139442231075697,""
4,sparse49_cloglog_n500,alternative,sparse49_n500,500,events>=G10,502,EDGE.sym.u.G10,0.05,0.0577689243027888,0.0104129550485921,0.0557768924302789,0.0512,0,0.0577689243027888,""
4,sparse49_cloglog_n500,alternative,sparse49_n500,500,events>=G10,502,EDGE.sym.u.G10,0.1,0.0856573705179283,0.0124906487247662,0.0856573705179283,0.1004,0,0.0856573705179283,""
4,sparse49_cloglog_n500,alternative,sparse49_n500,500,all,2000,EDGE.sym.sc.G10,0.01,0.0145,0.00267298989897081,0.0145,0.0094,5e-04,0.0145072536268134,""
4,sparse49_cloglog_n500,alternative,sparse49_n500,500,all,2000,EDGE.sym.sc.G10,0.05,0.062,0.00539240206216117,0.053,0.0598,5e-04,0.0620310155077539,""
4,sparse49_cloglog_n500,alternative,sparse49_n500,500,all,2000,EDGE.sym.sc.G10,0.1,0.1145,0.00712003335666344,0.1005,0.1184,5e-04,0.11455727863932,""
4,sparse49_cloglog_n500,alternative,sparse49_n500,500,events<G10,1498,EDGE.sym.sc.G10,0.01,0.0153538050734312,0.00317681707338586,0.0153538050734312,0.0094,0.000667556742323098,0.0153640614562458,""
4,sparse49_cloglog_n500,alternative,sparse49_n500,500,events<G10,1498,EDGE.sym.sc.G10,0.05,0.0660881174899867,0.00641887228202183,0.0567423230974633,0.0598,0.000667556742323098,0.0661322645290581,""
4,sparse49_cloglog_n500,alternative,sparse49_n500,500,events<G10,1498,EDGE.sym.sc.G10,0.1,0.120827770360481,0.00842101527000757,0.105473965287049,0.1184,0.000667556742323098,0.120908483633935,""
4,sparse49_cloglog_n500,alternative,sparse49_n500,500,events>=G10,502,EDGE.sym.sc.G10,0.01,0.0119521912350598,0.00485021385320209,0.0119521912350598,0.0094,0,0.0119521912350598,""
4,sparse49_cloglog_n500,alternative,sparse49_n500,500,events>=G10,502,EDGE.sym.sc.G10,0.05,0.049800796812749,0.0097089802609901,0.0418326693227092,0.0598,0,0.049800796812749,""
4,sparse49_cloglog_n500,alternative,sparse49_n500,500,events>=G10,502,EDGE.sym.sc.G10,0.1,0.0956175298804781,0.0131248083165691,0.0856573705179283,0.1184,0,0.0956175298804781,""
4,sparse49_cloglog_n500,alternative,sparse49_n500,500,all,2000,EDGE.poly3.u.Grule,0.01,0.01,0.0022248595461287,0.0065,0.0132,0.001,0.01001001001001,""
4,sparse49_cloglog_n500,alternative,sparse49_n500,500,all,2000,EDGE.poly3.u.Grule,0.05,0.046,0.00468422885862764,0.048,0.0474,0.001,0.0460460460460461,""
4,sparse49_cloglog_n500,alternative,sparse49_n500,500,all,2000,EDGE.poly3.u.Grule,0.1,0.087,0.0063020234845643,0.092,0.0954,0.001,0.0870870870870871,""
4,sparse49_cloglog_n500,alternative,sparse49_n500,500,events<G10,1498,EDGE.poly3.u.Grule,0.01,0.0100133511348465,0.00257245913811814,0.00600801068090788,0.0132,0.0013351134846462,0.0100267379679144,""
4,sparse49_cloglog_n500,alternative,sparse49_n500,500,events<G10,1498,EDGE.poly3.u.Grule,0.05,0.0520694259012016,0.00574015676829882,0.0540720961281709,0.0474,0.0013351134846462,0.0521390374331551,""
4,sparse49_cloglog_n500,alternative,sparse49_n500,500,events<G10,1498,EDGE.poly3.u.Grule,0.1,0.0941255006675567,0.00754452253546526,0.0974632843791722,0.0954,0.0013351134846462,0.0942513368983957,""
4,sparse49_cloglog_n500,alternative,sparse49_n500,500,events>=G10,502,EDGE.poly3.u.Grule,0.01,0.0099601593625498,0.00443208030530968,0.00796812749003984,0.0132,0,0.0099601593625498,""
4,sparse49_cloglog_n500,alternative,sparse49_n500,500,events>=G10,502,EDGE.poly3.u.Grule,0.05,0.0278884462151394,0.00734883257428484,0.0298804780876494,0.0474,0,0.0278884462151394,""
4,sparse49_cloglog_n500,alternative,sparse49_n500,500,events>=G10,502,EDGE.poly3.u.Grule,0.1,0.0657370517928287,0.0110608324988025,0.0756972111553785,0.0954,0,0.0657370517928287,""
4,sparse49_cloglog_n500,alternative,sparse49_n500,500,all,2000,EDGE.poly3.sc.Grule,0.01,0.0075,0.00192921616207205,0.0065,0.0124,0.001,0.00750750750750751,""
4,sparse49_cloglog_n500,alternative,sparse49_n500,500,all,2000,EDGE.poly3.sc.Grule,0.05,0.0505,0.00489641450451246,0.0445,0.055,0.001,0.0505505505505506,""
4,sparse49_cloglog_n500,alternative,sparse49_n500,500,all,2000,EDGE.poly3.sc.Grule,0.1,0.0985,0.00666324808182916,0.097,0.1014,0.001,0.0985985985985986,""
4,sparse49_cloglog_n500,alternative,sparse49_n500,500,events<G10,1498,EDGE.poly3.sc.Grule,0.01,0.00667556742323098,0.00210394191395794,0.00600801068090788,0.0124,0.0013351134846462,0.00668449197860963,""
4,sparse49_cloglog_n500,alternative,sparse49_n500,500,events<G10,1498,EDGE.poly3.sc.Grule,0.05,0.0507343124165554,0.00567007592436827,0.0447263017356475,0.055,0.0013351134846462,0.0508021390374332,""
4,sparse49_cloglog_n500,alternative,sparse49_n500,500,events<G10,1498,EDGE.poly3.sc.Grule,0.1,0.106809078771696,0.00798032039836992,0.104806408544726,0.1014,0.0013351134846462,0.106951871657754,""
4,sparse49_cloglog_n500,alternative,sparse49_n500,500,events>=G10,502,EDGE.poly3.sc.Grule,0.01,0.0099601593625498,0.00443208030530968,0.00796812749003984,0.0124,0,0.0099601593625498,""
4,sparse49_cloglog_n500,alternative,sparse49_n500,500,events>=G10,502,EDGE.poly3.sc.Grule,0.05,0.049800796812749,0.0097089802609901,0.0438247011952191,0.055,0,0.049800796812749,""
4,sparse49_cloglog_n500,alternative,sparse49_n500,500,events>=G10,502,EDGE.poly3.sc.Grule,0.1,0.0737051792828685,0.0116619657809476,0.0737051792828685,0.1014,0,0.0737051792828685,""
4,sparse49_cloglog_n500,alternative,sparse49_n500,500,all,2000,EDGE.poly2.u.Grule,0.01,0.0085,0.00205277251540447,0.006,0.0136,0.001,0.00850850850850851,""
4,sparse49_cloglog_n500,alternative,sparse49_n500,500,all,2000,EDGE.poly2.u.Grule,0.05,0.049,0.00482695556225661,0.043,0.0552,0.001,0.0490490490490491,""
4,sparse49_cloglog_n500,alternative,sparse49_n500,500,all,2000,EDGE.poly2.u.Grule,0.1,0.095,0.0065564853389602,0.09,0.1064,0.001,0.0950950950950951,""
4,sparse49_cloglog_n500,alternative,sparse49_n500,500,events<G10,1498,EDGE.poly2.u.Grule,0.01,0.0100133511348465,0.00257245913811814,0.00667556742323098,0.0136,0.0013351134846462,0.0100267379679144,""
4,sparse49_cloglog_n500,alternative,sparse49_n500,500,events<G10,1498,EDGE.poly2.u.Grule,0.05,0.0567423230974633,0.00597740694362283,0.0500667556742323,0.0552,0.0013351134846462,0.0568181818181818,""
4,sparse49_cloglog_n500,alternative,sparse49_n500,500,events<G10,1498,EDGE.poly2.u.Grule,0.1,0.102136181575434,0.00782418548457785,0.0967957276368491,0.1064,0.0013351134846462,0.102272727272727,""
4,sparse49_cloglog_n500,alternative,sparse49_n500,500,events>=G10,502,EDGE.poly2.u.Grule,0.01,0.00398406374501992,0.00281154102060576,0.00398406374501992,0.0136,0,0.00398406374501992,""
4,sparse49_cloglog_n500,alternative,sparse49_n500,500,events>=G10,502,EDGE.poly2.u.Grule,0.05,0.0258964143426295,0.00708876419570853,0.0219123505976096,0.0552,0,0.0258964143426295,""
4,sparse49_cloglog_n500,alternative,sparse49_n500,500,events>=G10,502,EDGE.poly2.u.Grule,0.1,0.0737051792828685,0.0116619657809476,0.0697211155378486,0.1064,0,0.0737051792828685,""
4,sparse49_cloglog_n500,alternative,sparse49_n500,500,all,2000,EDGE.poly2.sc.Grule,0.01,0.011,0.00233227356885937,0.007,0.0148,0.001,0.011011011011011,""
4,sparse49_cloglog_n500,alternative,sparse49_n500,500,all,2000,EDGE.poly2.sc.Grule,0.05,0.052,0.00496467521596328,0.0475,0.0562,0.001,0.0520520520520521,""
4,sparse49_cloglog_n500,alternative,sparse49_n500,500,all,2000,EDGE.poly2.sc.Grule,0.1,0.109,0.00696846468025777,0.1045,0.1038,0.001,0.109109109109109,""
4,sparse49_cloglog_n500,alternative,sparse49_n500,500,events<G10,1498,EDGE.poly2.sc.Grule,0.01,0.0113484646194927,0.00273674460046837,0.00600801068090788,0.0148,0.0013351134846462,0.0113636363636364,""
4,sparse49_cloglog_n500,alternative,sparse49_n500,500,events<G10,1498,EDGE.poly2.sc.Grule,0.05,0.0567423230974633,0.00597740694362283,0.0520694259012016,0.0562,0.0013351134846462,0.0568181818181818,""
4,sparse49_cloglog_n500,alternative,sparse49_n500,500,events<G10,1498,EDGE.poly2.sc.Grule,0.1,0.117489986648865,0.0083196363054573,0.113484646194927,0.1038,0.0013351134846462,0.117647058823529,""
4,sparse49_cloglog_n500,alternative,sparse49_n500,500,events>=G10,502,EDGE.poly2.sc.Grule,0.01,0.0099601593625498,0.00443208030530968,0.0099601593625498,0.0148,0,0.0099601593625498,""
4,sparse49_cloglog_n500,alternative,sparse49_n500,500,events>=G10,502,EDGE.poly2.sc.Grule,0.05,0.0378486055776892,0.00851715969265031,0.0338645418326693,0.0562,0,0.0378486055776892,""
4,sparse49_cloglog_n500,alternative,sparse49_n500,500,events>=G10,502,EDGE.poly2.sc.Grule,0.1,0.0836653386454183,0.0123579941508242,0.0776892430278885,0.1038,0,0.0836653386454183,""
4,sparse49_cloglog_n500,alternative,sparse49_n500,500,all,2000,EDGE.stk.u.Grule,0.01,0.0205,0.00316857617866448,0.014,0.016,5e-04,0.0205102551275638,""
4,sparse49_cloglog_n500,alternative,sparse49_n500,500,all,2000,EDGE.stk.u.Grule,0.05,0.052,0.00496467521596328,0.0575,0.0446,5e-04,0.0520260130065033,""
4,sparse49_cloglog_n500,alternative,sparse49_n500,500,all,2000,EDGE.stk.u.Grule,0.1,0.083,0.00616891400491205,0.0945,0.0814,5e-04,0.0830415207603802,""
4,sparse49_cloglog_n500,alternative,sparse49_n500,500,events<G10,1498,EDGE.stk.u.Grule,0.01,0.0226969292389853,0.00384806391439334,0.0153538050734312,0.016,0.000667556742323098,0.0227120908483634,""
4,sparse49_cloglog_n500,alternative,sparse49_n500,500,events<G10,1498,EDGE.stk.u.Grule,0.05,0.0527369826435247,0.00577480100427476,0.0594125500667557,0.0446,0.000667556742323098,0.0527722110888444,""
4,sparse49_cloglog_n500,alternative,sparse49_n500,500,events<G10,1498,EDGE.stk.u.Grule,0.1,0.0854472630173565,0.00722266627021263,0.0987983978638184,0.0814,0.000667556742323098,0.0855043420173681,""
4,sparse49_cloglog_n500,alternative,sparse49_n500,500,events>=G10,502,EDGE.stk.u.Grule,0.01,0.0139442231075697,0.00523354597620503,0.0099601593625498,0.016,0,0.0139442231075697,""
4,sparse49_cloglog_n500,alternative,sparse49_n500,500,events>=G10,502,EDGE.stk.u.Grule,0.05,0.049800796812749,0.0097089802609901,0.051792828685259,0.0446,0,0.049800796812749,""
4,sparse49_cloglog_n500,alternative,sparse49_n500,500,events>=G10,502,EDGE.stk.u.Grule,0.1,0.0756972111553785,0.0118057943247711,0.0816733067729084,0.0814,0,0.0756972111553785,""
4,sparse49_cloglog_n500,alternative,sparse49_n500,500,all,2000,EDGE.stk.sc.Grule,0.01,0.0145,0.00267298989897081,0.014,0.011,5e-04,0.0145072536268134,""
4,sparse49_cloglog_n500,alternative,sparse49_n500,500,all,2000,EDGE.stk.sc.Grule,0.05,0.055,0.00509779364038993,0.055,0.0498,5e-04,0.0550275137568784,""
4,sparse49_cloglog_n500,alternative,sparse49_n500,500,all,2000,EDGE.stk.sc.Grule,0.1,0.1,0.00670820393249937,0.0995,0.101,5e-04,0.100050025012506,""
4,sparse49_cloglog_n500,alternative,sparse49_n500,500,events<G10,1498,EDGE.stk.sc.Grule,0.01,0.0160213618157543,0.003244043301726,0.0153538050734312,0.011,0.000667556742323098,0.0160320641282565,""
4,sparse49_cloglog_n500,alternative,sparse49_n500,500,events<G10,1498,EDGE.stk.sc.Grule,0.05,0.0620827770360481,0.00623464767755521,0.0620827770360481,0.0498,0.000667556742323098,0.062124248496994,""
4,sparse49_cloglog_n500,alternative,sparse49_n500,500,events<G10,1498,EDGE.stk.sc.Grule,0.1,0.109479305740988,0.00806737265610079,0.109479305740988,0.101,0.000667556742323098,0.109552438209753,""
4,sparse49_cloglog_n500,alternative,sparse49_n500,500,events>=G10,502,EDGE.stk.sc.Grule,0.01,0.0099601593625498,0.00443208030530968,0.0099601593625498,0.011,0,0.0099601593625498,""
4,sparse49_cloglog_n500,alternative,sparse49_n500,500,events>=G10,502,EDGE.stk.sc.Grule,0.05,0.0338645418326693,0.00807308925984815,0.0338645418326693,0.0498,0,0.0338645418326693,""
4,sparse49_cloglog_n500,alternative,sparse49_n500,500,events>=G10,502,EDGE.stk.sc.Grule,0.1,0.0717131474103586,0.0115156546747186,0.0697211155378486,0.101,0,0.0717131474103586,""
4,sparse49_cloglog_n500,alternative,sparse49_n500,500,all,2000,EDGE.sym.u.Grule,0.01,0.0215,0.00324328151722912,0.015,0.013,5e-04,0.0215107553776888,""
4,sparse49_cloglog_n500,alternative,sparse49_n500,500,all,2000,EDGE.sym.u.Grule,0.05,0.055,0.00509779364038993,0.058,0.0472,5e-04,0.0550275137568784,""
4,sparse49_cloglog_n500,alternative,sparse49_n500,500,all,2000,EDGE.sym.u.Grule,0.1,0.093,0.00649426670225361,0.094,0.0984,5e-04,0.0930465232616308,""
4,sparse49_cloglog_n500,alternative,sparse49_n500,500,events<G10,1498,EDGE.sym.u.Grule,0.01,0.0240320427236315,0.00395691951482924,0.0173564753004005,0.013,0.000667556742323098,0.0240480961923848,""
4,sparse49_cloglog_n500,alternative,sparse49_n500,500,events<G10,1498,EDGE.sym.u.Grule,0.05,0.0534045393858478,0.00580918742889234,0.0560747663551402,0.0472,0.000667556742323098,0.0534402137608551,""
4,sparse49_cloglog_n500,alternative,sparse49_n500,500,events<G10,1498,EDGE.sym.u.Grule,0.1,0.096128170894526,0.00761592850057696,0.096128170894526,0.0984,0.000667556742323098,0.0961923847695391,""
4,sparse49_cloglog_n500,alternative,sparse49_n500,500,events>=G10,502,EDGE.sym.u.Grule,0.01,0.0139442231075697,0.00523354597620503,0.00796812749003984,0.013,0,0.0139442231075697,""
4,sparse49_cloglog_n500,alternative,sparse49_n500,500,events>=G10,502,EDGE.sym.u.Grule,0.05,0.0597609561752988,0.0105797657258265,0.0637450199203187,0.0472,0,0.0597609561752988,""
4,sparse49_cloglog_n500,alternative,sparse49_n500,500,events>=G10,502,EDGE.sym.u.Grule,0.1,0.0836653386454183,0.0123579941508242,0.0876494023904383,0.0984,0,0.0836653386454183,""
4,sparse49_cloglog_n500,alternative,sparse49_n500,500,all,2000,EDGE.sym.sc.Grule,0.01,0.018,0.002972877394041,0.014,0.0132,5e-04,0.0180090045022511,""
4,sparse49_cloglog_n500,alternative,sparse49_n500,500,all,2000,EDGE.sym.sc.Grule,0.05,0.059,0.00526872849936301,0.0515,0.0602,5e-04,0.0590295147573787,""
4,sparse49_cloglog_n500,alternative,sparse49_n500,500,all,2000,EDGE.sym.sc.Grule,0.1,0.117,0.00718717607965743,0.1025,0.1172,5e-04,0.117058529264632,""
4,sparse49_cloglog_n500,alternative,sparse49_n500,500,events<G10,1498,EDGE.sym.sc.Grule,0.01,0.0193591455273698,0.00355993588883144,0.0160213618157543,0.0132,0.000667556742323098,0.01937207748831,""
4,sparse49_cloglog_n500,alternative,sparse49_n500,500,events<G10,1498,EDGE.sym.sc.Grule,0.05,0.0640854472630174,0.00632764204739155,0.0567423230974633,0.0602,0.000667556742323098,0.0641282565130261,""
4,sparse49_cloglog_n500,alternative,sparse49_n500,500,events<G10,1498,EDGE.sym.sc.Grule,0.1,0.118157543391188,0.00834008202466875,0.106141522029373,0.1172,0.000667556742323098,0.118236472945892,""
4,sparse49_cloglog_n500,alternative,sparse49_n500,500,events>=G10,502,EDGE.sym.sc.Grule,0.01,0.0139442231075697,0.00523354597620503,0.00796812749003984,0.0132,0,0.0139442231075697,""
4,sparse49_cloglog_n500,alternative,sparse49_n500,500,events>=G10,502,EDGE.sym.sc.Grule,0.05,0.0438247011952191,0.00913642689104423,0.0358565737051793,0.0602,0,0.0438247011952191,""
4,sparse49_cloglog_n500,alternative,sparse49_n500,500,events>=G10,502,EDGE.sym.sc.Grule,0.1,0.113545816733068,0.0141599544923729,0.0916334661354582,0.1172,0,0.113545816733068,""
4,sparse49_cloglog_n500,alternative,sparse49_n500,500,all,2000,HL.G10,0.01,0.0325,0.00396508196636589,0.017,0.0234,5e-04,0.0325162581290645,""
4,sparse49_cloglog_n500,alternative,sparse49_n500,500,all,2000,HL.G10,0.05,0.0795,0.00604895652158288,0.0555,0.0674,5e-04,0.0795397698849425,""
4,sparse49_cloglog_n500,alternative,sparse49_n500,500,all,2000,HL.G10,0.1,0.1235,0.00735689302627135,0.1125,0.1076,5e-04,0.123561780890445,""
4,sparse49_cloglog_n500,alternative,sparse49_n500,500,events<G10,1498,HL.G10,0.01,0.0380507343124166,0.00494312619866783,0.020694259012016,0.0234,0.000667556742323098,0.0380761523046092,""
4,sparse49_cloglog_n500,alternative,sparse49_n500,500,events<G10,1498,HL.G10,0.05,0.0894526034712951,0.00737380866363818,0.0667556742323097,0.0674,0.000667556742323098,0.0895123580494322,""
4,sparse49_cloglog_n500,alternative,sparse49_n500,500,events<G10,1498,HL.G10,0.1,0.132843791722296,0.00876926902623202,0.121495327102804,0.1076,0.000667556742323098,0.132932531730127,""
4,sparse49_cloglog_n500,alternative,sparse49_n500,500,events>=G10,502,HL.G10,0.01,0.0159362549800797,0.00558924172160135,0.00597609561752988,0.0234,0,0.0159362549800797,""
4,sparse49_cloglog_n500,alternative,sparse49_n500,500,events>=G10,502,HL.G10,0.05,0.049800796812749,0.0097089802609901,0.0219123505976096,0.0674,0,0.049800796812749,""
4,sparse49_cloglog_n500,alternative,sparse49_n500,500,events>=G10,502,HL.G10,0.1,0.0956175298804781,0.0131248083165691,0.0856573705179283,0.1076,0,0.0956175298804781,""
4,sparse49_cloglog_n500,alternative,sparse49_n500,500,all,2000,HL.Grule,0.01,0.05,0.00487339717240448,0.0195,0.0402,5e-04,0.0500250125062531,""
4,sparse49_cloglog_n500,alternative,sparse49_n500,500,all,2000,HL.Grule,0.05,0.1105,0.00701034057660539,0.0635,0.084,5e-04,0.110555277638819,""
4,sparse49_cloglog_n500,alternative,sparse49_n500,500,all,2000,HL.Grule,0.1,0.1575,0.00814535910810567,0.135,0.1188,5e-04,0.157578789394697,""
4,sparse49_cloglog_n500,alternative,sparse49_n500,500,events<G10,1498,HL.Grule,0.01,0.0574098798397864,0.00601033741972199,0.0226969292389853,0.0402,0.000667556742323098,0.0574482297929192,""
4,sparse49_cloglog_n500,alternative,sparse49_n500,500,events<G10,1498,HL.Grule,0.05,0.11415220293725,0.00821610151470971,0.0714285714285714,0.084,0.000667556742323098,0.114228456913828,""
4,sparse49_cloglog_n500,alternative,sparse49_n500,500,events<G10,1498,HL.Grule,0.1,0.158878504672897,0.00944508848798828,0.138851802403204,0.1188,0.000667556742323098,0.158984635938544,""
4,sparse49_cloglog_n500,alternative,sparse49_n500,500,events>=G10,502,HL.Grule,0.01,0.0278884462151394,0.00734883257428484,0.0099601593625498,0.0402,0,0.0278884462151394,""
4,sparse49_cloglog_n500,alternative,sparse49_n500,500,events>=G10,502,HL.Grule,0.05,0.099601593625498,0.0133659134285093,0.0398406374501992,0.084,0,0.099601593625498,""
4,sparse49_cloglog_n500,alternative,sparse49_n500,500,events>=G10,502,HL.Grule,0.1,0.153386454183267,0.0160836365989695,0.123505976095618,0.1188,0,0.153386454183267,""
4,sparse49_cloglog_n500,alternative,sparse49_n500,500,all,2000,HLF.G10,0.01,0.0075,0.00192921616207205,0.0095,0.0052,5e-04,0.00750375187593797,""
4,sparse49_cloglog_n500,alternative,sparse49_n500,500,all,2000,HLF.G10,0.05,0.0295,0.0037835003634201,0.045,0.0308,5e-04,0.0295147573786893,""
4,sparse49_cloglog_n500,alternative,sparse49_n500,500,all,2000,HLF.G10,0.1,0.055,0.00509779364038993,0.103,0.0582,5e-04,0.0550275137568784,""
4,sparse49_cloglog_n500,alternative,sparse49_n500,500,events<G10,1498,HLF.G10,0.01,0.00867823765020027,0.00239644343751114,0.0106809078771696,0.0052,0.000667556742323098,0.00868403473613895,""
4,sparse49_cloglog_n500,alternative,sparse49_n500,500,events<G10,1498,HLF.G10,0.05,0.0333778371161549,0.00464089308091876,0.048064085447263,0.0308,0.000667556742323098,0.0334001336005344,""
4,sparse49_cloglog_n500,alternative,sparse49_n500,500,events<G10,1498,HLF.G10,0.1,0.0580774365821095,0.00604303922367315,0.102136181575434,0.0582,0.000667556742323098,0.0581162324649299,""
4,sparse49_cloglog_n500,alternative,sparse49_n500,500,events>=G10,502,HLF.G10,0.01,0.00398406374501992,0.00281154102060576,0.00597609561752988,0.0052,0,0.00398406374501992,""
4,sparse49_cloglog_n500,alternative,sparse49_n500,500,events>=G10,502,HLF.G10,0.05,0.0179282868525896,0.00592228275533222,0.0358565737051793,0.0308,0,0.0179282868525896,""
4,sparse49_cloglog_n500,alternative,sparse49_n500,500,events>=G10,502,HLF.G10,0.1,0.0458167330677291,0.00933202941409408,0.105577689243028,0.0582,0,0.0458167330677291,""
4,sparse49_cloglog_n500,alternative,sparse49_n500,500,all,2000,HLF.Grule,0.01,0.0145,0.00267298989897081,0.0145,0.009,5e-04,0.0145072536268134,""
4,sparse49_cloglog_n500,alternative,sparse49_n500,500,all,2000,HLF.Grule,0.05,0.0375,0.00424816136699161,0.059,0.032,5e-04,0.0375187593796899,""
4,sparse49_cloglog_n500,alternative,sparse49_n500,500,all,2000,HLF.Grule,0.1,0.065,0.00551248582764618,0.1065,0.053,5e-04,0.0650325162581291,""
4,sparse49_cloglog_n500,alternative,sparse49_n500,500,events<G10,1498,HLF.Grule,0.01,0.0153538050734312,0.00317681707338586,0.0153538050734312,0.009,0.000667556742323098,0.0153640614562458,""
4,sparse49_cloglog_n500,alternative,sparse49_n500,500,events<G10,1498,HLF.Grule,0.05,0.0353805073431242,0.0047731396213224,0.054739652870494,0.032,0.000667556742323098,0.0354041416165665,""
4,sparse49_cloglog_n500,alternative,sparse49_n500,500,events<G10,1498,HLF.Grule,0.1,0.0587449933244326,0.00607551604799921,0.0987983978638184,0.053,0.000667556742323098,0.0587842351369406,""
4,sparse49_cloglog_n500,alternative,sparse49_n500,500,events>=G10,502,HLF.Grule,0.01,0.0119521912350598,0.00485021385320209,0.0119521912350598,0.009,0,0.0119521912350598,""
4,sparse49_cloglog_n500,alternative,sparse49_n500,500,events>=G10,502,HLF.Grule,0.05,0.0438247011952191,0.00913642689104423,0.0717131474103586,0.032,0,0.0438247011952191,""
4,sparse49_cloglog_n500,alternative,sparse49_n500,500,events>=G10,502,HLF.Grule,0.1,0.0836653386454183,0.0123579941508242,0.129482071713147,0.053,0,0.0836653386454183,""
4,sparse49_cloglog_n500,alternative,sparse49_n500,500,all,2000,Stk.joint,0.01,0.015,0.00271799558498538,0.013,0.0116,5e-04,0.0150075037518759,""
4,sparse49_cloglog_n500,alternative,sparse49_n500,500,all,2000,Stk.joint,0.05,0.0505,0.00489641450451246,0.051,0.0492,5e-04,0.0505252626313157,""
4,sparse49_cloglog_n500,alternative,sparse49_n500,500,all,2000,Stk.joint,0.1,0.0895,0.00638317123379908,0.083,0.1114,5e-04,0.0895447723861931,""
4,sparse49_cloglog_n500,alternative,sparse49_n500,500,events<G10,1498,Stk.joint,0.01,0.0186915887850467,0.00349920964695784,0.0160213618157543,0.0116,0.000667556742323098,0.0187040748162993,""
4,sparse49_cloglog_n500,alternative,sparse49_n500,500,events<G10,1498,Stk.joint,0.05,0.0560747663551402,0.00594424399491917,0.0567423230974633,0.0492,0.000667556742323098,0.0561122244488978,""
4,sparse49_cloglog_n500,alternative,sparse49_n500,500,events<G10,1498,Stk.joint,0.1,0.100133511348465,0.00775573310721612,0.0927903871829105,0.1114,0.000667556742323098,0.100200400801603,""
4,sparse49_cloglog_n500,alternative,sparse49_n500,500,events>=G10,502,Stk.joint,0.01,0.00398406374501992,0.00281154102060576,0.00398406374501992,0.0116,0,0.00398406374501992,""
4,sparse49_cloglog_n500,alternative,sparse49_n500,500,events>=G10,502,Stk.joint,0.05,0.0338645418326693,0.00807308925984815,0.0338645418326693,0.0492,0,0.0338645418326693,""
4,sparse49_cloglog_n500,alternative,sparse49_n500,500,events>=G10,502,Stk.joint,0.1,0.0577689243027888,0.0104129550485921,0.0537848605577689,0.1114,0,0.0577689243027888,""
4,sparse49_cloglog_n500,alternative,sparse49_n500,500,all,2000,Stk.LR,0.01,0.033,0.00399443362693636,0.0095,0.0294,0.008,0.0332661290322581,""
4,sparse49_cloglog_n500,alternative,sparse49_n500,500,all,2000,Stk.LR,0.05,0.0935,0.00650990591329859,0.051,0.0992,0.008,0.0942540322580645,""
4,sparse49_cloglog_n500,alternative,sparse49_n500,500,all,2000,Stk.LR,0.1,0.158,0.00815585679128809,0.095,0.1702,0.008,0.159274193548387,""
4,sparse49_cloglog_n500,alternative,sparse49_n500,500,events<G10,1498,Stk.LR,0.01,0.0393858477970628,0.00502560883732781,0.0120160213618158,0.0294,0.00801068090787717,0.0397039030955586,""
4,sparse49_cloglog_n500,alternative,sparse49_n500,500,events<G10,1498,Stk.LR,0.05,0.104138851802403,0.00789170490072374,0.0587449933244326,0.0992,0.00801068090787717,0.104979811574697,""
4,sparse49_cloglog_n500,alternative,sparse49_n500,500,events<G10,1498,Stk.LR,0.1,0.171562082777036,0.0097405780887052,0.106141522029373,0.1702,0.00801068090787717,0.172947510094213,""
4,sparse49_cloglog_n500,alternative,sparse49_n500,500,events>=G10,502,Stk.LR,0.01,0.0139442231075697,0.00523354597620503,0.00199203187250996,0.0294,0.00796812749003984,0.0140562248995984,""
4,sparse49_cloglog_n500,alternative,sparse49_n500,500,events>=G10,502,Stk.LR,0.05,0.0617529880478088,0.0107432510562178,0.0278884462151394,0.0992,0.00796812749003984,0.0622489959839357,""
4,sparse49_cloglog_n500,alternative,sparse49_n500,500,events>=G10,502,Stk.LR,0.1,0.117529880478088,0.0143738230193994,0.0617529880478088,0.1702,0.00796812749003984,0.118473895582329,""
4,sparse49_cloglog_n500,alternative,sparse49_n500,500,all,2000,Stk.sym1,0.01,0.017,0.00289058817544112,0.0155,0.011,5e-04,0.0170085042521261,""
4,sparse49_cloglog_n500,alternative,sparse49_n500,500,all,2000,Stk.sym1,0.05,0.0565,0.00516273909857936,0.052,0.0546,5e-04,0.056528264132066,""
4,sparse49_cloglog_n500,alternative,sparse49_n500,500,all,2000,Stk.sym1,0.1,0.1055,0.00686912476229687,0.0975,0.1178,5e-04,0.105552776388194,""
4,sparse49_cloglog_n500,alternative,sparse49_n500,500,events<G10,1498,Stk.sym1,0.01,0.0186915887850467,0.00349920964695784,0.0173564753004005,0.011,0.000667556742323098,0.0187040748162993,""
4,sparse49_cloglog_n500,alternative,sparse49_n500,500,events<G10,1498,Stk.sym1,0.05,0.0587449933244326,0.00607551604799921,0.0527369826435247,0.0546,0.000667556742323098,0.0587842351369406,""
4,sparse49_cloglog_n500,alternative,sparse49_n500,500,events<G10,1498,Stk.sym1,0.1,0.108811748998665,0.00804575335493258,0.100133511348465,0.1178,0.000667556742323098,0.108884435537742,""
4,sparse49_cloglog_n500,alternative,sparse49_n500,500,events>=G10,502,Stk.sym1,0.01,0.0119521912350598,0.00485021385320209,0.0099601593625498,0.011,0,0.0119521912350598,""
4,sparse49_cloglog_n500,alternative,sparse49_n500,500,events>=G10,502,Stk.sym1,0.05,0.049800796812749,0.0097089802609901,0.049800796812749,0.0546,0,0.049800796812749,""
4,sparse49_cloglog_n500,alternative,sparse49_n500,500,events>=G10,502,Stk.sym1,0.1,0.0956175298804781,0.0131248083165691,0.0896414342629482,0.1178,0,0.0956175298804781,""
4,sparse49_cloglog_n500,alternative,sparse49_n500,500,all,2000,Stk.marg,0.01,0.008,0.0019919839356782,0.01,0.007,0.4075,0.0135021097046414,""
4,sparse49_cloglog_n500,alternative,sparse49_n500,500,all,2000,Stk.marg,0.05,0.027,0.00362429303451032,0.0535,0.0304,0.4075,0.0455696202531646,""
4,sparse49_cloglog_n500,alternative,sparse49_n500,500,all,2000,Stk.marg,0.1,0.0535,0.00503178646208283,0.1045,0.0492,0.4075,0.090295358649789,""
4,sparse49_cloglog_n500,alternative,sparse49_n500,500,events<G10,1498,Stk.marg,0.01,0.00801068090787717,0.00230320347802674,0.0106809078771696,0.007,0.474632843791722,0.0152477763659466,""
4,sparse49_cloglog_n500,alternative,sparse49_n500,500,events<G10,1498,Stk.marg,0.05,0.0293724966622163,0.00436255405757185,0.054739652870494,0.0304,0.474632843791722,0.0559085133418043,""
4,sparse49_cloglog_n500,alternative,sparse49_n500,500,events<G10,1498,Stk.marg,0.1,0.054739652870494,0.00587720491102384,0.0954606141522029,0.0492,0.474632843791722,0.104193138500635,""
4,sparse49_cloglog_n500,alternative,sparse49_n500,500,events>=G10,502,Stk.marg,0.01,0.00796812749003984,0.00396815923544071,0.00796812749003984,0.007,0.207171314741036,0.0100502512562814,""
4,sparse49_cloglog_n500,alternative,sparse49_n500,500,events>=G10,502,Stk.marg,0.05,0.0199203187250996,0.00623629966565916,0.049800796812749,0.0304,0.207171314741036,0.0251256281407035,""
4,sparse49_cloglog_n500,alternative,sparse49_n500,500,events>=G10,502,Stk.marg,0.1,0.049800796812749,0.0097089802609901,0.131474103585657,0.0492,0.207171314741036,0.0628140703517588,""
4,sparse49_cloglog_n500,alternative,sparse49_n500,500,all,2000,GiViTI,0.01,0.0315,0.0039056209493498,0.0085,0.0332,0.002,0.031563126252505,""
4,sparse49_cloglog_n500,alternative,sparse49_n500,500,all,2000,GiViTI,0.05,0.0895,0.00638317123379908,0.0445,0.1002,0.002,0.0896793587174349,""
4,sparse49_cloglog_n500,alternative,sparse49_n500,500,all,2000,GiViTI,0.1,0.1515,0.00801709891419583,0.0895,0.1616,0.002,0.151803607214429,""
4,sparse49_cloglog_n500,alternative,sparse49_n500,500,events<G10,1498,GiViTI,0.01,0.0360480640854473,0.00481629141471053,0.0100133511348465,0.0332,0.00267022696929239,0.036144578313253,""
4,sparse49_cloglog_n500,alternative,sparse49_n500,500,events<G10,1498,GiViTI,0.05,0.0954606141522029,0.00759224031600331,0.0493991989319092,0.1002,0.00267022696929239,0.0957161981258367,""
4,sparse49_cloglog_n500,alternative,sparse49_n500,500,events<G10,1498,GiViTI,0.1,0.163551401869159,0.00955632382128002,0.0954606141522029,0.1616,0.00267022696929239,0.163989290495315,""
4,sparse49_cloglog_n500,alternative,sparse49_n500,500,events>=G10,502,GiViTI,0.01,0.0179282868525896,0.00592228275533222,0.00398406374501992,0.0332,0,0.0179282868525896,""
4,sparse49_cloglog_n500,alternative,sparse49_n500,500,events>=G10,502,GiViTI,0.05,0.0717131474103586,0.0115156546747186,0.0298804780876494,0.1002,0,0.0717131474103586,""
4,sparse49_cloglog_n500,alternative,sparse49_n500,500,events>=G10,502,GiViTI,0.1,0.115537848605578,0.0142675665224472,0.0717131474103586,0.1616,0,0.115537848605578,""
4,sparse49_cloglog_n500,alternative,sparse49_n500,500,all,2000,GiViTI.t50,0.01,0.0425,0.00451075104611194,0.008,0.0448,0.002,0.0425851703406814,""
4,sparse49_cloglog_n500,alternative,sparse49_n500,500,all,2000,GiViTI.t50,0.05,0.1215,0.00730540039970432,0.0465,0.1308,0.002,0.121743486973948,""
4,sparse49_cloglog_n500,alternative,sparse49_n500,500,all,2000,GiViTI.t50,0.1,0.1875,0.00872765002735559,0.0875,0.2038,0.002,0.187875751503006,""
4,sparse49_cloglog_n500,alternative,sparse49_n500,500,events<G10,1498,GiViTI.t50,0.01,0.0507343124165554,0.00567007592436827,0.00934579439252336,0.0448,0.00267022696929239,0.0508701472556894,""
4,sparse49_cloglog_n500,alternative,sparse49_n500,500,events<G10,1498,GiViTI.t50,0.05,0.135514018691589,0.00884331679607284,0.0554072096128171,0.1308,0.00267022696929239,0.135876840696118,""
4,sparse49_cloglog_n500,alternative,sparse49_n500,500,events<G10,1498,GiViTI.t50,0.1,0.210280373831776,0.0105288255295326,0.0994659546061415,0.2038,0.00267022696929239,0.210843373493976,""
4,sparse49_cloglog_n500,alternative,sparse49_n500,500,events>=G10,502,GiViTI.t50,0.01,0.0179282868525896,0.00592228275533222,0.00398406374501992,0.0448,0,0.0179282868525896,""
4,sparse49_cloglog_n500,alternative,sparse49_n500,500,events>=G10,502,GiViTI.t50,0.05,0.0796812749003984,0.012086356712713,0.0199203187250996,0.1308,0,0.0796812749003984,""
4,sparse49_cloglog_n500,alternative,sparse49_n500,500,events>=G10,502,GiViTI.t50,0.1,0.119521912350598,0.0144787538271688,0.051792828685259,0.2038,0,0.119521912350598,""
4,sparse49_cloglog_n500,alternative,sparse49_n500,500,all,2000,Cubic.LR,0.01,0.0465,0.00470838348055891,0.013,0.0354,5e-04,0.0465232616308154,""
4,sparse49_cloglog_n500,alternative,sparse49_n500,500,all,2000,Cubic.LR,0.05,0.1175,0.00720047741472744,0.0585,0.1132,5e-04,0.117558779389695,""
4,sparse49_cloglog_n500,alternative,sparse49_n500,500,all,2000,Cubic.LR,0.1,0.1925,0.00881600107758614,0.107,0.192,5e-04,0.192596298149075,""
4,sparse49_cloglog_n500,alternative,sparse49_n500,500,events<G10,1498,Cubic.LR,0.01,0.0534045393858478,0.00580918742889234,0.013351134846462,0.0354,0.000667556742323098,0.0534402137608551,""
4,sparse49_cloglog_n500,alternative,sparse49_n500,500,events<G10,1498,Cubic.LR,0.05,0.134178905206943,0.00880643830067889,0.0667556742323097,0.1132,0.000667556742323098,0.134268537074148,""
4,sparse49_cloglog_n500,alternative,sparse49_n500,500,events<G10,1498,Cubic.LR,0.1,0.208277703604806,0.0104918463410149,0.124165554072096,0.192,0.000667556742323098,0.208416833667335,""
4,sparse49_cloglog_n500,alternative,sparse49_n500,500,events>=G10,502,Cubic.LR,0.01,0.0258964143426295,0.00708876419570853,0.0119521912350598,0.0354,0,0.0258964143426295,""
4,sparse49_cloglog_n500,alternative,sparse49_n500,500,events>=G10,502,Cubic.LR,0.05,0.0677290836653386,0.0112151944892924,0.0338645418326693,0.1132,0,0.0677290836653386,""
4,sparse49_cloglog_n500,alternative,sparse49_n500,500,events>=G10,502,Cubic.LR,0.1,0.145418326693227,0.0157338317033601,0.0557768924302789,0.192,0,0.145418326693227,""
4,sparse49_cloglog_n500,alternative,sparse49_n500,500,all,2000,HL_w,0.01,0.0085,0.00205277251540447,0.011,0.0084,0.098,0.00942350332594235,""
4,sparse49_cloglog_n500,alternative,sparse49_n500,500,all,2000,HL_w,0.05,0.0335,0.00402354010791492,0.041,0.045,0.098,0.037139689578714,""
4,sparse49_cloglog_n500,alternative,sparse49_n500,500,all,2000,HL_w,0.1,0.0825,0.0061519813881383,0.0835,0.0994,0.098,0.0914634146341463,""
4,sparse49_cloglog_n500,alternative,sparse49_n500,500,events<G10,1498,HL_w,0.01,0.0106809078771696,0.00265592846240052,0.013351134846462,0.0084,0.12283044058745,0.0121765601217656,""
4,sparse49_cloglog_n500,alternative,sparse49_n500,500,events<G10,1498,HL_w,0.05,0.0393858477970628,0.00502560883732781,0.0487316421895861,0.045,0.12283044058745,0.0449010654490107,""
4,sparse49_cloglog_n500,alternative,sparse49_n500,500,events<G10,1498,HL_w,0.1,0.0914552736982644,0.00744769059514164,0.0927903871829105,0.0994,0.12283044058745,0.104261796042618,""
4,sparse49_cloglog_n500,alternative,sparse49_n500,500,events>=G10,502,HL_w,0.01,0.00199203187250996,0.00199004678793866,0.00398406374501992,0.0084,0.0239043824701195,0.00204081632653061,""
4,sparse49_cloglog_n500,alternative,sparse49_n500,500,events>=G10,502,HL_w,0.05,0.0159362549800797,0.00558924172160135,0.0179282868525896,0.045,0.0239043824701195,0.0163265306122449,""
4,sparse49_cloglog_n500,alternative,sparse49_n500,500,events>=G10,502,HL_w,0.1,0.0557768924302789,0.0102426565572026,0.0557768924302789,0.0994,0.0239043824701195,0.0571428571428571,""
4,sparse49_cloglog_n500,alternative,sparse49_n500,500,all,2000,PH,0.01,0.0235,0.0033873108803297,0.017,0.0172,0.003,0.0235707121364092,""
4,sparse49_cloglog_n500,alternative,sparse49_n500,500,all,2000,PH,0.05,0.0545,0.00507591124823908,0.056,0.0476,0.003,0.0546639919759278,""
4,sparse49_cloglog_n500,alternative,sparse49_n500,500,all,2000,PH,0.1,0.089,0.00636706368744651,0.1125,0.0808,0.003,0.0892678034102307,""
4,sparse49_cloglog_n500,alternative,sparse49_n500,500,events<G10,1498,PH,0.01,0.027369826435247,0.0042155474707411,0.020694259012016,0.0172,0.00400534045393859,0.0274798927613941,""
4,sparse49_cloglog_n500,alternative,sparse49_n500,500,events<G10,1498,PH,0.05,0.0660881174899867,0.00641887228202183,0.0667556742323097,0.0476,0.00400534045393859,0.0663538873994638,""
4,sparse49_cloglog_n500,alternative,sparse49_n500,500,events<G10,1498,PH,0.1,0.0994659546061415,0.00773270405073167,0.121495327102804,0.0808,0.00400534045393859,0.0998659517426273,""
4,sparse49_cloglog_n500,alternative,sparse49_n500,500,events>=G10,502,PH,0.01,0.0119521912350598,0.00485021385320209,0.00597609561752988,0.0172,0,0.0119521912350598,""
4,sparse49_cloglog_n500,alternative,sparse49_n500,500,events>=G10,502,PH,0.05,0.0199203187250996,0.00623629966565916,0.0239043824701195,0.0476,0,0.0199203187250996,""
4,sparse49_cloglog_n500,alternative,sparse49_n500,500,events>=G10,502,PH,0.1,0.0577689243027888,0.0104129550485921,0.0856573705179283,0.0808,0,0.0577689243027888,""
4,sparse49_cloglog_n500,alternative,sparse49_n500,500,all,2000,Tsiatis,0.01,0.029,0.00375226598204338,0.015,0.0198,5e-04,0.0290145072536268,""
4,sparse49_cloglog_n500,alternative,sparse49_n500,500,all,2000,Tsiatis,0.05,0.0625,0.00541265877365274,0.056,0.0548,5e-04,0.0625312656328164,""
4,sparse49_cloglog_n500,alternative,sparse49_n500,500,all,2000,Tsiatis,0.1,0.1015,0.00675269390687894,0.103,0.096,5e-04,0.101550775387694,""
4,sparse49_cloglog_n500,alternative,sparse49_n500,500,events<G10,1498,Tsiatis,0.01,0.0327102803738318,0.00459583589399696,0.0173564753004005,0.0198,0.000667556742323098,0.0327321309285237,""
4,sparse49_cloglog_n500,alternative,sparse49_n500,500,events<G10,1498,Tsiatis,0.05,0.0660881174899867,0.00641887228202183,0.0607476635514019,0.0548,0.000667556742323098,0.0661322645290581,""
4,sparse49_cloglog_n500,alternative,sparse49_n500,500,events<G10,1498,Tsiatis,0.1,0.108144192256342,0.00802403873090833,0.110146862483311,0.096,0.000667556742323098,0.108216432865731,""
4,sparse49_cloglog_n500,alternative,sparse49_n500,500,events>=G10,502,Tsiatis,0.01,0.0179282868525896,0.00592228275533222,0.00796812749003984,0.0198,0,0.0179282868525896,""
4,sparse49_cloglog_n500,alternative,sparse49_n500,500,events>=G10,502,Tsiatis,0.05,0.051792828685259,0.00989087184129655,0.0418326693227092,0.0548,0,0.051792828685259,""
4,sparse49_cloglog_n500,alternative,sparse49_n500,500,events>=G10,502,Tsiatis,0.1,0.0816733067729084,0.0122232534037499,0.0816733067729084,0.096,0,0.0816733067729084,""
4,sparse49_cloglog_n500,alternative,sparse49_n500,500,all,2000,Xie,0.01,0.017,0.00289058817544112,0.0135,0.0126,5e-04,0.0170085042521261,""
4,sparse49_cloglog_n500,alternative,sparse49_n500,500,all,2000,Xie,0.05,0.0515,0.00494205169944629,0.0635,0.0384,5e-04,0.0515257628814407,""
4,sparse49_cloglog_n500,alternative,sparse49_n500,500,all,2000,Xie,0.1,0.0865,0.00628560856242258,0.1095,0.0708,5e-04,0.0865432716358179,""
4,sparse49_cloglog_n500,alternative,sparse49_n500,500,events<G10,1498,Xie,0.01,0.0193591455273698,0.00355993588883144,0.0160213618157543,0.0126,0.000667556742323098,0.01937207748831,""
4,sparse49_cloglog_n500,alternative,sparse49_n500,500,events<G10,1498,Xie,0.05,0.0560747663551402,0.00594424399491917,0.0660881174899867,0.0384,0.000667556742323098,0.0561122244488978,""
4,sparse49_cloglog_n500,alternative,sparse49_n500,500,events<G10,1498,Xie,0.1,0.0901201602136182,0.00739855815964044,0.112817089452604,0.0708,0.000667556742323098,0.0901803607214429,""
4,sparse49_cloglog_n500,alternative,sparse49_n500,500,events>=G10,502,Xie,0.01,0.0099601593625498,0.00443208030530968,0.00597609561752988,0.0126,0,0.0099601593625498,""
4,sparse49_cloglog_n500,alternative,sparse49_n500,500,events>=G10,502,Xie,0.05,0.0378486055776892,0.00851715969265031,0.0557768924302789,0.0384,0,0.0378486055776892,""
4,sparse49_cloglog_n500,alternative,sparse49_n500,500,events>=G10,502,Xie,0.1,0.0756972111553785,0.0118057943247711,0.099601593625498,0.0708,0,0.0756972111553785,""
4,sparse49_cloglog_n500,alternative,sparse49_n500,500,all,2000,PR,0.01,0,0,0,0,1,,no p-value in any replicate
4,sparse49_cloglog_n500,alternative,sparse49_n500,500,all,2000,PR,0.05,0,0,0,0,1,,no p-value in any replicate
4,sparse49_cloglog_n500,alternative,sparse49_n500,500,all,2000,PR,0.1,0,0,0,0,1,,no p-value in any replicate
4,sparse49_cloglog_n500,alternative,sparse49_n500,500,events<G10,1498,PR,0.01,0,0,0,0,1,,no p-value in any replicate
4,sparse49_cloglog_n500,alternative,sparse49_n500,500,events<G10,1498,PR,0.05,0,0,0,0,1,,no p-value in any replicate
4,sparse49_cloglog_n500,alternative,sparse49_n500,500,events<G10,1498,PR,0.1,0,0,0,0,1,,no p-value in any replicate
4,sparse49_cloglog_n500,alternative,sparse49_n500,500,events>=G10,502,PR,0.01,0,0,0,0,1,,no p-value in any replicate
4,sparse49_cloglog_n500,alternative,sparse49_n500,500,events>=G10,502,PR,0.05,0,0,0,0,1,,no p-value in any replicate
4,sparse49_cloglog_n500,alternative,sparse49_n500,500,events>=G10,502,PR,0.1,0,0,0,0,1,,no p-value in any replicate
