block,cell,role,null_cell,n,subset,B,test,alpha,rejection,mcse,size_adj_power,null_size,declined,rejection_given_p,status
6,glow_null_n500,null,,500,all,2000,flag.evlt.G10,,0,,,,0,,flag rate: share of replicates with the flag = 1
6,glow_null_n500,null,,500,all,2000,flag.evlt.Grule,,0,,,,0,,flag rate: share of replicates with the flag = 1
6,glow_null_n500,null,,500,all,2000,flag.stk_half0,,0.0085,,,,0,,flag rate: share of replicates with the flag = 1
6,glow_null_n500,null,,500,all,2000,flag.stk_diag,,0.008,,,,0,,flag rate: share of replicates with the flag = 1
6,glow_null_n500,null,,500,all,2000,flag.rivals_run,,1,,,,0,,flag rate: share of replicates with the flag = 1
6,glow_null_n500,null,,500,all,2000,flag.degenerate,,0,,,,0,,flag rate: share of replicates with the flag = 1
6,glow_null_n500,null,,500,all,2000,flag.info_guard,,0,,,,0,,flag rate: share of replicates with the flag = 1
6,glow_null_n500,null,,500,all,2000,flag.rep_error,,0,,,,0,,flag rate: share of replicates with the flag = 1
6,glow_null_n500,null,,500,all,2000,EDGE.poly3.u.G10,0.01,0.014,0.00262716577322407,,,0,0.014,""
6,glow_null_n500,null,,500,all,2000,EDGE.poly3.u.G10,0.05,0.049,0.00482695556225661,,,0,0.049,""
6,glow_null_n500,null,,500,all,2000,EDGE.poly3.u.G10,0.1,0.102,0.00676742196113114,,,0,0.102,""
6,glow_null_n500,null,,500,all,2000,EDGE.poly3.sc.G10,0.01,0.0135,0.00258047960658479,,,0,0.0135,""
6,glow_null_n500,null,,500,all,2000,EDGE.poly3.sc.G10,0.05,0.058,0.00522666241496426,,,0,0.058,""
6,glow_null_n500,null,,500,all,2000,EDGE.poly3.sc.G10,0.1,0.106,0.00688345843308435,,,0,0.106,""
6,glow_null_n500,null,,500,all,2000,EDGE.poly2.u.G10,0.01,0.011,0.00233227356885937,,,0,0.011,""
6,glow_null_n500,null,,500,all,2000,EDGE.poly2.u.G10,0.05,0.0485,0.00480352734977121,,,0,0.0485,""
6,glow_null_n500,null,,500,all,2000,EDGE.poly2.u.G10,0.1,0.107,0.0069119823495145,,,0,0.107,""
6,glow_null_n500,null,,500,all,2000,EDGE.poly2.sc.G10,0.01,0.012,0.00243474844696531,,,0,0.012,""
6,glow_null_n500,null,,500,all,2000,EDGE.poly2.sc.G10,0.05,0.0555,0.00511955808639769,,,0,0.0555,""
6,glow_null_n500,null,,500,all,2000,EDGE.poly2.sc.G10,0.1,0.1025,0.00678209960115597,,,0,0.1025,""
6,glow_null_n500,null,,500,all,2000,EDGE.stk.u.G10,0.01,0.011,0.00233227356885937,,,0,0.011,""
6,glow_null_n500,null,,500,all,2000,EDGE.stk.u.G10,0.05,0.048,0.00477995815881269,,,0,0.048,""
6,glow_null_n500,null,,500,all,2000,EDGE.stk.u.G10,0.1,0.1045,0.00684031249286171,,,0,0.1045,""
6,glow_null_n500,null,,500,all,2000,EDGE.stk.sc.G10,0.01,0.014,0.00262716577322407,,,0,0.014,""
6,glow_null_n500,null,,500,all,2000,EDGE.stk.sc.G10,0.05,0.0525,0.00498717104178311,,,0,0.0525,""
6,glow_null_n500,null,,500,all,2000,EDGE.stk.sc.G10,0.1,0.103,0.00679672715356443,,,0,0.103,""
6,glow_null_n500,null,,500,all,2000,EDGE.sym.u.G10,0.01,0.012,0.00243474844696531,,,0,0.012,""
6,glow_null_n500,null,,500,all,2000,EDGE.sym.u.G10,0.05,0.0535,0.00503178646208283,,,0,0.0535,""
6,glow_null_n500,null,,500,all,2000,EDGE.sym.u.G10,0.1,0.1095,0.00698246911915835,,,0,0.1095,""
6,glow_null_n500,null,,500,all,2000,EDGE.sym.sc.G10,0.01,0.0135,0.00258047960658479,,,0,0.0135,""
6,glow_null_n500,null,,500,all,2000,EDGE.sym.sc.G10,0.05,0.0535,0.00503178646208283,,,0,0.0535,""
6,glow_null_n500,null,,500,all,2000,EDGE.sym.sc.G10,0.1,0.1115,0.00703803061942757,,,0,0.1115,""
6,glow_null_n500,null,,500,all,2000,EDGE.poly3.u.Grule,0.01,0.013,0.00253288373203351,,,0,0.013,""
6,glow_null_n500,null,,500,all,2000,EDGE.poly3.u.Grule,0.05,0.0575,0.00520546587732549,,,0,0.0575,""
6,glow_null_n500,null,,500,all,2000,EDGE.poly3.u.Grule,0.1,0.112,0.00705180827873248,,,0,0.112,""
6,glow_null_n500,null,,500,all,2000,EDGE.poly3.sc.Grule,0.01,0.0135,0.00258047960658479,,,0,0.0135,""
6,glow_null_n500,null,,500,all,2000,EDGE.poly3.sc.Grule,0.05,0.0625,0.00541265877365274,,,0,0.0625,""
6,glow_null_n500,null,,500,all,2000,EDGE.poly3.sc.Grule,0.1,0.1125,0.00706554138053129,,,0,0.1125,""
6,glow_null_n500,null,,500,all,2000,EDGE.poly2.u.Grule,0.01,0.0105,0.00227922684259378,,,0,0.0105,""
6,glow_null_n500,null,,500,all,2000,EDGE.poly2.u.Grule,0.05,0.0545,0.00507591124823908,,,0,0.0545,""
6,glow_null_n500,null,,500,all,2000,EDGE.poly2.u.Grule,0.1,0.113,0.00707923018413726,,,0,0.113,""
6,glow_null_n500,null,,500,all,2000,EDGE.poly2.sc.Grule,0.01,0.017,0.00289058817544112,,,0,0.017,""
6,glow_null_n500,null,,500,all,2000,EDGE.poly2.sc.Grule,0.05,0.0595,0.00528960064655169,,,0,0.0595,""
6,glow_null_n500,null,,500,all,2000,EDGE.poly2.sc.Grule,0.1,0.113,0.00707923018413726,,,0,0.113,""
6,glow_null_n500,null,,500,all,2000,EDGE.stk.u.Grule,0.01,0.013,0.00253288373203351,,,0,0.013,""
6,glow_null_n500,null,,500,all,2000,EDGE.stk.u.Grule,0.05,0.058,0.00522666241496426,,,0,0.058,""
6,glow_null_n500,null,,500,all,2000,EDGE.stk.u.Grule,0.1,0.1095,0.00698246911915835,,,0,0.1095,""
6,glow_null_n500,null,,500,all,2000,EDGE.stk.sc.Grule,0.01,0.013,0.00253288373203351,,,0,0.013,""
6,glow_null_n500,null,,500,all,2000,EDGE.stk.sc.Grule,0.05,0.064,0.00547284204047586,,,0,0.064,""
6,glow_null_n500,null,,500,all,2000,EDGE.stk.sc.Grule,0.1,0.114,0.00710647591989166,,,0,0.114,""
6,glow_null_n500,null,,500,all,2000,EDGE.sym.u.Grule,0.01,0.0125,0.00248432586429397,,,0,0.0125,""
6,glow_null_n500,null,,500,all,2000,EDGE.sym.u.Grule,0.05,0.0575,0.00520546587732549,,,0,0.0575,""
6,glow_null_n500,null,,500,all,2000,EDGE.sym.u.Grule,0.1,0.1125,0.00706554138053129,,,0,0.1125,""
6,glow_null_n500,null,,500,all,2000,EDGE.sym.sc.Grule,0.01,0.014,0.00262716577322407,,,0,0.014,""
6,glow_null_n500,null,,500,all,2000,EDGE.sym.sc.Grule,0.05,0.057,0.00518415856238985,,,0,0.057,""
6,glow_null_n500,null,,500,all,2000,EDGE.sym.sc.Grule,0.1,0.114,0.00710647591989166,,,0,0.114,""
6,glow_null_n500,null,,500,all,2000,HL.G10,0.01,0.0105,0.00227922684259378,,,0,0.0105,""
6,glow_null_n500,null,,500,all,2000,HL.G10,0.05,0.045,0.00463546114210873,,,0,0.045,""
6,glow_null_n500,null,,500,all,2000,HL.G10,0.1,0.0905,0.00641520654383006,,,0,0.0905,""
6,glow_null_n500,null,,500,all,2000,HL.Grule,0.01,0.009,0.00211175282644537,,,0,0.009,""
6,glow_null_n500,null,,500,all,2000,HL.Grule,0.05,0.046,0.00468422885862764,,,0,0.046,""
6,glow_null_n500,null,,500,all,2000,HL.Grule,0.1,0.0945,0.00654101482951996,,,0,0.0945,""
6,glow_null_n500,null,,500,all,2000,HLF.G10,0.01,0.0095,0.00216907238237916,,,0,0.0095,""
6,glow_null_n500,null,,500,all,2000,HLF.G10,0.05,0.044,0.00458606585212206,,,0,0.044,""
6,glow_null_n500,null,,500,all,2000,HLF.G10,0.1,0.089,0.00636706368744651,,,0,0.089,""
6,glow_null_n500,null,,500,all,2000,HLF.Grule,0.01,0.009,0.00211175282644537,,,0,0.009,""
6,glow_null_n500,null,,500,all,2000,HLF.Grule,0.05,0.0455,0.00465992220965114,,,0,0.0455,""
6,glow_null_n500,null,,500,all,2000,HLF.Grule,0.1,0.096,0.00658726043207645,,,0,0.096,""
6,glow_null_n500,null,,500,all,2000,Stk.joint,0.01,0.015,0.00271799558498538,,,0,0.015,""
6,glow_null_n500,null,,500,all,2000,Stk.joint,0.05,0.0535,0.00503178646208283,,,0,0.0535,""
6,glow_null_n500,null,,500,all,2000,Stk.joint,0.1,0.1065,0.00689774419647467,,,0,0.1065,""
6,glow_null_n500,null,,500,all,2000,Stk.LR,0.01,0.0185,0.00301311715670002,,,0,0.0185,""
6,glow_null_n500,null,,500,all,2000,Stk.LR,0.05,0.076,0.00592553795026241,,,0,0.076,""
6,glow_null_n500,null,,500,all,2000,Stk.LR,0.1,0.1325,0.00758102070964062,,,0,0.1325,""
6,glow_null_n500,null,,500,all,2000,Stk.sym1,0.01,0.012,0.00243474844696531,,,0,0.012,""
6,glow_null_n500,null,,500,all,2000,Stk.sym1,0.05,0.056,0.00514120608417908,,,0,0.056,""
6,glow_null_n500,null,,500,all,2000,Stk.sym1,0.1,0.1165,0.00717383265765239,,,0,0.1165,""
6,glow_null_n500,null,,500,all,2000,Stk.marg,0.01,0.024,0.00342227994179319,,,0.0085,0.0242057488653555,""
6,glow_null_n500,null,,500,all,2000,Stk.marg,0.05,0.065,0.00551248582764618,,,0.0085,0.0655572365103379,""
6,glow_null_n500,null,,500,all,2000,Stk.marg,0.1,0.1165,0.00717383265765239,,,0.0085,0.117498739283913,""
6,glow_null_n500,null,,500,all,2000,GiViTI,0.01,0.011,0.00233227356885937,,,0,0.011,""
6,glow_null_n500,null,,500,all,2000,GiViTI,0.05,0.05,0.00487339717240448,,,0,0.05,""
6,glow_null_n500,null,,500,all,2000,GiViTI,0.1,0.1035,0.00681130494105204,,,0,0.1035,""
6,glow_null_n500,null,,500,all,2000,GiViTI.t50,0.01,0.0135,0.00258047960658479,,,0,0.0135,""
6,glow_null_n500,null,,500,all,2000,GiViTI.t50,0.05,0.0495,0.0048502448391808,,,0,0.0495,""
6,glow_null_n500,null,,500,all,2000,GiViTI.t50,0.1,0.1055,0.00686912476229687,,,0,0.1055,""
6,glow_null_n500,null,,500,all,2000,Cubic.LR,0.01,0.011,0.00233227356885937,,,0,0.011,""
6,glow_null_n500,null,,500,all,2000,Cubic.LR,0.05,0.0495,0.0048502448391808,,,0,0.0495,""
6,glow_null_n500,null,,500,all,2000,Cubic.LR,0.1,0.0905,0.00641520654383006,,,0,0.0905,""
6,glow_null_n500,null,,500,all,2000,HL_w,0.01,0.009,0.00211175282644537,,,0,0.009,""
6,glow_null_n500,null,,500,all,2000,HL_w,0.05,0.043,0.00453602248671675,,,0,0.043,""
6,glow_null_n500,null,,500,all,2000,HL_w,0.1,0.082,0.00613498166256428,,,0,0.082,""
6,glow_null_n500,null,,500,all,2000,PH,0.01,0.006,0.0017268468374468,,,0,0.006,""
6,glow_null_n500,null,,500,all,2000,PH,0.05,0.027,0.00362429303451032,,,0,0.027,""
6,glow_null_n500,null,,500,all,2000,PH,0.1,0.057,0.00518415856238985,,,0,0.057,""
6,glow_null_n500,null,,500,all,2000,Tsiatis,0.01,0.0135,0.00258047960658479,,,0,0.0135,""
6,glow_null_n500,null,,500,all,2000,Tsiatis,0.05,0.052,0.00496467521596328,,,0,0.052,""
6,glow_null_n500,null,,500,all,2000,Tsiatis,0.1,0.104,0.00682583328246449,,,0,0.104,""
6,glow_null_n500,null,,500,all,2000,Xie,0.01,0.0075,0.00192921616207205,,,0,0.0075,""
6,glow_null_n500,null,,500,all,2000,Xie,0.05,0.0425,0.00451075104611194,,,0,0.0425,""
6,glow_null_n500,null,,500,all,2000,Xie,0.1,0.0915,0.00644700511865781,,,0,0.0915,""
6,glow_null_n500,null,,500,all,2000,PR,0.01,0.0115,0.0023840878758972,,,0,0.0115,""
6,glow_null_n500,null,,500,all,2000,PR,0.05,0.0565,0.00516273909857936,,,0,0.0565,""
6,glow_null_n500,null,,500,all,2000,PR,0.1,0.1145,0.00712003335666344,,,0,0.1145,""
6,glow_link_n500,alternative,glow_null_n500,500,all,2000,flag.evlt.G10,,0,,,,0,,flag rate: share of replicates with the flag = 1
6,glow_link_n500,alternative,glow_null_n500,500,all,2000,flag.evlt.Grule,,0,,,,0,,flag rate: share of replicates with the flag = 1
6,glow_link_n500,alternative,glow_null_n500,500,all,2000,flag.stk_half0,,0,,,,0,,flag rate: share of replicates with the flag = 1
6,glow_link_n500,alternative,glow_null_n500,500,all,2000,flag.stk_diag,,0.066,,,,0,,flag rate: share of replicates with the flag = 1
6,glow_link_n500,alternative,glow_null_n500,500,all,2000,flag.rivals_run,,1,,,,0,,flag rate: share of replicates with the flag = 1
6,glow_link_n500,alternative,glow_null_n500,500,all,2000,flag.degenerate,,0,,,,0,,flag rate: share of replicates with the flag = 1
6,glow_link_n500,alternative,glow_null_n500,500,all,2000,flag.info_guard,,0,,,,0,,flag rate: share of replicates with the flag = 1
6,glow_link_n500,alternative,glow_null_n500,500,all,2000,flag.rep_error,,0,,,,0,,flag rate: share of replicates with the flag = 1
6,glow_link_n500,alternative,glow_null_n500,500,all,2000,EDGE.poly3.u.G10,0.01,0.0415,0.00445969449626317,0.027,0.014,0,0.0415,""
6,glow_link_n500,alternative,glow_null_n500,500,all,2000,EDGE.poly3.u.G10,0.05,0.147,0.00791804900212167,0.1485,0.049,0,0.147,""
6,glow_link_n500,alternative,glow_null_n500,500,all,2000,EDGE.poly3.u.G10,0.1,0.2445,0.00961040451802108,0.2405,0.102,0,0.2445,""
6,glow_link_n500,alternative,glow_null_n500,500,all,2000,EDGE.poly3.sc.G10,0.01,0.0275,0.00365675744341896,0.0205,0.0135,0,0.0275,""
6,glow_link_n500,alternative,glow_null_n500,500,all,2000,EDGE.poly3.sc.G10,0.05,0.1165,0.00717383265765239,0.0945,0.058,0,0.1165,""
6,glow_link_n500,alternative,glow_null_n500,500,all,2000,EDGE.poly3.sc.G10,0.1,0.2145,0.00917850069455791,0.2095,0.106,0,0.2145,""
6,glow_link_n500,alternative,glow_null_n500,500,all,2000,EDGE.poly2.u.G10,0.01,0.0625,0.00541265877365274,0.0565,0.011,0,0.0625,""
6,glow_link_n500,alternative,glow_null_n500,500,all,2000,EDGE.poly2.u.G10,0.05,0.1875,0.00872765002735559,0.1915,0.0485,0,0.1875,""
6,glow_link_n500,alternative,glow_null_n500,500,all,2000,EDGE.poly2.u.G10,0.1,0.3005,0.0102518230086166,0.277,0.107,0,0.3005,""
6,glow_link_n500,alternative,glow_null_n500,500,all,2000,EDGE.poly2.sc.G10,0.01,0.034,0.00405240669232494,0.026,0.012,0,0.034,""
6,glow_link_n500,alternative,glow_null_n500,500,all,2000,EDGE.poly2.sc.G10,0.05,0.1395,0.00774724951192357,0.126,0.0555,0,0.1395,""
6,glow_link_n500,alternative,glow_null_n500,500,all,2000,EDGE.poly2.sc.G10,0.1,0.23,0.00941010095588777,0.2225,0.1025,0,0.23,""
6,glow_link_n500,alternative,glow_null_n500,500,all,2000,EDGE.stk.u.G10,0.01,0.0555,0.00511955808639769,0.0545,0.011,0,0.0555,""
6,glow_link_n500,alternative,glow_null_n500,500,all,2000,EDGE.stk.u.G10,0.05,0.1405,0.0077704488287357,0.144,0.048,0,0.1405,""
6,glow_link_n500,alternative,glow_null_n500,500,all,2000,EDGE.stk.u.G10,0.1,0.223,0.00930781929347578,0.2165,0.1045,0,0.223,""
6,glow_link_n500,alternative,glow_null_n500,500,all,2000,EDGE.stk.sc.G10,0.01,0.0345,0.00408103847078167,0.028,0.014,0,0.0345,""
6,glow_link_n500,alternative,glow_null_n500,500,all,2000,EDGE.stk.sc.G10,0.05,0.1235,0.00735689302627135,0.1115,0.0525,0,0.1235,""
6,glow_link_n500,alternative,glow_null_n500,500,all,2000,EDGE.stk.sc.G10,0.1,0.221,0.00927790385809209,0.2165,0.103,0,0.221,""
6,glow_link_n500,alternative,glow_null_n500,500,all,2000,EDGE.sym.u.G10,0.01,0.0585,0.0052477495176504,0.053,0.012,0,0.0585,""
6,glow_link_n500,alternative,glow_null_n500,500,all,2000,EDGE.sym.u.G10,0.05,0.155,0.00809243473869268,0.149,0.0535,0,0.155,""
6,glow_link_n500,alternative,glow_null_n500,500,all,2000,EDGE.sym.u.G10,0.1,0.2305,0.00941726473027067,0.214,0.1095,0,0.2305,""
6,glow_link_n500,alternative,glow_null_n500,500,all,2000,EDGE.sym.sc.G10,0.01,0.0555,0.00511955808639769,0.048,0.0135,0,0.0555,""
6,glow_link_n500,alternative,glow_null_n500,500,all,2000,EDGE.sym.sc.G10,0.05,0.162,0.00823881059376898,0.16,0.0535,0,0.162,""
6,glow_link_n500,alternative,glow_null_n500,500,all,2000,EDGE.sym.sc.G10,0.1,0.261,0.00982036150047441,0.2415,0.1115,0,0.261,""
6,glow_link_n500,alternative,glow_null_n500,500,all,2000,EDGE.poly3.u.Grule,0.01,0.037,0.00422084114839685,0.0285,0.013,0,0.037,""
6,glow_link_n500,alternative,glow_null_n500,500,all,2000,EDGE.poly3.u.Grule,0.05,0.1575,0.00814535910810567,0.1425,0.0575,0,0.1575,""
6,glow_link_n500,alternative,glow_null_n500,500,all,2000,EDGE.poly3.u.Grule,0.1,0.2685,0.00990978682919063,0.243,0.112,0,0.2685,""
6,glow_link_n500,alternative,glow_null_n500,500,all,2000,EDGE.poly3.sc.Grule,0.01,0.025,0.00349106001094224,0.0185,0.0135,0,0.025,""
6,glow_link_n500,alternative,glow_null_n500,500,all,2000,EDGE.poly3.sc.Grule,0.05,0.1075,0.00692617318582202,0.0795,0.0625,0,0.1075,""
6,glow_link_n500,alternative,glow_null_n500,500,all,2000,EDGE.poly3.sc.Grule,0.1,0.2085,0.00908371482379318,0.1765,0.1125,0,0.2085,""
6,glow_link_n500,alternative,glow_null_n500,500,all,2000,EDGE.poly2.u.Grule,0.01,0.0705,0.00572406105837455,0.0665,0.0105,0,0.0705,""
6,glow_link_n500,alternative,glow_null_n500,500,all,2000,EDGE.poly2.u.Grule,0.05,0.2255,0.00934477795348825,0.217,0.0545,0,0.2255,""
6,glow_link_n500,alternative,glow_null_n500,500,all,2000,EDGE.poly2.u.Grule,0.1,0.352,0.0106793258214178,0.326,0.113,0,0.352,""
6,glow_link_n500,alternative,glow_null_n500,500,all,2000,EDGE.poly2.sc.Grule,0.01,0.037,0.00422084114839685,0.024,0.017,0,0.037,""
6,glow_link_n500,alternative,glow_null_n500,500,all,2000,EDGE.poly2.sc.Grule,0.05,0.1485,0.0079513442259784,0.111,0.0595,0,0.1485,""
6,glow_link_n500,alternative,glow_null_n500,500,all,2000,EDGE.poly2.sc.Grule,0.1,0.261,0.00982036150047441,0.2295,0.113,0,0.261,""
6,glow_link_n500,alternative,glow_null_n500,500,all,2000,EDGE.stk.u.Grule,0.01,0.0525,0.00498717104178311,0.0385,0.013,0,0.0525,""
6,glow_link_n500,alternative,glow_null_n500,500,all,2000,EDGE.stk.u.Grule,0.05,0.149,0.00796238029737339,0.137,0.058,0,0.149,""
6,glow_link_n500,alternative,glow_null_n500,500,all,2000,EDGE.stk.u.Grule,0.1,0.2465,0.0096368498483685,0.24,0.1095,0,0.2465,""
6,glow_link_n500,alternative,glow_null_n500,500,all,2000,EDGE.stk.sc.Grule,0.01,0.0215,0.00324328151722912,0.02,0.013,0,0.0215,""
6,glow_link_n500,alternative,glow_null_n500,500,all,2000,EDGE.stk.sc.Grule,0.05,0.098,0.00664815763952691,0.0775,0.064,0,0.098,""
6,glow_link_n500,alternative,glow_null_n500,500,all,2000,EDGE.stk.sc.Grule,0.1,0.2015,0.00896932968509911,0.166,0.114,0,0.2015,""
6,glow_link_n500,alternative,glow_null_n500,500,all,2000,EDGE.sym.u.Grule,0.01,0.0525,0.00498717104178311,0.0455,0.0125,0,0.0525,""
6,glow_link_n500,alternative,glow_null_n500,500,all,2000,EDGE.sym.u.Grule,0.05,0.137,0.00768866048151432,0.127,0.0575,0,0.137,""
6,glow_link_n500,alternative,glow_null_n500,500,all,2000,EDGE.sym.u.Grule,0.1,0.2195,0.00925526201682049,0.204,0.1125,0,0.2195,""
6,glow_link_n500,alternative,glow_null_n500,500,all,2000,EDGE.sym.sc.Grule,0.01,0.0475,0.00475624589355933,0.0385,0.014,0,0.0475,""
6,glow_link_n500,alternative,glow_null_n500,500,all,2000,EDGE.sym.sc.Grule,0.05,0.141,0.0077819984579798,0.137,0.057,0,0.141,""
6,glow_link_n500,alternative,glow_null_n500,500,all,2000,EDGE.sym.sc.Grule,0.1,0.223,0.00930781929347578,0.2005,0.114,0,0.223,""
6,glow_link_n500,alternative,glow_null_n500,500,all,2000,HL.G10,0.01,0.029,0.00375226598204338,0.0285,0.0105,0,0.029,""
6,glow_link_n500,alternative,glow_null_n500,500,all,2000,HL.G10,0.05,0.0985,0.00666324808182916,0.113,0.045,0,0.0985,""
6,glow_link_n500,alternative,glow_null_n500,500,all,2000,HL.G10,0.1,0.181,0.00860926826158879,0.203,0.0905,0,0.181,""
6,glow_link_n500,alternative,glow_null_n500,500,all,2000,HL.Grule,0.01,0.0325,0.00396508196636589,0.035,0.009,0,0.0325,""
6,glow_link_n500,alternative,glow_null_n500,500,all,2000,HL.Grule,0.05,0.114,0.00710647591989166,0.12,0.046,0,0.114,""
6,glow_link_n500,alternative,glow_null_n500,500,all,2000,HL.Grule,0.1,0.179,0.00857201843208471,0.186,0.0945,0,0.179,""
6,glow_link_n500,alternative,glow_null_n500,500,all,2000,HLF.G10,0.01,0.0215,0.00324328151722912,0.023,0.0095,0,0.0215,""
6,glow_link_n500,alternative,glow_null_n500,500,all,2000,HLF.G10,0.05,0.0825,0.0061519813881383,0.0965,0.044,0,0.0825,""
6,glow_link_n500,alternative,glow_null_n500,500,all,2000,HLF.G10,0.1,0.149,0.00796238029737339,0.169,0.089,0,0.149,""
6,glow_link_n500,alternative,glow_null_n500,500,all,2000,HLF.Grule,0.01,0.0205,0.00316857617866448,0.024,0.009,0,0.0205,""
6,glow_link_n500,alternative,glow_null_n500,500,all,2000,HLF.Grule,0.05,0.087,0.0063020234845643,0.0915,0.0455,0,0.087,""
6,glow_link_n500,alternative,glow_null_n500,500,all,2000,HLF.Grule,0.1,0.1475,0.00792917870904673,0.157,0.096,0,0.1475,""
6,glow_link_n500,alternative,glow_null_n500,500,all,2000,Stk.joint,0.01,0.0335,0.00402354010791492,0.0215,0.015,0,0.0335,""
6,glow_link_n500,alternative,glow_null_n500,500,all,2000,Stk.joint,0.05,0.114,0.00710647591989166,0.1025,0.0535,0,0.114,""
6,glow_link_n500,alternative,glow_null_n500,500,all,2000,Stk.joint,0.1,0.2015,0.00896932968509911,0.193,0.1065,0,0.2015,""
6,glow_link_n500,alternative,glow_null_n500,500,all,2000,Stk.LR,0.01,0.075,0.00588960949469487,0.0365,0.0185,0,0.075,""
6,glow_link_n500,alternative,glow_null_n500,500,all,2000,Stk.LR,0.05,0.2235,0.00931524959407959,0.176,0.076,0,0.2235,""
6,glow_link_n500,alternative,glow_null_n500,500,all,2000,Stk.LR,0.1,0.3445,0.0106259058437387,0.2835,0.1325,0,0.3445,""
6,glow_link_n500,alternative,glow_null_n500,500,all,2000,Stk.sym1,0.01,0.042,0.00448530935387962,0.039,0.012,0,0.042,""
6,glow_link_n500,alternative,glow_null_n500,500,all,2000,Stk.sym1,0.05,0.1295,0.00750765442731616,0.1185,0.056,0,0.1295,""
6,glow_link_n500,alternative,glow_null_n500,500,all,2000,Stk.sym1,0.1,0.211,0.00912356838084748,0.195,0.1165,0,0.211,""
6,glow_link_n500,alternative,glow_null_n500,500,all,2000,Stk.marg,0.01,0.1,0.00670820393249937,0.04,0.024,0,0.1,""
6,glow_link_n500,alternative,glow_null_n500,500,all,2000,Stk.marg,0.05,0.242,0.00957695149825872,0.206,0.065,0,0.242,""
6,glow_link_n500,alternative,glow_null_n500,500,all,2000,Stk.marg,0.1,0.3425,0.0106111674664007,0.311,0.1165,0,0.3425,""
6,glow_link_n500,alternative,glow_null_n500,500,all,2000,GiViTI,0.01,0.074,0.0058533750947637,0.07,0.011,0,0.074,""
6,glow_link_n500,alternative,glow_null_n500,500,all,2000,GiViTI,0.05,0.227,0.00936672301287916,0.225,0.05,0,0.227,""
6,glow_link_n500,alternative,glow_null_n500,500,all,2000,GiViTI,0.1,0.3475,0.0106476229741666,0.346,0.1035,0,0.3475,""
6,glow_link_n500,alternative,glow_null_n500,500,all,2000,GiViTI.t50,0.01,0.0635,0.005452877680638,0.039,0.0135,0,0.0635,""
6,glow_link_n500,alternative,glow_null_n500,500,all,2000,GiViTI.t50,0.05,0.2,0.00894427190999916,0.2,0.0495,0,0.2,""
6,glow_link_n500,alternative,glow_null_n500,500,all,2000,GiViTI.t50,0.1,0.3215,0.0104436045022779,0.3145,0.1055,0,0.3215,""
6,glow_link_n500,alternative,glow_null_n500,500,all,2000,Cubic.LR,0.01,0.069,0.00566740681440816,0.057,0.011,0,0.069,""
6,glow_link_n500,alternative,glow_null_n500,500,all,2000,Cubic.LR,0.05,0.208,0.00907568179257074,0.208,0.0495,0,0.208,""
6,glow_link_n500,alternative,glow_null_n500,500,all,2000,Cubic.LR,0.1,0.325,0.0104731800328267,0.3475,0.0905,0,0.325,""
6,glow_link_n500,alternative,glow_null_n500,500,all,2000,HL_w,0.01,0.0075,0.00192921616207205,0.008,0.009,0,0.0075,""
6,glow_link_n500,alternative,glow_null_n500,500,all,2000,HL_w,0.05,0.0425,0.00451075104611194,0.056,0.043,0,0.0425,""
6,glow_link_n500,alternative,glow_null_n500,500,all,2000,HL_w,0.1,0.0925,0.00647857044416436,0.1175,0.082,0,0.0925,""
6,glow_link_n500,alternative,glow_null_n500,500,all,2000,PH,0.01,0.0225,0.00331615364541512,0.0315,0.006,0,0.0225,""
6,glow_link_n500,alternative,glow_null_n500,500,all,2000,PH,0.05,0.0765,0.00594338918463195,0.116,0.027,0,0.0765,""
6,glow_link_n500,alternative,glow_null_n500,500,all,2000,PH,0.1,0.1295,0.00750765442731616,0.2055,0.057,0,0.1295,""
6,glow_link_n500,alternative,glow_null_n500,500,all,2000,Tsiatis,0.01,0.0115,0.0023840878758972,0.0075,0.0135,0,0.0115,""
6,glow_link_n500,alternative,glow_null_n500,500,all,2000,Tsiatis,0.05,0.0575,0.00520546587732549,0.0545,0.052,0,0.0575,""
6,glow_link_n500,alternative,glow_null_n500,500,all,2000,Tsiatis,0.1,0.1045,0.00684031249286171,0.098,0.104,0,0.1045,""
6,glow_link_n500,alternative,glow_null_n500,500,all,2000,Xie,0.01,0.0015,0.000865375640979107,0.002,0.0075,0,0.0015,""
6,glow_link_n500,alternative,glow_null_n500,500,all,2000,Xie,0.05,0.0145,0.00267298989897081,0.0165,0.0425,0,0.0145,""
6,glow_link_n500,alternative,glow_null_n500,500,all,2000,Xie,0.1,0.036,0.00416557318985035,0.0395,0.0915,0,0.036,""
6,glow_link_n500,alternative,glow_null_n500,500,all,2000,PR,0.01,0.014,0.00262716577322407,0.0105,0.0115,0,0.014,""
6,glow_link_n500,alternative,glow_null_n500,500,all,2000,PR,0.05,0.0665,0.00557125434709276,0.061,0.0565,0,0.0665,""
6,glow_link_n500,alternative,glow_null_n500,500,all,2000,PR,0.1,0.12,0.00726636084983398,0.1015,0.1145,0,0.12,""
6,glow_nonlin_n500,alternative,glow_null_n500,500,all,2000,flag.evlt.G10,,0,,,,0,,flag rate: share of replicates with the flag = 1
6,glow_nonlin_n500,alternative,glow_null_n500,500,all,2000,flag.evlt.Grule,,0,,,,0,,flag rate: share of replicates with the flag = 1
6,glow_nonlin_n500,alternative,glow_null_n500,500,all,2000,flag.stk_half0,,0,,,,0,,flag rate: share of replicates with the flag = 1
6,glow_nonlin_n500,alternative,glow_null_n500,500,all,2000,flag.stk_diag,,0.018,,,,0,,flag rate: share of replicates with the flag = 1
6,glow_nonlin_n500,alternative,glow_null_n500,500,all,2000,flag.rivals_run,,1,,,,0,,flag rate: share of replicates with the flag = 1
6,glow_nonlin_n500,alternative,glow_null_n500,500,all,2000,flag.degenerate,,0,,,,0,,flag rate: share of replicates with the flag = 1
6,glow_nonlin_n500,alternative,glow_null_n500,500,all,2000,flag.info_guard,,0,,,,0,,flag rate: share of replicates with the flag = 1
6,glow_nonlin_n500,alternative,glow_null_n500,500,all,2000,flag.rep_error,,0,,,,0,,flag rate: share of replicates with the flag = 1
6,glow_nonlin_n500,alternative,glow_null_n500,500,all,2000,EDGE.poly3.u.G10,0.01,0.9385,0.00537204569973116,0.923,0.014,0,0.9385,""
6,glow_nonlin_n500,alternative,glow_null_n500,500,all,2000,EDGE.poly3.u.G10,0.05,0.983,0.00289058817544112,0.9835,0.049,0,0.983,""
6,glow_nonlin_n500,alternative,glow_null_n500,500,all,2000,EDGE.poly3.u.G10,0.1,0.9915,0.00205277251540447,0.991,0.102,0,0.9915,""
6,glow_nonlin_n500,alternative,glow_null_n500,500,all,2000,EDGE.poly3.sc.G10,0.01,0.895,0.00685474288358068,0.875,0.0135,0,0.895,""
6,glow_nonlin_n500,alternative,glow_null_n500,500,all,2000,EDGE.poly3.sc.G10,0.05,0.9645,0.00413761706783023,0.9575,0.058,0,0.9645,""
6,glow_nonlin_n500,alternative,glow_null_n500,500,all,2000,EDGE.poly3.sc.G10,0.1,0.9805,0.00309190475273738,0.9805,0.106,0,0.9805,""
6,glow_nonlin_n500,alternative,glow_null_n500,500,all,2000,EDGE.poly2.u.G10,0.01,0.934,0.00555175647880921,0.931,0.011,0,0.934,""
6,glow_nonlin_n500,alternative,glow_null_n500,500,all,2000,EDGE.poly2.u.G10,0.05,0.979,0.00320616593457045,0.9795,0.0485,0,0.979,""
6,glow_nonlin_n500,alternative,glow_null_n500,500,all,2000,EDGE.poly2.u.G10,0.1,0.99,0.0022248595461287,0.9895,0.107,0,0.99,""
6,glow_nonlin_n500,alternative,glow_null_n500,500,all,2000,EDGE.poly2.sc.G10,0.01,0.82,0.00859069263796581,0.808,0.012,0,0.82,""
6,glow_nonlin_n500,alternative,glow_null_n500,500,all,2000,EDGE.poly2.sc.G10,0.05,0.9275,0.00579843728947723,0.918,0.0555,0,0.9275,""
6,glow_nonlin_n500,alternative,glow_null_n500,500,all,2000,EDGE.poly2.sc.G10,0.1,0.9575,0.00451075104611194,0.9565,0.1025,0,0.9575,""
6,glow_nonlin_n500,alternative,glow_null_n500,500,all,2000,EDGE.stk.u.G10,0.01,0.976,0.00342227994179319,0.973,0.011,0,0.976,""
6,glow_nonlin_n500,alternative,glow_null_n500,500,all,2000,EDGE.stk.u.G10,0.05,0.994,0.0017268468374468,0.9945,0.048,0,0.994,""
6,glow_nonlin_n500,alternative,glow_null_n500,500,all,2000,EDGE.stk.u.G10,0.1,0.997,0.00122290637417588,0.997,0.1045,0,0.997,""
6,glow_nonlin_n500,alternative,glow_null_n500,500,all,2000,EDGE.stk.sc.G10,0.01,0.9245,0.00590761161553466,0.9145,0.014,0,0.9245,""
6,glow_nonlin_n500,alternative,glow_null_n500,500,all,2000,EDGE.stk.sc.G10,0.05,0.977,0.00335193973692846,0.9755,0.0525,0,0.977,""
6,glow_nonlin_n500,alternative,glow_null_n500,500,all,2000,EDGE.stk.sc.G10,0.1,0.9885,0.00238408787589719,0.9885,0.103,0,0.9885,""
6,glow_nonlin_n500,alternative,glow_null_n500,500,all,2000,EDGE.sym.u.G10,0.01,0.973,0.00362429303451032,0.9705,0.012,0,0.973,""
6,glow_nonlin_n500,alternative,glow_null_n500,500,all,2000,EDGE.sym.u.G10,0.05,0.994,0.0017268468374468,0.994,0.0535,0,0.994,""
6,glow_nonlin_n500,alternative,glow_null_n500,500,all,2000,EDGE.sym.u.G10,0.1,0.9965,0.00132055859392909,0.996,0.1095,0,0.9965,""
6,glow_nonlin_n500,alternative,glow_null_n500,500,all,2000,EDGE.sym.sc.G10,0.01,0.961,0.00432891441356837,0.951,0.0135,0,0.961,""
6,glow_nonlin_n500,alternative,glow_null_n500,500,all,2000,EDGE.sym.sc.G10,0.05,0.989,0.00233227356885937,0.989,0.0535,0,0.989,""
6,glow_nonlin_n500,alternative,glow_null_n500,500,all,2000,EDGE.sym.sc.G10,0.1,0.993,0.00186426929385215,0.9925,0.1115,0,0.993,""
6,glow_nonlin_n500,alternative,glow_null_n500,500,all,2000,EDGE.poly3.u.Grule,0.01,0.945,0.00509779364038993,0.929,0.013,0,0.945,""
6,glow_nonlin_n500,alternative,glow_null_n500,500,all,2000,EDGE.poly3.u.Grule,0.05,0.986,0.00262716577322407,0.9825,0.0575,0,0.986,""
6,glow_nonlin_n500,alternative,glow_null_n500,500,all,2000,EDGE.poly3.u.Grule,0.1,0.9915,0.00205277251540447,0.991,0.112,0,0.9915,""
6,glow_nonlin_n500,alternative,glow_null_n500,500,all,2000,EDGE.poly3.sc.Grule,0.01,0.8885,0.00703803061942757,0.876,0.0135,0,0.8885,""
6,glow_nonlin_n500,alternative,glow_null_n500,500,all,2000,EDGE.poly3.sc.Grule,0.05,0.955,0.00463546114210874,0.946,0.0625,0,0.955,""
6,glow_nonlin_n500,alternative,glow_null_n500,500,all,2000,EDGE.poly3.sc.Grule,0.1,0.9755,0.00345685912353975,0.9725,0.1125,0,0.9755,""
6,glow_nonlin_n500,alternative,glow_null_n500,500,all,2000,EDGE.poly2.u.Grule,0.01,0.943,0.00518415856238985,0.939,0.0105,0,0.943,""
6,glow_nonlin_n500,alternative,glow_null_n500,500,all,2000,EDGE.poly2.u.Grule,0.05,0.982,0.002972877394041,0.98,0.0545,0,0.982,""
6,glow_nonlin_n500,alternative,glow_null_n500,500,all,2000,EDGE.poly2.u.Grule,0.1,0.9915,0.00205277251540447,0.9905,0.113,0,0.9915,""
6,glow_nonlin_n500,alternative,glow_null_n500,500,all,2000,EDGE.poly2.sc.Grule,0.01,0.877,0.00734407924793844,0.841,0.017,0,0.877,""
6,glow_nonlin_n500,alternative,glow_null_n500,500,all,2000,EDGE.poly2.sc.Grule,0.05,0.957,0.00453602248671675,0.949,0.0595,0,0.957,""
6,glow_nonlin_n500,alternative,glow_null_n500,500,all,2000,EDGE.poly2.sc.Grule,0.1,0.9765,0.0033873108803297,0.974,0.113,0,0.9765,""
6,glow_nonlin_n500,alternative,glow_null_n500,500,all,2000,EDGE.stk.u.Grule,0.01,0.9805,0.00309190475273738,0.971,0.013,0,0.9805,""
6,glow_nonlin_n500,alternative,glow_null_n500,500,all,2000,EDGE.stk.u.Grule,0.05,0.9935,0.00179690706493129,0.993,0.058,0,0.9935,""
6,glow_nonlin_n500,alternative,glow_null_n500,500,all,2000,EDGE.stk.u.Grule,0.1,0.996,0.00141138230115019,0.9955,0.1095,0,0.996,""
6,glow_nonlin_n500,alternative,glow_null_n500,500,all,2000,EDGE.stk.sc.Grule,0.01,0.921,0.00603154209137265,0.918,0.013,0,0.921,""
6,glow_nonlin_n500,alternative,glow_null_n500,500,all,2000,EDGE.stk.sc.Grule,0.05,0.975,0.00349106001094224,0.9705,0.064,0,0.975,""
6,glow_nonlin_n500,alternative,glow_null_n500,500,all,2000,EDGE.stk.sc.Grule,0.1,0.9875,0.00248432586429397,0.985,0.114,0,0.9875,""
6,glow_nonlin_n500,alternative,glow_null_n500,500,all,2000,EDGE.sym.u.Grule,0.01,0.9805,0.00309190475273738,0.9755,0.0125,0,0.9805,""
6,glow_nonlin_n500,alternative,glow_null_n500,500,all,2000,EDGE.sym.u.Grule,0.05,0.994,0.0017268468374468,0.9925,0.0575,0,0.994,""
6,glow_nonlin_n500,alternative,glow_null_n500,500,all,2000,EDGE.sym.u.Grule,0.1,0.997,0.00122290637417588,0.997,0.1125,0,0.997,""
6,glow_nonlin_n500,alternative,glow_null_n500,500,all,2000,EDGE.sym.sc.Grule,0.01,0.9715,0.0037207358143249,0.9605,0.014,0,0.9715,""
6,glow_nonlin_n500,alternative,glow_null_n500,500,all,2000,EDGE.sym.sc.Grule,0.05,0.9905,0.00216907238237915,0.9895,0.057,0,0.9905,""
6,glow_nonlin_n500,alternative,glow_null_n500,500,all,2000,EDGE.sym.sc.Grule,0.1,0.9945,0.00165374574829385,0.9935,0.114,0,0.9945,""
6,glow_nonlin_n500,alternative,glow_null_n500,500,all,2000,HL.G10,0.01,0.836,0.0082796135175502,0.835,0.0105,0,0.836,""
6,glow_nonlin_n500,alternative,glow_null_n500,500,all,2000,HL.G10,0.05,0.9355,0.00549271107923947,0.9465,0.045,0,0.9355,""
6,glow_nonlin_n500,alternative,glow_null_n500,500,all,2000,HL.G10,0.1,0.964,0.00416557318985035,0.9685,0.0905,0,0.964,""
6,glow_nonlin_n500,alternative,glow_null_n500,500,all,2000,HL.Grule,0.01,0.741,0.00979589199613797,0.7505,0.009,0,0.741,""
6,glow_nonlin_n500,alternative,glow_null_n500,500,all,2000,HL.Grule,0.05,0.876,0.00736966756373719,0.881,0.046,0,0.876,""
6,glow_nonlin_n500,alternative,glow_null_n500,500,all,2000,HL.Grule,0.1,0.931,0.00566740681440816,0.9355,0.0945,0,0.931,""
6,glow_nonlin_n500,alternative,glow_null_n500,500,all,2000,HLF.G10,0.01,0.81,0.00877211491032807,0.8155,0.0095,0,0.81,""
6,glow_nonlin_n500,alternative,glow_null_n500,500,all,2000,HLF.G10,0.05,0.924,0.00592553795026241,0.9325,0.044,0,0.924,""
6,glow_nonlin_n500,alternative,glow_null_n500,500,all,2000,HLF.G10,0.1,0.957,0.00453602248671675,0.9615,0.089,0,0.957,""
6,glow_nonlin_n500,alternative,glow_null_n500,500,all,2000,HLF.Grule,0.01,0.6935,0.0103091646121303,0.7075,0.009,0,0.6935,""
6,glow_nonlin_n500,alternative,glow_null_n500,500,all,2000,HLF.Grule,0.05,0.84,0.00819756061276768,0.85,0.0455,0,0.84,""
6,glow_nonlin_n500,alternative,glow_null_n500,500,all,2000,HLF.Grule,0.1,0.904,0.00658726043207645,0.9105,0.096,0,0.904,""
6,glow_nonlin_n500,alternative,glow_null_n500,500,all,2000,Stk.joint,0.01,0.9495,0.00489641450451246,0.939,0.015,0,0.9495,""
6,glow_nonlin_n500,alternative,glow_null_n500,500,all,2000,Stk.joint,0.05,0.984,0.00280570846668003,0.981,0.0535,0,0.984,""
6,glow_nonlin_n500,alternative,glow_null_n500,500,all,2000,Stk.joint,0.1,0.993,0.00186426929385215,0.993,0.1065,0,0.993,""
6,glow_nonlin_n500,alternative,glow_null_n500,500,all,2000,Stk.LR,0.01,0.9515,0.00480352734977121,0.918,0.0185,0,0.9515,""
6,glow_nonlin_n500,alternative,glow_null_n500,500,all,2000,Stk.LR,0.05,0.983,0.00289058817544112,0.98,0.076,0,0.983,""
6,glow_nonlin_n500,alternative,glow_null_n500,500,all,2000,Stk.LR,0.1,0.9935,0.00179690706493129,0.99,0.1325,0,0.9935,""
6,glow_nonlin_n500,alternative,glow_null_n500,500,all,2000,Stk.sym1,0.01,0.9725,0.00365675744341896,0.9715,0.012,0,0.9725,""
6,glow_nonlin_n500,alternative,glow_null_n500,500,all,2000,Stk.sym1,0.05,0.9925,0.00192921616207204,0.9915,0.056,0,0.9925,""
6,glow_nonlin_n500,alternative,glow_null_n500,500,all,2000,Stk.sym1,0.1,0.9955,0.00149662119455792,0.9955,0.1165,0,0.9955,""
6,glow_nonlin_n500,alternative,glow_null_n500,500,all,2000,Stk.marg,0.01,0.9645,0.00413761706783023,0.9315,0.024,0,0.9645,""
6,glow_nonlin_n500,alternative,glow_null_n500,500,all,2000,Stk.marg,0.05,0.9895,0.00227922684259377,0.986,0.065,0,0.9895,""
6,glow_nonlin_n500,alternative,glow_null_n500,500,all,2000,Stk.marg,0.1,0.995,0.00157718102955875,0.994,0.1165,0,0.995,""
6,glow_nonlin_n500,alternative,glow_null_n500,500,all,2000,GiViTI,0.01,0.962,0.00427527776875375,0.9585,0.011,0,0.962,""
6,glow_nonlin_n500,alternative,glow_null_n500,500,all,2000,GiViTI,0.05,0.9875,0.00248432586429397,0.987,0.05,0,0.9875,""
6,glow_nonlin_n500,alternative,glow_null_n500,500,all,2000,GiViTI,0.1,0.9955,0.00149662119455792,0.9955,0.1035,0,0.9955,""
6,glow_nonlin_n500,alternative,glow_null_n500,500,all,2000,GiViTI.t50,0.01,0.95,0.00487339717240448,0.933,0.0135,0,0.95,""
6,glow_nonlin_n500,alternative,glow_null_n500,500,all,2000,GiViTI.t50,0.05,0.981,0.00305278561317365,0.981,0.0495,0,0.981,""
6,glow_nonlin_n500,alternative,glow_null_n500,500,all,2000,GiViTI.t50,0.1,0.99,0.0022248595461287,0.99,0.1055,0,0.99,""
6,glow_nonlin_n500,alternative,glow_null_n500,500,all,2000,Cubic.LR,0.01,0.9535,0.00470838348055891,0.946,0.011,0,0.9535,""
6,glow_nonlin_n500,alternative,glow_null_n500,500,all,2000,Cubic.LR,0.05,0.9865,0.00258047960658479,0.9865,0.0495,0,0.9865,""
6,glow_nonlin_n500,alternative,glow_null_n500,500,all,2000,Cubic.LR,0.1,0.9915,0.00205277251540447,0.993,0.0905,0,0.9915,""
6,glow_nonlin_n500,alternative,glow_null_n500,500,all,2000,HL_w,0.01,0.74,0.00980815986819138,0.753,0.009,0,0.74,""
6,glow_nonlin_n500,alternative,glow_null_n500,500,all,2000,HL_w,0.05,0.876,0.00736966756373719,0.8975,0.043,0,0.876,""
6,glow_nonlin_n500,alternative,glow_null_n500,500,all,2000,HL_w,0.1,0.9275,0.00579843728947723,0.9395,0.082,0,0.9275,""
6,glow_nonlin_n500,alternative,glow_null_n500,500,all,2000,PH,0.01,0.7935,0.0090514570650255,0.8385,0.006,0,0.7935,""
6,glow_nonlin_n500,alternative,glow_null_n500,500,all,2000,PH,0.05,0.911,0.00636706368744651,0.9455,0.027,0,0.911,""
6,glow_nonlin_n500,alternative,glow_null_n500,500,all,2000,PH,0.1,0.9515,0.00480352734977121,0.968,0.057,0,0.9515,""
6,glow_nonlin_n500,alternative,glow_null_n500,500,all,2000,Tsiatis,0.01,0.28,0.0100399203184089,0.2515,0.0135,0,0.28,""
6,glow_nonlin_n500,alternative,glow_null_n500,500,all,2000,Tsiatis,0.05,0.5425,0.0111398776923268,0.532,0.052,0,0.5425,""
6,glow_nonlin_n500,alternative,glow_null_n500,500,all,2000,Tsiatis,0.1,0.6875,0.0103644524698606,0.6755,0.104,0,0.6875,""
6,glow_nonlin_n500,alternative,glow_null_n500,500,all,2000,Xie,0.01,0.3395,0.0105886672910239,0.3905,0.0075,0,0.3395,""
6,glow_nonlin_n500,alternative,glow_null_n500,500,all,2000,Xie,0.05,0.617,0.0108699356023851,0.636,0.0425,0,0.617,""
6,glow_nonlin_n500,alternative,glow_null_n500,500,all,2000,Xie,0.1,0.754,0.0096302647938673,0.7725,0.0915,0,0.754,""
6,glow_nonlin_n500,alternative,glow_null_n500,500,all,2000,PR,0.01,0.3305,0.0105183114139105,0.301,0.0115,0,0.3305,""
6,glow_nonlin_n500,alternative,glow_null_n500,500,all,2000,PR,0.05,0.6015,0.0109475510960214,0.5805,0.0565,0,0.6015,""
6,glow_nonlin_n500,alternative,glow_null_n500,500,all,2000,PR,0.1,0.747,0.00972087958983136,0.7095,0.1145,0,0.747,""
6,glow_int_n500,alternative,glow_null_n500,500,all,2000,flag.evlt.G10,,0,,,,0,,flag rate: share of replicates with the flag = 1
6,glow_int_n500,alternative,glow_null_n500,500,all,2000,flag.evlt.Grule,,0,,,,0,,flag rate: share of replicates with the flag = 1
6,glow_int_n500,alternative,glow_null_n500,500,all,2000,flag.stk_half0,,0,,,,0,,flag rate: share of replicates with the flag = 1
6,glow_int_n500,alternative,glow_null_n500,500,all,2000,flag.stk_diag,,0.1205,,,,0,,flag rate: share of replicates with the flag = 1
6,glow_int_n500,alternative,glow_null_n500,500,all,2000,flag.rivals_run,,1,,,,0,,flag rate: share of replicates with the flag = 1
6,glow_int_n500,alternative,glow_null_n500,500,all,2000,flag.degenerate,,0,,,,0,,flag rate: share of replicates with the flag = 1
6,glow_int_n500,alternative,glow_null_n500,500,all,2000,flag.info_guard,,0,,,,0,,flag rate: share of replicates with the flag = 1
6,glow_int_n500,alternative,glow_null_n500,500,all,2000,flag.rep_error,,0,,,,0,,flag rate: share of replicates with the flag = 1
6,glow_int_n500,alternative,glow_null_n500,500,all,2000,EDGE.poly3.u.G10,0.01,0.8615,0.00772391578151911,0.8225,0.014,0,0.8615,""
6,glow_int_n500,alternative,glow_null_n500,500,all,2000,EDGE.poly3.u.G10,0.05,0.9585,0.00445969449626317,0.9585,0.049,0,0.9585,""
6,glow_int_n500,alternative,glow_null_n500,500,all,2000,EDGE.poly3.u.G10,0.1,0.978,0.00327993902382346,0.978,0.102,0,0.978,""
6,glow_int_n500,alternative,glow_null_n500,500,all,2000,EDGE.poly3.sc.G10,0.01,0.832,0.00835990430567241,0.7965,0.0135,0,0.832,""
6,glow_int_n500,alternative,glow_null_n500,500,all,2000,EDGE.poly3.sc.G10,0.05,0.9415,0.0052477495176504,0.9305,0.058,0,0.9415,""
6,glow_int_n500,alternative,glow_null_n500,500,all,2000,EDGE.poly3.sc.G10,0.1,0.9715,0.0037207358143249,0.97,0.106,0,0.9715,""
6,glow_int_n500,alternative,glow_null_n500,500,all,2000,EDGE.poly2.u.G10,0.01,0.9165,0.00618578006398546,0.9145,0.011,0,0.9165,""
6,glow_int_n500,alternative,glow_null_n500,500,all,2000,EDGE.poly2.u.G10,0.05,0.9825,0.00293204280323463,0.983,0.0485,0,0.9825,""
6,glow_int_n500,alternative,glow_null_n500,500,all,2000,EDGE.poly2.u.G10,0.1,0.989,0.00233227356885937,0.9885,0.107,0,0.989,""
6,glow_int_n500,alternative,glow_null_n500,500,all,2000,EDGE.poly2.sc.G10,0.01,0.8685,0.00755671059390261,0.85,0.012,0,0.8685,""
6,glow_int_n500,alternative,glow_null_n500,500,all,2000,EDGE.poly2.sc.G10,0.05,0.964,0.00416557318985035,0.957,0.0555,0,0.964,""
6,glow_int_n500,alternative,glow_null_n500,500,all,2000,EDGE.poly2.sc.G10,0.1,0.982,0.002972877394041,0.981,0.1025,0,0.982,""
6,glow_int_n500,alternative,glow_null_n500,500,all,2000,EDGE.stk.u.G10,0.01,0.827,0.00845786616115436,0.8185,0.011,0,0.827,""
6,glow_int_n500,alternative,glow_null_n500,500,all,2000,EDGE.stk.u.G10,0.05,0.939,0.00535158854920668,0.941,0.048,0,0.939,""
6,glow_int_n500,alternative,glow_null_n500,500,all,2000,EDGE.stk.u.G10,0.1,0.9695,0.00384511053157123,0.9675,0.1045,0,0.9695,""
6,glow_int_n500,alternative,glow_null_n500,500,all,2000,EDGE.stk.sc.G10,0.01,0.8105,0.00876326851123484,0.7845,0.014,0,0.8105,""
6,glow_int_n500,alternative,glow_null_n500,500,all,2000,EDGE.stk.sc.G10,0.05,0.931,0.00566740681440816,0.9255,0.0525,0,0.931,""
6,glow_int_n500,alternative,glow_null_n500,500,all,2000,EDGE.stk.sc.G10,0.1,0.964,0.00416557318985035,0.9635,0.103,0,0.964,""
6,glow_int_n500,alternative,glow_null_n500,500,all,2000,EDGE.sym.u.G10,0.01,0.705,0.0101974261458468,0.684,0.012,0,0.705,""
6,glow_int_n500,alternative,glow_null_n500,500,all,2000,EDGE.sym.u.G10,0.05,0.861,0.00773559952427735,0.8545,0.0535,0,0.861,""
6,glow_int_n500,alternative,glow_null_n500,500,all,2000,EDGE.sym.u.G10,0.1,0.9165,0.00618578006398546,0.905,0.1095,0,0.9165,""
6,glow_int_n500,alternative,glow_null_n500,500,all,2000,EDGE.sym.sc.G10,0.01,0.762,0.00952249967182987,0.733,0.0135,0,0.762,""
6,glow_int_n500,alternative,glow_null_n500,500,all,2000,EDGE.sym.sc.G10,0.05,0.8885,0.00703803061942757,0.885,0.0535,0,0.8885,""
6,glow_int_n500,alternative,glow_null_n500,500,all,2000,EDGE.sym.sc.G10,0.1,0.944,0.00514120608417908,0.9395,0.1115,0,0.944,""
6,glow_int_n500,alternative,glow_null_n500,500,all,2000,EDGE.poly3.u.Grule,0.01,0.8565,0.00783925219647895,0.832,0.013,0,0.8565,""
6,glow_int_n500,alternative,glow_null_n500,500,all,2000,EDGE.poly3.u.Grule,0.05,0.958,0.00448530935387962,0.952,0.0575,0,0.958,""
6,glow_int_n500,alternative,glow_null_n500,500,all,2000,EDGE.poly3.u.Grule,0.1,0.9805,0.00309190475273738,0.976,0.112,0,0.9805,""
6,glow_int_n500,alternative,glow_null_n500,500,all,2000,EDGE.poly3.sc.Grule,0.01,0.8325,0.00834996257476643,0.8135,0.0135,0,0.8325,""
6,glow_int_n500,alternative,glow_null_n500,500,all,2000,EDGE.poly3.sc.Grule,0.05,0.9505,0.0048502448391808,0.9335,0.0625,0,0.9505,""
6,glow_int_n500,alternative,glow_null_n500,500,all,2000,EDGE.poly3.sc.Grule,0.1,0.975,0.00349106001094224,0.9695,0.1125,0,0.975,""
6,glow_int_n500,alternative,glow_null_n500,500,all,2000,EDGE.poly2.u.Grule,0.01,0.929,0.00574277807337181,0.925,0.0105,0,0.929,""
6,glow_int_n500,alternative,glow_null_n500,500,all,2000,EDGE.poly2.u.Grule,0.05,0.9795,0.00316857617866448,0.978,0.0545,0,0.9795,""
6,glow_int_n500,alternative,glow_null_n500,500,all,2000,EDGE.poly2.u.Grule,0.1,0.9905,0.00216907238237915,0.989,0.113,0,0.9905,""
6,glow_int_n500,alternative,glow_null_n500,500,all,2000,EDGE.poly2.sc.Grule,0.01,0.8725,0.00745800744166966,0.8245,0.017,0,0.8725,""
6,glow_int_n500,alternative,glow_null_n500,500,all,2000,EDGE.poly2.sc.Grule,0.05,0.9645,0.00413761706783023,0.956,0.0595,0,0.9645,""
6,glow_int_n500,alternative,glow_null_n500,500,all,2000,EDGE.poly2.sc.Grule,0.1,0.9815,0.00301311715670002,0.978,0.113,0,0.9815,""
6,glow_int_n500,alternative,glow_null_n500,500,all,2000,EDGE.stk.u.Grule,0.01,0.808,0.00880726972449465,0.7595,0.013,0,0.808,""
6,glow_int_n500,alternative,glow_null_n500,500,all,2000,EDGE.stk.u.Grule,0.05,0.9295,0.00572406105837455,0.921,0.058,0,0.9295,""
6,glow_int_n500,alternative,glow_null_n500,500,all,2000,EDGE.stk.u.Grule,0.1,0.967,0.00399443362693637,0.966,0.1095,0,0.967,""
6,glow_int_n500,alternative,glow_null_n500,500,all,2000,EDGE.stk.sc.Grule,0.01,0.7745,0.00934477795348825,0.7615,0.013,0,0.7745,""
6,glow_int_n500,alternative,glow_null_n500,500,all,2000,EDGE.stk.sc.Grule,0.05,0.923,0.00596116599332714,0.9075,0.064,0,0.923,""
6,glow_int_n500,alternative,glow_null_n500,500,all,2000,EDGE.stk.sc.Grule,0.1,0.9625,0.00424816136699161,0.953,0.114,0,0.9625,""
6,glow_int_n500,alternative,glow_null_n500,500,all,2000,EDGE.sym.u.Grule,0.01,0.6965,0.0102807526475448,0.659,0.0125,0,0.6965,""
6,glow_int_n500,alternative,glow_null_n500,500,all,2000,EDGE.sym.u.Grule,0.05,0.856,0.00785060507222214,0.8405,0.0575,0,0.856,""
6,glow_int_n500,alternative,glow_null_n500,500,all,2000,EDGE.sym.u.Grule,0.1,0.919,0.00610077863882964,0.91,0.1125,0,0.919,""
6,glow_int_n500,alternative,glow_null_n500,500,all,2000,EDGE.sym.sc.Grule,0.01,0.765,0.00948090185583629,0.726,0.014,0,0.765,""
6,glow_int_n500,alternative,glow_null_n500,500,all,2000,EDGE.sym.sc.Grule,0.05,0.9045,0.00657190041007927,0.8995,0.057,0,0.9045,""
6,glow_int_n500,alternative,glow_null_n500,500,all,2000,EDGE.sym.sc.Grule,0.1,0.942,0.00522666241496426,0.936,0.114,0,0.942,""
6,glow_int_n500,alternative,glow_null_n500,500,all,2000,HL.G10,0.01,0.644,0.0107066334578148,0.642,0.0105,0,0.644,""
6,glow_int_n500,alternative,glow_null_n500,500,all,2000,HL.G10,0.05,0.831,0.00837970763213133,0.848,0.045,0,0.831,""
6,glow_int_n500,alternative,glow_null_n500,500,all,2000,HL.G10,0.1,0.895,0.00685474288358068,0.9095,0.0905,0,0.895,""
6,glow_int_n500,alternative,glow_null_n500,500,all,2000,HL.Grule,0.01,0.5005,0.0111803342973276,0.518,0.009,0,0.5005,""
6,glow_int_n500,alternative,glow_null_n500,500,all,2000,HL.Grule,0.05,0.736,0.00985657141200732,0.7455,0.046,0,0.736,""
6,glow_int_n500,alternative,glow_null_n500,500,all,2000,HL.Grule,0.1,0.83,0.00839940474081348,0.839,0.0945,0,0.83,""
6,glow_int_n500,alternative,glow_null_n500,500,all,2000,HLF.G10,0.01,0.6135,0.0108884744110458,0.624,0.0095,0,0.6135,""
6,glow_int_n500,alternative,glow_null_n500,500,all,2000,HLF.G10,0.05,0.805,0.00885931712944062,0.825,0.044,0,0.805,""
6,glow_int_n500,alternative,glow_null_n500,500,all,2000,HLF.G10,0.1,0.8775,0.0073312260229787,0.8925,0.089,0,0.8775,""
6,glow_int_n500,alternative,glow_null_n500,500,all,2000,HLF.Grule,0.01,0.4475,0.0111185374487835,0.471,0.009,0,0.4475,""
6,glow_int_n500,alternative,glow_null_n500,500,all,2000,HLF.Grule,0.05,0.698,0.0102663528090554,0.707,0.0455,0,0.698,""
6,glow_int_n500,alternative,glow_null_n500,500,all,2000,HLF.Grule,0.1,0.7905,0.00909971840223641,0.803,0.096,0,0.7905,""
6,glow_int_n500,alternative,glow_null_n500,500,all,2000,Stk.joint,0.01,0.8335,0.00832999849939962,0.805,0.015,0,0.8335,""
6,glow_int_n500,alternative,glow_null_n500,500,all,2000,Stk.joint,0.05,0.9515,0.00480352734977121,0.9445,0.0535,0,0.9515,""
6,glow_int_n500,alternative,glow_null_n500,500,all,2000,Stk.joint,0.1,0.9755,0.00345685912353975,0.974,0.1065,0,0.9755,""
6,glow_int_n500,alternative,glow_null_n500,500,all,2000,Stk.LR,0.01,0.8825,0.00720047741472745,0.8245,0.0185,0,0.8825,""
6,glow_int_n500,alternative,glow_null_n500,500,all,2000,Stk.LR,0.05,0.9625,0.00424816136699161,0.948,0.076,0,0.9625,""
6,glow_int_n500,alternative,glow_null_n500,500,all,2000,Stk.LR,0.1,0.981,0.00305278561317365,0.971,0.1325,0,0.981,""
6,glow_int_n500,alternative,glow_null_n500,500,all,2000,Stk.sym1,0.01,0.775,0.00933742469849155,0.7555,0.012,0,0.775,""
6,glow_int_n500,alternative,glow_null_n500,500,all,2000,Stk.sym1,0.05,0.904,0.00658726043207645,0.8975,0.056,0,0.904,""
6,glow_int_n500,alternative,glow_null_n500,500,all,2000,Stk.sym1,0.1,0.948,0.00496467521596328,0.938,0.1165,0,0.948,""
6,glow_int_n500,alternative,glow_null_n500,500,all,2000,Stk.marg,0.01,0.945,0.00509779364038993,0.874,0.024,0,0.945,""
6,glow_int_n500,alternative,glow_null_n500,500,all,2000,Stk.marg,0.05,0.9815,0.00301311715670002,0.9735,0.065,0,0.9815,""
6,glow_int_n500,alternative,glow_null_n500,500,all,2000,Stk.marg,0.1,0.988,0.00243474844696531,0.9875,0.1165,0,0.988,""
6,glow_int_n500,alternative,glow_null_n500,500,all,2000,GiViTI,0.01,0.9075,0.00647857044416436,0.9015,0.011,0,0.9075,""
6,glow_int_n500,alternative,glow_null_n500,500,all,2000,GiViTI,0.05,0.974,0.00355837041354607,0.974,0.05,0,0.974,""
6,glow_int_n500,alternative,glow_null_n500,500,all,2000,GiViTI,0.1,0.9875,0.00248432586429397,0.9875,0.1035,0,0.9875,""
6,glow_int_n500,alternative,glow_null_n500,500,all,2000,GiViTI.t50,0.01,0.882,0.00721373689567342,0.843,0.0135,0,0.882,""
6,glow_int_n500,alternative,glow_null_n500,500,all,2000,GiViTI.t50,0.05,0.9605,0.00435544199823623,0.9605,0.0495,0,0.9605,""
6,glow_int_n500,alternative,glow_null_n500,500,all,2000,GiViTI.t50,0.1,0.9865,0.00258047960658479,0.986,0.1055,0,0.9865,""
6,glow_int_n500,alternative,glow_null_n500,500,all,2000,Cubic.LR,0.01,0.8885,0.00703803061942757,0.872,0.011,0,0.8885,""
6,glow_int_n500,alternative,glow_null_n500,500,all,2000,Cubic.LR,0.05,0.9655,0.00408103847078167,0.9655,0.0495,0,0.9655,""
6,glow_int_n500,alternative,glow_null_n500,500,all,2000,Cubic.LR,0.1,0.98,0.00313049516849971,0.984,0.0905,0,0.98,""
6,glow_int_n500,alternative,glow_null_n500,500,all,2000,HL_w,0.01,0.576,0.0110504298558925,0.5895,0.009,0,0.576,""
6,glow_int_n500,alternative,glow_null_n500,500,all,2000,HL_w,0.05,0.8025,0.00890207138816579,0.831,0.043,0,0.8025,""
6,glow_int_n500,alternative,glow_null_n500,500,all,2000,HL_w,0.1,0.877,0.00734407924793844,0.8935,0.082,0,0.877,""
6,glow_int_n500,alternative,glow_null_n500,500,all,2000,PH,0.01,0.5805,0.0110344857152474,0.652,0.006,0,0.5805,""
6,glow_int_n500,alternative,glow_null_n500,500,all,2000,PH,0.05,0.7815,0.00924006899324892,0.8495,0.027,0,0.7815,""
6,glow_int_n500,alternative,glow_null_n500,500,all,2000,PH,0.1,0.8615,0.00772391578151911,0.9105,0.057,0,0.8615,""
6,glow_int_n500,alternative,glow_null_n500,500,all,2000,Tsiatis,0.01,0.0105,0.00227922684259378,0.0075,0.0135,0,0.0105,""
6,glow_int_n500,alternative,glow_null_n500,500,all,2000,Tsiatis,0.05,0.057,0.00518415856238985,0.0545,0.052,0,0.057,""
6,glow_int_n500,alternative,glow_null_n500,500,all,2000,Tsiatis,0.1,0.111,0.00702420814042409,0.101,0.104,0,0.111,""
6,glow_int_n500,alternative,glow_null_n500,500,all,2000,Xie,0.01,0.0085,0.00205277251540447,0.011,0.0075,0,0.0085,""
6,glow_int_n500,alternative,glow_null_n500,500,all,2000,Xie,0.05,0.041,0.00443390347211123,0.046,0.0425,0,0.041,""
6,glow_int_n500,alternative,glow_null_n500,500,all,2000,Xie,0.1,0.093,0.00649426670225361,0.102,0.0915,0,0.093,""
6,glow_int_n500,alternative,glow_null_n500,500,all,2000,PR,0.01,0.876,0.00736966756373719,0.855,0.0115,0,0.876,""
6,glow_int_n500,alternative,glow_null_n500,500,all,2000,PR,0.05,0.962,0.00427527776875375,0.956,0.0565,0,0.962,""
6,glow_int_n500,alternative,glow_null_n500,500,all,2000,PR,0.1,0.9835,0.00284848644019942,0.9795,0.1145,0,0.9835,""
6,real_beetle_logit,real data,,,all,1,flag.evlt.G10,,0,,,,0,,flag rate: share of replicates with the flag = 1
6,real_beetle_logit,real data,,,all,1,flag.evlt.Grule,,0,,,,0,,flag rate: share of replicates with the flag = 1
6,real_beetle_logit,real data,,,all,1,flag.evlt.G8,,0,,,,0,,flag rate: share of replicates with the flag = 1
6,real_beetle_logit,real data,,,all,1,flag.stk_half0,,0,,,,0,,flag rate: share of replicates with the flag = 1
6,real_beetle_logit,real data,,,all,1,flag.stk_diag,,0,,,,0,,flag rate: share of replicates with the flag = 1
6,real_beetle_logit,real data,,,all,1,flag.rivals_run,,1,,,,0,,flag rate: share of replicates with the flag = 1
6,real_beetle_logit,real data,,,all,1,flag.degenerate,,0,,,,0,,flag rate: share of replicates with the flag = 1
6,real_beetle_logit,real data,,,all,1,flag.info_guard,,0,,,,0,,flag rate: share of replicates with the flag = 1
6,real_beetle_logit,real data,,,all,1,flag.rep_error,,0,,,,0,,flag rate: share of replicates with the flag = 1
6,real_beetle_logit,real data,,,all,1,EDGE.poly3.u.G10,0.01,1,0,,,0,1,""
6,real_beetle_logit,real data,,,all,1,EDGE.poly3.u.G10,0.05,1,0,,,0,1,""
6,real_beetle_logit,real data,,,all,1,EDGE.poly3.u.G10,0.1,1,0,,,0,1,""
6,real_beetle_logit,real data,,,all,1,EDGE.poly3.sc.G10,0.01,1,0,,,0,1,""
6,real_beetle_logit,real data,,,all,1,EDGE.poly3.sc.G10,0.05,1,0,,,0,1,""
6,real_beetle_logit,real data,,,all,1,EDGE.poly3.sc.G10,0.1,1,0,,,0,1,""
6,real_beetle_logit,real data,,,all,1,EDGE.poly2.u.G10,0.01,1,0,,,0,1,""
6,real_beetle_logit,real data,,,all,1,EDGE.poly2.u.G10,0.05,1,0,,,0,1,""
6,real_beetle_logit,real data,,,all,1,EDGE.poly2.u.G10,0.1,1,0,,,0,1,""
6,real_beetle_logit,real data,,,all,1,EDGE.poly2.sc.G10,0.01,1,0,,,0,1,""
6,real_beetle_logit,real data,,,all,1,EDGE.poly2.sc.G10,0.05,1,0,,,0,1,""
6,real_beetle_logit,real data,,,all,1,EDGE.poly2.sc.G10,0.1,1,0,,,0,1,""
6,real_beetle_logit,real data,,,all,1,EDGE.stk.u.G10,0.01,1,0,,,0,1,""
6,real_beetle_logit,real data,,,all,1,EDGE.stk.u.G10,0.05,1,0,,,0,1,""
6,real_beetle_logit,real data,,,all,1,EDGE.stk.u.G10,0.1,1,0,,,0,1,""
6,real_beetle_logit,real data,,,all,1,EDGE.stk.sc.G10,0.01,1,0,,,0,1,""
6,real_beetle_logit,real data,,,all,1,EDGE.stk.sc.G10,0.05,1,0,,,0,1,""
6,real_beetle_logit,real data,,,all,1,EDGE.stk.sc.G10,0.1,1,0,,,0,1,""
6,real_beetle_logit,real data,,,all,1,EDGE.sym.u.G10,0.01,0,0,,,0,0,""
6,real_beetle_logit,real data,,,all,1,EDGE.sym.u.G10,0.05,0,0,,,0,0,""
6,real_beetle_logit,real data,,,all,1,EDGE.sym.u.G10,0.1,0,0,,,0,0,""
6,real_beetle_logit,real data,,,all,1,EDGE.sym.sc.G10,0.01,1,0,,,0,1,""
6,real_beetle_logit,real data,,,all,1,EDGE.sym.sc.G10,0.05,1,0,,,0,1,""
6,real_beetle_logit,real data,,,all,1,EDGE.sym.sc.G10,0.1,1,0,,,0,1,""
6,real_beetle_logit,real data,,,all,1,EDGE.poly3.u.Grule,0.01,1,0,,,0,1,""
6,real_beetle_logit,real data,,,all,1,EDGE.poly3.u.Grule,0.05,1,0,,,0,1,""
6,real_beetle_logit,real data,,,all,1,EDGE.poly3.u.Grule,0.1,1,0,,,0,1,""
6,real_beetle_logit,real data,,,all,1,EDGE.poly3.sc.Grule,0.01,1,0,,,0,1,""
6,real_beetle_logit,real data,,,all,1,EDGE.poly3.sc.Grule,0.05,1,0,,,0,1,""
6,real_beetle_logit,real data,,,all,1,EDGE.poly3.sc.Grule,0.1,1,0,,,0,1,""
6,real_beetle_logit,real data,,,all,1,EDGE.poly2.u.Grule,0.01,1,0,,,0,1,""
6,real_beetle_logit,real data,,,all,1,EDGE.poly2.u.Grule,0.05,1,0,,,0,1,""
6,real_beetle_logit,real data,,,all,1,EDGE.poly2.u.Grule,0.1,1,0,,,0,1,""
6,real_beetle_logit,real data,,,all,1,EDGE.poly2.sc.Grule,0.01,1,0,,,0,1,""
6,real_beetle_logit,real data,,,all,1,EDGE.poly2.sc.Grule,0.05,1,0,,,0,1,""
6,real_beetle_logit,real data,,,all,1,EDGE.poly2.sc.Grule,0.1,1,0,,,0,1,""
6,real_beetle_logit,real data,,,all,1,EDGE.stk.u.Grule,0.01,1,0,,,0,1,""
6,real_beetle_logit,real data,,,all,1,EDGE.stk.u.Grule,0.05,1,0,,,0,1,""
6,real_beetle_logit,real data,,,all,1,EDGE.stk.u.Grule,0.1,1,0,,,0,1,""
6,real_beetle_logit,real data,,,all,1,EDGE.stk.sc.Grule,0.01,1,0,,,0,1,""
6,real_beetle_logit,real data,,,all,1,EDGE.stk.sc.Grule,0.05,1,0,,,0,1,""
6,real_beetle_logit,real data,,,all,1,EDGE.stk.sc.Grule,0.1,1,0,,,0,1,""
6,real_beetle_logit,real data,,,all,1,EDGE.sym.u.Grule,0.01,0,0,,,0,0,""
6,real_beetle_logit,real data,,,all,1,EDGE.sym.u.Grule,0.05,0,0,,,0,0,""
6,real_beetle_logit,real data,,,all,1,EDGE.sym.u.Grule,0.1,0,0,,,0,0,""
6,real_beetle_logit,real data,,,all,1,EDGE.sym.sc.Grule,0.01,1,0,,,0,1,""
6,real_beetle_logit,real data,,,all,1,EDGE.sym.sc.Grule,0.05,1,0,,,0,1,""
6,real_beetle_logit,real data,,,all,1,EDGE.sym.sc.Grule,0.1,1,0,,,0,1,""
6,real_beetle_logit,real data,,,all,1,EDGE.poly3.u.G8,0.01,0,0,,,0,0,""
6,real_beetle_logit,real data,,,all,1,EDGE.poly3.u.G8,0.05,1,0,,,0,1,""
6,real_beetle_logit,real data,,,all,1,EDGE.poly3.u.G8,0.1,1,0,,,0,1,""
6,real_beetle_logit,real data,,,all,1,EDGE.poly3.sc.G8,0.01,1,0,,,0,1,""
6,real_beetle_logit,real data,,,all,1,EDGE.poly3.sc.G8,0.05,1,0,,,0,1,""
6,real_beetle_logit,real data,,,all,1,EDGE.poly3.sc.G8,0.1,1,0,,,0,1,""
6,real_beetle_logit,real data,,,all,1,EDGE.poly2.u.G8,0.01,1,0,,,0,1,""
6,real_beetle_logit,real data,,,all,1,EDGE.poly2.u.G8,0.05,1,0,,,0,1,""
6,real_beetle_logit,real data,,,all,1,EDGE.poly2.u.G8,0.1,1,0,,,0,1,""
6,real_beetle_logit,real data,,,all,1,EDGE.poly2.sc.G8,0.01,1,0,,,0,1,""
6,real_beetle_logit,real data,,,all,1,EDGE.poly2.sc.G8,0.05,1,0,,,0,1,""
6,real_beetle_logit,real data,,,all,1,EDGE.poly2.sc.G8,0.1,1,0,,,0,1,""
6,real_beetle_logit,real data,,,all,1,EDGE.stk.u.G8,0.01,0,0,,,0,0,""
6,real_beetle_logit,real data,,,all,1,EDGE.stk.u.G8,0.05,1,0,,,0,1,""
6,real_beetle_logit,real data,,,all,1,EDGE.stk.u.G8,0.1,1,0,,,0,1,""
6,real_beetle_logit,real data,,,all,1,EDGE.stk.sc.G8,0.01,1,0,,,0,1,""
6,real_beetle_logit,real data,,,all,1,EDGE.stk.sc.G8,0.05,1,0,,,0,1,""
6,real_beetle_logit,real data,,,all,1,EDGE.stk.sc.G8,0.1,1,0,,,0,1,""
6,real_beetle_logit,real data,,,all,1,EDGE.sym.u.G8,0.01,0,0,,,0,0,""
6,real_beetle_logit,real data,,,all,1,EDGE.sym.u.G8,0.05,0,0,,,0,0,""
6,real_beetle_logit,real data,,,all,1,EDGE.sym.u.G8,0.1,0,0,,,0,0,""
6,real_beetle_logit,real data,,,all,1,EDGE.sym.sc.G8,0.01,0,0,,,0,0,""
6,real_beetle_logit,real data,,,all,1,EDGE.sym.sc.G8,0.05,0,0,,,0,0,""
6,real_beetle_logit,real data,,,all,1,EDGE.sym.sc.G8,0.1,0,0,,,0,0,""
6,real_beetle_logit,real data,,,all,1,HL.G10,0.01,1,0,,,0,1,""
6,real_beetle_logit,real data,,,all,1,HL.G10,0.05,1,0,,,0,1,""
6,real_beetle_logit,real data,,,all,1,HL.G10,0.1,1,0,,,0,1,""
6,real_beetle_logit,real data,,,all,1,HL.Grule,0.01,1,0,,,0,1,""
6,real_beetle_logit,real data,,,all,1,HL.Grule,0.05,1,0,,,0,1,""
6,real_beetle_logit,real data,,,all,1,HL.Grule,0.1,1,0,,,0,1,""
6,real_beetle_logit,real data,,,all,1,HL.G8,0.01,0,0,,,0,0,""
6,real_beetle_logit,real data,,,all,1,HL.G8,0.05,0,0,,,0,0,""
6,real_beetle_logit,real data,,,all,1,HL.G8,0.1,1,0,,,0,1,""
6,real_beetle_logit,real data,,,all,1,HLF.G10,0.01,1,0,,,0,1,""
6,real_beetle_logit,real data,,,all,1,HLF.G10,0.05,1,0,,,0,1,""
6,real_beetle_logit,real data,,,all,1,HLF.G10,0.1,1,0,,,0,1,""
6,real_beetle_logit,real data,,,all,1,HLF.Grule,0.01,1,0,,,0,1,""
6,real_beetle_logit,real data,,,all,1,HLF.Grule,0.05,1,0,,,0,1,""
6,real_beetle_logit,real data,,,all,1,HLF.Grule,0.1,1,0,,,0,1,""
6,real_beetle_logit,real data,,,all,1,HLF.G8,0.01,0,0,,,0,0,""
6,real_beetle_logit,real data,,,all,1,HLF.G8,0.05,0,0,,,0,0,""
6,real_beetle_logit,real data,,,all,1,HLF.G8,0.1,1,0,,,0,1,""
6,real_beetle_logit,real data,,,all,1,Stk.joint,0.01,0,0,,,0,0,""
6,real_beetle_logit,real data,,,all,1,Stk.joint,0.05,1,0,,,0,1,""
6,real_beetle_logit,real data,,,all,1,Stk.joint,0.1,1,0,,,0,1,""
6,real_beetle_logit,real data,,,all,1,Stk.LR,0.01,0,0,,,0,0,""
6,real_beetle_logit,real data,,,all,1,Stk.LR,0.05,1,0,,,0,1,""
6,real_beetle_logit,real data,,,all,1,Stk.LR,0.1,1,0,,,0,1,""
6,real_beetle_logit,real data,,,all,1,Stk.sym1,0.01,0,0,,,0,0,""
6,real_beetle_logit,real data,,,all,1,Stk.sym1,0.05,0,0,,,0,0,""
6,real_beetle_logit,real data,,,all,1,Stk.sym1,0.1,0,0,,,0,0,""
6,real_beetle_logit,real data,,,all,1,Stk.marg,0.01,1,0,,,0,1,""
6,real_beetle_logit,real data,,,all,1,Stk.marg,0.05,1,0,,,0,1,""
6,real_beetle_logit,real data,,,all,1,Stk.marg,0.1,1,0,,,0,1,""
6,real_beetle_logit,real data,,,all,1,GiViTI,0.01,1,0,,,0,1,""
6,real_beetle_logit,real data,,,all,1,GiViTI,0.05,1,0,,,0,1,""
6,real_beetle_logit,real data,,,all,1,GiViTI,0.1,1,0,,,0,1,""
6,real_beetle_logit,real data,,,all,1,GiViTI.t50,0.01,1,0,,,0,1,""
6,real_beetle_logit,real data,,,all,1,GiViTI.t50,0.05,1,0,,,0,1,""
6,real_beetle_logit,real data,,,all,1,GiViTI.t50,0.1,1,0,,,0,1,""
6,real_beetle_logit,real data,,,all,1,Cubic.LR,0.01,0,0,,,0,0,""
6,real_beetle_logit,real data,,,all,1,Cubic.LR,0.05,1,0,,,0,1,""
6,real_beetle_logit,real data,,,all,1,Cubic.LR,0.1,1,0,,,0,1,""
6,real_beetle_logit,real data,,,all,1,HL_w,0.01,0,0,,,0,0,""
6,real_beetle_logit,real data,,,all,1,HL_w,0.05,0,0,,,0,0,""
6,real_beetle_logit,real data,,,all,1,HL_w,0.1,1,0,,,0,1,""
6,real_beetle_logit,real data,,,all,1,PH,0.01,0,0,,,1,,no p-value in any replicate
6,real_beetle_logit,real data,,,all,1,PH,0.05,0,0,,,1,,no p-value in any replicate
6,real_beetle_logit,real data,,,all,1,PH,0.1,0,0,,,1,,no p-value in any replicate
6,real_beetle_logit,real data,,,all,1,Tsiatis,0.01,0,0,,,1,,no p-value in any replicate
6,real_beetle_logit,real data,,,all,1,Tsiatis,0.05,0,0,,,1,,no p-value in any replicate
6,real_beetle_logit,real data,,,all,1,Tsiatis,0.1,0,0,,,1,,no p-value in any replicate
6,real_beetle_logit,real data,,,all,1,Xie,0.01,0,0,,,1,,no p-value in any replicate
6,real_beetle_logit,real data,,,all,1,Xie,0.05,0,0,,,1,,no p-value in any replicate
6,real_beetle_logit,real data,,,all,1,Xie,0.1,0,0,,,1,,no p-value in any replicate
6,real_beetle_logit,real data,,,all,1,PR,0.01,0,0,,,1,,no p-value in any replicate
6,real_beetle_logit,real data,,,all,1,PR,0.05,0,0,,,1,,no p-value in any replicate
6,real_beetle_logit,real data,,,all,1,PR,0.1,0,0,,,1,,no p-value in any replicate
6,real_beetle_cloglog,real data,,,all,1,flag.evlt.G10,,0,,,,0,,flag rate: share of replicates with the flag = 1
6,real_beetle_cloglog,real data,,,all,1,flag.evlt.Grule,,0,,,,0,,flag rate: share of replicates with the flag = 1
6,real_beetle_cloglog,real data,,,all,1,flag.evlt.G8,,0,,,,0,,flag rate: share of replicates with the flag = 1
6,real_beetle_cloglog,real data,,,all,1,flag.stk_half0,,0,,,,1,,flag rate: share of replicates with the flag = 1
6,real_beetle_cloglog,real data,,,all,1,flag.stk_diag,,0,,,,1,,flag rate: share of replicates with the flag = 1
6,real_beetle_cloglog,real data,,,all,1,flag.rivals_run,,1,,,,0,,flag rate: share of replicates with the flag = 1
6,real_beetle_cloglog,real data,,,all,1,flag.degenerate,,0,,,,0,,flag rate: share of replicates with the flag = 1
6,real_beetle_cloglog,real data,,,all,1,flag.info_guard,,0,,,,0,,flag rate: share of replicates with the flag = 1
6,real_beetle_cloglog,real data,,,all,1,flag.rep_error,,0,,,,0,,flag rate: share of replicates with the flag = 1
6,real_beetle_cloglog,real data,,,all,1,EDGE.poly3.u.G10,0.01,0,0,,,1,,no p-value in any replicate
6,real_beetle_cloglog,real data,,,all,1,EDGE.poly3.u.G10,0.05,0,0,,,1,,no p-value in any replicate
6,real_beetle_cloglog,real data,,,all,1,EDGE.poly3.u.G10,0.1,0,0,,,1,,no p-value in any replicate
6,real_beetle_cloglog,real data,,,all,1,EDGE.poly3.sc.G10,0.01,0,0,,,1,,no p-value in any replicate
6,real_beetle_cloglog,real data,,,all,1,EDGE.poly3.sc.G10,0.05,0,0,,,1,,no p-value in any replicate
6,real_beetle_cloglog,real data,,,all,1,EDGE.poly3.sc.G10,0.1,0,0,,,1,,no p-value in any replicate
6,real_beetle_cloglog,real data,,,all,1,EDGE.poly2.u.G10,0.01,0,0,,,1,,no p-value in any replicate
6,real_beetle_cloglog,real data,,,all,1,EDGE.poly2.u.G10,0.05,0,0,,,1,,no p-value in any replicate
6,real_beetle_cloglog,real data,,,all,1,EDGE.poly2.u.G10,0.1,0,0,,,1,,no p-value in any replicate
6,real_beetle_cloglog,real data,,,all,1,EDGE.poly2.sc.G10,0.01,0,0,,,1,,no p-value in any replicate
6,real_beetle_cloglog,real data,,,all,1,EDGE.poly2.sc.G10,0.05,0,0,,,1,,no p-value in any replicate
6,real_beetle_cloglog,real data,,,all,1,EDGE.poly2.sc.G10,0.1,0,0,,,1,,no p-value in any replicate
6,real_beetle_cloglog,real data,,,all,1,EDGE.stk.u.G10,0.01,0,0,,,1,,no p-value in any replicate
6,real_beetle_cloglog,real data,,,all,1,EDGE.stk.u.G10,0.05,0,0,,,1,,no p-value in any replicate
6,real_beetle_cloglog,real data,,,all,1,EDGE.stk.u.G10,0.1,0,0,,,1,,no p-value in any replicate
6,real_beetle_cloglog,real data,,,all,1,EDGE.stk.sc.G10,0.01,0,0,,,1,,no p-value in any replicate
6,real_beetle_cloglog,real data,,,all,1,EDGE.stk.sc.G10,0.05,0,0,,,1,,no p-value in any replicate
6,real_beetle_cloglog,real data,,,all,1,EDGE.stk.sc.G10,0.1,0,0,,,1,,no p-value in any replicate
6,real_beetle_cloglog,real data,,,all,1,EDGE.sym.u.G10,0.01,0,0,,,1,,no p-value in any replicate
6,real_beetle_cloglog,real data,,,all,1,EDGE.sym.u.G10,0.05,0,0,,,1,,no p-value in any replicate
6,real_beetle_cloglog,real data,,,all,1,EDGE.sym.u.G10,0.1,0,0,,,1,,no p-value in any replicate
6,real_beetle_cloglog,real data,,,all,1,EDGE.sym.sc.G10,0.01,0,0,,,1,,no p-value in any replicate
6,real_beetle_cloglog,real data,,,all,1,EDGE.sym.sc.G10,0.05,0,0,,,1,,no p-value in any replicate
6,real_beetle_cloglog,real data,,,all,1,EDGE.sym.sc.G10,0.1,0,0,,,1,,no p-value in any replicate
6,real_beetle_cloglog,real data,,,all,1,EDGE.poly3.u.Grule,0.01,0,0,,,1,,no p-value in any replicate
6,real_beetle_cloglog,real data,,,all,1,EDGE.poly3.u.Grule,0.05,0,0,,,1,,no p-value in any replicate
6,real_beetle_cloglog,real data,,,all,1,EDGE.poly3.u.Grule,0.1,0,0,,,1,,no p-value in any replicate
6,real_beetle_cloglog,real data,,,all,1,EDGE.poly3.sc.Grule,0.01,0,0,,,1,,no p-value in any replicate
6,real_beetle_cloglog,real data,,,all,1,EDGE.poly3.sc.Grule,0.05,0,0,,,1,,no p-value in any replicate
6,real_beetle_cloglog,real data,,,all,1,EDGE.poly3.sc.Grule,0.1,0,0,,,1,,no p-value in any replicate
6,real_beetle_cloglog,real data,,,all,1,EDGE.poly2.u.Grule,0.01,0,0,,,1,,no p-value in any replicate
6,real_beetle_cloglog,real data,,,all,1,EDGE.poly2.u.Grule,0.05,0,0,,,1,,no p-value in any replicate
6,real_beetle_cloglog,real data,,,all,1,EDGE.poly2.u.Grule,0.1,0,0,,,1,,no p-value in any replicate
6,real_beetle_cloglog,real data,,,all,1,EDGE.poly2.sc.Grule,0.01,0,0,,,1,,no p-value in any replicate
6,real_beetle_cloglog,real data,,,all,1,EDGE.poly2.sc.Grule,0.05,0,0,,,1,,no p-value in any replicate
6,real_beetle_cloglog,real data,,,all,1,EDGE.poly2.sc.Grule,0.1,0,0,,,1,,no p-value in any replicate
6,real_beetle_cloglog,real data,,,all,1,EDGE.stk.u.Grule,0.01,0,0,,,1,,no p-value in any replicate
6,real_beetle_cloglog,real data,,,all,1,EDGE.stk.u.Grule,0.05,0,0,,,1,,no p-value in any replicate
6,real_beetle_cloglog,real data,,,all,1,EDGE.stk.u.Grule,0.1,0,0,,,1,,no p-value in any replicate
6,real_beetle_cloglog,real data,,,all,1,EDGE.stk.sc.Grule,0.01,0,0,,,1,,no p-value in any replicate
6,real_beetle_cloglog,real data,,,all,1,EDGE.stk.sc.Grule,0.05,0,0,,,1,,no p-value in any replicate
6,real_beetle_cloglog,real data,,,all,1,EDGE.stk.sc.Grule,0.1,0,0,,,1,,no p-value in any replicate
6,real_beetle_cloglog,real data,,,all,1,EDGE.sym.u.Grule,0.01,0,0,,,1,,no p-value in any replicate
6,real_beetle_cloglog,real data,,,all,1,EDGE.sym.u.Grule,0.05,0,0,,,1,,no p-value in any replicate
6,real_beetle_cloglog,real data,,,all,1,EDGE.sym.u.Grule,0.1,0,0,,,1,,no p-value in any replicate
6,real_beetle_cloglog,real data,,,all,1,EDGE.sym.sc.Grule,0.01,0,0,,,1,,no p-value in any replicate
6,real_beetle_cloglog,real data,,,all,1,EDGE.sym.sc.Grule,0.05,0,0,,,1,,no p-value in any replicate
6,real_beetle_cloglog,real data,,,all,1,EDGE.sym.sc.Grule,0.1,0,0,,,1,,no p-value in any replicate
6,real_beetle_cloglog,real data,,,all,1,EDGE.poly3.u.G8,0.01,0,0,,,1,,no p-value in any replicate
6,real_beetle_cloglog,real data,,,all,1,EDGE.poly3.u.G8,0.05,0,0,,,1,,no p-value in any replicate
6,real_beetle_cloglog,real data,,,all,1,EDGE.poly3.u.G8,0.1,0,0,,,1,,no p-value in any replicate
6,real_beetle_cloglog,real data,,,all,1,EDGE.poly3.sc.G8,0.01,0,0,,,1,,no p-value in any replicate
6,real_beetle_cloglog,real data,,,all,1,EDGE.poly3.sc.G8,0.05,0,0,,,1,,no p-value in any replicate
6,real_beetle_cloglog,real data,,,all,1,EDGE.poly3.sc.G8,0.1,0,0,,,1,,no p-value in any replicate
6,real_beetle_cloglog,real data,,,all,1,EDGE.poly2.u.G8,0.01,0,0,,,1,,no p-value in any replicate
6,real_beetle_cloglog,real data,,,all,1,EDGE.poly2.u.G8,0.05,0,0,,,1,,no p-value in any replicate
6,real_beetle_cloglog,real data,,,all,1,EDGE.poly2.u.G8,0.1,0,0,,,1,,no p-value in any replicate
6,real_beetle_cloglog,real data,,,all,1,EDGE.poly2.sc.G8,0.01,0,0,,,1,,no p-value in any replicate
6,real_beetle_cloglog,real data,,,all,1,EDGE.poly2.sc.G8,0.05,0,0,,,1,,no p-value in any replicate
6,real_beetle_cloglog,real data,,,all,1,EDGE.poly2.sc.G8,0.1,0,0,,,1,,no p-value in any replicate
6,real_beetle_cloglog,real data,,,all,1,EDGE.stk.u.G8,0.01,0,0,,,1,,no p-value in any replicate
6,real_beetle_cloglog,real data,,,all,1,EDGE.stk.u.G8,0.05,0,0,,,1,,no p-value in any replicate
6,real_beetle_cloglog,real data,,,all,1,EDGE.stk.u.G8,0.1,0,0,,,1,,no p-value in any replicate
6,real_beetle_cloglog,real data,,,all,1,EDGE.stk.sc.G8,0.01,0,0,,,1,,no p-value in any replicate
6,real_beetle_cloglog,real data,,,all,1,EDGE.stk.sc.G8,0.05,0,0,,,1,,no p-value in any replicate
6,real_beetle_cloglog,real data,,,all,1,EDGE.stk.sc.G8,0.1,0,0,,,1,,no p-value in any replicate
6,real_beetle_cloglog,real data,,,all,1,EDGE.sym.u.G8,0.01,0,0,,,1,,no p-value in any replicate
6,real_beetle_cloglog,real data,,,all,1,EDGE.sym.u.G8,0.05,0,0,,,1,,no p-value in any replicate
6,real_beetle_cloglog,real data,,,all,1,EDGE.sym.u.G8,0.1,0,0,,,1,,no p-value in any replicate
6,real_beetle_cloglog,real data,,,all,1,EDGE.sym.sc.G8,0.01,0,0,,,1,,no p-value in any replicate
6,real_beetle_cloglog,real data,,,all,1,EDGE.sym.sc.G8,0.05,0,0,,,1,,no p-value in any replicate
6,real_beetle_cloglog,real data,,,all,1,EDGE.sym.sc.G8,0.1,0,0,,,1,,no p-value in any replicate
6,real_beetle_cloglog,real data,,,all,1,HL.G10,0.01,1,0,,,0,1,""
6,real_beetle_cloglog,real data,,,all,1,HL.G10,0.05,1,0,,,0,1,""
6,real_beetle_cloglog,real data,,,all,1,HL.G10,0.1,1,0,,,0,1,""
6,real_beetle_cloglog,real data,,,all,1,HL.Grule,0.01,1,0,,,0,1,""
6,real_beetle_cloglog,real data,,,all,1,HL.Grule,0.05,1,0,,,0,1,""
6,real_beetle_cloglog,real data,,,all,1,HL.Grule,0.1,1,0,,,0,1,""
6,real_beetle_cloglog,real data,,,all,1,HL.G8,0.01,1,0,,,0,1,""
6,real_beetle_cloglog,real data,,,all,1,HL.G8,0.05,1,0,,,0,1,""
6,real_beetle_cloglog,real data,,,all,1,HL.G8,0.1,1,0,,,0,1,""
6,real_beetle_cloglog,real data,,,all,1,HLF.G10,0.01,1,0,,,0,1,""
6,real_beetle_cloglog,real data,,,all,1,HLF.G10,0.05,1,0,,,0,1,""
6,real_beetle_cloglog,real data,,,all,1,HLF.G10,0.1,1,0,,,0,1,""
6,real_beetle_cloglog,real data,,,all,1,HLF.Grule,0.01,1,0,,,0,1,""
6,real_beetle_cloglog,real data,,,all,1,HLF.Grule,0.05,1,0,,,0,1,""
6,real_beetle_cloglog,real data,,,all,1,HLF.Grule,0.1,1,0,,,0,1,""
6,real_beetle_cloglog,real data,,,all,1,HLF.G8,0.01,0,0,,,0,0,""
6,real_beetle_cloglog,real data,,,all,1,HLF.G8,0.05,0,0,,,0,0,""
6,real_beetle_cloglog,real data,,,all,1,HLF.G8,0.1,0,0,,,0,0,""
6,real_beetle_cloglog,real data,,,all,1,Stk.joint,0.01,0,0,,,1,,no p-value in any replicate
6,real_beetle_cloglog,real data,,,all,1,Stk.joint,0.05,0,0,,,1,,no p-value in any replicate
6,real_beetle_cloglog,real data,,,all,1,Stk.joint,0.1,0,0,,,1,,no p-value in any replicate
6,real_beetle_cloglog,real data,,,all,1,Stk.LR,0.01,0,0,,,1,,no p-value in any replicate
6,real_beetle_cloglog,real data,,,all,1,Stk.LR,0.05,0,0,,,1,,no p-value in any replicate
6,real_beetle_cloglog,real data,,,all,1,Stk.LR,0.1,0,0,,,1,,no p-value in any replicate
6,real_beetle_cloglog,real data,,,all,1,Stk.sym1,0.01,0,0,,,1,,no p-value in any replicate
6,real_beetle_cloglog,real data,,,all,1,Stk.sym1,0.05,0,0,,,1,,no p-value in any replicate
6,real_beetle_cloglog,real data,,,all,1,Stk.sym1,0.1,0,0,,,1,,no p-value in any replicate
6,real_beetle_cloglog,real data,,,all,1,Stk.marg,0.01,0,0,,,1,,no p-value in any replicate
6,real_beetle_cloglog,real data,,,all,1,Stk.marg,0.05,0,0,,,1,,no p-value in any replicate
6,real_beetle_cloglog,real data,,,all,1,Stk.marg,0.1,0,0,,,1,,no p-value in any replicate
6,real_beetle_cloglog,real data,,,all,1,GiViTI,0.01,0,0,,,0,0,""
6,real_beetle_cloglog,real data,,,all,1,GiViTI,0.05,0,0,,,0,0,""
6,real_beetle_cloglog,real data,,,all,1,GiViTI,0.1,0,0,,,0,0,""
6,real_beetle_cloglog,real data,,,all,1,GiViTI.t50,0.01,0,0,,,0,0,""
6,real_beetle_cloglog,real data,,,all,1,GiViTI.t50,0.05,0,0,,,0,0,""
6,real_beetle_cloglog,real data,,,all,1,GiViTI.t50,0.1,0,0,,,0,0,""
6,real_beetle_cloglog,real data,,,all,1,Cubic.LR,0.01,0,0,,,1,,no p-value in any replicate
6,real_beetle_cloglog,real data,,,all,1,Cubic.LR,0.05,0,0,,,1,,no p-value in any replicate
6,real_beetle_cloglog,real data,,,all,1,Cubic.LR,0.1,0,0,,,1,,no p-value in any replicate
6,real_beetle_cloglog,real data,,,all,1,HL_w,0.01,0,0,,,0,0,""
6,real_beetle_cloglog,real data,,,all,1,HL_w,0.05,0,0,,,0,0,""
6,real_beetle_cloglog,real data,,,all,1,HL_w,0.1,0,0,,,0,0,""
6,real_beetle_cloglog,real data,,,all,1,PH,0.01,0,0,,,1,,no p-value in any replicate
6,real_beetle_cloglog,real data,,,all,1,PH,0.05,0,0,,,1,,no p-value in any replicate
6,real_beetle_cloglog,real data,,,all,1,PH,0.1,0,0,,,1,,no p-value in any replicate
6,real_beetle_cloglog,real data,,,all,1,Tsiatis,0.01,0,0,,,1,,no p-value in any replicate
6,real_beetle_cloglog,real data,,,all,1,Tsiatis,0.05,0,0,,,1,,no p-value in any replicate
6,real_beetle_cloglog,real data,,,all,1,Tsiatis,0.1,0,0,,,1,,no p-value in any replicate
6,real_beetle_cloglog,real data,,,all,1,Xie,0.01,0,0,,,1,,no p-value in any replicate
6,real_beetle_cloglog,real data,,,all,1,Xie,0.05,0,0,,,1,,no p-value in any replicate
6,real_beetle_cloglog,real data,,,all,1,Xie,0.1,0,0,,,1,,no p-value in any replicate
6,real_beetle_cloglog,real data,,,all,1,PR,0.01,0,0,,,1,,no p-value in any replicate
6,real_beetle_cloglog,real data,,,all,1,PR,0.05,0,0,,,1,,no p-value in any replicate
6,real_beetle_cloglog,real data,,,all,1,PR,0.1,0,0,,,1,,no p-value in any replicate
6,real_lbw_additive,real data,,,all,1,flag.evlt.G10,,0,,,,0,,flag rate: share of replicates with the flag = 1
6,real_lbw_additive,real data,,,all,1,flag.evlt.Grule,,0,,,,0,,flag rate: share of replicates with the flag = 1
6,real_lbw_additive,real data,,,all,1,flag.stk_half0,,0,,,,0,,flag rate: share of replicates with the flag = 1
6,real_lbw_additive,real data,,,all,1,flag.stk_diag,,0,,,,0,,flag rate: share of replicates with the flag = 1
6,real_lbw_additive,real data,,,all,1,flag.rivals_run,,1,,,,0,,flag rate: share of replicates with the flag = 1
6,real_lbw_additive,real data,,,all,1,flag.degenerate,,0,,,,0,,flag rate: share of replicates with the flag = 1
6,real_lbw_additive,real data,,,all,1,flag.info_guard,,0,,,,0,,flag rate: share of replicates with the flag = 1
6,real_lbw_additive,real data,,,all,1,flag.rep_error,,0,,,,0,,flag rate: share of replicates with the flag = 1
6,real_lbw_additive,real data,,,all,1,EDGE.poly3.u.G10,0.01,0,0,,,0,0,""
6,real_lbw_additive,real data,,,all,1,EDGE.poly3.u.G10,0.05,0,0,,,0,0,""
6,real_lbw_additive,real data,,,all,1,EDGE.poly3.u.G10,0.1,1,0,,,0,1,""
6,real_lbw_additive,real data,,,all,1,EDGE.poly3.sc.G10,0.01,0,0,,,0,0,""
6,real_lbw_additive,real data,,,all,1,EDGE.poly3.sc.G10,0.05,0,0,,,0,0,""
6,real_lbw_additive,real data,,,all,1,EDGE.poly3.sc.G10,0.1,0,0,,,0,0,""
6,real_lbw_additive,real data,,,all,1,EDGE.poly2.u.G10,0.01,0,0,,,0,0,""
6,real_lbw_additive,real data,,,all,1,EDGE.poly2.u.G10,0.05,1,0,,,0,1,""
6,real_lbw_additive,real data,,,all,1,EDGE.poly2.u.G10,0.1,1,0,,,0,1,""
6,real_lbw_additive,real data,,,all,1,EDGE.poly2.sc.G10,0.01,0,0,,,0,0,""
6,real_lbw_additive,real data,,,all,1,EDGE.poly2.sc.G10,0.05,0,0,,,0,0,""
6,real_lbw_additive,real data,,,all,1,EDGE.poly2.sc.G10,0.1,1,0,,,0,1,""
6,real_lbw_additive,real data,,,all,1,EDGE.stk.u.G10,0.01,0,0,,,0,0,""
6,real_lbw_additive,real data,,,all,1,EDGE.stk.u.G10,0.05,1,0,,,0,1,""
6,real_lbw_additive,real data,,,all,1,EDGE.stk.u.G10,0.1,1,0,,,0,1,""
6,real_lbw_additive,real data,,,all,1,EDGE.stk.sc.G10,0.01,0,0,,,0,0,""
6,real_lbw_additive,real data,,,all,1,EDGE.stk.sc.G10,0.05,0,0,,,0,0,""
6,real_lbw_additive,real data,,,all,1,EDGE.stk.sc.G10,0.1,0,0,,,0,0,""
6,real_lbw_additive,real data,,,all,1,EDGE.sym.u.G10,0.01,0,0,,,0,0,""
6,real_lbw_additive,real data,,,all,1,EDGE.sym.u.G10,0.05,0,0,,,0,0,""
6,real_lbw_additive,real data,,,all,1,EDGE.sym.u.G10,0.1,1,0,,,0,1,""
6,real_lbw_additive,real data,,,all,1,EDGE.sym.sc.G10,0.01,0,0,,,0,0,""
6,real_lbw_additive,real data,,,all,1,EDGE.sym.sc.G10,0.05,0,0,,,0,0,""
6,real_lbw_additive,real data,,,all,1,EDGE.sym.sc.G10,0.1,1,0,,,0,1,""
6,real_lbw_additive,real data,,,all,1,EDGE.poly3.u.Grule,0.01,0,0,,,0,0,""
6,real_lbw_additive,real data,,,all,1,EDGE.poly3.u.Grule,0.05,0,0,,,0,0,""
6,real_lbw_additive,real data,,,all,1,EDGE.poly3.u.Grule,0.1,1,0,,,0,1,""
6,real_lbw_additive,real data,,,all,1,EDGE.poly3.sc.Grule,0.01,0,0,,,0,0,""
6,real_lbw_additive,real data,,,all,1,EDGE.poly3.sc.Grule,0.05,0,0,,,0,0,""
6,real_lbw_additive,real data,,,all,1,EDGE.poly3.sc.Grule,0.1,0,0,,,0,0,""
6,real_lbw_additive,real data,,,all,1,EDGE.poly2.u.Grule,0.01,0,0,,,0,0,""
6,real_lbw_additive,real data,,,all,1,EDGE.poly2.u.Grule,0.05,1,0,,,0,1,""
6,real_lbw_additive,real data,,,all,1,EDGE.poly2.u.Grule,0.1,1,0,,,0,1,""
6,real_lbw_additive,real data,,,all,1,EDGE.poly2.sc.Grule,0.01,0,0,,,0,0,""
6,real_lbw_additive,real data,,,all,1,EDGE.poly2.sc.Grule,0.05,0,0,,,0,0,""
6,real_lbw_additive,real data,,,all,1,EDGE.poly2.sc.Grule,0.1,1,0,,,0,1,""
6,real_lbw_additive,real data,,,all,1,EDGE.stk.u.Grule,0.01,0,0,,,0,0,""
6,real_lbw_additive,real data,,,all,1,EDGE.stk.u.Grule,0.05,1,0,,,0,1,""
6,real_lbw_additive,real data,,,all,1,EDGE.stk.u.Grule,0.1,1,0,,,0,1,""
6,real_lbw_additive,real data,,,all,1,EDGE.stk.sc.Grule,0.01,0,0,,,0,0,""
6,real_lbw_additive,real data,,,all,1,EDGE.stk.sc.Grule,0.05,0,0,,,0,0,""
6,real_lbw_additive,real data,,,all,1,EDGE.stk.sc.Grule,0.1,0,0,,,0,0,""
6,real_lbw_additive,real data,,,all,1,EDGE.sym.u.Grule,0.01,0,0,,,0,0,""
6,real_lbw_additive,real data,,,all,1,EDGE.sym.u.Grule,0.05,0,0,,,0,0,""
6,real_lbw_additive,real data,,,all,1,EDGE.sym.u.Grule,0.1,1,0,,,0,1,""
6,real_lbw_additive,real data,,,all,1,EDGE.sym.sc.Grule,0.01,0,0,,,0,0,""
6,real_lbw_additive,real data,,,all,1,EDGE.sym.sc.Grule,0.05,0,0,,,0,0,""
6,real_lbw_additive,real data,,,all,1,EDGE.sym.sc.Grule,0.1,1,0,,,0,1,""
6,real_lbw_additive,real data,,,all,1,HL.G10,0.01,0,0,,,0,0,""
6,real_lbw_additive,real data,,,all,1,HL.G10,0.05,0,0,,,0,0,""
6,real_lbw_additive,real data,,,all,1,HL.G10,0.1,1,0,,,0,1,""
6,real_lbw_additive,real data,,,all,1,HL.Grule,0.01,0,0,,,0,0,""
6,real_lbw_additive,real data,,,all,1,HL.Grule,0.05,0,0,,,0,0,""
6,real_lbw_additive,real data,,,all,1,HL.Grule,0.1,1,0,,,0,1,""
6,real_lbw_additive,real data,,,all,1,HLF.G10,0.01,0,0,,,0,0,""
6,real_lbw_additive,real data,,,all,1,HLF.G10,0.05,1,0,,,0,1,""
6,real_lbw_additive,real data,,,all,1,HLF.G10,0.1,1,0,,,0,1,""
6,real_lbw_additive,real data,,,all,1,HLF.Grule,0.01,0,0,,,0,0,""
6,real_lbw_additive,real data,,,all,1,HLF.Grule,0.05,1,0,,,0,1,""
6,real_lbw_additive,real data,,,all,1,HLF.Grule,0.1,1,0,,,0,1,""
6,real_lbw_additive,real data,,,all,1,Stk.joint,0.01,0,0,,,0,0,""
6,real_lbw_additive,real data,,,all,1,Stk.joint,0.05,1,0,,,0,1,""
6,real_lbw_additive,real data,,,all,1,Stk.joint,0.1,1,0,,,0,1,""
6,real_lbw_additive,real data,,,all,1,Stk.LR,0.01,0,0,,,0,0,""
6,real_lbw_additive,real data,,,all,1,Stk.LR,0.05,1,0,,,0,1,""
6,real_lbw_additive,real data,,,all,1,Stk.LR,0.1,1,0,,,0,1,""
6,real_lbw_additive,real data,,,all,1,Stk.sym1,0.01,0,0,,,0,0,""
6,real_lbw_additive,real data,,,all,1,Stk.sym1,0.05,0,0,,,0,0,""
6,real_lbw_additive,real data,,,all,1,Stk.sym1,0.1,1,0,,,0,1,""
6,real_lbw_additive,real data,,,all,1,Stk.marg,0.01,0,0,,,0,0,""
6,real_lbw_additive,real data,,,all,1,Stk.marg,0.05,0,0,,,0,0,""
6,real_lbw_additive,real data,,,all,1,Stk.marg,0.1,0,0,,,0,0,""
6,real_lbw_additive,real data,,,all,1,GiViTI,0.01,0,0,,,0,0,""
6,real_lbw_additive,real data,,,all,1,GiViTI,0.05,0,0,,,0,0,""
6,real_lbw_additive,real data,,,all,1,GiViTI,0.1,0,0,,,0,0,""
6,real_lbw_additive,real data,,,all,1,GiViTI.t50,0.01,0,0,,,0,0,""
6,real_lbw_additive,real data,,,all,1,GiViTI.t50,0.05,0,0,,,0,0,""
6,real_lbw_additive,real data,,,all,1,GiViTI.t50,0.1,0,0,,,0,0,""
6,real_lbw_additive,real data,,,all,1,Cubic.LR,0.01,0,0,,,0,0,""
6,real_lbw_additive,real data,,,all,1,Cubic.LR,0.05,1,0,,,0,1,""
6,real_lbw_additive,real data,,,all,1,Cubic.LR,0.1,1,0,,,0,1,""
6,real_lbw_additive,real data,,,all,1,HL_w,0.01,0,0,,,0,0,""
6,real_lbw_additive,real data,,,all,1,HL_w,0.05,0,0,,,0,0,""
6,real_lbw_additive,real data,,,all,1,HL_w,0.1,0,0,,,0,0,""
6,real_lbw_additive,real data,,,all,1,PH,0.01,0,0,,,0,0,""
6,real_lbw_additive,real data,,,all,1,PH,0.05,0,0,,,0,0,""
6,real_lbw_additive,real data,,,all,1,PH,0.1,0,0,,,0,0,""
6,real_lbw_additive,real data,,,all,1,Tsiatis,0.01,0,0,,,0,0,""
6,real_lbw_additive,real data,,,all,1,Tsiatis,0.05,0,0,,,0,0,""
6,real_lbw_additive,real data,,,all,1,Tsiatis,0.1,0,0,,,0,0,""
6,real_lbw_additive,real data,,,all,1,Xie,0.01,0,0,,,0,0,""
6,real_lbw_additive,real data,,,all,1,Xie,0.05,0,0,,,0,0,""
6,real_lbw_additive,real data,,,all,1,Xie,0.1,0,0,,,0,0,""
6,real_lbw_additive,real data,,,all,1,PR,0.01,0,0,,,0,0,""
6,real_lbw_additive,real data,,,all,1,PR,0.05,0,0,,,0,0,""
6,real_lbw_additive,real data,,,all,1,PR,0.1,0,0,,,0,0,""
6,real_lbw_fix,real data,,,all,1,flag.evlt.G10,,0,,,,0,,flag rate: share of replicates with the flag = 1
6,real_lbw_fix,real data,,,all,1,flag.evlt.Grule,,0,,,,0,,flag rate: share of replicates with the flag = 1
6,real_lbw_fix,real data,,,all,1,flag.stk_half0,,0,,,,0,,flag rate: share of replicates with the flag = 1
6,real_lbw_fix,real data,,,all,1,flag.stk_diag,,0,,,,0,,flag rate: share of replicates with the flag = 1
6,real_lbw_fix,real data,,,all,1,flag.rivals_run,,1,,,,0,,flag rate: share of replicates with the flag = 1
6,real_lbw_fix,real data,,,all,1,flag.degenerate,,0,,,,0,,flag rate: share of replicates with the flag = 1
6,real_lbw_fix,real data,,,all,1,flag.info_guard,,0,,,,0,,flag rate: share of replicates with the flag = 1
6,real_lbw_fix,real data,,,all,1,flag.rep_error,,0,,,,0,,flag rate: share of replicates with the flag = 1
6,real_lbw_fix,real data,,,all,1,EDGE.poly3.u.G10,0.01,0,0,,,0,0,""
6,real_lbw_fix,real data,,,all,1,EDGE.poly3.u.G10,0.05,0,0,,,0,0,""
6,real_lbw_fix,real data,,,all,1,EDGE.poly3.u.G10,0.1,0,0,,,0,0,""
6,real_lbw_fix,real data,,,all,1,EDGE.poly3.sc.G10,0.01,0,0,,,0,0,""
6,real_lbw_fix,real data,,,all,1,EDGE.poly3.sc.G10,0.05,0,0,,,0,0,""
6,real_lbw_fix,real data,,,all,1,EDGE.poly3.sc.G10,0.1,0,0,,,0,0,""
6,real_lbw_fix,real data,,,all,1,EDGE.poly2.u.G10,0.01,0,0,,,0,0,""
6,real_lbw_fix,real data,,,all,1,EDGE.poly2.u.G10,0.05,0,0,,,0,0,""
6,real_lbw_fix,real data,,,all,1,EDGE.poly2.u.G10,0.1,0,0,,,0,0,""
6,real_lbw_fix,real data,,,all,1,EDGE.poly2.sc.G10,0.01,0,0,,,0,0,""
6,real_lbw_fix,real data,,,all,1,EDGE.poly2.sc.G10,0.05,0,0,,,0,0,""
6,real_lbw_fix,real data,,,all,1,EDGE.poly2.sc.G10,0.1,0,0,,,0,0,""
6,real_lbw_fix,real data,,,all,1,EDGE.stk.u.G10,0.01,0,0,,,0,0,""
6,real_lbw_fix,real data,,,all,1,EDGE.stk.u.G10,0.05,0,0,,,0,0,""
6,real_lbw_fix,real data,,,all,1,EDGE.stk.u.G10,0.1,0,0,,,0,0,""
6,real_lbw_fix,real data,,,all,1,EDGE.stk.sc.G10,0.01,0,0,,,0,0,""
6,real_lbw_fix,real data,,,all,1,EDGE.stk.sc.G10,0.05,0,0,,,0,0,""
6,real_lbw_fix,real data,,,all,1,EDGE.stk.sc.G10,0.1,0,0,,,0,0,""
6,real_lbw_fix,real data,,,all,1,EDGE.sym.u.G10,0.01,0,0,,,0,0,""
6,real_lbw_fix,real data,,,all,1,EDGE.sym.u.G10,0.05,0,0,,,0,0,""
6,real_lbw_fix,real data,,,all,1,EDGE.sym.u.G10,0.1,0,0,,,0,0,""
6,real_lbw_fix,real data,,,all,1,EDGE.sym.sc.G10,0.01,0,0,,,0,0,""
6,real_lbw_fix,real data,,,all,1,EDGE.sym.sc.G10,0.05,0,0,,,0,0,""
6,real_lbw_fix,real data,,,all,1,EDGE.sym.sc.G10,0.1,0,0,,,0,0,""
6,real_lbw_fix,real data,,,all,1,EDGE.poly3.u.Grule,0.01,0,0,,,0,0,""
6,real_lbw_fix,real data,,,all,1,EDGE.poly3.u.Grule,0.05,0,0,,,0,0,""
6,real_lbw_fix,real data,,,all,1,EDGE.poly3.u.Grule,0.1,0,0,,,0,0,""
6,real_lbw_fix,real data,,,all,1,EDGE.poly3.sc.Grule,0.01,0,0,,,0,0,""
6,real_lbw_fix,real data,,,all,1,EDGE.poly3.sc.Grule,0.05,0,0,,,0,0,""
6,real_lbw_fix,real data,,,all,1,EDGE.poly3.sc.Grule,0.1,0,0,,,0,0,""
6,real_lbw_fix,real data,,,all,1,EDGE.poly2.u.Grule,0.01,0,0,,,0,0,""
6,real_lbw_fix,real data,,,all,1,EDGE.poly2.u.Grule,0.05,0,0,,,0,0,""
6,real_lbw_fix,real data,,,all,1,EDGE.poly2.u.Grule,0.1,0,0,,,0,0,""
6,real_lbw_fix,real data,,,all,1,EDGE.poly2.sc.Grule,0.01,0,0,,,0,0,""
6,real_lbw_fix,real data,,,all,1,EDGE.poly2.sc.Grule,0.05,0,0,,,0,0,""
6,real_lbw_fix,real data,,,all,1,EDGE.poly2.sc.Grule,0.1,0,0,,,0,0,""
6,real_lbw_fix,real data,,,all,1,EDGE.stk.u.Grule,0.01,0,0,,,0,0,""
6,real_lbw_fix,real data,,,all,1,EDGE.stk.u.Grule,0.05,0,0,,,0,0,""
6,real_lbw_fix,real data,,,all,1,EDGE.stk.u.Grule,0.1,0,0,,,0,0,""
6,real_lbw_fix,real data,,,all,1,EDGE.stk.sc.Grule,0.01,0,0,,,0,0,""
6,real_lbw_fix,real data,,,all,1,EDGE.stk.sc.Grule,0.05,0,0,,,0,0,""
6,real_lbw_fix,real data,,,all,1,EDGE.stk.sc.Grule,0.1,0,0,,,0,0,""
6,real_lbw_fix,real data,,,all,1,EDGE.sym.u.Grule,0.01,0,0,,,0,0,""
6,real_lbw_fix,real data,,,all,1,EDGE.sym.u.Grule,0.05,0,0,,,0,0,""
6,real_lbw_fix,real data,,,all,1,EDGE.sym.u.Grule,0.1,0,0,,,0,0,""
6,real_lbw_fix,real data,,,all,1,EDGE.sym.sc.Grule,0.01,0,0,,,0,0,""
6,real_lbw_fix,real data,,,all,1,EDGE.sym.sc.Grule,0.05,0,0,,,0,0,""
6,real_lbw_fix,real data,,,all,1,EDGE.sym.sc.Grule,0.1,0,0,,,0,0,""
6,real_lbw_fix,real data,,,all,1,HL.G10,0.01,0,0,,,0,0,""
6,real_lbw_fix,real data,,,all,1,HL.G10,0.05,0,0,,,0,0,""
6,real_lbw_fix,real data,,,all,1,HL.G10,0.1,0,0,,,0,0,""
6,real_lbw_fix,real data,,,all,1,HL.Grule,0.01,0,0,,,0,0,""
6,real_lbw_fix,real data,,,all,1,HL.Grule,0.05,0,0,,,0,0,""
6,real_lbw_fix,real data,,,all,1,HL.Grule,0.1,0,0,,,0,0,""
6,real_lbw_fix,real data,,,all,1,HLF.G10,0.01,0,0,,,0,0,""
6,real_lbw_fix,real data,,,all,1,HLF.G10,0.05,0,0,,,0,0,""
6,real_lbw_fix,real data,,,all,1,HLF.G10,0.1,0,0,,,0,0,""
6,real_lbw_fix,real data,,,all,1,HLF.Grule,0.01,0,0,,,0,0,""
6,real_lbw_fix,real data,,,all,1,HLF.Grule,0.05,0,0,,,0,0,""
6,real_lbw_fix,real data,,,all,1,HLF.Grule,0.1,0,0,,,0,0,""
6,real_lbw_fix,real data,,,all,1,Stk.joint,0.01,0,0,,,0,0,""
6,real_lbw_fix,real data,,,all,1,Stk.joint,0.05,0,0,,,0,0,""
6,real_lbw_fix,real data,,,all,1,Stk.joint,0.1,0,0,,,0,0,""
6,real_lbw_fix,real data,,,all,1,Stk.LR,0.01,0,0,,,0,0,""
6,real_lbw_fix,real data,,,all,1,Stk.LR,0.05,0,0,,,0,0,""
6,real_lbw_fix,real data,,,all,1,Stk.LR,0.1,0,0,,,0,0,""
6,real_lbw_fix,real data,,,all,1,Stk.sym1,0.01,0,0,,,0,0,""
6,real_lbw_fix,real data,,,all,1,Stk.sym1,0.05,0,0,,,0,0,""
6,real_lbw_fix,real data,,,all,1,Stk.sym1,0.1,0,0,,,0,0,""
6,real_lbw_fix,real data,,,all,1,Stk.marg,0.01,0,0,,,0,0,""
6,real_lbw_fix,real data,,,all,1,Stk.marg,0.05,0,0,,,0,0,""
6,real_lbw_fix,real data,,,all,1,Stk.marg,0.1,0,0,,,0,0,""
6,real_lbw_fix,real data,,,all,1,GiViTI,0.01,0,0,,,0,0,""
6,real_lbw_fix,real data,,,all,1,GiViTI,0.05,0,0,,,0,0,""
6,real_lbw_fix,real data,,,all,1,GiViTI,0.1,0,0,,,0,0,""
6,real_lbw_fix,real data,,,all,1,GiViTI.t50,0.01,0,0,,,0,0,""
6,real_lbw_fix,real data,,,all,1,GiViTI.t50,0.05,0,0,,,0,0,""
6,real_lbw_fix,real data,,,all,1,GiViTI.t50,0.1,0,0,,,0,0,""
6,real_lbw_fix,real data,,,all,1,Cubic.LR,0.01,0,0,,,0,0,""
6,real_lbw_fix,real data,,,all,1,Cubic.LR,0.05,0,0,,,0,0,""
6,real_lbw_fix,real data,,,all,1,Cubic.LR,0.1,0,0,,,0,0,""
6,real_lbw_fix,real data,,,all,1,HL_w,0.01,0,0,,,0,0,""
6,real_lbw_fix,real data,,,all,1,HL_w,0.05,0,0,,,0,0,""
6,real_lbw_fix,real data,,,all,1,HL_w,0.1,0,0,,,0,0,""
6,real_lbw_fix,real data,,,all,1,PH,0.01,0,0,,,0,0,""
6,real_lbw_fix,real data,,,all,1,PH,0.05,0,0,,,0,0,""
6,real_lbw_fix,real data,,,all,1,PH,0.1,0,0,,,0,0,""
6,real_lbw_fix,real data,,,all,1,Tsiatis,0.01,0,0,,,0,0,""
6,real_lbw_fix,real data,,,all,1,Tsiatis,0.05,0,0,,,0,0,""
6,real_lbw_fix,real data,,,all,1,Tsiatis,0.1,0,0,,,0,0,""
6,real_lbw_fix,real data,,,all,1,Xie,0.01,0,0,,,0,0,""
6,real_lbw_fix,real data,,,all,1,Xie,0.05,0,0,,,0,0,""
6,real_lbw_fix,real data,,,all,1,Xie,0.1,0,0,,,0,0,""
6,real_lbw_fix,real data,,,all,1,PR,0.01,0,0,,,0,0,""
6,real_lbw_fix,real data,,,all,1,PR,0.05,0,0,,,0,0,""
6,real_lbw_fix,real data,,,all,1,PR,0.1,0,0,,,0,0,""
6,real_vaso_linear,real data,,,all,1,flag.evlt.G10,,0,,,,0,,flag rate: share of replicates with the flag = 1
6,real_vaso_linear,real data,,,all,1,flag.evlt.Grule,,0,,,,0,,flag rate: share of replicates with the flag = 1
6,real_vaso_linear,real data,,,all,1,flag.evlt.G6,,0,,,,0,,flag rate: share of replicates with the flag = 1
6,real_vaso_linear,real data,,,all,1,flag.stk_half0,,0,,,,0,,flag rate: share of replicates with the flag = 1
6,real_vaso_linear,real data,,,all,1,flag.stk_diag,,1,,,,0,,flag rate: share of replicates with the flag = 1
6,real_vaso_linear,real data,,,all,1,flag.rivals_run,,1,,,,0,,flag rate: share of replicates with the flag = 1
6,real_vaso_linear,real data,,,all,1,flag.degenerate,,0,,,,0,,flag rate: share of replicates with the flag = 1
6,real_vaso_linear,real data,,,all,1,flag.info_guard,,0,,,,0,,flag rate: share of replicates with the flag = 1
6,real_vaso_linear,real data,,,all,1,flag.rep_error,,0,,,,0,,flag rate: share of replicates with the flag = 1
6,real_vaso_linear,real data,,,all,1,EDGE.poly3.u.G10,0.01,0,0,,,0,0,""
6,real_vaso_linear,real data,,,all,1,EDGE.poly3.u.G10,0.05,0,0,,,0,0,""
6,real_vaso_linear,real data,,,all,1,EDGE.poly3.u.G10,0.1,0,0,,,0,0,""
6,real_vaso_linear,real data,,,all,1,EDGE.poly3.sc.G10,0.01,0,0,,,0,0,""
6,real_vaso_linear,real data,,,all,1,EDGE.poly3.sc.G10,0.05,0,0,,,0,0,""
6,real_vaso_linear,real data,,,all,1,EDGE.poly3.sc.G10,0.1,1,0,,,0,1,""
6,real_vaso_linear,real data,,,all,1,EDGE.poly2.u.G10,0.01,0,0,,,0,0,""
6,real_vaso_linear,real data,,,all,1,EDGE.poly2.u.G10,0.05,0,0,,,0,0,""
6,real_vaso_linear,real data,,,all,1,EDGE.poly2.u.G10,0.1,0,0,,,0,0,""
6,real_vaso_linear,real data,,,all,1,EDGE.poly2.sc.G10,0.01,0,0,,,0,0,""
6,real_vaso_linear,real data,,,all,1,EDGE.poly2.sc.G10,0.05,1,0,,,0,1,""
6,real_vaso_linear,real data,,,all,1,EDGE.poly2.sc.G10,0.1,1,0,,,0,1,""
6,real_vaso_linear,real data,,,all,1,EDGE.stk.u.G10,0.01,0,0,,,0,0,""
6,real_vaso_linear,real data,,,all,1,EDGE.stk.u.G10,0.05,0,0,,,0,0,""
6,real_vaso_linear,real data,,,all,1,EDGE.stk.u.G10,0.1,0,0,,,0,0,""
6,real_vaso_linear,real data,,,all,1,EDGE.stk.sc.G10,0.01,0,0,,,0,0,""
6,real_vaso_linear,real data,,,all,1,EDGE.stk.sc.G10,0.05,0,0,,,0,0,""
6,real_vaso_linear,real data,,,all,1,EDGE.stk.sc.G10,0.1,0,0,,,0,0,""
6,real_vaso_linear,real data,,,all,1,EDGE.sym.u.G10,0.01,0,0,,,0,0,""
6,real_vaso_linear,real data,,,all,1,EDGE.sym.u.G10,0.05,0,0,,,0,0,""
6,real_vaso_linear,real data,,,all,1,EDGE.sym.u.G10,0.1,0,0,,,0,0,""
6,real_vaso_linear,real data,,,all,1,EDGE.sym.sc.G10,0.01,0,0,,,0,0,""
6,real_vaso_linear,real data,,,all,1,EDGE.sym.sc.G10,0.05,0,0,,,0,0,""
6,real_vaso_linear,real data,,,all,1,EDGE.sym.sc.G10,0.1,0,0,,,0,0,""
6,real_vaso_linear,real data,,,all,1,EDGE.poly3.u.Grule,0.01,0,0,,,0,0,""
6,real_vaso_linear,real data,,,all,1,EDGE.poly3.u.Grule,0.05,0,0,,,0,0,""
6,real_vaso_linear,real data,,,all,1,EDGE.poly3.u.Grule,0.1,0,0,,,0,0,""
6,real_vaso_linear,real data,,,all,1,EDGE.poly3.sc.Grule,0.01,0,0,,,0,0,""
6,real_vaso_linear,real data,,,all,1,EDGE.poly3.sc.Grule,0.05,0,0,,,0,0,""
6,real_vaso_linear,real data,,,all,1,EDGE.poly3.sc.Grule,0.1,1,0,,,0,1,""
6,real_vaso_linear,real data,,,all,1,EDGE.poly2.u.Grule,0.01,0,0,,,0,0,""
6,real_vaso_linear,real data,,,all,1,EDGE.poly2.u.Grule,0.05,0,0,,,0,0,""
6,real_vaso_linear,real data,,,all,1,EDGE.poly2.u.Grule,0.1,0,0,,,0,0,""
6,real_vaso_linear,real data,,,all,1,EDGE.poly2.sc.Grule,0.01,0,0,,,0,0,""
6,real_vaso_linear,real data,,,all,1,EDGE.poly2.sc.Grule,0.05,1,0,,,0,1,""
6,real_vaso_linear,real data,,,all,1,EDGE.poly2.sc.Grule,0.1,1,0,,,0,1,""
6,real_vaso_linear,real data,,,all,1,EDGE.stk.u.Grule,0.01,0,0,,,0,0,""
6,real_vaso_linear,real data,,,all,1,EDGE.stk.u.Grule,0.05,0,0,,,0,0,""
6,real_vaso_linear,real data,,,all,1,EDGE.stk.u.Grule,0.1,0,0,,,0,0,""
6,real_vaso_linear,real data,,,all,1,EDGE.stk.sc.Grule,0.01,0,0,,,0,0,""
6,real_vaso_linear,real data,,,all,1,EDGE.stk.sc.Grule,0.05,0,0,,,0,0,""
6,real_vaso_linear,real data,,,all,1,EDGE.stk.sc.Grule,0.1,0,0,,,0,0,""
6,real_vaso_linear,real data,,,all,1,EDGE.sym.u.Grule,0.01,0,0,,,0,0,""
6,real_vaso_linear,real data,,,all,1,EDGE.sym.u.Grule,0.05,0,0,,,0,0,""
6,real_vaso_linear,real data,,,all,1,EDGE.sym.u.Grule,0.1,0,0,,,0,0,""
6,real_vaso_linear,real data,,,all,1,EDGE.sym.sc.Grule,0.01,0,0,,,0,0,""
6,real_vaso_linear,real data,,,all,1,EDGE.sym.sc.Grule,0.05,0,0,,,0,0,""
6,real_vaso_linear,real data,,,all,1,EDGE.sym.sc.Grule,0.1,0,0,,,0,0,""
6,real_vaso_linear,real data,,,all,1,EDGE.poly3.u.G6,0.01,0,0,,,0,0,""
6,real_vaso_linear,real data,,,all,1,EDGE.poly3.u.G6,0.05,0,0,,,0,0,""
6,real_vaso_linear,real data,,,all,1,EDGE.poly3.u.G6,0.1,0,0,,,0,0,""
6,real_vaso_linear,real data,,,all,1,EDGE.poly3.sc.G6,0.01,0,0,,,0,0,""
6,real_vaso_linear,real data,,,all,1,EDGE.poly3.sc.G6,0.05,0,0,,,0,0,""
6,real_vaso_linear,real data,,,all,1,EDGE.poly3.sc.G6,0.1,1,0,,,0,1,""
6,real_vaso_linear,real data,,,all,1,EDGE.poly2.u.G6,0.01,0,0,,,0,0,""
6,real_vaso_linear,real data,,,all,1,EDGE.poly2.u.G6,0.05,0,0,,,0,0,""
6,real_vaso_linear,real data,,,all,1,EDGE.poly2.u.G6,0.1,0,0,,,0,0,""
6,real_vaso_linear,real data,,,all,1,EDGE.poly2.sc.G6,0.01,0,0,,,0,0,""
6,real_vaso_linear,real data,,,all,1,EDGE.poly2.sc.G6,0.05,1,0,,,0,1,""
6,real_vaso_linear,real data,,,all,1,EDGE.poly2.sc.G6,0.1,1,0,,,0,1,""
6,real_vaso_linear,real data,,,all,1,EDGE.stk.u.G6,0.01,0,0,,,0,0,""
6,real_vaso_linear,real data,,,all,1,EDGE.stk.u.G6,0.05,0,0,,,0,0,""
6,real_vaso_linear,real data,,,all,1,EDGE.stk.u.G6,0.1,0,0,,,0,0,""
6,real_vaso_linear,real data,,,all,1,EDGE.stk.sc.G6,0.01,0,0,,,0,0,""
6,real_vaso_linear,real data,,,all,1,EDGE.stk.sc.G6,0.05,0,0,,,0,0,""
6,real_vaso_linear,real data,,,all,1,EDGE.stk.sc.G6,0.1,0,0,,,0,0,""
6,real_vaso_linear,real data,,,all,1,EDGE.sym.u.G6,0.01,0,0,,,0,0,""
6,real_vaso_linear,real data,,,all,1,EDGE.sym.u.G6,0.05,0,0,,,0,0,""
6,real_vaso_linear,real data,,,all,1,EDGE.sym.u.G6,0.1,0,0,,,0,0,""
6,real_vaso_linear,real data,,,all,1,EDGE.sym.sc.G6,0.01,0,0,,,0,0,""
6,real_vaso_linear,real data,,,all,1,EDGE.sym.sc.G6,0.05,0,0,,,0,0,""
6,real_vaso_linear,real data,,,all,1,EDGE.sym.sc.G6,0.1,0,0,,,0,0,""
6,real_vaso_linear,real data,,,all,1,HL.G10,0.01,0,0,,,0,0,""
6,real_vaso_linear,real data,,,all,1,HL.G10,0.05,0,0,,,0,0,""
6,real_vaso_linear,real data,,,all,1,HL.G10,0.1,0,0,,,0,0,""
6,real_vaso_linear,real data,,,all,1,HL.Grule,0.01,0,0,,,0,0,""
6,real_vaso_linear,real data,,,all,1,HL.Grule,0.05,0,0,,,0,0,""
6,real_vaso_linear,real data,,,all,1,HL.Grule,0.1,0,0,,,0,0,""
6,real_vaso_linear,real data,,,all,1,HL.G6,0.01,0,0,,,0,0,""
6,real_vaso_linear,real data,,,all,1,HL.G6,0.05,0,0,,,0,0,""
6,real_vaso_linear,real data,,,all,1,HL.G6,0.1,0,0,,,0,0,""
6,real_vaso_linear,real data,,,all,1,HLF.G10,0.01,0,0,,,0,0,""
6,real_vaso_linear,real data,,,all,1,HLF.G10,0.05,0,0,,,0,0,""
6,real_vaso_linear,real data,,,all,1,HLF.G10,0.1,0,0,,,0,0,""
6,real_vaso_linear,real data,,,all,1,HLF.Grule,0.01,0,0,,,0,0,""
6,real_vaso_linear,real data,,,all,1,HLF.Grule,0.05,0,0,,,0,0,""
6,real_vaso_linear,real data,,,all,1,HLF.Grule,0.1,0,0,,,0,0,""
6,real_vaso_linear,real data,,,all,1,HLF.G6,0.01,0,0,,,0,0,""
6,real_vaso_linear,real data,,,all,1,HLF.G6,0.05,0,0,,,0,0,""
6,real_vaso_linear,real data,,,all,1,HLF.G6,0.1,0,0,,,0,0,""
6,real_vaso_linear,real data,,,all,1,Stk.joint,0.01,0,0,,,0,0,""
6,real_vaso_linear,real data,,,all,1,Stk.joint,0.05,0,0,,,0,0,""
6,real_vaso_linear,real data,,,all,1,Stk.joint,0.1,0,0,,,0,0,""
6,real_vaso_linear,real data,,,all,1,Stk.LR,0.01,1,0,,,0,1,""
6,real_vaso_linear,real data,,,all,1,Stk.LR,0.05,1,0,,,0,1,""
6,real_vaso_linear,real data,,,all,1,Stk.LR,0.1,1,0,,,0,1,""
6,real_vaso_linear,real data,,,all,1,Stk.sym1,0.01,0,0,,,0,0,""
6,real_vaso_linear,real data,,,all,1,Stk.sym1,0.05,0,0,,,0,0,""
6,real_vaso_linear,real data,,,all,1,Stk.sym1,0.1,0,0,,,0,0,""
6,real_vaso_linear,real data,,,all,1,Stk.marg,0.01,0,0,,,0,0,""
6,real_vaso_linear,real data,,,all,1,Stk.marg,0.05,0,0,,,0,0,""
6,real_vaso_linear,real data,,,all,1,Stk.marg,0.1,1,0,,,0,1,""
6,real_vaso_linear,real data,,,all,1,GiViTI,0.01,1,0,,,0,1,""
6,real_vaso_linear,real data,,,all,1,GiViTI,0.05,1,0,,,0,1,""
6,real_vaso_linear,real data,,,all,1,GiViTI,0.1,1,0,,,0,1,""
6,real_vaso_linear,real data,,,all,1,GiViTI.t50,0.01,1,0,,,0,1,""
6,real_vaso_linear,real data,,,all,1,GiViTI.t50,0.05,1,0,,,0,1,""
6,real_vaso_linear,real data,,,all,1,GiViTI.t50,0.1,1,0,,,0,1,""
6,real_vaso_linear,real data,,,all,1,Cubic.LR,0.01,1,0,,,0,1,""
6,real_vaso_linear,real data,,,all,1,Cubic.LR,0.05,1,0,,,0,1,""
6,real_vaso_linear,real data,,,all,1,Cubic.LR,0.1,1,0,,,0,1,""
6,real_vaso_linear,real data,,,all,1,HL_w,0.01,0,0,,,0,0,""
6,real_vaso_linear,real data,,,all,1,HL_w,0.05,0,0,,,0,0,""
6,real_vaso_linear,real data,,,all,1,HL_w,0.1,1,0,,,0,1,""
6,real_vaso_linear,real data,,,all,1,PH,0.01,0,0,,,0,0,""
6,real_vaso_linear,real data,,,all,1,PH,0.05,0,0,,,0,0,""
6,real_vaso_linear,real data,,,all,1,PH,0.1,0,0,,,0,0,""
6,real_vaso_linear,real data,,,all,1,Tsiatis,0.01,0,0,,,0,0,""
6,real_vaso_linear,real data,,,all,1,Tsiatis,0.05,0,0,,,0,0,""
6,real_vaso_linear,real data,,,all,1,Tsiatis,0.1,0,0,,,0,0,""
6,real_vaso_linear,real data,,,all,1,Xie,0.01,0,0,,,0,0,""
6,real_vaso_linear,real data,,,all,1,Xie,0.05,0,0,,,0,0,""
6,real_vaso_linear,real data,,,all,1,Xie,0.1,0,0,,,0,0,""
6,real_vaso_linear,real data,,,all,1,PR,0.01,0,0,,,1,,no p-value in any replicate
6,real_vaso_linear,real data,,,all,1,PR,0.05,0,0,,,1,,no p-value in any replicate
6,real_vaso_linear,real data,,,all,1,PR,0.1,0,0,,,1,,no p-value in any replicate
6,real_vaso_log,real data,,,all,1,flag.evlt.G10,,0,,,,0,,flag rate: share of replicates with the flag = 1
6,real_vaso_log,real data,,,all,1,flag.evlt.Grule,,0,,,,0,,flag rate: share of replicates with the flag = 1
6,real_vaso_log,real data,,,all,1,flag.evlt.G6,,0,,,,0,,flag rate: share of replicates with the flag = 1
6,real_vaso_log,real data,,,all,1,flag.stk_half0,,0,,,,0,,flag rate: share of replicates with the flag = 1
6,real_vaso_log,real data,,,all,1,flag.stk_diag,,1,,,,0,,flag rate: share of replicates with the flag = 1
6,real_vaso_log,real data,,,all,1,flag.rivals_run,,1,,,,0,,flag rate: share of replicates with the flag = 1
6,real_vaso_log,real data,,,all,1,flag.degenerate,,0,,,,0,,flag rate: share of replicates with the flag = 1
6,real_vaso_log,real data,,,all,1,flag.info_guard,,0,,,,0,,flag rate: share of replicates with the flag = 1
6,real_vaso_log,real data,,,all,1,flag.rep_error,,0,,,,0,,flag rate: share of replicates with the flag = 1
6,real_vaso_log,real data,,,all,1,EDGE.poly3.u.G10,0.01,0,0,,,0,0,""
6,real_vaso_log,real data,,,all,1,EDGE.poly3.u.G10,0.05,0,0,,,0,0,""
6,real_vaso_log,real data,,,all,1,EDGE.poly3.u.G10,0.1,0,0,,,0,0,""
6,real_vaso_log,real data,,,all,1,EDGE.poly3.sc.G10,0.01,0,0,,,0,0,""
6,real_vaso_log,real data,,,all,1,EDGE.poly3.sc.G10,0.05,0,0,,,0,0,""
6,real_vaso_log,real data,,,all,1,EDGE.poly3.sc.G10,0.1,0,0,,,0,0,""
6,real_vaso_log,real data,,,all,1,EDGE.poly2.u.G10,0.01,0,0,,,0,0,""
6,real_vaso_log,real data,,,all,1,EDGE.poly2.u.G10,0.05,0,0,,,0,0,""
6,real_vaso_log,real data,,,all,1,EDGE.poly2.u.G10,0.1,0,0,,,0,0,""
6,real_vaso_log,real data,,,all,1,EDGE.poly2.sc.G10,0.01,0,0,,,0,0,""
6,real_vaso_log,real data,,,all,1,EDGE.poly2.sc.G10,0.05,0,0,,,0,0,""
6,real_vaso_log,real data,,,all,1,EDGE.poly2.sc.G10,0.1,0,0,,,0,0,""
6,real_vaso_log,real data,,,all,1,EDGE.stk.u.G10,0.01,0,0,,,0,0,""
6,real_vaso_log,real data,,,all,1,EDGE.stk.u.G10,0.05,0,0,,,0,0,""
6,real_vaso_log,real data,,,all,1,EDGE.stk.u.G10,0.1,0,0,,,0,0,""
6,real_vaso_log,real data,,,all,1,EDGE.stk.sc.G10,0.01,0,0,,,0,0,""
6,real_vaso_log,real data,,,all,1,EDGE.stk.sc.G10,0.05,0,0,,,0,0,""
6,real_vaso_log,real data,,,all,1,EDGE.stk.sc.G10,0.1,0,0,,,0,0,""
6,real_vaso_log,real data,,,all,1,EDGE.sym.u.G10,0.01,0,0,,,0,0,""
6,real_vaso_log,real data,,,all,1,EDGE.sym.u.G10,0.05,0,0,,,0,0,""
6,real_vaso_log,real data,,,all,1,EDGE.sym.u.G10,0.1,0,0,,,0,0,""
6,real_vaso_log,real data,,,all,1,EDGE.sym.sc.G10,0.01,0,0,,,0,0,""
6,real_vaso_log,real data,,,all,1,EDGE.sym.sc.G10,0.05,0,0,,,0,0,""
6,real_vaso_log,real data,,,all,1,EDGE.sym.sc.G10,0.1,0,0,,,0,0,""
6,real_vaso_log,real data,,,all,1,EDGE.poly3.u.Grule,0.01,0,0,,,0,0,""
6,real_vaso_log,real data,,,all,1,EDGE.poly3.u.Grule,0.05,0,0,,,0,0,""
6,real_vaso_log,real data,,,all,1,EDGE.poly3.u.Grule,0.1,0,0,,,0,0,""
6,real_vaso_log,real data,,,all,1,EDGE.poly3.sc.Grule,0.01,0,0,,,0,0,""
6,real_vaso_log,real data,,,all,1,EDGE.poly3.sc.Grule,0.05,0,0,,,0,0,""
6,real_vaso_log,real data,,,all,1,EDGE.poly3.sc.Grule,0.1,0,0,,,0,0,""
6,real_vaso_log,real data,,,all,1,EDGE.poly2.u.Grule,0.01,0,0,,,0,0,""
6,real_vaso_log,real data,,,all,1,EDGE.poly2.u.Grule,0.05,0,0,,,0,0,""
6,real_vaso_log,real data,,,all,1,EDGE.poly2.u.Grule,0.1,0,0,,,0,0,""
6,real_vaso_log,real data,,,all,1,EDGE.poly2.sc.Grule,0.01,0,0,,,0,0,""
6,real_vaso_log,real data,,,all,1,EDGE.poly2.sc.Grule,0.05,0,0,,,0,0,""
6,real_vaso_log,real data,,,all,1,EDGE.poly2.sc.Grule,0.1,0,0,,,0,0,""
6,real_vaso_log,real data,,,all,1,EDGE.stk.u.Grule,0.01,0,0,,,0,0,""
6,real_vaso_log,real data,,,all,1,EDGE.stk.u.Grule,0.05,0,0,,,0,0,""
6,real_vaso_log,real data,,,all,1,EDGE.stk.u.Grule,0.1,0,0,,,0,0,""
6,real_vaso_log,real data,,,all,1,EDGE.stk.sc.Grule,0.01,0,0,,,0,0,""
6,real_vaso_log,real data,,,all,1,EDGE.stk.sc.Grule,0.05,0,0,,,0,0,""
6,real_vaso_log,real data,,,all,1,EDGE.stk.sc.Grule,0.1,0,0,,,0,0,""
6,real_vaso_log,real data,,,all,1,EDGE.sym.u.Grule,0.01,0,0,,,0,0,""
6,real_vaso_log,real data,,,all,1,EDGE.sym.u.Grule,0.05,0,0,,,0,0,""
6,real_vaso_log,real data,,,all,1,EDGE.sym.u.Grule,0.1,0,0,,,0,0,""
6,real_vaso_log,real data,,,all,1,EDGE.sym.sc.Grule,0.01,0,0,,,0,0,""
6,real_vaso_log,real data,,,all,1,EDGE.sym.sc.Grule,0.05,0,0,,,0,0,""
6,real_vaso_log,real data,,,all,1,EDGE.sym.sc.Grule,0.1,0,0,,,0,0,""
6,real_vaso_log,real data,,,all,1,EDGE.poly3.u.G6,0.01,0,0,,,0,0,""
6,real_vaso_log,real data,,,all,1,EDGE.poly3.u.G6,0.05,0,0,,,0,0,""
6,real_vaso_log,real data,,,all,1,EDGE.poly3.u.G6,0.1,0,0,,,0,0,""
6,real_vaso_log,real data,,,all,1,EDGE.poly3.sc.G6,0.01,0,0,,,0,0,""
6,real_vaso_log,real data,,,all,1,EDGE.poly3.sc.G6,0.05,0,0,,,0,0,""
6,real_vaso_log,real data,,,all,1,EDGE.poly3.sc.G6,0.1,0,0,,,0,0,""
6,real_vaso_log,real data,,,all,1,EDGE.poly2.u.G6,0.01,0,0,,,0,0,""
6,real_vaso_log,real data,,,all,1,EDGE.poly2.u.G6,0.05,0,0,,,0,0,""
6,real_vaso_log,real data,,,all,1,EDGE.poly2.u.G6,0.1,0,0,,,0,0,""
6,real_vaso_log,real data,,,all,1,EDGE.poly2.sc.G6,0.01,0,0,,,0,0,""
6,real_vaso_log,real data,,,all,1,EDGE.poly2.sc.G6,0.05,0,0,,,0,0,""
6,real_vaso_log,real data,,,all,1,EDGE.poly2.sc.G6,0.1,0,0,,,0,0,""
6,real_vaso_log,real data,,,all,1,EDGE.stk.u.G6,0.01,0,0,,,0,0,""
6,real_vaso_log,real data,,,all,1,EDGE.stk.u.G6,0.05,0,0,,,0,0,""
6,real_vaso_log,real data,,,all,1,EDGE.stk.u.G6,0.1,0,0,,,0,0,""
6,real_vaso_log,real data,,,all,1,EDGE.stk.sc.G6,0.01,0,0,,,0,0,""
6,real_vaso_log,real data,,,all,1,EDGE.stk.sc.G6,0.05,0,0,,,0,0,""
6,real_vaso_log,real data,,,all,1,EDGE.stk.sc.G6,0.1,0,0,,,0,0,""
6,real_vaso_log,real data,,,all,1,EDGE.sym.u.G6,0.01,0,0,,,0,0,""
6,real_vaso_log,real data,,,all,1,EDGE.sym.u.G6,0.05,0,0,,,0,0,""
6,real_vaso_log,real data,,,all,1,EDGE.sym.u.G6,0.1,0,0,,,0,0,""
6,real_vaso_log,real data,,,all,1,EDGE.sym.sc.G6,0.01,0,0,,,0,0,""
6,real_vaso_log,real data,,,all,1,EDGE.sym.sc.G6,0.05,0,0,,,0,0,""
6,real_vaso_log,real data,,,all,1,EDGE.sym.sc.G6,0.1,0,0,,,0,0,""
6,real_vaso_log,real data,,,all,1,HL.G10,0.01,0,0,,,0,0,""
6,real_vaso_log,real data,,,all,1,HL.G10,0.05,0,0,,,0,0,""
6,real_vaso_log,real data,,,all,1,HL.G10,0.1,0,0,,,0,0,""
6,real_vaso_log,real data,,,all,1,HL.Grule,0.01,0,0,,,0,0,""
6,real_vaso_log,real data,,,all,1,HL.Grule,0.05,0,0,,,0,0,""
6,real_vaso_log,real data,,,all,1,HL.Grule,0.1,0,0,,,0,0,""
6,real_vaso_log,real data,,,all,1,HL.G6,0.01,0,0,,,0,0,""
6,real_vaso_log,real data,,,all,1,HL.G6,0.05,0,0,,,0,0,""
6,real_vaso_log,real data,,,all,1,HL.G6,0.1,0,0,,,0,0,""
6,real_vaso_log,real data,,,all,1,HLF.G10,0.01,0,0,,,0,0,""
6,real_vaso_log,real data,,,all,1,HLF.G10,0.05,0,0,,,0,0,""
6,real_vaso_log,real data,,,all,1,HLF.G10,0.1,0,0,,,0,0,""
6,real_vaso_log,real data,,,all,1,HLF.Grule,0.01,0,0,,,0,0,""
6,real_vaso_log,real data,,,all,1,HLF.Grule,0.05,0,0,,,0,0,""
6,real_vaso_log,real data,,,all,1,HLF.Grule,0.1,0,0,,,0,0,""
6,real_vaso_log,real data,,,all,1,HLF.G6,0.01,0,0,,,0,0,""
6,real_vaso_log,real data,,,all,1,HLF.G6,0.05,0,0,,,0,0,""
6,real_vaso_log,real data,,,all,1,HLF.G6,0.1,0,0,,,0,0,""
6,real_vaso_log,real data,,,all,1,Stk.joint,0.01,0,0,,,0,0,""
6,real_vaso_log,real data,,,all,1,Stk.joint,0.05,0,0,,,0,0,""
6,real_vaso_log,real data,,,all,1,Stk.joint,0.1,0,0,,,0,0,""
6,real_vaso_log,real data,,,all,1,Stk.LR,0.01,0,0,,,1,,no p-value in any replicate
6,real_vaso_log,real data,,,all,1,Stk.LR,0.05,0,0,,,1,,no p-value in any replicate
6,real_vaso_log,real data,,,all,1,Stk.LR,0.1,0,0,,,1,,no p-value in any replicate
6,real_vaso_log,real data,,,all,1,Stk.sym1,0.01,0,0,,,0,0,""
6,real_vaso_log,real data,,,all,1,Stk.sym1,0.05,0,0,,,0,0,""
6,real_vaso_log,real data,,,all,1,Stk.sym1,0.1,0,0,,,0,0,""
6,real_vaso_log,real data,,,all,1,Stk.marg,0.01,0,0,,,0,0,""
6,real_vaso_log,real data,,,all,1,Stk.marg,0.05,0,0,,,0,0,""
6,real_vaso_log,real data,,,all,1,Stk.marg,0.1,0,0,,,0,0,""
6,real_vaso_log,real data,,,all,1,GiViTI,0.01,0,0,,,0,0,""
6,real_vaso_log,real data,,,all,1,GiViTI,0.05,0,0,,,0,0,""
6,real_vaso_log,real data,,,all,1,GiViTI,0.1,0,0,,,0,0,""
6,real_vaso_log,real data,,,all,1,GiViTI.t50,0.01,0,0,,,0,0,""
6,real_vaso_log,real data,,,all,1,GiViTI.t50,0.05,0,0,,,0,0,""
6,real_vaso_log,real data,,,all,1,GiViTI.t50,0.1,0,0,,,0,0,""
6,real_vaso_log,real data,,,all,1,Cubic.LR,0.01,0,0,,,0,0,""
6,real_vaso_log,real data,,,all,1,Cubic.LR,0.05,0,0,,,0,0,""
6,real_vaso_log,real data,,,all,1,Cubic.LR,0.1,1,0,,,0,1,""
6,real_vaso_log,real data,,,all,1,HL_w,0.01,0,0,,,0,0,""
6,real_vaso_log,real data,,,all,1,HL_w,0.05,0,0,,,0,0,""
6,real_vaso_log,real data,,,all,1,HL_w,0.1,0,0,,,0,0,""
6,real_vaso_log,real data,,,all,1,PH,0.01,0,0,,,0,0,""
6,real_vaso_log,real data,,,all,1,PH,0.05,0,0,,,0,0,""
6,real_vaso_log,real data,,,all,1,PH,0.1,0,0,,,0,0,""
6,real_vaso_log,real data,,,all,1,Tsiatis,0.01,0,0,,,0,0,""
6,real_vaso_log,real data,,,all,1,Tsiatis,0.05,0,0,,,0,0,""
6,real_vaso_log,real data,,,all,1,Tsiatis,0.1,0,0,,,0,0,""
6,real_vaso_log,real data,,,all,1,Xie,0.01,0,0,,,0,0,""
6,real_vaso_log,real data,,,all,1,Xie,0.05,0,0,,,0,0,""
6,real_vaso_log,real data,,,all,1,Xie,0.1,0,0,,,0,0,""
6,real_vaso_log,real data,,,all,1,PR,0.01,0,0,,,1,,no p-value in any replicate
6,real_vaso_log,real data,,,all,1,PR,0.05,0,0,,,1,,no p-value in any replicate
6,real_vaso_log,real data,,,all,1,PR,0.1,0,0,,,1,,no p-value in any replicate
6,real_uis_model19,real data,,,all,1,flag.evlt.G10,,0,,,,0,,flag rate: share of replicates with the flag = 1
6,real_uis_model19,real data,,,all,1,flag.evlt.Grule,,0,,,,0,,flag rate: share of replicates with the flag = 1
6,real_uis_model19,real data,,,all,1,flag.stk_half0,,0,,,,0,,flag rate: share of replicates with the flag = 1
6,real_uis_model19,real data,,,all,1,flag.stk_diag,,0,,,,0,,flag rate: share of replicates with the flag = 1
6,real_uis_model19,real data,,,all,1,flag.rivals_run,,1,,,,0,,flag rate: share of replicates with the flag = 1
6,real_uis_model19,real data,,,all,1,flag.degenerate,,0,,,,0,,flag rate: share of replicates with the flag = 1
6,real_uis_model19,real data,,,all,1,flag.info_guard,,0,,,,0,,flag rate: share of replicates with the flag = 1
6,real_uis_model19,real data,,,all,1,flag.rep_error,,0,,,,0,,flag rate: share of replicates with the flag = 1
6,real_uis_model19,real data,,,all,1,EDGE.poly3.u.G10,0.01,0,0,,,0,0,""
6,real_uis_model19,real data,,,all,1,EDGE.poly3.u.G10,0.05,0,0,,,0,0,""
6,real_uis_model19,real data,,,all,1,EDGE.poly3.u.G10,0.1,0,0,,,0,0,""
6,real_uis_model19,real data,,,all,1,EDGE.poly3.sc.G10,0.01,0,0,,,0,0,""
6,real_uis_model19,real data,,,all,1,EDGE.poly3.sc.G10,0.05,0,0,,,0,0,""
6,real_uis_model19,real data,,,all,1,EDGE.poly3.sc.G10,0.1,0,0,,,0,0,""
6,real_uis_model19,real data,,,all,1,EDGE.poly2.u.G10,0.01,0,0,,,0,0,""
6,real_uis_model19,real data,,,all,1,EDGE.poly2.u.G10,0.05,0,0,,,0,0,""
6,real_uis_model19,real data,,,all,1,EDGE.poly2.u.G10,0.1,0,0,,,0,0,""
6,real_uis_model19,real data,,,all,1,EDGE.poly2.sc.G10,0.01,0,0,,,0,0,""
6,real_uis_model19,real data,,,all,1,EDGE.poly2.sc.G10,0.05,0,0,,,0,0,""
6,real_uis_model19,real data,,,all,1,EDGE.poly2.sc.G10,0.1,0,0,,,0,0,""
6,real_uis_model19,real data,,,all,1,EDGE.stk.u.G10,0.01,0,0,,,0,0,""
6,real_uis_model19,real data,,,all,1,EDGE.stk.u.G10,0.05,0,0,,,0,0,""
6,real_uis_model19,real data,,,all,1,EDGE.stk.u.G10,0.1,0,0,,,0,0,""
6,real_uis_model19,real data,,,all,1,EDGE.stk.sc.G10,0.01,0,0,,,0,0,""
6,real_uis_model19,real data,,,all,1,EDGE.stk.sc.G10,0.05,0,0,,,0,0,""
6,real_uis_model19,real data,,,all,1,EDGE.stk.sc.G10,0.1,0,0,,,0,0,""
6,real_uis_model19,real data,,,all,1,EDGE.sym.u.G10,0.01,0,0,,,0,0,""
6,real_uis_model19,real data,,,all,1,EDGE.sym.u.G10,0.05,0,0,,,0,0,""
6,real_uis_model19,real data,,,all,1,EDGE.sym.u.G10,0.1,0,0,,,0,0,""
6,real_uis_model19,real data,,,all,1,EDGE.sym.sc.G10,0.01,0,0,,,0,0,""
6,real_uis_model19,real data,,,all,1,EDGE.sym.sc.G10,0.05,0,0,,,0,0,""
6,real_uis_model19,real data,,,all,1,EDGE.sym.sc.G10,0.1,0,0,,,0,0,""
6,real_uis_model19,real data,,,all,1,EDGE.poly3.u.Grule,0.01,0,0,,,0,0,""
6,real_uis_model19,real data,,,all,1,EDGE.poly3.u.Grule,0.05,0,0,,,0,0,""
6,real_uis_model19,real data,,,all,1,EDGE.poly3.u.Grule,0.1,0,0,,,0,0,""
6,real_uis_model19,real data,,,all,1,EDGE.poly3.sc.Grule,0.01,0,0,,,0,0,""
6,real_uis_model19,real data,,,all,1,EDGE.poly3.sc.Grule,0.05,0,0,,,0,0,""
6,real_uis_model19,real data,,,all,1,EDGE.poly3.sc.Grule,0.1,0,0,,,0,0,""
6,real_uis_model19,real data,,,all,1,EDGE.poly2.u.Grule,0.01,0,0,,,0,0,""
6,real_uis_model19,real data,,,all,1,EDGE.poly2.u.Grule,0.05,0,0,,,0,0,""
6,real_uis_model19,real data,,,all,1,EDGE.poly2.u.Grule,0.1,0,0,,,0,0,""
6,real_uis_model19,real data,,,all,1,EDGE.poly2.sc.Grule,0.01,0,0,,,0,0,""
6,real_uis_model19,real data,,,all,1,EDGE.poly2.sc.Grule,0.05,0,0,,,0,0,""
6,real_uis_model19,real data,,,all,1,EDGE.poly2.sc.Grule,0.1,0,0,,,0,0,""
6,real_uis_model19,real data,,,all,1,EDGE.stk.u.Grule,0.01,0,0,,,0,0,""
6,real_uis_model19,real data,,,all,1,EDGE.stk.u.Grule,0.05,0,0,,,0,0,""
6,real_uis_model19,real data,,,all,1,EDGE.stk.u.Grule,0.1,1,0,,,0,1,""
6,real_uis_model19,real data,,,all,1,EDGE.stk.sc.Grule,0.01,0,0,,,0,0,""
6,real_uis_model19,real data,,,all,1,EDGE.stk.sc.Grule,0.05,0,0,,,0,0,""
6,real_uis_model19,real data,,,all,1,EDGE.stk.sc.Grule,0.1,0,0,,,0,0,""
6,real_uis_model19,real data,,,all,1,EDGE.sym.u.Grule,0.01,0,0,,,0,0,""
6,real_uis_model19,real data,,,all,1,EDGE.sym.u.Grule,0.05,0,0,,,0,0,""
6,real_uis_model19,real data,,,all,1,EDGE.sym.u.Grule,0.1,0,0,,,0,0,""
6,real_uis_model19,real data,,,all,1,EDGE.sym.sc.Grule,0.01,0,0,,,0,0,""
6,real_uis_model19,real data,,,all,1,EDGE.sym.sc.Grule,0.05,0,0,,,0,0,""
6,real_uis_model19,real data,,,all,1,EDGE.sym.sc.Grule,0.1,0,0,,,0,0,""
6,real_uis_model19,real data,,,all,1,HL.G10,0.01,0,0,,,0,0,""
6,real_uis_model19,real data,,,all,1,HL.G10,0.05,0,0,,,0,0,""
6,real_uis_model19,real data,,,all,1,HL.G10,0.1,0,0,,,0,0,""
6,real_uis_model19,real data,,,all,1,HL.Grule,0.01,0,0,,,0,0,""
6,real_uis_model19,real data,,,all,1,HL.Grule,0.05,0,0,,,0,0,""
6,real_uis_model19,real data,,,all,1,HL.Grule,0.1,0,0,,,0,0,""
6,real_uis_model19,real data,,,all,1,HLF.G10,0.01,0,0,,,0,0,""
6,real_uis_model19,real data,,,all,1,HLF.G10,0.05,0,0,,,0,0,""
6,real_uis_model19,real data,,,all,1,HLF.G10,0.1,0,0,,,0,0,""
6,real_uis_model19,real data,,,all,1,HLF.Grule,0.01,0,0,,,0,0,""
6,real_uis_model19,real data,,,all,1,HLF.Grule,0.05,0,0,,,0,0,""
6,real_uis_model19,real data,,,all,1,HLF.Grule,0.1,0,0,,,0,0,""
6,real_uis_model19,real data,,,all,1,Stk.joint,0.01,0,0,,,0,0,""
6,real_uis_model19,real data,,,all,1,Stk.joint,0.05,0,0,,,0,0,""
6,real_uis_model19,real data,,,all,1,Stk.joint,0.1,0,0,,,0,0,""
6,real_uis_model19,real data,,,all,1,Stk.LR,0.01,0,0,,,0,0,""
6,real_uis_model19,real data,,,all,1,Stk.LR,0.05,0,0,,,0,0,""
6,real_uis_model19,real data,,,all,1,Stk.LR,0.1,1,0,,,0,1,""
6,real_uis_model19,real data,,,all,1,Stk.sym1,0.01,0,0,,,0,0,""
6,real_uis_model19,real data,,,all,1,Stk.sym1,0.05,0,0,,,0,0,""
6,real_uis_model19,real data,,,all,1,Stk.sym1,0.1,1,0,,,0,1,""
6,real_uis_model19,real data,,,all,1,Stk.marg,0.01,0,0,,,0,0,""
6,real_uis_model19,real data,,,all,1,Stk.marg,0.05,0,0,,,0,0,""
6,real_uis_model19,real data,,,all,1,Stk.marg,0.1,1,0,,,0,1,""
6,real_uis_model19,real data,,,all,1,GiViTI,0.01,0,0,,,0,0,""
6,real_uis_model19,real data,,,all,1,GiViTI,0.05,0,0,,,0,0,""
6,real_uis_model19,real data,,,all,1,GiViTI,0.1,0,0,,,0,0,""
6,real_uis_model19,real data,,,all,1,GiViTI.t50,0.01,0,0,,,0,0,""
6,real_uis_model19,real data,,,all,1,GiViTI.t50,0.05,0,0,,,0,0,""
6,real_uis_model19,real data,,,all,1,GiViTI.t50,0.1,0,0,,,0,0,""
6,real_uis_model19,real data,,,all,1,Cubic.LR,0.01,0,0,,,0,0,""
6,real_uis_model19,real data,,,all,1,Cubic.LR,0.05,0,0,,,0,0,""
6,real_uis_model19,real data,,,all,1,Cubic.LR,0.1,0,0,,,0,0,""
6,real_uis_model19,real data,,,all,1,HL_w,0.01,0,0,,,0,0,""
6,real_uis_model19,real data,,,all,1,HL_w,0.05,0,0,,,0,0,""
6,real_uis_model19,real data,,,all,1,HL_w,0.1,0,0,,,0,0,""
6,real_uis_model19,real data,,,all,1,PH,0.01,0,0,,,0,0,""
6,real_uis_model19,real data,,,all,1,PH,0.05,0,0,,,0,0,""
6,real_uis_model19,real data,,,all,1,PH,0.1,0,0,,,0,0,""
6,real_uis_model19,real data,,,all,1,Tsiatis,0.01,1,0,,,0,1,""
6,real_uis_model19,real data,,,all,1,Tsiatis,0.05,1,0,,,0,1,""
6,real_uis_model19,real data,,,all,1,Tsiatis,0.1,1,0,,,0,1,""
6,real_uis_model19,real data,,,all,1,Xie,0.01,0,0,,,0,0,""
6,real_uis_model19,real data,,,all,1,Xie,0.05,0,0,,,0,0,""
6,real_uis_model19,real data,,,all,1,Xie,0.1,1,0,,,0,1,""
6,real_uis_model19,real data,,,all,1,PR,0.01,0,0,,,0,0,""
6,real_uis_model19,real data,,,all,1,PR,0.05,0,0,,,0,0,""
6,real_uis_model19,real data,,,all,1,PR,0.1,0,0,,,0,0,""
6,real_diabetes_dev,real data,,,all,1,flag.evlt.G10,,0,,,,0,,flag rate: share of replicates with the flag = 1
6,real_diabetes_dev,real data,,,all,1,flag.evlt.Grule,,0,,,,0,,flag rate: share of replicates with the flag = 1
6,real_diabetes_dev,real data,,,all,1,flag.evlt.G50,,0,,,,0,,flag rate: share of replicates with the flag = 1
6,real_diabetes_dev,real data,,,all,1,flag.evlt.G200,,0,,,,0,,flag rate: share of replicates with the flag = 1
6,real_diabetes_dev,real data,,,all,1,flag.evlt.G1000,,0,,,,0,,flag rate: share of replicates with the flag = 1
6,real_diabetes_dev,real data,,,all,1,flag.evlt.G2000,,0,,,,0,,flag rate: share of replicates with the flag = 1
6,real_diabetes_dev,real data,,,all,1,flag.stk_half0,,0,,,,0,,flag rate: share of replicates with the flag = 1
6,real_diabetes_dev,real data,,,all,1,flag.stk_diag,,0,,,,0,,flag rate: share of replicates with the flag = 1
6,real_diabetes_dev,real data,,,all,1,flag.rivals_run,,0,,,,0,,flag rate: share of replicates with the flag = 1
6,real_diabetes_dev,real data,,,all,1,flag.degenerate,,0,,,,0,,flag rate: share of replicates with the flag = 1
6,real_diabetes_dev,real data,,,all,1,flag.info_guard,,0,,,,0,,flag rate: share of replicates with the flag = 1
6,real_diabetes_dev,real data,,,all,1,flag.rep_error,,0,,,,0,,flag rate: share of replicates with the flag = 1
6,real_diabetes_dev,real data,,,all,1,EDGE.poly3.u.G10,0.01,1,0,,,0,1,""
6,real_diabetes_dev,real data,,,all,1,EDGE.poly3.u.G10,0.05,1,0,,,0,1,""
6,real_diabetes_dev,real data,,,all,1,EDGE.poly3.u.G10,0.1,1,0,,,0,1,""
6,real_diabetes_dev,real data,,,all,1,EDGE.poly3.sc.G10,0.01,1,0,,,0,1,""
6,real_diabetes_dev,real data,,,all,1,EDGE.poly3.sc.G10,0.05,1,0,,,0,1,""
6,real_diabetes_dev,real data,,,all,1,EDGE.poly3.sc.G10,0.1,1,0,,,0,1,""
6,real_diabetes_dev,real data,,,all,1,EDGE.poly2.u.G10,0.01,1,0,,,0,1,""
6,real_diabetes_dev,real data,,,all,1,EDGE.poly2.u.G10,0.05,1,0,,,0,1,""
6,real_diabetes_dev,real data,,,all,1,EDGE.poly2.u.G10,0.1,1,0,,,0,1,""
6,real_diabetes_dev,real data,,,all,1,EDGE.poly2.sc.G10,0.01,1,0,,,0,1,""
6,real_diabetes_dev,real data,,,all,1,EDGE.poly2.sc.G10,0.05,1,0,,,0,1,""
6,real_diabetes_dev,real data,,,all,1,EDGE.poly2.sc.G10,0.1,1,0,,,0,1,""
6,real_diabetes_dev,real data,,,all,1,EDGE.stk.u.G10,0.01,1,0,,,0,1,""
6,real_diabetes_dev,real data,,,all,1,EDGE.stk.u.G10,0.05,1,0,,,0,1,""
6,real_diabetes_dev,real data,,,all,1,EDGE.stk.u.G10,0.1,1,0,,,0,1,""
6,real_diabetes_dev,real data,,,all,1,EDGE.stk.sc.G10,0.01,1,0,,,0,1,""
6,real_diabetes_dev,real data,,,all,1,EDGE.stk.sc.G10,0.05,1,0,,,0,1,""
6,real_diabetes_dev,real data,,,all,1,EDGE.stk.sc.G10,0.1,1,0,,,0,1,""
6,real_diabetes_dev,real data,,,all,1,EDGE.sym.u.G10,0.01,1,0,,,0,1,""
6,real_diabetes_dev,real data,,,all,1,EDGE.sym.u.G10,0.05,1,0,,,0,1,""
6,real_diabetes_dev,real data,,,all,1,EDGE.sym.u.G10,0.1,1,0,,,0,1,""
6,real_diabetes_dev,real data,,,all,1,EDGE.sym.sc.G10,0.01,1,0,,,0,1,""
6,real_diabetes_dev,real data,,,all,1,EDGE.sym.sc.G10,0.05,1,0,,,0,1,""
6,real_diabetes_dev,real data,,,all,1,EDGE.sym.sc.G10,0.1,1,0,,,0,1,""
6,real_diabetes_dev,real data,,,all,1,EDGE.poly3.u.Grule,0.01,1,0,,,0,1,""
6,real_diabetes_dev,real data,,,all,1,EDGE.poly3.u.Grule,0.05,1,0,,,0,1,""
6,real_diabetes_dev,real data,,,all,1,EDGE.poly3.u.Grule,0.1,1,0,,,0,1,""
6,real_diabetes_dev,real data,,,all,1,EDGE.poly3.sc.Grule,0.01,1,0,,,0,1,""
6,real_diabetes_dev,real data,,,all,1,EDGE.poly3.sc.Grule,0.05,1,0,,,0,1,""
6,real_diabetes_dev,real data,,,all,1,EDGE.poly3.sc.Grule,0.1,1,0,,,0,1,""
6,real_diabetes_dev,real data,,,all,1,EDGE.poly2.u.Grule,0.01,1,0,,,0,1,""
6,real_diabetes_dev,real data,,,all,1,EDGE.poly2.u.Grule,0.05,1,0,,,0,1,""
6,real_diabetes_dev,real data,,,all,1,EDGE.poly2.u.Grule,0.1,1,0,,,0,1,""
6,real_diabetes_dev,real data,,,all,1,EDGE.poly2.sc.Grule,0.01,1,0,,,0,1,""
6,real_diabetes_dev,real data,,,all,1,EDGE.poly2.sc.Grule,0.05,1,0,,,0,1,""
6,real_diabetes_dev,real data,,,all,1,EDGE.poly2.sc.Grule,0.1,1,0,,,0,1,""
6,real_diabetes_dev,real data,,,all,1,EDGE.stk.u.Grule,0.01,1,0,,,0,1,""
6,real_diabetes_dev,real data,,,all,1,EDGE.stk.u.Grule,0.05,1,0,,,0,1,""
6,real_diabetes_dev,real data,,,all,1,EDGE.stk.u.Grule,0.1,1,0,,,0,1,""
6,real_diabetes_dev,real data,,,all,1,EDGE.stk.sc.Grule,0.01,1,0,,,0,1,""
6,real_diabetes_dev,real data,,,all,1,EDGE.stk.sc.Grule,0.05,1,0,,,0,1,""
6,real_diabetes_dev,real data,,,all,1,EDGE.stk.sc.Grule,0.1,1,0,,,0,1,""
6,real_diabetes_dev,real data,,,all,1,EDGE.sym.u.Grule,0.01,1,0,,,0,1,""
6,real_diabetes_dev,real data,,,all,1,EDGE.sym.u.Grule,0.05,1,0,,,0,1,""
6,real_diabetes_dev,real data,,,all,1,EDGE.sym.u.Grule,0.1,1,0,,,0,1,""
6,real_diabetes_dev,real data,,,all,1,EDGE.sym.sc.Grule,0.01,1,0,,,0,1,""
6,real_diabetes_dev,real data,,,all,1,EDGE.sym.sc.Grule,0.05,1,0,,,0,1,""
6,real_diabetes_dev,real data,,,all,1,EDGE.sym.sc.Grule,0.1,1,0,,,0,1,""
6,real_diabetes_dev,real data,,,all,1,EDGE.poly3.u.G50,0.01,1,0,,,0,1,""
6,real_diabetes_dev,real data,,,all,1,EDGE.poly3.u.G50,0.05,1,0,,,0,1,""
6,real_diabetes_dev,real data,,,all,1,EDGE.poly3.u.G50,0.1,1,0,,,0,1,""
6,real_diabetes_dev,real data,,,all,1,EDGE.poly3.sc.G50,0.01,1,0,,,0,1,""
6,real_diabetes_dev,real data,,,all,1,EDGE.poly3.sc.G50,0.05,1,0,,,0,1,""
6,real_diabetes_dev,real data,,,all,1,EDGE.poly3.sc.G50,0.1,1,0,,,0,1,""
6,real_diabetes_dev,real data,,,all,1,EDGE.poly2.u.G50,0.01,1,0,,,0,1,""
6,real_diabetes_dev,real data,,,all,1,EDGE.poly2.u.G50,0.05,1,0,,,0,1,""
6,real_diabetes_dev,real data,,,all,1,EDGE.poly2.u.G50,0.1,1,0,,,0,1,""
6,real_diabetes_dev,real data,,,all,1,EDGE.poly2.sc.G50,0.01,1,0,,,0,1,""
6,real_diabetes_dev,real data,,,all,1,EDGE.poly2.sc.G50,0.05,1,0,,,0,1,""
6,real_diabetes_dev,real data,,,all,1,EDGE.poly2.sc.G50,0.1,1,0,,,0,1,""
6,real_diabetes_dev,real data,,,all,1,EDGE.stk.u.G50,0.01,1,0,,,0,1,""
6,real_diabetes_dev,real data,,,all,1,EDGE.stk.u.G50,0.05,1,0,,,0,1,""
6,real_diabetes_dev,real data,,,all,1,EDGE.stk.u.G50,0.1,1,0,,,0,1,""
6,real_diabetes_dev,real data,,,all,1,EDGE.stk.sc.G50,0.01,1,0,,,0,1,""
6,real_diabetes_dev,real data,,,all,1,EDGE.stk.sc.G50,0.05,1,0,,,0,1,""
6,real_diabetes_dev,real data,,,all,1,EDGE.stk.sc.G50,0.1,1,0,,,0,1,""
6,real_diabetes_dev,real data,,,all,1,EDGE.sym.u.G50,0.01,1,0,,,0,1,""
6,real_diabetes_dev,real data,,,all,1,EDGE.sym.u.G50,0.05,1,0,,,0,1,""
6,real_diabetes_dev,real data,,,all,1,EDGE.sym.u.G50,0.1,1,0,,,0,1,""
6,real_diabetes_dev,real data,,,all,1,EDGE.sym.sc.G50,0.01,1,0,,,0,1,""
6,real_diabetes_dev,real data,,,all,1,EDGE.sym.sc.G50,0.05,1,0,,,0,1,""
6,real_diabetes_dev,real data,,,all,1,EDGE.sym.sc.G50,0.1,1,0,,,0,1,""
6,real_diabetes_dev,real data,,,all,1,EDGE.poly3.u.G200,0.01,1,0,,,0,1,""
6,real_diabetes_dev,real data,,,all,1,EDGE.poly3.u.G200,0.05,1,0,,,0,1,""
6,real_diabetes_dev,real data,,,all,1,EDGE.poly3.u.G200,0.1,1,0,,,0,1,""
6,real_diabetes_dev,real data,,,all,1,EDGE.poly3.sc.G200,0.01,1,0,,,0,1,""
6,real_diabetes_dev,real data,,,all,1,EDGE.poly3.sc.G200,0.05,1,0,,,0,1,""
6,real_diabetes_dev,real data,,,all,1,EDGE.poly3.sc.G200,0.1,1,0,,,0,1,""
6,real_diabetes_dev,real data,,,all,1,EDGE.poly2.u.G200,0.01,1,0,,,0,1,""
6,real_diabetes_dev,real data,,,all,1,EDGE.poly2.u.G200,0.05,1,0,,,0,1,""
6,real_diabetes_dev,real data,,,all,1,EDGE.poly2.u.G200,0.1,1,0,,,0,1,""
6,real_diabetes_dev,real data,,,all,1,EDGE.poly2.sc.G200,0.01,1,0,,,0,1,""
6,real_diabetes_dev,real data,,,all,1,EDGE.poly2.sc.G200,0.05,1,0,,,0,1,""
6,real_diabetes_dev,real data,,,all,1,EDGE.poly2.sc.G200,0.1,1,0,,,0,1,""
6,real_diabetes_dev,real data,,,all,1,EDGE.stk.u.G200,0.01,1,0,,,0,1,""
6,real_diabetes_dev,real data,,,all,1,EDGE.stk.u.G200,0.05,1,0,,,0,1,""
6,real_diabetes_dev,real data,,,all,1,EDGE.stk.u.G200,0.1,1,0,,,0,1,""
6,real_diabetes_dev,real data,,,all,1,EDGE.stk.sc.G200,0.01,1,0,,,0,1,""
6,real_diabetes_dev,real data,,,all,1,EDGE.stk.sc.G200,0.05,1,0,,,0,1,""
6,real_diabetes_dev,real data,,,all,1,EDGE.stk.sc.G200,0.1,1,0,,,0,1,""
6,real_diabetes_dev,real data,,,all,1,EDGE.sym.u.G200,0.01,1,0,,,0,1,""
6,real_diabetes_dev,real data,,,all,1,EDGE.sym.u.G200,0.05,1,0,,,0,1,""
6,real_diabetes_dev,real data,,,all,1,EDGE.sym.u.G200,0.1,1,0,,,0,1,""
6,real_diabetes_dev,real data,,,all,1,EDGE.sym.sc.G200,0.01,1,0,,,0,1,""
6,real_diabetes_dev,real data,,,all,1,EDGE.sym.sc.G200,0.05,1,0,,,0,1,""
6,real_diabetes_dev,real data,,,all,1,EDGE.sym.sc.G200,0.1,1,0,,,0,1,""
6,real_diabetes_dev,real data,,,all,1,EDGE.poly3.u.G1000,0.01,1,0,,,0,1,""
6,real_diabetes_dev,real data,,,all,1,EDGE.poly3.u.G1000,0.05,1,0,,,0,1,""
6,real_diabetes_dev,real data,,,all,1,EDGE.poly3.u.G1000,0.1,1,0,,,0,1,""
6,real_diabetes_dev,real data,,,all,1,EDGE.poly3.sc.G1000,0.01,1,0,,,0,1,""
6,real_diabetes_dev,real data,,,all,1,EDGE.poly3.sc.G1000,0.05,1,0,,,0,1,""
6,real_diabetes_dev,real data,,,all,1,EDGE.poly3.sc.G1000,0.1,1,0,,,0,1,""
6,real_diabetes_dev,real data,,,all,1,EDGE.poly2.u.G1000,0.01,1,0,,,0,1,""
6,real_diabetes_dev,real data,,,all,1,EDGE.poly2.u.G1000,0.05,1,0,,,0,1,""
6,real_diabetes_dev,real data,,,all,1,EDGE.poly2.u.G1000,0.1,1,0,,,0,1,""
6,real_diabetes_dev,real data,,,all,1,EDGE.poly2.sc.G1000,0.01,1,0,,,0,1,""
6,real_diabetes_dev,real data,,,all,1,EDGE.poly2.sc.G1000,0.05,1,0,,,0,1,""
6,real_diabetes_dev,real data,,,all,1,EDGE.poly2.sc.G1000,0.1,1,0,,,0,1,""
6,real_diabetes_dev,real data,,,all,1,EDGE.stk.u.G1000,0.01,1,0,,,0,1,""
6,real_diabetes_dev,real data,,,all,1,EDGE.stk.u.G1000,0.05,1,0,,,0,1,""
6,real_diabetes_dev,real data,,,all,1,EDGE.stk.u.G1000,0.1,1,0,,,0,1,""
6,real_diabetes_dev,real data,,,all,1,EDGE.stk.sc.G1000,0.01,1,0,,,0,1,""
6,real_diabetes_dev,real data,,,all,1,EDGE.stk.sc.G1000,0.05,1,0,,,0,1,""
6,real_diabetes_dev,real data,,,all,1,EDGE.stk.sc.G1000,0.1,1,0,,,0,1,""
6,real_diabetes_dev,real data,,,all,1,EDGE.sym.u.G1000,0.01,1,0,,,0,1,""
6,real_diabetes_dev,real data,,,all,1,EDGE.sym.u.G1000,0.05,1,0,,,0,1,""
6,real_diabetes_dev,real data,,,all,1,EDGE.sym.u.G1000,0.1,1,0,,,0,1,""
6,real_diabetes_dev,real data,,,all,1,EDGE.sym.sc.G1000,0.01,1,0,,,0,1,""
6,real_diabetes_dev,real data,,,all,1,EDGE.sym.sc.G1000,0.05,1,0,,,0,1,""
6,real_diabetes_dev,real data,,,all,1,EDGE.sym.sc.G1000,0.1,1,0,,,0,1,""
6,real_diabetes_dev,real data,,,all,1,EDGE.poly3.u.G2000,0.01,1,0,,,0,1,""
6,real_diabetes_dev,real data,,,all,1,EDGE.poly3.u.G2000,0.05,1,0,,,0,1,""
6,real_diabetes_dev,real data,,,all,1,EDGE.poly3.u.G2000,0.1,1,0,,,0,1,""
6,real_diabetes_dev,real data,,,all,1,EDGE.poly3.sc.G2000,0.01,1,0,,,0,1,""
6,real_diabetes_dev,real data,,,all,1,EDGE.poly3.sc.G2000,0.05,1,0,,,0,1,""
6,real_diabetes_dev,real data,,,all,1,EDGE.poly3.sc.G2000,0.1,1,0,,,0,1,""
6,real_diabetes_dev,real data,,,all,1,EDGE.poly2.u.G2000,0.01,1,0,,,0,1,""
6,real_diabetes_dev,real data,,,all,1,EDGE.poly2.u.G2000,0.05,1,0,,,0,1,""
6,real_diabetes_dev,real data,,,all,1,EDGE.poly2.u.G2000,0.1,1,0,,,0,1,""
6,real_diabetes_dev,real data,,,all,1,EDGE.poly2.sc.G2000,0.01,1,0,,,0,1,""
6,real_diabetes_dev,real data,,,all,1,EDGE.poly2.sc.G2000,0.05,1,0,,,0,1,""
6,real_diabetes_dev,real data,,,all,1,EDGE.poly2.sc.G2000,0.1,1,0,,,0,1,""
6,real_diabetes_dev,real data,,,all,1,EDGE.stk.u.G2000,0.01,1,0,,,0,1,""
6,real_diabetes_dev,real data,,,all,1,EDGE.stk.u.G2000,0.05,1,0,,,0,1,""
6,real_diabetes_dev,real data,,,all,1,EDGE.stk.u.G2000,0.1,1,0,,,0,1,""
6,real_diabetes_dev,real data,,,all,1,EDGE.stk.sc.G2000,0.01,1,0,,,0,1,""
6,real_diabetes_dev,real data,,,all,1,EDGE.stk.sc.G2000,0.05,1,0,,,0,1,""
6,real_diabetes_dev,real data,,,all,1,EDGE.stk.sc.G2000,0.1,1,0,,,0,1,""
6,real_diabetes_dev,real data,,,all,1,EDGE.sym.u.G2000,0.01,1,0,,,0,1,""
6,real_diabetes_dev,real data,,,all,1,EDGE.sym.u.G2000,0.05,1,0,,,0,1,""
6,real_diabetes_dev,real data,,,all,1,EDGE.sym.u.G2000,0.1,1,0,,,0,1,""
6,real_diabetes_dev,real data,,,all,1,EDGE.sym.sc.G2000,0.01,1,0,,,0,1,""
6,real_diabetes_dev,real data,,,all,1,EDGE.sym.sc.G2000,0.05,1,0,,,0,1,""
6,real_diabetes_dev,real data,,,all,1,EDGE.sym.sc.G2000,0.1,1,0,,,0,1,""
6,real_diabetes_dev,real data,,,all,1,HL.G10,0.01,1,0,,,0,1,""
6,real_diabetes_dev,real data,,,all,1,HL.G10,0.05,1,0,,,0,1,""
6,real_diabetes_dev,real data,,,all,1,HL.G10,0.1,1,0,,,0,1,""
6,real_diabetes_dev,real data,,,all,1,HL.Grule,0.01,0,0,,,0,0,""
6,real_diabetes_dev,real data,,,all,1,HL.Grule,0.05,1,0,,,0,1,""
6,real_diabetes_dev,real data,,,all,1,HL.Grule,0.1,1,0,,,0,1,""
6,real_diabetes_dev,real data,,,all,1,HL.G50,0.01,1,0,,,0,1,""
6,real_diabetes_dev,real data,,,all,1,HL.G50,0.05,1,0,,,0,1,""
6,real_diabetes_dev,real data,,,all,1,HL.G50,0.1,1,0,,,0,1,""
6,real_diabetes_dev,real data,,,all,1,HL.G200,0.01,1,0,,,0,1,""
6,real_diabetes_dev,real data,,,all,1,HL.G200,0.05,1,0,,,0,1,""
6,real_diabetes_dev,real data,,,all,1,HL.G200,0.1,1,0,,,0,1,""
6,real_diabetes_dev,real data,,,all,1,HL.G1000,0.01,1,0,,,0,1,""
6,real_diabetes_dev,real data,,,all,1,HL.G1000,0.05,1,0,,,0,1,""
6,real_diabetes_dev,real data,,,all,1,HL.G1000,0.1,1,0,,,0,1,""
6,real_diabetes_dev,real data,,,all,1,HL.G2000,0.01,0,0,,,0,0,""
6,real_diabetes_dev,real data,,,all,1,HL.G2000,0.05,0,0,,,0,0,""
6,real_diabetes_dev,real data,,,all,1,HL.G2000,0.1,0,0,,,0,0,""
6,real_diabetes_dev,real data,,,all,1,HLF.G10,0.01,1,0,,,0,1,""
6,real_diabetes_dev,real data,,,all,1,HLF.G10,0.05,1,0,,,0,1,""
6,real_diabetes_dev,real data,,,all,1,HLF.G10,0.1,1,0,,,0,1,""
6,real_diabetes_dev,real data,,,all,1,HLF.Grule,0.01,0,0,,,0,0,""
6,real_diabetes_dev,real data,,,all,1,HLF.Grule,0.05,0,0,,,0,0,""
6,real_diabetes_dev,real data,,,all,1,HLF.Grule,0.1,1,0,,,0,1,""
6,real_diabetes_dev,real data,,,all,1,HLF.G50,0.01,1,0,,,0,1,""
6,real_diabetes_dev,real data,,,all,1,HLF.G50,0.05,1,0,,,0,1,""
6,real_diabetes_dev,real data,,,all,1,HLF.G50,0.1,1,0,,,0,1,""
6,real_diabetes_dev,real data,,,all,1,HLF.G200,0.01,1,0,,,0,1,""
6,real_diabetes_dev,real data,,,all,1,HLF.G200,0.05,1,0,,,0,1,""
6,real_diabetes_dev,real data,,,all,1,HLF.G200,0.1,1,0,,,0,1,""
6,real_diabetes_dev,real data,,,all,1,HLF.G1000,0.01,0,0,,,0,0,""
6,real_diabetes_dev,real data,,,all,1,HLF.G1000,0.05,1,0,,,0,1,""
6,real_diabetes_dev,real data,,,all,1,HLF.G1000,0.1,1,0,,,0,1,""
6,real_diabetes_dev,real data,,,all,1,HLF.G2000,0.01,0,0,,,0,0,""
6,real_diabetes_dev,real data,,,all,1,HLF.G2000,0.05,0,0,,,0,0,""
6,real_diabetes_dev,real data,,,all,1,HLF.G2000,0.1,0,0,,,0,0,""
6,real_diabetes_dev,real data,,,all,1,Stk.joint,0.01,1,0,,,0,1,""
6,real_diabetes_dev,real data,,,all,1,Stk.joint,0.05,1,0,,,0,1,""
6,real_diabetes_dev,real data,,,all,1,Stk.joint,0.1,1,0,,,0,1,""
6,real_diabetes_dev,real data,,,all,1,Stk.LR,0.01,1,0,,,0,1,""
6,real_diabetes_dev,real data,,,all,1,Stk.LR,0.05,1,0,,,0,1,""
6,real_diabetes_dev,real data,,,all,1,Stk.LR,0.1,1,0,,,0,1,""
6,real_diabetes_dev,real data,,,all,1,Stk.sym1,0.01,1,0,,,0,1,""
6,real_diabetes_dev,real data,,,all,1,Stk.sym1,0.05,1,0,,,0,1,""
6,real_diabetes_dev,real data,,,all,1,Stk.sym1,0.1,1,0,,,0,1,""
6,real_diabetes_dev,real data,,,all,1,Stk.marg,0.01,1,0,,,0,1,""
6,real_diabetes_dev,real data,,,all,1,Stk.marg,0.05,1,0,,,0,1,""
6,real_diabetes_dev,real data,,,all,1,Stk.marg,0.1,1,0,,,0,1,""
6,real_diabetes_dev,real data,,,all,1,GiViTI,0.01,1,0,,,0,1,""
6,real_diabetes_dev,real data,,,all,1,GiViTI,0.05,1,0,,,0,1,""
6,real_diabetes_dev,real data,,,all,1,GiViTI,0.1,1,0,,,0,1,""
6,real_diabetes_dev,real data,,,all,1,GiViTI.t50,0.01,1,0,,,0,1,""
6,real_diabetes_dev,real data,,,all,1,GiViTI.t50,0.05,1,0,,,0,1,""
6,real_diabetes_dev,real data,,,all,1,GiViTI.t50,0.1,1,0,,,0,1,""
6,real_diabetes_dev,real data,,,all,1,Cubic.LR,0.01,1,0,,,0,1,""
6,real_diabetes_dev,real data,,,all,1,Cubic.LR,0.05,1,0,,,0,1,""
6,real_diabetes_dev,real data,,,all,1,Cubic.LR,0.1,1,0,,,0,1,""
6,real_diabetes_dev,real data,,,all,1,HL_w,0.01,0,0,,,1,,"not run (n >= 10,000)"
6,real_diabetes_dev,real data,,,all,1,HL_w,0.05,0,0,,,1,,"not run (n >= 10,000)"
6,real_diabetes_dev,real data,,,all,1,HL_w,0.1,0,0,,,1,,"not run (n >= 10,000)"
6,real_diabetes_dev,real data,,,all,1,PH,0.01,0,0,,,1,,"not run (n >= 10,000)"
6,real_diabetes_dev,real data,,,all,1,PH,0.05,0,0,,,1,,"not run (n >= 10,000)"
6,real_diabetes_dev,real data,,,all,1,PH,0.1,0,0,,,1,,"not run (n >= 10,000)"
6,real_diabetes_dev,real data,,,all,1,Tsiatis,0.01,0,0,,,1,,"not run (n >= 10,000)"
6,real_diabetes_dev,real data,,,all,1,Tsiatis,0.05,0,0,,,1,,"not run (n >= 10,000)"
6,real_diabetes_dev,real data,,,all,1,Tsiatis,0.1,0,0,,,1,,"not run (n >= 10,000)"
6,real_diabetes_dev,real data,,,all,1,Xie,0.01,0,0,,,1,,"not run (n >= 10,000)"
6,real_diabetes_dev,real data,,,all,1,Xie,0.05,0,0,,,1,,"not run (n >= 10,000)"
6,real_diabetes_dev,real data,,,all,1,Xie,0.1,0,0,,,1,,"not run (n >= 10,000)"
6,real_diabetes_dev,real data,,,all,1,PR,0.01,0,0,,,1,,"not run (n >= 10,000)"
6,real_diabetes_dev,real data,,,all,1,PR,0.05,0,0,,,1,,"not run (n >= 10,000)"
6,real_diabetes_dev,real data,,,all,1,PR,0.1,0,0,,,1,,"not run (n >= 10,000)"
6,real_diabetes_val,real data,,,all,1,flag.rep_error,,0,,,,0,,flag rate: share of replicates with the flag = 1
6,real_diabetes_val,real data,,,all,1,EDGE.stk4,0.01,1,0,,,0,1,""
6,real_diabetes_val,real data,,,all,1,EDGE.stk4,0.05,1,0,,,0,1,""
6,real_diabetes_val,real data,,,all,1,EDGE.stk4,0.1,1,0,,,0,1,""
6,real_diabetes_val,real data,,,all,1,EDGE.poly4,0.01,1,0,,,0,1,""
6,real_diabetes_val,real data,,,all,1,EDGE.poly4,0.05,1,0,,,0,1,""
6,real_diabetes_val,real data,,,all,1,EDGE.poly4,0.1,1,0,,,0,1,""
6,real_diabetes_val,real data,,,all,1,SlopeLRT,0.01,0,0,,,0,0,""
6,real_diabetes_val,real data,,,all,1,SlopeLRT,0.05,0,0,,,0,0,""
6,real_diabetes_val,real data,,,all,1,SlopeLRT,0.1,0,0,,,0,0,""
6,real_diabetes_val,real data,,,all,1,EDGE.slope2,0.01,0,0,,,0,0,""
6,real_diabetes_val,real data,,,all,1,EDGE.slope2,0.05,0,0,,,0,0,""
6,real_diabetes_val,real data,,,all,1,EDGE.slope2,0.1,0,0,,,0,0,""
6,real_diabetes_val,real data,,,all,1,HL.ext,0.01,0,0,,,0,0,""
6,real_diabetes_val,real data,,,all,1,HL.ext,0.05,1,0,,,0,1,""
6,real_diabetes_val,real data,,,all,1,HL.ext,0.1,1,0,,,0,1,""
6,real_diabetes_val,real data,,,all,1,GiViTI.ext,0.01,1,0,,,0,1,""
6,real_diabetes_val,real data,,,all,1,GiViTI.ext,0.05,1,0,,,0,1,""
6,real_diabetes_val,real data,,,all,1,GiViTI.ext,0.1,1,0,,,0,1,""
6,real_diabetes_val,real data,,,all,1,EDGE.sym3,0.01,1,0,,,0,1,""
6,real_diabetes_val,real data,,,all,1,EDGE.sym3,0.05,1,0,,,0,1,""
6,real_diabetes_val,real data,,,all,1,EDGE.sym3,0.1,1,0,,,0,1,""
6,real_diabetes_val,real data,,,all,1,EDGE.stk4.G10,0.01,1,0,,,0,1,""
6,real_diabetes_val,real data,,,all,1,EDGE.stk4.G10,0.05,1,0,,,0,1,""
6,real_diabetes_val,real data,,,all,1,EDGE.stk4.G10,0.1,1,0,,,0,1,""
6,real_diabetes_val,real data,,,all,1,EDGE.poly4.G10,0.01,1,0,,,0,1,""
6,real_diabetes_val,real data,,,all,1,EDGE.poly4.G10,0.05,1,0,,,0,1,""
6,real_diabetes_val,real data,,,all,1,EDGE.poly4.G10,0.1,1,0,,,0,1,""
6,real_diabetes_val,real data,,,all,1,EDGE.slope2.G10,0.01,0,0,,,0,0,""
6,real_diabetes_val,real data,,,all,1,EDGE.slope2.G10,0.05,1,0,,,0,1,""
6,real_diabetes_val,real data,,,all,1,EDGE.slope2.G10,0.1,1,0,,,0,1,""
6,real_diabetes_val,real data,,,all,1,EDGE.sym3.G10,0.01,1,0,,,0,1,""
6,real_diabetes_val,real data,,,all,1,EDGE.sym3.G10,0.05,1,0,,,0,1,""
6,real_diabetes_val,real data,,,all,1,EDGE.sym3.G10,0.1,1,0,,,0,1,""
6,real_diabetes_val,real data,,,all,1,HL.ext.G10,0.01,1,0,,,0,1,""
6,real_diabetes_val,real data,,,all,1,HL.ext.G10,0.05,1,0,,,0,1,""
6,real_diabetes_val,real data,,,all,1,HL.ext.G10,0.1,1,0,,,0,1,""
6,real_diabetes_val,real data,,,all,1,EDGE.stk4.G50,0.01,1,0,,,0,1,""
6,real_diabetes_val,real data,,,all,1,EDGE.stk4.G50,0.05,1,0,,,0,1,""
6,real_diabetes_val,real data,,,all,1,EDGE.stk4.G50,0.1,1,0,,,0,1,""
6,real_diabetes_val,real data,,,all,1,EDGE.poly4.G50,0.01,1,0,,,0,1,""
6,real_diabetes_val,real data,,,all,1,EDGE.poly4.G50,0.05,1,0,,,0,1,""
6,real_diabetes_val,real data,,,all,1,EDGE.poly4.G50,0.1,1,0,,,0,1,""
6,real_diabetes_val,real data,,,all,1,EDGE.slope2.G50,0.01,0,0,,,0,0,""
6,real_diabetes_val,real data,,,all,1,EDGE.slope2.G50,0.05,0,0,,,0,0,""
6,real_diabetes_val,real data,,,all,1,EDGE.slope2.G50,0.1,0,0,,,0,0,""
6,real_diabetes_val,real data,,,all,1,EDGE.sym3.G50,0.01,1,0,,,0,1,""
6,real_diabetes_val,real data,,,all,1,EDGE.sym3.G50,0.05,1,0,,,0,1,""
6,real_diabetes_val,real data,,,all,1,EDGE.sym3.G50,0.1,1,0,,,0,1,""
6,real_diabetes_val,real data,,,all,1,HL.ext.G50,0.01,1,0,,,0,1,""
6,real_diabetes_val,real data,,,all,1,HL.ext.G50,0.05,1,0,,,0,1,""
6,real_diabetes_val,real data,,,all,1,HL.ext.G50,0.1,1,0,,,0,1,""
6,real_diabetes_val,real data,,,all,1,EDGE.stk4.G200,0.01,1,0,,,0,1,""
6,real_diabetes_val,real data,,,all,1,EDGE.stk4.G200,0.05,1,0,,,0,1,""
6,real_diabetes_val,real data,,,all,1,EDGE.stk4.G200,0.1,1,0,,,0,1,""
6,real_diabetes_val,real data,,,all,1,EDGE.poly4.G200,0.01,1,0,,,0,1,""
6,real_diabetes_val,real data,,,all,1,EDGE.poly4.G200,0.05,1,0,,,0,1,""
6,real_diabetes_val,real data,,,all,1,EDGE.poly4.G200,0.1,1,0,,,0,1,""
6,real_diabetes_val,real data,,,all,1,EDGE.slope2.G200,0.01,0,0,,,0,0,""
6,real_diabetes_val,real data,,,all,1,EDGE.slope2.G200,0.05,0,0,,,0,0,""
6,real_diabetes_val,real data,,,all,1,EDGE.slope2.G200,0.1,0,0,,,0,0,""
6,real_diabetes_val,real data,,,all,1,EDGE.sym3.G200,0.01,1,0,,,0,1,""
6,real_diabetes_val,real data,,,all,1,EDGE.sym3.G200,0.05,1,0,,,0,1,""
6,real_diabetes_val,real data,,,all,1,EDGE.sym3.G200,0.1,1,0,,,0,1,""
6,real_diabetes_val,real data,,,all,1,HL.ext.G200,0.01,1,0,,,0,1,""
6,real_diabetes_val,real data,,,all,1,HL.ext.G200,0.05,1,0,,,0,1,""
6,real_diabetes_val,real data,,,all,1,HL.ext.G200,0.1,1,0,,,0,1,""
6,real_diabetes_val,real data,,,all,1,EDGE.stk4.G1000,0.01,1,0,,,0,1,""
6,real_diabetes_val,real data,,,all,1,EDGE.stk4.G1000,0.05,1,0,,,0,1,""
6,real_diabetes_val,real data,,,all,1,EDGE.stk4.G1000,0.1,1,0,,,0,1,""
6,real_diabetes_val,real data,,,all,1,EDGE.poly4.G1000,0.01,1,0,,,0,1,""
6,real_diabetes_val,real data,,,all,1,EDGE.poly4.G1000,0.05,1,0,,,0,1,""
6,real_diabetes_val,real data,,,all,1,EDGE.poly4.G1000,0.1,1,0,,,0,1,""
6,real_diabetes_val,real data,,,all,1,EDGE.slope2.G1000,0.01,0,0,,,0,0,""
6,real_diabetes_val,real data,,,all,1,EDGE.slope2.G1000,0.05,0,0,,,0,0,""
6,real_diabetes_val,real data,,,all,1,EDGE.slope2.G1000,0.1,0,0,,,0,0,""
6,real_diabetes_val,real data,,,all,1,EDGE.sym3.G1000,0.01,1,0,,,0,1,""
6,real_diabetes_val,real data,,,all,1,EDGE.sym3.G1000,0.05,1,0,,,0,1,""
6,real_diabetes_val,real data,,,all,1,EDGE.sym3.G1000,0.1,1,0,,,0,1,""
6,real_diabetes_val,real data,,,all,1,HL.ext.G1000,0.01,1,0,,,0,1,""
6,real_diabetes_val,real data,,,all,1,HL.ext.G1000,0.05,1,0,,,0,1,""
6,real_diabetes_val,real data,,,all,1,HL.ext.G1000,0.1,1,0,,,0,1,""
6,real_diabetes_val,real data,,,all,1,EDGE.stk4.G2000,0.01,1,0,,,0,1,""
6,real_diabetes_val,real data,,,all,1,EDGE.stk4.G2000,0.05,1,0,,,0,1,""
6,real_diabetes_val,real data,,,all,1,EDGE.stk4.G2000,0.1,1,0,,,0,1,""
6,real_diabetes_val,real data,,,all,1,EDGE.poly4.G2000,0.01,1,0,,,0,1,""
6,real_diabetes_val,real data,,,all,1,EDGE.poly4.G2000,0.05,1,0,,,0,1,""
6,real_diabetes_val,real data,,,all,1,EDGE.poly4.G2000,0.1,1,0,,,0,1,""
6,real_diabetes_val,real data,,,all,1,EDGE.slope2.G2000,0.01,0,0,,,0,0,""
6,real_diabetes_val,real data,,,all,1,EDGE.slope2.G2000,0.05,0,0,,,0,0,""
6,real_diabetes_val,real data,,,all,1,EDGE.slope2.G2000,0.1,0,0,,,0,0,""
6,real_diabetes_val,real data,,,all,1,EDGE.sym3.G2000,0.01,1,0,,,0,1,""
6,real_diabetes_val,real data,,,all,1,EDGE.sym3.G2000,0.05,1,0,,,0,1,""
6,real_diabetes_val,real data,,,all,1,EDGE.sym3.G2000,0.1,1,0,,,0,1,""
6,real_diabetes_val,real data,,,all,1,HL.ext.G2000,0.01,1,0,,,0,1,""
6,real_diabetes_val,real data,,,all,1,HL.ext.G2000,0.05,1,0,,,0,1,""
6,real_diabetes_val,real data,,,all,1,HL.ext.G2000,0.1,1,0,,,0,1,""
