block,cell,role,null_cell,n,subset,B,test,alpha,rejection,mcse,size_adj_power,null_size,declined,rejection_given_p,status
1a,null_quad_n200,null,,200,all,10000,flag.evlt.G10,,0,,,,0,,flag rate: share of replicates with the flag = 1
1a,null_quad_n200,null,,200,all,10000,flag.evlt.Grule,,0,,,,0,,flag rate: share of replicates with the flag = 1
1a,null_quad_n200,null,,200,all,10000,flag.stk_half0,,0,,,,0,,flag rate: share of replicates with the flag = 1
1a,null_quad_n200,null,,200,all,10000,flag.stk_diag,,0,,,,0,,flag rate: share of replicates with the flag = 1
1a,null_quad_n200,null,,200,all,10000,flag.rivals_run,,1,,,,0,,flag rate: share of replicates with the flag = 1
1a,null_quad_n200,null,,200,all,10000,flag.degenerate,,0,,,,0,,flag rate: share of replicates with the flag = 1
1a,null_quad_n200,null,,200,all,10000,flag.info_guard,,0,,,,0,,flag rate: share of replicates with the flag = 1
1a,null_quad_n200,null,,200,all,10000,flag.rep_error,,0,,,,0,,flag rate: share of replicates with the flag = 1
1a,null_quad_n200,null,,200,all,10000,EDGE.poly3.u.G10,0.01,0.0089,0.000939190608982011,,,0,0.0089,""
1a,null_quad_n200,null,,200,all,10000,EDGE.poly3.u.G10,0.05,0.0502,0.00218357413430366,,,0,0.0502,""
1a,null_quad_n200,null,,200,all,10000,EDGE.poly3.u.G10,0.1,0.0987,0.00298258797020306,,,0,0.0987,""
1a,null_quad_n200,null,,200,all,10000,EDGE.poly3.sc.G10,0.01,0.0091,0.000949588858401361,,,0,0.0091,""
1a,null_quad_n200,null,,200,all,10000,EDGE.poly3.sc.G10,0.05,0.0477,0.00213130734526957,,,0,0.0477,""
1a,null_quad_n200,null,,200,all,10000,EDGE.poly3.sc.G10,0.1,0.1002,0.00300266481645887,,,0,0.1002,""
1a,null_quad_n200,null,,200,all,10000,EDGE.poly2.u.G10,0.01,0.0118,0.00107984998958189,,,0,0.0118,""
1a,null_quad_n200,null,,200,all,10000,EDGE.poly2.u.G10,0.05,0.0506,0.00219179469841498,,,0,0.0506,""
1a,null_quad_n200,null,,200,all,10000,EDGE.poly2.u.G10,0.1,0.0997,0.00299599582776746,,,0,0.0997,""
1a,null_quad_n200,null,,200,all,10000,EDGE.poly2.sc.G10,0.01,0.0101,0.000999899494949367,,,0,0.0101,""
1a,null_quad_n200,null,,200,all,10000,EDGE.poly2.sc.G10,0.05,0.0518,0.00221623013245466,,,0,0.0518,""
1a,null_quad_n200,null,,200,all,10000,EDGE.poly2.sc.G10,0.1,0.1018,0.00302385118681459,,,0,0.1018,""
1a,null_quad_n200,null,,200,all,10000,EDGE.stk.u.G10,0.01,0.0083,0.000907254650029417,,,0,0.0083,""
1a,null_quad_n200,null,,200,all,10000,EDGE.stk.u.G10,0.05,0.0486,0.00215030323442997,,,0,0.0486,""
1a,null_quad_n200,null,,200,all,10000,EDGE.stk.u.G10,0.1,0.0985,0.00297989513238302,,,0,0.0985,""
1a,null_quad_n200,null,,200,all,10000,EDGE.stk.sc.G10,0.01,0.0086,0.000923365583070974,,,0,0.0086,""
1a,null_quad_n200,null,,200,all,10000,EDGE.stk.sc.G10,0.05,0.047,0.00211638843315682,,,0,0.047,""
1a,null_quad_n200,null,,200,all,10000,EDGE.stk.sc.G10,0.1,0.1019,0.00302516759866292,,,0,0.1019,""
1a,null_quad_n200,null,,200,all,10000,EDGE.sym.u.G10,0.01,0.0078,0.000879724957017817,,,0,0.0078,""
1a,null_quad_n200,null,,200,all,10000,EDGE.sym.u.G10,0.05,0.0483,0.00214399416976819,,,0,0.0483,""
1a,null_quad_n200,null,,200,all,10000,EDGE.sym.u.G10,0.1,0.0975,0.00296637404923924,,,0,0.0975,""
1a,null_quad_n200,null,,200,all,10000,EDGE.sym.sc.G10,0.01,0.0082,0.000901818163489736,,,0,0.0082,""
1a,null_quad_n200,null,,200,all,10000,EDGE.sym.sc.G10,0.05,0.0485,0.00214820273717357,,,0,0.0485,""
1a,null_quad_n200,null,,200,all,10000,EDGE.sym.sc.G10,0.1,0.0988,0.00298393297511858,,,0,0.0988,""
1a,null_quad_n200,null,,200,all,10000,EDGE.poly3.u.Grule,0.01,0.0089,0.000939190608982011,,,0,0.0089,""
1a,null_quad_n200,null,,200,all,10000,EDGE.poly3.u.Grule,0.05,0.0502,0.00218357413430366,,,0,0.0502,""
1a,null_quad_n200,null,,200,all,10000,EDGE.poly3.u.Grule,0.1,0.0987,0.00298258797020306,,,0,0.0987,""
1a,null_quad_n200,null,,200,all,10000,EDGE.poly3.sc.Grule,0.01,0.0091,0.000949588858401361,,,0,0.0091,""
1a,null_quad_n200,null,,200,all,10000,EDGE.poly3.sc.Grule,0.05,0.0477,0.00213130734526957,,,0,0.0477,""
1a,null_quad_n200,null,,200,all,10000,EDGE.poly3.sc.Grule,0.1,0.1002,0.00300266481645887,,,0,0.1002,""
1a,null_quad_n200,null,,200,all,10000,EDGE.poly2.u.Grule,0.01,0.0118,0.00107984998958189,,,0,0.0118,""
1a,null_quad_n200,null,,200,all,10000,EDGE.poly2.u.Grule,0.05,0.0506,0.00219179469841498,,,0,0.0506,""
1a,null_quad_n200,null,,200,all,10000,EDGE.poly2.u.Grule,0.1,0.0997,0.00299599582776746,,,0,0.0997,""
1a,null_quad_n200,null,,200,all,10000,EDGE.poly2.sc.Grule,0.01,0.0101,0.000999899494949367,,,0,0.0101,""
1a,null_quad_n200,null,,200,all,10000,EDGE.poly2.sc.Grule,0.05,0.0518,0.00221623013245466,,,0,0.0518,""
1a,null_quad_n200,null,,200,all,10000,EDGE.poly2.sc.Grule,0.1,0.1018,0.00302385118681459,,,0,0.1018,""
1a,null_quad_n200,null,,200,all,10000,EDGE.stk.u.Grule,0.01,0.0083,0.000907254650029417,,,0,0.0083,""
1a,null_quad_n200,null,,200,all,10000,EDGE.stk.u.Grule,0.05,0.0486,0.00215030323442997,,,0,0.0486,""
1a,null_quad_n200,null,,200,all,10000,EDGE.stk.u.Grule,0.1,0.0985,0.00297989513238302,,,0,0.0985,""
1a,null_quad_n200,null,,200,all,10000,EDGE.stk.sc.Grule,0.01,0.0086,0.000923365583070974,,,0,0.0086,""
1a,null_quad_n200,null,,200,all,10000,EDGE.stk.sc.Grule,0.05,0.047,0.00211638843315682,,,0,0.047,""
1a,null_quad_n200,null,,200,all,10000,EDGE.stk.sc.Grule,0.1,0.1019,0.00302516759866292,,,0,0.1019,""
1a,null_quad_n200,null,,200,all,10000,EDGE.sym.u.Grule,0.01,0.0078,0.000879724957017817,,,0,0.0078,""
1a,null_quad_n200,null,,200,all,10000,EDGE.sym.u.Grule,0.05,0.0483,0.00214399416976819,,,0,0.0483,""
1a,null_quad_n200,null,,200,all,10000,EDGE.sym.u.Grule,0.1,0.0975,0.00296637404923924,,,0,0.0975,""
1a,null_quad_n200,null,,200,all,10000,EDGE.sym.sc.Grule,0.01,0.0082,0.000901818163489736,,,0,0.0082,""
1a,null_quad_n200,null,,200,all,10000,EDGE.sym.sc.Grule,0.05,0.0485,0.00214820273717357,,,0,0.0485,""
1a,null_quad_n200,null,,200,all,10000,EDGE.sym.sc.Grule,0.1,0.0988,0.00298393297511858,,,0,0.0988,""
1a,null_quad_n200,null,,200,all,10000,HL.G10,0.01,0.0097,0.000980097444135021,,,0,0.0097,""
1a,null_quad_n200,null,,200,all,10000,HL.G10,0.05,0.0465,0.00210565310533335,,,0,0.0465,""
1a,null_quad_n200,null,,200,all,10000,HL.G10,0.1,0.0977,0.00296908588626197,,,0,0.0977,""
1a,null_quad_n200,null,,200,all,10000,HL.Grule,0.01,0.0097,0.000980097444135021,,,0,0.0097,""
1a,null_quad_n200,null,,200,all,10000,HL.Grule,0.05,0.0465,0.00210565310533335,,,0,0.0465,""
1a,null_quad_n200,null,,200,all,10000,HL.Grule,0.1,0.0977,0.00296908588626197,,,0,0.0977,""
1a,null_quad_n200,null,,200,all,10000,HLF.G10,0.01,0.0091,0.000949588858401361,,,0,0.0091,""
1a,null_quad_n200,null,,200,all,10000,HLF.G10,0.05,0.0469,0.00211424667434999,,,0,0.0469,""
1a,null_quad_n200,null,,200,all,10000,HLF.G10,0.1,0.0968,0.00295685238048841,,,0,0.0968,""
1a,null_quad_n200,null,,200,all,10000,HLF.Grule,0.01,0.0091,0.000949588858401361,,,0,0.0091,""
1a,null_quad_n200,null,,200,all,10000,HLF.Grule,0.05,0.0469,0.00211424667434999,,,0,0.0469,""
1a,null_quad_n200,null,,200,all,10000,HLF.Grule,0.1,0.0968,0.00295685238048841,,,0,0.0968,""
1a,null_quad_n200,null,,200,all,10000,Stk.joint,0.01,0.009,0.000944404574321832,,,0,0.009,""
1a,null_quad_n200,null,,200,all,10000,Stk.joint,0.05,0.0487,0.00215240121724552,,,0,0.0487,""
1a,null_quad_n200,null,,200,all,10000,Stk.joint,0.1,0.1013,0.00301725554105051,,,0,0.1013,""
1a,null_quad_n200,null,,200,all,10000,Stk.LR,0.01,0.0101,0.000999899494949367,,,0,0.0101,""
1a,null_quad_n200,null,,200,all,10000,Stk.LR,0.05,0.0529,0.00223833844625874,,,0,0.0529,""
1a,null_quad_n200,null,,200,all,10000,Stk.LR,0.1,0.1058,0.00307581468882636,,,0,0.1058,""
1a,null_quad_n200,null,,200,all,10000,Stk.sym1,0.01,0.0073,0.000851276100921434,,,0,0.0073,""
1a,null_quad_n200,null,,200,all,10000,Stk.sym1,0.05,0.0503,0.0021856328602947,,,0,0.0503,""
1a,null_quad_n200,null,,200,all,10000,Stk.sym1,0.1,0.1045,0.00305908074427597,,,0,0.1045,""
1a,null_quad_n200,null,,200,all,10000,Stk.marg,0.01,0.0247,0.00155209245858615,,,0,0.0247,""
1a,null_quad_n200,null,,200,all,10000,Stk.marg,0.05,0.0699,0.00254978410850801,,,0,0.0699,""
1a,null_quad_n200,null,,200,all,10000,Stk.marg,0.1,0.1161,0.00320344798615492,,,0,0.1161,""
1a,null_quad_n200,null,,200,all,10000,GiViTI,0.01,0.0119,0.00108436110221642,,,0,0.0119,""
1a,null_quad_n200,null,,200,all,10000,GiViTI,0.05,0.0501,0.00218151300706643,,,0,0.0501,""
1a,null_quad_n200,null,,200,all,10000,GiViTI,0.1,0.1002,0.00300266481645887,,,0,0.1002,""
1a,null_quad_n200,null,,200,all,10000,GiViTI.t50,0.01,0.0104,0.00101448706250992,,,0,0.0104,""
1a,null_quad_n200,null,,200,all,10000,GiViTI.t50,0.05,0.0522,0.00222430123859157,,,0,0.0522,""
1a,null_quad_n200,null,,200,all,10000,GiViTI.t50,0.1,0.1077,0.00310001145159175,,,0,0.1077,""
1a,null_quad_n200,null,,200,all,10000,Cubic.LR,0.01,0.0098,0.000985086798206128,,,0,0.0098,""
1a,null_quad_n200,null,,200,all,10000,Cubic.LR,0.05,0.0545,0.00227001651976368,,,0,0.0545,""
1a,null_quad_n200,null,,200,all,10000,Cubic.LR,0.1,0.1073,0.00309494281045709,,,0,0.1073,""
1a,null_quad_n200,null,,200,all,10000,HL_w,0.01,0.0088,0.000933946465275178,,,0,0.0088,""
1a,null_quad_n200,null,,200,all,10000,HL_w,0.05,0.0502,0.00218357413430366,,,0,0.0502,""
1a,null_quad_n200,null,,200,all,10000,HL_w,0.1,0.0992,0.0029893035978301,,,0,0.0992,""
1a,null_quad_n200,null,,200,all,10000,PH,0.01,0.005,0.000705336798983294,,,0,0.005,""
1a,null_quad_n200,null,,200,all,10000,PH,0.05,0.0289,0.001675254905977,,,0,0.0289,""
1a,null_quad_n200,null,,200,all,10000,PH,0.1,0.0622,0.00241518446500469,,,0,0.0622,""
1a,null_quad_n200,null,,200,all,10000,Tsiatis,0.01,0.009,0.000944404574321832,,,0,0.009,""
1a,null_quad_n200,null,,200,all,10000,Tsiatis,0.05,0.0453,0.00207961318518613,,,0,0.0453,""
1a,null_quad_n200,null,,200,all,10000,Tsiatis,0.1,0.0955,0.0029390432116592,,,0,0.0955,""
1a,null_quad_n200,null,,200,all,10000,Xie,0.01,0.0058,0.000759365524632242,,,0,0.0058,""
1a,null_quad_n200,null,,200,all,10000,Xie,0.05,0.0363,0.00187035584849515,,,0,0.0363,""
1a,null_quad_n200,null,,200,all,10000,Xie,0.1,0.0758,0.00264677841913523,,,0,0.0758,""
1a,null_quad_n200,null,,200,all,10000,PR,0.01,0,0,,,1,,no p-value in any replicate
1a,null_quad_n200,null,,200,all,10000,PR,0.05,0,0,,,1,,no p-value in any replicate
1a,null_quad_n200,null,,200,all,10000,PR,0.1,0,0,,,1,,no p-value in any replicate
1a,null_binint_n200,null,,200,all,10000,flag.evlt.G10,,0,,,,0,,flag rate: share of replicates with the flag = 1
1a,null_binint_n200,null,,200,all,10000,flag.evlt.Grule,,0,,,,0,,flag rate: share of replicates with the flag = 1
1a,null_binint_n200,null,,200,all,10000,flag.stk_half0,,0,,,,0,,flag rate: share of replicates with the flag = 1
1a,null_binint_n200,null,,200,all,10000,flag.stk_diag,,0,,,,0,,flag rate: share of replicates with the flag = 1
1a,null_binint_n200,null,,200,all,10000,flag.rivals_run,,1,,,,0,,flag rate: share of replicates with the flag = 1
1a,null_binint_n200,null,,200,all,10000,flag.degenerate,,0,,,,0,,flag rate: share of replicates with the flag = 1
1a,null_binint_n200,null,,200,all,10000,flag.info_guard,,0,,,,0,,flag rate: share of replicates with the flag = 1
1a,null_binint_n200,null,,200,all,10000,flag.rep_error,,0,,,,0,,flag rate: share of replicates with the flag = 1
1a,null_binint_n200,null,,200,all,10000,EDGE.poly3.u.G10,0.01,0.009,0.000944404574321832,,,0,0.009,""
1a,null_binint_n200,null,,200,all,10000,EDGE.poly3.u.G10,0.05,0.048,0.00213766227454198,,,0,0.048,""
1a,null_binint_n200,null,,200,all,10000,EDGE.poly3.u.G10,0.1,0.1008,0.00301063714186881,,,0,0.1008,""
1a,null_binint_n200,null,,200,all,10000,EDGE.poly3.sc.G10,0.01,0.0089,0.000939190608982011,,,0,0.0089,""
1a,null_binint_n200,null,,200,all,10000,EDGE.poly3.sc.G10,0.05,0.0474,0.00212492917529032,,,0,0.0474,""
1a,null_binint_n200,null,,200,all,10000,EDGE.poly3.sc.G10,0.1,0.105,0.00306553421119387,,,0,0.105,""
1a,null_binint_n200,null,,200,all,10000,EDGE.poly2.u.G10,0.01,0.0109,0.00103832509360027,,,0,0.0109,""
1a,null_binint_n200,null,,200,all,10000,EDGE.poly2.u.G10,0.05,0.0536,0.0022522664140816,,,0,0.0536,""
1a,null_binint_n200,null,,200,all,10000,EDGE.poly2.u.G10,0.1,0.1005,0.00300665511823355,,,0,0.1005,""
1a,null_binint_n200,null,,200,all,10000,EDGE.poly2.sc.G10,0.01,0.01,0.00099498743710662,,,0,0.01,""
1a,null_binint_n200,null,,200,all,10000,EDGE.poly2.sc.G10,0.05,0.051,0.00219997727260988,,,0,0.051,""
1a,null_binint_n200,null,,200,all,10000,EDGE.poly2.sc.G10,0.1,0.1021,0.00302779771451132,,,0,0.1021,""
1a,null_binint_n200,null,,200,all,10000,EDGE.stk.u.G10,0.01,0.0096,0.000975081535052326,,,0,0.0096,""
1a,null_binint_n200,null,,200,all,10000,EDGE.stk.u.G10,0.05,0.0483,0.00214399416976819,,,0,0.0483,""
1a,null_binint_n200,null,,200,all,10000,EDGE.stk.u.G10,0.1,0.0966,0.00295412322017887,,,0,0.0966,""
1a,null_binint_n200,null,,200,all,10000,EDGE.stk.sc.G10,0.01,0.0091,0.000949588858401361,,,0,0.0091,""
1a,null_binint_n200,null,,200,all,10000,EDGE.stk.sc.G10,0.05,0.0494,0.0021670173049609,,,0,0.0494,""
1a,null_binint_n200,null,,200,all,10000,EDGE.stk.sc.G10,0.1,0.1017,0.00302253387077796,,,0,0.1017,""
1a,null_binint_n200,null,,200,all,10000,EDGE.sym.u.G10,0.01,0.0103,0.00100964894889263,,,0,0.0103,""
1a,null_binint_n200,null,,200,all,10000,EDGE.sym.u.G10,0.05,0.0526,0.00223233599621562,,,0,0.0526,""
1a,null_binint_n200,null,,200,all,10000,EDGE.sym.u.G10,0.1,0.1044,0.00305778743538527,,,0,0.1044,""
1a,null_binint_n200,null,,200,all,10000,EDGE.sym.sc.G10,0.01,0.0114,0.00106160444610976,,,0,0.0114,""
1a,null_binint_n200,null,,200,all,10000,EDGE.sym.sc.G10,0.05,0.0545,0.00227001651976368,,,0,0.0545,""
1a,null_binint_n200,null,,200,all,10000,EDGE.sym.sc.G10,0.1,0.1039,0.00305130775242354,,,0,0.1039,""
1a,null_binint_n200,null,,200,all,10000,EDGE.poly3.u.Grule,0.01,0.009,0.000944404574321832,,,0,0.009,""
1a,null_binint_n200,null,,200,all,10000,EDGE.poly3.u.Grule,0.05,0.048,0.00213766227454198,,,0,0.048,""
1a,null_binint_n200,null,,200,all,10000,EDGE.poly3.u.Grule,0.1,0.1008,0.00301063714186881,,,0,0.1008,""
1a,null_binint_n200,null,,200,all,10000,EDGE.poly3.sc.Grule,0.01,0.0089,0.000939190608982011,,,0,0.0089,""
1a,null_binint_n200,null,,200,all,10000,EDGE.poly3.sc.Grule,0.05,0.0474,0.00212492917529032,,,0,0.0474,""
1a,null_binint_n200,null,,200,all,10000,EDGE.poly3.sc.Grule,0.1,0.105,0.00306553421119387,,,0,0.105,""
1a,null_binint_n200,null,,200,all,10000,EDGE.poly2.u.Grule,0.01,0.0109,0.00103832509360027,,,0,0.0109,""
1a,null_binint_n200,null,,200,all,10000,EDGE.poly2.u.Grule,0.05,0.0536,0.0022522664140816,,,0,0.0536,""
1a,null_binint_n200,null,,200,all,10000,EDGE.poly2.u.Grule,0.1,0.1005,0.00300665511823355,,,0,0.1005,""
1a,null_binint_n200,null,,200,all,10000,EDGE.poly2.sc.Grule,0.01,0.01,0.00099498743710662,,,0,0.01,""
1a,null_binint_n200,null,,200,all,10000,EDGE.poly2.sc.Grule,0.05,0.051,0.00219997727260988,,,0,0.051,""
1a,null_binint_n200,null,,200,all,10000,EDGE.poly2.sc.Grule,0.1,0.1021,0.00302779771451132,,,0,0.1021,""
1a,null_binint_n200,null,,200,all,10000,EDGE.stk.u.Grule,0.01,0.0096,0.000975081535052326,,,0,0.0096,""
1a,null_binint_n200,null,,200,all,10000,EDGE.stk.u.Grule,0.05,0.0483,0.00214399416976819,,,0,0.0483,""
1a,null_binint_n200,null,,200,all,10000,EDGE.stk.u.Grule,0.1,0.0966,0.00295412322017887,,,0,0.0966,""
1a,null_binint_n200,null,,200,all,10000,EDGE.stk.sc.Grule,0.01,0.0091,0.000949588858401361,,,0,0.0091,""
1a,null_binint_n200,null,,200,all,10000,EDGE.stk.sc.Grule,0.05,0.0494,0.0021670173049609,,,0,0.0494,""
1a,null_binint_n200,null,,200,all,10000,EDGE.stk.sc.Grule,0.1,0.1017,0.00302253387077796,,,0,0.1017,""
1a,null_binint_n200,null,,200,all,10000,EDGE.sym.u.Grule,0.01,0.0103,0.00100964894889263,,,0,0.0103,""
1a,null_binint_n200,null,,200,all,10000,EDGE.sym.u.Grule,0.05,0.0526,0.00223233599621562,,,0,0.0526,""
1a,null_binint_n200,null,,200,all,10000,EDGE.sym.u.Grule,0.1,0.1044,0.00305778743538527,,,0,0.1044,""
1a,null_binint_n200,null,,200,all,10000,EDGE.sym.sc.Grule,0.01,0.0114,0.00106160444610976,,,0,0.0114,""
1a,null_binint_n200,null,,200,all,10000,EDGE.sym.sc.Grule,0.05,0.0545,0.00227001651976368,,,0,0.0545,""
1a,null_binint_n200,null,,200,all,10000,EDGE.sym.sc.Grule,0.1,0.1039,0.00305130775242354,,,0,0.1039,""
1a,null_binint_n200,null,,200,all,10000,HL.G10,0.01,0.0076,0.0008684607072286,,,0,0.0076,""
1a,null_binint_n200,null,,200,all,10000,HL.G10,0.05,0.0464,0.00210349803898173,,,0,0.0464,""
1a,null_binint_n200,null,,200,all,10000,HL.G10,0.1,0.0942,0.00292106761304835,,,0,0.0942,""
1a,null_binint_n200,null,,200,all,10000,HL.Grule,0.01,0.0076,0.0008684607072286,,,0,0.0076,""
1a,null_binint_n200,null,,200,all,10000,HL.Grule,0.05,0.0464,0.00210349803898173,,,0,0.0464,""
1a,null_binint_n200,null,,200,all,10000,HL.Grule,0.1,0.0942,0.00292106761304835,,,0,0.0942,""
1a,null_binint_n200,null,,200,all,10000,HLF.G10,0.01,0.008,0.000890842298052804,,,0,0.008,""
1a,null_binint_n200,null,,200,all,10000,HLF.G10,0.05,0.0467,0.00210995521279481,,,0,0.0467,""
1a,null_binint_n200,null,,200,all,10000,HLF.G10,0.1,0.0936,0.00291271419813205,,,0,0.0936,""
1a,null_binint_n200,null,,200,all,10000,HLF.Grule,0.01,0.008,0.000890842298052804,,,0,0.008,""
1a,null_binint_n200,null,,200,all,10000,HLF.Grule,0.05,0.0467,0.00210995521279481,,,0,0.0467,""
1a,null_binint_n200,null,,200,all,10000,HLF.Grule,0.1,0.0936,0.00291271419813205,,,0,0.0936,""
1a,null_binint_n200,null,,200,all,10000,Stk.joint,0.01,0.0096,0.000975081535052326,,,0,0.0096,""
1a,null_binint_n200,null,,200,all,10000,Stk.joint,0.05,0.0517,0.00221420662992414,,,0,0.0517,""
1a,null_binint_n200,null,,200,all,10000,Stk.joint,0.1,0.1008,0.00301063714186881,,,0,0.1008,""
1a,null_binint_n200,null,,200,all,10000,Stk.LR,0.01,0.0122,0.00109777775528565,,,0,0.0122,""
1a,null_binint_n200,null,,200,all,10000,Stk.LR,0.05,0.056,0.00229921725811199,,,0,0.056,""
1a,null_binint_n200,null,,200,all,10000,Stk.LR,0.1,0.1107,0.00313760274732159,,,0,0.1107,""
1a,null_binint_n200,null,,200,all,10000,Stk.sym1,0.01,0.0111,0.00104770177054351,,,0,0.0111,""
1a,null_binint_n200,null,,200,all,10000,Stk.sym1,0.05,0.0523,0.00222631332026739,,,0,0.0523,""
1a,null_binint_n200,null,,200,all,10000,Stk.sym1,0.1,0.1028,0.00303697481056396,,,0,0.1028,""
1a,null_binint_n200,null,,200,all,10000,Stk.marg,0.01,0.0244,0.00154287523798913,,,0,0.0244,""
1a,null_binint_n200,null,,200,all,10000,Stk.marg,0.05,0.0717,0.0025799052308176,,,0,0.0717,""
1a,null_binint_n200,null,,200,all,10000,Stk.marg,0.1,0.1197,0.00324610397245683,,,0,0.1197,""
1a,null_binint_n200,null,,200,all,10000,GiViTI,0.01,0.0122,0.00109777775528565,,,0,0.0122,""
1a,null_binint_n200,null,,200,all,10000,GiViTI,0.05,0.0536,0.0022522664140816,,,0,0.0536,""
1a,null_binint_n200,null,,200,all,10000,GiViTI,0.1,0.1042,0.00305519819324377,,,0,0.1042,""
1a,null_binint_n200,null,,200,all,10000,GiViTI.t50,0.01,0.0116,0.00107076794871718,,,0,0.0116,""
1a,null_binint_n200,null,,200,all,10000,GiViTI.t50,0.05,0.0567,0.00231268480342653,,,0,0.0567,""
1a,null_binint_n200,null,,200,all,10000,GiViTI.t50,0.1,0.1107,0.00313760274732159,,,0,0.1107,""
1a,null_binint_n200,null,,200,all,10000,Cubic.LR,0.01,0.0114,0.00106160444610976,,,0,0.0114,""
1a,null_binint_n200,null,,200,all,10000,Cubic.LR,0.05,0.0557,0.00229341470301383,,,0,0.0557,""
1a,null_binint_n200,null,,200,all,10000,Cubic.LR,0.1,0.1077,0.00310001145159175,,,0,0.1077,""
1a,null_binint_n200,null,,200,all,10000,HL_w,0.01,0.0093,0.000959870303739,,,0,0.0093,""
1a,null_binint_n200,null,,200,all,10000,HL_w,0.05,0.0545,0.00227001651976368,,,0,0.0545,""
1a,null_binint_n200,null,,200,all,10000,HL_w,0.1,0.1007,0.00300931071842042,,,0,0.1007,""
1a,null_binint_n200,null,,200,all,10000,PH,0.01,0.0045,0.000669309345519693,,,0,0.0045,""
1a,null_binint_n200,null,,200,all,10000,PH,0.05,0.0301,0.00170862488569024,,,0,0.0301,""
1a,null_binint_n200,null,,200,all,10000,PH,0.1,0.0628,0.0024260288539092,,,0,0.0628,""
1a,null_binint_n200,null,,200,all,10000,Tsiatis,0.01,0.0078,0.000879724957017817,,,0,0.0078,""
1a,null_binint_n200,null,,200,all,10000,Tsiatis,0.05,0.0479,0.00213554653426237,,,0,0.0479,""
1a,null_binint_n200,null,,200,all,10000,Tsiatis,0.1,0.0987,0.00298258797020306,,,0,0.0987,""
1a,null_binint_n200,null,,200,all,10000,Xie,0.01,0.0039,0.000623280835578955,,,0,0.0039,""
1a,null_binint_n200,null,,200,all,10000,Xie,0.05,0.0278,0.00164399391726369,,,0,0.0278,""
1a,null_binint_n200,null,,200,all,10000,Xie,0.1,0.0584,0.00234498272914749,,,0,0.0584,""
1a,null_binint_n200,null,,200,all,10000,PR,0.01,0.0098,0.000985086798206128,,,0,0.0098,""
1a,null_binint_n200,null,,200,all,10000,PR,0.05,0.0575,0.00232795511125107,,,0,0.0575,""
1a,null_binint_n200,null,,200,all,10000,PR,0.1,0.1217,0.00326939000426685,,,0,0.1217,""
1a,null_contint_n200,null,,200,all,10000,flag.evlt.G10,,0,,,,0,,flag rate: share of replicates with the flag = 1
1a,null_contint_n200,null,,200,all,10000,flag.evlt.Grule,,0,,,,0,,flag rate: share of replicates with the flag = 1
1a,null_contint_n200,null,,200,all,10000,flag.stk_half0,,0,,,,0,,flag rate: share of replicates with the flag = 1
1a,null_contint_n200,null,,200,all,10000,flag.stk_diag,,0.0017,,,,0,,flag rate: share of replicates with the flag = 1
1a,null_contint_n200,null,,200,all,10000,flag.rivals_run,,1,,,,0,,flag rate: share of replicates with the flag = 1
1a,null_contint_n200,null,,200,all,10000,flag.degenerate,,0,,,,0,,flag rate: share of replicates with the flag = 1
1a,null_contint_n200,null,,200,all,10000,flag.info_guard,,0,,,,0,,flag rate: share of replicates with the flag = 1
1a,null_contint_n200,null,,200,all,10000,flag.rep_error,,0,,,,0,,flag rate: share of replicates with the flag = 1
1a,null_contint_n200,null,,200,all,10000,EDGE.poly3.u.G10,0.01,0.011,0.00104302444841912,,,0,0.011,""
1a,null_contint_n200,null,,200,all,10000,EDGE.poly3.u.G10,0.05,0.0536,0.0022522664140816,,,0,0.0536,""
1a,null_contint_n200,null,,200,all,10000,EDGE.poly3.u.G10,0.1,0.1045,0.00305908074427597,,,0,0.1045,""
1a,null_contint_n200,null,,200,all,10000,EDGE.poly3.sc.G10,0.01,0.012,0.0010888526071053,,,0,0.012,""
1a,null_contint_n200,null,,200,all,10000,EDGE.poly3.sc.G10,0.05,0.0521,0.00222228688517032,,,0,0.0521,""
1a,null_contint_n200,null,,200,all,10000,EDGE.poly3.sc.G10,0.1,0.1051,0.00306682229677561,,,0,0.1051,""
1a,null_contint_n200,null,,200,all,10000,EDGE.poly2.u.G10,0.01,0.0104,0.00101448706250992,,,0,0.0104,""
1a,null_contint_n200,null,,200,all,10000,EDGE.poly2.u.G10,0.05,0.0548,0.0022758945494025,,,0,0.0548,""
1a,null_contint_n200,null,,200,all,10000,EDGE.poly2.u.G10,0.1,0.1087,0.00311262445534311,,,0,0.1087,""
1a,null_contint_n200,null,,200,all,10000,EDGE.poly2.sc.G10,0.01,0.0105,0.00101930123123638,,,0,0.0105,""
1a,null_contint_n200,null,,200,all,10000,EDGE.poly2.sc.G10,0.05,0.0531,0.0022423289232403,,,0,0.0531,""
1a,null_contint_n200,null,,200,all,10000,EDGE.poly2.sc.G10,0.1,0.1029,0.00303828224495355,,,0,0.1029,""
1a,null_contint_n200,null,,200,all,10000,EDGE.stk.u.G10,0.01,0.0125,0.00111102430216445,,,0,0.0125,""
1a,null_contint_n200,null,,200,all,10000,EDGE.stk.u.G10,0.05,0.0477,0.00213130734526957,,,0,0.0477,""
1a,null_contint_n200,null,,200,all,10000,EDGE.stk.u.G10,0.1,0.0996,0.00299465924605789,,,0,0.0996,""
1a,null_contint_n200,null,,200,all,10000,EDGE.stk.sc.G10,0.01,0.0117,0.00107531902243009,,,0,0.0117,""
1a,null_contint_n200,null,,200,all,10000,EDGE.stk.sc.G10,0.05,0.0507,0.00219384388687983,,,0,0.0507,""
1a,null_contint_n200,null,,200,all,10000,EDGE.stk.sc.G10,0.1,0.1044,0.00305778743538527,,,0,0.1044,""
1a,null_contint_n200,null,,200,all,10000,EDGE.sym.u.G10,0.01,0.0107,0.00102885907684192,,,0,0.0107,""
1a,null_contint_n200,null,,200,all,10000,EDGE.sym.u.G10,0.05,0.0512,0.00220405444578849,,,0,0.0512,""
1a,null_contint_n200,null,,200,all,10000,EDGE.sym.u.G10,0.1,0.1067,0.00308731452884218,,,0,0.1067,""
1a,null_contint_n200,null,,200,all,10000,EDGE.sym.sc.G10,0.01,0.0107,0.00102885907684192,,,0,0.0107,""
1a,null_contint_n200,null,,200,all,10000,EDGE.sym.sc.G10,0.05,0.0534,0.0022482980229498,,,0,0.0534,""
1a,null_contint_n200,null,,200,all,10000,EDGE.sym.sc.G10,0.1,0.107,0.00309113247855863,,,0,0.107,""
1a,null_contint_n200,null,,200,all,10000,EDGE.poly3.u.Grule,0.01,0.011,0.00104302444841912,,,0,0.011,""
1a,null_contint_n200,null,,200,all,10000,EDGE.poly3.u.Grule,0.05,0.0536,0.0022522664140816,,,0,0.0536,""
1a,null_contint_n200,null,,200,all,10000,EDGE.poly3.u.Grule,0.1,0.1045,0.00305908074427597,,,0,0.1045,""
1a,null_contint_n200,null,,200,all,10000,EDGE.poly3.sc.Grule,0.01,0.012,0.0010888526071053,,,0,0.012,""
1a,null_contint_n200,null,,200,all,10000,EDGE.poly3.sc.Grule,0.05,0.0521,0.00222228688517032,,,0,0.0521,""
1a,null_contint_n200,null,,200,all,10000,EDGE.poly3.sc.Grule,0.1,0.1051,0.00306682229677561,,,0,0.1051,""
1a,null_contint_n200,null,,200,all,10000,EDGE.poly2.u.Grule,0.01,0.0104,0.00101448706250992,,,0,0.0104,""
1a,null_contint_n200,null,,200,all,10000,EDGE.poly2.u.Grule,0.05,0.0548,0.0022758945494025,,,0,0.0548,""
1a,null_contint_n200,null,,200,all,10000,EDGE.poly2.u.Grule,0.1,0.1087,0.00311262445534311,,,0,0.1087,""
1a,null_contint_n200,null,,200,all,10000,EDGE.poly2.sc.Grule,0.01,0.0105,0.00101930123123638,,,0,0.0105,""
1a,null_contint_n200,null,,200,all,10000,EDGE.poly2.sc.Grule,0.05,0.0531,0.0022423289232403,,,0,0.0531,""
1a,null_contint_n200,null,,200,all,10000,EDGE.poly2.sc.Grule,0.1,0.1029,0.00303828224495355,,,0,0.1029,""
1a,null_contint_n200,null,,200,all,10000,EDGE.stk.u.Grule,0.01,0.0125,0.00111102430216445,,,0,0.0125,""
1a,null_contint_n200,null,,200,all,10000,EDGE.stk.u.Grule,0.05,0.0477,0.00213130734526957,,,0,0.0477,""
1a,null_contint_n200,null,,200,all,10000,EDGE.stk.u.Grule,0.1,0.0996,0.00299465924605789,,,0,0.0996,""
1a,null_contint_n200,null,,200,all,10000,EDGE.stk.sc.Grule,0.01,0.0117,0.00107531902243009,,,0,0.0117,""
1a,null_contint_n200,null,,200,all,10000,EDGE.stk.sc.Grule,0.05,0.0507,0.00219384388687983,,,0,0.0507,""
1a,null_contint_n200,null,,200,all,10000,EDGE.stk.sc.Grule,0.1,0.1044,0.00305778743538527,,,0,0.1044,""
1a,null_contint_n200,null,,200,all,10000,EDGE.sym.u.Grule,0.01,0.0107,0.00102885907684192,,,0,0.0107,""
1a,null_contint_n200,null,,200,all,10000,EDGE.sym.u.Grule,0.05,0.0512,0.00220405444578849,,,0,0.0512,""
1a,null_contint_n200,null,,200,all,10000,EDGE.sym.u.Grule,0.1,0.1067,0.00308731452884218,,,0,0.1067,""
1a,null_contint_n200,null,,200,all,10000,EDGE.sym.sc.Grule,0.01,0.0107,0.00102885907684192,,,0,0.0107,""
1a,null_contint_n200,null,,200,all,10000,EDGE.sym.sc.Grule,0.05,0.0534,0.0022482980229498,,,0,0.0534,""
1a,null_contint_n200,null,,200,all,10000,EDGE.sym.sc.Grule,0.1,0.107,0.00309113247855863,,,0,0.107,""
1a,null_contint_n200,null,,200,all,10000,HL.G10,0.01,0.0073,0.000851276100921434,,,0,0.0073,""
1a,null_contint_n200,null,,200,all,10000,HL.G10,0.05,0.0471,0.00211852755469453,,,0,0.0471,""
1a,null_contint_n200,null,,200,all,10000,HL.G10,0.1,0.1004,0.00300532593906218,,,0,0.1004,""
1a,null_contint_n200,null,,200,all,10000,HL.Grule,0.01,0.0073,0.000851276100921434,,,0,0.0073,""
1a,null_contint_n200,null,,200,all,10000,HL.Grule,0.05,0.0471,0.00211852755469453,,,0,0.0471,""
1a,null_contint_n200,null,,200,all,10000,HL.Grule,0.1,0.1004,0.00300532593906218,,,0,0.1004,""
1a,null_contint_n200,null,,200,all,10000,HLF.G10,0.01,0.0076,0.0008684607072286,,,0,0.0076,""
1a,null_contint_n200,null,,200,all,10000,HLF.G10,0.05,0.0473,0.00212279791784334,,,0,0.0473,""
1a,null_contint_n200,null,,200,all,10000,HLF.G10,0.1,0.1001,0.003001332870576,,,0,0.1001,""
1a,null_contint_n200,null,,200,all,10000,HLF.Grule,0.01,0.0076,0.0008684607072286,,,0,0.0076,""
1a,null_contint_n200,null,,200,all,10000,HLF.Grule,0.05,0.0473,0.00212279791784334,,,0,0.0473,""
1a,null_contint_n200,null,,200,all,10000,HLF.Grule,0.1,0.1001,0.003001332870576,,,0,0.1001,""
1a,null_contint_n200,null,,200,all,10000,Stk.joint,0.01,0.0116,0.00107076794871718,,,0,0.0116,""
1a,null_contint_n200,null,,200,all,10000,Stk.joint,0.05,0.0507,0.00219384388687983,,,0,0.0507,""
1a,null_contint_n200,null,,200,all,10000,Stk.joint,0.1,0.099,0.00298662016332844,,,0,0.099,""
1a,null_contint_n200,null,,200,all,10000,Stk.LR,0.01,0.0121,0.00109332474590124,,,0,0.0121,""
1a,null_contint_n200,null,,200,all,10000,Stk.LR,0.05,0.0575,0.00232795511125107,,,0,0.0575,""
1a,null_contint_n200,null,,200,all,10000,Stk.LR,0.1,0.1121,0.00315489445148328,,,0,0.1121,""
1a,null_contint_n200,null,,200,all,10000,Stk.sym1,0.01,0.0108,0.00103360340556715,,,0,0.0108,""
1a,null_contint_n200,null,,200,all,10000,Stk.sym1,0.05,0.0492,0.00216285367050108,,,0,0.0492,""
1a,null_contint_n200,null,,200,all,10000,Stk.sym1,0.1,0.0952,0.00293490987936598,,,0,0.0952,""
1a,null_contint_n200,null,,200,all,10000,Stk.marg,0.01,0.0231,0.00150221136994765,,,0,0.0231,""
1a,null_contint_n200,null,,200,all,10000,Stk.marg,0.05,0.0707,0.00256323057878139,,,0,0.0707,""
1a,null_contint_n200,null,,200,all,10000,Stk.marg,0.1,0.1168,0.0032118181766719,,,0,0.1168,""
1a,null_contint_n200,null,,200,all,10000,GiViTI,0.01,0.0099,0.000990049998737437,,,0,0.0099,""
1a,null_contint_n200,null,,200,all,10000,GiViTI,0.05,0.0518,0.00221623013245466,,,0,0.0518,""
1a,null_contint_n200,null,,200,all,10000,GiViTI,0.1,0.1047,0.00306166474324019,,,0,0.1047,""
1a,null_contint_n200,null,,200,all,10000,GiViTI.t50,0.01,0.0116,0.00107076794871718,,,0,0.0116,""
1a,null_contint_n200,null,,200,all,10000,GiViTI.t50,0.05,0.0545,0.00227001651976368,,,0,0.0545,""
1a,null_contint_n200,null,,200,all,10000,GiViTI.t50,0.1,0.1061,0.00307965566257009,,,0,0.1061,""
1a,null_contint_n200,null,,200,all,10000,Cubic.LR,0.01,0.0124,0.00110662730853707,,,0,0.0124,""
1a,null_contint_n200,null,,200,all,10000,Cubic.LR,0.05,0.0563,0.00230500130151807,,,0,0.0563,""
1a,null_contint_n200,null,,200,all,10000,Cubic.LR,0.1,0.11,0.0031288975694324,,,0,0.11,""
1a,null_contint_n200,null,,200,all,10000,HL_w,0.01,0.0162,0.00126244049364713,,,0,0.0162,""
1a,null_contint_n200,null,,200,all,10000,HL_w,0.05,0.0597,0.0023693017958884,,,0,0.0597,""
1a,null_contint_n200,null,,200,all,10000,HL_w,0.1,0.1069,0.0030898606764707,,,0,0.1069,""
1a,null_contint_n200,null,,200,all,10000,PH,0.01,0.0042,0.000646711682281989,,,0,0.0042,""
1a,null_contint_n200,null,,200,all,10000,PH,0.05,0.0284,0.00166112732805165,,,0,0.0284,""
1a,null_contint_n200,null,,200,all,10000,PH,0.1,0.0646,0.00245818713689581,,,0,0.0646,""
1a,null_contint_n200,null,,200,all,10000,Tsiatis,0.01,0.0099,0.000990049998737437,,,0,0.0099,""
1a,null_contint_n200,null,,200,all,10000,Tsiatis,0.05,0.0567,0.00231268480342653,,,0,0.0567,""
1a,null_contint_n200,null,,200,all,10000,Tsiatis,0.1,0.1053,0.00306939586889668,,,0,0.1053,""
1a,null_contint_n200,null,,200,all,10000,Xie,0.01,0.0051,0.000712319450808414,,,0,0.0051,""
1a,null_contint_n200,null,,200,all,10000,Xie,0.05,0.0282,0.00165543831053893,,,0,0.0282,""
1a,null_contint_n200,null,,200,all,10000,Xie,0.1,0.0628,0.0024260288539092,,,0,0.0628,""
1a,null_contint_n200,null,,200,all,10000,PR,0.01,0,0,,,1,,no p-value in any replicate
1a,null_contint_n200,null,,200,all,10000,PR,0.05,0,0,,,1,,no p-value in any replicate
1a,null_contint_n200,null,,200,all,10000,PR,0.1,0,0,,,1,,no p-value in any replicate
1a,null_link_n200,null,,200,all,10000,flag.evlt.G10,,0,,,,0,,flag rate: share of replicates with the flag = 1
1a,null_link_n200,null,,200,all,10000,flag.evlt.Grule,,0,,,,0,,flag rate: share of replicates with the flag = 1
1a,null_link_n200,null,,200,all,10000,flag.stk_half0,,0,,,,0,,flag rate: share of replicates with the flag = 1
1a,null_link_n200,null,,200,all,10000,flag.stk_diag,,0,,,,0,,flag rate: share of replicates with the flag = 1
1a,null_link_n200,null,,200,all,10000,flag.rivals_run,,1,,,,0,,flag rate: share of replicates with the flag = 1
1a,null_link_n200,null,,200,all,10000,flag.degenerate,,0,,,,0,,flag rate: share of replicates with the flag = 1
1a,null_link_n200,null,,200,all,10000,flag.info_guard,,0,,,,0,,flag rate: share of replicates with the flag = 1
1a,null_link_n200,null,,200,all,10000,flag.rep_error,,0,,,,0,,flag rate: share of replicates with the flag = 1
1a,null_link_n200,null,,200,all,10000,EDGE.poly3.u.G10,0.01,0.0092,0.000954743944730732,,,0,0.0092,""
1a,null_link_n200,null,,200,all,10000,EDGE.poly3.u.G10,0.05,0.0502,0.00218357413430366,,,0,0.0502,""
1a,null_link_n200,null,,200,all,10000,EDGE.poly3.u.G10,0.1,0.1027,0.00303566648365725,,,0,0.1027,""
1a,null_link_n200,null,,200,all,10000,EDGE.poly3.sc.G10,0.01,0.0093,0.000959870303739,,,0,0.0093,""
1a,null_link_n200,null,,200,all,10000,EDGE.poly3.sc.G10,0.05,0.0483,0.00214399416976819,,,0,0.0483,""
1a,null_link_n200,null,,200,all,10000,EDGE.poly3.sc.G10,0.1,0.1002,0.00300266481645887,,,0,0.1002,""
1a,null_link_n200,null,,200,all,10000,EDGE.poly2.u.G10,0.01,0.0098,0.000985086798206128,,,0,0.0098,""
1a,null_link_n200,null,,200,all,10000,EDGE.poly2.u.G10,0.05,0.0513,0.00220608952674183,,,0,0.0513,""
1a,null_link_n200,null,,200,all,10000,EDGE.poly2.u.G10,0.1,0.1028,0.00303697481056396,,,0,0.1028,""
1a,null_link_n200,null,,200,all,10000,EDGE.poly2.sc.G10,0.01,0.0096,0.000975081535052326,,,0,0.0096,""
1a,null_link_n200,null,,200,all,10000,EDGE.poly2.sc.G10,0.05,0.0458,0.00209051094232965,,,0,0.0458,""
1a,null_link_n200,null,,200,all,10000,EDGE.poly2.sc.G10,0.1,0.1004,0.00300532593906218,,,0,0.1004,""
1a,null_link_n200,null,,200,all,10000,EDGE.stk.u.G10,0.01,0.0094,0.000964968393264774,,,0,0.0094,""
1a,null_link_n200,null,,200,all,10000,EDGE.stk.u.G10,0.05,0.0469,0.00211424667434999,,,0,0.0469,""
1a,null_link_n200,null,,200,all,10000,EDGE.stk.u.G10,0.1,0.1011,0.00301461092016864,,,0,0.1011,""
1a,null_link_n200,null,,200,all,10000,EDGE.stk.sc.G10,0.01,0.0093,0.000959870303739,,,0,0.0093,""
1a,null_link_n200,null,,200,all,10000,EDGE.stk.sc.G10,0.05,0.0491,0.00216076815045021,,,0,0.0491,""
1a,null_link_n200,null,,200,all,10000,EDGE.stk.sc.G10,0.1,0.0987,0.00298258797020306,,,0,0.0987,""
1a,null_link_n200,null,,200,all,10000,EDGE.sym.u.G10,0.01,0.0093,0.000959870303739,,,0,0.0093,""
1a,null_link_n200,null,,200,all,10000,EDGE.sym.u.G10,0.05,0.0509,0.00219793516737869,,,0,0.0509,""
1a,null_link_n200,null,,200,all,10000,EDGE.sym.u.G10,0.1,0.1028,0.00303697481056396,,,0,0.1028,""
1a,null_link_n200,null,,200,all,10000,EDGE.sym.sc.G10,0.01,0.0095,0.000970038659023443,,,0,0.0095,""
1a,null_link_n200,null,,200,all,10000,EDGE.sym.sc.G10,0.05,0.0523,0.00222631332026739,,,0,0.0523,""
1a,null_link_n200,null,,200,all,10000,EDGE.sym.sc.G10,0.1,0.1052,0.0030681095156464,,,0,0.1052,""
1a,null_link_n200,null,,200,all,10000,EDGE.poly3.u.Grule,0.01,0.0092,0.000954743944730732,,,0,0.0092,""
1a,null_link_n200,null,,200,all,10000,EDGE.poly3.u.Grule,0.05,0.0502,0.00218357413430366,,,0,0.0502,""
1a,null_link_n200,null,,200,all,10000,EDGE.poly3.u.Grule,0.1,0.1027,0.00303566648365725,,,0,0.1027,""
1a,null_link_n200,null,,200,all,10000,EDGE.poly3.sc.Grule,0.01,0.0093,0.000959870303739,,,0,0.0093,""
1a,null_link_n200,null,,200,all,10000,EDGE.poly3.sc.Grule,0.05,0.0483,0.00214399416976819,,,0,0.0483,""
1a,null_link_n200,null,,200,all,10000,EDGE.poly3.sc.Grule,0.1,0.1002,0.00300266481645887,,,0,0.1002,""
1a,null_link_n200,null,,200,all,10000,EDGE.poly2.u.Grule,0.01,0.0098,0.000985086798206128,,,0,0.0098,""
1a,null_link_n200,null,,200,all,10000,EDGE.poly2.u.Grule,0.05,0.0513,0.00220608952674183,,,0,0.0513,""
1a,null_link_n200,null,,200,all,10000,EDGE.poly2.u.Grule,0.1,0.1028,0.00303697481056396,,,0,0.1028,""
1a,null_link_n200,null,,200,all,10000,EDGE.poly2.sc.Grule,0.01,0.0096,0.000975081535052326,,,0,0.0096,""
1a,null_link_n200,null,,200,all,10000,EDGE.poly2.sc.Grule,0.05,0.0458,0.00209051094232965,,,0,0.0458,""
1a,null_link_n200,null,,200,all,10000,EDGE.poly2.sc.Grule,0.1,0.1004,0.00300532593906218,,,0,0.1004,""
1a,null_link_n200,null,,200,all,10000,EDGE.stk.u.Grule,0.01,0.0094,0.000964968393264774,,,0,0.0094,""
1a,null_link_n200,null,,200,all,10000,EDGE.stk.u.Grule,0.05,0.0469,0.00211424667434999,,,0,0.0469,""
1a,null_link_n200,null,,200,all,10000,EDGE.stk.u.Grule,0.1,0.1011,0.00301461092016864,,,0,0.1011,""
1a,null_link_n200,null,,200,all,10000,EDGE.stk.sc.Grule,0.01,0.0093,0.000959870303739,,,0,0.0093,""
1a,null_link_n200,null,,200,all,10000,EDGE.stk.sc.Grule,0.05,0.0491,0.00216076815045021,,,0,0.0491,""
1a,null_link_n200,null,,200,all,10000,EDGE.stk.sc.Grule,0.1,0.0987,0.00298258797020306,,,0,0.0987,""
1a,null_link_n200,null,,200,all,10000,EDGE.sym.u.Grule,0.01,0.0093,0.000959870303739,,,0,0.0093,""
1a,null_link_n200,null,,200,all,10000,EDGE.sym.u.Grule,0.05,0.0509,0.00219793516737869,,,0,0.0509,""
1a,null_link_n200,null,,200,all,10000,EDGE.sym.u.Grule,0.1,0.1028,0.00303697481056396,,,0,0.1028,""
1a,null_link_n200,null,,200,all,10000,EDGE.sym.sc.Grule,0.01,0.0095,0.000970038659023443,,,0,0.0095,""
1a,null_link_n200,null,,200,all,10000,EDGE.sym.sc.Grule,0.05,0.0523,0.00222631332026739,,,0,0.0523,""
1a,null_link_n200,null,,200,all,10000,EDGE.sym.sc.Grule,0.1,0.1052,0.0030681095156464,,,0,0.1052,""
1a,null_link_n200,null,,200,all,10000,HL.G10,0.01,0.0078,0.000879724957017817,,,0,0.0078,""
1a,null_link_n200,null,,200,all,10000,HL.G10,0.05,0.0439,0.00204872618961149,,,0,0.0439,""
1a,null_link_n200,null,,200,all,10000,HL.G10,0.1,0.0918,0.00288743415509341,,,0,0.0918,""
1a,null_link_n200,null,,200,all,10000,HL.Grule,0.01,0.0078,0.000879724957017817,,,0,0.0078,""
1a,null_link_n200,null,,200,all,10000,HL.Grule,0.05,0.0439,0.00204872618961149,,,0,0.0439,""
1a,null_link_n200,null,,200,all,10000,HL.Grule,0.1,0.0918,0.00288743415509341,,,0,0.0918,""
1a,null_link_n200,null,,200,all,10000,HLF.G10,0.01,0.0076,0.0008684607072286,,,0,0.0076,""
1a,null_link_n200,null,,200,all,10000,HLF.G10,0.05,0.0428,0.00202405928766921,,,0,0.0428,""
1a,null_link_n200,null,,200,all,10000,HLF.G10,0.1,0.0922,0.00289308071093774,,,0,0.0922,""
1a,null_link_n200,null,,200,all,10000,HLF.Grule,0.01,0.0076,0.0008684607072286,,,0,0.0076,""
1a,null_link_n200,null,,200,all,10000,HLF.Grule,0.05,0.0428,0.00202405928766921,,,0,0.0428,""
1a,null_link_n200,null,,200,all,10000,HLF.Grule,0.1,0.0922,0.00289308071093774,,,0,0.0922,""
1a,null_link_n200,null,,200,all,10000,Stk.joint,0.01,0.0091,0.000949588858401361,,,0,0.0091,""
1a,null_link_n200,null,,200,all,10000,Stk.joint,0.05,0.0487,0.00215240121724552,,,0,0.0487,""
1a,null_link_n200,null,,200,all,10000,Stk.joint,0.1,0.1019,0.00302516759866292,,,0,0.1019,""
1a,null_link_n200,null,,200,all,10000,Stk.LR,0.01,0.0118,0.00107984998958189,,,0,0.0118,""
1a,null_link_n200,null,,200,all,10000,Stk.LR,0.05,0.0557,0.00229341470301383,,,0,0.0557,""
1a,null_link_n200,null,,200,all,10000,Stk.LR,0.1,0.1094,0.00312140417120244,,,0,0.1094,""
1a,null_link_n200,null,,200,all,10000,Stk.sym1,0.01,0.0084,0.000912657657613193,,,0,0.0084,""
1a,null_link_n200,null,,200,all,10000,Stk.sym1,0.05,0.049,0.0021586801523153,,,0,0.049,""
1a,null_link_n200,null,,200,all,10000,Stk.sym1,0.1,0.1026,0.00303435726307895,,,0,0.1026,""
1a,null_link_n200,null,,200,all,10000,Stk.marg,0.01,0.0239,0.00152737650891979,,,0,0.0239,""
1a,null_link_n200,null,,200,all,10000,Stk.marg,0.05,0.0741,0.00261933560278174,,,0,0.0741,""
1a,null_link_n200,null,,200,all,10000,Stk.marg,0.1,0.1177,0.00322252556235013,,,0,0.1177,""
1a,null_link_n200,null,,200,all,10000,GiViTI,0.01,0.0104,0.00101448706250992,,,0,0.0104,""
1a,null_link_n200,null,,200,all,10000,GiViTI,0.05,0.0542,0.00226411925480969,,,0,0.0542,""
1a,null_link_n200,null,,200,all,10000,GiViTI,0.1,0.1038,0.00305000918031405,,,0,0.1038,""
1a,null_link_n200,null,,200,all,10000,GiViTI.t50,0.01,0.0105,0.00101930123123638,,,0,0.0105,""
1a,null_link_n200,null,,200,all,10000,GiViTI.t50,0.05,0.058,0.00233743449106066,,,0,0.058,""
1a,null_link_n200,null,,200,all,10000,GiViTI.t50,0.1,0.1075,0.00309747881348687,,,0,0.1075,""
1a,null_link_n200,null,,200,all,10000,Cubic.LR,0.01,0.0114,0.00106160444610976,,,0,0.0114,""
1a,null_link_n200,null,,200,all,10000,Cubic.LR,0.05,0.0538,0.00225622605250449,,,0,0.0538,""
1a,null_link_n200,null,,200,all,10000,Cubic.LR,0.1,0.1073,0.00309494281045709,,,0,0.1073,""
1a,null_link_n200,null,,200,all,10000,HL_w,0.01,0.0109,0.00103832509360027,,,0,0.0109,""
1a,null_link_n200,null,,200,all,10000,HL_w,0.05,0.0494,0.0021670173049609,,,0,0.0494,""
1a,null_link_n200,null,,200,all,10000,HL_w,0.1,0.0994,0.00299198328872338,,,0,0.0994,""
1a,null_link_n200,null,,200,all,10000,PH,0.01,0.0039,0.000623280835578955,,,0,0.0039,""
1a,null_link_n200,null,,200,all,10000,PH,0.05,0.027,0.00162083311910881,,,0,0.027,""
1a,null_link_n200,null,,200,all,10000,PH,0.1,0.0592,0.00235998644063901,,,0,0.0592,""
1a,null_link_n200,null,,200,all,10000,Tsiatis,0.01,0.0104,0.00101448706250992,,,0,0.0104,""
1a,null_link_n200,null,,200,all,10000,Tsiatis,0.05,0.049,0.0021586801523153,,,0,0.049,""
1a,null_link_n200,null,,200,all,10000,Tsiatis,0.1,0.1043,0.00305649325207827,,,0,0.1043,""
1a,null_link_n200,null,,200,all,10000,Xie,0.01,0.0046,0.000676671264352196,,,0,0.0046,""
1a,null_link_n200,null,,200,all,10000,Xie,0.05,0.028,0.0016497272501841,,,0,0.028,""
1a,null_link_n200,null,,200,all,10000,Xie,0.1,0.0645,0.00245641507078914,,,0,0.0645,""
1a,null_link_n200,null,,200,all,10000,PR,0.01,0.0083,0.000907254650029417,,,0,0.0083,""
1a,null_link_n200,null,,200,all,10000,PR,0.05,0.0548,0.0022758945494025,,,0,0.0548,""
1a,null_link_n200,null,,200,all,10000,PR,0.1,0.1236,0.00329124657234915,,,0,0.1236,""
1a,null_rough_n200,null,,200,all,10000,flag.evlt.G10,,0,,,,0,,flag rate: share of replicates with the flag = 1
1a,null_rough_n200,null,,200,all,10000,flag.evlt.Grule,,0,,,,0,,flag rate: share of replicates with the flag = 1
1a,null_rough_n200,null,,200,all,10000,flag.stk_half0,,0,,,,0,,flag rate: share of replicates with the flag = 1
1a,null_rough_n200,null,,200,all,10000,flag.stk_diag,,1e-04,,,,0,,flag rate: share of replicates with the flag = 1
1a,null_rough_n200,null,,200,all,10000,flag.rivals_run,,1,,,,0,,flag rate: share of replicates with the flag = 1
1a,null_rough_n200,null,,200,all,10000,flag.degenerate,,0,,,,0,,flag rate: share of replicates with the flag = 1
1a,null_rough_n200,null,,200,all,10000,flag.info_guard,,0,,,,0,,flag rate: share of replicates with the flag = 1
1a,null_rough_n200,null,,200,all,10000,flag.rep_error,,0,,,,0,,flag rate: share of replicates with the flag = 1
1a,null_rough_n200,null,,200,all,10000,EDGE.poly3.u.G10,0.01,0.0111,0.00104770177054351,,,0,0.0111,""
1a,null_rough_n200,null,,200,all,10000,EDGE.poly3.u.G10,0.05,0.0528,0.00223633986683599,,,0,0.0528,""
1a,null_rough_n200,null,,200,all,10000,EDGE.poly3.u.G10,0.1,0.0994,0.00299198328872338,,,0,0.0994,""
1a,null_rough_n200,null,,200,all,10000,EDGE.poly3.sc.G10,0.01,0.0092,0.000954743944730732,,,0,0.0092,""
1a,null_rough_n200,null,,200,all,10000,EDGE.poly3.sc.G10,0.05,0.0512,0.00220405444578849,,,0,0.0512,""
1a,null_rough_n200,null,,200,all,10000,EDGE.poly3.sc.G10,0.1,0.1052,0.0030681095156464,,,0,0.1052,""
1a,null_rough_n200,null,,200,all,10000,EDGE.poly2.u.G10,0.01,0.0111,0.00104770177054351,,,0,0.0111,""
1a,null_rough_n200,null,,200,all,10000,EDGE.poly2.u.G10,0.05,0.0543,0.00226608715631151,,,0,0.0543,""
1a,null_rough_n200,null,,200,all,10000,EDGE.poly2.u.G10,0.1,0.1063,0.00308221203034444,,,0,0.1063,""
1a,null_rough_n200,null,,200,all,10000,EDGE.poly2.sc.G10,0.01,0.0118,0.00107984998958189,,,0,0.0118,""
1a,null_rough_n200,null,,200,all,10000,EDGE.poly2.sc.G10,0.05,0.0515,0.00221015270965605,,,0,0.0515,""
1a,null_rough_n200,null,,200,all,10000,EDGE.poly2.sc.G10,0.1,0.1081,0.00310506666595099,,,0,0.1081,""
1a,null_rough_n200,null,,200,all,10000,EDGE.stk.u.G10,0.01,0.0113,0.00105699148530156,,,0,0.0113,""
1a,null_rough_n200,null,,200,all,10000,EDGE.stk.u.G10,0.05,0.048,0.00213766227454198,,,0,0.048,""
1a,null_rough_n200,null,,200,all,10000,EDGE.stk.u.G10,0.1,0.099,0.00298662016332844,,,0,0.099,""
1a,null_rough_n200,null,,200,all,10000,EDGE.stk.sc.G10,0.01,0.0095,0.000970038659023443,,,0,0.0095,""
1a,null_rough_n200,null,,200,all,10000,EDGE.stk.sc.G10,0.05,0.0528,0.00223633986683599,,,0,0.0528,""
1a,null_rough_n200,null,,200,all,10000,EDGE.stk.sc.G10,0.1,0.1065,0.00308476498294441,,,0,0.1065,""
1a,null_rough_n200,null,,200,all,10000,EDGE.sym.u.G10,0.01,0.0114,0.00106160444610976,,,0,0.0114,""
1a,null_rough_n200,null,,200,all,10000,EDGE.sym.u.G10,0.05,0.0492,0.00216285367050108,,,0,0.0492,""
1a,null_rough_n200,null,,200,all,10000,EDGE.sym.u.G10,0.1,0.1023,0.00303042422772786,,,0,0.1023,""
1a,null_rough_n200,null,,200,all,10000,EDGE.sym.sc.G10,0.01,0.011,0.00104302444841912,,,0,0.011,""
1a,null_rough_n200,null,,200,all,10000,EDGE.sym.sc.G10,0.05,0.0495,0.00216909543358516,,,0,0.0495,""
1a,null_rough_n200,null,,200,all,10000,EDGE.sym.sc.G10,0.1,0.104,0.00305260544453423,,,0,0.104,""
1a,null_rough_n200,null,,200,all,10000,EDGE.poly3.u.Grule,0.01,0.0111,0.00104770177054351,,,0,0.0111,""
1a,null_rough_n200,null,,200,all,10000,EDGE.poly3.u.Grule,0.05,0.0528,0.00223633986683599,,,0,0.0528,""
1a,null_rough_n200,null,,200,all,10000,EDGE.poly3.u.Grule,0.1,0.0994,0.00299198328872338,,,0,0.0994,""
1a,null_rough_n200,null,,200,all,10000,EDGE.poly3.sc.Grule,0.01,0.0092,0.000954743944730732,,,0,0.0092,""
1a,null_rough_n200,null,,200,all,10000,EDGE.poly3.sc.Grule,0.05,0.0512,0.00220405444578849,,,0,0.0512,""
1a,null_rough_n200,null,,200,all,10000,EDGE.poly3.sc.Grule,0.1,0.1052,0.0030681095156464,,,0,0.1052,""
1a,null_rough_n200,null,,200,all,10000,EDGE.poly2.u.Grule,0.01,0.0111,0.00104770177054351,,,0,0.0111,""
1a,null_rough_n200,null,,200,all,10000,EDGE.poly2.u.Grule,0.05,0.0543,0.00226608715631151,,,0,0.0543,""
1a,null_rough_n200,null,,200,all,10000,EDGE.poly2.u.Grule,0.1,0.1063,0.00308221203034444,,,0,0.1063,""
1a,null_rough_n200,null,,200,all,10000,EDGE.poly2.sc.Grule,0.01,0.0118,0.00107984998958189,,,0,0.0118,""
1a,null_rough_n200,null,,200,all,10000,EDGE.poly2.sc.Grule,0.05,0.0515,0.00221015270965605,,,0,0.0515,""
1a,null_rough_n200,null,,200,all,10000,EDGE.poly2.sc.Grule,0.1,0.1081,0.00310506666595099,,,0,0.1081,""
1a,null_rough_n200,null,,200,all,10000,EDGE.stk.u.Grule,0.01,0.0113,0.00105699148530156,,,0,0.0113,""
1a,null_rough_n200,null,,200,all,10000,EDGE.stk.u.Grule,0.05,0.048,0.00213766227454198,,,0,0.048,""
1a,null_rough_n200,null,,200,all,10000,EDGE.stk.u.Grule,0.1,0.099,0.00298662016332844,,,0,0.099,""
1a,null_rough_n200,null,,200,all,10000,EDGE.stk.sc.Grule,0.01,0.0095,0.000970038659023443,,,0,0.0095,""
1a,null_rough_n200,null,,200,all,10000,EDGE.stk.sc.Grule,0.05,0.0528,0.00223633986683599,,,0,0.0528,""
1a,null_rough_n200,null,,200,all,10000,EDGE.stk.sc.Grule,0.1,0.1065,0.00308476498294441,,,0,0.1065,""
1a,null_rough_n200,null,,200,all,10000,EDGE.sym.u.Grule,0.01,0.0114,0.00106160444610976,,,0,0.0114,""
1a,null_rough_n200,null,,200,all,10000,EDGE.sym.u.Grule,0.05,0.0492,0.00216285367050108,,,0,0.0492,""
1a,null_rough_n200,null,,200,all,10000,EDGE.sym.u.Grule,0.1,0.1023,0.00303042422772786,,,0,0.1023,""
1a,null_rough_n200,null,,200,all,10000,EDGE.sym.sc.Grule,0.01,0.011,0.00104302444841912,,,0,0.011,""
1a,null_rough_n200,null,,200,all,10000,EDGE.sym.sc.Grule,0.05,0.0495,0.00216909543358516,,,0,0.0495,""
1a,null_rough_n200,null,,200,all,10000,EDGE.sym.sc.Grule,0.1,0.104,0.00305260544453423,,,0,0.104,""
1a,null_rough_n200,null,,200,all,10000,HL.G10,0.01,0.0082,0.000901818163489736,,,0,0.0082,""
1a,null_rough_n200,null,,200,all,10000,HL.G10,0.05,0.0454,0.00208179826111946,,,0,0.0454,""
1a,null_rough_n200,null,,200,all,10000,HL.G10,0.1,0.0976,0.00296773044598056,,,0,0.0976,""
1a,null_rough_n200,null,,200,all,10000,HL.Grule,0.01,0.0082,0.000901818163489736,,,0,0.0082,""
1a,null_rough_n200,null,,200,all,10000,HL.Grule,0.05,0.0454,0.00208179826111946,,,0,0.0454,""
1a,null_rough_n200,null,,200,all,10000,HL.Grule,0.1,0.0976,0.00296773044598056,,,0,0.0976,""
1a,null_rough_n200,null,,200,all,10000,HLF.G10,0.01,0.0077,0.000874111548945557,,,0,0.0077,""
1a,null_rough_n200,null,,200,all,10000,HLF.G10,0.05,0.0451,0.00207523468552354,,,0,0.0451,""
1a,null_rough_n200,null,,200,all,10000,HLF.G10,0.1,0.097,0.00295957767257425,,,0,0.097,""
1a,null_rough_n200,null,,200,all,10000,HLF.Grule,0.01,0.0077,0.000874111548945557,,,0,0.0077,""
1a,null_rough_n200,null,,200,all,10000,HLF.Grule,0.05,0.0451,0.00207523468552354,,,0,0.0451,""
1a,null_rough_n200,null,,200,all,10000,HLF.Grule,0.1,0.097,0.00295957767257425,,,0,0.097,""
1a,null_rough_n200,null,,200,all,10000,Stk.joint,0.01,0.0113,0.00105699148530156,,,0,0.0113,""
1a,null_rough_n200,null,,200,all,10000,Stk.joint,0.05,0.0517,0.00221420662992414,,,0,0.0517,""
1a,null_rough_n200,null,,200,all,10000,Stk.joint,0.1,0.0997,0.00299599582776746,,,0,0.0997,""
1a,null_rough_n200,null,,200,all,10000,Stk.LR,0.01,0.0133,0.00114556143440673,,,0,0.0133,""
1a,null_rough_n200,null,,200,all,10000,Stk.LR,0.05,0.0597,0.0023693017958884,,,0,0.0597,""
1a,null_rough_n200,null,,200,all,10000,Stk.LR,0.1,0.1108,0.00313884309897771,,,0,0.1108,""
1a,null_rough_n200,null,,200,all,10000,Stk.sym1,0.01,0.0108,0.00103360340556715,,,0,0.0108,""
1a,null_rough_n200,null,,200,all,10000,Stk.sym1,0.05,0.0515,0.00221015270965605,,,0,0.0515,""
1a,null_rough_n200,null,,200,all,10000,Stk.sym1,0.1,0.1016,0.0030212156493703,,,0,0.1016,""
1a,null_rough_n200,null,,200,all,10000,Stk.marg,0.01,0.0253,0.00157034741379097,,,0,0.0253,""
1a,null_rough_n200,null,,200,all,10000,Stk.marg,0.05,0.0719,0.00258322259977726,,,0,0.0719,""
1a,null_rough_n200,null,,200,all,10000,Stk.marg,0.1,0.1198,0.00324727516542716,,,0,0.1198,""
1a,null_rough_n200,null,,200,all,10000,GiViTI,0.01,0.0131,0.00113703078234496,,,0,0.0131,""
1a,null_rough_n200,null,,200,all,10000,GiViTI,0.05,0.0561,0.00230114732253283,,,0,0.0561,""
1a,null_rough_n200,null,,200,all,10000,GiViTI,0.1,0.1101,0.00313014360692924,,,0,0.1101,""
1a,null_rough_n200,null,,200,all,10000,GiViTI.t50,0.01,0.0146,0.00119945154133045,,,0,0.0146,""
1a,null_rough_n200,null,,200,all,10000,GiViTI.t50,0.05,0.0598,0.00237115921017548,,,0,0.0598,""
1a,null_rough_n200,null,,200,all,10000,GiViTI.t50,0.1,0.1113,0.00314503275022694,,,0,0.1113,""
1a,null_rough_n200,null,,200,all,10000,Cubic.LR,0.01,0.014,0.00117490425141796,,,0,0.014,""
1a,null_rough_n200,null,,200,all,10000,Cubic.LR,0.05,0.0592,0.00235998644063901,,,0,0.0592,""
1a,null_rough_n200,null,,200,all,10000,Cubic.LR,0.1,0.112,0.00315366453510832,,,0,0.112,""
1a,null_rough_n200,null,,200,all,10000,HL_w,0.01,0.0112,0.00105235735375394,,,0,0.0112,""
1a,null_rough_n200,null,,200,all,10000,HL_w,0.05,0.0497,0.00217324434889407,,,0,0.0497,""
1a,null_rough_n200,null,,200,all,10000,HL_w,0.1,0.0977,0.00296908588626197,,,0,0.0977,""
1a,null_rough_n200,null,,200,all,10000,PH,0.01,0.0033,0.000573507628545602,,,0,0.0033,""
1a,null_rough_n200,null,,200,all,10000,PH,0.05,0.0274,0.0016324594941376,,,0,0.0274,""
1a,null_rough_n200,null,,200,all,10000,PH,0.1,0.0619,0.00240973836754117,,,0,0.0619,""
1a,null_rough_n200,null,,200,all,10000,Tsiatis,0.01,0.0094,0.000964968393264774,,,0,0.0094,""
1a,null_rough_n200,null,,200,all,10000,Tsiatis,0.05,0.0492,0.00216285367050108,,,0,0.0492,""
1a,null_rough_n200,null,,200,all,10000,Tsiatis,0.1,0.0994,0.00299198328872338,,,0,0.0994,""
1a,null_rough_n200,null,,200,all,10000,Xie,0.01,0.0073,0.000851276100921434,,,0,0.0073,""
1a,null_rough_n200,null,,200,all,10000,Xie,0.05,0.0365,0.00187530664159225,,,0,0.0365,""
1a,null_rough_n200,null,,200,all,10000,Xie,0.1,0.0793,0.00270206421093208,,,0,0.0793,""
1a,null_rough_n200,null,,200,all,10000,PR,0.01,0,0,,,1,,no p-value in any replicate
1a,null_rough_n200,null,,200,all,10000,PR,0.05,0,0,,,1,,no p-value in any replicate
1a,null_rough_n200,null,,200,all,10000,PR,0.1,0,0,,,1,,no p-value in any replicate
1a,null_quad_n500,null,,500,all,10000,flag.evlt.G10,,0,,,,0,,flag rate: share of replicates with the flag = 1
1a,null_quad_n500,null,,500,all,10000,flag.evlt.Grule,,0,,,,0,,flag rate: share of replicates with the flag = 1
1a,null_quad_n500,null,,500,all,10000,flag.stk_half0,,0,,,,0,,flag rate: share of replicates with the flag = 1
1a,null_quad_n500,null,,500,all,10000,flag.stk_diag,,0,,,,0,,flag rate: share of replicates with the flag = 1
1a,null_quad_n500,null,,500,all,10000,flag.rivals_run,,1,,,,0,,flag rate: share of replicates with the flag = 1
1a,null_quad_n500,null,,500,all,10000,flag.degenerate,,0,,,,0,,flag rate: share of replicates with the flag = 1
1a,null_quad_n500,null,,500,all,10000,flag.info_guard,,0,,,,0,,flag rate: share of replicates with the flag = 1
1a,null_quad_n500,null,,500,all,10000,flag.rep_error,,0,,,,0,,flag rate: share of replicates with the flag = 1
1a,null_quad_n500,null,,500,all,10000,EDGE.poly3.u.G10,0.01,0.0084,0.000912657657613193,,,0,0.0084,""
1a,null_quad_n500,null,,500,all,10000,EDGE.poly3.u.G10,0.05,0.0481,0.00213977545550929,,,0,0.0481,""
1a,null_quad_n500,null,,500,all,10000,EDGE.poly3.u.G10,0.1,0.1017,0.00302253387077796,,,0,0.1017,""
1a,null_quad_n500,null,,500,all,10000,EDGE.poly3.sc.G10,0.01,0.0084,0.000912657657613193,,,0,0.0084,""
1a,null_quad_n500,null,,500,all,10000,EDGE.poly3.sc.G10,0.05,0.0477,0.00213130734526957,,,0,0.0477,""
1a,null_quad_n500,null,,500,all,10000,EDGE.poly3.sc.G10,0.1,0.0966,0.00295412322017887,,,0,0.0966,""
1a,null_quad_n500,null,,500,all,10000,EDGE.poly2.u.G10,0.01,0.0091,0.000949588858401361,,,0,0.0091,""
1a,null_quad_n500,null,,500,all,10000,EDGE.poly2.u.G10,0.05,0.0525,0.00223033069296909,,,0,0.0525,""
1a,null_quad_n500,null,,500,all,10000,EDGE.poly2.u.G10,0.1,0.0975,0.00296637404923924,,,0,0.0975,""
1a,null_quad_n500,null,,500,all,10000,EDGE.poly2.sc.G10,0.01,0.0084,0.000912657657613193,,,0,0.0084,""
1a,null_quad_n500,null,,500,all,10000,EDGE.poly2.sc.G10,0.05,0.0484,0.00214609971809327,,,0,0.0484,""
1a,null_quad_n500,null,,500,all,10000,EDGE.poly2.sc.G10,0.1,0.1001,0.003001332870576,,,0,0.1001,""
1a,null_quad_n500,null,,500,all,10000,EDGE.stk.u.G10,0.01,0.0099,0.000990049998737437,,,0,0.0099,""
1a,null_quad_n500,null,,500,all,10000,EDGE.stk.u.G10,0.05,0.0466,0.00210780549387272,,,0,0.0466,""
1a,null_quad_n500,null,,500,all,10000,EDGE.stk.u.G10,0.1,0.0959,0.00294454054140879,,,0,0.0959,""
1a,null_quad_n500,null,,500,all,10000,EDGE.stk.sc.G10,0.01,0.0091,0.000949588858401361,,,0,0.0091,""
1a,null_quad_n500,null,,500,all,10000,EDGE.stk.sc.G10,0.05,0.0481,0.00213977545550929,,,0,0.0481,""
1a,null_quad_n500,null,,500,all,10000,EDGE.stk.sc.G10,0.1,0.0967,0.002955488284531,,,0,0.0967,""
1a,null_quad_n500,null,,500,all,10000,EDGE.sym.u.G10,0.01,0.0093,0.000959870303739,,,0,0.0093,""
1a,null_quad_n500,null,,500,all,10000,EDGE.sym.u.G10,0.05,0.0527,0.00223433905215838,,,0,0.0527,""
1a,null_quad_n500,null,,500,all,10000,EDGE.sym.u.G10,0.1,0.1021,0.00302779771451132,,,0,0.1021,""
1a,null_quad_n500,null,,500,all,10000,EDGE.sym.sc.G10,0.01,0.0108,0.00103360340556715,,,0,0.0108,""
1a,null_quad_n500,null,,500,all,10000,EDGE.sym.sc.G10,0.05,0.0521,0.00222228688517032,,,0,0.0521,""
1a,null_quad_n500,null,,500,all,10000,EDGE.sym.sc.G10,0.1,0.1013,0.00301725554105051,,,0,0.1013,""
1a,null_quad_n500,null,,500,all,10000,EDGE.poly3.u.Grule,0.01,0.0075,0.00086277169633687,,,0,0.0075,""
1a,null_quad_n500,null,,500,all,10000,EDGE.poly3.u.Grule,0.05,0.0486,0.00215030323442997,,,0,0.0486,""
1a,null_quad_n500,null,,500,all,10000,EDGE.poly3.u.Grule,0.1,0.1013,0.00301725554105051,,,0,0.1013,""
1a,null_quad_n500,null,,500,all,10000,EDGE.poly3.sc.Grule,0.01,0.0095,0.000970038659023443,,,0,0.0095,""
1a,null_quad_n500,null,,500,all,10000,EDGE.poly3.sc.Grule,0.05,0.0491,0.00216076815045021,,,0,0.0491,""
1a,null_quad_n500,null,,500,all,10000,EDGE.poly3.sc.Grule,0.1,0.0963,0.00295002220330627,,,0,0.0963,""
1a,null_quad_n500,null,,500,all,10000,EDGE.poly2.u.Grule,0.01,0.0085,0.000918027777357526,,,0,0.0085,""
1a,null_quad_n500,null,,500,all,10000,EDGE.poly2.u.Grule,0.05,0.0524,0.00222832313635164,,,0,0.0524,""
1a,null_quad_n500,null,,500,all,10000,EDGE.poly2.u.Grule,0.1,0.1001,0.003001332870576,,,0,0.1001,""
1a,null_quad_n500,null,,500,all,10000,EDGE.poly2.sc.Grule,0.01,0.0079,0.000885301643509149,,,0,0.0079,""
1a,null_quad_n500,null,,500,all,10000,EDGE.poly2.sc.Grule,0.05,0.0486,0.00215030323442997,,,0,0.0486,""
1a,null_quad_n500,null,,500,all,10000,EDGE.poly2.sc.Grule,0.1,0.0993,0.00299064391059852,,,0,0.0993,""
1a,null_quad_n500,null,,500,all,10000,EDGE.stk.u.Grule,0.01,0.0096,0.000975081535052326,,,0,0.0096,""
1a,null_quad_n500,null,,500,all,10000,EDGE.stk.u.Grule,0.05,0.0465,0.00210565310533335,,,0,0.0465,""
1a,null_quad_n500,null,,500,all,10000,EDGE.stk.u.Grule,0.1,0.0965,0.00295275718608896,,,0,0.0965,""
1a,null_quad_n500,null,,500,all,10000,EDGE.stk.sc.Grule,0.01,0.0092,0.000954743944730732,,,0,0.0092,""
1a,null_quad_n500,null,,500,all,10000,EDGE.stk.sc.Grule,0.05,0.0495,0.00216909543358516,,,0,0.0495,""
1a,null_quad_n500,null,,500,all,10000,EDGE.stk.sc.Grule,0.1,0.0972,0.00296229910711258,,,0,0.0972,""
1a,null_quad_n500,null,,500,all,10000,EDGE.sym.u.Grule,0.01,0.0104,0.00101448706250992,,,0,0.0104,""
1a,null_quad_n500,null,,500,all,10000,EDGE.sym.u.Grule,0.05,0.0485,0.00214820273717357,,,0,0.0485,""
1a,null_quad_n500,null,,500,all,10000,EDGE.sym.u.Grule,0.1,0.097,0.00295957767257425,,,0,0.097,""
1a,null_quad_n500,null,,500,all,10000,EDGE.sym.sc.Grule,0.01,0.0106,0.00102409179276079,,,0,0.0106,""
1a,null_quad_n500,null,,500,all,10000,EDGE.sym.sc.Grule,0.05,0.048,0.00213766227454198,,,0,0.048,""
1a,null_quad_n500,null,,500,all,10000,EDGE.sym.sc.Grule,0.1,0.0977,0.00296908588626197,,,0,0.0977,""
1a,null_quad_n500,null,,500,all,10000,HL.G10,0.01,0.0098,0.000985086798206128,,,0,0.0098,""
1a,null_quad_n500,null,,500,all,10000,HL.G10,0.05,0.0476,0.00212918388120895,,,0,0.0476,""
1a,null_quad_n500,null,,500,all,10000,HL.G10,0.1,0.1003,0.00300399583887861,,,0,0.1003,""
1a,null_quad_n500,null,,500,all,10000,HL.Grule,0.01,0.0077,0.000874111548945557,,,0,0.0077,""
1a,null_quad_n500,null,,500,all,10000,HL.Grule,0.05,0.0454,0.00208179826111946,,,0,0.0454,""
1a,null_quad_n500,null,,500,all,10000,HL.Grule,0.1,0.0955,0.0029390432116592,,,0,0.0955,""
1a,null_quad_n500,null,,500,all,10000,HLF.G10,0.01,0.0096,0.000975081535052326,,,0,0.0096,""
1a,null_quad_n500,null,,500,all,10000,HLF.G10,0.05,0.0481,0.00213977545550929,,,0,0.0481,""
1a,null_quad_n500,null,,500,all,10000,HLF.G10,0.1,0.0996,0.00299465924605789,,,0,0.0996,""
1a,null_quad_n500,null,,500,all,10000,HLF.Grule,0.01,0.0075,0.00086277169633687,,,0,0.0075,""
1a,null_quad_n500,null,,500,all,10000,HLF.Grule,0.05,0.0449,0.0020708449966137,,,0,0.0449,""
1a,null_quad_n500,null,,500,all,10000,HLF.Grule,0.1,0.0955,0.0029390432116592,,,0,0.0955,""
1a,null_quad_n500,null,,500,all,10000,Stk.joint,0.01,0.0069,0.000827791640450663,,,0,0.0069,""
1a,null_quad_n500,null,,500,all,10000,Stk.joint,0.05,0.049,0.0021586801523153,,,0,0.049,""
1a,null_quad_n500,null,,500,all,10000,Stk.joint,0.1,0.1,0.003,,,0,0.1,""
1a,null_quad_n500,null,,500,all,10000,Stk.LR,0.01,0.0078,0.000879724957017817,,,0,0.0078,""
1a,null_quad_n500,null,,500,all,10000,Stk.LR,0.05,0.0503,0.0021856328602947,,,0,0.0503,""
1a,null_quad_n500,null,,500,all,10000,Stk.LR,0.1,0.1009,0.0030119626491708,,,0,0.1009,""
1a,null_quad_n500,null,,500,all,10000,Stk.sym1,0.01,0.009,0.000944404574321832,,,0,0.009,""
1a,null_quad_n500,null,,500,all,10000,Stk.sym1,0.05,0.0501,0.00218151300706643,,,0,0.0501,""
1a,null_quad_n500,null,,500,all,10000,Stk.sym1,0.1,0.1002,0.00300266481645887,,,0,0.1002,""
1a,null_quad_n500,null,,500,all,10000,Stk.marg,0.01,0.0227,0.00148945325539273,,,0,0.0227,""
1a,null_quad_n500,null,,500,all,10000,Stk.marg,0.05,0.07,0.00255147016443462,,,0,0.07,""
1a,null_quad_n500,null,,500,all,10000,Stk.marg,0.1,0.1138,0.0031756819740018,,,0,0.1138,""
1a,null_quad_n500,null,,500,all,10000,GiViTI,0.01,0.0084,0.000912657657613193,,,0,0.0084,""
1a,null_quad_n500,null,,500,all,10000,GiViTI,0.05,0.0535,0.00225028331549607,,,0,0.0535,""
1a,null_quad_n500,null,,500,all,10000,GiViTI,0.1,0.0993,0.00299064391059852,,,0,0.0993,""
1a,null_quad_n500,null,,500,all,10000,GiViTI.t50,0.01,0.0091,0.000949588858401361,,,0,0.0091,""
1a,null_quad_n500,null,,500,all,10000,GiViTI.t50,0.05,0.0506,0.00219179469841498,,,0,0.0506,""
1a,null_quad_n500,null,,500,all,10000,GiViTI.t50,0.1,0.1041,0.00305390225776792,,,0,0.1041,""
1a,null_quad_n500,null,,500,all,10000,Cubic.LR,0.01,0.008,0.000890842298052804,,,0,0.008,""
1a,null_quad_n500,null,,500,all,10000,Cubic.LR,0.05,0.0509,0.00219793516737869,,,0,0.0509,""
1a,null_quad_n500,null,,500,all,10000,Cubic.LR,0.1,0.1023,0.00303042422772786,,,0,0.1023,""
1a,null_quad_n500,null,,500,all,10000,HL_w,0.01,0.0093,0.000959870303739,,,0,0.0093,""
1a,null_quad_n500,null,,500,all,10000,HL_w,0.05,0.0499,0.00217738352156895,,,0,0.0499,""
1a,null_quad_n500,null,,500,all,10000,HL_w,0.1,0.1015,0.00301989652140599,,,0,0.1015,""
1a,null_quad_n500,null,,500,all,10000,PH,0.01,0.0055,0.000739577582137263,,,0,0.0055,""
1a,null_quad_n500,null,,500,all,10000,PH,0.05,0.0286,0.00166679452842874,,,0,0.0286,""
1a,null_quad_n500,null,,500,all,10000,PH,0.1,0.0633,0.00243501765907354,,,0,0.0633,""
1a,null_quad_n500,null,,500,all,10000,Tsiatis,0.01,0.0083,0.000907254650029417,,,0,0.0083,""
1a,null_quad_n500,null,,500,all,10000,Tsiatis,0.05,0.049,0.0021586801523153,,,0,0.049,""
1a,null_quad_n500,null,,500,all,10000,Tsiatis,0.1,0.0967,0.002955488284531,,,0,0.0967,""
1a,null_quad_n500,null,,500,all,10000,Xie,0.01,0.0061,0.000778639197574846,,,0,0.0061,""
1a,null_quad_n500,null,,500,all,10000,Xie,0.05,0.0389,0.00193356639399841,,,0,0.0389,""
1a,null_quad_n500,null,,500,all,10000,Xie,0.1,0.0809,0.00272681480852661,,,0,0.0809,""
1a,null_quad_n500,null,,500,all,10000,PR,0.01,0,0,,,1,,no p-value in any replicate
1a,null_quad_n500,null,,500,all,10000,PR,0.05,0,0,,,1,,no p-value in any replicate
1a,null_quad_n500,null,,500,all,10000,PR,0.1,0,0,,,1,,no p-value in any replicate
1a,null_binint_n500,null,,500,all,10000,flag.evlt.G10,,0,,,,0,,flag rate: share of replicates with the flag = 1
1a,null_binint_n500,null,,500,all,10000,flag.evlt.Grule,,0,,,,0,,flag rate: share of replicates with the flag = 1
1a,null_binint_n500,null,,500,all,10000,flag.stk_half0,,0,,,,0,,flag rate: share of replicates with the flag = 1
1a,null_binint_n500,null,,500,all,10000,flag.stk_diag,,0,,,,0,,flag rate: share of replicates with the flag = 1
1a,null_binint_n500,null,,500,all,10000,flag.rivals_run,,1,,,,0,,flag rate: share of replicates with the flag = 1
1a,null_binint_n500,null,,500,all,10000,flag.degenerate,,0,,,,0,,flag rate: share of replicates with the flag = 1
1a,null_binint_n500,null,,500,all,10000,flag.info_guard,,0,,,,0,,flag rate: share of replicates with the flag = 1
1a,null_binint_n500,null,,500,all,10000,flag.rep_error,,0,,,,0,,flag rate: share of replicates with the flag = 1
1a,null_binint_n500,null,,500,all,10000,EDGE.poly3.u.G10,0.01,0.0097,0.000980097444135021,,,0,0.0097,""
1a,null_binint_n500,null,,500,all,10000,EDGE.poly3.u.G10,0.05,0.0484,0.00214609971809327,,,0,0.0484,""
1a,null_binint_n500,null,,500,all,10000,EDGE.poly3.u.G10,0.1,0.0983,0.00297719851538321,,,0,0.0983,""
1a,null_binint_n500,null,,500,all,10000,EDGE.poly3.sc.G10,0.01,0.0107,0.00102885907684192,,,0,0.0107,""
1a,null_binint_n500,null,,500,all,10000,EDGE.poly3.sc.G10,0.05,0.051,0.00219997727260988,,,0,0.051,""
1a,null_binint_n500,null,,500,all,10000,EDGE.poly3.sc.G10,0.1,0.0997,0.00299599582776746,,,0,0.0997,""
1a,null_binint_n500,null,,500,all,10000,EDGE.poly2.u.G10,0.01,0.0098,0.000985086798206128,,,0,0.0098,""
1a,null_binint_n500,null,,500,all,10000,EDGE.poly2.u.G10,0.05,0.0479,0.00213554653426237,,,0,0.0479,""
1a,null_binint_n500,null,,500,all,10000,EDGE.poly2.u.G10,0.1,0.0992,0.0029893035978301,,,0,0.0992,""
1a,null_binint_n500,null,,500,all,10000,EDGE.poly2.sc.G10,0.01,0.011,0.00104302444841912,,,0,0.011,""
1a,null_binint_n500,null,,500,all,10000,EDGE.poly2.sc.G10,0.05,0.0514,0.00220812227922278,,,0,0.0514,""
1a,null_binint_n500,null,,500,all,10000,EDGE.poly2.sc.G10,0.1,0.1025,0.00303304714767179,,,0,0.1025,""
1a,null_binint_n500,null,,500,all,10000,EDGE.stk.u.G10,0.01,0.0103,0.00100964894889263,,,0,0.0103,""
1a,null_binint_n500,null,,500,all,10000,EDGE.stk.u.G10,0.05,0.0486,0.00215030323442997,,,0,0.0486,""
1a,null_binint_n500,null,,500,all,10000,EDGE.stk.u.G10,0.1,0.0943,0.00292245632987047,,,0,0.0943,""
1a,null_binint_n500,null,,500,all,10000,EDGE.stk.sc.G10,0.01,0.0102,0.00100478654449589,,,0,0.0102,""
1a,null_binint_n500,null,,500,all,10000,EDGE.stk.sc.G10,0.05,0.0524,0.00222832313635164,,,0,0.0524,""
1a,null_binint_n500,null,,500,all,10000,EDGE.stk.sc.G10,0.1,0.1015,0.00301989652140599,,,0,0.1015,""
1a,null_binint_n500,null,,500,all,10000,EDGE.sym.u.G10,0.01,0.0096,0.000975081535052326,,,0,0.0096,""
1a,null_binint_n500,null,,500,all,10000,EDGE.sym.u.G10,0.05,0.0499,0.00217738352156895,,,0,0.0499,""
1a,null_binint_n500,null,,500,all,10000,EDGE.sym.u.G10,0.1,0.1019,0.00302516759866292,,,0,0.1019,""
1a,null_binint_n500,null,,500,all,10000,EDGE.sym.sc.G10,0.01,0.0104,0.00101448706250992,,,0,0.0104,""
1a,null_binint_n500,null,,500,all,10000,EDGE.sym.sc.G10,0.05,0.0512,0.00220405444578849,,,0,0.0512,""
1a,null_binint_n500,null,,500,all,10000,EDGE.sym.sc.G10,0.1,0.1015,0.00301989652140599,,,0,0.1015,""
1a,null_binint_n500,null,,500,all,10000,EDGE.poly3.u.Grule,0.01,0.0098,0.000985086798206128,,,0,0.0098,""
1a,null_binint_n500,null,,500,all,10000,EDGE.poly3.u.Grule,0.05,0.0491,0.00216076815045021,,,0,0.0491,""
1a,null_binint_n500,null,,500,all,10000,EDGE.poly3.u.Grule,0.1,0.1011,0.00301461092016864,,,0,0.1011,""
1a,null_binint_n500,null,,500,all,10000,EDGE.poly3.sc.Grule,0.01,0.0107,0.00102885907684192,,,0,0.0107,""
1a,null_binint_n500,null,,500,all,10000,EDGE.poly3.sc.Grule,0.05,0.0485,0.00214820273717357,,,0,0.0485,""
1a,null_binint_n500,null,,500,all,10000,EDGE.poly3.sc.Grule,0.1,0.0954,0.00293766642081772,,,0,0.0954,""
1a,null_binint_n500,null,,500,all,10000,EDGE.poly2.u.Grule,0.01,0.0093,0.000959870303739,,,0,0.0093,""
1a,null_binint_n500,null,,500,all,10000,EDGE.poly2.u.Grule,0.05,0.0493,0.00216493671962947,,,0,0.0493,""
1a,null_binint_n500,null,,500,all,10000,EDGE.poly2.u.Grule,0.1,0.1021,0.00302779771451132,,,0,0.1021,""
1a,null_binint_n500,null,,500,all,10000,EDGE.poly2.sc.Grule,0.01,0.0102,0.00100478654449589,,,0,0.0102,""
1a,null_binint_n500,null,,500,all,10000,EDGE.poly2.sc.Grule,0.05,0.0501,0.00218151300706643,,,0,0.0501,""
1a,null_binint_n500,null,,500,all,10000,EDGE.poly2.sc.Grule,0.1,0.1032,0.00304219920452294,,,0,0.1032,""
1a,null_binint_n500,null,,500,all,10000,EDGE.stk.u.Grule,0.01,0.0107,0.00102885907684192,,,0,0.0107,""
1a,null_binint_n500,null,,500,all,10000,EDGE.stk.u.Grule,0.05,0.0479,0.00213554653426237,,,0,0.0479,""
1a,null_binint_n500,null,,500,all,10000,EDGE.stk.u.Grule,0.1,0.0984,0.00297854729692177,,,0,0.0984,""
1a,null_binint_n500,null,,500,all,10000,EDGE.stk.sc.Grule,0.01,0.0103,0.00100964894889263,,,0,0.0103,""
1a,null_binint_n500,null,,500,all,10000,EDGE.stk.sc.Grule,0.05,0.0485,0.00214820273717357,,,0,0.0485,""
1a,null_binint_n500,null,,500,all,10000,EDGE.stk.sc.Grule,0.1,0.0982,0.00297584878648093,,,0,0.0982,""
1a,null_binint_n500,null,,500,all,10000,EDGE.sym.u.Grule,0.01,0.0107,0.00102885907684192,,,0,0.0107,""
1a,null_binint_n500,null,,500,all,10000,EDGE.sym.u.Grule,0.05,0.0485,0.00214820273717357,,,0,0.0485,""
1a,null_binint_n500,null,,500,all,10000,EDGE.sym.u.Grule,0.1,0.1034,0.00304480606935811,,,0,0.1034,""
1a,null_binint_n500,null,,500,all,10000,EDGE.sym.sc.Grule,0.01,0.0105,0.00101930123123638,,,0,0.0105,""
1a,null_binint_n500,null,,500,all,10000,EDGE.sym.sc.Grule,0.05,0.0496,0.00217117111255654,,,0,0.0496,""
1a,null_binint_n500,null,,500,all,10000,EDGE.sym.sc.Grule,0.1,0.101,0.0030132872415354,,,0,0.101,""
1a,null_binint_n500,null,,500,all,10000,HL.G10,0.01,0.0098,0.000985086798206128,,,0,0.0098,""
1a,null_binint_n500,null,,500,all,10000,HL.G10,0.05,0.05,0.00217944947177034,,,0,0.05,""
1a,null_binint_n500,null,,500,all,10000,HL.G10,0.1,0.0971,0.00296093887137171,,,0,0.0971,""
1a,null_binint_n500,null,,500,all,10000,HL.Grule,0.01,0.0113,0.00105699148530156,,,0,0.0113,""
1a,null_binint_n500,null,,500,all,10000,HL.Grule,0.05,0.049,0.0021586801523153,,,0,0.049,""
1a,null_binint_n500,null,,500,all,10000,HL.Grule,0.1,0.0985,0.00297989513238302,,,0,0.0985,""
1a,null_binint_n500,null,,500,all,10000,HLF.G10,0.01,0.0097,0.000980097444135021,,,0,0.0097,""
1a,null_binint_n500,null,,500,all,10000,HLF.G10,0.05,0.0498,0.00217531514958178,,,0,0.0498,""
1a,null_binint_n500,null,,500,all,10000,HLF.G10,0.1,0.0983,0.00297719851538321,,,0,0.0983,""
1a,null_binint_n500,null,,500,all,10000,HLF.Grule,0.01,0.0114,0.00106160444610976,,,0,0.0114,""
1a,null_binint_n500,null,,500,all,10000,HLF.Grule,0.05,0.0488,0.00215449669296567,,,0,0.0488,""
1a,null_binint_n500,null,,500,all,10000,HLF.Grule,0.1,0.0977,0.00296908588626197,,,0,0.0977,""
1a,null_binint_n500,null,,500,all,10000,Stk.joint,0.01,0.0098,0.000985086798206128,,,0,0.0098,""
1a,null_binint_n500,null,,500,all,10000,Stk.joint,0.05,0.0501,0.00218151300706643,,,0,0.0501,""
1a,null_binint_n500,null,,500,all,10000,Stk.joint,0.1,0.1009,0.0030119626491708,,,0,0.1009,""
1a,null_binint_n500,null,,500,all,10000,Stk.LR,0.01,0.0101,0.000999899494949367,,,0,0.0101,""
1a,null_binint_n500,null,,500,all,10000,Stk.LR,0.05,0.052,0.00222027025382047,,,0,0.052,""
1a,null_binint_n500,null,,500,all,10000,Stk.LR,0.1,0.104,0.00305260544453423,,,0,0.104,""
1a,null_binint_n500,null,,500,all,10000,Stk.sym1,0.01,0.0109,0.00103832509360027,,,0,0.0109,""
1a,null_binint_n500,null,,500,all,10000,Stk.sym1,0.05,0.0506,0.00219179469841498,,,0,0.0506,""
1a,null_binint_n500,null,,500,all,10000,Stk.sym1,0.1,0.1047,0.00306166474324019,,,0,0.1047,""
1a,null_binint_n500,null,,500,all,10000,Stk.marg,0.01,0.0202,0.00140683900997946,,,0,0.0202,""
1a,null_binint_n500,null,,500,all,10000,Stk.marg,0.05,0.0698,0.00254809654448178,,,0,0.0698,""
1a,null_binint_n500,null,,500,all,10000,Stk.marg,0.1,0.1162,0.00320464600229105,,,0,0.1162,""
1a,null_binint_n500,null,,500,all,10000,GiViTI,0.01,0.0088,0.000933946465275178,,,0,0.0088,""
1a,null_binint_n500,null,,500,all,10000,GiViTI,0.05,0.0513,0.00220608952674183,,,0,0.0513,""
1a,null_binint_n500,null,,500,all,10000,GiViTI,0.1,0.1008,0.00301063714186881,,,0,0.1008,""
1a,null_binint_n500,null,,500,all,10000,GiViTI.t50,0.01,0.0098,0.000985086798206128,,,0,0.0098,""
1a,null_binint_n500,null,,500,all,10000,GiViTI.t50,0.05,0.0483,0.00214399416976819,,,0,0.0483,""
1a,null_binint_n500,null,,500,all,10000,GiViTI.t50,0.1,0.1026,0.00303435726307895,,,0,0.1026,""
1a,null_binint_n500,null,,500,all,10000,Cubic.LR,0.01,0.0101,0.000999899494949367,,,0,0.0101,""
1a,null_binint_n500,null,,500,all,10000,Cubic.LR,0.05,0.0499,0.00217738352156895,,,0,0.0499,""
1a,null_binint_n500,null,,500,all,10000,Cubic.LR,0.1,0.1021,0.00302779771451132,,,0,0.1021,""
1a,null_binint_n500,null,,500,all,10000,HL_w,0.01,0.0101,0.000999899494949367,,,0,0.0101,""
1a,null_binint_n500,null,,500,all,10000,HL_w,0.05,0.048,0.00213766227454198,,,0,0.048,""
1a,null_binint_n500,null,,500,all,10000,HL_w,0.1,0.0989,0.00298527703907024,,,0,0.0989,""
1a,null_binint_n500,null,,500,all,10000,PH,0.01,0.0059,0.000765845284636525,,,0,0.0059,""
1a,null_binint_n500,null,,500,all,10000,PH,0.05,0.0306,0.00172231356030196,,,0,0.0306,""
1a,null_binint_n500,null,,500,all,10000,PH,0.1,0.0652,0.00246878431621719,,,0,0.0652,""
1a,null_binint_n500,null,,500,all,10000,Tsiatis,0.01,0.0089,0.000939190608982011,,,0,0.0089,""
1a,null_binint_n500,null,,500,all,10000,Tsiatis,0.05,0.0516,0.00221218082443547,,,0,0.0516,""
1a,null_binint_n500,null,,500,all,10000,Tsiatis,0.1,0.1041,0.00305390225776792,,,0,0.1041,""
1a,null_binint_n500,null,,500,all,10000,Xie,0.01,0.005,0.000705336798983294,,,0,0.005,""
1a,null_binint_n500,null,,500,all,10000,Xie,0.05,0.0294,0.00168924953751659,,,0,0.0294,""
1a,null_binint_n500,null,,500,all,10000,Xie,0.1,0.0622,0.00241518446500469,,,0,0.0622,""
1a,null_binint_n500,null,,500,all,10000,PR,0.01,0.0094,0.000964968393264774,,,0,0.0094,""
1a,null_binint_n500,null,,500,all,10000,PR,0.05,0.0555,0.0022895359791888,,,0,0.0555,""
1a,null_binint_n500,null,,500,all,10000,PR,0.1,0.1208,0.00325894706922343,,,0,0.1208,""
1a,null_contint_n500,null,,500,all,10000,flag.evlt.G10,,0,,,,0,,flag rate: share of replicates with the flag = 1
1a,null_contint_n500,null,,500,all,10000,flag.evlt.Grule,,0,,,,0,,flag rate: share of replicates with the flag = 1
1a,null_contint_n500,null,,500,all,10000,flag.stk_half0,,0,,,,0,,flag rate: share of replicates with the flag = 1
1a,null_contint_n500,null,,500,all,10000,flag.stk_diag,,1e-04,,,,0,,flag rate: share of replicates with the flag = 1
1a,null_contint_n500,null,,500,all,10000,flag.rivals_run,,1,,,,0,,flag rate: share of replicates with the flag = 1
1a,null_contint_n500,null,,500,all,10000,flag.degenerate,,0,,,,0,,flag rate: share of replicates with the flag = 1
1a,null_contint_n500,null,,500,all,10000,flag.info_guard,,0,,,,0,,flag rate: share of replicates with the flag = 1
1a,null_contint_n500,null,,500,all,10000,flag.rep_error,,0,,,,0,,flag rate: share of replicates with the flag = 1
1a,null_contint_n500,null,,500,all,10000,EDGE.poly3.u.G10,0.01,0.0086,0.000923365583070974,,,0,0.0086,""
1a,null_contint_n500,null,,500,all,10000,EDGE.poly3.u.G10,0.05,0.0475,0.00212705782714058,,,0,0.0475,""
1a,null_contint_n500,null,,500,all,10000,EDGE.poly3.u.G10,0.1,0.0982,0.00297584878648093,,,0,0.0982,""
1a,null_contint_n500,null,,500,all,10000,EDGE.poly3.sc.G10,0.01,0.0095,0.000970038659023443,,,0,0.0095,""
1a,null_contint_n500,null,,500,all,10000,EDGE.poly3.sc.G10,0.05,0.0503,0.0021856328602947,,,0,0.0503,""
1a,null_contint_n500,null,,500,all,10000,EDGE.poly3.sc.G10,0.1,0.102,0.00302648310750283,,,0,0.102,""
1a,null_contint_n500,null,,500,all,10000,EDGE.poly2.u.G10,0.01,0.008,0.000890842298052804,,,0,0.008,""
1a,null_contint_n500,null,,500,all,10000,EDGE.poly2.u.G10,0.05,0.0438,0.00204649847300212,,,0,0.0438,""
1a,null_contint_n500,null,,500,all,10000,EDGE.poly2.u.G10,0.1,0.0903,0.00286611077943613,,,0,0.0903,""
1a,null_contint_n500,null,,500,all,10000,EDGE.poly2.sc.G10,0.01,0.0087,0.000928671631956097,,,0,0.0087,""
1a,null_contint_n500,null,,500,all,10000,EDGE.poly2.sc.G10,0.05,0.0482,0.00214188608473934,,,0,0.0482,""
1a,null_contint_n500,null,,500,all,10000,EDGE.poly2.sc.G10,0.1,0.0992,0.0029893035978301,,,0,0.0992,""
1a,null_contint_n500,null,,500,all,10000,EDGE.stk.u.G10,0.01,0.0105,0.00101930123123638,,,0,0.0105,""
1a,null_contint_n500,null,,500,all,10000,EDGE.stk.u.G10,0.05,0.0485,0.00214820273717357,,,0,0.0485,""
1a,null_contint_n500,null,,500,all,10000,EDGE.stk.u.G10,0.1,0.0973,0.0029636583811229,,,0,0.0973,""
1a,null_contint_n500,null,,500,all,10000,EDGE.stk.sc.G10,0.01,0.0094,0.000964968393264774,,,0,0.0094,""
1a,null_contint_n500,null,,500,all,10000,EDGE.stk.sc.G10,0.05,0.0506,0.00219179469841498,,,0,0.0506,""
1a,null_contint_n500,null,,500,all,10000,EDGE.stk.sc.G10,0.1,0.1011,0.00301461092016864,,,0,0.1011,""
1a,null_contint_n500,null,,500,all,10000,EDGE.sym.u.G10,0.01,0.0105,0.00101930123123638,,,0,0.0105,""
1a,null_contint_n500,null,,500,all,10000,EDGE.sym.u.G10,0.05,0.0519,0.00221825133832936,,,0,0.0519,""
1a,null_contint_n500,null,,500,all,10000,EDGE.sym.u.G10,0.1,0.1002,0.00300266481645887,,,0,0.1002,""
1a,null_contint_n500,null,,500,all,10000,EDGE.sym.sc.G10,0.01,0.0108,0.00103360340556715,,,0,0.0108,""
1a,null_contint_n500,null,,500,all,10000,EDGE.sym.sc.G10,0.05,0.0534,0.0022482980229498,,,0,0.0534,""
1a,null_contint_n500,null,,500,all,10000,EDGE.sym.sc.G10,0.1,0.1026,0.00303435726307895,,,0,0.1026,""
1a,null_contint_n500,null,,500,all,10000,EDGE.poly3.u.Grule,0.01,0.0094,0.000964968393264774,,,0,0.0094,""
1a,null_contint_n500,null,,500,all,10000,EDGE.poly3.u.Grule,0.05,0.0479,0.00213554653426237,,,0,0.0479,""
1a,null_contint_n500,null,,500,all,10000,EDGE.poly3.u.Grule,0.1,0.0957,0.00294179384049936,,,0,0.0957,""
1a,null_contint_n500,null,,500,all,10000,EDGE.poly3.sc.Grule,0.01,0.0107,0.00102885907684192,,,0,0.0107,""
1a,null_contint_n500,null,,500,all,10000,EDGE.poly3.sc.Grule,0.05,0.0502,0.00218357413430366,,,0,0.0502,""
1a,null_contint_n500,null,,500,all,10000,EDGE.poly3.sc.Grule,0.1,0.0997,0.00299599582776746,,,0,0.0997,""
1a,null_contint_n500,null,,500,all,10000,EDGE.poly2.u.Grule,0.01,0.0085,0.000918027777357526,,,0,0.0085,""
1a,null_contint_n500,null,,500,all,10000,EDGE.poly2.u.Grule,0.05,0.046,0.00209485083001153,,,0,0.046,""
1a,null_contint_n500,null,,500,all,10000,EDGE.poly2.u.Grule,0.1,0.0921,0.00289167062439691,,,0,0.0921,""
1a,null_contint_n500,null,,500,all,10000,EDGE.poly2.sc.Grule,0.01,0.0089,0.000939190608982011,,,0,0.0089,""
1a,null_contint_n500,null,,500,all,10000,EDGE.poly2.sc.Grule,0.05,0.0483,0.00214399416976819,,,0,0.0483,""
1a,null_contint_n500,null,,500,all,10000,EDGE.poly2.sc.Grule,0.1,0.0969,0.00295821550939075,,,0,0.0969,""
1a,null_contint_n500,null,,500,all,10000,EDGE.stk.u.Grule,0.01,0.0114,0.00106160444610976,,,0,0.0114,""
1a,null_contint_n500,null,,500,all,10000,EDGE.stk.u.Grule,0.05,0.0467,0.00210995521279481,,,0,0.0467,""
1a,null_contint_n500,null,,500,all,10000,EDGE.stk.u.Grule,0.1,0.094,0.00291828716887149,,,0,0.094,""
1a,null_contint_n500,null,,500,all,10000,EDGE.stk.sc.Grule,0.01,0.0106,0.00102409179276079,,,0,0.0106,""
1a,null_contint_n500,null,,500,all,10000,EDGE.stk.sc.Grule,0.05,0.048,0.00213766227454198,,,0,0.048,""
1a,null_contint_n500,null,,500,all,10000,EDGE.stk.sc.Grule,0.1,0.1003,0.00300399583887861,,,0,0.1003,""
1a,null_contint_n500,null,,500,all,10000,EDGE.sym.u.Grule,0.01,0.0102,0.00100478654449589,,,0,0.0102,""
1a,null_contint_n500,null,,500,all,10000,EDGE.sym.u.Grule,0.05,0.0516,0.00221218082443547,,,0,0.0516,""
1a,null_contint_n500,null,,500,all,10000,EDGE.sym.u.Grule,0.1,0.1005,0.00300665511823355,,,0,0.1005,""
1a,null_contint_n500,null,,500,all,10000,EDGE.sym.sc.Grule,0.01,0.0101,0.000999899494949367,,,0,0.0101,""
1a,null_contint_n500,null,,500,all,10000,EDGE.sym.sc.Grule,0.05,0.0523,0.00222631332026739,,,0,0.0523,""
1a,null_contint_n500,null,,500,all,10000,EDGE.sym.sc.Grule,0.1,0.1016,0.0030212156493703,,,0,0.1016,""
1a,null_contint_n500,null,,500,all,10000,HL.G10,0.01,0.009,0.000944404574321832,,,0,0.009,""
1a,null_contint_n500,null,,500,all,10000,HL.G10,0.05,0.046,0.00209485083001153,,,0,0.046,""
1a,null_contint_n500,null,,500,all,10000,HL.G10,0.1,0.093,0.00290432436205049,,,0,0.093,""
1a,null_contint_n500,null,,500,all,10000,HL.Grule,0.01,0.0101,0.000999899494949367,,,0,0.0101,""
1a,null_contint_n500,null,,500,all,10000,HL.Grule,0.05,0.0494,0.0021670173049609,,,0,0.0494,""
1a,null_contint_n500,null,,500,all,10000,HL.Grule,0.1,0.0996,0.00299465924605789,,,0,0.0996,""
1a,null_contint_n500,null,,500,all,10000,HLF.G10,0.01,0.0092,0.000954743944730732,,,0,0.0092,""
1a,null_contint_n500,null,,500,all,10000,HLF.G10,0.05,0.0457,0.00208833689810816,,,0,0.0457,""
1a,null_contint_n500,null,,500,all,10000,HLF.G10,0.1,0.0929,0.00290292249293707,,,0,0.0929,""
1a,null_contint_n500,null,,500,all,10000,HLF.Grule,0.01,0.0094,0.000964968393264774,,,0,0.0094,""
1a,null_contint_n500,null,,500,all,10000,HLF.Grule,0.05,0.0494,0.0021670173049609,,,0,0.0494,""
1a,null_contint_n500,null,,500,all,10000,HLF.Grule,0.1,0.0999,0.00299866620349782,,,0,0.0999,""
1a,null_contint_n500,null,,500,all,10000,Stk.joint,0.01,0.0107,0.00102885907684192,,,0,0.0107,""
1a,null_contint_n500,null,,500,all,10000,Stk.joint,0.05,0.0475,0.00212705782714058,,,0,0.0475,""
1a,null_contint_n500,null,,500,all,10000,Stk.joint,0.1,0.0958,0.00294316768125773,,,0,0.0958,""
1a,null_contint_n500,null,,500,all,10000,Stk.LR,0.01,0.0102,0.00100478654449589,,,0,0.0102,""
1a,null_contint_n500,null,,500,all,10000,Stk.LR,0.05,0.0506,0.00219179469841498,,,0,0.0506,""
1a,null_contint_n500,null,,500,all,10000,Stk.LR,0.1,0.099,0.00298662016332844,,,0,0.099,""
1a,null_contint_n500,null,,500,all,10000,Stk.sym1,0.01,0.0108,0.00103360340556715,,,0,0.0108,""
1a,null_contint_n500,null,,500,all,10000,Stk.sym1,0.05,0.049,0.0021586801523153,,,0,0.049,""
1a,null_contint_n500,null,,500,all,10000,Stk.sym1,0.1,0.0996,0.00299465924605789,,,0,0.0996,""
1a,null_contint_n500,null,,500,all,10000,Stk.marg,0.01,0.0202,0.00140683900997946,,,0,0.0202,""
1a,null_contint_n500,null,,500,all,10000,Stk.marg,0.05,0.064,0.00244752936652454,,,0,0.064,""
1a,null_contint_n500,null,,500,all,10000,Stk.marg,0.1,0.1065,0.00308476498294441,,,0,0.1065,""
1a,null_contint_n500,null,,500,all,10000,GiViTI,0.01,0.0093,0.000959870303739,,,0,0.0093,""
1a,null_contint_n500,null,,500,all,10000,GiViTI,0.05,0.0454,0.00208179826111946,,,0,0.0454,""
1a,null_contint_n500,null,,500,all,10000,GiViTI,0.1,0.0948,0.0029293849183745,,,0,0.0948,""
1a,null_contint_n500,null,,500,all,10000,GiViTI.t50,0.01,0.0089,0.000939190608982011,,,0,0.0089,""
1a,null_contint_n500,null,,500,all,10000,GiViTI.t50,0.05,0.0498,0.00217531514958178,,,0,0.0498,""
1a,null_contint_n500,null,,500,all,10000,GiViTI.t50,0.1,0.0957,0.00294179384049936,,,0,0.0957,""
1a,null_contint_n500,null,,500,all,10000,Cubic.LR,0.01,0.0104,0.00101448706250992,,,0,0.0104,""
1a,null_contint_n500,null,,500,all,10000,Cubic.LR,0.05,0.0468,0.00211210227025114,,,0,0.0468,""
1a,null_contint_n500,null,,500,all,10000,Cubic.LR,0.1,0.0943,0.00292245632987047,,,0,0.0943,""
1a,null_contint_n500,null,,500,all,10000,HL_w,0.01,0.0136,0.00115823313715331,,,0,0.0136,""
1a,null_contint_n500,null,,500,all,10000,HL_w,0.05,0.055,0.0022798026230356,,,0,0.055,""
1a,null_contint_n500,null,,500,all,10000,HL_w,0.1,0.1042,0.00305519819324377,,,0,0.1042,""
1a,null_contint_n500,null,,500,all,10000,PH,0.01,0.0051,0.000712319450808414,,,0,0.0051,""
1a,null_contint_n500,null,,500,all,10000,PH,0.05,0.029,0.0016780643611018,,,0,0.029,""
1a,null_contint_n500,null,,500,all,10000,PH,0.1,0.0604,0.00238226446894546,,,0,0.0604,""
1a,null_contint_n500,null,,500,all,10000,Tsiatis,0.01,0.0075,0.00086277169633687,,,0,0.0075,""
1a,null_contint_n500,null,,500,all,10000,Tsiatis,0.05,0.0449,0.0020708449966137,,,0,0.0449,""
1a,null_contint_n500,null,,500,all,10000,Tsiatis,0.1,0.098,0.00297314648142334,,,0,0.098,""
1a,null_contint_n500,null,,500,all,10000,Xie,0.01,0.0042,0.000646711682281989,,,0,0.0042,""
1a,null_contint_n500,null,,500,all,10000,Xie,0.05,0.0276,0.00163823807793617,,,0,0.0276,""
1a,null_contint_n500,null,,500,all,10000,Xie,0.1,0.0606,0.00238595138257258,,,0,0.0606,""
1a,null_contint_n500,null,,500,all,10000,PR,0.01,0,0,,,1,,no p-value in any replicate
1a,null_contint_n500,null,,500,all,10000,PR,0.05,0,0,,,1,,no p-value in any replicate
1a,null_contint_n500,null,,500,all,10000,PR,0.1,0,0,,,1,,no p-value in any replicate
1a,null_link_n500,null,,500,all,10000,flag.evlt.G10,,0,,,,0,,flag rate: share of replicates with the flag = 1
1a,null_link_n500,null,,500,all,10000,flag.evlt.Grule,,0,,,,0,,flag rate: share of replicates with the flag = 1
1a,null_link_n500,null,,500,all,10000,flag.stk_half0,,0,,,,0,,flag rate: share of replicates with the flag = 1
1a,null_link_n500,null,,500,all,10000,flag.stk_diag,,0,,,,0,,flag rate: share of replicates with the flag = 1
1a,null_link_n500,null,,500,all,10000,flag.rivals_run,,1,,,,0,,flag rate: share of replicates with the flag = 1
1a,null_link_n500,null,,500,all,10000,flag.degenerate,,0,,,,0,,flag rate: share of replicates with the flag = 1
1a,null_link_n500,null,,500,all,10000,flag.info_guard,,0,,,,0,,flag rate: share of replicates with the flag = 1
1a,null_link_n500,null,,500,all,10000,flag.rep_error,,0,,,,0,,flag rate: share of replicates with the flag = 1
1a,null_link_n500,null,,500,all,10000,EDGE.poly3.u.G10,0.01,0.0088,0.000933946465275178,,,0,0.0088,""
1a,null_link_n500,null,,500,all,10000,EDGE.poly3.u.G10,0.05,0.0496,0.00217117111255654,,,0,0.0496,""
1a,null_link_n500,null,,500,all,10000,EDGE.poly3.u.G10,0.1,0.0989,0.00298527703907024,,,0,0.0989,""
1a,null_link_n500,null,,500,all,10000,EDGE.poly3.sc.G10,0.01,0.0096,0.000975081535052326,,,0,0.0096,""
1a,null_link_n500,null,,500,all,10000,EDGE.poly3.sc.G10,0.05,0.0509,0.00219793516737869,,,0,0.0509,""
1a,null_link_n500,null,,500,all,10000,EDGE.poly3.sc.G10,0.1,0.099,0.00298662016332844,,,0,0.099,""
1a,null_link_n500,null,,500,all,10000,EDGE.poly2.u.G10,0.01,0.0092,0.000954743944730732,,,0,0.0092,""
1a,null_link_n500,null,,500,all,10000,EDGE.poly2.u.G10,0.05,0.0514,0.00220812227922278,,,0,0.0514,""
1a,null_link_n500,null,,500,all,10000,EDGE.poly2.u.G10,0.1,0.1,0.003,,,0,0.1,""
1a,null_link_n500,null,,500,all,10000,EDGE.poly2.sc.G10,0.01,0.01,0.00099498743710662,,,0,0.01,""
1a,null_link_n500,null,,500,all,10000,EDGE.poly2.sc.G10,0.05,0.0503,0.0021856328602947,,,0,0.0503,""
1a,null_link_n500,null,,500,all,10000,EDGE.poly2.sc.G10,0.1,0.1036,0.00304740939159805,,,0,0.1036,""
1a,null_link_n500,null,,500,all,10000,EDGE.stk.u.G10,0.01,0.0095,0.000970038659023443,,,0,0.0095,""
1a,null_link_n500,null,,500,all,10000,EDGE.stk.u.G10,0.05,0.0482,0.00214188608473934,,,0,0.0482,""
1a,null_link_n500,null,,500,all,10000,EDGE.stk.u.G10,0.1,0.0947,0.00292800119535495,,,0,0.0947,""
1a,null_link_n500,null,,500,all,10000,EDGE.stk.sc.G10,0.01,0.009,0.000944404574321832,,,0,0.009,""
1a,null_link_n500,null,,500,all,10000,EDGE.stk.sc.G10,0.05,0.0506,0.00219179469841498,,,0,0.0506,""
1a,null_link_n500,null,,500,all,10000,EDGE.stk.sc.G10,0.1,0.1013,0.00301725554105051,,,0,0.1013,""
1a,null_link_n500,null,,500,all,10000,EDGE.sym.u.G10,0.01,0.0094,0.000964968393264774,,,0,0.0094,""
1a,null_link_n500,null,,500,all,10000,EDGE.sym.u.G10,0.05,0.048,0.00213766227454198,,,0,0.048,""
1a,null_link_n500,null,,500,all,10000,EDGE.sym.u.G10,0.1,0.1011,0.00301461092016864,,,0,0.1011,""
1a,null_link_n500,null,,500,all,10000,EDGE.sym.sc.G10,0.01,0.0096,0.000975081535052326,,,0,0.0096,""
1a,null_link_n500,null,,500,all,10000,EDGE.sym.sc.G10,0.05,0.048,0.00213766227454198,,,0,0.048,""
1a,null_link_n500,null,,500,all,10000,EDGE.sym.sc.G10,0.1,0.1033,0.00304350308033358,,,0,0.1033,""
1a,null_link_n500,null,,500,all,10000,EDGE.poly3.u.Grule,0.01,0.0095,0.000970038659023443,,,0,0.0095,""
1a,null_link_n500,null,,500,all,10000,EDGE.poly3.u.Grule,0.05,0.0496,0.00217117111255654,,,0,0.0496,""
1a,null_link_n500,null,,500,all,10000,EDGE.poly3.u.Grule,0.1,0.0983,0.00297719851538321,,,0,0.0983,""
1a,null_link_n500,null,,500,all,10000,EDGE.poly3.sc.Grule,0.01,0.0107,0.00102885907684192,,,0,0.0107,""
1a,null_link_n500,null,,500,all,10000,EDGE.poly3.sc.Grule,0.05,0.0499,0.00217738352156895,,,0,0.0499,""
1a,null_link_n500,null,,500,all,10000,EDGE.poly3.sc.Grule,0.1,0.1019,0.00302516759866292,,,0,0.1019,""
1a,null_link_n500,null,,500,all,10000,EDGE.poly2.u.Grule,0.01,0.0096,0.000975081535052326,,,0,0.0096,""
1a,null_link_n500,null,,500,all,10000,EDGE.poly2.u.Grule,0.05,0.0512,0.00220405444578849,,,0,0.0512,""
1a,null_link_n500,null,,500,all,10000,EDGE.poly2.u.Grule,0.1,0.0995,0.00299332173345934,,,0,0.0995,""
1a,null_link_n500,null,,500,all,10000,EDGE.poly2.sc.Grule,0.01,0.0105,0.00101930123123638,,,0,0.0105,""
1a,null_link_n500,null,,500,all,10000,EDGE.poly2.sc.Grule,0.05,0.0506,0.00219179469841498,,,0,0.0506,""
1a,null_link_n500,null,,500,all,10000,EDGE.poly2.sc.Grule,0.1,0.1014,0.00301857648569653,,,0,0.1014,""
1a,null_link_n500,null,,500,all,10000,EDGE.stk.u.Grule,0.01,0.0109,0.00103832509360027,,,0,0.0109,""
1a,null_link_n500,null,,500,all,10000,EDGE.stk.u.Grule,0.05,0.0485,0.00214820273717357,,,0,0.0485,""
1a,null_link_n500,null,,500,all,10000,EDGE.stk.u.Grule,0.1,0.0933,0.00290852385240348,,,0,0.0933,""
1a,null_link_n500,null,,500,all,10000,EDGE.stk.sc.Grule,0.01,0.0106,0.00102409179276079,,,0,0.0106,""
1a,null_link_n500,null,,500,all,10000,EDGE.stk.sc.Grule,0.05,0.0498,0.00217531514958178,,,0,0.0498,""
1a,null_link_n500,null,,500,all,10000,EDGE.stk.sc.Grule,0.1,0.1,0.003,,,0,0.1,""
1a,null_link_n500,null,,500,all,10000,EDGE.sym.u.Grule,0.01,0.0103,0.00100964894889263,,,0,0.0103,""
1a,null_link_n500,null,,500,all,10000,EDGE.sym.u.Grule,0.05,0.0466,0.00210780549387272,,,0,0.0466,""
1a,null_link_n500,null,,500,all,10000,EDGE.sym.u.Grule,0.1,0.0981,0.00297449810892527,,,0,0.0981,""
1a,null_link_n500,null,,500,all,10000,EDGE.sym.sc.Grule,0.01,0.0105,0.00101930123123638,,,0,0.0105,""
1a,null_link_n500,null,,500,all,10000,EDGE.sym.sc.Grule,0.05,0.047,0.00211638843315682,,,0,0.047,""
1a,null_link_n500,null,,500,all,10000,EDGE.sym.sc.Grule,0.1,0.0984,0.00297854729692177,,,0,0.0984,""
1a,null_link_n500,null,,500,all,10000,HL.G10,0.01,0.0087,0.000928671631956097,,,0,0.0087,""
1a,null_link_n500,null,,500,all,10000,HL.G10,0.05,0.0428,0.00202405928766921,,,0,0.0428,""
1a,null_link_n500,null,,500,all,10000,HL.G10,0.1,0.0927,0.00290011568734766,,,0,0.0927,""
1a,null_link_n500,null,,500,all,10000,HL.Grule,0.01,0.0106,0.00102409179276079,,,0,0.0106,""
1a,null_link_n500,null,,500,all,10000,HL.Grule,0.05,0.0473,0.00212279791784334,,,0,0.0473,""
1a,null_link_n500,null,,500,all,10000,HL.Grule,0.1,0.0955,0.0029390432116592,,,0,0.0955,""
1a,null_link_n500,null,,500,all,10000,HLF.G10,0.01,0.0092,0.000954743944730732,,,0,0.0092,""
1a,null_link_n500,null,,500,all,10000,HLF.G10,0.05,0.0426,0.00201953559017909,,,0,0.0426,""
1a,null_link_n500,null,,500,all,10000,HLF.G10,0.1,0.0932,0.00290712504031044,,,0,0.0932,""
1a,null_link_n500,null,,500,all,10000,HLF.Grule,0.01,0.0107,0.00102885907684192,,,0,0.0107,""
1a,null_link_n500,null,,500,all,10000,HLF.Grule,0.05,0.0473,0.00212279791784334,,,0,0.0473,""
1a,null_link_n500,null,,500,all,10000,HLF.Grule,0.1,0.0952,0.00293490987936598,,,0,0.0952,""
1a,null_link_n500,null,,500,all,10000,Stk.joint,0.01,0.0095,0.000970038659023443,,,0,0.0095,""
1a,null_link_n500,null,,500,all,10000,Stk.joint,0.05,0.0503,0.0021856328602947,,,0,0.0503,""
1a,null_link_n500,null,,500,all,10000,Stk.joint,0.1,0.1001,0.003001332870576,,,0,0.1001,""
1a,null_link_n500,null,,500,all,10000,Stk.LR,0.01,0.01,0.00099498743710662,,,0,0.01,""
1a,null_link_n500,null,,500,all,10000,Stk.LR,0.05,0.0539,0.00225820260384227,,,0,0.0539,""
1a,null_link_n500,null,,500,all,10000,Stk.LR,0.1,0.1033,0.00304350308033358,,,0,0.1033,""
1a,null_link_n500,null,,500,all,10000,Stk.sym1,0.01,0.0105,0.00101930123123638,,,0,0.0105,""
1a,null_link_n500,null,,500,all,10000,Stk.sym1,0.05,0.0468,0.00211210227025114,,,0,0.0468,""
1a,null_link_n500,null,,500,all,10000,Stk.sym1,0.1,0.0982,0.00297584878648093,,,0,0.0982,""
1a,null_link_n500,null,,500,all,10000,Stk.marg,0.01,0.0227,0.00148945325539273,,,0,0.0227,""
1a,null_link_n500,null,,500,all,10000,Stk.marg,0.05,0.0716,0.00257824436390347,,,0,0.0716,""
1a,null_link_n500,null,,500,all,10000,Stk.marg,0.1,0.1147,0.00318659551873155,,,0,0.1147,""
1a,null_link_n500,null,,500,all,10000,GiViTI,0.01,0.0101,0.000999899494949367,,,0,0.0101,""
1a,null_link_n500,null,,500,all,10000,GiViTI,0.05,0.0529,0.00223833844625874,,,0,0.0529,""
1a,null_link_n500,null,,500,all,10000,GiViTI,0.1,0.1013,0.00301725554105051,,,0,0.1013,""
1a,null_link_n500,null,,500,all,10000,GiViTI.t50,0.01,0.0089,0.000939190608982011,,,0,0.0089,""
1a,null_link_n500,null,,500,all,10000,GiViTI.t50,0.05,0.0492,0.00216285367050108,,,0,0.0492,""
1a,null_link_n500,null,,500,all,10000,GiViTI.t50,0.1,0.0997,0.00299599582776746,,,0,0.0997,""
1a,null_link_n500,null,,500,all,10000,Cubic.LR,0.01,0.0093,0.000959870303739,,,0,0.0093,""
1a,null_link_n500,null,,500,all,10000,Cubic.LR,0.05,0.0516,0.00221218082443547,,,0,0.0516,""
1a,null_link_n500,null,,500,all,10000,Cubic.LR,0.1,0.1012,0.00301593368627362,,,0,0.1012,""
1a,null_link_n500,null,,500,all,10000,HL_w,0.01,0.0114,0.00106160444610976,,,0,0.0114,""
1a,null_link_n500,null,,500,all,10000,HL_w,0.05,0.0518,0.00221623013245466,,,0,0.0518,""
1a,null_link_n500,null,,500,all,10000,HL_w,0.1,0.0987,0.00298258797020306,,,0,0.0987,""
1a,null_link_n500,null,,500,all,10000,PH,0.01,0.0046,0.000676671264352196,,,0,0.0046,""
1a,null_link_n500,null,,500,all,10000,PH,0.05,0.0276,0.00163823807793617,,,0,0.0276,""
1a,null_link_n500,null,,500,all,10000,PH,0.1,0.0589,0.00235437443920885,,,0,0.0589,""
1a,null_link_n500,null,,500,all,10000,Tsiatis,0.01,0.0101,0.000999899494949367,,,0,0.0101,""
1a,null_link_n500,null,,500,all,10000,Tsiatis,0.05,0.0512,0.00220405444578849,,,0,0.0512,""
1a,null_link_n500,null,,500,all,10000,Tsiatis,0.1,0.1046,0.00306037317985895,,,0,0.1046,""
1a,null_link_n500,null,,500,all,10000,Xie,0.01,0.005,0.000705336798983294,,,0,0.005,""
1a,null_link_n500,null,,500,all,10000,Xie,0.05,0.0291,0.00168086852549508,,,0,0.0291,""
1a,null_link_n500,null,,500,all,10000,Xie,0.1,0.0621,0.00241337087908179,,,0,0.0621,""
1a,null_link_n500,null,,500,all,10000,PR,0.01,0.0101,0.000999899494949367,,,0,0.0101,""
1a,null_link_n500,null,,500,all,10000,PR,0.05,0.0546,0.00227197799285116,,,0,0.0546,""
1a,null_link_n500,null,,500,all,10000,PR,0.1,0.118,0.00322608121410482,,,0,0.118,""
1a,null_rough_n500,null,,500,all,10000,flag.evlt.G10,,0,,,,0,,flag rate: share of replicates with the flag = 1
1a,null_rough_n500,null,,500,all,10000,flag.evlt.Grule,,0,,,,0,,flag rate: share of replicates with the flag = 1
1a,null_rough_n500,null,,500,all,10000,flag.stk_half0,,0,,,,0,,flag rate: share of replicates with the flag = 1
1a,null_rough_n500,null,,500,all,10000,flag.stk_diag,,0,,,,0,,flag rate: share of replicates with the flag = 1
1a,null_rough_n500,null,,500,all,10000,flag.rivals_run,,1,,,,0,,flag rate: share of replicates with the flag = 1
1a,null_rough_n500,null,,500,all,10000,flag.degenerate,,0,,,,0,,flag rate: share of replicates with the flag = 1
1a,null_rough_n500,null,,500,all,10000,flag.info_guard,,0,,,,0,,flag rate: share of replicates with the flag = 1
1a,null_rough_n500,null,,500,all,10000,flag.rep_error,,0,,,,0,,flag rate: share of replicates with the flag = 1
1a,null_rough_n500,null,,500,all,10000,EDGE.poly3.u.G10,0.01,0.0092,0.000954743944730732,,,0,0.0092,""
1a,null_rough_n500,null,,500,all,10000,EDGE.poly3.u.G10,0.05,0.0507,0.00219384388687983,,,0,0.0507,""
1a,null_rough_n500,null,,500,all,10000,EDGE.poly3.u.G10,0.1,0.0991,0.00298796234916038,,,0,0.0991,""
1a,null_rough_n500,null,,500,all,10000,EDGE.poly3.sc.G10,0.01,0.01,0.00099498743710662,,,0,0.01,""
1a,null_rough_n500,null,,500,all,10000,EDGE.poly3.sc.G10,0.05,0.0508,0.00219589070766284,,,0,0.0508,""
1a,null_rough_n500,null,,500,all,10000,EDGE.poly3.sc.G10,0.1,0.1003,0.00300399583887861,,,0,0.1003,""
1a,null_rough_n500,null,,500,all,10000,EDGE.poly2.u.G10,0.01,0.0107,0.00102885907684192,,,0,0.0107,""
1a,null_rough_n500,null,,500,all,10000,EDGE.poly2.u.G10,0.05,0.0482,0.00214188608473934,,,0,0.0482,""
1a,null_rough_n500,null,,500,all,10000,EDGE.poly2.u.G10,0.1,0.0983,0.00297719851538321,,,0,0.0983,""
1a,null_rough_n500,null,,500,all,10000,EDGE.poly2.sc.G10,0.01,0.0095,0.000970038659023443,,,0,0.0095,""
1a,null_rough_n500,null,,500,all,10000,EDGE.poly2.sc.G10,0.05,0.0515,0.00221015270965605,,,0,0.0515,""
1a,null_rough_n500,null,,500,all,10000,EDGE.poly2.sc.G10,0.1,0.1001,0.003001332870576,,,0,0.1001,""
1a,null_rough_n500,null,,500,all,10000,EDGE.stk.u.G10,0.01,0.0107,0.00102885907684192,,,0,0.0107,""
1a,null_rough_n500,null,,500,all,10000,EDGE.stk.u.G10,0.05,0.0501,0.00218151300706643,,,0,0.0501,""
1a,null_rough_n500,null,,500,all,10000,EDGE.stk.u.G10,0.1,0.0961,0.00294728332536931,,,0,0.0961,""
1a,null_rough_n500,null,,500,all,10000,EDGE.stk.sc.G10,0.01,0.0092,0.000954743944730732,,,0,0.0092,""
1a,null_rough_n500,null,,500,all,10000,EDGE.stk.sc.G10,0.05,0.0489,0.00215658966889856,,,0,0.0489,""
1a,null_rough_n500,null,,500,all,10000,EDGE.stk.sc.G10,0.1,0.0996,0.00299465924605789,,,0,0.0996,""
1a,null_rough_n500,null,,500,all,10000,EDGE.sym.u.G10,0.01,0.0109,0.00103832509360027,,,0,0.0109,""
1a,null_rough_n500,null,,500,all,10000,EDGE.sym.u.G10,0.05,0.0488,0.00215449669296567,,,0,0.0488,""
1a,null_rough_n500,null,,500,all,10000,EDGE.sym.u.G10,0.1,0.1015,0.00301989652140599,,,0,0.1015,""
1a,null_rough_n500,null,,500,all,10000,EDGE.sym.sc.G10,0.01,0.0106,0.00102409179276079,,,0,0.0106,""
1a,null_rough_n500,null,,500,all,10000,EDGE.sym.sc.G10,0.05,0.0491,0.00216076815045021,,,0,0.0491,""
1a,null_rough_n500,null,,500,all,10000,EDGE.sym.sc.G10,0.1,0.1001,0.003001332870576,,,0,0.1001,""
1a,null_rough_n500,null,,500,all,10000,EDGE.poly3.u.Grule,0.01,0.0094,0.000964968393264774,,,0,0.0094,""
1a,null_rough_n500,null,,500,all,10000,EDGE.poly3.u.Grule,0.05,0.0505,0.00218974313562116,,,0,0.0505,""
1a,null_rough_n500,null,,500,all,10000,EDGE.poly3.u.Grule,0.1,0.1007,0.00300931071842042,,,0,0.1007,""
1a,null_rough_n500,null,,500,all,10000,EDGE.poly3.sc.Grule,0.01,0.0094,0.000964968393264774,,,0,0.0094,""
1a,null_rough_n500,null,,500,all,10000,EDGE.poly3.sc.Grule,0.05,0.0513,0.00220608952674183,,,0,0.0513,""
1a,null_rough_n500,null,,500,all,10000,EDGE.poly3.sc.Grule,0.1,0.0998,0.00299733147983335,,,0,0.0998,""
1a,null_rough_n500,null,,500,all,10000,EDGE.poly2.u.Grule,0.01,0.0116,0.00107076794871718,,,0,0.0116,""
1a,null_rough_n500,null,,500,all,10000,EDGE.poly2.u.Grule,0.05,0.0487,0.00215240121724552,,,0,0.0487,""
1a,null_rough_n500,null,,500,all,10000,EDGE.poly2.u.Grule,0.1,0.1011,0.00301461092016864,,,0,0.1011,""
1a,null_rough_n500,null,,500,all,10000,EDGE.poly2.sc.Grule,0.01,0.0103,0.00100964894889263,,,0,0.0103,""
1a,null_rough_n500,null,,500,all,10000,EDGE.poly2.sc.Grule,0.05,0.0498,0.00217531514958178,,,0,0.0498,""
1a,null_rough_n500,null,,500,all,10000,EDGE.poly2.sc.Grule,0.1,0.0982,0.00297584878648093,,,0,0.0982,""
1a,null_rough_n500,null,,500,all,10000,EDGE.stk.u.Grule,0.01,0.01,0.00099498743710662,,,0,0.01,""
1a,null_rough_n500,null,,500,all,10000,EDGE.stk.u.Grule,0.05,0.0508,0.00219589070766284,,,0,0.0508,""
1a,null_rough_n500,null,,500,all,10000,EDGE.stk.u.Grule,0.1,0.0975,0.00296637404923924,,,0,0.0975,""
1a,null_rough_n500,null,,500,all,10000,EDGE.stk.sc.Grule,0.01,0.0095,0.000970038659023443,,,0,0.0095,""
1a,null_rough_n500,null,,500,all,10000,EDGE.stk.sc.Grule,0.05,0.0497,0.00217324434889407,,,0,0.0497,""
1a,null_rough_n500,null,,500,all,10000,EDGE.stk.sc.Grule,0.1,0.0984,0.00297854729692177,,,0,0.0984,""
1a,null_rough_n500,null,,500,all,10000,EDGE.sym.u.Grule,0.01,0.0101,0.000999899494949367,,,0,0.0101,""
1a,null_rough_n500,null,,500,all,10000,EDGE.sym.u.Grule,0.05,0.0501,0.00218151300706643,,,0,0.0501,""
1a,null_rough_n500,null,,500,all,10000,EDGE.sym.u.Grule,0.1,0.0997,0.00299599582776746,,,0,0.0997,""
1a,null_rough_n500,null,,500,all,10000,EDGE.sym.sc.Grule,0.01,0.011,0.00104302444841912,,,0,0.011,""
1a,null_rough_n500,null,,500,all,10000,EDGE.sym.sc.Grule,0.05,0.0497,0.00217324434889407,,,0,0.0497,""
1a,null_rough_n500,null,,500,all,10000,EDGE.sym.sc.Grule,0.1,0.0994,0.00299198328872338,,,0,0.0994,""
1a,null_rough_n500,null,,500,all,10000,HL.G10,0.01,0.01,0.00099498743710662,,,0,0.01,""
1a,null_rough_n500,null,,500,all,10000,HL.G10,0.05,0.0493,0.00216493671962947,,,0,0.0493,""
1a,null_rough_n500,null,,500,all,10000,HL.G10,0.1,0.0998,0.00299733147983335,,,0,0.0998,""
1a,null_rough_n500,null,,500,all,10000,HL.Grule,0.01,0.0098,0.000985086798206128,,,0,0.0098,""
1a,null_rough_n500,null,,500,all,10000,HL.Grule,0.05,0.0469,0.00211424667434999,,,0,0.0469,""
1a,null_rough_n500,null,,500,all,10000,HL.Grule,0.1,0.0994,0.00299198328872338,,,0,0.0994,""
1a,null_rough_n500,null,,500,all,10000,HLF.G10,0.01,0.0102,0.00100478654449589,,,0,0.0102,""
1a,null_rough_n500,null,,500,all,10000,HLF.G10,0.05,0.0496,0.00217117111255654,,,0,0.0496,""
1a,null_rough_n500,null,,500,all,10000,HLF.G10,0.1,0.0998,0.00299733147983335,,,0,0.0998,""
1a,null_rough_n500,null,,500,all,10000,HLF.Grule,0.01,0.0097,0.000980097444135021,,,0,0.0097,""
1a,null_rough_n500,null,,500,all,10000,HLF.Grule,0.05,0.047,0.00211638843315682,,,0,0.047,""
1a,null_rough_n500,null,,500,all,10000,HLF.Grule,0.1,0.0998,0.00299733147983335,,,0,0.0998,""
1a,null_rough_n500,null,,500,all,10000,Stk.joint,0.01,0.0099,0.000990049998737437,,,0,0.0099,""
1a,null_rough_n500,null,,500,all,10000,Stk.joint,0.05,0.0505,0.00218974313562116,,,0,0.0505,""
1a,null_rough_n500,null,,500,all,10000,Stk.joint,0.1,0.0998,0.00299733147983335,,,0,0.0998,""
1a,null_rough_n500,null,,500,all,10000,Stk.LR,0.01,0.0102,0.00100478654449589,,,0,0.0102,""
1a,null_rough_n500,null,,500,all,10000,Stk.LR,0.05,0.0547,0.00227393733422889,,,0,0.0547,""
1a,null_rough_n500,null,,500,all,10000,Stk.LR,0.1,0.1001,0.003001332870576,,,0,0.1001,""
1a,null_rough_n500,null,,500,all,10000,Stk.sym1,0.01,0.0102,0.00100478654449589,,,0,0.0102,""
1a,null_rough_n500,null,,500,all,10000,Stk.sym1,0.05,0.053,0.00224033479640879,,,0,0.053,""
1a,null_rough_n500,null,,500,all,10000,Stk.sym1,0.1,0.0981,0.00297449810892527,,,0,0.0981,""
1a,null_rough_n500,null,,500,all,10000,Stk.marg,0.01,0.0241,0.00153359675273522,,,0,0.0241,""
1a,null_rough_n500,null,,500,all,10000,Stk.marg,0.05,0.0694,0.00254133114725334,,,0,0.0694,""
1a,null_rough_n500,null,,500,all,10000,Stk.marg,0.1,0.1156,0.00319744648117838,,,0,0.1156,""
1a,null_rough_n500,null,,500,all,10000,GiViTI,0.01,0.0118,0.00107984998958189,,,0,0.0118,""
1a,null_rough_n500,null,,500,all,10000,GiViTI,0.05,0.0514,0.00220812227922278,,,0,0.0514,""
1a,null_rough_n500,null,,500,all,10000,GiViTI,0.1,0.1016,0.0030212156493703,,,0,0.1016,""
1a,null_rough_n500,null,,500,all,10000,GiViTI.t50,0.01,0.0108,0.00103360340556715,,,0,0.0108,""
1a,null_rough_n500,null,,500,all,10000,GiViTI.t50,0.05,0.0548,0.0022758945494025,,,0,0.0548,""
1a,null_rough_n500,null,,500,all,10000,GiViTI.t50,0.1,0.1102,0.00313138882925772,,,0,0.1102,""
1a,null_rough_n500,null,,500,all,10000,Cubic.LR,0.01,0.0106,0.00102409179276079,,,0,0.0106,""
1a,null_rough_n500,null,,500,all,10000,Cubic.LR,0.05,0.0541,0.00226214919932351,,,0,0.0541,""
1a,null_rough_n500,null,,500,all,10000,Cubic.LR,0.1,0.102,0.00302648310750283,,,0,0.102,""
1a,null_rough_n500,null,,500,all,10000,HL_w,0.01,0.0106,0.00102409179276079,,,0,0.0106,""
1a,null_rough_n500,null,,500,all,10000,HL_w,0.05,0.0498,0.00217531514958178,,,0,0.0498,""
1a,null_rough_n500,null,,500,all,10000,HL_w,0.1,0.0994,0.00299198328872338,,,0,0.0994,""
1a,null_rough_n500,null,,500,all,10000,PH,0.01,0.0059,0.000765845284636525,,,0,0.0059,""
1a,null_rough_n500,null,,500,all,10000,PH,0.05,0.031,0.0017331762749357,,,0,0.031,""
1a,null_rough_n500,null,,500,all,10000,PH,0.1,0.066,0.00248282097622845,,,0,0.066,""
1a,null_rough_n500,null,,500,all,10000,Tsiatis,0.01,0.0094,0.000964968393264774,,,0,0.0094,""
1a,null_rough_n500,null,,500,all,10000,Tsiatis,0.05,0.049,0.0021586801523153,,,0,0.049,""
1a,null_rough_n500,null,,500,all,10000,Tsiatis,0.1,0.1024,0.00303173613627571,,,0,0.1024,""
1a,null_rough_n500,null,,500,all,10000,Xie,0.01,0.0053,0.000726079196782279,,,0,0.0053,""
1a,null_rough_n500,null,,500,all,10000,Xie,0.05,0.0386,0.00192639663620969,,,0,0.0386,""
1a,null_rough_n500,null,,500,all,10000,Xie,0.1,0.084,0.00277387815161373,,,0,0.084,""
1a,null_rough_n500,null,,500,all,10000,PR,0.01,0,0,,,1,,no p-value in any replicate
1a,null_rough_n500,null,,500,all,10000,PR,0.05,0,0,,,1,,no p-value in any replicate
1a,null_rough_n500,null,,500,all,10000,PR,0.1,0,0,,,1,,no p-value in any replicate
1a,null_quad_n1000,null,,1000,all,10000,flag.evlt.G10,,0,,,,0,,flag rate: share of replicates with the flag = 1
1a,null_quad_n1000,null,,1000,all,10000,flag.evlt.Grule,,0,,,,0,,flag rate: share of replicates with the flag = 1
1a,null_quad_n1000,null,,1000,all,10000,flag.evlt.G6,,0,,,,0,,flag rate: share of replicates with the flag = 1
1a,null_quad_n1000,null,,1000,all,10000,flag.evlt.G8,,0,,,,0,,flag rate: share of replicates with the flag = 1
1a,null_quad_n1000,null,,1000,all,10000,flag.evlt.G12,,0,,,,0,,flag rate: share of replicates with the flag = 1
1a,null_quad_n1000,null,,1000,all,10000,flag.evlt.G14,,0,,,,0,,flag rate: share of replicates with the flag = 1
1a,null_quad_n1000,null,,1000,all,10000,flag.evlt.G20,,0,,,,0,,flag rate: share of replicates with the flag = 1
1a,null_quad_n1000,null,,1000,all,10000,flag.stk_half0,,0,,,,0,,flag rate: share of replicates with the flag = 1
1a,null_quad_n1000,null,,1000,all,10000,flag.stk_diag,,0,,,,0,,flag rate: share of replicates with the flag = 1
1a,null_quad_n1000,null,,1000,all,10000,flag.rivals_run,,1,,,,0,,flag rate: share of replicates with the flag = 1
1a,null_quad_n1000,null,,1000,all,10000,flag.degenerate,,0,,,,0,,flag rate: share of replicates with the flag = 1
1a,null_quad_n1000,null,,1000,all,10000,flag.info_guard,,0,,,,0,,flag rate: share of replicates with the flag = 1
1a,null_quad_n1000,null,,1000,all,10000,flag.rep_error,,0,,,,0,,flag rate: share of replicates with the flag = 1
1a,null_quad_n1000,null,,1000,all,10000,EDGE.poly3.u.G10,0.01,0.0112,0.00105235735375394,,,0,0.0112,""
1a,null_quad_n1000,null,,1000,all,10000,EDGE.poly3.u.G10,0.05,0.0501,0.00218151300706643,,,0,0.0501,""
1a,null_quad_n1000,null,,1000,all,10000,EDGE.poly3.u.G10,0.1,0.1027,0.00303566648365725,,,0,0.1027,""
1a,null_quad_n1000,null,,1000,all,10000,EDGE.poly3.sc.G10,0.01,0.0101,0.000999899494949367,,,0,0.0101,""
1a,null_quad_n1000,null,,1000,all,10000,EDGE.poly3.sc.G10,0.05,0.0511,0.0022020170299069,,,0,0.0511,""
1a,null_quad_n1000,null,,1000,all,10000,EDGE.poly3.sc.G10,0.1,0.1015,0.00301989652140599,,,0,0.1015,""
1a,null_quad_n1000,null,,1000,all,10000,EDGE.poly2.u.G10,0.01,0.0081,0.000896347588829244,,,0,0.0081,""
1a,null_quad_n1000,null,,1000,all,10000,EDGE.poly2.u.G10,0.05,0.0522,0.00222430123859157,,,0,0.0522,""
1a,null_quad_n1000,null,,1000,all,10000,EDGE.poly2.u.G10,0.1,0.1026,0.00303435726307895,,,0,0.1026,""
1a,null_quad_n1000,null,,1000,all,10000,EDGE.poly2.sc.G10,0.01,0.0086,0.000923365583070974,,,0,0.0086,""
1a,null_quad_n1000,null,,1000,all,10000,EDGE.poly2.sc.G10,0.05,0.0472,0.00212066404694379,,,0,0.0472,""
1a,null_quad_n1000,null,,1000,all,10000,EDGE.poly2.sc.G10,0.1,0.0987,0.00298258797020306,,,0,0.0987,""
1a,null_quad_n1000,null,,1000,all,10000,EDGE.stk.u.G10,0.01,0.0133,0.00114556143440673,,,0,0.0133,""
1a,null_quad_n1000,null,,1000,all,10000,EDGE.stk.u.G10,0.05,0.0486,0.00215030323442997,,,0,0.0486,""
1a,null_quad_n1000,null,,1000,all,10000,EDGE.stk.u.G10,0.1,0.1022,0.00302911142086256,,,0,0.1022,""
1a,null_quad_n1000,null,,1000,all,10000,EDGE.stk.sc.G10,0.01,0.0109,0.00103832509360027,,,0,0.0109,""
1a,null_quad_n1000,null,,1000,all,10000,EDGE.stk.sc.G10,0.05,0.0508,0.00219589070766284,,,0,0.0508,""
1a,null_quad_n1000,null,,1000,all,10000,EDGE.stk.sc.G10,0.1,0.1015,0.00301989652140599,,,0,0.1015,""
1a,null_quad_n1000,null,,1000,all,10000,EDGE.sym.u.G10,0.01,0.0123,0.00110221186711086,,,0,0.0123,""
1a,null_quad_n1000,null,,1000,all,10000,EDGE.sym.u.G10,0.05,0.0561,0.00230114732253283,,,0,0.0561,""
1a,null_quad_n1000,null,,1000,all,10000,EDGE.sym.u.G10,0.1,0.1099,0.00312765071579293,,,0,0.1099,""
1a,null_quad_n1000,null,,1000,all,10000,EDGE.sym.sc.G10,0.01,0.0119,0.00108436110221642,,,0,0.0119,""
1a,null_quad_n1000,null,,1000,all,10000,EDGE.sym.sc.G10,0.05,0.0562,0.00230307533528541,,,0,0.0562,""
1a,null_quad_n1000,null,,1000,all,10000,EDGE.sym.sc.G10,0.1,0.1091,0.00311764638790226,,,0,0.1091,""
1a,null_quad_n1000,null,,1000,all,10000,EDGE.poly3.u.Grule,0.01,0.0111,0.00104770177054351,,,0,0.0111,""
1a,null_quad_n1000,null,,1000,all,10000,EDGE.poly3.u.Grule,0.05,0.0526,0.00223233599621562,,,0,0.0526,""
1a,null_quad_n1000,null,,1000,all,10000,EDGE.poly3.u.Grule,0.1,0.105,0.00306553421119387,,,0,0.105,""
1a,null_quad_n1000,null,,1000,all,10000,EDGE.poly3.sc.Grule,0.01,0.0108,0.00103360340556715,,,0,0.0108,""
1a,null_quad_n1000,null,,1000,all,10000,EDGE.poly3.sc.Grule,0.05,0.0531,0.0022423289232403,,,0,0.0531,""
1a,null_quad_n1000,null,,1000,all,10000,EDGE.poly3.sc.Grule,0.1,0.1045,0.00305908074427597,,,0,0.1045,""
1a,null_quad_n1000,null,,1000,all,10000,EDGE.poly2.u.Grule,0.01,0.0082,0.000901818163489736,,,0,0.0082,""
1a,null_quad_n1000,null,,1000,all,10000,EDGE.poly2.u.Grule,0.05,0.0528,0.00223633986683599,,,0,0.0528,""
1a,null_quad_n1000,null,,1000,all,10000,EDGE.poly2.u.Grule,0.1,0.1017,0.00302253387077796,,,0,0.1017,""
1a,null_quad_n1000,null,,1000,all,10000,EDGE.poly2.sc.Grule,0.01,0.01,0.00099498743710662,,,0,0.01,""
1a,null_quad_n1000,null,,1000,all,10000,EDGE.poly2.sc.Grule,0.05,0.0514,0.00220812227922278,,,0,0.0514,""
1a,null_quad_n1000,null,,1000,all,10000,EDGE.poly2.sc.Grule,0.1,0.1047,0.00306166474324019,,,0,0.1047,""
1a,null_quad_n1000,null,,1000,all,10000,EDGE.stk.u.Grule,0.01,0.0131,0.00113703078234496,,,0,0.0131,""
1a,null_quad_n1000,null,,1000,all,10000,EDGE.stk.u.Grule,0.05,0.0514,0.00220812227922278,,,0,0.0514,""
1a,null_quad_n1000,null,,1000,all,10000,EDGE.stk.u.Grule,0.1,0.0986,0.00298124202305012,,,0,0.0986,""
1a,null_quad_n1000,null,,1000,all,10000,EDGE.stk.sc.Grule,0.01,0.0107,0.00102885907684192,,,0,0.0107,""
1a,null_quad_n1000,null,,1000,all,10000,EDGE.stk.sc.Grule,0.05,0.0535,0.00225028331549607,,,0,0.0535,""
1a,null_quad_n1000,null,,1000,all,10000,EDGE.stk.sc.Grule,0.1,0.1048,0.00306295543552302,,,0,0.1048,""
1a,null_quad_n1000,null,,1000,all,10000,EDGE.sym.u.Grule,0.01,0.0125,0.00111102430216445,,,0,0.0125,""
1a,null_quad_n1000,null,,1000,all,10000,EDGE.sym.u.Grule,0.05,0.0504,0.00218768919181862,,,0,0.0504,""
1a,null_quad_n1000,null,,1000,all,10000,EDGE.sym.u.Grule,0.1,0.1025,0.00303304714767179,,,0,0.1025,""
1a,null_quad_n1000,null,,1000,all,10000,EDGE.sym.sc.Grule,0.01,0.0125,0.00111102430216445,,,0,0.0125,""
1a,null_quad_n1000,null,,1000,all,10000,EDGE.sym.sc.Grule,0.05,0.0511,0.0022020170299069,,,0,0.0511,""
1a,null_quad_n1000,null,,1000,all,10000,EDGE.sym.sc.Grule,0.1,0.1022,0.00302911142086256,,,0,0.1022,""
1a,null_quad_n1000,null,,1000,all,10000,EDGE.poly3.u.G6,0.01,0.0109,0.00103832509360027,,,0,0.0109,""
1a,null_quad_n1000,null,,1000,all,10000,EDGE.poly3.u.G6,0.05,0.0506,0.00219179469841498,,,0,0.0506,""
1a,null_quad_n1000,null,,1000,all,10000,EDGE.poly3.u.G6,0.1,0.103,0.00303958878797774,,,0,0.103,""
1a,null_quad_n1000,null,,1000,all,10000,EDGE.poly3.sc.G6,0.01,0.0094,0.000964968393264774,,,0,0.0094,""
1a,null_quad_n1000,null,,1000,all,10000,EDGE.poly3.sc.G6,0.05,0.0519,0.00221825133832936,,,0,0.0519,""
1a,null_quad_n1000,null,,1000,all,10000,EDGE.poly3.sc.G6,0.1,0.1029,0.00303828224495355,,,0,0.1029,""
1a,null_quad_n1000,null,,1000,all,10000,EDGE.poly2.u.G6,0.01,0.0098,0.000985086798206128,,,0,0.0098,""
1a,null_quad_n1000,null,,1000,all,10000,EDGE.poly2.u.G6,0.05,0.0528,0.00223633986683599,,,0,0.0528,""
1a,null_quad_n1000,null,,1000,all,10000,EDGE.poly2.u.G6,0.1,0.1028,0.00303697481056396,,,0,0.1028,""
1a,null_quad_n1000,null,,1000,all,10000,EDGE.poly2.sc.G6,0.01,0.0102,0.00100478654449589,,,0,0.0102,""
1a,null_quad_n1000,null,,1000,all,10000,EDGE.poly2.sc.G6,0.05,0.0488,0.00215449669296567,,,0,0.0488,""
1a,null_quad_n1000,null,,1000,all,10000,EDGE.poly2.sc.G6,0.1,0.1059,0.00307709587110964,,,0,0.1059,""
1a,null_quad_n1000,null,,1000,all,10000,EDGE.stk.u.G6,0.01,0.0106,0.00102409179276079,,,0,0.0106,""
1a,null_quad_n1000,null,,1000,all,10000,EDGE.stk.u.G6,0.05,0.0508,0.00219589070766284,,,0,0.0508,""
1a,null_quad_n1000,null,,1000,all,10000,EDGE.stk.u.G6,0.1,0.0971,0.00296093887137171,,,0,0.0971,""
1a,null_quad_n1000,null,,1000,all,10000,EDGE.stk.sc.G6,0.01,0.0093,0.000959870303739,,,0,0.0093,""
1a,null_quad_n1000,null,,1000,all,10000,EDGE.stk.sc.G6,0.05,0.0523,0.00222631332026739,,,0,0.0523,""
1a,null_quad_n1000,null,,1000,all,10000,EDGE.stk.sc.G6,0.1,0.1019,0.00302516759866292,,,0,0.1019,""
1a,null_quad_n1000,null,,1000,all,10000,EDGE.sym.u.G6,0.01,0.0111,0.00104770177054351,,,0,0.0111,""
1a,null_quad_n1000,null,,1000,all,10000,EDGE.sym.u.G6,0.05,0.0557,0.00229341470301383,,,0,0.0557,""
1a,null_quad_n1000,null,,1000,all,10000,EDGE.sym.u.G6,0.1,0.108,0.00310380411753062,,,0,0.108,""
1a,null_quad_n1000,null,,1000,all,10000,EDGE.sym.sc.G6,0.01,0.0113,0.00105699148530156,,,0,0.0113,""
1a,null_quad_n1000,null,,1000,all,10000,EDGE.sym.sc.G6,0.05,0.0559,0.00229728513685176,,,0,0.0559,""
1a,null_quad_n1000,null,,1000,all,10000,EDGE.sym.sc.G6,0.1,0.1071,0.00309240343422394,,,0,0.1071,""
1a,null_quad_n1000,null,,1000,all,10000,EDGE.poly3.u.G8,0.01,0.011,0.00104302444841912,,,0,0.011,""
1a,null_quad_n1000,null,,1000,all,10000,EDGE.poly3.u.G8,0.05,0.0528,0.00223633986683599,,,0,0.0528,""
1a,null_quad_n1000,null,,1000,all,10000,EDGE.poly3.u.G8,0.1,0.1022,0.00302911142086256,,,0,0.1022,""
1a,null_quad_n1000,null,,1000,all,10000,EDGE.poly3.sc.G8,0.01,0.0094,0.000964968393264774,,,0,0.0094,""
1a,null_quad_n1000,null,,1000,all,10000,EDGE.poly3.sc.G8,0.05,0.0511,0.0022020170299069,,,0,0.0511,""
1a,null_quad_n1000,null,,1000,all,10000,EDGE.poly3.sc.G8,0.1,0.1018,0.00302385118681459,,,0,0.1018,""
1a,null_quad_n1000,null,,1000,all,10000,EDGE.poly2.u.G8,0.01,0.0097,0.000980097444135021,,,0,0.0097,""
1a,null_quad_n1000,null,,1000,all,10000,EDGE.poly2.u.G8,0.05,0.0495,0.00216909543358516,,,0,0.0495,""
1a,null_quad_n1000,null,,1000,all,10000,EDGE.poly2.u.G8,0.1,0.1041,0.00305390225776792,,,0,0.1041,""
1a,null_quad_n1000,null,,1000,all,10000,EDGE.poly2.sc.G8,0.01,0.0088,0.000933946465275178,,,0,0.0088,""
1a,null_quad_n1000,null,,1000,all,10000,EDGE.poly2.sc.G8,0.05,0.0481,0.00213977545550929,,,0,0.0481,""
1a,null_quad_n1000,null,,1000,all,10000,EDGE.poly2.sc.G8,0.1,0.0983,0.00297719851538321,,,0,0.0983,""
1a,null_quad_n1000,null,,1000,all,10000,EDGE.stk.u.G8,0.01,0.0121,0.00109332474590124,,,0,0.0121,""
1a,null_quad_n1000,null,,1000,all,10000,EDGE.stk.u.G8,0.05,0.0523,0.00222631332026739,,,0,0.0523,""
1a,null_quad_n1000,null,,1000,all,10000,EDGE.stk.u.G8,0.1,0.0997,0.00299599582776746,,,0,0.0997,""
1a,null_quad_n1000,null,,1000,all,10000,EDGE.stk.sc.G8,0.01,0.0094,0.000964968393264774,,,0,0.0094,""
1a,null_quad_n1000,null,,1000,all,10000,EDGE.stk.sc.G8,0.05,0.0523,0.00222631332026739,,,0,0.0523,""
1a,null_quad_n1000,null,,1000,all,10000,EDGE.stk.sc.G8,0.1,0.1023,0.00303042422772786,,,0,0.1023,""
1a,null_quad_n1000,null,,1000,all,10000,EDGE.sym.u.G8,0.01,0.0106,0.00102409179276079,,,0,0.0106,""
1a,null_quad_n1000,null,,1000,all,10000,EDGE.sym.u.G8,0.05,0.0551,0.00228175349238256,,,0,0.0551,""
1a,null_quad_n1000,null,,1000,all,10000,EDGE.sym.u.G8,0.1,0.1015,0.00301989652140599,,,0,0.1015,""
1a,null_quad_n1000,null,,1000,all,10000,EDGE.sym.sc.G8,0.01,0.01,0.00099498743710662,,,0,0.01,""
1a,null_quad_n1000,null,,1000,all,10000,EDGE.sym.sc.G8,0.05,0.054,0.00226017698422048,,,0,0.054,""
1a,null_quad_n1000,null,,1000,all,10000,EDGE.sym.sc.G8,0.1,0.102,0.00302648310750283,,,0,0.102,""
1a,null_quad_n1000,null,,1000,all,10000,EDGE.poly3.u.G12,0.01,0.0108,0.00103360340556715,,,0,0.0108,""
1a,null_quad_n1000,null,,1000,all,10000,EDGE.poly3.u.G12,0.05,0.0543,0.00226608715631151,,,0,0.0543,""
1a,null_quad_n1000,null,,1000,all,10000,EDGE.poly3.u.G12,0.1,0.103,0.00303958878797774,,,0,0.103,""
1a,null_quad_n1000,null,,1000,all,10000,EDGE.poly3.sc.G12,0.01,0.0117,0.00107531902243009,,,0,0.0117,""
1a,null_quad_n1000,null,,1000,all,10000,EDGE.poly3.sc.G12,0.05,0.0536,0.0022522664140816,,,0,0.0536,""
1a,null_quad_n1000,null,,1000,all,10000,EDGE.poly3.sc.G12,0.1,0.1044,0.00305778743538527,,,0,0.1044,""
1a,null_quad_n1000,null,,1000,all,10000,EDGE.poly2.u.G12,0.01,0.009,0.000944404574321832,,,0,0.009,""
1a,null_quad_n1000,null,,1000,all,10000,EDGE.poly2.u.G12,0.05,0.0499,0.00217738352156895,,,0,0.0499,""
1a,null_quad_n1000,null,,1000,all,10000,EDGE.poly2.u.G12,0.1,0.105,0.00306553421119387,,,0,0.105,""
1a,null_quad_n1000,null,,1000,all,10000,EDGE.poly2.sc.G12,0.01,0.0096,0.000975081535052326,,,0,0.0096,""
1a,null_quad_n1000,null,,1000,all,10000,EDGE.poly2.sc.G12,0.05,0.0514,0.00220812227922278,,,0,0.0514,""
1a,null_quad_n1000,null,,1000,all,10000,EDGE.poly2.sc.G12,0.1,0.1038,0.00305000918031405,,,0,0.1038,""
1a,null_quad_n1000,null,,1000,all,10000,EDGE.stk.u.G12,0.01,0.0127,0.0011197638143823,,,0,0.0127,""
1a,null_quad_n1000,null,,1000,all,10000,EDGE.stk.u.G12,0.05,0.0504,0.00218768919181862,,,0,0.0504,""
1a,null_quad_n1000,null,,1000,all,10000,EDGE.stk.u.G12,0.1,0.0986,0.00298124202305012,,,0,0.0986,""
1a,null_quad_n1000,null,,1000,all,10000,EDGE.stk.sc.G12,0.01,0.0119,0.00108436110221642,,,0,0.0119,""
1a,null_quad_n1000,null,,1000,all,10000,EDGE.stk.sc.G12,0.05,0.0526,0.00223233599621562,,,0,0.0526,""
1a,null_quad_n1000,null,,1000,all,10000,EDGE.stk.sc.G12,0.1,0.1028,0.00303697481056396,,,0,0.1028,""
1a,null_quad_n1000,null,,1000,all,10000,EDGE.sym.u.G12,0.01,0.0117,0.00107531902243009,,,0,0.0117,""
1a,null_quad_n1000,null,,1000,all,10000,EDGE.sym.u.G12,0.05,0.0525,0.00223033069296909,,,0,0.0525,""
1a,null_quad_n1000,null,,1000,all,10000,EDGE.sym.u.G12,0.1,0.1034,0.00304480606935811,,,0,0.1034,""
1a,null_quad_n1000,null,,1000,all,10000,EDGE.sym.sc.G12,0.01,0.0113,0.00105699148530156,,,0,0.0113,""
1a,null_quad_n1000,null,,1000,all,10000,EDGE.sym.sc.G12,0.05,0.0518,0.00221623013245466,,,0,0.0518,""
1a,null_quad_n1000,null,,1000,all,10000,EDGE.sym.sc.G12,0.1,0.1052,0.0030681095156464,,,0,0.1052,""
1a,null_quad_n1000,null,,1000,all,10000,EDGE.poly3.u.G14,0.01,0.0107,0.00102885907684192,,,0,0.0107,""
1a,null_quad_n1000,null,,1000,all,10000,EDGE.poly3.u.G14,0.05,0.0529,0.00223833844625874,,,0,0.0529,""
1a,null_quad_n1000,null,,1000,all,10000,EDGE.poly3.u.G14,0.1,0.1045,0.00305908074427597,,,0,0.1045,""
1a,null_quad_n1000,null,,1000,all,10000,EDGE.poly3.sc.G14,0.01,0.0099,0.000990049998737437,,,0,0.0099,""
1a,null_quad_n1000,null,,1000,all,10000,EDGE.poly3.sc.G14,0.05,0.0507,0.00219384388687983,,,0,0.0507,""
1a,null_quad_n1000,null,,1000,all,10000,EDGE.poly3.sc.G14,0.1,0.1052,0.0030681095156464,,,0,0.1052,""
1a,null_quad_n1000,null,,1000,all,10000,EDGE.poly2.u.G14,0.01,0.009,0.000944404574321832,,,0,0.009,""
1a,null_quad_n1000,null,,1000,all,10000,EDGE.poly2.u.G14,0.05,0.0525,0.00223033069296909,,,0,0.0525,""
1a,null_quad_n1000,null,,1000,all,10000,EDGE.poly2.u.G14,0.1,0.1037,0.00304870972708128,,,0,0.1037,""
1a,null_quad_n1000,null,,1000,all,10000,EDGE.poly2.sc.G14,0.01,0.0095,0.000970038659023443,,,0,0.0095,""
1a,null_quad_n1000,null,,1000,all,10000,EDGE.poly2.sc.G14,0.05,0.052,0.00222027025382047,,,0,0.052,""
1a,null_quad_n1000,null,,1000,all,10000,EDGE.poly2.sc.G14,0.1,0.108,0.00310380411753062,,,0,0.108,""
1a,null_quad_n1000,null,,1000,all,10000,EDGE.stk.u.G14,0.01,0.014,0.00117490425141796,,,0,0.014,""
1a,null_quad_n1000,null,,1000,all,10000,EDGE.stk.u.G14,0.05,0.0501,0.00218151300706643,,,0,0.0501,""
1a,null_quad_n1000,null,,1000,all,10000,EDGE.stk.u.G14,0.1,0.0985,0.00297989513238302,,,0,0.0985,""
1a,null_quad_n1000,null,,1000,all,10000,EDGE.stk.sc.G14,0.01,0.0098,0.000985086798206128,,,0,0.0098,""
1a,null_quad_n1000,null,,1000,all,10000,EDGE.stk.sc.G14,0.05,0.0527,0.00223433905215838,,,0,0.0527,""
1a,null_quad_n1000,null,,1000,all,10000,EDGE.stk.sc.G14,0.1,0.105,0.00306553421119387,,,0,0.105,""
1a,null_quad_n1000,null,,1000,all,10000,EDGE.sym.u.G14,0.01,0.0118,0.00107984998958189,,,0,0.0118,""
1a,null_quad_n1000,null,,1000,all,10000,EDGE.sym.u.G14,0.05,0.0513,0.00220608952674183,,,0,0.0513,""
1a,null_quad_n1000,null,,1000,all,10000,EDGE.sym.u.G14,0.1,0.1033,0.00304350308033358,,,0,0.1033,""
1a,null_quad_n1000,null,,1000,all,10000,EDGE.sym.sc.G14,0.01,0.01,0.00099498743710662,,,0,0.01,""
1a,null_quad_n1000,null,,1000,all,10000,EDGE.sym.sc.G14,0.05,0.0526,0.00223233599621562,,,0,0.0526,""
1a,null_quad_n1000,null,,1000,all,10000,EDGE.sym.sc.G14,0.1,0.1021,0.00302779771451132,,,0,0.1021,""
1a,null_quad_n1000,null,,1000,all,10000,EDGE.poly3.u.G20,0.01,0.011,0.00104302444841912,,,0,0.011,""
1a,null_quad_n1000,null,,1000,all,10000,EDGE.poly3.u.G20,0.05,0.0504,0.00218768919181862,,,0,0.0504,""
1a,null_quad_n1000,null,,1000,all,10000,EDGE.poly3.u.G20,0.1,0.1049,0.00306424525780819,,,0,0.1049,""
1a,null_quad_n1000,null,,1000,all,10000,EDGE.poly3.sc.G20,0.01,0.0099,0.000990049998737437,,,0,0.0099,""
1a,null_quad_n1000,null,,1000,all,10000,EDGE.poly3.sc.G20,0.05,0.0495,0.00216909543358516,,,0,0.0495,""
1a,null_quad_n1000,null,,1000,all,10000,EDGE.poly3.sc.G20,0.1,0.0997,0.00299599582776746,,,0,0.0997,""
1a,null_quad_n1000,null,,1000,all,10000,EDGE.poly2.u.G20,0.01,0.0083,0.000907254650029417,,,0,0.0083,""
1a,null_quad_n1000,null,,1000,all,10000,EDGE.poly2.u.G20,0.05,0.0523,0.00222631332026739,,,0,0.0523,""
1a,null_quad_n1000,null,,1000,all,10000,EDGE.poly2.u.G20,0.1,0.1025,0.00303304714767179,,,0,0.1025,""
1a,null_quad_n1000,null,,1000,all,10000,EDGE.poly2.sc.G20,0.01,0.0076,0.0008684607072286,,,0,0.0076,""
1a,null_quad_n1000,null,,1000,all,10000,EDGE.poly2.sc.G20,0.05,0.0499,0.00217738352156895,,,0,0.0499,""
1a,null_quad_n1000,null,,1000,all,10000,EDGE.poly2.sc.G20,0.1,0.1016,0.0030212156493703,,,0,0.1016,""
1a,null_quad_n1000,null,,1000,all,10000,EDGE.stk.u.G20,0.01,0.0132,0.00114130451677017,,,0,0.0132,""
1a,null_quad_n1000,null,,1000,all,10000,EDGE.stk.u.G20,0.05,0.0494,0.0021670173049609,,,0,0.0494,""
1a,null_quad_n1000,null,,1000,all,10000,EDGE.stk.u.G20,0.1,0.099,0.00298662016332844,,,0,0.099,""
1a,null_quad_n1000,null,,1000,all,10000,EDGE.stk.sc.G20,0.01,0.0102,0.00100478654449589,,,0,0.0102,""
1a,null_quad_n1000,null,,1000,all,10000,EDGE.stk.sc.G20,0.05,0.049,0.0021586801523153,,,0,0.049,""
1a,null_quad_n1000,null,,1000,all,10000,EDGE.stk.sc.G20,0.1,0.1002,0.00300266481645887,,,0,0.1002,""
1a,null_quad_n1000,null,,1000,all,10000,EDGE.sym.u.G20,0.01,0.0125,0.00111102430216445,,,0,0.0125,""
1a,null_quad_n1000,null,,1000,all,10000,EDGE.sym.u.G20,0.05,0.0525,0.00223033069296909,,,0,0.0525,""
1a,null_quad_n1000,null,,1000,all,10000,EDGE.sym.u.G20,0.1,0.1028,0.00303697481056396,,,0,0.1028,""
1a,null_quad_n1000,null,,1000,all,10000,EDGE.sym.sc.G20,0.01,0.0122,0.00109777775528565,,,0,0.0122,""
1a,null_quad_n1000,null,,1000,all,10000,EDGE.sym.sc.G20,0.05,0.0534,0.0022482980229498,,,0,0.0534,""
1a,null_quad_n1000,null,,1000,all,10000,EDGE.sym.sc.G20,0.1,0.1037,0.00304870972708128,,,0,0.1037,""
1a,null_quad_n1000,null,,1000,all,10000,HL.G10,0.01,0.0117,0.00107531902243009,,,0,0.0117,""
1a,null_quad_n1000,null,,1000,all,10000,HL.G10,0.05,0.0526,0.00223233599621562,,,0,0.0526,""
1a,null_quad_n1000,null,,1000,all,10000,HL.G10,0.1,0.1062,0.00308093427388511,,,0,0.1062,""
1a,null_quad_n1000,null,,1000,all,10000,HL.Grule,0.01,0.0103,0.00100964894889263,,,0,0.0103,""
1a,null_quad_n1000,null,,1000,all,10000,HL.Grule,0.05,0.0516,0.00221218082443547,,,0,0.0516,""
1a,null_quad_n1000,null,,1000,all,10000,HL.Grule,0.1,0.0999,0.00299866620349782,,,0,0.0999,""
1a,null_quad_n1000,null,,1000,all,10000,HL.G6,0.01,0.0081,0.000896347588829244,,,0,0.0081,""
1a,null_quad_n1000,null,,1000,all,10000,HL.G6,0.05,0.0495,0.00216909543358516,,,0,0.0495,""
1a,null_quad_n1000,null,,1000,all,10000,HL.G6,0.1,0.1057,0.00307453264741164,,,0,0.1057,""
1a,null_quad_n1000,null,,1000,all,10000,HL.G8,0.01,0.0112,0.00105235735375394,,,0,0.0112,""
1a,null_quad_n1000,null,,1000,all,10000,HL.G8,0.05,0.0492,0.00216285367050108,,,0,0.0492,""
1a,null_quad_n1000,null,,1000,all,10000,HL.G8,0.1,0.0998,0.00299733147983335,,,0,0.0998,""
1a,null_quad_n1000,null,,1000,all,10000,HL.G12,0.01,0.0084,0.000912657657613193,,,0,0.0084,""
1a,null_quad_n1000,null,,1000,all,10000,HL.G12,0.05,0.052,0.00222027025382047,,,0,0.052,""
1a,null_quad_n1000,null,,1000,all,10000,HL.G12,0.1,0.0987,0.00298258797020306,,,0,0.0987,""
1a,null_quad_n1000,null,,1000,all,10000,HL.G14,0.01,0.0099,0.000990049998737437,,,0,0.0099,""
1a,null_quad_n1000,null,,1000,all,10000,HL.G14,0.05,0.0503,0.0021856328602947,,,0,0.0503,""
1a,null_quad_n1000,null,,1000,all,10000,HL.G14,0.1,0.1031,0.00304089444078547,,,0,0.1031,""
1a,null_quad_n1000,null,,1000,all,10000,HL.G20,0.01,0.009,0.000944404574321832,,,0,0.009,""
1a,null_quad_n1000,null,,1000,all,10000,HL.G20,0.05,0.0495,0.00216909543358516,,,0,0.0495,""
1a,null_quad_n1000,null,,1000,all,10000,HL.G20,0.1,0.1001,0.003001332870576,,,0,0.1001,""
1a,null_quad_n1000,null,,1000,all,10000,HLF.G10,0.01,0.0116,0.00107076794871718,,,0,0.0116,""
1a,null_quad_n1000,null,,1000,all,10000,HLF.G10,0.05,0.0525,0.00223033069296909,,,0,0.0525,""
1a,null_quad_n1000,null,,1000,all,10000,HLF.G10,0.1,0.1071,0.00309240343422394,,,0,0.1071,""
1a,null_quad_n1000,null,,1000,all,10000,HLF.Grule,0.01,0.0103,0.00100964894889263,,,0,0.0103,""
1a,null_quad_n1000,null,,1000,all,10000,HLF.Grule,0.05,0.0515,0.00221015270965605,,,0,0.0515,""
1a,null_quad_n1000,null,,1000,all,10000,HLF.Grule,0.1,0.1012,0.00301593368627362,,,0,0.1012,""
1a,null_quad_n1000,null,,1000,all,10000,HLF.G6,0.01,0.0084,0.000912657657613193,,,0,0.0084,""
1a,null_quad_n1000,null,,1000,all,10000,HLF.G6,0.05,0.0487,0.00215240121724552,,,0,0.0487,""
1a,null_quad_n1000,null,,1000,all,10000,HLF.G6,0.1,0.1035,0.00304610817273451,,,0,0.1035,""
1a,null_quad_n1000,null,,1000,all,10000,HLF.G8,0.01,0.0111,0.00104770177054351,,,0,0.0111,""
1a,null_quad_n1000,null,,1000,all,10000,HLF.G8,0.05,0.0495,0.00216909543358516,,,0,0.0495,""
1a,null_quad_n1000,null,,1000,all,10000,HLF.G8,0.1,0.1003,0.00300399583887861,,,0,0.1003,""
1a,null_quad_n1000,null,,1000,all,10000,HLF.G12,0.01,0.0086,0.000923365583070974,,,0,0.0086,""
1a,null_quad_n1000,null,,1000,all,10000,HLF.G12,0.05,0.0496,0.00217117111255654,,,0,0.0496,""
1a,null_quad_n1000,null,,1000,all,10000,HLF.G12,0.1,0.1008,0.00301063714186881,,,0,0.1008,""
1a,null_quad_n1000,null,,1000,all,10000,HLF.G14,0.01,0.0102,0.00100478654449589,,,0,0.0102,""
1a,null_quad_n1000,null,,1000,all,10000,HLF.G14,0.05,0.0512,0.00220405444578849,,,0,0.0512,""
1a,null_quad_n1000,null,,1000,all,10000,HLF.G14,0.1,0.1023,0.00303042422772786,,,0,0.1023,""
1a,null_quad_n1000,null,,1000,all,10000,HLF.G20,0.01,0.0092,0.000954743944730732,,,0,0.0092,""
1a,null_quad_n1000,null,,1000,all,10000,HLF.G20,0.05,0.0495,0.00216909543358516,,,0,0.0495,""
1a,null_quad_n1000,null,,1000,all,10000,HLF.G20,0.1,0.1,0.003,,,0,0.1,""
1a,null_quad_n1000,null,,1000,all,10000,Stk.joint,0.01,0.0103,0.00100964894889263,,,0,0.0103,""
1a,null_quad_n1000,null,,1000,all,10000,Stk.joint,0.05,0.0516,0.00221218082443547,,,0,0.0516,""
1a,null_quad_n1000,null,,1000,all,10000,Stk.joint,0.1,0.1035,0.00304610817273451,,,0,0.1035,""
1a,null_quad_n1000,null,,1000,all,10000,Stk.LR,0.01,0.0109,0.00103832509360027,,,0,0.0109,""
1a,null_quad_n1000,null,,1000,all,10000,Stk.LR,0.05,0.0537,0.00225424732449658,,,0,0.0537,""
1a,null_quad_n1000,null,,1000,all,10000,Stk.LR,0.1,0.1042,0.00305519819324377,,,0,0.1042,""
1a,null_quad_n1000,null,,1000,all,10000,Stk.sym1,0.01,0.0122,0.00109777775528565,,,0,0.0122,""
1a,null_quad_n1000,null,,1000,all,10000,Stk.sym1,0.05,0.0516,0.00221218082443547,,,0,0.0516,""
1a,null_quad_n1000,null,,1000,all,10000,Stk.sym1,0.1,0.1032,0.00304219920452294,,,0,0.1032,""
1a,null_quad_n1000,null,,1000,all,10000,Stk.marg,0.01,0.0221,0.00147008809259854,,,0,0.0221,""
1a,null_quad_n1000,null,,1000,all,10000,Stk.marg,0.05,0.0732,0.00260464508138825,,,0,0.0732,""
1a,null_quad_n1000,null,,1000,all,10000,Stk.marg,0.1,0.1168,0.0032118181766719,,,0,0.1168,""
1a,null_quad_n1000,null,,1000,all,10000,GiViTI,0.01,0.0089,0.000939190608982011,,,0,0.0089,""
1a,null_quad_n1000,null,,1000,all,10000,GiViTI,0.05,0.0532,0.00224432083267968,,,0,0.0532,""
1a,null_quad_n1000,null,,1000,all,10000,GiViTI,0.1,0.1021,0.00302779771451132,,,0,0.1021,""
1a,null_quad_n1000,null,,1000,all,10000,GiViTI.t50,0.01,0.0098,0.000985086798206128,,,0,0.0098,""
1a,null_quad_n1000,null,,1000,all,10000,GiViTI.t50,0.05,0.0538,0.00225622605250449,,,0,0.0538,""
1a,null_quad_n1000,null,,1000,all,10000,GiViTI.t50,0.1,0.1045,0.00305908074427597,,,0,0.1045,""
1a,null_quad_n1000,null,,1000,all,10000,Cubic.LR,0.01,0.011,0.00104302444841912,,,0,0.011,""
1a,null_quad_n1000,null,,1000,all,10000,Cubic.LR,0.05,0.0535,0.00225028331549607,,,0,0.0535,""
1a,null_quad_n1000,null,,1000,all,10000,Cubic.LR,0.1,0.1079,0.00310254073301222,,,0,0.1079,""
1a,null_quad_n1000,null,,1000,all,10000,HL_w,0.01,0.0108,0.00103360340556715,,,0,0.0108,""
1a,null_quad_n1000,null,,1000,all,10000,HL_w,0.05,0.05,0.00217944947177034,,,0,0.05,""
1a,null_quad_n1000,null,,1000,all,10000,HL_w,0.1,0.1005,0.00300665511823355,,,0,0.1005,""
1a,null_quad_n1000,null,,1000,all,10000,PH,0.01,0.0068,0.000821812630713352,,,0,0.0068,""
1a,null_quad_n1000,null,,1000,all,10000,PH,0.05,0.0332,0.00179158477332221,,,0,0.0332,""
1a,null_quad_n1000,null,,1000,all,10000,PH,0.1,0.0695,0.00254302477376844,,,0,0.0695,""
1a,null_quad_n1000,null,,1000,all,10000,Tsiatis,0.01,0.0087,0.000928671631956097,,,0,0.0087,""
1a,null_quad_n1000,null,,1000,all,10000,Tsiatis,0.05,0.0492,0.00216285367050108,,,0,0.0492,""
1a,null_quad_n1000,null,,1000,all,10000,Tsiatis,0.1,0.1,0.003,,,0,0.1,""
1a,null_quad_n1000,null,,1000,all,10000,Xie,0.01,0.0073,0.000851276100921434,,,0,0.0073,""
1a,null_quad_n1000,null,,1000,all,10000,Xie,0.05,0.0425,0.00201726919373692,,,0,0.0425,""
1a,null_quad_n1000,null,,1000,all,10000,Xie,0.1,0.0843,0.00277837200532974,,,0,0.0843,""
1a,null_quad_n1000,null,,1000,all,10000,PR,0.01,0,0,,,1,,no p-value in any replicate
1a,null_quad_n1000,null,,1000,all,10000,PR,0.05,0,0,,,1,,no p-value in any replicate
1a,null_quad_n1000,null,,1000,all,10000,PR,0.1,0,0,,,1,,no p-value in any replicate
1a,null_binint_n1000,null,,1000,all,10000,flag.evlt.G10,,0,,,,0,,flag rate: share of replicates with the flag = 1
1a,null_binint_n1000,null,,1000,all,10000,flag.evlt.Grule,,0,,,,0,,flag rate: share of replicates with the flag = 1
1a,null_binint_n1000,null,,1000,all,10000,flag.stk_half0,,0,,,,0,,flag rate: share of replicates with the flag = 1
1a,null_binint_n1000,null,,1000,all,10000,flag.stk_diag,,0,,,,0,,flag rate: share of replicates with the flag = 1
1a,null_binint_n1000,null,,1000,all,10000,flag.rivals_run,,1,,,,0,,flag rate: share of replicates with the flag = 1
1a,null_binint_n1000,null,,1000,all,10000,flag.degenerate,,0,,,,0,,flag rate: share of replicates with the flag = 1
1a,null_binint_n1000,null,,1000,all,10000,flag.info_guard,,0,,,,0,,flag rate: share of replicates with the flag = 1
1a,null_binint_n1000,null,,1000,all,10000,flag.rep_error,,0,,,,0,,flag rate: share of replicates with the flag = 1
1a,null_binint_n1000,null,,1000,all,10000,EDGE.poly3.u.G10,0.01,0.0097,0.000980097444135021,,,0,0.0097,""
1a,null_binint_n1000,null,,1000,all,10000,EDGE.poly3.u.G10,0.05,0.0487,0.00215240121724552,,,0,0.0487,""
1a,null_binint_n1000,null,,1000,all,10000,EDGE.poly3.u.G10,0.1,0.0979,0.00297179390267899,,,0,0.0979,""
1a,null_binint_n1000,null,,1000,all,10000,EDGE.poly3.sc.G10,0.01,0.009,0.000944404574321832,,,0,0.009,""
1a,null_binint_n1000,null,,1000,all,10000,EDGE.poly3.sc.G10,0.05,0.0492,0.00216285367050108,,,0,0.0492,""
1a,null_binint_n1000,null,,1000,all,10000,EDGE.poly3.sc.G10,0.1,0.0996,0.00299465924605789,,,0,0.0996,""
1a,null_binint_n1000,null,,1000,all,10000,EDGE.poly2.u.G10,0.01,0.0102,0.00100478654449589,,,0,0.0102,""
1a,null_binint_n1000,null,,1000,all,10000,EDGE.poly2.u.G10,0.05,0.0503,0.0021856328602947,,,0,0.0503,""
1a,null_binint_n1000,null,,1000,all,10000,EDGE.poly2.u.G10,0.1,0.0981,0.00297449810892527,,,0,0.0981,""
1a,null_binint_n1000,null,,1000,all,10000,EDGE.poly2.sc.G10,0.01,0.0092,0.000954743944730732,,,0,0.0092,""
1a,null_binint_n1000,null,,1000,all,10000,EDGE.poly2.sc.G10,0.05,0.0469,0.00211424667434999,,,0,0.0469,""
1a,null_binint_n1000,null,,1000,all,10000,EDGE.poly2.sc.G10,0.1,0.0999,0.00299866620349782,,,0,0.0999,""
1a,null_binint_n1000,null,,1000,all,10000,EDGE.stk.u.G10,0.01,0.0111,0.00104770177054351,,,0,0.0111,""
1a,null_binint_n1000,null,,1000,all,10000,EDGE.stk.u.G10,0.05,0.0484,0.00214609971809327,,,0,0.0484,""
1a,null_binint_n1000,null,,1000,all,10000,EDGE.stk.u.G10,0.1,0.0972,0.00296229910711258,,,0,0.0972,""
1a,null_binint_n1000,null,,1000,all,10000,EDGE.stk.sc.G10,0.01,0.0089,0.000939190608982011,,,0,0.0089,""
1a,null_binint_n1000,null,,1000,all,10000,EDGE.stk.sc.G10,0.05,0.0485,0.00214820273717357,,,0,0.0485,""
1a,null_binint_n1000,null,,1000,all,10000,EDGE.stk.sc.G10,0.1,0.0972,0.00296229910711258,,,0,0.0972,""
1a,null_binint_n1000,null,,1000,all,10000,EDGE.sym.u.G10,0.01,0.0087,0.000928671631956097,,,0,0.0087,""
1a,null_binint_n1000,null,,1000,all,10000,EDGE.sym.u.G10,0.05,0.0499,0.00217738352156895,,,0,0.0499,""
1a,null_binint_n1000,null,,1000,all,10000,EDGE.sym.u.G10,0.1,0.0997,0.00299599582776746,,,0,0.0997,""
1a,null_binint_n1000,null,,1000,all,10000,EDGE.sym.sc.G10,0.01,0.0087,0.000928671631956097,,,0,0.0087,""
1a,null_binint_n1000,null,,1000,all,10000,EDGE.sym.sc.G10,0.05,0.0486,0.00215030323442997,,,0,0.0486,""
1a,null_binint_n1000,null,,1000,all,10000,EDGE.sym.sc.G10,0.1,0.0984,0.00297854729692177,,,0,0.0984,""
1a,null_binint_n1000,null,,1000,all,10000,EDGE.poly3.u.Grule,0.01,0.0097,0.000980097444135021,,,0,0.0097,""
1a,null_binint_n1000,null,,1000,all,10000,EDGE.poly3.u.Grule,0.05,0.0461,0.00209701669044383,,,0,0.0461,""
1a,null_binint_n1000,null,,1000,all,10000,EDGE.poly3.u.Grule,0.1,0.0957,0.00294179384049936,,,0,0.0957,""
1a,null_binint_n1000,null,,1000,all,10000,EDGE.poly3.sc.Grule,0.01,0.0081,0.000896347588829244,,,0,0.0081,""
1a,null_binint_n1000,null,,1000,all,10000,EDGE.poly3.sc.Grule,0.05,0.0462,0.00209917983984222,,,0,0.0462,""
1a,null_binint_n1000,null,,1000,all,10000,EDGE.poly3.sc.Grule,0.1,0.0989,0.00298527703907024,,,0,0.0989,""
1a,null_binint_n1000,null,,1000,all,10000,EDGE.poly2.u.Grule,0.01,0.0088,0.000933946465275178,,,0,0.0088,""
1a,null_binint_n1000,null,,1000,all,10000,EDGE.poly2.u.Grule,0.05,0.0486,0.00215030323442997,,,0,0.0486,""
1a,null_binint_n1000,null,,1000,all,10000,EDGE.poly2.u.Grule,0.1,0.0963,0.00295002220330627,,,0,0.0963,""
1a,null_binint_n1000,null,,1000,all,10000,EDGE.poly2.sc.Grule,0.01,0.0094,0.000964968393264774,,,0,0.0094,""
1a,null_binint_n1000,null,,1000,all,10000,EDGE.poly2.sc.Grule,0.05,0.0481,0.00213977545550929,,,0,0.0481,""
1a,null_binint_n1000,null,,1000,all,10000,EDGE.poly2.sc.Grule,0.1,0.0978,0.00297044037139277,,,0,0.0978,""
1a,null_binint_n1000,null,,1000,all,10000,EDGE.stk.u.Grule,0.01,0.0094,0.000964968393264774,,,0,0.0094,""
1a,null_binint_n1000,null,,1000,all,10000,EDGE.stk.u.Grule,0.05,0.0465,0.00210565310533335,,,0,0.0465,""
1a,null_binint_n1000,null,,1000,all,10000,EDGE.stk.u.Grule,0.1,0.0966,0.00295412322017887,,,0,0.0966,""
1a,null_binint_n1000,null,,1000,all,10000,EDGE.stk.sc.Grule,0.01,0.0091,0.000949588858401361,,,0,0.0091,""
1a,null_binint_n1000,null,,1000,all,10000,EDGE.stk.sc.Grule,0.05,0.0489,0.00215658966889856,,,0,0.0489,""
1a,null_binint_n1000,null,,1000,all,10000,EDGE.stk.sc.Grule,0.1,0.0973,0.0029636583811229,,,0,0.0973,""
1a,null_binint_n1000,null,,1000,all,10000,EDGE.sym.u.Grule,0.01,0.0097,0.000980097444135021,,,0,0.0097,""
1a,null_binint_n1000,null,,1000,all,10000,EDGE.sym.u.Grule,0.05,0.0497,0.00217324434889407,,,0,0.0497,""
1a,null_binint_n1000,null,,1000,all,10000,EDGE.sym.u.Grule,0.1,0.1007,0.00300931071842042,,,0,0.1007,""
1a,null_binint_n1000,null,,1000,all,10000,EDGE.sym.sc.Grule,0.01,0.0094,0.000964968393264774,,,0,0.0094,""
1a,null_binint_n1000,null,,1000,all,10000,EDGE.sym.sc.Grule,0.05,0.0498,0.00217531514958178,,,0,0.0498,""
1a,null_binint_n1000,null,,1000,all,10000,EDGE.sym.sc.Grule,0.1,0.1007,0.00300931071842042,,,0,0.1007,""
1a,null_binint_n1000,null,,1000,all,10000,HL.G10,0.01,0.0089,0.000939190608982011,,,0,0.0089,""
1a,null_binint_n1000,null,,1000,all,10000,HL.G10,0.05,0.0455,0.0020839805661282,,,0,0.0455,""
1a,null_binint_n1000,null,,1000,all,10000,HL.G10,0.1,0.0951,0.00293353012597451,,,0,0.0951,""
1a,null_binint_n1000,null,,1000,all,10000,HL.Grule,0.01,0.0079,0.000885301643509149,,,0,0.0079,""
1a,null_binint_n1000,null,,1000,all,10000,HL.Grule,0.05,0.0486,0.00215030323442997,,,0,0.0486,""
1a,null_binint_n1000,null,,1000,all,10000,HL.Grule,0.1,0.0976,0.00296773044598056,,,0,0.0976,""
1a,null_binint_n1000,null,,1000,all,10000,HLF.G10,0.01,0.0092,0.000954743944730732,,,0,0.0092,""
1a,null_binint_n1000,null,,1000,all,10000,HLF.G10,0.05,0.0451,0.00207523468552354,,,0,0.0451,""
1a,null_binint_n1000,null,,1000,all,10000,HLF.G10,0.1,0.0945,0.00292523076012816,,,0,0.0945,""
1a,null_binint_n1000,null,,1000,all,10000,HLF.Grule,0.01,0.0081,0.000896347588829244,,,0,0.0081,""
1a,null_binint_n1000,null,,1000,all,10000,HLF.Grule,0.05,0.049,0.0021586801523153,,,0,0.049,""
1a,null_binint_n1000,null,,1000,all,10000,HLF.Grule,0.1,0.0992,0.0029893035978301,,,0,0.0992,""
1a,null_binint_n1000,null,,1000,all,10000,Stk.joint,0.01,0.0099,0.000990049998737437,,,0,0.0099,""
1a,null_binint_n1000,null,,1000,all,10000,Stk.joint,0.05,0.0461,0.00209701669044383,,,0,0.0461,""
1a,null_binint_n1000,null,,1000,all,10000,Stk.joint,0.1,0.0962,0.0029486532519101,,,0,0.0962,""
1a,null_binint_n1000,null,,1000,all,10000,Stk.LR,0.01,0.0097,0.000980097444135021,,,0,0.0097,""
1a,null_binint_n1000,null,,1000,all,10000,Stk.LR,0.05,0.0474,0.00212492917529032,,,0,0.0474,""
1a,null_binint_n1000,null,,1000,all,10000,Stk.LR,0.1,0.0981,0.00297449810892527,,,0,0.0981,""
1a,null_binint_n1000,null,,1000,all,10000,Stk.sym1,0.01,0.0089,0.000939190608982011,,,0,0.0089,""
1a,null_binint_n1000,null,,1000,all,10000,Stk.sym1,0.05,0.0488,0.00215449669296567,,,0,0.0488,""
1a,null_binint_n1000,null,,1000,all,10000,Stk.sym1,0.1,0.0988,0.00298393297511858,,,0,0.0988,""
1a,null_binint_n1000,null,,1000,all,10000,Stk.marg,0.01,0.0209,0.00143049606780305,,,0,0.0209,""
1a,null_binint_n1000,null,,1000,all,10000,Stk.marg,0.05,0.0666,0.00249327976769556,,,0,0.0666,""
1a,null_binint_n1000,null,,1000,all,10000,Stk.marg,0.1,0.1128,0.00316348162630985,,,0,0.1128,""
1a,null_binint_n1000,null,,1000,all,10000,GiViTI,0.01,0.009,0.000944404574321832,,,0,0.009,""
1a,null_binint_n1000,null,,1000,all,10000,GiViTI,0.05,0.049,0.0021586801523153,,,0,0.049,""
1a,null_binint_n1000,null,,1000,all,10000,GiViTI,0.1,0.1001,0.003001332870576,,,0,0.1001,""
1a,null_binint_n1000,null,,1000,all,10000,GiViTI.t50,0.01,0.0097,0.000980097444135021,,,0,0.0097,""
1a,null_binint_n1000,null,,1000,all,10000,GiViTI.t50,0.05,0.0474,0.00212492917529032,,,0,0.0474,""
1a,null_binint_n1000,null,,1000,all,10000,GiViTI.t50,0.1,0.0959,0.00294454054140879,,,0,0.0959,""
1a,null_binint_n1000,null,,1000,all,10000,Cubic.LR,0.01,0.0097,0.000980097444135021,,,0,0.0097,""
1a,null_binint_n1000,null,,1000,all,10000,Cubic.LR,0.05,0.0455,0.0020839805661282,,,0,0.0455,""
1a,null_binint_n1000,null,,1000,all,10000,Cubic.LR,0.1,0.0928,0.00290151960186382,,,0,0.0928,""
1a,null_binint_n1000,null,,1000,all,10000,HL_w,0.01,0.0111,0.00104770177054351,,,0,0.0111,""
1a,null_binint_n1000,null,,1000,all,10000,HL_w,0.05,0.0538,0.00225622605250449,,,0,0.0538,""
1a,null_binint_n1000,null,,1000,all,10000,HL_w,0.1,0.1025,0.00303304714767179,,,0,0.1025,""
1a,null_binint_n1000,null,,1000,all,10000,PH,0.01,0.0047,0.000683952483729681,,,0,0.0047,""
1a,null_binint_n1000,null,,1000,all,10000,PH,0.05,0.0281,0.00165258554997918,,,0,0.0281,""
1a,null_binint_n1000,null,,1000,all,10000,PH,0.1,0.0598,0.00237115921017548,,,0,0.0598,""
1a,null_binint_n1000,null,,1000,all,10000,Tsiatis,0.01,0.0084,0.000912657657613193,,,0,0.0084,""
1a,null_binint_n1000,null,,1000,all,10000,Tsiatis,0.05,0.0528,0.00223633986683599,,,0,0.0528,""
1a,null_binint_n1000,null,,1000,all,10000,Tsiatis,0.1,0.1048,0.00306295543552302,,,0,0.1048,""
1a,null_binint_n1000,null,,1000,all,10000,Xie,0.01,0.0055,0.000739577582137263,,,0,0.0055,""
1a,null_binint_n1000,null,,1000,all,10000,Xie,0.05,0.0325,0.00177323856263053,,,0,0.0325,""
1a,null_binint_n1000,null,,1000,all,10000,Xie,0.1,0.0639,0.00244574712511331,,,0,0.0639,""
1a,null_binint_n1000,null,,1000,all,10000,PR,0.01,0.0108,0.00103360340556715,,,0,0.0108,""
1a,null_binint_n1000,null,,1000,all,10000,PR,0.05,0.0579,0.00233554254938762,,,0,0.0579,""
1a,null_binint_n1000,null,,1000,all,10000,PR,0.1,0.1209,0.00326011027420853,,,0,0.1209,""
1a,null_contint_n1000,null,,1000,all,10000,flag.evlt.G10,,0,,,,0,,flag rate: share of replicates with the flag = 1
1a,null_contint_n1000,null,,1000,all,10000,flag.evlt.Grule,,0,,,,0,,flag rate: share of replicates with the flag = 1
1a,null_contint_n1000,null,,1000,all,10000,flag.stk_half0,,0,,,,0,,flag rate: share of replicates with the flag = 1
1a,null_contint_n1000,null,,1000,all,10000,flag.stk_diag,,0,,,,0,,flag rate: share of replicates with the flag = 1
1a,null_contint_n1000,null,,1000,all,10000,flag.rivals_run,,1,,,,0,,flag rate: share of replicates with the flag = 1
1a,null_contint_n1000,null,,1000,all,10000,flag.degenerate,,0,,,,0,,flag rate: share of replicates with the flag = 1
1a,null_contint_n1000,null,,1000,all,10000,flag.info_guard,,0,,,,0,,flag rate: share of replicates with the flag = 1
1a,null_contint_n1000,null,,1000,all,10000,flag.rep_error,,0,,,,0,,flag rate: share of replicates with the flag = 1
1a,null_contint_n1000,null,,1000,all,10000,EDGE.poly3.u.G10,0.01,0.0106,0.00102409179276079,,,0,0.0106,""
1a,null_contint_n1000,null,,1000,all,10000,EDGE.poly3.u.G10,0.05,0.0501,0.00218151300706643,,,0,0.0501,""
1a,null_contint_n1000,null,,1000,all,10000,EDGE.poly3.u.G10,0.1,0.0987,0.00298258797020306,,,0,0.0987,""
1a,null_contint_n1000,null,,1000,all,10000,EDGE.poly3.sc.G10,0.01,0.0091,0.000949588858401361,,,0,0.0091,""
1a,null_contint_n1000,null,,1000,all,10000,EDGE.poly3.sc.G10,0.05,0.0495,0.00216909543358516,,,0,0.0495,""
1a,null_contint_n1000,null,,1000,all,10000,EDGE.poly3.sc.G10,0.1,0.0986,0.00298124202305012,,,0,0.0986,""
1a,null_contint_n1000,null,,1000,all,10000,EDGE.poly2.u.G10,0.01,0.0103,0.00100964894889263,,,0,0.0103,""
1a,null_contint_n1000,null,,1000,all,10000,EDGE.poly2.u.G10,0.05,0.0505,0.00218974313562116,,,0,0.0505,""
1a,null_contint_n1000,null,,1000,all,10000,EDGE.poly2.u.G10,0.1,0.1001,0.003001332870576,,,0,0.1001,""
1a,null_contint_n1000,null,,1000,all,10000,EDGE.poly2.sc.G10,0.01,0.0097,0.000980097444135021,,,0,0.0097,""
1a,null_contint_n1000,null,,1000,all,10000,EDGE.poly2.sc.G10,0.05,0.0507,0.00219384388687983,,,0,0.0507,""
1a,null_contint_n1000,null,,1000,all,10000,EDGE.poly2.sc.G10,0.1,0.0983,0.00297719851538321,,,0,0.0983,""
1a,null_contint_n1000,null,,1000,all,10000,EDGE.stk.u.G10,0.01,0.0111,0.00104770177054351,,,0,0.0111,""
1a,null_contint_n1000,null,,1000,all,10000,EDGE.stk.u.G10,0.05,0.0483,0.00214399416976819,,,0,0.0483,""
1a,null_contint_n1000,null,,1000,all,10000,EDGE.stk.u.G10,0.1,0.0989,0.00298527703907024,,,0,0.0989,""
1a,null_contint_n1000,null,,1000,all,10000,EDGE.stk.sc.G10,0.01,0.0096,0.000975081535052326,,,0,0.0096,""
1a,null_contint_n1000,null,,1000,all,10000,EDGE.stk.sc.G10,0.05,0.0489,0.00215658966889856,,,0,0.0489,""
1a,null_contint_n1000,null,,1000,all,10000,EDGE.stk.sc.G10,0.1,0.0987,0.00298258797020306,,,0,0.0987,""
1a,null_contint_n1000,null,,1000,all,10000,EDGE.sym.u.G10,0.01,0.0086,0.000923365583070974,,,0,0.0086,""
1a,null_contint_n1000,null,,1000,all,10000,EDGE.sym.u.G10,0.05,0.0482,0.00214188608473934,,,0,0.0482,""
1a,null_contint_n1000,null,,1000,all,10000,EDGE.sym.u.G10,0.1,0.1017,0.00302253387077796,,,0,0.1017,""
1a,null_contint_n1000,null,,1000,all,10000,EDGE.sym.sc.G10,0.01,0.0098,0.000985086798206128,,,0,0.0098,""
1a,null_contint_n1000,null,,1000,all,10000,EDGE.sym.sc.G10,0.05,0.0498,0.00217531514958178,,,0,0.0498,""
1a,null_contint_n1000,null,,1000,all,10000,EDGE.sym.sc.G10,0.1,0.099,0.00298662016332844,,,0,0.099,""
1a,null_contint_n1000,null,,1000,all,10000,EDGE.poly3.u.Grule,0.01,0.0101,0.000999899494949367,,,0,0.0101,""
1a,null_contint_n1000,null,,1000,all,10000,EDGE.poly3.u.Grule,0.05,0.0497,0.00217324434889407,,,0,0.0497,""
1a,null_contint_n1000,null,,1000,all,10000,EDGE.poly3.u.Grule,0.1,0.0991,0.00298796234916038,,,0,0.0991,""
1a,null_contint_n1000,null,,1000,all,10000,EDGE.poly3.sc.Grule,0.01,0.0102,0.00100478654449589,,,0,0.0102,""
1a,null_contint_n1000,null,,1000,all,10000,EDGE.poly3.sc.Grule,0.05,0.0485,0.00214820273717357,,,0,0.0485,""
1a,null_contint_n1000,null,,1000,all,10000,EDGE.poly3.sc.Grule,0.1,0.0969,0.00295821550939075,,,0,0.0969,""
1a,null_contint_n1000,null,,1000,all,10000,EDGE.poly2.u.Grule,0.01,0.0096,0.000975081535052326,,,0,0.0096,""
1a,null_contint_n1000,null,,1000,all,10000,EDGE.poly2.u.Grule,0.05,0.0486,0.00215030323442997,,,0,0.0486,""
1a,null_contint_n1000,null,,1000,all,10000,EDGE.poly2.u.Grule,0.1,0.1038,0.00305000918031405,,,0,0.1038,""
1a,null_contint_n1000,null,,1000,all,10000,EDGE.poly2.sc.Grule,0.01,0.0098,0.000985086798206128,,,0,0.0098,""
1a,null_contint_n1000,null,,1000,all,10000,EDGE.poly2.sc.Grule,0.05,0.0495,0.00216909543358516,,,0,0.0495,""
1a,null_contint_n1000,null,,1000,all,10000,EDGE.poly2.sc.Grule,0.1,0.1003,0.00300399583887861,,,0,0.1003,""
1a,null_contint_n1000,null,,1000,all,10000,EDGE.stk.u.Grule,0.01,0.0106,0.00102409179276079,,,0,0.0106,""
1a,null_contint_n1000,null,,1000,all,10000,EDGE.stk.u.Grule,0.05,0.0489,0.00215658966889856,,,0,0.0489,""
1a,null_contint_n1000,null,,1000,all,10000,EDGE.stk.u.Grule,0.1,0.099,0.00298662016332844,,,0,0.099,""
1a,null_contint_n1000,null,,1000,all,10000,EDGE.stk.sc.Grule,0.01,0.0115,0.00106619651096784,,,0,0.0115,""
1a,null_contint_n1000,null,,1000,all,10000,EDGE.stk.sc.Grule,0.05,0.0484,0.00214609971809327,,,0,0.0484,""
1a,null_contint_n1000,null,,1000,all,10000,EDGE.stk.sc.Grule,0.1,0.0975,0.00296637404923924,,,0,0.0975,""
1a,null_contint_n1000,null,,1000,all,10000,EDGE.sym.u.Grule,0.01,0.0103,0.00100964894889263,,,0,0.0103,""
1a,null_contint_n1000,null,,1000,all,10000,EDGE.sym.u.Grule,0.05,0.0496,0.00217117111255654,,,0,0.0496,""
1a,null_contint_n1000,null,,1000,all,10000,EDGE.sym.u.Grule,0.1,0.1006,0.00300798337761365,,,0,0.1006,""
1a,null_contint_n1000,null,,1000,all,10000,EDGE.sym.sc.Grule,0.01,0.0097,0.000980097444135021,,,0,0.0097,""
1a,null_contint_n1000,null,,1000,all,10000,EDGE.sym.sc.Grule,0.05,0.0515,0.00221015270965605,,,0,0.0515,""
1a,null_contint_n1000,null,,1000,all,10000,EDGE.sym.sc.Grule,0.1,0.1011,0.00301461092016864,,,0,0.1011,""
1a,null_contint_n1000,null,,1000,all,10000,HL.G10,0.01,0.0077,0.000874111548945557,,,0,0.0077,""
1a,null_contint_n1000,null,,1000,all,10000,HL.G10,0.05,0.0459,0.00209268225012781,,,0,0.0459,""
1a,null_contint_n1000,null,,1000,all,10000,HL.G10,0.1,0.0945,0.00292523076012816,,,0,0.0945,""
1a,null_contint_n1000,null,,1000,all,10000,HL.Grule,0.01,0.0099,0.000990049998737437,,,0,0.0099,""
1a,null_contint_n1000,null,,1000,all,10000,HL.Grule,0.05,0.0476,0.00212918388120895,,,0,0.0476,""
1a,null_contint_n1000,null,,1000,all,10000,HL.Grule,0.1,0.0925,0.0028973047820345,,,0,0.0925,""
1a,null_contint_n1000,null,,1000,all,10000,HLF.G10,0.01,0.0077,0.000874111548945557,,,0,0.0077,""
1a,null_contint_n1000,null,,1000,all,10000,HLF.G10,0.05,0.0458,0.00209051094232965,,,0,0.0458,""
1a,null_contint_n1000,null,,1000,all,10000,HLF.G10,0.1,0.0939,0.00291689543864706,,,0,0.0939,""
1a,null_contint_n1000,null,,1000,all,10000,HLF.Grule,0.01,0.0098,0.000985086798206128,,,0,0.0098,""
1a,null_contint_n1000,null,,1000,all,10000,HLF.Grule,0.05,0.0468,0.00211210227025114,,,0,0.0468,""
1a,null_contint_n1000,null,,1000,all,10000,HLF.Grule,0.1,0.0935,0.0029113184298527,,,0,0.0935,""
1a,null_contint_n1000,null,,1000,all,10000,Stk.joint,0.01,0.0103,0.00100964894889263,,,0,0.0103,""
1a,null_contint_n1000,null,,1000,all,10000,Stk.joint,0.05,0.0497,0.00217324434889407,,,0,0.0497,""
1a,null_contint_n1000,null,,1000,all,10000,Stk.joint,0.1,0.1017,0.00302253387077796,,,0,0.1017,""
1a,null_contint_n1000,null,,1000,all,10000,Stk.LR,0.01,0.0107,0.00102885907684192,,,0,0.0107,""
1a,null_contint_n1000,null,,1000,all,10000,Stk.LR,0.05,0.0514,0.00220812227922278,,,0,0.0514,""
1a,null_contint_n1000,null,,1000,all,10000,Stk.LR,0.1,0.1029,0.00303828224495355,,,0,0.1029,""
1a,null_contint_n1000,null,,1000,all,10000,Stk.sym1,0.01,0.0106,0.00102409179276079,,,0,0.0106,""
1a,null_contint_n1000,null,,1000,all,10000,Stk.sym1,0.05,0.0529,0.00223833844625874,,,0,0.0529,""
1a,null_contint_n1000,null,,1000,all,10000,Stk.sym1,0.1,0.1004,0.00300532593906218,,,0,0.1004,""
1a,null_contint_n1000,null,,1000,all,10000,Stk.marg,0.01,0.0202,0.00140683900997946,,,0,0.0202,""
1a,null_contint_n1000,null,,1000,all,10000,Stk.marg,0.05,0.0694,0.00254133114725334,,,0,0.0694,""
1a,null_contint_n1000,null,,1000,all,10000,Stk.marg,0.1,0.1152,0.00319263151647665,,,0,0.1152,""
1a,null_contint_n1000,null,,1000,all,10000,GiViTI,0.01,0.0093,0.000959870303739,,,0,0.0093,""
1a,null_contint_n1000,null,,1000,all,10000,GiViTI,0.05,0.0503,0.0021856328602947,,,0,0.0503,""
1a,null_contint_n1000,null,,1000,all,10000,GiViTI,0.1,0.1027,0.00303566648365725,,,0,0.1027,""
1a,null_contint_n1000,null,,1000,all,10000,GiViTI.t50,0.01,0.009,0.000944404574321832,,,0,0.009,""
1a,null_contint_n1000,null,,1000,all,10000,GiViTI.t50,0.05,0.0487,0.00215240121724552,,,0,0.0487,""
1a,null_contint_n1000,null,,1000,all,10000,GiViTI.t50,0.1,0.0983,0.00297719851538321,,,0,0.0983,""
1a,null_contint_n1000,null,,1000,all,10000,Cubic.LR,0.01,0.0096,0.000975081535052326,,,0,0.0096,""
1a,null_contint_n1000,null,,1000,all,10000,Cubic.LR,0.05,0.0478,0.00213342822705616,,,0,0.0478,""
1a,null_contint_n1000,null,,1000,all,10000,Cubic.LR,0.1,0.0996,0.00299465924605789,,,0,0.0996,""
1a,null_contint_n1000,null,,1000,all,10000,HL_w,0.01,0.0102,0.00100478654449589,,,0,0.0102,""
1a,null_contint_n1000,null,,1000,all,10000,HL_w,0.05,0.047,0.00211638843315682,,,0,0.047,""
1a,null_contint_n1000,null,,1000,all,10000,HL_w,0.1,0.0919,0.00288884734799193,,,0,0.0919,""
1a,null_contint_n1000,null,,1000,all,10000,PH,0.01,0.0046,0.000676671264352196,,,0,0.0046,""
1a,null_contint_n1000,null,,1000,all,10000,PH,0.05,0.0285,0.0016639636414297,,,0,0.0285,""
1a,null_contint_n1000,null,,1000,all,10000,PH,0.1,0.0622,0.00241518446500469,,,0,0.0622,""
1a,null_contint_n1000,null,,1000,all,10000,Tsiatis,0.01,0.0102,0.00100478654449589,,,0,0.0102,""
1a,null_contint_n1000,null,,1000,all,10000,Tsiatis,0.05,0.0488,0.00215449669296567,,,0,0.0488,""
1a,null_contint_n1000,null,,1000,all,10000,Tsiatis,0.1,0.103,0.00303958878797774,,,0,0.103,""
1a,null_contint_n1000,null,,1000,all,10000,Xie,0.01,0.0045,0.000669309345519693,,,0,0.0045,""
1a,null_contint_n1000,null,,1000,all,10000,Xie,0.05,0.026,0.00159135162676261,,,0,0.026,""
1a,null_contint_n1000,null,,1000,all,10000,Xie,0.1,0.0585,0.00234686493007161,,,0,0.0585,""
1a,null_contint_n1000,null,,1000,all,10000,PR,0.01,0,0,,,1,,no p-value in any replicate
1a,null_contint_n1000,null,,1000,all,10000,PR,0.05,0,0,,,1,,no p-value in any replicate
1a,null_contint_n1000,null,,1000,all,10000,PR,0.1,0,0,,,1,,no p-value in any replicate
1a,null_link_n1000,null,,1000,all,10000,flag.evlt.G10,,0,,,,0,,flag rate: share of replicates with the flag = 1
1a,null_link_n1000,null,,1000,all,10000,flag.evlt.Grule,,0,,,,0,,flag rate: share of replicates with the flag = 1
1a,null_link_n1000,null,,1000,all,10000,flag.evlt.G6,,0,,,,0,,flag rate: share of replicates with the flag = 1
1a,null_link_n1000,null,,1000,all,10000,flag.evlt.G8,,0,,,,0,,flag rate: share of replicates with the flag = 1
1a,null_link_n1000,null,,1000,all,10000,flag.evlt.G12,,0,,,,0,,flag rate: share of replicates with the flag = 1
1a,null_link_n1000,null,,1000,all,10000,flag.evlt.G14,,0,,,,0,,flag rate: share of replicates with the flag = 1
1a,null_link_n1000,null,,1000,all,10000,flag.evlt.G20,,0,,,,0,,flag rate: share of replicates with the flag = 1
1a,null_link_n1000,null,,1000,all,10000,flag.stk_half0,,0,,,,0,,flag rate: share of replicates with the flag = 1
1a,null_link_n1000,null,,1000,all,10000,flag.stk_diag,,0,,,,0,,flag rate: share of replicates with the flag = 1
1a,null_link_n1000,null,,1000,all,10000,flag.rivals_run,,1,,,,0,,flag rate: share of replicates with the flag = 1
1a,null_link_n1000,null,,1000,all,10000,flag.degenerate,,0,,,,0,,flag rate: share of replicates with the flag = 1
1a,null_link_n1000,null,,1000,all,10000,flag.info_guard,,0,,,,0,,flag rate: share of replicates with the flag = 1
1a,null_link_n1000,null,,1000,all,10000,flag.rep_error,,0,,,,0,,flag rate: share of replicates with the flag = 1
1a,null_link_n1000,null,,1000,all,10000,EDGE.poly3.u.G10,0.01,0.0107,0.00102885907684192,,,0,0.0107,""
1a,null_link_n1000,null,,1000,all,10000,EDGE.poly3.u.G10,0.05,0.0544,0.00226805290943576,,,0,0.0544,""
1a,null_link_n1000,null,,1000,all,10000,EDGE.poly3.u.G10,0.1,0.1072,0.00309367354450983,,,0,0.1072,""
1a,null_link_n1000,null,,1000,all,10000,EDGE.poly3.sc.G10,0.01,0.0099,0.000990049998737437,,,0,0.0099,""
1a,null_link_n1000,null,,1000,all,10000,EDGE.poly3.sc.G10,0.05,0.0549,0.00227784964385273,,,0,0.0549,""
1a,null_link_n1000,null,,1000,all,10000,EDGE.poly3.sc.G10,0.1,0.1033,0.00304350308033358,,,0,0.1033,""
1a,null_link_n1000,null,,1000,all,10000,EDGE.poly2.u.G10,0.01,0.012,0.0010888526071053,,,0,0.012,""
1a,null_link_n1000,null,,1000,all,10000,EDGE.poly2.u.G10,0.05,0.0548,0.0022758945494025,,,0,0.0548,""
1a,null_link_n1000,null,,1000,all,10000,EDGE.poly2.u.G10,0.1,0.1037,0.00304870972708128,,,0,0.1037,""
1a,null_link_n1000,null,,1000,all,10000,EDGE.poly2.sc.G10,0.01,0.0114,0.00106160444610976,,,0,0.0114,""
1a,null_link_n1000,null,,1000,all,10000,EDGE.poly2.sc.G10,0.05,0.0532,0.00224432083267968,,,0,0.0532,""
1a,null_link_n1000,null,,1000,all,10000,EDGE.poly2.sc.G10,0.1,0.1042,0.00305519819324377,,,0,0.1042,""
1a,null_link_n1000,null,,1000,all,10000,EDGE.stk.u.G10,0.01,0.011,0.00104302444841912,,,0,0.011,""
1a,null_link_n1000,null,,1000,all,10000,EDGE.stk.u.G10,0.05,0.053,0.00224033479640879,,,0,0.053,""
1a,null_link_n1000,null,,1000,all,10000,EDGE.stk.u.G10,0.1,0.1013,0.00301725554105051,,,0,0.1013,""
1a,null_link_n1000,null,,1000,all,10000,EDGE.stk.sc.G10,0.01,0.0103,0.00100964894889263,,,0,0.0103,""
1a,null_link_n1000,null,,1000,all,10000,EDGE.stk.sc.G10,0.05,0.0548,0.0022758945494025,,,0,0.0548,""
1a,null_link_n1000,null,,1000,all,10000,EDGE.stk.sc.G10,0.1,0.1057,0.00307453264741164,,,0,0.1057,""
1a,null_link_n1000,null,,1000,all,10000,EDGE.sym.u.G10,0.01,0.0121,0.00109332474590124,,,0,0.0121,""
1a,null_link_n1000,null,,1000,all,10000,EDGE.sym.u.G10,0.05,0.0521,0.00222228688517032,,,0,0.0521,""
1a,null_link_n1000,null,,1000,all,10000,EDGE.sym.u.G10,0.1,0.1019,0.00302516759866292,,,0,0.1019,""
1a,null_link_n1000,null,,1000,all,10000,EDGE.sym.sc.G10,0.01,0.0129,0.00112843209809009,,,0,0.0129,""
1a,null_link_n1000,null,,1000,all,10000,EDGE.sym.sc.G10,0.05,0.0537,0.00225424732449658,,,0,0.0537,""
1a,null_link_n1000,null,,1000,all,10000,EDGE.sym.sc.G10,0.1,0.0985,0.00297989513238302,,,0,0.0985,""
1a,null_link_n1000,null,,1000,all,10000,EDGE.poly3.u.Grule,0.01,0.0106,0.00102409179276079,,,0,0.0106,""
1a,null_link_n1000,null,,1000,all,10000,EDGE.poly3.u.Grule,0.05,0.0523,0.00222631332026739,,,0,0.0523,""
1a,null_link_n1000,null,,1000,all,10000,EDGE.poly3.u.Grule,0.1,0.104,0.00305260544453423,,,0,0.104,""
1a,null_link_n1000,null,,1000,all,10000,EDGE.poly3.sc.Grule,0.01,0.0112,0.00105235735375394,,,0,0.0112,""
1a,null_link_n1000,null,,1000,all,10000,EDGE.poly3.sc.Grule,0.05,0.0571,0.00232033596705305,,,0,0.0571,""
1a,null_link_n1000,null,,1000,all,10000,EDGE.poly3.sc.Grule,0.1,0.1058,0.00307581468882636,,,0,0.1058,""
1a,null_link_n1000,null,,1000,all,10000,EDGE.poly2.u.Grule,0.01,0.0109,0.00103832509360027,,,0,0.0109,""
1a,null_link_n1000,null,,1000,all,10000,EDGE.poly2.u.Grule,0.05,0.0544,0.00226805290943576,,,0,0.0544,""
1a,null_link_n1000,null,,1000,all,10000,EDGE.poly2.u.Grule,0.1,0.1039,0.00305130775242354,,,0,0.1039,""
1a,null_link_n1000,null,,1000,all,10000,EDGE.poly2.sc.Grule,0.01,0.0116,0.00107076794871718,,,0,0.0116,""
1a,null_link_n1000,null,,1000,all,10000,EDGE.poly2.sc.Grule,0.05,0.0522,0.00222430123859157,,,0,0.0522,""
1a,null_link_n1000,null,,1000,all,10000,EDGE.poly2.sc.Grule,0.1,0.1064,0.00308348893301079,,,0,0.1064,""
1a,null_link_n1000,null,,1000,all,10000,EDGE.stk.u.Grule,0.01,0.0108,0.00103360340556715,,,0,0.0108,""
1a,null_link_n1000,null,,1000,all,10000,EDGE.stk.u.Grule,0.05,0.0514,0.00220812227922278,,,0,0.0514,""
1a,null_link_n1000,null,,1000,all,10000,EDGE.stk.u.Grule,0.1,0.102,0.00302648310750283,,,0,0.102,""
1a,null_link_n1000,null,,1000,all,10000,EDGE.stk.sc.Grule,0.01,0.0115,0.00106619651096784,,,0,0.0115,""
1a,null_link_n1000,null,,1000,all,10000,EDGE.stk.sc.Grule,0.05,0.0538,0.00225622605250449,,,0,0.0538,""
1a,null_link_n1000,null,,1000,all,10000,EDGE.stk.sc.Grule,0.1,0.1041,0.00305390225776792,,,0,0.1041,""
1a,null_link_n1000,null,,1000,all,10000,EDGE.sym.u.Grule,0.01,0.011,0.00104302444841912,,,0,0.011,""
1a,null_link_n1000,null,,1000,all,10000,EDGE.sym.u.Grule,0.05,0.0501,0.00218151300706643,,,0,0.0501,""
1a,null_link_n1000,null,,1000,all,10000,EDGE.sym.u.Grule,0.1,0.1019,0.00302516759866292,,,0,0.1019,""
1a,null_link_n1000,null,,1000,all,10000,EDGE.sym.sc.Grule,0.01,0.0121,0.00109332474590124,,,0,0.0121,""
1a,null_link_n1000,null,,1000,all,10000,EDGE.sym.sc.Grule,0.05,0.0499,0.00217738352156895,,,0,0.0499,""
1a,null_link_n1000,null,,1000,all,10000,EDGE.sym.sc.Grule,0.1,0.1034,0.00304480606935811,,,0,0.1034,""
1a,null_link_n1000,null,,1000,all,10000,EDGE.poly3.u.G6,0.01,0.0103,0.00100964894889263,,,0,0.0103,""
1a,null_link_n1000,null,,1000,all,10000,EDGE.poly3.u.G6,0.05,0.054,0.00226017698422048,,,0,0.054,""
1a,null_link_n1000,null,,1000,all,10000,EDGE.poly3.u.G6,0.1,0.1056,0.00307324974579028,,,0,0.1056,""
1a,null_link_n1000,null,,1000,all,10000,EDGE.poly3.sc.G6,0.01,0.0112,0.00105235735375394,,,0,0.0112,""
1a,null_link_n1000,null,,1000,all,10000,EDGE.poly3.sc.G6,0.05,0.054,0.00226017698422048,,,0,0.054,""
1a,null_link_n1000,null,,1000,all,10000,EDGE.poly3.sc.G6,0.1,0.1044,0.00305778743538527,,,0,0.1044,""
1a,null_link_n1000,null,,1000,all,10000,EDGE.poly2.u.G6,0.01,0.0126,0.00111540306616039,,,0,0.0126,""
1a,null_link_n1000,null,,1000,all,10000,EDGE.poly2.u.G6,0.05,0.0528,0.00223633986683599,,,0,0.0528,""
1a,null_link_n1000,null,,1000,all,10000,EDGE.poly2.u.G6,0.1,0.1056,0.00307324974579028,,,0,0.1056,""
1a,null_link_n1000,null,,1000,all,10000,EDGE.poly2.sc.G6,0.01,0.0123,0.00110221186711086,,,0,0.0123,""
1a,null_link_n1000,null,,1000,all,10000,EDGE.poly2.sc.G6,0.05,0.0538,0.00225622605250449,,,0,0.0538,""
1a,null_link_n1000,null,,1000,all,10000,EDGE.poly2.sc.G6,0.1,0.1064,0.00308348893301079,,,0,0.1064,""
1a,null_link_n1000,null,,1000,all,10000,EDGE.stk.u.G6,0.01,0.0103,0.00100964894889263,,,0,0.0103,""
1a,null_link_n1000,null,,1000,all,10000,EDGE.stk.u.G6,0.05,0.0494,0.0021670173049609,,,0,0.0494,""
1a,null_link_n1000,null,,1000,all,10000,EDGE.stk.u.G6,0.1,0.0982,0.00297584878648093,,,0,0.0982,""
1a,null_link_n1000,null,,1000,all,10000,EDGE.stk.sc.G6,0.01,0.011,0.00104302444841912,,,0,0.011,""
1a,null_link_n1000,null,,1000,all,10000,EDGE.stk.sc.G6,0.05,0.0532,0.00224432083267968,,,0,0.0532,""
1a,null_link_n1000,null,,1000,all,10000,EDGE.stk.sc.G6,0.1,0.1056,0.00307324974579028,,,0,0.1056,""
1a,null_link_n1000,null,,1000,all,10000,EDGE.sym.u.G6,0.01,0.0106,0.00102409179276079,,,0,0.0106,""
1a,null_link_n1000,null,,1000,all,10000,EDGE.sym.u.G6,0.05,0.0507,0.00219384388687983,,,0,0.0507,""
1a,null_link_n1000,null,,1000,all,10000,EDGE.sym.u.G6,0.1,0.0968,0.00295685238048841,,,0,0.0968,""
1a,null_link_n1000,null,,1000,all,10000,EDGE.sym.sc.G6,0.01,0.0096,0.000975081535052326,,,0,0.0096,""
1a,null_link_n1000,null,,1000,all,10000,EDGE.sym.sc.G6,0.05,0.0502,0.00218357413430366,,,0,0.0502,""
1a,null_link_n1000,null,,1000,all,10000,EDGE.sym.sc.G6,0.1,0.098,0.00297314648142334,,,0,0.098,""
1a,null_link_n1000,null,,1000,all,10000,EDGE.poly3.u.G8,0.01,0.0093,0.000959870303739,,,0,0.0093,""
1a,null_link_n1000,null,,1000,all,10000,EDGE.poly3.u.G8,0.05,0.0537,0.00225424732449658,,,0,0.0537,""
1a,null_link_n1000,null,,1000,all,10000,EDGE.poly3.u.G8,0.1,0.1049,0.00306424525780819,,,0,0.1049,""
1a,null_link_n1000,null,,1000,all,10000,EDGE.poly3.sc.G8,0.01,0.0107,0.00102885907684192,,,0,0.0107,""
1a,null_link_n1000,null,,1000,all,10000,EDGE.poly3.sc.G8,0.05,0.0495,0.00216909543358516,,,0,0.0495,""
1a,null_link_n1000,null,,1000,all,10000,EDGE.poly3.sc.G8,0.1,0.1044,0.00305778743538527,,,0,0.1044,""
1a,null_link_n1000,null,,1000,all,10000,EDGE.poly2.u.G8,0.01,0.0108,0.00103360340556715,,,0,0.0108,""
1a,null_link_n1000,null,,1000,all,10000,EDGE.poly2.u.G8,0.05,0.0532,0.00224432083267968,,,0,0.0532,""
1a,null_link_n1000,null,,1000,all,10000,EDGE.poly2.u.G8,0.1,0.1031,0.00304089444078547,,,0,0.1031,""
1a,null_link_n1000,null,,1000,all,10000,EDGE.poly2.sc.G8,0.01,0.0107,0.00102885907684192,,,0,0.0107,""
1a,null_link_n1000,null,,1000,all,10000,EDGE.poly2.sc.G8,0.05,0.0518,0.00221623013245466,,,0,0.0518,""
1a,null_link_n1000,null,,1000,all,10000,EDGE.poly2.sc.G8,0.1,0.1043,0.00305649325207827,,,0,0.1043,""
1a,null_link_n1000,null,,1000,all,10000,EDGE.stk.u.G8,0.01,0.0101,0.000999899494949367,,,0,0.0101,""
1a,null_link_n1000,null,,1000,all,10000,EDGE.stk.u.G8,0.05,0.0489,0.00215658966889856,,,0,0.0489,""
1a,null_link_n1000,null,,1000,all,10000,EDGE.stk.u.G8,0.1,0.1026,0.00303435726307895,,,0,0.1026,""
1a,null_link_n1000,null,,1000,all,10000,EDGE.stk.sc.G8,0.01,0.011,0.00104302444841912,,,0,0.011,""
1a,null_link_n1000,null,,1000,all,10000,EDGE.stk.sc.G8,0.05,0.0499,0.00217738352156895,,,0,0.0499,""
1a,null_link_n1000,null,,1000,all,10000,EDGE.stk.sc.G8,0.1,0.105,0.00306553421119387,,,0,0.105,""
1a,null_link_n1000,null,,1000,all,10000,EDGE.sym.u.G8,0.01,0.0105,0.00101930123123638,,,0,0.0105,""
1a,null_link_n1000,null,,1000,all,10000,EDGE.sym.u.G8,0.05,0.0488,0.00215449669296567,,,0,0.0488,""
1a,null_link_n1000,null,,1000,all,10000,EDGE.sym.u.G8,0.1,0.1011,0.00301461092016864,,,0,0.1011,""
1a,null_link_n1000,null,,1000,all,10000,EDGE.sym.sc.G8,0.01,0.0106,0.00102409179276079,,,0,0.0106,""
1a,null_link_n1000,null,,1000,all,10000,EDGE.sym.sc.G8,0.05,0.0482,0.00214188608473934,,,0,0.0482,""
1a,null_link_n1000,null,,1000,all,10000,EDGE.sym.sc.G8,0.1,0.0986,0.00298124202305012,,,0,0.0986,""
1a,null_link_n1000,null,,1000,all,10000,EDGE.poly3.u.G12,0.01,0.0112,0.00105235735375394,,,0,0.0112,""
1a,null_link_n1000,null,,1000,all,10000,EDGE.poly3.u.G12,0.05,0.0539,0.00225820260384227,,,0,0.0539,""
1a,null_link_n1000,null,,1000,all,10000,EDGE.poly3.u.G12,0.1,0.1047,0.00306166474324019,,,0,0.1047,""
1a,null_link_n1000,null,,1000,all,10000,EDGE.poly3.sc.G12,0.01,0.0109,0.00103832509360027,,,0,0.0109,""
1a,null_link_n1000,null,,1000,all,10000,EDGE.poly3.sc.G12,0.05,0.0547,0.00227393733422889,,,0,0.0547,""
1a,null_link_n1000,null,,1000,all,10000,EDGE.poly3.sc.G12,0.1,0.1042,0.00305519819324377,,,0,0.1042,""
1a,null_link_n1000,null,,1000,all,10000,EDGE.poly2.u.G12,0.01,0.0123,0.00110221186711086,,,0,0.0123,""
1a,null_link_n1000,null,,1000,all,10000,EDGE.poly2.u.G12,0.05,0.0542,0.00226411925480969,,,0,0.0542,""
1a,null_link_n1000,null,,1000,all,10000,EDGE.poly2.u.G12,0.1,0.1041,0.00305390225776792,,,0,0.1041,""
1a,null_link_n1000,null,,1000,all,10000,EDGE.poly2.sc.G12,0.01,0.0098,0.000985086798206128,,,0,0.0098,""
1a,null_link_n1000,null,,1000,all,10000,EDGE.poly2.sc.G12,0.05,0.0527,0.00223433905215838,,,0,0.0527,""
1a,null_link_n1000,null,,1000,all,10000,EDGE.poly2.sc.G12,0.1,0.1053,0.00306939586889668,,,0,0.1053,""
1a,null_link_n1000,null,,1000,all,10000,EDGE.stk.u.G12,0.01,0.0132,0.00114130451677017,,,0,0.0132,""
1a,null_link_n1000,null,,1000,all,10000,EDGE.stk.u.G12,0.05,0.0547,0.00227393733422889,,,0,0.0547,""
1a,null_link_n1000,null,,1000,all,10000,EDGE.stk.u.G12,0.1,0.1003,0.00300399583887861,,,0,0.1003,""
1a,null_link_n1000,null,,1000,all,10000,EDGE.stk.sc.G12,0.01,0.0113,0.00105699148530156,,,0,0.0113,""
1a,null_link_n1000,null,,1000,all,10000,EDGE.stk.sc.G12,0.05,0.0535,0.00225028331549607,,,0,0.0535,""
1a,null_link_n1000,null,,1000,all,10000,EDGE.stk.sc.G12,0.1,0.1048,0.00306295543552302,,,0,0.1048,""
1a,null_link_n1000,null,,1000,all,10000,EDGE.sym.u.G12,0.01,0.0135,0.0011540255629751,,,0,0.0135,""
1a,null_link_n1000,null,,1000,all,10000,EDGE.sym.u.G12,0.05,0.0544,0.00226805290943576,,,0,0.0544,""
1a,null_link_n1000,null,,1000,all,10000,EDGE.sym.u.G12,0.1,0.1026,0.00303435726307895,,,0,0.1026,""
1a,null_link_n1000,null,,1000,all,10000,EDGE.sym.sc.G12,0.01,0.013,0.00113274004078606,,,0,0.013,""
1a,null_link_n1000,null,,1000,all,10000,EDGE.sym.sc.G12,0.05,0.0534,0.0022482980229498,,,0,0.0534,""
1a,null_link_n1000,null,,1000,all,10000,EDGE.sym.sc.G12,0.1,0.1011,0.00301461092016864,,,0,0.1011,""
1a,null_link_n1000,null,,1000,all,10000,EDGE.poly3.u.G14,0.01,0.01,0.00099498743710662,,,0,0.01,""
1a,null_link_n1000,null,,1000,all,10000,EDGE.poly3.u.G14,0.05,0.0547,0.00227393733422889,,,0,0.0547,""
1a,null_link_n1000,null,,1000,all,10000,EDGE.poly3.u.G14,0.1,0.104,0.00305260544453423,,,0,0.104,""
1a,null_link_n1000,null,,1000,all,10000,EDGE.poly3.sc.G14,0.01,0.0106,0.00102409179276079,,,0,0.0106,""
1a,null_link_n1000,null,,1000,all,10000,EDGE.poly3.sc.G14,0.05,0.0514,0.00220812227922278,,,0,0.0514,""
1a,null_link_n1000,null,,1000,all,10000,EDGE.poly3.sc.G14,0.1,0.1023,0.00303042422772786,,,0,0.1023,""
1a,null_link_n1000,null,,1000,all,10000,EDGE.poly2.u.G14,0.01,0.0116,0.00107076794871718,,,0,0.0116,""
1a,null_link_n1000,null,,1000,all,10000,EDGE.poly2.u.G14,0.05,0.0524,0.00222832313635164,,,0,0.0524,""
1a,null_link_n1000,null,,1000,all,10000,EDGE.poly2.u.G14,0.1,0.1032,0.00304219920452294,,,0,0.1032,""
1a,null_link_n1000,null,,1000,all,10000,EDGE.poly2.sc.G14,0.01,0.01,0.00099498743710662,,,0,0.01,""
1a,null_link_n1000,null,,1000,all,10000,EDGE.poly2.sc.G14,0.05,0.0529,0.00223833844625874,,,0,0.0529,""
1a,null_link_n1000,null,,1000,all,10000,EDGE.poly2.sc.G14,0.1,0.1017,0.00302253387077796,,,0,0.1017,""
1a,null_link_n1000,null,,1000,all,10000,EDGE.stk.u.G14,0.01,0.0119,0.00108436110221642,,,0,0.0119,""
1a,null_link_n1000,null,,1000,all,10000,EDGE.stk.u.G14,0.05,0.0521,0.00222228688517032,,,0,0.0521,""
1a,null_link_n1000,null,,1000,all,10000,EDGE.stk.u.G14,0.1,0.1008,0.00301063714186881,,,0,0.1008,""
1a,null_link_n1000,null,,1000,all,10000,EDGE.stk.sc.G14,0.01,0.0104,0.00101448706250992,,,0,0.0104,""
1a,null_link_n1000,null,,1000,all,10000,EDGE.stk.sc.G14,0.05,0.0524,0.00222832313635164,,,0,0.0524,""
1a,null_link_n1000,null,,1000,all,10000,EDGE.stk.sc.G14,0.1,0.1007,0.00300931071842042,,,0,0.1007,""
1a,null_link_n1000,null,,1000,all,10000,EDGE.sym.u.G14,0.01,0.0106,0.00102409179276079,,,0,0.0106,""
1a,null_link_n1000,null,,1000,all,10000,EDGE.sym.u.G14,0.05,0.0513,0.00220608952674183,,,0,0.0513,""
1a,null_link_n1000,null,,1000,all,10000,EDGE.sym.u.G14,0.1,0.1058,0.00307581468882636,,,0,0.1058,""
1a,null_link_n1000,null,,1000,all,10000,EDGE.sym.sc.G14,0.01,0.0102,0.00100478654449589,,,0,0.0102,""
1a,null_link_n1000,null,,1000,all,10000,EDGE.sym.sc.G14,0.05,0.0513,0.00220608952674183,,,0,0.0513,""
1a,null_link_n1000,null,,1000,all,10000,EDGE.sym.sc.G14,0.1,0.1035,0.00304610817273451,,,0,0.1035,""
1a,null_link_n1000,null,,1000,all,10000,EDGE.poly3.u.G20,0.01,0.0114,0.00106160444610976,,,0,0.0114,""
1a,null_link_n1000,null,,1000,all,10000,EDGE.poly3.u.G20,0.05,0.0524,0.00222832313635164,,,0,0.0524,""
1a,null_link_n1000,null,,1000,all,10000,EDGE.poly3.u.G20,0.1,0.1045,0.00305908074427597,,,0,0.1045,""
1a,null_link_n1000,null,,1000,all,10000,EDGE.poly3.sc.G20,0.01,0.0107,0.00102885907684192,,,0,0.0107,""
1a,null_link_n1000,null,,1000,all,10000,EDGE.poly3.sc.G20,0.05,0.0514,0.00220812227922278,,,0,0.0514,""
1a,null_link_n1000,null,,1000,all,10000,EDGE.poly3.sc.G20,0.1,0.1026,0.00303435726307895,,,0,0.1026,""
1a,null_link_n1000,null,,1000,all,10000,EDGE.poly2.u.G20,0.01,0.0115,0.00106619651096784,,,0,0.0115,""
1a,null_link_n1000,null,,1000,all,10000,EDGE.poly2.u.G20,0.05,0.0553,0.00228564892317259,,,0,0.0553,""
1a,null_link_n1000,null,,1000,all,10000,EDGE.poly2.u.G20,0.1,0.1026,0.00303435726307895,,,0,0.1026,""
1a,null_link_n1000,null,,1000,all,10000,EDGE.poly2.sc.G20,0.01,0.0107,0.00102885907684192,,,0,0.0107,""
1a,null_link_n1000,null,,1000,all,10000,EDGE.poly2.sc.G20,0.05,0.0519,0.00221825133832936,,,0,0.0519,""
1a,null_link_n1000,null,,1000,all,10000,EDGE.poly2.sc.G20,0.1,0.1068,0.00308858802691456,,,0,0.1068,""
1a,null_link_n1000,null,,1000,all,10000,EDGE.stk.u.G20,0.01,0.0125,0.00111102430216445,,,0,0.0125,""
1a,null_link_n1000,null,,1000,all,10000,EDGE.stk.u.G20,0.05,0.0512,0.00220405444578849,,,0,0.0512,""
1a,null_link_n1000,null,,1000,all,10000,EDGE.stk.u.G20,0.1,0.0995,0.00299332173345934,,,0,0.0995,""
1a,null_link_n1000,null,,1000,all,10000,EDGE.stk.sc.G20,0.01,0.0115,0.00106619651096784,,,0,0.0115,""
1a,null_link_n1000,null,,1000,all,10000,EDGE.stk.sc.G20,0.05,0.0513,0.00220608952674183,,,0,0.0513,""
1a,null_link_n1000,null,,1000,all,10000,EDGE.stk.sc.G20,0.1,0.1028,0.00303697481056396,,,0,0.1028,""
1a,null_link_n1000,null,,1000,all,10000,EDGE.sym.u.G20,0.01,0.0117,0.00107531902243009,,,0,0.0117,""
1a,null_link_n1000,null,,1000,all,10000,EDGE.sym.u.G20,0.05,0.05,0.00217944947177034,,,0,0.05,""
1a,null_link_n1000,null,,1000,all,10000,EDGE.sym.u.G20,0.1,0.1003,0.00300399583887861,,,0,0.1003,""
1a,null_link_n1000,null,,1000,all,10000,EDGE.sym.sc.G20,0.01,0.0115,0.00106619651096784,,,0,0.0115,""
1a,null_link_n1000,null,,1000,all,10000,EDGE.sym.sc.G20,0.05,0.0507,0.00219384388687983,,,0,0.0507,""
1a,null_link_n1000,null,,1000,all,10000,EDGE.sym.sc.G20,0.1,0.1018,0.00302385118681459,,,0,0.1018,""
1a,null_link_n1000,null,,1000,all,10000,HL.G10,0.01,0.009,0.000944404574321832,,,0,0.009,""
1a,null_link_n1000,null,,1000,all,10000,HL.G10,0.05,0.0523,0.00222631332026739,,,0,0.0523,""
1a,null_link_n1000,null,,1000,all,10000,HL.G10,0.1,0.0991,0.00298796234916038,,,0,0.0991,""
1a,null_link_n1000,null,,1000,all,10000,HL.Grule,0.01,0.0077,0.000874111548945557,,,0,0.0077,""
1a,null_link_n1000,null,,1000,all,10000,HL.Grule,0.05,0.0485,0.00214820273717357,,,0,0.0485,""
1a,null_link_n1000,null,,1000,all,10000,HL.Grule,0.1,0.1001,0.003001332870576,,,0,0.1001,""
1a,null_link_n1000,null,,1000,all,10000,HL.G6,0.01,0.0104,0.00101448706250992,,,0,0.0104,""
1a,null_link_n1000,null,,1000,all,10000,HL.G6,0.05,0.0485,0.00214820273717357,,,0,0.0485,""
1a,null_link_n1000,null,,1000,all,10000,HL.G6,0.1,0.0974,0.00296501669472534,,,0,0.0974,""
1a,null_link_n1000,null,,1000,all,10000,HL.G8,0.01,0.0097,0.000980097444135021,,,0,0.0097,""
1a,null_link_n1000,null,,1000,all,10000,HL.G8,0.05,0.0481,0.00213977545550929,,,0,0.0481,""
1a,null_link_n1000,null,,1000,all,10000,HL.G8,0.1,0.0958,0.00294316768125773,,,0,0.0958,""
1a,null_link_n1000,null,,1000,all,10000,HL.G12,0.01,0.0087,0.000928671631956097,,,0,0.0087,""
1a,null_link_n1000,null,,1000,all,10000,HL.G12,0.05,0.049,0.0021586801523153,,,0,0.049,""
1a,null_link_n1000,null,,1000,all,10000,HL.G12,0.1,0.0967,0.002955488284531,,,0,0.0967,""
1a,null_link_n1000,null,,1000,all,10000,HL.G14,0.01,0.0092,0.000954743944730732,,,0,0.0092,""
1a,null_link_n1000,null,,1000,all,10000,HL.G14,0.05,0.0464,0.00210349803898173,,,0,0.0464,""
1a,null_link_n1000,null,,1000,all,10000,HL.G14,0.1,0.0965,0.00295275718608896,,,0,0.0965,""
1a,null_link_n1000,null,,1000,all,10000,HL.G20,0.01,0.0083,0.000907254650029417,,,0,0.0083,""
1a,null_link_n1000,null,,1000,all,10000,HL.G20,0.05,0.0506,0.00219179469841498,,,0,0.0506,""
1a,null_link_n1000,null,,1000,all,10000,HL.G20,0.1,0.1004,0.00300532593906218,,,0,0.1004,""
1a,null_link_n1000,null,,1000,all,10000,HLF.G10,0.01,0.0088,0.000933946465275178,,,0,0.0088,""
1a,null_link_n1000,null,,1000,all,10000,HLF.G10,0.05,0.0525,0.00223033069296909,,,0,0.0525,""
1a,null_link_n1000,null,,1000,all,10000,HLF.G10,0.1,0.1003,0.00300399583887861,,,0,0.1003,""
1a,null_link_n1000,null,,1000,all,10000,HLF.Grule,0.01,0.0076,0.0008684607072286,,,0,0.0076,""
1a,null_link_n1000,null,,1000,all,10000,HLF.Grule,0.05,0.0475,0.00212705782714058,,,0,0.0475,""
1a,null_link_n1000,null,,1000,all,10000,HLF.Grule,0.1,0.1006,0.00300798337761365,,,0,0.1006,""
1a,null_link_n1000,null,,1000,all,10000,HLF.G6,0.01,0.0101,0.000999899494949367,,,0,0.0101,""
1a,null_link_n1000,null,,1000,all,10000,HLF.G6,0.05,0.0489,0.00215658966889856,,,0,0.0489,""
1a,null_link_n1000,null,,1000,all,10000,HLF.G6,0.1,0.1,0.003,,,0,0.1,""
1a,null_link_n1000,null,,1000,all,10000,HLF.G8,0.01,0.0096,0.000975081535052326,,,0,0.0096,""
1a,null_link_n1000,null,,1000,all,10000,HLF.G8,0.05,0.0488,0.00215449669296567,,,0,0.0488,""
1a,null_link_n1000,null,,1000,all,10000,HLF.G8,0.1,0.0956,0.0029404190177592,,,0,0.0956,""
1a,null_link_n1000,null,,1000,all,10000,HLF.G12,0.01,0.0096,0.000975081535052326,,,0,0.0096,""
1a,null_link_n1000,null,,1000,all,10000,HLF.G12,0.05,0.0472,0.00212066404694379,,,0,0.0472,""
1a,null_link_n1000,null,,1000,all,10000,HLF.G12,0.1,0.098,0.00297314648142334,,,0,0.098,""
1a,null_link_n1000,null,,1000,all,10000,HLF.G14,0.01,0.0087,0.000928671631956097,,,0,0.0087,""
1a,null_link_n1000,null,,1000,all,10000,HLF.G14,0.05,0.0475,0.00212705782714058,,,0,0.0475,""
1a,null_link_n1000,null,,1000,all,10000,HLF.G14,0.1,0.0974,0.00296501669472534,,,0,0.0974,""
1a,null_link_n1000,null,,1000,all,10000,HLF.G20,0.01,0.0083,0.000907254650029417,,,0,0.0083,""
1a,null_link_n1000,null,,1000,all,10000,HLF.G20,0.05,0.0503,0.0021856328602947,,,0,0.0503,""
1a,null_link_n1000,null,,1000,all,10000,HLF.G20,0.1,0.1006,0.00300798337761365,,,0,0.1006,""
1a,null_link_n1000,null,,1000,all,10000,Stk.joint,0.01,0.0105,0.00101930123123638,,,0,0.0105,""
1a,null_link_n1000,null,,1000,all,10000,Stk.joint,0.05,0.0499,0.00217738352156895,,,0,0.0499,""
1a,null_link_n1000,null,,1000,all,10000,Stk.joint,0.1,0.1028,0.00303697481056396,,,0,0.1028,""
1a,null_link_n1000,null,,1000,all,10000,Stk.LR,0.01,0.011,0.00104302444841912,,,0,0.011,""
1a,null_link_n1000,null,,1000,all,10000,Stk.LR,0.05,0.0522,0.00222430123859157,,,0,0.0522,""
1a,null_link_n1000,null,,1000,all,10000,Stk.LR,0.1,0.1044,0.00305778743538527,,,0,0.1044,""
1a,null_link_n1000,null,,1000,all,10000,Stk.sym1,0.01,0.0102,0.00100478654449589,,,0,0.0102,""
1a,null_link_n1000,null,,1000,all,10000,Stk.sym1,0.05,0.0497,0.00217324434889407,,,0,0.0497,""
1a,null_link_n1000,null,,1000,all,10000,Stk.sym1,0.1,0.1045,0.00305908074427597,,,0,0.1045,""
1a,null_link_n1000,null,,1000,all,10000,Stk.marg,0.01,0.0245,0.00154595439777504,,,0,0.0245,""
1a,null_link_n1000,null,,1000,all,10000,Stk.marg,0.05,0.0715,0.0025765820382825,,,0,0.0715,""
1a,null_link_n1000,null,,1000,all,10000,Stk.marg,0.1,0.1197,0.00324610397245683,,,0,0.1197,""
1a,null_link_n1000,null,,1000,all,10000,GiViTI,0.01,0.0119,0.00108436110221642,,,0,0.0119,""
1a,null_link_n1000,null,,1000,all,10000,GiViTI,0.05,0.0534,0.0022482980229498,,,0,0.0534,""
1a,null_link_n1000,null,,1000,all,10000,GiViTI,0.1,0.1046,0.00306037317985895,,,0,0.1046,""
1a,null_link_n1000,null,,1000,all,10000,GiViTI.t50,0.01,0.0119,0.00108436110221642,,,0,0.0119,""
1a,null_link_n1000,null,,1000,all,10000,GiViTI.t50,0.05,0.0541,0.00226214919932351,,,0,0.0541,""
1a,null_link_n1000,null,,1000,all,10000,GiViTI.t50,0.1,0.1033,0.00304350308033358,,,0,0.1033,""
1a,null_link_n1000,null,,1000,all,10000,Cubic.LR,0.01,0.01,0.00099498743710662,,,0,0.01,""
1a,null_link_n1000,null,,1000,all,10000,Cubic.LR,0.05,0.0494,0.0021670173049609,,,0,0.0494,""
1a,null_link_n1000,null,,1000,all,10000,Cubic.LR,0.1,0.1014,0.00301857648569653,,,0,0.1014,""
1a,null_link_n1000,null,,1000,all,10000,HL_w,0.01,0.0103,0.00100964894889263,,,0,0.0103,""
1a,null_link_n1000,null,,1000,all,10000,HL_w,0.05,0.0512,0.00220405444578849,,,0,0.0512,""
1a,null_link_n1000,null,,1000,all,10000,HL_w,0.1,0.098,0.00297314648142334,,,0,0.098,""
1a,null_link_n1000,null,,1000,all,10000,PH,0.01,0.0049,0.000698282893962039,,,0,0.0049,""
1a,null_link_n1000,null,,1000,all,10000,PH,0.05,0.034,0.00181229136730273,,,0,0.034,""
1a,null_link_n1000,null,,1000,all,10000,PH,0.1,0.0694,0.00254133114725334,,,0,0.0694,""
1a,null_link_n1000,null,,1000,all,10000,Tsiatis,0.01,0.0092,0.000954743944730732,,,0,0.0092,""
1a,null_link_n1000,null,,1000,all,10000,Tsiatis,0.05,0.0485,0.00214820273717357,,,0,0.0485,""
1a,null_link_n1000,null,,1000,all,10000,Tsiatis,0.1,0.1007,0.00300931071842042,,,0,0.1007,""
1a,null_link_n1000,null,,1000,all,10000,Xie,0.01,0.0063,0.000791221208006964,,,0,0.0063,""
1a,null_link_n1000,null,,1000,all,10000,Xie,0.05,0.0291,0.00168086852549508,,,0,0.0291,""
1a,null_link_n1000,null,,1000,all,10000,Xie,0.1,0.0628,0.0024260288539092,,,0,0.0628,""
1a,null_link_n1000,null,,1000,all,10000,PR,0.01,0.0092,0.000954743944730732,,,0,0.0092,""
1a,null_link_n1000,null,,1000,all,10000,PR,0.05,0.0542,0.00226411925480969,,,0,0.0542,""
1a,null_link_n1000,null,,1000,all,10000,PR,0.1,0.1171,0.00321539406605162,,,0,0.1171,""
1a,null_rough_n1000,null,,1000,all,10000,flag.evlt.G10,,0,,,,0,,flag rate: share of replicates with the flag = 1
1a,null_rough_n1000,null,,1000,all,10000,flag.evlt.Grule,,0,,,,0,,flag rate: share of replicates with the flag = 1
1a,null_rough_n1000,null,,1000,all,10000,flag.stk_half0,,0,,,,0,,flag rate: share of replicates with the flag = 1
1a,null_rough_n1000,null,,1000,all,10000,flag.stk_diag,,0,,,,0,,flag rate: share of replicates with the flag = 1
1a,null_rough_n1000,null,,1000,all,10000,flag.rivals_run,,1,,,,0,,flag rate: share of replicates with the flag = 1
1a,null_rough_n1000,null,,1000,all,10000,flag.degenerate,,0,,,,0,,flag rate: share of replicates with the flag = 1
1a,null_rough_n1000,null,,1000,all,10000,flag.info_guard,,0,,,,0,,flag rate: share of replicates with the flag = 1
1a,null_rough_n1000,null,,1000,all,10000,flag.rep_error,,0,,,,0,,flag rate: share of replicates with the flag = 1
1a,null_rough_n1000,null,,1000,all,10000,EDGE.poly3.u.G10,0.01,0.011,0.00104302444841912,,,0,0.011,""
1a,null_rough_n1000,null,,1000,all,10000,EDGE.poly3.u.G10,0.05,0.0516,0.00221218082443547,,,0,0.0516,""
1a,null_rough_n1000,null,,1000,all,10000,EDGE.poly3.u.G10,0.1,0.1024,0.00303173613627571,,,0,0.1024,""
1a,null_rough_n1000,null,,1000,all,10000,EDGE.poly3.sc.G10,0.01,0.0104,0.00101448706250992,,,0,0.0104,""
1a,null_rough_n1000,null,,1000,all,10000,EDGE.poly3.sc.G10,0.05,0.0531,0.0022423289232403,,,0,0.0531,""
1a,null_rough_n1000,null,,1000,all,10000,EDGE.poly3.sc.G10,0.1,0.1033,0.00304350308033358,,,0,0.1033,""
1a,null_rough_n1000,null,,1000,all,10000,EDGE.poly2.u.G10,0.01,0.0108,0.00103360340556715,,,0,0.0108,""
1a,null_rough_n1000,null,,1000,all,10000,EDGE.poly2.u.G10,0.05,0.0516,0.00221218082443547,,,0,0.0516,""
1a,null_rough_n1000,null,,1000,all,10000,EDGE.poly2.u.G10,0.1,0.1003,0.00300399583887861,,,0,0.1003,""
1a,null_rough_n1000,null,,1000,all,10000,EDGE.poly2.sc.G10,0.01,0.0098,0.000985086798206128,,,0,0.0098,""
1a,null_rough_n1000,null,,1000,all,10000,EDGE.poly2.sc.G10,0.05,0.0522,0.00222430123859157,,,0,0.0522,""
1a,null_rough_n1000,null,,1000,all,10000,EDGE.poly2.sc.G10,0.1,0.1042,0.00305519819324377,,,0,0.1042,""
1a,null_rough_n1000,null,,1000,all,10000,EDGE.stk.u.G10,0.01,0.0099,0.000990049998737437,,,0,0.0099,""
1a,null_rough_n1000,null,,1000,all,10000,EDGE.stk.u.G10,0.05,0.0498,0.00217531514958178,,,0,0.0498,""
1a,null_rough_n1000,null,,1000,all,10000,EDGE.stk.u.G10,0.1,0.098,0.00297314648142334,,,0,0.098,""
1a,null_rough_n1000,null,,1000,all,10000,EDGE.stk.sc.G10,0.01,0.0101,0.000999899494949367,,,0,0.0101,""
1a,null_rough_n1000,null,,1000,all,10000,EDGE.stk.sc.G10,0.05,0.0521,0.00222228688517032,,,0,0.0521,""
1a,null_rough_n1000,null,,1000,all,10000,EDGE.stk.sc.G10,0.1,0.1024,0.00303173613627571,,,0,0.1024,""
1a,null_rough_n1000,null,,1000,all,10000,EDGE.sym.u.G10,0.01,0.0108,0.00103360340556715,,,0,0.0108,""
1a,null_rough_n1000,null,,1000,all,10000,EDGE.sym.u.G10,0.05,0.0497,0.00217324434889407,,,0,0.0497,""
1a,null_rough_n1000,null,,1000,all,10000,EDGE.sym.u.G10,0.1,0.0977,0.00296908588626197,,,0,0.0977,""
1a,null_rough_n1000,null,,1000,all,10000,EDGE.sym.sc.G10,0.01,0.0098,0.000985086798206128,,,0,0.0098,""
1a,null_rough_n1000,null,,1000,all,10000,EDGE.sym.sc.G10,0.05,0.0507,0.00219384388687983,,,0,0.0507,""
1a,null_rough_n1000,null,,1000,all,10000,EDGE.sym.sc.G10,0.1,0.0997,0.00299599582776746,,,0,0.0997,""
1a,null_rough_n1000,null,,1000,all,10000,EDGE.poly3.u.Grule,0.01,0.0116,0.00107076794871718,,,0,0.0116,""
1a,null_rough_n1000,null,,1000,all,10000,EDGE.poly3.u.Grule,0.05,0.0494,0.0021670173049609,,,0,0.0494,""
1a,null_rough_n1000,null,,1000,all,10000,EDGE.poly3.u.Grule,0.1,0.1019,0.00302516759866292,,,0,0.1019,""
1a,null_rough_n1000,null,,1000,all,10000,EDGE.poly3.sc.Grule,0.01,0.0117,0.00107531902243009,,,0,0.0117,""
1a,null_rough_n1000,null,,1000,all,10000,EDGE.poly3.sc.Grule,0.05,0.0517,0.00221420662992414,,,0,0.0517,""
1a,null_rough_n1000,null,,1000,all,10000,EDGE.poly3.sc.Grule,0.1,0.0992,0.0029893035978301,,,0,0.0992,""
1a,null_rough_n1000,null,,1000,all,10000,EDGE.poly2.u.Grule,0.01,0.0118,0.00107984998958189,,,0,0.0118,""
1a,null_rough_n1000,null,,1000,all,10000,EDGE.poly2.u.Grule,0.05,0.0511,0.0022020170299069,,,0,0.0511,""
1a,null_rough_n1000,null,,1000,all,10000,EDGE.poly2.u.Grule,0.1,0.1014,0.00301857648569653,,,0,0.1014,""
1a,null_rough_n1000,null,,1000,all,10000,EDGE.poly2.sc.Grule,0.01,0.011,0.00104302444841912,,,0,0.011,""
1a,null_rough_n1000,null,,1000,all,10000,EDGE.poly2.sc.Grule,0.05,0.0493,0.00216493671962947,,,0,0.0493,""
1a,null_rough_n1000,null,,1000,all,10000,EDGE.poly2.sc.Grule,0.1,0.0994,0.00299198328872338,,,0,0.0994,""
1a,null_rough_n1000,null,,1000,all,10000,EDGE.stk.u.Grule,0.01,0.0104,0.00101448706250992,,,0,0.0104,""
1a,null_rough_n1000,null,,1000,all,10000,EDGE.stk.u.Grule,0.05,0.049,0.0021586801523153,,,0,0.049,""
1a,null_rough_n1000,null,,1000,all,10000,EDGE.stk.u.Grule,0.1,0.0927,0.00290011568734766,,,0,0.0927,""
1a,null_rough_n1000,null,,1000,all,10000,EDGE.stk.sc.Grule,0.01,0.0115,0.00106619651096784,,,0,0.0115,""
1a,null_rough_n1000,null,,1000,all,10000,EDGE.stk.sc.Grule,0.05,0.0492,0.00216285367050108,,,0,0.0492,""
1a,null_rough_n1000,null,,1000,all,10000,EDGE.stk.sc.Grule,0.1,0.0996,0.00299465924605789,,,0,0.0996,""
1a,null_rough_n1000,null,,1000,all,10000,EDGE.sym.u.Grule,0.01,0.0099,0.000990049998737437,,,0,0.0099,""
1a,null_rough_n1000,null,,1000,all,10000,EDGE.sym.u.Grule,0.05,0.0466,0.00210780549387272,,,0,0.0466,""
1a,null_rough_n1000,null,,1000,all,10000,EDGE.sym.u.Grule,0.1,0.097,0.00295957767257425,,,0,0.097,""
1a,null_rough_n1000,null,,1000,all,10000,EDGE.sym.sc.Grule,0.01,0.0093,0.000959870303739,,,0,0.0093,""
1a,null_rough_n1000,null,,1000,all,10000,EDGE.sym.sc.Grule,0.05,0.0476,0.00212918388120895,,,0,0.0476,""
1a,null_rough_n1000,null,,1000,all,10000,EDGE.sym.sc.Grule,0.1,0.0967,0.002955488284531,,,0,0.0967,""
1a,null_rough_n1000,null,,1000,all,10000,HL.G10,0.01,0.0087,0.000928671631956097,,,0,0.0087,""
1a,null_rough_n1000,null,,1000,all,10000,HL.G10,0.05,0.0502,0.00218357413430366,,,0,0.0502,""
1a,null_rough_n1000,null,,1000,all,10000,HL.G10,0.1,0.1029,0.00303828224495355,,,0,0.1029,""
1a,null_rough_n1000,null,,1000,all,10000,HL.Grule,0.01,0.0111,0.00104770177054351,,,0,0.0111,""
1a,null_rough_n1000,null,,1000,all,10000,HL.Grule,0.05,0.0506,0.00219179469841498,,,0,0.0506,""
1a,null_rough_n1000,null,,1000,all,10000,HL.Grule,0.1,0.1049,0.00306424525780819,,,0,0.1049,""
1a,null_rough_n1000,null,,1000,all,10000,HLF.G10,0.01,0.0091,0.000949588858401361,,,0,0.0091,""
1a,null_rough_n1000,null,,1000,all,10000,HLF.G10,0.05,0.0502,0.00218357413430366,,,0,0.0502,""
1a,null_rough_n1000,null,,1000,all,10000,HLF.G10,0.1,0.1018,0.00302385118681459,,,0,0.1018,""
1a,null_rough_n1000,null,,1000,all,10000,HLF.Grule,0.01,0.0109,0.00103832509360027,,,0,0.0109,""
1a,null_rough_n1000,null,,1000,all,10000,HLF.Grule,0.05,0.0507,0.00219384388687983,,,0,0.0507,""
1a,null_rough_n1000,null,,1000,all,10000,HLF.Grule,0.1,0.1046,0.00306037317985895,,,0,0.1046,""
1a,null_rough_n1000,null,,1000,all,10000,Stk.joint,0.01,0.0111,0.00104770177054351,,,0,0.0111,""
1a,null_rough_n1000,null,,1000,all,10000,Stk.joint,0.05,0.0495,0.00216909543358516,,,0,0.0495,""
1a,null_rough_n1000,null,,1000,all,10000,Stk.joint,0.1,0.1002,0.00300266481645887,,,0,0.1002,""
1a,null_rough_n1000,null,,1000,all,10000,Stk.LR,0.01,0.0109,0.00103832509360027,,,0,0.0109,""
1a,null_rough_n1000,null,,1000,all,10000,Stk.LR,0.05,0.0514,0.00220812227922278,,,0,0.0514,""
1a,null_rough_n1000,null,,1000,all,10000,Stk.LR,0.1,0.1017,0.00302253387077796,,,0,0.1017,""
1a,null_rough_n1000,null,,1000,all,10000,Stk.sym1,0.01,0.0099,0.000990049998737437,,,0,0.0099,""
1a,null_rough_n1000,null,,1000,all,10000,Stk.sym1,0.05,0.0478,0.00213342822705616,,,0,0.0478,""
1a,null_rough_n1000,null,,1000,all,10000,Stk.sym1,0.1,0.0949,0.00293076764688025,,,0,0.0949,""
1a,null_rough_n1000,null,,1000,all,10000,Stk.marg,0.01,0.0238,0.00152425588402998,,,0,0.0238,""
1a,null_rough_n1000,null,,1000,all,10000,Stk.marg,0.05,0.0707,0.00256323057878139,,,0,0.0707,""
1a,null_rough_n1000,null,,1000,all,10000,Stk.marg,0.1,0.1174,0.00321896318711476,,,0,0.1174,""
1a,null_rough_n1000,null,,1000,all,10000,GiViTI,0.01,0.0114,0.00106160444610976,,,0,0.0114,""
1a,null_rough_n1000,null,,1000,all,10000,GiViTI,0.05,0.0512,0.00220405444578849,,,0,0.0512,""
1a,null_rough_n1000,null,,1000,all,10000,GiViTI,0.1,0.1021,0.00302779771451132,,,0,0.1021,""
1a,null_rough_n1000,null,,1000,all,10000,GiViTI.t50,0.01,0.012,0.0010888526071053,,,0,0.012,""
1a,null_rough_n1000,null,,1000,all,10000,GiViTI.t50,0.05,0.0543,0.00226608715631151,,,0,0.0543,""
1a,null_rough_n1000,null,,1000,all,10000,GiViTI.t50,0.1,0.1052,0.0030681095156464,,,0,0.1052,""
1a,null_rough_n1000,null,,1000,all,10000,Cubic.LR,0.01,0.011,0.00104302444841912,,,0,0.011,""
1a,null_rough_n1000,null,,1000,all,10000,Cubic.LR,0.05,0.0521,0.00222228688517032,,,0,0.0521,""
1a,null_rough_n1000,null,,1000,all,10000,Cubic.LR,0.1,0.0994,0.00299198328872338,,,0,0.0994,""
1a,null_rough_n1000,null,,1000,all,10000,HL_w,0.01,0.0114,0.00106160444610976,,,0,0.0114,""
1a,null_rough_n1000,null,,1000,all,10000,HL_w,0.05,0.0532,0.00224432083267968,,,0,0.0532,""
1a,null_rough_n1000,null,,1000,all,10000,HL_w,0.1,0.1019,0.00302516759866292,,,0,0.1019,""
1a,null_rough_n1000,null,,1000,all,10000,PH,0.01,0.0052,0.000719232924719107,,,0,0.0052,""
1a,null_rough_n1000,null,,1000,all,10000,PH,0.05,0.0299,0.00170311449996763,,,0,0.0299,""
1a,null_rough_n1000,null,,1000,all,10000,PH,0.1,0.0682,0.00252088793880252,,,0,0.0682,""
1a,null_rough_n1000,null,,1000,all,10000,Tsiatis,0.01,0.0107,0.00102885907684192,,,0,0.0107,""
1a,null_rough_n1000,null,,1000,all,10000,Tsiatis,0.05,0.0522,0.00222430123859157,,,0,0.0522,""
1a,null_rough_n1000,null,,1000,all,10000,Tsiatis,0.1,0.1024,0.00303173613627571,,,0,0.1024,""
1a,null_rough_n1000,null,,1000,all,10000,Xie,0.01,0.0079,0.000885301643509149,,,0,0.0079,""
1a,null_rough_n1000,null,,1000,all,10000,Xie,0.05,0.0401,0.00196193756271702,,,0,0.0401,""
1a,null_rough_n1000,null,,1000,all,10000,Xie,0.1,0.0825,0.00275124971603815,,,0,0.0825,""
1a,null_rough_n1000,null,,1000,all,10000,PR,0.01,0,0,,,1,,no p-value in any replicate
1a,null_rough_n1000,null,,1000,all,10000,PR,0.05,0,0,,,1,,no p-value in any replicate
1a,null_rough_n1000,null,,1000,all,10000,PR,0.1,0,0,,,1,,no p-value in any replicate
1a,null_quad_n2000,null,,2000,all,10000,flag.evlt.G10,,0,,,,0,,flag rate: share of replicates with the flag = 1
1a,null_quad_n2000,null,,2000,all,10000,flag.evlt.Grule,,0,,,,0,,flag rate: share of replicates with the flag = 1
1a,null_quad_n2000,null,,2000,all,10000,flag.stk_half0,,0,,,,0,,flag rate: share of replicates with the flag = 1
1a,null_quad_n2000,null,,2000,all,10000,flag.stk_diag,,0,,,,0,,flag rate: share of replicates with the flag = 1
1a,null_quad_n2000,null,,2000,all,10000,flag.rivals_run,,1,,,,0,,flag rate: share of replicates with the flag = 1
1a,null_quad_n2000,null,,2000,all,10000,flag.degenerate,,0,,,,0,,flag rate: share of replicates with the flag = 1
1a,null_quad_n2000,null,,2000,all,10000,flag.info_guard,,0,,,,0,,flag rate: share of replicates with the flag = 1
1a,null_quad_n2000,null,,2000,all,10000,flag.rep_error,,0,,,,0,,flag rate: share of replicates with the flag = 1
1a,null_quad_n2000,null,,2000,all,10000,EDGE.poly3.u.G10,0.01,0.0096,0.000975081535052326,,,0,0.0096,""
1a,null_quad_n2000,null,,2000,all,10000,EDGE.poly3.u.G10,0.05,0.0465,0.00210565310533335,,,0,0.0465,""
1a,null_quad_n2000,null,,2000,all,10000,EDGE.poly3.u.G10,0.1,0.0933,0.00290852385240348,,,0,0.0933,""
1a,null_quad_n2000,null,,2000,all,10000,EDGE.poly3.sc.G10,0.01,0.0085,0.000918027777357526,,,0,0.0085,""
1a,null_quad_n2000,null,,2000,all,10000,EDGE.poly3.sc.G10,0.05,0.0491,0.00216076815045021,,,0,0.0491,""
1a,null_quad_n2000,null,,2000,all,10000,EDGE.poly3.sc.G10,0.1,0.0968,0.00295685238048841,,,0,0.0968,""
1a,null_quad_n2000,null,,2000,all,10000,EDGE.poly2.u.G10,0.01,0.0091,0.000949588858401361,,,0,0.0091,""
1a,null_quad_n2000,null,,2000,all,10000,EDGE.poly2.u.G10,0.05,0.0464,0.00210349803898173,,,0,0.0464,""
1a,null_quad_n2000,null,,2000,all,10000,EDGE.poly2.u.G10,0.1,0.097,0.00295957767257425,,,0,0.097,""
1a,null_quad_n2000,null,,2000,all,10000,EDGE.poly2.sc.G10,0.01,0.0085,0.000918027777357526,,,0,0.0085,""
1a,null_quad_n2000,null,,2000,all,10000,EDGE.poly2.sc.G10,0.05,0.0454,0.00208179826111946,,,0,0.0454,""
1a,null_quad_n2000,null,,2000,all,10000,EDGE.poly2.sc.G10,0.1,0.0964,0.00295139018091475,,,0,0.0964,""
1a,null_quad_n2000,null,,2000,all,10000,EDGE.stk.u.G10,0.01,0.0111,0.00104770177054351,,,0,0.0111,""
1a,null_quad_n2000,null,,2000,all,10000,EDGE.stk.u.G10,0.05,0.0441,0.0020531729103999,,,0,0.0441,""
1a,null_quad_n2000,null,,2000,all,10000,EDGE.stk.u.G10,0.1,0.0925,0.0028973047820345,,,0,0.0925,""
1a,null_quad_n2000,null,,2000,all,10000,EDGE.stk.sc.G10,0.01,0.0081,0.000896347588829244,,,0,0.0081,""
1a,null_quad_n2000,null,,2000,all,10000,EDGE.stk.sc.G10,0.05,0.0482,0.00214188608473934,,,0,0.0482,""
1a,null_quad_n2000,null,,2000,all,10000,EDGE.stk.sc.G10,0.1,0.0962,0.0029486532519101,,,0,0.0962,""
1a,null_quad_n2000,null,,2000,all,10000,EDGE.sym.u.G10,0.01,0.0102,0.00100478654449589,,,0,0.0102,""
1a,null_quad_n2000,null,,2000,all,10000,EDGE.sym.u.G10,0.05,0.0446,0.0020642393272099,,,0,0.0446,""
1a,null_quad_n2000,null,,2000,all,10000,EDGE.sym.u.G10,0.1,0.0959,0.00294454054140879,,,0,0.0959,""
1a,null_quad_n2000,null,,2000,all,10000,EDGE.sym.sc.G10,0.01,0.0098,0.000985086798206128,,,0,0.0098,""
1a,null_quad_n2000,null,,2000,all,10000,EDGE.sym.sc.G10,0.05,0.0464,0.00210349803898173,,,0,0.0464,""
1a,null_quad_n2000,null,,2000,all,10000,EDGE.sym.sc.G10,0.1,0.0969,0.00295821550939075,,,0,0.0969,""
1a,null_quad_n2000,null,,2000,all,10000,EDGE.poly3.u.Grule,0.01,0.0087,0.000928671631956097,,,0,0.0087,""
1a,null_quad_n2000,null,,2000,all,10000,EDGE.poly3.u.Grule,0.05,0.0485,0.00214820273717357,,,0,0.0485,""
1a,null_quad_n2000,null,,2000,all,10000,EDGE.poly3.u.Grule,0.1,0.0949,0.00293076764688025,,,0,0.0949,""
1a,null_quad_n2000,null,,2000,all,10000,EDGE.poly3.sc.Grule,0.01,0.0089,0.000939190608982011,,,0,0.0089,""
1a,null_quad_n2000,null,,2000,all,10000,EDGE.poly3.sc.Grule,0.05,0.0495,0.00216909543358516,,,0,0.0495,""
1a,null_quad_n2000,null,,2000,all,10000,EDGE.poly3.sc.Grule,0.1,0.1026,0.00303435726307895,,,0,0.1026,""
1a,null_quad_n2000,null,,2000,all,10000,EDGE.poly2.u.Grule,0.01,0.0085,0.000918027777357526,,,0,0.0085,""
1a,null_quad_n2000,null,,2000,all,10000,EDGE.poly2.u.Grule,0.05,0.0469,0.00211424667434999,,,0,0.0469,""
1a,null_quad_n2000,null,,2000,all,10000,EDGE.poly2.u.Grule,0.1,0.0938,0.00291550270107918,,,0,0.0938,""
1a,null_quad_n2000,null,,2000,all,10000,EDGE.poly2.sc.Grule,0.01,0.0082,0.000901818163489736,,,0,0.0082,""
1a,null_quad_n2000,null,,2000,all,10000,EDGE.poly2.sc.Grule,0.05,0.0488,0.00215449669296567,,,0,0.0488,""
1a,null_quad_n2000,null,,2000,all,10000,EDGE.poly2.sc.Grule,0.1,0.0928,0.00290151960186382,,,0,0.0928,""
1a,null_quad_n2000,null,,2000,all,10000,EDGE.stk.u.Grule,0.01,0.0105,0.00101930123123638,,,0,0.0105,""
1a,null_quad_n2000,null,,2000,all,10000,EDGE.stk.u.Grule,0.05,0.0459,0.00209268225012781,,,0,0.0459,""
1a,null_quad_n2000,null,,2000,all,10000,EDGE.stk.u.Grule,0.1,0.0897,0.00285751482935785,,,0,0.0897,""
1a,null_quad_n2000,null,,2000,all,10000,EDGE.stk.sc.Grule,0.01,0.0101,0.000999899494949367,,,0,0.0101,""
1a,null_quad_n2000,null,,2000,all,10000,EDGE.stk.sc.Grule,0.05,0.0494,0.0021670173049609,,,0,0.0494,""
1a,null_quad_n2000,null,,2000,all,10000,EDGE.stk.sc.Grule,0.1,0.0986,0.00298124202305012,,,0,0.0986,""
1a,null_quad_n2000,null,,2000,all,10000,EDGE.sym.u.Grule,0.01,0.0091,0.000949588858401361,,,0,0.0091,""
1a,null_quad_n2000,null,,2000,all,10000,EDGE.sym.u.Grule,0.05,0.0467,0.00210995521279481,,,0,0.0467,""
1a,null_quad_n2000,null,,2000,all,10000,EDGE.sym.u.Grule,0.1,0.0933,0.00290852385240348,,,0,0.0933,""
1a,null_quad_n2000,null,,2000,all,10000,EDGE.sym.sc.Grule,0.01,0.0104,0.00101448706250992,,,0,0.0104,""
1a,null_quad_n2000,null,,2000,all,10000,EDGE.sym.sc.Grule,0.05,0.0474,0.00212492917529032,,,0,0.0474,""
1a,null_quad_n2000,null,,2000,all,10000,EDGE.sym.sc.Grule,0.1,0.0925,0.0028973047820345,,,0,0.0925,""
1a,null_quad_n2000,null,,2000,all,10000,HL.G10,0.01,0.0109,0.00103832509360027,,,0,0.0109,""
1a,null_quad_n2000,null,,2000,all,10000,HL.G10,0.05,0.0519,0.00221825133832936,,,0,0.0519,""
1a,null_quad_n2000,null,,2000,all,10000,HL.G10,0.1,0.1013,0.00301725554105051,,,0,0.1013,""
1a,null_quad_n2000,null,,2000,all,10000,HL.Grule,0.01,0.0111,0.00104770177054351,,,0,0.0111,""
1a,null_quad_n2000,null,,2000,all,10000,HL.Grule,0.05,0.0466,0.00210780549387272,,,0,0.0466,""
1a,null_quad_n2000,null,,2000,all,10000,HL.Grule,0.1,0.0974,0.00296501669472534,,,0,0.0974,""
1a,null_quad_n2000,null,,2000,all,10000,HLF.G10,0.01,0.0109,0.00103832509360027,,,0,0.0109,""
1a,null_quad_n2000,null,,2000,all,10000,HLF.G10,0.05,0.0518,0.00221623013245466,,,0,0.0518,""
1a,null_quad_n2000,null,,2000,all,10000,HLF.G10,0.1,0.1013,0.00301725554105051,,,0,0.1013,""
1a,null_quad_n2000,null,,2000,all,10000,HLF.Grule,0.01,0.0107,0.00102885907684192,,,0,0.0107,""
1a,null_quad_n2000,null,,2000,all,10000,HLF.Grule,0.05,0.047,0.00211638843315682,,,0,0.047,""
1a,null_quad_n2000,null,,2000,all,10000,HLF.Grule,0.1,0.0975,0.00296637404923924,,,0,0.0975,""
1a,null_quad_n2000,null,,2000,all,10000,Stk.joint,0.01,0.0084,0.000912657657613193,,,0,0.0084,""
1a,null_quad_n2000,null,,2000,all,10000,Stk.joint,0.05,0.0483,0.00214399416976819,,,0,0.0483,""
1a,null_quad_n2000,null,,2000,all,10000,Stk.joint,0.1,0.0946,0.00292661647641094,,,0,0.0946,""
1a,null_quad_n2000,null,,2000,all,10000,Stk.LR,0.01,0.0084,0.000912657657613193,,,0,0.0084,""
1a,null_quad_n2000,null,,2000,all,10000,Stk.LR,0.05,0.049,0.0021586801523153,,,0,0.049,""
1a,null_quad_n2000,null,,2000,all,10000,Stk.LR,0.1,0.0948,0.0029293849183745,,,0,0.0948,""
1a,null_quad_n2000,null,,2000,all,10000,Stk.sym1,0.01,0.0106,0.00102409179276079,,,0,0.0106,""
1a,null_quad_n2000,null,,2000,all,10000,Stk.sym1,0.05,0.0473,0.00212279791784334,,,0,0.0473,""
1a,null_quad_n2000,null,,2000,all,10000,Stk.sym1,0.1,0.0936,0.00291271419813205,,,0,0.0936,""
1a,null_quad_n2000,null,,2000,all,10000,Stk.marg,0.01,0.0207,0.00142378053084034,,,0,0.0207,""
1a,null_quad_n2000,null,,2000,all,10000,Stk.marg,0.05,0.0669,0.00249848734237338,,,0,0.0669,""
1a,null_quad_n2000,null,,2000,all,10000,Stk.marg,0.1,0.1086,0.00311136690218303,,,0,0.1086,""
1a,null_quad_n2000,null,,2000,all,10000,GiViTI,0.01,0.0084,0.000912657657613193,,,0,0.0084,""
1a,null_quad_n2000,null,,2000,all,10000,GiViTI,0.05,0.0472,0.00212066404694379,,,0,0.0472,""
1a,null_quad_n2000,null,,2000,all,10000,GiViTI,0.1,0.0938,0.00291550270107918,,,0,0.0938,""
1a,null_quad_n2000,null,,2000,all,10000,GiViTI.t50,0.01,0.0085,0.000918027777357526,,,0,0.0085,""
1a,null_quad_n2000,null,,2000,all,10000,GiViTI.t50,0.05,0.0478,0.00213342822705616,,,0,0.0478,""
1a,null_quad_n2000,null,,2000,all,10000,GiViTI.t50,0.1,0.0971,0.00296093887137171,,,0,0.0971,""
1a,null_quad_n2000,null,,2000,all,10000,Cubic.LR,0.01,0.009,0.000944404574321832,,,0,0.009,""
1a,null_quad_n2000,null,,2000,all,10000,Cubic.LR,0.05,0.0485,0.00214820273717357,,,0,0.0485,""
1a,null_quad_n2000,null,,2000,all,10000,Cubic.LR,0.1,0.0962,0.0029486532519101,,,0,0.0962,""
1a,null_quad_n2000,null,,2000,all,10000,HL_w,0.01,0.0099,0.000990049998737437,,,0,0.0099,""
1a,null_quad_n2000,null,,2000,all,10000,HL_w,0.05,0.0498,0.00217531514958178,,,0,0.0498,""
1a,null_quad_n2000,null,,2000,all,10000,HL_w,0.1,0.0997,0.00299599582776746,,,0,0.0997,""
1a,null_quad_n2000,null,,2000,all,10000,PH,0.01,0.0066,0.000809718469592981,,,0,0.0066,""
1a,null_quad_n2000,null,,2000,all,10000,PH,0.05,0.0326,0.00177587274318854,,,0,0.0326,""
1a,null_quad_n2000,null,,2000,all,10000,PH,0.1,0.0688,0.00253113729378712,,,0,0.0688,""
1a,null_quad_n2000,null,,2000,all,10000,Tsiatis,0.01,0.0094,0.000964968393264774,,,0,0.0094,""
1a,null_quad_n2000,null,,2000,all,10000,Tsiatis,0.05,0.0478,0.00213342822705616,,,0,0.0478,""
1a,null_quad_n2000,null,,2000,all,10000,Tsiatis,0.1,0.0989,0.00298527703907024,,,0,0.0989,""
1a,null_quad_n2000,null,,2000,all,10000,Xie,0.01,0.0073,0.000851276100921434,,,0,0.0073,""
1a,null_quad_n2000,null,,2000,all,10000,Xie,0.05,0.04,0.00195959179422654,,,0,0.04,""
1a,null_quad_n2000,null,,2000,all,10000,Xie,0.1,0.0799,0.00271138322632563,,,0,0.0799,""
1a,null_quad_n2000,null,,2000,all,10000,PR,0.01,0,0,,,1,,no p-value in any replicate
1a,null_quad_n2000,null,,2000,all,10000,PR,0.05,0,0,,,1,,no p-value in any replicate
1a,null_quad_n2000,null,,2000,all,10000,PR,0.1,0,0,,,1,,no p-value in any replicate
1a,null_binint_n2000,null,,2000,all,10000,flag.evlt.G10,,0,,,,0,,flag rate: share of replicates with the flag = 1
1a,null_binint_n2000,null,,2000,all,10000,flag.evlt.Grule,,0,,,,0,,flag rate: share of replicates with the flag = 1
1a,null_binint_n2000,null,,2000,all,10000,flag.stk_half0,,0,,,,0,,flag rate: share of replicates with the flag = 1
1a,null_binint_n2000,null,,2000,all,10000,flag.stk_diag,,0,,,,0,,flag rate: share of replicates with the flag = 1
1a,null_binint_n2000,null,,2000,all,10000,flag.rivals_run,,1,,,,0,,flag rate: share of replicates with the flag = 1
1a,null_binint_n2000,null,,2000,all,10000,flag.degenerate,,0,,,,0,,flag rate: share of replicates with the flag = 1
1a,null_binint_n2000,null,,2000,all,10000,flag.info_guard,,0,,,,0,,flag rate: share of replicates with the flag = 1
1a,null_binint_n2000,null,,2000,all,10000,flag.rep_error,,0,,,,0,,flag rate: share of replicates with the flag = 1
1a,null_binint_n2000,null,,2000,all,10000,EDGE.poly3.u.G10,0.01,0.0118,0.00107984998958189,,,0,0.0118,""
1a,null_binint_n2000,null,,2000,all,10000,EDGE.poly3.u.G10,0.05,0.0473,0.00212279791784334,,,0,0.0473,""
1a,null_binint_n2000,null,,2000,all,10000,EDGE.poly3.u.G10,0.1,0.0969,0.00295821550939075,,,0,0.0969,""
1a,null_binint_n2000,null,,2000,all,10000,EDGE.poly3.sc.G10,0.01,0.0108,0.00103360340556715,,,0,0.0108,""
1a,null_binint_n2000,null,,2000,all,10000,EDGE.poly3.sc.G10,0.05,0.0476,0.00212918388120895,,,0,0.0476,""
1a,null_binint_n2000,null,,2000,all,10000,EDGE.poly3.sc.G10,0.1,0.0947,0.00292800119535495,,,0,0.0947,""
1a,null_binint_n2000,null,,2000,all,10000,EDGE.poly2.u.G10,0.01,0.0111,0.00104770177054351,,,0,0.0111,""
1a,null_binint_n2000,null,,2000,all,10000,EDGE.poly2.u.G10,0.05,0.0482,0.00214188608473934,,,0,0.0482,""
1a,null_binint_n2000,null,,2000,all,10000,EDGE.poly2.u.G10,0.1,0.0946,0.00292661647641094,,,0,0.0946,""
1a,null_binint_n2000,null,,2000,all,10000,EDGE.poly2.sc.G10,0.01,0.0114,0.00106160444610976,,,0,0.0114,""
1a,null_binint_n2000,null,,2000,all,10000,EDGE.poly2.sc.G10,0.05,0.0495,0.00216909543358516,,,0,0.0495,""
1a,null_binint_n2000,null,,2000,all,10000,EDGE.poly2.sc.G10,0.1,0.097,0.00295957767257425,,,0,0.097,""
1a,null_binint_n2000,null,,2000,all,10000,EDGE.stk.u.G10,0.01,0.0124,0.00110662730853707,,,0,0.0124,""
1a,null_binint_n2000,null,,2000,all,10000,EDGE.stk.u.G10,0.05,0.0509,0.00219793516737869,,,0,0.0509,""
1a,null_binint_n2000,null,,2000,all,10000,EDGE.stk.u.G10,0.1,0.0965,0.00295275718608896,,,0,0.0965,""
1a,null_binint_n2000,null,,2000,all,10000,EDGE.stk.sc.G10,0.01,0.0107,0.00102885907684192,,,0,0.0107,""
1a,null_binint_n2000,null,,2000,all,10000,EDGE.stk.sc.G10,0.05,0.048,0.00213766227454198,,,0,0.048,""
1a,null_binint_n2000,null,,2000,all,10000,EDGE.stk.sc.G10,0.1,0.0941,0.00291967789319301,,,0,0.0941,""
1a,null_binint_n2000,null,,2000,all,10000,EDGE.sym.u.G10,0.01,0.0107,0.00102885907684192,,,0,0.0107,""
1a,null_binint_n2000,null,,2000,all,10000,EDGE.sym.u.G10,0.05,0.0515,0.00221015270965605,,,0,0.0515,""
1a,null_binint_n2000,null,,2000,all,10000,EDGE.sym.u.G10,0.1,0.1011,0.00301461092016864,,,0,0.1011,""
1a,null_binint_n2000,null,,2000,all,10000,EDGE.sym.sc.G10,0.01,0.0105,0.00101930123123638,,,0,0.0105,""
1a,null_binint_n2000,null,,2000,all,10000,EDGE.sym.sc.G10,0.05,0.0502,0.00218357413430366,,,0,0.0502,""
1a,null_binint_n2000,null,,2000,all,10000,EDGE.sym.sc.G10,0.1,0.1019,0.00302516759866292,,,0,0.1019,""
1a,null_binint_n2000,null,,2000,all,10000,EDGE.poly3.u.Grule,0.01,0.0105,0.00101930123123638,,,0,0.0105,""
1a,null_binint_n2000,null,,2000,all,10000,EDGE.poly3.u.Grule,0.05,0.048,0.00213766227454198,,,0,0.048,""
1a,null_binint_n2000,null,,2000,all,10000,EDGE.poly3.u.Grule,0.1,0.0983,0.00297719851538321,,,0,0.0983,""
1a,null_binint_n2000,null,,2000,all,10000,EDGE.poly3.sc.Grule,0.01,0.0107,0.00102885907684192,,,0,0.0107,""
1a,null_binint_n2000,null,,2000,all,10000,EDGE.poly3.sc.Grule,0.05,0.0483,0.00214399416976819,,,0,0.0483,""
1a,null_binint_n2000,null,,2000,all,10000,EDGE.poly3.sc.Grule,0.1,0.0991,0.00298796234916038,,,0,0.0991,""
1a,null_binint_n2000,null,,2000,all,10000,EDGE.poly2.u.Grule,0.01,0.0103,0.00100964894889263,,,0,0.0103,""
1a,null_binint_n2000,null,,2000,all,10000,EDGE.poly2.u.Grule,0.05,0.0465,0.00210565310533335,,,0,0.0465,""
1a,null_binint_n2000,null,,2000,all,10000,EDGE.poly2.u.Grule,0.1,0.0955,0.0029390432116592,,,0,0.0955,""
1a,null_binint_n2000,null,,2000,all,10000,EDGE.poly2.sc.Grule,0.01,0.0105,0.00101930123123638,,,0,0.0105,""
1a,null_binint_n2000,null,,2000,all,10000,EDGE.poly2.sc.Grule,0.05,0.0487,0.00215240121724552,,,0,0.0487,""
1a,null_binint_n2000,null,,2000,all,10000,EDGE.poly2.sc.Grule,0.1,0.1011,0.00301461092016864,,,0,0.1011,""
1a,null_binint_n2000,null,,2000,all,10000,EDGE.stk.u.Grule,0.01,0.0118,0.00107984998958189,,,0,0.0118,""
1a,null_binint_n2000,null,,2000,all,10000,EDGE.stk.u.Grule,0.05,0.0496,0.00217117111255654,,,0,0.0496,""
1a,null_binint_n2000,null,,2000,all,10000,EDGE.stk.u.Grule,0.1,0.0975,0.00296637404923924,,,0,0.0975,""
1a,null_binint_n2000,null,,2000,all,10000,EDGE.stk.sc.Grule,0.01,0.0117,0.00107531902243009,,,0,0.0117,""
1a,null_binint_n2000,null,,2000,all,10000,EDGE.stk.sc.Grule,0.05,0.0505,0.00218974313562116,,,0,0.0505,""
1a,null_binint_n2000,null,,2000,all,10000,EDGE.stk.sc.Grule,0.1,0.0986,0.00298124202305012,,,0,0.0986,""
1a,null_binint_n2000,null,,2000,all,10000,EDGE.sym.u.Grule,0.01,0.0113,0.00105699148530156,,,0,0.0113,""
1a,null_binint_n2000,null,,2000,all,10000,EDGE.sym.u.Grule,0.05,0.0513,0.00220608952674183,,,0,0.0513,""
1a,null_binint_n2000,null,,2000,all,10000,EDGE.sym.u.Grule,0.1,0.1022,0.00302911142086256,,,0,0.1022,""
1a,null_binint_n2000,null,,2000,all,10000,EDGE.sym.sc.Grule,0.01,0.0111,0.00104770177054351,,,0,0.0111,""
1a,null_binint_n2000,null,,2000,all,10000,EDGE.sym.sc.Grule,0.05,0.0513,0.00220608952674183,,,0,0.0513,""
1a,null_binint_n2000,null,,2000,all,10000,EDGE.sym.sc.Grule,0.1,0.1041,0.00305390225776792,,,0,0.1041,""
1a,null_binint_n2000,null,,2000,all,10000,HL.G10,0.01,0.0107,0.00102885907684192,,,0,0.0107,""
1a,null_binint_n2000,null,,2000,all,10000,HL.G10,0.05,0.0489,0.00215658966889856,,,0,0.0489,""
1a,null_binint_n2000,null,,2000,all,10000,HL.G10,0.1,0.097,0.00295957767257425,,,0,0.097,""
1a,null_binint_n2000,null,,2000,all,10000,HL.Grule,0.01,0.0073,0.000851276100921434,,,0,0.0073,""
1a,null_binint_n2000,null,,2000,all,10000,HL.Grule,0.05,0.0463,0.00210134028657902,,,0,0.0463,""
1a,null_binint_n2000,null,,2000,all,10000,HL.Grule,0.1,0.0938,0.00291550270107918,,,0,0.0938,""
1a,null_binint_n2000,null,,2000,all,10000,HLF.G10,0.01,0.0107,0.00102885907684192,,,0,0.0107,""
1a,null_binint_n2000,null,,2000,all,10000,HLF.G10,0.05,0.0491,0.00216076815045021,,,0,0.0491,""
1a,null_binint_n2000,null,,2000,all,10000,HLF.G10,0.1,0.0973,0.0029636583811229,,,0,0.0973,""
1a,null_binint_n2000,null,,2000,all,10000,HLF.Grule,0.01,0.0078,0.000879724957017817,,,0,0.0078,""
1a,null_binint_n2000,null,,2000,all,10000,HLF.Grule,0.05,0.0459,0.00209268225012781,,,0,0.0459,""
1a,null_binint_n2000,null,,2000,all,10000,HLF.Grule,0.1,0.0928,0.00290151960186382,,,0,0.0928,""
1a,null_binint_n2000,null,,2000,all,10000,Stk.joint,0.01,0.0108,0.00103360340556715,,,0,0.0108,""
1a,null_binint_n2000,null,,2000,all,10000,Stk.joint,0.05,0.0487,0.00215240121724552,,,0,0.0487,""
1a,null_binint_n2000,null,,2000,all,10000,Stk.joint,0.1,0.0969,0.00295821550939075,,,0,0.0969,""
1a,null_binint_n2000,null,,2000,all,10000,Stk.LR,0.01,0.0113,0.00105699148530156,,,0,0.0113,""
1a,null_binint_n2000,null,,2000,all,10000,Stk.LR,0.05,0.0476,0.00212918388120895,,,0,0.0476,""
1a,null_binint_n2000,null,,2000,all,10000,Stk.LR,0.1,0.0997,0.00299599582776746,,,0,0.0997,""
1a,null_binint_n2000,null,,2000,all,10000,Stk.sym1,0.01,0.0109,0.00103832509360027,,,0,0.0109,""
1a,null_binint_n2000,null,,2000,all,10000,Stk.sym1,0.05,0.0515,0.00221015270965605,,,0,0.0515,""
1a,null_binint_n2000,null,,2000,all,10000,Stk.sym1,0.1,0.1029,0.00303828224495355,,,0,0.1029,""
1a,null_binint_n2000,null,,2000,all,10000,Stk.marg,0.01,0.0208,0.00142714259974258,,,0,0.0208,""
1a,null_binint_n2000,null,,2000,all,10000,Stk.marg,0.05,0.0638,0.00244396317484532,,,0,0.0638,""
1a,null_binint_n2000,null,,2000,all,10000,Stk.marg,0.1,0.108,0.00310380411753062,,,0,0.108,""
1a,null_binint_n2000,null,,2000,all,10000,GiViTI,0.01,0.01,0.00099498743710662,,,0,0.01,""
1a,null_binint_n2000,null,,2000,all,10000,GiViTI,0.05,0.0475,0.00212705782714058,,,0,0.0475,""
1a,null_binint_n2000,null,,2000,all,10000,GiViTI,0.1,0.0963,0.00295002220330627,,,0,0.0963,""
1a,null_binint_n2000,null,,2000,all,10000,GiViTI.t50,0.01,0.0101,0.000999899494949367,,,0,0.0101,""
1a,null_binint_n2000,null,,2000,all,10000,GiViTI.t50,0.05,0.0472,0.00212066404694379,,,0,0.0472,""
1a,null_binint_n2000,null,,2000,all,10000,GiViTI.t50,0.1,0.0924,0.00289589778825151,,,0,0.0924,""
1a,null_binint_n2000,null,,2000,all,10000,Cubic.LR,0.01,0.0103,0.00100964894889263,,,0,0.0103,""
1a,null_binint_n2000,null,,2000,all,10000,Cubic.LR,0.05,0.0464,0.00210349803898173,,,0,0.0464,""
1a,null_binint_n2000,null,,2000,all,10000,Cubic.LR,0.1,0.095,0.00293214938227915,,,0,0.095,""
1a,null_binint_n2000,null,,2000,all,10000,HL_w,0.01,0.0117,0.00107531902243009,,,0,0.0117,""
1a,null_binint_n2000,null,,2000,all,10000,HL_w,0.05,0.0524,0.00222832313635164,,,0,0.0524,""
1a,null_binint_n2000,null,,2000,all,10000,HL_w,0.1,0.0978,0.00297044037139277,,,0,0.0978,""
1a,null_binint_n2000,null,,2000,all,10000,PH,0.01,0.0059,0.000765845284636525,,,0,0.0059,""
1a,null_binint_n2000,null,,2000,all,10000,PH,0.05,0.031,0.0017331762749357,,,0,0.031,""
1a,null_binint_n2000,null,,2000,all,10000,PH,0.1,0.0645,0.00245641507078914,,,0,0.0645,""
1a,null_binint_n2000,null,,2000,all,10000,Tsiatis,0.01,0.0102,0.00100478654449589,,,0,0.0102,""
1a,null_binint_n2000,null,,2000,all,10000,Tsiatis,0.05,0.0473,0.00212279791784334,,,0,0.0473,""
1a,null_binint_n2000,null,,2000,all,10000,Tsiatis,0.1,0.0987,0.00298258797020306,,,0,0.0987,""
1a,null_binint_n2000,null,,2000,all,10000,Xie,0.01,0.0048,0.000691155554126566,,,0,0.0048,""
1a,null_binint_n2000,null,,2000,all,10000,Xie,0.05,0.0268,0.00161498482965011,,,0,0.0268,""
1a,null_binint_n2000,null,,2000,all,10000,Xie,0.1,0.0585,0.00234686493007161,,,0,0.0585,""
1a,null_binint_n2000,null,,2000,all,10000,PR,0.01,0.0095,0.000970038659023443,,,0,0.0095,""
1a,null_binint_n2000,null,,2000,all,10000,PR,0.05,0.0554,0.00228759349535707,,,0,0.0554,""
1a,null_binint_n2000,null,,2000,all,10000,PR,0.1,0.1121,0.00315489445148328,,,0,0.1121,""
1a,null_contint_n2000,null,,2000,all,10000,flag.evlt.G10,,0,,,,0,,flag rate: share of replicates with the flag = 1
1a,null_contint_n2000,null,,2000,all,10000,flag.evlt.Grule,,0,,,,0,,flag rate: share of replicates with the flag = 1
1a,null_contint_n2000,null,,2000,all,10000,flag.stk_half0,,0,,,,0,,flag rate: share of replicates with the flag = 1
1a,null_contint_n2000,null,,2000,all,10000,flag.stk_diag,,0,,,,0,,flag rate: share of replicates with the flag = 1
1a,null_contint_n2000,null,,2000,all,10000,flag.rivals_run,,1,,,,0,,flag rate: share of replicates with the flag = 1
1a,null_contint_n2000,null,,2000,all,10000,flag.degenerate,,0,,,,0,,flag rate: share of replicates with the flag = 1
1a,null_contint_n2000,null,,2000,all,10000,flag.info_guard,,0,,,,0,,flag rate: share of replicates with the flag = 1
1a,null_contint_n2000,null,,2000,all,10000,flag.rep_error,,0,,,,0,,flag rate: share of replicates with the flag = 1
1a,null_contint_n2000,null,,2000,all,10000,EDGE.poly3.u.G10,0.01,0.0099,0.000990049998737437,,,0,0.0099,""
1a,null_contint_n2000,null,,2000,all,10000,EDGE.poly3.u.G10,0.05,0.0473,0.00212279791784334,,,0,0.0473,""
1a,null_contint_n2000,null,,2000,all,10000,EDGE.poly3.u.G10,0.1,0.0987,0.00298258797020306,,,0,0.0987,""
1a,null_contint_n2000,null,,2000,all,10000,EDGE.poly3.sc.G10,0.01,0.0114,0.00106160444610976,,,0,0.0114,""
1a,null_contint_n2000,null,,2000,all,10000,EDGE.poly3.sc.G10,0.05,0.0484,0.00214609971809327,,,0,0.0484,""
1a,null_contint_n2000,null,,2000,all,10000,EDGE.poly3.sc.G10,0.1,0.0975,0.00296637404923924,,,0,0.0975,""
1a,null_contint_n2000,null,,2000,all,10000,EDGE.poly2.u.G10,0.01,0.0107,0.00102885907684192,,,0,0.0107,""
1a,null_contint_n2000,null,,2000,all,10000,EDGE.poly2.u.G10,0.05,0.049,0.0021586801523153,,,0,0.049,""
1a,null_contint_n2000,null,,2000,all,10000,EDGE.poly2.u.G10,0.1,0.097,0.00295957767257425,,,0,0.097,""
1a,null_contint_n2000,null,,2000,all,10000,EDGE.poly2.sc.G10,0.01,0.0105,0.00101930123123638,,,0,0.0105,""
1a,null_contint_n2000,null,,2000,all,10000,EDGE.poly2.sc.G10,0.05,0.0476,0.00212918388120895,,,0,0.0476,""
1a,null_contint_n2000,null,,2000,all,10000,EDGE.poly2.sc.G10,0.1,0.0966,0.00295412322017887,,,0,0.0966,""
1a,null_contint_n2000,null,,2000,all,10000,EDGE.stk.u.G10,0.01,0.0108,0.00103360340556715,,,0,0.0108,""
1a,null_contint_n2000,null,,2000,all,10000,EDGE.stk.u.G10,0.05,0.0482,0.00214188608473934,,,0,0.0482,""
1a,null_contint_n2000,null,,2000,all,10000,EDGE.stk.u.G10,0.1,0.0945,0.00292523076012816,,,0,0.0945,""
1a,null_contint_n2000,null,,2000,all,10000,EDGE.stk.sc.G10,0.01,0.0112,0.00105235735375394,,,0,0.0112,""
1a,null_contint_n2000,null,,2000,all,10000,EDGE.stk.sc.G10,0.05,0.0491,0.00216076815045021,,,0,0.0491,""
1a,null_contint_n2000,null,,2000,all,10000,EDGE.stk.sc.G10,0.1,0.0965,0.00295275718608896,,,0,0.0965,""
1a,null_contint_n2000,null,,2000,all,10000,EDGE.sym.u.G10,0.01,0.0105,0.00101930123123638,,,0,0.0105,""
1a,null_contint_n2000,null,,2000,all,10000,EDGE.sym.u.G10,0.05,0.0474,0.00212492917529032,,,0,0.0474,""
1a,null_contint_n2000,null,,2000,all,10000,EDGE.sym.u.G10,0.1,0.1007,0.00300931071842042,,,0,0.1007,""
1a,null_contint_n2000,null,,2000,all,10000,EDGE.sym.sc.G10,0.01,0.0108,0.00103360340556715,,,0,0.0108,""
1a,null_contint_n2000,null,,2000,all,10000,EDGE.sym.sc.G10,0.05,0.048,0.00213766227454198,,,0,0.048,""
1a,null_contint_n2000,null,,2000,all,10000,EDGE.sym.sc.G10,0.1,0.0995,0.00299332173345934,,,0,0.0995,""
1a,null_contint_n2000,null,,2000,all,10000,EDGE.poly3.u.Grule,0.01,0.0112,0.00105235735375394,,,0,0.0112,""
1a,null_contint_n2000,null,,2000,all,10000,EDGE.poly3.u.Grule,0.05,0.05,0.00217944947177034,,,0,0.05,""
1a,null_contint_n2000,null,,2000,all,10000,EDGE.poly3.u.Grule,0.1,0.0971,0.00296093887137171,,,0,0.0971,""
1a,null_contint_n2000,null,,2000,all,10000,EDGE.poly3.sc.Grule,0.01,0.0128,0.00112410675649602,,,0,0.0128,""
1a,null_contint_n2000,null,,2000,all,10000,EDGE.poly3.sc.Grule,0.05,0.0526,0.00223233599621562,,,0,0.0526,""
1a,null_contint_n2000,null,,2000,all,10000,EDGE.poly3.sc.Grule,0.1,0.0973,0.0029636583811229,,,0,0.0973,""
1a,null_contint_n2000,null,,2000,all,10000,EDGE.poly2.u.Grule,0.01,0.0108,0.00103360340556715,,,0,0.0108,""
1a,null_contint_n2000,null,,2000,all,10000,EDGE.poly2.u.Grule,0.05,0.0499,0.00217738352156895,,,0,0.0499,""
1a,null_contint_n2000,null,,2000,all,10000,EDGE.poly2.u.Grule,0.1,0.1008,0.00301063714186881,,,0,0.1008,""
1a,null_contint_n2000,null,,2000,all,10000,EDGE.poly2.sc.Grule,0.01,0.0104,0.00101448706250992,,,0,0.0104,""
1a,null_contint_n2000,null,,2000,all,10000,EDGE.poly2.sc.Grule,0.05,0.0476,0.00212918388120895,,,0,0.0476,""
1a,null_contint_n2000,null,,2000,all,10000,EDGE.poly2.sc.Grule,0.1,0.0983,0.00297719851538321,,,0,0.0983,""
1a,null_contint_n2000,null,,2000,all,10000,EDGE.stk.u.Grule,0.01,0.0116,0.00107076794871718,,,0,0.0116,""
1a,null_contint_n2000,null,,2000,all,10000,EDGE.stk.u.Grule,0.05,0.0505,0.00218974313562116,,,0,0.0505,""
1a,null_contint_n2000,null,,2000,all,10000,EDGE.stk.u.Grule,0.1,0.0974,0.00296501669472534,,,0,0.0974,""
1a,null_contint_n2000,null,,2000,all,10000,EDGE.stk.sc.Grule,0.01,0.0133,0.00114556143440673,,,0,0.0133,""
1a,null_contint_n2000,null,,2000,all,10000,EDGE.stk.sc.Grule,0.05,0.0555,0.0022895359791888,,,0,0.0555,""
1a,null_contint_n2000,null,,2000,all,10000,EDGE.stk.sc.Grule,0.1,0.0996,0.00299465924605789,,,0,0.0996,""
1a,null_contint_n2000,null,,2000,all,10000,EDGE.sym.u.Grule,0.01,0.0098,0.000985086798206128,,,0,0.0098,""
1a,null_contint_n2000,null,,2000,all,10000,EDGE.sym.u.Grule,0.05,0.0493,0.00216493671962947,,,0,0.0493,""
1a,null_contint_n2000,null,,2000,all,10000,EDGE.sym.u.Grule,0.1,0.0971,0.00296093887137171,,,0,0.0971,""
1a,null_contint_n2000,null,,2000,all,10000,EDGE.sym.sc.Grule,0.01,0.0105,0.00101930123123638,,,0,0.0105,""
1a,null_contint_n2000,null,,2000,all,10000,EDGE.sym.sc.Grule,0.05,0.0521,0.00222228688517032,,,0,0.0521,""
1a,null_contint_n2000,null,,2000,all,10000,EDGE.sym.sc.Grule,0.1,0.0991,0.00298796234916038,,,0,0.0991,""
1a,null_contint_n2000,null,,2000,all,10000,HL.G10,0.01,0.0088,0.000933946465275178,,,0,0.0088,""
1a,null_contint_n2000,null,,2000,all,10000,HL.G10,0.05,0.0488,0.00215449669296567,,,0,0.0488,""
1a,null_contint_n2000,null,,2000,all,10000,HL.G10,0.1,0.1003,0.00300399583887861,,,0,0.1003,""
1a,null_contint_n2000,null,,2000,all,10000,HL.Grule,0.01,0.0083,0.000907254650029417,,,0,0.0083,""
1a,null_contint_n2000,null,,2000,all,10000,HL.Grule,0.05,0.0475,0.00212705782714058,,,0,0.0475,""
1a,null_contint_n2000,null,,2000,all,10000,HL.Grule,0.1,0.0948,0.0029293849183745,,,0,0.0948,""
1a,null_contint_n2000,null,,2000,all,10000,HLF.G10,0.01,0.0088,0.000933946465275178,,,0,0.0088,""
1a,null_contint_n2000,null,,2000,all,10000,HLF.G10,0.05,0.049,0.0021586801523153,,,0,0.049,""
1a,null_contint_n2000,null,,2000,all,10000,HLF.G10,0.1,0.1004,0.00300532593906218,,,0,0.1004,""
1a,null_contint_n2000,null,,2000,all,10000,HLF.Grule,0.01,0.0079,0.000885301643509149,,,0,0.0079,""
1a,null_contint_n2000,null,,2000,all,10000,HLF.Grule,0.05,0.0464,0.00210349803898173,,,0,0.0464,""
1a,null_contint_n2000,null,,2000,all,10000,HLF.Grule,0.1,0.0948,0.0029293849183745,,,0,0.0948,""
1a,null_contint_n2000,null,,2000,all,10000,Stk.joint,0.01,0.0111,0.00104770177054351,,,0,0.0111,""
1a,null_contint_n2000,null,,2000,all,10000,Stk.joint,0.05,0.0503,0.0021856328602947,,,0,0.0503,""
1a,null_contint_n2000,null,,2000,all,10000,Stk.joint,0.1,0.0976,0.00296773044598056,,,0,0.0976,""
1a,null_contint_n2000,null,,2000,all,10000,Stk.LR,0.01,0.0107,0.00102885907684192,,,0,0.0107,""
1a,null_contint_n2000,null,,2000,all,10000,Stk.LR,0.05,0.0512,0.00220405444578849,,,0,0.0512,""
1a,null_contint_n2000,null,,2000,all,10000,Stk.LR,0.1,0.1004,0.00300532593906218,,,0,0.1004,""
1a,null_contint_n2000,null,,2000,all,10000,Stk.sym1,0.01,0.0111,0.00104770177054351,,,0,0.0111,""
1a,null_contint_n2000,null,,2000,all,10000,Stk.sym1,0.05,0.0499,0.00217738352156895,,,0,0.0499,""
1a,null_contint_n2000,null,,2000,all,10000,Stk.sym1,0.1,0.0969,0.00295821550939075,,,0,0.0969,""
1a,null_contint_n2000,null,,2000,all,10000,Stk.marg,0.01,0.022,0.00146683332386471,,,0,0.022,""
1a,null_contint_n2000,null,,2000,all,10000,Stk.marg,0.05,0.0675,0.00250885930255166,,,0,0.0675,""
1a,null_contint_n2000,null,,2000,all,10000,Stk.marg,0.1,0.1149,0.00318901222951559,,,0,0.1149,""
1a,null_contint_n2000,null,,2000,all,10000,GiViTI,0.01,0.0109,0.00103832509360027,,,0,0.0109,""
1a,null_contint_n2000,null,,2000,all,10000,GiViTI,0.05,0.0506,0.00219179469841498,,,0,0.0506,""
1a,null_contint_n2000,null,,2000,all,10000,GiViTI,0.1,0.1009,0.0030119626491708,,,0,0.1009,""
1a,null_contint_n2000,null,,2000,all,10000,GiViTI.t50,0.01,0.0108,0.00103360340556715,,,0,0.0108,""
1a,null_contint_n2000,null,,2000,all,10000,GiViTI.t50,0.05,0.0484,0.00214609971809327,,,0,0.0484,""
1a,null_contint_n2000,null,,2000,all,10000,GiViTI.t50,0.1,0.0982,0.00297584878648093,,,0,0.0982,""
1a,null_contint_n2000,null,,2000,all,10000,Cubic.LR,0.01,0.0092,0.000954743944730732,,,0,0.0092,""
1a,null_contint_n2000,null,,2000,all,10000,Cubic.LR,0.05,0.048,0.00213766227454198,,,0,0.048,""
1a,null_contint_n2000,null,,2000,all,10000,Cubic.LR,0.1,0.0953,0.00293628864384958,,,0,0.0953,""
1a,null_contint_n2000,null,,2000,all,10000,HL_w,0.01,0.0101,0.000999899494949367,,,0,0.0101,""
1a,null_contint_n2000,null,,2000,all,10000,HL_w,0.05,0.0469,0.00211424667434999,,,0,0.0469,""
1a,null_contint_n2000,null,,2000,all,10000,HL_w,0.1,0.0936,0.00291271419813205,,,0,0.0936,""
1a,null_contint_n2000,null,,2000,all,10000,PH,0.01,0.0048,0.000691155554126566,,,0,0.0048,""
1a,null_contint_n2000,null,,2000,all,10000,PH,0.05,0.0314,0.00174396215555269,,,0,0.0314,""
1a,null_contint_n2000,null,,2000,all,10000,PH,0.1,0.067,0.00250021999032085,,,0,0.067,""
1a,null_contint_n2000,null,,2000,all,10000,Tsiatis,0.01,0.009,0.000944404574321832,,,0,0.009,""
1a,null_contint_n2000,null,,2000,all,10000,Tsiatis,0.05,0.0521,0.00222228688517032,,,0,0.0521,""
1a,null_contint_n2000,null,,2000,all,10000,Tsiatis,0.1,0.1043,0.00305649325207827,,,0,0.1043,""
1a,null_contint_n2000,null,,2000,all,10000,Xie,0.01,0.0052,0.000719232924719107,,,0,0.0052,""
1a,null_contint_n2000,null,,2000,all,10000,Xie,0.05,0.0289,0.001675254905977,,,0,0.0289,""
1a,null_contint_n2000,null,,2000,all,10000,Xie,0.1,0.0646,0.00245818713689581,,,0,0.0646,""
1a,null_contint_n2000,null,,2000,all,10000,PR,0.01,0,0,,,1,,no p-value in any replicate
1a,null_contint_n2000,null,,2000,all,10000,PR,0.05,0,0,,,1,,no p-value in any replicate
1a,null_contint_n2000,null,,2000,all,10000,PR,0.1,0,0,,,1,,no p-value in any replicate
1a,null_link_n2000,null,,2000,all,10000,flag.evlt.G10,,0,,,,0,,flag rate: share of replicates with the flag = 1
1a,null_link_n2000,null,,2000,all,10000,flag.evlt.Grule,,0,,,,0,,flag rate: share of replicates with the flag = 1
1a,null_link_n2000,null,,2000,all,10000,flag.stk_half0,,0,,,,0,,flag rate: share of replicates with the flag = 1
1a,null_link_n2000,null,,2000,all,10000,flag.stk_diag,,0,,,,0,,flag rate: share of replicates with the flag = 1
1a,null_link_n2000,null,,2000,all,10000,flag.rivals_run,,1,,,,0,,flag rate: share of replicates with the flag = 1
1a,null_link_n2000,null,,2000,all,10000,flag.degenerate,,0,,,,0,,flag rate: share of replicates with the flag = 1
1a,null_link_n2000,null,,2000,all,10000,flag.info_guard,,0,,,,0,,flag rate: share of replicates with the flag = 1
1a,null_link_n2000,null,,2000,all,10000,flag.rep_error,,0,,,,0,,flag rate: share of replicates with the flag = 1
1a,null_link_n2000,null,,2000,all,10000,EDGE.poly3.u.G10,0.01,0.0106,0.00102409179276079,,,0,0.0106,""
1a,null_link_n2000,null,,2000,all,10000,EDGE.poly3.u.G10,0.05,0.0487,0.00215240121724552,,,0,0.0487,""
1a,null_link_n2000,null,,2000,all,10000,EDGE.poly3.u.G10,0.1,0.1023,0.00303042422772786,,,0,0.1023,""
1a,null_link_n2000,null,,2000,all,10000,EDGE.poly3.sc.G10,0.01,0.0092,0.000954743944730732,,,0,0.0092,""
1a,null_link_n2000,null,,2000,all,10000,EDGE.poly3.sc.G10,0.05,0.0494,0.0021670173049609,,,0,0.0494,""
1a,null_link_n2000,null,,2000,all,10000,EDGE.poly3.sc.G10,0.1,0.1026,0.00303435726307895,,,0,0.1026,""
1a,null_link_n2000,null,,2000,all,10000,EDGE.poly2.u.G10,0.01,0.0094,0.000964968393264774,,,0,0.0094,""
1a,null_link_n2000,null,,2000,all,10000,EDGE.poly2.u.G10,0.05,0.0486,0.00215030323442997,,,0,0.0486,""
1a,null_link_n2000,null,,2000,all,10000,EDGE.poly2.u.G10,0.1,0.0984,0.00297854729692177,,,0,0.0984,""
1a,null_link_n2000,null,,2000,all,10000,EDGE.poly2.sc.G10,0.01,0.0094,0.000964968393264774,,,0,0.0094,""
1a,null_link_n2000,null,,2000,all,10000,EDGE.poly2.sc.G10,0.05,0.0494,0.0021670173049609,,,0,0.0494,""
1a,null_link_n2000,null,,2000,all,10000,EDGE.poly2.sc.G10,0.1,0.0997,0.00299599582776746,,,0,0.0997,""
1a,null_link_n2000,null,,2000,all,10000,EDGE.stk.u.G10,0.01,0.0116,0.00107076794871718,,,0,0.0116,""
1a,null_link_n2000,null,,2000,all,10000,EDGE.stk.u.G10,0.05,0.0504,0.00218768919181862,,,0,0.0504,""
1a,null_link_n2000,null,,2000,all,10000,EDGE.stk.u.G10,0.1,0.0974,0.00296501669472534,,,0,0.0974,""
1a,null_link_n2000,null,,2000,all,10000,EDGE.stk.sc.G10,0.01,0.0091,0.000949588858401361,,,0,0.0091,""
1a,null_link_n2000,null,,2000,all,10000,EDGE.stk.sc.G10,0.05,0.0494,0.0021670173049609,,,0,0.0494,""
1a,null_link_n2000,null,,2000,all,10000,EDGE.stk.sc.G10,0.1,0.102,0.00302648310750283,,,0,0.102,""
1a,null_link_n2000,null,,2000,all,10000,EDGE.sym.u.G10,0.01,0.0094,0.000964968393264774,,,0,0.0094,""
1a,null_link_n2000,null,,2000,all,10000,EDGE.sym.u.G10,0.05,0.0525,0.00223033069296909,,,0,0.0525,""
1a,null_link_n2000,null,,2000,all,10000,EDGE.sym.u.G10,0.1,0.1058,0.00307581468882636,,,0,0.1058,""
1a,null_link_n2000,null,,2000,all,10000,EDGE.sym.sc.G10,0.01,0.0095,0.000970038659023443,,,0,0.0095,""
1a,null_link_n2000,null,,2000,all,10000,EDGE.sym.sc.G10,0.05,0.05,0.00217944947177034,,,0,0.05,""
1a,null_link_n2000,null,,2000,all,10000,EDGE.sym.sc.G10,0.1,0.1076,0.003098745552639,,,0,0.1076,""
1a,null_link_n2000,null,,2000,all,10000,EDGE.poly3.u.Grule,0.01,0.0092,0.000954743944730732,,,0,0.0092,""
1a,null_link_n2000,null,,2000,all,10000,EDGE.poly3.u.Grule,0.05,0.049,0.0021586801523153,,,0,0.049,""
1a,null_link_n2000,null,,2000,all,10000,EDGE.poly3.u.Grule,0.1,0.1008,0.00301063714186881,,,0,0.1008,""
1a,null_link_n2000,null,,2000,all,10000,EDGE.poly3.sc.Grule,0.01,0.0103,0.00100964894889263,,,0,0.0103,""
1a,null_link_n2000,null,,2000,all,10000,EDGE.poly3.sc.Grule,0.05,0.0526,0.00223233599621562,,,0,0.0526,""
1a,null_link_n2000,null,,2000,all,10000,EDGE.poly3.sc.Grule,0.1,0.1016,0.0030212156493703,,,0,0.1016,""
1a,null_link_n2000,null,,2000,all,10000,EDGE.poly2.u.Grule,0.01,0.0097,0.000980097444135021,,,0,0.0097,""
1a,null_link_n2000,null,,2000,all,10000,EDGE.poly2.u.Grule,0.05,0.052,0.00222027025382047,,,0,0.052,""
1a,null_link_n2000,null,,2000,all,10000,EDGE.poly2.u.Grule,0.1,0.1016,0.0030212156493703,,,0,0.1016,""
1a,null_link_n2000,null,,2000,all,10000,EDGE.poly2.sc.Grule,0.01,0.0098,0.000985086798206128,,,0,0.0098,""
1a,null_link_n2000,null,,2000,all,10000,EDGE.poly2.sc.Grule,0.05,0.0478,0.00213342822705616,,,0,0.0478,""
1a,null_link_n2000,null,,2000,all,10000,EDGE.poly2.sc.Grule,0.1,0.0997,0.00299599582776746,,,0,0.0997,""
1a,null_link_n2000,null,,2000,all,10000,EDGE.stk.u.Grule,0.01,0.01,0.00099498743710662,,,0,0.01,""
1a,null_link_n2000,null,,2000,all,10000,EDGE.stk.u.Grule,0.05,0.051,0.00219997727260988,,,0,0.051,""
1a,null_link_n2000,null,,2000,all,10000,EDGE.stk.u.Grule,0.1,0.098,0.00297314648142334,,,0,0.098,""
1a,null_link_n2000,null,,2000,all,10000,EDGE.stk.sc.Grule,0.01,0.0093,0.000959870303739,,,0,0.0093,""
1a,null_link_n2000,null,,2000,all,10000,EDGE.stk.sc.Grule,0.05,0.0491,0.00216076815045021,,,0,0.0491,""
1a,null_link_n2000,null,,2000,all,10000,EDGE.stk.sc.Grule,0.1,0.1009,0.0030119626491708,,,0,0.1009,""
1a,null_link_n2000,null,,2000,all,10000,EDGE.sym.u.Grule,0.01,0.0104,0.00101448706250992,,,0,0.0104,""
1a,null_link_n2000,null,,2000,all,10000,EDGE.sym.u.Grule,0.05,0.0541,0.00226214919932351,,,0,0.0541,""
1a,null_link_n2000,null,,2000,all,10000,EDGE.sym.u.Grule,0.1,0.1053,0.00306939586889668,,,0,0.1053,""
1a,null_link_n2000,null,,2000,all,10000,EDGE.sym.sc.Grule,0.01,0.0106,0.00102409179276079,,,0,0.0106,""
1a,null_link_n2000,null,,2000,all,10000,EDGE.sym.sc.Grule,0.05,0.0526,0.00223233599621562,,,0,0.0526,""
1a,null_link_n2000,null,,2000,all,10000,EDGE.sym.sc.Grule,0.1,0.1053,0.00306939586889668,,,0,0.1053,""
1a,null_link_n2000,null,,2000,all,10000,HL.G10,0.01,0.009,0.000944404574321832,,,0,0.009,""
1a,null_link_n2000,null,,2000,all,10000,HL.G10,0.05,0.0485,0.00214820273717357,,,0,0.0485,""
1a,null_link_n2000,null,,2000,all,10000,HL.G10,0.1,0.0987,0.00298258797020306,,,0,0.0987,""
1a,null_link_n2000,null,,2000,all,10000,HL.Grule,0.01,0.0093,0.000959870303739,,,0,0.0093,""
1a,null_link_n2000,null,,2000,all,10000,HL.Grule,0.05,0.0485,0.00214820273717357,,,0,0.0485,""
1a,null_link_n2000,null,,2000,all,10000,HL.Grule,0.1,0.0999,0.00299866620349782,,,0,0.0999,""
1a,null_link_n2000,null,,2000,all,10000,HLF.G10,0.01,0.009,0.000944404574321832,,,0,0.009,""
1a,null_link_n2000,null,,2000,all,10000,HLF.G10,0.05,0.0488,0.00215449669296567,,,0,0.0488,""
1a,null_link_n2000,null,,2000,all,10000,HLF.G10,0.1,0.099,0.00298662016332844,,,0,0.099,""
1a,null_link_n2000,null,,2000,all,10000,HLF.Grule,0.01,0.0098,0.000985086798206128,,,0,0.0098,""
1a,null_link_n2000,null,,2000,all,10000,HLF.Grule,0.05,0.0487,0.00215240121724552,,,0,0.0487,""
1a,null_link_n2000,null,,2000,all,10000,HLF.Grule,0.1,0.0993,0.00299064391059852,,,0,0.0993,""
1a,null_link_n2000,null,,2000,all,10000,Stk.joint,0.01,0.0096,0.000975081535052326,,,0,0.0096,""
1a,null_link_n2000,null,,2000,all,10000,Stk.joint,0.05,0.049,0.0021586801523153,,,0,0.049,""
1a,null_link_n2000,null,,2000,all,10000,Stk.joint,0.1,0.101,0.0030132872415354,,,0,0.101,""
1a,null_link_n2000,null,,2000,all,10000,Stk.LR,0.01,0.0092,0.000954743944730732,,,0,0.0092,""
1a,null_link_n2000,null,,2000,all,10000,Stk.LR,0.05,0.0487,0.00215240121724552,,,0,0.0487,""
1a,null_link_n2000,null,,2000,all,10000,Stk.LR,0.1,0.1002,0.00300266481645887,,,0,0.1002,""
1a,null_link_n2000,null,,2000,all,10000,Stk.sym1,0.01,0.011,0.00104302444841912,,,0,0.011,""
1a,null_link_n2000,null,,2000,all,10000,Stk.sym1,0.05,0.0529,0.00223833844625874,,,0,0.0529,""
1a,null_link_n2000,null,,2000,all,10000,Stk.sym1,0.1,0.1045,0.00305908074427597,,,0,0.1045,""
1a,null_link_n2000,null,,2000,all,10000,Stk.marg,0.01,0.0215,0.00145043958853859,,,0,0.0215,""
1a,null_link_n2000,null,,2000,all,10000,Stk.marg,0.05,0.0711,0.00256991809207998,,,0,0.0711,""
1a,null_link_n2000,null,,2000,all,10000,Stk.marg,0.1,0.1155,0.00319624388931758,,,0,0.1155,""
1a,null_link_n2000,null,,2000,all,10000,GiViTI,0.01,0.0093,0.000959870303739,,,0,0.0093,""
1a,null_link_n2000,null,,2000,all,10000,GiViTI,0.05,0.0521,0.00222228688517032,,,0,0.0521,""
1a,null_link_n2000,null,,2000,all,10000,GiViTI,0.1,0.101,0.0030132872415354,,,0,0.101,""
1a,null_link_n2000,null,,2000,all,10000,GiViTI.t50,0.01,0.0095,0.000970038659023443,,,0,0.0095,""
1a,null_link_n2000,null,,2000,all,10000,GiViTI.t50,0.05,0.0496,0.00217117111255654,,,0,0.0496,""
1a,null_link_n2000,null,,2000,all,10000,GiViTI.t50,0.1,0.0969,0.00295821550939075,,,0,0.0969,""
1a,null_link_n2000,null,,2000,all,10000,Cubic.LR,0.01,0.0082,0.000901818163489736,,,0,0.0082,""
1a,null_link_n2000,null,,2000,all,10000,Cubic.LR,0.05,0.046,0.00209485083001153,,,0,0.046,""
1a,null_link_n2000,null,,2000,all,10000,Cubic.LR,0.1,0.0979,0.00297179390267899,,,0,0.0979,""
1a,null_link_n2000,null,,2000,all,10000,HL_w,0.01,0.0095,0.000970038659023443,,,0,0.0095,""
1a,null_link_n2000,null,,2000,all,10000,HL_w,0.05,0.0476,0.00212918388120895,,,0,0.0476,""
1a,null_link_n2000,null,,2000,all,10000,HL_w,0.1,0.0971,0.00296093887137171,,,0,0.0971,""
1a,null_link_n2000,null,,2000,all,10000,PH,0.01,0.0056,0.000746233207516256,,,0,0.0056,""
1a,null_link_n2000,null,,2000,all,10000,PH,0.05,0.0308,0.00172775461220626,,,0,0.0308,""
1a,null_link_n2000,null,,2000,all,10000,PH,0.1,0.0657,0.00247756957520874,,,0,0.0657,""
1a,null_link_n2000,null,,2000,all,10000,Tsiatis,0.01,0.0109,0.00103832509360027,,,0,0.0109,""
1a,null_link_n2000,null,,2000,all,10000,Tsiatis,0.05,0.0529,0.00223833844625874,,,0,0.0529,""
1a,null_link_n2000,null,,2000,all,10000,Tsiatis,0.1,0.104,0.00305260544453423,,,0,0.104,""
1a,null_link_n2000,null,,2000,all,10000,Xie,0.01,0.0058,0.000759365524632242,,,0,0.0058,""
1a,null_link_n2000,null,,2000,all,10000,Xie,0.05,0.0323,0.00176795673023974,,,0,0.0323,""
1a,null_link_n2000,null,,2000,all,10000,Xie,0.1,0.0654,0.00247230337944193,,,0,0.0654,""
1a,null_link_n2000,null,,2000,all,10000,PR,0.01,0.0095,0.000970038659023443,,,0,0.0095,""
1a,null_link_n2000,null,,2000,all,10000,PR,0.05,0.0571,0.00232033596705305,,,0,0.0571,""
1a,null_link_n2000,null,,2000,all,10000,PR,0.1,0.1218,0.00327054674328315,,,0,0.1218,""
1a,null_rough_n2000,null,,2000,all,10000,flag.evlt.G10,,0,,,,0,,flag rate: share of replicates with the flag = 1
1a,null_rough_n2000,null,,2000,all,10000,flag.evlt.Grule,,0,,,,0,,flag rate: share of replicates with the flag = 1
1a,null_rough_n2000,null,,2000,all,10000,flag.stk_half0,,0,,,,0,,flag rate: share of replicates with the flag = 1
1a,null_rough_n2000,null,,2000,all,10000,flag.stk_diag,,0,,,,0,,flag rate: share of replicates with the flag = 1
1a,null_rough_n2000,null,,2000,all,10000,flag.rivals_run,,1,,,,0,,flag rate: share of replicates with the flag = 1
1a,null_rough_n2000,null,,2000,all,10000,flag.degenerate,,0,,,,0,,flag rate: share of replicates with the flag = 1
1a,null_rough_n2000,null,,2000,all,10000,flag.info_guard,,0,,,,0,,flag rate: share of replicates with the flag = 1
1a,null_rough_n2000,null,,2000,all,10000,flag.rep_error,,0,,,,0,,flag rate: share of replicates with the flag = 1
1a,null_rough_n2000,null,,2000,all,10000,EDGE.poly3.u.G10,0.01,0.012,0.0010888526071053,,,0,0.012,""
1a,null_rough_n2000,null,,2000,all,10000,EDGE.poly3.u.G10,0.05,0.0501,0.00218151300706643,,,0,0.0501,""
1a,null_rough_n2000,null,,2000,all,10000,EDGE.poly3.u.G10,0.1,0.099,0.00298662016332844,,,0,0.099,""
1a,null_rough_n2000,null,,2000,all,10000,EDGE.poly3.sc.G10,0.01,0.0116,0.00107076794871718,,,0,0.0116,""
1a,null_rough_n2000,null,,2000,all,10000,EDGE.poly3.sc.G10,0.05,0.051,0.00219997727260988,,,0,0.051,""
1a,null_rough_n2000,null,,2000,all,10000,EDGE.poly3.sc.G10,0.1,0.1045,0.00305908074427597,,,0,0.1045,""
1a,null_rough_n2000,null,,2000,all,10000,EDGE.poly2.u.G10,0.01,0.0099,0.000990049998737437,,,0,0.0099,""
1a,null_rough_n2000,null,,2000,all,10000,EDGE.poly2.u.G10,0.05,0.0489,0.00215658966889856,,,0,0.0489,""
1a,null_rough_n2000,null,,2000,all,10000,EDGE.poly2.u.G10,0.1,0.0925,0.0028973047820345,,,0,0.0925,""
1a,null_rough_n2000,null,,2000,all,10000,EDGE.poly2.sc.G10,0.01,0.0107,0.00102885907684192,,,0,0.0107,""
1a,null_rough_n2000,null,,2000,all,10000,EDGE.poly2.sc.G10,0.05,0.0516,0.00221218082443547,,,0,0.0516,""
1a,null_rough_n2000,null,,2000,all,10000,EDGE.poly2.sc.G10,0.1,0.0997,0.00299599582776746,,,0,0.0997,""
1a,null_rough_n2000,null,,2000,all,10000,EDGE.stk.u.G10,0.01,0.0124,0.00110662730853707,,,0,0.0124,""
1a,null_rough_n2000,null,,2000,all,10000,EDGE.stk.u.G10,0.05,0.0512,0.00220405444578849,,,0,0.0512,""
1a,null_rough_n2000,null,,2000,all,10000,EDGE.stk.u.G10,0.1,0.1004,0.00300532593906218,,,0,0.1004,""
1a,null_rough_n2000,null,,2000,all,10000,EDGE.stk.sc.G10,0.01,0.0117,0.00107531902243009,,,0,0.0117,""
1a,null_rough_n2000,null,,2000,all,10000,EDGE.stk.sc.G10,0.05,0.0512,0.00220405444578849,,,0,0.0512,""
1a,null_rough_n2000,null,,2000,all,10000,EDGE.stk.sc.G10,0.1,0.1012,0.00301593368627362,,,0,0.1012,""
1a,null_rough_n2000,null,,2000,all,10000,EDGE.sym.u.G10,0.01,0.0122,0.00109777775528565,,,0,0.0122,""
1a,null_rough_n2000,null,,2000,all,10000,EDGE.sym.u.G10,0.05,0.0539,0.00225820260384227,,,0,0.0539,""
1a,null_rough_n2000,null,,2000,all,10000,EDGE.sym.u.G10,0.1,0.1057,0.00307453264741164,,,0,0.1057,""
1a,null_rough_n2000,null,,2000,all,10000,EDGE.sym.sc.G10,0.01,0.0119,0.00108436110221642,,,0,0.0119,""
1a,null_rough_n2000,null,,2000,all,10000,EDGE.sym.sc.G10,0.05,0.0545,0.00227001651976368,,,0,0.0545,""
1a,null_rough_n2000,null,,2000,all,10000,EDGE.sym.sc.G10,0.1,0.1068,0.00308858802691456,,,0,0.1068,""
1a,null_rough_n2000,null,,2000,all,10000,EDGE.poly3.u.Grule,0.01,0.012,0.0010888526071053,,,0,0.012,""
1a,null_rough_n2000,null,,2000,all,10000,EDGE.poly3.u.Grule,0.05,0.0508,0.00219589070766284,,,0,0.0508,""
1a,null_rough_n2000,null,,2000,all,10000,EDGE.poly3.u.Grule,0.1,0.1037,0.00304870972708128,,,0,0.1037,""
1a,null_rough_n2000,null,,2000,all,10000,EDGE.poly3.sc.Grule,0.01,0.0104,0.00101448706250992,,,0,0.0104,""
1a,null_rough_n2000,null,,2000,all,10000,EDGE.poly3.sc.Grule,0.05,0.0507,0.00219384388687983,,,0,0.0507,""
1a,null_rough_n2000,null,,2000,all,10000,EDGE.poly3.sc.Grule,0.1,0.101,0.0030132872415354,,,0,0.101,""
1a,null_rough_n2000,null,,2000,all,10000,EDGE.poly2.u.Grule,0.01,0.0107,0.00102885907684192,,,0,0.0107,""
1a,null_rough_n2000,null,,2000,all,10000,EDGE.poly2.u.Grule,0.05,0.0488,0.00215449669296567,,,0,0.0488,""
1a,null_rough_n2000,null,,2000,all,10000,EDGE.poly2.u.Grule,0.1,0.0947,0.00292800119535495,,,0,0.0947,""
1a,null_rough_n2000,null,,2000,all,10000,EDGE.poly2.sc.Grule,0.01,0.0117,0.00107531902243009,,,0,0.0117,""
1a,null_rough_n2000,null,,2000,all,10000,EDGE.poly2.sc.Grule,0.05,0.0515,0.00221015270965605,,,0,0.0515,""
1a,null_rough_n2000,null,,2000,all,10000,EDGE.poly2.sc.Grule,0.1,0.1029,0.00303828224495355,,,0,0.1029,""
1a,null_rough_n2000,null,,2000,all,10000,EDGE.stk.u.Grule,0.01,0.0116,0.00107076794871718,,,0,0.0116,""
1a,null_rough_n2000,null,,2000,all,10000,EDGE.stk.u.Grule,0.05,0.0524,0.00222832313635164,,,0,0.0524,""
1a,null_rough_n2000,null,,2000,all,10000,EDGE.stk.u.Grule,0.1,0.101,0.0030132872415354,,,0,0.101,""
1a,null_rough_n2000,null,,2000,all,10000,EDGE.stk.sc.Grule,0.01,0.0106,0.00102409179276079,,,0,0.0106,""
1a,null_rough_n2000,null,,2000,all,10000,EDGE.stk.sc.Grule,0.05,0.051,0.00219997727260988,,,0,0.051,""
1a,null_rough_n2000,null,,2000,all,10000,EDGE.stk.sc.Grule,0.1,0.0999,0.00299866620349782,,,0,0.0999,""
1a,null_rough_n2000,null,,2000,all,10000,EDGE.sym.u.Grule,0.01,0.01,0.00099498743710662,,,0,0.01,""
1a,null_rough_n2000,null,,2000,all,10000,EDGE.sym.u.Grule,0.05,0.0528,0.00223633986683599,,,0,0.0528,""
1a,null_rough_n2000,null,,2000,all,10000,EDGE.sym.u.Grule,0.1,0.1017,0.00302253387077796,,,0,0.1017,""
1a,null_rough_n2000,null,,2000,all,10000,EDGE.sym.sc.Grule,0.01,0.0108,0.00103360340556715,,,0,0.0108,""
1a,null_rough_n2000,null,,2000,all,10000,EDGE.sym.sc.Grule,0.05,0.055,0.0022798026230356,,,0,0.055,""
1a,null_rough_n2000,null,,2000,all,10000,EDGE.sym.sc.Grule,0.1,0.1026,0.00303435726307895,,,0,0.1026,""
1a,null_rough_n2000,null,,2000,all,10000,HL.G10,0.01,0.01,0.00099498743710662,,,0,0.01,""
1a,null_rough_n2000,null,,2000,all,10000,HL.G10,0.05,0.0491,0.00216076815045021,,,0,0.0491,""
1a,null_rough_n2000,null,,2000,all,10000,HL.G10,0.1,0.0964,0.00295139018091475,,,0,0.0964,""
1a,null_rough_n2000,null,,2000,all,10000,HL.Grule,0.01,0.0089,0.000939190608982011,,,0,0.0089,""
1a,null_rough_n2000,null,,2000,all,10000,HL.Grule,0.05,0.0466,0.00210780549387272,,,0,0.0466,""
1a,null_rough_n2000,null,,2000,all,10000,HL.Grule,0.1,0.0972,0.00296229910711258,,,0,0.0972,""
1a,null_rough_n2000,null,,2000,all,10000,HLF.G10,0.01,0.01,0.00099498743710662,,,0,0.01,""
1a,null_rough_n2000,null,,2000,all,10000,HLF.G10,0.05,0.0493,0.00216493671962947,,,0,0.0493,""
1a,null_rough_n2000,null,,2000,all,10000,HLF.G10,0.1,0.0962,0.0029486532519101,,,0,0.0962,""
1a,null_rough_n2000,null,,2000,all,10000,HLF.Grule,0.01,0.009,0.000944404574321832,,,0,0.009,""
1a,null_rough_n2000,null,,2000,all,10000,HLF.Grule,0.05,0.0464,0.00210349803898173,,,0,0.0464,""
1a,null_rough_n2000,null,,2000,all,10000,HLF.Grule,0.1,0.0961,0.00294728332536931,,,0,0.0961,""
1a,null_rough_n2000,null,,2000,all,10000,Stk.joint,0.01,0.0121,0.00109332474590124,,,0,0.0121,""
1a,null_rough_n2000,null,,2000,all,10000,Stk.joint,0.05,0.0522,0.00222430123859157,,,0,0.0522,""
1a,null_rough_n2000,null,,2000,all,10000,Stk.joint,0.1,0.1041,0.00305390225776792,,,0,0.1041,""
1a,null_rough_n2000,null,,2000,all,10000,Stk.LR,0.01,0.0118,0.00107984998958189,,,0,0.0118,""
1a,null_rough_n2000,null,,2000,all,10000,Stk.LR,0.05,0.0525,0.00223033069296909,,,0,0.0525,""
1a,null_rough_n2000,null,,2000,all,10000,Stk.LR,0.1,0.1059,0.00307709587110964,,,0,0.1059,""
1a,null_rough_n2000,null,,2000,all,10000,Stk.sym1,0.01,0.011,0.00104302444841912,,,0,0.011,""
1a,null_rough_n2000,null,,2000,all,10000,Stk.sym1,0.05,0.0543,0.00226608715631151,,,0,0.0543,""
1a,null_rough_n2000,null,,2000,all,10000,Stk.sym1,0.1,0.1022,0.00302911142086256,,,0,0.1022,""
1a,null_rough_n2000,null,,2000,all,10000,Stk.marg,0.01,0.0227,0.00148945325539273,,,0,0.0227,""
1a,null_rough_n2000,null,,2000,all,10000,Stk.marg,0.05,0.0676,0.00251058240255125,,,0,0.0676,""
1a,null_rough_n2000,null,,2000,all,10000,Stk.marg,0.1,0.1105,0.00313511961494295,,,0,0.1105,""
1a,null_rough_n2000,null,,2000,all,10000,GiViTI,0.01,0.0117,0.00107531902243009,,,0,0.0117,""
1a,null_rough_n2000,null,,2000,all,10000,GiViTI,0.05,0.0496,0.00217117111255654,,,0,0.0496,""
1a,null_rough_n2000,null,,2000,all,10000,GiViTI,0.1,0.096,0.00294591242232351,,,0,0.096,""
1a,null_rough_n2000,null,,2000,all,10000,GiViTI.t50,0.01,0.0116,0.00107076794871718,,,0,0.0116,""
1a,null_rough_n2000,null,,2000,all,10000,GiViTI.t50,0.05,0.0493,0.00216493671962947,,,0,0.0493,""
1a,null_rough_n2000,null,,2000,all,10000,GiViTI.t50,0.1,0.0959,0.00294454054140879,,,0,0.0959,""
1a,null_rough_n2000,null,,2000,all,10000,Cubic.LR,0.01,0.0121,0.00109332474590124,,,0,0.0121,""
1a,null_rough_n2000,null,,2000,all,10000,Cubic.LR,0.05,0.0511,0.0022020170299069,,,0,0.0511,""
1a,null_rough_n2000,null,,2000,all,10000,Cubic.LR,0.1,0.1051,0.00306682229677561,,,0,0.1051,""
1a,null_rough_n2000,null,,2000,all,10000,HL_w,0.01,0.012,0.0010888526071053,,,0,0.012,""
1a,null_rough_n2000,null,,2000,all,10000,HL_w,0.05,0.0541,0.00226214919932351,,,0,0.0541,""
1a,null_rough_n2000,null,,2000,all,10000,HL_w,0.1,0.103,0.00303958878797774,,,0,0.103,""
1a,null_rough_n2000,null,,2000,all,10000,PH,0.01,0.0058,0.000759365524632242,,,0,0.0058,""
1a,null_rough_n2000,null,,2000,all,10000,PH,0.05,0.0321,0.00176265680153568,,,0,0.0321,""
1a,null_rough_n2000,null,,2000,all,10000,PH,0.1,0.0649,0.00246349325146224,,,0,0.0649,""
1a,null_rough_n2000,null,,2000,all,10000,Tsiatis,0.01,0.0117,0.00107531902243009,,,0,0.0117,""
1a,null_rough_n2000,null,,2000,all,10000,Tsiatis,0.05,0.0492,0.00216285367050108,,,0,0.0492,""
1a,null_rough_n2000,null,,2000,all,10000,Tsiatis,0.1,0.0966,0.00295412322017887,,,0,0.0966,""
1a,null_rough_n2000,null,,2000,all,10000,Xie,0.01,0.0079,0.000885301643509149,,,0,0.0079,""
1a,null_rough_n2000,null,,2000,all,10000,Xie,0.05,0.0411,0.00198521510169553,,,0,0.0411,""
1a,null_rough_n2000,null,,2000,all,10000,Xie,0.1,0.0813,0.00273295279871424,,,0,0.0813,""
1a,null_rough_n2000,null,,2000,all,10000,PR,0.01,0,0,,,1,,no p-value in any replicate
1a,null_rough_n2000,null,,2000,all,10000,PR,0.05,0,0,,,1,,no p-value in any replicate
1a,null_rough_n2000,null,,2000,all,10000,PR,0.1,0,0,,,1,,no p-value in any replicate
1a,null_quad_n5000,null,,5000,all,10000,flag.evlt.G10,,0,,,,0,,flag rate: share of replicates with the flag = 1
1a,null_quad_n5000,null,,5000,all,10000,flag.evlt.Grule,,0,,,,0,,flag rate: share of replicates with the flag = 1
1a,null_quad_n5000,null,,5000,all,10000,flag.stk_half0,,0,,,,0,,flag rate: share of replicates with the flag = 1
1a,null_quad_n5000,null,,5000,all,10000,flag.stk_diag,,0,,,,0,,flag rate: share of replicates with the flag = 1
1a,null_quad_n5000,null,,5000,all,10000,flag.rivals_run,,1,,,,0,,flag rate: share of replicates with the flag = 1
1a,null_quad_n5000,null,,5000,all,10000,flag.degenerate,,0,,,,0,,flag rate: share of replicates with the flag = 1
1a,null_quad_n5000,null,,5000,all,10000,flag.info_guard,,0,,,,0,,flag rate: share of replicates with the flag = 1
1a,null_quad_n5000,null,,5000,all,10000,flag.rep_error,,0,,,,0,,flag rate: share of replicates with the flag = 1
1a,null_quad_n5000,null,,5000,all,10000,EDGE.poly3.u.G10,0.01,0.0118,0.00107984998958189,,,0,0.0118,""
1a,null_quad_n5000,null,,5000,all,10000,EDGE.poly3.u.G10,0.05,0.052,0.00222027025382047,,,0,0.052,""
1a,null_quad_n5000,null,,5000,all,10000,EDGE.poly3.u.G10,0.1,0.1009,0.0030119626491708,,,0,0.1009,""
1a,null_quad_n5000,null,,5000,all,10000,EDGE.poly3.sc.G10,0.01,0.0114,0.00106160444610976,,,0,0.0114,""
1a,null_quad_n5000,null,,5000,all,10000,EDGE.poly3.sc.G10,0.05,0.0482,0.00214188608473934,,,0,0.0482,""
1a,null_quad_n5000,null,,5000,all,10000,EDGE.poly3.sc.G10,0.1,0.0999,0.00299866620349782,,,0,0.0999,""
1a,null_quad_n5000,null,,5000,all,10000,EDGE.poly2.u.G10,0.01,0.0104,0.00101448706250992,,,0,0.0104,""
1a,null_quad_n5000,null,,5000,all,10000,EDGE.poly2.u.G10,0.05,0.0481,0.00213977545550929,,,0,0.0481,""
1a,null_quad_n5000,null,,5000,all,10000,EDGE.poly2.u.G10,0.1,0.0982,0.00297584878648093,,,0,0.0982,""
1a,null_quad_n5000,null,,5000,all,10000,EDGE.poly2.sc.G10,0.01,0.0089,0.000939190608982011,,,0,0.0089,""
1a,null_quad_n5000,null,,5000,all,10000,EDGE.poly2.sc.G10,0.05,0.0484,0.00214609971809327,,,0,0.0484,""
1a,null_quad_n5000,null,,5000,all,10000,EDGE.poly2.sc.G10,0.1,0.0979,0.00297179390267899,,,0,0.0979,""
1a,null_quad_n5000,null,,5000,all,10000,EDGE.stk.u.G10,0.01,0.0124,0.00110662730853707,,,0,0.0124,""
1a,null_quad_n5000,null,,5000,all,10000,EDGE.stk.u.G10,0.05,0.0501,0.00218151300706643,,,0,0.0501,""
1a,null_quad_n5000,null,,5000,all,10000,EDGE.stk.u.G10,0.1,0.0992,0.0029893035978301,,,0,0.0992,""
1a,null_quad_n5000,null,,5000,all,10000,EDGE.stk.sc.G10,0.01,0.0112,0.00105235735375394,,,0,0.0112,""
1a,null_quad_n5000,null,,5000,all,10000,EDGE.stk.sc.G10,0.05,0.0491,0.00216076815045021,,,0,0.0491,""
1a,null_quad_n5000,null,,5000,all,10000,EDGE.stk.sc.G10,0.1,0.1011,0.00301461092016864,,,0,0.1011,""
1a,null_quad_n5000,null,,5000,all,10000,EDGE.sym.u.G10,0.01,0.0113,0.00105699148530156,,,0,0.0113,""
1a,null_quad_n5000,null,,5000,all,10000,EDGE.sym.u.G10,0.05,0.0523,0.00222631332026739,,,0,0.0523,""
1a,null_quad_n5000,null,,5000,all,10000,EDGE.sym.u.G10,0.1,0.1035,0.00304610817273451,,,0,0.1035,""
1a,null_quad_n5000,null,,5000,all,10000,EDGE.sym.sc.G10,0.01,0.011,0.00104302444841912,,,0,0.011,""
1a,null_quad_n5000,null,,5000,all,10000,EDGE.sym.sc.G10,0.05,0.0519,0.00221825133832936,,,0,0.0519,""
1a,null_quad_n5000,null,,5000,all,10000,EDGE.sym.sc.G10,0.1,0.1019,0.00302516759866292,,,0,0.1019,""
1a,null_quad_n5000,null,,5000,all,10000,EDGE.poly3.u.Grule,0.01,0.0119,0.00108436110221642,,,0,0.0119,""
1a,null_quad_n5000,null,,5000,all,10000,EDGE.poly3.u.Grule,0.05,0.0509,0.00219793516737869,,,0,0.0509,""
1a,null_quad_n5000,null,,5000,all,10000,EDGE.poly3.u.Grule,0.1,0.1024,0.00303173613627571,,,0,0.1024,""
1a,null_quad_n5000,null,,5000,all,10000,EDGE.poly3.sc.Grule,0.01,0.0116,0.00107076794871718,,,0,0.0116,""
1a,null_quad_n5000,null,,5000,all,10000,EDGE.poly3.sc.Grule,0.05,0.0512,0.00220405444578849,,,0,0.0512,""
1a,null_quad_n5000,null,,5000,all,10000,EDGE.poly3.sc.Grule,0.1,0.0978,0.00297044037139277,,,0,0.0978,""
1a,null_quad_n5000,null,,5000,all,10000,EDGE.poly2.u.Grule,0.01,0.0108,0.00103360340556715,,,0,0.0108,""
1a,null_quad_n5000,null,,5000,all,10000,EDGE.poly2.u.Grule,0.05,0.049,0.0021586801523153,,,0,0.049,""
1a,null_quad_n5000,null,,5000,all,10000,EDGE.poly2.u.Grule,0.1,0.0969,0.00295821550939075,,,0,0.0969,""
1a,null_quad_n5000,null,,5000,all,10000,EDGE.poly2.sc.Grule,0.01,0.0114,0.00106160444610976,,,0,0.0114,""
1a,null_quad_n5000,null,,5000,all,10000,EDGE.poly2.sc.Grule,0.05,0.05,0.00217944947177034,,,0,0.05,""
1a,null_quad_n5000,null,,5000,all,10000,EDGE.poly2.sc.Grule,0.1,0.1,0.003,,,0,0.1,""
1a,null_quad_n5000,null,,5000,all,10000,EDGE.stk.u.Grule,0.01,0.0123,0.00110221186711086,,,0,0.0123,""
1a,null_quad_n5000,null,,5000,all,10000,EDGE.stk.u.Grule,0.05,0.0492,0.00216285367050108,,,0,0.0492,""
1a,null_quad_n5000,null,,5000,all,10000,EDGE.stk.u.Grule,0.1,0.0955,0.0029390432116592,,,0,0.0955,""
1a,null_quad_n5000,null,,5000,all,10000,EDGE.stk.sc.Grule,0.01,0.01,0.00099498743710662,,,0,0.01,""
1a,null_quad_n5000,null,,5000,all,10000,EDGE.stk.sc.Grule,0.05,0.0508,0.00219589070766284,,,0,0.0508,""
1a,null_quad_n5000,null,,5000,all,10000,EDGE.stk.sc.Grule,0.1,0.0981,0.00297449810892527,,,0,0.0981,""
1a,null_quad_n5000,null,,5000,all,10000,EDGE.sym.u.Grule,0.01,0.0116,0.00107076794871718,,,0,0.0116,""
1a,null_quad_n5000,null,,5000,all,10000,EDGE.sym.u.Grule,0.05,0.0501,0.00218151300706643,,,0,0.0501,""
1a,null_quad_n5000,null,,5000,all,10000,EDGE.sym.u.Grule,0.1,0.0969,0.00295821550939075,,,0,0.0969,""
1a,null_quad_n5000,null,,5000,all,10000,EDGE.sym.sc.Grule,0.01,0.0114,0.00106160444610976,,,0,0.0114,""
1a,null_quad_n5000,null,,5000,all,10000,EDGE.sym.sc.Grule,0.05,0.049,0.0021586801523153,,,0,0.049,""
1a,null_quad_n5000,null,,5000,all,10000,EDGE.sym.sc.Grule,0.1,0.0963,0.00295002220330627,,,0,0.0963,""
1a,null_quad_n5000,null,,5000,all,10000,HL.G10,0.01,0.0107,0.00102885907684192,,,0,0.0107,""
1a,null_quad_n5000,null,,5000,all,10000,HL.G10,0.05,0.0491,0.00216076815045021,,,0,0.0491,""
1a,null_quad_n5000,null,,5000,all,10000,HL.G10,0.1,0.0987,0.00298258797020306,,,0,0.0987,""
1a,null_quad_n5000,null,,5000,all,10000,HL.Grule,0.01,0.0083,0.000907254650029417,,,0,0.0083,""
1a,null_quad_n5000,null,,5000,all,10000,HL.Grule,0.05,0.0457,0.00208833689810816,,,0,0.0457,""
1a,null_quad_n5000,null,,5000,all,10000,HL.Grule,0.1,0.0929,0.00290292249293707,,,0,0.0929,""
1a,null_quad_n5000,null,,5000,all,10000,HLF.G10,0.01,0.0107,0.00102885907684192,,,0,0.0107,""
1a,null_quad_n5000,null,,5000,all,10000,HLF.G10,0.05,0.0492,0.00216285367050108,,,0,0.0492,""
1a,null_quad_n5000,null,,5000,all,10000,HLF.G10,0.1,0.0994,0.00299198328872338,,,0,0.0994,""
1a,null_quad_n5000,null,,5000,all,10000,HLF.Grule,0.01,0.0084,0.000912657657613193,,,0,0.0084,""
1a,null_quad_n5000,null,,5000,all,10000,HLF.Grule,0.05,0.0459,0.00209268225012781,,,0,0.0459,""
1a,null_quad_n5000,null,,5000,all,10000,HLF.Grule,0.1,0.0923,0.00289448976505359,,,0,0.0923,""
1a,null_quad_n5000,null,,5000,all,10000,Stk.joint,0.01,0.0123,0.00110221186711086,,,0,0.0123,""
1a,null_quad_n5000,null,,5000,all,10000,Stk.joint,0.05,0.0501,0.00218151300706643,,,0,0.0501,""
1a,null_quad_n5000,null,,5000,all,10000,Stk.joint,0.1,0.1023,0.00303042422772786,,,0,0.1023,""
1a,null_quad_n5000,null,,5000,all,10000,Stk.LR,0.01,0.0124,0.00110662730853707,,,0,0.0124,""
1a,null_quad_n5000,null,,5000,all,10000,Stk.LR,0.05,0.0507,0.00219384388687983,,,0,0.0507,""
1a,null_quad_n5000,null,,5000,all,10000,Stk.LR,0.1,0.1023,0.00303042422772786,,,0,0.1023,""
1a,null_quad_n5000,null,,5000,all,10000,Stk.sym1,0.01,0.011,0.00104302444841912,,,0,0.011,""
1a,null_quad_n5000,null,,5000,all,10000,Stk.sym1,0.05,0.0487,0.00215240121724552,,,0,0.0487,""
1a,null_quad_n5000,null,,5000,all,10000,Stk.sym1,0.1,0.0961,0.00294728332536931,,,0,0.0961,""
1a,null_quad_n5000,null,,5000,all,10000,Stk.marg,0.01,0.0238,0.00152425588402998,,,0,0.0238,""
1a,null_quad_n5000,null,,5000,all,10000,Stk.marg,0.05,0.0687,0.00252943294040384,,,0,0.0687,""
1a,null_quad_n5000,null,,5000,all,10000,Stk.marg,0.1,0.1166,0.00320943047907257,,,0,0.1166,""
1a,null_quad_n5000,null,,5000,all,10000,GiViTI,0.01,0.0107,0.00102885907684192,,,0,0.0107,""
1a,null_quad_n5000,null,,5000,all,10000,GiViTI,0.05,0.0499,0.00217738352156895,,,0,0.0499,""
1a,null_quad_n5000,null,,5000,all,10000,GiViTI,0.1,0.0996,0.00299465924605789,,,0,0.0996,""
1a,null_quad_n5000,null,,5000,all,10000,GiViTI.t50,0.01,0.0115,0.00106619651096784,,,0,0.0115,""
1a,null_quad_n5000,null,,5000,all,10000,GiViTI.t50,0.05,0.0513,0.00220608952674183,,,0,0.0513,""
1a,null_quad_n5000,null,,5000,all,10000,GiViTI.t50,0.1,0.1012,0.00301593368627362,,,0,0.1012,""
1a,null_quad_n5000,null,,5000,all,10000,Cubic.LR,0.01,0.0117,0.00107531902243009,,,0,0.0117,""
1a,null_quad_n5000,null,,5000,all,10000,Cubic.LR,0.05,0.0522,0.00222430123859157,,,0,0.0522,""
1a,null_quad_n5000,null,,5000,all,10000,Cubic.LR,0.1,0.102,0.00302648310750283,,,0,0.102,""
1a,null_quad_n5000,null,,5000,all,10000,HL_w,0.01,0.0104,0.00101448706250992,,,0,0.0104,""
1a,null_quad_n5000,null,,5000,all,10000,HL_w,0.05,0.0509,0.00219793516737869,,,0,0.0509,""
1a,null_quad_n5000,null,,5000,all,10000,HL_w,0.1,0.0989,0.00298527703907024,,,0,0.0989,""
1a,null_quad_n5000,null,,5000,all,10000,PH,0.01,0.0062,0.000784956049725079,,,0,0.0062,""
1a,null_quad_n5000,null,,5000,all,10000,PH,0.05,0.0318,0.00175467261903752,,,0,0.0318,""
1a,null_quad_n5000,null,,5000,all,10000,PH,0.1,0.0631,0.00243142735856945,,,0,0.0631,""
1a,null_quad_n5000,null,,5000,all,10000,Tsiatis,0.01,0.0109,0.00103832509360027,,,0,0.0109,""
1a,null_quad_n5000,null,,5000,all,10000,Tsiatis,0.05,0.0483,0.00214399416976819,,,0,0.0483,""
1a,null_quad_n5000,null,,5000,all,10000,Tsiatis,0.1,0.1007,0.00300931071842042,,,0,0.1007,""
1a,null_quad_n5000,null,,5000,all,10000,Xie,0.01,0.0066,0.000809718469592981,,,0,0.0066,""
1a,null_quad_n5000,null,,5000,all,10000,Xie,0.05,0.0397,0.00195253450673733,,,0,0.0397,""
1a,null_quad_n5000,null,,5000,all,10000,Xie,0.1,0.082,0.00274364720764168,,,0,0.082,""
1a,null_quad_n5000,null,,5000,all,10000,PR,0.01,0,0,,,1,,no p-value in any replicate
1a,null_quad_n5000,null,,5000,all,10000,PR,0.05,0,0,,,1,,no p-value in any replicate
1a,null_quad_n5000,null,,5000,all,10000,PR,0.1,0,0,,,1,,no p-value in any replicate
1a,null_binint_n5000,null,,5000,all,10000,flag.evlt.G10,,0,,,,0,,flag rate: share of replicates with the flag = 1
1a,null_binint_n5000,null,,5000,all,10000,flag.evlt.Grule,,0,,,,0,,flag rate: share of replicates with the flag = 1
1a,null_binint_n5000,null,,5000,all,10000,flag.stk_half0,,0,,,,0,,flag rate: share of replicates with the flag = 1
1a,null_binint_n5000,null,,5000,all,10000,flag.stk_diag,,0,,,,0,,flag rate: share of replicates with the flag = 1
1a,null_binint_n5000,null,,5000,all,10000,flag.rivals_run,,1,,,,0,,flag rate: share of replicates with the flag = 1
1a,null_binint_n5000,null,,5000,all,10000,flag.degenerate,,0,,,,0,,flag rate: share of replicates with the flag = 1
1a,null_binint_n5000,null,,5000,all,10000,flag.info_guard,,0,,,,0,,flag rate: share of replicates with the flag = 1
1a,null_binint_n5000,null,,5000,all,10000,flag.rep_error,,0,,,,0,,flag rate: share of replicates with the flag = 1
1a,null_binint_n5000,null,,5000,all,10000,EDGE.poly3.u.G10,0.01,0.0099,0.000990049998737437,,,0,0.0099,""
1a,null_binint_n5000,null,,5000,all,10000,EDGE.poly3.u.G10,0.05,0.0533,0.00224631053062572,,,0,0.0533,""
1a,null_binint_n5000,null,,5000,all,10000,EDGE.poly3.u.G10,0.1,0.0996,0.00299465924605789,,,0,0.0996,""
1a,null_binint_n5000,null,,5000,all,10000,EDGE.poly3.sc.G10,0.01,0.0086,0.000923365583070974,,,0,0.0086,""
1a,null_binint_n5000,null,,5000,all,10000,EDGE.poly3.sc.G10,0.05,0.0487,0.00215240121724552,,,0,0.0487,""
1a,null_binint_n5000,null,,5000,all,10000,EDGE.poly3.sc.G10,0.1,0.1008,0.00301063714186881,,,0,0.1008,""
1a,null_binint_n5000,null,,5000,all,10000,EDGE.poly2.u.G10,0.01,0.0103,0.00100964894889263,,,0,0.0103,""
1a,null_binint_n5000,null,,5000,all,10000,EDGE.poly2.u.G10,0.05,0.0511,0.0022020170299069,,,0,0.0511,""
1a,null_binint_n5000,null,,5000,all,10000,EDGE.poly2.u.G10,0.1,0.1009,0.0030119626491708,,,0,0.1009,""
1a,null_binint_n5000,null,,5000,all,10000,EDGE.poly2.sc.G10,0.01,0.0084,0.000912657657613193,,,0,0.0084,""
1a,null_binint_n5000,null,,5000,all,10000,EDGE.poly2.sc.G10,0.05,0.0489,0.00215658966889856,,,0,0.0489,""
1a,null_binint_n5000,null,,5000,all,10000,EDGE.poly2.sc.G10,0.1,0.1009,0.0030119626491708,,,0,0.1009,""
1a,null_binint_n5000,null,,5000,all,10000,EDGE.stk.u.G10,0.01,0.0104,0.00101448706250992,,,0,0.0104,""
1a,null_binint_n5000,null,,5000,all,10000,EDGE.stk.u.G10,0.05,0.0492,0.00216285367050108,,,0,0.0492,""
1a,null_binint_n5000,null,,5000,all,10000,EDGE.stk.u.G10,0.1,0.1002,0.00300266481645887,,,0,0.1002,""
1a,null_binint_n5000,null,,5000,all,10000,EDGE.stk.sc.G10,0.01,0.0089,0.000939190608982011,,,0,0.0089,""
1a,null_binint_n5000,null,,5000,all,10000,EDGE.stk.sc.G10,0.05,0.0487,0.00215240121724552,,,0,0.0487,""
1a,null_binint_n5000,null,,5000,all,10000,EDGE.stk.sc.G10,0.1,0.0996,0.00299465924605789,,,0,0.0996,""
1a,null_binint_n5000,null,,5000,all,10000,EDGE.sym.u.G10,0.01,0.0106,0.00102409179276079,,,0,0.0106,""
1a,null_binint_n5000,null,,5000,all,10000,EDGE.sym.u.G10,0.05,0.051,0.00219997727260988,,,0,0.051,""
1a,null_binint_n5000,null,,5000,all,10000,EDGE.sym.u.G10,0.1,0.1016,0.0030212156493703,,,0,0.1016,""
1a,null_binint_n5000,null,,5000,all,10000,EDGE.sym.sc.G10,0.01,0.0099,0.000990049998737437,,,0,0.0099,""
1a,null_binint_n5000,null,,5000,all,10000,EDGE.sym.sc.G10,0.05,0.0506,0.00219179469841498,,,0,0.0506,""
1a,null_binint_n5000,null,,5000,all,10000,EDGE.sym.sc.G10,0.1,0.1004,0.00300532593906218,,,0,0.1004,""
1a,null_binint_n5000,null,,5000,all,10000,EDGE.poly3.u.Grule,0.01,0.0103,0.00100964894889263,,,0,0.0103,""
1a,null_binint_n5000,null,,5000,all,10000,EDGE.poly3.u.Grule,0.05,0.0504,0.00218768919181862,,,0,0.0504,""
1a,null_binint_n5000,null,,5000,all,10000,EDGE.poly3.u.Grule,0.1,0.1024,0.00303173613627571,,,0,0.1024,""
1a,null_binint_n5000,null,,5000,all,10000,EDGE.poly3.sc.Grule,0.01,0.0095,0.000970038659023443,,,0,0.0095,""
1a,null_binint_n5000,null,,5000,all,10000,EDGE.poly3.sc.Grule,0.05,0.0492,0.00216285367050108,,,0,0.0492,""
1a,null_binint_n5000,null,,5000,all,10000,EDGE.poly3.sc.Grule,0.1,0.1057,0.00307453264741164,,,0,0.1057,""
1a,null_binint_n5000,null,,5000,all,10000,EDGE.poly2.u.Grule,0.01,0.0104,0.00101448706250992,,,0,0.0104,""
1a,null_binint_n5000,null,,5000,all,10000,EDGE.poly2.u.Grule,0.05,0.0496,0.00217117111255654,,,0,0.0496,""
1a,null_binint_n5000,null,,5000,all,10000,EDGE.poly2.u.Grule,0.1,0.0997,0.00299599582776746,,,0,0.0997,""
1a,null_binint_n5000,null,,5000,all,10000,EDGE.poly2.sc.Grule,0.01,0.0094,0.000964968393264774,,,0,0.0094,""
1a,null_binint_n5000,null,,5000,all,10000,EDGE.poly2.sc.Grule,0.05,0.0517,0.00221420662992414,,,0,0.0517,""
1a,null_binint_n5000,null,,5000,all,10000,EDGE.poly2.sc.Grule,0.1,0.1002,0.00300266481645887,,,0,0.1002,""
1a,null_binint_n5000,null,,5000,all,10000,EDGE.stk.u.Grule,0.01,0.0105,0.00101930123123638,,,0,0.0105,""
1a,null_binint_n5000,null,,5000,all,10000,EDGE.stk.u.Grule,0.05,0.0494,0.0021670173049609,,,0,0.0494,""
1a,null_binint_n5000,null,,5000,all,10000,EDGE.stk.u.Grule,0.1,0.1004,0.00300532593906218,,,0,0.1004,""
1a,null_binint_n5000,null,,5000,all,10000,EDGE.stk.sc.Grule,0.01,0.0092,0.000954743944730732,,,0,0.0092,""
1a,null_binint_n5000,null,,5000,all,10000,EDGE.stk.sc.Grule,0.05,0.0502,0.00218357413430366,,,0,0.0502,""
1a,null_binint_n5000,null,,5000,all,10000,EDGE.stk.sc.Grule,0.1,0.1016,0.0030212156493703,,,0,0.1016,""
1a,null_binint_n5000,null,,5000,all,10000,EDGE.sym.u.Grule,0.01,0.0099,0.000990049998737437,,,0,0.0099,""
1a,null_binint_n5000,null,,5000,all,10000,EDGE.sym.u.Grule,0.05,0.0504,0.00218768919181862,,,0,0.0504,""
1a,null_binint_n5000,null,,5000,all,10000,EDGE.sym.u.Grule,0.1,0.1009,0.0030119626491708,,,0,0.1009,""
1a,null_binint_n5000,null,,5000,all,10000,EDGE.sym.sc.Grule,0.01,0.0097,0.000980097444135021,,,0,0.0097,""
1a,null_binint_n5000,null,,5000,all,10000,EDGE.sym.sc.Grule,0.05,0.0508,0.00219589070766284,,,0,0.0508,""
1a,null_binint_n5000,null,,5000,all,10000,EDGE.sym.sc.Grule,0.1,0.0992,0.0029893035978301,,,0,0.0992,""
1a,null_binint_n5000,null,,5000,all,10000,HL.G10,0.01,0.009,0.000944404574321832,,,0,0.009,""
1a,null_binint_n5000,null,,5000,all,10000,HL.G10,0.05,0.0486,0.00215030323442997,,,0,0.0486,""
1a,null_binint_n5000,null,,5000,all,10000,HL.G10,0.1,0.1005,0.00300665511823355,,,0,0.1005,""
1a,null_binint_n5000,null,,5000,all,10000,HL.Grule,0.01,0.0084,0.000912657657613193,,,0,0.0084,""
1a,null_binint_n5000,null,,5000,all,10000,HL.Grule,0.05,0.0474,0.00212492917529032,,,0,0.0474,""
1a,null_binint_n5000,null,,5000,all,10000,HL.Grule,0.1,0.0987,0.00298258797020306,,,0,0.0987,""
1a,null_binint_n5000,null,,5000,all,10000,HLF.G10,0.01,0.0092,0.000954743944730732,,,0,0.0092,""
1a,null_binint_n5000,null,,5000,all,10000,HLF.G10,0.05,0.049,0.0021586801523153,,,0,0.049,""
1a,null_binint_n5000,null,,5000,all,10000,HLF.G10,0.1,0.1002,0.00300266481645887,,,0,0.1002,""
1a,null_binint_n5000,null,,5000,all,10000,HLF.Grule,0.01,0.0085,0.000918027777357526,,,0,0.0085,""
1a,null_binint_n5000,null,,5000,all,10000,HLF.Grule,0.05,0.047,0.00211638843315682,,,0,0.047,""
1a,null_binint_n5000,null,,5000,all,10000,HLF.Grule,0.1,0.0969,0.00295821550939075,,,0,0.0969,""
1a,null_binint_n5000,null,,5000,all,10000,Stk.joint,0.01,0.01,0.00099498743710662,,,0,0.01,""
1a,null_binint_n5000,null,,5000,all,10000,Stk.joint,0.05,0.051,0.00219997727260988,,,0,0.051,""
1a,null_binint_n5000,null,,5000,all,10000,Stk.joint,0.1,0.1031,0.00304089444078547,,,0,0.1031,""
1a,null_binint_n5000,null,,5000,all,10000,Stk.LR,0.01,0.0097,0.000980097444135021,,,0,0.0097,""
1a,null_binint_n5000,null,,5000,all,10000,Stk.LR,0.05,0.0513,0.00220608952674183,,,0,0.0513,""
1a,null_binint_n5000,null,,5000,all,10000,Stk.LR,0.1,0.103,0.00303958878797774,,,0,0.103,""
1a,null_binint_n5000,null,,5000,all,10000,Stk.sym1,0.01,0.0099,0.000990049998737437,,,0,0.0099,""
1a,null_binint_n5000,null,,5000,all,10000,Stk.sym1,0.05,0.0501,0.00218151300706643,,,0,0.0501,""
1a,null_binint_n5000,null,,5000,all,10000,Stk.sym1,0.1,0.0993,0.00299064391059852,,,0,0.0993,""
1a,null_binint_n5000,null,,5000,all,10000,Stk.marg,0.01,0.0224,0.0014798053926108,,,0,0.0224,""
1a,null_binint_n5000,null,,5000,all,10000,Stk.marg,0.05,0.068,0.00251745903640953,,,0,0.068,""
1a,null_binint_n5000,null,,5000,all,10000,Stk.marg,0.1,0.1177,0.00322252556235013,,,0,0.1177,""
1a,null_binint_n5000,null,,5000,all,10000,GiViTI,0.01,0.0104,0.00101448706250992,,,0,0.0104,""
1a,null_binint_n5000,null,,5000,all,10000,GiViTI,0.05,0.0489,0.00215658966889856,,,0,0.0489,""
1a,null_binint_n5000,null,,5000,all,10000,GiViTI,0.1,0.1001,0.003001332870576,,,0,0.1001,""
1a,null_binint_n5000,null,,5000,all,10000,GiViTI.t50,0.01,0.01,0.00099498743710662,,,0,0.01,""
1a,null_binint_n5000,null,,5000,all,10000,GiViTI.t50,0.05,0.0466,0.00210780549387272,,,0,0.0466,""
1a,null_binint_n5000,null,,5000,all,10000,GiViTI.t50,0.1,0.097,0.00295957767257425,,,0,0.097,""
1a,null_binint_n5000,null,,5000,all,10000,Cubic.LR,0.01,0.0085,0.000918027777357526,,,0,0.0085,""
1a,null_binint_n5000,null,,5000,all,10000,Cubic.LR,0.05,0.0481,0.00213977545550929,,,0,0.0481,""
1a,null_binint_n5000,null,,5000,all,10000,Cubic.LR,0.1,0.0985,0.00297989513238302,,,0,0.0985,""
1a,null_binint_n5000,null,,5000,all,10000,HL_w,0.01,0.0094,0.000964968393264774,,,0,0.0094,""
1a,null_binint_n5000,null,,5000,all,10000,HL_w,0.05,0.0515,0.00221015270965605,,,0,0.0515,""
1a,null_binint_n5000,null,,5000,all,10000,HL_w,0.1,0.1027,0.00303566648365725,,,0,0.1027,""
1a,null_binint_n5000,null,,5000,all,10000,PH,0.01,0.005,0.000705336798983294,,,0,0.005,""
1a,null_binint_n5000,null,,5000,all,10000,PH,0.05,0.0295,0.0016920328011005,,,0,0.0295,""
1a,null_binint_n5000,null,,5000,all,10000,PH,0.1,0.0644,0.00245464131799332,,,0,0.0644,""
1a,null_binint_n5000,null,,5000,all,10000,Tsiatis,0.01,0.0111,0.00104770177054351,,,0,0.0111,""
1a,null_binint_n5000,null,,5000,all,10000,Tsiatis,0.05,0.0516,0.00221218082443547,,,0,0.0516,""
1a,null_binint_n5000,null,,5000,all,10000,Tsiatis,0.1,0.1004,0.00300532593906218,,,0,0.1004,""
1a,null_binint_n5000,null,,5000,all,10000,Xie,0.01,0.0056,0.000746233207516256,,,0,0.0056,""
1a,null_binint_n5000,null,,5000,all,10000,Xie,0.05,0.0314,0.00174396215555269,,,0,0.0314,""
1a,null_binint_n5000,null,,5000,all,10000,Xie,0.1,0.0614,0.00240062575175724,,,0,0.0614,""
1a,null_binint_n5000,null,,5000,all,10000,PR,0.01,0.0097,0.000980097444135021,,,0,0.0097,""
1a,null_binint_n5000,null,,5000,all,10000,PR,0.05,0.0585,0.00234686493007161,,,0,0.0585,""
1a,null_binint_n5000,null,,5000,all,10000,PR,0.1,0.119,0.0032378851122299,,,0,0.119,""
1a,null_contint_n5000,null,,5000,all,10000,flag.evlt.G10,,0,,,,0,,flag rate: share of replicates with the flag = 1
1a,null_contint_n5000,null,,5000,all,10000,flag.evlt.Grule,,0,,,,0,,flag rate: share of replicates with the flag = 1
1a,null_contint_n5000,null,,5000,all,10000,flag.stk_half0,,0,,,,0,,flag rate: share of replicates with the flag = 1
1a,null_contint_n5000,null,,5000,all,10000,flag.stk_diag,,0,,,,0,,flag rate: share of replicates with the flag = 1
1a,null_contint_n5000,null,,5000,all,10000,flag.rivals_run,,1,,,,0,,flag rate: share of replicates with the flag = 1
1a,null_contint_n5000,null,,5000,all,10000,flag.degenerate,,0,,,,0,,flag rate: share of replicates with the flag = 1
1a,null_contint_n5000,null,,5000,all,10000,flag.info_guard,,0,,,,0,,flag rate: share of replicates with the flag = 1
1a,null_contint_n5000,null,,5000,all,10000,flag.rep_error,,0,,,,0,,flag rate: share of replicates with the flag = 1
1a,null_contint_n5000,null,,5000,all,10000,EDGE.poly3.u.G10,0.01,0.0087,0.000928671631956097,,,0,0.0087,""
1a,null_contint_n5000,null,,5000,all,10000,EDGE.poly3.u.G10,0.05,0.0516,0.00221218082443547,,,0,0.0516,""
1a,null_contint_n5000,null,,5000,all,10000,EDGE.poly3.u.G10,0.1,0.1051,0.00306682229677561,,,0,0.1051,""
1a,null_contint_n5000,null,,5000,all,10000,EDGE.poly3.sc.G10,0.01,0.0099,0.000990049998737437,,,0,0.0099,""
1a,null_contint_n5000,null,,5000,all,10000,EDGE.poly3.sc.G10,0.05,0.0497,0.00217324434889407,,,0,0.0497,""
1a,null_contint_n5000,null,,5000,all,10000,EDGE.poly3.sc.G10,0.1,0.1041,0.00305390225776792,,,0,0.1041,""
1a,null_contint_n5000,null,,5000,all,10000,EDGE.poly2.u.G10,0.01,0.0099,0.000990049998737437,,,0,0.0099,""
1a,null_contint_n5000,null,,5000,all,10000,EDGE.poly2.u.G10,0.05,0.0512,0.00220405444578849,,,0,0.0512,""
1a,null_contint_n5000,null,,5000,all,10000,EDGE.poly2.u.G10,0.1,0.1031,0.00304089444078547,,,0,0.1031,""
1a,null_contint_n5000,null,,5000,all,10000,EDGE.poly2.sc.G10,0.01,0.0097,0.000980097444135021,,,0,0.0097,""
1a,null_contint_n5000,null,,5000,all,10000,EDGE.poly2.sc.G10,0.05,0.0506,0.00219179469841498,,,0,0.0506,""
1a,null_contint_n5000,null,,5000,all,10000,EDGE.poly2.sc.G10,0.1,0.1043,0.00305649325207827,,,0,0.1043,""
1a,null_contint_n5000,null,,5000,all,10000,EDGE.stk.u.G10,0.01,0.0092,0.000954743944730732,,,0,0.0092,""
1a,null_contint_n5000,null,,5000,all,10000,EDGE.stk.u.G10,0.05,0.052,0.00222027025382047,,,0,0.052,""
1a,null_contint_n5000,null,,5000,all,10000,EDGE.stk.u.G10,0.1,0.1009,0.0030119626491708,,,0,0.1009,""
1a,null_contint_n5000,null,,5000,all,10000,EDGE.stk.sc.G10,0.01,0.01,0.00099498743710662,,,0,0.01,""
1a,null_contint_n5000,null,,5000,all,10000,EDGE.stk.sc.G10,0.05,0.0486,0.00215030323442997,,,0,0.0486,""
1a,null_contint_n5000,null,,5000,all,10000,EDGE.stk.sc.G10,0.1,0.104,0.00305260544453423,,,0,0.104,""
1a,null_contint_n5000,null,,5000,all,10000,EDGE.sym.u.G10,0.01,0.0086,0.000923365583070974,,,0,0.0086,""
1a,null_contint_n5000,null,,5000,all,10000,EDGE.sym.u.G10,0.05,0.052,0.00222027025382047,,,0,0.052,""
1a,null_contint_n5000,null,,5000,all,10000,EDGE.sym.u.G10,0.1,0.1033,0.00304350308033358,,,0,0.1033,""
1a,null_contint_n5000,null,,5000,all,10000,EDGE.sym.sc.G10,0.01,0.0089,0.000939190608982011,,,0,0.0089,""
1a,null_contint_n5000,null,,5000,all,10000,EDGE.sym.sc.G10,0.05,0.0516,0.00221218082443547,,,0,0.0516,""
1a,null_contint_n5000,null,,5000,all,10000,EDGE.sym.sc.G10,0.1,0.1012,0.00301593368627362,,,0,0.1012,""
1a,null_contint_n5000,null,,5000,all,10000,EDGE.poly3.u.Grule,0.01,0.0099,0.000990049998737437,,,0,0.0099,""
1a,null_contint_n5000,null,,5000,all,10000,EDGE.poly3.u.Grule,0.05,0.0515,0.00221015270965605,,,0,0.0515,""
1a,null_contint_n5000,null,,5000,all,10000,EDGE.poly3.u.Grule,0.1,0.1018,0.00302385118681459,,,0,0.1018,""
1a,null_contint_n5000,null,,5000,all,10000,EDGE.poly3.sc.Grule,0.01,0.0112,0.00105235735375394,,,0,0.0112,""
1a,null_contint_n5000,null,,5000,all,10000,EDGE.poly3.sc.Grule,0.05,0.0516,0.00221218082443547,,,0,0.0516,""
1a,null_contint_n5000,null,,5000,all,10000,EDGE.poly3.sc.Grule,0.1,0.1013,0.00301725554105051,,,0,0.1013,""
1a,null_contint_n5000,null,,5000,all,10000,EDGE.poly2.u.Grule,0.01,0.011,0.00104302444841912,,,0,0.011,""
1a,null_contint_n5000,null,,5000,all,10000,EDGE.poly2.u.Grule,0.05,0.0485,0.00214820273717357,,,0,0.0485,""
1a,null_contint_n5000,null,,5000,all,10000,EDGE.poly2.u.Grule,0.1,0.0982,0.00297584878648093,,,0,0.0982,""
1a,null_contint_n5000,null,,5000,all,10000,EDGE.poly2.sc.Grule,0.01,0.01,0.00099498743710662,,,0,0.01,""
1a,null_contint_n5000,null,,5000,all,10000,EDGE.poly2.sc.Grule,0.05,0.0503,0.0021856328602947,,,0,0.0503,""
1a,null_contint_n5000,null,,5000,all,10000,EDGE.poly2.sc.Grule,0.1,0.1019,0.00302516759866292,,,0,0.1019,""
1a,null_contint_n5000,null,,5000,all,10000,EDGE.stk.u.Grule,0.01,0.0109,0.00103832509360027,,,0,0.0109,""
1a,null_contint_n5000,null,,5000,all,10000,EDGE.stk.u.Grule,0.05,0.0514,0.00220812227922278,,,0,0.0514,""
1a,null_contint_n5000,null,,5000,all,10000,EDGE.stk.u.Grule,0.1,0.1012,0.00301593368627362,,,0,0.1012,""
1a,null_contint_n5000,null,,5000,all,10000,EDGE.stk.sc.Grule,0.01,0.0142,0.00118314665194134,,,0,0.0142,""
1a,null_contint_n5000,null,,5000,all,10000,EDGE.stk.sc.Grule,0.05,0.0519,0.00221825133832936,,,0,0.0519,""
1a,null_contint_n5000,null,,5000,all,10000,EDGE.stk.sc.Grule,0.1,0.1,0.003,,,0,0.1,""
1a,null_contint_n5000,null,,5000,all,10000,EDGE.sym.u.Grule,0.01,0.0096,0.000975081535052326,,,0,0.0096,""
1a,null_contint_n5000,null,,5000,all,10000,EDGE.sym.u.Grule,0.05,0.0517,0.00221420662992414,,,0,0.0517,""
1a,null_contint_n5000,null,,5000,all,10000,EDGE.sym.u.Grule,0.1,0.104,0.00305260544453423,,,0,0.104,""
1a,null_contint_n5000,null,,5000,all,10000,EDGE.sym.sc.Grule,0.01,0.0098,0.000985086798206128,,,0,0.0098,""
1a,null_contint_n5000,null,,5000,all,10000,EDGE.sym.sc.Grule,0.05,0.0545,0.00227001651976368,,,0,0.0545,""
1a,null_contint_n5000,null,,5000,all,10000,EDGE.sym.sc.Grule,0.1,0.108,0.00310380411753062,,,0,0.108,""
1a,null_contint_n5000,null,,5000,all,10000,HL.G10,0.01,0.0101,0.000999899494949367,,,0,0.0101,""
1a,null_contint_n5000,null,,5000,all,10000,HL.G10,0.05,0.0472,0.00212066404694379,,,0,0.0472,""
1a,null_contint_n5000,null,,5000,all,10000,HL.G10,0.1,0.0971,0.00296093887137171,,,0,0.0971,""
1a,null_contint_n5000,null,,5000,all,10000,HL.Grule,0.01,0.0083,0.000907254650029417,,,0,0.0083,""
1a,null_contint_n5000,null,,5000,all,10000,HL.Grule,0.05,0.0477,0.00213130734526957,,,0,0.0477,""
1a,null_contint_n5000,null,,5000,all,10000,HL.Grule,0.1,0.0985,0.00297989513238302,,,0,0.0985,""
1a,null_contint_n5000,null,,5000,all,10000,HLF.G10,0.01,0.0101,0.000999899494949367,,,0,0.0101,""
1a,null_contint_n5000,null,,5000,all,10000,HLF.G10,0.05,0.047,0.00211638843315682,,,0,0.047,""
1a,null_contint_n5000,null,,5000,all,10000,HLF.G10,0.1,0.0969,0.00295821550939075,,,0,0.0969,""
1a,null_contint_n5000,null,,5000,all,10000,HLF.Grule,0.01,0.0079,0.000885301643509149,,,0,0.0079,""
1a,null_contint_n5000,null,,5000,all,10000,HLF.Grule,0.05,0.0476,0.00212918388120895,,,0,0.0476,""
1a,null_contint_n5000,null,,5000,all,10000,HLF.Grule,0.1,0.0973,0.0029636583811229,,,0,0.0973,""
1a,null_contint_n5000,null,,5000,all,10000,Stk.joint,0.01,0.0102,0.00100478654449589,,,0,0.0102,""
1a,null_contint_n5000,null,,5000,all,10000,Stk.joint,0.05,0.0519,0.00221825133832936,,,0,0.0519,""
1a,null_contint_n5000,null,,5000,all,10000,Stk.joint,0.1,0.1023,0.00303042422772786,,,0,0.1023,""
1a,null_contint_n5000,null,,5000,all,10000,Stk.LR,0.01,0.0106,0.00102409179276079,,,0,0.0106,""
1a,null_contint_n5000,null,,5000,all,10000,Stk.LR,0.05,0.0518,0.00221623013245466,,,0,0.0518,""
1a,null_contint_n5000,null,,5000,all,10000,Stk.LR,0.1,0.1024,0.00303173613627571,,,0,0.1024,""
1a,null_contint_n5000,null,,5000,all,10000,Stk.sym1,0.01,0.0099,0.000990049998737437,,,0,0.0099,""
1a,null_contint_n5000,null,,5000,all,10000,Stk.sym1,0.05,0.0527,0.00223433905215838,,,0,0.0527,""
1a,null_contint_n5000,null,,5000,all,10000,Stk.sym1,0.1,0.1072,0.00309367354450983,,,0,0.1072,""
1a,null_contint_n5000,null,,5000,all,10000,Stk.marg,0.01,0.0247,0.00155209245858615,,,0,0.0247,""
1a,null_contint_n5000,null,,5000,all,10000,Stk.marg,0.05,0.069,0.00253454137863243,,,0,0.069,""
1a,null_contint_n5000,null,,5000,all,10000,Stk.marg,0.1,0.111,0.00314132137801913,,,0,0.111,""
1a,null_contint_n5000,null,,5000,all,10000,GiViTI,0.01,0.0105,0.00101930123123638,,,0,0.0105,""
1a,null_contint_n5000,null,,5000,all,10000,GiViTI,0.05,0.0496,0.00217117111255654,,,0,0.0496,""
1a,null_contint_n5000,null,,5000,all,10000,GiViTI,0.1,0.0984,0.00297854729692177,,,0,0.0984,""
1a,null_contint_n5000,null,,5000,all,10000,GiViTI.t50,0.01,0.0095,0.000970038659023443,,,0,0.0095,""
1a,null_contint_n5000,null,,5000,all,10000,GiViTI.t50,0.05,0.0495,0.00216909543358516,,,0,0.0495,""
1a,null_contint_n5000,null,,5000,all,10000,GiViTI.t50,0.1,0.0991,0.00298796234916038,,,0,0.0991,""
1a,null_contint_n5000,null,,5000,all,10000,Cubic.LR,0.01,0.0091,0.000949588858401361,,,0,0.0091,""
1a,null_contint_n5000,null,,5000,all,10000,Cubic.LR,0.05,0.0497,0.00217324434889407,,,0,0.0497,""
1a,null_contint_n5000,null,,5000,all,10000,Cubic.LR,0.1,0.0969,0.00295821550939075,,,0,0.0969,""
1a,null_contint_n5000,null,,5000,all,10000,HL_w,0.01,0.0088,0.000933946465275178,,,0,0.0088,""
1a,null_contint_n5000,null,,5000,all,10000,HL_w,0.05,0.048,0.00213766227454198,,,0,0.048,""
1a,null_contint_n5000,null,,5000,all,10000,HL_w,0.1,0.0992,0.0029893035978301,,,0,0.0992,""
1a,null_contint_n5000,null,,5000,all,10000,PH,0.01,0.0056,0.000746233207516256,,,0,0.0056,""
1a,null_contint_n5000,null,,5000,all,10000,PH,0.05,0.029,0.0016780643611018,,,0,0.029,""
1a,null_contint_n5000,null,,5000,all,10000,PH,0.1,0.064,0.00244752936652454,,,0,0.064,""
1a,null_contint_n5000,null,,5000,all,10000,Tsiatis,0.01,0.0137,0.00116242462121206,,,0,0.0137,""
1a,null_contint_n5000,null,,5000,all,10000,Tsiatis,0.05,0.0523,0.00222631332026739,,,0,0.0523,""
1a,null_contint_n5000,null,,5000,all,10000,Tsiatis,0.1,0.1044,0.00305778743538527,,,0,0.1044,""
1a,null_contint_n5000,null,,5000,all,10000,Xie,0.01,0.0056,0.000746233207516256,,,0,0.0056,""
1a,null_contint_n5000,null,,5000,all,10000,Xie,0.05,0.0308,0.00172775461220626,,,0,0.0308,""
1a,null_contint_n5000,null,,5000,all,10000,Xie,0.1,0.0641,0.00244930990280936,,,0,0.0641,""
1a,null_contint_n5000,null,,5000,all,10000,PR,0.01,0,0,,,1,,no p-value in any replicate
1a,null_contint_n5000,null,,5000,all,10000,PR,0.05,0,0,,,1,,no p-value in any replicate
1a,null_contint_n5000,null,,5000,all,10000,PR,0.1,0,0,,,1,,no p-value in any replicate
1a,null_link_n5000,null,,5000,all,10000,flag.evlt.G10,,0,,,,0,,flag rate: share of replicates with the flag = 1
1a,null_link_n5000,null,,5000,all,10000,flag.evlt.Grule,,0,,,,0,,flag rate: share of replicates with the flag = 1
1a,null_link_n5000,null,,5000,all,10000,flag.stk_half0,,0,,,,0,,flag rate: share of replicates with the flag = 1
1a,null_link_n5000,null,,5000,all,10000,flag.stk_diag,,0,,,,0,,flag rate: share of replicates with the flag = 1
1a,null_link_n5000,null,,5000,all,10000,flag.rivals_run,,1,,,,0,,flag rate: share of replicates with the flag = 1
1a,null_link_n5000,null,,5000,all,10000,flag.degenerate,,0,,,,0,,flag rate: share of replicates with the flag = 1
1a,null_link_n5000,null,,5000,all,10000,flag.info_guard,,0,,,,0,,flag rate: share of replicates with the flag = 1
1a,null_link_n5000,null,,5000,all,10000,flag.rep_error,,0,,,,0,,flag rate: share of replicates with the flag = 1
1a,null_link_n5000,null,,5000,all,10000,EDGE.poly3.u.G10,0.01,0.0086,0.000923365583070974,,,0,0.0086,""
1a,null_link_n5000,null,,5000,all,10000,EDGE.poly3.u.G10,0.05,0.0475,0.00212705782714058,,,0,0.0475,""
1a,null_link_n5000,null,,5000,all,10000,EDGE.poly3.u.G10,0.1,0.0963,0.00295002220330627,,,0,0.0963,""
1a,null_link_n5000,null,,5000,all,10000,EDGE.poly3.sc.G10,0.01,0.0093,0.000959870303739,,,0,0.0093,""
1a,null_link_n5000,null,,5000,all,10000,EDGE.poly3.sc.G10,0.05,0.0521,0.00222228688517032,,,0,0.0521,""
1a,null_link_n5000,null,,5000,all,10000,EDGE.poly3.sc.G10,0.1,0.1002,0.00300266481645887,,,0,0.1002,""
1a,null_link_n5000,null,,5000,all,10000,EDGE.poly2.u.G10,0.01,0.0105,0.00101930123123638,,,0,0.0105,""
1a,null_link_n5000,null,,5000,all,10000,EDGE.poly2.u.G10,0.05,0.0488,0.00215449669296567,,,0,0.0488,""
1a,null_link_n5000,null,,5000,all,10000,EDGE.poly2.u.G10,0.1,0.1,0.003,,,0,0.1,""
1a,null_link_n5000,null,,5000,all,10000,EDGE.poly2.sc.G10,0.01,0.0099,0.000990049998737437,,,0,0.0099,""
1a,null_link_n5000,null,,5000,all,10000,EDGE.poly2.sc.G10,0.05,0.0526,0.00223233599621562,,,0,0.0526,""
1a,null_link_n5000,null,,5000,all,10000,EDGE.poly2.sc.G10,0.1,0.0989,0.00298527703907024,,,0,0.0989,""
1a,null_link_n5000,null,,5000,all,10000,EDGE.stk.u.G10,0.01,0.0087,0.000928671631956097,,,0,0.0087,""
1a,null_link_n5000,null,,5000,all,10000,EDGE.stk.u.G10,0.05,0.0472,0.00212066404694379,,,0,0.0472,""
1a,null_link_n5000,null,,5000,all,10000,EDGE.stk.u.G10,0.1,0.0959,0.00294454054140879,,,0,0.0959,""
1a,null_link_n5000,null,,5000,all,10000,EDGE.stk.sc.G10,0.01,0.0098,0.000985086798206128,,,0,0.0098,""
1a,null_link_n5000,null,,5000,all,10000,EDGE.stk.sc.G10,0.05,0.0501,0.00218151300706643,,,0,0.0501,""
1a,null_link_n5000,null,,5000,all,10000,EDGE.stk.sc.G10,0.1,0.1014,0.00301857648569653,,,0,0.1014,""
1a,null_link_n5000,null,,5000,all,10000,EDGE.sym.u.G10,0.01,0.0093,0.000959870303739,,,0,0.0093,""
1a,null_link_n5000,null,,5000,all,10000,EDGE.sym.u.G10,0.05,0.0471,0.00211852755469453,,,0,0.0471,""
1a,null_link_n5000,null,,5000,all,10000,EDGE.sym.u.G10,0.1,0.0974,0.00296501669472534,,,0,0.0974,""
1a,null_link_n5000,null,,5000,all,10000,EDGE.sym.sc.G10,0.01,0.0084,0.000912657657613193,,,0,0.0084,""
1a,null_link_n5000,null,,5000,all,10000,EDGE.sym.sc.G10,0.05,0.047,0.00211638843315682,,,0,0.047,""
1a,null_link_n5000,null,,5000,all,10000,EDGE.sym.sc.G10,0.1,0.0958,0.00294316768125773,,,0,0.0958,""
1a,null_link_n5000,null,,5000,all,10000,EDGE.poly3.u.Grule,0.01,0.0098,0.000985086798206128,,,0,0.0098,""
1a,null_link_n5000,null,,5000,all,10000,EDGE.poly3.u.Grule,0.05,0.049,0.0021586801523153,,,0,0.049,""
1a,null_link_n5000,null,,5000,all,10000,EDGE.poly3.u.Grule,0.1,0.0985,0.00297989513238302,,,0,0.0985,""
1a,null_link_n5000,null,,5000,all,10000,EDGE.poly3.sc.Grule,0.01,0.0097,0.000980097444135021,,,0,0.0097,""
1a,null_link_n5000,null,,5000,all,10000,EDGE.poly3.sc.Grule,0.05,0.0478,0.00213342822705616,,,0,0.0478,""
1a,null_link_n5000,null,,5000,all,10000,EDGE.poly3.sc.Grule,0.1,0.1014,0.00301857648569653,,,0,0.1014,""
1a,null_link_n5000,null,,5000,all,10000,EDGE.poly2.u.Grule,0.01,0.0095,0.000970038659023443,,,0,0.0095,""
1a,null_link_n5000,null,,5000,all,10000,EDGE.poly2.u.Grule,0.05,0.047,0.00211638843315682,,,0,0.047,""
1a,null_link_n5000,null,,5000,all,10000,EDGE.poly2.u.Grule,0.1,0.0994,0.00299198328872338,,,0,0.0994,""
1a,null_link_n5000,null,,5000,all,10000,EDGE.poly2.sc.Grule,0.01,0.0093,0.000959870303739,,,0,0.0093,""
1a,null_link_n5000,null,,5000,all,10000,EDGE.poly2.sc.Grule,0.05,0.0485,0.00214820273717357,,,0,0.0485,""
1a,null_link_n5000,null,,5000,all,10000,EDGE.poly2.sc.Grule,0.1,0.0981,0.00297449810892527,,,0,0.0981,""
1a,null_link_n5000,null,,5000,all,10000,EDGE.stk.u.Grule,0.01,0.0105,0.00101930123123638,,,0,0.0105,""
1a,null_link_n5000,null,,5000,all,10000,EDGE.stk.u.Grule,0.05,0.05,0.00217944947177034,,,0,0.05,""
1a,null_link_n5000,null,,5000,all,10000,EDGE.stk.u.Grule,0.1,0.0991,0.00298796234916038,,,0,0.0991,""
1a,null_link_n5000,null,,5000,all,10000,EDGE.stk.sc.Grule,0.01,0.009,0.000944404574321832,,,0,0.009,""
1a,null_link_n5000,null,,5000,all,10000,EDGE.stk.sc.Grule,0.05,0.0476,0.00212918388120895,,,0,0.0476,""
1a,null_link_n5000,null,,5000,all,10000,EDGE.stk.sc.Grule,0.1,0.1006,0.00300798337761365,,,0,0.1006,""
1a,null_link_n5000,null,,5000,all,10000,EDGE.sym.u.Grule,0.01,0.0096,0.000975081535052326,,,0,0.0096,""
1a,null_link_n5000,null,,5000,all,10000,EDGE.sym.u.Grule,0.05,0.0492,0.00216285367050108,,,0,0.0492,""
1a,null_link_n5000,null,,5000,all,10000,EDGE.sym.u.Grule,0.1,0.0989,0.00298527703907024,,,0,0.0989,""
1a,null_link_n5000,null,,5000,all,10000,EDGE.sym.sc.Grule,0.01,0.0093,0.000959870303739,,,0,0.0093,""
1a,null_link_n5000,null,,5000,all,10000,EDGE.sym.sc.Grule,0.05,0.05,0.00217944947177034,,,0,0.05,""
1a,null_link_n5000,null,,5000,all,10000,EDGE.sym.sc.Grule,0.1,0.0991,0.00298796234916038,,,0,0.0991,""
1a,null_link_n5000,null,,5000,all,10000,HL.G10,0.01,0.0097,0.000980097444135021,,,0,0.0097,""
1a,null_link_n5000,null,,5000,all,10000,HL.G10,0.05,0.0485,0.00214820273717357,,,0,0.0485,""
1a,null_link_n5000,null,,5000,all,10000,HL.G10,0.1,0.1016,0.0030212156493703,,,0,0.1016,""
1a,null_link_n5000,null,,5000,all,10000,HL.Grule,0.01,0.0104,0.00101448706250992,,,0,0.0104,""
1a,null_link_n5000,null,,5000,all,10000,HL.Grule,0.05,0.0487,0.00215240121724552,,,0,0.0487,""
1a,null_link_n5000,null,,5000,all,10000,HL.Grule,0.1,0.0963,0.00295002220330627,,,0,0.0963,""
1a,null_link_n5000,null,,5000,all,10000,HLF.G10,0.01,0.0098,0.000985086798206128,,,0,0.0098,""
1a,null_link_n5000,null,,5000,all,10000,HLF.G10,0.05,0.0487,0.00215240121724552,,,0,0.0487,""
1a,null_link_n5000,null,,5000,all,10000,HLF.G10,0.1,0.1013,0.00301725554105051,,,0,0.1013,""
1a,null_link_n5000,null,,5000,all,10000,HLF.Grule,0.01,0.0103,0.00100964894889263,,,0,0.0103,""
1a,null_link_n5000,null,,5000,all,10000,HLF.Grule,0.05,0.0484,0.00214609971809327,,,0,0.0484,""
1a,null_link_n5000,null,,5000,all,10000,HLF.Grule,0.1,0.0966,0.00295412322017887,,,0,0.0966,""
1a,null_link_n5000,null,,5000,all,10000,Stk.joint,0.01,0.0097,0.000980097444135021,,,0,0.0097,""
1a,null_link_n5000,null,,5000,all,10000,Stk.joint,0.05,0.0488,0.00215449669296567,,,0,0.0488,""
1a,null_link_n5000,null,,5000,all,10000,Stk.joint,0.1,0.1003,0.00300399583887861,,,0,0.1003,""
1a,null_link_n5000,null,,5000,all,10000,Stk.LR,0.01,0.0098,0.000985086798206128,,,0,0.0098,""
1a,null_link_n5000,null,,5000,all,10000,Stk.LR,0.05,0.0487,0.00215240121724552,,,0,0.0487,""
1a,null_link_n5000,null,,5000,all,10000,Stk.LR,0.1,0.1012,0.00301593368627362,,,0,0.1012,""
1a,null_link_n5000,null,,5000,all,10000,Stk.sym1,0.01,0.0089,0.000939190608982011,,,0,0.0089,""
1a,null_link_n5000,null,,5000,all,10000,Stk.sym1,0.05,0.0509,0.00219793516737869,,,0,0.0509,""
1a,null_link_n5000,null,,5000,all,10000,Stk.sym1,0.1,0.0987,0.00298258797020306,,,0,0.0987,""
1a,null_link_n5000,null,,5000,all,10000,Stk.marg,0.01,0.0231,0.00150221136994765,,,0,0.0231,""
1a,null_link_n5000,null,,5000,all,10000,Stk.marg,0.05,0.0672,0.0025036804907975,,,0,0.0672,""
1a,null_link_n5000,null,,5000,all,10000,Stk.marg,0.1,0.1134,0.00317081125266075,,,0,0.1134,""
1a,null_link_n5000,null,,5000,all,10000,GiViTI,0.01,0.0094,0.000964968393264774,,,0,0.0094,""
1a,null_link_n5000,null,,5000,all,10000,GiViTI,0.05,0.0474,0.00212492917529032,,,0,0.0474,""
1a,null_link_n5000,null,,5000,all,10000,GiViTI,0.1,0.0979,0.00297179390267899,,,0,0.0979,""
1a,null_link_n5000,null,,5000,all,10000,GiViTI.t50,0.01,0.0099,0.000990049998737437,,,0,0.0099,""
1a,null_link_n5000,null,,5000,all,10000,GiViTI.t50,0.05,0.0477,0.00213130734526957,,,0,0.0477,""
1a,null_link_n5000,null,,5000,all,10000,GiViTI.t50,0.1,0.0974,0.00296501669472534,,,0,0.0974,""
1a,null_link_n5000,null,,5000,all,10000,Cubic.LR,0.01,0.0087,0.000928671631956097,,,0,0.0087,""
1a,null_link_n5000,null,,5000,all,10000,Cubic.LR,0.05,0.0468,0.00211210227025114,,,0,0.0468,""
1a,null_link_n5000,null,,5000,all,10000,Cubic.LR,0.1,0.0953,0.00293628864384958,,,0,0.0953,""
1a,null_link_n5000,null,,5000,all,10000,HL_w,0.01,0.0108,0.00103360340556715,,,0,0.0108,""
1a,null_link_n5000,null,,5000,all,10000,HL_w,0.05,0.0516,0.00221218082443547,,,0,0.0516,""
1a,null_link_n5000,null,,5000,all,10000,HL_w,0.1,0.1,0.003,,,0,0.1,""
1a,null_link_n5000,null,,5000,all,10000,PH,0.01,0.006,0.000772269383052313,,,0,0.006,""
1a,null_link_n5000,null,,5000,all,10000,PH,0.05,0.0302,0.0017113725485703,,,0,0.0302,""
1a,null_link_n5000,null,,5000,all,10000,PH,0.1,0.0674,0.00250713461944109,,,0,0.0674,""
1a,null_link_n5000,null,,5000,all,10000,Tsiatis,0.01,0.0098,0.000985086798206128,,,0,0.0098,""
1a,null_link_n5000,null,,5000,all,10000,Tsiatis,0.05,0.05,0.00217944947177034,,,0,0.05,""
1a,null_link_n5000,null,,5000,all,10000,Tsiatis,0.1,0.1016,0.0030212156493703,,,0,0.1016,""
1a,null_link_n5000,null,,5000,all,10000,Xie,0.01,0.0045,0.000669309345519693,,,0,0.0045,""
1a,null_link_n5000,null,,5000,all,10000,Xie,0.05,0.0289,0.001675254905977,,,0,0.0289,""
1a,null_link_n5000,null,,5000,all,10000,Xie,0.1,0.0594,0.00236371825732256,,,0,0.0594,""
1a,null_link_n5000,null,,5000,all,10000,PR,0.01,0.0091,0.000949588858401361,,,0,0.0091,""
1a,null_link_n5000,null,,5000,all,10000,PR,0.05,0.0534,0.0022482980229498,,,0,0.0534,""
1a,null_link_n5000,null,,5000,all,10000,PR,0.1,0.1144,0.00318296465578869,,,0,0.1144,""
1a,null_rough_n5000,null,,5000,all,10000,flag.evlt.G10,,0,,,,0,,flag rate: share of replicates with the flag = 1
1a,null_rough_n5000,null,,5000,all,10000,flag.evlt.Grule,,0,,,,0,,flag rate: share of replicates with the flag = 1
1a,null_rough_n5000,null,,5000,all,10000,flag.stk_half0,,0,,,,0,,flag rate: share of replicates with the flag = 1
1a,null_rough_n5000,null,,5000,all,10000,flag.stk_diag,,0,,,,0,,flag rate: share of replicates with the flag = 1
1a,null_rough_n5000,null,,5000,all,10000,flag.rivals_run,,1,,,,0,,flag rate: share of replicates with the flag = 1
1a,null_rough_n5000,null,,5000,all,10000,flag.degenerate,,0,,,,0,,flag rate: share of replicates with the flag = 1
1a,null_rough_n5000,null,,5000,all,10000,flag.info_guard,,0,,,,0,,flag rate: share of replicates with the flag = 1
1a,null_rough_n5000,null,,5000,all,10000,flag.rep_error,,0,,,,0,,flag rate: share of replicates with the flag = 1
1a,null_rough_n5000,null,,5000,all,10000,EDGE.poly3.u.G10,0.01,0.0098,0.000985086798206128,,,0,0.0098,""
1a,null_rough_n5000,null,,5000,all,10000,EDGE.poly3.u.G10,0.05,0.0499,0.00217738352156895,,,0,0.0499,""
1a,null_rough_n5000,null,,5000,all,10000,EDGE.poly3.u.G10,0.1,0.1031,0.00304089444078547,,,0,0.1031,""
1a,null_rough_n5000,null,,5000,all,10000,EDGE.poly3.sc.G10,0.01,0.0108,0.00103360340556715,,,0,0.0108,""
1a,null_rough_n5000,null,,5000,all,10000,EDGE.poly3.sc.G10,0.05,0.0496,0.00217117111255654,,,0,0.0496,""
1a,null_rough_n5000,null,,5000,all,10000,EDGE.poly3.sc.G10,0.1,0.1023,0.00303042422772786,,,0,0.1023,""
1a,null_rough_n5000,null,,5000,all,10000,EDGE.poly2.u.G10,0.01,0.0107,0.00102885907684192,,,0,0.0107,""
1a,null_rough_n5000,null,,5000,all,10000,EDGE.poly2.u.G10,0.05,0.0514,0.00220812227922278,,,0,0.0514,""
1a,null_rough_n5000,null,,5000,all,10000,EDGE.poly2.u.G10,0.1,0.0991,0.00298796234916038,,,0,0.0991,""
1a,null_rough_n5000,null,,5000,all,10000,EDGE.poly2.sc.G10,0.01,0.0108,0.00103360340556715,,,0,0.0108,""
1a,null_rough_n5000,null,,5000,all,10000,EDGE.poly2.sc.G10,0.05,0.0499,0.00217738352156895,,,0,0.0499,""
1a,null_rough_n5000,null,,5000,all,10000,EDGE.poly2.sc.G10,0.1,0.1032,0.00304219920452294,,,0,0.1032,""
1a,null_rough_n5000,null,,5000,all,10000,EDGE.stk.u.G10,0.01,0.0105,0.00101930123123638,,,0,0.0105,""
1a,null_rough_n5000,null,,5000,all,10000,EDGE.stk.u.G10,0.05,0.0492,0.00216285367050108,,,0,0.0492,""
1a,null_rough_n5000,null,,5000,all,10000,EDGE.stk.u.G10,0.1,0.1006,0.00300798337761365,,,0,0.1006,""
1a,null_rough_n5000,null,,5000,all,10000,EDGE.stk.sc.G10,0.01,0.0104,0.00101448706250992,,,0,0.0104,""
1a,null_rough_n5000,null,,5000,all,10000,EDGE.stk.sc.G10,0.05,0.0487,0.00215240121724552,,,0,0.0487,""
1a,null_rough_n5000,null,,5000,all,10000,EDGE.stk.sc.G10,0.1,0.1011,0.00301461092016864,,,0,0.1011,""
1a,null_rough_n5000,null,,5000,all,10000,EDGE.sym.u.G10,0.01,0.0106,0.00102409179276079,,,0,0.0106,""
1a,null_rough_n5000,null,,5000,all,10000,EDGE.sym.u.G10,0.05,0.0511,0.0022020170299069,,,0,0.0511,""
1a,null_rough_n5000,null,,5000,all,10000,EDGE.sym.u.G10,0.1,0.1025,0.00303304714767179,,,0,0.1025,""
1a,null_rough_n5000,null,,5000,all,10000,EDGE.sym.sc.G10,0.01,0.0099,0.000990049998737437,,,0,0.0099,""
1a,null_rough_n5000,null,,5000,all,10000,EDGE.sym.sc.G10,0.05,0.0495,0.00216909543358516,,,0,0.0495,""
1a,null_rough_n5000,null,,5000,all,10000,EDGE.sym.sc.G10,0.1,0.1052,0.0030681095156464,,,0,0.1052,""
1a,null_rough_n5000,null,,5000,all,10000,EDGE.poly3.u.Grule,0.01,0.0098,0.000985086798206128,,,0,0.0098,""
1a,null_rough_n5000,null,,5000,all,10000,EDGE.poly3.u.Grule,0.05,0.0502,0.00218357413430366,,,0,0.0502,""
1a,null_rough_n5000,null,,5000,all,10000,EDGE.poly3.u.Grule,0.1,0.1026,0.00303435726307895,,,0,0.1026,""
1a,null_rough_n5000,null,,5000,all,10000,EDGE.poly3.sc.Grule,0.01,0.0096,0.000975081535052326,,,0,0.0096,""
1a,null_rough_n5000,null,,5000,all,10000,EDGE.poly3.sc.Grule,0.05,0.0498,0.00217531514958178,,,0,0.0498,""
1a,null_rough_n5000,null,,5000,all,10000,EDGE.poly3.sc.Grule,0.1,0.1049,0.00306424525780819,,,0,0.1049,""
1a,null_rough_n5000,null,,5000,all,10000,EDGE.poly2.u.Grule,0.01,0.0105,0.00101930123123638,,,0,0.0105,""
1a,null_rough_n5000,null,,5000,all,10000,EDGE.poly2.u.Grule,0.05,0.0517,0.00221420662992414,,,0,0.0517,""
1a,null_rough_n5000,null,,5000,all,10000,EDGE.poly2.u.Grule,0.1,0.099,0.00298662016332844,,,0,0.099,""
1a,null_rough_n5000,null,,5000,all,10000,EDGE.poly2.sc.Grule,0.01,0.0102,0.00100478654449589,,,0,0.0102,""
1a,null_rough_n5000,null,,5000,all,10000,EDGE.poly2.sc.Grule,0.05,0.051,0.00219997727260988,,,0,0.051,""
1a,null_rough_n5000,null,,5000,all,10000,EDGE.poly2.sc.Grule,0.1,0.1029,0.00303828224495355,,,0,0.1029,""
1a,null_rough_n5000,null,,5000,all,10000,EDGE.stk.u.Grule,0.01,0.0096,0.000975081535052326,,,0,0.0096,""
1a,null_rough_n5000,null,,5000,all,10000,EDGE.stk.u.Grule,0.05,0.0511,0.0022020170299069,,,0,0.0511,""
1a,null_rough_n5000,null,,5000,all,10000,EDGE.stk.u.Grule,0.1,0.1013,0.00301725554105051,,,0,0.1013,""
1a,null_rough_n5000,null,,5000,all,10000,EDGE.stk.sc.Grule,0.01,0.0108,0.00103360340556715,,,0,0.0108,""
1a,null_rough_n5000,null,,5000,all,10000,EDGE.stk.sc.Grule,0.05,0.0513,0.00220608952674183,,,0,0.0513,""
1a,null_rough_n5000,null,,5000,all,10000,EDGE.stk.sc.Grule,0.1,0.1029,0.00303828224495355,,,0,0.1029,""
1a,null_rough_n5000,null,,5000,all,10000,EDGE.sym.u.Grule,0.01,0.0105,0.00101930123123638,,,0,0.0105,""
1a,null_rough_n5000,null,,5000,all,10000,EDGE.sym.u.Grule,0.05,0.0519,0.00221825133832936,,,0,0.0519,""
1a,null_rough_n5000,null,,5000,all,10000,EDGE.sym.u.Grule,0.1,0.1021,0.00302779771451132,,,0,0.1021,""
1a,null_rough_n5000,null,,5000,all,10000,EDGE.sym.sc.Grule,0.01,0.0101,0.000999899494949367,,,0,0.0101,""
1a,null_rough_n5000,null,,5000,all,10000,EDGE.sym.sc.Grule,0.05,0.0511,0.0022020170299069,,,0,0.0511,""
1a,null_rough_n5000,null,,5000,all,10000,EDGE.sym.sc.Grule,0.1,0.1031,0.00304089444078547,,,0,0.1031,""
1a,null_rough_n5000,null,,5000,all,10000,HL.G10,0.01,0.0103,0.00100964894889263,,,0,0.0103,""
1a,null_rough_n5000,null,,5000,all,10000,HL.G10,0.05,0.0452,0.00207742532958468,,,0,0.0452,""
1a,null_rough_n5000,null,,5000,all,10000,HL.G10,0.1,0.0956,0.0029404190177592,,,0,0.0956,""
1a,null_rough_n5000,null,,5000,all,10000,HL.Grule,0.01,0.0098,0.000985086798206128,,,0,0.0098,""
1a,null_rough_n5000,null,,5000,all,10000,HL.Grule,0.05,0.0455,0.0020839805661282,,,0,0.0455,""
1a,null_rough_n5000,null,,5000,all,10000,HL.Grule,0.1,0.0936,0.00291271419813205,,,0,0.0936,""
1a,null_rough_n5000,null,,5000,all,10000,HLF.G10,0.01,0.0103,0.00100964894889263,,,0,0.0103,""
1a,null_rough_n5000,null,,5000,all,10000,HLF.G10,0.05,0.0455,0.0020839805661282,,,0,0.0455,""
1a,null_rough_n5000,null,,5000,all,10000,HLF.G10,0.1,0.0966,0.00295412322017887,,,0,0.0966,""
1a,null_rough_n5000,null,,5000,all,10000,HLF.Grule,0.01,0.0093,0.000959870303739,,,0,0.0093,""
1a,null_rough_n5000,null,,5000,all,10000,HLF.Grule,0.05,0.0459,0.00209268225012781,,,0,0.0459,""
1a,null_rough_n5000,null,,5000,all,10000,HLF.Grule,0.1,0.0921,0.00289167062439691,,,0,0.0921,""
1a,null_rough_n5000,null,,5000,all,10000,Stk.joint,0.01,0.0096,0.000975081535052326,,,0,0.0096,""
1a,null_rough_n5000,null,,5000,all,10000,Stk.joint,0.05,0.0508,0.00219589070766284,,,0,0.0508,""
1a,null_rough_n5000,null,,5000,all,10000,Stk.joint,0.1,0.1033,0.00304350308033358,,,0,0.1033,""
1a,null_rough_n5000,null,,5000,all,10000,Stk.LR,0.01,0.0093,0.000959870303739,,,0,0.0093,""
1a,null_rough_n5000,null,,5000,all,10000,Stk.LR,0.05,0.0511,0.0022020170299069,,,0,0.0511,""
1a,null_rough_n5000,null,,5000,all,10000,Stk.LR,0.1,0.1034,0.00304480606935811,,,0,0.1034,""
1a,null_rough_n5000,null,,5000,all,10000,Stk.sym1,0.01,0.0099,0.000990049998737437,,,0,0.0099,""
1a,null_rough_n5000,null,,5000,all,10000,Stk.sym1,0.05,0.0511,0.0022020170299069,,,0,0.0511,""
1a,null_rough_n5000,null,,5000,all,10000,Stk.sym1,0.1,0.1025,0.00303304714767179,,,0,0.1025,""
1a,null_rough_n5000,null,,5000,all,10000,Stk.marg,0.01,0.0246,0.00154902679124668,,,0,0.0246,""
1a,null_rough_n5000,null,,5000,all,10000,Stk.marg,0.05,0.0693,0.0025396359975398,,,0,0.0693,""
1a,null_rough_n5000,null,,5000,all,10000,Stk.marg,0.1,0.114,0.00317811264746862,,,0,0.114,""
1a,null_rough_n5000,null,,5000,all,10000,GiViTI,0.01,0.0102,0.00100478654449589,,,0,0.0102,""
1a,null_rough_n5000,null,,5000,all,10000,GiViTI,0.05,0.0521,0.00222228688517032,,,0,0.0521,""
1a,null_rough_n5000,null,,5000,all,10000,GiViTI,0.1,0.0994,0.00299198328872338,,,0,0.0994,""
1a,null_rough_n5000,null,,5000,all,10000,GiViTI.t50,0.01,0.0093,0.000959870303739,,,0,0.0093,""
1a,null_rough_n5000,null,,5000,all,10000,GiViTI.t50,0.05,0.0512,0.00220405444578849,,,0,0.0512,""
1a,null_rough_n5000,null,,5000,all,10000,GiViTI.t50,0.1,0.102,0.00302648310750283,,,0,0.102,""
1a,null_rough_n5000,null,,5000,all,10000,Cubic.LR,0.01,0.0101,0.000999899494949367,,,0,0.0101,""
1a,null_rough_n5000,null,,5000,all,10000,Cubic.LR,0.05,0.0514,0.00220812227922278,,,0,0.0514,""
1a,null_rough_n5000,null,,5000,all,10000,Cubic.LR,0.1,0.1041,0.00305390225776792,,,0,0.1041,""
1a,null_rough_n5000,null,,5000,all,10000,HL_w,0.01,0.0094,0.000964968393264774,,,0,0.0094,""
1a,null_rough_n5000,null,,5000,all,10000,HL_w,0.05,0.0483,0.00214399416976819,,,0,0.0483,""
1a,null_rough_n5000,null,,5000,all,10000,HL_w,0.1,0.0961,0.00294728332536931,,,0,0.0961,""
1a,null_rough_n5000,null,,5000,all,10000,PH,0.01,0.0054,0.000732860150369769,,,0,0.0054,""
1a,null_rough_n5000,null,,5000,all,10000,PH,0.05,0.0301,0.00170862488569024,,,0,0.0301,""
1a,null_rough_n5000,null,,5000,all,10000,PH,0.1,0.0627,0.00242422585581459,,,0,0.0627,""
1a,null_rough_n5000,null,,5000,all,10000,Tsiatis,0.01,0.0097,0.000980097444135021,,,0,0.0097,""
1a,null_rough_n5000,null,,5000,all,10000,Tsiatis,0.05,0.0462,0.00209917983984222,,,0,0.0462,""
1a,null_rough_n5000,null,,5000,all,10000,Tsiatis,0.1,0.0971,0.00296093887137171,,,0,0.0971,""
1a,null_rough_n5000,null,,5000,all,10000,Xie,0.01,0.0079,0.000885301643509149,,,0,0.0079,""
1a,null_rough_n5000,null,,5000,all,10000,Xie,0.05,0.0405,0.00197128765024286,,,0,0.0405,""
1a,null_rough_n5000,null,,5000,all,10000,Xie,0.1,0.0798,0.00270983320519917,,,0,0.0798,""
1a,null_rough_n5000,null,,5000,all,10000,PR,0.01,0,0,,,1,,no p-value in any replicate
1a,null_rough_n5000,null,,5000,all,10000,PR,0.05,0,0,,,1,,no p-value in any replicate
1a,null_rough_n5000,null,,5000,all,10000,PR,0.1,0,0,,,1,,no p-value in any replicate
