block,cell,role,null_cell,n,subset,B,test,alpha,rejection,mcse,size_adj_power,null_size,declined,rejection_given_p,status
2,probit_base_n9400,alternative,null_base_n9400,9400,all,2000,flag.evlt.G10,,0,,,,0,,flag rate: share of replicates with the flag = 1
2,probit_base_n9400,alternative,null_base_n9400,9400,all,2000,flag.evlt.Grule,,0,,,,0,,flag rate: share of replicates with the flag = 1
2,probit_base_n9400,alternative,null_base_n9400,9400,all,2000,flag.stk_half0,,0,,,,0,,flag rate: share of replicates with the flag = 1
2,probit_base_n9400,alternative,null_base_n9400,9400,all,2000,flag.stk_diag,,0,,,,0,,flag rate: share of replicates with the flag = 1
2,probit_base_n9400,alternative,null_base_n9400,9400,all,2000,flag.rivals_run,,1,,,,0,,flag rate: share of replicates with the flag = 1
2,probit_base_n9400,alternative,null_base_n9400,9400,all,2000,flag.degenerate,,0,,,,0,,flag rate: share of replicates with the flag = 1
2,probit_base_n9400,alternative,null_base_n9400,9400,all,2000,flag.info_guard,,0,,,,0,,flag rate: share of replicates with the flag = 1
2,probit_base_n9400,alternative,null_base_n9400,9400,all,2000,flag.rep_error,,0,,,,0,,flag rate: share of replicates with the flag = 1
2,probit_base_n9400,alternative,null_base_n9400,9400,all,2000,EDGE.poly3.u.G10,0.01,0.1935,0.00883339544003324,0.223,0.008,0,0.1935,""
2,probit_base_n9400,alternative,null_base_n9400,9400,all,2000,EDGE.poly3.u.G10,0.05,0.4095,0.0109956752862205,0.4245,0.0475,0,0.4095,""
2,probit_base_n9400,alternative,null_base_n9400,9400,all,2000,EDGE.poly3.u.G10,0.1,0.546,0.011132924144177,0.5495,0.0975,0,0.546,""
2,probit_base_n9400,alternative,null_base_n9400,9400,all,2000,EDGE.poly3.sc.G10,0.01,0.1365,0.00767684017027839,0.1555,0.0075,0,0.1365,""
2,probit_base_n9400,alternative,null_base_n9400,9400,all,2000,EDGE.poly3.sc.G10,0.05,0.327,0.0104897807412739,0.327,0.0495,0,0.327,""
2,probit_base_n9400,alternative,null_base_n9400,9400,all,2000,EDGE.poly3.sc.G10,0.1,0.4545,0.0111339514548969,0.462,0.092,0,0.4545,""
2,probit_base_n9400,alternative,null_base_n9400,9400,all,2000,EDGE.poly2.u.G10,0.01,0.039,0.00432891441356837,0.038,0.0105,0,0.039,""
2,probit_base_n9400,alternative,null_base_n9400,9400,all,2000,EDGE.poly2.u.G10,0.05,0.1325,0.00758102070964062,0.135,0.0465,0,0.1325,""
2,probit_base_n9400,alternative,null_base_n9400,9400,all,2000,EDGE.poly2.u.G10,0.1,0.21,0.00910768905925098,0.212,0.097,0,0.21,""
2,probit_base_n9400,alternative,null_base_n9400,9400,all,2000,EDGE.poly2.sc.G10,0.01,0.116,0.00716044691342656,0.1395,0.0075,0,0.116,""
2,probit_base_n9400,alternative,null_base_n9400,9400,all,2000,EDGE.poly2.sc.G10,0.05,0.296,0.0102074482609514,0.2875,0.0525,0,0.296,""
2,probit_base_n9400,alternative,null_base_n9400,9400,all,2000,EDGE.poly2.sc.G10,0.1,0.425,0.0110538454847171,0.4355,0.094,0,0.425,""
2,probit_base_n9400,alternative,null_base_n9400,9400,all,2000,EDGE.stk.u.G10,0.01,0.2265,0.00935942706579842,0.243,0.0075,0,0.2265,""
2,probit_base_n9400,alternative,null_base_n9400,9400,all,2000,EDGE.stk.u.G10,0.05,0.4515,0.0111276176695643,0.4675,0.0435,0,0.4515,""
2,probit_base_n9400,alternative,null_base_n9400,9400,all,2000,EDGE.stk.u.G10,0.1,0.589,0.0110017953080395,0.594,0.0995,0,0.589,""
2,probit_base_n9400,alternative,null_base_n9400,9400,all,2000,EDGE.stk.sc.G10,0.01,0.1465,0.0079068878201224,0.168,0.008,0,0.1465,""
2,probit_base_n9400,alternative,null_base_n9400,9400,all,2000,EDGE.stk.sc.G10,0.05,0.355,0.0106998831769324,0.3685,0.047,0,0.355,""
2,probit_base_n9400,alternative,null_base_n9400,9400,all,2000,EDGE.stk.sc.G10,0.1,0.486,0.0111759563349183,0.5005,0.0885,0,0.486,""
2,probit_base_n9400,alternative,null_base_n9400,9400,all,2000,EDGE.sym.u.G10,0.01,0.2195,0.00925526201682049,0.239,0.0065,0,0.2195,""
2,probit_base_n9400,alternative,null_base_n9400,9400,all,2000,EDGE.sym.u.G10,0.05,0.464,0.0111513227914898,0.4485,0.0535,0,0.464,""
2,probit_base_n9400,alternative,null_base_n9400,9400,all,2000,EDGE.sym.u.G10,0.1,0.601,0.0109498630128418,0.5975,0.1015,0,0.601,""
2,probit_base_n9400,alternative,null_base_n9400,9400,all,2000,EDGE.sym.sc.G10,0.01,0.1985,0.00891901760285291,0.2035,0.009,0,0.1985,""
2,probit_base_n9400,alternative,null_base_n9400,9400,all,2000,EDGE.sym.sc.G10,0.05,0.415,0.0110175995570723,0.412,0.0505,0,0.415,""
2,probit_base_n9400,alternative,null_base_n9400,9400,all,2000,EDGE.sym.sc.G10,0.1,0.5505,0.0111231683885483,0.544,0.1015,0,0.5505,""
2,probit_base_n9400,alternative,null_base_n9400,9400,all,2000,EDGE.poly3.u.Grule,0.01,0.2345,0.00947390494991374,0.2715,0.007,0,0.2345,""
2,probit_base_n9400,alternative,null_base_n9400,9400,all,2000,EDGE.poly3.u.Grule,0.05,0.4685,0.0111581304437616,0.484,0.0435,0,0.4685,""
2,probit_base_n9400,alternative,null_base_n9400,9400,all,2000,EDGE.poly3.u.Grule,0.1,0.5995,0.0109567273854924,0.61,0.094,0,0.5995,""
2,probit_base_n9400,alternative,null_base_n9400,9400,all,2000,EDGE.poly3.sc.Grule,0.01,0.1845,0.00867351572316555,0.2135,0.0085,0,0.1845,""
2,probit_base_n9400,alternative,null_base_n9400,9400,all,2000,EDGE.poly3.sc.Grule,0.05,0.413,0.0110097910970191,0.413,0.0495,0,0.413,""
2,probit_base_n9400,alternative,null_base_n9400,9400,all,2000,EDGE.poly3.sc.Grule,0.1,0.548,0.0111287016313674,0.554,0.098,0,0.548,""
2,probit_base_n9400,alternative,null_base_n9400,9400,all,2000,EDGE.poly2.u.Grule,0.01,0.034,0.00405240669232494,0.036,0.0095,0,0.034,""
2,probit_base_n9400,alternative,null_base_n9400,9400,all,2000,EDGE.poly2.u.Grule,0.05,0.1195,0.00725326650551322,0.111,0.0525,0,0.1195,""
2,probit_base_n9400,alternative,null_base_n9400,9400,all,2000,EDGE.poly2.u.Grule,0.1,0.202,0.00897763888781455,0.1885,0.1085,0,0.202,""
2,probit_base_n9400,alternative,null_base_n9400,9400,all,2000,EDGE.poly2.sc.Grule,0.01,0.236,0.00949484070429831,0.269,0.0075,0,0.236,""
2,probit_base_n9400,alternative,null_base_n9400,9400,all,2000,EDGE.poly2.sc.Grule,0.05,0.469,0.0111588305838918,0.4885,0.043,0,0.469,""
2,probit_base_n9400,alternative,null_base_n9400,9400,all,2000,EDGE.poly2.sc.Grule,0.1,0.6005,0.0109521630283702,0.604,0.0985,0,0.6005,""
2,probit_base_n9400,alternative,null_base_n9400,9400,all,2000,EDGE.stk.u.Grule,0.01,0.2455,0.00962366224469666,0.2745,0.0065,0,0.2455,""
2,probit_base_n9400,alternative,null_base_n9400,9400,all,2000,EDGE.stk.u.Grule,0.05,0.4885,0.0111773822964055,0.5005,0.043,0,0.4885,""
2,probit_base_n9400,alternative,null_base_n9400,9400,all,2000,EDGE.stk.u.Grule,0.1,0.624,0.0108310664294888,0.6305,0.096,0,0.624,""
2,probit_base_n9400,alternative,null_base_n9400,9400,all,2000,EDGE.stk.sc.Grule,0.01,0.181,0.00860926826158879,0.1885,0.0085,0,0.181,""
2,probit_base_n9400,alternative,null_base_n9400,9400,all,2000,EDGE.stk.sc.Grule,0.05,0.392,0.010916409666186,0.4255,0.0425,0,0.392,""
2,probit_base_n9400,alternative,null_base_n9400,9400,all,2000,EDGE.stk.sc.Grule,0.1,0.5265,0.0111646260573295,0.5355,0.0925,0,0.5265,""
2,probit_base_n9400,alternative,null_base_n9400,9400,all,2000,EDGE.sym.u.Grule,0.01,0.292,0.0101670054588359,0.323,0.008,0,0.292,""
2,probit_base_n9400,alternative,null_base_n9400,9400,all,2000,EDGE.sym.u.Grule,0.05,0.5695,0.0110718054083334,0.553,0.0525,0,0.5695,""
2,probit_base_n9400,alternative,null_base_n9400,9400,all,2000,EDGE.sym.u.Grule,0.1,0.6955,0.0102902806084188,0.691,0.1015,0,0.6955,""
2,probit_base_n9400,alternative,null_base_n9400,9400,all,2000,EDGE.sym.sc.Grule,0.01,0.3235,0.0104605867426259,0.3725,0.0065,0,0.3235,""
2,probit_base_n9400,alternative,null_base_n9400,9400,all,2000,EDGE.sym.sc.Grule,0.05,0.576,0.0110504298558925,0.5695,0.052,0,0.576,""
2,probit_base_n9400,alternative,null_base_n9400,9400,all,2000,EDGE.sym.sc.Grule,0.1,0.708,0.0101670054588359,0.7125,0.0985,0,0.708,""
2,probit_base_n9400,alternative,null_base_n9400,9400,all,2000,HL.G10,0.01,0.0795,0.00604895652158288,0.0915,0.0065,0,0.0795,""
2,probit_base_n9400,alternative,null_base_n9400,9400,all,2000,HL.G10,0.05,0.212,0.00913936540466569,0.226,0.0425,0,0.212,""
2,probit_base_n9400,alternative,null_base_n9400,9400,all,2000,HL.G10,0.1,0.3395,0.0105886672910239,0.3355,0.102,0,0.3395,""
2,probit_base_n9400,alternative,null_base_n9400,9400,all,2000,HL.Grule,0.01,0.0045,0.00149662119455793,0.008,0.005,0,0.0045,""
2,probit_base_n9400,alternative,null_base_n9400,9400,all,2000,HL.Grule,0.05,0.0325,0.00396508196636589,0.037,0.0435,0,0.0325,""
2,probit_base_n9400,alternative,null_base_n9400,9400,all,2000,HL.Grule,0.1,0.0695,0.00568637626261225,0.074,0.0935,0,0.0695,""
2,probit_base_n9400,alternative,null_base_n9400,9400,all,2000,HLF.G10,0.01,0.087,0.0063020234845643,0.096,0.0065,0,0.087,""
2,probit_base_n9400,alternative,null_base_n9400,9400,all,2000,HLF.G10,0.05,0.221,0.00927790385809209,0.2375,0.0425,0,0.221,""
2,probit_base_n9400,alternative,null_base_n9400,9400,all,2000,HLF.G10,0.1,0.351,0.0106723708706173,0.348,0.102,0,0.351,""
2,probit_base_n9400,alternative,null_base_n9400,9400,all,2000,HLF.Grule,0.01,0.011,0.00233227356885937,0.0195,0.005,0,0.011,""
2,probit_base_n9400,alternative,null_base_n9400,9400,all,2000,HLF.Grule,0.05,0.061,0.00535158854920668,0.069,0.043,0,0.061,""
2,probit_base_n9400,alternative,null_base_n9400,9400,all,2000,HLF.Grule,0.1,0.13,0.00751997340420829,0.1335,0.093,0,0.13,""
2,probit_base_n9400,alternative,null_base_n9400,9400,all,2000,Stk.joint,0.01,0.228,0.00938125791138907,0.2655,0.006,0,0.228,""
2,probit_base_n9400,alternative,null_base_n9400,9400,all,2000,Stk.joint,0.05,0.4605,0.011145397031959,0.4905,0.041,0,0.4605,""
2,probit_base_n9400,alternative,null_base_n9400,9400,all,2000,Stk.joint,0.1,0.601,0.0109498630128418,0.609,0.0935,0,0.601,""
2,probit_base_n9400,alternative,null_base_n9400,9400,all,2000,Stk.LR,0.01,0.252,0.00970814091368682,0.2795,0.006,0,0.252,""
2,probit_base_n9400,alternative,null_base_n9400,9400,all,2000,Stk.LR,0.05,0.48,0.0111713920350152,0.5075,0.042,0,0.48,""
2,probit_base_n9400,alternative,null_base_n9400,9400,all,2000,Stk.LR,0.1,0.6115,0.0108988015396189,0.6305,0.092,0,0.6115,""
2,probit_base_n9400,alternative,null_base_n9400,9400,all,2000,Stk.sym1,0.01,0.321,0.0104393246908026,0.3685,0.0065,0,0.321,""
2,probit_base_n9400,alternative,null_base_n9400,9400,all,2000,Stk.sym1,0.05,0.5785,0.0110416880502938,0.571,0.0525,0,0.5785,""
2,probit_base_n9400,alternative,null_base_n9400,9400,all,2000,Stk.sym1,0.1,0.7075,0.0101721126124321,0.7115,0.097,0,0.7075,""
2,probit_base_n9400,alternative,null_base_n9400,9400,all,2000,Stk.marg,0.01,0.0845,0.00621931467285585,0.051,0.0165,0,0.0845,""
2,probit_base_n9400,alternative,null_base_n9400,9400,all,2000,Stk.marg,0.05,0.216,0.00920173896608679,0.1595,0.073,0,0.216,""
2,probit_base_n9400,alternative,null_base_n9400,9400,all,2000,Stk.marg,0.1,0.326,0.0104815075251607,0.2875,0.116,0,0.326,""
2,probit_base_n9400,alternative,null_base_n9400,9400,all,2000,GiViTI,0.01,0.088,0.00633466652634533,0.093,0.008,0,0.088,""
2,probit_base_n9400,alternative,null_base_n9400,9400,all,2000,GiViTI,0.05,0.2255,0.00934477795348825,0.216,0.053,0,0.2255,""
2,probit_base_n9400,alternative,null_base_n9400,9400,all,2000,GiViTI,0.1,0.3375,0.0105734041349038,0.3245,0.108,0,0.3375,""
2,probit_base_n9400,alternative,null_base_n9400,9400,all,2000,GiViTI.t50,0.01,0.1845,0.00867351572316555,0.2375,0.007,0,0.1845,""
2,probit_base_n9400,alternative,null_base_n9400,9400,all,2000,GiViTI.t50,0.05,0.379,0.010848018252197,0.385,0.0455,0,0.379,""
2,probit_base_n9400,alternative,null_base_n9400,9400,all,2000,GiViTI.t50,0.1,0.502,0.0111802504444221,0.5055,0.0975,0,0.502,""
2,probit_base_n9400,alternative,null_base_n9400,9400,all,2000,Cubic.LR,0.01,0.258,0.00978355763513457,0.3055,0.0065,0,0.258,""
2,probit_base_n9400,alternative,null_base_n9400,9400,all,2000,Cubic.LR,0.05,0.4875,0.0111768454851984,0.5175,0.042,0,0.4875,""
2,probit_base_n9400,alternative,null_base_n9400,9400,all,2000,Cubic.LR,0.1,0.6175,0.0108672386096929,0.635,0.0915,0,0.6175,""
2,probit_base_n9400,alternative,null_base_n9400,9400,all,2000,HL_w,0.01,0.0615,0.00537204569973116,0.083,0.0075,0,0.0615,""
2,probit_base_n9400,alternative,null_base_n9400,9400,all,2000,HL_w,0.05,0.202,0.00897763888781455,0.2235,0.0435,0,0.202,""
2,probit_base_n9400,alternative,null_base_n9400,9400,all,2000,HL_w,0.1,0.3095,0.0103370631709398,0.32,0.0915,0,0.3095,""
2,probit_base_n9400,alternative,null_base_n9400,9400,all,2000,PH,0.01,0.052,0.00496467521596328,0.092,0.004,0,0.052,""
2,probit_base_n9400,alternative,null_base_n9400,9400,all,2000,PH,0.05,0.1645,0.00828974517099289,0.227,0.0255,0,0.1645,""
2,probit_base_n9400,alternative,null_base_n9400,9400,all,2000,PH,0.1,0.253,0.00972087958983136,0.339,0.0645,0,0.253,""
2,probit_base_n9400,alternative,null_base_n9400,9400,all,2000,Tsiatis,0.01,0.0625,0.00541265877365274,0.075,0.0075,0,0.0625,""
2,probit_base_n9400,alternative,null_base_n9400,9400,all,2000,Tsiatis,0.05,0.1945,0.00885069912492793,0.199,0.049,0,0.1945,""
2,probit_base_n9400,alternative,null_base_n9400,9400,all,2000,Tsiatis,0.1,0.3095,0.0103370631709398,0.3095,0.099,0,0.3095,""
2,probit_base_n9400,alternative,null_base_n9400,9400,all,2000,Xie,0.01,0.037,0.00422084114839685,0.0845,0.0025,0,0.037,""
2,probit_base_n9400,alternative,null_base_n9400,9400,all,2000,Xie,0.05,0.1395,0.00774724951192357,0.2045,0.0265,0,0.1395,""
2,probit_base_n9400,alternative,null_base_n9400,9400,all,2000,Xie,0.1,0.2225,0.00930036961631096,0.313,0.059,0,0.2225,""
2,probit_base_n9400,alternative,null_base_n9400,9400,all,2000,PR,0.01,0.0185,0.00301311715670002,0.019,0.009,0,0.0185,""
2,probit_base_n9400,alternative,null_base_n9400,9400,all,2000,PR,0.05,0.0875,0.00631837597805006,0.088,0.0485,0,0.0875,""
2,probit_base_n9400,alternative,null_base_n9400,9400,all,2000,PR,0.1,0.161,0.00821824190444647,0.149,0.107,0,0.161,""
2,probit_base_n16000,alternative,null_base_n16000,16000,all,2000,flag.evlt.G10,,0,,,,0,,flag rate: share of replicates with the flag = 1
2,probit_base_n16000,alternative,null_base_n16000,16000,all,2000,flag.evlt.Grule,,0,,,,0,,flag rate: share of replicates with the flag = 1
2,probit_base_n16000,alternative,null_base_n16000,16000,all,2000,flag.stk_half0,,0,,,,0,,flag rate: share of replicates with the flag = 1
2,probit_base_n16000,alternative,null_base_n16000,16000,all,2000,flag.stk_diag,,0,,,,0,,flag rate: share of replicates with the flag = 1
2,probit_base_n16000,alternative,null_base_n16000,16000,all,2000,flag.rivals_run,,0,,,,0,,flag rate: share of replicates with the flag = 1
2,probit_base_n16000,alternative,null_base_n16000,16000,all,2000,flag.degenerate,,0,,,,0,,flag rate: share of replicates with the flag = 1
2,probit_base_n16000,alternative,null_base_n16000,16000,all,2000,flag.info_guard,,0,,,,0,,flag rate: share of replicates with the flag = 1
2,probit_base_n16000,alternative,null_base_n16000,16000,all,2000,flag.rep_error,,0,,,,0,,flag rate: share of replicates with the flag = 1
2,probit_base_n16000,alternative,null_base_n16000,16000,all,2000,EDGE.poly3.u.G10,0.01,0.403,0.0109679305249441,0.394,0.01,0,0.403,""
2,probit_base_n16000,alternative,null_base_n16000,16000,all,2000,EDGE.poly3.u.G10,0.05,0.653,0.0106440358887031,0.6475,0.051,0,0.653,""
2,probit_base_n16000,alternative,null_base_n16000,16000,all,2000,EDGE.poly3.u.G10,0.1,0.7675,0.00944573316370942,0.761,0.1065,0,0.7675,""
2,probit_base_n16000,alternative,null_base_n16000,16000,all,2000,EDGE.poly3.sc.G10,0.01,0.289,0.0101360495263194,0.3,0.0075,0,0.289,""
2,probit_base_n16000,alternative,null_base_n16000,16000,all,2000,EDGE.poly3.sc.G10,0.05,0.5345,0.0111536933344969,0.5275,0.051,0,0.5345,""
2,probit_base_n16000,alternative,null_base_n16000,16000,all,2000,EDGE.poly3.sc.G10,0.1,0.651,0.0106583066197215,0.6455,0.104,0,0.651,""
2,probit_base_n16000,alternative,null_base_n16000,16000,all,2000,EDGE.poly2.u.G10,0.01,0.064,0.00547284204047586,0.0615,0.0105,0,0.064,""
2,probit_base_n16000,alternative,null_base_n16000,16000,all,2000,EDGE.poly2.u.G10,0.05,0.193,0.00882470962695091,0.189,0.052,0,0.193,""
2,probit_base_n16000,alternative,null_base_n16000,16000,all,2000,EDGE.poly2.u.G10,0.1,0.295,0.0101974261458468,0.3055,0.094,0,0.295,""
2,probit_base_n16000,alternative,null_base_n16000,16000,all,2000,EDGE.poly2.sc.G10,0.01,0.2475,0.00964996761652598,0.2745,0.008,0,0.2475,""
2,probit_base_n16000,alternative,null_base_n16000,16000,all,2000,EDGE.poly2.sc.G10,0.05,0.4815,0.0111726843238319,0.4795,0.051,0,0.4815,""
2,probit_base_n16000,alternative,null_base_n16000,16000,all,2000,EDGE.poly2.sc.G10,0.1,0.6185,0.010861808090737,0.601,0.1045,0,0.6185,""
2,probit_base_n16000,alternative,null_base_n16000,16000,all,2000,EDGE.stk.u.G10,0.01,0.464,0.0111513227914898,0.4525,0.011,0,0.464,""
2,probit_base_n16000,alternative,null_base_n16000,16000,all,2000,EDGE.stk.u.G10,0.05,0.7,0.0102469507659596,0.6825,0.055,0,0.7,""
2,probit_base_n16000,alternative,null_base_n16000,16000,all,2000,EDGE.stk.u.G10,0.1,0.7945,0.00903520198999447,0.7945,0.1005,0,0.7945,""
2,probit_base_n16000,alternative,null_base_n16000,16000,all,2000,EDGE.stk.sc.G10,0.01,0.343,0.0106148716431241,0.3635,0.0095,0,0.343,""
2,probit_base_n16000,alternative,null_base_n16000,16000,all,2000,EDGE.stk.sc.G10,0.05,0.579,0.0110399048908947,0.581,0.048,0,0.579,""
2,probit_base_n16000,alternative,null_base_n16000,16000,all,2000,EDGE.stk.sc.G10,0.1,0.71,0.0101464279428772,0.699,0.1085,0,0.71,""
2,probit_base_n16000,alternative,null_base_n16000,16000,all,2000,EDGE.sym.u.G10,0.01,0.4575,0.0111398776923268,0.452,0.011,0,0.4575,""
2,probit_base_n16000,alternative,null_base_n16000,16000,all,2000,EDGE.sym.u.G10,0.05,0.7115,0.010130837823201,0.7235,0.045,0,0.7115,""
2,probit_base_n16000,alternative,null_base_n16000,16000,all,2000,EDGE.sym.u.G10,0.1,0.81,0.00877211491032807,0.8195,0.0925,0,0.81,""
2,probit_base_n16000,alternative,null_base_n16000,16000,all,2000,EDGE.sym.sc.G10,0.01,0.3895,0.0109038926535435,0.3775,0.011,0,0.3895,""
2,probit_base_n16000,alternative,null_base_n16000,16000,all,2000,EDGE.sym.sc.G10,0.05,0.6455,0.0106964889099181,0.6395,0.052,0,0.6455,""
2,probit_base_n16000,alternative,null_base_n16000,16000,all,2000,EDGE.sym.sc.G10,0.1,0.7605,0.00954305375652888,0.7665,0.096,0,0.7605,""
2,probit_base_n16000,alternative,null_base_n16000,16000,all,2000,EDGE.poly3.u.Grule,0.01,0.476,0.0111674527086529,0.5055,0.0075,0,0.476,""
2,probit_base_n16000,alternative,null_base_n16000,16000,all,2000,EDGE.poly3.u.Grule,0.05,0.732,0.0099039386104721,0.744,0.0455,0,0.732,""
2,probit_base_n16000,alternative,null_base_n16000,16000,all,2000,EDGE.poly3.u.Grule,0.1,0.8285,0.00842875287334965,0.8385,0.0915,0,0.8285,""
2,probit_base_n16000,alternative,null_base_n16000,16000,all,2000,EDGE.poly3.sc.Grule,0.01,0.4135,0.0110117607583892,0.4695,0.0045,0,0.4135,""
2,probit_base_n16000,alternative,null_base_n16000,16000,all,2000,EDGE.poly3.sc.Grule,0.05,0.665,0.0105540276671989,0.686,0.0455,0,0.665,""
2,probit_base_n16000,alternative,null_base_n16000,16000,all,2000,EDGE.poly3.sc.Grule,0.1,0.7905,0.00909971840223641,0.8,0.0925,0,0.7905,""
2,probit_base_n16000,alternative,null_base_n16000,16000,all,2000,EDGE.poly2.u.Grule,0.01,0.058,0.00522666241496426,0.0565,0.01,0,0.058,""
2,probit_base_n16000,alternative,null_base_n16000,16000,all,2000,EDGE.poly2.u.Grule,0.05,0.183,0.00864612630025724,0.187,0.048,0,0.183,""
2,probit_base_n16000,alternative,null_base_n16000,16000,all,2000,EDGE.poly2.u.Grule,0.1,0.2965,0.0102124372703092,0.315,0.09,0,0.2965,""
2,probit_base_n16000,alternative,null_base_n16000,16000,all,2000,EDGE.poly2.sc.Grule,0.01,0.472,0.0111627953488362,0.49,0.007,0,0.472,""
2,probit_base_n16000,alternative,null_base_n16000,16000,all,2000,EDGE.poly2.sc.Grule,0.05,0.7265,0.00996739058129057,0.7445,0.0465,0,0.7265,""
2,probit_base_n16000,alternative,null_base_n16000,16000,all,2000,EDGE.poly2.sc.Grule,0.1,0.8235,0.00852489736008593,0.836,0.0915,0,0.8235,""
2,probit_base_n16000,alternative,null_base_n16000,16000,all,2000,EDGE.stk.u.Grule,0.01,0.5235,0.0111679843749891,0.547,0.007,0,0.5235,""
2,probit_base_n16000,alternative,null_base_n16000,16000,all,2000,EDGE.stk.u.Grule,0.05,0.766,0.00946688966873492,0.801,0.04,0,0.766,""
2,probit_base_n16000,alternative,null_base_n16000,16000,all,2000,EDGE.stk.u.Grule,0.1,0.8535,0.0079068878201224,0.866,0.0845,0,0.8535,""
2,probit_base_n16000,alternative,null_base_n16000,16000,all,2000,EDGE.stk.sc.Grule,0.01,0.394,0.0109262070271435,0.408,0.0065,0,0.394,""
2,probit_base_n16000,alternative,null_base_n16000,16000,all,2000,EDGE.stk.sc.Grule,0.05,0.6565,0.0106185627558535,0.6765,0.0425,0,0.6565,""
2,probit_base_n16000,alternative,null_base_n16000,16000,all,2000,EDGE.stk.sc.Grule,0.1,0.785,0.00918626692405571,0.7975,0.092,0,0.785,""
2,probit_base_n16000,alternative,null_base_n16000,16000,all,2000,EDGE.sym.u.Grule,0.01,0.5955,0.0109745102396417,0.6415,0.007,0,0.5955,""
2,probit_base_n16000,alternative,null_base_n16000,16000,all,2000,EDGE.sym.u.Grule,0.05,0.8255,0.00848674702109118,0.853,0.037,0,0.8255,""
2,probit_base_n16000,alternative,null_base_n16000,16000,all,2000,EDGE.sym.u.Grule,0.1,0.8965,0.00681130494105205,0.9085,0.088,0,0.8965,""
2,probit_base_n16000,alternative,null_base_n16000,16000,all,2000,EDGE.sym.sc.Grule,0.01,0.607,0.010921332336304,0.6195,0.008,0,0.607,""
2,probit_base_n16000,alternative,null_base_n16000,16000,all,2000,EDGE.sym.sc.Grule,0.05,0.823,0.00853437168161781,0.842,0.0395,0,0.823,""
2,probit_base_n16000,alternative,null_base_n16000,16000,all,2000,EDGE.sym.sc.Grule,0.1,0.8915,0.00695441406590088,0.9035,0.088,0,0.8915,""
2,probit_base_n16000,alternative,null_base_n16000,16000,all,2000,HL.G10,0.01,0.1765,0.00852489736008593,0.154,0.0115,0,0.1765,""
2,probit_base_n16000,alternative,null_base_n16000,16000,all,2000,HL.G10,0.05,0.404,0.0109723288321122,0.4055,0.049,0,0.404,""
2,probit_base_n16000,alternative,null_base_n16000,16000,all,2000,HL.G10,0.1,0.5345,0.0111536933344969,0.5355,0.0995,0,0.5345,""
2,probit_base_n16000,alternative,null_base_n16000,16000,all,2000,HL.Grule,0.01,0.004,0.00141138230115019,0.0065,0.0035,0,0.004,""
2,probit_base_n16000,alternative,null_base_n16000,16000,all,2000,HL.Grule,0.05,0.031,0.0038754999677461,0.037,0.042,0,0.031,""
2,probit_base_n16000,alternative,null_base_n16000,16000,all,2000,HL.Grule,0.1,0.059,0.00526872849936301,0.0605,0.0965,0,0.059,""
2,probit_base_n16000,alternative,null_base_n16000,16000,all,2000,HLF.G10,0.01,0.186,0.00870068962783985,0.1595,0.0115,0,0.186,""
2,probit_base_n16000,alternative,null_base_n16000,16000,all,2000,HLF.G10,0.05,0.4165,0.011023333207338,0.42,0.049,0,0.4165,""
2,probit_base_n16000,alternative,null_base_n16000,16000,all,2000,HLF.G10,0.1,0.5485,0.0111276176695643,0.5495,0.0985,0,0.5485,""
2,probit_base_n16000,alternative,null_base_n16000,16000,all,2000,HLF.Grule,0.01,0.0135,0.00258047960658479,0.019,0.0035,0,0.0135,""
2,probit_base_n16000,alternative,null_base_n16000,16000,all,2000,HLF.Grule,0.05,0.0655,0.00553216729681958,0.076,0.0395,0,0.0655,""
2,probit_base_n16000,alternative,null_base_n16000,16000,all,2000,HLF.Grule,0.1,0.127,0.00744550199785078,0.1305,0.097,0,0.127,""
2,probit_base_n16000,alternative,null_base_n16000,16000,all,2000,Stk.joint,0.01,0.472,0.0111627953488362,0.474,0.0095,0,0.472,""
2,probit_base_n16000,alternative,null_base_n16000,16000,all,2000,Stk.joint,0.05,0.737,0.0098445670295854,0.7455,0.045,0,0.737,""
2,probit_base_n16000,alternative,null_base_n16000,16000,all,2000,Stk.joint,0.1,0.8315,0.00836981929315084,0.836,0.094,0,0.8315,""
2,probit_base_n16000,alternative,null_base_n16000,16000,all,2000,Stk.LR,0.01,0.498,0.0111802504444221,0.5005,0.0095,0,0.498,""
2,probit_base_n16000,alternative,null_base_n16000,16000,all,2000,Stk.LR,0.05,0.7455,0.00973986011193179,0.7615,0.0455,0,0.7455,""
2,probit_base_n16000,alternative,null_base_n16000,16000,all,2000,Stk.LR,0.1,0.837,0.00825926752200218,0.843,0.0945,0,0.837,""
2,probit_base_n16000,alternative,null_base_n16000,16000,all,2000,Stk.sym1,0.01,0.608,0.010916409666186,0.62,0.008,0,0.608,""
2,probit_base_n16000,alternative,null_base_n16000,16000,all,2000,Stk.sym1,0.05,0.823,0.00853437168161781,0.842,0.0405,0,0.823,""
2,probit_base_n16000,alternative,null_base_n16000,16000,all,2000,Stk.sym1,0.1,0.891,0.00696846468025777,0.903,0.0875,0,0.891,""
2,probit_base_n16000,alternative,null_base_n16000,16000,all,2000,Stk.marg,0.01,0.1765,0.00852489736008593,0.0945,0.0235,0,0.1765,""
2,probit_base_n16000,alternative,null_base_n16000,16000,all,2000,Stk.marg,0.05,0.383,0.0108699356023851,0.3065,0.065,0,0.383,""
2,probit_base_n16000,alternative,null_base_n16000,16000,all,2000,Stk.marg,0.1,0.5255,0.0111657903885036,0.5125,0.1055,0,0.5255,""
2,probit_base_n16000,alternative,null_base_n16000,16000,all,2000,GiViTI,0.01,0.231,0.00942440979584398,0.2265,0.01,0,0.231,""
2,probit_base_n16000,alternative,null_base_n16000,16000,all,2000,GiViTI,0.05,0.447,0.0111173513032556,0.4475,0.0495,0,0.447,""
2,probit_base_n16000,alternative,null_base_n16000,16000,all,2000,GiViTI,0.1,0.5535,0.0111161537862698,0.5735,0.0875,0,0.5535,""
2,probit_base_n16000,alternative,null_base_n16000,16000,all,2000,GiViTI.t50,0.01,0.412,0.0110058166439388,0.459,0.006,0,0.412,""
2,probit_base_n16000,alternative,null_base_n16000,16000,all,2000,GiViTI.t50,0.05,0.642,0.0107199813432673,0.645,0.0475,0,0.642,""
2,probit_base_n16000,alternative,null_base_n16000,16000,all,2000,GiViTI.t50,0.1,0.757,0.00959038581080031,0.777,0.0845,0,0.757,""
2,probit_base_n16000,alternative,null_base_n16000,16000,all,2000,Cubic.LR,0.01,0.513,0.0111765602937576,0.568,0.0065,0,0.513,""
2,probit_base_n16000,alternative,null_base_n16000,16000,all,2000,Cubic.LR,0.05,0.758,0.00957695149825872,0.787,0.041,0,0.758,""
2,probit_base_n16000,alternative,null_base_n16000,16000,all,2000,Cubic.LR,0.1,0.8485,0.00801709891419583,0.863,0.085,0,0.8485,""
2,probit_base_n16000,alternative,null_base_n16000,16000,all,2000,HL_w,0.01,0,0,0,0,1,,"not run (n >= 10,000)"
2,probit_base_n16000,alternative,null_base_n16000,16000,all,2000,HL_w,0.05,0,0,0,0,1,,"not run (n >= 10,000)"
2,probit_base_n16000,alternative,null_base_n16000,16000,all,2000,HL_w,0.1,0,0,0,0,1,,"not run (n >= 10,000)"
2,probit_base_n16000,alternative,null_base_n16000,16000,all,2000,PH,0.01,0,0,0,0,1,,"not run (n >= 10,000)"
2,probit_base_n16000,alternative,null_base_n16000,16000,all,2000,PH,0.05,0,0,0,0,1,,"not run (n >= 10,000)"
2,probit_base_n16000,alternative,null_base_n16000,16000,all,2000,PH,0.1,0,0,0,0,1,,"not run (n >= 10,000)"
2,probit_base_n16000,alternative,null_base_n16000,16000,all,2000,Tsiatis,0.01,0,0,0,0,1,,"not run (n >= 10,000)"
2,probit_base_n16000,alternative,null_base_n16000,16000,all,2000,Tsiatis,0.05,0,0,0,0,1,,"not run (n >= 10,000)"
2,probit_base_n16000,alternative,null_base_n16000,16000,all,2000,Tsiatis,0.1,0,0,0,0,1,,"not run (n >= 10,000)"
2,probit_base_n16000,alternative,null_base_n16000,16000,all,2000,Xie,0.01,0,0,0,0,1,,"not run (n >= 10,000)"
2,probit_base_n16000,alternative,null_base_n16000,16000,all,2000,Xie,0.05,0,0,0,0,1,,"not run (n >= 10,000)"
2,probit_base_n16000,alternative,null_base_n16000,16000,all,2000,Xie,0.1,0,0,0,0,1,,"not run (n >= 10,000)"
2,probit_base_n16000,alternative,null_base_n16000,16000,all,2000,PR,0.01,0,0,0,0,1,,"not run (n >= 10,000)"
2,probit_base_n16000,alternative,null_base_n16000,16000,all,2000,PR,0.05,0,0,0,0,1,,"not run (n >= 10,000)"
2,probit_base_n16000,alternative,null_base_n16000,16000,all,2000,PR,0.1,0,0,0,0,1,,"not run (n >= 10,000)"
2,cauchit_base_n2400,alternative,null_base_n2400,2400,all,2000,flag.evlt.G10,,0,,,,0,,flag rate: share of replicates with the flag = 1
2,cauchit_base_n2400,alternative,null_base_n2400,2400,all,2000,flag.evlt.Grule,,0,,,,0,,flag rate: share of replicates with the flag = 1
2,cauchit_base_n2400,alternative,null_base_n2400,2400,all,2000,flag.stk_half0,,0,,,,0,,flag rate: share of replicates with the flag = 1
2,cauchit_base_n2400,alternative,null_base_n2400,2400,all,2000,flag.stk_diag,,0,,,,0,,flag rate: share of replicates with the flag = 1
2,cauchit_base_n2400,alternative,null_base_n2400,2400,all,2000,flag.rivals_run,,1,,,,0,,flag rate: share of replicates with the flag = 1
2,cauchit_base_n2400,alternative,null_base_n2400,2400,all,2000,flag.degenerate,,0,,,,0,,flag rate: share of replicates with the flag = 1
2,cauchit_base_n2400,alternative,null_base_n2400,2400,all,2000,flag.info_guard,,0,,,,0,,flag rate: share of replicates with the flag = 1
2,cauchit_base_n2400,alternative,null_base_n2400,2400,all,2000,flag.rep_error,,0,,,,0,,flag rate: share of replicates with the flag = 1
2,cauchit_base_n2400,alternative,null_base_n2400,2400,all,2000,EDGE.poly3.u.G10,0.01,0.1985,0.00891901760285291,0.2015,0.0095,0,0.1985,""
2,cauchit_base_n2400,alternative,null_base_n2400,2400,all,2000,EDGE.poly3.u.G10,0.05,0.4025,0.0109657136110697,0.4055,0.048,0,0.4025,""
2,cauchit_base_n2400,alternative,null_base_n2400,2400,all,2000,EDGE.poly3.u.G10,0.1,0.544,0.0111369654753887,0.5455,0.099,0,0.544,""
2,cauchit_base_n2400,alternative,null_base_n2400,2400,all,2000,EDGE.poly3.sc.G10,0.01,0.168,0.0083599043056724,0.195,0.0065,0,0.168,""
2,cauchit_base_n2400,alternative,null_base_n2400,2400,all,2000,EDGE.poly3.sc.G10,0.05,0.3655,0.0107682345349644,0.395,0.04,0,0.3655,""
2,cauchit_base_n2400,alternative,null_base_n2400,2400,all,2000,EDGE.poly3.sc.G10,0.1,0.4975,0.0111802001323769,0.525,0.0915,0,0.4975,""
2,cauchit_base_n2400,alternative,null_base_n2400,2400,all,2000,EDGE.poly2.u.G10,0.01,0.056,0.00514120608417908,0.072,0.0075,0,0.056,""
2,cauchit_base_n2400,alternative,null_base_n2400,2400,all,2000,EDGE.poly2.u.G10,0.05,0.1635,0.00826945433508161,0.153,0.054,0,0.1635,""
2,cauchit_base_n2400,alternative,null_base_n2400,2400,all,2000,EDGE.poly2.u.G10,0.1,0.261,0.00982036150047441,0.2535,0.1045,0,0.261,""
2,cauchit_base_n2400,alternative,null_base_n2400,2400,all,2000,EDGE.poly2.sc.G10,0.01,0.093,0.00649426670225361,0.113,0.0065,0,0.093,""
2,cauchit_base_n2400,alternative,null_base_n2400,2400,all,2000,EDGE.poly2.sc.G10,0.05,0.232,0.00943864397040168,0.261,0.0425,0,0.232,""
2,cauchit_base_n2400,alternative,null_base_n2400,2400,all,2000,EDGE.poly2.sc.G10,0.1,0.3415,0.0106037198661602,0.352,0.0925,0,0.3415,""
2,cauchit_base_n2400,alternative,null_base_n2400,2400,all,2000,EDGE.stk.u.G10,0.01,0.255,0.00974615308724422,0.2355,0.0125,0,0.255,""
2,cauchit_base_n2400,alternative,null_base_n2400,2400,all,2000,EDGE.stk.u.G10,0.05,0.475,0.0111663557170636,0.4875,0.044,0,0.475,""
2,cauchit_base_n2400,alternative,null_base_n2400,2400,all,2000,EDGE.stk.u.G10,0.1,0.576,0.0110504298558925,0.584,0.095,0,0.576,""
2,cauchit_base_n2400,alternative,null_base_n2400,2400,all,2000,EDGE.stk.sc.G10,0.01,0.1655,0.00830992629329527,0.1925,0.007,0,0.1655,""
2,cauchit_base_n2400,alternative,null_base_n2400,2400,all,2000,EDGE.stk.sc.G10,0.05,0.364,0.010758810343156,0.4025,0.0395,0,0.364,""
2,cauchit_base_n2400,alternative,null_base_n2400,2400,all,2000,EDGE.stk.sc.G10,0.1,0.4945,0.0111796634564731,0.5245,0.0865,0,0.4945,""
2,cauchit_base_n2400,alternative,null_base_n2400,2400,all,2000,EDGE.sym.u.G10,0.01,0.2235,0.00931524959407959,0.2595,0.0085,0,0.2235,""
2,cauchit_base_n2400,alternative,null_base_n2400,2400,all,2000,EDGE.sym.u.G10,0.05,0.44,0.0110995495404093,0.45,0.048,0,0.44,""
2,cauchit_base_n2400,alternative,null_base_n2400,2400,all,2000,EDGE.sym.u.G10,0.1,0.564,0.0110883722881224,0.5795,0.0935,0,0.564,""
2,cauchit_base_n2400,alternative,null_base_n2400,2400,all,2000,EDGE.sym.sc.G10,0.01,0.2015,0.00896932968509911,0.2085,0.009,0,0.2015,""
2,cauchit_base_n2400,alternative,null_base_n2400,2400,all,2000,EDGE.sym.sc.G10,0.05,0.418,0.0110289618731774,0.423,0.046,0,0.418,""
2,cauchit_base_n2400,alternative,null_base_n2400,2400,all,2000,EDGE.sym.sc.G10,0.1,0.541,0.0111426881855323,0.566,0.092,0,0.541,""
2,cauchit_base_n2400,alternative,null_base_n2400,2400,all,2000,EDGE.poly3.u.Grule,0.01,0.249,0.00966951394848779,0.2455,0.01,0,0.249,""
2,cauchit_base_n2400,alternative,null_base_n2400,2400,all,2000,EDGE.poly3.u.Grule,0.05,0.4595,0.0111436024247099,0.471,0.048,0,0.4595,""
2,cauchit_base_n2400,alternative,null_base_n2400,2400,all,2000,EDGE.poly3.u.Grule,0.1,0.586,0.0110137187180353,0.59,0.0955,0,0.586,""
2,cauchit_base_n2400,alternative,null_base_n2400,2400,all,2000,EDGE.poly3.sc.Grule,0.01,0.2085,0.00908371482379318,0.198,0.0105,0,0.2085,""
2,cauchit_base_n2400,alternative,null_base_n2400,2400,all,2000,EDGE.poly3.sc.Grule,0.05,0.404,0.0109723288321122,0.4235,0.0475,0,0.404,""
2,cauchit_base_n2400,alternative,null_base_n2400,2400,all,2000,EDGE.poly3.sc.Grule,0.1,0.5365,0.0111505100780189,0.5415,0.0965,0,0.5365,""
2,cauchit_base_n2400,alternative,null_base_n2400,2400,all,2000,EDGE.poly2.u.Grule,0.01,0.057,0.00518415856238985,0.0525,0.011,0,0.057,""
2,cauchit_base_n2400,alternative,null_base_n2400,2400,all,2000,EDGE.poly2.u.Grule,0.05,0.1605,0.00820791538699078,0.165,0.048,0,0.1605,""
2,cauchit_base_n2400,alternative,null_base_n2400,2400,all,2000,EDGE.poly2.u.Grule,0.1,0.254,0.00973355022589394,0.2555,0.099,0,0.254,""
2,cauchit_base_n2400,alternative,null_base_n2400,2400,all,2000,EDGE.poly2.sc.Grule,0.01,0.2395,0.00954305375652888,0.243,0.0085,0,0.2395,""
2,cauchit_base_n2400,alternative,null_base_n2400,2400,all,2000,EDGE.poly2.sc.Grule,0.05,0.4535,0.011131885509652,0.4465,0.0525,0,0.4535,""
2,cauchit_base_n2400,alternative,null_base_n2400,2400,all,2000,EDGE.poly2.sc.Grule,0.1,0.567,0.0110795081118252,0.5605,0.1035,0,0.567,""
2,cauchit_base_n2400,alternative,null_base_n2400,2400,all,2000,EDGE.stk.u.Grule,0.01,0.304,0.0102855238077601,0.2955,0.0115,0,0.304,""
2,cauchit_base_n2400,alternative,null_base_n2400,2400,all,2000,EDGE.stk.u.Grule,0.05,0.5165,0.0111742505341522,0.5155,0.05,0,0.5165,""
2,cauchit_base_n2400,alternative,null_base_n2400,2400,all,2000,EDGE.stk.u.Grule,0.1,0.6265,0.0108166018231236,0.6455,0.089,0,0.6265,""
2,cauchit_base_n2400,alternative,null_base_n2400,2400,all,2000,EDGE.stk.sc.Grule,0.01,0.213,0.00915508055671822,0.1985,0.011,0,0.213,""
2,cauchit_base_n2400,alternative,null_base_n2400,2400,all,2000,EDGE.stk.sc.Grule,0.05,0.4065,0.0109831177267659,0.403,0.051,0,0.4065,""
2,cauchit_base_n2400,alternative,null_base_n2400,2400,all,2000,EDGE.stk.sc.Grule,0.1,0.534,0.0111544609910116,0.54,0.0985,0,0.534,""
2,cauchit_base_n2400,alternative,null_base_n2400,2400,all,2000,EDGE.sym.u.Grule,0.01,0.3195,0.0104264027833189,0.3195,0.0095,0,0.3195,""
2,cauchit_base_n2400,alternative,null_base_n2400,2400,all,2000,EDGE.sym.u.Grule,0.05,0.5515,0.0111208756399845,0.5755,0.046,0,0.5515,""
2,cauchit_base_n2400,alternative,null_base_n2400,2400,all,2000,EDGE.sym.u.Grule,0.1,0.6715,0.010502089077893,0.6725,0.099,0,0.6715,""
2,cauchit_base_n2400,alternative,null_base_n2400,2400,all,2000,EDGE.sym.sc.Grule,0.01,0.3235,0.0104605867426259,0.317,0.01,0,0.3235,""
2,cauchit_base_n2400,alternative,null_base_n2400,2400,all,2000,EDGE.sym.sc.Grule,0.05,0.571,0.0110670456762408,0.5755,0.0475,0,0.571,""
2,cauchit_base_n2400,alternative,null_base_n2400,2400,all,2000,EDGE.sym.sc.Grule,0.1,0.678,0.0104478705964421,0.6795,0.0995,0,0.678,""
2,cauchit_base_n2400,alternative,null_base_n2400,2400,all,2000,HL.G10,0.01,0.0805,0.0060835741961449,0.07,0.013,0,0.0805,""
2,cauchit_base_n2400,alternative,null_base_n2400,2400,all,2000,HL.G10,0.05,0.2225,0.00930036961631096,0.223,0.0485,0,0.2225,""
2,cauchit_base_n2400,alternative,null_base_n2400,2400,all,2000,HL.G10,0.1,0.336,0.0105618180253212,0.348,0.0965,0,0.336,""
2,cauchit_base_n2400,alternative,null_base_n2400,2400,all,2000,HL.Grule,0.01,0.0255,0.00352489361541593,0.015,0.0115,0,0.0255,""
2,cauchit_base_n2400,alternative,null_base_n2400,2400,all,2000,HL.Grule,0.05,0.0975,0.00663301402079025,0.103,0.047,0,0.0975,""
2,cauchit_base_n2400,alternative,null_base_n2400,2400,all,2000,HL.Grule,0.1,0.172,0.0084384832760396,0.1715,0.1005,0,0.172,""
2,cauchit_base_n2400,alternative,null_base_n2400,2400,all,2000,HLF.G10,0.01,0.079,0.00603154209137265,0.068,0.013,0,0.079,""
2,cauchit_base_n2400,alternative,null_base_n2400,2400,all,2000,HLF.G10,0.05,0.22,0.00926282894152753,0.22,0.05,0,0.22,""
2,cauchit_base_n2400,alternative,null_base_n2400,2400,all,2000,HLF.G10,0.1,0.3315,0.0105263419572043,0.3425,0.096,0,0.3315,""
2,cauchit_base_n2400,alternative,null_base_n2400,2400,all,2000,HLF.Grule,0.01,0.021,0.00320616593457045,0.013,0.012,0,0.021,""
2,cauchit_base_n2400,alternative,null_base_n2400,2400,all,2000,HLF.Grule,0.05,0.0875,0.00631837597805006,0.0915,0.0455,0,0.0875,""
2,cauchit_base_n2400,alternative,null_base_n2400,2400,all,2000,HLF.Grule,0.1,0.152,0.00802795117075334,0.1515,0.1015,0,0.152,""
2,cauchit_base_n2400,alternative,null_base_n2400,2400,all,2000,Stk.joint,0.01,0.2475,0.00964996761652598,0.2405,0.0105,0,0.2475,""
2,cauchit_base_n2400,alternative,null_base_n2400,2400,all,2000,Stk.joint,0.05,0.468,0.0111574190563947,0.473,0.047,0,0.468,""
2,cauchit_base_n2400,alternative,null_base_n2400,2400,all,2000,Stk.joint,0.1,0.588,0.0110058166439388,0.595,0.097,0,0.588,""
2,cauchit_base_n2400,alternative,null_base_n2400,2400,all,2000,Stk.LR,0.01,0.2375,0.00951561217158413,0.2325,0.0105,0,0.2375,""
2,cauchit_base_n2400,alternative,null_base_n2400,2400,all,2000,Stk.LR,0.05,0.447,0.0111173513032556,0.4435,0.051,0,0.447,""
2,cauchit_base_n2400,alternative,null_base_n2400,2400,all,2000,Stk.LR,0.1,0.578,0.01104345960286,0.5825,0.0985,0,0.578,""
2,cauchit_base_n2400,alternative,null_base_n2400,2400,all,2000,Stk.sym1,0.01,0.3295,0.0105102271621502,0.331,0.0095,0,0.3295,""
2,cauchit_base_n2400,alternative,null_base_n2400,2400,all,2000,Stk.sym1,0.05,0.569,0.0110733689543878,0.569,0.0495,0,0.569,""
2,cauchit_base_n2400,alternative,null_base_n2400,2400,all,2000,Stk.sym1,0.1,0.6815,0.0104177192801496,0.679,0.1045,0,0.6815,""
2,cauchit_base_n2400,alternative,null_base_n2400,2400,all,2000,Stk.marg,0.01,0.1175,0.00720047741472744,0.061,0.022,0,0.1175,""
2,cauchit_base_n2400,alternative,null_base_n2400,2400,all,2000,Stk.marg,0.05,0.251,0.00969533392926721,0.199,0.071,0,0.251,""
2,cauchit_base_n2400,alternative,null_base_n2400,2400,all,2000,Stk.marg,0.1,0.3555,0.0107032646888695,0.3205,0.1095,0,0.3555,""
2,cauchit_base_n2400,alternative,null_base_n2400,2400,all,2000,GiViTI,0.01,0.093,0.00649426670225361,0.0875,0.0105,0,0.093,""
2,cauchit_base_n2400,alternative,null_base_n2400,2400,all,2000,GiViTI,0.05,0.219,0.00924767538357614,0.228,0.0475,0,0.219,""
2,cauchit_base_n2400,alternative,null_base_n2400,2400,all,2000,GiViTI,0.1,0.328,0.0104979998094875,0.3245,0.1015,0,0.328,""
2,cauchit_base_n2400,alternative,null_base_n2400,2400,all,2000,GiViTI.t50,0.01,0.1535,0.00806032722660811,0.146,0.0105,0,0.1535,""
2,cauchit_base_n2400,alternative,null_base_n2400,2400,all,2000,GiViTI.t50,0.05,0.3345,0.0105501125586413,0.327,0.053,0,0.3345,""
2,cauchit_base_n2400,alternative,null_base_n2400,2400,all,2000,GiViTI.t50,0.1,0.455,0.0111349674449457,0.443,0.1055,0,0.455,""
2,cauchit_base_n2400,alternative,null_base_n2400,2400,all,2000,Cubic.LR,0.01,0.2035,0.00900243717001124,0.201,0.011,0,0.2035,""
2,cauchit_base_n2400,alternative,null_base_n2400,2400,all,2000,Cubic.LR,0.05,0.4195,0.0110344857152474,0.4225,0.049,0,0.4195,""
2,cauchit_base_n2400,alternative,null_base_n2400,2400,all,2000,Cubic.LR,0.1,0.5465,0.011131885509652,0.573,0.092,0,0.5465,""
2,cauchit_base_n2400,alternative,null_base_n2400,2400,all,2000,HL_w,0.01,0.093,0.00649426670225361,0.0985,0.009,0,0.093,""
2,cauchit_base_n2400,alternative,null_base_n2400,2400,all,2000,HL_w,0.05,0.237,0.00950870653664314,0.2455,0.049,0,0.237,""
2,cauchit_base_n2400,alternative,null_base_n2400,2400,all,2000,HL_w,0.1,0.3575,0.0107166634266454,0.3695,0.0925,0,0.3575,""
2,cauchit_base_n2400,alternative,null_base_n2400,2400,all,2000,PH,0.01,0.0565,0.00516273909857936,0.07,0.0075,0,0.0565,""
2,cauchit_base_n2400,alternative,null_base_n2400,2400,all,2000,PH,0.05,0.1725,0.00844818767547218,0.223,0.033,0,0.1725,""
2,cauchit_base_n2400,alternative,null_base_n2400,2400,all,2000,PH,0.1,0.265,0.00986851052591018,0.348,0.061,0,0.265,""
2,cauchit_base_n2400,alternative,null_base_n2400,2400,all,2000,Tsiatis,0.01,0.0795,0.00604895652158288,0.078,0.01,0,0.0795,""
2,cauchit_base_n2400,alternative,null_base_n2400,2400,all,2000,Tsiatis,0.05,0.2105,0.00911563903409958,0.205,0.0515,0,0.2105,""
2,cauchit_base_n2400,alternative,null_base_n2400,2400,all,2000,Tsiatis,0.1,0.3205,0.010435031145138,0.327,0.0975,0,0.3205,""
2,cauchit_base_n2400,alternative,null_base_n2400,2400,all,2000,Xie,0.01,0.0535,0.00503178646208283,0.075,0.005,0,0.0535,""
2,cauchit_base_n2400,alternative,null_base_n2400,2400,all,2000,Xie,0.05,0.155,0.00809243473869268,0.224,0.0305,0,0.155,""
2,cauchit_base_n2400,alternative,null_base_n2400,2400,all,2000,Xie,0.1,0.2555,0.0097524291845673,0.328,0.0655,0,0.2555,""
2,cauchit_base_n2400,alternative,null_base_n2400,2400,all,2000,PR,0.01,0.021,0.00320616593457045,0.019,0.011,0,0.021,""
2,cauchit_base_n2400,alternative,null_base_n2400,2400,all,2000,PR,0.05,0.1025,0.00678209960115597,0.0955,0.056,0,0.1025,""
2,cauchit_base_n2400,alternative,null_base_n2400,2400,all,2000,PR,0.1,0.1835,0.00865528018032923,0.171,0.113,0,0.1835,""
2,cauchit_base_n4000,alternative,null_base_n4000,4000,all,2000,flag.evlt.G10,,0,,,,0,,flag rate: share of replicates with the flag = 1
2,cauchit_base_n4000,alternative,null_base_n4000,4000,all,2000,flag.evlt.Grule,,0,,,,0,,flag rate: share of replicates with the flag = 1
2,cauchit_base_n4000,alternative,null_base_n4000,4000,all,2000,flag.stk_half0,,0,,,,0,,flag rate: share of replicates with the flag = 1
2,cauchit_base_n4000,alternative,null_base_n4000,4000,all,2000,flag.stk_diag,,0,,,,0,,flag rate: share of replicates with the flag = 1
2,cauchit_base_n4000,alternative,null_base_n4000,4000,all,2000,flag.rivals_run,,1,,,,0,,flag rate: share of replicates with the flag = 1
2,cauchit_base_n4000,alternative,null_base_n4000,4000,all,2000,flag.degenerate,,0,,,,0,,flag rate: share of replicates with the flag = 1
2,cauchit_base_n4000,alternative,null_base_n4000,4000,all,2000,flag.info_guard,,0,,,,0,,flag rate: share of replicates with the flag = 1
2,cauchit_base_n4000,alternative,null_base_n4000,4000,all,2000,flag.rep_error,,0,,,,0,,flag rate: share of replicates with the flag = 1
2,cauchit_base_n4000,alternative,null_base_n4000,4000,all,2000,EDGE.poly3.u.G10,0.01,0.405,0.0109766798258854,0.451,0.006,0,0.405,""
2,cauchit_base_n4000,alternative,null_base_n4000,4000,all,2000,EDGE.poly3.u.G10,0.05,0.651,0.0106583066197215,0.6555,0.049,0,0.651,""
2,cauchit_base_n4000,alternative,null_base_n4000,4000,all,2000,EDGE.poly3.u.G10,0.1,0.762,0.00952249967182987,0.7605,0.1015,0,0.762,""
2,cauchit_base_n4000,alternative,null_base_n4000,4000,all,2000,EDGE.poly3.sc.G10,0.01,0.375,0.0108253175473055,0.375,0.01,0,0.375,""
2,cauchit_base_n4000,alternative,null_base_n4000,4000,all,2000,EDGE.poly3.sc.G10,0.05,0.601,0.0109498630128418,0.613,0.0445,0,0.601,""
2,cauchit_base_n4000,alternative,null_base_n4000,4000,all,2000,EDGE.poly3.sc.G10,0.1,0.7115,0.010130837823201,0.716,0.0965,0,0.7115,""
2,cauchit_base_n4000,alternative,null_base_n4000,4000,all,2000,EDGE.poly2.u.G10,0.01,0.105,0.00685474288358068,0.107,0.0095,0,0.105,""
2,cauchit_base_n4000,alternative,null_base_n4000,4000,all,2000,EDGE.poly2.u.G10,0.05,0.2585,0.00978973314243039,0.2575,0.0515,0,0.2585,""
2,cauchit_base_n4000,alternative,null_base_n4000,4000,all,2000,EDGE.poly2.u.G10,0.1,0.3655,0.0107682345349644,0.373,0.096,0,0.3655,""
2,cauchit_base_n4000,alternative,null_base_n4000,4000,all,2000,EDGE.poly2.sc.G10,0.01,0.183,0.00864612630025724,0.185,0.0085,0,0.183,""
2,cauchit_base_n4000,alternative,null_base_n4000,4000,all,2000,EDGE.poly2.sc.G10,0.05,0.3915,0.0109139303186341,0.4045,0.045,0,0.3915,""
2,cauchit_base_n4000,alternative,null_base_n4000,4000,all,2000,EDGE.poly2.sc.G10,0.1,0.5115,0.0111773822964055,0.51,0.102,0,0.5115,""
2,cauchit_base_n4000,alternative,null_base_n4000,4000,all,2000,EDGE.stk.u.G10,0.01,0.484,0.0111746140872963,0.507,0.0075,0,0.484,""
2,cauchit_base_n4000,alternative,null_base_n4000,4000,all,2000,EDGE.stk.u.G10,0.05,0.714,0.010104553429024,0.7155,0.047,0,0.714,""
2,cauchit_base_n4000,alternative,null_base_n4000,4000,all,2000,EDGE.stk.u.G10,0.1,0.797,0.00899419257076476,0.796,0.1005,0,0.797,""
2,cauchit_base_n4000,alternative,null_base_n4000,4000,all,2000,EDGE.stk.sc.G10,0.01,0.3765,0.010833922419881,0.3925,0.008,0,0.3765,""
2,cauchit_base_n4000,alternative,null_base_n4000,4000,all,2000,EDGE.stk.sc.G10,0.05,0.601,0.0109498630128418,0.609,0.046,0,0.601,""
2,cauchit_base_n4000,alternative,null_base_n4000,4000,all,2000,EDGE.stk.sc.G10,0.1,0.716,0.0100832534432097,0.723,0.0965,0,0.716,""
2,cauchit_base_n4000,alternative,null_base_n4000,4000,all,2000,EDGE.sym.u.G10,0.01,0.4115,0.01100381183954,0.4315,0.009,0,0.4115,""
2,cauchit_base_n4000,alternative,null_base_n4000,4000,all,2000,EDGE.sym.u.G10,0.05,0.6615,0.0105810620922476,0.6475,0.054,0,0.6615,""
2,cauchit_base_n4000,alternative,null_base_n4000,4000,all,2000,EDGE.sym.u.G10,0.1,0.759,0.00956344603163525,0.755,0.104,0,0.759,""
2,cauchit_base_n4000,alternative,null_base_n4000,4000,all,2000,EDGE.sym.sc.G10,0.01,0.377,0.0108367661227877,0.365,0.0115,0,0.377,""
2,cauchit_base_n4000,alternative,null_base_n4000,4000,all,2000,EDGE.sym.sc.G10,0.05,0.628,0.0108077749791527,0.5985,0.058,0,0.628,""
2,cauchit_base_n4000,alternative,null_base_n4000,4000,all,2000,EDGE.sym.sc.G10,0.1,0.733,0.00989219389215557,0.7295,0.105,0,0.733,""
2,cauchit_base_n4000,alternative,null_base_n4000,4000,all,2000,EDGE.poly3.u.Grule,0.01,0.4835,0.0111742505341522,0.5145,0.0075,0,0.4835,""
2,cauchit_base_n4000,alternative,null_base_n4000,4000,all,2000,EDGE.poly3.u.Grule,0.05,0.717,0.0100725120997694,0.7335,0.046,0,0.717,""
2,cauchit_base_n4000,alternative,null_base_n4000,4000,all,2000,EDGE.poly3.u.Grule,0.1,0.809,0.00878973833512693,0.8085,0.102,0,0.809,""
2,cauchit_base_n4000,alternative,null_base_n4000,4000,all,2000,EDGE.poly3.sc.Grule,0.01,0.422,0.01104345960286,0.4655,0.006,0,0.422,""
2,cauchit_base_n4000,alternative,null_base_n4000,4000,all,2000,EDGE.poly3.sc.Grule,0.05,0.656,0.0106222408182078,0.6715,0.0445,0,0.656,""
2,cauchit_base_n4000,alternative,null_base_n4000,4000,all,2000,EDGE.poly3.sc.Grule,0.1,0.7605,0.00954305375652888,0.7565,0.1025,0,0.7605,""
2,cauchit_base_n4000,alternative,null_base_n4000,4000,all,2000,EDGE.poly2.u.Grule,0.01,0.1055,0.00686912476229687,0.1065,0.009,0,0.1055,""
2,cauchit_base_n4000,alternative,null_base_n4000,4000,all,2000,EDGE.poly2.u.Grule,0.05,0.2705,0.00993301943016322,0.2705,0.0495,0,0.2705,""
2,cauchit_base_n4000,alternative,null_base_n4000,4000,all,2000,EDGE.poly2.u.Grule,0.1,0.3745,0.0108224246359122,0.3835,0.0915,0,0.3745,""
2,cauchit_base_n4000,alternative,null_base_n4000,4000,all,2000,EDGE.poly2.sc.Grule,0.01,0.4765,0.0111679843749891,0.5005,0.0065,0,0.4765,""
2,cauchit_base_n4000,alternative,null_base_n4000,4000,all,2000,EDGE.poly2.sc.Grule,0.05,0.7045,0.0102024445600062,0.712,0.048,0,0.7045,""
2,cauchit_base_n4000,alternative,null_base_n4000,4000,all,2000,EDGE.poly2.sc.Grule,0.1,0.803,0.00889356508943405,0.8015,0.1055,0,0.803,""
2,cauchit_base_n4000,alternative,null_base_n4000,4000,all,2000,EDGE.stk.u.Grule,0.01,0.5535,0.0111161537862698,0.5795,0.006,0,0.5535,""
2,cauchit_base_n4000,alternative,null_base_n4000,4000,all,2000,EDGE.stk.u.Grule,0.05,0.7635,0.00950178272746752,0.772,0.047,0,0.7635,""
2,cauchit_base_n4000,alternative,null_base_n4000,4000,all,2000,EDGE.stk.u.Grule,0.1,0.8335,0.00832999849939962,0.836,0.0975,0,0.8335,""
2,cauchit_base_n4000,alternative,null_base_n4000,4000,all,2000,EDGE.stk.sc.Grule,0.01,0.41,0.0109977270378929,0.447,0.0085,0,0.41,""
2,cauchit_base_n4000,alternative,null_base_n4000,4000,all,2000,EDGE.stk.sc.Grule,0.05,0.6605,0.0105886672910239,0.659,0.05,0,0.6605,""
2,cauchit_base_n4000,alternative,null_base_n4000,4000,all,2000,EDGE.stk.sc.Grule,0.1,0.768,0.00943864397040168,0.762,0.1035,0,0.768,""
2,cauchit_base_n4000,alternative,null_base_n4000,4000,all,2000,EDGE.sym.u.Grule,0.01,0.568,0.0110764615288458,0.5985,0.0065,0,0.568,""
2,cauchit_base_n4000,alternative,null_base_n4000,4000,all,2000,EDGE.sym.u.Grule,0.05,0.789,0.00912356838084748,0.789,0.05,0,0.789,""
2,cauchit_base_n4000,alternative,null_base_n4000,4000,all,2000,EDGE.sym.u.Grule,0.1,0.8645,0.00765309577883356,0.861,0.104,0,0.8645,""
2,cauchit_base_n4000,alternative,null_base_n4000,4000,all,2000,EDGE.sym.sc.Grule,0.01,0.586,0.0110137187180353,0.5925,0.009,0,0.586,""
2,cauchit_base_n4000,alternative,null_base_n4000,4000,all,2000,EDGE.sym.sc.Grule,0.05,0.8055,0.00885069912492793,0.81,0.048,0,0.8055,""
2,cauchit_base_n4000,alternative,null_base_n4000,4000,all,2000,EDGE.sym.sc.Grule,0.1,0.8705,0.00750765442731616,0.866,0.1055,0,0.8705,""
2,cauchit_base_n4000,alternative,null_base_n4000,4000,all,2000,HL.G10,0.01,0.1985,0.00891901760285291,0.2035,0.0095,0,0.1985,""
2,cauchit_base_n4000,alternative,null_base_n4000,4000,all,2000,HL.G10,0.05,0.4075,0.0109873506815792,0.4275,0.0445,0,0.4075,""
2,cauchit_base_n4000,alternative,null_base_n4000,4000,all,2000,HL.G10,0.1,0.537,0.011149686094236,0.5395,0.099,0,0.537,""
2,cauchit_base_n4000,alternative,null_base_n4000,4000,all,2000,HL.Grule,0.01,0.0335,0.00402354010791492,0.03,0.012,0,0.0335,""
2,cauchit_base_n4000,alternative,null_base_n4000,4000,all,2000,HL.Grule,0.05,0.129,0.00749529852640974,0.137,0.0465,0,0.129,""
2,cauchit_base_n4000,alternative,null_base_n4000,4000,all,2000,HL.Grule,0.1,0.2185,0.00924006899324892,0.2345,0.094,0,0.2185,""
2,cauchit_base_n4000,alternative,null_base_n4000,4000,all,2000,HLF.G10,0.01,0.1965,0.0088850365784278,0.2025,0.0095,0,0.1965,""
2,cauchit_base_n4000,alternative,null_base_n4000,4000,all,2000,HLF.G10,0.05,0.4035,0.0109701355962449,0.4205,0.044,0,0.4035,""
2,cauchit_base_n4000,alternative,null_base_n4000,4000,all,2000,HLF.G10,0.1,0.5305,0.0111595194789023,0.538,0.0985,0,0.5305,""
2,cauchit_base_n4000,alternative,null_base_n4000,4000,all,2000,HLF.Grule,0.01,0.028,0.00368890227574546,0.0265,0.013,0,0.028,""
2,cauchit_base_n4000,alternative,null_base_n4000,4000,all,2000,HLF.Grule,0.05,0.111,0.00702420814042409,0.115,0.0465,0,0.111,""
2,cauchit_base_n4000,alternative,null_base_n4000,4000,all,2000,HLF.Grule,0.1,0.1945,0.00885069912492793,0.207,0.0945,0,0.1945,""
2,cauchit_base_n4000,alternative,null_base_n4000,4000,all,2000,Stk.joint,0.01,0.491,0.011178528525705,0.5035,0.008,0,0.491,""
2,cauchit_base_n4000,alternative,null_base_n4000,4000,all,2000,Stk.joint,0.05,0.714,0.010104553429024,0.7375,0.0465,0,0.714,""
2,cauchit_base_n4000,alternative,null_base_n4000,4000,all,2000,Stk.joint,0.1,0.815,0.0086825975376036,0.8145,0.101,0,0.815,""
2,cauchit_base_n4000,alternative,null_base_n4000,4000,all,2000,Stk.LR,0.01,0.4695,0.0111595194789023,0.494,0.008,0,0.4695,""
2,cauchit_base_n4000,alternative,null_base_n4000,4000,all,2000,Stk.LR,0.05,0.703,0.0102174116096005,0.712,0.0465,0,0.703,""
2,cauchit_base_n4000,alternative,null_base_n4000,4000,all,2000,Stk.LR,0.1,0.81,0.00877211491032807,0.8075,0.1025,0,0.81,""
2,cauchit_base_n4000,alternative,null_base_n4000,4000,all,2000,Stk.sym1,0.01,0.5845,0.0110195224488178,0.596,0.009,0,0.5845,""
2,cauchit_base_n4000,alternative,null_base_n4000,4000,all,2000,Stk.sym1,0.05,0.8075,0.00881600107758614,0.8115,0.046,0,0.8075,""
2,cauchit_base_n4000,alternative,null_base_n4000,4000,all,2000,Stk.sym1,0.1,0.87,0.00751997340420829,0.867,0.1075,0,0.87,""
2,cauchit_base_n4000,alternative,null_base_n4000,4000,all,2000,Stk.marg,0.01,0.219,0.00924767538357614,0.145,0.022,0,0.219,""
2,cauchit_base_n4000,alternative,null_base_n4000,4000,all,2000,Stk.marg,0.05,0.417,0.0110252210862186,0.3575,0.0645,0,0.417,""
2,cauchit_base_n4000,alternative,null_base_n4000,4000,all,2000,Stk.marg,0.1,0.543,0.0111389182598671,0.529,0.106,0,0.543,""
2,cauchit_base_n4000,alternative,null_base_n4000,4000,all,2000,GiViTI,0.01,0.201,0.0089609988282557,0.213,0.009,0,0.201,""
2,cauchit_base_n4000,alternative,null_base_n4000,4000,all,2000,GiViTI,0.05,0.4085,0.0109915365167933,0.412,0.0495,0,0.4085,""
2,cauchit_base_n4000,alternative,null_base_n4000,4000,all,2000,GiViTI,0.1,0.516,0.0111746140872963,0.538,0.0905,0,0.516,""
2,cauchit_base_n4000,alternative,null_base_n4000,4000,all,2000,GiViTI.t50,0.01,0.327,0.0104897807412739,0.357,0.007,0,0.327,""
2,cauchit_base_n4000,alternative,null_base_n4000,4000,all,2000,GiViTI.t50,0.05,0.5685,0.0110749209929462,0.5655,0.051,0,0.5685,""
2,cauchit_base_n4000,alternative,null_base_n4000,4000,all,2000,GiViTI.t50,0.1,0.685,0.0103868907763584,0.6995,0.0955,0,0.685,""
2,cauchit_base_n4000,alternative,null_base_n4000,4000,all,2000,Cubic.LR,0.01,0.4235,0.0110487046752097,0.481,0.006,0,0.4235,""
2,cauchit_base_n4000,alternative,null_base_n4000,4000,all,2000,Cubic.LR,0.05,0.6675,0.0105343189148611,0.6935,0.0455,0,0.6675,""
2,cauchit_base_n4000,alternative,null_base_n4000,4000,all,2000,Cubic.LR,0.1,0.784,0.00920173896608679,0.787,0.096,0,0.784,""
2,cauchit_base_n4000,alternative,null_base_n4000,4000,all,2000,HL_w,0.01,0.2095,0.00909971840223641,0.2125,0.0095,0,0.2095,""
2,cauchit_base_n4000,alternative,null_base_n4000,4000,all,2000,HL_w,0.05,0.42,0.0110363037290571,0.4065,0.054,0,0.42,""
2,cauchit_base_n4000,alternative,null_base_n4000,4000,all,2000,HL_w,0.1,0.551,0.0111220276928265,0.5525,0.096,0,0.551,""
2,cauchit_base_n4000,alternative,null_base_n4000,4000,all,2000,PH,0.01,0.151,0.00800621633482383,0.2035,0.0065,0,0.151,""
2,cauchit_base_n4000,alternative,null_base_n4000,4000,all,2000,PH,0.05,0.3335,0.0105422424085201,0.4275,0.0255,0,0.3335,""
2,cauchit_base_n4000,alternative,null_base_n4000,4000,all,2000,PH,0.1,0.455,0.0111349674449457,0.5395,0.065,0,0.455,""
2,cauchit_base_n4000,alternative,null_base_n4000,4000,all,2000,Tsiatis,0.01,0.174,0.00847714574606335,0.1525,0.0125,0,0.174,""
2,cauchit_base_n4000,alternative,null_base_n4000,4000,all,2000,Tsiatis,0.05,0.3545,0.0106964889099181,0.363,0.049,0,0.3545,""
2,cauchit_base_n4000,alternative,null_base_n4000,4000,all,2000,Tsiatis,0.1,0.48,0.0111713920350152,0.4865,0.0985,0,0.48,""
2,cauchit_base_n4000,alternative,null_base_n4000,4000,all,2000,Xie,0.01,0.1395,0.00774724951192357,0.158,0.008,0,0.1395,""
2,cauchit_base_n4000,alternative,null_base_n4000,4000,all,2000,Xie,0.05,0.2955,0.0102024445600062,0.3565,0.0305,0,0.2955,""
2,cauchit_base_n4000,alternative,null_base_n4000,4000,all,2000,Xie,0.1,0.4045,0.0109745102396417,0.4845,0.0665,0,0.4045,""
2,cauchit_base_n4000,alternative,null_base_n4000,4000,all,2000,PR,0.01,0.0315,0.0039056209493498,0.0315,0.011,0,0.0315,""
2,cauchit_base_n4000,alternative,null_base_n4000,4000,all,2000,PR,0.05,0.127,0.00744550199785078,0.1145,0.057,0,0.127,""
2,cauchit_base_n4000,alternative,null_base_n4000,4000,all,2000,PR,0.1,0.2345,0.00947390494991374,0.213,0.1185,0,0.2345,""
2,t4_base_n20000,alternative,null_base_n20000,20000,all,2000,flag.evlt.G10,,0,,,,0,,flag rate: share of replicates with the flag = 1
2,t4_base_n20000,alternative,null_base_n20000,20000,all,2000,flag.evlt.Grule,,0,,,,0,,flag rate: share of replicates with the flag = 1
2,t4_base_n20000,alternative,null_base_n20000,20000,all,2000,flag.stk_half0,,0,,,,0,,flag rate: share of replicates with the flag = 1
2,t4_base_n20000,alternative,null_base_n20000,20000,all,2000,flag.stk_diag,,0,,,,0,,flag rate: share of replicates with the flag = 1
2,t4_base_n20000,alternative,null_base_n20000,20000,all,2000,flag.rivals_run,,0,,,,0,,flag rate: share of replicates with the flag = 1
2,t4_base_n20000,alternative,null_base_n20000,20000,all,2000,flag.degenerate,,0,,,,0,,flag rate: share of replicates with the flag = 1
2,t4_base_n20000,alternative,null_base_n20000,20000,all,2000,flag.info_guard,,0,,,,0,,flag rate: share of replicates with the flag = 1
2,t4_base_n20000,alternative,null_base_n20000,20000,all,2000,flag.rep_error,,0,,,,0,,flag rate: share of replicates with the flag = 1
2,t4_base_n20000,alternative,null_base_n20000,20000,all,2000,EDGE.poly3.u.G10,0.01,0.094,0.00652548848746207,0.1125,0.0065,0,0.094,""
2,t4_base_n20000,alternative,null_base_n20000,20000,all,2000,EDGE.poly3.u.G10,0.05,0.237,0.00950870653664314,0.253,0.044,0,0.237,""
2,t4_base_n20000,alternative,null_base_n20000,20000,all,2000,EDGE.poly3.u.G10,0.1,0.357,0.0107133328147687,0.377,0.0885,0,0.357,""
2,t4_base_n20000,alternative,null_base_n20000,20000,all,2000,EDGE.poly3.sc.G10,0.01,0.0695,0.00568637626261225,0.0865,0.0065,0,0.0695,""
2,t4_base_n20000,alternative,null_base_n20000,20000,all,2000,EDGE.poly3.sc.G10,0.05,0.194,0.00884205858383669,0.1995,0.0465,0,0.194,""
2,t4_base_n20000,alternative,null_base_n20000,20000,all,2000,EDGE.poly3.sc.G10,0.1,0.295,0.0101974261458468,0.32,0.089,0,0.295,""
2,t4_base_n20000,alternative,null_base_n20000,20000,all,2000,EDGE.poly2.u.G10,0.01,0.0315,0.0039056209493498,0.034,0.009,0,0.0315,""
2,t4_base_n20000,alternative,null_base_n20000,20000,all,2000,EDGE.poly2.u.G10,0.05,0.115,0.00713354750457302,0.127,0.0415,0,0.115,""
2,t4_base_n20000,alternative,null_base_n20000,20000,all,2000,EDGE.poly2.u.G10,0.1,0.1865,0.00870970005224061,0.194,0.091,0,0.1865,""
2,t4_base_n20000,alternative,null_base_n20000,20000,all,2000,EDGE.poly2.sc.G10,0.01,0.063,0.00543281694887652,0.063,0.0095,0,0.063,""
2,t4_base_n20000,alternative,null_base_n20000,20000,all,2000,EDGE.poly2.sc.G10,0.05,0.1765,0.00852489736008593,0.19,0.0425,0,0.1765,""
2,t4_base_n20000,alternative,null_base_n20000,20000,all,2000,EDGE.poly2.sc.G10,0.1,0.275,0.00998436277385793,0.2875,0.0915,0,0.275,""
2,t4_base_n20000,alternative,null_base_n20000,20000,all,2000,EDGE.stk.u.G10,0.01,0.126,0.00742037734889541,0.1175,0.0115,0,0.126,""
2,t4_base_n20000,alternative,null_base_n20000,20000,all,2000,EDGE.stk.u.G10,0.05,0.2815,0.0100562853479801,0.2915,0.0445,0,0.2815,""
2,t4_base_n20000,alternative,null_base_n20000,20000,all,2000,EDGE.stk.u.G10,0.1,0.3885,0.0108988015396189,0.415,0.087,0,0.3885,""
2,t4_base_n20000,alternative,null_base_n20000,20000,all,2000,EDGE.stk.sc.G10,0.01,0.079,0.00603154209137265,0.084,0.0055,0,0.079,""
2,t4_base_n20000,alternative,null_base_n20000,20000,all,2000,EDGE.stk.sc.G10,0.05,0.209,0.00909172700866013,0.2135,0.0485,0,0.209,""
2,t4_base_n20000,alternative,null_base_n20000,20000,all,2000,EDGE.stk.sc.G10,0.1,0.3205,0.010435031145138,0.3475,0.088,0,0.3205,""
2,t4_base_n20000,alternative,null_base_n20000,20000,all,2000,EDGE.sym.u.G10,0.01,0.1095,0.00698246911915835,0.109,0.011,0,0.1095,""
2,t4_base_n20000,alternative,null_base_n20000,20000,all,2000,EDGE.sym.u.G10,0.05,0.2775,0.0100123361409813,0.2925,0.045,0,0.2775,""
2,t4_base_n20000,alternative,null_base_n20000,20000,all,2000,EDGE.sym.u.G10,0.1,0.39,0.0109064201276129,0.3945,0.0965,0,0.39,""
2,t4_base_n20000,alternative,null_base_n20000,20000,all,2000,EDGE.sym.sc.G10,0.01,0.0945,0.00654101482951996,0.0895,0.011,0,0.0945,""
2,t4_base_n20000,alternative,null_base_n20000,20000,all,2000,EDGE.sym.sc.G10,0.05,0.2345,0.00947390494991374,0.2525,0.045,0,0.2345,""
2,t4_base_n20000,alternative,null_base_n20000,20000,all,2000,EDGE.sym.sc.G10,0.1,0.3485,0.010654758326682,0.367,0.0935,0,0.3485,""
2,t4_base_n20000,alternative,null_base_n20000,20000,all,2000,EDGE.poly3.u.Grule,0.01,0.1135,0.00709287494602858,0.117,0.008,0,0.1135,""
2,t4_base_n20000,alternative,null_base_n20000,20000,all,2000,EDGE.poly3.u.Grule,0.05,0.2685,0.00990978682919063,0.3035,0.043,0,0.2685,""
2,t4_base_n20000,alternative,null_base_n20000,20000,all,2000,EDGE.poly3.u.Grule,0.1,0.3795,0.0108508006617023,0.4015,0.0875,0,0.3795,""
2,t4_base_n20000,alternative,null_base_n20000,20000,all,2000,EDGE.poly3.sc.Grule,0.01,0.0945,0.00654101482951996,0.0985,0.009,0,0.0945,""
2,t4_base_n20000,alternative,null_base_n20000,20000,all,2000,EDGE.poly3.sc.Grule,0.05,0.2385,0.00952936907670177,0.244,0.0465,0,0.2385,""
2,t4_base_n20000,alternative,null_base_n20000,20000,all,2000,EDGE.poly3.sc.Grule,0.1,0.339,0.0105848712793307,0.3735,0.0825,0,0.339,""
2,t4_base_n20000,alternative,null_base_n20000,20000,all,2000,EDGE.poly2.u.Grule,0.01,0.0295,0.0037835003634201,0.0405,0.008,0,0.0295,""
2,t4_base_n20000,alternative,null_base_n20000,20000,all,2000,EDGE.poly2.u.Grule,0.05,0.1115,0.00703803061942757,0.1225,0.0415,0,0.1115,""
2,t4_base_n20000,alternative,null_base_n20000,20000,all,2000,EDGE.poly2.u.Grule,0.1,0.1815,0.0086185193043817,0.192,0.091,0,0.1815,""
2,t4_base_n20000,alternative,null_base_n20000,20000,all,2000,EDGE.poly2.sc.Grule,0.01,0.112,0.00705180827873248,0.121,0.008,0,0.112,""
2,t4_base_n20000,alternative,null_base_n20000,20000,all,2000,EDGE.poly2.sc.Grule,0.05,0.2655,0.00987445568120086,0.2745,0.0475,0,0.2655,""
2,t4_base_n20000,alternative,null_base_n20000,20000,all,2000,EDGE.poly2.sc.Grule,0.1,0.382,0.0108645294421802,0.3945,0.0905,0,0.382,""
2,t4_base_n20000,alternative,null_base_n20000,20000,all,2000,EDGE.stk.u.Grule,0.01,0.148,0.00794027707325129,0.154,0.0085,0,0.148,""
2,t4_base_n20000,alternative,null_base_n20000,20000,all,2000,EDGE.stk.u.Grule,0.05,0.306,0.0103044650516172,0.3215,0.044,0,0.306,""
2,t4_base_n20000,alternative,null_base_n20000,20000,all,2000,EDGE.stk.u.Grule,0.1,0.416,0.0110214336635485,0.4445,0.0915,0,0.416,""
2,t4_base_n20000,alternative,null_base_n20000,20000,all,2000,EDGE.stk.sc.Grule,0.01,0.0895,0.00638317123379908,0.0925,0.0095,0,0.0895,""
2,t4_base_n20000,alternative,null_base_n20000,20000,all,2000,EDGE.stk.sc.Grule,0.05,0.2345,0.00947390494991374,0.2385,0.0485,0,0.2345,""
2,t4_base_n20000,alternative,null_base_n20000,20000,all,2000,EDGE.stk.sc.Grule,0.1,0.3375,0.0105734041349038,0.356,0.094,0,0.3375,""
2,t4_base_n20000,alternative,null_base_n20000,20000,all,2000,EDGE.sym.u.Grule,0.01,0.161,0.00821824190444647,0.167,0.0085,0,0.161,""
2,t4_base_n20000,alternative,null_base_n20000,20000,all,2000,EDGE.sym.u.Grule,0.05,0.346,0.0106368228339105,0.345,0.05,0,0.346,""
2,t4_base_n20000,alternative,null_base_n20000,20000,all,2000,EDGE.sym.u.Grule,0.1,0.458,0.0111408258221731,0.469,0.095,0,0.458,""
2,t4_base_n20000,alternative,null_base_n20000,20000,all,2000,EDGE.sym.sc.Grule,0.01,0.1535,0.00806032722660811,0.1475,0.0105,0,0.1535,""
2,t4_base_n20000,alternative,null_base_n20000,20000,all,2000,EDGE.sym.sc.Grule,0.05,0.3415,0.0106037198661602,0.3465,0.0485,0,0.3415,""
2,t4_base_n20000,alternative,null_base_n20000,20000,all,2000,EDGE.sym.sc.Grule,0.1,0.4545,0.0111339514548969,0.46,0.099,0,0.4545,""
2,t4_base_n20000,alternative,null_base_n20000,20000,all,2000,HL.G10,0.01,0.0465,0.00470838348055891,0.0675,0.006,0,0.0465,""
2,t4_base_n20000,alternative,null_base_n20000,20000,all,2000,HL.G10,0.05,0.136,0.00766498532288223,0.1475,0.0415,0,0.136,""
2,t4_base_n20000,alternative,null_base_n20000,20000,all,2000,HL.G10,0.1,0.2305,0.00941726473027067,0.255,0.086,0,0.2305,""
2,t4_base_n20000,alternative,null_base_n20000,20000,all,2000,HL.Grule,0.01,0.015,0.00271799558498538,0.018,0.0065,0,0.015,""
2,t4_base_n20000,alternative,null_base_n20000,20000,all,2000,HL.Grule,0.05,0.0725,0.00579843728947723,0.08,0.0445,0,0.0725,""
2,t4_base_n20000,alternative,null_base_n20000,20000,all,2000,HL.Grule,0.1,0.137,0.00768866048151432,0.153,0.0915,0,0.137,""
2,t4_base_n20000,alternative,null_base_n20000,20000,all,2000,HLF.G10,0.01,0.045,0.00463546114210873,0.066,0.006,0,0.045,""
2,t4_base_n20000,alternative,null_base_n20000,20000,all,2000,HLF.G10,0.05,0.1315,0.00755671059390262,0.146,0.041,0,0.1315,""
2,t4_base_n20000,alternative,null_base_n20000,20000,all,2000,HLF.G10,0.1,0.227,0.00936672301287916,0.247,0.0865,0,0.227,""
2,t4_base_n20000,alternative,null_base_n20000,20000,all,2000,HLF.Grule,0.01,0.0105,0.00227922684259378,0.0155,0.0065,0,0.0105,""
2,t4_base_n20000,alternative,null_base_n20000,20000,all,2000,HLF.Grule,0.05,0.051,0.00491929873051028,0.0575,0.0455,0,0.051,""
2,t4_base_n20000,alternative,null_base_n20000,20000,all,2000,HLF.Grule,0.1,0.1015,0.00675269390687894,0.119,0.0905,0,0.1015,""
2,t4_base_n20000,alternative,null_base_n20000,20000,all,2000,Stk.joint,0.01,0.1125,0.00706554138053129,0.1215,0.0095,0,0.1125,""
2,t4_base_n20000,alternative,null_base_n20000,20000,all,2000,Stk.joint,0.05,0.268,0.0099039386104721,0.2995,0.0425,0,0.268,""
2,t4_base_n20000,alternative,null_base_n20000,20000,all,2000,Stk.joint,0.1,0.38,0.0108535708409721,0.4115,0.0865,0,0.38,""
2,t4_base_n20000,alternative,null_base_n20000,20000,all,2000,Stk.LR,0.01,0.1045,0.00684031249286171,0.1125,0.009,0,0.1045,""
2,t4_base_n20000,alternative,null_base_n20000,20000,all,2000,Stk.LR,0.05,0.262,0.00983249713958768,0.2975,0.042,0,0.262,""
2,t4_base_n20000,alternative,null_base_n20000,20000,all,2000,Stk.LR,0.1,0.375,0.0108253175473055,0.3985,0.0875,0,0.375,""
2,t4_base_n20000,alternative,null_base_n20000,20000,all,2000,Stk.sym1,0.01,0.154,0.00807105941001552,0.1505,0.01,0,0.154,""
2,t4_base_n20000,alternative,null_base_n20000,20000,all,2000,Stk.sym1,0.05,0.342,0.0106074502119972,0.3475,0.048,0,0.342,""
2,t4_base_n20000,alternative,null_base_n20000,20000,all,2000,Stk.sym1,0.1,0.453,0.0111308355481518,0.4595,0.099,0,0.453,""
2,t4_base_n20000,alternative,null_base_n20000,20000,all,2000,Stk.marg,0.01,0.0695,0.00568637626261225,0.043,0.016,0,0.0695,""
2,t4_base_n20000,alternative,null_base_n20000,20000,all,2000,Stk.marg,0.05,0.163,0.00825926752200218,0.146,0.0575,0,0.163,""
2,t4_base_n20000,alternative,null_base_n20000,20000,all,2000,Stk.marg,0.1,0.242,0.00957695149825872,0.2295,0.1095,0,0.242,""
2,t4_base_n20000,alternative,null_base_n20000,20000,all,2000,GiViTI,0.01,0.0475,0.00475624589355933,0.0535,0.009,0,0.0475,""
2,t4_base_n20000,alternative,null_base_n20000,20000,all,2000,GiViTI,0.05,0.145,0.00787321408320643,0.169,0.0405,0,0.145,""
2,t4_base_n20000,alternative,null_base_n20000,20000,all,2000,GiViTI,0.1,0.231,0.00942440979584398,0.2365,0.0925,0,0.231,""
2,t4_base_n20000,alternative,null_base_n20000,20000,all,2000,GiViTI.t50,0.01,0.0735,0.00583514138646186,0.101,0.0075,0,0.0735,""
2,t4_base_n20000,alternative,null_base_n20000,20000,all,2000,GiViTI.t50,0.05,0.201,0.0089609988282557,0.2095,0.0435,0,0.201,""
2,t4_base_n20000,alternative,null_base_n20000,20000,all,2000,GiViTI.t50,0.1,0.29,0.0101464279428772,0.307,0.091,0,0.29,""
2,t4_base_n20000,alternative,null_base_n20000,20000,all,2000,Cubic.LR,0.01,0.1055,0.00686912476229687,0.1145,0.0085,0,0.1055,""
2,t4_base_n20000,alternative,null_base_n20000,20000,all,2000,Cubic.LR,0.05,0.26,0.00980815986819138,0.281,0.0415,0,0.26,""
2,t4_base_n20000,alternative,null_base_n20000,20000,all,2000,Cubic.LR,0.1,0.3655,0.0107682345349644,0.3935,0.087,0,0.3655,""
2,t4_base_n20000,alternative,null_base_n20000,20000,all,2000,HL_w,0.01,0,0,0,0,1,,"not run (n >= 10,000)"
2,t4_base_n20000,alternative,null_base_n20000,20000,all,2000,HL_w,0.05,0,0,0,0,1,,"not run (n >= 10,000)"
2,t4_base_n20000,alternative,null_base_n20000,20000,all,2000,HL_w,0.1,0,0,0,0,1,,"not run (n >= 10,000)"
2,t4_base_n20000,alternative,null_base_n20000,20000,all,2000,PH,0.01,0,0,0,0,1,,"not run (n >= 10,000)"
2,t4_base_n20000,alternative,null_base_n20000,20000,all,2000,PH,0.05,0,0,0,0,1,,"not run (n >= 10,000)"
2,t4_base_n20000,alternative,null_base_n20000,20000,all,2000,PH,0.1,0,0,0,0,1,,"not run (n >= 10,000)"
2,t4_base_n20000,alternative,null_base_n20000,20000,all,2000,Tsiatis,0.01,0,0,0,0,1,,"not run (n >= 10,000)"
2,t4_base_n20000,alternative,null_base_n20000,20000,all,2000,Tsiatis,0.05,0,0,0,0,1,,"not run (n >= 10,000)"
2,t4_base_n20000,alternative,null_base_n20000,20000,all,2000,Tsiatis,0.1,0,0,0,0,1,,"not run (n >= 10,000)"
2,t4_base_n20000,alternative,null_base_n20000,20000,all,2000,Xie,0.01,0,0,0,0,1,,"not run (n >= 10,000)"
2,t4_base_n20000,alternative,null_base_n20000,20000,all,2000,Xie,0.05,0,0,0,0,1,,"not run (n >= 10,000)"
2,t4_base_n20000,alternative,null_base_n20000,20000,all,2000,Xie,0.1,0,0,0,0,1,,"not run (n >= 10,000)"
2,t4_base_n20000,alternative,null_base_n20000,20000,all,2000,PR,0.01,0,0,0,0,1,,"not run (n >= 10,000)"
2,t4_base_n20000,alternative,null_base_n20000,20000,all,2000,PR,0.05,0,0,0,0,1,,"not run (n >= 10,000)"
2,t4_base_n20000,alternative,null_base_n20000,20000,all,2000,PR,0.1,0,0,0,0,1,,"not run (n >= 10,000)"
2,loglog_base_n610,alternative,null_base_n610,610,all,2000,flag.evlt.G10,,0,,,,0,,flag rate: share of replicates with the flag = 1
2,loglog_base_n610,alternative,null_base_n610,610,all,2000,flag.evlt.Grule,,0,,,,0,,flag rate: share of replicates with the flag = 1
2,loglog_base_n610,alternative,null_base_n610,610,all,2000,flag.stk_half0,,0,,,,0,,flag rate: share of replicates with the flag = 1
2,loglog_base_n610,alternative,null_base_n610,610,all,2000,flag.stk_diag,,0,,,,0,,flag rate: share of replicates with the flag = 1
2,loglog_base_n610,alternative,null_base_n610,610,all,2000,flag.rivals_run,,1,,,,0,,flag rate: share of replicates with the flag = 1
2,loglog_base_n610,alternative,null_base_n610,610,all,2000,flag.degenerate,,0,,,,0,,flag rate: share of replicates with the flag = 1
2,loglog_base_n610,alternative,null_base_n610,610,all,2000,flag.info_guard,,0,,,,0,,flag rate: share of replicates with the flag = 1
2,loglog_base_n610,alternative,null_base_n610,610,all,2000,flag.rep_error,,0,,,,0,,flag rate: share of replicates with the flag = 1
2,loglog_base_n610,alternative,null_base_n610,610,all,2000,EDGE.poly3.u.G10,0.01,0.1845,0.00867351572316555,0.1695,0.0105,0,0.1845,""
2,loglog_base_n610,alternative,null_base_n610,610,all,2000,EDGE.poly3.u.G10,0.05,0.424,0.0110504298558925,0.4215,0.05,0,0.424,""
2,loglog_base_n610,alternative,null_base_n610,610,all,2000,EDGE.poly3.u.G10,0.1,0.591,0.0109936117813938,0.614,0.0915,0,0.591,""
2,loglog_base_n610,alternative,null_base_n610,610,all,2000,EDGE.poly3.sc.G10,0.01,0.149,0.00796238029737339,0.1405,0.01,0,0.149,""
2,loglog_base_n610,alternative,null_base_n610,610,all,2000,EDGE.poly3.sc.G10,0.05,0.349,0.0106583066197215,0.344,0.0505,0,0.349,""
2,loglog_base_n610,alternative,null_base_n610,610,all,2000,EDGE.poly3.sc.G10,0.1,0.4925,0.0111790820285031,0.501,0.096,0,0.4925,""
2,loglog_base_n610,alternative,null_base_n610,610,all,2000,EDGE.poly2.u.G10,0.01,0.266,0.00988038460789862,0.2745,0.009,0,0.266,""
2,loglog_base_n610,alternative,null_base_n610,610,all,2000,EDGE.poly2.u.G10,0.05,0.5165,0.0111742505341522,0.564,0.039,0,0.5165,""
2,loglog_base_n610,alternative,null_base_n610,610,all,2000,EDGE.poly2.u.G10,0.1,0.6585,0.0106037198661602,0.6915,0.087,0,0.6585,""
2,loglog_base_n610,alternative,null_base_n610,610,all,2000,EDGE.poly2.sc.G10,0.01,0.178,0.00855324499824482,0.1865,0.008,0,0.178,""
2,loglog_base_n610,alternative,null_base_n610,610,all,2000,EDGE.poly2.sc.G10,0.05,0.3925,0.0109188770026958,0.42,0.0415,0,0.3925,""
2,loglog_base_n610,alternative,null_base_n610,610,all,2000,EDGE.poly2.sc.G10,0.1,0.5295,0.0111608635418591,0.558,0.0865,0,0.5295,""
2,loglog_base_n610,alternative,null_base_n610,610,all,2000,EDGE.stk.u.G10,0.01,0.1145,0.00712003335666344,0.099,0.0105,0,0.1145,""
2,loglog_base_n610,alternative,null_base_n610,610,all,2000,EDGE.stk.u.G10,0.05,0.3575,0.0107166634266454,0.3915,0.0435,0,0.3575,""
2,loglog_base_n610,alternative,null_base_n610,610,all,2000,EDGE.stk.u.G10,0.1,0.536,0.0111513227914898,0.563,0.0875,0,0.536,""
2,loglog_base_n610,alternative,null_base_n610,610,all,2000,EDGE.stk.sc.G10,0.01,0.1495,0.00797338541649656,0.148,0.0105,0,0.1495,""
2,loglog_base_n610,alternative,null_base_n610,610,all,2000,EDGE.stk.sc.G10,0.05,0.365,0.0107651056659933,0.3605,0.0515,0,0.365,""
2,loglog_base_n610,alternative,null_base_n610,610,all,2000,EDGE.stk.sc.G10,0.1,0.5095,0.0111783216539872,0.516,0.0975,0,0.5095,""
2,loglog_base_n610,alternative,null_base_n610,610,all,2000,EDGE.sym.u.G10,0.01,0.0545,0.00507591124823908,0.0555,0.0095,0,0.0545,""
2,loglog_base_n610,alternative,null_base_n610,610,all,2000,EDGE.sym.u.G10,0.05,0.2185,0.00924006899324892,0.2525,0.042,0,0.2185,""
2,loglog_base_n610,alternative,null_base_n610,610,all,2000,EDGE.sym.u.G10,0.1,0.361,0.0107396228984076,0.3695,0.094,0,0.361,""
2,loglog_base_n610,alternative,null_base_n610,610,all,2000,EDGE.sym.sc.G10,0.01,0.056,0.00514120608417908,0.051,0.011,0,0.056,""
2,loglog_base_n610,alternative,null_base_n610,610,all,2000,EDGE.sym.sc.G10,0.05,0.1925,0.00881600107758614,0.2,0.046,0,0.1925,""
2,loglog_base_n610,alternative,null_base_n610,610,all,2000,EDGE.sym.sc.G10,0.1,0.302,0.0102663528090554,0.312,0.0975,0,0.302,""
2,loglog_base_n610,alternative,null_base_n610,610,all,2000,EDGE.poly3.u.Grule,0.01,0.2025,0.00898592649647214,0.2025,0.01,0,0.2025,""
2,loglog_base_n610,alternative,null_base_n610,610,all,2000,EDGE.poly3.u.Grule,0.05,0.454,0.011132924144177,0.4705,0.0455,0,0.454,""
2,loglog_base_n610,alternative,null_base_n610,610,all,2000,EDGE.poly3.u.Grule,0.1,0.5975,0.0109657136110697,0.6115,0.091,0,0.5975,""
2,loglog_base_n610,alternative,null_base_n610,610,all,2000,EDGE.poly3.sc.Grule,0.01,0.1545,0.00808176187473994,0.1685,0.008,0,0.1545,""
2,loglog_base_n610,alternative,null_base_n610,610,all,2000,EDGE.poly3.sc.Grule,0.05,0.3565,0.0107099894957932,0.3765,0.0475,0,0.3565,""
2,loglog_base_n610,alternative,null_base_n610,610,all,2000,EDGE.poly3.sc.Grule,0.1,0.494,0.0111795348740455,0.51,0.0915,0,0.494,""
2,loglog_base_n610,alternative,null_base_n610,610,all,2000,EDGE.poly2.u.Grule,0.01,0.2805,0.0100453907340631,0.3175,0.008,0,0.2805,""
2,loglog_base_n610,alternative,null_base_n610,610,all,2000,EDGE.poly2.u.Grule,0.05,0.5405,0.0111436024247099,0.56,0.0445,0,0.5405,""
2,loglog_base_n610,alternative,null_base_n610,610,all,2000,EDGE.poly2.u.Grule,0.1,0.6735,0.0104856509096956,0.679,0.0975,0,0.6735,""
2,loglog_base_n610,alternative,null_base_n610,610,all,2000,EDGE.poly2.sc.Grule,0.01,0.1945,0.00885069912492793,0.2155,0.009,0,0.1945,""
2,loglog_base_n610,alternative,null_base_n610,610,all,2000,EDGE.poly2.sc.Grule,0.05,0.4225,0.0110452195541782,0.4325,0.047,0,0.4225,""
2,loglog_base_n610,alternative,null_base_n610,610,all,2000,EDGE.poly2.sc.Grule,0.1,0.5705,0.0110686437741938,0.5835,0.096,0,0.5705,""
2,loglog_base_n610,alternative,null_base_n610,610,all,2000,EDGE.stk.u.Grule,0.01,0.1095,0.00698246911915835,0.082,0.015,0,0.1095,""
2,loglog_base_n610,alternative,null_base_n610,610,all,2000,EDGE.stk.u.Grule,0.05,0.3545,0.0106964889099181,0.402,0.0415,0,0.3545,""
2,loglog_base_n610,alternative,null_base_n610,610,all,2000,EDGE.stk.u.Grule,0.1,0.541,0.0111426881855323,0.56,0.091,0,0.541,""
2,loglog_base_n610,alternative,null_base_n610,610,all,2000,EDGE.stk.sc.Grule,0.01,0.1595,0.0081871774745635,0.1475,0.011,0,0.1595,""
2,loglog_base_n610,alternative,null_base_n610,610,all,2000,EDGE.stk.sc.Grule,0.05,0.385,0.0108806020054039,0.4015,0.047,0,0.385,""
2,loglog_base_n610,alternative,null_base_n610,610,all,2000,EDGE.stk.sc.Grule,0.1,0.53,0.0111601971308754,0.53,0.0995,0,0.53,""
2,loglog_base_n610,alternative,null_base_n610,610,all,2000,EDGE.sym.u.Grule,0.01,0.0385,0.00430219420761081,0.0275,0.011,0,0.0385,""
2,loglog_base_n610,alternative,null_base_n610,610,all,2000,EDGE.sym.u.Grule,0.05,0.1975,0.00890207138816579,0.2095,0.0465,0,0.1975,""
2,loglog_base_n610,alternative,null_base_n610,610,all,2000,EDGE.sym.u.Grule,0.1,0.3415,0.0106037198661602,0.3475,0.098,0,0.3415,""
2,loglog_base_n610,alternative,null_base_n610,610,all,2000,EDGE.sym.sc.Grule,0.01,0.0565,0.00516273909857936,0.0435,0.0115,0,0.0565,""
2,loglog_base_n610,alternative,null_base_n610,610,all,2000,EDGE.sym.sc.Grule,0.05,0.205,0.00902704270511667,0.205,0.0495,0,0.205,""
2,loglog_base_n610,alternative,null_base_n610,610,all,2000,EDGE.sym.sc.Grule,0.1,0.307,0.0103138499116479,0.317,0.0935,0,0.307,""
2,loglog_base_n610,alternative,null_base_n610,610,all,2000,HL.G10,0.01,0.0655,0.00553216729681958,0.054,0.011,0,0.0655,""
2,loglog_base_n610,alternative,null_base_n610,610,all,2000,HL.G10,0.05,0.203,0.00899419257076476,0.198,0.0525,0,0.203,""
2,loglog_base_n610,alternative,null_base_n610,610,all,2000,HL.G10,0.1,0.331,0.0105223333914109,0.3345,0.098,0,0.331,""
2,loglog_base_n610,alternative,null_base_n610,610,all,2000,HL.Grule,0.01,0.0295,0.0037835003634201,0.0275,0.0105,0,0.0295,""
2,loglog_base_n610,alternative,null_base_n610,610,all,2000,HL.Grule,0.05,0.1265,0.0074329586975847,0.1175,0.0535,0,0.1265,""
2,loglog_base_n610,alternative,null_base_n610,610,all,2000,HL.Grule,0.1,0.2095,0.00909971840223641,0.211,0.0995,0,0.2095,""
2,loglog_base_n610,alternative,null_base_n610,610,all,2000,HLF.G10,0.01,0.0715,0.00576141258720463,0.0625,0.0115,0,0.0715,""
2,loglog_base_n610,alternative,null_base_n610,610,all,2000,HLF.G10,0.05,0.2255,0.00934477795348825,0.215,0.052,0,0.2255,""
2,loglog_base_n610,alternative,null_base_n610,610,all,2000,HLF.G10,0.1,0.36,0.010733126291999,0.369,0.0965,0,0.36,""
2,loglog_base_n610,alternative,null_base_n610,610,all,2000,HLF.Grule,0.01,0.0395,0.00435544199823623,0.047,0.009,0,0.0395,""
2,loglog_base_n610,alternative,null_base_n610,610,all,2000,HLF.Grule,0.05,0.1555,0.00810307811883854,0.1495,0.051,0,0.1555,""
2,loglog_base_n610,alternative,null_base_n610,610,all,2000,HLF.Grule,0.1,0.2635,0.00985057739424446,0.2575,0.1045,0,0.2635,""
2,loglog_base_n610,alternative,null_base_n610,610,all,2000,Stk.joint,0.01,0.209,0.00909172700866013,0.191,0.0105,0,0.209,""
2,loglog_base_n610,alternative,null_base_n610,610,all,2000,Stk.joint,0.05,0.4625,0.0111488508376424,0.466,0.049,0,0.4625,""
2,loglog_base_n610,alternative,null_base_n610,610,all,2000,Stk.joint,0.1,0.616,0.0108752930994985,0.6285,0.0925,0,0.616,""
2,loglog_base_n610,alternative,null_base_n610,610,all,2000,Stk.LR,0.01,0.2695,0.00992143512804473,0.219,0.013,0,0.2695,""
2,loglog_base_n610,alternative,null_base_n610,610,all,2000,Stk.LR,0.05,0.5175,0.0111734898308452,0.525,0.048,0,0.5175,""
2,loglog_base_n610,alternative,null_base_n610,610,all,2000,Stk.LR,0.1,0.654,0.0106368228339105,0.672,0.0935,0,0.654,""
2,loglog_base_n610,alternative,null_base_n610,610,all,2000,Stk.sym1,0.01,0.054,0.00505390937789747,0.0485,0.011,0,0.054,""
2,loglog_base_n610,alternative,null_base_n610,610,all,2000,Stk.sym1,0.05,0.2065,0.0090514570650255,0.2125,0.0475,0,0.2065,""
2,loglog_base_n610,alternative,null_base_n610,610,all,2000,Stk.sym1,0.1,0.327,0.0104897807412739,0.3495,0.0895,0,0.327,""
2,loglog_base_n610,alternative,null_base_n610,610,all,2000,Stk.marg,0.01,0.396,0.0109358127269993,0.3025,0.019,0,0.396,""
2,loglog_base_n610,alternative,null_base_n610,610,all,2000,Stk.marg,0.05,0.609,0.0109114389518523,0.562,0.0655,0,0.609,""
2,loglog_base_n610,alternative,null_base_n610,610,all,2000,Stk.marg,0.1,0.7105,0.0101412462251934,0.6935,0.11,0,0.7105,""
2,loglog_base_n610,alternative,null_base_n610,610,all,2000,GiViTI,0.01,0.2905,0.0101515947023116,0.3235,0.007,0,0.2905,""
2,loglog_base_n610,alternative,null_base_n610,610,all,2000,GiViTI,0.05,0.5565,0.0111087296753499,0.5745,0.042,0,0.5565,""
2,loglog_base_n610,alternative,null_base_n610,610,all,2000,GiViTI,0.1,0.69,0.0103416633091587,0.692,0.0995,0,0.69,""
2,loglog_base_n610,alternative,null_base_n610,610,all,2000,GiViTI.t50,0.01,0.26,0.00980815986819138,0.277,0.007,0,0.26,""
2,loglog_base_n610,alternative,null_base_n610,610,all,2000,GiViTI.t50,0.05,0.5045,0.0111798870745639,0.5105,0.0485,0,0.5045,""
2,loglog_base_n610,alternative,null_base_n610,610,all,2000,GiViTI.t50,0.1,0.641,0.010726579137824,0.644,0.099,0,0.641,""
2,loglog_base_n610,alternative,null_base_n610,610,all,2000,Cubic.LR,0.01,0.2735,0.00996739058129057,0.2595,0.0135,0,0.2735,""
2,loglog_base_n610,alternative,null_base_n610,610,all,2000,Cubic.LR,0.05,0.529,0.0111615187138669,0.559,0.044,0,0.529,""
2,loglog_base_n610,alternative,null_base_n610,610,all,2000,Cubic.LR,0.1,0.6625,0.0105734041349038,0.681,0.088,0,0.6625,""
2,loglog_base_n610,alternative,null_base_n610,610,all,2000,HL_w,0.01,0.081,0.00610077863882964,0.086,0.009,0,0.081,""
2,loglog_base_n610,alternative,null_base_n610,610,all,2000,HL_w,0.05,0.2345,0.00947390494991374,0.259,0.04,0,0.2345,""
2,loglog_base_n610,alternative,null_base_n610,610,all,2000,HL_w,0.1,0.358,0.0107199813432673,0.376,0.093,0,0.358,""
2,loglog_base_n610,alternative,null_base_n610,610,all,2000,PH,0.01,0.041,0.00443390347211123,0.0545,0.007,0,0.041,""
2,loglog_base_n610,alternative,null_base_n610,610,all,2000,PH,0.05,0.158,0.00815585679128809,0.1985,0.0335,0,0.158,""
2,loglog_base_n610,alternative,null_base_n610,610,all,2000,PH,0.1,0.2505,0.00968890473686268,0.338,0.0685,0,0.2505,""
2,loglog_base_n610,alternative,null_base_n610,610,all,2000,Tsiatis,0.01,0.0705,0.00572406105837455,0.091,0.0065,0,0.0705,""
2,loglog_base_n610,alternative,null_base_n610,610,all,2000,Tsiatis,0.05,0.183,0.00864612630025724,0.195,0.0415,0,0.183,""
2,loglog_base_n610,alternative,null_base_n610,610,all,2000,Tsiatis,0.1,0.296,0.0102074482609514,0.304,0.095,0,0.296,""
2,loglog_base_n610,alternative,null_base_n610,610,all,2000,Xie,0.01,0.04,0.00438178046004133,0.0655,0.0045,0,0.04,""
2,loglog_base_n610,alternative,null_base_n610,610,all,2000,Xie,0.05,0.1395,0.00774724951192357,0.2055,0.026,0,0.1395,""
2,loglog_base_n610,alternative,null_base_n610,610,all,2000,Xie,0.1,0.231,0.00942440979584398,0.324,0.062,0,0.231,""
2,loglog_base_n610,alternative,null_base_n610,610,all,2000,PR,0.01,0.023,0.00335193973692846,0.0165,0.0125,0,0.023,""
2,loglog_base_n610,alternative,null_base_n610,610,all,2000,PR,0.05,0.0995,0.00669327087454258,0.088,0.0565,0,0.0995,""
2,loglog_base_n610,alternative,null_base_n610,610,all,2000,PR,0.1,0.1785,0.0085626441593704,0.1505,0.1235,0,0.1785,""
2,loglog_base_n1000,alternative,null_base_n1000,1000,all,2000,flag.evlt.G10,,0,,,,0,,flag rate: share of replicates with the flag = 1
2,loglog_base_n1000,alternative,null_base_n1000,1000,all,2000,flag.evlt.Grule,,0,,,,0,,flag rate: share of replicates with the flag = 1
2,loglog_base_n1000,alternative,null_base_n1000,1000,all,2000,flag.stk_half0,,0,,,,0,,flag rate: share of replicates with the flag = 1
2,loglog_base_n1000,alternative,null_base_n1000,1000,all,2000,flag.stk_diag,,0,,,,0,,flag rate: share of replicates with the flag = 1
2,loglog_base_n1000,alternative,null_base_n1000,1000,all,2000,flag.rivals_run,,1,,,,0,,flag rate: share of replicates with the flag = 1
2,loglog_base_n1000,alternative,null_base_n1000,1000,all,2000,flag.degenerate,,0,,,,0,,flag rate: share of replicates with the flag = 1
2,loglog_base_n1000,alternative,null_base_n1000,1000,all,2000,flag.info_guard,,0,,,,0,,flag rate: share of replicates with the flag = 1
2,loglog_base_n1000,alternative,null_base_n1000,1000,all,2000,flag.rep_error,,0,,,,0,,flag rate: share of replicates with the flag = 1
2,loglog_base_n1000,alternative,null_base_n1000,1000,all,2000,EDGE.poly3.u.G10,0.01,0.4245,0.0110521434572666,0.36,0.0155,0,0.4245,""
2,loglog_base_n1000,alternative,null_base_n1000,1000,all,2000,EDGE.poly3.u.G10,0.05,0.7,0.0102469507659596,0.685,0.056,0,0.7,""
2,loglog_base_n1000,alternative,null_base_n1000,1000,all,2000,EDGE.poly3.u.G10,0.1,0.812,0.00873658972368509,0.7995,0.1065,0,0.812,""
2,loglog_base_n1000,alternative,null_base_n1000,1000,all,2000,EDGE.poly3.sc.G10,0.01,0.3335,0.0105422424085201,0.2905,0.015,0,0.3335,""
2,loglog_base_n1000,alternative,null_base_n1000,1000,all,2000,EDGE.poly3.sc.G10,0.05,0.5835,0.011023333207338,0.549,0.06,0,0.5835,""
2,loglog_base_n1000,alternative,null_base_n1000,1000,all,2000,EDGE.poly3.sc.G10,0.1,0.7155,0.0100886012410046,0.7005,0.111,0,0.7155,""
2,loglog_base_n1000,alternative,null_base_n1000,1000,all,2000,EDGE.poly2.u.G10,0.01,0.5255,0.0111657903885036,0.5615,0.008,0,0.5255,""
2,loglog_base_n1000,alternative,null_base_n1000,1000,all,2000,EDGE.poly2.u.G10,0.05,0.7565,0.00959707637773088,0.7575,0.0475,0,0.7565,""
2,loglog_base_n1000,alternative,null_base_n1000,1000,all,2000,EDGE.poly2.u.G10,0.1,0.8485,0.00801709891419583,0.8575,0.094,0,0.8485,""
2,loglog_base_n1000,alternative,null_base_n1000,1000,all,2000,EDGE.poly2.sc.G10,0.01,0.375,0.0108253175473055,0.335,0.0115,0,0.375,""
2,loglog_base_n1000,alternative,null_base_n1000,1000,all,2000,EDGE.poly2.sc.G10,0.05,0.6315,0.0107867453386089,0.621,0.0535,0,0.6315,""
2,loglog_base_n1000,alternative,null_base_n1000,1000,all,2000,EDGE.poly2.sc.G10,0.1,0.757,0.00959038581080031,0.743,0.1065,0,0.757,""
2,loglog_base_n1000,alternative,null_base_n1000,1000,all,2000,EDGE.stk.u.G10,0.01,0.3255,0.0104773505715901,0.279,0.0125,0,0.3255,""
2,loglog_base_n1000,alternative,null_base_n1000,1000,all,2000,EDGE.stk.u.G10,0.05,0.6465,0.0106896620620111,0.61,0.057,0,0.6465,""
2,loglog_base_n1000,alternative,null_base_n1000,1000,all,2000,EDGE.stk.u.G10,0.1,0.7935,0.0090514570650255,0.7965,0.099,0,0.7935,""
2,loglog_base_n1000,alternative,null_base_n1000,1000,all,2000,EDGE.stk.sc.G10,0.01,0.354,0.0106930818756802,0.3045,0.0145,0,0.354,""
2,loglog_base_n1000,alternative,null_base_n1000,1000,all,2000,EDGE.stk.sc.G10,0.05,0.6285,0.0108048079575715,0.596,0.0585,0,0.6285,""
2,loglog_base_n1000,alternative,null_base_n1000,1000,all,2000,EDGE.stk.sc.G10,0.1,0.754,0.0096302647938673,0.7355,0.1095,0,0.754,""
2,loglog_base_n1000,alternative,null_base_n1000,1000,all,2000,EDGE.sym.u.G10,0.01,0.1375,0.00770044641563072,0.125,0.011,0,0.1375,""
2,loglog_base_n1000,alternative,null_base_n1000,1000,all,2000,EDGE.sym.u.G10,0.05,0.3705,0.0107988367429089,0.3925,0.047,0,0.3705,""
2,loglog_base_n1000,alternative,null_base_n1000,1000,all,2000,EDGE.sym.u.G10,0.1,0.532,0.0111574190563947,0.547,0.0925,0,0.532,""
2,loglog_base_n1000,alternative,null_base_n1000,1000,all,2000,EDGE.sym.sc.G10,0.01,0.1085,0.00695441406590088,0.0955,0.01,0,0.1085,""
2,loglog_base_n1000,alternative,null_base_n1000,1000,all,2000,EDGE.sym.sc.G10,0.05,0.301,0.0102566807496383,0.292,0.051,0,0.301,""
2,loglog_base_n1000,alternative,null_base_n1000,1000,all,2000,EDGE.sym.sc.G10,0.1,0.431,0.0110733689543878,0.4415,0.094,0,0.431,""
2,loglog_base_n1000,alternative,null_base_n1000,1000,all,2000,EDGE.poly3.u.Grule,0.01,0.454,0.011132924144177,0.4125,0.0115,0,0.454,""
2,loglog_base_n1000,alternative,null_base_n1000,1000,all,2000,EDGE.poly3.u.Grule,0.05,0.728,0.00995027637807111,0.7125,0.0555,0,0.728,""
2,loglog_base_n1000,alternative,null_base_n1000,1000,all,2000,EDGE.poly3.u.Grule,0.1,0.8345,0.00830992629329526,0.831,0.101,0,0.8345,""
2,loglog_base_n1000,alternative,null_base_n1000,1000,all,2000,EDGE.poly3.sc.Grule,0.01,0.345,0.0106295578459313,0.347,0.0085,0,0.345,""
2,loglog_base_n1000,alternative,null_base_n1000,1000,all,2000,EDGE.poly3.sc.Grule,0.05,0.618,0.0108645294421802,0.6055,0.0545,0,0.618,""
2,loglog_base_n1000,alternative,null_base_n1000,1000,all,2000,EDGE.poly3.sc.Grule,0.1,0.7485,0.00970174597688478,0.731,0.108,0,0.7485,""
2,loglog_base_n1000,alternative,null_base_n1000,1000,all,2000,EDGE.poly2.u.Grule,0.01,0.546,0.011132924144177,0.563,0.007,0,0.546,""
2,loglog_base_n1000,alternative,null_base_n1000,1000,all,2000,EDGE.poly2.u.Grule,0.05,0.7835,0.00920944488012171,0.791,0.045,0,0.7835,""
2,loglog_base_n1000,alternative,null_base_n1000,1000,all,2000,EDGE.poly2.u.Grule,0.1,0.865,0.00764117137617002,0.8775,0.0945,0,0.865,""
2,loglog_base_n1000,alternative,null_base_n1000,1000,all,2000,EDGE.poly2.sc.Grule,0.01,0.4275,0.011062182198825,0.4275,0.0105,0,0.4275,""
2,loglog_base_n1000,alternative,null_base_n1000,1000,all,2000,EDGE.poly2.sc.Grule,0.05,0.691,0.0103324488868806,0.677,0.0535,0,0.691,""
2,loglog_base_n1000,alternative,null_base_n1000,1000,all,2000,EDGE.poly2.sc.Grule,0.1,0.8045,0.00886791266307918,0.792,0.109,0,0.8045,""
2,loglog_base_n1000,alternative,null_base_n1000,1000,all,2000,EDGE.stk.u.Grule,0.01,0.3325,0.0105343189148611,0.312,0.011,0,0.3325,""
2,loglog_base_n1000,alternative,null_base_n1000,1000,all,2000,EDGE.stk.u.Grule,0.05,0.6645,0.0105579294845154,0.6445,0.0555,0,0.6645,""
2,loglog_base_n1000,alternative,null_base_n1000,1000,all,2000,EDGE.stk.u.Grule,0.1,0.8065,0.00883339544003324,0.7915,0.107,0,0.8065,""
2,loglog_base_n1000,alternative,null_base_n1000,1000,all,2000,EDGE.stk.sc.Grule,0.01,0.3905,0.010908935557606,0.3945,0.0095,0,0.3905,""
2,loglog_base_n1000,alternative,null_base_n1000,1000,all,2000,EDGE.stk.sc.Grule,0.05,0.646,0.0106930818756802,0.637,0.054,0,0.646,""
2,loglog_base_n1000,alternative,null_base_n1000,1000,all,2000,EDGE.stk.sc.Grule,0.1,0.7815,0.00924006899324892,0.777,0.101,0,0.7815,""
2,loglog_base_n1000,alternative,null_base_n1000,1000,all,2000,EDGE.sym.u.Grule,0.01,0.0985,0.00666324808182916,0.0965,0.01,0,0.0985,""
2,loglog_base_n1000,alternative,null_base_n1000,1000,all,2000,EDGE.sym.u.Grule,0.05,0.3565,0.0107099894957932,0.3335,0.057,0,0.3565,""
2,loglog_base_n1000,alternative,null_base_n1000,1000,all,2000,EDGE.sym.u.Grule,0.1,0.5235,0.0111679843749891,0.5065,0.1095,0,0.5235,""
2,loglog_base_n1000,alternative,null_base_n1000,1000,all,2000,EDGE.sym.sc.Grule,0.01,0.115,0.00713354750457302,0.1065,0.0105,0,0.115,""
2,loglog_base_n1000,alternative,null_base_n1000,1000,all,2000,EDGE.sym.sc.Grule,0.05,0.329,0.0105061648568828,0.3215,0.0535,0,0.329,""
2,loglog_base_n1000,alternative,null_base_n1000,1000,all,2000,EDGE.sym.sc.Grule,0.1,0.4775,0.0111690140567554,0.457,0.11,0,0.4775,""
2,loglog_base_n1000,alternative,null_base_n1000,1000,all,2000,HL.G10,0.01,0.1685,0.00836981929315084,0.1555,0.012,0,0.1685,""
2,loglog_base_n1000,alternative,null_base_n1000,1000,all,2000,HL.G10,0.05,0.398,0.0109452272703677,0.387,0.0515,0,0.398,""
2,loglog_base_n1000,alternative,null_base_n1000,1000,all,2000,HL.G10,0.1,0.5405,0.0111436024247099,0.5375,0.1025,0,0.5405,""
2,loglog_base_n1000,alternative,null_base_n1000,1000,all,2000,HL.Grule,0.01,0.042,0.00448530935387962,0.049,0.008,0,0.042,""
2,loglog_base_n1000,alternative,null_base_n1000,1000,all,2000,HL.Grule,0.05,0.146,0.00789569502957149,0.1475,0.0485,0,0.146,""
2,loglog_base_n1000,alternative,null_base_n1000,1000,all,2000,HL.Grule,0.1,0.254,0.00973355022589394,0.251,0.1,0,0.254,""
2,loglog_base_n1000,alternative,null_base_n1000,1000,all,2000,HLF.G10,0.01,0.184,0.00866440996259988,0.1665,0.0125,0,0.184,""
2,loglog_base_n1000,alternative,null_base_n1000,1000,all,2000,HLF.G10,0.05,0.426,0.0110572148391898,0.412,0.052,0,0.426,""
2,loglog_base_n1000,alternative,null_base_n1000,1000,all,2000,HLF.G10,0.1,0.5655,0.0110839918350746,0.5605,0.102,0,0.5655,""
2,loglog_base_n1000,alternative,null_base_n1000,1000,all,2000,HLF.Grule,0.01,0.055,0.00509779364038993,0.059,0.0085,0,0.055,""
2,loglog_base_n1000,alternative,null_base_n1000,1000,all,2000,HLF.Grule,0.05,0.184,0.00866440996259988,0.192,0.0485,0,0.184,""
2,loglog_base_n1000,alternative,null_base_n1000,1000,all,2000,HLF.Grule,0.1,0.3095,0.0103370631709398,0.3065,0.1015,0,0.3095,""
2,loglog_base_n1000,alternative,null_base_n1000,1000,all,2000,Stk.joint,0.01,0.4665,0.0111552173891861,0.442,0.012,0,0.4665,""
2,loglog_base_n1000,alternative,null_base_n1000,1000,all,2000,Stk.joint,0.05,0.736,0.00985657141200732,0.7265,0.052,0,0.736,""
2,loglog_base_n1000,alternative,null_base_n1000,1000,all,2000,Stk.joint,0.1,0.8415,0.00816632567315313,0.839,0.1025,0,0.8415,""
2,loglog_base_n1000,alternative,null_base_n1000,1000,all,2000,Stk.LR,0.01,0.5365,0.0111505100780189,0.5065,0.011,0,0.5365,""
2,loglog_base_n1000,alternative,null_base_n1000,1000,all,2000,Stk.LR,0.05,0.7725,0.00937399994666098,0.759,0.0555,0,0.7725,""
2,loglog_base_n1000,alternative,null_base_n1000,1000,all,2000,Stk.LR,0.1,0.8625,0.00770044641563072,0.8565,0.1095,0,0.8625,""
2,loglog_base_n1000,alternative,null_base_n1000,1000,all,2000,Stk.sym1,0.01,0.1105,0.00701034057660539,0.1085,0.0105,0,0.1105,""
2,loglog_base_n1000,alternative,null_base_n1000,1000,all,2000,Stk.sym1,0.05,0.3235,0.0104605867426259,0.318,0.055,0,0.3235,""
2,loglog_base_n1000,alternative,null_base_n1000,1000,all,2000,Stk.sym1,0.1,0.4715,0.0111621626488777,0.4445,0.1105,0,0.4715,""
2,loglog_base_n1000,alternative,null_base_n1000,1000,all,2000,Stk.marg,0.01,0.6655,0.0105501125586413,0.567,0.0205,0,0.6655,""
2,loglog_base_n1000,alternative,null_base_n1000,1000,all,2000,Stk.marg,0.05,0.833,0.00833999400479401,0.791,0.0655,0,0.833,""
2,loglog_base_n1000,alternative,null_base_n1000,1000,all,2000,Stk.marg,0.1,0.894,0.00688345843308435,0.8865,0.1065,0,0.894,""
2,loglog_base_n1000,alternative,null_base_n1000,1000,all,2000,GiViTI,0.01,0.554,0.0111149448941504,0.555,0.0095,0,0.554,""
2,loglog_base_n1000,alternative,null_base_n1000,1000,all,2000,GiViTI,0.05,0.7885,0.00913147715323211,0.793,0.0445,0,0.7885,""
2,loglog_base_n1000,alternative,null_base_n1000,1000,all,2000,GiViTI,0.1,0.8665,0.00760518737441754,0.873,0.0915,0,0.8665,""
2,loglog_base_n1000,alternative,null_base_n1000,1000,all,2000,GiViTI.t50,0.01,0.5125,0.0111768454851984,0.5065,0.01,0,0.5125,""
2,loglog_base_n1000,alternative,null_base_n1000,1000,all,2000,GiViTI.t50,0.05,0.748,0.00970814091368682,0.7595,0.0475,0,0.748,""
2,loglog_base_n1000,alternative,null_base_n1000,1000,all,2000,GiViTI.t50,0.1,0.839,0.00821824190444647,0.8455,0.0935,0,0.839,""
2,loglog_base_n1000,alternative,null_base_n1000,1000,all,2000,Cubic.LR,0.01,0.5415,0.0111417626522916,0.569,0.008,0,0.5415,""
2,loglog_base_n1000,alternative,null_base_n1000,1000,all,2000,Cubic.LR,0.05,0.781,0.00924767538357614,0.7745,0.0535,0,0.781,""
2,loglog_base_n1000,alternative,null_base_n1000,1000,all,2000,Cubic.LR,0.1,0.87,0.00751997340420829,0.8645,0.105,0,0.87,""
2,loglog_base_n1000,alternative,null_base_n1000,1000,all,2000,HL_w,0.01,0.2055,0.00903520198999447,0.207,0.0085,0,0.2055,""
2,loglog_base_n1000,alternative,null_base_n1000,1000,all,2000,HL_w,0.05,0.427,0.0110605379616002,0.424,0.05,0,0.427,""
2,loglog_base_n1000,alternative,null_base_n1000,1000,all,2000,HL_w,0.1,0.5685,0.0110749209929462,0.5665,0.101,0,0.5685,""
2,loglog_base_n1000,alternative,null_base_n1000,1000,all,2000,PH,0.01,0.131,0.00754450130890041,0.158,0.006,0,0.131,""
2,loglog_base_n1000,alternative,null_base_n1000,1000,all,2000,PH,0.05,0.3165,0.0104001862964083,0.3885,0.0355,0,0.3165,""
2,loglog_base_n1000,alternative,null_base_n1000,1000,all,2000,PH,0.1,0.4555,0.011135972117422,0.54,0.0675,0,0.4555,""
2,loglog_base_n1000,alternative,null_base_n1000,1000,all,2000,Tsiatis,0.01,0.1605,0.00820791538699078,0.1155,0.0145,0,0.1605,""
2,loglog_base_n1000,alternative,null_base_n1000,1000,all,2000,Tsiatis,0.05,0.359,0.010726579137824,0.338,0.058,0,0.359,""
2,loglog_base_n1000,alternative,null_base_n1000,1000,all,2000,Tsiatis,0.1,0.507,0.0111792441604967,0.486,0.11,0,0.507,""
2,loglog_base_n1000,alternative,null_base_n1000,1000,all,2000,Xie,0.01,0.114,0.00710647591989166,0.137,0.0085,0,0.114,""
2,loglog_base_n1000,alternative,null_base_n1000,1000,all,2000,Xie,0.05,0.2955,0.0102024445600062,0.358,0.0325,0,0.2955,""
2,loglog_base_n1000,alternative,null_base_n1000,1000,all,2000,Xie,0.1,0.434,0.0110825087412553,0.502,0.071,0,0.434,""
2,loglog_base_n1000,alternative,null_base_n1000,1000,all,2000,PR,0.01,0.04,0.00438178046004133,0.0385,0.01,0,0.04,""
2,loglog_base_n1000,alternative,null_base_n1000,1000,all,2000,PR,0.05,0.1545,0.00808176187473994,0.131,0.0625,0,0.1545,""
2,loglog_base_n1000,alternative,null_base_n1000,1000,all,2000,PR,0.1,0.2535,0.00972722339622155,0.2205,0.124,0,0.2535,""
2,probit_auc_n3500,alternative,null_auc_n3500,3500,all,2000,flag.evlt.G10,,0,,,,0,,flag rate: share of replicates with the flag = 1
2,probit_auc_n3500,alternative,null_auc_n3500,3500,all,2000,flag.evlt.Grule,,0,,,,0,,flag rate: share of replicates with the flag = 1
2,probit_auc_n3500,alternative,null_auc_n3500,3500,all,2000,flag.stk_half0,,0,,,,0,,flag rate: share of replicates with the flag = 1
2,probit_auc_n3500,alternative,null_auc_n3500,3500,all,2000,flag.stk_diag,,0.0155,,,,0,,flag rate: share of replicates with the flag = 1
2,probit_auc_n3500,alternative,null_auc_n3500,3500,all,2000,flag.rivals_run,,1,,,,0,,flag rate: share of replicates with the flag = 1
2,probit_auc_n3500,alternative,null_auc_n3500,3500,all,2000,flag.degenerate,,0,,,,0,,flag rate: share of replicates with the flag = 1
2,probit_auc_n3500,alternative,null_auc_n3500,3500,all,2000,flag.info_guard,,0,,,,0,,flag rate: share of replicates with the flag = 1
2,probit_auc_n3500,alternative,null_auc_n3500,3500,all,2000,flag.rep_error,,0,,,,0,,flag rate: share of replicates with the flag = 1
2,probit_auc_n3500,alternative,null_auc_n3500,3500,all,2000,EDGE.poly3.u.G10,0.01,0.1765,0.00852489736008593,0.2275,0.007,0,0.1765,""
2,probit_auc_n3500,alternative,null_auc_n3500,3500,all,2000,EDGE.poly3.u.G10,0.05,0.4105,0.0109997670429878,0.433,0.046,0,0.4105,""
2,probit_auc_n3500,alternative,null_auc_n3500,3500,all,2000,EDGE.poly3.u.G10,0.1,0.559,0.0111022295058245,0.596,0.0875,0,0.559,""
2,probit_auc_n3500,alternative,null_auc_n3500,3500,all,2000,EDGE.poly3.sc.G10,0.01,0.0895,0.00638317123379908,0.11,0.008,0,0.0895,""
2,probit_auc_n3500,alternative,null_auc_n3500,3500,all,2000,EDGE.poly3.sc.G10,0.05,0.259,0.00979589199613797,0.2765,0.044,0,0.259,""
2,probit_auc_n3500,alternative,null_auc_n3500,3500,all,2000,EDGE.poly3.sc.G10,0.1,0.377,0.0108367661227877,0.3855,0.094,0,0.377,""
2,probit_auc_n3500,alternative,null_auc_n3500,3500,all,2000,EDGE.poly2.u.G10,0.01,0.0035,0.0013205585939291,0.0055,0.006,0,0.0035,""
2,probit_auc_n3500,alternative,null_auc_n3500,3500,all,2000,EDGE.poly2.u.G10,0.05,0.027,0.00362429303451032,0.0285,0.0435,0,0.027,""
2,probit_auc_n3500,alternative,null_auc_n3500,3500,all,2000,EDGE.poly2.u.G10,0.1,0.067,0.00559066185706129,0.0745,0.094,0,0.067,""
2,probit_auc_n3500,alternative,null_auc_n3500,3500,all,2000,EDGE.poly2.sc.G10,0.01,0.0825,0.0061519813881383,0.0965,0.0075,0,0.0825,""
2,probit_auc_n3500,alternative,null_auc_n3500,3500,all,2000,EDGE.poly2.sc.G10,0.05,0.2445,0.00961040451802108,0.251,0.049,0,0.2445,""
2,probit_auc_n3500,alternative,null_auc_n3500,3500,all,2000,EDGE.poly2.sc.G10,0.1,0.3595,0.0107298590391487,0.3635,0.0985,0,0.3595,""
2,probit_auc_n3500,alternative,null_auc_n3500,3500,all,2000,EDGE.stk.u.G10,0.01,0,0,0,0.0095,0,0,""
2,probit_auc_n3500,alternative,null_auc_n3500,3500,all,2000,EDGE.stk.u.G10,0.05,0.037,0.00422084114839685,0.047,0.039,0,0.037,""
2,probit_auc_n3500,alternative,null_auc_n3500,3500,all,2000,EDGE.stk.u.G10,0.1,0.1245,0.00738240306404358,0.1445,0.0905,0,0.1245,""
2,probit_auc_n3500,alternative,null_auc_n3500,3500,all,2000,EDGE.stk.sc.G10,0.01,0.084,0.00620258010830977,0.1,0.009,0,0.084,""
2,probit_auc_n3500,alternative,null_auc_n3500,3500,all,2000,EDGE.stk.sc.G10,0.05,0.288,0.0101256110926699,0.3155,0.0465,0,0.288,""
2,probit_auc_n3500,alternative,null_auc_n3500,3500,all,2000,EDGE.stk.sc.G10,0.1,0.4485,0.0111208756399845,0.475,0.091,0,0.4485,""
2,probit_auc_n3500,alternative,null_auc_n3500,3500,all,2000,EDGE.sym.u.G10,0.01,0.006,0.0017268468374468,0.0165,0.008,0,0.006,""
2,probit_auc_n3500,alternative,null_auc_n3500,3500,all,2000,EDGE.sym.u.G10,0.05,0.189,0.00875439889427024,0.2345,0.04,0,0.189,""
2,probit_auc_n3500,alternative,null_auc_n3500,3500,all,2000,EDGE.sym.u.G10,0.1,0.43,0.0110702303499069,0.4575,0.092,0,0.43,""
2,probit_auc_n3500,alternative,null_auc_n3500,3500,all,2000,EDGE.sym.sc.G10,0.01,0.1775,0.00854382086656784,0.2255,0.0055,0,0.1775,""
2,probit_auc_n3500,alternative,null_auc_n3500,3500,all,2000,EDGE.sym.sc.G10,0.05,0.4395,0.0110981924203899,0.474,0.0395,0,0.4395,""
2,probit_auc_n3500,alternative,null_auc_n3500,3500,all,2000,EDGE.sym.sc.G10,0.1,0.592,0.0109894494857568,0.6245,0.0875,0,0.592,""
2,probit_auc_n3500,alternative,null_auc_n3500,3500,all,2000,EDGE.poly3.u.Grule,0.01,0.2105,0.00911563903409958,0.2235,0.0085,0,0.2105,""
2,probit_auc_n3500,alternative,null_auc_n3500,3500,all,2000,EDGE.poly3.u.Grule,0.05,0.458,0.0111408258221731,0.47,0.046,0,0.458,""
2,probit_auc_n3500,alternative,null_auc_n3500,3500,all,2000,EDGE.poly3.u.Grule,0.1,0.6135,0.0108884744110458,0.6345,0.089,0,0.6135,""
2,probit_auc_n3500,alternative,null_auc_n3500,3500,all,2000,EDGE.poly3.sc.Grule,0.01,0.144,0.00785060507222214,0.1655,0.0085,0,0.144,""
2,probit_auc_n3500,alternative,null_auc_n3500,3500,all,2000,EDGE.poly3.sc.Grule,0.05,0.368,0.010783691390243,0.382,0.045,0,0.368,""
2,probit_auc_n3500,alternative,null_auc_n3500,3500,all,2000,EDGE.poly3.sc.Grule,0.1,0.5215,0.011169998880931,0.532,0.097,0,0.5215,""
2,probit_auc_n3500,alternative,null_auc_n3500,3500,all,2000,EDGE.poly2.u.Grule,0.01,0.0025,0.00111663557170637,0.0035,0.006,0,0.0025,""
2,probit_auc_n3500,alternative,null_auc_n3500,3500,all,2000,EDGE.poly2.u.Grule,0.05,0.0225,0.00331615364541512,0.026,0.045,0,0.0225,""
2,probit_auc_n3500,alternative,null_auc_n3500,3500,all,2000,EDGE.poly2.u.Grule,0.1,0.067,0.00559066185706129,0.0775,0.091,0,0.067,""
2,probit_auc_n3500,alternative,null_auc_n3500,3500,all,2000,EDGE.poly2.sc.Grule,0.01,0.2055,0.00903520198999447,0.2425,0.007,0,0.2055,""
2,probit_auc_n3500,alternative,null_auc_n3500,3500,all,2000,EDGE.poly2.sc.Grule,0.05,0.4465,0.0111161537862698,0.4665,0.0465,0,0.4465,""
2,probit_auc_n3500,alternative,null_auc_n3500,3500,all,2000,EDGE.poly2.sc.Grule,0.1,0.5985,0.0109612442268202,0.619,0.093,0,0.5985,""
2,probit_auc_n3500,alternative,null_auc_n3500,3500,all,2000,EDGE.stk.u.Grule,0.01,0,0,0,0.0105,0,0,""
2,probit_auc_n3500,alternative,null_auc_n3500,3500,all,2000,EDGE.stk.u.Grule,0.05,0.0015,0.000865375640979107,0.0015,0.0505,0,0.0015,""
2,probit_auc_n3500,alternative,null_auc_n3500,3500,all,2000,EDGE.stk.u.Grule,0.1,0.023,0.00335193973692846,0.023,0.1,0,0.023,""
2,probit_auc_n3500,alternative,null_auc_n3500,3500,all,2000,EDGE.stk.sc.Grule,0.01,0.111,0.00702420814042409,0.116,0.0085,0,0.111,""
2,probit_auc_n3500,alternative,null_auc_n3500,3500,all,2000,EDGE.stk.sc.Grule,0.05,0.3405,0.0105962198448315,0.372,0.0405,0,0.3405,""
2,probit_auc_n3500,alternative,null_auc_n3500,3500,all,2000,EDGE.stk.sc.Grule,0.1,0.4875,0.0111768454851984,0.5355,0.0845,0,0.4875,""
2,probit_auc_n3500,alternative,null_auc_n3500,3500,all,2000,EDGE.sym.u.Grule,0.01,0,0,0,0.01,0,0,""
2,probit_auc_n3500,alternative,null_auc_n3500,3500,all,2000,EDGE.sym.u.Grule,0.05,0.113,0.00707923018413726,0.096,0.0525,0,0.113,""
2,probit_auc_n3500,alternative,null_auc_n3500,3500,all,2000,EDGE.sym.u.Grule,0.1,0.386,0.0108858623911935,0.403,0.0975,0,0.386,""
2,probit_auc_n3500,alternative,null_auc_n3500,3500,all,2000,EDGE.sym.sc.Grule,0.01,0.2775,0.0100123361409813,0.289,0.008,0,0.2775,""
2,probit_auc_n3500,alternative,null_auc_n3500,3500,all,2000,EDGE.sym.sc.Grule,0.05,0.5845,0.0110195224488178,0.598,0.0465,0,0.5845,""
2,probit_auc_n3500,alternative,null_auc_n3500,3500,all,2000,EDGE.sym.sc.Grule,0.1,0.7345,0.00987445568120086,0.75,0.0955,0,0.7345,""
2,probit_auc_n3500,alternative,null_auc_n3500,3500,all,2000,HL.G10,0.01,0.019,0.00305278561317365,0.0155,0.0125,0,0.019,""
2,probit_auc_n3500,alternative,null_auc_n3500,3500,all,2000,HL.G10,0.05,0.1015,0.00675269390687894,0.1,0.0505,0,0.1015,""
2,probit_auc_n3500,alternative,null_auc_n3500,3500,all,2000,HL.G10,0.1,0.193,0.00882470962695091,0.204,0.095,0,0.193,""
2,probit_auc_n3500,alternative,null_auc_n3500,3500,all,2000,HL.Grule,0.01,0.0015,0.000865375640979107,5e-04,0.0135,0,0.0015,""
2,probit_auc_n3500,alternative,null_auc_n3500,3500,all,2000,HL.Grule,0.05,0.004,0.00141138230115019,0.004,0.049,0,0.004,""
2,probit_auc_n3500,alternative,null_auc_n3500,3500,all,2000,HL.Grule,0.1,0.005,0.00157718102955875,0.005,0.098,0,0.005,""
2,probit_auc_n3500,alternative,null_auc_n3500,3500,all,2000,HLF.G10,0.01,0.0535,0.00503178646208283,0.0435,0.012,0,0.0535,""
2,probit_auc_n3500,alternative,null_auc_n3500,3500,all,2000,HLF.G10,0.05,0.214,0.00917071425789726,0.214,0.0495,0,0.214,""
2,probit_auc_n3500,alternative,null_auc_n3500,3500,all,2000,HLF.G10,0.1,0.3535,0.0106896620620111,0.369,0.0955,0,0.3535,""
2,probit_auc_n3500,alternative,null_auc_n3500,3500,all,2000,HLF.Grule,0.01,0.0105,0.00227922684259378,0.0105,0.0095,0,0.0105,""
2,probit_auc_n3500,alternative,null_auc_n3500,3500,all,2000,HLF.Grule,0.05,0.05,0.00487339717240448,0.0565,0.0455,0,0.05,""
2,probit_auc_n3500,alternative,null_auc_n3500,3500,all,2000,HLF.Grule,0.1,0.101,0.00673791510780598,0.1195,0.0865,0,0.101,""
2,probit_auc_n3500,alternative,null_auc_n3500,3500,all,2000,Stk.joint,0.01,0.1515,0.00801709891419583,0.146,0.01,0,0.1515,""
2,probit_auc_n3500,alternative,null_auc_n3500,3500,all,2000,Stk.joint,0.05,0.4005,0.0109567273854924,0.448,0.044,0,0.4005,""
2,probit_auc_n3500,alternative,null_auc_n3500,3500,all,2000,Stk.joint,0.1,0.5855,0.0110156649821969,0.6035,0.0915,0,0.5855,""
2,probit_auc_n3500,alternative,null_auc_n3500,3500,all,2000,Stk.LR,0.01,0.2765,0.0100011936787566,0.2895,0.008,0,0.2765,""
2,probit_auc_n3500,alternative,null_auc_n3500,3500,all,2000,Stk.LR,0.05,0.541,0.0111426881855323,0.564,0.043,0,0.541,""
2,probit_auc_n3500,alternative,null_auc_n3500,3500,all,2000,Stk.LR,0.1,0.6705,0.0105102271621502,0.683,0.095,0,0.6705,""
2,probit_auc_n3500,alternative,null_auc_n3500,3500,all,2000,Stk.sym1,0.01,0.2755,0.00998998873873239,0.27,0.01,0,0.2755,""
2,probit_auc_n3500,alternative,null_auc_n3500,3500,all,2000,Stk.sym1,0.05,0.589,0.0110017953080395,0.6015,0.046,0,0.589,""
2,probit_auc_n3500,alternative,null_auc_n3500,3500,all,2000,Stk.sym1,0.1,0.7335,0.00988629733520088,0.746,0.092,0,0.7335,""
2,probit_auc_n3500,alternative,null_auc_n3500,3500,all,2000,Stk.marg,0.01,0.0085,0.00205277251540447,0.0035,0.017,0,0.0085,""
2,probit_auc_n3500,alternative,null_auc_n3500,3500,all,2000,Stk.marg,0.05,0.069,0.00566740681440816,0.046,0.061,0,0.069,""
2,probit_auc_n3500,alternative,null_auc_n3500,3500,all,2000,Stk.marg,0.1,0.177,0.00853437168161781,0.155,0.1045,0,0.177,""
2,probit_auc_n3500,alternative,null_auc_n3500,3500,all,2000,GiViTI,0.01,0.0895,0.00638317123379908,0.105,0.0055,0,0.0895,""
2,probit_auc_n3500,alternative,null_auc_n3500,3500,all,2000,GiViTI,0.05,0.2085,0.00908371482379318,0.211,0.0485,0,0.2085,""
2,probit_auc_n3500,alternative,null_auc_n3500,3500,all,2000,GiViTI,0.1,0.2885,0.010130837823201,0.2985,0.0955,0,0.2885,""
2,probit_auc_n3500,alternative,null_auc_n3500,3500,all,2000,GiViTI.t50,0.01,0.209,0.00909172700866013,0.2495,0.0055,0,0.209,""
2,probit_auc_n3500,alternative,null_auc_n3500,3500,all,2000,GiViTI.t50,0.05,0.439,0.0110968238699188,0.4515,0.0475,0,0.439,""
2,probit_auc_n3500,alternative,null_auc_n3500,3500,all,2000,GiViTI.t50,0.1,0.5705,0.0110686437741938,0.587,0.092,0,0.5705,""
2,probit_auc_n3500,alternative,null_auc_n3500,3500,all,2000,Cubic.LR,0.01,0.301,0.0102566807496383,0.327,0.008,0,0.301,""
2,probit_auc_n3500,alternative,null_auc_n3500,3500,all,2000,Cubic.LR,0.05,0.5745,0.0110555359435895,0.6035,0.045,0,0.5745,""
2,probit_auc_n3500,alternative,null_auc_n3500,3500,all,2000,Cubic.LR,0.1,0.697,0.0102759671077714,0.7105,0.095,0,0.697,""
2,probit_auc_n3500,alternative,null_auc_n3500,3500,all,2000,HL_w,0.01,0.049,0.00482695556225661,0.0575,0.0085,0,0.049,""
2,probit_auc_n3500,alternative,null_auc_n3500,3500,all,2000,HL_w,0.05,0.1495,0.00797338541649656,0.1515,0.048,0,0.1495,""
2,probit_auc_n3500,alternative,null_auc_n3500,3500,all,2000,HL_w,0.1,0.2455,0.00962366224469666,0.2375,0.103,0,0.2455,""
2,probit_auc_n3500,alternative,null_auc_n3500,3500,all,2000,PH,0.01,0.011,0.00233227356885937,0.017,0.0065,0,0.011,""
2,probit_auc_n3500,alternative,null_auc_n3500,3500,all,2000,PH,0.05,0.0665,0.00557125434709276,0.1005,0.032,0,0.0665,""
2,probit_auc_n3500,alternative,null_auc_n3500,3500,all,2000,PH,0.1,0.136,0.00766498532288223,0.208,0.0645,0,0.136,""
2,probit_auc_n3500,alternative,null_auc_n3500,3500,all,2000,Tsiatis,0.01,0.016,0.00280570846668003,0.016,0.0105,0,0.016,""
2,probit_auc_n3500,alternative,null_auc_n3500,3500,all,2000,Tsiatis,0.05,0.0935,0.00650990591329859,0.1065,0.042,0,0.0935,""
2,probit_auc_n3500,alternative,null_auc_n3500,3500,all,2000,Tsiatis,0.1,0.1655,0.00830992629329527,0.1725,0.094,0,0.1655,""
2,probit_auc_n3500,alternative,null_auc_n3500,3500,all,2000,Xie,0.01,0.006,0.0017268468374468,0.013,0.004,0,0.006,""
2,probit_auc_n3500,alternative,null_auc_n3500,3500,all,2000,Xie,0.05,0.0485,0.00480352734977121,0.092,0.0255,0,0.0485,""
2,probit_auc_n3500,alternative,null_auc_n3500,3500,all,2000,Xie,0.1,0.0995,0.00669327087454258,0.169,0.0525,0,0.0995,""
2,probit_auc_n3500,alternative,null_auc_n3500,3500,all,2000,PR,0.01,0.018,0.002972877394041,0.0165,0.011,0,0.018,""
2,probit_auc_n3500,alternative,null_auc_n3500,3500,all,2000,PR,0.05,0.083,0.00616891400491205,0.0855,0.049,0,0.083,""
2,probit_auc_n3500,alternative,null_auc_n3500,3500,all,2000,PR,0.1,0.167,0.00833999400479401,0.1585,0.1085,0,0.167,""
2,probit_auc_n5900,alternative,null_auc_n5900,5900,all,2000,flag.evlt.G10,,0,,,,0,,flag rate: share of replicates with the flag = 1
2,probit_auc_n5900,alternative,null_auc_n5900,5900,all,2000,flag.evlt.Grule,,0,,,,0,,flag rate: share of replicates with the flag = 1
2,probit_auc_n5900,alternative,null_auc_n5900,5900,all,2000,flag.stk_half0,,0,,,,0,,flag rate: share of replicates with the flag = 1
2,probit_auc_n5900,alternative,null_auc_n5900,5900,all,2000,flag.stk_diag,,0.001,,,,0,,flag rate: share of replicates with the flag = 1
2,probit_auc_n5900,alternative,null_auc_n5900,5900,all,2000,flag.rivals_run,,1,,,,0,,flag rate: share of replicates with the flag = 1
2,probit_auc_n5900,alternative,null_auc_n5900,5900,all,2000,flag.degenerate,,0,,,,0,,flag rate: share of replicates with the flag = 1
2,probit_auc_n5900,alternative,null_auc_n5900,5900,all,2000,flag.info_guard,,0,,,,0,,flag rate: share of replicates with the flag = 1
2,probit_auc_n5900,alternative,null_auc_n5900,5900,all,2000,flag.rep_error,,0,,,,0,,flag rate: share of replicates with the flag = 1
2,probit_auc_n5900,alternative,null_auc_n5900,5900,all,2000,EDGE.poly3.u.G10,0.01,0.408,0.0109894494857568,0.432,0.0085,0,0.408,""
2,probit_auc_n5900,alternative,null_auc_n5900,5900,all,2000,EDGE.poly3.u.G10,0.05,0.653,0.0106440358887031,0.6485,0.0525,0,0.653,""
2,probit_auc_n5900,alternative,null_auc_n5900,5900,all,2000,EDGE.poly3.u.G10,0.1,0.779,0.00927790385809209,0.785,0.096,0,0.779,""
2,probit_auc_n5900,alternative,null_auc_n5900,5900,all,2000,EDGE.poly3.sc.G10,0.01,0.1925,0.00881600107758614,0.202,0.009,0,0.1925,""
2,probit_auc_n5900,alternative,null_auc_n5900,5900,all,2000,EDGE.poly3.sc.G10,0.05,0.3975,0.0109428915282936,0.394,0.052,0,0.3975,""
2,probit_auc_n5900,alternative,null_auc_n5900,5900,all,2000,EDGE.poly3.sc.G10,0.1,0.536,0.0111513227914898,0.5445,0.092,0,0.536,""
2,probit_auc_n5900,alternative,null_auc_n5900,5900,all,2000,EDGE.poly2.u.G10,0.01,0.004,0.00141138230115019,0.0015,0.013,0,0.004,""
2,probit_auc_n5900,alternative,null_auc_n5900,5900,all,2000,EDGE.poly2.u.G10,0.05,0.0395,0.00435544199823623,0.0445,0.0465,0,0.0395,""
2,probit_auc_n5900,alternative,null_auc_n5900,5900,all,2000,EDGE.poly2.u.G10,0.1,0.1085,0.00695441406590088,0.1345,0.0845,0,0.1085,""
2,probit_auc_n5900,alternative,null_auc_n5900,5900,all,2000,EDGE.poly2.sc.G10,0.01,0.174,0.00847714574606335,0.178,0.0085,0,0.174,""
2,probit_auc_n5900,alternative,null_auc_n5900,5900,all,2000,EDGE.poly2.sc.G10,0.05,0.388,0.0108962378828658,0.387,0.051,0,0.388,""
2,probit_auc_n5900,alternative,null_auc_n5900,5900,all,2000,EDGE.poly2.sc.G10,0.1,0.522,0.0111695120752878,0.5325,0.0965,0,0.522,""
2,probit_auc_n5900,alternative,null_auc_n5900,5900,all,2000,EDGE.stk.u.G10,0.01,0.0175,0.00293204280323463,0.0205,0.008,0,0.0175,""
2,probit_auc_n5900,alternative,null_auc_n5900,5900,all,2000,EDGE.stk.u.G10,0.05,0.201,0.0089609988282557,0.2185,0.0455,0,0.201,""
2,probit_auc_n5900,alternative,null_auc_n5900,5900,all,2000,EDGE.stk.u.G10,0.1,0.4045,0.0109745102396417,0.425,0.0965,0,0.4045,""
2,probit_auc_n5900,alternative,null_auc_n5900,5900,all,2000,EDGE.stk.sc.G10,0.01,0.2595,0.00980203422764887,0.293,0.0065,0,0.2595,""
2,probit_auc_n5900,alternative,null_auc_n5900,5900,all,2000,EDGE.stk.sc.G10,0.05,0.541,0.0111426881855323,0.551,0.0465,0,0.541,""
2,probit_auc_n5900,alternative,null_auc_n5900,5900,all,2000,EDGE.stk.sc.G10,0.1,0.677,0.0104563616999413,0.6765,0.1005,0,0.677,""
2,probit_auc_n5900,alternative,null_auc_n5900,5900,all,2000,EDGE.sym.u.G10,0.01,0.105,0.00685474288358068,0.154,0.0085,0,0.105,""
2,probit_auc_n5900,alternative,null_auc_n5900,5900,all,2000,EDGE.sym.u.G10,0.05,0.531,0.0111588305838918,0.534,0.0485,0,0.531,""
2,probit_auc_n5900,alternative,null_auc_n5900,5900,all,2000,EDGE.sym.u.G10,0.1,0.7445,0.0097524291845673,0.7645,0.094,0,0.7445,""
2,probit_auc_n5900,alternative,null_auc_n5900,5900,all,2000,EDGE.sym.sc.G10,0.01,0.41,0.0109977270378929,0.4105,0.0095,0,0.41,""
2,probit_auc_n5900,alternative,null_auc_n5900,5900,all,2000,EDGE.sym.sc.G10,0.05,0.6915,0.0103278204380208,0.7065,0.0465,0,0.6915,""
2,probit_auc_n5900,alternative,null_auc_n5900,5900,all,2000,EDGE.sym.sc.G10,0.1,0.812,0.00873658972368509,0.8005,0.1065,0,0.812,""
2,probit_auc_n5900,alternative,null_auc_n5900,5900,all,2000,EDGE.poly3.u.Grule,0.01,0.474,0.0111652138358385,0.54,0.005,0,0.474,""
2,probit_auc_n5900,alternative,null_auc_n5900,5900,all,2000,EDGE.poly3.u.Grule,0.05,0.7235,0.0100011936787566,0.7355,0.0455,0,0.7235,""
2,probit_auc_n5900,alternative,null_auc_n5900,5900,all,2000,EDGE.poly3.u.Grule,0.1,0.829,0.00841899637724117,0.8405,0.0895,0,0.829,""
2,probit_auc_n5900,alternative,null_auc_n5900,5900,all,2000,EDGE.poly3.sc.Grule,0.01,0.3625,0.0107492732312468,0.3755,0.0095,0,0.3625,""
2,probit_auc_n5900,alternative,null_auc_n5900,5900,all,2000,EDGE.poly3.sc.Grule,0.05,0.6435,0.0107099894957932,0.656,0.048,0,0.6435,""
2,probit_auc_n5900,alternative,null_auc_n5900,5900,all,2000,EDGE.poly3.sc.Grule,0.1,0.7635,0.00950178272746752,0.7735,0.095,0,0.7635,""
2,probit_auc_n5900,alternative,null_auc_n5900,5900,all,2000,EDGE.poly2.u.Grule,0.01,0.0025,0.00111663557170637,0.002,0.0125,0,0.0025,""
2,probit_auc_n5900,alternative,null_auc_n5900,5900,all,2000,EDGE.poly2.u.Grule,0.05,0.0345,0.00408103847078167,0.0515,0.04,0,0.0345,""
2,probit_auc_n5900,alternative,null_auc_n5900,5900,all,2000,EDGE.poly2.u.Grule,0.1,0.1005,0.00672308522926788,0.1205,0.0845,0,0.1005,""
2,probit_auc_n5900,alternative,null_auc_n5900,5900,all,2000,EDGE.poly2.sc.Grule,0.01,0.441,0.0111022295058245,0.4765,0.0075,0,0.441,""
2,probit_auc_n5900,alternative,null_auc_n5900,5900,all,2000,EDGE.poly2.sc.Grule,0.05,0.6925,0.0103185209695964,0.699,0.048,0,0.6925,""
2,probit_auc_n5900,alternative,null_auc_n5900,5900,all,2000,EDGE.poly2.sc.Grule,0.1,0.813,0.00871868682772813,0.826,0.0905,0,0.813,""
2,probit_auc_n5900,alternative,null_auc_n5900,5900,all,2000,EDGE.stk.u.Grule,0.01,0,0,0.002,0.0055,0,0,""
2,probit_auc_n5900,alternative,null_auc_n5900,5900,all,2000,EDGE.stk.u.Grule,0.05,0.052,0.00496467521596328,0.0695,0.0425,0,0.052,""
2,probit_auc_n5900,alternative,null_auc_n5900,5900,all,2000,EDGE.stk.u.Grule,0.1,0.2365,0.00950178272746752,0.2405,0.0985,0,0.2365,""
2,probit_auc_n5900,alternative,null_auc_n5900,5900,all,2000,EDGE.stk.sc.Grule,0.01,0.3225,0.0104521229900915,0.353,0.0085,0,0.3225,""
2,probit_auc_n5900,alternative,null_auc_n5900,5900,all,2000,EDGE.stk.sc.Grule,0.05,0.6175,0.0108672386096929,0.6555,0.0365,0,0.6175,""
2,probit_auc_n5900,alternative,null_auc_n5900,5900,all,2000,EDGE.stk.sc.Grule,0.1,0.748,0.00970814091368682,0.7635,0.0925,0,0.748,""
2,probit_auc_n5900,alternative,null_auc_n5900,5900,all,2000,EDGE.sym.u.Grule,0.01,0.0475,0.00475624589355933,0.1035,0.0055,0,0.0475,""
2,probit_auc_n5900,alternative,null_auc_n5900,5900,all,2000,EDGE.sym.u.Grule,0.05,0.492,0.0111789087123923,0.506,0.046,0,0.492,""
2,probit_auc_n5900,alternative,null_auc_n5900,5900,all,2000,EDGE.sym.u.Grule,0.1,0.7505,0.00967599478089979,0.7535,0.099,0,0.7505,""
2,probit_auc_n5900,alternative,null_auc_n5900,5900,all,2000,EDGE.sym.sc.Grule,0.01,0.5755,0.0110521434572666,0.632,0.006,0,0.5755,""
2,probit_auc_n5900,alternative,null_auc_n5900,5900,all,2000,EDGE.sym.sc.Grule,0.05,0.827,0.00845786616115436,0.8335,0.049,0,0.827,""
2,probit_auc_n5900,alternative,null_auc_n5900,5900,all,2000,EDGE.sym.sc.Grule,0.1,0.9115,0.00635089560613305,0.915,0.0925,0,0.9115,""
2,probit_auc_n5900,alternative,null_auc_n5900,5900,all,2000,HL.G10,0.01,0.0715,0.00576141258720463,0.097,0.005,0,0.0715,""
2,probit_auc_n5900,alternative,null_auc_n5900,5900,all,2000,HL.G10,0.05,0.236,0.00949484070429831,0.2645,0.04,0,0.236,""
2,probit_auc_n5900,alternative,null_auc_n5900,5900,all,2000,HL.G10,0.1,0.3725,0.0108107296238506,0.398,0.0905,0,0.3725,""
2,probit_auc_n5900,alternative,null_auc_n5900,5900,all,2000,HL.Grule,0.01,0,0,0,0.01,0,0,""
2,probit_auc_n5900,alternative,null_auc_n5900,5900,all,2000,HL.Grule,0.05,0.0015,0.000865375640979107,0.0015,0.044,0,0.0015,""
2,probit_auc_n5900,alternative,null_auc_n5900,5900,all,2000,HL.Grule,0.1,0.002,0.000998999499499374,0.002,0.106,0,0.002,""
2,probit_auc_n5900,alternative,null_auc_n5900,5900,all,2000,HLF.G10,0.01,0.1475,0.00792917870904673,0.1805,0.0055,0,0.1475,""
2,probit_auc_n5900,alternative,null_auc_n5900,5900,all,2000,HLF.G10,0.05,0.389,0.0109013531270205,0.438,0.0425,0,0.389,""
2,probit_auc_n5900,alternative,null_auc_n5900,5900,all,2000,HLF.G10,0.1,0.5605,0.0110981924203899,0.586,0.091,0,0.5605,""
2,probit_auc_n5900,alternative,null_auc_n5900,5900,all,2000,HLF.Grule,0.01,0.007,0.00186426929385215,0.0085,0.009,0,0.007,""
2,probit_auc_n5900,alternative,null_auc_n5900,5900,all,2000,HLF.Grule,0.05,0.047,0.00473238840333293,0.048,0.045,0,0.047,""
2,probit_auc_n5900,alternative,null_auc_n5900,5900,all,2000,HLF.Grule,0.1,0.121,0.00729242757934558,0.1295,0.0945,0,0.121,""
2,probit_auc_n5900,alternative,null_auc_n5900,5900,all,2000,Stk.joint,0.01,0.4075,0.0109873506815792,0.4975,0.0055,0,0.4075,""
2,probit_auc_n5900,alternative,null_auc_n5900,5900,all,2000,Stk.joint,0.05,0.6945,0.0102997512105876,0.72,0.045,0,0.6945,""
2,probit_auc_n5900,alternative,null_auc_n5900,5900,all,2000,Stk.joint,0.1,0.813,0.00871868682772813,0.8275,0.087,0,0.813,""
2,probit_auc_n5900,alternative,null_auc_n5900,5900,all,2000,Stk.LR,0.01,0.5385,0.0111471464958526,0.614,0.0065,0,0.5385,""
2,probit_auc_n5900,alternative,null_auc_n5900,5900,all,2000,Stk.LR,0.05,0.7665,0.00945985597141944,0.7715,0.048,0,0.7665,""
2,probit_auc_n5900,alternative,null_auc_n5900,5900,all,2000,Stk.LR,0.1,0.8595,0.0077704488287357,0.8675,0.094,0,0.8595,""
2,probit_auc_n5900,alternative,null_auc_n5900,5900,all,2000,Stk.sym1,0.01,0.5775,0.0110452195541782,0.6355,0.0055,0,0.5775,""
2,probit_auc_n5900,alternative,null_auc_n5900,5900,all,2000,Stk.sym1,0.05,0.825,0.00849632273398322,0.831,0.048,0,0.825,""
2,probit_auc_n5900,alternative,null_auc_n5900,5900,all,2000,Stk.sym1,0.1,0.9095,0.00641520654383006,0.915,0.093,0,0.9095,""
2,probit_auc_n5900,alternative,null_auc_n5900,5900,all,2000,Stk.marg,0.01,0.0245,0.00345685912353975,0.004,0.0205,0,0.0245,""
2,probit_auc_n5900,alternative,null_auc_n5900,5900,all,2000,Stk.marg,0.05,0.188,0.0087365897236851,0.17,0.0545,0,0.188,""
2,probit_auc_n5900,alternative,null_auc_n5900,5900,all,2000,Stk.marg,0.1,0.384,0.0108752930994985,0.374,0.103,0,0.384,""
2,probit_auc_n5900,alternative,null_auc_n5900,5900,all,2000,GiViTI,0.01,0.2595,0.00980203422764887,0.252,0.0105,0,0.2595,""
2,probit_auc_n5900,alternative,null_auc_n5900,5900,all,2000,GiViTI,0.05,0.4415,0.0111035523594929,0.4775,0.0385,0,0.4415,""
2,probit_auc_n5900,alternative,null_auc_n5900,5900,all,2000,GiViTI,0.1,0.5495,0.0111254157225697,0.5705,0.087,0,0.5495,""
2,probit_auc_n5900,alternative,null_auc_n5900,5900,all,2000,GiViTI.t50,0.01,0.454,0.011132924144177,0.4655,0.009,0,0.454,""
2,probit_auc_n5900,alternative,null_auc_n5900,5900,all,2000,GiViTI.t50,0.05,0.678,0.0104478705964421,0.693,0.0455,0,0.678,""
2,probit_auc_n5900,alternative,null_auc_n5900,5900,all,2000,GiViTI.t50,0.1,0.7855,0.00917850069455791,0.799,0.0915,0,0.7855,""
2,probit_auc_n5900,alternative,null_auc_n5900,5900,all,2000,Cubic.LR,0.01,0.5695,0.0110718054083334,0.59,0.007,0,0.5695,""
2,probit_auc_n5900,alternative,null_auc_n5900,5900,all,2000,Cubic.LR,0.05,0.794,0.00904334009091774,0.798,0.0475,0,0.794,""
2,probit_auc_n5900,alternative,null_auc_n5900,5900,all,2000,Cubic.LR,0.1,0.884,0.00716044691342656,0.886,0.094,0,0.884,""
2,probit_auc_n5900,alternative,null_auc_n5900,5900,all,2000,HL_w,0.01,0.081,0.00610077863882964,0.0975,0.006,0,0.081,""
2,probit_auc_n5900,alternative,null_auc_n5900,5900,all,2000,HL_w,0.05,0.2035,0.00900243717001124,0.2335,0.038,0,0.2035,""
2,probit_auc_n5900,alternative,null_auc_n5900,5900,all,2000,HL_w,0.1,0.3045,0.0102902806084188,0.3415,0.084,0,0.3045,""
2,probit_auc_n5900,alternative,null_auc_n5900,5900,all,2000,PH,0.01,0.045,0.00463546114210873,0.099,0.0035,0,0.045,""
2,probit_auc_n5900,alternative,null_auc_n5900,5900,all,2000,PH,0.05,0.18,0.00859069263796581,0.271,0.026,0,0.18,""
2,probit_auc_n5900,alternative,null_auc_n5900,5900,all,2000,PH,0.1,0.294,0.0101873450908468,0.4015,0.0545,0,0.294,""
2,probit_auc_n5900,alternative,null_auc_n5900,5900,all,2000,Tsiatis,0.01,0.0365,0.0041933131292571,0.0365,0.0105,0,0.0365,""
2,probit_auc_n5900,alternative,null_auc_n5900,5900,all,2000,Tsiatis,0.05,0.1565,0.00812427689089928,0.165,0.045,0,0.1565,""
2,probit_auc_n5900,alternative,null_auc_n5900,5900,all,2000,Tsiatis,0.1,0.2645,0.00986254911267873,0.276,0.0965,0,0.2645,""
2,probit_auc_n5900,alternative,null_auc_n5900,5900,all,2000,Xie,0.01,0.015,0.00271799558498538,0.0265,0.0055,0,0.015,""
2,probit_auc_n5900,alternative,null_auc_n5900,5900,all,2000,Xie,0.05,0.099,0.00667828570817392,0.1585,0.026,0,0.099,""
2,probit_auc_n5900,alternative,null_auc_n5900,5900,all,2000,Xie,0.1,0.176,0.00851539781807051,0.2785,0.0585,0,0.176,""
2,probit_auc_n5900,alternative,null_auc_n5900,5900,all,2000,PR,0.01,0.0225,0.00331615364541512,0.0335,0.0065,0,0.0225,""
2,probit_auc_n5900,alternative,null_auc_n5900,5900,all,2000,PR,0.05,0.11,0.00699642765988472,0.1155,0.0475,0,0.11,""
2,probit_auc_n5900,alternative,null_auc_n5900,5900,all,2000,PR,0.1,0.2175,0.00922479674572833,0.185,0.118,0,0.2175,""
2,cauchit_auc_n460,alternative,null_auc_n460,460,all,2000,flag.evlt.G10,,0,,,,0,,flag rate: share of replicates with the flag = 1
2,cauchit_auc_n460,alternative,null_auc_n460,460,all,2000,flag.evlt.Grule,,0,,,,0,,flag rate: share of replicates with the flag = 1
2,cauchit_auc_n460,alternative,null_auc_n460,460,all,2000,flag.stk_half0,,0,,,,0,,flag rate: share of replicates with the flag = 1
2,cauchit_auc_n460,alternative,null_auc_n460,460,all,2000,flag.stk_diag,,0,,,,0,,flag rate: share of replicates with the flag = 1
2,cauchit_auc_n460,alternative,null_auc_n460,460,all,2000,flag.rivals_run,,1,,,,0,,flag rate: share of replicates with the flag = 1
2,cauchit_auc_n460,alternative,null_auc_n460,460,all,2000,flag.degenerate,,0,,,,0,,flag rate: share of replicates with the flag = 1
2,cauchit_auc_n460,alternative,null_auc_n460,460,all,2000,flag.info_guard,,0,,,,0,,flag rate: share of replicates with the flag = 1
2,cauchit_auc_n460,alternative,null_auc_n460,460,all,2000,flag.rep_error,,0,,,,0,,flag rate: share of replicates with the flag = 1
2,cauchit_auc_n460,alternative,null_auc_n460,460,all,2000,EDGE.poly3.u.G10,0.01,0.217,0.00921713079000184,0.218,0.0095,0,0.217,""
2,cauchit_auc_n460,alternative,null_auc_n460,460,all,2000,EDGE.poly3.u.G10,0.05,0.412,0.0110058166439388,0.415,0.048,0,0.412,""
2,cauchit_auc_n460,alternative,null_auc_n460,460,all,2000,EDGE.poly3.u.G10,0.1,0.5255,0.0111657903885036,0.5215,0.1015,0,0.5255,""
2,cauchit_auc_n460,alternative,null_auc_n460,460,all,2000,EDGE.poly3.sc.G10,0.01,0.1615,0.00822854027151839,0.1985,0.007,0,0.1615,""
2,cauchit_auc_n460,alternative,null_auc_n460,460,all,2000,EDGE.poly3.sc.G10,0.05,0.3595,0.0107298590391487,0.3825,0.0415,0,0.3595,""
2,cauchit_auc_n460,alternative,null_auc_n460,460,all,2000,EDGE.poly3.sc.G10,0.1,0.461,0.0111462774054839,0.479,0.0925,0,0.461,""
2,cauchit_auc_n460,alternative,null_auc_n460,460,all,2000,EDGE.poly2.u.G10,0.01,0.0525,0.00498717104178311,0.05,0.0105,0,0.0525,""
2,cauchit_auc_n460,alternative,null_auc_n460,460,all,2000,EDGE.poly2.u.G10,0.05,0.14,0.00775886589650833,0.14,0.05,0,0.14,""
2,cauchit_auc_n460,alternative,null_auc_n460,460,all,2000,EDGE.poly2.u.G10,0.1,0.2195,0.00925526201682049,0.2165,0.102,0,0.2195,""
2,cauchit_auc_n460,alternative,null_auc_n460,460,all,2000,EDGE.poly2.sc.G10,0.01,0.128,0.0074704752191544,0.162,0.007,0,0.128,""
2,cauchit_auc_n460,alternative,null_auc_n460,460,all,2000,EDGE.poly2.sc.G10,0.05,0.289,0.0101360495263194,0.303,0.0455,0,0.289,""
2,cauchit_auc_n460,alternative,null_auc_n460,460,all,2000,EDGE.poly2.sc.G10,0.1,0.4015,0.0109612442268202,0.413,0.093,0,0.4015,""
2,cauchit_auc_n460,alternative,null_auc_n460,460,all,2000,EDGE.stk.u.G10,0.01,0.2475,0.00964996761652598,0.208,0.0145,0,0.2475,""
2,cauchit_auc_n460,alternative,null_auc_n460,460,all,2000,EDGE.stk.u.G10,0.05,0.4195,0.0110344857152474,0.4405,0.0455,0,0.4195,""
2,cauchit_auc_n460,alternative,null_auc_n460,460,all,2000,EDGE.stk.u.G10,0.1,0.527,0.0111640270512033,0.5465,0.0895,0,0.527,""
2,cauchit_auc_n460,alternative,null_auc_n460,460,all,2000,EDGE.stk.sc.G10,0.01,0.1805,0.00859999273255507,0.1915,0.0065,0,0.1805,""
2,cauchit_auc_n460,alternative,null_auc_n460,460,all,2000,EDGE.stk.sc.G10,0.05,0.378,0.0108424167047757,0.399,0.0405,0,0.378,""
2,cauchit_auc_n460,alternative,null_auc_n460,460,all,2000,EDGE.stk.sc.G10,0.1,0.4775,0.0111690140567554,0.488,0.094,0,0.4775,""
2,cauchit_auc_n460,alternative,null_auc_n460,460,all,2000,EDGE.sym.u.G10,0.01,0.226,0.00935211206091972,0.1785,0.0145,0,0.226,""
2,cauchit_auc_n460,alternative,null_auc_n460,460,all,2000,EDGE.sym.u.G10,0.05,0.414,0.0110137187180353,0.423,0.046,0,0.414,""
2,cauchit_auc_n460,alternative,null_auc_n460,460,all,2000,EDGE.sym.u.G10,0.1,0.521,0.011170474475151,0.5185,0.102,0,0.521,""
2,cauchit_auc_n460,alternative,null_auc_n460,460,all,2000,EDGE.sym.sc.G10,0.01,0.205,0.00902704270511667,0.2025,0.01,0,0.205,""
2,cauchit_auc_n460,alternative,null_auc_n460,460,all,2000,EDGE.sym.sc.G10,0.05,0.3995,0.0109521630283702,0.388,0.053,0,0.3995,""
2,cauchit_auc_n460,alternative,null_auc_n460,460,all,2000,EDGE.sym.sc.G10,0.1,0.5175,0.0111734898308452,0.493,0.107,0,0.5175,""
2,cauchit_auc_n460,alternative,null_auc_n460,460,all,2000,EDGE.poly3.u.Grule,0.01,0.2445,0.00961040451802108,0.2775,0.009,0,0.2445,""
2,cauchit_auc_n460,alternative,null_auc_n460,460,all,2000,EDGE.poly3.u.Grule,0.05,0.452,0.0111287016313674,0.4605,0.0465,0,0.452,""
2,cauchit_auc_n460,alternative,null_auc_n460,460,all,2000,EDGE.poly3.u.Grule,0.1,0.5605,0.0110981924203899,0.5655,0.0945,0,0.5605,""
2,cauchit_auc_n460,alternative,null_auc_n460,460,all,2000,EDGE.poly3.sc.Grule,0.01,0.178,0.00855324499824482,0.1995,0.0065,0,0.178,""
2,cauchit_auc_n460,alternative,null_auc_n460,460,all,2000,EDGE.poly3.sc.Grule,0.05,0.379,0.010848018252197,0.388,0.0445,0,0.379,""
2,cauchit_auc_n460,alternative,null_auc_n460,460,all,2000,EDGE.poly3.sc.Grule,0.1,0.5085,0.0111787242116442,0.526,0.0915,0,0.5085,""
2,cauchit_auc_n460,alternative,null_auc_n460,460,all,2000,EDGE.poly2.u.Grule,0.01,0.0525,0.00498717104178311,0.0565,0.0085,0,0.0525,""
2,cauchit_auc_n460,alternative,null_auc_n460,460,all,2000,EDGE.poly2.u.Grule,0.05,0.1395,0.00774724951192357,0.142,0.048,0,0.1395,""
2,cauchit_auc_n460,alternative,null_auc_n460,460,all,2000,EDGE.poly2.u.Grule,0.1,0.2275,0.00937399994666098,0.2275,0.1,0,0.2275,""
2,cauchit_auc_n460,alternative,null_auc_n460,460,all,2000,EDGE.poly2.sc.Grule,0.01,0.189,0.00875439889427024,0.2115,0.0065,0,0.189,""
2,cauchit_auc_n460,alternative,null_auc_n460,460,all,2000,EDGE.poly2.sc.Grule,0.05,0.3715,0.0108048079575715,0.3915,0.046,0,0.3715,""
2,cauchit_auc_n460,alternative,null_auc_n460,460,all,2000,EDGE.poly2.sc.Grule,0.1,0.495,0.0111797808565285,0.497,0.0995,0,0.495,""
2,cauchit_auc_n460,alternative,null_auc_n460,460,all,2000,EDGE.stk.u.Grule,0.01,0.272,0.00995027637807111,0.2015,0.014,0,0.272,""
2,cauchit_auc_n460,alternative,null_auc_n460,460,all,2000,EDGE.stk.u.Grule,0.05,0.453,0.0111308355481518,0.4645,0.045,0,0.453,""
2,cauchit_auc_n460,alternative,null_auc_n460,460,all,2000,EDGE.stk.u.Grule,0.1,0.5525,0.0111185374487835,0.5615,0.0965,0,0.5525,""
2,cauchit_auc_n460,alternative,null_auc_n460,460,all,2000,EDGE.stk.sc.Grule,0.01,0.202,0.00897763888781455,0.2125,0.009,0,0.202,""
2,cauchit_auc_n460,alternative,null_auc_n460,460,all,2000,EDGE.stk.sc.Grule,0.05,0.398,0.0109452272703677,0.4175,0.045,0,0.398,""
2,cauchit_auc_n460,alternative,null_auc_n460,460,all,2000,EDGE.stk.sc.Grule,0.1,0.5115,0.0111773822964055,0.515,0.098,0,0.5115,""
2,cauchit_auc_n460,alternative,null_auc_n460,460,all,2000,EDGE.sym.u.Grule,0.01,0.271,0.00993878765242522,0.2085,0.012,0,0.271,""
2,cauchit_auc_n460,alternative,null_auc_n460,460,all,2000,EDGE.sym.u.Grule,0.05,0.4665,0.0111552173891861,0.4705,0.0485,0,0.4665,""
2,cauchit_auc_n460,alternative,null_auc_n460,460,all,2000,EDGE.sym.u.Grule,0.1,0.5615,0.0110954438847664,0.566,0.096,0,0.5615,""
2,cauchit_auc_n460,alternative,null_auc_n460,460,all,2000,EDGE.sym.sc.Grule,0.01,0.278,0.0100178840081127,0.2645,0.0105,0,0.278,""
2,cauchit_auc_n460,alternative,null_auc_n460,460,all,2000,EDGE.sym.sc.Grule,0.05,0.484,0.0111746140872963,0.4985,0.048,0,0.484,""
2,cauchit_auc_n460,alternative,null_auc_n460,460,all,2000,EDGE.sym.sc.Grule,0.1,0.594,0.0109809835625048,0.5925,0.1035,0,0.594,""
2,cauchit_auc_n460,alternative,null_auc_n460,460,all,2000,HL.G10,0.01,0.091,0.00643113520305708,0.097,0.009,0,0.091,""
2,cauchit_auc_n460,alternative,null_auc_n460,460,all,2000,HL.G10,0.05,0.2425,0.00958367753005077,0.259,0.045,0,0.2425,""
2,cauchit_auc_n460,alternative,null_auc_n460,460,all,2000,HL.G10,0.1,0.35,0.0106653645038508,0.361,0.0935,0,0.35,""
2,cauchit_auc_n460,alternative,null_auc_n460,460,all,2000,HL.Grule,0.01,0.085,0.00623598428477815,0.0815,0.01,0,0.085,""
2,cauchit_auc_n460,alternative,null_auc_n460,460,all,2000,HL.Grule,0.05,0.215,0.00918626692405571,0.1895,0.0575,0,0.215,""
2,cauchit_auc_n460,alternative,null_auc_n460,460,all,2000,HL.Grule,0.1,0.3335,0.0105422424085201,0.3335,0.1,0,0.3335,""
2,cauchit_auc_n460,alternative,null_auc_n460,460,all,2000,HLF.G10,0.01,0.068,0.00562920953598283,0.08,0.0065,0,0.068,""
2,cauchit_auc_n460,alternative,null_auc_n460,460,all,2000,HLF.G10,0.05,0.206,0.00904334009091774,0.226,0.0425,0,0.206,""
2,cauchit_auc_n460,alternative,null_auc_n460,460,all,2000,HLF.G10,0.1,0.308,0.0103231778053078,0.3185,0.093,0,0.308,""
2,cauchit_auc_n460,alternative,null_auc_n460,460,all,2000,HLF.Grule,0.01,0.0495,0.0048502448391808,0.05,0.0095,0,0.0495,""
2,cauchit_auc_n460,alternative,null_auc_n460,460,all,2000,HLF.Grule,0.05,0.1515,0.00801709891419583,0.183,0.0435,0,0.1515,""
2,cauchit_auc_n460,alternative,null_auc_n460,460,all,2000,HLF.Grule,0.1,0.2695,0.00992143512804473,0.288,0.0865,0,0.2695,""
2,cauchit_auc_n460,alternative,null_auc_n460,460,all,2000,Stk.joint,0.01,0.265,0.00986851052591018,0.299,0.0085,0,0.265,""
2,cauchit_auc_n460,alternative,null_auc_n460,460,all,2000,Stk.joint,0.05,0.4665,0.0111552173891861,0.4755,0.0465,0,0.4665,""
2,cauchit_auc_n460,alternative,null_auc_n460,460,all,2000,Stk.joint,0.1,0.564,0.0110883722881224,0.5795,0.0875,0,0.564,""
2,cauchit_auc_n460,alternative,null_auc_n460,460,all,2000,Stk.LR,0.01,0.1965,0.0088850365784278,0.1755,0.011,0,0.1965,""
2,cauchit_auc_n460,alternative,null_auc_n460,460,all,2000,Stk.LR,0.05,0.411,0.0110017953080395,0.4115,0.0485,0,0.411,""
2,cauchit_auc_n460,alternative,null_auc_n460,460,all,2000,Stk.LR,0.1,0.5265,0.0111646260573295,0.5145,0.1075,0,0.5265,""
2,cauchit_auc_n460,alternative,null_auc_n460,460,all,2000,Stk.sym1,0.01,0.317,0.0104045903331174,0.2965,0.0105,0,0.317,""
2,cauchit_auc_n460,alternative,null_auc_n460,460,all,2000,Stk.sym1,0.05,0.515,0.0111753076020305,0.5155,0.049,0,0.515,""
2,cauchit_auc_n460,alternative,null_auc_n460,460,all,2000,Stk.sym1,0.1,0.624,0.0108310664294888,0.636,0.0955,0,0.624,""
2,cauchit_auc_n460,alternative,null_auc_n460,460,all,2000,Stk.marg,0.01,0.1225,0.00733122602297869,0.095,0.0185,0,0.1225,""
2,cauchit_auc_n460,alternative,null_auc_n460,460,all,2000,Stk.marg,0.05,0.2565,0.00976493087533138,0.224,0.064,0,0.2565,""
2,cauchit_auc_n460,alternative,null_auc_n460,460,all,2000,Stk.marg,0.1,0.353,0.0106862294566419,0.3305,0.1145,0,0.353,""
2,cauchit_auc_n460,alternative,null_auc_n460,460,all,2000,GiViTI,0.01,0.0735,0.00583514138646186,0.091,0.0055,0,0.0735,""
2,cauchit_auc_n460,alternative,null_auc_n460,460,all,2000,GiViTI,0.05,0.1955,0.00886791266307918,0.1985,0.048,0,0.1955,""
2,cauchit_auc_n460,alternative,null_auc_n460,460,all,2000,GiViTI,0.1,0.2835,0.0100778904042463,0.2865,0.097,0,0.2835,""
2,cauchit_auc_n460,alternative,null_auc_n460,460,all,2000,GiViTI.t50,0.01,0.1155,0.00714701860918243,0.14,0.0065,0,0.1155,""
2,cauchit_auc_n460,alternative,null_auc_n460,460,all,2000,GiViTI.t50,0.05,0.292,0.0101670054588359,0.2845,0.051,0,0.292,""
2,cauchit_auc_n460,alternative,null_auc_n460,460,all,2000,GiViTI.t50,0.1,0.4035,0.0109701355962449,0.3885,0.1105,0,0.4035,""
2,cauchit_auc_n460,alternative,null_auc_n460,460,all,2000,Cubic.LR,0.01,0.163,0.00825926752200218,0.1365,0.0105,0,0.163,""
2,cauchit_auc_n460,alternative,null_auc_n460,460,all,2000,Cubic.LR,0.05,0.3605,0.0107363809079224,0.357,0.052,0,0.3605,""
2,cauchit_auc_n460,alternative,null_auc_n460,460,all,2000,Cubic.LR,0.1,0.4805,0.0111718340034213,0.467,0.11,0,0.4805,""
2,cauchit_auc_n460,alternative,null_auc_n460,460,all,2000,HL_w,0.01,0.079,0.00603154209137265,0.066,0.013,0,0.079,""
2,cauchit_auc_n460,alternative,null_auc_n460,460,all,2000,HL_w,0.05,0.2095,0.00909971840223641,0.2235,0.045,0,0.2095,""
2,cauchit_auc_n460,alternative,null_auc_n460,460,all,2000,HL_w,0.1,0.32,0.0104307238483242,0.33,0.0905,0,0.32,""
2,cauchit_auc_n460,alternative,null_auc_n460,460,all,2000,PH,0.01,0.0635,0.005452877680638,0.096,0.006,0,0.0635,""
2,cauchit_auc_n460,alternative,null_auc_n460,460,all,2000,PH,0.05,0.1855,0.00869165548097714,0.2575,0.0285,0,0.1855,""
2,cauchit_auc_n460,alternative,null_auc_n460,460,all,2000,PH,0.1,0.2835,0.0100778904042463,0.36,0.064,0,0.2835,""
2,cauchit_auc_n460,alternative,null_auc_n460,460,all,2000,Tsiatis,0.01,0.0965,0.00660256578914591,0.0995,0.009,0,0.0965,""
2,cauchit_auc_n460,alternative,null_auc_n460,460,all,2000,Tsiatis,0.05,0.2345,0.00947390494991374,0.2345,0.05,0,0.2345,""
2,cauchit_auc_n460,alternative,null_auc_n460,460,all,2000,Tsiatis,0.1,0.3355,0.0105579294845154,0.351,0.089,0,0.3355,""
2,cauchit_auc_n460,alternative,null_auc_n460,460,all,2000,Xie,0.01,0.063,0.00543281694887652,0.0945,0.0035,0,0.063,""
2,cauchit_auc_n460,alternative,null_auc_n460,460,all,2000,Xie,0.05,0.1705,0.00840921369689224,0.246,0.0255,0,0.1705,""
2,cauchit_auc_n460,alternative,null_auc_n460,460,all,2000,Xie,0.1,0.257,0.00977115653338948,0.357,0.056,0,0.257,""
2,cauchit_auc_n460,alternative,null_auc_n460,460,all,2000,PR,0.01,0.012,0.00243474844696531,0.012,0.0095,0,0.012,""
2,cauchit_auc_n460,alternative,null_auc_n460,460,all,2000,PR,0.05,0.083,0.00616891400491205,0.08,0.056,0,0.083,""
2,cauchit_auc_n460,alternative,null_auc_n460,460,all,2000,PR,0.1,0.165,0.00829984939622401,0.1385,0.1165,0,0.165,""
2,cauchit_auc_n760,alternative,null_auc_n760,760,all,2000,flag.evlt.G10,,0,,,,0,,flag rate: share of replicates with the flag = 1
2,cauchit_auc_n760,alternative,null_auc_n760,760,all,2000,flag.evlt.Grule,,0,,,,0,,flag rate: share of replicates with the flag = 1
2,cauchit_auc_n760,alternative,null_auc_n760,760,all,2000,flag.stk_half0,,0,,,,0,,flag rate: share of replicates with the flag = 1
2,cauchit_auc_n760,alternative,null_auc_n760,760,all,2000,flag.stk_diag,,0,,,,0,,flag rate: share of replicates with the flag = 1
2,cauchit_auc_n760,alternative,null_auc_n760,760,all,2000,flag.rivals_run,,1,,,,0,,flag rate: share of replicates with the flag = 1
2,cauchit_auc_n760,alternative,null_auc_n760,760,all,2000,flag.degenerate,,0,,,,0,,flag rate: share of replicates with the flag = 1
2,cauchit_auc_n760,alternative,null_auc_n760,760,all,2000,flag.info_guard,,0,,,,0,,flag rate: share of replicates with the flag = 1
2,cauchit_auc_n760,alternative,null_auc_n760,760,all,2000,flag.rep_error,,0,,,,0,,flag rate: share of replicates with the flag = 1
2,cauchit_auc_n760,alternative,null_auc_n760,760,all,2000,EDGE.poly3.u.G10,0.01,0.4095,0.0109956752862205,0.3485,0.0145,0,0.4095,""
2,cauchit_auc_n760,alternative,null_auc_n760,760,all,2000,EDGE.poly3.u.G10,0.05,0.6155,0.0108779536218905,0.605,0.0575,0,0.6155,""
2,cauchit_auc_n760,alternative,null_auc_n760,760,all,2000,EDGE.poly3.u.G10,0.1,0.7135,0.0101098405031929,0.694,0.114,0,0.7135,""
2,cauchit_auc_n760,alternative,null_auc_n760,760,all,2000,EDGE.poly3.sc.G10,0.01,0.3335,0.0105422424085201,0.2955,0.0125,0,0.3335,""
2,cauchit_auc_n760,alternative,null_auc_n760,760,all,2000,EDGE.poly3.sc.G10,0.05,0.5575,0.0111061638291536,0.531,0.0575,0,0.5575,""
2,cauchit_auc_n760,alternative,null_auc_n760,760,all,2000,EDGE.poly3.sc.G10,0.1,0.671,0.0105061648568828,0.6495,0.115,0,0.671,""
2,cauchit_auc_n760,alternative,null_auc_n760,760,all,2000,EDGE.poly2.u.G10,0.01,0.0825,0.0061519813881383,0.0725,0.0105,0,0.0825,""
2,cauchit_auc_n760,alternative,null_auc_n760,760,all,2000,EDGE.poly2.u.G10,0.05,0.1985,0.00891901760285291,0.19,0.0535,0,0.1985,""
2,cauchit_auc_n760,alternative,null_auc_n760,760,all,2000,EDGE.poly2.u.G10,0.1,0.286,0.010104553429024,0.2825,0.102,0,0.286,""
2,cauchit_auc_n760,alternative,null_auc_n760,760,all,2000,EDGE.poly2.sc.G10,0.01,0.2415,0.00957020767799738,0.2295,0.01,0,0.2415,""
2,cauchit_auc_n760,alternative,null_auc_n760,760,all,2000,EDGE.poly2.sc.G10,0.05,0.4455,0.0111137246231855,0.4025,0.0655,0,0.4455,""
2,cauchit_auc_n760,alternative,null_auc_n760,760,all,2000,EDGE.poly2.sc.G10,0.1,0.5595,0.0111008952341692,0.5415,0.1115,0,0.5595,""
2,cauchit_auc_n760,alternative,null_auc_n760,760,all,2000,EDGE.stk.u.G10,0.01,0.423,0.0110469679097932,0.39,0.012,0,0.423,""
2,cauchit_auc_n760,alternative,null_auc_n760,760,all,2000,EDGE.stk.u.G10,0.05,0.608,0.010916409666186,0.608,0.051,0,0.608,""
2,cauchit_auc_n760,alternative,null_auc_n760,760,all,2000,EDGE.stk.u.G10,0.1,0.693,0.0103138499116479,0.687,0.1065,0,0.693,""
2,cauchit_auc_n760,alternative,null_auc_n760,760,all,2000,EDGE.stk.sc.G10,0.01,0.3565,0.0107099894957932,0.3385,0.011,0,0.3565,""
2,cauchit_auc_n760,alternative,null_auc_n760,760,all,2000,EDGE.stk.sc.G10,0.05,0.561,0.0110968238699188,0.547,0.0565,0,0.561,""
2,cauchit_auc_n760,alternative,null_auc_n760,760,all,2000,EDGE.stk.sc.G10,0.1,0.67,0.0105142760093123,0.6615,0.105,0,0.67,""
2,cauchit_auc_n760,alternative,null_auc_n760,760,all,2000,EDGE.sym.u.G10,0.01,0.3905,0.010908935557606,0.375,0.0125,0,0.3905,""
2,cauchit_auc_n760,alternative,null_auc_n760,760,all,2000,EDGE.sym.u.G10,0.05,0.597,0.0109679305249441,0.598,0.0485,0,0.597,""
2,cauchit_auc_n760,alternative,null_auc_n760,760,all,2000,EDGE.sym.u.G10,0.1,0.69,0.0103416633091587,0.6765,0.1025,0,0.69,""
2,cauchit_auc_n760,alternative,null_auc_n760,760,all,2000,EDGE.sym.sc.G10,0.01,0.3735,0.0108166018231236,0.358,0.0105,0,0.3735,""
2,cauchit_auc_n760,alternative,null_auc_n760,760,all,2000,EDGE.sym.sc.G10,0.05,0.59,0.0109977270378929,0.5765,0.054,0,0.59,""
2,cauchit_auc_n760,alternative,null_auc_n760,760,all,2000,EDGE.sym.sc.G10,0.1,0.7005,0.0102420640009717,0.6835,0.1105,0,0.7005,""
2,cauchit_auc_n760,alternative,null_auc_n760,760,all,2000,EDGE.poly3.u.Grule,0.01,0.4595,0.0111436024247099,0.419,0.014,0,0.4595,""
2,cauchit_auc_n760,alternative,null_auc_n760,760,all,2000,EDGE.poly3.u.Grule,0.05,0.6595,0.0105962198448315,0.6395,0.059,0,0.6595,""
2,cauchit_auc_n760,alternative,null_auc_n760,760,all,2000,EDGE.poly3.u.Grule,0.1,0.759,0.00956344603163525,0.741,0.109,0,0.759,""
2,cauchit_auc_n760,alternative,null_auc_n760,760,all,2000,EDGE.poly3.sc.Grule,0.01,0.3945,0.010928626400422,0.388,0.011,0,0.3945,""
2,cauchit_auc_n760,alternative,null_auc_n760,760,all,2000,EDGE.poly3.sc.Grule,0.05,0.6055,0.010928626400422,0.5845,0.0535,0,0.6055,""
2,cauchit_auc_n760,alternative,null_auc_n760,760,all,2000,EDGE.poly3.sc.Grule,0.1,0.71,0.0101464279428772,0.7045,0.107,0,0.71,""
2,cauchit_auc_n760,alternative,null_auc_n760,760,all,2000,EDGE.poly2.u.Grule,0.01,0.0905,0.00641520654383006,0.082,0.0125,0,0.0905,""
2,cauchit_auc_n760,alternative,null_auc_n760,760,all,2000,EDGE.poly2.u.Grule,0.05,0.2045,0.00901886217878952,0.202,0.053,0,0.2045,""
2,cauchit_auc_n760,alternative,null_auc_n760,760,all,2000,EDGE.poly2.u.Grule,0.1,0.296,0.0102074482609514,0.2875,0.1025,0,0.296,""
2,cauchit_auc_n760,alternative,null_auc_n760,760,all,2000,EDGE.poly2.sc.Grule,0.01,0.423,0.0110469679097932,0.4365,0.008,0,0.423,""
2,cauchit_auc_n760,alternative,null_auc_n760,760,all,2000,EDGE.poly2.sc.Grule,0.05,0.6195,0.0108563287993686,0.608,0.0565,0,0.6195,""
2,cauchit_auc_n760,alternative,null_auc_n760,760,all,2000,EDGE.poly2.sc.Grule,0.1,0.732,0.0099039386104721,0.7165,0.1075,0,0.732,""
2,cauchit_auc_n760,alternative,null_auc_n760,760,all,2000,EDGE.stk.u.Grule,0.01,0.4485,0.0111208756399845,0.3825,0.015,0,0.4485,""
2,cauchit_auc_n760,alternative,null_auc_n760,760,all,2000,EDGE.stk.u.Grule,0.05,0.634,0.0107713508902087,0.6255,0.0525,0,0.634,""
2,cauchit_auc_n760,alternative,null_auc_n760,760,all,2000,EDGE.stk.u.Grule,0.1,0.724,0.00999559903157384,0.7195,0.105,0,0.724,""
2,cauchit_auc_n760,alternative,null_auc_n760,760,all,2000,EDGE.stk.sc.Grule,0.01,0.397,0.010940543862167,0.3455,0.014,0,0.397,""
2,cauchit_auc_n760,alternative,null_auc_n760,760,all,2000,EDGE.stk.sc.Grule,0.05,0.6065,0.0109237756751043,0.5975,0.0525,0,0.6065,""
2,cauchit_auc_n760,alternative,null_auc_n760,760,all,2000,EDGE.stk.sc.Grule,0.1,0.708,0.0101670054588359,0.689,0.107,0,0.708,""
2,cauchit_auc_n760,alternative,null_auc_n760,760,all,2000,EDGE.sym.u.Grule,0.01,0.4655,0.0111536933344969,0.4045,0.0155,0,0.4655,""
2,cauchit_auc_n760,alternative,null_auc_n760,760,all,2000,EDGE.sym.u.Grule,0.05,0.653,0.0106440358887031,0.659,0.0455,0,0.653,""
2,cauchit_auc_n760,alternative,null_auc_n760,760,all,2000,EDGE.sym.u.Grule,0.1,0.753,0.00964341744403922,0.7525,0.1015,0,0.753,""
2,cauchit_auc_n760,alternative,null_auc_n760,760,all,2000,EDGE.sym.sc.Grule,0.01,0.516,0.0111746140872963,0.491,0.013,0,0.516,""
2,cauchit_auc_n760,alternative,null_auc_n760,760,all,2000,EDGE.sym.sc.Grule,0.05,0.715,0.0100939338218556,0.7075,0.055,0,0.715,""
2,cauchit_auc_n760,alternative,null_auc_n760,760,all,2000,EDGE.sym.sc.Grule,0.1,0.8045,0.00886791266307918,0.799,0.103,0,0.8045,""
2,cauchit_auc_n760,alternative,null_auc_n760,760,all,2000,HL.G10,0.01,0.216,0.00920173896608679,0.2155,0.01,0,0.216,""
2,cauchit_auc_n760,alternative,null_auc_n760,760,all,2000,HL.G10,0.05,0.4205,0.0110381101190376,0.402,0.054,0,0.4205,""
2,cauchit_auc_n760,alternative,null_auc_n760,760,all,2000,HL.G10,0.1,0.528,0.0111627953488362,0.524,0.104,0,0.528,""
2,cauchit_auc_n760,alternative,null_auc_n760,760,all,2000,HL.Grule,0.01,0.152,0.00802795117075334,0.1125,0.014,0,0.152,""
2,cauchit_auc_n760,alternative,null_auc_n760,760,all,2000,HL.Grule,0.05,0.3195,0.0104264027833189,0.276,0.066,0,0.3195,""
2,cauchit_auc_n760,alternative,null_auc_n760,760,all,2000,HL.Grule,0.1,0.4365,0.0110898095114389,0.4305,0.1025,0,0.4365,""
2,cauchit_auc_n760,alternative,null_auc_n760,760,all,2000,HLF.G10,0.01,0.186,0.00870068962783985,0.1905,0.009,0,0.186,""
2,cauchit_auc_n760,alternative,null_auc_n760,760,all,2000,HLF.G10,0.05,0.385,0.0108806020054039,0.3915,0.047,0,0.385,""
2,cauchit_auc_n760,alternative,null_auc_n760,760,all,2000,HLF.G10,0.1,0.4935,0.0111793951088599,0.4875,0.102,0,0.4935,""
2,cauchit_auc_n760,alternative,null_auc_n760,760,all,2000,HLF.Grule,0.01,0.0955,0.00657190041007926,0.098,0.0085,0,0.0955,""
2,cauchit_auc_n760,alternative,null_auc_n760,760,all,2000,HLF.Grule,0.05,0.2485,0.00966301583357908,0.2315,0.056,0,0.2485,""
2,cauchit_auc_n760,alternative,null_auc_n760,760,all,2000,HLF.Grule,0.1,0.363,0.0107524648337021,0.3635,0.0995,0,0.363,""
2,cauchit_auc_n760,alternative,null_auc_n760,760,all,2000,Stk.joint,0.01,0.466,0.0111544609910116,0.4205,0.0135,0,0.466,""
2,cauchit_auc_n760,alternative,null_auc_n760,760,all,2000,Stk.joint,0.05,0.6645,0.0105579294845154,0.66,0.051,0,0.6645,""
2,cauchit_auc_n760,alternative,null_auc_n760,760,all,2000,Stk.joint,0.1,0.7585,0.00957020767799738,0.7495,0.1055,0,0.7585,""
2,cauchit_auc_n760,alternative,null_auc_n760,760,all,2000,Stk.LR,0.01,0.4045,0.0109745102396417,0.401,0.0105,0,0.4045,""
2,cauchit_auc_n760,alternative,null_auc_n760,760,all,2000,Stk.LR,0.05,0.622,0.0108424167047757,0.5945,0.0555,0,0.622,""
2,cauchit_auc_n760,alternative,null_auc_n760,760,all,2000,Stk.LR,0.1,0.737,0.0098445670295854,0.7205,0.1075,0,0.737,""
2,cauchit_auc_n760,alternative,null_auc_n760,760,all,2000,Stk.sym1,0.01,0.535,0.0111529144173171,0.531,0.01,0,0.535,""
2,cauchit_auc_n760,alternative,null_auc_n760,760,all,2000,Stk.sym1,0.05,0.7295,0.00993301943016322,0.728,0.052,0,0.7295,""
2,cauchit_auc_n760,alternative,null_auc_n760,760,all,2000,Stk.sym1,0.1,0.824,0.00851539781807051,0.824,0.1005,0,0.824,""
2,cauchit_auc_n760,alternative,null_auc_n760,760,all,2000,Stk.marg,0.01,0.211,0.00912356838084748,0.121,0.025,0,0.211,""
2,cauchit_auc_n760,alternative,null_auc_n760,760,all,2000,Stk.marg,0.05,0.388,0.0108962378828658,0.319,0.0755,0,0.388,""
2,cauchit_auc_n760,alternative,null_auc_n760,760,all,2000,Stk.marg,0.1,0.5095,0.0111783216539872,0.451,0.117,0,0.5095,""
2,cauchit_auc_n760,alternative,null_auc_n760,760,all,2000,GiViTI,0.01,0.1665,0.00832999849939963,0.1435,0.0135,0,0.1665,""
2,cauchit_auc_n760,alternative,null_auc_n760,760,all,2000,GiViTI,0.05,0.3255,0.0104773505715901,0.315,0.0565,0,0.3255,""
2,cauchit_auc_n760,alternative,null_auc_n760,760,all,2000,GiViTI,0.1,0.4315,0.0110749209929462,0.4235,0.105,0,0.4315,""
2,cauchit_auc_n760,alternative,null_auc_n760,760,all,2000,GiViTI.t50,0.01,0.2765,0.0100011936787566,0.2375,0.0135,0,0.2765,""
2,cauchit_auc_n760,alternative,null_auc_n760,760,all,2000,GiViTI.t50,0.05,0.4675,0.0111566964196396,0.457,0.058,0,0.4675,""
2,cauchit_auc_n760,alternative,null_auc_n760,760,all,2000,GiViTI.t50,0.1,0.58,0.0110363037290571,0.556,0.1105,0,0.58,""
2,cauchit_auc_n760,alternative,null_auc_n760,760,all,2000,Cubic.LR,0.01,0.337,0.0105695553359638,0.3255,0.0115,0,0.337,""
2,cauchit_auc_n760,alternative,null_auc_n760,760,all,2000,Cubic.LR,0.05,0.552,0.0111197122264922,0.5175,0.061,0,0.552,""
2,cauchit_auc_n760,alternative,null_auc_n760,760,all,2000,Cubic.LR,0.1,0.6765,0.0104605867426259,0.6605,0.11,0,0.6765,""
2,cauchit_auc_n760,alternative,null_auc_n760,760,all,2000,HL_w,0.01,0.179,0.00857201843208471,0.179,0.0095,0,0.179,""
2,cauchit_auc_n760,alternative,null_auc_n760,760,all,2000,HL_w,0.05,0.374,0.0108195193978291,0.38,0.048,0,0.374,""
2,cauchit_auc_n760,alternative,null_auc_n760,760,all,2000,HL_w,0.1,0.5025,0.0111802001323769,0.497,0.1045,0,0.5025,""
2,cauchit_auc_n760,alternative,null_auc_n760,760,all,2000,PH,0.01,0.164,0.0082796135175502,0.2155,0.0065,0,0.164,""
2,cauchit_auc_n760,alternative,null_auc_n760,760,all,2000,PH,0.05,0.3575,0.0107166634266454,0.404,0.033,0,0.3575,""
2,cauchit_auc_n760,alternative,null_auc_n760,760,all,2000,PH,0.1,0.462,0.0111480043057042,0.52,0.069,0,0.462,""
2,cauchit_auc_n760,alternative,null_auc_n760,760,all,2000,Tsiatis,0.01,0.1825,0.00863694824576366,0.1615,0.013,0,0.1825,""
2,cauchit_auc_n760,alternative,null_auc_n760,760,all,2000,Tsiatis,0.05,0.36,0.010733126291999,0.353,0.052,0,0.36,""
2,cauchit_auc_n760,alternative,null_auc_n760,760,all,2000,Tsiatis,0.1,0.483,0.0111738757823774,0.488,0.0965,0,0.483,""
2,cauchit_auc_n760,alternative,null_auc_n760,760,all,2000,Xie,0.01,0.142,0.00780499839846236,0.185,0.006,0,0.142,""
2,cauchit_auc_n760,alternative,null_auc_n760,760,all,2000,Xie,0.05,0.304,0.0102855238077601,0.3955,0.028,0,0.304,""
2,cauchit_auc_n760,alternative,null_auc_n760,760,all,2000,Xie,0.1,0.4165,0.011023333207338,0.5285,0.055,0,0.4165,""
2,cauchit_auc_n760,alternative,null_auc_n760,760,all,2000,PR,0.01,0.034,0.00405240669232494,0.04,0.006,0,0.034,""
2,cauchit_auc_n760,alternative,null_auc_n760,760,all,2000,PR,0.05,0.1285,0.00748290551858033,0.126,0.0525,0,0.1285,""
2,cauchit_auc_n760,alternative,null_auc_n760,760,all,2000,PR,0.1,0.2395,0.00954305375652888,0.2025,0.126,0,0.2395,""
2,t4_auc_n4700,alternative,null_auc_n4700,4700,all,2000,flag.evlt.G10,,0,,,,0,,flag rate: share of replicates with the flag = 1
2,t4_auc_n4700,alternative,null_auc_n4700,4700,all,2000,flag.evlt.Grule,,0,,,,0,,flag rate: share of replicates with the flag = 1
2,t4_auc_n4700,alternative,null_auc_n4700,4700,all,2000,flag.stk_half0,,0,,,,0,,flag rate: share of replicates with the flag = 1
2,t4_auc_n4700,alternative,null_auc_n4700,4700,all,2000,flag.stk_diag,,0,,,,0,,flag rate: share of replicates with the flag = 1
2,t4_auc_n4700,alternative,null_auc_n4700,4700,all,2000,flag.rivals_run,,1,,,,0,,flag rate: share of replicates with the flag = 1
2,t4_auc_n4700,alternative,null_auc_n4700,4700,all,2000,flag.degenerate,,0,,,,0,,flag rate: share of replicates with the flag = 1
2,t4_auc_n4700,alternative,null_auc_n4700,4700,all,2000,flag.info_guard,,0,,,,0,,flag rate: share of replicates with the flag = 1
2,t4_auc_n4700,alternative,null_auc_n4700,4700,all,2000,flag.rep_error,,0,,,,0,,flag rate: share of replicates with the flag = 1
2,t4_auc_n4700,alternative,null_auc_n4700,4700,all,2000,EDGE.poly3.u.G10,0.01,0.2155,0.00919401299759795,0.2165,0.0095,0,0.2155,""
2,t4_auc_n4700,alternative,null_auc_n4700,4700,all,2000,EDGE.poly3.u.G10,0.05,0.4175,0.0110270973061817,0.4185,0.0495,0,0.4175,""
2,t4_auc_n4700,alternative,null_auc_n4700,4700,all,2000,EDGE.poly3.u.G10,0.1,0.522,0.0111695120752878,0.516,0.1045,0,0.522,""
2,t4_auc_n4700,alternative,null_auc_n4700,4700,all,2000,EDGE.poly3.sc.G10,0.01,0.1065,0.00689774419647467,0.1165,0.0075,0,0.1065,""
2,t4_auc_n4700,alternative,null_auc_n4700,4700,all,2000,EDGE.poly3.sc.G10,0.05,0.2595,0.00980203422764887,0.2615,0.0495,0,0.2595,""
2,t4_auc_n4700,alternative,null_auc_n4700,4700,all,2000,EDGE.poly3.sc.G10,0.1,0.3695,0.0107928158976238,0.365,0.1025,0,0.3695,""
2,t4_auc_n4700,alternative,null_auc_n4700,4700,all,2000,EDGE.poly2.u.G10,0.01,0.04,0.00438178046004133,0.036,0.0115,0,0.04,""
2,t4_auc_n4700,alternative,null_auc_n4700,4700,all,2000,EDGE.poly2.u.G10,0.05,0.134,0.00761721733968514,0.1115,0.059,0,0.134,""
2,t4_auc_n4700,alternative,null_auc_n4700,4700,all,2000,EDGE.poly2.u.G10,0.1,0.2215,0.0092854119456274,0.201,0.111,0,0.2215,""
2,t4_auc_n4700,alternative,null_auc_n4700,4700,all,2000,EDGE.poly2.sc.G10,0.01,0.1195,0.00725326650551322,0.1195,0.0095,0,0.1195,""
2,t4_auc_n4700,alternative,null_auc_n4700,4700,all,2000,EDGE.poly2.sc.G10,0.05,0.277,0.0100067727065223,0.2535,0.0565,0,0.277,""
2,t4_auc_n4700,alternative,null_auc_n4700,4700,all,2000,EDGE.poly2.sc.G10,0.1,0.3905,0.010908935557606,0.373,0.107,0,0.3905,""
2,t4_auc_n4700,alternative,null_auc_n4700,4700,all,2000,EDGE.stk.u.G10,0.01,0.247,0.00964341744403922,0.2315,0.0115,0,0.247,""
2,t4_auc_n4700,alternative,null_auc_n4700,4700,all,2000,EDGE.stk.u.G10,0.05,0.413,0.0110097910970191,0.4075,0.0525,0,0.413,""
2,t4_auc_n4700,alternative,null_auc_n4700,4700,all,2000,EDGE.stk.u.G10,0.1,0.512,0.0111771194858067,0.512,0.0995,0,0.512,""
2,t4_auc_n4700,alternative,null_auc_n4700,4700,all,2000,EDGE.stk.sc.G10,0.01,0.185,0.00868259753760359,0.1575,0.012,0,0.185,""
2,t4_auc_n4700,alternative,null_auc_n4700,4700,all,2000,EDGE.stk.sc.G10,0.05,0.352,0.0106793258214178,0.35,0.0515,0,0.352,""
2,t4_auc_n4700,alternative,null_auc_n4700,4700,all,2000,EDGE.stk.sc.G10,0.1,0.4785,0.011169998880931,0.4705,0.103,0,0.4785,""
2,t4_auc_n4700,alternative,null_auc_n4700,4700,all,2000,EDGE.sym.u.G10,0.01,0.2675,0.00989807430766207,0.258,0.012,0,0.2675,""
2,t4_auc_n4700,alternative,null_auc_n4700,4700,all,2000,EDGE.sym.u.G10,0.05,0.456,0.0111369654753887,0.4545,0.051,0,0.456,""
2,t4_auc_n4700,alternative,null_auc_n4700,4700,all,2000,EDGE.sym.u.G10,0.1,0.5545,0.0111137246231855,0.55,0.1015,0,0.5545,""
2,t4_auc_n4700,alternative,null_auc_n4700,4700,all,2000,EDGE.sym.sc.G10,0.01,0.224,0.00932266056445262,0.2135,0.0105,0,0.224,""
2,t4_auc_n4700,alternative,null_auc_n4700,4700,all,2000,EDGE.sym.sc.G10,0.05,0.4255,0.0110555359435895,0.4185,0.052,0,0.4255,""
2,t4_auc_n4700,alternative,null_auc_n4700,4700,all,2000,EDGE.sym.sc.G10,0.1,0.5415,0.0111417626522916,0.5485,0.0945,0,0.5415,""
2,t4_auc_n4700,alternative,null_auc_n4700,4700,all,2000,EDGE.poly3.u.Grule,0.01,0.269,0.00991561899227678,0.268,0.0105,0,0.269,""
2,t4_auc_n4700,alternative,null_auc_n4700,4700,all,2000,EDGE.poly3.u.Grule,0.05,0.4605,0.011145397031959,0.451,0.0515,0,0.4605,""
2,t4_auc_n4700,alternative,null_auc_n4700,4700,all,2000,EDGE.poly3.u.Grule,0.1,0.578,0.01104345960286,0.583,0.098,0,0.578,""
2,t4_auc_n4700,alternative,null_auc_n4700,4700,all,2000,EDGE.poly3.sc.Grule,0.01,0.221,0.00927790385809209,0.211,0.011,0,0.221,""
2,t4_auc_n4700,alternative,null_auc_n4700,4700,all,2000,EDGE.poly3.sc.Grule,0.05,0.4085,0.0109915365167933,0.404,0.0515,0,0.4085,""
2,t4_auc_n4700,alternative,null_auc_n4700,4700,all,2000,EDGE.poly3.sc.Grule,0.1,0.5235,0.0111679843749891,0.506,0.107,0,0.5235,""
2,t4_auc_n4700,alternative,null_auc_n4700,4700,all,2000,EDGE.poly2.u.Grule,0.01,0.0465,0.00470838348055891,0.0405,0.012,0,0.0465,""
2,t4_auc_n4700,alternative,null_auc_n4700,4700,all,2000,EDGE.poly2.u.Grule,0.05,0.152,0.00802795117075334,0.132,0.058,0,0.152,""
2,t4_auc_n4700,alternative,null_auc_n4700,4700,all,2000,EDGE.poly2.u.Grule,0.1,0.2395,0.00954305375652888,0.2215,0.111,0,0.2395,""
2,t4_auc_n4700,alternative,null_auc_n4700,4700,all,2000,EDGE.poly2.sc.Grule,0.01,0.2295,0.0094029184299344,0.2225,0.011,0,0.2295,""
2,t4_auc_n4700,alternative,null_auc_n4700,4700,all,2000,EDGE.poly2.sc.Grule,0.05,0.416,0.0110214336635485,0.4025,0.0525,0,0.416,""
2,t4_auc_n4700,alternative,null_auc_n4700,4700,all,2000,EDGE.poly2.sc.Grule,0.1,0.547,0.0111308355481518,0.531,0.1065,0,0.547,""
2,t4_auc_n4700,alternative,null_auc_n4700,4700,all,2000,EDGE.stk.u.Grule,0.01,0.294,0.0101873450908468,0.27,0.0125,0,0.294,""
2,t4_auc_n4700,alternative,null_auc_n4700,4700,all,2000,EDGE.stk.u.Grule,0.05,0.448,0.0111197122264922,0.454,0.0475,0,0.448,""
2,t4_auc_n4700,alternative,null_auc_n4700,4700,all,2000,EDGE.stk.u.Grule,0.1,0.537,0.011149686094236,0.541,0.0975,0,0.537,""
2,t4_auc_n4700,alternative,null_auc_n4700,4700,all,2000,EDGE.stk.sc.Grule,0.01,0.2205,0.00927037620595842,0.214,0.0105,0,0.2205,""
2,t4_auc_n4700,alternative,null_auc_n4700,4700,all,2000,EDGE.stk.sc.Grule,0.05,0.4055,0.0109788375978516,0.411,0.0475,0,0.4055,""
2,t4_auc_n4700,alternative,null_auc_n4700,4700,all,2000,EDGE.stk.sc.Grule,0.1,0.5285,0.0111621626488777,0.533,0.0985,0,0.5285,""
2,t4_auc_n4700,alternative,null_auc_n4700,4700,all,2000,EDGE.sym.u.Grule,0.01,0.3235,0.0104605867426259,0.3105,0.0115,0,0.3235,""
2,t4_auc_n4700,alternative,null_auc_n4700,4700,all,2000,EDGE.sym.u.Grule,0.05,0.498,0.0111802504444221,0.5035,0.048,0,0.498,""
2,t4_auc_n4700,alternative,null_auc_n4700,4700,all,2000,EDGE.sym.u.Grule,0.1,0.5965,0.0109701355962449,0.6065,0.095,0,0.5965,""
2,t4_auc_n4700,alternative,null_auc_n4700,4700,all,2000,EDGE.sym.sc.Grule,0.01,0.3215,0.0104436045022779,0.3195,0.01,0,0.3215,""
2,t4_auc_n4700,alternative,null_auc_n4700,4700,all,2000,EDGE.sym.sc.Grule,0.05,0.5335,0.0111552173891861,0.56,0.0455,0,0.5335,""
2,t4_auc_n4700,alternative,null_auc_n4700,4700,all,2000,EDGE.sym.sc.Grule,0.1,0.6455,0.0106964889099181,0.6495,0.094,0,0.6455,""
2,t4_auc_n4700,alternative,null_auc_n4700,4700,all,2000,HL.G10,0.01,0.14,0.00775886589650833,0.129,0.011,0,0.14,""
2,t4_auc_n4700,alternative,null_auc_n4700,4700,all,2000,HL.G10,0.05,0.2875,0.0101203693114431,0.2875,0.0495,0,0.2875,""
2,t4_auc_n4700,alternative,null_auc_n4700,4700,all,2000,HL.G10,0.1,0.393,0.010921332336304,0.387,0.102,0,0.393,""
2,t4_auc_n4700,alternative,null_auc_n4700,4700,all,2000,HL.Grule,0.01,0.238,0.00952249967182987,0.205,0.0155,0,0.238,""
2,t4_auc_n4700,alternative,null_auc_n4700,4700,all,2000,HL.Grule,0.05,0.393,0.010921332336304,0.3625,0.0625,0,0.393,""
2,t4_auc_n4700,alternative,null_auc_n4700,4700,all,2000,HL.Grule,0.1,0.511,0.0111776339177842,0.491,0.1125,0,0.511,""
2,t4_auc_n4700,alternative,null_auc_n4700,4700,all,2000,HLF.G10,0.01,0.1015,0.00675269390687894,0.0905,0.012,0,0.1015,""
2,t4_auc_n4700,alternative,null_auc_n4700,4700,all,2000,HLF.G10,0.05,0.225,0.00933742469849155,0.225,0.049,0,0.225,""
2,t4_auc_n4700,alternative,null_auc_n4700,4700,all,2000,HLF.G10,0.1,0.3255,0.0104773505715901,0.3135,0.1015,0,0.3255,""
2,t4_auc_n4700,alternative,null_auc_n4700,4700,all,2000,HLF.Grule,0.01,0.026,0.00355837041354607,0.024,0.0115,0,0.026,""
2,t4_auc_n4700,alternative,null_auc_n4700,4700,all,2000,HLF.Grule,0.05,0.0935,0.00650990591329859,0.083,0.058,0,0.0935,""
2,t4_auc_n4700,alternative,null_auc_n4700,4700,all,2000,HLF.Grule,0.1,0.1495,0.00797338541649656,0.1395,0.114,0,0.1495,""
2,t4_auc_n4700,alternative,null_auc_n4700,4700,all,2000,Stk.joint,0.01,0.2755,0.00998998873873239,0.271,0.01,0,0.2755,""
2,t4_auc_n4700,alternative,null_auc_n4700,4700,all,2000,Stk.joint,0.05,0.4615,0.0111471464958526,0.449,0.052,0,0.4615,""
2,t4_auc_n4700,alternative,null_auc_n4700,4700,all,2000,Stk.joint,0.1,0.577,0.0110469679097932,0.581,0.0955,0,0.577,""
2,t4_auc_n4700,alternative,null_auc_n4700,4700,all,2000,Stk.LR,0.01,0.213,0.00915508055671822,0.202,0.011,0,0.213,""
2,t4_auc_n4700,alternative,null_auc_n4700,4700,all,2000,Stk.LR,0.05,0.42,0.0110363037290571,0.3995,0.054,0,0.42,""
2,t4_auc_n4700,alternative,null_auc_n4700,4700,all,2000,Stk.LR,0.1,0.5445,0.011135972117422,0.5465,0.0985,0,0.5445,""
2,t4_auc_n4700,alternative,null_auc_n4700,4700,all,2000,Stk.sym1,0.01,0.3215,0.0104436045022779,0.3085,0.011,0,0.3215,""
2,t4_auc_n4700,alternative,null_auc_n4700,4700,all,2000,Stk.sym1,0.05,0.5385,0.0111471464958526,0.559,0.045,0,0.5385,""
2,t4_auc_n4700,alternative,null_auc_n4700,4700,all,2000,Stk.sym1,0.1,0.6475,0.0106827840472416,0.654,0.093,0,0.6475,""
2,t4_auc_n4700,alternative,null_auc_n4700,4700,all,2000,Stk.marg,0.01,0.1205,0.00727941446821103,0.052,0.0255,0,0.1205,""
2,t4_auc_n4700,alternative,null_auc_n4700,4700,all,2000,Stk.marg,0.05,0.2605,0.00981426894883159,0.1925,0.075,0,0.2605,""
2,t4_auc_n4700,alternative,null_auc_n4700,4700,all,2000,Stk.marg,0.1,0.3715,0.0108048079575715,0.313,0.125,0,0.3715,""
2,t4_auc_n4700,alternative,null_auc_n4700,4700,all,2000,GiViTI,0.01,0.0775,0.00597886904021154,0.067,0.013,0,0.0775,""
2,t4_auc_n4700,alternative,null_auc_n4700,4700,all,2000,GiViTI,0.05,0.204,0.00901066035315947,0.188,0.0575,0,0.204,""
2,t4_auc_n4700,alternative,null_auc_n4700,4700,all,2000,GiViTI,0.1,0.29,0.0101464279428772,0.2755,0.109,0,0.29,""
2,t4_auc_n4700,alternative,null_auc_n4700,4700,all,2000,GiViTI.t50,0.01,0.1425,0.00781644900194455,0.128,0.012,0,0.1425,""
2,t4_auc_n4700,alternative,null_auc_n4700,4700,all,2000,GiViTI.t50,0.05,0.3245,0.0104689958926346,0.299,0.0575,0,0.3245,""
2,t4_auc_n4700,alternative,null_auc_n4700,4700,all,2000,GiViTI.t50,0.1,0.4395,0.0110981924203899,0.428,0.1045,0,0.4395,""
2,t4_auc_n4700,alternative,null_auc_n4700,4700,all,2000,Cubic.LR,0.01,0.2015,0.00896932968509911,0.191,0.011,0,0.2015,""
2,t4_auc_n4700,alternative,null_auc_n4700,4700,all,2000,Cubic.LR,0.05,0.4085,0.0109915365167933,0.405,0.051,0,0.4085,""
2,t4_auc_n4700,alternative,null_auc_n4700,4700,all,2000,Cubic.LR,0.1,0.521,0.011170474475151,0.516,0.103,0,0.521,""
2,t4_auc_n4700,alternative,null_auc_n4700,4700,all,2000,HL_w,0.01,0.032,0.00393547964039963,0.0215,0.013,0,0.032,""
2,t4_auc_n4700,alternative,null_auc_n4700,4700,all,2000,HL_w,0.05,0.1155,0.00714701860918243,0.1085,0.055,0,0.1155,""
2,t4_auc_n4700,alternative,null_auc_n4700,4700,all,2000,HL_w,0.1,0.2005,0.00895264625683379,0.1855,0.1085,0,0.2005,""
2,t4_auc_n4700,alternative,null_auc_n4700,4700,all,2000,PH,0.01,0.1105,0.00701034057660539,0.1295,0.007,0,0.1105,""
2,t4_auc_n4700,alternative,null_auc_n4700,4700,all,2000,PH,0.05,0.2285,0.00938849695105665,0.288,0.0315,0,0.2285,""
2,t4_auc_n4700,alternative,null_auc_n4700,4700,all,2000,PH,0.1,0.3305,0.0105183114139105,0.3875,0.0735,0,0.3305,""
2,t4_auc_n4700,alternative,null_auc_n4700,4700,all,2000,Tsiatis,0.01,0.1155,0.00714701860918243,0.1065,0.0105,0,0.1155,""
2,t4_auc_n4700,alternative,null_auc_n4700,4700,all,2000,Tsiatis,0.05,0.2605,0.00981426894883159,0.2485,0.0545,0,0.2605,""
2,t4_auc_n4700,alternative,null_auc_n4700,4700,all,2000,Tsiatis,0.1,0.3505,0.0106688741205434,0.347,0.1025,0,0.3505,""
2,t4_auc_n4700,alternative,null_auc_n4700,4700,all,2000,Xie,0.01,0.083,0.00616891400491205,0.118,0.005,0,0.083,""
2,t4_auc_n4700,alternative,null_auc_n4700,4700,all,2000,Xie,0.05,0.21,0.00910768905925098,0.273,0.026,0,0.21,""
2,t4_auc_n4700,alternative,null_auc_n4700,4700,all,2000,Xie,0.1,0.2965,0.0102124372703092,0.364,0.0595,0,0.2965,""
2,t4_auc_n4700,alternative,null_auc_n4700,4700,all,2000,PR,0.01,0.011,0.00233227356885937,0.019,0.0065,0,0.011,""
2,t4_auc_n4700,alternative,null_auc_n4700,4700,all,2000,PR,0.05,0.0735,0.00583514138646186,0.079,0.0435,0,0.0735,""
2,t4_auc_n4700,alternative,null_auc_n4700,4700,all,2000,PR,0.1,0.155,0.00809243473869268,0.1475,0.106,0,0.155,""
2,t4_auc_n7800,alternative,null_auc_n7800,7800,all,2000,flag.evlt.G10,,0,,,,0,,flag rate: share of replicates with the flag = 1
2,t4_auc_n7800,alternative,null_auc_n7800,7800,all,2000,flag.evlt.Grule,,0,,,,0,,flag rate: share of replicates with the flag = 1
2,t4_auc_n7800,alternative,null_auc_n7800,7800,all,2000,flag.stk_half0,,0,,,,0,,flag rate: share of replicates with the flag = 1
2,t4_auc_n7800,alternative,null_auc_n7800,7800,all,2000,flag.stk_diag,,0,,,,0,,flag rate: share of replicates with the flag = 1
2,t4_auc_n7800,alternative,null_auc_n7800,7800,all,2000,flag.rivals_run,,1,,,,0,,flag rate: share of replicates with the flag = 1
2,t4_auc_n7800,alternative,null_auc_n7800,7800,all,2000,flag.degenerate,,0,,,,0,,flag rate: share of replicates with the flag = 1
2,t4_auc_n7800,alternative,null_auc_n7800,7800,all,2000,flag.info_guard,,0,,,,0,,flag rate: share of replicates with the flag = 1
2,t4_auc_n7800,alternative,null_auc_n7800,7800,all,2000,flag.rep_error,,0,,,,0,,flag rate: share of replicates with the flag = 1
2,t4_auc_n7800,alternative,null_auc_n7800,7800,all,2000,EDGE.poly3.u.G10,0.01,0.3775,0.0108395975478797,0.3375,0.012,0,0.3775,""
2,t4_auc_n7800,alternative,null_auc_n7800,7800,all,2000,EDGE.poly3.u.G10,0.05,0.5865,0.0110117607583892,0.5835,0.051,0,0.5865,""
2,t4_auc_n7800,alternative,null_auc_n7800,7800,all,2000,EDGE.poly3.u.G10,0.1,0.6875,0.0103644524698606,0.694,0.0965,0,0.6875,""
2,t4_auc_n7800,alternative,null_auc_n7800,7800,all,2000,EDGE.poly3.sc.G10,0.01,0.204,0.00901066035315947,0.197,0.0105,0,0.204,""
2,t4_auc_n7800,alternative,null_auc_n7800,7800,all,2000,EDGE.poly3.sc.G10,0.05,0.408,0.0109894494857568,0.412,0.045,0,0.408,""
2,t4_auc_n7800,alternative,null_auc_n7800,7800,all,2000,EDGE.poly3.sc.G10,0.1,0.518,0.0111730926783948,0.512,0.104,0,0.518,""
2,t4_auc_n7800,alternative,null_auc_n7800,7800,all,2000,EDGE.poly2.u.G10,0.01,0.0635,0.005452877680638,0.0585,0.011,0,0.0635,""
2,t4_auc_n7800,alternative,null_auc_n7800,7800,all,2000,EDGE.poly2.u.G10,0.05,0.1605,0.00820791538699078,0.164,0.049,0,0.1605,""
2,t4_auc_n7800,alternative,null_auc_n7800,7800,all,2000,EDGE.poly2.u.G10,0.1,0.25,0.00968245836551854,0.2615,0.0945,0,0.25,""
2,t4_auc_n7800,alternative,null_auc_n7800,7800,all,2000,EDGE.poly2.sc.G10,0.01,0.2405,0.00955666652133473,0.2085,0.0115,0,0.2405,""
2,t4_auc_n7800,alternative,null_auc_n7800,7800,all,2000,EDGE.poly2.sc.G10,0.05,0.4315,0.0110749209929462,0.4255,0.052,0,0.4315,""
2,t4_auc_n7800,alternative,null_auc_n7800,7800,all,2000,EDGE.poly2.sc.G10,0.1,0.5465,0.011131885509652,0.532,0.107,0,0.5465,""
2,t4_auc_n7800,alternative,null_auc_n7800,7800,all,2000,EDGE.stk.u.G10,0.01,0.3895,0.0109038926535435,0.3885,0.01,0,0.3895,""
2,t4_auc_n7800,alternative,null_auc_n7800,7800,all,2000,EDGE.stk.u.G10,0.05,0.5755,0.0110521434572666,0.5655,0.052,0,0.5755,""
2,t4_auc_n7800,alternative,null_auc_n7800,7800,all,2000,EDGE.stk.u.G10,0.1,0.6785,0.0104436045022779,0.682,0.099,0,0.6785,""
2,t4_auc_n7800,alternative,null_auc_n7800,7800,all,2000,EDGE.stk.sc.G10,0.01,0.3365,0.0105656933042749,0.3195,0.01,0,0.3365,""
2,t4_auc_n7800,alternative,null_auc_n7800,7800,all,2000,EDGE.stk.sc.G10,0.05,0.532,0.0111574190563947,0.53,0.0515,0,0.532,""
2,t4_auc_n7800,alternative,null_auc_n7800,7800,all,2000,EDGE.stk.sc.G10,0.1,0.64,0.010733126291999,0.6355,0.103,0,0.64,""
2,t4_auc_n7800,alternative,null_auc_n7800,7800,all,2000,EDGE.sym.u.G10,0.01,0.4355,0.011086923603958,0.421,0.0115,0,0.4355,""
2,t4_auc_n7800,alternative,null_auc_n7800,7800,all,2000,EDGE.sym.u.G10,0.05,0.632,0.010783691390243,0.638,0.047,0,0.632,""
2,t4_auc_n7800,alternative,null_auc_n7800,7800,all,2000,EDGE.sym.u.G10,0.1,0.7385,0.00982643755386457,0.746,0.0945,0,0.7385,""
2,t4_auc_n7800,alternative,null_auc_n7800,7800,all,2000,EDGE.sym.sc.G10,0.01,0.3835,0.0108726204293169,0.3685,0.01,0,0.3835,""
2,t4_auc_n7800,alternative,null_auc_n7800,7800,all,2000,EDGE.sym.sc.G10,0.05,0.6045,0.0109334292424655,0.6265,0.0435,0,0.6045,""
2,t4_auc_n7800,alternative,null_auc_n7800,7800,all,2000,EDGE.sym.sc.G10,0.1,0.7135,0.0101098405031929,0.732,0.0855,0,0.7135,""
2,t4_auc_n7800,alternative,null_auc_n7800,7800,all,2000,EDGE.poly3.u.Grule,0.01,0.454,0.011132924144177,0.406,0.0125,0,0.454,""
2,t4_auc_n7800,alternative,null_auc_n7800,7800,all,2000,EDGE.poly3.u.Grule,0.05,0.664,0.0105618180253212,0.635,0.0575,0,0.664,""
2,t4_auc_n7800,alternative,null_auc_n7800,7800,all,2000,EDGE.poly3.u.Grule,0.1,0.765,0.00948090185583629,0.7615,0.104,0,0.765,""
2,t4_auc_n7800,alternative,null_auc_n7800,7800,all,2000,EDGE.poly3.sc.Grule,0.01,0.396,0.0109358127269993,0.388,0.0105,0,0.396,""
2,t4_auc_n7800,alternative,null_auc_n7800,7800,all,2000,EDGE.poly3.sc.Grule,0.05,0.592,0.0109894494857568,0.585,0.0515,0,0.592,""
2,t4_auc_n7800,alternative,null_auc_n7800,7800,all,2000,EDGE.poly3.sc.Grule,0.1,0.709,0.0101567465263243,0.703,0.1035,0,0.709,""
2,t4_auc_n7800,alternative,null_auc_n7800,7800,all,2000,EDGE.poly2.u.Grule,0.01,0.0715,0.00576141258720463,0.0685,0.0115,0,0.0715,""
2,t4_auc_n7800,alternative,null_auc_n7800,7800,all,2000,EDGE.poly2.u.Grule,0.05,0.1965,0.0088850365784278,0.197,0.0495,0,0.1965,""
2,t4_auc_n7800,alternative,null_auc_n7800,7800,all,2000,EDGE.poly2.u.Grule,0.1,0.2875,0.0101203693114431,0.283,0.1025,0,0.2875,""
2,t4_auc_n7800,alternative,null_auc_n7800,7800,all,2000,EDGE.poly2.sc.Grule,0.01,0.4035,0.0109701355962449,0.3665,0.0135,0,0.4035,""
2,t4_auc_n7800,alternative,null_auc_n7800,7800,all,2000,EDGE.poly2.sc.Grule,0.05,0.624,0.0108310664294888,0.6185,0.0535,0,0.624,""
2,t4_auc_n7800,alternative,null_auc_n7800,7800,all,2000,EDGE.poly2.sc.Grule,0.1,0.7345,0.00987445568120086,0.734,0.1,0,0.7345,""
2,t4_auc_n7800,alternative,null_auc_n7800,7800,all,2000,EDGE.stk.u.Grule,0.01,0.4315,0.0110749209929462,0.387,0.014,0,0.4315,""
2,t4_auc_n7800,alternative,null_auc_n7800,7800,all,2000,EDGE.stk.u.Grule,0.05,0.606,0.0109262070271435,0.586,0.0585,0,0.606,""
2,t4_auc_n7800,alternative,null_auc_n7800,7800,all,2000,EDGE.stk.u.Grule,0.1,0.7095,0.0101515947023116,0.6875,0.1085,0,0.7095,""
2,t4_auc_n7800,alternative,null_auc_n7800,7800,all,2000,EDGE.stk.sc.Grule,0.01,0.397,0.010940543862167,0.3785,0.012,0,0.397,""
2,t4_auc_n7800,alternative,null_auc_n7800,7800,all,2000,EDGE.stk.sc.Grule,0.05,0.6005,0.0109521630283702,0.6015,0.0485,0,0.6005,""
2,t4_auc_n7800,alternative,null_auc_n7800,7800,all,2000,EDGE.stk.sc.Grule,0.1,0.7135,0.0101098405031929,0.7135,0.0995,0,0.7135,""
2,t4_auc_n7800,alternative,null_auc_n7800,7800,all,2000,EDGE.sym.u.Grule,0.01,0.4955,0.0111798870745639,0.4465,0.016,0,0.4955,""
2,t4_auc_n7800,alternative,null_auc_n7800,7800,all,2000,EDGE.sym.u.Grule,0.05,0.6915,0.0103278204380208,0.673,0.058,0,0.6915,""
2,t4_auc_n7800,alternative,null_auc_n7800,7800,all,2000,EDGE.sym.u.Grule,0.1,0.7805,0.00925526201682049,0.78,0.1,0,0.7805,""
2,t4_auc_n7800,alternative,null_auc_n7800,7800,all,2000,EDGE.sym.sc.Grule,0.01,0.5315,0.0111581304437616,0.484,0.0155,0,0.5315,""
2,t4_auc_n7800,alternative,null_auc_n7800,7800,all,2000,EDGE.sym.sc.Grule,0.05,0.7455,0.00973986011193179,0.7375,0.053,0,0.7455,""
2,t4_auc_n7800,alternative,null_auc_n7800,7800,all,2000,EDGE.sym.sc.Grule,0.1,0.8265,0.00846751882194542,0.8285,0.0975,0,0.8265,""
2,t4_auc_n7800,alternative,null_auc_n7800,7800,all,2000,HL.G10,0.01,0.2415,0.00957020767799738,0.2555,0.0065,0,0.2415,""
2,t4_auc_n7800,alternative,null_auc_n7800,7800,all,2000,HL.G10,0.05,0.43,0.0110702303499069,0.4435,0.0445,0,0.43,""
2,t4_auc_n7800,alternative,null_auc_n7800,7800,all,2000,HL.G10,0.1,0.5475,0.0111297742564708,0.555,0.092,0,0.5475,""
2,t4_auc_n7800,alternative,null_auc_n7800,7800,all,2000,HL.Grule,0.01,0.365,0.0107651056659933,0.4065,0.0065,0,0.365,""
2,t4_auc_n7800,alternative,null_auc_n7800,7800,all,2000,HL.Grule,0.05,0.5555,0.0111112499296884,0.57,0.045,0,0.5555,""
2,t4_auc_n7800,alternative,null_auc_n7800,7800,all,2000,HL.Grule,0.1,0.664,0.0105618180253212,0.6815,0.086,0,0.664,""
2,t4_auc_n7800,alternative,null_auc_n7800,7800,all,2000,HLF.G10,0.01,0.2065,0.0090514570650255,0.23,0.007,0,0.2065,""
2,t4_auc_n7800,alternative,null_auc_n7800,7800,all,2000,HLF.G10,0.05,0.3695,0.0107928158976238,0.383,0.0445,0,0.3695,""
2,t4_auc_n7800,alternative,null_auc_n7800,7800,all,2000,HLF.G10,0.1,0.4825,0.0111734898308452,0.5035,0.0925,0,0.4825,""
2,t4_auc_n7800,alternative,null_auc_n7800,7800,all,2000,HLF.Grule,0.01,0.048,0.00477995815881269,0.052,0.008,0,0.048,""
2,t4_auc_n7800,alternative,null_auc_n7800,7800,all,2000,HLF.Grule,0.05,0.1225,0.00733122602297869,0.1385,0.04,0,0.1225,""
2,t4_auc_n7800,alternative,null_auc_n7800,7800,all,2000,HLF.Grule,0.1,0.18,0.00859069263796581,0.1935,0.0865,0,0.18,""
2,t4_auc_n7800,alternative,null_auc_n7800,7800,all,2000,Stk.joint,0.01,0.445,0.0111124929696266,0.4195,0.0145,0,0.445,""
2,t4_auc_n7800,alternative,null_auc_n7800,7800,all,2000,Stk.joint,0.05,0.6675,0.0105343189148611,0.6325,0.058,0,0.6675,""
2,t4_auc_n7800,alternative,null_auc_n7800,7800,all,2000,Stk.joint,0.1,0.765,0.00948090185583629,0.7615,0.1035,0,0.765,""
2,t4_auc_n7800,alternative,null_auc_n7800,7800,all,2000,Stk.LR,0.01,0.395,0.0109310338028935,0.3555,0.0125,0,0.395,""
2,t4_auc_n7800,alternative,null_auc_n7800,7800,all,2000,Stk.LR,0.05,0.623,0.0108367661227877,0.592,0.059,0,0.623,""
2,t4_auc_n7800,alternative,null_auc_n7800,7800,all,2000,Stk.LR,0.1,0.7425,0.00977736544269467,0.737,0.103,0,0.7425,""
2,t4_auc_n7800,alternative,null_auc_n7800,7800,all,2000,Stk.sym1,0.01,0.534,0.0111544609910116,0.4845,0.0155,0,0.534,""
2,t4_auc_n7800,alternative,null_auc_n7800,7800,all,2000,Stk.sym1,0.05,0.7445,0.0097524291845673,0.74,0.0525,0,0.7445,""
2,t4_auc_n7800,alternative,null_auc_n7800,7800,all,2000,Stk.sym1,0.1,0.825,0.00849632273398322,0.8285,0.0975,0,0.825,""
2,t4_auc_n7800,alternative,null_auc_n7800,7800,all,2000,Stk.marg,0.01,0.185,0.00868259753760359,0.107,0.024,0,0.185,""
2,t4_auc_n7800,alternative,null_auc_n7800,7800,all,2000,Stk.marg,0.05,0.3665,0.0107744547425844,0.314,0.069,0,0.3665,""
2,t4_auc_n7800,alternative,null_auc_n7800,7800,all,2000,Stk.marg,0.1,0.502,0.0111802504444221,0.4725,0.117,0,0.502,""
2,t4_auc_n7800,alternative,null_auc_n7800,7800,all,2000,GiViTI,0.01,0.161,0.00821824190444647,0.154,0.0105,0,0.161,""
2,t4_auc_n7800,alternative,null_auc_n7800,7800,all,2000,GiViTI,0.05,0.3215,0.0104436045022779,0.331,0.0465,0,0.3215,""
2,t4_auc_n7800,alternative,null_auc_n7800,7800,all,2000,GiViTI,0.1,0.4265,0.0110588821767844,0.4255,0.1015,0,0.4265,""
2,t4_auc_n7800,alternative,null_auc_n7800,7800,all,2000,GiViTI.t50,0.01,0.2885,0.010130837823201,0.282,0.0115,0,0.2885,""
2,t4_auc_n7800,alternative,null_auc_n7800,7800,all,2000,GiViTI.t50,0.05,0.493,0.0111792441604967,0.4875,0.0505,0,0.493,""
2,t4_auc_n7800,alternative,null_auc_n7800,7800,all,2000,GiViTI.t50,0.1,0.6125,0.0108936621482401,0.6005,0.1045,0,0.6125,""
2,t4_auc_n7800,alternative,null_auc_n7800,7800,all,2000,Cubic.LR,0.01,0.3765,0.010833922419881,0.3595,0.0115,0,0.3765,""
2,t4_auc_n7800,alternative,null_auc_n7800,7800,all,2000,Cubic.LR,0.05,0.604,0.0109358127269993,0.574,0.0565,0,0.604,""
2,t4_auc_n7800,alternative,null_auc_n7800,7800,all,2000,Cubic.LR,0.1,0.728,0.00995027637807111,0.724,0.1025,0,0.728,""
2,t4_auc_n7800,alternative,null_auc_n7800,7800,all,2000,HL_w,0.01,0.05,0.00487339717240448,0.071,0.0055,0,0.05,""
2,t4_auc_n7800,alternative,null_auc_n7800,7800,all,2000,HL_w,0.05,0.1615,0.00822854027151839,0.1865,0.0425,0,0.1615,""
2,t4_auc_n7800,alternative,null_auc_n7800,7800,all,2000,HL_w,0.1,0.26,0.00980815986819138,0.274,0.0875,0,0.26,""
2,t4_auc_n7800,alternative,null_auc_n7800,7800,all,2000,PH,0.01,0.204,0.00901066035315947,0.256,0.003,0,0.204,""
2,t4_auc_n7800,alternative,null_auc_n7800,7800,all,2000,PH,0.05,0.3675,0.010780624981883,0.445,0.0275,0,0.3675,""
2,t4_auc_n7800,alternative,null_auc_n7800,7800,all,2000,PH,0.1,0.4755,0.0111669098232233,0.5565,0.059,0,0.4755,""
2,t4_auc_n7800,alternative,null_auc_n7800,7800,all,2000,Tsiatis,0.01,0.1765,0.00852489736008593,0.155,0.015,0,0.1765,""
2,t4_auc_n7800,alternative,null_auc_n7800,7800,all,2000,Tsiatis,0.05,0.3685,0.0107867453386089,0.349,0.054,0,0.3685,""
2,t4_auc_n7800,alternative,null_auc_n7800,7800,all,2000,Tsiatis,0.1,0.467,0.0111559625313103,0.456,0.108,0,0.467,""
2,t4_auc_n7800,alternative,null_auc_n7800,7800,all,2000,Xie,0.01,0.1525,0.00803877322730278,0.198,0.005,0,0.1525,""
2,t4_auc_n7800,alternative,null_auc_n7800,7800,all,2000,Xie,0.05,0.303,0.0102759671077714,0.368,0.031,0,0.303,""
2,t4_auc_n7800,alternative,null_auc_n7800,7800,all,2000,Xie,0.1,0.4095,0.0109956752862205,0.491,0.0695,0,0.4095,""
2,t4_auc_n7800,alternative,null_auc_n7800,7800,all,2000,PR,0.01,0.019,0.00305278561317365,0.0175,0.01,0,0.019,""
2,t4_auc_n7800,alternative,null_auc_n7800,7800,all,2000,PR,0.05,0.087,0.0063020234845643,0.077,0.0545,0,0.087,""
2,t4_auc_n7800,alternative,null_auc_n7800,7800,all,2000,PR,0.1,0.183,0.00864612630025724,0.164,0.111,0,0.183,""
2,loglog_auc_n380,alternative,null_auc_n380,380,all,2000,flag.evlt.G10,,0,,,,0,,flag rate: share of replicates with the flag = 1
2,loglog_auc_n380,alternative,null_auc_n380,380,all,2000,flag.evlt.Grule,,0,,,,0,,flag rate: share of replicates with the flag = 1
2,loglog_auc_n380,alternative,null_auc_n380,380,all,2000,flag.stk_half0,,0,,,,0,,flag rate: share of replicates with the flag = 1
2,loglog_auc_n380,alternative,null_auc_n380,380,all,2000,flag.stk_diag,,0.358,,,,0,,flag rate: share of replicates with the flag = 1
2,loglog_auc_n380,alternative,null_auc_n380,380,all,2000,flag.rivals_run,,1,,,,0,,flag rate: share of replicates with the flag = 1
2,loglog_auc_n380,alternative,null_auc_n380,380,all,2000,flag.degenerate,,0,,,,0,,flag rate: share of replicates with the flag = 1
2,loglog_auc_n380,alternative,null_auc_n380,380,all,2000,flag.info_guard,,0,,,,0,,flag rate: share of replicates with the flag = 1
2,loglog_auc_n380,alternative,null_auc_n380,380,all,2000,flag.rep_error,,0,,,,0,,flag rate: share of replicates with the flag = 1
2,loglog_auc_n380,alternative,null_auc_n380,380,all,2000,EDGE.poly3.u.G10,0.01,0.125,0.00739509972887452,0.105,0.0125,0,0.125,""
2,loglog_auc_n380,alternative,null_auc_n380,380,all,2000,EDGE.poly3.u.G10,0.05,0.3095,0.0103370631709398,0.296,0.0535,0,0.3095,""
2,loglog_auc_n380,alternative,null_auc_n380,380,all,2000,EDGE.poly3.u.G10,0.1,0.4715,0.0111621626488777,0.4875,0.097,0,0.4715,""
2,loglog_auc_n380,alternative,null_auc_n380,380,all,2000,EDGE.poly3.sc.G10,0.01,0.129,0.00749529852640974,0.1265,0.0105,0,0.129,""
2,loglog_auc_n380,alternative,null_auc_n380,380,all,2000,EDGE.poly3.sc.G10,0.05,0.3275,0.0104938970358966,0.307,0.055,0,0.3275,""
2,loglog_auc_n380,alternative,null_auc_n380,380,all,2000,EDGE.poly3.sc.G10,0.1,0.4575,0.0111398776923268,0.445,0.1055,0,0.4575,""
2,loglog_auc_n380,alternative,null_auc_n380,380,all,2000,EDGE.poly2.u.G10,0.01,0.249,0.00966951394848779,0.209,0.013,0,0.249,""
2,loglog_auc_n380,alternative,null_auc_n380,380,all,2000,EDGE.poly2.u.G10,0.05,0.4825,0.0111734898308452,0.4575,0.055,0,0.4825,""
2,loglog_auc_n380,alternative,null_auc_n380,380,all,2000,EDGE.poly2.u.G10,0.1,0.6265,0.0108166018231236,0.625,0.101,0,0.6265,""
2,loglog_auc_n380,alternative,null_auc_n380,380,all,2000,EDGE.poly2.sc.G10,0.01,0.159,0.00817676586432558,0.143,0.0105,0,0.159,""
2,loglog_auc_n380,alternative,null_auc_n380,380,all,2000,EDGE.poly2.sc.G10,0.05,0.3595,0.0107298590391487,0.346,0.054,0,0.3595,""
2,loglog_auc_n380,alternative,null_auc_n380,380,all,2000,EDGE.poly2.sc.G10,0.1,0.508,0.0111789087123923,0.5075,0.1005,0,0.508,""
2,loglog_auc_n380,alternative,null_auc_n380,380,all,2000,EDGE.stk.u.G10,0.01,0.112,0.00705180827873248,0.092,0.015,0,0.112,""
2,loglog_auc_n380,alternative,null_auc_n380,380,all,2000,EDGE.stk.u.G10,0.05,0.204,0.00901066035315947,0.205,0.0495,0,0.204,""
2,loglog_auc_n380,alternative,null_auc_n380,380,all,2000,EDGE.stk.u.G10,0.1,0.2825,0.0100671185053122,0.2985,0.089,0,0.2825,""
2,loglog_auc_n380,alternative,null_auc_n380,380,all,2000,EDGE.stk.sc.G10,0.01,0.1235,0.00735689302627135,0.0975,0.013,0,0.1235,""
2,loglog_auc_n380,alternative,null_auc_n380,380,all,2000,EDGE.stk.sc.G10,0.05,0.2875,0.0101203693114431,0.2555,0.0565,0,0.2875,""
2,loglog_auc_n380,alternative,null_auc_n380,380,all,2000,EDGE.stk.sc.G10,0.1,0.425,0.0110538454847171,0.4205,0.1025,0,0.425,""
2,loglog_auc_n380,alternative,null_auc_n380,380,all,2000,EDGE.sym.u.G10,0.01,0.018,0.002972877394041,0.0125,0.016,0,0.018,""
2,loglog_auc_n380,alternative,null_auc_n380,380,all,2000,EDGE.sym.u.G10,0.05,0.044,0.00458606585212206,0.049,0.04,0,0.044,""
2,loglog_auc_n380,alternative,null_auc_n380,380,all,2000,EDGE.sym.u.G10,0.1,0.0725,0.00579843728947723,0.0825,0.085,0,0.0725,""
2,loglog_auc_n380,alternative,null_auc_n380,380,all,2000,EDGE.sym.sc.G10,0.01,0.0095,0.00216907238237916,0.0065,0.0115,0,0.0095,""
2,loglog_auc_n380,alternative,null_auc_n380,380,all,2000,EDGE.sym.sc.G10,0.05,0.048,0.00477995815881269,0.0485,0.048,0,0.048,""
2,loglog_auc_n380,alternative,null_auc_n380,380,all,2000,EDGE.sym.sc.G10,0.1,0.099,0.00667828570817392,0.1005,0.098,0,0.099,""
2,loglog_auc_n380,alternative,null_auc_n380,380,all,2000,EDGE.poly3.u.Grule,0.01,0.119,0.00724013121428058,0.1145,0.0125,0,0.119,""
2,loglog_auc_n380,alternative,null_auc_n380,380,all,2000,EDGE.poly3.u.Grule,0.05,0.326,0.0104815075251607,0.3195,0.052,0,0.326,""
2,loglog_auc_n380,alternative,null_auc_n380,380,all,2000,EDGE.poly3.u.Grule,0.1,0.476,0.0111674527086529,0.473,0.1,0,0.476,""
2,loglog_auc_n380,alternative,null_auc_n380,380,all,2000,EDGE.poly3.sc.Grule,0.01,0.1405,0.0077704488287357,0.137,0.0105,0,0.1405,""
2,loglog_auc_n380,alternative,null_auc_n380,380,all,2000,EDGE.poly3.sc.Grule,0.05,0.3315,0.0105263419572043,0.332,0.049,0,0.3315,""
2,loglog_auc_n380,alternative,null_auc_n380,380,all,2000,EDGE.poly3.sc.Grule,0.1,0.462,0.0111480043057042,0.4655,0.097,0,0.462,""
2,loglog_auc_n380,alternative,null_auc_n380,380,all,2000,EDGE.poly2.u.Grule,0.01,0.264,0.00985657141200732,0.226,0.0105,0,0.264,""
2,loglog_auc_n380,alternative,null_auc_n380,380,all,2000,EDGE.poly2.u.Grule,0.05,0.4925,0.0111790820285031,0.472,0.0545,0,0.4925,""
2,loglog_auc_n380,alternative,null_auc_n380,380,all,2000,EDGE.poly2.u.Grule,0.1,0.6355,0.0107619642723808,0.608,0.1055,0,0.6355,""
2,loglog_auc_n380,alternative,null_auc_n380,380,all,2000,EDGE.poly2.sc.Grule,0.01,0.159,0.00817676586432558,0.1885,0.0065,0,0.159,""
2,loglog_auc_n380,alternative,null_auc_n380,380,all,2000,EDGE.poly2.sc.Grule,0.05,0.3725,0.0108107296238506,0.3745,0.0495,0,0.3725,""
2,loglog_auc_n380,alternative,null_auc_n380,380,all,2000,EDGE.poly2.sc.Grule,0.1,0.5295,0.0111608635418591,0.525,0.1,0,0.5295,""
2,loglog_auc_n380,alternative,null_auc_n380,380,all,2000,EDGE.stk.u.Grule,0.01,0.1235,0.00735689302627135,0.094,0.0155,0,0.1235,""
2,loglog_auc_n380,alternative,null_auc_n380,380,all,2000,EDGE.stk.u.Grule,0.05,0.2155,0.00919401299759795,0.194,0.059,0,0.2155,""
2,loglog_auc_n380,alternative,null_auc_n380,380,all,2000,EDGE.stk.u.Grule,0.1,0.283,0.0100725120997694,0.288,0.0965,0,0.283,""
2,loglog_auc_n380,alternative,null_auc_n380,380,all,2000,EDGE.stk.sc.Grule,0.01,0.132,0.00756888366933989,0.1285,0.0105,0,0.132,""
2,loglog_auc_n380,alternative,null_auc_n380,380,all,2000,EDGE.stk.sc.Grule,0.05,0.3005,0.0102518230086166,0.305,0.048,0,0.3005,""
2,loglog_auc_n380,alternative,null_auc_n380,380,all,2000,EDGE.stk.sc.Grule,0.1,0.4395,0.0110981924203899,0.444,0.0975,0,0.4395,""
2,loglog_auc_n380,alternative,null_auc_n380,380,all,2000,EDGE.sym.u.Grule,0.01,0.021,0.00320616593457045,0.0145,0.0175,0,0.021,""
2,loglog_auc_n380,alternative,null_auc_n380,380,all,2000,EDGE.sym.u.Grule,0.05,0.048,0.00477995815881269,0.0495,0.048,0,0.048,""
2,loglog_auc_n380,alternative,null_auc_n380,380,all,2000,EDGE.sym.u.Grule,0.1,0.082,0.00613498166256428,0.09,0.088,0,0.082,""
2,loglog_auc_n380,alternative,null_auc_n380,380,all,2000,EDGE.sym.sc.Grule,0.01,0.0125,0.00248432586429397,0.01,0.012,0,0.0125,""
2,loglog_auc_n380,alternative,null_auc_n380,380,all,2000,EDGE.sym.sc.Grule,0.05,0.055,0.00509779364038993,0.055,0.048,0,0.055,""
2,loglog_auc_n380,alternative,null_auc_n380,380,all,2000,EDGE.sym.sc.Grule,0.1,0.108,0.0069403169956422,0.123,0.092,0,0.108,""
2,loglog_auc_n380,alternative,null_auc_n380,380,all,2000,HL.G10,0.01,0.099,0.00667828570817392,0.097,0.01,0,0.099,""
2,loglog_auc_n380,alternative,null_auc_n380,380,all,2000,HL.G10,0.05,0.2115,0.00913147715323211,0.197,0.057,0,0.2115,""
2,loglog_auc_n380,alternative,null_auc_n380,380,all,2000,HL.G10,0.1,0.3185,0.0104177192801496,0.316,0.1005,0,0.3185,""
2,loglog_auc_n380,alternative,null_auc_n380,380,all,2000,HL.Grule,0.01,0.084,0.00620258010830977,0.067,0.0135,0,0.084,""
2,loglog_auc_n380,alternative,null_auc_n380,380,all,2000,HL.Grule,0.05,0.187,0.00871868682772813,0.1835,0.0505,0,0.187,""
2,loglog_auc_n380,alternative,null_auc_n380,380,all,2000,HL.Grule,0.1,0.273,0.0099617016618648,0.252,0.1115,0,0.273,""
2,loglog_auc_n380,alternative,null_auc_n380,380,all,2000,HLF.G10,0.01,0.0755,0.00590761161553466,0.0735,0.01,0,0.0755,""
2,loglog_auc_n380,alternative,null_auc_n380,380,all,2000,HLF.G10,0.05,0.2035,0.00900243717001124,0.196,0.0515,0,0.2035,""
2,loglog_auc_n380,alternative,null_auc_n380,380,all,2000,HLF.G10,0.1,0.3145,0.0103824310736937,0.325,0.0965,0,0.3145,""
2,loglog_auc_n380,alternative,null_auc_n380,380,all,2000,HLF.Grule,0.01,0.062,0.00539240206216117,0.056,0.011,0,0.062,""
2,loglog_auc_n380,alternative,null_auc_n380,380,all,2000,HLF.Grule,0.05,0.1705,0.00840921369689224,0.181,0.0475,0,0.1705,""
2,loglog_auc_n380,alternative,null_auc_n380,380,all,2000,HLF.Grule,0.1,0.2715,0.00994453995919369,0.286,0.0945,0,0.2715,""
2,loglog_auc_n380,alternative,null_auc_n380,380,all,2000,Stk.joint,0.01,0.1635,0.00826945433508161,0.1245,0.0135,0,0.1635,""
2,loglog_auc_n380,alternative,null_auc_n380,380,all,2000,Stk.joint,0.05,0.355,0.0106998831769324,0.3805,0.048,0,0.355,""
2,loglog_auc_n380,alternative,null_auc_n380,380,all,2000,Stk.joint,0.1,0.514,0.0111759563349183,0.511,0.1,0,0.514,""
2,loglog_auc_n380,alternative,null_auc_n380,380,all,2000,Stk.LR,0.01,0.275,0.00998436277385793,0.2215,0.011,0,0.275,""
2,loglog_auc_n380,alternative,null_auc_n380,380,all,2000,Stk.LR,0.05,0.5545,0.0111137246231855,0.527,0.06,0,0.5545,""
2,loglog_auc_n380,alternative,null_auc_n380,380,all,2000,Stk.LR,0.1,0.687,0.0103689681260963,0.663,0.1145,0,0.687,""
2,loglog_auc_n380,alternative,null_auc_n380,380,all,2000,Stk.sym1,0.01,0.013,0.00253288373203351,0.008,0.0135,0,0.013,""
2,loglog_auc_n380,alternative,null_auc_n380,380,all,2000,Stk.sym1,0.05,0.0575,0.00520546587732549,0.0635,0.045,0,0.0575,""
2,loglog_auc_n380,alternative,null_auc_n380,380,all,2000,Stk.sym1,0.1,0.11,0.00699642765988472,0.1175,0.0965,0,0.11,""
2,loglog_auc_n380,alternative,null_auc_n380,380,all,2000,Stk.marg,0.01,0.3505,0.0106688741205434,0.233,0.023,0,0.3505,""
2,loglog_auc_n380,alternative,null_auc_n380,380,all,2000,Stk.marg,0.05,0.539,0.0111462774054839,0.46,0.0755,0,0.539,""
2,loglog_auc_n380,alternative,null_auc_n380,380,all,2000,Stk.marg,0.1,0.6615,0.0105810620922476,0.6125,0.119,0,0.6615,""
2,loglog_auc_n380,alternative,null_auc_n380,380,all,2000,GiViTI,0.01,0.2475,0.00964996761652598,0.224,0.0105,0,0.2475,""
2,loglog_auc_n380,alternative,null_auc_n380,380,all,2000,GiViTI,0.05,0.494,0.0111795348740455,0.467,0.0585,0,0.494,""
2,loglog_auc_n380,alternative,null_auc_n380,380,all,2000,GiViTI,0.1,0.6445,0.0107032646888695,0.618,0.112,0,0.6445,""
2,loglog_auc_n380,alternative,null_auc_n380,380,all,2000,GiViTI.t50,0.01,0.234,0.00946688966873492,0.2105,0.011,0,0.234,""
2,loglog_auc_n380,alternative,null_auc_n380,380,all,2000,GiViTI.t50,0.05,0.487,0.0111765602937576,0.483,0.051,0,0.487,""
2,loglog_auc_n380,alternative,null_auc_n380,380,all,2000,GiViTI.t50,0.1,0.6325,0.010780624981883,0.6075,0.108,0,0.6325,""
2,loglog_auc_n380,alternative,null_auc_n380,380,all,2000,Cubic.LR,0.01,0.277,0.0100067727065223,0.2555,0.012,0,0.277,""
2,loglog_auc_n380,alternative,null_auc_n380,380,all,2000,Cubic.LR,0.05,0.5565,0.0111087296753499,0.527,0.0605,0,0.5565,""
2,loglog_auc_n380,alternative,null_auc_n380,380,all,2000,Cubic.LR,0.1,0.701,0.0102371626928559,0.6665,0.1175,0,0.701,""
2,loglog_auc_n380,alternative,null_auc_n380,380,all,2000,HL_w,0.01,0.06,0.0053103672189407,0.083,0.006,0,0.06,""
2,loglog_auc_n380,alternative,null_auc_n380,380,all,2000,HL_w,0.05,0.21,0.00910768905925098,0.219,0.045,0,0.21,""
2,loglog_auc_n380,alternative,null_auc_n380,380,all,2000,HL_w,0.1,0.343,0.0106148716431241,0.3445,0.0985,0,0.343,""
2,loglog_auc_n380,alternative,null_auc_n380,380,all,2000,PH,0.01,0.081,0.00610077863882964,0.099,0.0075,0,0.081,""
2,loglog_auc_n380,alternative,null_auc_n380,380,all,2000,PH,0.05,0.171,0.00841899637724117,0.1985,0.038,0,0.171,""
2,loglog_auc_n380,alternative,null_auc_n380,380,all,2000,PH,0.1,0.2565,0.00976493087533138,0.317,0.0695,0,0.2565,""
2,loglog_auc_n380,alternative,null_auc_n380,380,all,2000,Tsiatis,0.01,0.08,0.00606630035524124,0.077,0.0105,0,0.08,""
2,loglog_auc_n380,alternative,null_auc_n380,380,all,2000,Tsiatis,0.05,0.1885,0.00874550598879219,0.18,0.052,0,0.1885,""
2,loglog_auc_n380,alternative,null_auc_n380,380,all,2000,Tsiatis,0.1,0.274,0.00997306372184596,0.269,0.101,0,0.274,""
2,loglog_auc_n380,alternative,null_auc_n380,380,all,2000,Xie,0.01,0.06,0.0053103672189407,0.068,0.0075,0,0.06,""
2,loglog_auc_n380,alternative,null_auc_n380,380,all,2000,Xie,0.05,0.152,0.00802795117075334,0.194,0.036,0,0.152,""
2,loglog_auc_n380,alternative,null_auc_n380,380,all,2000,Xie,0.1,0.2225,0.00930036961631096,0.3005,0.0625,0,0.2225,""
2,loglog_auc_n380,alternative,null_auc_n380,380,all,2000,PR,0.01,0.0165,0.00284848644019943,0.0195,0.008,0,0.0165,""
2,loglog_auc_n380,alternative,null_auc_n380,380,all,2000,PR,0.05,0.087,0.0063020234845643,0.082,0.0575,0,0.087,""
2,loglog_auc_n380,alternative,null_auc_n380,380,all,2000,PR,0.1,0.169,0.00837970763213133,0.1345,0.1265,0,0.169,""
2,loglog_auc_n640,alternative,null_auc_n640,640,all,2000,flag.evlt.G10,,0,,,,0,,flag rate: share of replicates with the flag = 1
2,loglog_auc_n640,alternative,null_auc_n640,640,all,2000,flag.evlt.Grule,,0,,,,0,,flag rate: share of replicates with the flag = 1
2,loglog_auc_n640,alternative,null_auc_n640,640,all,2000,flag.stk_half0,,0,,,,0,,flag rate: share of replicates with the flag = 1
2,loglog_auc_n640,alternative,null_auc_n640,640,all,2000,flag.stk_diag,,0.2865,,,,0,,flag rate: share of replicates with the flag = 1
2,loglog_auc_n640,alternative,null_auc_n640,640,all,2000,flag.rivals_run,,1,,,,0,,flag rate: share of replicates with the flag = 1
2,loglog_auc_n640,alternative,null_auc_n640,640,all,2000,flag.degenerate,,0,,,,0,,flag rate: share of replicates with the flag = 1
2,loglog_auc_n640,alternative,null_auc_n640,640,all,2000,flag.info_guard,,0,,,,0,,flag rate: share of replicates with the flag = 1
2,loglog_auc_n640,alternative,null_auc_n640,640,all,2000,flag.rep_error,,0,,,,0,,flag rate: share of replicates with the flag = 1
2,loglog_auc_n640,alternative,null_auc_n640,640,all,2000,EDGE.poly3.u.G10,0.01,0.276,0.00999559903157384,0.306,0.0095,0,0.276,""
2,loglog_auc_n640,alternative,null_auc_n640,640,all,2000,EDGE.poly3.u.G10,0.05,0.5825,0.0110270973061817,0.5735,0.053,0,0.5825,""
2,loglog_auc_n640,alternative,null_auc_n640,640,all,2000,EDGE.poly3.u.G10,0.1,0.7395,0.00981426894883159,0.7415,0.097,0,0.7395,""
2,loglog_auc_n640,alternative,null_auc_n640,640,all,2000,EDGE.poly3.sc.G10,0.01,0.267,0.00989219389215557,0.2635,0.01,0,0.267,""
2,loglog_auc_n640,alternative,null_auc_n640,640,all,2000,EDGE.poly3.sc.G10,0.05,0.537,0.011149686094236,0.548,0.045,0,0.537,""
2,loglog_auc_n640,alternative,null_auc_n640,640,all,2000,EDGE.poly3.sc.G10,0.1,0.663,0.0105695553359638,0.6625,0.1,0,0.663,""
2,loglog_auc_n640,alternative,null_auc_n640,640,all,2000,EDGE.poly2.u.G10,0.01,0.5025,0.0111802001323769,0.5155,0.0085,0,0.5025,""
2,loglog_auc_n640,alternative,null_auc_n640,640,all,2000,EDGE.poly2.u.G10,0.05,0.7555,0.00961040451802108,0.766,0.046,0,0.7555,""
2,loglog_auc_n640,alternative,null_auc_n640,640,all,2000,EDGE.poly2.u.G10,0.1,0.848,0.00802795117075335,0.84,0.1085,0,0.848,""
2,loglog_auc_n640,alternative,null_auc_n640,640,all,2000,EDGE.poly2.sc.G10,0.01,0.3295,0.0105102271621502,0.338,0.009,0,0.3295,""
2,loglog_auc_n640,alternative,null_auc_n640,640,all,2000,EDGE.poly2.sc.G10,0.05,0.5985,0.0109612442268202,0.587,0.052,0,0.5985,""
2,loglog_auc_n640,alternative,null_auc_n640,640,all,2000,EDGE.poly2.sc.G10,0.1,0.7135,0.0101098405031929,0.7035,0.1065,0,0.7135,""
2,loglog_auc_n640,alternative,null_auc_n640,640,all,2000,EDGE.stk.u.G10,0.01,0.1785,0.0085626441593704,0.179,0.0095,0,0.1785,""
2,loglog_auc_n640,alternative,null_auc_n640,640,all,2000,EDGE.stk.u.G10,0.05,0.3305,0.0105183114139105,0.335,0.047,0,0.3305,""
2,loglog_auc_n640,alternative,null_auc_n640,640,all,2000,EDGE.stk.u.G10,0.1,0.4755,0.0111669098232233,0.4695,0.1015,0,0.4755,""
2,loglog_auc_n640,alternative,null_auc_n640,640,all,2000,EDGE.stk.sc.G10,0.01,0.256,0.00975868843646522,0.264,0.0095,0,0.256,""
2,loglog_auc_n640,alternative,null_auc_n640,640,all,2000,EDGE.stk.sc.G10,0.05,0.5365,0.0111505100780189,0.538,0.0495,0,0.5365,""
2,loglog_auc_n640,alternative,null_auc_n640,640,all,2000,EDGE.stk.sc.G10,0.1,0.6885,0.0103553790370029,0.681,0.1025,0,0.6885,""
2,loglog_auc_n640,alternative,null_auc_n640,640,all,2000,EDGE.sym.u.G10,0.01,0.01,0.0022248595461287,0.009,0.0125,0,0.01,""
2,loglog_auc_n640,alternative,null_auc_n640,640,all,2000,EDGE.sym.u.G10,0.05,0.0385,0.00430219420761081,0.0385,0.049,0,0.0385,""
2,loglog_auc_n640,alternative,null_auc_n640,640,all,2000,EDGE.sym.u.G10,0.1,0.082,0.00613498166256428,0.0815,0.1005,0,0.082,""
2,loglog_auc_n640,alternative,null_auc_n640,640,all,2000,EDGE.sym.sc.G10,0.01,0.008,0.0019919839356782,0.0065,0.0125,0,0.008,""
2,loglog_auc_n640,alternative,null_auc_n640,640,all,2000,EDGE.sym.sc.G10,0.05,0.0405,0.00440793318914886,0.04,0.05,0,0.0405,""
2,loglog_auc_n640,alternative,null_auc_n640,640,all,2000,EDGE.sym.sc.G10,0.1,0.088,0.00633466652634533,0.0855,0.1035,0,0.088,""
2,loglog_auc_n640,alternative,null_auc_n640,640,all,2000,EDGE.poly3.u.Grule,0.01,0.299,0.0102371626928559,0.322,0.008,0,0.299,""
2,loglog_auc_n640,alternative,null_auc_n640,640,all,2000,EDGE.poly3.u.Grule,0.05,0.616,0.0108752930994985,0.6185,0.049,0,0.616,""
2,loglog_auc_n640,alternative,null_auc_n640,640,all,2000,EDGE.poly3.u.Grule,0.1,0.7795,0.00927037620595842,0.775,0.103,0,0.7795,""
2,loglog_auc_n640,alternative,null_auc_n640,640,all,2000,EDGE.poly3.sc.Grule,0.01,0.2945,0.0101923929967403,0.257,0.0115,0,0.2945,""
2,loglog_auc_n640,alternative,null_auc_n640,640,all,2000,EDGE.poly3.sc.Grule,0.05,0.5675,0.0110779905668853,0.536,0.053,0,0.5675,""
2,loglog_auc_n640,alternative,null_auc_n640,640,all,2000,EDGE.poly3.sc.Grule,0.1,0.699,0.0102566807496383,0.6945,0.102,0,0.699,""
2,loglog_auc_n640,alternative,null_auc_n640,640,all,2000,EDGE.poly2.u.Grule,0.01,0.5235,0.0111679843749891,0.556,0.007,0,0.5235,""
2,loglog_auc_n640,alternative,null_auc_n640,640,all,2000,EDGE.poly2.u.Grule,0.05,0.7755,0.00933005225065755,0.786,0.045,0,0.7755,""
2,loglog_auc_n640,alternative,null_auc_n640,640,all,2000,EDGE.poly2.u.Grule,0.1,0.871,0.00749529852640974,0.873,0.0975,0,0.871,""
2,loglog_auc_n640,alternative,null_auc_n640,640,all,2000,EDGE.poly2.sc.Grule,0.01,0.3655,0.0107682345349644,0.36,0.0115,0,0.3655,""
2,loglog_auc_n640,alternative,null_auc_n640,640,all,2000,EDGE.poly2.sc.Grule,0.05,0.6235,0.010833922419881,0.618,0.05,0,0.6235,""
2,loglog_auc_n640,alternative,null_auc_n640,640,all,2000,EDGE.poly2.sc.Grule,0.1,0.7475,0.0097145187734648,0.74,0.104,0,0.7475,""
2,loglog_auc_n640,alternative,null_auc_n640,640,all,2000,EDGE.stk.u.Grule,0.01,0.19,0.00877211491032807,0.146,0.014,0,0.19,""
2,loglog_auc_n640,alternative,null_auc_n640,640,all,2000,EDGE.stk.u.Grule,0.05,0.3295,0.0105102271621502,0.342,0.0465,0,0.3295,""
2,loglog_auc_n640,alternative,null_auc_n640,640,all,2000,EDGE.stk.u.Grule,0.1,0.4285,0.0110654360510556,0.4465,0.0875,0,0.4285,""
2,loglog_auc_n640,alternative,null_auc_n640,640,all,2000,EDGE.stk.sc.Grule,0.01,0.2735,0.00996739058129057,0.2775,0.0095,0,0.2735,""
2,loglog_auc_n640,alternative,null_auc_n640,640,all,2000,EDGE.stk.sc.Grule,0.05,0.5615,0.0110954438847664,0.58,0.039,0,0.5615,""
2,loglog_auc_n640,alternative,null_auc_n640,640,all,2000,EDGE.stk.sc.Grule,0.1,0.7305,0.00992143512804473,0.7335,0.099,0,0.7305,""
2,loglog_auc_n640,alternative,null_auc_n640,640,all,2000,EDGE.sym.u.Grule,0.01,0.025,0.00349106001094224,0.019,0.0135,0,0.025,""
2,loglog_auc_n640,alternative,null_auc_n640,640,all,2000,EDGE.sym.u.Grule,0.05,0.0545,0.00507591124823908,0.058,0.047,0,0.0545,""
2,loglog_auc_n640,alternative,null_auc_n640,640,all,2000,EDGE.sym.u.Grule,0.1,0.0915,0.00644700511865781,0.091,0.101,0,0.0915,""
2,loglog_auc_n640,alternative,null_auc_n640,640,all,2000,EDGE.sym.sc.Grule,0.01,0.012,0.00243474844696531,0.013,0.0095,0,0.012,""
2,loglog_auc_n640,alternative,null_auc_n640,640,all,2000,EDGE.sym.sc.Grule,0.05,0.0535,0.00503178646208283,0.048,0.0535,0,0.0535,""
2,loglog_auc_n640,alternative,null_auc_n640,640,all,2000,EDGE.sym.sc.Grule,0.1,0.1105,0.00701034057660539,0.1095,0.1045,0,0.1105,""
2,loglog_auc_n640,alternative,null_auc_n640,640,all,2000,HL.G10,0.01,0.176,0.00851539781807051,0.1695,0.01,0,0.176,""
2,loglog_auc_n640,alternative,null_auc_n640,640,all,2000,HL.G10,0.05,0.3665,0.0107744547425844,0.3765,0.0465,0,0.3665,""
2,loglog_auc_n640,alternative,null_auc_n640,640,all,2000,HL.G10,0.1,0.488,0.0111771194858067,0.48,0.104,0,0.488,""
2,loglog_auc_n640,alternative,null_auc_n640,640,all,2000,HL.Grule,0.01,0.119,0.00724013121428058,0.0975,0.012,0,0.119,""
2,loglog_auc_n640,alternative,null_auc_n640,640,all,2000,HL.Grule,0.05,0.243,0.00959038581080031,0.249,0.0455,0,0.243,""
2,loglog_auc_n640,alternative,null_auc_n640,640,all,2000,HL.Grule,0.1,0.339,0.0105848712793307,0.3395,0.0995,0,0.339,""
2,loglog_auc_n640,alternative,null_auc_n640,640,all,2000,HLF.G10,0.01,0.166,0.00831997596150374,0.178,0.009,0,0.166,""
2,loglog_auc_n640,alternative,null_auc_n640,640,all,2000,HLF.G10,0.05,0.356,0.0107066334578148,0.374,0.0475,0,0.356,""
2,loglog_auc_n640,alternative,null_auc_n640,640,all,2000,HLF.G10,0.1,0.505,0.0111797808565285,0.513,0.0975,0,0.505,""
2,loglog_auc_n640,alternative,null_auc_n640,640,all,2000,HLF.Grule,0.01,0.083,0.00616891400491205,0.075,0.0105,0,0.083,""
2,loglog_auc_n640,alternative,null_auc_n640,640,all,2000,HLF.Grule,0.05,0.222,0.00929290051598531,0.222,0.0495,0,0.222,""
2,loglog_auc_n640,alternative,null_auc_n640,640,all,2000,HLF.Grule,0.1,0.3315,0.0105263419572043,0.343,0.092,0,0.3315,""
2,loglog_auc_n640,alternative,null_auc_n640,640,all,2000,Stk.joint,0.01,0.347,0.0106440358887031,0.3885,0.0085,0,0.347,""
2,loglog_auc_n640,alternative,null_auc_n640,640,all,2000,Stk.joint,0.05,0.6705,0.0105102271621502,0.6585,0.053,0,0.6705,""
2,loglog_auc_n640,alternative,null_auc_n640,640,all,2000,Stk.joint,0.1,0.809,0.00878973833512693,0.8115,0.098,0,0.809,""
2,loglog_auc_n640,alternative,null_auc_n640,640,all,2000,Stk.LR,0.01,0.569,0.0110733689543878,0.584,0.0085,0,0.569,""
2,loglog_auc_n640,alternative,null_auc_n640,640,all,2000,Stk.LR,0.05,0.811,0.00875439889427024,0.7985,0.056,0,0.811,""
2,loglog_auc_n640,alternative,null_auc_n640,640,all,2000,Stk.LR,0.1,0.887,0.00707923018413726,0.8735,0.111,0,0.887,""
2,loglog_auc_n640,alternative,null_auc_n640,640,all,2000,Stk.sym1,0.01,0.0135,0.00258047960658479,0.0135,0.01,0,0.0135,""
2,loglog_auc_n640,alternative,null_auc_n640,640,all,2000,Stk.sym1,0.05,0.0595,0.00528960064655169,0.0545,0.0545,0,0.0595,""
2,loglog_auc_n640,alternative,null_auc_n640,640,all,2000,Stk.sym1,0.1,0.1125,0.00706554138053129,0.1025,0.106,0,0.1125,""
2,loglog_auc_n640,alternative,null_auc_n640,640,all,2000,Stk.marg,0.01,0.625,0.0108253175473055,0.5505,0.0195,0,0.625,""
2,loglog_auc_n640,alternative,null_auc_n640,640,all,2000,Stk.marg,0.05,0.823,0.00853437168161781,0.7825,0.0675,0,0.823,""
2,loglog_auc_n640,alternative,null_auc_n640,640,all,2000,Stk.marg,0.1,0.889,0.00702420814042409,0.874,0.117,0,0.889,""
2,loglog_auc_n640,alternative,null_auc_n640,640,all,2000,GiViTI,0.01,0.4935,0.0111793951088599,0.5315,0.007,0,0.4935,""
2,loglog_auc_n640,alternative,null_auc_n640,640,all,2000,GiViTI,0.05,0.759,0.00956344603163525,0.7645,0.0465,0,0.759,""
2,loglog_auc_n640,alternative,null_auc_n640,640,all,2000,GiViTI,0.1,0.861,0.00773559952427735,0.856,0.104,0,0.861,""
2,loglog_auc_n640,alternative,null_auc_n640,640,all,2000,GiViTI.t50,0.01,0.4885,0.0111773822964055,0.509,0.0085,0,0.4885,""
2,loglog_auc_n640,alternative,null_auc_n640,640,all,2000,GiViTI.t50,0.05,0.756,0.00960374926786409,0.7655,0.0455,0,0.756,""
2,loglog_auc_n640,alternative,null_auc_n640,640,all,2000,GiViTI.t50,0.1,0.85,0.00798435971133566,0.8515,0.0985,0,0.85,""
2,loglog_auc_n640,alternative,null_auc_n640,640,all,2000,Cubic.LR,0.01,0.5735,0.0110588821767844,0.551,0.0105,0,0.5735,""
2,loglog_auc_n640,alternative,null_auc_n640,640,all,2000,Cubic.LR,0.05,0.815,0.0086825975376036,0.805,0.056,0,0.815,""
2,loglog_auc_n640,alternative,null_auc_n640,640,all,2000,Cubic.LR,0.1,0.8925,0.00692617318582203,0.877,0.1135,0,0.8925,""
2,loglog_auc_n640,alternative,null_auc_n640,640,all,2000,HL_w,0.01,0.139,0.00773559952427735,0.164,0.007,0,0.139,""
2,loglog_auc_n640,alternative,null_auc_n640,640,all,2000,HL_w,0.05,0.366,0.0107713508902087,0.3415,0.056,0,0.366,""
2,loglog_auc_n640,alternative,null_auc_n640,640,all,2000,HL_w,0.1,0.5255,0.0111657903885036,0.5245,0.101,0,0.5255,""
2,loglog_auc_n640,alternative,null_auc_n640,640,all,2000,PH,0.01,0.1415,0.00779351493230109,0.1715,0.008,0,0.1415,""
2,loglog_auc_n640,alternative,null_auc_n640,640,all,2000,PH,0.05,0.3005,0.0102518230086166,0.378,0.0285,0,0.3005,""
2,loglog_auc_n640,alternative,null_auc_n640,640,all,2000,PH,0.1,0.42,0.0110363037290571,0.4815,0.0685,0,0.42,""
2,loglog_auc_n640,alternative,null_auc_n640,640,all,2000,Tsiatis,0.01,0.131,0.00754450130890041,0.127,0.01,0,0.131,""
2,loglog_auc_n640,alternative,null_auc_n640,640,all,2000,Tsiatis,0.05,0.3065,0.0103091646121303,0.299,0.0525,0,0.3065,""
2,loglog_auc_n640,alternative,null_auc_n640,640,all,2000,Tsiatis,0.1,0.4215,0.0110416880502938,0.431,0.0955,0,0.4215,""
2,loglog_auc_n640,alternative,null_auc_n640,640,all,2000,Xie,0.01,0.096,0.00658726043207645,0.146,0.004,0,0.096,""
2,loglog_auc_n640,alternative,null_auc_n640,640,all,2000,Xie,0.05,0.2365,0.00950178272746752,0.319,0.0285,0,0.2365,""
2,loglog_auc_n640,alternative,null_auc_n640,640,all,2000,Xie,0.1,0.3525,0.0106827840472416,0.454,0.0595,0,0.3525,""
2,loglog_auc_n640,alternative,null_auc_n640,640,all,2000,PR,0.01,0.024,0.00342227994179319,0.0335,0.0085,0,0.024,""
2,loglog_auc_n640,alternative,null_auc_n640,640,all,2000,PR,0.05,0.1285,0.00748290551858033,0.1185,0.0575,0,0.1285,""
2,loglog_auc_n640,alternative,null_auc_n640,640,all,2000,PR,0.1,0.2225,0.00930036961631096,0.2,0.1205,0,0.2225,""
2,probit_e12_n4300,alternative,null_e12_n4300,4300,all,2000,flag.evlt.G10,,0,,,,0,,flag rate: share of replicates with the flag = 1
2,probit_e12_n4300,alternative,null_e12_n4300,4300,all,2000,flag.evlt.Grule,,0,,,,0,,flag rate: share of replicates with the flag = 1
2,probit_e12_n4300,alternative,null_e12_n4300,4300,all,2000,flag.stk_half0,,0,,,,0,,flag rate: share of replicates with the flag = 1
2,probit_e12_n4300,alternative,null_e12_n4300,4300,all,2000,flag.stk_diag,,0,,,,0,,flag rate: share of replicates with the flag = 1
2,probit_e12_n4300,alternative,null_e12_n4300,4300,all,2000,flag.rivals_run,,1,,,,0,,flag rate: share of replicates with the flag = 1
2,probit_e12_n4300,alternative,null_e12_n4300,4300,all,2000,flag.degenerate,,0,,,,0,,flag rate: share of replicates with the flag = 1
2,probit_e12_n4300,alternative,null_e12_n4300,4300,all,2000,flag.info_guard,,0,,,,0,,flag rate: share of replicates with the flag = 1
2,probit_e12_n4300,alternative,null_e12_n4300,4300,all,2000,flag.rep_error,,0,,,,0,,flag rate: share of replicates with the flag = 1
2,probit_e12_n4300,alternative,null_e12_n4300,4300,all,2000,EDGE.poly3.u.G10,0.01,0.162,0.00823881059376898,0.1535,0.01,0,0.162,""
2,probit_e12_n4300,alternative,null_e12_n4300,4300,all,2000,EDGE.poly3.u.G10,0.05,0.4025,0.0109657136110697,0.397,0.05,0,0.4025,""
2,probit_e12_n4300,alternative,null_e12_n4300,4300,all,2000,EDGE.poly3.u.G10,0.1,0.56,0.0110995495404093,0.556,0.1025,0,0.56,""
2,probit_e12_n4300,alternative,null_e12_n4300,4300,all,2000,EDGE.poly3.sc.G10,0.01,0.114,0.00710647591989166,0.1165,0.0095,0,0.114,""
2,probit_e12_n4300,alternative,null_e12_n4300,4300,all,2000,EDGE.poly3.sc.G10,0.05,0.284,0.0100832534432097,0.2945,0.0485,0,0.284,""
2,probit_e12_n4300,alternative,null_e12_n4300,4300,all,2000,EDGE.poly3.sc.G10,0.1,0.4015,0.0109612442268202,0.4125,0.0925,0,0.4015,""
2,probit_e12_n4300,alternative,null_e12_n4300,4300,all,2000,EDGE.poly2.u.G10,0.01,0.206,0.00904334009091774,0.192,0.0105,0,0.206,""
2,probit_e12_n4300,alternative,null_e12_n4300,4300,all,2000,EDGE.poly2.u.G10,0.05,0.4395,0.0110981924203899,0.4345,0.0515,0,0.4395,""
2,probit_e12_n4300,alternative,null_e12_n4300,4300,all,2000,EDGE.poly2.u.G10,0.1,0.5835,0.011023333207338,0.576,0.1035,0,0.5835,""
2,probit_e12_n4300,alternative,null_e12_n4300,4300,all,2000,EDGE.poly2.sc.G10,0.01,0.105,0.00685474288358068,0.1005,0.0105,0,0.105,""
2,probit_e12_n4300,alternative,null_e12_n4300,4300,all,2000,EDGE.poly2.sc.G10,0.05,0.2615,0.00982643755386457,0.281,0.0405,0,0.2615,""
2,probit_e12_n4300,alternative,null_e12_n4300,4300,all,2000,EDGE.poly2.sc.G10,0.1,0.375,0.0108253175473055,0.3835,0.094,0,0.375,""
2,probit_e12_n4300,alternative,null_e12_n4300,4300,all,2000,EDGE.stk.u.G10,0.01,0.043,0.00453602248671675,0.029,0.013,0,0.043,""
2,probit_e12_n4300,alternative,null_e12_n4300,4300,all,2000,EDGE.stk.u.G10,0.05,0.306,0.0103044650516172,0.302,0.0525,0,0.306,""
2,probit_e12_n4300,alternative,null_e12_n4300,4300,all,2000,EDGE.stk.u.G10,0.1,0.525,0.0111663557170636,0.4985,0.1085,0,0.525,""
2,probit_e12_n4300,alternative,null_e12_n4300,4300,all,2000,EDGE.stk.sc.G10,0.01,0.165,0.00829984939622401,0.164,0.01,0,0.165,""
2,probit_e12_n4300,alternative,null_e12_n4300,4300,all,2000,EDGE.stk.sc.G10,0.05,0.401,0.0109589917419441,0.387,0.052,0,0.401,""
2,probit_e12_n4300,alternative,null_e12_n4300,4300,all,2000,EDGE.stk.sc.G10,0.1,0.5655,0.0110839918350746,0.5695,0.0975,0,0.5655,""
2,probit_e12_n4300,alternative,null_e12_n4300,4300,all,2000,EDGE.sym.u.G10,0.01,0.072,0.0057799653978203,0.0395,0.0135,0,0.072,""
2,probit_e12_n4300,alternative,null_e12_n4300,4300,all,2000,EDGE.sym.u.G10,0.05,0.4205,0.0110381101190376,0.387,0.054,0,0.4205,""
2,probit_e12_n4300,alternative,null_e12_n4300,4300,all,2000,EDGE.sym.u.G10,0.1,0.6135,0.0108884744110458,0.591,0.1095,0,0.6135,""
2,probit_e12_n4300,alternative,null_e12_n4300,4300,all,2000,EDGE.sym.sc.G10,0.01,0.2605,0.00981426894883159,0.254,0.011,0,0.2605,""
2,probit_e12_n4300,alternative,null_e12_n4300,4300,all,2000,EDGE.sym.sc.G10,0.05,0.557,0.0111074524531956,0.5335,0.0575,0,0.557,""
2,probit_e12_n4300,alternative,null_e12_n4300,4300,all,2000,EDGE.sym.sc.G10,0.1,0.6875,0.0103644524698606,0.6605,0.119,0,0.6875,""
2,probit_e12_n4300,alternative,null_e12_n4300,4300,all,2000,EDGE.poly3.u.Grule,0.01,0.192,0.00880726972449465,0.216,0.008,0,0.192,""
2,probit_e12_n4300,alternative,null_e12_n4300,4300,all,2000,EDGE.poly3.u.Grule,0.05,0.441,0.0111022295058245,0.457,0.045,0,0.441,""
2,probit_e12_n4300,alternative,null_e12_n4300,4300,all,2000,EDGE.poly3.u.Grule,0.1,0.588,0.0110058166439388,0.5995,0.094,0,0.588,""
2,probit_e12_n4300,alternative,null_e12_n4300,4300,all,2000,EDGE.poly3.sc.Grule,0.01,0.1615,0.00822854027151839,0.1815,0.008,0,0.1615,""
2,probit_e12_n4300,alternative,null_e12_n4300,4300,all,2000,EDGE.poly3.sc.Grule,0.05,0.4045,0.0109745102396417,0.411,0.0475,0,0.4045,""
2,probit_e12_n4300,alternative,null_e12_n4300,4300,all,2000,EDGE.poly3.sc.Grule,0.1,0.553,0.0111173513032556,0.5485,0.101,0,0.553,""
2,probit_e12_n4300,alternative,null_e12_n4300,4300,all,2000,EDGE.poly2.u.Grule,0.01,0.229,0.00939571710940682,0.242,0.008,0,0.229,""
2,probit_e12_n4300,alternative,null_e12_n4300,4300,all,2000,EDGE.poly2.u.Grule,0.05,0.467,0.0111559625313103,0.4635,0.05,0,0.467,""
2,probit_e12_n4300,alternative,null_e12_n4300,4300,all,2000,EDGE.poly2.u.Grule,0.1,0.597,0.0109679305249441,0.597,0.099,0,0.597,""
2,probit_e12_n4300,alternative,null_e12_n4300,4300,all,2000,EDGE.poly2.sc.Grule,0.01,0.213,0.00915508055671822,0.2295,0.0085,0,0.213,""
2,probit_e12_n4300,alternative,null_e12_n4300,4300,all,2000,EDGE.poly2.sc.Grule,0.05,0.48,0.0111713920350152,0.486,0.0485,0,0.48,""
2,probit_e12_n4300,alternative,null_e12_n4300,4300,all,2000,EDGE.poly2.sc.Grule,0.1,0.618,0.0108645294421802,0.6345,0.0915,0,0.618,""
2,probit_e12_n4300,alternative,null_e12_n4300,4300,all,2000,EDGE.stk.u.Grule,0.01,0.064,0.00547284204047586,0.0605,0.01,0,0.064,""
2,probit_e12_n4300,alternative,null_e12_n4300,4300,all,2000,EDGE.stk.u.Grule,0.05,0.246,0.0096302647938673,0.254,0.047,0,0.246,""
2,probit_e12_n4300,alternative,null_e12_n4300,4300,all,2000,EDGE.stk.u.Grule,0.1,0.42,0.0110363037290571,0.416,0.1015,0,0.42,""
2,probit_e12_n4300,alternative,null_e12_n4300,4300,all,2000,EDGE.stk.sc.Grule,0.01,0.1555,0.00810307811883854,0.168,0.009,0,0.1555,""
2,probit_e12_n4300,alternative,null_e12_n4300,4300,all,2000,EDGE.stk.sc.Grule,0.05,0.4005,0.0109567273854924,0.4205,0.047,0,0.4005,""
2,probit_e12_n4300,alternative,null_e12_n4300,4300,all,2000,EDGE.stk.sc.Grule,0.1,0.5555,0.0111112499296884,0.5725,0.0925,0,0.5555,""
2,probit_e12_n4300,alternative,null_e12_n4300,4300,all,2000,EDGE.sym.u.Grule,0.01,0.0595,0.00528960064655169,0.0675,0.009,0,0.0595,""
2,probit_e12_n4300,alternative,null_e12_n4300,4300,all,2000,EDGE.sym.u.Grule,0.05,0.406,0.0109809835625048,0.4305,0.046,0,0.406,""
2,probit_e12_n4300,alternative,null_e12_n4300,4300,all,2000,EDGE.sym.u.Grule,0.1,0.62,0.0108535708409721,0.617,0.101,0,0.62,""
2,probit_e12_n4300,alternative,null_e12_n4300,4300,all,2000,EDGE.sym.sc.Grule,0.01,0.2995,0.0102420640009717,0.299,0.01,0,0.2995,""
2,probit_e12_n4300,alternative,null_e12_n4300,4300,all,2000,EDGE.sym.sc.Grule,0.05,0.604,0.0109358127269993,0.6095,0.049,0,0.604,""
2,probit_e12_n4300,alternative,null_e12_n4300,4300,all,2000,EDGE.sym.sc.Grule,0.1,0.7355,0.00986254911267873,0.7355,0.0995,0,0.7355,""
2,probit_e12_n4300,alternative,null_e12_n4300,4300,all,2000,HL.G10,0.01,0.022,0.00327993902382346,0.032,0.007,0,0.022,""
2,probit_e12_n4300,alternative,null_e12_n4300,4300,all,2000,HL.G10,0.05,0.1155,0.00714701860918243,0.139,0.0365,0,0.1155,""
2,probit_e12_n4300,alternative,null_e12_n4300,4300,all,2000,HL.G10,0.1,0.2045,0.00901886217878952,0.24,0.0785,0,0.2045,""
2,probit_e12_n4300,alternative,null_e12_n4300,4300,all,2000,HL.Grule,0.01,0.0015,0.000865375640979107,0.0015,0.009,0,0.0015,""
2,probit_e12_n4300,alternative,null_e12_n4300,4300,all,2000,HL.Grule,0.05,0.0025,0.00111663557170637,0.0025,0.0475,0,0.0025,""
2,probit_e12_n4300,alternative,null_e12_n4300,4300,all,2000,HL.Grule,0.1,0.0055,0.00165374574829385,0.006,0.0935,0,0.0055,""
2,probit_e12_n4300,alternative,null_e12_n4300,4300,all,2000,HLF.G10,0.01,0.0555,0.00511955808639769,0.0735,0.0065,0,0.0555,""
2,probit_e12_n4300,alternative,null_e12_n4300,4300,all,2000,HLF.G10,0.05,0.2065,0.0090514570650255,0.259,0.038,0,0.2065,""
2,probit_e12_n4300,alternative,null_e12_n4300,4300,all,2000,HLF.G10,0.1,0.348,0.0106511971158175,0.3875,0.078,0,0.348,""
2,probit_e12_n4300,alternative,null_e12_n4300,4300,all,2000,HLF.Grule,0.01,0.007,0.00186426929385215,0.0085,0.0095,0,0.007,""
2,probit_e12_n4300,alternative,null_e12_n4300,4300,all,2000,HLF.Grule,0.05,0.053,0.0050095408971282,0.0595,0.0425,0,0.053,""
2,probit_e12_n4300,alternative,null_e12_n4300,4300,all,2000,HLF.Grule,0.1,0.116,0.00716044691342656,0.1255,0.0925,0,0.116,""
2,probit_e12_n4300,alternative,null_e12_n4300,4300,all,2000,Stk.joint,0.01,0.2155,0.00919401299759795,0.221,0.0095,0,0.2155,""
2,probit_e12_n4300,alternative,null_e12_n4300,4300,all,2000,Stk.joint,0.05,0.476,0.0111674527086529,0.4845,0.0475,0,0.476,""
2,probit_e12_n4300,alternative,null_e12_n4300,4300,all,2000,Stk.joint,0.1,0.634,0.0107713508902087,0.633,0.1,0,0.634,""
2,probit_e12_n4300,alternative,null_e12_n4300,4300,all,2000,Stk.LR,0.01,0.288,0.0101256110926699,0.2805,0.0105,0,0.288,""
2,probit_e12_n4300,alternative,null_e12_n4300,4300,all,2000,Stk.LR,0.05,0.5425,0.0111398776923268,0.5305,0.0505,0,0.5425,""
2,probit_e12_n4300,alternative,null_e12_n4300,4300,all,2000,Stk.LR,0.1,0.676,0.010464798134699,0.6705,0.102,0,0.676,""
2,probit_e12_n4300,alternative,null_e12_n4300,4300,all,2000,Stk.sym1,0.01,0.2995,0.0102420640009717,0.3035,0.0095,0,0.2995,""
2,probit_e12_n4300,alternative,null_e12_n4300,4300,all,2000,Stk.sym1,0.05,0.6045,0.0109334292424655,0.6095,0.0475,0,0.6045,""
2,probit_e12_n4300,alternative,null_e12_n4300,4300,all,2000,Stk.sym1,0.1,0.7395,0.00981426894883159,0.739,0.1,0,0.7395,""
2,probit_e12_n4300,alternative,null_e12_n4300,4300,all,2000,Stk.marg,0.01,0.2735,0.00996739058129057,1,0,0,0.2735,""
2,probit_e12_n4300,alternative,null_e12_n4300,4300,all,2000,Stk.marg,0.05,0.511,0.0111776339177842,1,0,0,0.511,""
2,probit_e12_n4300,alternative,null_e12_n4300,4300,all,2000,Stk.marg,0.1,0.6335,0.0107744547425844,1,0,0,0.6335,""
2,probit_e12_n4300,alternative,null_e12_n4300,4300,all,2000,GiViTI,0.01,0.3315,0.0105263419572043,0.3355,0.009,0,0.3315,""
2,probit_e12_n4300,alternative,null_e12_n4300,4300,all,2000,GiViTI,0.05,0.606,0.0109262070271435,0.6095,0.0475,0,0.606,""
2,probit_e12_n4300,alternative,null_e12_n4300,4300,all,2000,GiViTI,0.1,0.732,0.0099039386104721,0.7365,0.098,0,0.732,""
2,probit_e12_n4300,alternative,null_e12_n4300,4300,all,2000,GiViTI.t50,0.01,0.292,0.0101670054588359,0.317,0.0075,0,0.292,""
2,probit_e12_n4300,alternative,null_e12_n4300,4300,all,2000,GiViTI.t50,0.05,0.554,0.0111149448941504,0.573,0.0435,0,0.554,""
2,probit_e12_n4300,alternative,null_e12_n4300,4300,all,2000,GiViTI.t50,0.1,0.6795,0.010435031145138,0.6875,0.095,0,0.6795,""
2,probit_e12_n4300,alternative,null_e12_n4300,4300,all,2000,Cubic.LR,0.01,0.2855,0.010099251209867,0.3005,0.0085,0,0.2855,""
2,probit_e12_n4300,alternative,null_e12_n4300,4300,all,2000,Cubic.LR,0.05,0.54,0.011144505372604,0.573,0.0415,0,0.54,""
2,probit_e12_n4300,alternative,null_e12_n4300,4300,all,2000,Cubic.LR,0.1,0.6705,0.0105102271621502,0.6925,0.0885,0,0.6705,""
2,probit_e12_n4300,alternative,null_e12_n4300,4300,all,2000,HL_w,0.01,0.0495,0.0048502448391808,0.059,0.0065,0,0.0495,""
2,probit_e12_n4300,alternative,null_e12_n4300,4300,all,2000,HL_w,0.05,0.147,0.00791804900212167,0.1535,0.045,0,0.147,""
2,probit_e12_n4300,alternative,null_e12_n4300,4300,all,2000,HL_w,0.1,0.253,0.00972087958983136,0.246,0.1035,0,0.253,""
2,probit_e12_n4300,alternative,null_e12_n4300,4300,all,2000,PH,0.01,0.011,0.00233227356885937,0.033,0.004,0,0.011,""
2,probit_e12_n4300,alternative,null_e12_n4300,4300,all,2000,PH,0.05,0.072,0.0057799653978203,0.142,0.0215,0,0.072,""
2,probit_e12_n4300,alternative,null_e12_n4300,4300,all,2000,PH,0.1,0.1435,0.00783925219647895,0.244,0.0505,0,0.1435,""
2,probit_e12_n4300,alternative,null_e12_n4300,4300,all,2000,Tsiatis,0.01,0.0325,0.00396508196636589,0.027,0.0105,0,0.0325,""
2,probit_e12_n4300,alternative,null_e12_n4300,4300,all,2000,Tsiatis,0.05,0.117,0.00718717607965743,0.115,0.054,0,0.117,""
2,probit_e12_n4300,alternative,null_e12_n4300,4300,all,2000,Tsiatis,0.1,0.1975,0.00890207138816579,0.1875,0.1055,0,0.1975,""
2,probit_e12_n4300,alternative,null_e12_n4300,4300,all,2000,Xie,0.01,0.015,0.00271799558498538,0.0285,0.004,0,0.015,""
2,probit_e12_n4300,alternative,null_e12_n4300,4300,all,2000,Xie,0.05,0.0705,0.00572406105837455,0.1225,0.026,0,0.0705,""
2,probit_e12_n4300,alternative,null_e12_n4300,4300,all,2000,Xie,0.1,0.1465,0.0079068878201224,0.2125,0.0645,0,0.1465,""
2,probit_e12_n4300,alternative,null_e12_n4300,4300,all,2000,PR,0.01,0.0315,0.0039056209493498,0.029,0.011,0,0.0315,""
2,probit_e12_n4300,alternative,null_e12_n4300,4300,all,2000,PR,0.05,0.2125,0.00914723318823785,0.1885,0.0615,0,0.2125,""
2,probit_e12_n4300,alternative,null_e12_n4300,4300,all,2000,PR,0.1,0.3885,0.0108988015396189,0.315,0.1315,0,0.3885,""
2,probit_e12_n7200,alternative,null_e12_n7200,7200,all,2000,flag.evlt.G10,,0,,,,0,,flag rate: share of replicates with the flag = 1
2,probit_e12_n7200,alternative,null_e12_n7200,7200,all,2000,flag.evlt.Grule,,0,,,,0,,flag rate: share of replicates with the flag = 1
2,probit_e12_n7200,alternative,null_e12_n7200,7200,all,2000,flag.stk_half0,,0,,,,0,,flag rate: share of replicates with the flag = 1
2,probit_e12_n7200,alternative,null_e12_n7200,7200,all,2000,flag.stk_diag,,0,,,,0,,flag rate: share of replicates with the flag = 1
2,probit_e12_n7200,alternative,null_e12_n7200,7200,all,2000,flag.rivals_run,,1,,,,0,,flag rate: share of replicates with the flag = 1
2,probit_e12_n7200,alternative,null_e12_n7200,7200,all,2000,flag.degenerate,,0,,,,0,,flag rate: share of replicates with the flag = 1
2,probit_e12_n7200,alternative,null_e12_n7200,7200,all,2000,flag.info_guard,,0,,,,0,,flag rate: share of replicates with the flag = 1
2,probit_e12_n7200,alternative,null_e12_n7200,7200,all,2000,flag.rep_error,,0,,,,0,,flag rate: share of replicates with the flag = 1
2,probit_e12_n7200,alternative,null_e12_n7200,7200,all,2000,EDGE.poly3.u.G10,0.01,0.392,0.010916409666186,0.4025,0.009,0,0.392,""
2,probit_e12_n7200,alternative,null_e12_n7200,7200,all,2000,EDGE.poly3.u.G10,0.05,0.6805,0.0104264027833189,0.6895,0.0475,0,0.6805,""
2,probit_e12_n7200,alternative,null_e12_n7200,7200,all,2000,EDGE.poly3.u.G10,0.1,0.795,0.00902704270511667,0.7925,0.1005,0,0.795,""
2,probit_e12_n7200,alternative,null_e12_n7200,7200,all,2000,EDGE.poly3.sc.G10,0.01,0.229,0.00939571710940682,0.251,0.0085,0,0.229,""
2,probit_e12_n7200,alternative,null_e12_n7200,7200,all,2000,EDGE.poly3.sc.G10,0.05,0.4685,0.0111581304437616,0.4935,0.0415,0,0.4685,""
2,probit_e12_n7200,alternative,null_e12_n7200,7200,all,2000,EDGE.poly3.sc.G10,0.1,0.6205,0.0108508006617023,0.64,0.088,0,0.6205,""
2,probit_e12_n7200,alternative,null_e12_n7200,7200,all,2000,EDGE.poly2.u.G10,0.01,0.439,0.0110968238699188,0.4675,0.0075,0,0.439,""
2,probit_e12_n7200,alternative,null_e12_n7200,7200,all,2000,EDGE.poly2.u.G10,0.05,0.6925,0.0103185209695964,0.6955,0.0485,0,0.6925,""
2,probit_e12_n7200,alternative,null_e12_n7200,7200,all,2000,EDGE.poly2.u.G10,0.1,0.801,0.00892745764481692,0.809,0.092,0,0.801,""
2,probit_e12_n7200,alternative,null_e12_n7200,7200,all,2000,EDGE.poly2.sc.G10,0.01,0.219,0.00924767538357614,0.2395,0.0075,0,0.219,""
2,probit_e12_n7200,alternative,null_e12_n7200,7200,all,2000,EDGE.poly2.sc.G10,0.05,0.4465,0.0111161537862698,0.457,0.0475,0,0.4465,""
2,probit_e12_n7200,alternative,null_e12_n7200,7200,all,2000,EDGE.poly2.sc.G10,0.1,0.5745,0.0110555359435895,0.5815,0.0985,0,0.5745,""
2,probit_e12_n7200,alternative,null_e12_n7200,7200,all,2000,EDGE.stk.u.G10,0.01,0.2575,0.00977736544269467,0.2355,0.011,0,0.2575,""
2,probit_e12_n7200,alternative,null_e12_n7200,7200,all,2000,EDGE.stk.u.G10,0.05,0.654,0.0106368228339105,0.606,0.0575,0,0.654,""
2,probit_e12_n7200,alternative,null_e12_n7200,7200,all,2000,EDGE.stk.u.G10,0.1,0.7915,0.00908371482379318,0.768,0.106,0,0.7915,""
2,probit_e12_n7200,alternative,null_e12_n7200,7200,all,2000,EDGE.stk.sc.G10,0.01,0.404,0.0109723288321122,0.409,0.0095,0,0.404,""
2,probit_e12_n7200,alternative,null_e12_n7200,7200,all,2000,EDGE.stk.sc.G10,0.05,0.7005,0.0102420640009717,0.705,0.049,0,0.7005,""
2,probit_e12_n7200,alternative,null_e12_n7200,7200,all,2000,EDGE.stk.sc.G10,0.1,0.8145,0.00869165548097714,0.817,0.095,0,0.8145,""
2,probit_e12_n7200,alternative,null_e12_n7200,7200,all,2000,EDGE.sym.u.G10,0.01,0.359,0.010726579137824,0.3295,0.0105,0,0.359,""
2,probit_e12_n7200,alternative,null_e12_n7200,7200,all,2000,EDGE.sym.u.G10,0.05,0.734,0.00988038460789862,0.6915,0.0585,0,0.734,""
2,probit_e12_n7200,alternative,null_e12_n7200,7200,all,2000,EDGE.sym.u.G10,0.1,0.8625,0.00770044641563072,0.865,0.099,0,0.8625,""
2,probit_e12_n7200,alternative,null_e12_n7200,7200,all,2000,EDGE.sym.sc.G10,0.01,0.556,0.011109995499549,0.531,0.0105,0,0.556,""
2,probit_e12_n7200,alternative,null_e12_n7200,7200,all,2000,EDGE.sym.sc.G10,0.05,0.812,0.00873658972368509,0.8125,0.049,0,0.812,""
2,probit_e12_n7200,alternative,null_e12_n7200,7200,all,2000,EDGE.sym.sc.G10,0.1,0.8955,0.00684031249286171,0.8975,0.097,0,0.8955,""
2,probit_e12_n7200,alternative,null_e12_n7200,7200,all,2000,EDGE.poly3.u.Grule,0.01,0.4295,0.0110686437741938,0.359,0.014,0,0.4295,""
2,probit_e12_n7200,alternative,null_e12_n7200,7200,all,2000,EDGE.poly3.u.Grule,0.05,0.716,0.0100832534432097,0.7325,0.0425,0,0.716,""
2,probit_e12_n7200,alternative,null_e12_n7200,7200,all,2000,EDGE.poly3.u.Grule,0.1,0.83,0.00839940474081348,0.8335,0.096,0,0.83,""
2,probit_e12_n7200,alternative,null_e12_n7200,7200,all,2000,EDGE.poly3.sc.Grule,0.01,0.3925,0.0109188770026958,0.3575,0.012,0,0.3925,""
2,probit_e12_n7200,alternative,null_e12_n7200,7200,all,2000,EDGE.poly3.sc.Grule,0.05,0.69,0.0103416633091587,0.674,0.0525,0,0.69,""
2,probit_e12_n7200,alternative,null_e12_n7200,7200,all,2000,EDGE.poly3.sc.Grule,0.1,0.8035,0.0088850365784278,0.804,0.097,0,0.8035,""
2,probit_e12_n7200,alternative,null_e12_n7200,7200,all,2000,EDGE.poly2.u.Grule,0.01,0.4485,0.0111208756399845,0.478,0.009,0,0.4485,""
2,probit_e12_n7200,alternative,null_e12_n7200,7200,all,2000,EDGE.poly2.u.Grule,0.05,0.6975,0.0102711671683407,0.72,0.045,0,0.6975,""
2,probit_e12_n7200,alternative,null_e12_n7200,7200,all,2000,EDGE.poly2.u.Grule,0.1,0.808,0.00880726972449465,0.814,0.093,0,0.808,""
2,probit_e12_n7200,alternative,null_e12_n7200,7200,all,2000,EDGE.poly2.sc.Grule,0.01,0.487,0.0111765602937576,0.4215,0.0125,0,0.487,""
2,probit_e12_n7200,alternative,null_e12_n7200,7200,all,2000,EDGE.poly2.sc.Grule,0.05,0.7465,0.00972722339622155,0.753,0.048,0,0.7465,""
2,probit_e12_n7200,alternative,null_e12_n7200,7200,all,2000,EDGE.poly2.sc.Grule,0.1,0.8535,0.0079068878201224,0.8535,0.101,0,0.8535,""
2,probit_e12_n7200,alternative,null_e12_n7200,7200,all,2000,EDGE.stk.u.Grule,0.01,0.193,0.00882470962695091,0.168,0.0125,0,0.193,""
2,probit_e12_n7200,alternative,null_e12_n7200,7200,all,2000,EDGE.stk.u.Grule,0.05,0.5415,0.0111417626522916,0.5165,0.053,0,0.5415,""
2,probit_e12_n7200,alternative,null_e12_n7200,7200,all,2000,EDGE.stk.u.Grule,0.1,0.7325,0.00989807430766207,0.734,0.098,0,0.7325,""
2,probit_e12_n7200,alternative,null_e12_n7200,7200,all,2000,EDGE.stk.sc.Grule,0.01,0.3935,0.0109237756751043,0.457,0.008,0,0.3935,""
2,probit_e12_n7200,alternative,null_e12_n7200,7200,all,2000,EDGE.stk.sc.Grule,0.05,0.6875,0.0103644524698606,0.688,0.049,0,0.6875,""
2,probit_e12_n7200,alternative,null_e12_n7200,7200,all,2000,EDGE.stk.sc.Grule,0.1,0.8075,0.00881600107758614,0.8045,0.102,0,0.8075,""
2,probit_e12_n7200,alternative,null_e12_n7200,7200,all,2000,EDGE.sym.u.Grule,0.01,0.3405,0.0105962198448315,0.311,0.012,0,0.3405,""
2,probit_e12_n7200,alternative,null_e12_n7200,7200,all,2000,EDGE.sym.u.Grule,0.05,0.7405,0.00980203422764887,0.7355,0.052,0,0.7405,""
2,probit_e12_n7200,alternative,null_e12_n7200,7200,all,2000,EDGE.sym.u.Grule,0.1,0.8685,0.00755671059390261,0.8715,0.098,0,0.8685,""
2,probit_e12_n7200,alternative,null_e12_n7200,7200,all,2000,EDGE.sym.sc.Grule,0.01,0.63,0.010795832529268,0.63,0.01,0,0.63,""
2,probit_e12_n7200,alternative,null_e12_n7200,7200,all,2000,EDGE.sym.sc.Grule,0.05,0.856,0.00785060507222214,0.8565,0.049,0,0.856,""
2,probit_e12_n7200,alternative,null_e12_n7200,7200,all,2000,EDGE.sym.sc.Grule,0.1,0.923,0.00596116599332714,0.9335,0.0925,0,0.923,""
2,probit_e12_n7200,alternative,null_e12_n7200,7200,all,2000,HL.G10,0.01,0.093,0.00649426670225361,0.0745,0.0115,0,0.093,""
2,probit_e12_n7200,alternative,null_e12_n7200,7200,all,2000,HL.G10,0.05,0.274,0.00997306372184596,0.246,0.0555,0,0.274,""
2,probit_e12_n7200,alternative,null_e12_n7200,7200,all,2000,HL.G10,0.1,0.41,0.0109977270378929,0.406,0.102,0,0.41,""
2,probit_e12_n7200,alternative,null_e12_n7200,7200,all,2000,HL.Grule,0.01,5e-04,0.000499874984371093,5e-04,0.016,0,5e-04,""
2,probit_e12_n7200,alternative,null_e12_n7200,7200,all,2000,HL.Grule,0.05,0.001,0.000706753139363385,0.001,0.052,0,0.001,""
2,probit_e12_n7200,alternative,null_e12_n7200,7200,all,2000,HL.Grule,0.1,0.001,0.000706753139363385,0.001,0.0985,0,0.001,""
2,probit_e12_n7200,alternative,null_e12_n7200,7200,all,2000,HLF.G10,0.01,0.1625,0.00824905297594821,0.1455,0.0125,0,0.1625,""
2,probit_e12_n7200,alternative,null_e12_n7200,7200,all,2000,HLF.G10,0.05,0.4095,0.0109956752862205,0.389,0.0575,0,0.4095,""
2,probit_e12_n7200,alternative,null_e12_n7200,7200,all,2000,HLF.G10,0.1,0.589,0.0110017953080395,0.5745,0.103,0,0.589,""
2,probit_e12_n7200,alternative,null_e12_n7200,7200,all,2000,HLF.Grule,0.01,0.0105,0.00227922684259378,0.008,0.0135,0,0.0105,""
2,probit_e12_n7200,alternative,null_e12_n7200,7200,all,2000,HLF.Grule,0.05,0.058,0.00522666241496426,0.062,0.0485,0,0.058,""
2,probit_e12_n7200,alternative,null_e12_n7200,7200,all,2000,HLF.Grule,0.1,0.1245,0.00738240306404358,0.1365,0.092,0,0.1245,""
2,probit_e12_n7200,alternative,null_e12_n7200,7200,all,2000,Stk.joint,0.01,0.4805,0.0111718340034213,0.4765,0.01,0,0.4805,""
2,probit_e12_n7200,alternative,null_e12_n7200,7200,all,2000,Stk.joint,0.05,0.762,0.00952249967182987,0.762,0.049,0,0.762,""
2,probit_e12_n7200,alternative,null_e12_n7200,7200,all,2000,Stk.joint,0.1,0.8605,0.00774724951192357,0.88,0.0905,0,0.8605,""
2,probit_e12_n7200,alternative,null_e12_n7200,7200,all,2000,Stk.LR,0.01,0.569,0.0110733689543878,0.571,0.0095,0,0.569,""
2,probit_e12_n7200,alternative,null_e12_n7200,7200,all,2000,Stk.LR,0.05,0.8025,0.00890207138816579,0.8075,0.0475,0,0.8025,""
2,probit_e12_n7200,alternative,null_e12_n7200,7200,all,2000,Stk.LR,0.1,0.8825,0.00720047741472745,0.8935,0.0905,0,0.8825,""
2,probit_e12_n7200,alternative,null_e12_n7200,7200,all,2000,Stk.sym1,0.01,0.6305,0.0107928158976238,0.628,0.01,0,0.6305,""
2,probit_e12_n7200,alternative,null_e12_n7200,7200,all,2000,Stk.sym1,0.05,0.853,0.00791804900212167,0.8535,0.049,0,0.853,""
2,probit_e12_n7200,alternative,null_e12_n7200,7200,all,2000,Stk.sym1,0.1,0.924,0.00592553795026241,0.9355,0.0905,0,0.924,""
2,probit_e12_n7200,alternative,null_e12_n7200,7200,all,2000,Stk.marg,0.01,0.527,0.0111640270512033,1,0,0,0.527,""
2,probit_e12_n7200,alternative,null_e12_n7200,7200,all,2000,Stk.marg,0.05,0.7625,0.00951561217158413,1,0,0,0.7625,""
2,probit_e12_n7200,alternative,null_e12_n7200,7200,all,2000,Stk.marg,0.1,0.847,0.00804956520564931,1,0,0,0.847,""
2,probit_e12_n7200,alternative,null_e12_n7200,7200,all,2000,GiViTI,0.01,0.637,0.0107524648337021,0.6675,0.0075,0,0.637,""
2,probit_e12_n7200,alternative,null_e12_n7200,7200,all,2000,GiViTI,0.05,0.8445,0.00810307811883854,0.8565,0.0445,0,0.8445,""
2,probit_e12_n7200,alternative,null_e12_n7200,7200,all,2000,GiViTI,0.1,0.9145,0.00625258946357427,0.9275,0.0865,0,0.9145,""
2,probit_e12_n7200,alternative,null_e12_n7200,7200,all,2000,GiViTI.t50,0.01,0.5705,0.0110686437741938,0.587,0.0075,0,0.5705,""
2,probit_e12_n7200,alternative,null_e12_n7200,7200,all,2000,GiViTI.t50,0.05,0.792,0.00907568179257074,0.8,0.0475,0,0.792,""
2,probit_e12_n7200,alternative,null_e12_n7200,7200,all,2000,GiViTI.t50,0.1,0.872,0.0074704752191544,0.886,0.0885,0,0.872,""
2,probit_e12_n7200,alternative,null_e12_n7200,7200,all,2000,Cubic.LR,0.01,0.5725,0.011062182198825,0.559,0.0115,0,0.5725,""
2,probit_e12_n7200,alternative,null_e12_n7200,7200,all,2000,Cubic.LR,0.05,0.793,0.00905955296910394,0.803,0.0455,0,0.793,""
2,probit_e12_n7200,alternative,null_e12_n7200,7200,all,2000,Cubic.LR,0.1,0.881,0.00724013121428058,0.8835,0.097,0,0.881,""
2,probit_e12_n7200,alternative,null_e12_n7200,7200,all,2000,HL_w,0.01,0.08,0.00606630035524124,0.0765,0.011,0,0.08,""
2,probit_e12_n7200,alternative,null_e12_n7200,7200,all,2000,HL_w,0.05,0.226,0.00935211206091972,0.237,0.046,0,0.226,""
2,probit_e12_n7200,alternative,null_e12_n7200,7200,all,2000,HL_w,0.1,0.3455,0.0106331968382044,0.368,0.089,0,0.3455,""
2,probit_e12_n7200,alternative,null_e12_n7200,7200,all,2000,PH,0.01,0.063,0.00543281694887652,0.0765,0.0075,0,0.063,""
2,probit_e12_n7200,alternative,null_e12_n7200,7200,all,2000,PH,0.05,0.207,0.00905955296910394,0.252,0.034,0,0.207,""
2,probit_e12_n7200,alternative,null_e12_n7200,7200,all,2000,PH,0.1,0.3225,0.0104521229900915,0.41,0.0745,0,0.3225,""
2,probit_e12_n7200,alternative,null_e12_n7200,7200,all,2000,Tsiatis,0.01,0.0825,0.0061519813881383,0.1,0.0065,0,0.0825,""
2,probit_e12_n7200,alternative,null_e12_n7200,7200,all,2000,Tsiatis,0.05,0.272,0.00995027637807111,0.2845,0.0455,0,0.272,""
2,probit_e12_n7200,alternative,null_e12_n7200,7200,all,2000,Tsiatis,0.1,0.4215,0.0110416880502938,0.4435,0.0925,0,0.4215,""
2,probit_e12_n7200,alternative,null_e12_n7200,7200,all,2000,Xie,0.01,0.0545,0.00507591124823908,0.079,0.0045,0,0.0545,""
2,probit_e12_n7200,alternative,null_e12_n7200,7200,all,2000,Xie,0.05,0.1955,0.00886791266307918,0.2605,0.0305,0,0.1955,""
2,probit_e12_n7200,alternative,null_e12_n7200,7200,all,2000,Xie,0.1,0.306,0.0103044650516172,0.411,0.0655,0,0.306,""
2,probit_e12_n7200,alternative,null_e12_n7200,7200,all,2000,PR,0.01,0.0965,0.00660256578914591,0.136,0.007,0,0.0965,""
2,probit_e12_n7200,alternative,null_e12_n7200,7200,all,2000,PR,0.05,0.3905,0.010908935557606,0.4105,0.0455,0,0.3905,""
2,probit_e12_n7200,alternative,null_e12_n7200,7200,all,2000,PR,0.1,0.576,0.0110504298558925,0.546,0.1125,0,0.576,""
2,cauchit_e12_n6400,alternative,null_e12_n6400,6400,all,2000,flag.evlt.G10,,0,,,,0,,flag rate: share of replicates with the flag = 1
2,cauchit_e12_n6400,alternative,null_e12_n6400,6400,all,2000,flag.evlt.Grule,,0,,,,0,,flag rate: share of replicates with the flag = 1
2,cauchit_e12_n6400,alternative,null_e12_n6400,6400,all,2000,flag.stk_half0,,1,,,,0,,flag rate: share of replicates with the flag = 1
2,cauchit_e12_n6400,alternative,null_e12_n6400,6400,all,2000,flag.stk_diag,,0,,,,0,,flag rate: share of replicates with the flag = 1
2,cauchit_e12_n6400,alternative,null_e12_n6400,6400,all,2000,flag.rivals_run,,1,,,,0,,flag rate: share of replicates with the flag = 1
2,cauchit_e12_n6400,alternative,null_e12_n6400,6400,all,2000,flag.degenerate,,0,,,,0,,flag rate: share of replicates with the flag = 1
2,cauchit_e12_n6400,alternative,null_e12_n6400,6400,all,2000,flag.info_guard,,0,,,,0,,flag rate: share of replicates with the flag = 1
2,cauchit_e12_n6400,alternative,null_e12_n6400,6400,all,2000,flag.rep_error,,0,,,,0,,flag rate: share of replicates with the flag = 1
2,cauchit_e12_n6400,alternative,null_e12_n6400,6400,all,2000,EDGE.poly3.u.G10,0.01,0.2035,0.00900243717001124,0.175,0.013,0,0.2035,""
2,cauchit_e12_n6400,alternative,null_e12_n6400,6400,all,2000,EDGE.poly3.u.G10,0.05,0.401,0.0109589917419441,0.3805,0.0565,0,0.401,""
2,cauchit_e12_n6400,alternative,null_e12_n6400,6400,all,2000,EDGE.poly3.u.G10,0.1,0.535,0.0111529144173171,0.5205,0.11,0,0.535,""
2,cauchit_e12_n6400,alternative,null_e12_n6400,6400,all,2000,EDGE.poly3.sc.G10,0.01,0.175,0.00849632273398321,0.1395,0.014,0,0.175,""
2,cauchit_e12_n6400,alternative,null_e12_n6400,6400,all,2000,EDGE.poly3.sc.G10,0.05,0.356,0.0107066334578148,0.3435,0.0545,0,0.356,""
2,cauchit_e12_n6400,alternative,null_e12_n6400,6400,all,2000,EDGE.poly3.sc.G10,0.1,0.4825,0.0111734898308452,0.447,0.1145,0,0.4825,""
2,cauchit_e12_n6400,alternative,null_e12_n6400,6400,all,2000,EDGE.poly2.u.G10,0.01,0.2715,0.00994453995919369,0.2605,0.0125,0,0.2715,""
2,cauchit_e12_n6400,alternative,null_e12_n6400,6400,all,2000,EDGE.poly2.u.G10,0.05,0.4885,0.0111773822964055,0.4625,0.0605,0,0.4885,""
2,cauchit_e12_n6400,alternative,null_e12_n6400,6400,all,2000,EDGE.poly2.u.G10,0.1,0.606,0.0109262070271435,0.592,0.1105,0,0.606,""
2,cauchit_e12_n6400,alternative,null_e12_n6400,6400,all,2000,EDGE.poly2.sc.G10,0.01,0.207,0.00905955296910394,0.187,0.0145,0,0.207,""
2,cauchit_e12_n6400,alternative,null_e12_n6400,6400,all,2000,EDGE.poly2.sc.G10,0.05,0.411,0.0110017953080395,0.355,0.063,0,0.411,""
2,cauchit_e12_n6400,alternative,null_e12_n6400,6400,all,2000,EDGE.poly2.sc.G10,0.1,0.5335,0.0111552173891861,0.509,0.1105,0,0.5335,""
2,cauchit_e12_n6400,alternative,null_e12_n6400,6400,all,2000,EDGE.stk.u.G10,0.01,0.255,0.00974615308724422,0.2635,0.009,0,0.255,""
2,cauchit_e12_n6400,alternative,null_e12_n6400,6400,all,2000,EDGE.stk.u.G10,0.05,0.4555,0.011135972117422,0.4495,0.0515,0,0.4555,""
2,cauchit_e12_n6400,alternative,null_e12_n6400,6400,all,2000,EDGE.stk.u.G10,0.1,0.579,0.0110399048908947,0.5715,0.1045,0,0.579,""
2,cauchit_e12_n6400,alternative,null_e12_n6400,6400,all,2000,EDGE.stk.sc.G10,0.01,0.212,0.00913936540466569,0.211,0.011,0,0.212,""
2,cauchit_e12_n6400,alternative,null_e12_n6400,6400,all,2000,EDGE.stk.sc.G10,0.05,0.4035,0.0109701355962449,0.3835,0.059,0,0.4035,""
2,cauchit_e12_n6400,alternative,null_e12_n6400,6400,all,2000,EDGE.stk.sc.G10,0.1,0.518,0.0111730926783948,0.5,0.107,0,0.518,""
2,cauchit_e12_n6400,alternative,null_e12_n6400,6400,all,2000,EDGE.sym.u.G10,0.01,0.236,0.00949484070429831,0.2275,0.011,0,0.236,""
2,cauchit_e12_n6400,alternative,null_e12_n6400,6400,all,2000,EDGE.sym.u.G10,0.05,0.441,0.0111022295058245,0.444,0.0485,0,0.441,""
2,cauchit_e12_n6400,alternative,null_e12_n6400,6400,all,2000,EDGE.sym.u.G10,0.1,0.5525,0.0111185374487835,0.5495,0.102,0,0.5525,""
2,cauchit_e12_n6400,alternative,null_e12_n6400,6400,all,2000,EDGE.sym.sc.G10,0.01,0.1545,0.00808176187473994,0.136,0.0125,0,0.1545,""
2,cauchit_e12_n6400,alternative,null_e12_n6400,6400,all,2000,EDGE.sym.sc.G10,0.05,0.3185,0.0104177192801496,0.3115,0.0515,0,0.3185,""
2,cauchit_e12_n6400,alternative,null_e12_n6400,6400,all,2000,EDGE.sym.sc.G10,0.1,0.4455,0.0111137246231855,0.458,0.097,0,0.4455,""
2,cauchit_e12_n6400,alternative,null_e12_n6400,6400,all,2000,EDGE.poly3.u.Grule,0.01,0.253,0.00972087958983136,0.2305,0.0125,0,0.253,""
2,cauchit_e12_n6400,alternative,null_e12_n6400,6400,all,2000,EDGE.poly3.u.Grule,0.05,0.4725,0.0111634168156528,0.464,0.0535,0,0.4725,""
2,cauchit_e12_n6400,alternative,null_e12_n6400,6400,all,2000,EDGE.poly3.u.Grule,0.1,0.591,0.0109936117813938,0.5745,0.1115,0,0.591,""
2,cauchit_e12_n6400,alternative,null_e12_n6400,6400,all,2000,EDGE.poly3.sc.Grule,0.01,0.2165,0.00920944488012171,0.186,0.013,0,0.2165,""
2,cauchit_e12_n6400,alternative,null_e12_n6400,6400,all,2000,EDGE.poly3.sc.Grule,0.05,0.407,0.0109852400975127,0.4035,0.052,0,0.407,""
2,cauchit_e12_n6400,alternative,null_e12_n6400,6400,all,2000,EDGE.poly3.sc.Grule,0.1,0.5355,0.0111521242371129,0.514,0.112,0,0.5355,""
2,cauchit_e12_n6400,alternative,null_e12_n6400,6400,all,2000,EDGE.poly2.u.Grule,0.01,0.333,0.0105382873371341,0.326,0.0105,0,0.333,""
2,cauchit_e12_n6400,alternative,null_e12_n6400,6400,all,2000,EDGE.poly2.u.Grule,0.05,0.5565,0.0111087296753499,0.5325,0.06,0,0.5565,""
2,cauchit_e12_n6400,alternative,null_e12_n6400,6400,all,2000,EDGE.poly2.u.Grule,0.1,0.671,0.0105061648568828,0.6585,0.105,0,0.671,""
2,cauchit_e12_n6400,alternative,null_e12_n6400,6400,all,2000,EDGE.poly2.sc.Grule,0.01,0.25,0.00968245836551854,0.238,0.012,0,0.25,""
2,cauchit_e12_n6400,alternative,null_e12_n6400,6400,all,2000,EDGE.poly2.sc.Grule,0.05,0.47,0.0111601971308754,0.4645,0.052,0,0.47,""
2,cauchit_e12_n6400,alternative,null_e12_n6400,6400,all,2000,EDGE.poly2.sc.Grule,0.1,0.5855,0.0110156649821969,0.5675,0.1085,0,0.5855,""
2,cauchit_e12_n6400,alternative,null_e12_n6400,6400,all,2000,EDGE.stk.u.Grule,0.01,0.2935,0.0101822824062191,0.3005,0.009,0,0.2935,""
2,cauchit_e12_n6400,alternative,null_e12_n6400,6400,all,2000,EDGE.stk.u.Grule,0.05,0.4985,0.0111802895758563,0.492,0.0515,0,0.4985,""
2,cauchit_e12_n6400,alternative,null_e12_n6400,6400,all,2000,EDGE.stk.u.Grule,0.1,0.618,0.0108645294421802,0.6065,0.1025,0,0.618,""
2,cauchit_e12_n6400,alternative,null_e12_n6400,6400,all,2000,EDGE.stk.sc.Grule,0.01,0.239,0.00953622042530478,0.23,0.0105,0,0.239,""
2,cauchit_e12_n6400,alternative,null_e12_n6400,6400,all,2000,EDGE.stk.sc.Grule,0.05,0.433,0.0110795081118252,0.4225,0.054,0,0.433,""
2,cauchit_e12_n6400,alternative,null_e12_n6400,6400,all,2000,EDGE.stk.sc.Grule,0.1,0.557,0.0111074524531956,0.5535,0.1015,0,0.557,""
2,cauchit_e12_n6400,alternative,null_e12_n6400,6400,all,2000,EDGE.sym.u.Grule,0.01,0.297,0.0102174116096005,0.299,0.009,0,0.297,""
2,cauchit_e12_n6400,alternative,null_e12_n6400,6400,all,2000,EDGE.sym.u.Grule,0.05,0.503,0.0111801386395697,0.5005,0.0505,0,0.503,""
2,cauchit_e12_n6400,alternative,null_e12_n6400,6400,all,2000,EDGE.sym.u.Grule,0.1,0.6215,0.010845223603043,0.6165,0.103,0,0.6215,""
2,cauchit_e12_n6400,alternative,null_e12_n6400,6400,all,2000,EDGE.sym.sc.Grule,0.01,0.3225,0.0104521229900915,0.2895,0.013,0,0.3225,""
2,cauchit_e12_n6400,alternative,null_e12_n6400,6400,all,2000,EDGE.sym.sc.Grule,0.05,0.5385,0.0111471464958526,0.5305,0.053,0,0.5385,""
2,cauchit_e12_n6400,alternative,null_e12_n6400,6400,all,2000,EDGE.sym.sc.Grule,0.1,0.648,0.0106793258214178,0.64,0.104,0,0.648,""
2,cauchit_e12_n6400,alternative,null_e12_n6400,6400,all,2000,HL.G10,0.01,0.0805,0.0060835741961449,0.0795,0.011,0,0.0805,""
2,cauchit_e12_n6400,alternative,null_e12_n6400,6400,all,2000,HL.G10,0.05,0.2255,0.00934477795348825,0.2455,0.045,0,0.2255,""
2,cauchit_e12_n6400,alternative,null_e12_n6400,6400,all,2000,HL.G10,0.1,0.3355,0.0105579294845154,0.343,0.0945,0,0.3355,""
2,cauchit_e12_n6400,alternative,null_e12_n6400,6400,all,2000,HL.Grule,0.01,0.0175,0.00293204280323463,0.01,0.015,0,0.0175,""
2,cauchit_e12_n6400,alternative,null_e12_n6400,6400,all,2000,HL.Grule,0.05,0.086,0.00626913072124039,0.076,0.0555,0,0.086,""
2,cauchit_e12_n6400,alternative,null_e12_n6400,6400,all,2000,HL.Grule,0.1,0.1545,0.00808176187473994,0.1435,0.1075,0,0.1545,""
2,cauchit_e12_n6400,alternative,null_e12_n6400,6400,all,2000,HLF.G10,0.01,0.08,0.00606630035524124,0.076,0.0105,0,0.08,""
2,cauchit_e12_n6400,alternative,null_e12_n6400,6400,all,2000,HLF.G10,0.05,0.2215,0.0092854119456274,0.2365,0.0435,0,0.2215,""
2,cauchit_e12_n6400,alternative,null_e12_n6400,6400,all,2000,HLF.G10,0.1,0.333,0.0105382873371341,0.3355,0.097,0,0.333,""
2,cauchit_e12_n6400,alternative,null_e12_n6400,6400,all,2000,HLF.Grule,0.01,0.0125,0.00248432586429397,0.0085,0.0135,0,0.0125,""
2,cauchit_e12_n6400,alternative,null_e12_n6400,6400,all,2000,HLF.Grule,0.05,0.0755,0.00590761161553466,0.075,0.0505,0,0.0755,""
2,cauchit_e12_n6400,alternative,null_e12_n6400,6400,all,2000,HLF.Grule,0.1,0.142,0.00780499839846236,0.1445,0.0965,0,0.142,""
2,cauchit_e12_n6400,alternative,null_e12_n6400,6400,all,2000,Stk.joint,0.01,0.3215,0.0104436045022779,0.2925,0.0125,0,0.3215,""
2,cauchit_e12_n6400,alternative,null_e12_n6400,6400,all,2000,Stk.joint,0.05,0.5365,0.0111505100780189,0.531,0.0535,0,0.5365,""
2,cauchit_e12_n6400,alternative,null_e12_n6400,6400,all,2000,Stk.joint,0.1,0.651,0.0106583066197215,0.642,0.104,0,0.651,""
2,cauchit_e12_n6400,alternative,null_e12_n6400,6400,all,2000,Stk.LR,0.01,0.311,0.0103508212234586,0.2765,0.0125,0,0.311,""
2,cauchit_e12_n6400,alternative,null_e12_n6400,6400,all,2000,Stk.LR,0.05,0.529,0.0111615187138669,0.5245,0.052,0,0.529,""
2,cauchit_e12_n6400,alternative,null_e12_n6400,6400,all,2000,Stk.LR,0.1,0.645,0.0106998831769324,0.6395,0.1035,0,0.645,""
2,cauchit_e12_n6400,alternative,null_e12_n6400,6400,all,2000,Stk.sym1,0.01,0.3215,0.0104436045022779,0.2925,0.0125,0,0.3215,""
2,cauchit_e12_n6400,alternative,null_e12_n6400,6400,all,2000,Stk.sym1,0.05,0.5365,0.0111505100780189,0.531,0.0535,0,0.5365,""
2,cauchit_e12_n6400,alternative,null_e12_n6400,6400,all,2000,Stk.sym1,0.1,0.651,0.0106583066197215,0.642,0.104,0,0.651,""
2,cauchit_e12_n6400,alternative,null_e12_n6400,6400,all,2000,Stk.marg,0.01,0,0,0,0,1,,no p-value in any replicate
2,cauchit_e12_n6400,alternative,null_e12_n6400,6400,all,2000,Stk.marg,0.05,0,0,0,0,1,,no p-value in any replicate
2,cauchit_e12_n6400,alternative,null_e12_n6400,6400,all,2000,Stk.marg,0.1,0,0,0,0,1,,no p-value in any replicate
2,cauchit_e12_n6400,alternative,null_e12_n6400,6400,all,2000,GiViTI,0.01,0.3015,0.0102615240096196,0.284,0.0115,0,0.3015,""
2,cauchit_e12_n6400,alternative,null_e12_n6400,6400,all,2000,GiViTI,0.05,0.5215,0.011169998880931,0.5255,0.0485,0,0.5215,""
2,cauchit_e12_n6400,alternative,null_e12_n6400,6400,all,2000,GiViTI,0.1,0.6345,0.0107682345349644,0.638,0.097,0,0.6345,""
2,cauchit_e12_n6400,alternative,null_e12_n6400,6400,all,2000,GiViTI.t50,0.01,0.2615,0.00982643755386457,0.2425,0.0115,0,0.2615,""
2,cauchit_e12_n6400,alternative,null_e12_n6400,6400,all,2000,GiViTI.t50,0.05,0.4725,0.0111634168156528,0.4935,0.0445,0,0.4725,""
2,cauchit_e12_n6400,alternative,null_e12_n6400,6400,all,2000,GiViTI.t50,0.1,0.594,0.0109809835625048,0.599,0.098,0,0.594,""
2,cauchit_e12_n6400,alternative,null_e12_n6400,6400,all,2000,Cubic.LR,0.01,0.2255,0.00934477795348825,0.2585,0.0065,0,0.2255,""
2,cauchit_e12_n6400,alternative,null_e12_n6400,6400,all,2000,Cubic.LR,0.05,0.446,0.0111149448941504,0.441,0.0505,0,0.446,""
2,cauchit_e12_n6400,alternative,null_e12_n6400,6400,all,2000,Cubic.LR,0.1,0.571,0.0110670456762408,0.5715,0.0985,0,0.571,""
2,cauchit_e12_n6400,alternative,null_e12_n6400,6400,all,2000,HL_w,0.01,0.168,0.0083599043056724,0.137,0.0145,0.02,0.171428571428571,""
2,cauchit_e12_n6400,alternative,null_e12_n6400,6400,all,2000,HL_w,0.05,0.372,0.0108077749791527,0.349,0.058,0.02,0.379591836734694,""
2,cauchit_e12_n6400,alternative,null_e12_n6400,6400,all,2000,HL_w,0.1,0.5,0.0111803398874989,0.463,0.1125,0.02,0.510204081632653,""
2,cauchit_e12_n6400,alternative,null_e12_n6400,6400,all,2000,PH,0.01,0.0575,0.00520546587732549,0.0795,0.006,0,0.0575,""
2,cauchit_e12_n6400,alternative,null_e12_n6400,6400,all,2000,PH,0.05,0.1665,0.00832999849939963,0.245,0.031,0,0.1665,""
2,cauchit_e12_n6400,alternative,null_e12_n6400,6400,all,2000,PH,0.1,0.2675,0.00989807430766207,0.3425,0.06,0,0.2675,""
2,cauchit_e12_n6400,alternative,null_e12_n6400,6400,all,2000,Tsiatis,0.01,0.0885,0.00635089560613304,0.0885,0.01,0,0.0885,""
2,cauchit_e12_n6400,alternative,null_e12_n6400,6400,all,2000,Tsiatis,0.05,0.2325,0.00944573316370942,0.238,0.048,0,0.2325,""
2,cauchit_e12_n6400,alternative,null_e12_n6400,6400,all,2000,Tsiatis,0.1,0.3385,0.0105810620922476,0.3355,0.103,0,0.3385,""
2,cauchit_e12_n6400,alternative,null_e12_n6400,6400,all,2000,Xie,0.01,0.0645,0.00549271107923947,0.095,0.005,0,0.0645,""
2,cauchit_e12_n6400,alternative,null_e12_n6400,6400,all,2000,Xie,0.05,0.174,0.00847714574606335,0.2445,0.03,0,0.174,""
2,cauchit_e12_n6400,alternative,null_e12_n6400,6400,all,2000,Xie,0.1,0.2745,0.00997872111044296,0.344,0.0655,0,0.2745,""
2,cauchit_e12_n6400,alternative,null_e12_n6400,6400,all,2000,PR,0.01,0.0495,0.0048502448391808,0.0405,0.0155,0,0.0495,""
2,cauchit_e12_n6400,alternative,null_e12_n6400,6400,all,2000,PR,0.05,0.1595,0.0081871774745635,0.108,0.072,0,0.1595,""
2,cauchit_e12_n6400,alternative,null_e12_n6400,6400,all,2000,PR,0.1,0.253,0.00972087958983136,0.2,0.131,0,0.253,""
2,cauchit_e12_n11000,alternative,null_e12_n11000,11000,all,2000,flag.evlt.G10,,0,,,,0,,flag rate: share of replicates with the flag = 1
2,cauchit_e12_n11000,alternative,null_e12_n11000,11000,all,2000,flag.evlt.Grule,,0,,,,0,,flag rate: share of replicates with the flag = 1
2,cauchit_e12_n11000,alternative,null_e12_n11000,11000,all,2000,flag.stk_half0,,1,,,,0,,flag rate: share of replicates with the flag = 1
2,cauchit_e12_n11000,alternative,null_e12_n11000,11000,all,2000,flag.stk_diag,,0,,,,0,,flag rate: share of replicates with the flag = 1
2,cauchit_e12_n11000,alternative,null_e12_n11000,11000,all,2000,flag.rivals_run,,0,,,,0,,flag rate: share of replicates with the flag = 1
2,cauchit_e12_n11000,alternative,null_e12_n11000,11000,all,2000,flag.degenerate,,0,,,,0,,flag rate: share of replicates with the flag = 1
2,cauchit_e12_n11000,alternative,null_e12_n11000,11000,all,2000,flag.info_guard,,0,,,,0,,flag rate: share of replicates with the flag = 1
2,cauchit_e12_n11000,alternative,null_e12_n11000,11000,all,2000,flag.rep_error,,0,,,,0,,flag rate: share of replicates with the flag = 1
2,cauchit_e12_n11000,alternative,null_e12_n11000,11000,all,2000,EDGE.poly3.u.G10,0.01,0.428,0.011063814893607,0.4545,0.009,0,0.428,""
2,cauchit_e12_n11000,alternative,null_e12_n11000,11000,all,2000,EDGE.poly3.u.G10,0.05,0.652,0.0106511971158175,0.6505,0.0505,0,0.652,""
2,cauchit_e12_n11000,alternative,null_e12_n11000,11000,all,2000,EDGE.poly3.u.G10,0.1,0.7555,0.00961040451802108,0.755,0.1,0,0.7555,""
2,cauchit_e12_n11000,alternative,null_e12_n11000,11000,all,2000,EDGE.poly3.sc.G10,0.01,0.35,0.0106653645038508,0.3995,0.007,0,0.35,""
2,cauchit_e12_n11000,alternative,null_e12_n11000,11000,all,2000,EDGE.poly3.sc.G10,0.05,0.605,0.0109310338028935,0.603,0.0505,0,0.605,""
2,cauchit_e12_n11000,alternative,null_e12_n11000,11000,all,2000,EDGE.poly3.sc.G10,0.1,0.7095,0.0101515947023116,0.705,0.1035,0,0.7095,""
2,cauchit_e12_n11000,alternative,null_e12_n11000,11000,all,2000,EDGE.poly2.u.G10,0.01,0.5135,0.0111762639106277,0.484,0.013,0,0.5135,""
2,cauchit_e12_n11000,alternative,null_e12_n11000,11000,all,2000,EDGE.poly2.u.G10,0.05,0.744,0.00975868843646522,0.7325,0.0525,0,0.744,""
2,cauchit_e12_n11000,alternative,null_e12_n11000,11000,all,2000,EDGE.poly2.u.G10,0.1,0.834,0.00831997596150374,0.8285,0.105,0,0.834,""
2,cauchit_e12_n11000,alternative,null_e12_n11000,11000,all,2000,EDGE.poly2.sc.G10,0.01,0.4185,0.0110308147931148,0.4475,0.008,0,0.4185,""
2,cauchit_e12_n11000,alternative,null_e12_n11000,11000,all,2000,EDGE.poly2.sc.G10,0.05,0.6485,0.0106758547667154,0.644,0.0535,0,0.6485,""
2,cauchit_e12_n11000,alternative,null_e12_n11000,11000,all,2000,EDGE.poly2.sc.G10,0.1,0.7485,0.00970174597688478,0.743,0.1035,0,0.7485,""
2,cauchit_e12_n11000,alternative,null_e12_n11000,11000,all,2000,EDGE.stk.u.G10,0.01,0.4745,0.0111657903885036,0.488,0.0085,0,0.4745,""
2,cauchit_e12_n11000,alternative,null_e12_n11000,11000,all,2000,EDGE.stk.u.G10,0.05,0.701,0.0102371626928559,0.695,0.053,0,0.701,""
2,cauchit_e12_n11000,alternative,null_e12_n11000,11000,all,2000,EDGE.stk.u.G10,0.1,0.8065,0.00883339544003324,0.7915,0.1085,0,0.8065,""
2,cauchit_e12_n11000,alternative,null_e12_n11000,11000,all,2000,EDGE.stk.sc.G10,0.01,0.402,0.0109634848474379,0.423,0.0075,0,0.402,""
2,cauchit_e12_n11000,alternative,null_e12_n11000,11000,all,2000,EDGE.stk.sc.G10,0.05,0.636,0.010758810343156,0.6175,0.06,0,0.636,""
2,cauchit_e12_n11000,alternative,null_e12_n11000,11000,all,2000,EDGE.stk.sc.G10,0.1,0.7445,0.0097524291845673,0.724,0.1105,0,0.7445,""
2,cauchit_e12_n11000,alternative,null_e12_n11000,11000,all,2000,EDGE.sym.u.G10,0.01,0.4235,0.0110487046752097,0.4705,0.005,0,0.4235,""
2,cauchit_e12_n11000,alternative,null_e12_n11000,11000,all,2000,EDGE.sym.u.G10,0.05,0.6745,0.0104773505715901,0.659,0.0575,0,0.6745,""
2,cauchit_e12_n11000,alternative,null_e12_n11000,11000,all,2000,EDGE.sym.u.G10,0.1,0.7845,0.00919401299759795,0.779,0.1045,0,0.7845,""
2,cauchit_e12_n11000,alternative,null_e12_n11000,11000,all,2000,EDGE.sym.sc.G10,0.01,0.283,0.0100725120997694,0.2855,0.009,0,0.283,""
2,cauchit_e12_n11000,alternative,null_e12_n11000,11000,all,2000,EDGE.sym.sc.G10,0.05,0.5125,0.0111768454851984,0.494,0.054,0,0.5125,""
2,cauchit_e12_n11000,alternative,null_e12_n11000,11000,all,2000,EDGE.sym.sc.G10,0.1,0.644,0.0107066334578148,0.624,0.1075,0,0.644,""
2,cauchit_e12_n11000,alternative,null_e12_n11000,11000,all,2000,EDGE.poly3.u.Grule,0.01,0.5125,0.0111768454851984,0.4935,0.011,0,0.5125,""
2,cauchit_e12_n11000,alternative,null_e12_n11000,11000,all,2000,EDGE.poly3.u.Grule,0.05,0.725,0.00998436277385793,0.729,0.049,0,0.725,""
2,cauchit_e12_n11000,alternative,null_e12_n11000,11000,all,2000,EDGE.poly3.u.Grule,0.1,0.819,0.00860926826158879,0.8085,0.1065,0,0.819,""
2,cauchit_e12_n11000,alternative,null_e12_n11000,11000,all,2000,EDGE.poly3.sc.Grule,0.01,0.4345,0.0110839918350746,0.38,0.0125,0,0.4345,""
2,cauchit_e12_n11000,alternative,null_e12_n11000,11000,all,2000,EDGE.poly3.sc.Grule,0.05,0.6655,0.0105501125586413,0.664,0.05,0,0.6655,""
2,cauchit_e12_n11000,alternative,null_e12_n11000,11000,all,2000,EDGE.poly3.sc.Grule,0.1,0.7625,0.00951561217158413,0.7585,0.103,0,0.7625,""
2,cauchit_e12_n11000,alternative,null_e12_n11000,11000,all,2000,EDGE.poly2.u.Grule,0.01,0.5955,0.0109745102396417,0.5335,0.016,0,0.5955,""
2,cauchit_e12_n11000,alternative,null_e12_n11000,11000,all,2000,EDGE.poly2.u.Grule,0.05,0.807,0.00882470962695091,0.7915,0.0525,0,0.807,""
2,cauchit_e12_n11000,alternative,null_e12_n11000,11000,all,2000,EDGE.poly2.u.Grule,0.1,0.8805,0.00725326650551322,0.8735,0.105,0,0.8805,""
2,cauchit_e12_n11000,alternative,null_e12_n11000,11000,all,2000,EDGE.poly2.sc.Grule,0.01,0.506,0.0111795348740455,0.4565,0.012,0,0.506,""
2,cauchit_e12_n11000,alternative,null_e12_n11000,11000,all,2000,EDGE.poly2.sc.Grule,0.05,0.7195,0.0100453907340631,0.7115,0.052,0,0.7195,""
2,cauchit_e12_n11000,alternative,null_e12_n11000,11000,all,2000,EDGE.poly2.sc.Grule,0.1,0.8185,0.0086185193043817,0.8175,0.1005,0,0.8185,""
2,cauchit_e12_n11000,alternative,null_e12_n11000,11000,all,2000,EDGE.stk.u.Grule,0.01,0.525,0.0111663557170636,0.479,0.0135,0,0.525,""
2,cauchit_e12_n11000,alternative,null_e12_n11000,11000,all,2000,EDGE.stk.u.Grule,0.05,0.7475,0.0097145187734648,0.7315,0.053,0,0.7475,""
2,cauchit_e12_n11000,alternative,null_e12_n11000,11000,all,2000,EDGE.stk.u.Grule,0.1,0.8395,0.00820791538699078,0.8195,0.113,0,0.8395,""
2,cauchit_e12_n11000,alternative,null_e12_n11000,11000,all,2000,EDGE.stk.sc.Grule,0.01,0.4665,0.0111552173891861,0.4455,0.0135,0,0.4665,""
2,cauchit_e12_n11000,alternative,null_e12_n11000,11000,all,2000,EDGE.stk.sc.Grule,0.05,0.6925,0.0103185209695964,0.6775,0.055,0,0.6925,""
2,cauchit_e12_n11000,alternative,null_e12_n11000,11000,all,2000,EDGE.stk.sc.Grule,0.1,0.7855,0.00917850069455791,0.775,0.1065,0,0.7855,""
2,cauchit_e12_n11000,alternative,null_e12_n11000,11000,all,2000,EDGE.sym.u.Grule,0.01,0.5335,0.0111552173891861,0.4955,0.011,0,0.5335,""
2,cauchit_e12_n11000,alternative,null_e12_n11000,11000,all,2000,EDGE.sym.u.Grule,0.05,0.7525,0.00964996761652598,0.747,0.055,0,0.7525,""
2,cauchit_e12_n11000,alternative,null_e12_n11000,11000,all,2000,EDGE.sym.u.Grule,0.1,0.846,0.00807105941001552,0.825,0.112,0,0.846,""
2,cauchit_e12_n11000,alternative,null_e12_n11000,11000,all,2000,EDGE.sym.sc.Grule,0.01,0.575,0.0110538454847171,0.535,0.0125,0,0.575,""
2,cauchit_e12_n11000,alternative,null_e12_n11000,11000,all,2000,EDGE.sym.sc.Grule,0.05,0.789,0.00912356838084748,0.7585,0.0575,0,0.789,""
2,cauchit_e12_n11000,alternative,null_e12_n11000,11000,all,2000,EDGE.sym.sc.Grule,0.1,0.8675,0.00758102070964062,0.858,0.1105,0,0.8675,""
2,cauchit_e12_n11000,alternative,null_e12_n11000,11000,all,2000,HL.G10,0.01,0.2,0.00894427190999916,0.179,0.0125,0,0.2,""
2,cauchit_e12_n11000,alternative,null_e12_n11000,11000,all,2000,HL.G10,0.05,0.3995,0.0109521630283702,0.4075,0.046,0,0.3995,""
2,cauchit_e12_n11000,alternative,null_e12_n11000,11000,all,2000,HL.G10,0.1,0.5215,0.011169998880931,0.532,0.094,0,0.5215,""
2,cauchit_e12_n11000,alternative,null_e12_n11000,11000,all,2000,HL.Grule,0.01,0.0235,0.0033873108803297,0.0205,0.012,0,0.0235,""
2,cauchit_e12_n11000,alternative,null_e12_n11000,11000,all,2000,HL.Grule,0.05,0.095,0.0065564853389602,0.09,0.0535,0,0.095,""
2,cauchit_e12_n11000,alternative,null_e12_n11000,11000,all,2000,HL.Grule,0.1,0.1545,0.00808176187473994,0.147,0.1065,0,0.1545,""
2,cauchit_e12_n11000,alternative,null_e12_n11000,11000,all,2000,HLF.G10,0.01,0.196,0.00887648579112252,0.168,0.0125,0,0.196,""
2,cauchit_e12_n11000,alternative,null_e12_n11000,11000,all,2000,HLF.G10,0.05,0.394,0.0109262070271435,0.4045,0.045,0,0.394,""
2,cauchit_e12_n11000,alternative,null_e12_n11000,11000,all,2000,HLF.G10,0.1,0.5195,0.0111718340034213,0.53,0.095,0,0.5195,""
2,cauchit_e12_n11000,alternative,null_e12_n11000,11000,all,2000,HLF.Grule,0.01,0.0185,0.00301311715670002,0.017,0.01,0,0.0185,""
2,cauchit_e12_n11000,alternative,null_e12_n11000,11000,all,2000,HLF.Grule,0.05,0.0795,0.00604895652158288,0.0815,0.049,0,0.0795,""
2,cauchit_e12_n11000,alternative,null_e12_n11000,11000,all,2000,HLF.Grule,0.1,0.1355,0.00765309577883356,0.1315,0.105,0,0.1355,""
2,cauchit_e12_n11000,alternative,null_e12_n11000,11000,all,2000,Stk.joint,0.01,0.5755,0.0110521434572666,0.539,0.0115,0,0.5755,""
2,cauchit_e12_n11000,alternative,null_e12_n11000,11000,all,2000,Stk.joint,0.05,0.7885,0.00913147715323211,0.76,0.057,0,0.7885,""
2,cauchit_e12_n11000,alternative,null_e12_n11000,11000,all,2000,Stk.joint,0.1,0.869,0.00754450130890041,0.8585,0.1105,0,0.869,""
2,cauchit_e12_n11000,alternative,null_e12_n11000,11000,all,2000,Stk.LR,0.01,0.564,0.0110883722881224,0.516,0.0125,0,0.564,""
2,cauchit_e12_n11000,alternative,null_e12_n11000,11000,all,2000,Stk.LR,0.05,0.7835,0.00920944488012171,0.757,0.0575,0,0.7835,""
2,cauchit_e12_n11000,alternative,null_e12_n11000,11000,all,2000,Stk.LR,0.1,0.867,0.00759312188760328,0.856,0.11,0,0.867,""
2,cauchit_e12_n11000,alternative,null_e12_n11000,11000,all,2000,Stk.sym1,0.01,0.5755,0.0110521434572666,0.539,0.0115,0,0.5755,""
2,cauchit_e12_n11000,alternative,null_e12_n11000,11000,all,2000,Stk.sym1,0.05,0.7885,0.00913147715323211,0.76,0.057,0,0.7885,""
2,cauchit_e12_n11000,alternative,null_e12_n11000,11000,all,2000,Stk.sym1,0.1,0.869,0.00754450130890041,0.8585,0.1105,0,0.869,""
2,cauchit_e12_n11000,alternative,null_e12_n11000,11000,all,2000,Stk.marg,0.01,0,0,0,0,1,,no p-value in any replicate
2,cauchit_e12_n11000,alternative,null_e12_n11000,11000,all,2000,Stk.marg,0.05,0,0,0,0,1,,no p-value in any replicate
2,cauchit_e12_n11000,alternative,null_e12_n11000,11000,all,2000,Stk.marg,0.1,0,0,0,0,1,,no p-value in any replicate
2,cauchit_e12_n11000,alternative,null_e12_n11000,11000,all,2000,GiViTI,0.01,0.547,0.0111308355481518,0.537,0.011,0,0.547,""
2,cauchit_e12_n11000,alternative,null_e12_n11000,11000,all,2000,GiViTI,0.05,0.7685,0.00943153619512749,0.7575,0.0525,0,0.7685,""
2,cauchit_e12_n11000,alternative,null_e12_n11000,11000,all,2000,GiViTI,0.1,0.859,0.0077819984579798,0.8535,0.1015,0,0.859,""
2,cauchit_e12_n11000,alternative,null_e12_n11000,11000,all,2000,GiViTI.t50,0.01,0.481,0.0111722647659282,0.4545,0.013,0,0.481,""
2,cauchit_e12_n11000,alternative,null_e12_n11000,11000,all,2000,GiViTI.t50,0.05,0.707,0.0101772049208022,0.703,0.054,0,0.707,""
2,cauchit_e12_n11000,alternative,null_e12_n11000,11000,all,2000,GiViTI.t50,0.1,0.799,0.0089609988282557,0.8005,0.097,0,0.799,""
2,cauchit_e12_n11000,alternative,null_e12_n11000,11000,all,2000,Cubic.LR,0.01,0.4785,0.011169998880931,0.46,0.0105,0,0.4785,""
2,cauchit_e12_n11000,alternative,null_e12_n11000,11000,all,2000,Cubic.LR,0.05,0.704,0.0102074482609514,0.711,0.047,0,0.704,""
2,cauchit_e12_n11000,alternative,null_e12_n11000,11000,all,2000,Cubic.LR,0.1,0.802,0.00891055553823666,0.8105,0.096,0,0.802,""
2,cauchit_e12_n11000,alternative,null_e12_n11000,11000,all,2000,HL_w,0.01,0,0,0,0,1,,"not run (n >= 10,000)"
2,cauchit_e12_n11000,alternative,null_e12_n11000,11000,all,2000,HL_w,0.05,0,0,0,0,1,,"not run (n >= 10,000)"
2,cauchit_e12_n11000,alternative,null_e12_n11000,11000,all,2000,HL_w,0.1,0,0,0,0,1,,"not run (n >= 10,000)"
2,cauchit_e12_n11000,alternative,null_e12_n11000,11000,all,2000,PH,0.01,0,0,0,0,1,,"not run (n >= 10,000)"
2,cauchit_e12_n11000,alternative,null_e12_n11000,11000,all,2000,PH,0.05,0,0,0,0,1,,"not run (n >= 10,000)"
2,cauchit_e12_n11000,alternative,null_e12_n11000,11000,all,2000,PH,0.1,0,0,0,0,1,,"not run (n >= 10,000)"
2,cauchit_e12_n11000,alternative,null_e12_n11000,11000,all,2000,Tsiatis,0.01,0,0,0,0,1,,"not run (n >= 10,000)"
2,cauchit_e12_n11000,alternative,null_e12_n11000,11000,all,2000,Tsiatis,0.05,0,0,0,0,1,,"not run (n >= 10,000)"
2,cauchit_e12_n11000,alternative,null_e12_n11000,11000,all,2000,Tsiatis,0.1,0,0,0,0,1,,"not run (n >= 10,000)"
2,cauchit_e12_n11000,alternative,null_e12_n11000,11000,all,2000,Xie,0.01,0,0,0,0,1,,"not run (n >= 10,000)"
2,cauchit_e12_n11000,alternative,null_e12_n11000,11000,all,2000,Xie,0.05,0,0,0,0,1,,"not run (n >= 10,000)"
2,cauchit_e12_n11000,alternative,null_e12_n11000,11000,all,2000,Xie,0.1,0,0,0,0,1,,"not run (n >= 10,000)"
2,cauchit_e12_n11000,alternative,null_e12_n11000,11000,all,2000,PR,0.01,0,0,0,0,1,,"not run (n >= 10,000)"
2,cauchit_e12_n11000,alternative,null_e12_n11000,11000,all,2000,PR,0.05,0,0,0,0,1,,"not run (n >= 10,000)"
2,cauchit_e12_n11000,alternative,null_e12_n11000,11000,all,2000,PR,0.1,0,0,0,0,1,,"not run (n >= 10,000)"
2,t4_e12_n8700,alternative,null_e12_n8700,8700,all,2000,flag.evlt.G10,,0,,,,0,,flag rate: share of replicates with the flag = 1
2,t4_e12_n8700,alternative,null_e12_n8700,8700,all,2000,flag.evlt.Grule,,0,,,,0,,flag rate: share of replicates with the flag = 1
2,t4_e12_n8700,alternative,null_e12_n8700,8700,all,2000,flag.stk_half0,,0.183,,,,0,,flag rate: share of replicates with the flag = 1
2,t4_e12_n8700,alternative,null_e12_n8700,8700,all,2000,flag.stk_diag,,0.004,,,,0,,flag rate: share of replicates with the flag = 1
2,t4_e12_n8700,alternative,null_e12_n8700,8700,all,2000,flag.rivals_run,,1,,,,0,,flag rate: share of replicates with the flag = 1
2,t4_e12_n8700,alternative,null_e12_n8700,8700,all,2000,flag.degenerate,,0,,,,0,,flag rate: share of replicates with the flag = 1
2,t4_e12_n8700,alternative,null_e12_n8700,8700,all,2000,flag.info_guard,,0,,,,0,,flag rate: share of replicates with the flag = 1
2,t4_e12_n8700,alternative,null_e12_n8700,8700,all,2000,flag.rep_error,,0,,,,0,,flag rate: share of replicates with the flag = 1
2,t4_e12_n8700,alternative,null_e12_n8700,8700,all,2000,EDGE.poly3.u.G10,0.01,0.223,0.00930781929347578,0.2175,0.01,0,0.223,""
2,t4_e12_n8700,alternative,null_e12_n8700,8700,all,2000,EDGE.poly3.u.G10,0.05,0.4235,0.0110487046752097,0.4145,0.0515,0,0.4235,""
2,t4_e12_n8700,alternative,null_e12_n8700,8700,all,2000,EDGE.poly3.u.G10,0.1,0.5395,0.011145397031959,0.5505,0.095,0,0.5395,""
2,t4_e12_n8700,alternative,null_e12_n8700,8700,all,2000,EDGE.poly3.sc.G10,0.01,0.1345,0.00762921195144033,0.1505,0.0095,0,0.1345,""
2,t4_e12_n8700,alternative,null_e12_n8700,8700,all,2000,EDGE.poly3.sc.G10,0.05,0.318,0.0104133568074853,0.3225,0.049,0,0.318,""
2,t4_e12_n8700,alternative,null_e12_n8700,8700,all,2000,EDGE.poly3.sc.G10,0.1,0.441,0.0111022295058245,0.452,0.093,0,0.441,""
2,t4_e12_n8700,alternative,null_e12_n8700,8700,all,2000,EDGE.poly2.u.G10,0.01,0.2515,0.00970174597688478,0.236,0.012,0,0.2515,""
2,t4_e12_n8700,alternative,null_e12_n8700,8700,all,2000,EDGE.poly2.u.G10,0.05,0.461,0.0111462774054839,0.48,0.0435,0,0.461,""
2,t4_e12_n8700,alternative,null_e12_n8700,8700,all,2000,EDGE.poly2.u.G10,0.1,0.571,0.0110670456762408,0.591,0.086,0,0.571,""
2,t4_e12_n8700,alternative,null_e12_n8700,8700,all,2000,EDGE.poly2.sc.G10,0.01,0.137,0.00768866048151432,0.143,0.008,0,0.137,""
2,t4_e12_n8700,alternative,null_e12_n8700,8700,all,2000,EDGE.poly2.sc.G10,0.05,0.313,0.0103689681260963,0.3335,0.0425,0,0.313,""
2,t4_e12_n8700,alternative,null_e12_n8700,8700,all,2000,EDGE.poly2.sc.G10,0.1,0.4295,0.0110686437741938,0.441,0.0895,0,0.4295,""
2,t4_e12_n8700,alternative,null_e12_n8700,8700,all,2000,EDGE.stk.u.G10,0.01,0.285,0.0100939338218556,0.283,0.01,0,0.285,""
2,t4_e12_n8700,alternative,null_e12_n8700,8700,all,2000,EDGE.stk.u.G10,0.05,0.4815,0.0111726843238319,0.5075,0.043,0,0.4815,""
2,t4_e12_n8700,alternative,null_e12_n8700,8700,all,2000,EDGE.stk.u.G10,0.1,0.6005,0.0109521630283702,0.615,0.0885,0,0.6005,""
2,t4_e12_n8700,alternative,null_e12_n8700,8700,all,2000,EDGE.stk.sc.G10,0.01,0.243,0.00959038581080031,0.2565,0.008,0,0.243,""
2,t4_e12_n8700,alternative,null_e12_n8700,8700,all,2000,EDGE.stk.sc.G10,0.05,0.444,0.011109995499549,0.449,0.0475,0,0.444,""
2,t4_e12_n8700,alternative,null_e12_n8700,8700,all,2000,EDGE.stk.sc.G10,0.1,0.561,0.0110968238699188,0.575,0.0925,0,0.561,""
2,t4_e12_n8700,alternative,null_e12_n8700,8700,all,2000,EDGE.sym.u.G10,0.01,0.2945,0.0101923929967403,0.3005,0.0085,0,0.2945,""
2,t4_e12_n8700,alternative,null_e12_n8700,8700,all,2000,EDGE.sym.u.G10,0.05,0.506,0.0111795348740455,0.517,0.043,0,0.506,""
2,t4_e12_n8700,alternative,null_e12_n8700,8700,all,2000,EDGE.sym.u.G10,0.1,0.62,0.0108535708409721,0.6325,0.091,0,0.62,""
2,t4_e12_n8700,alternative,null_e12_n8700,8700,all,2000,EDGE.sym.sc.G10,0.01,0.2795,0.0100344344633866,0.284,0.009,0,0.2795,""
2,t4_e12_n8700,alternative,null_e12_n8700,8700,all,2000,EDGE.sym.sc.G10,0.05,0.4895,0.0111778743506983,0.4895,0.051,0,0.4895,""
2,t4_e12_n8700,alternative,null_e12_n8700,8700,all,2000,EDGE.sym.sc.G10,0.1,0.598,0.0109634848474379,0.6045,0.095,0,0.598,""
2,t4_e12_n8700,alternative,null_e12_n8700,8700,all,2000,EDGE.poly3.u.Grule,0.01,0.234,0.00946688966873492,0.272,0.0065,0,0.234,""
2,t4_e12_n8700,alternative,null_e12_n8700,8700,all,2000,EDGE.poly3.u.Grule,0.05,0.437,0.0110912352783628,0.466,0.039,0,0.437,""
2,t4_e12_n8700,alternative,null_e12_n8700,8700,all,2000,EDGE.poly3.u.Grule,0.1,0.5495,0.0111254157225697,0.5685,0.0865,0,0.5495,""
2,t4_e12_n8700,alternative,null_e12_n8700,8700,all,2000,EDGE.poly3.sc.Grule,0.01,0.219,0.00924767538357614,0.229,0.0095,0,0.219,""
2,t4_e12_n8700,alternative,null_e12_n8700,8700,all,2000,EDGE.poly3.sc.Grule,0.05,0.4075,0.0109873506815792,0.424,0.045,0,0.4075,""
2,t4_e12_n8700,alternative,null_e12_n8700,8700,all,2000,EDGE.poly3.sc.Grule,0.1,0.5195,0.0111718340034213,0.5495,0.0885,0,0.5195,""
2,t4_e12_n8700,alternative,null_e12_n8700,8700,all,2000,EDGE.poly2.u.Grule,0.01,0.2545,0.00973986011193179,0.2935,0.007,0,0.2545,""
2,t4_e12_n8700,alternative,null_e12_n8700,8700,all,2000,EDGE.poly2.u.Grule,0.05,0.4595,0.0111436024247099,0.4575,0.0505,0,0.4595,""
2,t4_e12_n8700,alternative,null_e12_n8700,8700,all,2000,EDGE.poly2.u.Grule,0.1,0.5765,0.0110487046752097,0.5825,0.0965,0,0.5765,""
2,t4_e12_n8700,alternative,null_e12_n8700,8700,all,2000,EDGE.poly2.sc.Grule,0.01,0.2545,0.00973986011193179,0.3005,0.0075,0,0.2545,""
2,t4_e12_n8700,alternative,null_e12_n8700,8700,all,2000,EDGE.poly2.sc.Grule,0.05,0.4545,0.0111339514548969,0.474,0.0425,0,0.4545,""
2,t4_e12_n8700,alternative,null_e12_n8700,8700,all,2000,EDGE.poly2.sc.Grule,0.1,0.5715,0.0110654360510556,0.587,0.089,0,0.5715,""
2,t4_e12_n8700,alternative,null_e12_n8700,8700,all,2000,EDGE.stk.u.Grule,0.01,0.243,0.00959038581080031,0.2705,0.007,0,0.243,""
2,t4_e12_n8700,alternative,null_e12_n8700,8700,all,2000,EDGE.stk.u.Grule,0.05,0.4265,0.0110588821767844,0.4405,0.046,0,0.4265,""
2,t4_e12_n8700,alternative,null_e12_n8700,8700,all,2000,EDGE.stk.u.Grule,0.1,0.5385,0.0111471464958526,0.5475,0.096,0,0.5385,""
2,t4_e12_n8700,alternative,null_e12_n8700,8700,all,2000,EDGE.stk.sc.Grule,0.01,0.2355,0.00948788042715548,0.247,0.0085,0,0.2355,""
2,t4_e12_n8700,alternative,null_e12_n8700,8700,all,2000,EDGE.stk.sc.Grule,0.05,0.421,0.0110399048908947,0.425,0.047,0,0.421,""
2,t4_e12_n8700,alternative,null_e12_n8700,8700,all,2000,EDGE.stk.sc.Grule,0.1,0.5315,0.0111581304437616,0.5355,0.0965,0,0.5315,""
2,t4_e12_n8700,alternative,null_e12_n8700,8700,all,2000,EDGE.sym.u.Grule,0.01,0.3275,0.0104938970358966,0.358,0.0065,0,0.3275,""
2,t4_e12_n8700,alternative,null_e12_n8700,8700,all,2000,EDGE.sym.u.Grule,0.05,0.524,0.0111674527086529,0.53,0.0475,0,0.524,""
2,t4_e12_n8700,alternative,null_e12_n8700,8700,all,2000,EDGE.sym.u.Grule,0.1,0.643,0.0107133328147687,0.648,0.0965,0,0.643,""
2,t4_e12_n8700,alternative,null_e12_n8700,8700,all,2000,EDGE.sym.sc.Grule,0.01,0.3355,0.0105579294845154,0.3565,0.0065,0,0.3355,""
2,t4_e12_n8700,alternative,null_e12_n8700,8700,all,2000,EDGE.sym.sc.Grule,0.05,0.557,0.0111074524531956,0.5565,0.05,0,0.557,""
2,t4_e12_n8700,alternative,null_e12_n8700,8700,all,2000,EDGE.sym.sc.Grule,0.1,0.666,0.01054618414404,0.672,0.097,0,0.666,""
2,t4_e12_n8700,alternative,null_e12_n8700,8700,all,2000,HL.G10,0.01,0.1205,0.00727941446821103,0.121,0.0095,0,0.1205,""
2,t4_e12_n8700,alternative,null_e12_n8700,8700,all,2000,HL.G10,0.05,0.271,0.00993878765242522,0.2865,0.047,0,0.271,""
2,t4_e12_n8700,alternative,null_e12_n8700,8700,all,2000,HL.G10,0.1,0.387,0.0108910743271727,0.3855,0.101,0,0.387,""
2,t4_e12_n8700,alternative,null_e12_n8700,8700,all,2000,HL.Grule,0.01,0.1255,0.00740775775791838,0.122,0.011,0,0.1255,""
2,t4_e12_n8700,alternative,null_e12_n8700,8700,all,2000,HL.Grule,0.05,0.2865,0.0101098405031929,0.2985,0.0445,0,0.2865,""
2,t4_e12_n8700,alternative,null_e12_n8700,8700,all,2000,HL.Grule,0.1,0.391,0.0109114389518523,0.404,0.092,0,0.391,""
2,t4_e12_n8700,alternative,null_e12_n8700,8700,all,2000,HLF.G10,0.01,0.0995,0.00669327087454258,0.1025,0.008,0,0.0995,""
2,t4_e12_n8700,alternative,null_e12_n8700,8700,all,2000,HLF.G10,0.05,0.2375,0.00951561217158413,0.2495,0.0475,0,0.2375,""
2,t4_e12_n8700,alternative,null_e12_n8700,8700,all,2000,HLF.G10,0.1,0.347,0.0106440358887031,0.3515,0.099,0,0.347,""
2,t4_e12_n8700,alternative,null_e12_n8700,8700,all,2000,HLF.Grule,0.01,0.019,0.00305278561317365,0.02,0.009,0,0.019,""
2,t4_e12_n8700,alternative,null_e12_n8700,8700,all,2000,HLF.Grule,0.05,0.075,0.00588960949469487,0.09,0.0355,0,0.075,""
2,t4_e12_n8700,alternative,null_e12_n8700,8700,all,2000,HLF.Grule,0.1,0.135,0.00764117137617002,0.1485,0.0865,0,0.135,""
2,t4_e12_n8700,alternative,null_e12_n8700,8700,all,2000,Stk.joint,0.01,0.277,0.0100067727065223,0.299,0.0065,0.0045,0.278252134605726,""
2,t4_e12_n8700,alternative,null_e12_n8700,8700,all,2000,Stk.joint,0.05,0.4715,0.0111621626488777,0.4725,0.0495,0.0045,0.473631341034656,""
2,t4_e12_n8700,alternative,null_e12_n8700,8700,all,2000,Stk.joint,0.1,0.5995,0.0109567273854924,0.606,0.097,0.0045,0.602209944751381,""
2,t4_e12_n8700,alternative,null_e12_n8700,8700,all,2000,Stk.LR,0.01,0.26,0.00980815986819138,0.274,0.007,0,0.26,""
2,t4_e12_n8700,alternative,null_e12_n8700,8700,all,2000,Stk.LR,0.05,0.4585,0.0111417626522916,0.4595,0.0495,0,0.4585,""
2,t4_e12_n8700,alternative,null_e12_n8700,8700,all,2000,Stk.LR,0.1,0.5905,0.0109956752862205,0.5975,0.0975,0,0.5905,""
2,t4_e12_n8700,alternative,null_e12_n8700,8700,all,2000,Stk.sym1,0.01,0.3365,0.0105656933042749,0.3575,0.0065,0,0.3365,""
2,t4_e12_n8700,alternative,null_e12_n8700,8700,all,2000,Stk.sym1,0.05,0.5585,0.0111035523594929,0.56,0.0495,0,0.5585,""
2,t4_e12_n8700,alternative,null_e12_n8700,8700,all,2000,Stk.sym1,0.1,0.667,0.0105382873371341,0.6735,0.097,0,0.667,""
2,t4_e12_n8700,alternative,null_e12_n8700,8700,all,2000,Stk.marg,0.01,0.226,0.00935211206091972,0.817,0,0.183,0.276621787025704,""
2,t4_e12_n8700,alternative,null_e12_n8700,8700,all,2000,Stk.marg,0.05,0.382,0.0108645294421802,0.817,0,0.183,0.467564259485924,""
2,t4_e12_n8700,alternative,null_e12_n8700,8700,all,2000,Stk.marg,0.1,0.4815,0.0111726843238319,0.817,0,0.183,0.589351285189719,""
2,t4_e12_n8700,alternative,null_e12_n8700,8700,all,2000,GiViTI,0.01,0.2955,0.0102024445600062,0.32,0.006,0,0.2955,""
2,t4_e12_n8700,alternative,null_e12_n8700,8700,all,2000,GiViTI,0.05,0.518,0.0111730926783948,0.526,0.046,0,0.518,""
2,t4_e12_n8700,alternative,null_e12_n8700,8700,all,2000,GiViTI,0.1,0.64,0.010733126291999,0.653,0.0935,0,0.64,""
2,t4_e12_n8700,alternative,null_e12_n8700,8700,all,2000,GiViTI.t50,0.01,0.2445,0.00961040451802108,0.259,0.0075,0,0.2445,""
2,t4_e12_n8700,alternative,null_e12_n8700,8700,all,2000,GiViTI.t50,0.05,0.453,0.0111308355481518,0.4565,0.0465,0,0.453,""
2,t4_e12_n8700,alternative,null_e12_n8700,8700,all,2000,GiViTI.t50,0.1,0.571,0.0110670456762408,0.5875,0.0905,0,0.571,""
2,t4_e12_n8700,alternative,null_e12_n8700,8700,all,2000,Cubic.LR,0.01,0.225,0.00933742469849155,0.255,0.008,0,0.225,""
2,t4_e12_n8700,alternative,null_e12_n8700,8700,all,2000,Cubic.LR,0.05,0.4255,0.0110555359435895,0.474,0.0365,0,0.4255,""
2,t4_e12_n8700,alternative,null_e12_n8700,8700,all,2000,Cubic.LR,0.1,0.5505,0.0111231683885483,0.5775,0.084,0,0.5505,""
2,t4_e12_n8700,alternative,null_e12_n8700,8700,all,2000,HL_w,0.01,0.0435,0.00456112650559048,0.0555,0.006,0,0.0435,""
2,t4_e12_n8700,alternative,null_e12_n8700,8700,all,2000,HL_w,0.05,0.1485,0.0079513442259784,0.153,0.0485,0,0.1485,""
2,t4_e12_n8700,alternative,null_e12_n8700,8700,all,2000,HL_w,0.1,0.245,0.00961704216482386,0.255,0.094,0,0.245,""
2,t4_e12_n8700,alternative,null_e12_n8700,8700,all,2000,PH,0.01,0.09,0.00639921870231046,0.1215,0.005,0,0.09,""
2,t4_e12_n8700,alternative,null_e12_n8700,8700,all,2000,PH,0.05,0.2145,0.00917850069455791,0.287,0.0325,0,0.2145,""
2,t4_e12_n8700,alternative,null_e12_n8700,8700,all,2000,PH,0.1,0.312,0.010359922779635,0.3865,0.0635,0,0.312,""
2,t4_e12_n8700,alternative,null_e12_n8700,8700,all,2000,Tsiatis,0.01,0.1105,0.00701034057660539,0.0885,0.013,0,0.1105,""
2,t4_e12_n8700,alternative,null_e12_n8700,8700,all,2000,Tsiatis,0.05,0.2675,0.00989807430766207,0.266,0.0505,0,0.2675,""
2,t4_e12_n8700,alternative,null_e12_n8700,8700,all,2000,Tsiatis,0.1,0.382,0.0108645294421802,0.3735,0.1025,0,0.382,""
2,t4_e12_n8700,alternative,null_e12_n8700,8700,all,2000,Xie,0.01,0.092,0.00646281672337998,0.1035,0.008,0,0.092,""
2,t4_e12_n8700,alternative,null_e12_n8700,8700,all,2000,Xie,0.05,0.217,0.00921713079000184,0.284,0.029,0,0.217,""
2,t4_e12_n8700,alternative,null_e12_n8700,8700,all,2000,Xie,0.1,0.3145,0.0103824310736937,0.3995,0.061,0,0.3145,""
2,t4_e12_n8700,alternative,null_e12_n8700,8700,all,2000,PR,0.01,0.0565,0.00516273909857936,0.0525,0.011,0,0.0565,""
2,t4_e12_n8700,alternative,null_e12_n8700,8700,all,2000,PR,0.05,0.188,0.0087365897236851,0.1575,0.0605,0,0.188,""
2,t4_e12_n8700,alternative,null_e12_n8700,8700,all,2000,PR,0.1,0.2935,0.0101822824062191,0.248,0.1355,0,0.2935,""
2,t4_e12_n15000,alternative,null_e12_n15000,15000,all,2000,flag.evlt.G10,,0,,,,0,,flag rate: share of replicates with the flag = 1
2,t4_e12_n15000,alternative,null_e12_n15000,15000,all,2000,flag.evlt.Grule,,0,,,,0,,flag rate: share of replicates with the flag = 1
2,t4_e12_n15000,alternative,null_e12_n15000,15000,all,2000,flag.stk_half0,,0.108,,,,0,,flag rate: share of replicates with the flag = 1
2,t4_e12_n15000,alternative,null_e12_n15000,15000,all,2000,flag.stk_diag,,0.003,,,,0,,flag rate: share of replicates with the flag = 1
2,t4_e12_n15000,alternative,null_e12_n15000,15000,all,2000,flag.rivals_run,,0,,,,0,,flag rate: share of replicates with the flag = 1
2,t4_e12_n15000,alternative,null_e12_n15000,15000,all,2000,flag.degenerate,,0,,,,0,,flag rate: share of replicates with the flag = 1
2,t4_e12_n15000,alternative,null_e12_n15000,15000,all,2000,flag.info_guard,,0,,,,0,,flag rate: share of replicates with the flag = 1
2,t4_e12_n15000,alternative,null_e12_n15000,15000,all,2000,flag.rep_error,,0,,,,0,,flag rate: share of replicates with the flag = 1
2,t4_e12_n15000,alternative,null_e12_n15000,15000,all,2000,EDGE.poly3.u.G10,0.01,0.4255,0.0110555359435895,0.448,0.009,0,0.4255,""
2,t4_e12_n15000,alternative,null_e12_n15000,15000,all,2000,EDGE.poly3.u.G10,0.05,0.6595,0.0105962198448315,0.658,0.0505,0,0.6595,""
2,t4_e12_n15000,alternative,null_e12_n15000,15000,all,2000,EDGE.poly3.u.G10,0.1,0.758,0.00957695149825872,0.7685,0.0885,0,0.758,""
2,t4_e12_n15000,alternative,null_e12_n15000,15000,all,2000,EDGE.poly3.sc.G10,0.01,0.26,0.00980815986819138,0.2715,0.008,0,0.26,""
2,t4_e12_n15000,alternative,null_e12_n15000,15000,all,2000,EDGE.poly3.sc.G10,0.05,0.5,0.0111803398874989,0.492,0.0545,0,0.5,""
2,t4_e12_n15000,alternative,null_e12_n15000,15000,all,2000,EDGE.poly3.sc.G10,0.1,0.6325,0.010780624981883,0.6265,0.101,0,0.6325,""
2,t4_e12_n15000,alternative,null_e12_n15000,15000,all,2000,EDGE.poly2.u.G10,0.01,0.446,0.0111149448941504,0.442,0.0105,0,0.446,""
2,t4_e12_n15000,alternative,null_e12_n15000,15000,all,2000,EDGE.poly2.u.G10,0.05,0.677,0.0104563616999413,0.6935,0.048,0,0.677,""
2,t4_e12_n15000,alternative,null_e12_n15000,15000,all,2000,EDGE.poly2.u.G10,0.1,0.7765,0.00931524959407959,0.7765,0.0995,0,0.7765,""
2,t4_e12_n15000,alternative,null_e12_n15000,15000,all,2000,EDGE.poly2.sc.G10,0.01,0.25,0.00968245836551854,0.229,0.011,0,0.25,""
2,t4_e12_n15000,alternative,null_e12_n15000,15000,all,2000,EDGE.poly2.sc.G10,0.05,0.4785,0.011169998880931,0.4775,0.0505,0,0.4785,""
2,t4_e12_n15000,alternative,null_e12_n15000,15000,all,2000,EDGE.poly2.sc.G10,0.1,0.6025,0.0109428915282936,0.607,0.0985,0,0.6025,""
2,t4_e12_n15000,alternative,null_e12_n15000,15000,all,2000,EDGE.stk.u.G10,0.01,0.5005,0.0111803342973276,0.5215,0.0085,0,0.5005,""
2,t4_e12_n15000,alternative,null_e12_n15000,15000,all,2000,EDGE.stk.u.G10,0.05,0.6985,0.0102615240096196,0.7035,0.047,0,0.6985,""
2,t4_e12_n15000,alternative,null_e12_n15000,15000,all,2000,EDGE.stk.u.G10,0.1,0.7855,0.00917850069455791,0.79,0.097,0,0.7855,""
2,t4_e12_n15000,alternative,null_e12_n15000,15000,all,2000,EDGE.stk.sc.G10,0.01,0.4645,0.0111521242371129,0.431,0.0115,0,0.4645,""
2,t4_e12_n15000,alternative,null_e12_n15000,15000,all,2000,EDGE.stk.sc.G10,0.05,0.672,0.0104979998094875,0.671,0.051,0,0.672,""
2,t4_e12_n15000,alternative,null_e12_n15000,15000,all,2000,EDGE.stk.sc.G10,0.1,0.7665,0.00945985597141944,0.775,0.0945,0,0.7665,""
2,t4_e12_n15000,alternative,null_e12_n15000,15000,all,2000,EDGE.sym.u.G10,0.01,0.5275,0.0111634168156528,0.525,0.01,0,0.5275,""
2,t4_e12_n15000,alternative,null_e12_n15000,15000,all,2000,EDGE.sym.u.G10,0.05,0.723,0.0100067727065223,0.7225,0.05,0,0.723,""
2,t4_e12_n15000,alternative,null_e12_n15000,15000,all,2000,EDGE.sym.u.G10,0.1,0.8075,0.00881600107758614,0.813,0.0945,0,0.8075,""
2,t4_e12_n15000,alternative,null_e12_n15000,15000,all,2000,EDGE.sym.sc.G10,0.01,0.5145,0.0111756375657051,0.492,0.0115,0,0.5145,""
2,t4_e12_n15000,alternative,null_e12_n15000,15000,all,2000,EDGE.sym.sc.G10,0.05,0.7165,0.0100778904042463,0.7295,0.045,0,0.7165,""
2,t4_e12_n15000,alternative,null_e12_n15000,15000,all,2000,EDGE.sym.sc.G10,0.1,0.804,0.00887648579112252,0.816,0.091,0,0.804,""
2,t4_e12_n15000,alternative,null_e12_n15000,15000,all,2000,EDGE.poly3.u.Grule,0.01,0.4675,0.0111566964196396,0.47,0.0095,0,0.4675,""
2,t4_e12_n15000,alternative,null_e12_n15000,15000,all,2000,EDGE.poly3.u.Grule,0.05,0.6775,0.0104521229900915,0.6835,0.0495,0,0.6775,""
2,t4_e12_n15000,alternative,null_e12_n15000,15000,all,2000,EDGE.poly3.u.Grule,0.1,0.7715,0.00938849695105665,0.7725,0.099,0,0.7715,""
2,t4_e12_n15000,alternative,null_e12_n15000,15000,all,2000,EDGE.poly3.sc.Grule,0.01,0.4285,0.0110654360510556,0.4325,0.0095,0,0.4285,""
2,t4_e12_n15000,alternative,null_e12_n15000,15000,all,2000,EDGE.poly3.sc.Grule,0.05,0.648,0.0106793258214178,0.661,0.047,0,0.648,""
2,t4_e12_n15000,alternative,null_e12_n15000,15000,all,2000,EDGE.poly3.sc.Grule,0.1,0.748,0.00970814091368682,0.7525,0.0965,0,0.748,""
2,t4_e12_n15000,alternative,null_e12_n15000,15000,all,2000,EDGE.poly2.u.Grule,0.01,0.4625,0.0111488508376424,0.429,0.013,0,0.4625,""
2,t4_e12_n15000,alternative,null_e12_n15000,15000,all,2000,EDGE.poly2.u.Grule,0.05,0.6955,0.0102902806084188,0.7085,0.0455,0,0.6955,""
2,t4_e12_n15000,alternative,null_e12_n15000,15000,all,2000,EDGE.poly2.u.Grule,0.1,0.7855,0.00917850069455791,0.803,0.0895,0,0.7855,""
2,t4_e12_n15000,alternative,null_e12_n15000,15000,all,2000,EDGE.poly2.sc.Grule,0.01,0.484,0.0111746140872963,0.4875,0.009,0,0.484,""
2,t4_e12_n15000,alternative,null_e12_n15000,15000,all,2000,EDGE.poly2.sc.Grule,0.05,0.695,0.0102950230694253,0.6965,0.0495,0,0.695,""
2,t4_e12_n15000,alternative,null_e12_n15000,15000,all,2000,EDGE.poly2.sc.Grule,0.1,0.7895,0.00911563903409958,0.7845,0.102,0,0.7895,""
2,t4_e12_n15000,alternative,null_e12_n15000,15000,all,2000,EDGE.stk.u.Grule,0.01,0.414,0.0110137187180353,0.4345,0.0075,0,0.414,""
2,t4_e12_n15000,alternative,null_e12_n15000,15000,all,2000,EDGE.stk.u.Grule,0.05,0.63,0.010795832529268,0.648,0.0445,0,0.63,""
2,t4_e12_n15000,alternative,null_e12_n15000,15000,all,2000,EDGE.stk.u.Grule,0.1,0.725,0.00998436277385793,0.729,0.097,0,0.725,""
2,t4_e12_n15000,alternative,null_e12_n15000,15000,all,2000,EDGE.stk.sc.Grule,0.01,0.44,0.0110995495404093,0.4385,0.0105,0,0.44,""
2,t4_e12_n15000,alternative,null_e12_n15000,15000,all,2000,EDGE.stk.sc.Grule,0.05,0.65,0.0106653645038508,0.6625,0.0455,0,0.65,""
2,t4_e12_n15000,alternative,null_e12_n15000,15000,all,2000,EDGE.stk.sc.Grule,0.1,0.7565,0.00959707637773088,0.757,0.0995,0,0.7565,""
2,t4_e12_n15000,alternative,null_e12_n15000,15000,all,2000,EDGE.sym.u.Grule,0.01,0.559,0.0111022295058245,0.585,0.008,0,0.559,""
2,t4_e12_n15000,alternative,null_e12_n15000,15000,all,2000,EDGE.sym.u.Grule,0.05,0.747,0.00972087958983136,0.757,0.044,0,0.747,""
2,t4_e12_n15000,alternative,null_e12_n15000,15000,all,2000,EDGE.sym.u.Grule,0.1,0.818,0.00862774593969943,0.8215,0.0965,0,0.818,""
2,t4_e12_n15000,alternative,null_e12_n15000,15000,all,2000,EDGE.sym.sc.Grule,0.01,0.5845,0.0110195224488178,0.5835,0.01,0,0.5845,""
2,t4_e12_n15000,alternative,null_e12_n15000,15000,all,2000,EDGE.sym.sc.Grule,0.05,0.7755,0.00933005225065755,0.7775,0.049,0,0.7755,""
2,t4_e12_n15000,alternative,null_e12_n15000,15000,all,2000,EDGE.sym.sc.Grule,0.1,0.8585,0.00779351493230109,0.8635,0.096,0,0.8585,""
2,t4_e12_n15000,alternative,null_e12_n15000,15000,all,2000,HL.G10,0.01,0.2345,0.00947390494991374,0.2865,0.007,0,0.2345,""
2,t4_e12_n15000,alternative,null_e12_n15000,15000,all,2000,HL.G10,0.05,0.4555,0.011135972117422,0.485,0.038,0,0.4555,""
2,t4_e12_n15000,alternative,null_e12_n15000,15000,all,2000,HL.G10,0.1,0.572,0.011063814893607,0.5945,0.0885,0,0.572,""
2,t4_e12_n15000,alternative,null_e12_n15000,15000,all,2000,HL.Grule,0.01,0.209,0.00909172700866013,0.1725,0.0135,0,0.209,""
2,t4_e12_n15000,alternative,null_e12_n15000,15000,all,2000,HL.Grule,0.05,0.3735,0.0108166018231236,0.383,0.047,0,0.3735,""
2,t4_e12_n15000,alternative,null_e12_n15000,15000,all,2000,HL.Grule,0.1,0.5095,0.0111783216539872,0.5185,0.097,0,0.5095,""
2,t4_e12_n15000,alternative,null_e12_n15000,15000,all,2000,HLF.G10,0.01,0.214,0.00917071425789726,0.245,0.0065,0,0.214,""
2,t4_e12_n15000,alternative,null_e12_n15000,15000,all,2000,HLF.G10,0.05,0.425,0.0110538454847171,0.449,0.0375,0,0.425,""
2,t4_e12_n15000,alternative,null_e12_n15000,15000,all,2000,HLF.G10,0.1,0.539,0.0111462774054839,0.5585,0.0875,0,0.539,""
2,t4_e12_n15000,alternative,null_e12_n15000,15000,all,2000,HLF.Grule,0.01,0.025,0.00349106001094224,0.025,0.01,0,0.025,""
2,t4_e12_n15000,alternative,null_e12_n15000,15000,all,2000,HLF.Grule,0.05,0.0995,0.00669327087454258,0.1055,0.0465,0,0.0995,""
2,t4_e12_n15000,alternative,null_e12_n15000,15000,all,2000,HLF.Grule,0.1,0.167,0.00833999400479401,0.174,0.09,0,0.167,""
2,t4_e12_n15000,alternative,null_e12_n15000,15000,all,2000,Stk.joint,0.01,0.498,0.0111802504444221,0.493,0.01,0.006,0.501006036217304,""
2,t4_e12_n15000,alternative,null_e12_n15000,15000,all,2000,Stk.joint,0.05,0.702,0.0102273163635433,0.7015,0.05,0.006,0.706237424547284,""
2,t4_e12_n15000,alternative,null_e12_n15000,15000,all,2000,Stk.joint,0.1,0.7955,0.00901886217878952,0.8015,0.0955,0.006,0.800301810865191,""
2,t4_e12_n15000,alternative,null_e12_n15000,15000,all,2000,Stk.LR,0.01,0.4725,0.0111634168156528,0.467,0.01,0,0.4725,""
2,t4_e12_n15000,alternative,null_e12_n15000,15000,all,2000,Stk.LR,0.05,0.6975,0.0102711671683407,0.6975,0.0495,0,0.6975,""
2,t4_e12_n15000,alternative,null_e12_n15000,15000,all,2000,Stk.LR,0.1,0.793,0.00905955296910394,0.802,0.097,0,0.793,""
2,t4_e12_n15000,alternative,null_e12_n15000,15000,all,2000,Stk.sym1,0.01,0.5835,0.011023333207338,0.581,0.01,0,0.5835,""
2,t4_e12_n15000,alternative,null_e12_n15000,15000,all,2000,Stk.sym1,0.05,0.7765,0.00931524959407959,0.7765,0.05,0,0.7765,""
2,t4_e12_n15000,alternative,null_e12_n15000,15000,all,2000,Stk.sym1,0.1,0.8575,0.00781644900194455,0.864,0.0955,0,0.8575,""
2,t4_e12_n15000,alternative,null_e12_n15000,15000,all,2000,Stk.marg,0.01,0.4435,0.0111087296753499,0.892,0,0.108,0.49719730941704,""
2,t4_e12_n15000,alternative,null_e12_n15000,15000,all,2000,Stk.marg,0.05,0.629,0.0108018285489078,0.892,0,0.108,0.705156950672646,""
2,t4_e12_n15000,alternative,null_e12_n15000,15000,all,2000,Stk.marg,0.1,0.7105,0.0101412462251934,0.892,0,0.108,0.79652466367713,""
2,t4_e12_n15000,alternative,null_e12_n15000,15000,all,2000,GiViTI,0.01,0.541,0.0111426881855323,0.552,0.0085,0,0.541,""
2,t4_e12_n15000,alternative,null_e12_n15000,15000,all,2000,GiViTI,0.05,0.754,0.0096302647938673,0.761,0.046,0,0.754,""
2,t4_e12_n15000,alternative,null_e12_n15000,15000,all,2000,GiViTI,0.1,0.8355,0.00828974517099289,0.8485,0.0915,0,0.8355,""
2,t4_e12_n15000,alternative,null_e12_n15000,15000,all,2000,GiViTI.t50,0.01,0.4645,0.0111521242371129,0.5005,0.0075,0,0.4645,""
2,t4_e12_n15000,alternative,null_e12_n15000,15000,all,2000,GiViTI.t50,0.05,0.691,0.0103324488868806,0.703,0.047,0,0.691,""
2,t4_e12_n15000,alternative,null_e12_n15000,15000,all,2000,GiViTI.t50,0.1,0.78,0.00926282894152753,0.797,0.091,0,0.78,""
2,t4_e12_n15000,alternative,null_e12_n15000,15000,all,2000,Cubic.LR,0.01,0.454,0.011132924144177,0.47,0.0095,0,0.454,""
2,t4_e12_n15000,alternative,null_e12_n15000,15000,all,2000,Cubic.LR,0.05,0.673,0.0104897807412739,0.6835,0.047,0,0.673,""
2,t4_e12_n15000,alternative,null_e12_n15000,15000,all,2000,Cubic.LR,0.1,0.768,0.00943864397040168,0.774,0.095,0,0.768,""
2,t4_e12_n15000,alternative,null_e12_n15000,15000,all,2000,HL_w,0.01,0,0,0,0,1,,"not run (n >= 10,000)"
2,t4_e12_n15000,alternative,null_e12_n15000,15000,all,2000,HL_w,0.05,0,0,0,0,1,,"not run (n >= 10,000)"
2,t4_e12_n15000,alternative,null_e12_n15000,15000,all,2000,HL_w,0.1,0,0,0,0,1,,"not run (n >= 10,000)"
2,t4_e12_n15000,alternative,null_e12_n15000,15000,all,2000,PH,0.01,0,0,0,0,1,,"not run (n >= 10,000)"
2,t4_e12_n15000,alternative,null_e12_n15000,15000,all,2000,PH,0.05,0,0,0,0,1,,"not run (n >= 10,000)"
2,t4_e12_n15000,alternative,null_e12_n15000,15000,all,2000,PH,0.1,0,0,0,0,1,,"not run (n >= 10,000)"
2,t4_e12_n15000,alternative,null_e12_n15000,15000,all,2000,Tsiatis,0.01,0,0,0,0,1,,"not run (n >= 10,000)"
2,t4_e12_n15000,alternative,null_e12_n15000,15000,all,2000,Tsiatis,0.05,0,0,0,0,1,,"not run (n >= 10,000)"
2,t4_e12_n15000,alternative,null_e12_n15000,15000,all,2000,Tsiatis,0.1,0,0,0,0,1,,"not run (n >= 10,000)"
2,t4_e12_n15000,alternative,null_e12_n15000,15000,all,2000,Xie,0.01,0,0,0,0,1,,"not run (n >= 10,000)"
2,t4_e12_n15000,alternative,null_e12_n15000,15000,all,2000,Xie,0.05,0,0,0,0,1,,"not run (n >= 10,000)"
2,t4_e12_n15000,alternative,null_e12_n15000,15000,all,2000,Xie,0.1,0,0,0,0,1,,"not run (n >= 10,000)"
2,t4_e12_n15000,alternative,null_e12_n15000,15000,all,2000,PR,0.01,0,0,0,0,1,,"not run (n >= 10,000)"
2,t4_e12_n15000,alternative,null_e12_n15000,15000,all,2000,PR,0.05,0,0,0,0,1,,"not run (n >= 10,000)"
2,t4_e12_n15000,alternative,null_e12_n15000,15000,all,2000,PR,0.1,0,0,0,0,1,,"not run (n >= 10,000)"
2,loglog_e12_n1000,alternative,null_e12_n1000,1000,all,2000,flag.evlt.G10,,0,,,,0,,flag rate: share of replicates with the flag = 1
2,loglog_e12_n1000,alternative,null_e12_n1000,1000,all,2000,flag.evlt.Grule,,0,,,,0,,flag rate: share of replicates with the flag = 1
2,loglog_e12_n1000,alternative,null_e12_n1000,1000,all,2000,flag.stk_half0,,0,,,,0,,flag rate: share of replicates with the flag = 1
2,loglog_e12_n1000,alternative,null_e12_n1000,1000,all,2000,flag.stk_diag,,0.368,,,,0,,flag rate: share of replicates with the flag = 1
2,loglog_e12_n1000,alternative,null_e12_n1000,1000,all,2000,flag.rivals_run,,1,,,,0,,flag rate: share of replicates with the flag = 1
2,loglog_e12_n1000,alternative,null_e12_n1000,1000,all,2000,flag.degenerate,,0,,,,0,,flag rate: share of replicates with the flag = 1
2,loglog_e12_n1000,alternative,null_e12_n1000,1000,all,2000,flag.info_guard,,0,,,,0,,flag rate: share of replicates with the flag = 1
2,loglog_e12_n1000,alternative,null_e12_n1000,1000,all,2000,flag.rep_error,,0,,,,0,,flag rate: share of replicates with the flag = 1
2,loglog_e12_n1000,alternative,null_e12_n1000,1000,all,2000,EDGE.poly3.u.G10,0.01,0.0835,0.00618578006398546,0.0805,0.0115,0,0.0835,""
2,loglog_e12_n1000,alternative,null_e12_n1000,1000,all,2000,EDGE.poly3.u.G10,0.05,0.2875,0.0101203693114431,0.2965,0.0495,0,0.2875,""
2,loglog_e12_n1000,alternative,null_e12_n1000,1000,all,2000,EDGE.poly3.u.G10,0.1,0.44,0.0110995495404093,0.4545,0.0965,0,0.44,""
2,loglog_e12_n1000,alternative,null_e12_n1000,1000,all,2000,EDGE.poly3.sc.G10,0.01,0.114,0.00710647591989166,0.1085,0.01,0,0.114,""
2,loglog_e12_n1000,alternative,null_e12_n1000,1000,all,2000,EDGE.poly3.sc.G10,0.05,0.3,0.0102469507659596,0.304,0.049,0,0.3,""
2,loglog_e12_n1000,alternative,null_e12_n1000,1000,all,2000,EDGE.poly3.sc.G10,0.1,0.4205,0.0110381101190376,0.425,0.096,0,0.4205,""
2,loglog_e12_n1000,alternative,null_e12_n1000,1000,all,2000,EDGE.poly2.u.G10,0.01,0.1805,0.00859999273255507,0.2015,0.0065,0,0.1805,""
2,loglog_e12_n1000,alternative,null_e12_n1000,1000,all,2000,EDGE.poly2.u.G10,0.05,0.408,0.0109894494857568,0.4245,0.047,0,0.408,""
2,loglog_e12_n1000,alternative,null_e12_n1000,1000,all,2000,EDGE.poly2.u.G10,0.1,0.558,0.0111048637992548,0.556,0.101,0,0.558,""
2,loglog_e12_n1000,alternative,null_e12_n1000,1000,all,2000,EDGE.poly2.sc.G10,0.01,0.0855,0.00625258946357427,0.0885,0.009,0,0.0855,""
2,loglog_e12_n1000,alternative,null_e12_n1000,1000,all,2000,EDGE.poly2.sc.G10,0.05,0.246,0.0096302647938673,0.2565,0.0435,0,0.246,""
2,loglog_e12_n1000,alternative,null_e12_n1000,1000,all,2000,EDGE.poly2.sc.G10,0.1,0.3585,0.0107232865764186,0.3555,0.102,0,0.3585,""
2,loglog_e12_n1000,alternative,null_e12_n1000,1000,all,2000,EDGE.stk.u.G10,0.01,0.003,0.00122290637417588,0.003,0.011,0,0.003,""
2,loglog_e12_n1000,alternative,null_e12_n1000,1000,all,2000,EDGE.stk.u.G10,0.05,0.053,0.0050095408971282,0.0465,0.053,0,0.053,""
2,loglog_e12_n1000,alternative,null_e12_n1000,1000,all,2000,EDGE.stk.u.G10,0.1,0.13,0.00751997340420829,0.1285,0.1005,0,0.13,""
2,loglog_e12_n1000,alternative,null_e12_n1000,1000,all,2000,EDGE.stk.sc.G10,0.01,0.068,0.00562920953598283,0.067,0.01,0,0.068,""
2,loglog_e12_n1000,alternative,null_e12_n1000,1000,all,2000,EDGE.stk.sc.G10,0.05,0.255,0.00974615308724422,0.263,0.048,0,0.255,""
2,loglog_e12_n1000,alternative,null_e12_n1000,1000,all,2000,EDGE.stk.sc.G10,0.1,0.4175,0.0110270973061817,0.42,0.0995,0,0.4175,""
2,loglog_e12_n1000,alternative,null_e12_n1000,1000,all,2000,EDGE.sym.u.G10,0.01,0,0,0,0.011,0,0,""
2,loglog_e12_n1000,alternative,null_e12_n1000,1000,all,2000,EDGE.sym.u.G10,0.05,0.0065,0.00179690706493129,0.006,0.053,0,0.0065,""
2,loglog_e12_n1000,alternative,null_e12_n1000,1000,all,2000,EDGE.sym.u.G10,0.1,0.0675,0.00560997994648822,0.058,0.1025,0,0.0675,""
2,loglog_e12_n1000,alternative,null_e12_n1000,1000,all,2000,EDGE.sym.sc.G10,0.01,0.14,0.00775886589650833,0.1315,0.011,0,0.14,""
2,loglog_e12_n1000,alternative,null_e12_n1000,1000,all,2000,EDGE.sym.sc.G10,0.05,0.462,0.0111480043057042,0.46,0.0505,0,0.462,""
2,loglog_e12_n1000,alternative,null_e12_n1000,1000,all,2000,EDGE.sym.sc.G10,0.1,0.648,0.0106793258214178,0.648,0.0995,0,0.648,""
2,loglog_e12_n1000,alternative,null_e12_n1000,1000,all,2000,EDGE.poly3.u.Grule,0.01,0.118,0.00721373689567342,0.128,0.0095,0,0.118,""
2,loglog_e12_n1000,alternative,null_e12_n1000,1000,all,2000,EDGE.poly3.u.Grule,0.05,0.3595,0.0107298590391487,0.407,0.038,0,0.3595,""
2,loglog_e12_n1000,alternative,null_e12_n1000,1000,all,2000,EDGE.poly3.u.Grule,0.1,0.5335,0.0111552173891861,0.545,0.0945,0,0.5335,""
2,loglog_e12_n1000,alternative,null_e12_n1000,1000,all,2000,EDGE.poly3.sc.Grule,0.01,0.107,0.0069119823495145,0.1315,0.007,0,0.107,""
2,loglog_e12_n1000,alternative,null_e12_n1000,1000,all,2000,EDGE.poly3.sc.Grule,0.05,0.3085,0.0103278204380208,0.339,0.04,0,0.3085,""
2,loglog_e12_n1000,alternative,null_e12_n1000,1000,all,2000,EDGE.poly3.sc.Grule,0.1,0.4465,0.0111161537862698,0.4865,0.0845,0,0.4465,""
2,loglog_e12_n1000,alternative,null_e12_n1000,1000,all,2000,EDGE.poly2.u.Grule,0.01,0.2015,0.00896932968509911,0.249,0.007,0,0.2015,""
2,loglog_e12_n1000,alternative,null_e12_n1000,1000,all,2000,EDGE.poly2.u.Grule,0.05,0.479,0.011170474475151,0.4585,0.054,0,0.479,""
2,loglog_e12_n1000,alternative,null_e12_n1000,1000,all,2000,EDGE.poly2.u.Grule,0.1,0.6125,0.0108936621482401,0.6095,0.1015,0,0.6125,""
2,loglog_e12_n1000,alternative,null_e12_n1000,1000,all,2000,EDGE.poly2.sc.Grule,0.01,0.138,0.00771219813023499,0.1315,0.0105,0,0.138,""
2,loglog_e12_n1000,alternative,null_e12_n1000,1000,all,2000,EDGE.poly2.sc.Grule,0.05,0.3825,0.0108672386096929,0.422,0.0375,0,0.3825,""
2,loglog_e12_n1000,alternative,null_e12_n1000,1000,all,2000,EDGE.poly2.sc.Grule,0.1,0.552,0.0111197122264922,0.5645,0.0945,0,0.552,""
2,loglog_e12_n1000,alternative,null_e12_n1000,1000,all,2000,EDGE.stk.u.Grule,0.01,0.0165,0.00284848644019943,0.012,0.014,0,0.0165,""
2,loglog_e12_n1000,alternative,null_e12_n1000,1000,all,2000,EDGE.stk.u.Grule,0.05,0.096,0.00658726043207645,0.0925,0.052,0,0.096,""
2,loglog_e12_n1000,alternative,null_e12_n1000,1000,all,2000,EDGE.stk.u.Grule,0.1,0.182,0.00862774593969943,0.1905,0.095,0,0.182,""
2,loglog_e12_n1000,alternative,null_e12_n1000,1000,all,2000,EDGE.stk.sc.Grule,0.01,0.075,0.00588960949469487,0.0695,0.01,0,0.075,""
2,loglog_e12_n1000,alternative,null_e12_n1000,1000,all,2000,EDGE.stk.sc.Grule,0.05,0.2735,0.00996739058129057,0.2825,0.0475,0,0.2735,""
2,loglog_e12_n1000,alternative,null_e12_n1000,1000,all,2000,EDGE.stk.sc.Grule,0.1,0.4465,0.0111161537862698,0.4415,0.1015,0,0.4465,""
2,loglog_e12_n1000,alternative,null_e12_n1000,1000,all,2000,EDGE.sym.u.Grule,0.01,0,0,0,0.012,0,0,""
2,loglog_e12_n1000,alternative,null_e12_n1000,1000,all,2000,EDGE.sym.u.Grule,0.05,0.0045,0.00149662119455793,0.004,0.0525,0,0.0045,""
2,loglog_e12_n1000,alternative,null_e12_n1000,1000,all,2000,EDGE.sym.u.Grule,0.1,0.052,0.00496467521596328,0.0575,0.0945,0,0.052,""
2,loglog_e12_n1000,alternative,null_e12_n1000,1000,all,2000,EDGE.sym.sc.Grule,0.01,0.1665,0.00832999849939963,0.169,0.0095,0,0.1665,""
2,loglog_e12_n1000,alternative,null_e12_n1000,1000,all,2000,EDGE.sym.sc.Grule,0.05,0.5165,0.0111742505341522,0.508,0.0525,0,0.5165,""
2,loglog_e12_n1000,alternative,null_e12_n1000,1000,all,2000,EDGE.sym.sc.Grule,0.1,0.7025,0.0102223713002414,0.7125,0.097,0,0.7025,""
2,loglog_e12_n1000,alternative,null_e12_n1000,1000,all,2000,HL.G10,0.01,0.008,0.0019919839356782,0.008,0.0115,0,0.008,""
2,loglog_e12_n1000,alternative,null_e12_n1000,1000,all,2000,HL.G10,0.05,0.0385,0.00430219420761081,0.0405,0.0475,0,0.0385,""
2,loglog_e12_n1000,alternative,null_e12_n1000,1000,all,2000,HL.G10,0.1,0.09,0.00639921870231046,0.094,0.0965,0,0.09,""
2,loglog_e12_n1000,alternative,null_e12_n1000,1000,all,2000,HL.Grule,0.01,0,0,0,0.012,0,0,""
2,loglog_e12_n1000,alternative,null_e12_n1000,1000,all,2000,HL.Grule,0.05,5e-04,0.000499874984371093,5e-04,0.0455,0,5e-04,""
2,loglog_e12_n1000,alternative,null_e12_n1000,1000,all,2000,HL.Grule,0.1,0.0035,0.0013205585939291,0.004,0.0905,0,0.0035,""
2,loglog_e12_n1000,alternative,null_e12_n1000,1000,all,2000,HLF.G10,0.01,0.033,0.00399443362693636,0.0295,0.0105,0,0.033,""
2,loglog_e12_n1000,alternative,null_e12_n1000,1000,all,2000,HLF.G10,0.05,0.158,0.00815585679128809,0.1665,0.048,0,0.158,""
2,loglog_e12_n1000,alternative,null_e12_n1000,1000,all,2000,HLF.G10,0.1,0.301,0.0102566807496383,0.3165,0.094,0,0.301,""
2,loglog_e12_n1000,alternative,null_e12_n1000,1000,all,2000,HLF.Grule,0.01,0.014,0.00262716577322407,0.013,0.0115,0,0.014,""
2,loglog_e12_n1000,alternative,null_e12_n1000,1000,all,2000,HLF.Grule,0.05,0.073,0.00581682903307292,0.0925,0.0395,0,0.073,""
2,loglog_e12_n1000,alternative,null_e12_n1000,1000,all,2000,HLF.Grule,0.1,0.148,0.00794027707325129,0.17,0.088,0,0.148,""
2,loglog_e12_n1000,alternative,null_e12_n1000,1000,all,2000,Stk.joint,0.01,0.096,0.00658726043207645,0.0895,0.0105,0,0.096,""
2,loglog_e12_n1000,alternative,null_e12_n1000,1000,all,2000,Stk.joint,0.05,0.3445,0.0106259058437387,0.3465,0.0495,0,0.3445,""
2,loglog_e12_n1000,alternative,null_e12_n1000,1000,all,2000,Stk.joint,0.1,0.533,0.0111559625313103,0.527,0.1025,0,0.533,""
2,loglog_e12_n1000,alternative,null_e12_n1000,1000,all,2000,Stk.LR,0.01,0.2805,0.0100453907340631,0.302,0.009,0,0.2805,""
2,loglog_e12_n1000,alternative,null_e12_n1000,1000,all,2000,Stk.LR,0.05,0.5435,0.0111379475218731,0.531,0.056,0,0.5435,""
2,loglog_e12_n1000,alternative,null_e12_n1000,1000,all,2000,Stk.LR,0.1,0.6905,0.0103370631709398,0.675,0.1085,0,0.6905,""
2,loglog_e12_n1000,alternative,null_e12_n1000,1000,all,2000,Stk.sym1,0.01,0.1645,0.00828974517099289,0.1335,0.011,0,0.1645,""
2,loglog_e12_n1000,alternative,null_e12_n1000,1000,all,2000,Stk.sym1,0.05,0.5145,0.0111756375657051,0.513,0.05,0,0.5145,""
2,loglog_e12_n1000,alternative,null_e12_n1000,1000,all,2000,Stk.sym1,0.1,0.7105,0.0101412462251934,0.7065,0.1025,0,0.7105,""
2,loglog_e12_n1000,alternative,null_e12_n1000,1000,all,2000,Stk.marg,0.01,0.2225,0.00930036961631096,0.846,0,0,0.2225,""
2,loglog_e12_n1000,alternative,null_e12_n1000,1000,all,2000,Stk.marg,0.05,0.46,0.011144505372604,1,0.0015,0,0.46,""
2,loglog_e12_n1000,alternative,null_e12_n1000,1000,all,2000,Stk.marg,0.1,0.6045,0.0109334292424655,1,0.0035,0,0.6045,""
2,loglog_e12_n1000,alternative,null_e12_n1000,1000,all,2000,GiViTI,0.01,0.3405,0.0105962198448315,0.362,0.009,0,0.3405,""
2,loglog_e12_n1000,alternative,null_e12_n1000,1000,all,2000,GiViTI,0.05,0.6285,0.0108048079575715,0.6285,0.0495,0,0.6285,""
2,loglog_e12_n1000,alternative,null_e12_n1000,1000,all,2000,GiViTI,0.1,0.766,0.00946688966873492,0.7625,0.1015,0,0.766,""
2,loglog_e12_n1000,alternative,null_e12_n1000,1000,all,2000,GiViTI.t50,0.01,0.2795,0.0100344344633866,0.3285,0.007,0,0.2795,""
2,loglog_e12_n1000,alternative,null_e12_n1000,1000,all,2000,GiViTI.t50,0.05,0.5605,0.0110981924203899,0.558,0.052,0,0.5605,""
2,loglog_e12_n1000,alternative,null_e12_n1000,1000,all,2000,GiViTI.t50,0.1,0.699,0.0102566807496383,0.6985,0.101,0,0.699,""
2,loglog_e12_n1000,alternative,null_e12_n1000,1000,all,2000,Cubic.LR,0.01,0.2845,0.0100886012410046,0.2925,0.0085,0,0.2845,""
2,loglog_e12_n1000,alternative,null_e12_n1000,1000,all,2000,Cubic.LR,0.05,0.5685,0.0110749209929462,0.5925,0.0435,0,0.5685,""
2,loglog_e12_n1000,alternative,null_e12_n1000,1000,all,2000,Cubic.LR,0.1,0.7165,0.0100778904042463,0.719,0.096,0,0.7165,""
2,loglog_e12_n1000,alternative,null_e12_n1000,1000,all,2000,HL_w,0.01,0.068,0.00562920953598283,0.081,0.006,0,0.068,""
2,loglog_e12_n1000,alternative,null_e12_n1000,1000,all,2000,HL_w,0.05,0.1905,0.00878093816172281,0.21,0.043,0,0.1905,""
2,loglog_e12_n1000,alternative,null_e12_n1000,1000,all,2000,HL_w,0.1,0.286,0.010104553429024,0.292,0.096,0,0.286,""
2,loglog_e12_n1000,alternative,null_e12_n1000,1000,all,2000,PH,0.01,0.006,0.0017268468374468,0.008,0.0065,0,0.006,""
2,loglog_e12_n1000,alternative,null_e12_n1000,1000,all,2000,PH,0.05,0.0265,0.00359150038284837,0.044,0.028,0,0.0265,""
2,loglog_e12_n1000,alternative,null_e12_n1000,1000,all,2000,PH,0.1,0.059,0.00526872849936301,0.096,0.0595,0,0.059,""
2,loglog_e12_n1000,alternative,null_e12_n1000,1000,all,2000,Tsiatis,0.01,0.0085,0.00205277251540447,0.004,0.012,0,0.0085,""
2,loglog_e12_n1000,alternative,null_e12_n1000,1000,all,2000,Tsiatis,0.05,0.042,0.00448530935387962,0.041,0.052,0,0.042,""
2,loglog_e12_n1000,alternative,null_e12_n1000,1000,all,2000,Tsiatis,0.1,0.083,0.00616891400491205,0.0905,0.096,0,0.083,""
2,loglog_e12_n1000,alternative,null_e12_n1000,1000,all,2000,Xie,0.01,0.005,0.00157718102955875,0.009,0.0075,0,0.005,""
2,loglog_e12_n1000,alternative,null_e12_n1000,1000,all,2000,Xie,0.05,0.027,0.00362429303451032,0.0435,0.031,0,0.027,""
2,loglog_e12_n1000,alternative,null_e12_n1000,1000,all,2000,Xie,0.1,0.055,0.00509779364038993,0.0845,0.0605,0,0.055,""
2,loglog_e12_n1000,alternative,null_e12_n1000,1000,all,2000,PR,0.01,0.002,0.000998999499499374,0.002,0.0095,0,0.002,""
2,loglog_e12_n1000,alternative,null_e12_n1000,1000,all,2000,PR,0.05,0.0845,0.00621931467285585,0.0725,0.057,0,0.0845,""
2,loglog_e12_n1000,alternative,null_e12_n1000,1000,all,2000,PR,0.1,0.2475,0.00964996761652598,0.207,0.1145,0,0.2475,""
2,loglog_e12_n1700,alternative,null_e12_n1700,1700,all,2000,flag.evlt.G10,,0,,,,0,,flag rate: share of replicates with the flag = 1
2,loglog_e12_n1700,alternative,null_e12_n1700,1700,all,2000,flag.evlt.Grule,,0,,,,0,,flag rate: share of replicates with the flag = 1
2,loglog_e12_n1700,alternative,null_e12_n1700,1700,all,2000,flag.stk_half0,,0,,,,0,,flag rate: share of replicates with the flag = 1
2,loglog_e12_n1700,alternative,null_e12_n1700,1700,all,2000,flag.stk_diag,,0.266,,,,0,,flag rate: share of replicates with the flag = 1
2,loglog_e12_n1700,alternative,null_e12_n1700,1700,all,2000,flag.rivals_run,,1,,,,0,,flag rate: share of replicates with the flag = 1
2,loglog_e12_n1700,alternative,null_e12_n1700,1700,all,2000,flag.degenerate,,0,,,,0,,flag rate: share of replicates with the flag = 1
2,loglog_e12_n1700,alternative,null_e12_n1700,1700,all,2000,flag.info_guard,,0,,,,0,,flag rate: share of replicates with the flag = 1
2,loglog_e12_n1700,alternative,null_e12_n1700,1700,all,2000,flag.rep_error,,0,,,,0,,flag rate: share of replicates with the flag = 1
2,loglog_e12_n1700,alternative,null_e12_n1700,1700,all,2000,EDGE.poly3.u.G10,0.01,0.2415,0.00957020767799738,0.2045,0.0115,0,0.2415,""
2,loglog_e12_n1700,alternative,null_e12_n1700,1700,all,2000,EDGE.poly3.u.G10,0.05,0.5595,0.0111008952341692,0.5455,0.054,0,0.5595,""
2,loglog_e12_n1700,alternative,null_e12_n1700,1700,all,2000,EDGE.poly3.u.G10,0.1,0.732,0.0099039386104721,0.7395,0.0955,0,0.732,""
2,loglog_e12_n1700,alternative,null_e12_n1700,1700,all,2000,EDGE.poly3.sc.G10,0.01,0.2485,0.00966301583357908,0.247,0.011,0,0.2485,""
2,loglog_e12_n1700,alternative,null_e12_n1700,1700,all,2000,EDGE.poly3.sc.G10,0.05,0.4975,0.0111802001323769,0.5135,0.0455,0,0.4975,""
2,loglog_e12_n1700,alternative,null_e12_n1700,1700,all,2000,EDGE.poly3.sc.G10,0.1,0.632,0.010783691390243,0.6305,0.1015,0,0.632,""
2,loglog_e12_n1700,alternative,null_e12_n1700,1700,all,2000,EDGE.poly2.u.G10,0.01,0.4,0.0109544511501033,0.397,0.011,0,0.4,""
2,loglog_e12_n1700,alternative,null_e12_n1700,1700,all,2000,EDGE.poly2.u.G10,0.05,0.6745,0.0104773505715901,0.6675,0.0505,0,0.6745,""
2,loglog_e12_n1700,alternative,null_e12_n1700,1700,all,2000,EDGE.poly2.u.G10,0.1,0.783,0.00921713079000184,0.792,0.0955,0,0.783,""
2,loglog_e12_n1700,alternative,null_e12_n1700,1700,all,2000,EDGE.poly2.sc.G10,0.01,0.1925,0.00881600107758614,0.1835,0.0105,0,0.1925,""
2,loglog_e12_n1700,alternative,null_e12_n1700,1700,all,2000,EDGE.poly2.sc.G10,0.05,0.418,0.0110289618731774,0.413,0.052,0,0.418,""
2,loglog_e12_n1700,alternative,null_e12_n1700,1700,all,2000,EDGE.poly2.sc.G10,0.1,0.5545,0.0111137246231855,0.5515,0.1015,0,0.5545,""
2,loglog_e12_n1700,alternative,null_e12_n1700,1700,all,2000,EDGE.stk.u.G10,0.01,0.03,0.00381444622455213,0.0315,0.0085,0,0.03,""
2,loglog_e12_n1700,alternative,null_e12_n1700,1700,all,2000,EDGE.stk.u.G10,0.05,0.1915,0.00879851549978745,0.2145,0.0455,0,0.1915,""
2,loglog_e12_n1700,alternative,null_e12_n1700,1700,all,2000,EDGE.stk.u.G10,0.1,0.387,0.0108910743271727,0.408,0.0925,0,0.387,""
2,loglog_e12_n1700,alternative,null_e12_n1700,1700,all,2000,EDGE.stk.sc.G10,0.01,0.2255,0.00934477795348825,0.239,0.0085,0,0.2255,""
2,loglog_e12_n1700,alternative,null_e12_n1700,1700,all,2000,EDGE.stk.sc.G10,0.05,0.5365,0.0111505100780189,0.5195,0.054,0,0.5365,""
2,loglog_e12_n1700,alternative,null_e12_n1700,1700,all,2000,EDGE.stk.sc.G10,0.1,0.7025,0.0102223713002414,0.7095,0.098,0,0.7025,""
2,loglog_e12_n1700,alternative,null_e12_n1700,1700,all,2000,EDGE.sym.u.G10,0.01,0.001,0.000706753139363385,0.001,0.009,0,0.001,""
2,loglog_e12_n1700,alternative,null_e12_n1700,1700,all,2000,EDGE.sym.u.G10,0.05,0.1,0.00670820393249937,0.095,0.051,0,0.1,""
2,loglog_e12_n1700,alternative,null_e12_n1700,1700,all,2000,EDGE.sym.u.G10,0.1,0.437,0.0110912352783628,0.4935,0.0905,0,0.437,""
2,loglog_e12_n1700,alternative,null_e12_n1700,1700,all,2000,EDGE.sym.sc.G10,0.01,0.442,0.0111048637992548,0.4675,0.008,0,0.442,""
2,loglog_e12_n1700,alternative,null_e12_n1700,1700,all,2000,EDGE.sym.sc.G10,0.05,0.77,0.00941010095588777,0.77,0.047,0,0.77,""
2,loglog_e12_n1700,alternative,null_e12_n1700,1700,all,2000,EDGE.sym.sc.G10,0.1,0.8945,0.00686912476229687,0.902,0.0905,0,0.8945,""
2,loglog_e12_n1700,alternative,null_e12_n1700,1700,all,2000,EDGE.poly3.u.Grule,0.01,0.344,0.0106222408182078,0.3895,0.009,0,0.344,""
2,loglog_e12_n1700,alternative,null_e12_n1700,1700,all,2000,EDGE.poly3.u.Grule,0.05,0.6665,0.0105422424085201,0.642,0.0525,0,0.6665,""
2,loglog_e12_n1700,alternative,null_e12_n1700,1700,all,2000,EDGE.poly3.u.Grule,0.1,0.8015,0.00891901760285291,0.7905,0.107,0,0.8015,""
2,loglog_e12_n1700,alternative,null_e12_n1700,1700,all,2000,EDGE.poly3.sc.Grule,0.01,0.3095,0.0103370631709398,0.3,0.01,0,0.3095,""
2,loglog_e12_n1700,alternative,null_e12_n1700,1700,all,2000,EDGE.poly3.sc.Grule,0.05,0.601,0.0109498630128418,0.586,0.054,0,0.601,""
2,loglog_e12_n1700,alternative,null_e12_n1700,1700,all,2000,EDGE.poly3.sc.Grule,0.1,0.753,0.00964341744403922,0.732,0.109,0,0.753,""
2,loglog_e12_n1700,alternative,null_e12_n1700,1700,all,2000,EDGE.poly2.u.Grule,0.01,0.471,0.0111615187138669,0.45,0.011,0,0.471,""
2,loglog_e12_n1700,alternative,null_e12_n1700,1700,all,2000,EDGE.poly2.u.Grule,0.05,0.7275,0.00995599693652022,0.7275,0.0495,0,0.7275,""
2,loglog_e12_n1700,alternative,null_e12_n1700,1700,all,2000,EDGE.poly2.u.Grule,0.1,0.833,0.00833999400479401,0.8295,0.1015,0,0.833,""
2,loglog_e12_n1700,alternative,null_e12_n1700,1700,all,2000,EDGE.poly2.sc.Grule,0.01,0.397,0.010940543862167,0.431,0.008,0,0.397,""
2,loglog_e12_n1700,alternative,null_e12_n1700,1700,all,2000,EDGE.poly2.sc.Grule,0.05,0.71,0.0101464279428772,0.7045,0.0515,0,0.71,""
2,loglog_e12_n1700,alternative,null_e12_n1700,1700,all,2000,EDGE.poly2.sc.Grule,0.1,0.8355,0.00828974517099289,0.8315,0.1025,0,0.8355,""
2,loglog_e12_n1700,alternative,null_e12_n1700,1700,all,2000,EDGE.stk.u.Grule,0.01,0.082,0.00613498166256428,0.073,0.011,0,0.082,""
2,loglog_e12_n1700,alternative,null_e12_n1700,1700,all,2000,EDGE.stk.u.Grule,0.05,0.2655,0.00987445568120086,0.2895,0.0455,0,0.2655,""
2,loglog_e12_n1700,alternative,null_e12_n1700,1700,all,2000,EDGE.stk.u.Grule,0.1,0.401,0.0109589917419441,0.424,0.09,0,0.401,""
2,loglog_e12_n1700,alternative,null_e12_n1700,1700,all,2000,EDGE.stk.sc.Grule,0.01,0.273,0.0099617016618648,0.2215,0.0125,0,0.273,""
2,loglog_e12_n1700,alternative,null_e12_n1700,1700,all,2000,EDGE.stk.sc.Grule,0.05,0.5925,0.0109873506815792,0.6255,0.045,0,0.5925,""
2,loglog_e12_n1700,alternative,null_e12_n1700,1700,all,2000,EDGE.stk.sc.Grule,0.1,0.7615,0.00952936907670177,0.782,0.0875,0,0.7615,""
2,loglog_e12_n1700,alternative,null_e12_n1700,1700,all,2000,EDGE.sym.u.Grule,0.01,0.001,0.000706753139363385,5e-04,0.011,0,0.001,""
2,loglog_e12_n1700,alternative,null_e12_n1700,1700,all,2000,EDGE.sym.u.Grule,0.05,0.081,0.00610077863882964,0.1105,0.0425,0,0.081,""
2,loglog_e12_n1700,alternative,null_e12_n1700,1700,all,2000,EDGE.sym.u.Grule,0.1,0.3945,0.010928626400422,0.4625,0.089,0,0.3945,""
2,loglog_e12_n1700,alternative,null_e12_n1700,1700,all,2000,EDGE.sym.sc.Grule,0.01,0.4995,0.0111803342973276,0.498,0.01,0,0.4995,""
2,loglog_e12_n1700,alternative,null_e12_n1700,1700,all,2000,EDGE.sym.sc.Grule,0.05,0.8385,0.00822854027151839,0.843,0.0475,0,0.8385,""
2,loglog_e12_n1700,alternative,null_e12_n1700,1700,all,2000,EDGE.sym.sc.Grule,0.1,0.9285,0.00576141258720464,0.933,0.095,0,0.9285,""
2,loglog_e12_n1700,alternative,null_e12_n1700,1700,all,2000,HL.G10,0.01,0.0335,0.00402354010791492,0.0415,0.0075,0,0.0335,""
2,loglog_e12_n1700,alternative,null_e12_n1700,1700,all,2000,HL.G10,0.05,0.125,0.00739509972887452,0.1505,0.0395,0,0.125,""
2,loglog_e12_n1700,alternative,null_e12_n1700,1700,all,2000,HL.G10,0.1,0.227,0.00936672301287916,0.261,0.0825,0,0.227,""
2,loglog_e12_n1700,alternative,null_e12_n1700,1700,all,2000,HL.Grule,0.01,0,0,0,0.0075,0,0,""
2,loglog_e12_n1700,alternative,null_e12_n1700,1700,all,2000,HL.Grule,0.05,5e-04,0.000499874984371093,5e-04,0.0445,0,5e-04,""
2,loglog_e12_n1700,alternative,null_e12_n1700,1700,all,2000,HL.Grule,0.1,5e-04,0.000499874984371093,0.001,0.096,0,5e-04,""
2,loglog_e12_n1700,alternative,null_e12_n1700,1700,all,2000,HLF.G10,0.01,0.112,0.00705180827873248,0.136,0.0075,0,0.112,""
2,loglog_e12_n1700,alternative,null_e12_n1700,1700,all,2000,HLF.G10,0.05,0.358,0.0107199813432673,0.411,0.036,0,0.358,""
2,loglog_e12_n1700,alternative,null_e12_n1700,1700,all,2000,HLF.G10,0.1,0.5335,0.0111552173891861,0.593,0.084,0,0.5335,""
2,loglog_e12_n1700,alternative,null_e12_n1700,1700,all,2000,HLF.Grule,0.01,0.0155,0.00276222283677476,0.021,0.006,0,0.0155,""
2,loglog_e12_n1700,alternative,null_e12_n1700,1700,all,2000,HLF.Grule,0.05,0.0985,0.00666324808182916,0.115,0.0425,0,0.0985,""
2,loglog_e12_n1700,alternative,null_e12_n1700,1700,all,2000,HLF.Grule,0.1,0.2015,0.00896932968509911,0.231,0.0865,0,0.2015,""
2,loglog_e12_n1700,alternative,null_e12_n1700,1700,all,2000,Stk.joint,0.01,0.347,0.0106440358887031,0.3535,0.009,0,0.347,""
2,loglog_e12_n1700,alternative,null_e12_n1700,1700,all,2000,Stk.joint,0.05,0.689,0.0103508212234586,0.699,0.048,0,0.689,""
2,loglog_e12_n1700,alternative,null_e12_n1700,1700,all,2000,Stk.joint,0.1,0.8385,0.00822854027151839,0.8425,0.0955,0,0.8385,""
2,loglog_e12_n1700,alternative,null_e12_n1700,1700,all,2000,Stk.LR,0.01,0.5715,0.0110654360510556,0.5645,0.0105,0,0.5715,""
2,loglog_e12_n1700,alternative,null_e12_n1700,1700,all,2000,Stk.LR,0.05,0.819,0.00860926826158879,0.8195,0.0495,0,0.819,""
2,loglog_e12_n1700,alternative,null_e12_n1700,1700,all,2000,Stk.LR,0.1,0.905,0.0065564853389602,0.907,0.097,0,0.905,""
2,loglog_e12_n1700,alternative,null_e12_n1700,1700,all,2000,Stk.sym1,0.01,0.4975,0.0111802001323769,0.5105,0.009,0,0.4975,""
2,loglog_e12_n1700,alternative,null_e12_n1700,1700,all,2000,Stk.sym1,0.05,0.8365,0.00826945433508161,0.844,0.047,0,0.8365,""
2,loglog_e12_n1700,alternative,null_e12_n1700,1700,all,2000,Stk.sym1,0.1,0.9325,0.00560997994648822,0.9355,0.095,0,0.9325,""
2,loglog_e12_n1700,alternative,null_e12_n1700,1700,all,2000,Stk.marg,0.01,0.504,0.011179982110898,0.9995,0,0,0.504,""
2,loglog_e12_n1700,alternative,null_e12_n1700,1700,all,2000,Stk.marg,0.05,0.7485,0.00970174597688478,1,0,0,0.7485,""
2,loglog_e12_n1700,alternative,null_e12_n1700,1700,all,2000,Stk.marg,0.1,0.8545,0.00788447049585449,1,0.0015,0,0.8545,""
2,loglog_e12_n1700,alternative,null_e12_n1700,1700,all,2000,GiViTI,0.01,0.637,0.0107524648337021,0.6385,0.009,0,0.637,""
2,loglog_e12_n1700,alternative,null_e12_n1700,1700,all,2000,GiViTI,0.05,0.8675,0.00758102070964062,0.883,0.043,0,0.8675,""
2,loglog_e12_n1700,alternative,null_e12_n1700,1700,all,2000,GiViTI,0.1,0.9435,0.00516273909857936,0.9465,0.092,0,0.9435,""
2,loglog_e12_n1700,alternative,null_e12_n1700,1700,all,2000,GiViTI.t50,0.01,0.564,0.0110883722881224,0.5355,0.011,0,0.564,""
2,loglog_e12_n1700,alternative,null_e12_n1700,1700,all,2000,GiViTI.t50,0.05,0.808,0.00880726972449465,0.813,0.048,0,0.808,""
2,loglog_e12_n1700,alternative,null_e12_n1700,1700,all,2000,GiViTI.t50,0.1,0.898,0.00676742196113114,0.9075,0.0935,0,0.898,""
2,loglog_e12_n1700,alternative,null_e12_n1700,1700,all,2000,Cubic.LR,0.01,0.588,0.0110058166439388,0.6035,0.0085,0,0.588,""
2,loglog_e12_n1700,alternative,null_e12_n1700,1700,all,2000,Cubic.LR,0.05,0.837,0.00825926752200218,0.849,0.0455,0,0.837,""
2,loglog_e12_n1700,alternative,null_e12_n1700,1700,all,2000,Cubic.LR,0.1,0.918,0.00613498166256428,0.93,0.089,0,0.918,""
2,loglog_e12_n1700,alternative,null_e12_n1700,1700,all,2000,HL_w,0.01,0.122,0.0073183331435512,0.129,0.0085,0,0.122,""
2,loglog_e12_n1700,alternative,null_e12_n1700,1700,all,2000,HL_w,0.05,0.2965,0.0102124372703092,0.2815,0.055,0,0.2965,""
2,loglog_e12_n1700,alternative,null_e12_n1700,1700,all,2000,HL_w,0.1,0.4225,0.0110452195541782,0.4145,0.103,0,0.4225,""
2,loglog_e12_n1700,alternative,null_e12_n1700,1700,all,2000,PH,0.01,0.023,0.00335193973692846,0.0425,0.0045,0,0.023,""
2,loglog_e12_n1700,alternative,null_e12_n1700,1700,all,2000,PH,0.05,0.091,0.00643113520305708,0.1565,0.0255,0,0.091,""
2,loglog_e12_n1700,alternative,null_e12_n1700,1700,all,2000,PH,0.1,0.1635,0.00826945433508161,0.267,0.054,0,0.1635,""
2,loglog_e12_n1700,alternative,null_e12_n1700,1700,all,2000,Tsiatis,0.01,0.029,0.00375226598204338,0.035,0.0095,0,0.029,""
2,loglog_e12_n1700,alternative,null_e12_n1700,1700,all,2000,Tsiatis,0.05,0.1315,0.00755671059390262,0.133,0.0485,0,0.1315,""
2,loglog_e12_n1700,alternative,null_e12_n1700,1700,all,2000,Tsiatis,0.1,0.221,0.00927790385809209,0.2055,0.1065,0,0.221,""
2,loglog_e12_n1700,alternative,null_e12_n1700,1700,all,2000,Xie,0.01,0.0165,0.00284848644019943,0.028,0.004,0,0.0165,""
2,loglog_e12_n1700,alternative,null_e12_n1700,1700,all,2000,Xie,0.05,0.0695,0.00568637626261225,0.1125,0.025,0,0.0695,""
2,loglog_e12_n1700,alternative,null_e12_n1700,1700,all,2000,Xie,0.1,0.136,0.00766498532288223,0.1945,0.062,0,0.136,""
2,loglog_e12_n1700,alternative,null_e12_n1700,1700,all,2000,PR,0.01,0.0215,0.00324328151722912,0.0125,0.011,0,0.0215,""
2,loglog_e12_n1700,alternative,null_e12_n1700,1700,all,2000,PR,0.05,0.2565,0.00976493087533138,0.227,0.0585,0,0.2565,""
2,loglog_e12_n1700,alternative,null_e12_n1700,1700,all,2000,PR,0.1,0.526,0.0111652138358385,0.4005,0.136,0,0.526,""
