block,cell,scenario,design,link,n,G_extra,B,orders,seed_root,cell_id,generator,family,param,s,c0,xdist,intercept,slope,scen,pstar,kind,dist_s,dataset,type,ao,formula,reproduces,null_block,null_cell,source,pair_proj,stored,stored_key,notes,seed_family,seed_base,G_list,role
0,id_null_quad_n1000,id_null_quad_n1000,,,1000,"",200,,20260705,11,dgp_null,quad,,,,,,,,,,,,full,FALSE,y ~ x,block 0 (i): identity with sim_null_pvalues.csv,,,grid_null.R,FALSE,sim_null,,"",old:20260705,21360705,"10,40",null
0,id_link_cloglog_n1000,id_link_cloglog_n1000,,cloglog,1000,"",200,,20260708,92,dgp_alt,link,cloglog,,,,,,,,,,,full,FALSE,y ~ x + d,block 0 (i): identity with sim_power_broad_pvalues.csv,,,grid_power_broad.R,FALSE,sim_power_broad,,"",old:20260708,29460708,"10,40",alternative
0,id_crossover_n1000,id_crossover_n1000,,,1000,"",200,,20260710,1,crossover,,,,,,,,,,,,,full,FALSE,y ~ x + d,block 0 (i): identity with sim_edge_loses_pvalues.csv,,,grid_edge_loses.R,FALSE,sim_edge_loses,,"",old:20260710,20360710,"10,40",alternative
0,v_sparse49_n300,v_sparse49_n300,,logit,300,"",200,,,1,sparse,,,,,,-4.9,1,,,,,,full,FALSE,y ~ x,"block 0 (ii): harness vs package, one-df Stukel fallback and events < G",,,"",FALSE,,,"",new,100010000,"10,12",null
0,v_probit_auc_n2000,v_probit_auc_n2000,auc,probit,2000,"",200,,,2,design,,,2,0,uniform,,,,,,,,full,FALSE,y ~ x + d,block 0 (ii): harness vs package at high AUC (score form),,,"",FALSE,,,"",new,100020000,"10,80",alternative
0,w_null_quad_n5000,w_null_quad_n5000,,,5000,"",200,,20260705,21,dgp_null,quad,,,,,,,,,,,,full,FALSE,y ~ x,block 0 (iii): worker timing (E0.8),,,grid_null.R,FALSE,,,"",old:20260705,22360705,"10,200",null
1a,null_quad_n200,null_quad,,,200,"",10000,,20260705,1,dgp_null,quad,,,,,,,,,,,,full,FALSE,y ~ x,Fig 7 size; Sec 6.1 size text; Sec 6.5 min-p size,,,grid_null.R,FALSE,sim_null,,"",old:20260705,20360705,10,null
1a,null_binint_n200,null_binint,,,200,"",10000,,20260705,2,dgp_null,binint,,,,,,,,,,,,full,FALSE,y ~ x + d,Fig 7 size; Sec 6.1 size text; Sec 6.5 min-p size,,,grid_null.R,FALSE,sim_null,,"",old:20260705,20460705,10,null
1a,null_contint_n200,null_contint,,,200,"",10000,,20260705,3,dgp_null,contint,,,,,,,,,,,,full,FALSE,y ~ x + z,Fig 7 size; Sec 6.1 size text; Sec 6.5 min-p size,,,grid_null.R,FALSE,sim_null,,"",old:20260705,20560705,10,null
1a,null_link_n200,null_link,,,200,"",10000,,20260705,4,dgp_null,link,,,,,,,,,,,,full,FALSE,y ~ x + d,Fig 7 size; Sec 6.1 size text; Sec 6.5 min-p size ; tab:nulllevel (base-design null),,,grid_null.R,FALSE,sim_null,,"",old:20260705,20660705,10,null
1a,null_rough_n200,null_rough,,,200,"",10000,,20260705,5,dgp_null,rough,,,,,,,,,,,,full,FALSE,y ~ x,Fig 7 size; Sec 6.1 size text; Sec 6.5 min-p size,,,grid_null.R,FALSE,sim_null,,"",old:20260705,20760705,10,null
1a,null_quad_n500,null_quad,,,500,"",10000,,20260705,6,dgp_null,quad,,,,,,,,,,,,full,FALSE,y ~ x,Fig 7 size; Sec 6.1 size text; Sec 6.5 min-p size,,,grid_null.R,FALSE,sim_null,,"",old:20260705,20860705,"10,20",null
1a,null_binint_n500,null_binint,,,500,"",10000,,20260705,7,dgp_null,binint,,,,,,,,,,,,full,FALSE,y ~ x + d,Fig 7 size; Sec 6.1 size text; Sec 6.5 min-p size,,,grid_null.R,FALSE,sim_null,,"",old:20260705,20960705,"10,20",null
1a,null_contint_n500,null_contint,,,500,"",10000,,20260705,8,dgp_null,contint,,,,,,,,,,,,full,FALSE,y ~ x + z,Fig 7 size; Sec 6.1 size text; Sec 6.5 min-p size,,,grid_null.R,FALSE,sim_null,,"",old:20260705,21060705,"10,20",null
1a,null_link_n500,null_link,,,500,"",10000,,20260705,9,dgp_null,link,,,,,,,,,,,,full,FALSE,y ~ x + d,Fig 7 size; Sec 6.1 size text; Sec 6.5 min-p size ; tab:nulllevel (base-design null),,,grid_null.R,FALSE,sim_null,,"",old:20260705,21160705,"10,20",null
1a,null_rough_n500,null_rough,,,500,"",10000,,20260705,10,dgp_null,rough,,,,,,,,,,,,full,FALSE,y ~ x,Fig 7 size; Sec 6.1 size text; Sec 6.5 min-p size,,,grid_null.R,FALSE,sim_null,,"",old:20260705,21260705,"10,20",null
1a,null_quad_n1000,null_quad,,,1000,"6,8,12,14,20",10000,,20260705,11,dgp_null,quad,,,,,,,,,,,,full,FALSE,y ~ x,Fig 7 size; Sec 6.1 size text; Sec 6.5 min-p size ; Table 4 null row,,,grid_null.R,FALSE,sim_null,,"",old:20260705,21360705,"10,40,6,8,12,14,20",null
1a,null_binint_n1000,null_binint,,,1000,"",10000,,20260705,12,dgp_null,binint,,,,,,,,,,,,full,FALSE,y ~ x + d,Fig 7 size; Sec 6.1 size text; Sec 6.5 min-p size,,,grid_null.R,FALSE,sim_null,,"",old:20260705,21460705,"10,40",null
1a,null_contint_n1000,null_contint,,,1000,"",10000,,20260705,13,dgp_null,contint,,,,,,,,,,,,full,FALSE,y ~ x + z,Fig 7 size; Sec 6.1 size text; Sec 6.5 min-p size,,,grid_null.R,FALSE,sim_null,,"",old:20260705,21560705,"10,40",null
1a,null_link_n1000,null_link,,,1000,"6,8,12,14,20",10000,,20260705,14,dgp_null,link,,,,,,,,,,,,full,FALSE,y ~ x + d,Fig 7 size; Sec 6.1 size text; Sec 6.5 min-p size ; tab:nulllevel (base-design null),,,grid_null.R,FALSE,sim_null,,"",old:20260705,21660705,"10,40,6,8,12,14,20",null
1a,null_rough_n1000,null_rough,,,1000,"",10000,,20260705,15,dgp_null,rough,,,,,,,,,,,,full,FALSE,y ~ x,Fig 7 size; Sec 6.1 size text; Sec 6.5 min-p size,,,grid_null.R,FALSE,sim_null,,"",old:20260705,21760705,"10,40",null
1a,null_quad_n2000,null_quad,,,2000,"",10000,,20260705,16,dgp_null,quad,,,,,,,,,,,,full,FALSE,y ~ x,Fig 7 size; Sec 6.1 size text; Sec 6.5 min-p size,,,grid_null.R,FALSE,sim_null,,"",old:20260705,21860705,"10,80",null
1a,null_binint_n2000,null_binint,,,2000,"",10000,,20260705,17,dgp_null,binint,,,,,,,,,,,,full,FALSE,y ~ x + d,Fig 7 size; Sec 6.1 size text; Sec 6.5 min-p size,,,grid_null.R,FALSE,sim_null,,"",old:20260705,21960705,"10,80",null
1a,null_contint_n2000,null_contint,,,2000,"",10000,,20260705,18,dgp_null,contint,,,,,,,,,,,,full,FALSE,y ~ x + z,Fig 7 size; Sec 6.1 size text; Sec 6.5 min-p size,,,grid_null.R,FALSE,sim_null,,"",old:20260705,22060705,"10,80",null
1a,null_link_n2000,null_link,,,2000,"",10000,,20260705,19,dgp_null,link,,,,,,,,,,,,full,FALSE,y ~ x + d,Fig 7 size; Sec 6.1 size text; Sec 6.5 min-p size,,,grid_null.R,FALSE,sim_null,,"",old:20260705,22160705,"10,80",null
1a,null_rough_n2000,null_rough,,,2000,"",10000,,20260705,20,dgp_null,rough,,,,,,,,,,,,full,FALSE,y ~ x,Fig 7 size; Sec 6.1 size text; Sec 6.5 min-p size,,,grid_null.R,FALSE,sim_null,,"",old:20260705,22260705,"10,80",null
1a,null_quad_n5000,null_quad,,,5000,"",10000,,20260705,21,dgp_null,quad,,,,,,,,,,,,full,FALSE,y ~ x,Fig 7 size; Sec 6.1 size text; Sec 6.5 min-p size,,,grid_null.R,FALSE,sim_null,,"",old:20260705,22360705,"10,200",null
1a,null_binint_n5000,null_binint,,,5000,"",10000,,20260705,22,dgp_null,binint,,,,,,,,,,,,full,FALSE,y ~ x + d,Fig 7 size; Sec 6.1 size text; Sec 6.5 min-p size,,,grid_null.R,FALSE,sim_null,,"",old:20260705,22460705,"10,200",null
1a,null_contint_n5000,null_contint,,,5000,"",10000,,20260705,23,dgp_null,contint,,,,,,,,,,,,full,FALSE,y ~ x + z,Fig 7 size; Sec 6.1 size text; Sec 6.5 min-p size,,,grid_null.R,FALSE,sim_null,,"",old:20260705,22560705,"10,200",null
1a,null_link_n5000,null_link,,,5000,"",10000,,20260705,24,dgp_null,link,,,,,,,,,,,,full,FALSE,y ~ x + d,Fig 7 size; Sec 6.1 size text; Sec 6.5 min-p size,,,grid_null.R,FALSE,sim_null,,"",old:20260705,22660705,"10,200",null
1a,null_rough_n5000,null_rough,,,5000,"",10000,,20260705,25,dgp_null,rough,,,,,,,,,,,,full,FALSE,y ~ x,Fig 7 size; Sec 6.1 size text; Sec 6.5 min-p size,,,grid_null.R,FALSE,sim_null,,"",old:20260705,22760705,"10,200",null
1b,null_base_n610,null,base,logit,610,"",2000,,,1,design,,,1,0,uniform,,,,,,,,full,FALSE,y ~ x + d,matched logistic null of block 2 (base),,,"",FALSE,,,"",new,110010000,"10,24",null
1b,null_base_n1000,null,base,logit,1000,"",2000,,,2,design,,,1,0,uniform,,,,,,,,full,FALSE,y ~ x + d,matched logistic null of block 2 (base),,,"",FALSE,,,"",new,110020000,"10,40",null
1b,null_base_n2400,null,base,logit,2400,"",2000,,,3,design,,,1,0,uniform,,,,,,,,full,FALSE,y ~ x + d,matched logistic null of block 2 (base),,,"",FALSE,,,"",new,110030000,"10,96",null
1b,null_base_n4000,null,base,logit,4000,"",2000,,,4,design,,,1,0,uniform,,,,,,,,full,FALSE,y ~ x + d,matched logistic null of block 2 (base),,,"",FALSE,,,"",new,110040000,"10,160",null
1b,null_base_n9400,null,base,logit,9400,"",2000,,,5,design,,,1,0,uniform,,,,,,,,full,FALSE,y ~ x + d,matched logistic null of block 2 (base),,,"",FALSE,,,"",new,110050000,"10,376",null
1b,null_base_n16000,null,base,logit,16000,"",2000,,,6,design,,,1,0,uniform,,,,,,,,full,FALSE,y ~ x + d,matched logistic null of block 2 (base),,,"",FALSE,,,"",new,110060000,"10,640",null
1b,null_base_n20000,null,base,logit,20000,"",2000,,,7,design,,,1,0,uniform,,,,,,,,full,FALSE,y ~ x + d,matched logistic null of block 2 (base),,,"",FALSE,,,"",new,110070000,"10,800",null
1b,null_auc_n380,null,auc,logit,380,"",2000,,,8,design,,,2,0,uniform,,,,,,,,full,FALSE,y ~ x + d,matched logistic null of block 2 (auc),,,"",FALSE,,,"",new,110080000,"10,15",null
1b,null_auc_n460,null,auc,logit,460,"",2000,,,9,design,,,2,0,uniform,,,,,,,,full,FALSE,y ~ x + d,matched logistic null of block 2 (auc),,,"",FALSE,,,"",new,110090000,"10,18",null
1b,null_auc_n640,null,auc,logit,640,"",2000,,,10,design,,,2,0,uniform,,,,,,,,full,FALSE,y ~ x + d,matched logistic null of block 2 (auc),,,"",FALSE,,,"",new,110100000,"10,26",null
1b,null_auc_n760,null,auc,logit,760,"",2000,,,11,design,,,2,0,uniform,,,,,,,,full,FALSE,y ~ x + d,matched logistic null of block 2 (auc),,,"",FALSE,,,"",new,110110000,"10,30",null
1b,null_auc_n3500,null,auc,logit,3500,"",2000,,,12,design,,,2,0,uniform,,,,,,,,full,FALSE,y ~ x + d,matched logistic null of block 2 (auc),,,"",FALSE,,,"",new,110120000,"10,140",null
1b,null_auc_n4700,null,auc,logit,4700,"",2000,,,13,design,,,2,0,uniform,,,,,,,,full,FALSE,y ~ x + d,matched logistic null of block 2 (auc),,,"",FALSE,,,"",new,110130000,"10,188",null
1b,null_auc_n5900,null,auc,logit,5900,"",2000,,,14,design,,,2,0,uniform,,,,,,,,full,FALSE,y ~ x + d,matched logistic null of block 2 (auc),,,"",FALSE,,,"",new,110140000,"10,236",null
1b,null_auc_n7800,null,auc,logit,7800,"",2000,,,15,design,,,2,0,uniform,,,,,,,,full,FALSE,y ~ x + d,matched logistic null of block 2 (auc),,,"",FALSE,,,"",new,110150000,"10,312",null
1b,null_e12_n1000,null,e12,logit,1000,"",2000,,,16,design,,,1,-2.64,uniform,,,,,,,,full,FALSE,y ~ x + d,matched logistic null of block 2 (e12),,,"",FALSE,,,"",new,110160000,"10,40",null
1b,null_e12_n1700,null,e12,logit,1700,"",2000,,,17,design,,,1,-2.64,uniform,,,,,,,,full,FALSE,y ~ x + d,matched logistic null of block 2 (e12),,,"",FALSE,,,"",new,110170000,"10,68",null
1b,null_e12_n4300,null,e12,logit,4300,"",2000,,,18,design,,,1,-2.64,uniform,,,,,,,,full,FALSE,y ~ x + d,matched logistic null of block 2 (e12),,,"",FALSE,,,"",new,110180000,"10,172",null
1b,null_e12_n6400,null,e12,logit,6400,"",2000,,,19,design,,,1,-2.64,uniform,,,,,,,,full,FALSE,y ~ x + d,matched logistic null of block 2 (e12),,,"",FALSE,,,"",new,110190000,"10,256",null
1b,null_e12_n7200,null,e12,logit,7200,"",2000,,,20,design,,,1,-2.64,uniform,,,,,,,,full,FALSE,y ~ x + d,matched logistic null of block 2 (e12),,,"",FALSE,,,"",new,110200000,"10,288",null
1b,null_e12_n8700,null,e12,logit,8700,"",2000,,,21,design,,,1,-2.64,uniform,,,,,,,,full,FALSE,y ~ x + d,matched logistic null of block 2 (e12),,,"",FALSE,,,"",new,110210000,"10,348",null
1b,null_e12_n11000,null,e12,logit,11000,"",2000,,,22,design,,,1,-2.64,uniform,,,,,,,,full,FALSE,y ~ x + d,matched logistic null of block 2 (e12),,,"",FALSE,,,"",new,110220000,"10,440",null
1b,null_e12_n15000,null,e12,logit,15000,"",2000,,,23,design,,,1,-2.64,uniform,,,,,,,,full,FALSE,y ~ x + d,matched logistic null of block 2 (e12),,,"",FALSE,,,"",new,110230000,"10,600",null
1b,null_skew_n2400,null,skew,logit,2400,"",2000,,,24,design,,,1,0,skewed,,,,,,,,full,FALSE,y ~ x + d,matched null of the block 4 skew cells (H5),,,"",FALSE,,,"",new,110240000,"10,96",null
1b,null_skew_n4000,null,skew,logit,4000,"",2000,,,25,design,,,1,0,skewed,,,,,,,,full,FALSE,y ~ x + d,matched null of the block 4 skew cells (H5),,,"",FALSE,,,"",new,110250000,"10,160",null
1b,null_skew_n9400,null,skew,logit,9400,"",2000,,,26,design,,,1,0,skewed,,,,,,,,full,FALSE,y ~ x + d,matched null of the block 4 skew cells (H5),,,"",FALSE,,,"",new,110260000,"10,376",null
1b,null_skew_n16000,null,skew,logit,16000,"",2000,,,27,design,,,1,0,skewed,,,,,,,,full,FALSE,y ~ x + d,matched null of the block 4 skew cells (H5),,,"",FALSE,,,"",new,110270000,"10,640",null
1b,sparse49_n100,gen_sparse_link(-4.9),,logit,100,"",5000,,,28,sparse,,,,,,-4.9,1,,,,,,full,FALSE,y ~ x,"Figure 8 (sparse, 1.5%); size on sparse data",,,"",FALSE,,,"",new,110280000,10,null
1b,sparse49_n150,gen_sparse_link(-4.9),,logit,150,"",5000,,,29,sparse,,,,,,-4.9,1,,,,,,full,FALSE,y ~ x,"Figure 8 (sparse, 1.5%); size on sparse data",,,"",FALSE,,,"",new,110290000,10,null
1b,sparse49_n200,gen_sparse_link(-4.9),,logit,200,"",5000,,,30,sparse,,,,,,-4.9,1,,,,,,full,FALSE,y ~ x,"Figure 8 (sparse, 1.5%); size on sparse data; matched null of block 4 sparse cloglog",,,"",FALSE,,,"",new,110300000,10,null
1b,sparse49_n300,gen_sparse_link(-4.9),,logit,300,"",5000,,,31,sparse,,,,,,-4.9,1,,,,,,full,FALSE,y ~ x,"Figure 8 (sparse, 1.5%); size on sparse data; matched null of block 4 sparse cloglog",,,"",FALSE,,,"",new,110310000,"10,12",null
1b,sparse49_n500,gen_sparse_link(-4.9),,logit,500,"",5000,,,32,sparse,,,,,,-4.9,1,,,,,,full,FALSE,y ~ x,"Figure 8 (sparse, 1.5%); size on sparse data; matched null of block 4 sparse cloglog",,,"",FALSE,,,"",new,110320000,"10,20",null
1b,sparse49_n1000,gen_sparse_link(-4.9),,logit,1000,"",5000,,,33,sparse,,,,,,-4.9,1,,,,,,full,FALSE,y ~ x,"Figure 8 (sparse, 1.5%); size on sparse data",,,"",FALSE,,,"",new,110330000,"10,40",null
1b,sparse49_n2000,gen_sparse_link(-4.9),,logit,2000,"",5000,,,34,sparse,,,,,,-4.9,1,,,,,,full,FALSE,y ~ x,"Figure 8 (sparse, 1.5%); size on sparse data",,,"",FALSE,,,"",new,110340000,"10,80",null
1b,sparse49_n5000,gen_sparse_link(-4.9),,logit,5000,"",5000,,,35,sparse,,,,,,-4.9,1,,,,,,full,FALSE,y ~ x,"Figure 8 (sparse, 1.5%); size on sparse data",,,"",FALSE,,,"",new,110350000,"10,200",null
1b,moderate1_n100,gen_sparse_link(-1),,logit,100,"",5000,,,36,sparse,,,,,,-1,1,,,,,,full,FALSE,y ~ x,"Figure 8 (moderate, 29%); size on sparse data",,,"",FALSE,,,"",new,110360000,10,null
1b,moderate1_n150,gen_sparse_link(-1),,logit,150,"",5000,,,37,sparse,,,,,,-1,1,,,,,,full,FALSE,y ~ x,"Figure 8 (moderate, 29%); size on sparse data",,,"",FALSE,,,"",new,110370000,10,null
1b,moderate1_n200,gen_sparse_link(-1),,logit,200,"",5000,,,38,sparse,,,,,,-1,1,,,,,,full,FALSE,y ~ x,"Figure 8 (moderate, 29%); size on sparse data",,,"",FALSE,,,"",new,110380000,10,null
1b,moderate1_n300,gen_sparse_link(-1),,logit,300,"",5000,,,39,sparse,,,,,,-1,1,,,,,,full,FALSE,y ~ x,"Figure 8 (moderate, 29%); size on sparse data",,,"",FALSE,,,"",new,110390000,"10,12",null
1b,moderate1_n500,gen_sparse_link(-1),,logit,500,"",5000,,,40,sparse,,,,,,-1,1,,,,,,full,FALSE,y ~ x,"Figure 8 (moderate, 29%); size on sparse data",,,"",FALSE,,,"",new,110400000,"10,20",null
1b,moderate1_n1000,gen_sparse_link(-1),,logit,1000,"",5000,,,41,sparse,,,,,,-1,1,,,,,,full,FALSE,y ~ x,"Figure 8 (moderate, 29%); size on sparse data",,,"",FALSE,,,"",new,110410000,"10,40",null
1b,moderate1_n2000,gen_sparse_link(-1),,logit,2000,"",5000,,,42,sparse,,,,,,-1,1,,,,,,full,FALSE,y ~ x,"Figure 8 (moderate, 29%); size on sparse data",,,"",FALSE,,,"",new,110420000,"10,80",null
1b,moderate1_n5000,gen_sparse_link(-1),,logit,5000,"",5000,,,43,sparse,,,,,,-1,1,,,,,,full,FALSE,y ~ x,"Figure 8 (moderate, 29%); size on sparse data",,,"",FALSE,,,"",new,110430000,"10,200",null
1b,runG_null_sparse_n500,runG null_sparse,,logit,500,"",2000,,,44,sparse,,,,,,-4,0.9,,,,,,full,FALSE,y ~ x,size: run G sparse null (eta = -4 + 0.9x),,,"",FALSE,,,"",new,110440000,"10,20",null
1b,runG_null_sparse_n2000,runG null_sparse,,logit,2000,"",2000,,,45,sparse,,,,,,-4,0.9,,,,,,full,FALSE,y ~ x,size: run G sparse null (eta = -4 + 0.9x),,,"",FALSE,,,"",new,110450000,"10,80",null
1b,runG_null_sparse_n10000,runG null_sparse,,logit,10000,"",2000,,,46,sparse,,,,,,-4,0.9,,,,,,full,FALSE,y ~ x,size: run G sparse null (eta = -4 + 0.9x),,,"",FALSE,,,"",new,110460000,"10,400",null
1b,runA_null_p20_n1000,runA_null_p20_n1000,,,1000,20,2000,,,47,pstar,,,,,,,,null,20,,,,full,FALSE,y ~ x1 + d + z1..z17,size at p* = 20 (run A null),,,"",FALSE,,,"",new,110470000,"10,40,20",null
1b,null_quad_n100,null_quad,,,100,5,10000,,,48,dgp_null,quad,,,,,,,,,,,,full,FALSE,y ~ x,Sec 4 size at n = 100 with G = 5 and 10,,,"",FALSE,,,"",new,110480000,"10,5",null
1b,null_crossover_n1000,null crossover,,,1000,"",5000,,,49,design_null,,,,,,,,crossover,,,,,full,FALSE,y ~ x + d,matched null of block 4 crossover (Section A family 6),,,"",FALSE,,,pre-launch addition after review (not in E3),new,110490000,"10,40",null
1b,null_crossover_n2000,null crossover,,,2000,"",5000,,,50,design_null,,,,,,,,crossover,,,,,full,FALSE,y ~ x + d,matched null of block 4 crossover (Section A family 6),,,"",FALSE,,,pre-launch addition after review (not in E3),new,110500000,"10,80",null
1b,null_census_logx_n1000,null census logx,,,1000,"",5000,,,51,design_null,,,,,,,,logx,,,,,full,FALSE,y ~ x,matched null of census_logx_n1000,,,"",FALSE,,,pre-launch addition after review (not in E3),new,110510000,"10,40",null
1b,null_census_int_binbin_n1000,null census int_binbin,,,1000,"",5000,,,52,design_null,,,,,,,,int_binbin,,,,,full,FALSE,y ~ d1 + d2,matched null of census_int_binbin_n1000,,,"",FALSE,,,pre-launch addition after review (not in E3),new,110520000,"10,40",null
1b,null_census_skew_n1000,null census skew,,,1000,"",5000,,,53,design_null,,,,,,,,skew,,,,,full,FALSE,y ~ x (x ~ chi-square(4)),matched null of census_skew_n1000,,,"",FALSE,,,pre-launch addition after review (not in E3),new,110530000,"10,40",null
1b,null_census_corr_n1000,null census corr,,,1000,"",5000,,,54,design_null,,,,,,,,corr,,,,,full,FALSE,y ~ x1 + x2,matched null of census_corr_n1000,,,"",FALSE,,,pre-launch addition after review (not in E3),new,110540000,"10,40",null
1b,null_census_omit_x2x3_n1000,null census omit_x2x3,,,1000,"",5000,,,55,design_null,,,,,,,,omit_x2x3,,,,,full,FALSE,y ~ x,matched null of census_omit_x2x3_n1000,,,"",FALSE,,,pre-launch addition after review (not in E3),new,110550000,"10,40",null
1b,null_census_omit_2int_n1000,null census omit_2int,,,1000,"",5000,,,56,design_null,,,,,,,,omit_2int,,,,,full,FALSE,y ~ x + d + z,matched null of census_omit_2int_n1000,,,"",FALSE,,,pre-launch addition after review (not in E3),new,110560000,"10,40",null
1b,null_census_joint_n1000,null census joint,,,1000,"",5000,,,57,design_null,,,,,,,,joint,,,,,full,FALSE,y ~ x,matched null of census_joint_n1000,,,"",FALSE,,,pre-launch addition after review (not in E3),new,110570000,"10,40",null
1b,null_census_omit_2cov_n1000,null census omit_2cov,,,1000,"",5000,,,58,design_null,,,,,,,,omit_2cov,,,,,full,FALSE,y ~ x,matched null of census_omit_2cov_n1000 and of block 4 omit_2cov_n1000,,,"",FALSE,,,pre-launch addition after review (not in E3),new,110580000,"10,40",null
1b,null_census_omit_2cov_n500,null census omit_2cov,,,500,"",5000,,,59,design_null,,,,,,,,omit_2cov,,,,,full,FALSE,y ~ x,matched null of block 4 omit_2cov_n500,,,"",FALSE,,,pre-launch addition after review (not in E3),new,110590000,"10,20",null
1b,null_rough_n10000,null_rough,,,10000,"",1000,,,60,dgp_null,rough,,,,,,,,,,,,full,FALSE,y ~ x,"matched null of run G osc4 at n = 10,000",,,"",FALSE,,,pre-launch addition after review (not in E3),new,110600000,"10,400",null
2,probit_base_n9400,probit,base,probit,9400,"",2000,,,1,design,,,1,0,uniform,,,,,,,,full,FALSE,y ~ x + d,"symmetric-tail headline (H1, H2; weighting rule A)",1b,null_base_n9400,"",FALSE,,,"",new,120010000,"10,376",alternative
2,probit_base_n16000,probit,base,probit,16000,"",2000,,,2,design,,,1,0,uniform,,,,,,,,full,FALSE,y ~ x + d,"symmetric-tail headline (H1, H2; weighting rule A)",1b,null_base_n16000,"",FALSE,,,"",new,120020000,"10,640",alternative
2,cauchit_base_n2400,cauchit,base,cauchit,2400,"",2000,,,3,design,,,1,0,uniform,,,,,,,,full,FALSE,y ~ x + d,"symmetric-tail headline (H1, H2; weighting rule A)",1b,null_base_n2400,"",FALSE,,,"",new,120030000,"10,96",alternative
2,cauchit_base_n4000,cauchit,base,cauchit,4000,"",2000,,,4,design,,,1,0,uniform,,,,,,,,full,FALSE,y ~ x + d,"symmetric-tail headline (H1, H2; weighting rule A)",1b,null_base_n4000,"",FALSE,,,"",new,120040000,"10,160",alternative
2,t4_base_n20000,t4,base,t4,20000,"",2000,,,5,design,,,1,0,uniform,,,,,,,,full,FALSE,y ~ x + d,"symmetric-tail headline: undetectable control (n_env > 40,000)",1b,null_base_n20000,"",FALSE,,,"",new,120050000,"10,800",alternative
2,loglog_base_n610,loglog,base,loglog,610,"",2000,,,6,design,,,1,0,uniform,,,,,,,,full,FALSE,y ~ x + d,"symmetric-tail headline (H1, H2; weighting rule A)",1b,null_base_n610,"",FALSE,,,"",new,120060000,"10,24",alternative
2,loglog_base_n1000,loglog,base,loglog,1000,"",2000,,,7,design,,,1,0,uniform,,,,,,,,full,FALSE,y ~ x + d,"symmetric-tail headline (H1, H2; weighting rule A)",1b,null_base_n1000,"",FALSE,,,"",new,120070000,"10,40",alternative
2,probit_auc_n3500,probit,auc,probit,3500,"",2000,,,8,design,,,2,0,uniform,,,,,,,,full,FALSE,y ~ x + d,"symmetric-tail headline (H1, H2; weighting rule A)",1b,null_auc_n3500,"",FALSE,,,"",new,120080000,"10,140",alternative
2,probit_auc_n5900,probit,auc,probit,5900,"",2000,,,9,design,,,2,0,uniform,,,,,,,,full,FALSE,y ~ x + d,"symmetric-tail headline (H1, H2; weighting rule A)",1b,null_auc_n5900,"",FALSE,,,"",new,120090000,"10,236",alternative
2,cauchit_auc_n460,cauchit,auc,cauchit,460,"",2000,,,10,design,,,2,0,uniform,,,,,,,,full,FALSE,y ~ x + d,"symmetric-tail headline (H1, H2; weighting rule A)",1b,null_auc_n460,"",FALSE,,,"",new,120100000,"10,18",alternative
2,cauchit_auc_n760,cauchit,auc,cauchit,760,"",2000,,,11,design,,,2,0,uniform,,,,,,,,full,FALSE,y ~ x + d,"symmetric-tail headline (H1, H2; weighting rule A)",1b,null_auc_n760,"",FALSE,,,"",new,120110000,"10,30",alternative
2,t4_auc_n4700,t4,auc,t4,4700,"",2000,,,12,design,,,2,0,uniform,,,,,,,,full,FALSE,y ~ x + d,"symmetric-tail headline (H1, H2; weighting rule A)",1b,null_auc_n4700,"",FALSE,,,"",new,120120000,"10,188",alternative
2,t4_auc_n7800,t4,auc,t4,7800,"",2000,,,13,design,,,2,0,uniform,,,,,,,,full,FALSE,y ~ x + d,"symmetric-tail headline (H1, H2; weighting rule A)",1b,null_auc_n7800,"",FALSE,,,"",new,120130000,"10,312",alternative
2,loglog_auc_n380,loglog,auc,loglog,380,"",2000,,,14,design,,,2,0,uniform,,,,,,,,full,FALSE,y ~ x + d,"symmetric-tail headline (H1, H2; weighting rule A)",1b,null_auc_n380,"",FALSE,,,"",new,120140000,"10,15",alternative
2,loglog_auc_n640,loglog,auc,loglog,640,"",2000,,,15,design,,,2,0,uniform,,,,,,,,full,FALSE,y ~ x + d,"symmetric-tail headline (H1, H2; weighting rule A)",1b,null_auc_n640,"",FALSE,,,"",new,120150000,"10,26",alternative
2,probit_e12_n4300,probit,e12,probit,4300,"",2000,,,16,design,,,1,-2.01,uniform,,,,,,,,full,FALSE,y ~ x + d,"symmetric-tail headline (H1, H2; weighting rule A)",1b,null_e12_n4300,"",FALSE,,,"",new,120160000,"10,172",alternative
2,probit_e12_n7200,probit,e12,probit,7200,"",2000,,,17,design,,,1,-2.01,uniform,,,,,,,,full,FALSE,y ~ x + d,"symmetric-tail headline (H1, H2; weighting rule A)",1b,null_e12_n7200,"",FALSE,,,"",new,120170000,"10,288",alternative
2,cauchit_e12_n6400,cauchit,e12,cauchit,6400,"",2000,,,18,design,,,1,-3.15,uniform,,,,,,,,full,FALSE,y ~ x + d,"symmetric-tail headline (H1, H2; weighting rule A)",1b,null_e12_n6400,"",FALSE,,,"",new,120180000,"10,256",alternative
2,cauchit_e12_n11000,cauchit,e12,cauchit,11000,"",2000,,,19,design,,,1,-3.15,uniform,,,,,,,,full,FALSE,y ~ x + d,"symmetric-tail headline (H1, H2; weighting rule A)",1b,null_e12_n11000,"",FALSE,,,"",new,120190000,"10,440",alternative
2,t4_e12_n8700,t4,e12,t4,8700,"",2000,,,20,design,,,1,-2.18,uniform,,,,,,,,full,FALSE,y ~ x + d,"symmetric-tail headline (H1, H2; weighting rule A)",1b,null_e12_n8700,"",FALSE,,,"",new,120200000,"10,348",alternative
2,t4_e12_n15000,t4,e12,t4,15000,"",2000,,,21,design,,,1,-2.18,uniform,,,,,,,,full,FALSE,y ~ x + d,"symmetric-tail headline (H1, H2; weighting rule A)",1b,null_e12_n15000,"",FALSE,,,"",new,120210000,"10,600",alternative
2,loglog_e12_n1000,loglog,e12,loglog,1000,"",2000,,,22,design,,,1,-1.6,uniform,,,,,,,,full,FALSE,y ~ x + d,"symmetric-tail headline (H1, H2; weighting rule A)",1b,null_e12_n1000,"",FALSE,,,"",new,120220000,"10,40",alternative
2,loglog_e12_n1700,loglog,e12,loglog,1700,"",2000,,,23,design,,,1,-1.6,uniform,,,,,,,,full,FALSE,y ~ x + d,"symmetric-tail headline (H1, H2; weighting rule A)",1b,null_e12_n1700,"",FALSE,,,"",new,120230000,"10,68",alternative
3,quad_0.01_n200,quad 0.01,,,200,"",10000,,20260708,1,dgp_alt,quad,0.01,,,,,,,,,,,full,FALSE,y ~ x,Sec 6.2 n ladder; SI,1a,null_quad_n200,grid_power_broad.R,FALSE,sim_power_broad,,"",old:20260708,20360708,10,alternative
3,quad_0.02_n200,quad 0.02,,,200,"",10000,,20260708,2,dgp_alt,quad,0.02,,,,,,,,,,,full,FALSE,y ~ x,Sec 6.2 n ladder; SI,1a,null_quad_n200,grid_power_broad.R,FALSE,sim_power_broad,,"",old:20260708,20460708,10,alternative
3,quad_0.03_n200,quad 0.03,,,200,"",10000,,20260708,3,dgp_alt,quad,0.03,,,,,,,,,,,full,FALSE,y ~ x,Sec 6.2 n ladder; SI,1a,null_quad_n200,grid_power_broad.R,FALSE,sim_power_broad,,"",old:20260708,20560708,10,alternative
3,quad_0.05_n200,quad 0.05,,,200,"",10000,,20260708,4,dgp_alt,quad,0.05,,,,,,,,,,,full,FALSE,y ~ x,Sec 6.2 n ladder; SI,1a,null_quad_n200,grid_power_broad.R,FALSE,sim_power_broad,,"",old:20260708,20660708,10,alternative
3,quad_0.1_n200,quad 0.1,,,200,"",10000,,20260708,5,dgp_alt,quad,0.1,,,,,,,,,,,full,FALSE,y ~ x,Sec 6.2 n ladder; SI,1a,null_quad_n200,grid_power_broad.R,FALSE,sim_power_broad,,"",old:20260708,20760708,10,alternative
3,quad_0.2_n200,quad 0.2,,,200,"",10000,,20260708,6,dgp_alt,quad,0.2,,,,,,,,,,,full,FALSE,y ~ x,Sec 6.2 n ladder; SI,1a,null_quad_n200,grid_power_broad.R,FALSE,sim_power_broad,,"",old:20260708,20860708,10,alternative
3,quad_0.4_n200,quad 0.4,,,200,"",10000,,20260708,7,dgp_alt,quad,0.4,,,,,,,,,,,full,FALSE,y ~ x,Sec 6.2 n ladder; SI,1a,null_quad_n200,grid_power_broad.R,FALSE,sim_power_broad,,"",old:20260708,20960708,10,alternative
3,quad_0.01_n500,quad 0.01,,,500,"",5000,,20260708,8,dgp_alt,quad,0.01,,,,,,,,,,,full,FALSE,y ~ x,Sec 6.2 n ladder; SI,1a,null_quad_n500,grid_power_broad.R,FALSE,sim_power_broad,,"",old:20260708,21060708,"10,20",alternative
3,quad_0.02_n500,quad 0.02,,,500,"",5000,,20260708,9,dgp_alt,quad,0.02,,,,,,,,,,,full,FALSE,y ~ x,Sec 6.2 n ladder; SI,1a,null_quad_n500,grid_power_broad.R,FALSE,sim_power_broad,,"",old:20260708,21160708,"10,20",alternative
3,quad_0.03_n500,quad 0.03,,,500,"",5000,,20260708,10,dgp_alt,quad,0.03,,,,,,,,,,,full,FALSE,y ~ x,Sec 6.2 n ladder; SI,1a,null_quad_n500,grid_power_broad.R,FALSE,sim_power_broad,,"",old:20260708,21260708,"10,20",alternative
3,quad_0.05_n500,quad 0.05,,,500,"",5000,,20260708,11,dgp_alt,quad,0.05,,,,,,,,,,,full,FALSE,y ~ x,Sec 6.2 n ladder; SI,1a,null_quad_n500,grid_power_broad.R,FALSE,sim_power_broad,,"",old:20260708,21360708,"10,20",alternative
3,quad_0.1_n500,quad 0.1,,,500,"",5000,,20260708,12,dgp_alt,quad,0.1,,,,,,,,,,,full,FALSE,y ~ x,Sec 6.2 n ladder; SI,1a,null_quad_n500,grid_power_broad.R,FALSE,sim_power_broad,,"",old:20260708,21460708,"10,20",alternative
3,quad_0.2_n500,quad 0.2,,,500,"",5000,,20260708,13,dgp_alt,quad,0.2,,,,,,,,,,,full,FALSE,y ~ x,Sec 6.2 n ladder; SI,1a,null_quad_n500,grid_power_broad.R,FALSE,sim_power_broad,,"",old:20260708,21560708,"10,20",alternative
3,quad_0.4_n500,quad 0.4,,,500,"",5000,,20260708,14,dgp_alt,quad,0.4,,,,,,,,,,,full,FALSE,y ~ x,Sec 6.2 n ladder; SI,1a,null_quad_n500,grid_power_broad.R,FALSE,sim_power_broad,,"",old:20260708,21660708,"10,20",alternative
3,quad_0.01_n1000,quad 0.01,,,1000,"",5000,,20260708,15,dgp_alt,quad,0.01,,,,,,,,,,,full,FALSE,y ~ x,census (SI Table S2) ; Fig 2 severity,1a,null_quad_n1000,grid_power_broad.R,FALSE,sim_power_broad,,"",old:20260708,21760708,"10,40",alternative
3,quad_0.02_n1000,quad 0.02,,,1000,"",5000,,20260708,16,dgp_alt,quad,0.02,,,,,,,,,,,full,FALSE,y ~ x,Table 4 row; census (SI Table S2) ; Fig 2 severity,1a,null_quad_n1000,grid_power_broad.R,FALSE,sim_power_broad,,"",old:20260708,21860708,"10,40",alternative
3,quad_0.03_n1000,quad 0.03,,,1000,"",5000,,20260708,17,dgp_alt,quad,0.03,,,,,,,,,,,full,FALSE,y ~ x,census (SI Table S2) ; Fig 2 severity,1a,null_quad_n1000,grid_power_broad.R,FALSE,sim_power_broad,,"",old:20260708,21960708,"10,40",alternative
3,quad_0.05_n1000,quad 0.05,,,1000,"",5000,,20260708,18,dgp_alt,quad,0.05,,,,,,,,,,,full,FALSE,y ~ x,census (SI Table S2) ; Fig 2 severity,1a,null_quad_n1000,grid_power_broad.R,FALSE,sim_power_broad,,"",old:20260708,22060708,"10,40",alternative
3,quad_0.1_n1000,quad 0.1,,,1000,"",5000,,20260708,19,dgp_alt,quad,0.1,,,,,,,,,,,full,FALSE,y ~ x,census (SI Table S2) ; Fig 2 severity,1a,null_quad_n1000,grid_power_broad.R,FALSE,sim_power_broad,,"",old:20260708,22160708,"10,40",alternative
3,quad_0.2_n1000,quad 0.2,,,1000,"",5000,,20260708,20,dgp_alt,quad,0.2,,,,,,,,,,,full,FALSE,y ~ x,census (SI Table S2) ; Fig 2 severity,1a,null_quad_n1000,grid_power_broad.R,FALSE,sim_power_broad,,"",old:20260708,22260708,"10,40",alternative
3,quad_0.4_n1000,quad 0.4,,,1000,"",5000,,20260708,21,dgp_alt,quad,0.4,,,,,,,,,,,full,FALSE,y ~ x,census (SI Table S2) ; Fig 2 severity,1a,null_quad_n1000,grid_power_broad.R,FALSE,sim_power_broad,,"",old:20260708,22360708,"10,40",alternative
3,quad_0.01_n2000,quad 0.01,,,2000,"",5000,,20260708,22,dgp_alt,quad,0.01,,,,,,,,,,,full,FALSE,y ~ x,Sec 6.2 n ladder; SI,1a,null_quad_n2000,grid_power_broad.R,FALSE,sim_power_broad,,"",old:20260708,22460708,"10,80",alternative
3,quad_0.02_n2000,quad 0.02,,,2000,"",5000,,20260708,23,dgp_alt,quad,0.02,,,,,,,,,,,full,FALSE,y ~ x,Sec 6.2 n ladder; SI,1a,null_quad_n2000,grid_power_broad.R,FALSE,sim_power_broad,,"",old:20260708,22560708,"10,80",alternative
3,quad_0.03_n2000,quad 0.03,,,2000,"",5000,,20260708,24,dgp_alt,quad,0.03,,,,,,,,,,,full,FALSE,y ~ x,Sec 6.2 n ladder; SI,1a,null_quad_n2000,grid_power_broad.R,FALSE,sim_power_broad,,"",old:20260708,22660708,"10,80",alternative
3,quad_0.05_n2000,quad 0.05,,,2000,"",5000,,20260708,25,dgp_alt,quad,0.05,,,,,,,,,,,full,FALSE,y ~ x,Sec 6.2 n ladder; SI,1a,null_quad_n2000,grid_power_broad.R,FALSE,sim_power_broad,,"",old:20260708,22760708,"10,80",alternative
3,quad_0.1_n2000,quad 0.1,,,2000,"",5000,,20260708,26,dgp_alt,quad,0.1,,,,,,,,,,,full,FALSE,y ~ x,Sec 6.2 n ladder; SI,1a,null_quad_n2000,grid_power_broad.R,FALSE,sim_power_broad,,"",old:20260708,22860708,"10,80",alternative
3,quad_0.2_n2000,quad 0.2,,,2000,"",5000,,20260708,27,dgp_alt,quad,0.2,,,,,,,,,,,full,FALSE,y ~ x,Sec 6.2 n ladder; SI,1a,null_quad_n2000,grid_power_broad.R,FALSE,sim_power_broad,,"",old:20260708,22960708,"10,80",alternative
3,quad_0.4_n2000,quad 0.4,,,2000,"",5000,,20260708,28,dgp_alt,quad,0.4,,,,,,,,,,,full,FALSE,y ~ x,Sec 6.2 n ladder; SI,1a,null_quad_n2000,grid_power_broad.R,FALSE,sim_power_broad,,"",old:20260708,23060708,"10,80",alternative
3,quad_0.01_n5000,quad 0.01,,,5000,"",5000,,20260708,29,dgp_alt,quad,0.01,,,,,,,,,,,full,FALSE,y ~ x,Sec 6.2 n ladder; SI,1a,null_quad_n5000,grid_power_broad.R,FALSE,sim_power_broad,,"",old:20260708,23160708,"10,200",alternative
3,quad_0.02_n5000,quad 0.02,,,5000,"",5000,,20260708,30,dgp_alt,quad,0.02,,,,,,,,,,,full,FALSE,y ~ x,Sec 6.2 n ladder; SI,1a,null_quad_n5000,grid_power_broad.R,FALSE,sim_power_broad,,"",old:20260708,23260708,"10,200",alternative
3,quad_0.03_n5000,quad 0.03,,,5000,"",5000,,20260708,31,dgp_alt,quad,0.03,,,,,,,,,,,full,FALSE,y ~ x,Sec 6.2 n ladder; SI,1a,null_quad_n5000,grid_power_broad.R,FALSE,sim_power_broad,,"",old:20260708,23360708,"10,200",alternative
3,quad_0.05_n5000,quad 0.05,,,5000,"",5000,,20260708,32,dgp_alt,quad,0.05,,,,,,,,,,,full,FALSE,y ~ x,Sec 6.2 n ladder; SI,1a,null_quad_n5000,grid_power_broad.R,FALSE,sim_power_broad,,"",old:20260708,23460708,"10,200",alternative
3,quad_0.1_n5000,quad 0.1,,,5000,"",5000,,20260708,33,dgp_alt,quad,0.1,,,,,,,,,,,full,FALSE,y ~ x,Sec 6.2 n ladder; SI,1a,null_quad_n5000,grid_power_broad.R,FALSE,sim_power_broad,,"",old:20260708,23560708,"10,200",alternative
3,quad_0.2_n5000,quad 0.2,,,5000,"",5000,,20260708,34,dgp_alt,quad,0.2,,,,,,,,,,,full,FALSE,y ~ x,Sec 6.2 n ladder; SI,1a,null_quad_n5000,grid_power_broad.R,FALSE,sim_power_broad,,"",old:20260708,23660708,"10,200",alternative
3,quad_0.4_n5000,quad 0.4,,,5000,"",5000,,20260708,35,dgp_alt,quad,0.4,,,,,,,,,,,full,FALSE,y ~ x,Sec 6.2 n ladder; SI,1a,null_quad_n5000,grid_power_broad.R,FALSE,sim_power_broad,,"",old:20260708,23760708,"10,200",alternative
3,binint_0.1_n200,binint 0.1,,,200,"",10000,,20260708,36,dgp_alt,binint,0.1,,,,,,,,,,,full,FALSE,y ~ x + d,Sec 6.2 n ladder; SI,1a,null_binint_n200,grid_power_broad.R,FALSE,sim_power_broad,,"",old:20260708,23860708,10,alternative
3,binint_0.2_n200,binint 0.2,,,200,"",10000,,20260708,37,dgp_alt,binint,0.2,,,,,,,,,,,full,FALSE,y ~ x + d,Sec 6.2 n ladder; SI,1a,null_binint_n200,grid_power_broad.R,FALSE,sim_power_broad,,"",old:20260708,23960708,10,alternative
3,binint_0.3_n200,binint 0.3,,,200,"",10000,,20260708,38,dgp_alt,binint,0.3,,,,,,,,,,,full,FALSE,y ~ x + d,Sec 6.2 n ladder; SI,1a,null_binint_n200,grid_power_broad.R,FALSE,sim_power_broad,,"",old:20260708,24060708,10,alternative
3,binint_0.5_n200,binint 0.5,,,200,"",10000,,20260708,39,dgp_alt,binint,0.5,,,,,,,,,,,full,FALSE,y ~ x + d,Sec 6.2 n ladder; SI,1a,null_binint_n200,grid_power_broad.R,FALSE,sim_power_broad,,"",old:20260708,24160708,10,alternative
3,binint_0.7_n200,binint 0.7,,,200,"",10000,,20260708,40,dgp_alt,binint,0.7,,,,,,,,,,,full,FALSE,y ~ x + d,Sec 6.2 n ladder; SI,1a,null_binint_n200,grid_power_broad.R,FALSE,sim_power_broad,,"",old:20260708,24260708,10,alternative
3,binint_0.1_n500,binint 0.1,,,500,"",5000,,20260708,41,dgp_alt,binint,0.1,,,,,,,,,,,full,FALSE,y ~ x + d,Sec 6.2 n ladder; SI,1a,null_binint_n500,grid_power_broad.R,FALSE,sim_power_broad,,"",old:20260708,24360708,"10,20",alternative
3,binint_0.2_n500,binint 0.2,,,500,"",5000,,20260708,42,dgp_alt,binint,0.2,,,,,,,,,,,full,FALSE,y ~ x + d,Sec 6.2 n ladder; SI,1a,null_binint_n500,grid_power_broad.R,FALSE,sim_power_broad,,"",old:20260708,24460708,"10,20",alternative
3,binint_0.3_n500,binint 0.3,,,500,"",5000,,20260708,43,dgp_alt,binint,0.3,,,,,,,,,,,full,FALSE,y ~ x + d,Sec 6.2 n ladder; SI,1a,null_binint_n500,grid_power_broad.R,FALSE,sim_power_broad,,"",old:20260708,24560708,"10,20",alternative
3,binint_0.5_n500,binint 0.5,,,500,"",5000,,20260708,44,dgp_alt,binint,0.5,,,,,,,,,,,full,FALSE,y ~ x + d,Sec 6.2 n ladder; SI,1a,null_binint_n500,grid_power_broad.R,FALSE,sim_power_broad,,"",old:20260708,24660708,"10,20",alternative
3,binint_0.7_n500,binint 0.7,,,500,"",5000,,20260708,45,dgp_alt,binint,0.7,,,,,,,,,,,full,FALSE,y ~ x + d,Sec 6.2 n ladder; SI,1a,null_binint_n500,grid_power_broad.R,FALSE,sim_power_broad,,"",old:20260708,24760708,"10,20",alternative
3,binint_0.1_n1000,binint 0.1,,,1000,"",5000,,20260708,46,dgp_alt,binint,0.1,,,,,,,,,,,full,FALSE,y ~ x + d,census (SI Table S2) ; Fig 2 severity,1a,null_binint_n1000,grid_power_broad.R,FALSE,sim_power_broad,,"",old:20260708,24860708,"10,40",alternative
3,binint_0.2_n1000,binint 0.2,,,1000,"",5000,,20260708,47,dgp_alt,binint,0.2,,,,,,,,,,,full,FALSE,y ~ x + d,census (SI Table S2) ; Fig 2 severity,1a,null_binint_n1000,grid_power_broad.R,FALSE,sim_power_broad,,"",old:20260708,24960708,"10,40",alternative
3,binint_0.3_n1000,binint 0.3,,,1000,"",5000,,20260708,48,dgp_alt,binint,0.3,,,,,,,,,,,full,FALSE,y ~ x + d,Table 4 row; census (SI Table S2) ; Fig 2 severity,1a,null_binint_n1000,grid_power_broad.R,FALSE,sim_power_broad,,"",old:20260708,25060708,"10,40",alternative
3,binint_0.5_n1000,binint 0.5,,,1000,"",5000,,20260708,49,dgp_alt,binint,0.5,,,,,,,,,,,full,FALSE,y ~ x + d,census (SI Table S2) ; Fig 2 severity,1a,null_binint_n1000,grid_power_broad.R,FALSE,sim_power_broad,,"",old:20260708,25160708,"10,40",alternative
3,binint_0.7_n1000,binint 0.7,,,1000,"",5000,,20260708,50,dgp_alt,binint,0.7,,,,,,,,,,,full,FALSE,y ~ x + d,census (SI Table S2) ; Fig 2 severity,1a,null_binint_n1000,grid_power_broad.R,FALSE,sim_power_broad,,"",old:20260708,25260708,"10,40",alternative
3,binint_0.1_n2000,binint 0.1,,,2000,"",5000,,20260708,51,dgp_alt,binint,0.1,,,,,,,,,,,full,FALSE,y ~ x + d,Sec 6.2 n ladder; SI,1a,null_binint_n2000,grid_power_broad.R,FALSE,sim_power_broad,,"",old:20260708,25360708,"10,80",alternative
3,binint_0.2_n2000,binint 0.2,,,2000,"",5000,,20260708,52,dgp_alt,binint,0.2,,,,,,,,,,,full,FALSE,y ~ x + d,Sec 6.2 n ladder; SI,1a,null_binint_n2000,grid_power_broad.R,FALSE,sim_power_broad,,"",old:20260708,25460708,"10,80",alternative
3,binint_0.3_n2000,binint 0.3,,,2000,"",5000,,20260708,53,dgp_alt,binint,0.3,,,,,,,,,,,full,FALSE,y ~ x + d,Sec 6.2 n ladder; SI,1a,null_binint_n2000,grid_power_broad.R,FALSE,sim_power_broad,,"",old:20260708,25560708,"10,80",alternative
3,binint_0.5_n2000,binint 0.5,,,2000,"",5000,,20260708,54,dgp_alt,binint,0.5,,,,,,,,,,,full,FALSE,y ~ x + d,Sec 6.2 n ladder; SI,1a,null_binint_n2000,grid_power_broad.R,FALSE,sim_power_broad,,"",old:20260708,25660708,"10,80",alternative
3,binint_0.7_n2000,binint 0.7,,,2000,"",5000,,20260708,55,dgp_alt,binint,0.7,,,,,,,,,,,full,FALSE,y ~ x + d,Sec 6.2 n ladder; SI,1a,null_binint_n2000,grid_power_broad.R,FALSE,sim_power_broad,,"",old:20260708,25760708,"10,80",alternative
3,binint_0.1_n5000,binint 0.1,,,5000,"",5000,,20260708,56,dgp_alt,binint,0.1,,,,,,,,,,,full,FALSE,y ~ x + d,Sec 6.2 n ladder; SI,1a,null_binint_n5000,grid_power_broad.R,FALSE,sim_power_broad,,"",old:20260708,25860708,"10,200",alternative
3,binint_0.2_n5000,binint 0.2,,,5000,"",5000,,20260708,57,dgp_alt,binint,0.2,,,,,,,,,,,full,FALSE,y ~ x + d,Sec 6.2 n ladder; SI,1a,null_binint_n5000,grid_power_broad.R,FALSE,sim_power_broad,,"",old:20260708,25960708,"10,200",alternative
3,binint_0.3_n5000,binint 0.3,,,5000,"",5000,,20260708,58,dgp_alt,binint,0.3,,,,,,,,,,,full,FALSE,y ~ x + d,Sec 6.2 n ladder; SI,1a,null_binint_n5000,grid_power_broad.R,FALSE,sim_power_broad,,"",old:20260708,26060708,"10,200",alternative
3,binint_0.5_n5000,binint 0.5,,,5000,"",5000,,20260708,59,dgp_alt,binint,0.5,,,,,,,,,,,full,FALSE,y ~ x + d,Sec 6.2 n ladder; SI,1a,null_binint_n5000,grid_power_broad.R,FALSE,sim_power_broad,,"",old:20260708,26160708,"10,200",alternative
3,binint_0.7_n5000,binint 0.7,,,5000,"",5000,,20260708,60,dgp_alt,binint,0.7,,,,,,,,,,,full,FALSE,y ~ x + d,Sec 6.2 n ladder; SI,1a,null_binint_n5000,grid_power_broad.R,FALSE,sim_power_broad,,"",old:20260708,26260708,"10,200",alternative
3,contint_0.1_n200,contint 0.1,,,200,"",10000,,20260708,61,dgp_alt,contint,0.1,,,,,,,,,,,full,FALSE,y ~ x + z,Sec 6.2 n ladder; SI,1a,null_contint_n200,grid_power_broad.R,FALSE,sim_power_broad,,"",old:20260708,26360708,10,alternative
3,contint_0.3_n200,contint 0.3,,,200,"",10000,,20260708,62,dgp_alt,contint,0.3,,,,,,,,,,,full,FALSE,y ~ x + z,Sec 6.2 n ladder; SI,1a,null_contint_n200,grid_power_broad.R,FALSE,sim_power_broad,,"",old:20260708,26460708,10,alternative
3,contint_0.5_n200,contint 0.5,,,200,"",10000,,20260708,63,dgp_alt,contint,0.5,,,,,,,,,,,full,FALSE,y ~ x + z,Sec 6.2 n ladder; SI,1a,null_contint_n200,grid_power_broad.R,FALSE,sim_power_broad,,"",old:20260708,26560708,10,alternative
3,contint_0.7_n200,contint 0.7,,,200,"",10000,,20260708,64,dgp_alt,contint,0.7,,,,,,,,,,,full,FALSE,y ~ x + z,Sec 6.2 n ladder; SI,1a,null_contint_n200,grid_power_broad.R,FALSE,sim_power_broad,,"",old:20260708,26660708,10,alternative
3,contint_0.1_n500,contint 0.1,,,500,"",5000,,20260708,65,dgp_alt,contint,0.1,,,,,,,,,,,full,FALSE,y ~ x + z,Sec 6.2 n ladder; SI,1a,null_contint_n500,grid_power_broad.R,FALSE,sim_power_broad,,"",old:20260708,26760708,"10,20",alternative
3,contint_0.3_n500,contint 0.3,,,500,"",5000,,20260708,66,dgp_alt,contint,0.3,,,,,,,,,,,full,FALSE,y ~ x + z,Sec 6.2 n ladder; SI,1a,null_contint_n500,grid_power_broad.R,FALSE,sim_power_broad,,"",old:20260708,26860708,"10,20",alternative
3,contint_0.5_n500,contint 0.5,,,500,"",5000,,20260708,67,dgp_alt,contint,0.5,,,,,,,,,,,full,FALSE,y ~ x + z,Sec 6.2 n ladder; SI,1a,null_contint_n500,grid_power_broad.R,FALSE,sim_power_broad,,"",old:20260708,26960708,"10,20",alternative
3,contint_0.7_n500,contint 0.7,,,500,"",5000,,20260708,68,dgp_alt,contint,0.7,,,,,,,,,,,full,FALSE,y ~ x + z,Sec 6.2 n ladder; SI,1a,null_contint_n500,grid_power_broad.R,FALSE,sim_power_broad,,"",old:20260708,27060708,"10,20",alternative
3,contint_0.1_n1000,contint 0.1,,,1000,"",5000,,20260708,69,dgp_alt,contint,0.1,,,,,,,,,,,full,FALSE,y ~ x + z,census (SI Table S2) ; Fig 2 severity,1a,null_contint_n1000,grid_power_broad.R,FALSE,sim_power_broad,,"",old:20260708,27160708,"10,40",alternative
3,contint_0.3_n1000,contint 0.3,,,1000,"",5000,,20260708,70,dgp_alt,contint,0.3,,,,,,,,,,,full,FALSE,y ~ x + z,census (SI Table S2) ; Fig 2 severity,1a,null_contint_n1000,grid_power_broad.R,FALSE,sim_power_broad,,"",old:20260708,27260708,"10,40",alternative
3,contint_0.5_n1000,contint 0.5,,,1000,"",5000,,20260708,71,dgp_alt,contint,0.5,,,,,,,,,,,full,FALSE,y ~ x + z,Table 4 row; census (SI Table S2) ; Fig 2 severity,1a,null_contint_n1000,grid_power_broad.R,FALSE,sim_power_broad,,"",old:20260708,27360708,"10,40",alternative
3,contint_0.7_n1000,contint 0.7,,,1000,"",5000,,20260708,72,dgp_alt,contint,0.7,,,,,,,,,,,full,FALSE,y ~ x + z,census (SI Table S2) ; Fig 2 severity,1a,null_contint_n1000,grid_power_broad.R,FALSE,sim_power_broad,,"",old:20260708,27460708,"10,40",alternative
3,contint_0.1_n2000,contint 0.1,,,2000,"",5000,,20260708,73,dgp_alt,contint,0.1,,,,,,,,,,,full,FALSE,y ~ x + z,Sec 6.2 n ladder; SI,1a,null_contint_n2000,grid_power_broad.R,FALSE,sim_power_broad,,"",old:20260708,27560708,"10,80",alternative
3,contint_0.3_n2000,contint 0.3,,,2000,"",5000,,20260708,74,dgp_alt,contint,0.3,,,,,,,,,,,full,FALSE,y ~ x + z,Sec 6.2 n ladder; SI,1a,null_contint_n2000,grid_power_broad.R,FALSE,sim_power_broad,,"",old:20260708,27660708,"10,80",alternative
3,contint_0.5_n2000,contint 0.5,,,2000,"",5000,,20260708,75,dgp_alt,contint,0.5,,,,,,,,,,,full,FALSE,y ~ x + z,Sec 6.2 n ladder; SI,1a,null_contint_n2000,grid_power_broad.R,FALSE,sim_power_broad,,"",old:20260708,27760708,"10,80",alternative
3,contint_0.7_n2000,contint 0.7,,,2000,"",5000,,20260708,76,dgp_alt,contint,0.7,,,,,,,,,,,full,FALSE,y ~ x + z,Sec 6.2 n ladder; SI,1a,null_contint_n2000,grid_power_broad.R,FALSE,sim_power_broad,,"",old:20260708,27860708,"10,80",alternative
3,contint_0.1_n5000,contint 0.1,,,5000,"",5000,,20260708,77,dgp_alt,contint,0.1,,,,,,,,,,,full,FALSE,y ~ x + z,Sec 6.2 n ladder; SI,1a,null_contint_n5000,grid_power_broad.R,FALSE,sim_power_broad,,"",old:20260708,27960708,"10,200",alternative
3,contint_0.3_n5000,contint 0.3,,,5000,"",5000,,20260708,78,dgp_alt,contint,0.3,,,,,,,,,,,full,FALSE,y ~ x + z,Sec 6.2 n ladder; SI,1a,null_contint_n5000,grid_power_broad.R,FALSE,sim_power_broad,,"",old:20260708,28060708,"10,200",alternative
3,contint_0.5_n5000,contint 0.5,,,5000,"",5000,,20260708,79,dgp_alt,contint,0.5,,,,,,,,,,,full,FALSE,y ~ x + z,Sec 6.2 n ladder; SI,1a,null_contint_n5000,grid_power_broad.R,FALSE,sim_power_broad,,"",old:20260708,28160708,"10,200",alternative
3,contint_0.7_n5000,contint 0.7,,,5000,"",5000,,20260708,80,dgp_alt,contint,0.7,,,,,,,,,,,full,FALSE,y ~ x + z,Sec 6.2 n ladder; SI,1a,null_contint_n5000,grid_power_broad.R,FALSE,sim_power_broad,,"",old:20260708,28260708,"10,200",alternative
3,link_probit_n200,link probit,,probit,200,"",10000,,20260708,81,dgp_alt,link,probit,,,,,,,,,,,full,FALSE,y ~ x + d,Sec 6.2 n ladder; SI,1a,null_link_n200,grid_power_broad.R,FALSE,sim_power_broad,,"",old:20260708,28360708,10,alternative
3,link_cloglog_n200,link cloglog,,cloglog,200,"",10000,,20260708,82,dgp_alt,link,cloglog,,,,,,,,,,,full,FALSE,y ~ x + d,Sec 6.2 n ladder; SI,1a,null_link_n200,grid_power_broad.R,FALSE,sim_power_broad,,"",old:20260708,28460708,10,alternative
3,link_plateau_upper_n200,link plateau_upper,,plateau_upper,200,"",10000,,20260708,83,dgp_alt,link,stukel_heavy,,,,,,,,,,,full,FALSE,y ~ x + d,Sec 6.2 n ladder; SI,1a,null_link_n200,grid_power_broad.R,FALSE,sim_power_broad,,"",old:20260708,28560708,10,alternative
3,link_plateau_lower_n200,link plateau_lower,,plateau_lower,200,"",10000,,20260708,84,dgp_alt,link,stukel_light,,,,,,,,,,,full,FALSE,y ~ x + d,Sec 6.2 n ladder; SI,1a,null_link_n200,grid_power_broad.R,FALSE,sim_power_broad,,"",old:20260708,28660708,10,alternative
3,link_plateau_both_n200,link plateau_both,,plateau_both,200,"",10000,,20260708,85,dgp_alt,link,stukel_asym,,,,,,,,,,,full,FALSE,y ~ x + d,Sec 6.2 n ladder; SI,1a,null_link_n200,grid_power_broad.R,FALSE,sim_power_broad,,"",old:20260708,28760708,10,alternative
3,link_probit_n500,link probit,,probit,500,"",5000,,20260708,86,dgp_alt,link,probit,,,,,,,,,,,full,FALSE,y ~ x + d,Sec 6.2 n ladder; SI,1a,null_link_n500,grid_power_broad.R,FALSE,sim_power_broad,,"",old:20260708,28860708,"10,20",alternative
3,link_cloglog_n500,link cloglog,,cloglog,500,"",5000,,20260708,87,dgp_alt,link,cloglog,,,,,,,,,,,full,FALSE,y ~ x + d,Sec 6.2 n ladder; SI,1a,null_link_n500,grid_power_broad.R,FALSE,sim_power_broad,,"",old:20260708,28960708,"10,20",alternative
3,link_plateau_upper_n500,link plateau_upper,,plateau_upper,500,"",5000,,20260708,88,dgp_alt,link,stukel_heavy,,,,,,,,,,,full,FALSE,y ~ x + d,Sec 6.2 n ladder; SI,1a,null_link_n500,grid_power_broad.R,FALSE,sim_power_broad,,"",old:20260708,29060708,"10,20",alternative
3,link_plateau_lower_n500,link plateau_lower,,plateau_lower,500,"",5000,,20260708,89,dgp_alt,link,stukel_light,,,,,,,,,,,full,FALSE,y ~ x + d,Sec 6.2 n ladder; SI,1a,null_link_n500,grid_power_broad.R,FALSE,sim_power_broad,,"",old:20260708,29160708,"10,20",alternative
3,link_plateau_both_n500,link plateau_both,,plateau_both,500,"",5000,,20260708,90,dgp_alt,link,stukel_asym,,,,,,,,,,,full,FALSE,y ~ x + d,Sec 6.2 n ladder; SI,1a,null_link_n500,grid_power_broad.R,FALSE,sim_power_broad,,"",old:20260708,29260708,"10,20",alternative
3,link_probit_n1000,link probit,,probit,1000,"",5000,,20260708,91,dgp_alt,link,probit,,,,,,,,,,,full,FALSE,y ~ x + d,Table 4 row; census (SI Table S2),1a,null_link_n1000,grid_power_broad.R,FALSE,sim_power_broad,,"",old:20260708,29360708,"10,40",alternative
3,link_cloglog_n1000,link cloglog,,cloglog,1000,"",5000,,20260708,92,dgp_alt,link,cloglog,,,,,,,,,,,full,FALSE,y ~ x + d,Table 4 row; census (SI Table S2) ; Sec 6.6 text,1a,null_link_n1000,grid_power_broad.R,FALSE,sim_power_broad,,"",old:20260708,29460708,"10,40",alternative
3,link_plateau_upper_n1000,link plateau_upper,,plateau_upper,1000,"",5000,,20260708,93,dgp_alt,link,stukel_heavy,,,,,,,,,,,full,FALSE,y ~ x + d,Table 4 row; census (SI Table S2) ; risk-plateau group (E0.2),1a,null_link_n1000,grid_power_broad.R,FALSE,sim_power_broad,,"",old:20260708,29560708,"10,40",alternative
3,link_plateau_lower_n1000,link plateau_lower,,plateau_lower,1000,"",5000,,20260708,94,dgp_alt,link,stukel_light,,,,,,,,,,,full,FALSE,y ~ x + d,Table 4 row; census (SI Table S2) ; risk-plateau group (E0.2),1a,null_link_n1000,grid_power_broad.R,FALSE,sim_power_broad,,"",old:20260708,29660708,"10,40",alternative
3,link_plateau_both_n1000,link plateau_both,,plateau_both,1000,"",5000,,20260708,95,dgp_alt,link,stukel_asym,,,,,,,,,,,full,FALSE,y ~ x + d,Table 4 row; census (SI Table S2) ; risk-plateau group (E0.2),1a,null_link_n1000,grid_power_broad.R,FALSE,sim_power_broad,,"",old:20260708,29760708,"10,40",alternative
3,link_probit_n2000,link probit,,probit,2000,"",5000,,20260708,96,dgp_alt,link,probit,,,,,,,,,,,full,FALSE,y ~ x + d,Sec 6.2 n ladder; SI,1a,null_link_n2000,grid_power_broad.R,FALSE,sim_power_broad,,"",old:20260708,29860708,"10,80",alternative
3,link_cloglog_n2000,link cloglog,,cloglog,2000,"",5000,,20260708,97,dgp_alt,link,cloglog,,,,,,,,,,,full,FALSE,y ~ x + d,Sec 6.2 n ladder; SI,1a,null_link_n2000,grid_power_broad.R,FALSE,sim_power_broad,,"",old:20260708,29960708,"10,80",alternative
3,link_plateau_upper_n2000,link plateau_upper,,plateau_upper,2000,"",5000,,20260708,98,dgp_alt,link,stukel_heavy,,,,,,,,,,,full,FALSE,y ~ x + d,Sec 6.2 n ladder; SI,1a,null_link_n2000,grid_power_broad.R,FALSE,sim_power_broad,,"",old:20260708,30060708,"10,80",alternative
3,link_plateau_lower_n2000,link plateau_lower,,plateau_lower,2000,"",5000,,20260708,99,dgp_alt,link,stukel_light,,,,,,,,,,,full,FALSE,y ~ x + d,Sec 6.2 n ladder; SI,1a,null_link_n2000,grid_power_broad.R,FALSE,sim_power_broad,,"",old:20260708,30160708,"10,80",alternative
3,link_plateau_both_n2000,link plateau_both,,plateau_both,2000,"",5000,,20260708,100,dgp_alt,link,stukel_asym,,,,,,,,,,,full,FALSE,y ~ x + d,Sec 6.2 n ladder; SI,1a,null_link_n2000,grid_power_broad.R,FALSE,sim_power_broad,,"",old:20260708,30260708,"10,80",alternative
3,link_probit_n5000,link probit,,probit,5000,"",5000,,20260708,101,dgp_alt,link,probit,,,,,,,,,,,full,FALSE,y ~ x + d,Sec 6.2 n ladder; SI,1a,null_link_n5000,grid_power_broad.R,FALSE,sim_power_broad,,"",old:20260708,30360708,"10,200",alternative
3,link_cloglog_n5000,link cloglog,,cloglog,5000,"",5000,,20260708,102,dgp_alt,link,cloglog,,,,,,,,,,,full,FALSE,y ~ x + d,Sec 6.2 n ladder; SI,1a,null_link_n5000,grid_power_broad.R,FALSE,sim_power_broad,,"",old:20260708,30460708,"10,200",alternative
3,link_plateau_upper_n5000,link plateau_upper,,plateau_upper,5000,"",5000,,20260708,103,dgp_alt,link,stukel_heavy,,,,,,,,,,,full,FALSE,y ~ x + d,Sec 6.2 n ladder; SI,1a,null_link_n5000,grid_power_broad.R,FALSE,sim_power_broad,,"",old:20260708,30560708,"10,200",alternative
3,link_plateau_lower_n5000,link plateau_lower,,plateau_lower,5000,"",5000,,20260708,104,dgp_alt,link,stukel_light,,,,,,,,,,,full,FALSE,y ~ x + d,Sec 6.2 n ladder; SI,1a,null_link_n5000,grid_power_broad.R,FALSE,sim_power_broad,,"",old:20260708,30660708,"10,200",alternative
3,link_plateau_both_n5000,link plateau_both,,plateau_both,5000,"",5000,,20260708,105,dgp_alt,link,stukel_asym,,,,,,,,,,,full,FALSE,y ~ x + d,Sec 6.2 n ladder; SI,1a,null_link_n5000,grid_power_broad.R,FALSE,sim_power_broad,,"",old:20260708,30760708,"10,200",alternative
3,rough_osc2_n500,rough osc2,,,500,"",5000,,20260708,106,dgp_alt,rough,osc2,,,,,,,,,,,full,FALSE,y ~ x,Sec 6.2 n ladder; SI,1a,null_rough_n500,grid_power_broad.R,FALSE,sim_power_broad,,"",old:20260708,30860708,"10,20",alternative
3,rough_osc4_n500,rough osc4,,,500,"",5000,,20260708,107,dgp_alt,rough,osc4,,,,,,,,,,,full,FALSE,y ~ x,Sec 6.2 n ladder; SI,1a,null_rough_n500,grid_power_broad.R,FALSE,sim_power_broad,,"",old:20260708,30960708,"10,20",alternative
3,rough_sawtooth_n500,rough sawtooth,,,500,"",5000,,20260708,108,dgp_alt,rough,sawtooth,,,,,,,,,,,full,FALSE,y ~ x,Sec 6.2 n ladder; SI,1a,null_rough_n500,grid_power_broad.R,FALSE,sim_power_broad,,"",old:20260708,31060708,"10,20",alternative
3,rough_bump_n500,rough bump,,,500,"",5000,,20260708,109,dgp_alt,rough,bump,,,,,,,,,,,full,FALSE,y ~ x,Sec 6.2 n ladder; SI,1a,null_rough_n500,grid_power_broad.R,FALSE,sim_power_broad,,"",old:20260708,31160708,"10,20",alternative
3,rough_osc2_n1000,rough osc2,,,1000,"",5000,,20260708,110,dgp_alt,rough,osc2,,,,,,,,,,,full,FALSE,y ~ x,census (SI Table S2),1a,null_rough_n1000,grid_power_broad.R,FALSE,sim_power_broad,,"",old:20260708,31260708,"10,40",alternative
3,rough_osc4_n1000,rough osc4,,,1000,"",5000,,20260708,111,dgp_alt,rough,osc4,,,,,,,,,,,full,FALSE,y ~ x,census (SI Table S2),1a,null_rough_n1000,grid_power_broad.R,FALSE,sim_power_broad,,"",old:20260708,31360708,"10,40",alternative
3,rough_sawtooth_n1000,rough sawtooth,,,1000,"",5000,,20260708,112,dgp_alt,rough,sawtooth,,,,,,,,,,,full,FALSE,y ~ x,census (SI Table S2),1a,null_rough_n1000,grid_power_broad.R,FALSE,sim_power_broad,,"",old:20260708,31460708,"10,40",alternative
3,rough_bump_n1000,rough bump,,,1000,"",5000,,20260708,113,dgp_alt,rough,bump,,,,,,,,,,,full,FALSE,y ~ x,census (SI Table S2),1a,null_rough_n1000,grid_power_broad.R,FALSE,sim_power_broad,,"",old:20260708,31560708,"10,40",alternative
3,rough_osc2_n2000,rough osc2,,,2000,"",5000,,20260708,114,dgp_alt,rough,osc2,,,,,,,,,,,full,FALSE,y ~ x,Sec 6.2 n ladder; SI,1a,null_rough_n2000,grid_power_broad.R,FALSE,sim_power_broad,,"",old:20260708,31660708,"10,80",alternative
3,rough_osc4_n2000,rough osc4,,,2000,"",5000,,20260708,115,dgp_alt,rough,osc4,,,,,,,,,,,full,FALSE,y ~ x,Sec 6.2 n ladder; SI,1a,null_rough_n2000,grid_power_broad.R,FALSE,sim_power_broad,,"",old:20260708,31760708,"10,80",alternative
3,rough_sawtooth_n2000,rough sawtooth,,,2000,"",5000,,20260708,116,dgp_alt,rough,sawtooth,,,,,,,,,,,full,FALSE,y ~ x,Sec 6.2 n ladder; SI,1a,null_rough_n2000,grid_power_broad.R,FALSE,sim_power_broad,,"",old:20260708,31860708,"10,80",alternative
3,rough_bump_n2000,rough bump,,,2000,"",5000,,20260708,117,dgp_alt,rough,bump,,,,,,,,,,,full,FALSE,y ~ x,Sec 6.2 n ladder; SI,1a,null_rough_n2000,grid_power_broad.R,FALSE,sim_power_broad,,"",old:20260708,31960708,"10,80",alternative
3,stk_long_n200,stk_long,base,stk_long,200,"",10000,,,201,design,,,1,0,uniform,,,,,,,,full,FALSE,y ~ x + d,Table 4 exact Stukel rows (E0.1); SI n ladder,1a,null_link_n200,"",FALSE,,,"",new,132010000,10,alternative
3,stk_long_n500,stk_long,base,stk_long,500,"",5000,,,202,design,,,1,0,uniform,,,,,,,,full,FALSE,y ~ x + d,Table 4 exact Stukel rows (E0.1); SI n ladder,1a,null_link_n500,"",FALSE,,,"",new,132020000,"10,20",alternative
3,stk_long_n1000,stk_long,base,stk_long,1000,"",5000,,,203,design,,,1,0,uniform,,,,,,,,full,FALSE,y ~ x + d,Table 4 exact Stukel rows (E0.1); SI n ladder,1a,null_link_n1000,"",FALSE,,,"",new,132030000,"10,40",alternative
3,stk_long_n2000,stk_long,base,stk_long,2000,"",5000,,,204,design,,,1,0,uniform,,,,,,,,full,FALSE,y ~ x + d,Table 4 exact Stukel rows (E0.1); SI n ladder,1a,null_link_n2000,"",FALSE,,,"",new,132040000,"10,80",alternative
3,stk_long_n5000,stk_long,base,stk_long,5000,"",5000,,,205,design,,,1,0,uniform,,,,,,,,full,FALSE,y ~ x + d,Table 4 exact Stukel rows (E0.1); SI n ladder,1a,null_link_n5000,"",FALSE,,,"",new,132050000,"10,200",alternative
3,stk_short_n200,stk_short,base,stk_short,200,"",10000,,,206,design,,,1,0,uniform,,,,,,,,full,FALSE,y ~ x + d,Table 4 exact Stukel rows (E0.1); SI n ladder,1a,null_link_n200,"",FALSE,,,"",new,132060000,10,alternative
3,stk_short_n500,stk_short,base,stk_short,500,"",5000,,,207,design,,,1,0,uniform,,,,,,,,full,FALSE,y ~ x + d,Table 4 exact Stukel rows (E0.1); SI n ladder,1a,null_link_n500,"",FALSE,,,"",new,132070000,"10,20",alternative
3,stk_short_n1000,stk_short,base,stk_short,1000,"",5000,,,208,design,,,1,0,uniform,,,,,,,,full,FALSE,y ~ x + d,Table 4 exact Stukel rows (E0.1); SI n ladder,1a,null_link_n1000,"",FALSE,,,"",new,132080000,"10,40",alternative
3,stk_short_n2000,stk_short,base,stk_short,2000,"",5000,,,209,design,,,1,0,uniform,,,,,,,,full,FALSE,y ~ x + d,Table 4 exact Stukel rows (E0.1); SI n ladder,1a,null_link_n2000,"",FALSE,,,"",new,132090000,"10,80",alternative
3,stk_short_n5000,stk_short,base,stk_short,5000,"",5000,,,210,design,,,1,0,uniform,,,,,,,,full,FALSE,y ~ x + d,Table 4 exact Stukel rows (E0.1); SI n ladder,1a,null_link_n5000,"",FALSE,,,"",new,132100000,"10,200",alternative
3,stk_asym_n200,stk_asym,base,stk_asym,200,"",10000,,,211,design,,,1,0,uniform,,,,,,,,full,FALSE,y ~ x + d,Table 4 exact Stukel rows (E0.1); SI n ladder,1a,null_link_n200,"",FALSE,,,"",new,132110000,10,alternative
3,stk_asym_n500,stk_asym,base,stk_asym,500,"",5000,,,212,design,,,1,0,uniform,,,,,,,,full,FALSE,y ~ x + d,Table 4 exact Stukel rows (E0.1); SI n ladder,1a,null_link_n500,"",FALSE,,,"",new,132120000,"10,20",alternative
3,stk_asym_n1000,stk_asym,base,stk_asym,1000,"",5000,,,213,design,,,1,0,uniform,,,,,,,,full,FALSE,y ~ x + d,Table 4 exact Stukel rows (E0.1); SI n ladder,1a,null_link_n1000,"",FALSE,,,"",new,132130000,"10,40",alternative
3,stk_asym_n2000,stk_asym,base,stk_asym,2000,"",5000,,,214,design,,,1,0,uniform,,,,,,,,full,FALSE,y ~ x + d,Table 4 exact Stukel rows (E0.1); SI n ladder,1a,null_link_n2000,"",FALSE,,,"",new,132140000,"10,80",alternative
3,stk_asym_n5000,stk_asym,base,stk_asym,5000,"",5000,,,215,design,,,1,0,uniform,,,,,,,,full,FALSE,y ~ x + d,Table 4 exact Stukel rows (E0.1); SI n ladder,1a,null_link_n5000,"",FALSE,,,"",new,132150000,"10,200",alternative
3,cauchit_n200,cauchit,base,cauchit,200,"",10000,,,216,design,,,1,0,uniform,,,,,,,,full,FALSE,y ~ x + d,Table 4 new link rows; SI n ladder,1a,null_link_n200,"",FALSE,,,"",new,132160000,10,alternative
3,cauchit_n500,cauchit,base,cauchit,500,"",5000,,,217,design,,,1,0,uniform,,,,,,,,full,FALSE,y ~ x + d,Table 4 new link rows; SI n ladder,1a,null_link_n500,"",FALSE,,,"",new,132170000,"10,20",alternative
3,cauchit_n1000,cauchit,base,cauchit,1000,"",5000,,,218,design,,,1,0,uniform,,,,,,,,full,FALSE,y ~ x + d,Table 4 new link rows; SI n ladder,1a,null_link_n1000,"",FALSE,,,"",new,132180000,"10,40",alternative
3,cauchit_n2000,cauchit,base,cauchit,2000,"",5000,,,219,design,,,1,0,uniform,,,,,,,,full,FALSE,y ~ x + d,Table 4 new link rows; SI n ladder,1a,null_link_n2000,"",FALSE,,,"",new,132190000,"10,80",alternative
3,cauchit_n5000,cauchit,base,cauchit,5000,"",5000,,,220,design,,,1,0,uniform,,,,,,,,full,FALSE,y ~ x + d,Table 4 new link rows; SI n ladder,1a,null_link_n5000,"",FALSE,,,"",new,132200000,"10,200",alternative
3,t4_n200,t4,base,t4,200,"",10000,,,221,design,,,1,0,uniform,,,,,,,,full,FALSE,y ~ x + d,Table 4 new link rows; SI n ladder,1a,null_link_n200,"",FALSE,,,"",new,132210000,10,alternative
3,t4_n500,t4,base,t4,500,"",5000,,,222,design,,,1,0,uniform,,,,,,,,full,FALSE,y ~ x + d,Table 4 new link rows; SI n ladder,1a,null_link_n500,"",FALSE,,,"",new,132220000,"10,20",alternative
3,t4_n1000,t4,base,t4,1000,"",5000,,,223,design,,,1,0,uniform,,,,,,,,full,FALSE,y ~ x + d,Table 4 new link rows; SI n ladder,1a,null_link_n1000,"",FALSE,,,"",new,132230000,"10,40",alternative
3,t4_n2000,t4,base,t4,2000,"",5000,,,224,design,,,1,0,uniform,,,,,,,,full,FALSE,y ~ x + d,Table 4 new link rows; SI n ladder,1a,null_link_n2000,"",FALSE,,,"",new,132240000,"10,80",alternative
3,t4_n5000,t4,base,t4,5000,"",5000,,,225,design,,,1,0,uniform,,,,,,,,full,FALSE,y ~ x + d,Table 4 new link rows; SI n ladder,1a,null_link_n5000,"",FALSE,,,"",new,132250000,"10,200",alternative
3,loglog_n200,loglog,base,loglog,200,"",10000,,,226,design,,,1,0,uniform,,,,,,,,full,FALSE,y ~ x + d,Table 4 new link rows; SI n ladder,1a,null_link_n200,"",FALSE,,,"",new,132260000,10,alternative
3,loglog_n500,loglog,base,loglog,500,"",5000,,,227,design,,,1,0,uniform,,,,,,,,full,FALSE,y ~ x + d,Table 4 new link rows; SI n ladder,1a,null_link_n500,"",FALSE,,,"",new,132270000,"10,20",alternative
3,loglog_n1000,loglog,base,loglog,1000,"",5000,,,228,design,,,1,0,uniform,,,,,,,,full,FALSE,y ~ x + d,Table 4 new link rows; SI n ladder,1a,null_link_n1000,"",FALSE,,,"",new,132280000,"10,40",alternative
3,loglog_n2000,loglog,base,loglog,2000,"",5000,,,229,design,,,1,0,uniform,,,,,,,,full,FALSE,y ~ x + d,Table 4 new link rows; SI n ladder,1a,null_link_n2000,"",FALSE,,,"",new,132290000,"10,80",alternative
3,loglog_n5000,loglog,base,loglog,5000,"",5000,,,230,design,,,1,0,uniform,,,,,,,,full,FALSE,y ~ x + d,Table 4 new link rows; SI n ladder,1a,null_link_n5000,"",FALSE,,,"",new,132300000,"10,200",alternative
3,census_logx_n1000,logx,,,1000,"",5000,,,231,census,,,,,,,,logx,,,,,full,FALSE,y ~ x,SI Table S2 census row (June _master_add.R),1b,null_census_logx_n1000,"",FALSE,,,matched null added before launch (review F2),new,132310000,"10,40",alternative
3,census_int_binbin_n1000,int_binbin,,,1000,"",5000,,,232,census,,,,,,,,int_binbin,,,,,full,FALSE,y ~ d1 + d2,SI Table S2 census row (June _master_add.R),1b,null_census_int_binbin_n1000,"",FALSE,,,matched null added before launch (review F2),new,132320000,"10,40",alternative
3,census_skew_n1000,skew,,,1000,"",5000,,,233,census,,,,,,,,skew,,,,,full,FALSE,y ~ x (x ~ chi-square(4)),SI Table S2 census row (June _master_add.R),1b,null_census_skew_n1000,"",FALSE,,,matched null added before launch (review F2),new,132330000,"10,40",alternative
3,census_corr_n1000,corr,,,1000,"",5000,,,234,census,,,,,,,,corr,,,,,full,FALSE,y ~ x1 + x2,SI Table S2 census row (June _master_add.R),1b,null_census_corr_n1000,"",FALSE,,,matched null added before launch (review F2),new,132340000,"10,40",alternative
3,census_omit_x2x3_n1000,omit_x2x3,,,1000,"",5000,,,235,census,,,,,,,,omit_x2x3,,,,,full,FALSE,y ~ x,SI Table S2 census row (June _master_add.R),1b,null_census_omit_x2x3_n1000,"",FALSE,,,matched null added before launch (review F2),new,132350000,"10,40",alternative
3,census_omit_2int_n1000,omit_2int,,,1000,"",5000,,,236,census,,,,,,,,omit_2int,,,,,full,FALSE,y ~ x + d + z,SI Table S2 census row (June _master_add.R),1b,null_census_omit_2int_n1000,"",FALSE,,,matched null added before launch (review F2),new,132360000,"10,40",alternative
3,census_joint_n1000,joint,,,1000,"",5000,,,237,census,,,,,,,,joint,,,,,full,FALSE,y ~ x,SI Table S2 census row (June _master_add.R),1b,null_census_joint_n1000,"",FALSE,,,matched null added before launch (review F2),new,132370000,"10,40",alternative
3,census_omit_2cov_n1000,omit_2cov,,,1000,"",5000,,,238,census,,,,,,,,omit_2cov,,,,,full,FALSE,y ~ x,SI Table S2 census row (June _master_add.R),1b,null_census_omit_2cov_n1000,"",FALSE,,,matched null added before launch (review F2),new,132380000,"10,40",alternative
4,crossover_n1000,crossover,,,1000,"",5000,,20260710,1,crossover,,,,,,,,,,,,,full,FALSE,y ~ x + d,Sec 6.3 boundary text,1b,null_crossover_n1000,grid_edge_loses.R,FALSE,sim_edge_loses,,matched null added before launch (review F1),old:20260710,20360710,"10,40",alternative
4,crossover_n2000,crossover,,,2000,"",5000,,20260710,2,crossover,,,,,,,,,,,,,full,FALSE,y ~ x + d,Fig 3 (plots n = 2000),1b,null_crossover_n2000,grid_edge_loses.R,FALSE,sim_edge_loses,,matched null added before launch (review F1),old:20260710,20460710,"10,80",alternative
4,osc4_n1000,osc4,,,1000,"",5000,,20260711,3,dgp_alt,rough,osc4,,,,,,,,,,,full,FALSE,y ~ x,Sec 6.3 boundary text,1a,null_rough_n1000,grid_edge_loses.R,FALSE,sim_edge_loses,,"",old:20260711,20560711,"10,40",alternative
4,osc4_n2000,osc4,,,2000,"",5000,,20260711,4,dgp_alt,rough,osc4,,,,,,,,,,,full,FALSE,y ~ x,Fig 3 (plots n = 2000),1a,null_rough_n2000,grid_edge_loses.R,FALSE,sim_edge_loses,,"",old:20260711,20660711,"10,80",alternative
4,sawtooth_n1000,sawtooth,,,1000,"",5000,,20260711,5,dgp_alt,rough,sawtooth,,,,,,,,,,,full,FALSE,y ~ x,Sec 6.3 boundary text,1a,null_rough_n1000,grid_edge_loses.R,FALSE,sim_edge_loses,,"",old:20260711,20760711,"10,40",alternative
4,sawtooth_n2000,sawtooth,,,2000,"",5000,,20260711,6,dgp_alt,rough,sawtooth,,,,,,,,,,,full,FALSE,y ~ x,Fig 3 (plots n = 2000),1a,null_rough_n2000,grid_edge_loses.R,FALSE,sim_edge_loses,,"",old:20260711,20860711,"10,80",alternative
4,proj_link_cloglog_n500,link,,cloglog,500,"",500,,20260720,1,dgp_alt,link,cloglog,,,,,,,,,,,full,FALSE,y ~ x + d,Sec 6.3 projection head-to-head (paired with stored p_proj),4,proj_null_link_n500,grid_proj_power.R,TRUE,proj_power_grid,link|cloglog,pre-launch addition after review (not in E3),old:20260720,20360720,"10,20",alternative
4,proj_link_cloglog_n1000,link,,cloglog,1000,"",500,,20260720,2,dgp_alt,link,cloglog,,,,,,,,,,,full,FALSE,y ~ x + d,Sec 6.3 projection head-to-head (paired with stored p_proj),4,proj_null_link_n1000,grid_proj_power.R,TRUE,proj_power_grid,link|cloglog,pre-launch addition after review (not in E3),old:20260720,20460720,"10,40",alternative
4,proj_link_probit_n500,link,,probit,500,"",500,,20260720,3,dgp_alt,link,probit,,,,,,,,,,,full,FALSE,y ~ x + d,Sec 6.3 projection head-to-head (paired with stored p_proj),4,proj_null_link_n500,grid_proj_power.R,TRUE,proj_power_grid,link|probit,pre-launch addition after review (not in E3),old:20260720,20560720,"10,20",alternative
4,proj_link_probit_n1000,link,,probit,1000,"",500,,20260720,4,dgp_alt,link,probit,,,,,,,,,,,full,FALSE,y ~ x + d,Sec 6.3 projection head-to-head (paired with stored p_proj),4,proj_null_link_n1000,grid_proj_power.R,TRUE,proj_power_grid,link|probit,pre-launch addition after review (not in E3),old:20260720,20660720,"10,40",alternative
4,proj_link_plateau_upper_n500,link,,plateau_upper,500,"",500,,20260720,5,dgp_alt,link,stukel_heavy,,,,,,,,,,,full,FALSE,y ~ x + d,Sec 6.3 projection head-to-head (paired with stored p_proj),4,proj_null_link_n500,grid_proj_power.R,TRUE,proj_power_grid,link|stukel_heavy,pre-launch addition after review (not in E3),old:20260720,20760720,"10,20",alternative
4,proj_link_plateau_upper_n1000,link,,plateau_upper,1000,"",500,,20260720,6,dgp_alt,link,stukel_heavy,,,,,,,,,,,full,FALSE,y ~ x + d,Sec 6.3 projection head-to-head (paired with stored p_proj),4,proj_null_link_n1000,grid_proj_power.R,TRUE,proj_power_grid,link|stukel_heavy,pre-launch addition after review (not in E3),old:20260720,20860720,"10,40",alternative
4,proj_link_plateau_lower_n500,link,,plateau_lower,500,"",500,,20260720,7,dgp_alt,link,stukel_light,,,,,,,,,,,full,FALSE,y ~ x + d,Sec 6.3 projection head-to-head (paired with stored p_proj),4,proj_null_link_n500,grid_proj_power.R,TRUE,proj_power_grid,link|stukel_light,pre-launch addition after review (not in E3),old:20260720,20960720,"10,20",alternative
4,proj_link_plateau_lower_n1000,link,,plateau_lower,1000,"",500,,20260720,8,dgp_alt,link,stukel_light,,,,,,,,,,,full,FALSE,y ~ x + d,Sec 6.3 projection head-to-head (paired with stored p_proj),4,proj_null_link_n1000,grid_proj_power.R,TRUE,proj_power_grid,link|stukel_light,pre-launch addition after review (not in E3),old:20260720,21060720,"10,40",alternative
4,proj_link_plateau_both_n500,link,,plateau_both,500,"",500,,20260720,9,dgp_alt,link,stukel_asym,,,,,,,,,,,full,FALSE,y ~ x + d,Sec 6.3 projection head-to-head (paired with stored p_proj),4,proj_null_link_n500,grid_proj_power.R,TRUE,proj_power_grid,link|stukel_asym,pre-launch addition after review (not in E3),old:20260720,21160720,"10,20",alternative
4,proj_link_plateau_both_n1000,link,,plateau_both,1000,"",500,,20260720,10,dgp_alt,link,stukel_asym,,,,,,,,,,,full,FALSE,y ~ x + d,Sec 6.3 projection head-to-head (paired with stored p_proj),4,proj_null_link_n1000,grid_proj_power.R,TRUE,proj_power_grid,link|stukel_asym,pre-launch addition after review (not in E3),old:20260720,21260720,"10,40",alternative
4,proj_quad_0.02_n500,quad,,,500,"",500,,20260720,11,dgp_alt,quad,0.02,,,,,,,,,,,full,FALSE,y ~ x,Sec 6.3 projection head-to-head (paired with stored p_proj),4,proj_null_quad_n500,grid_proj_power.R,TRUE,proj_power_grid,quad|0.02,pre-launch addition after review (not in E3),old:20260720,21360720,"10,20",alternative
4,proj_quad_0.02_n1000,quad,,,1000,"",500,,20260720,12,dgp_alt,quad,0.02,,,,,,,,,,,full,FALSE,y ~ x,Sec 6.3 projection head-to-head (paired with stored p_proj),4,proj_null_quad_n1000,grid_proj_power.R,TRUE,proj_power_grid,quad|0.02,pre-launch addition after review (not in E3),old:20260720,21460720,"10,40",alternative
4,proj_binint_0.3_n500,binint,,,500,"",500,,20260720,13,dgp_alt,binint,0.3,,,,,,,,,,,full,FALSE,y ~ x + d,Sec 6.3 projection head-to-head (paired with stored p_proj),1a,null_binint_n500,grid_proj_power.R,TRUE,proj_power_grid,binint|0.3,pre-launch addition after review (not in E3),old:20260720,21560720,"10,20",alternative
4,proj_binint_0.3_n1000,binint,,,1000,"",500,,20260720,14,dgp_alt,binint,0.3,,,,,,,,,,,full,FALSE,y ~ x + d,Sec 6.3 projection head-to-head (paired with stored p_proj),1a,null_binint_n1000,grid_proj_power.R,TRUE,proj_power_grid,binint|0.3,pre-launch addition after review (not in E3),old:20260720,21660720,"10,40",alternative
4,proj_contint_0.5_n500,contint,,,500,"",500,,20260720,15,dgp_alt,contint,0.5,,,,,,,,,,,full,FALSE,y ~ x + z,Sec 6.3 projection head-to-head (paired with stored p_proj),4,proj_null_contint_n500,grid_proj_power.R,TRUE,proj_power_grid,contint|0.5,pre-launch addition after review (not in E3),old:20260720,21760720,"10,20",alternative
4,proj_contint_0.5_n1000,contint,,,1000,"",500,,20260720,16,dgp_alt,contint,0.5,,,,,,,,,,,full,FALSE,y ~ x + z,Sec 6.3 projection head-to-head (paired with stored p_proj),4,proj_null_contint_n1000,grid_proj_power.R,TRUE,proj_power_grid,contint|0.5,pre-launch addition after review (not in E3),old:20260720,21860720,"10,40",alternative
4,omit_2cov_n500,omit_2cov,,,500,"",500,,20260720,17,omit_2cov,,,,,,,,,,,,,full,FALSE,y ~ x,Sec 6.3 projection head-to-head (paired with stored p_proj),1b,null_census_omit_2cov_n500,grid_proj_power.R,TRUE,proj_power_grid,omit_2cov|off-index,"",old:20260720,21960720,"10,20",alternative
4,omit_2cov_n1000,omit_2cov,,,1000,"",500,,20260720,18,omit_2cov,,,,,,,,,,,,,full,FALSE,y ~ x,Sec 6.3 projection head-to-head (paired with stored p_proj),1b,null_census_omit_2cov_n1000,grid_proj_power.R,TRUE,proj_power_grid,omit_2cov|off-index,"",old:20260720,22060720,"10,40",alternative
4,proj_null_quad_n500,null_quad,,,500,"",500,,20260720,19,dgp_null,quad,,,,,,,,,,,,full,FALSE,y ~ x,Sec 6.3 projection head-to-head (paired with stored p_proj),,,grid_proj_power.R,TRUE,proj_power_grid,null_quad|null,pre-launch addition after review (not in E3),old:20260720,22160720,"10,20",null
4,proj_null_quad_n1000,null_quad,,,1000,"",500,,20260720,20,dgp_null,quad,,,,,,,,,,,,full,FALSE,y ~ x,Sec 6.3 projection head-to-head (paired with stored p_proj),,,grid_proj_power.R,TRUE,proj_power_grid,null_quad|null,pre-launch addition after review (not in E3),old:20260720,22260720,"10,40",null
4,proj_null_link_n500,null_link,,,500,"",500,,20260720,21,dgp_null,link,,,,,,,,,,,,full,FALSE,y ~ x + d,Sec 6.3 projection head-to-head (paired with stored p_proj),,,grid_proj_power.R,TRUE,proj_power_grid,null_link|null,pre-launch addition after review (not in E3),old:20260720,22360720,"10,20",null
4,proj_null_link_n1000,null_link,,,1000,"",500,,20260720,22,dgp_null,link,,,,,,,,,,,,full,FALSE,y ~ x + d,Sec 6.3 projection head-to-head (paired with stored p_proj),,,grid_proj_power.R,TRUE,proj_power_grid,null_link|null,pre-launch addition after review (not in E3),old:20260720,22460720,"10,40",null
4,proj_null_contint_n500,null_contint,,,500,"",500,,20260720,23,dgp_null,contint,,,,,,,,,,,,full,FALSE,y ~ x + z,Sec 6.3 projection head-to-head (paired with stored p_proj),,,grid_proj_power.R,TRUE,proj_power_grid,null_contint|null,pre-launch addition after review (not in E3),old:20260720,22560720,"10,20",null
4,proj_null_contint_n1000,null_contint,,,1000,"",500,,20260720,24,dgp_null,contint,,,,,,,,,,,,full,FALSE,y ~ x + z,Sec 6.3 projection head-to-head (paired with stored p_proj),,,grid_proj_power.R,TRUE,proj_power_grid,null_contint|null,pre-launch addition after review (not in E3),old:20260720,22660720,"10,40",null
4,probit_skew_n9400,probit,skew,probit,9400,"",2000,,,201,design,,,1,0,skewed,,,,,,,,full,FALSE,y ~ x + d,H5 grouping cost under a skewed covariate,1b,null_skew_n9400,"",FALSE,,,"",new,142010000,"10,376",alternative
4,probit_skew_n16000,probit,skew,probit,16000,"",2000,,,202,design,,,1,0,skewed,,,,,,,,full,FALSE,y ~ x + d,H5 grouping cost under a skewed covariate,1b,null_skew_n16000,"",FALSE,,,"",new,142020000,"10,640",alternative
4,cauchit_skew_n2400,cauchit,skew,cauchit,2400,"",2000,,,203,design,,,1,0,skewed,,,,,,,,full,FALSE,y ~ x + d,H5 grouping cost under a skewed covariate,1b,null_skew_n2400,"",FALSE,,,"",new,142030000,"10,96",alternative
4,cauchit_skew_n4000,cauchit,skew,cauchit,4000,"",2000,,,204,design,,,1,0,skewed,,,,,,,,full,FALSE,y ~ x + d,H5 grouping cost under a skewed covariate,1b,null_skew_n4000,"",FALSE,,,"",new,142040000,"10,160",alternative
4,sparse49_cloglog_n200,sparse cloglog,,cloglog,200,"",2000,,,205,sparse,,,,,,-4.9,1,,,,,,full,FALSE,y ~ x,"events < groups: sparse cloglog, reported unconditionally and split by events < G",1b,sparse49_n200,"",FALSE,,,"",new,142050000,10,alternative
4,sparse49_cloglog_n300,sparse cloglog,,cloglog,300,"",2000,,,206,sparse,,,,,,-4.9,1,,,,,,full,FALSE,y ~ x,"events < groups: sparse cloglog, reported unconditionally and split by events < G",1b,sparse49_n300,"",FALSE,,,"",new,142060000,"10,12",alternative
4,sparse49_cloglog_n500,sparse cloglog,,cloglog,500,"",2000,,,207,sparse,,,,,,-4.9,1,,,,,,full,FALSE,y ~ x,"events < groups: sparse cloglog, reported unconditionally and split by events < G",1b,sparse49_n500,"",FALSE,,,"",new,142070000,"10,20",alternative
5,runA_null_p3,runA null,,,1000,20,2000,,,1,pstar,,,,,,,,null,3,,,,full,FALSE,y ~ x1 + d + 0 noise,"tab:pstar, tab:giviti (run A; G = 10 and 20 in one replicate)",,,"",FALSE,,,"",new,150010000,"10,40,20",null
5,runA_cloglog_p3,runA cloglog,,,1000,20,2000,,,2,pstar,,,,,,,,cloglog,3,,,,full,FALSE,y ~ x1 + d + 0 noise,"tab:pstar, tab:giviti (run A; G = 10 and 20 in one replicate)",5,runA_null_p3,"",FALSE,,,"",new,150020000,"10,40,20",alternative
5,runA_quad_p3,runA quad,,,1000,20,2000,,,3,pstar,,,,,,,,quad,3,,,,full,FALSE,y ~ x1 + d + 0 noise,"tab:pstar, tab:giviti (run A; G = 10 and 20 in one replicate)",5,runA_null_p3,"",FALSE,,,"",new,150030000,"10,40,20",alternative
5,runA_binint_p3,runA binint,,,1000,20,2000,,,4,pstar,,,,,,,,binint,3,,,,full,FALSE,y ~ x1 + d + 0 noise,"tab:pstar, tab:giviti (run A; G = 10 and 20 in one replicate)",5,runA_null_p3,"",FALSE,,,"",new,150040000,"10,40,20",alternative
5,runA_null_p5,runA null,,,1000,20,2000,,,5,pstar,,,,,,,,null,5,,,,full,FALSE,y ~ x1 + d + 2 noise,"tab:pstar, tab:giviti (run A; G = 10 and 20 in one replicate)",,,"",FALSE,,,"",new,150050000,"10,40,20",null
5,runA_cloglog_p5,runA cloglog,,,1000,20,2000,,,6,pstar,,,,,,,,cloglog,5,,,,full,FALSE,y ~ x1 + d + 2 noise,"tab:pstar, tab:giviti (run A; G = 10 and 20 in one replicate)",5,runA_null_p5,"",FALSE,,,"",new,150060000,"10,40,20",alternative
5,runA_quad_p5,runA quad,,,1000,20,2000,,,7,pstar,,,,,,,,quad,5,,,,full,FALSE,y ~ x1 + d + 2 noise,"tab:pstar, tab:giviti (run A; G = 10 and 20 in one replicate)",5,runA_null_p5,"",FALSE,,,"",new,150070000,"10,40,20",alternative
5,runA_binint_p5,runA binint,,,1000,20,2000,,,8,pstar,,,,,,,,binint,5,,,,full,FALSE,y ~ x1 + d + 2 noise,"tab:pstar, tab:giviti (run A; G = 10 and 20 in one replicate)",5,runA_null_p5,"",FALSE,,,"",new,150080000,"10,40,20",alternative
5,runA_null_p10,runA null,,,1000,20,2000,,,9,pstar,,,,,,,,null,10,,,,full,FALSE,y ~ x1 + d + 7 noise,"tab:pstar, tab:giviti (run A; G = 10 and 20 in one replicate)",,,"",FALSE,,,"",new,150090000,"10,40,20",null
5,runA_cloglog_p10,runA cloglog,,,1000,20,2000,,,10,pstar,,,,,,,,cloglog,10,,,,full,FALSE,y ~ x1 + d + 7 noise,"tab:pstar, tab:giviti (run A; G = 10 and 20 in one replicate)",5,runA_null_p10,"",FALSE,,,"",new,150100000,"10,40,20",alternative
5,runA_quad_p10,runA quad,,,1000,20,2000,,,11,pstar,,,,,,,,quad,10,,,,full,FALSE,y ~ x1 + d + 7 noise,"tab:pstar, tab:giviti (run A; G = 10 and 20 in one replicate)",5,runA_null_p10,"",FALSE,,,"",new,150110000,"10,40,20",alternative
5,runA_binint_p10,runA binint,,,1000,20,2000,,,12,pstar,,,,,,,,binint,10,,,,full,FALSE,y ~ x1 + d + 7 noise,"tab:pstar, tab:giviti (run A; G = 10 and 20 in one replicate)",5,runA_null_p10,"",FALSE,,,"",new,150120000,"10,40,20",alternative
5,runA_null_p20,runA null,,,1000,20,2000,,,13,pstar,,,,,,,,null,20,,,,full,FALSE,y ~ x1 + d + 17 noise,"tab:pstar, tab:giviti (run A; G = 10 and 20 in one replicate)",,,"",FALSE,,,"",new,150130000,"10,40,20",null
5,runA_cloglog_p20,runA cloglog,,,1000,20,2000,,,14,pstar,,,,,,,,cloglog,20,,,,full,FALSE,y ~ x1 + d + 17 noise,"tab:pstar, tab:giviti (run A; G = 10 and 20 in one replicate)",5,runA_null_p20,"",FALSE,,,"",new,150140000,"10,40,20",alternative
5,runA_quad_p20,runA quad,,,1000,20,2000,,,15,pstar,,,,,,,,quad,20,,,,full,FALSE,y ~ x1 + d + 17 noise,"tab:pstar, tab:giviti (run A; G = 10 and 20 in one replicate)",5,runA_null_p20,"",FALSE,,,"",new,150150000,"10,40,20",alternative
5,runA_binint_p20,runA binint,,,1000,20,2000,,,16,pstar,,,,,,,,binint,20,,,,full,FALSE,y ~ x1 + d + 17 noise,"tab:pstar, tab:giviti (run A; G = 10 and 20 in one replicate)",5,runA_null_p20,"",FALSE,,,"",new,150160000,"10,40,20",alternative
5,runF_null_n500_G33,runF null,base,logit,500,33,2000,,,17,design,,,1,0,uniform,,,,,,,,full,FALSE,y ~ x + d,"tab:grule, Fig 9 (run F, m = 15)",,,"",FALSE,,,"",new,150170000,"10,20,33",null
5,runF_null_n500_G20,runF null,base,logit,500,20,2000,,,18,design,,,1,0,uniform,,,,,,,,full,FALSE,y ~ x + d,"tab:grule, Fig 9 (run F, m = 25)",,,"",FALSE,,,"",new,150180000,"10,20",null
5,runF_null_n500_G10,runF null,base,logit,500,"",2000,,,19,design,,,1,0,uniform,,,,,,,,full,FALSE,y ~ x + d,"tab:grule, Fig 9 (run F, m = 50)",,,"",FALSE,,,"",new,150190000,"10,20",null
5,runF_null_n500_G5,runF null,base,logit,500,5,2000,,,20,design,,,1,0,uniform,,,,,,,,full,FALSE,y ~ x + d,"tab:grule, Fig 9 (run F, m = 100)",,,"",FALSE,,,"",new,150200000,"10,20,5",null
5,runF_null_n500_G4,runF null,base,logit,500,4,2000,,,21,design,,,1,0,uniform,,,,,,,,full,FALSE,y ~ x + d,"tab:grule, Fig 9 (run F, m = 200)",,,"",FALSE,,,"",new,150210000,"10,20,4",null
5,runF_null_n1000_G67,runF null,base,logit,1000,67,2000,,,22,design,,,1,0,uniform,,,,,,,,full,FALSE,y ~ x + d,"tab:grule, Fig 9 (run F, m = 15)",,,"",FALSE,,,"",new,150220000,"10,40,67",null
5,runF_null_n1000_G40,runF null,base,logit,1000,40,2000,,,23,design,,,1,0,uniform,,,,,,,,full,FALSE,y ~ x + d,"tab:grule, Fig 9 (run F, m = 25)",,,"",FALSE,,,"",new,150230000,"10,40",null
5,runF_null_n1000_G20,runF null,base,logit,1000,20,2000,,,24,design,,,1,0,uniform,,,,,,,,full,FALSE,y ~ x + d,"tab:grule, Fig 9 (run F, m = 50)",,,"",FALSE,,,"",new,150240000,"10,40,20",null
5,runF_null_n1000_G10,runF null,base,logit,1000,"",2000,,,25,design,,,1,0,uniform,,,,,,,,full,FALSE,y ~ x + d,"tab:grule, Fig 9 (run F, m = 100)",,,"",FALSE,,,"",new,150250000,"10,40",null
5,runF_null_n1000_G5,runF null,base,logit,1000,5,2000,,,26,design,,,1,0,uniform,,,,,,,,full,FALSE,y ~ x + d,"tab:grule, Fig 9 (run F, m = 200)",,,"",FALSE,,,"",new,150260000,"10,40,5",null
5,runF_null_n2000_G133,runF null,base,logit,2000,133,2000,,,27,design,,,1,0,uniform,,,,,,,,full,FALSE,y ~ x + d,"tab:grule, Fig 9 (run F, m = 15)",,,"",FALSE,,,"",new,150270000,"10,80,133",null
5,runF_null_n2000_G80,runF null,base,logit,2000,80,2000,,,28,design,,,1,0,uniform,,,,,,,,full,FALSE,y ~ x + d,"tab:grule, Fig 9 (run F, m = 25)",,,"",FALSE,,,"",new,150280000,"10,80",null
5,runF_null_n2000_G40,runF null,base,logit,2000,40,2000,,,29,design,,,1,0,uniform,,,,,,,,full,FALSE,y ~ x + d,"tab:grule, Fig 9 (run F, m = 50)",,,"",FALSE,,,"",new,150290000,"10,80,40",null
5,runF_null_n2000_G20,runF null,base,logit,2000,20,2000,,,30,design,,,1,0,uniform,,,,,,,,full,FALSE,y ~ x + d,"tab:grule, Fig 9 (run F, m = 100)",,,"",FALSE,,,"",new,150300000,"10,80,20",null
5,runF_null_n2000_G10,runF null,base,logit,2000,"",2000,,,31,design,,,1,0,uniform,,,,,,,,full,FALSE,y ~ x + d,"tab:grule, Fig 9 (run F, m = 200)",,,"",FALSE,,,"",new,150310000,"10,80",null
5,runF_null_n5000_G333,runF null,base,logit,5000,333,2000,,,32,design,,,1,0,uniform,,,,,,,,full,FALSE,y ~ x + d,"tab:grule, Fig 9 (run F, m = 15)",,,"",FALSE,,,"",new,150320000,"10,200,333",null
5,runF_null_n5000_G200,runF null,base,logit,5000,200,2000,,,33,design,,,1,0,uniform,,,,,,,,full,FALSE,y ~ x + d,"tab:grule, Fig 9 (run F, m = 25)",,,"",FALSE,,,"",new,150330000,"10,200",null
5,runF_null_n5000_G100,runF null,base,logit,5000,100,2000,,,34,design,,,1,0,uniform,,,,,,,,full,FALSE,y ~ x + d,"tab:grule, Fig 9 (run F, m = 50)",,,"",FALSE,,,"",new,150340000,"10,200,100",null
5,runF_null_n5000_G50,runF null,base,logit,5000,50,2000,,,35,design,,,1,0,uniform,,,,,,,,full,FALSE,y ~ x + d,"tab:grule, Fig 9 (run F, m = 100)",,,"",FALSE,,,"",new,150350000,"10,200,50",null
5,runF_null_n5000_G25,runF null,base,logit,5000,25,2000,,,36,design,,,1,0,uniform,,,,,,,,full,FALSE,y ~ x + d,"tab:grule, Fig 9 (run F, m = 200)",,,"",FALSE,,,"",new,150360000,"10,200,25",null
5,runF_null_n20000_G400,runF null,base,logit,20000,400,800,,,37,design,,,1,0,uniform,,,,,,,,full,FALSE,y ~ x + d,"tab:grule, Fig 9 (run F, m = 15/25/50)",,,"",FALSE,,,"",new,150370000,"10,800,400",null
5,runF_null_n20000_G200,runF null,base,logit,20000,200,800,,,38,design,,,1,0,uniform,,,,,,,,full,FALSE,y ~ x + d,"tab:grule, Fig 9 (run F, m = 100)",,,"",FALSE,,,"",new,150380000,"10,800,200",null
5,runF_null_n20000_G100,runF null,base,logit,20000,100,800,,,39,design,,,1,0,uniform,,,,,,,,full,FALSE,y ~ x + d,"tab:grule, Fig 9 (run F, m = 200)",,,"",FALSE,,,"",new,150390000,"10,800,100",null
5,runF_cloglog_n500_G33,runF cloglog,base,cloglog,500,33,2000,,,40,design,,,1,0,uniform,,,,,,,,full,FALSE,y ~ x + d,"tab:grule, Fig 9 (run F, m = 15)",5,runF_null_n500_G33,"",FALSE,,,"",new,150400000,"10,20,33",alternative
5,runF_cloglog_n500_G20,runF cloglog,base,cloglog,500,20,2000,,,41,design,,,1,0,uniform,,,,,,,,full,FALSE,y ~ x + d,"tab:grule, Fig 9 (run F, m = 25)",5,runF_null_n500_G20,"",FALSE,,,"",new,150410000,"10,20",alternative
5,runF_cloglog_n500_G10,runF cloglog,base,cloglog,500,"",2000,,,42,design,,,1,0,uniform,,,,,,,,full,FALSE,y ~ x + d,"tab:grule, Fig 9 (run F, m = 50)",5,runF_null_n500_G10,"",FALSE,,,"",new,150420000,"10,20",alternative
5,runF_cloglog_n500_G5,runF cloglog,base,cloglog,500,5,2000,,,43,design,,,1,0,uniform,,,,,,,,full,FALSE,y ~ x + d,"tab:grule, Fig 9 (run F, m = 100)",5,runF_null_n500_G5,"",FALSE,,,"",new,150430000,"10,20,5",alternative
5,runF_cloglog_n500_G4,runF cloglog,base,cloglog,500,4,2000,,,44,design,,,1,0,uniform,,,,,,,,full,FALSE,y ~ x + d,"tab:grule, Fig 9 (run F, m = 200)",5,runF_null_n500_G4,"",FALSE,,,"",new,150440000,"10,20,4",alternative
5,runF_cloglog_n1000_G67,runF cloglog,base,cloglog,1000,67,2000,,,45,design,,,1,0,uniform,,,,,,,,full,FALSE,y ~ x + d,"tab:grule, Fig 9 (run F, m = 15)",5,runF_null_n1000_G67,"",FALSE,,,"",new,150450000,"10,40,67",alternative
5,runF_cloglog_n1000_G40,runF cloglog,base,cloglog,1000,40,2000,,,46,design,,,1,0,uniform,,,,,,,,full,FALSE,y ~ x + d,"tab:grule, Fig 9 (run F, m = 25)",5,runF_null_n1000_G40,"",FALSE,,,"",new,150460000,"10,40",alternative
5,runF_cloglog_n1000_G20,runF cloglog,base,cloglog,1000,20,2000,,,47,design,,,1,0,uniform,,,,,,,,full,FALSE,y ~ x + d,"tab:grule, Fig 9 (run F, m = 50)",5,runF_null_n1000_G20,"",FALSE,,,"",new,150470000,"10,40,20",alternative
5,runF_cloglog_n1000_G10,runF cloglog,base,cloglog,1000,"",2000,,,48,design,,,1,0,uniform,,,,,,,,full,FALSE,y ~ x + d,"tab:grule, Fig 9 (run F, m = 100)",5,runF_null_n1000_G10,"",FALSE,,,"",new,150480000,"10,40",alternative
5,runF_cloglog_n1000_G5,runF cloglog,base,cloglog,1000,5,2000,,,49,design,,,1,0,uniform,,,,,,,,full,FALSE,y ~ x + d,"tab:grule, Fig 9 (run F, m = 200)",5,runF_null_n1000_G5,"",FALSE,,,"",new,150490000,"10,40,5",alternative
5,runF_cloglog_n2000_G133,runF cloglog,base,cloglog,2000,133,2000,,,50,design,,,1,0,uniform,,,,,,,,full,FALSE,y ~ x + d,"tab:grule, Fig 9 (run F, m = 15)",5,runF_null_n2000_G133,"",FALSE,,,"",new,150500000,"10,80,133",alternative
5,runF_cloglog_n2000_G80,runF cloglog,base,cloglog,2000,80,2000,,,51,design,,,1,0,uniform,,,,,,,,full,FALSE,y ~ x + d,"tab:grule, Fig 9 (run F, m = 25)",5,runF_null_n2000_G80,"",FALSE,,,"",new,150510000,"10,80",alternative
5,runF_cloglog_n2000_G40,runF cloglog,base,cloglog,2000,40,2000,,,52,design,,,1,0,uniform,,,,,,,,full,FALSE,y ~ x + d,"tab:grule, Fig 9 (run F, m = 50)",5,runF_null_n2000_G40,"",FALSE,,,"",new,150520000,"10,80,40",alternative
5,runF_cloglog_n2000_G20,runF cloglog,base,cloglog,2000,20,2000,,,53,design,,,1,0,uniform,,,,,,,,full,FALSE,y ~ x + d,"tab:grule, Fig 9 (run F, m = 100)",5,runF_null_n2000_G20,"",FALSE,,,"",new,150530000,"10,80,20",alternative
5,runF_cloglog_n2000_G10,runF cloglog,base,cloglog,2000,"",2000,,,54,design,,,1,0,uniform,,,,,,,,full,FALSE,y ~ x + d,"tab:grule, Fig 9 (run F, m = 200)",5,runF_null_n2000_G10,"",FALSE,,,"",new,150540000,"10,80",alternative
5,runF_cloglog_n5000_G333,runF cloglog,base,cloglog,5000,333,2000,,,55,design,,,1,0,uniform,,,,,,,,full,FALSE,y ~ x + d,"tab:grule, Fig 9 (run F, m = 15)",5,runF_null_n5000_G333,"",FALSE,,,"",new,150550000,"10,200,333",alternative
5,runF_cloglog_n5000_G200,runF cloglog,base,cloglog,5000,200,2000,,,56,design,,,1,0,uniform,,,,,,,,full,FALSE,y ~ x + d,"tab:grule, Fig 9 (run F, m = 25)",5,runF_null_n5000_G200,"",FALSE,,,"",new,150560000,"10,200",alternative
5,runF_cloglog_n5000_G100,runF cloglog,base,cloglog,5000,100,2000,,,57,design,,,1,0,uniform,,,,,,,,full,FALSE,y ~ x + d,"tab:grule, Fig 9 (run F, m = 50)",5,runF_null_n5000_G100,"",FALSE,,,"",new,150570000,"10,200,100",alternative
5,runF_cloglog_n5000_G50,runF cloglog,base,cloglog,5000,50,2000,,,58,design,,,1,0,uniform,,,,,,,,full,FALSE,y ~ x + d,"tab:grule, Fig 9 (run F, m = 100)",5,runF_null_n5000_G50,"",FALSE,,,"",new,150580000,"10,200,50",alternative
5,runF_cloglog_n5000_G25,runF cloglog,base,cloglog,5000,25,2000,,,59,design,,,1,0,uniform,,,,,,,,full,FALSE,y ~ x + d,"tab:grule, Fig 9 (run F, m = 200)",5,runF_null_n5000_G25,"",FALSE,,,"",new,150590000,"10,200,25",alternative
5,runF_cloglog_n20000_G400,runF cloglog,base,cloglog,20000,400,800,,,60,design,,,1,0,uniform,,,,,,,,full,FALSE,y ~ x + d,"tab:grule, Fig 9 (run F, m = 15/25/50)",5,runF_null_n20000_G400,"",FALSE,,,"",new,150600000,"10,800,400",alternative
5,runF_cloglog_n20000_G200,runF cloglog,base,cloglog,20000,200,800,,,61,design,,,1,0,uniform,,,,,,,,full,FALSE,y ~ x + d,"tab:grule, Fig 9 (run F, m = 100)",5,runF_null_n20000_G200,"",FALSE,,,"",new,150610000,"10,800,200",alternative
5,runF_cloglog_n20000_G100,runF cloglog,base,cloglog,20000,100,800,,,62,design,,,1,0,uniform,,,,,,,,full,FALSE,y ~ x + d,"tab:grule, Fig 9 (run F, m = 200)",5,runF_null_n20000_G100,"",FALSE,,,"",new,150620000,"10,800,100",alternative
5,runF_probit_n500_G33,runF probit,base,probit,500,33,2000,,,63,design,,,1,0,uniform,,,,,,,,full,FALSE,y ~ x + d,"tab:grule, Fig 9 (run F, m = 15)",5,runF_null_n500_G33,"",FALSE,,,"",new,150630000,"10,20,33",alternative
5,runF_probit_n500_G20,runF probit,base,probit,500,20,2000,,,64,design,,,1,0,uniform,,,,,,,,full,FALSE,y ~ x + d,"tab:grule, Fig 9 (run F, m = 25)",5,runF_null_n500_G20,"",FALSE,,,"",new,150640000,"10,20",alternative
5,runF_probit_n500_G10,runF probit,base,probit,500,"",2000,,,65,design,,,1,0,uniform,,,,,,,,full,FALSE,y ~ x + d,"tab:grule, Fig 9 (run F, m = 50)",5,runF_null_n500_G10,"",FALSE,,,"",new,150650000,"10,20",alternative
5,runF_probit_n500_G5,runF probit,base,probit,500,5,2000,,,66,design,,,1,0,uniform,,,,,,,,full,FALSE,y ~ x + d,"tab:grule, Fig 9 (run F, m = 100)",5,runF_null_n500_G5,"",FALSE,,,"",new,150660000,"10,20,5",alternative
5,runF_probit_n500_G4,runF probit,base,probit,500,4,2000,,,67,design,,,1,0,uniform,,,,,,,,full,FALSE,y ~ x + d,"tab:grule, Fig 9 (run F, m = 200)",5,runF_null_n500_G4,"",FALSE,,,"",new,150670000,"10,20,4",alternative
5,runF_probit_n1000_G67,runF probit,base,probit,1000,67,2000,,,68,design,,,1,0,uniform,,,,,,,,full,FALSE,y ~ x + d,"tab:grule, Fig 9 (run F, m = 15)",5,runF_null_n1000_G67,"",FALSE,,,"",new,150680000,"10,40,67",alternative
5,runF_probit_n1000_G40,runF probit,base,probit,1000,40,2000,,,69,design,,,1,0,uniform,,,,,,,,full,FALSE,y ~ x + d,"tab:grule, Fig 9 (run F, m = 25)",5,runF_null_n1000_G40,"",FALSE,,,"",new,150690000,"10,40",alternative
5,runF_probit_n1000_G20,runF probit,base,probit,1000,20,2000,,,70,design,,,1,0,uniform,,,,,,,,full,FALSE,y ~ x + d,"tab:grule, Fig 9 (run F, m = 50)",5,runF_null_n1000_G20,"",FALSE,,,"",new,150700000,"10,40,20",alternative
5,runF_probit_n1000_G10,runF probit,base,probit,1000,"",2000,,,71,design,,,1,0,uniform,,,,,,,,full,FALSE,y ~ x + d,"tab:grule, Fig 9 (run F, m = 100)",5,runF_null_n1000_G10,"",FALSE,,,"",new,150710000,"10,40",alternative
5,runF_probit_n1000_G5,runF probit,base,probit,1000,5,2000,,,72,design,,,1,0,uniform,,,,,,,,full,FALSE,y ~ x + d,"tab:grule, Fig 9 (run F, m = 200)",5,runF_null_n1000_G5,"",FALSE,,,"",new,150720000,"10,40,5",alternative
5,runF_probit_n2000_G133,runF probit,base,probit,2000,133,2000,,,73,design,,,1,0,uniform,,,,,,,,full,FALSE,y ~ x + d,"tab:grule, Fig 9 (run F, m = 15)",5,runF_null_n2000_G133,"",FALSE,,,"",new,150730000,"10,80,133",alternative
5,runF_probit_n2000_G80,runF probit,base,probit,2000,80,2000,,,74,design,,,1,0,uniform,,,,,,,,full,FALSE,y ~ x + d,"tab:grule, Fig 9 (run F, m = 25)",5,runF_null_n2000_G80,"",FALSE,,,"",new,150740000,"10,80",alternative
5,runF_probit_n2000_G40,runF probit,base,probit,2000,40,2000,,,75,design,,,1,0,uniform,,,,,,,,full,FALSE,y ~ x + d,"tab:grule, Fig 9 (run F, m = 50)",5,runF_null_n2000_G40,"",FALSE,,,"",new,150750000,"10,80,40",alternative
5,runF_probit_n2000_G20,runF probit,base,probit,2000,20,2000,,,76,design,,,1,0,uniform,,,,,,,,full,FALSE,y ~ x + d,"tab:grule, Fig 9 (run F, m = 100)",5,runF_null_n2000_G20,"",FALSE,,,"",new,150760000,"10,80,20",alternative
5,runF_probit_n2000_G10,runF probit,base,probit,2000,"",2000,,,77,design,,,1,0,uniform,,,,,,,,full,FALSE,y ~ x + d,"tab:grule, Fig 9 (run F, m = 200)",5,runF_null_n2000_G10,"",FALSE,,,"",new,150770000,"10,80",alternative
5,runF_probit_n5000_G333,runF probit,base,probit,5000,333,2000,,,78,design,,,1,0,uniform,,,,,,,,full,FALSE,y ~ x + d,"tab:grule, Fig 9 (run F, m = 15)",5,runF_null_n5000_G333,"",FALSE,,,"",new,150780000,"10,200,333",alternative
5,runF_probit_n5000_G200,runF probit,base,probit,5000,200,2000,,,79,design,,,1,0,uniform,,,,,,,,full,FALSE,y ~ x + d,"tab:grule, Fig 9 (run F, m = 25)",5,runF_null_n5000_G200,"",FALSE,,,"",new,150790000,"10,200",alternative
5,runF_probit_n5000_G100,runF probit,base,probit,5000,100,2000,,,80,design,,,1,0,uniform,,,,,,,,full,FALSE,y ~ x + d,"tab:grule, Fig 9 (run F, m = 50)",5,runF_null_n5000_G100,"",FALSE,,,"",new,150800000,"10,200,100",alternative
5,runF_probit_n5000_G50,runF probit,base,probit,5000,50,2000,,,81,design,,,1,0,uniform,,,,,,,,full,FALSE,y ~ x + d,"tab:grule, Fig 9 (run F, m = 100)",5,runF_null_n5000_G50,"",FALSE,,,"",new,150810000,"10,200,50",alternative
5,runF_probit_n5000_G25,runF probit,base,probit,5000,25,2000,,,82,design,,,1,0,uniform,,,,,,,,full,FALSE,y ~ x + d,"tab:grule, Fig 9 (run F, m = 200)",5,runF_null_n5000_G25,"",FALSE,,,"",new,150820000,"10,200,25",alternative
5,runF_probit_n20000_G400,runF probit,base,probit,20000,400,800,,,83,design,,,1,0,uniform,,,,,,,,full,FALSE,y ~ x + d,"tab:grule, Fig 9 (run F, m = 15/25/50)",5,runF_null_n20000_G400,"",FALSE,,,"",new,150830000,"10,800,400",alternative
5,runF_probit_n20000_G200,runF probit,base,probit,20000,200,800,,,84,design,,,1,0,uniform,,,,,,,,full,FALSE,y ~ x + d,"tab:grule, Fig 9 (run F, m = 100)",5,runF_null_n20000_G200,"",FALSE,,,"",new,150840000,"10,800,200",alternative
5,runF_probit_n20000_G100,runF probit,base,probit,20000,100,800,,,85,design,,,1,0,uniform,,,,,,,,full,FALSE,y ~ x + d,"tab:grule, Fig 9 (run F, m = 200)",5,runF_null_n20000_G100,"",FALSE,,,"",new,150850000,"10,800,100",alternative
5,runG_null_n500,runG null,,,500,"",2000,,,86,runG,,,,,,,,null,,,,,full,FALSE,y ~ x + d,Sec 6.9 hold-out text (run G; both G arms in one replicate),,,"",FALSE,,,"",new,150860000,"10,20",null
5,runG_null_n2000,runG null,,,2000,"",2000,,,87,runG,,,,,,,,null,,,,,full,FALSE,y ~ x + d,Sec 6.9 hold-out text (run G; both G arms in one replicate),,,"",FALSE,,,"",new,150870000,"10,80",null
5,runG_null_n10000,runG null,,,10000,"",1000,,,88,runG,,,,,,,,null,,,,,full,FALSE,y ~ x + d,Sec 6.9 hold-out text (run G; both G arms in one replicate),,,"",FALSE,,,"",new,150880000,"10,400",null
5,runG_quad_n500,runG quad,,,500,"",2000,,,89,runG,,,,,,,,quad,,,,,full,FALSE,y ~ x + d,Sec 6.9 hold-out text (run G; both G arms in one replicate),5,runG_null_n500,"",FALSE,,,"",new,150890000,"10,20",alternative
5,runG_quad_n2000,runG quad,,,2000,"",2000,,,90,runG,,,,,,,,quad,,,,,full,FALSE,y ~ x + d,Sec 6.9 hold-out text (run G; both G arms in one replicate),5,runG_null_n2000,"",FALSE,,,"",new,150900000,"10,80",alternative
5,runG_quad_n10000,runG quad,,,10000,"",1000,,,91,runG,,,,,,,,quad,,,,,full,FALSE,y ~ x + d,Sec 6.9 hold-out text (run G; both G arms in one replicate),5,runG_null_n10000,"",FALSE,,,"",new,150910000,"10,400",alternative
5,runG_binint_n500,runG binint,,,500,"",2000,,,92,runG,,,,,,,,binint,,,,,full,FALSE,y ~ x + d,Sec 6.9 hold-out text (run G; both G arms in one replicate),5,runG_null_n500,"",FALSE,,,"",new,150920000,"10,20",alternative
5,runG_binint_n2000,runG binint,,,2000,"",2000,,,93,runG,,,,,,,,binint,,,,,full,FALSE,y ~ x + d,Sec 6.9 hold-out text (run G; both G arms in one replicate),5,runG_null_n2000,"",FALSE,,,"",new,150930000,"10,80",alternative
5,runG_binint_n10000,runG binint,,,10000,"",1000,,,94,runG,,,,,,,,binint,,,,,full,FALSE,y ~ x + d,Sec 6.9 hold-out text (run G; both G arms in one replicate),5,runG_null_n10000,"",FALSE,,,"",new,150940000,"10,400",alternative
5,runG_osc4_n500,runG osc4,,,500,"",2000,,,95,runG,,,,,,,,osc4,,,,,full,FALSE,y ~ x,Sec 6.9 hold-out text (run G; both G arms in one replicate),1a,null_rough_n500,"",FALSE,,,"",new,150950000,"10,20",alternative
5,runG_osc4_n2000,runG osc4,,,2000,"",2000,,,96,runG,,,,,,,,osc4,,,,,full,FALSE,y ~ x,Sec 6.9 hold-out text (run G; both G arms in one replicate),1a,null_rough_n2000,"",FALSE,,,"",new,150960000,"10,80",alternative
5,runG_osc4_n10000,runG osc4,,,10000,"",1000,,,97,runG,,,,,,,,osc4,,,,,full,FALSE,y ~ x,Sec 6.9 hold-out text (run G; both G arms in one replicate),1b,null_rough_n10000,"",FALSE,,,"",new,150970000,"10,400",alternative
5,runG_null_sparse_n500,runG null_sparse,,logit,500,"",2000,,,98,sparse,,,,,,-4,0.9,,,,,,full,FALSE,y ~ x,Sec 6.9 hold-out text (run G; both G arms in one replicate),,,"",FALSE,,,"",new,150980000,"10,20",null
5,runG_null_sparse_n2000,runG null_sparse,,logit,2000,"",2000,,,99,sparse,,,,,,-4,0.9,,,,,,full,FALSE,y ~ x,Sec 6.9 hold-out text (run G; both G arms in one replicate),,,"",FALSE,,,"",new,150990000,"10,80",null
5,runG_null_sparse_n10000,runG null_sparse,,logit,10000,"",1000,,,100,sparse,,,,,,-4,0.9,,,,,,full,FALSE,y ~ x,Sec 6.9 hold-out text (run G; both G arms in one replicate),,,"",FALSE,,,"",new,1.51e+08,"10,400",null
5,runG_cloglog_sparse_n500,runG cloglog_sparse,,cloglog,500,"",2000,,,101,sparse,,,,,,-4,0.9,,,,,,full,FALSE,y ~ x,Sec 6.9 hold-out text (run G; both G arms in one replicate),5,runG_null_sparse_n500,"",FALSE,,,"",new,151010000,"10,20",alternative
5,runG_cloglog_sparse_n2000,runG cloglog_sparse,,cloglog,2000,"",2000,,,102,sparse,,,,,,-4,0.9,,,,,,full,FALSE,y ~ x,Sec 6.9 hold-out text (run G; both G arms in one replicate),5,runG_null_sparse_n2000,"",FALSE,,,"",new,151020000,"10,80",alternative
5,runG_cloglog_sparse_n10000,runG cloglog_sparse,,cloglog,10000,"",1000,,,103,sparse,,,,,,-4,0.9,,,,,,full,FALSE,y ~ x,Sec 6.9 hold-out text (run G; both G arms in one replicate),5,runG_null_sparse_n10000,"",FALSE,,,"",new,151030000,"10,400",alternative
5,runK2_null_n500,runK2 null,,,500,"",2000,,,104,runK,,,,,,,,null,,,,,full,TRUE,y ~ x + d,"tab:ao, Sec 6.8 (run K2, plus EDGE-ao unit)",,,"",FALSE,,,"",new,151040000,"10,20",null
5,runK2_null_n1000,runK2 null,,,1000,"",2000,,,105,runK,,,,,,,,null,,,,,full,TRUE,y ~ x + d,"tab:ao, Sec 6.8 (run K2, plus EDGE-ao unit)",,,"",FALSE,,,"",new,151050000,"10,40",null
5,runK2_null_n2000,runK2 null,,,2000,"",2000,,,106,runK,,,,,,,,null,,,,,full,TRUE,y ~ x + d,"tab:ao, Sec 6.8 (run K2, plus EDGE-ao unit)",,,"",FALSE,,,"",new,151060000,"10,80",null
5,runK2_cloglog_n500,runK2 cloglog,,,500,"",2000,,,107,runK,,,,,,,,cloglog,,,,,full,TRUE,y ~ x + d,"tab:ao, Sec 6.8 (run K2, plus EDGE-ao unit)",5,runK2_null_n500,"",FALSE,,,"",new,151070000,"10,20",alternative
5,runK2_cloglog_n1000,runK2 cloglog,,,1000,"",2000,,,108,runK,,,,,,,,cloglog,,,,,full,TRUE,y ~ x + d,"tab:ao, Sec 6.8 (run K2, plus EDGE-ao unit)",5,runK2_null_n1000,"",FALSE,,,"",new,151080000,"10,40",alternative
5,runK2_cloglog_n2000,runK2 cloglog,,,2000,"",2000,,,109,runK,,,,,,,,cloglog,,,,,full,TRUE,y ~ x + d,"tab:ao, Sec 6.8 (run K2, plus EDGE-ao unit)",5,runK2_null_n2000,"",FALSE,,,"",new,151090000,"10,80",alternative
5,runK2_loglog_n500,runK2 loglog,,,500,"",2000,,,110,runK,,,,,,,,loglog,,,,,full,TRUE,y ~ x + d,"tab:ao, Sec 6.8 (run K2, plus EDGE-ao unit)",5,runK2_null_n500,"",FALSE,,,"",new,151100000,"10,20",alternative
5,runK2_loglog_n1000,runK2 loglog,,,1000,"",2000,,,111,runK,,,,,,,,loglog,,,,,full,TRUE,y ~ x + d,"tab:ao, Sec 6.8 (run K2, plus EDGE-ao unit)",5,runK2_null_n1000,"",FALSE,,,"",new,151110000,"10,40",alternative
5,runK2_loglog_n2000,runK2 loglog,,,2000,"",2000,,,112,runK,,,,,,,,loglog,,,,,full,TRUE,y ~ x + d,"tab:ao, Sec 6.8 (run K2, plus EDGE-ao unit)",5,runK2_null_n2000,"",FALSE,,,"",new,151120000,"10,80",alternative
5,runK2_probit_n1000,runK2 probit,,,1000,"",2000,,,113,runK,,,,,,,,probit,,,,,full,TRUE,y ~ x + d,"tab:ao, Sec 6.8 (run K2, plus EDGE-ao unit)",5,runK2_null_n1000,"",FALSE,,,"",new,151130000,"10,40",alternative
5,runK2_binint_n1000,runK2 binint,,,1000,"",2000,,,114,runK,,,,,,,,binint,,,,,full,TRUE,y ~ x + d,"tab:ao, Sec 6.8 (run K2, plus EDGE-ao unit)",5,runK2_null_n1000,"",FALSE,,,"",new,151140000,"10,40",alternative
5,runK2_osc4_n1000,runK2 osc4,,,1000,"",2000,,,115,runK,,,,,,,,osc4,,,,,full,TRUE,y ~ x,"tab:ao, Sec 6.8 (run K2, plus EDGE-ao unit)",1a,null_rough_n1000,"",FALSE,,,"",new,151150000,"10,40",alternative
5,runK2_null_n5000,runK2 null,,,5000,"",2000,,,116,runK,,,,,,,,null,,,,,full,TRUE,y ~ x + d,"tab:ao, Sec 6.8 (run K2, plus EDGE-ao unit)",,,"",FALSE,,,"",new,151160000,"10,200",null
5,runK2_probit_n5000,runK2 probit,,,5000,"",2000,,,117,runK,,,,,,,,probit,,,,,full,TRUE,y ~ x + d,"tab:ao, Sec 6.8 (run K2, plus EDGE-ao unit)",5,runK2_null_n5000,"",FALSE,,,"",new,151170000,"10,200",alternative
5,runH_null_n500,runH null,,,500,"",2000,,,118,external,,,,,,,,,,null,1,,external,FALSE,none (frozen predictions),tab:external null (run H),,,"",FALSE,,,"",new,151180000,20,null
5,runH_null_n1000,runH null,,,1000,"",2000,,,119,external,,,,,,,,,,null,1,,external,FALSE,none (frozen predictions),tab:external null (run H),,,"",FALSE,,,"",new,151190000,40,null
5,runH_null_n2000,runH null,,,2000,"",2000,,,120,external,,,,,,,,,,null,1,,external,FALSE,none (frozen predictions),tab:external null (run H),,,"",FALSE,,,"",new,151200000,80,null
5,runH_null_n5000,runH null,,,5000,"",2000,,,121,external,,,,,,,,,,null,1,,external,FALSE,none (frozen predictions),tab:external null (run H),,,"",FALSE,,,"",new,151210000,200,null
5,runH_temp_s0.85_n500,runH temp,,,500,"",2000,,,122,external,,,,,,,,,,temp,0.85,,external,FALSE,none (frozen predictions),"tab:external, Sec 6.10 (run H, plus EDGE-sym external)",5,runH_null_n500,"",FALSE,,,"",new,151220000,20,alternative
5,runH_asym_hi_s0.85_n500,runH asym_hi,,,500,"",2000,,,123,external,,,,,,,,,,asym_hi,0.85,,external,FALSE,none (frozen predictions),"tab:external, Sec 6.10 (run H, plus EDGE-sym external)",5,runH_null_n500,"",FALSE,,,"",new,151230000,20,alternative
5,runH_asym_lo_s0.85_n500,runH asym_lo,,,500,"",2000,,,124,external,,,,,,,,,,asym_lo,0.85,,external,FALSE,none (frozen predictions),"tab:external, Sec 6.10 (run H, plus EDGE-sym external)",5,runH_null_n500,"",FALSE,,,"",new,151240000,20,alternative
5,runH_probit_comp_s0.85_n500,runH probit_comp,,,500,"",2000,,,125,external,,,,,,,,,,probit_comp,0.85,,external,FALSE,none (frozen predictions),"tab:external, Sec 6.10 (run H, plus EDGE-sym external)",5,runH_null_n500,"",FALSE,,,"",new,151250000,20,alternative
5,runH_temp_s0.7_n500,runH temp,,,500,"",2000,,,126,external,,,,,,,,,,temp,0.7,,external,FALSE,none (frozen predictions),"tab:external, Sec 6.10 (run H, plus EDGE-sym external)",5,runH_null_n500,"",FALSE,,,"",new,151260000,20,alternative
5,runH_asym_hi_s0.7_n500,runH asym_hi,,,500,"",2000,,,127,external,,,,,,,,,,asym_hi,0.7,,external,FALSE,none (frozen predictions),"tab:external, Sec 6.10 (run H, plus EDGE-sym external)",5,runH_null_n500,"",FALSE,,,"",new,151270000,20,alternative
5,runH_asym_lo_s0.7_n500,runH asym_lo,,,500,"",2000,,,128,external,,,,,,,,,,asym_lo,0.7,,external,FALSE,none (frozen predictions),"tab:external, Sec 6.10 (run H, plus EDGE-sym external)",5,runH_null_n500,"",FALSE,,,"",new,151280000,20,alternative
5,runH_probit_comp_s0.7_n500,runH probit_comp,,,500,"",2000,,,129,external,,,,,,,,,,probit_comp,0.7,,external,FALSE,none (frozen predictions),"tab:external, Sec 6.10 (run H, plus EDGE-sym external)",5,runH_null_n500,"",FALSE,,,"",new,151290000,20,alternative
5,runH_temp_s0.85_n1000,runH temp,,,1000,"",2000,,,130,external,,,,,,,,,,temp,0.85,,external,FALSE,none (frozen predictions),"tab:external, Sec 6.10 (run H, plus EDGE-sym external)",5,runH_null_n1000,"",FALSE,,,"",new,151300000,40,alternative
5,runH_asym_hi_s0.85_n1000,runH asym_hi,,,1000,"",2000,,,131,external,,,,,,,,,,asym_hi,0.85,,external,FALSE,none (frozen predictions),"tab:external, Sec 6.10 (run H, plus EDGE-sym external)",5,runH_null_n1000,"",FALSE,,,"",new,151310000,40,alternative
5,runH_asym_lo_s0.85_n1000,runH asym_lo,,,1000,"",2000,,,132,external,,,,,,,,,,asym_lo,0.85,,external,FALSE,none (frozen predictions),"tab:external, Sec 6.10 (run H, plus EDGE-sym external)",5,runH_null_n1000,"",FALSE,,,"",new,151320000,40,alternative
5,runH_probit_comp_s0.85_n1000,runH probit_comp,,,1000,"",2000,,,133,external,,,,,,,,,,probit_comp,0.85,,external,FALSE,none (frozen predictions),"tab:external, Sec 6.10 (run H, plus EDGE-sym external)",5,runH_null_n1000,"",FALSE,,,"",new,151330000,40,alternative
5,runH_temp_s0.7_n1000,runH temp,,,1000,"",2000,,,134,external,,,,,,,,,,temp,0.7,,external,FALSE,none (frozen predictions),"tab:external, Sec 6.10 (run H, plus EDGE-sym external)",5,runH_null_n1000,"",FALSE,,,"",new,151340000,40,alternative
5,runH_asym_hi_s0.7_n1000,runH asym_hi,,,1000,"",2000,,,135,external,,,,,,,,,,asym_hi,0.7,,external,FALSE,none (frozen predictions),"tab:external, Sec 6.10 (run H, plus EDGE-sym external)",5,runH_null_n1000,"",FALSE,,,"",new,151350000,40,alternative
5,runH_asym_lo_s0.7_n1000,runH asym_lo,,,1000,"",2000,,,136,external,,,,,,,,,,asym_lo,0.7,,external,FALSE,none (frozen predictions),"tab:external, Sec 6.10 (run H, plus EDGE-sym external)",5,runH_null_n1000,"",FALSE,,,"",new,151360000,40,alternative
5,runH_probit_comp_s0.7_n1000,runH probit_comp,,,1000,"",2000,,,137,external,,,,,,,,,,probit_comp,0.7,,external,FALSE,none (frozen predictions),"tab:external, Sec 6.10 (run H, plus EDGE-sym external)",5,runH_null_n1000,"",FALSE,,,"",new,151370000,40,alternative
5,runH_temp_s0.85_n2000,runH temp,,,2000,"",2000,,,138,external,,,,,,,,,,temp,0.85,,external,FALSE,none (frozen predictions),"tab:external, Sec 6.10 (run H, plus EDGE-sym external)",5,runH_null_n2000,"",FALSE,,,"",new,151380000,80,alternative
5,runH_asym_hi_s0.85_n2000,runH asym_hi,,,2000,"",2000,,,139,external,,,,,,,,,,asym_hi,0.85,,external,FALSE,none (frozen predictions),"tab:external, Sec 6.10 (run H, plus EDGE-sym external)",5,runH_null_n2000,"",FALSE,,,"",new,151390000,80,alternative
5,runH_asym_lo_s0.85_n2000,runH asym_lo,,,2000,"",2000,,,140,external,,,,,,,,,,asym_lo,0.85,,external,FALSE,none (frozen predictions),"tab:external, Sec 6.10 (run H, plus EDGE-sym external)",5,runH_null_n2000,"",FALSE,,,"",new,151400000,80,alternative
5,runH_probit_comp_s0.85_n2000,runH probit_comp,,,2000,"",2000,,,141,external,,,,,,,,,,probit_comp,0.85,,external,FALSE,none (frozen predictions),"tab:external, Sec 6.10 (run H, plus EDGE-sym external)",5,runH_null_n2000,"",FALSE,,,"",new,151410000,80,alternative
5,runH_temp_s0.7_n2000,runH temp,,,2000,"",2000,,,142,external,,,,,,,,,,temp,0.7,,external,FALSE,none (frozen predictions),"tab:external, Sec 6.10 (run H, plus EDGE-sym external)",5,runH_null_n2000,"",FALSE,,,"",new,151420000,80,alternative
5,runH_asym_hi_s0.7_n2000,runH asym_hi,,,2000,"",2000,,,143,external,,,,,,,,,,asym_hi,0.7,,external,FALSE,none (frozen predictions),"tab:external, Sec 6.10 (run H, plus EDGE-sym external)",5,runH_null_n2000,"",FALSE,,,"",new,151430000,80,alternative
5,runH_asym_lo_s0.7_n2000,runH asym_lo,,,2000,"",2000,,,144,external,,,,,,,,,,asym_lo,0.7,,external,FALSE,none (frozen predictions),"tab:external, Sec 6.10 (run H, plus EDGE-sym external)",5,runH_null_n2000,"",FALSE,,,"",new,151440000,80,alternative
5,runH_probit_comp_s0.7_n2000,runH probit_comp,,,2000,"",2000,,,145,external,,,,,,,,,,probit_comp,0.7,,external,FALSE,none (frozen predictions),"tab:external, Sec 6.10 (run H, plus EDGE-sym external)",5,runH_null_n2000,"",FALSE,,,"",new,151450000,80,alternative
5,runH_temp_s0.85_n5000,runH temp,,,5000,"",2000,,,146,external,,,,,,,,,,temp,0.85,,external,FALSE,none (frozen predictions),"tab:external, Sec 6.10 (run H, plus EDGE-sym external)",5,runH_null_n5000,"",FALSE,,,"",new,151460000,200,alternative
5,runH_asym_hi_s0.85_n5000,runH asym_hi,,,5000,"",2000,,,147,external,,,,,,,,,,asym_hi,0.85,,external,FALSE,none (frozen predictions),"tab:external, Sec 6.10 (run H, plus EDGE-sym external)",5,runH_null_n5000,"",FALSE,,,"",new,151470000,200,alternative
5,runH_asym_lo_s0.85_n5000,runH asym_lo,,,5000,"",2000,,,148,external,,,,,,,,,,asym_lo,0.85,,external,FALSE,none (frozen predictions),"tab:external, Sec 6.10 (run H, plus EDGE-sym external)",5,runH_null_n5000,"",FALSE,,,"",new,151480000,200,alternative
5,runH_probit_comp_s0.85_n5000,runH probit_comp,,,5000,"",2000,,,149,external,,,,,,,,,,probit_comp,0.85,,external,FALSE,none (frozen predictions),"tab:external, Sec 6.10 (run H, plus EDGE-sym external)",5,runH_null_n5000,"",FALSE,,,"",new,151490000,200,alternative
5,runH_temp_s0.7_n5000,runH temp,,,5000,"",2000,,,150,external,,,,,,,,,,temp,0.7,,external,FALSE,none (frozen predictions),"tab:external, Sec 6.10 (run H, plus EDGE-sym external)",5,runH_null_n5000,"",FALSE,,,"",new,151500000,200,alternative
5,runH_asym_hi_s0.7_n5000,runH asym_hi,,,5000,"",2000,,,151,external,,,,,,,,,,asym_hi,0.7,,external,FALSE,none (frozen predictions),"tab:external, Sec 6.10 (run H, plus EDGE-sym external)",5,runH_null_n5000,"",FALSE,,,"",new,151510000,200,alternative
5,runH_asym_lo_s0.7_n5000,runH asym_lo,,,5000,"",2000,,,152,external,,,,,,,,,,asym_lo,0.7,,external,FALSE,none (frozen predictions),"tab:external, Sec 6.10 (run H, plus EDGE-sym external)",5,runH_null_n5000,"",FALSE,,,"",new,151520000,200,alternative
5,runH_probit_comp_s0.7_n5000,runH probit_comp,,,5000,"",2000,,,153,external,,,,,,,,,,probit_comp,0.7,,external,FALSE,none (frozen predictions),"tab:external, Sec 6.10 (run H, plus EDGE-sym external)",5,runH_null_n5000,"",FALSE,,,"",new,151530000,200,alternative
6,glow_null_n500,glow null,,,500,"",2000,,,1,glow,,,,,,,,null,,,,,full,FALSE,y ~ age + weight + priorfrac + momfrac,"tab:rdpower, Sec 7.6 (GLOW semi-synthetic)",,,"",FALSE,,,"",new,160010000,"10,20",null
6,glow_link_n500,glow link,,,500,"",2000,,,2,glow,,,,,,,,link,,,,,full,FALSE,y ~ age + weight + priorfrac + momfrac,"tab:rdpower, Sec 7.6 (GLOW semi-synthetic)",6,glow_null_n500,"",FALSE,,,"",new,160020000,"10,20",alternative
6,glow_nonlin_n500,glow nonlin,,,500,"",2000,,,3,glow,,,,,,,,nonlin,,,,,full,FALSE,y ~ age + weight + priorfrac + momfrac,"tab:rdpower, Sec 7.6 (GLOW semi-synthetic)",6,glow_null_n500,"",FALSE,,,"",new,160030000,"10,20",alternative
6,glow_int_n500,glow int,,,500,"",2000,,,4,glow,,,,,,,,int,,,,,full,FALSE,y ~ age + weight + priorfrac + momfrac,"tab:rdpower, Sec 7.6 (GLOW semi-synthetic)",6,glow_null_n500,"",FALSE,,,"",new,160040000,"10,20",alternative
6,real_beetle_logit,beetle_logit,,,,8,1001,1000,,,real,,,,,,,,,,,,beetle_logit,full,FALSE,y ~ dose,"tab:concord (beetle, logit fit)",,,"",FALSE,,,"one-off fit; stored row order plus random row orders, seed 20260914 + k (E8.5)",none,,"10,rule,8",real data
6,real_beetle_cloglog,beetle_cloglog,,,,8,1001,1000,,,real,,,,,,,,,,,,beetle_cloglog,full,FALSE,"y ~ dose, cloglog link","tab:concord (beetle, cloglog refit; link-agnostic tests only)",,,"",FALSE,,,"one-off fit; pre-launch addition after review (not in E3); stored row order plus random row orders, seed 20260914 + k (E8.5)",none,,"10,rule,8",real data
6,real_lbw_additive,lbw_additive,,,,"",1001,1000,,,real,,,,,,,,,,,,lbw_additive,full,FALSE,y ~ age + lwt + race + smoke,tab:concord (LBW),,,"",FALSE,,,"one-off fit; stored row order plus random row orders, seed 20260914 + k (E8.5)",none,,"10,rule",real data
6,real_lbw_fix,lbw_fix,,,,"",1001,1000,,,real,,,,,,,,,,,,lbw_fix,full,FALSE,y ~ age + lwt + race + smoke + age:lwt + smoke:lwt,"tab:concord (LBW, with interactions)",,,"",FALSE,,,"one-off fit; stored row order plus random row orders, seed 20260914 + k (E8.5)",none,,"10,rule",real data
6,real_vaso_linear,vaso_linear,,,,6,1001,1000,,,real,,,,,,,,,,,,vaso_linear,full,FALSE,y ~ vol + rate,tab:concord (vaso),,,"",FALSE,,,"one-off fit; stored row order plus random row orders, seed 20260914 + k (E8.5)",none,,"10,rule,6",real data
6,real_vaso_log,vaso_log,,,,6,1001,1000,,,real,,,,,,,,,,,,vaso_log,full,FALSE,y ~ log(vol) + log(rate),"tab:concord (vaso, log fit)",,,"",FALSE,,,"one-off fit; stored row order plus random row orders, seed 20260914 + k (E8.5)",none,,"10,rule,6",real data
6,real_uis_model19,uis_model19,,,,"",1001,1000,,,real,,,,,,,,,,,,uis_model19,full,FALSE,Hosmer model 19,Sec 7.4 UIS text,,,"",FALSE,,,"one-off fit; stored row order plus random row orders, seed 20260914 + k (E8.5)",none,,"10,rule",real data
6,real_diabetes_dev,diabetes_dev,,,,"50,200,1000,2000",101,100,,,real,,,,,,,,,,,,diabetes_dev,full,FALSE,13 main effects,"tab:diabetes development half (G sweep), Fig 10",,,"",FALSE,,,"one-off fit; stored row order plus random row orders, seed 20260914 + k (E8.5)",none,,"10,rule,50,200,1000,2000",real data
6,real_diabetes_val,diabetes_val,,,,"10,50,200,1000,2000",101,100,,,real,,,,,,,,,,,,diabetes_val,external,FALSE,frozen development-half model,tab:diabetes validation half (G sweep),,,"",FALSE,,,"one-off, external mode; G sweep added before launch (review F8); stored row order plus random row orders, seed 20260914 + k (E8.5)",none,,"max(6, n/25),10,50,200,1000,2000",real data
7,runD_probit_n20000,runD probit,base,probit,20000,"",800,,,1,design,,,1,0,uniform,,,,,,,,full,FALSE,y ~ x + d,Sec 8 probit ladder (run D1),1b,null_base_n20000,"",FALSE,,,"",new,170010000,"10,800",alternative
7,runD_probit_n50000,runD probit,base,probit,50000,"",800,,,2,design,,,1,0,uniform,,,,,,,,full,FALSE,y ~ x + d,Sec 8 probit ladder (run D1),7,runD_null_n50000,"",FALSE,,,"",new,170020000,"10,2000",alternative
7,runD_null_n50000,runD null,base,logit,50000,"",800,,,3,design,,,1,0,uniform,,,,,,,,full,FALSE,y ~ x + d,matched null of the run D probit ladder,,,"",FALSE,,,"",new,170030000,"10,2000",null
7,runJ_null_n2000,runJ null,base,logit,2000,"20,50,100,200,400,1000",2000,,,4,design,,,1,0,uniform,,,,,,,,edgeonly,FALSE,y ~ x + d,"Sec 6.9 weights and tiny-m text (run J, EDGE only)",,,"",FALSE,,,"",new,170040000,"10,80,20,50,100,200,400,1000",null
7,runJ_cloglog_n2000,runJ cloglog,base,cloglog,2000,"20,50,100,200,400,1000",2000,,,5,design,,,1,0,uniform,,,,,,,,edgeonly,FALSE,y ~ x + d,"Sec 6.9 weights and tiny-m text (run J, EDGE only)",7,runJ_null_n2000,"",FALSE,,,"",new,170050000,"10,80,20,50,100,200,400,1000",alternative
