"cell","rep","","","smallest"
4,1,7.40614614874594e-08,3.77483646611265e-28,957
4,2,0.000425877483501926,1.95976130263337e-38,960
4,3,5.52695879147938e-08,5.42669861855644e-35,956
4,4,0.000110420824396061,8.07243390001941e-31,910
4,5,1.02023362240428e-05,5.2582533045428e-37,943
4,6,1.76436566768788e-07,4.43176647584871e-36,941
4,7,2.82579128302193e-07,7.3018363488352e-37,966
4,8,1.05538963515931e-07,8.13162554826072e-29,951
4,9,0.00015282125090422,2.70875292361711e-17,949
4,10,1.6056761290926e-07,2.40341526615831e-32,931
4,11,5.87721716661591e-06,4.56719500811222e-34,946
4,12,8.69203453718018e-07,4.63625194894372e-26,936
4,13,4.29107980668399e-06,4.01864636992109e-32,960
4,14,1.16617299006332e-09,1.99619335655069e-34,953
4,15,8.89413305394555e-06,1.08687371532121e-31,918
4,16,1.64382026927362e-06,5.96871070505294e-28,954
4,17,4.57371343675429e-09,4.65857506743537e-29,953
4,18,5.73485823287643e-08,1.70097019063487e-25,937
4,19,0.00222588694905528,2.45682627509194e-34,928
4,20,1.05736977933271e-06,2.42807830891937e-36,938
4,21,1.33820974785421e-08,4.3730852073941e-31,925
4,22,7.53290801172224e-05,7.38256277934667e-37,955
4,23,1.9276126483582e-07,1.04580921358053e-46,950
4,24,3.60951414081939e-05,6.68079325527833e-30,952
4,25,1.72563656351173e-07,2.03893414827168e-24,942
4,26,2.48606468441181e-06,5.71655713139061e-37,936
4,27,7.31945817678193e-09,3.45091332290672e-30,916
4,28,1.98995302626815e-09,7.89373634641746e-29,957
4,29,4.01369843752578e-07,2.05178645985232e-35,915
4,30,3.20371271787391e-09,6.37968185282066e-39,909
4,31,1.36661270940451e-13,6.55730839380028e-47,957
4,32,6.2594252176166e-08,2.49899793559904e-32,916
4,33,3.2205795304957e-11,4.73304887935151e-39,943
4,34,2.23213615859145e-11,2.1636274688438e-30,920
4,35,3.20723313420289e-06,7.81345659884647e-30,957
4,36,1.1719159289379e-07,2.0225534811506e-35,947
4,37,8.35958126938523e-06,4.27196477332356e-32,926
4,38,5.69303791736647e-06,3.55443428471958e-32,892
4,39,0.00030161809998601,1.0111599361193e-20,942
4,40,1.70360773639441e-06,2.19103560794025e-32,962
4,41,1.76920196597987e-06,2.16117683728924e-33,947
4,42,4.05742345306417e-06,5.52137250258805e-26,937
4,43,5.50617401201275e-08,2.23877870008167e-35,967
4,44,1.0473351558994e-05,2.34419359655592e-31,924
4,45,1.00637659801664e-08,5.21419863557011e-38,954
4,46,4.78550667732815e-10,3.36312671479537e-37,945
4,47,2.8911300506474e-09,4.24995795934242e-36,966
4,48,1.93632459018983e-10,2.34585365790074e-34,963
4,49,7.71249443765443e-14,5.80811064534231e-31,926
4,50,8.04027960880154e-07,4.72191001846655e-37,943
4,51,5.33616083088526e-08,7.14300391873208e-24,952
4,52,3.36577463107234e-12,2.451939779016e-41,949
4,53,5.41257799123017e-11,1.30723791415721e-35,935
4,54,0.00056191734830346,4.89178116599173e-32,964
4,55,2.12039475292221e-07,1.53230195575144e-30,957
4,56,2.42631113267131e-07,4.46369263919808e-28,920
4,57,1.49593271242439e-05,2.55067284037086e-24,944
4,58,4.82552861007764e-07,2.71207562638123e-46,942
4,59,0.00303589180191128,2.12358389215212e-26,946
4,60,5.59861699002946e-14,8.08659044878261e-43,926
4,61,1.10421378521898e-07,3.26655709178428e-36,937
4,62,8.45337190989501e-06,2.3317938553528e-27,958
4,63,1.41015519611539e-07,2.69673542709797e-29,944
4,64,0.000992617472664077,8.79787910270317e-19,962
4,65,5.55677213056021e-07,5.49736222074761e-30,942
4,66,1.33949610370513e-07,6.36326473327802e-28,919
4,67,1.7046454508633e-07,2.84143661160625e-33,937
4,68,1.52458691029357e-06,1.77718699999776e-35,935
4,69,1.81094213657915e-10,9.56497439044962e-38,949
4,70,1.25057647113197e-10,3.49739733708383e-37,921
4,71,1.29975474657187e-06,2.51359507664664e-31,901
4,72,0.000321713689191408,9.95976163645122e-25,933
4,73,6.76163434825593e-05,7.43894677477576e-27,933
4,74,2.85621949706543e-10,1.00569544460659e-31,941
4,75,0.000695419854855829,6.81740738324231e-34,946
4,76,1.88095521580216e-06,1.03514900789567e-26,948
4,77,6.12681902995196e-07,4.99855035458154e-20,952
4,78,2.04455027768715e-06,1.15204044758493e-31,931
4,79,3.62547056586333e-05,3.53729335050822e-33,935
4,80,6.52731429989201e-07,1.28213781349994e-21,941
4,81,1.81207685020832e-10,9.24498077005861e-39,945
4,82,5.93079650316204e-09,2.89412330703956e-42,939
4,83,5.97992636016156e-09,3.76328943735597e-31,940
4,84,0.000104812239258202,2.51459562197987e-34,909
4,85,4.44114027801526e-08,4.47895228325722e-37,959
4,86,3.58746123524427e-07,6.99716955074476e-31,949
4,87,2.47063034023921e-05,9.54605924171334e-30,950
4,88,4.6301976550802e-05,3.53314006115391e-32,949
4,89,2.83418634938702e-05,4.05204185473006e-30,956
4,90,0.000309131473013291,2.66483186853593e-26,939
4,91,0.000312928212447816,1.54006768001839e-39,948
4,92,0.000304399479220549,1.85413006763439e-20,945
4,93,2.50709740849277e-05,4.91229346199059e-30,942
4,94,8.8724379450368e-08,9.51316328191726e-40,959
4,95,1.36101015671622e-05,5.10066640919899e-33,955
4,96,0.000656506479083364,1.34326031580297e-33,936
4,97,6.69554958238386e-08,4.62169157682046e-38,914
4,98,3.94510614980655e-07,2.38439553565472e-27,927
4,99,7.29219848981565e-12,3.24872862065407e-35,963
4,100,1.18216196471444e-07,1.42349461874957e-41,940
4,101,0.0247148126900319,8.90583803702686e-27,935
4,102,0.000704426819429028,2.15293238898985e-24,931
4,103,0.00228902122217422,2.37075086594504e-18,912
4,104,1.48063058934534e-07,3.12491422825731e-35,952
4,105,1.47289308236454e-10,8.55761810874781e-38,956
4,106,0.00179199128983974,1.38059375178071e-28,914
4,107,4.4992045000177e-05,3.73470824271409e-26,933
4,108,7.0679069430361e-07,9.3690186785498e-26,943
4,109,2.14415359630252e-06,1.31452814180715e-34,927
4,110,2.12376567432332e-08,1.01360593498539e-27,925
4,111,5.98138426261718e-08,1.05385531728082e-24,953
4,112,9.83579515116133e-11,2.72374671553889e-40,964
4,113,1.19336324330033e-05,3.43413202726327e-37,943
4,114,1.05019599176686e-06,1.59968065711943e-43,935
4,115,3.14765251596595e-07,3.35899699875822e-33,904
4,116,2.03740324010372e-09,1.72141571778754e-33,934
4,117,0.000492011432304007,9.91765035258182e-34,941
4,118,2.57632788502309e-08,1.25360666493096e-42,967
4,119,0.00115629450431868,1.59809765655462e-28,946
4,120,7.49948350085623e-07,5.12428865488513e-27,939
4,121,0.00161850655236151,9.43806880265529e-33,929
4,122,9.68058630331694e-07,5.93822845315023e-31,894
4,123,6.94906802846439e-13,3.69586888797084e-40,920
4,124,8.96255842530931e-07,2.25676682074991e-26,897
4,125,2.52455857093737e-10,5.33774643473811e-30,929
4,126,3.39297007930934e-15,4.93530544709889e-49,939
4,127,0.000247768383711442,4.48766086383163e-38,923
4,128,6.2121234410698e-08,7.86571478426281e-35,893
4,129,8.54103268799427e-08,1.39771326781478e-37,947
4,130,8.17253836741583e-07,2.08635328288992e-34,945
4,131,0.00122574370702161,3.43508201901003e-34,891
4,132,5.22548223419251e-05,1.67248051026762e-29,924
4,133,0.000169249116263955,3.22991320679683e-28,943
4,134,0.000561205855206977,2.78576876153585e-28,934
4,135,2.59949374895974e-10,1.08144343171543e-33,964
4,136,1.70981968430199e-06,8.36902849551815e-27,941
4,137,0.000125608829032235,1.54104833398591e-24,953
4,138,2.35095904246789e-07,1.01928391855904e-38,949
4,139,5.39706813153602e-06,8.9835422762888e-27,900
4,140,2.28993767061179e-08,2.43537343782557e-38,900
4,141,5.95035240165832e-06,6.09327071582467e-40,933
4,142,2.271601845045e-07,5.22342817979914e-35,941
4,143,5.89794918096002e-06,1.00090959703379e-26,946
4,144,1.02109015928693e-06,1.15437431505449e-31,936
4,145,6.79685235959242e-08,9.39777717909955e-42,950
4,146,3.60872282164915e-09,1.59031934142135e-29,946
4,147,1.30291945547181e-05,1.82574502854993e-31,947
4,148,1.24602408718137e-10,1.49418897265545e-35,930
4,149,0.000246187913330553,1.44342928679646e-38,948
4,150,8.73169698739851e-07,1.14700679817439e-30,922
4,151,2.38808970414649e-07,1.0236136191741e-31,936
4,152,1.17099486787439e-08,2.9901789164912e-37,957
4,153,6.64550010770593e-08,1.91707155669445e-29,941
4,154,7.42363174063671e-07,2.79063486917736e-32,950
4,155,0.000154193976518886,1.02635104040601e-33,936
4,156,2.64476367347383e-05,3.33448680876315e-23,954
4,157,1.59144600110549e-06,1.38018678868117e-29,947
4,158,1.78298815585134e-06,7.15119966767405e-34,952
4,159,2.27676839684407e-06,7.04296081125861e-34,935
4,160,1.10098665290656e-11,4.86016474838506e-32,956
4,161,4.03182718869857e-10,9.92702384326652e-27,869
4,162,1.29791150367171e-06,9.78259029898724e-36,943
4,163,0.000193549400136641,5.58018077374162e-25,924
4,164,0.108356326723933,1.9347674218056e-25,961
4,165,1.38487159215939e-10,6.12318256891521e-40,950
4,166,0.000219990373732373,3.24766814603228e-31,942
4,167,1.45015913885739e-06,2.14076616191901e-24,918
4,168,3.89876532255423e-12,7.05682025948425e-39,922
4,169,6.13357748393933e-06,1.20712521997589e-33,958
4,170,1.7841838945921e-09,3.98431874206458e-38,940
4,171,0.00070152050999527,6.85649124867177e-36,931
4,172,9.88720934124518e-07,2.33489579644364e-28,953
4,173,4.64898053848973e-10,4.71179184301239e-43,940
4,174,1.00070998193148e-06,2.27409273727176e-29,952
4,175,6.17311843292925e-10,1.15328618360367e-25,960
4,176,3.15740604978992e-05,7.15881459314854e-30,967
4,177,0.001222225019712,4.97759503734284e-27,966
4,178,4.83493201263717e-05,1.85969180054954e-30,938
4,179,1.04118374103145e-07,1.50694181039564e-39,964
4,180,2.39862549848913e-05,4.82679643233721e-24,925
4,181,4.70147467495786e-09,1.02504023407178e-50,945
4,182,0.0092198743592558,5.1196100580478e-32,906
4,183,4.91972242052311e-05,3.98688075459856e-25,950
4,184,1.52146029378459e-10,8.42276593804224e-43,935
4,185,0.00095076625903105,1.09402114793998e-33,951
4,186,2.80508895928466e-07,7.42626240316342e-34,943
4,187,1.36481180861515e-08,9.73752976515716e-38,912
4,188,2.15870528525819e-05,5.01894328444674e-25,955
4,189,4.34859418926433e-08,2.41713057694442e-38,914
4,190,1.58543499664976e-11,5.73011218019608e-37,949
4,191,2.35244566300927e-05,1.35171978740743e-37,948
4,192,1.75296733817592e-14,5.44481570494138e-36,934
4,193,1.53134476433011e-07,2.11594209914078e-31,941
4,194,2.96761362471072e-07,1.71753627043821e-25,926
4,195,7.77952898870993e-06,1.77177486233659e-30,945
4,196,8.23844028607089e-07,6.46152401929227e-33,946
4,197,8.81720961054985e-08,8.98657619343968e-26,925
4,198,3.32149847960454e-07,1.15291311141426e-28,944
4,199,7.68305829328195e-06,4.92473009774101e-30,953
4,200,6.26915703239769e-10,1.13512089521811e-25,955
4,201,1.09301164813555e-07,1.6695313483734e-34,953
4,202,2.28610993100561e-07,3.56942566612247e-29,936
4,203,5.21229885118088e-10,1.86075550533278e-30,915
4,204,0.0035397066049818,1.07023873975615e-24,941
4,205,2.92502889737414e-05,3.10258205990911e-28,931
4,206,0.0159133704111073,1.67831581313519e-23,911
4,207,6.04371220980301e-08,7.34729805611313e-28,961
4,208,1.90386777056363e-09,8.17879089654468e-33,939
4,209,0.000600878899079184,1.16955625589862e-25,916
4,210,0.00611487687943176,1.40891603754327e-31,936
4,211,8.47823235130813e-10,1.01101984766804e-34,923
4,212,8.91976746524502e-05,1.54348352483746e-33,925
4,213,0.000227158102663134,2.21624520810082e-29,955
4,214,0.000381311644253895,1.28614980225566e-26,944
4,215,2.36951300451466e-07,4.09996004788989e-36,880
4,216,2.72347914964158e-06,2.22828432438252e-39,959
4,217,1.04731601707118e-10,2.10839956934443e-31,948
4,218,3.05086115711658e-07,2.55944976611832e-33,943
4,219,6.66372934232561e-07,2.81174684062044e-41,926
4,220,6.27790676458844e-07,2.66475102225318e-34,913
4,221,2.05991843994841e-13,3.11327976553343e-33,952
4,222,0.0434137058932126,2.69713847777547e-13,934
4,223,4.27559568768653e-08,1.2394001644146e-27,959
4,224,4.26183209635607e-09,3.93965004688228e-44,929
4,225,1.75533965457651e-06,1.65675631687131e-34,921
4,226,1.02750269944131e-05,1.91808643281893e-35,944
4,227,0.000200590436534906,6.10372172603458e-29,948
4,228,3.33258647441844e-10,3.57301654619625e-25,947
4,229,5.96028821474962e-06,1.11191792568917e-35,906
4,230,0.010445290925341,2.16882958384307e-27,935
4,231,9.55192107822213e-09,3.85610239902262e-33,925
4,232,3.51509951527602e-08,6.80899701354788e-26,928
4,233,9.55641278144334e-09,1.21401787057444e-37,942
4,234,6.08028842084028e-11,5.5216388919418e-47,955
4,235,0.00124339206336562,1.47650134153134e-26,927
4,236,2.09987570557809e-09,9.95903093918389e-41,922
4,237,3.6370443638719e-07,3.38502523646611e-36,925
4,238,0.000494790101840632,4.78097680474357e-27,952
4,239,8.08688459007057e-07,1.28210212949259e-40,952
4,240,8.60833243684448e-06,2.96581400836401e-33,945
4,241,1.06798140413977e-07,8.59096037869548e-32,921
4,242,1.04426476798109e-05,6.21935534795462e-30,971
4,243,6.9376287845848e-13,3.64375958662164e-48,916
4,244,2.65995365768045e-07,4.02262008221647e-31,869
4,245,6.38353042501225e-07,3.57883472539792e-28,952
4,246,1.08434193563573e-11,1.71088259662284e-42,909
4,247,1.77219668899343e-08,7.83620548625914e-32,947
4,248,2.23038252587307e-09,6.97644300927864e-42,898
4,249,0.00123932784792806,1.8027716733453e-38,943
4,250,0.0114415727634732,6.19515987526651e-33,961
4,251,1.02972345708399e-06,3.40719126246222e-23,934
4,252,1.2671706328457e-07,3.83361981434678e-31,886
4,253,3.46076492915642e-13,1.95392612431944e-34,941
4,254,0.0591694481091805,1.06741324194602e-32,948
4,255,0.000283157405558556,3.09057597729249e-25,952
4,256,1.74359763723611e-07,8.07293960119258e-30,891
4,257,8.85957593652348e-09,1.15956060862471e-39,925
4,258,3.29619926096001e-09,7.54347241900672e-31,927
4,259,1.12954567974449e-08,1.92399772792499e-28,929
4,260,6.65843933173959e-06,1.65728118988233e-34,954
4,261,4.76269781159316e-05,1.80943999815151e-22,935
4,262,0.000417503116011801,4.1340132476878e-27,934
4,263,9.10499005731347e-07,1.43438271540679e-47,947
4,264,0.000398094238282865,1.13076026898414e-22,950
4,265,2.64601046854985e-06,1.38406604562411e-27,940
4,266,1.22130699953951e-07,3.70600831359191e-28,950
4,267,2.92449869707842e-05,2.77998336751044e-45,969
4,268,1.32700179399606e-09,3.97757723734682e-38,961
4,269,3.05272285893871e-08,8.98814283903316e-40,925
4,270,0.000104521739474346,7.5628389014441e-25,937
4,271,2.08185513901484e-05,3.8254990408753e-47,944
4,272,0.00605719463534703,5.26803374923534e-30,926
4,273,5.27258702200228e-06,3.20503637311854e-40,921
4,274,4.7118130715978e-06,1.17922265355266e-28,957
4,275,4.94557204018826e-12,5.55321816236126e-38,957
4,276,0.000787226709364087,1.70711801788614e-26,934
4,277,4.11484909489025e-05,1.08555029870742e-30,939
4,278,2.80590487289901e-06,1.05446682564141e-40,923
4,279,5.63444447665759e-09,9.77163396312943e-44,918
4,280,0.00642356255288473,6.44407012627381e-25,953
4,281,1.87694415265081e-08,9.47599447167771e-27,941
4,282,0.000146439065169434,1.60687652541019e-30,928
4,283,0.000390702792448173,6.06514405966777e-27,955
4,284,3.36095802482573e-05,1.25669275670147e-23,943
4,285,0.000392992897207393,6.81780944997643e-24,934
4,286,4.64113173575441e-07,1.70892045498382e-27,927
4,287,0.000205056470471297,4.78888025150962e-37,957
4,288,1.71382881819421e-07,5.42494849033173e-31,941
4,289,3.02866917764772e-08,5.12166062632661e-49,927
4,290,0.000199394652352619,2.07157133506174e-25,922
4,291,1.78808395492484e-07,1.94512138592746e-45,954
4,292,8.70483589432124e-12,2.8496966284758e-27,940
4,293,1.24770103945746e-06,1.58069671351218e-27,960
4,294,2.06062953641267e-08,3.58604236269935e-25,943
4,295,7.15785124732103e-13,1.1280165306218e-39,913
4,296,5.1827462086956e-08,3.84515840966717e-28,946
4,297,0.0555474725073191,4.20193493135861e-13,955
4,298,0.000157386723436246,3.20768834219947e-24,934
4,299,6.55197996474312e-11,5.18973455587987e-33,935
4,300,0.001292705308009,6.82034965254346e-27,939
4,301,0.000452014952346888,9.82168982920084e-28,923
4,302,0.00412843007319064,1.55326763347314e-28,936
4,303,0.000145918812650694,4.14419822419562e-32,931
4,304,8.25088737086868e-05,5.07251192657711e-26,910
4,305,1.02639830127539e-06,1.85634116053661e-29,932
4,306,7.09559213448254e-06,9.52890805803589e-36,934
4,307,8.94541070532727e-07,5.20263923152696e-29,950
4,308,3.49301177203877e-06,2.68089489573834e-31,951
4,309,0.00370966871601999,1.57602424065677e-26,938
4,310,1.93971773799979e-08,2.6622919048971e-33,940
4,311,4.00118597717789e-15,6.63847651784952e-42,944
4,312,2.69101688914021e-10,2.53662662283907e-32,927
4,313,3.06222444700129e-08,3.10173840318663e-26,909
4,314,3.68638087156747e-06,1.68358489095793e-35,933
4,315,0.000911995975346972,2.08041883723417e-17,956
4,316,2.45858201919902e-09,1.00203015176132e-37,938
4,317,9.80432023652976e-10,1.63282499121485e-33,937
4,318,2.25336145251857e-10,4.17809084020609e-35,938
4,319,8.76814143338945e-07,6.00234535813118e-29,936
4,320,5.91191147173834e-09,6.81978367763606e-35,936
4,321,7.58446031555033e-06,4.18361102215124e-33,933
4,322,1.09207860901984e-06,1.27741849188392e-26,946
4,323,6.10008083640404e-09,1.194297571198e-38,945
4,324,4.76229632984334e-08,2.84345376567846e-33,942
4,325,7.90374694066102e-05,1.31225217813311e-19,903
4,326,1.4039666052363e-08,6.5731488008619e-33,960
4,327,2.53539273510052e-06,3.7223773010095e-40,965
4,328,1.15675591942849e-08,3.73542650944933e-27,930
4,329,1.33604086871082e-06,3.76719638825554e-20,968
4,330,0.000175435129610514,1.32790665492448e-28,959
4,331,0.000276165150797932,1.50830923002887e-35,909
4,332,2.51930522417669e-07,1.91257999505111e-41,958
4,333,0.0156424332802275,9.84362209735323e-31,934
4,334,1.71472969264956e-05,3.44604347771367e-30,930
4,335,1.2911123433997e-05,1.236476176587e-29,958
4,336,1.20922745383558e-06,1.30328042487764e-28,950
4,337,2.0799189937227e-09,2.91519368387277e-32,901
4,338,0.000110438226560024,7.77523219942412e-32,945
4,339,2.44176867070854e-07,9.07571379344997e-30,921
4,340,1.88918407432086e-08,3.35793219713941e-29,920
4,341,5.42980069678798e-12,8.69024251653459e-31,928
4,342,1.62808382678844e-05,2.31457535386752e-29,957
4,343,8.48153724038943e-06,1.27964676900697e-25,952
4,344,2.8939388009017e-07,3.58997587236083e-29,933
4,345,1.4388430482427e-08,2.53268639304048e-44,951
4,346,2.13057991644651e-06,2.40384957395032e-30,930
4,347,1.80723196260475e-05,1.97643659172264e-23,938
4,348,1.45576713764406e-06,3.62072970288709e-28,947
4,349,0.000213901892261613,2.3187251610452e-35,961
4,350,0.0002624508220346,1.39398374750599e-27,917
4,351,3.53307294100476e-06,1.38285339467022e-28,935
4,352,0.00059604618578375,1.33753369211806e-26,939
4,353,2.43331283299971e-06,1.19548543209591e-23,930
4,354,3.07961529654925e-07,7.85409379683348e-33,926
4,355,3.65410489788764e-06,6.1138038407623e-24,912
4,356,0.00218794948313882,9.98883469911347e-26,908
4,357,3.22225433537296e-05,1.84373730388514e-28,901
4,358,3.42268947973372e-05,7.41183744858323e-33,942
4,359,9.3872397551443e-05,2.49523777590764e-32,935
4,360,0.110793038410745,3.33582260295874e-27,937
4,361,0.000188539160232091,8.27222084270449e-18,958
4,362,0.000762250332528684,1.75771273535899e-27,914
4,363,3.42789439974452e-09,4.87867307415958e-43,953
4,364,1.6566419377507e-05,3.94160988813154e-27,947
4,365,6.22219824537168e-05,1.92032120693539e-33,932
4,366,5.04114120187606e-05,4.48559036665895e-25,932
4,367,8.28380871753472e-09,2.18943249824878e-59,938
4,368,3.51430247751785e-09,9.84023478468639e-37,942
4,369,9.35077138156477e-08,3.20588398131279e-30,924
4,370,9.55627399944661e-12,1.2352405105663e-30,929
4,371,4.59202593826206e-07,1.15543697215611e-30,953
4,372,4.04691436794842e-05,3.79311134457014e-35,933
4,373,6.71342514374404e-07,1.89868943029615e-32,969
4,374,2.22716883474806e-06,4.14719707677663e-25,925
4,375,8.50903367318298e-08,6.17225400904651e-37,922
4,376,7.11023878889266e-06,1.46606324347151e-28,917
4,377,5.36928563269269e-05,8.38396696435254e-33,937
4,378,5.16165012207896e-11,2.20494105015066e-34,939
4,379,6.62305630692306e-09,2.30121234682405e-42,949
4,380,8.22327014269735e-09,1.52386602953176e-40,915
4,381,0.00038905663132785,3.34697876360681e-25,958
4,382,1.74900477712025e-08,3.43722319762749e-37,922
4,383,0.00226466850262422,1.2204051856128e-38,966
4,384,2.12525764222293e-06,5.57119339558616e-26,926
4,385,2.63637472727193e-05,2.17761332922752e-34,919
4,386,3.45218902407031e-09,1.05991940729648e-31,940
4,387,4.70334303537093e-08,2.73174465947521e-29,938
4,388,0.000137750336194235,1.91170235768739e-26,942
4,389,0.00014188226233174,1.57171884359059e-22,922
4,390,1.23355982181615e-06,1.16615030296413e-27,941
4,391,2.51978116858227e-05,3.86282039897171e-40,899
4,392,3.67011459870636e-11,3.33126100299843e-30,938
4,393,5.45347639307916e-13,2.47037740948469e-44,937
4,394,1.56167268090313e-07,2.07606884242856e-37,924
4,395,4.96906093280093e-05,3.71837158393593e-34,934
4,396,1.08146752867095e-06,6.61491408339597e-20,904
4,397,3.43411293947874e-11,2.87464500943298e-36,953
4,398,8.30321664573558e-05,7.16535415089821e-30,906
4,399,2.05467453596684e-07,6.34855383131425e-31,951
4,400,6.58907560928676e-06,2.12063965574503e-37,944
4,401,2.64640343762723e-05,4.1832199656429e-35,957
4,402,1.65187888690726e-12,8.2279874537603e-45,943
4,403,3.95088378817442e-06,8.48331453571536e-31,913
4,404,7.97154365906978e-13,1.24000639718476e-42,947
4,405,3.50584623898141e-06,3.49342436827224e-38,946
4,406,5.6080714416922e-10,8.42695294970059e-39,903
4,407,3.71688607183595e-09,1.71239142436041e-29,955
4,408,4.10085594730858e-06,6.06049995217847e-34,965
4,409,3.06215508897796e-05,1.02026493941569e-26,956
4,410,2.99901696714117e-06,4.04122496751863e-35,916
4,411,3.37984932495342e-06,1.17182807266805e-34,952
4,412,5.5970270362183e-10,2.26786235203834e-44,953
4,413,1.108108486474e-07,1.29669393957998e-34,950
4,414,6.80501455198612e-16,4.68416294538038e-39,928
4,415,2.54620249452728e-10,2.15586217031043e-29,940
4,416,2.43257150107384e-07,1.69280531864065e-30,947
4,417,6.16287339215638e-16,1.1589616175576e-26,950
4,418,0.00164945349654092,5.55010139372487e-29,928
4,419,7.57038240243666e-16,5.00234802198767e-39,956
4,420,9.56301092881341e-05,1.45492427404375e-28,948
4,421,5.89436846613687e-08,9.52326735789929e-39,962
4,422,1.13430251415096e-09,5.13921641964559e-42,938
4,423,1.03545520165476e-07,1.09770589282759e-26,954
4,424,0.000280728081091766,5.10041275409682e-25,915
4,425,1.74878734485969e-08,2.95877374555526e-32,962
4,426,1.23048166906066e-06,2.0814671923977e-38,946
4,427,8.56947721121274e-10,3.06309911562985e-32,934
4,428,0.00195399885395179,4.62546070130902e-28,947
4,429,2.02042567328201e-10,6.91251890616401e-25,966
4,430,1.05152106134331e-05,1.28223254914407e-38,953
4,431,1.98775737041837e-07,6.55613228096671e-33,957
4,432,1.34268151140348e-05,5.03059143666388e-28,934
4,433,4.74757508771587e-13,4.14841184026983e-39,919
4,434,4.20671251404594e-09,3.88113195801196e-43,966
4,435,2.08938305599594e-07,4.05323395026647e-35,939
4,436,4.23546910876371e-07,1.82817582331152e-41,923
4,437,7.91429741318935e-07,2.47546803817877e-42,943
4,438,0.00103220837519981,7.91713072284188e-35,941
4,439,0.000100808487189108,4.11698610609797e-37,924
4,440,2.96746426272795e-09,1.29920501027784e-27,932
4,441,4.44177013172485e-05,2.37386626619443e-22,954
4,442,2.29071770285847e-08,1.17906605139727e-35,956
4,443,1.16460912186526e-13,1.87980002350793e-42,966
4,444,4.18095127521395e-07,1.26481002131444e-31,954
4,445,5.73446488792002e-08,3.95046323946356e-29,925
4,446,0.00328257770584521,2.88704207926671e-29,936
4,447,2.23172690568751e-07,3.85534834495058e-34,937
4,448,3.25483214472564e-07,1.08558153873822e-29,930
4,449,0.00335903233301748,9.02472000935439e-26,956
4,450,6.35655396487727e-07,5.68281294533805e-36,951
4,451,3.32415128820468e-10,3.62926073115479e-28,950
4,452,6.81236906211978e-05,3.21138863425908e-30,916
4,453,3.37175078072327e-13,6.18057654093906e-35,933
4,454,6.83731577712231e-07,5.20344434238194e-31,942
4,455,5.95831628957753e-06,8.0872907474642e-35,929
4,456,0.000451078206461562,1.32925957849492e-29,947
4,457,5.51862944328557e-07,9.8244968494439e-33,953
4,458,4.115279027431e-05,1.11815581752671e-30,906
4,459,1.2029953593836e-05,2.03323336583472e-40,929
4,460,1.01031007216519e-05,3.82294433907927e-31,958
4,461,1.09348998564112e-08,9.36757295498371e-24,967
4,462,0.0001481330427186,1.14825506714914e-25,941
4,463,2.35061256566193e-09,1.57855983229103e-40,938
4,464,3.71391746011918e-09,5.73150998606915e-44,916
4,465,1.19042889846216e-06,3.25472201439117e-25,966
4,466,4.63726639121537e-11,1.55886666315077e-36,942
4,467,7.62834435546462e-12,2.32174740349759e-36,924
4,468,8.39633566938808e-10,1.49130212384987e-51,963
4,469,2.82937362980081e-09,1.21735805030373e-35,924
4,470,0.00119476318738981,1.58669129624908e-32,950
4,471,0.000279496568023808,2.6873707596129e-36,952
4,472,2.62492987880464e-08,3.20875165005679e-36,919
4,473,1.17211547866452e-09,6.57058076170006e-43,928
4,474,4.08474576856233e-06,2.29568444687677e-23,923
4,475,4.86931323325871e-05,4.98402342859425e-28,918
4,476,0.000978379903447411,3.37181658713064e-32,934
4,477,3.3105177493223e-10,3.76405344602344e-41,949
4,478,1.65633291294603e-07,3.02922375543179e-31,945
4,479,0.00297186469359279,5.25030649866396e-28,935
4,480,7.28836278160185e-05,9.94496622683831e-38,945
4,481,1.82224899090474e-06,1.73472852399583e-36,946
4,482,9.18004253913674e-05,1.09966335552704e-26,946
4,483,1.32687305681765e-06,1.03919446758599e-30,954
4,484,0.00200954263580246,1.08996339702215e-33,936
4,485,3.17772462056749e-05,1.00330713600837e-23,888
4,486,0.000575720735024656,6.21660737789242e-23,953
4,487,0.000689893743674531,4.53915436690677e-37,956
4,488,4.97959524127978e-09,2.18837527192182e-34,931
4,489,0.0117717072421938,7.81703475844059e-21,925
4,490,0.000296210477521309,2.31818074470726e-29,922
4,491,1.73908039337629e-06,4.74645011335095e-32,946
4,492,4.3149154087339e-07,4.29795739211829e-29,910
4,493,2.58285795654847e-08,6.98891051097368e-39,960
4,494,0.000264263529998997,6.2810621901861e-37,965
4,495,2.36659355743371e-08,8.67787917636252e-50,950
4,496,0.000200909222610692,8.20423412754182e-30,941
4,497,1.07782492671317e-05,3.97271138019341e-32,924
4,498,0.00017131573903819,2.80850009026533e-22,941
4,499,2.67846118655581e-05,7.92892063614479e-37,955
4,500,4.3646814901741e-11,7.81626912632652e-40,929
4,501,2.12083154227223e-13,2.30239369940053e-47,930
4,502,3.19793428918411e-09,5.60189406615162e-26,921
4,503,3.57035664643925e-08,1.17681358412225e-29,931
4,504,0.0013924889105253,1.28541697585551e-28,934
4,505,1.25507553933484e-12,1.16325839315052e-35,905
4,506,2.27784375632368e-05,8.68934929619526e-30,920
4,507,3.49121372242139e-07,4.20300138621145e-32,937
4,508,2.71603237919374e-07,3.93713771328891e-36,951
4,509,7.22018767383095e-13,2.05431880870385e-38,949
4,510,2.11069205283537e-09,5.76338274874734e-28,944
4,511,3.40581083715562e-05,6.46419509511428e-26,931
4,512,9.75249110178792e-09,2.90077139955281e-27,950
4,513,1.30611847433263e-07,2.67112951760098e-36,945
4,514,2.47470777925032e-06,1.6747682807567e-37,904
4,515,0.0218191462202599,6.08036696290384e-23,956
4,516,1.10234367466324e-10,5.94511294845982e-35,946
4,517,3.82040666925478e-08,7.05448464405474e-28,931
4,518,2.93621392293314e-08,7.45425166107335e-35,947
4,519,0.00181940092020811,1.20191287859908e-29,929
4,520,4.67034097641403e-06,4.04405218253463e-32,949
4,521,0.000541830887575981,6.57372510027798e-31,934
4,522,4.25939858160373e-07,1.28271047648128e-26,914
4,523,6.43596134812715e-16,4.79729502922362e-56,929
4,524,1.07387964030645e-09,1.41773716719809e-34,929
4,525,9.93421376943679e-08,5.28325609148174e-37,953
4,526,1.6385298413913e-07,4.19081953185298e-27,900
4,527,0.000415458754742517,6.27418111134947e-28,935
4,528,7.22656241007536e-05,4.07824022391874e-21,911
4,529,1.8297331102709e-06,4.30142344224603e-35,960
4,530,1.03390645546881e-08,5.06577346575027e-30,963
4,531,0.0311940594583176,7.56557345035039e-23,905
4,532,4.92263467711859e-12,1.27659576246199e-46,960
4,533,0.00123775258438705,5.99986219513913e-23,924
4,534,0.000742699144662309,8.7752151467858e-25,906
4,535,1.23821570714841e-06,4.35176664310539e-25,935
4,536,3.52735921532446e-05,3.4647598007745e-22,939
4,537,0.000527097182866265,3.87794093693097e-31,946
4,538,2.00991298194804e-07,5.39736771188011e-31,935
4,539,0.000334856034153986,3.59138601202629e-37,942
4,540,2.65322984802992e-06,8.45191981478204e-24,942
4,541,0.00011261241805096,1.14018372966873e-33,943
4,542,0.000186663991190922,1.56786542404508e-30,936
4,543,3.26481188416985e-08,2.22661908005631e-54,934
4,544,5.18023522170185e-05,6.56707738973208e-25,898
4,545,3.50607304878383e-07,9.39944225886229e-35,947
4,546,2.01577440258226e-05,7.73682732572368e-28,938
4,547,0.00014819015157587,3.64037364631144e-30,943
4,548,3.19928244090788e-05,1.57778925797841e-20,930
4,549,2.26153508299446e-09,5.30263704929778e-41,912
4,550,0.000646941214683769,2.80778528110248e-23,904
4,551,2.45783631001078e-09,1.35924683472664e-34,929
4,552,9.35884440759545e-06,3.98377318628381e-31,967
4,553,1.70693057737517e-08,7.15500506937744e-30,926
4,554,1.05795762702862e-06,9.30828378093609e-37,971
4,555,9.44765459267185e-05,9.76446991786968e-31,932
4,556,9.29610253009021e-05,3.32331455546602e-23,918
4,557,0.000987726120540529,7.86770059936477e-26,951
4,558,0.000783423229255723,5.20477284240265e-22,954
4,559,2.87375670901387e-07,4.72387870600366e-33,936
4,560,1.33340351517052e-05,2.29213666200185e-27,967
4,561,4.68950270317973e-11,5.37620320982455e-43,946
4,562,4.35175395919611e-05,2.7105471452778e-31,926
4,563,3.91988355683163e-09,1.23940040143841e-43,953
4,564,1.26742085005868e-05,1.42403574032615e-32,897
4,565,0.000218921783330323,1.09294509935093e-31,956
4,566,3.86763645164454e-11,1.30352049322887e-33,953
4,567,6.778145865863e-08,5.80170699188332e-16,925
4,568,1.37175528547754e-07,1.1603451156428e-43,935
4,569,3.83735440279838e-08,1.51280827906393e-38,935
4,570,5.00323753706793e-08,5.61054091764905e-36,917
4,571,0.00236395240341938,8.56879839299755e-37,931
4,572,9.68384166503196e-05,6.6665381739422e-27,960
4,573,2.52402155226154e-11,9.83940316172224e-40,954
4,574,5.47032281012545e-09,5.60090407965576e-39,936
4,575,4.82285110420412e-07,3.7992018067394e-30,941
4,576,0.000316941510920431,4.19411158989765e-36,909
4,577,8.62814499594296e-14,4.14775670290927e-38,909
4,578,1.41601889941659e-10,1.00445696710664e-42,934
4,579,1.81851143145096e-09,3.03545136431885e-33,916
4,580,2.7580864321593e-06,2.09340176916561e-28,959
4,581,0.0140554040209418,3.86670256438342e-28,937
4,582,2.35187169103514e-09,1.22764315341448e-35,955
4,583,3.98496086262153e-07,1.30806131679685e-42,956
4,584,5.11009003481255e-10,2.35017471033982e-38,952
4,585,0.000465380303789957,9.19695308213653e-26,922
4,586,8.8261730735317e-09,4.37598814127313e-46,961
4,587,3.47829618092576e-08,7.73126533773265e-30,914
4,588,5.68150930682466e-08,1.63901813448848e-33,924
4,589,6.91393232592452e-06,2.94443579560014e-35,943
4,590,7.82166035399606e-07,3.38392869189672e-34,951
4,591,1.85151744387457e-07,4.97341710760425e-36,941
4,592,2.08367794742167e-06,8.12254439636377e-33,925
4,593,2.001744778139e-09,6.37595637417598e-38,932
4,594,2.15747860096867e-12,2.99444752371086e-44,955
4,595,8.57510741691637e-06,4.10926279625468e-37,949
4,596,3.52061116850905e-09,1.22772883034098e-30,929
4,597,3.37153308823832e-07,5.14118775616192e-40,972
4,598,7.38147650680843e-06,9.82686556680322e-29,952
4,599,4.65138987623939e-06,1.44513096557535e-27,899
4,600,5.76020150967653e-06,2.0651208807246e-35,875
4,601,9.62141047028585e-05,1.46936312498969e-30,948
4,602,3.81890473994745e-05,9.93410214744398e-39,944
4,603,3.83258215849309e-05,1.21193124649647e-40,940
4,604,0.000151890485990782,2.22745450384893e-31,941
4,605,1.23318345493007e-05,9.25150986143522e-27,935
4,606,4.77728071297420e-09,7.53926819648568e-41,938
4,607,0.000326082524908276,2.42374707797871e-23,949
4,608,4.14209972500164e-06,3.71990502467763e-26,914
4,609,1.96094342438037e-10,2.05921331705262e-35,919
4,610,0.000167139479485864,1.16678468749808e-29,903
4,611,6.05053433599176e-15,3.33649273127763e-34,921
4,612,4.90756598164752e-07,6.10753111034523e-29,941
4,613,1.31139352099543e-07,1.13669805937478e-38,929
4,614,6.8331638242559e-10,5.34605259127869e-47,924
4,615,0.000355723027552612,3.3204248701452e-41,958
4,616,1.60961224716795e-06,7.09719822763389e-29,922
4,617,0.000181780049795177,1.0439843267401e-31,945
4,618,9.2843111899076e-06,4.93936230455201e-30,913
4,619,1.29622617739531e-14,4.95579352674685e-43,957
4,620,6.14500642224341e-14,1.26865377582325e-30,944
4,621,8.64133844255731e-07,3.29665433148163e-27,929
4,622,1.78434105021507e-05,2.51350499588702e-29,942
4,623,0.000474066841465838,3.44337062669386e-36,937
4,624,1.64234776923598e-06,1.84867588626701e-31,935
4,625,6.28428700335719e-09,1.90836903264693e-30,960
4,626,7.97098755693199e-05,5.00334204652532e-36,948
4,627,8.19809030404375e-06,3.56922162876146e-28,953
4,628,2.54392564120824e-06,2.20227266077322e-31,902
4,629,2.068107000238e-07,1.53632195564516e-35,924
4,630,9.02140744355655e-08,2.35744743417009e-33,942
4,631,6.16608689901894e-08,2.98284088130561e-35,939
4,632,9.89190915271365e-09,6.77076654968936e-33,966
4,633,9.34255616305465e-05,2.04139759843635e-28,961
4,634,0.000259688544925192,4.99738045239695e-32,949
4,635,3.84249945111085e-06,8.71271721988077e-16,914
4,636,3.48681984990149e-08,8.58826181060875e-42,921
4,637,1.52525434419419e-08,7.80436383885129e-41,910
4,638,4.41192402771183e-11,4.25357392002e-41,934
4,639,2.99446187412552e-06,2.82853850751307e-29,933
4,640,9.96502890004666e-12,1.06154737001982e-33,946
4,641,2.46632901091023e-08,3.25051774705717e-35,952
4,642,2.17311478088331e-05,2.90086688214679e-23,932
4,643,0.0255010663419794,4.6467418334376e-29,947
4,644,0.0138364394816089,5.68031066168305e-30,936
4,645,9.29035263425717e-07,6.78976901630263e-37,940
4,646,3.29995313586548e-08,7.72968005271114e-36,922
4,647,0.00089123342360526,1.66139858705147e-26,934
4,648,0.000919642653999587,2.75060043770789e-40,942
4,649,7.16731656530906e-10,7.85893780070324e-38,925
4,650,3.17683206582433e-07,3.08298092970204e-27,936
4,651,3.35491492637189e-05,3.082349489868e-27,949
4,652,0.00141694890148493,5.70265047134497e-37,961
4,653,3.98072938376369e-07,5.00567228785996e-30,948
4,654,8.4735809152469e-08,6.9262822171712e-32,927
4,655,2.92117390371383e-07,4.34675016622549e-34,927
4,656,1.6868000108817e-05,8.43547155714943e-37,939
4,657,0.00124139364580896,4.43140772908919e-32,941
4,658,8.50112785974466e-09,9.07515427855034e-40,914
4,659,5.35708583852807e-06,1.72672725404161e-26,905
4,660,0.00215023324260045,1.62500037000775e-38,946
4,661,0.00018103025186086,6.45299934223336e-33,930
4,662,3.5825722702062e-07,1.38291677527952e-34,925
4,663,2.74543581393119e-08,1.33925824810803e-26,933
4,664,0.00503265492407596,8.12807694159214e-25,921
4,665,3.55007191436945e-07,4.51252547055114e-36,961
4,666,2.44575248666975e-11,4.69656904122924e-32,936
4,667,4.99650668462356e-07,1.17025722903356e-37,931
4,668,1.37811665445703e-06,6.21030956644805e-34,937
4,669,0.000141478468700697,5.70873561800417e-27,937
4,670,0.000138127530972878,9.25068932843346e-39,925
4,671,5.17940415679225e-05,8.25205461945122e-28,940
4,672,1.38801797252641e-08,1.40484901446236e-38,922
4,673,1.02326045709678e-07,1.46159756736696e-42,936
4,674,0.0100196916955485,2.37056577281444e-36,953
4,675,2.88459938887195e-06,7.8431643377004e-31,965
4,676,1.42204578512464e-05,1.26436833706675e-27,969
4,677,4.99095056632752e-09,2.3222584305721e-26,941
4,678,2.37994860552764e-06,4.70534329015118e-41,960
4,679,3.1181601774333e-06,8.20531594777345e-25,918
4,680,0.000151110638123474,2.37518957910541e-37,931
4,681,4.52983753897241e-07,5.62846605940961e-30,926
4,682,8.20711034521353e-08,2.62853768090498e-29,943
4,683,1.74764076044437e-08,5.6563388468218e-34,901
4,684,4.61726114278785e-05,2.63493448018783e-31,964
4,685,0.000421387248318926,5.11355131050877e-29,942
4,686,8.69393799077947e-09,7.72826776119707e-34,938
4,687,3.77026181762666e-09,9.99980558429814e-35,932
4,688,3.40255946312705e-12,1.06101980039818e-45,943
4,689,8.83513974732132e-09,1.25991458818418e-25,934
4,690,2.03240070440377e-06,6.89978072803981e-31,936
4,691,2.39504882258737e-06,1.99638145430654e-34,947
4,692,6.50639077898721e-07,1.90422542668637e-29,970
4,693,0.000130304194342354,1.30128071435973e-30,949
4,694,7.24086625052543e-08,2.99325517910864e-42,929
4,695,8.70370388589028e-06,4.32552126142465e-38,918
4,696,0.00349742241884057,1.00980619244171e-32,925
4,697,6.91645186846229e-06,7.63443615084527e-37,936
4,698,4.25871825988494e-09,2.47159211403442e-35,938
4,699,6.20657536746723e-07,3.17753781744996e-35,949
4,700,3.71076308471711e-11,1.81331818109722e-43,930
4,701,3.02461457868005e-07,5.85480105383189e-36,949
4,702,9.23610001217358e-07,3.90609189721969e-37,945
4,703,2.8333166998859e-08,1.0703348678046e-30,954
4,704,0.00529435387278808,8.90062307728214e-32,918
4,705,1.47543398705285e-05,3.99967899016186e-31,928
4,706,7.72770009639162e-21,4.99255131898512e-43,932
4,707,2.11821185528709e-05,3.70866910479599e-28,969
4,708,3.47816194312963e-07,1.19670895669926e-44,925
4,709,1.77523728644767e-07,1.22262313490882e-30,928
4,710,6.6075762918902e-11,1.09461989303205e-36,934
4,711,0.033792734863123,4.51982025672886e-23,949
4,712,1.67533010395558e-09,2.50654506445586e-38,947
4,713,1.15329438509449e-15,8.1588254723033e-39,942
4,714,6.82019031061991e-10,1.28487520938863e-33,925
4,715,3.19902367227508e-16,1.06122103149842e-38,953
4,716,3.56894038575355e-07,2.25204477871707e-25,960
4,717,1.91361634229824e-11,2.86407647603766e-38,956
4,718,8.38469430079752e-10,3.12059600842808e-36,952
4,719,0.00552487070267198,2.39010459459033e-23,934
4,720,0.000145449643790538,8.77693091318188e-36,947
4,721,0.00303778003742411,1.90585683112953e-34,899
4,722,2.06778530665806e-10,2.3872965048528e-44,936
4,723,8.47665163851744e-10,6.19462196035662e-39,957
4,724,2.18433938455994e-05,2.46317611049935e-32,922
4,725,4.2893209329283e-08,2.47759891882681e-30,958
4,726,8.29584950000169e-12,8.97340880299422e-39,955
4,727,1.81789817665879e-08,2.69849248152717e-34,902
4,728,1.06317494100441e-13,1.51736592675572e-32,945
4,729,3.37081895290766e-06,1.98880391621682e-34,951
4,730,8.03682524487969e-07,1.00960877314181e-35,938
4,731,0.000966246638863997,3.92344476395932e-30,950
4,732,9.98484642751364e-05,1.13595118243875e-33,954
4,733,1.37843708750923e-05,9.78084901959725e-25,946
4,734,0.00392396247892286,5.50446349234561e-21,955
4,735,0.000238515715287262,2.43822955438903e-31,941
4,736,1.55627603145411e-08,1.8628044917183e-27,940
4,737,5.87638013814786e-07,7.76976001590455e-31,890
4,738,0.014491967229909,1.36301447403505e-21,970
4,739,2.34592204489661e-07,1.03191917717265e-35,935
4,740,5.49404642009966e-07,6.61786510283594e-30,966
4,741,8.43271014519608e-08,5.90901765303231e-35,959
4,742,4.0317099859624e-06,1.14037119692434e-26,969
4,743,1.03335042824033e-11,1.35765512183604e-27,918
4,744,7.62990721726244e-08,1.06655020276014e-29,956
4,745,2.58871741796169e-08,6.25153486082252e-37,956
4,746,0.171208912632723,2.72546416521485e-20,956
4,747,1.66905255427196e-14,1.67226456323044e-41,943
4,748,2.17603193100472e-07,1.78400096817255e-21,934
4,749,1.19214072621081e-08,4.80734343191006e-46,907
4,750,3.41668289668979e-08,1.13079635695386e-33,937
4,751,0.00098523253559952,1.56194308147806e-32,948
4,752,0.000666050640871851,2.99105082910246e-36,964
4,753,4.4430926068089e-07,1.02086513519787e-32,909
4,754,4.88233209478267e-07,2.17074126814796e-36,937
4,755,2.32820708416538e-07,1.31117656382754e-30,949
4,756,2.22633243358385e-05,1.00232676400245e-24,939
4,757,2.9095505728882e-08,3.70045744417941e-28,931
4,758,3.90001625980853e-08,7.25387821834949e-38,957
4,759,8.385110376899e-09,2.15773678821691e-36,961
4,760,5.93500164251841e-07,3.72636182565105e-31,902
4,761,2.02216985357579e-06,1.27352298431275e-27,911
4,762,3.69650092391842e-06,6.22384889766918e-30,930
4,763,0.000382143076761901,1.56353119359199e-28,955
4,764,4.75203047371181e-07,1.53705809621848e-40,929
4,765,0.000542827517484101,6.09738641720506e-31,894
4,766,0.001220966047362,7.71165076925945e-22,902
4,767,1.0427707135319e-12,6.75481781096092e-38,936
4,768,0.000163856783863157,7.59838752335391e-31,938
4,769,9.90908231672827e-13,8.07375155856584e-43,939
4,770,0.123206606535674,1.56938867959906e-24,954
4,771,2.24858476855106e-06,1.27832405372812e-22,926
4,772,4.91721676969751e-11,3.01523873311358e-35,921
4,773,4.80115767041765e-07,1.31005180713838e-32,935
4,774,0.00096354924524519,2.2796215815274e-27,944
4,775,0.00978685029043372,1.25074164559989e-28,945
4,776,3.61160293631045e-07,2.53019464223656e-38,939
4,777,0.0378776560840865,1.57560448006244e-27,940
4,778,6.21336296120779e-07,7.42809738630817e-35,913
4,779,4.38588917193801e-08,1.60045406007913e-28,940
4,780,0.000137490620326702,2.75159297564213e-29,980
4,781,1.48777070831347e-07,6.47352294595453e-28,945
4,782,0.00818732864972506,7.30715087204123e-25,937
4,783,4.88447158111369e-06,1.04634906466528e-39,913
4,784,0.000541196907800848,1.77033303550973e-21,938
4,785,4.65787317248192e-06,1.1123259928162e-29,949
4,786,0.000200127180061785,3.21901084120379e-21,949
4,787,1.57091225319008e-09,1.32421935632234e-33,943
4,788,4.94505770863834e-07,1.82475171907198e-28,954
4,789,3.73192567743976e-11,9.41883720676392e-29,953
4,790,6.11072897201943e-10,9.54800580062038e-40,965
4,791,1.26733685995929e-08,1.73226987394087e-39,901
4,792,1.71694960672975e-07,3.48321165036014e-53,947
4,793,1.01350111015359e-07,4.67512877450063e-34,928
4,794,1.76322982181831e-07,7.16769964549416e-39,937
4,795,3.8527975594461e-05,7.34050090650821e-29,944
4,796,8.9754715685894e-10,7.85375932856532e-30,946
4,797,2.42184186071225e-05,9.82730183687624e-38,915
4,798,8.72720619369541e-18,6.46319988686834e-44,946
4,799,6.30708223251975e-07,6.346507324898e-38,922
4,800,6.78136412823816e-09,7.17398130146498e-27,926
4,801,8.57964913494413e-07,3.55978331896421e-32,937
4,802,5.11005693128303e-05,4.99003003860773e-23,895
4,803,0.000600469794001131,4.79129884216068e-28,934
4,804,5.21329188027079e-09,7.64786405559452e-39,898
4,805,0.0113039649666439,5.72936983450405e-24,965
4,806,5.02439779077475e-06,7.15181034224104e-26,913
4,807,2.13123998079265e-05,6.49751775459432e-30,919
4,808,4.62989843829422e-10,1.36100797959215e-30,919
4,809,2.08166491054163e-09,4.03044967026401e-34,949
4,810,0.00128052705532474,5.54530171489565e-29,937
4,811,6.58054459931644e-08,2.33744751212236e-39,930
4,812,5.63779007698478e-13,1.29145429754699e-37,964
4,813,4.57814262957513e-07,2.76030678341027e-30,937
4,814,1.39389769097639e-05,3.74903020916307e-43,923
4,815,1.91897881017303e-11,2.75886202887697e-43,924
4,816,4.39548335184407e-06,5.6300096267779e-28,938
4,817,2.02492136298107e-05,3.60617903920894e-23,937
4,818,1.38311746134709e-08,1.13503350131664e-28,934
4,819,4.92821005957587e-11,1.17299527017458e-44,946
4,820,2.61501760517438e-05,3.88303907078149e-20,911
4,821,8.75368490673986e-10,3.73800058707839e-33,920
4,822,1.2734675146769e-08,2.85877740517508e-37,952
4,823,0.0602962684876295,1.31116018323289e-25,931
4,824,2.74074398669175e-06,6.12539272496791e-29,927
4,825,0.000305743966791013,2.64918815295326e-23,949
4,826,2.5019884027455e-06,5.65834204178041e-36,931
4,827,0.000110459512135431,7.40881518201003e-38,900
4,828,2.15581999267836e-07,5.58445868585411e-33,912
4,829,5.20613877741051e-06,1.04056593073898e-36,908
4,830,2.52350681374778e-07,3.9302480629881e-36,915
4,831,1.96920309856724e-06,1.97549714653381e-35,962
4,832,9.66136013440281e-13,2.17246631309373e-35,949
4,833,9.71927909991466e-08,2.5991318044288e-36,945
4,834,1.14253270337976e-08,2.14611603186695e-28,951
4,835,7.17050699965674e-05,5.93823359428075e-24,922
4,836,0.0303950336226445,6.7332127933564e-31,929
4,837,1.25304402300585e-05,1.08800381686315e-32,893
4,838,4.12722084489737e-06,1.11340951645381e-27,953
4,839,8.67492160893806e-14,4.39764178870745e-31,948
4,840,5.22307678198329e-13,6.23721841913057e-41,934
4,841,0.000168675815978145,1.83813487503695e-21,943
4,842,7.78610946095201e-11,8.05085515882792e-35,928
4,843,0.000111680828974299,2.34842333021327e-28,943
4,844,8.07914560799108e-09,1.87556389140066e-39,908
4,845,2.47256283794374e-06,1.09956580606393e-39,946
4,846,8.92778252298373e-07,8.13994342500309e-29,960
4,847,3.30851473801503e-09,5.12377657211859e-34,944
4,848,2.58660589578101e-07,4.51027278818224e-34,950
4,849,1.47855418768607e-06,2.39786683718746e-36,960
4,850,9.0494403551175e-07,2.27468003630242e-34,946
4,851,8.766185213184e-06,5.23163742451239e-36,955
4,852,7.6775483716101e-10,6.41184638394577e-30,925
4,853,8.7285898581227e-06,4.76369073927861e-40,920
4,854,6.75908480978119e-07,1.52972682321463e-26,947
4,855,3.67008761798501e-09,7.08431147626805e-20,949
4,856,1.24941329946252e-06,1.18253158702657e-27,948
4,857,2.62171716390273e-07,1.84194641903515e-36,917
4,858,1.00813475858541e-06,1.87517242142038e-31,936
4,859,0.000368696523688064,3.44340914331438e-26,925
4,860,6.61366837503300e-10,1.41883660505133e-38,951
4,861,3.98254243032493e-11,3.26060986413801e-26,953
4,862,0.000296664859258274,3.17194762854996e-38,937
4,863,2.2425124219523e-07,2.63471986016623e-37,957
4,864,3.32501306905134e-06,4.6229949165314e-38,955
4,865,6.92847416386062e-11,8.77001313349899e-34,955
4,866,2.12745477226301e-08,8.6617799531234e-24,952
4,867,0.00124058423693275,8.8564708534384e-21,954
4,868,8.54821024468658e-08,3.353913611056e-34,940
4,869,2.93441646073723e-11,8.44681793512782e-35,902
4,870,2.61897357918432e-13,6.1986455124547e-41,939
4,871,5.31598712096319e-07,7.06639742333844e-31,928
4,872,2.58088996778251e-05,1.54485863154418e-37,935
4,873,1.14014146505988e-10,1.02526729084934e-35,935
4,874,0.00330097406457683,2.08054423268295e-24,925
4,875,2.60443519103422e-12,5.58414006649454e-33,902
4,876,7.70997084236183e-09,1.13902528414447e-33,949
4,877,3.96522873902863e-08,9.36030905170724e-30,927
4,878,5.95826326596587e-06,1.19141058663237e-31,932
4,879,6.48577079672012e-05,2.58315581242122e-30,975
4,880,2.99721914386769e-07,4.91569804352921e-30,922
4,881,6.22867838842573e-05,1.13849530489268e-43,929
4,882,5.02180085412731e-05,5.5904103250721e-32,922
4,883,6.59192842479675e-08,3.47527831965182e-35,924
4,884,1.21379620386734e-07,3.67390915365034e-35,920
4,885,0.00118248604351358,1.25553911920126e-30,914
4,886,3.98939783251969e-07,1.2916103718744e-31,923
4,887,4.15455751192458e-11,9.46991256880365e-33,902
4,888,4.83697384114219e-05,3.56097713288153e-40,943
4,889,1.42924005752119e-09,2.4923411863182e-28,927
4,890,5.88314952951546e-05,1.29395312485589e-31,942
4,891,2.89209020097973e-07,3.47729555729399e-33,937
4,892,5.71027025116969e-06,1.63840606704652e-36,934
4,893,5.76677092842252e-05,1.14346064124473e-25,949
4,894,0.000277205432284074,1.7670962542972e-46,915
4,895,1.04795845171691e-08,3.0885803798147e-44,926
4,896,2.57933159399993e-08,2.5939969944351e-30,921
4,897,7.38421699987871e-08,1.06745056196546e-37,960
4,898,3.43488395029849e-07,7.91895857560866e-29,922
4,899,4.8620124456427e-05,1.78380353406065e-27,942
4,900,1.42695513204895e-07,1.66405499697766e-31,949
4,901,8.83911461794359e-16,1.62245547359997e-48,934
4,902,6.70715761577653e-06,1.55968208116946e-27,918
4,903,4.73597675060971e-08,2.97107148278309e-35,918
4,904,2.3413568863352e-06,1.19300862964378e-44,932
4,905,1.22724313053493e-05,6.82279014539333e-28,921
4,906,7.1830251416979e-06,5.8991675688273e-37,899
4,907,1.56517862792319e-08,5.41620261339151e-36,947
4,908,0.00020639705891705,6.35755092224305e-36,933
4,909,0.000105214467815594,1.20498856656796e-19,917
4,910,4.03422584394569e-05,1.43434979836293e-29,946
4,911,3.34620355803474e-07,3.63261394973247e-27,957
4,912,1.04278624898636e-05,5.44755584638669e-35,939
4,913,7.41873379667749e-11,2.83993436574444e-27,935
4,914,1.28435005372639e-11,5.25745488261748e-32,920
4,915,7.91832304941948e-06,8.93100129731942e-29,965
4,916,9.43627021030275e-12,1.63245306086821e-36,965
4,917,7.45541270119134e-13,3.04016243891837e-35,927
4,918,0.0595135082912332,9.03464134134199e-16,958
4,919,7.96007418832861e-06,7.44004797714049e-26,928
4,920,2.12954063426785e-07,1.81289988636418e-37,933
4,921,8.08493628890834e-14,1.40294267680116e-30,914
4,922,5.33741349118891e-05,1.86463245739503e-34,946
4,923,1.84119368830134e-06,1.01054081289205e-29,937
4,924,0.000250443145009767,4.08613797662591e-24,962
4,925,0.000367280449210017,4.39633992156453e-23,948
4,926,0.000122791206178134,2.52219391647802e-36,915
4,927,1.74654391212437e-11,3.07097801209204e-45,936
4,928,4.07076086622575e-08,1.12027327759218e-44,935
4,929,2.37649137009776e-08,7.30866120930647e-35,954
4,930,0.000390865726506744,1.54656782798575e-22,951
4,931,7.16653731622414e-10,1.37629833273281e-30,952
4,932,1.89108337977816e-10,1.12440281010842e-34,923
4,933,3.79232415414226e-07,1.28269133709346e-28,932
4,934,4.28286193103019e-08,9.59028133187545e-46,928
4,935,2.20398159812345e-06,8.48423600878411e-27,908
4,936,6.14429722513294e-10,2.00133674379442e-47,947
4,937,0.0102525162128869,2.81322367125213e-29,950
4,938,0.000158327810835069,3.61994842099838e-35,946
4,939,1.50804567754239e-08,6.98069212540103e-32,890
4,940,2.70375607155778e-05,3.302731704752e-34,951
4,941,7.21771639182119e-05,2.04976645163397e-40,938
4,942,1.1655039344132e-06,2.02333486840958e-31,951
4,943,2.34772171872353e-05,5.26313531287732e-31,926
4,944,0.000897169159431087,3.2977162889852e-30,915
4,945,1.12840696148345e-05,9.08970563931466e-41,919
4,946,1.3365416641319e-07,1.17386027447119e-30,923
4,947,4.15159461280696e-06,1.30060951250383e-38,950
4,948,3.05196657516564e-09,1.07162872849496e-50,945
4,949,1.68595551738308e-08,1.12204050457559e-30,904
4,950,4.03498815142527e-08,2.29613363253112e-37,964
4,951,1.1708181048643e-05,2.54368442548136e-23,936
4,952,0.000317127908621071,5.23738920818207e-24,919
4,953,1.4853227626315e-10,7.73108360666947e-37,910
4,954,1.13878311348492e-06,3.87776143043817e-29,906
4,955,1.37001448796204e-07,2.62057206206471e-36,939
4,956,5.75545195508305e-05,1.00797880564903e-25,940
4,957,2.3252215313756e-05,8.42086708076376e-29,931
4,958,9.09502729745736e-06,7.91098018484e-29,903
4,959,7.63083721771526e-07,1.36352305088889e-20,959
4,960,4.96350039538761e-05,2.25397339416096e-28,947
4,961,1.32248987465813e-11,1.06866604595682e-32,950
4,962,1.76951466227679e-07,8.47236282464826e-23,940
4,963,0.0011180361360338,9.02174742805344e-21,942
4,964,4.30243298287932e-05,1.37145459167566e-28,963
4,965,4.21297398113015e-09,3.31128223919029e-41,938
4,966,2.5529378609259e-08,1.80255320943796e-36,943
4,967,7.710745510477e-10,1.88661062779615e-27,939
4,968,7.62429081744204e-05,1.57844002752246e-26,946
4,969,0.000442078509832431,2.89131360232085e-31,953
4,970,1.18636750252222e-08,5.71834583145909e-39,924
4,971,6.11801307107185e-08,6.82090667590193e-35,952
4,972,0.000135481400381954,2.54745195628497e-33,930
4,973,7.69319444670168e-07,1.1514126924526e-34,960
4,974,3.83193390393897e-09,1.08229750097257e-37,934
4,975,0.00030770223954001,5.98444918290121e-34,894
4,976,1.39212524974606e-06,9.71029488104355e-39,933
4,977,2.56168307076685e-09,2.89318125408235e-37,953
4,978,3.78606557109425e-05,2.00673608194796e-33,946
4,979,6.58536331431521e-06,1.05261528306419e-26,922
4,980,0.000178945321215821,1.86611279702035e-39,950
4,981,1.33917181841303e-05,3.07013826010568e-28,944
4,982,1.98228571630462e-11,1.22418993230433e-39,949
4,983,5.09809298221196e-12,4.5773077710155e-32,940
4,984,9.07756767729424e-06,2.2515109205599e-30,944
4,985,2.29258918458872e-05,2.86753343490853e-41,908
4,986,2.78495998002794e-12,9.19797827926005e-39,941
4,987,7.12947797613521e-11,7.55515638287625e-42,943
4,988,9.44440148971539e-09,1.94866039435634e-39,910
4,989,5.79611474318275e-06,3.40438233720442e-30,922
4,990,0.000143194947016089,6.20966774710412e-26,930
4,991,4.74679635928307e-13,9.66407145223229e-36,938
4,992,0.000140529800606942,1.72042131227208e-26,932
4,993,4.86335480044075e-09,3.23613529063848e-26,939
4,994,6.24734295137964e-11,2.1504720634503e-38,942
4,995,1.27889729848632e-14,1.85552469464173e-50,953
4,996,1.5772063069121e-07,2.0007620684955e-36,897
4,997,9.46675964553137e-05,2.08239026182324e-35,964
4,998,2.868663172734e-07,2.2111576973686e-23,932
4,999,1.50542352908628e-12,2.73485793819357e-40,914
4,1000,5.9597035685766e-06,3.37855622899202e-35,970
4,1001,1.85451187968774e-13,3.20917546858837e-39,954
4,1002,1.96697503523325e-09,1.16969031851517e-29,942
4,1003,1.8502147490251e-09,6.7219871751073e-35,876
4,1004,4.91122922738706e-07,5.1183822102727e-34,905
4,1005,3.32061954508753e-05,5.3872059626865e-29,930
4,1006,5.08183648297593e-07,4.24762826608443e-37,942
4,1007,3.17532444904419e-08,6.1363798221569e-36,951
4,1008,1.9923566138586e-10,4.75482412871077e-39,951
4,1009,1.82704922350998e-05,1.36503360009276e-29,937
4,1010,4.33985230538543e-08,1.01583146688225e-40,954
4,1011,0.001885786399606,1.59990941447803e-24,956
4,1012,2.57759476971441e-09,4.19623258125859e-35,952
4,1013,2.0821994867731e-12,8.522403486799e-39,968
4,1014,3.87574894641256e-07,3.28852343597882e-32,947
4,1015,5.75297879926913e-07,7.74182419262851e-28,946
4,1016,2.6387087696489e-13,5.2500357099445e-41,941
4,1017,7.93621585036016e-05,6.07057779129026e-25,938
4,1018,7.09052645085357e-06,6.11702424659853e-30,908
4,1019,4.66086268517854e-07,1.35091866505512e-31,938
4,1020,5.94597755130784e-10,4.60866997165762e-46,953
4,1021,3.76114835329613e-10,2.4999355234702e-31,934
4,1022,1.10327368860154e-14,5.17937945167838e-31,940
4,1023,7.10789933470529e-06,2.96090632754345e-30,933
4,1024,2.8376642615526e-06,2.16017801571738e-31,945
4,1025,3.77031291917544e-13,1.51043241440972e-45,907
4,1026,0.00239968680496296,9.59567427875675e-28,916
4,1027,2.79848147889356e-08,4.42859796035303e-30,943
4,1028,1.93306751418985e-06,5.65101080114243e-38,926
4,1029,2.13070833996674e-08,2.94816389006444e-36,954
4,1030,0.0208628128985491,8.43005495250339e-31,953
4,1031,0.000304918729194106,2.68308940505212e-36,939
4,1032,0.0055086898208867,9.46723737046432e-27,959
4,1033,3.39074605823708e-07,8.06787836053662e-31,960
4,1034,0.000100164369169362,3.02791549449268e-38,934
4,1035,8.52914642970502e-11,1.64451433394789e-34,933
4,1036,2.16947794505113e-06,6.44180702829035e-33,953
4,1037,0.000238933760300732,1.56532311571729e-40,934
4,1038,7.00442955161075e-05,2.17620795530548e-23,932
4,1039,6.10454706740044e-06,4.2129575088579e-28,934
4,1040,1.35986647817528e-15,8.65111466688545e-29,955
4,1041,1.24832197218697e-15,4.09348372634086e-22,952
4,1042,1.94351394417959e-05,2.72383242709373e-37,911
4,1043,0.000424822649827053,7.90804680715194e-30,940
4,1044,2.71820498845157e-06,1.00400177622648e-39,945
4,1045,0.000823624973404121,1.66006075479469e-32,937
4,1046,8.06596799909285e-05,3.53787218199298e-27,953
4,1047,3.11837942338407e-09,1.18975600745178e-38,938
4,1048,5.67905455021561e-06,1.52235254981444e-33,912
4,1049,0.00182426560695369,2.87799520325462e-25,941
4,1050,6.72512857155697e-10,1.06851063989571e-33,954
4,1051,2.80819121376493e-14,5.24272486704124e-38,956
4,1052,2.14462061994173e-06,1.08870054817997e-33,942
4,1053,7.43198869295172e-09,2.16322888977151e-34,929
4,1054,9.48423709567652e-11,9.77910547938626e-35,945
4,1055,1.93603786695093e-06,2.14241425358869e-23,945
4,1056,7.55263748442972e-07,2.78338612317015e-35,940
4,1057,1.58553110463738e-06,1.29667505548897e-23,937
4,1058,4.24296393861826e-08,1.1870857054552e-33,932
4,1059,2.73396121621875e-05,8.37876919258834e-34,939
4,1060,1.97980037698947e-18,8.17797708753713e-35,958
4,1061,1.45117545537666e-09,5.62929574694565e-31,953
4,1062,1.11390990836679e-09,1.01373741616175e-28,955
4,1063,1.74161924207408e-12,1.07610384230334e-36,934
4,1064,8.32201535536112e-13,2.14651612373372e-41,943
4,1065,3.02647122521416e-06,5.99843271870689e-28,957
4,1066,5.30723473808253e-08,9.72489261474718e-32,906
4,1067,2.05458603404344e-05,1.5554852931492e-39,959
4,1068,5.90137501120168e-10,8.0496695523506e-40,905
4,1069,3.99567543189552e-05,8.89089127771626e-33,942
4,1070,0.00020706109872084,1.13328976961173e-47,947
4,1071,0.00051446110060432,4.57888228985117e-29,947
4,1072,1.18928271697687e-06,5.58406714018438e-29,952
4,1073,8.53589623411827e-14,1.16037680723977e-36,953
4,1074,0.00095876350855788,1.74445215775729e-32,952
4,1075,4.26866620015069e-10,4.74608759401926e-36,971
4,1076,3.17523127853794e-08,5.56691313524982e-33,952
4,1077,0.000109855787340925,7.39275539349084e-33,927
4,1078,5.17508581863381e-10,9.56878074746358e-36,937
4,1079,6.34615538810148e-05,4.04102587349783e-18,947
4,1080,2.43093795073531e-09,8.73827001387728e-34,963
4,1081,5.78657794188773e-09,9.39123891650502e-40,967
4,1082,4.71708442375218e-10,6.03693034181759e-34,946
4,1083,5.14856794905215e-09,2.89552108392401e-29,913
4,1084,2.03899763105951e-06,3.95049818602504e-38,935
4,1085,1.56775396659766e-17,1.16856516535395e-48,932
4,1086,5.42674795109987e-06,2.36189985865087e-24,918
4,1087,3.22539872273132e-06,9.82533158959419e-32,950
4,1088,5.06595723984546e-08,5.34492618887911e-30,931
4,1089,1.32965511872978e-07,9.89525495030792e-37,945
4,1090,0.000436722669394284,1.09394982649973e-27,952
4,1091,5.25984396205119e-06,3.59050295589801e-38,917
4,1092,1.61456455754687e-09,9.51802168006437e-37,971
4,1093,6.42529412251291e-05,5.72597938024821e-27,941
4,1094,1.22268298130057e-07,1.11213781506404e-32,934
4,1095,2.42254476177194e-05,8.83404700544117e-30,918
4,1096,4.00011095685868e-08,7.60012465534532e-31,907
4,1097,0.046080241501972,2.32509420601922e-27,938
4,1098,0.000349834559215621,9.18808339082179e-26,891
4,1099,0.00382477045671156,2.84819977824295e-25,928
4,1100,0.000414790349951268,4.08548408168205e-30,919
4,1101,3.98751709521735e-09,3.25251609830108e-30,957
4,1102,3.75865657610418e-10,8.39528745163869e-33,928
4,1103,1.2053547303669e-05,9.54118724937339e-26,946
4,1104,5.10899531723565e-11,1.52518276713317e-30,920
4,1105,1.54581694634704e-09,1.07881849049805e-46,943
4,1106,7.46605566304428e-08,1.1142448582332e-24,923
4,1107,0.000564669320922397,3.87361248412236e-30,956
4,1108,6.2300018563513e-07,1.68869324750127e-39,921
4,1109,4.41965843837509e-08,4.40640766420269e-39,954
4,1110,1.95105289916313e-05,1.10390106666853e-21,910
4,1111,4.70622432692095e-05,6.57841390268123e-32,930
4,1112,1.51806998753533e-15,5.76064978233091e-48,917
4,1113,7.52523745253955e-07,2.30386670402528e-37,948
4,1114,2.78414182542433e-05,6.88109691576935e-30,944
4,1115,0.000283707266453135,1.27631664533845e-25,908
4,1116,4.15455730245534e-10,3.16153179315309e-42,932
4,1117,7.0481408329834e-06,9.99477647436366e-35,945
4,1118,0.0013341702089478,4.11521060209162e-30,968
4,1119,4.09925043282873e-06,4.21069558290629e-32,934
4,1120,6.95233941121429e-08,3.51740068142635e-44,958
4,1121,0.00014037412595008,9.95633845299653e-25,946
4,1122,1.27008176510129e-08,2.20139453787774e-24,938
4,1123,2.86920651633194e-12,2.16620529833074e-20,938
4,1124,0.0020143512100539,7.75736443713031e-25,961
4,1125,7.51917057306927e-09,1.86503609050962e-30,931
4,1126,5.39885558420417e-12,3.47883849672246e-36,951
4,1127,0.000151471798310212,1.06044099834328e-23,918
4,1128,0.00153230664520384,1.3516115754589e-21,949
4,1129,1.06390288291186e-06,7.43177560130364e-33,920
4,1130,1.15033235241288e-06,1.83658408552322e-31,940
4,1131,4.13088256770223e-06,1.50124308664813e-29,966
4,1132,4.94521005884029e-06,4.93839263923539e-29,964
4,1133,8.09089914252853e-08,7.48808164128183e-30,971
4,1134,4.03881264452147e-16,1.04504165584636e-32,938
4,1135,2.10943271129862e-05,3.49885586513413e-28,951
4,1136,0.000477086146399946,1.62527461773187e-40,926
4,1137,1.16523842168103e-10,4.41647025321189e-41,932
4,1138,4.44933956055035e-12,1.04156537941033e-41,932
4,1139,7.72032319974578e-10,5.64858917405929e-30,947
4,1140,5.17139363851983e-06,9.42301388025371e-35,935
4,1141,9.08426318459183e-06,1.55971993950061e-31,953
4,1142,2.56136130437855e-05,7.6615104221824e-35,920
4,1143,2.29872664825629e-11,1.25269730661549e-39,952
4,1144,0.0102219643210228,1.18887676714843e-28,935
4,1145,2.94845692328734e-06,1.15842233264278e-24,961
4,1146,1.65093991564509e-07,3.30911328969949e-31,948
4,1147,5.91295272713438e-06,3.12900775608999e-37,942
4,1148,4.12299253074713e-08,3.50508554408212e-30,960
4,1149,6.50921138525838e-07,8.31404849356227e-40,964
4,1150,6.7112836174828e-10,3.61247422950315e-31,925
4,1151,0.000364563593612202,1.68237951622932e-34,920
4,1152,4.61102507701389e-08,5.89784513418907e-27,974
4,1153,6.20620126065659e-05,1.26376252030919e-25,952
4,1154,7.30918567288835e-06,1.26177017618342e-25,937
4,1155,2.79554865701029e-06,7.96861873899829e-32,963
4,1156,4.13642664621347e-07,1.67331743056399e-24,927
4,1157,1.68127083796526e-06,9.33821813676695e-27,961
4,1158,1.13545107670259e-06,1.22178771420893e-24,897
4,1159,4.26335593414749e-06,1.06040380176611e-32,958
4,1160,1.12387456236417e-07,2.07069888101947e-34,961
4,1161,4.63404363398648e-14,4.28369490013273e-38,934
4,1162,4.14987247923733e-10,6.87926472486984e-42,928
4,1163,2.34601901444727e-08,1.01849277513259e-27,933
4,1164,5.26507340875793e-06,3.48460598306203e-31,968
4,1165,0.00010320467933215,5.75450592987535e-33,957
4,1166,0.000404563826425267,3.16616089809195e-23,970
4,1167,1.62124283472982e-09,2.22621572975294e-39,902
4,1168,0.000316325789085283,5.62340719058762e-39,946
4,1169,4.68177074875318e-08,1.96457290513097e-43,944
4,1170,1.88850857116574e-08,2.59795213360158e-26,943
4,1171,2.29098984350529e-07,4.07683164909571e-35,891
4,1172,7.2107103992989e-08,1.04067358814752e-36,935
4,1173,6.07726604932946e-16,4.16822352478089e-51,936
4,1174,0.000408318197128427,3.30254574913309e-35,947
4,1175,2.38977348095169e-10,1.03386852853211e-35,941
4,1176,1.19859107760839e-05,2.95178973643636e-29,950
4,1177,1.00076958538848e-06,1.06447605453915e-30,956
4,1178,9.78649141287512e-06,5.14833075071223e-34,932
4,1179,9.48190945296512e-08,1.72083683562752e-32,952
4,1180,0.000246435440675149,5.71251770423768e-24,948
4,1181,6.78564263057389e-09,7.57206940337225e-35,924
4,1182,2.12361401408659e-07,9.85342403382704e-32,937
4,1183,1.03091335465018e-06,6.31055621162298e-27,919
4,1184,3.4760135853398e-05,1.70190185489917e-24,940
4,1185,0.279715273661586,8.54678403571882e-34,920
4,1186,3.86049951236831e-06,1.29734717927903e-27,940
4,1187,0.0355581256554148,1.33488232600896e-31,940
4,1188,0.000244309314521761,3.60695050002337e-36,934
4,1189,1.60135062067766e-07,4.21224192923605e-34,961
4,1190,2.14667139364314e-05,1.14975436802126e-29,939
4,1191,2.11242605226786e-05,4.06379396557925e-28,906
4,1192,6.80263261131504e-13,2.08942430768839e-31,914
4,1193,0.00114870458771603,2.6842395408538e-39,952
4,1194,0.000100615329123673,4.54865633836108e-31,959
4,1195,1.88171458318935e-05,2.44807993162927e-38,929
4,1196,3.77480953642866e-08,3.09697426029877e-27,915
4,1197,2.5643892123237e-07,5.40665231625021e-35,900
4,1198,1.57890472293913e-06,2.66063293074996e-34,942
4,1199,7.8872682269451e-14,1.05482325737542e-33,926
4,1200,0.000809385206594654,5.03702757881989e-27,928
4,1201,0.00156283267902226,4.33323692832208e-33,969
4,1202,4.64164533994534e-07,8.63335596730454e-32,949
4,1203,2.05444863434932e-06,1.07579768624076e-32,957
4,1204,0.00883662519841494,4.79565361701122e-28,946
4,1205,4.57055298395852e-05,2.90681994055793e-40,950
4,1206,3.89181135260746e-08,8.50403246947091e-40,909
4,1207,0.000164270744389339,8.67779478012869e-29,965
4,1208,4.26544499053301e-13,5.85646069350683e-33,927
4,1209,7.93336706959359e-17,2.21673749413435e-57,932
4,1210,1.57189287590452e-14,3.63801801018164e-29,926
4,1211,1.63111982328171e-08,5.3284087465257e-24,952
4,1212,1.32678742415325e-10,1.31883137250125e-39,935
4,1213,1.61727141296516e-07,4.90438493070731e-35,924
4,1214,0.00105450848450496,2.27734315163849e-37,965
4,1215,1.8824390326252e-07,1.01164955638373e-41,949
4,1216,2.36433404988875e-08,2.27880611174006e-36,934
4,1217,1.0603794607431e-14,1.52390223227589e-29,907
4,1218,5.05409104344908e-06,1.46525882253321e-30,918
4,1219,0.00525580184256478,1.22476422961002e-26,931
4,1220,0.00245109395346917,5.78360683710592e-33,916
4,1221,4.63539693608954e-06,7.97932916256433e-33,947
4,1222,9.33856493898811e-11,9.63939032398515e-34,913
4,1223,8.42205467536387e-05,3.0271457784855e-35,928
4,1224,2.55111736143471e-12,1.09584880205225e-34,952
4,1225,2.62663421875302e-12,1.22214516128636e-44,931
4,1226,2.75293199150093e-10,2.50761735632691e-32,927
4,1227,0.000106122406920868,6.25396335247258e-35,972
4,1228,0.000498274008021558,1.27235391369944e-35,930
4,1229,1.70642040811241e-05,5.02276779815933e-25,895
4,1230,3.22333853433386e-09,5.79894998700457e-35,958
4,1231,1.62854492519817e-07,6.65911977913417e-40,966
4,1232,2.71067549941257e-06,4.67874099236931e-35,947
4,1233,5.63052824198959e-05,7.49182008720401e-27,916
4,1234,7.96777885908089e-07,7.34536158662451e-27,895
4,1235,1.64672139936162e-11,2.48334494945577e-34,935
4,1236,1.69279937483177e-07,3.99680133782483e-32,941
4,1237,3.14492375816852e-07,1.23623447717368e-30,944
4,1238,0.00139823685320781,3.24293876207705e-31,942
4,1239,2.35796848825503e-10,3.68931569246032e-43,944
4,1240,0.00676248669207974,3.27360353283963e-29,937
4,1241,4.74335617704967e-08,1.61795210877539e-27,943
4,1242,4.19863311276058e-05,7.30536887605017e-24,952
4,1243,6.56731237330691e-10,4.75596925644224e-41,944
4,1244,1.67450986690454e-06,5.76990842348073e-37,932
4,1245,0.00139696644038318,1.25995847852417e-31,935
4,1246,0.00435288400973328,2.25484154860863e-20,940
4,1247,2.16719093679553e-07,1.57845545848129e-20,950
4,1248,1.22883713992087e-08,5.49824607335616e-31,944
4,1249,2.37637261061579e-07,7.00354178461028e-35,966
4,1250,3.65383313963793e-12,9.72290882555763e-46,945
4,1251,1.10421810281989e-08,3.44612945097235e-32,951
4,1252,5.34358185546987e-10,6.89473853961577e-39,924
4,1253,2.60211927982398e-05,1.02524284632236e-26,947
4,1254,6.5851761183787e-09,7.44357147440074e-38,933
4,1255,1.26069823489365e-05,2.1913930257652e-48,951
4,1256,1.39339472716568e-06,5.95589999250237e-36,938
4,1257,6.04580352457963e-05,7.82103711031466e-25,925
4,1258,1.89258800980034e-09,2.20898105944418e-36,957
4,1259,1.6731028463082e-10,1.48537527239672e-38,929
4,1260,0.00425272110613685,4.62432311184993e-33,914
4,1261,0.0352820185344104,1.17551463926234e-27,930
4,1262,8.70325050279074e-06,7.65739656577511e-28,938
4,1263,6.92153565219276e-07,3.23460165671516e-29,954
4,1264,6.15269321184313e-09,6.60547771948333e-29,927
4,1265,0.000323067999029859,2.39987403821214e-32,965
4,1266,0.000347655879920312,2.39694874371506e-35,929
4,1267,2.82508571640475e-08,3.70140565158643e-25,938
4,1268,1.39626064320566e-09,4.21412281696284e-33,950
4,1269,1.15861261143368e-14,2.3588639793857e-33,963
4,1270,1.75997037045407e-12,8.55805039552385e-42,967
4,1271,0.00378062098828911,3.58344389850217e-31,921
4,1272,1.26463524687111e-07,1.75389245311539e-45,940
4,1273,6.68802525274544e-05,4.39336342583643e-26,936
4,1274,4.16260763252566e-10,1.61070916159125e-45,911
4,1275,9.43667325585832e-12,1.34700709413687e-32,951
4,1276,1.66386109269112e-05,8.29392116597311e-31,938
4,1277,3.9207618451332e-05,1.22396261647494e-22,920
4,1278,1.35036223901432e-05,8.0330053767633e-28,935
4,1279,9.23848929805914e-06,2.1599562955191e-32,933
4,1280,3.32583595684512e-06,1.24453666201913e-44,967
4,1281,1.7672176568169e-08,6.97625359729597e-38,926
4,1282,5.05821539424919e-07,1.252246886961e-23,962
4,1283,2.11648082764291e-08,2.63444511095799e-28,956
4,1284,8.72852551065036e-13,9.01767834018242e-45,955
4,1285,1.86935884642587e-15,4.28316791115125e-47,905
4,1286,0.000679915792272697,4.10614564679184e-25,966
4,1287,0.000124421817539456,3.36402008005361e-31,940
4,1288,1.32326602437976e-07,6.36314774542479e-37,955
4,1289,4.28865432576798e-07,6.99969479028249e-29,928
4,1290,0.000397552262525919,7.57075879223912e-21,951
4,1291,1.32074040293808e-11,5.33896584498607e-49,965
4,1292,0.00046113674479588,5.67825932283482e-31,957
4,1293,2.68812238734379e-06,1.02662921779678e-36,978
4,1294,3.12384146432069e-05,7.64765843923201e-26,923
4,1295,2.47576722615552e-13,4.08382972766011e-43,940
4,1296,3.78132250505783e-05,2.09869709405358e-32,945
4,1297,4.93562480176824e-08,3.73250113639045e-25,929
4,1298,1.70470419131396e-11,6.42236975500714e-32,904
4,1299,4.46931651342471e-05,1.73875439614646e-36,952
4,1300,1.39405409143302e-08,1.28576055106153e-36,937
4,1301,0.00106862832605,2.24176977164871e-29,932
4,1302,8.88902086913336e-12,8.22758363519152e-36,942
4,1303,0.000294606521914209,9.34125202184166e-27,932
4,1304,2.53052290033951e-10,1.84232250321935e-41,930
4,1305,6.46632228914528e-05,1.89891873754802e-35,939
4,1306,0.000112100040563242,2.60597922492695e-30,941
4,1307,0.00034192844691945,2.8393687385214e-28,944
4,1308,2.61962743333245e-07,1.21439007037705e-21,961
4,1309,1.58332542520849e-07,7.90479109357843e-38,924
4,1310,3.72076807563487e-07,1.76187067934637e-29,912
4,1311,5.18517716364842e-07,9.15598370568595e-32,935
4,1312,7.4334463855016e-07,6.07276240822007e-26,920
4,1313,0.00360767427410197,1.33645571148223e-32,918
4,1314,5.35973682016037e-09,2.95432085820777e-37,940
4,1315,2.3244618799506e-13,2.56282444375322e-43,947
4,1316,3.55791347556859e-09,5.83852391229013e-32,932
4,1317,1.27172109227912e-07,1.1134060652501e-25,927
4,1318,8.79689375734365e-06,5.98106198851093e-31,953
4,1319,0.000118635373735293,3.05332050854726e-25,924
4,1320,1.15031018886469e-08,3.26286371212665e-36,954
4,1321,1.83627962943116e-05,2.21620255197091e-25,966
4,1322,2.94300678455695e-07,1.72626730112453e-36,906
4,1323,1.7774790516485e-11,7.58119370074135e-43,969
4,1324,0.00247751394597675,8.60716036397896e-30,907
4,1325,7.88572168258413e-12,2.92202180866713e-34,946
4,1326,2.207810375602e-07,7.63784068826109e-40,916
4,1327,2.88876283177666e-06,1.02998499736306e-39,946
4,1328,5.49976916286353e-06,2.70572383125219e-25,937
4,1329,8.59961705684829e-06,3.36499766959678e-27,940
4,1330,1.39996048845628e-11,4.71934839884689e-36,927
4,1331,0.000290812710538353,1.59594767395417e-22,930
4,1332,1.38446247566403e-05,1.11638363543635e-26,914
4,1333,3.62898827951906e-05,4.43357837371872e-22,944
4,1334,9.66139755870262e-06,5.29623926098513e-31,944
4,1335,0.000484855089910517,2.06598545494584e-30,937
4,1336,4.68520152088725e-10,1.17495367957404e-40,932
4,1337,3.21814186460662e-07,3.85469050753089e-30,938
4,1338,0.00029231507245416,6.19384220917932e-22,926
4,1339,1.88989576822858e-08,2.17616227002379e-28,970
4,1340,8.63666247940355e-09,1.40868413808835e-37,949
4,1341,3.79652258876768e-09,2.66816434360318e-30,953
4,1342,3.49760294771195e-06,1.4444458359983e-30,942
4,1343,1.22195371737372e-05,7.04772877041206e-50,965
4,1344,2.77122499417038e-05,1.66162238529636e-32,955
4,1345,4.74517899942432e-08,2.76793886051729e-29,936
4,1346,1.52729187156614e-05,4.50759786697762e-30,952
4,1347,0.545970705245164,4.1581802661127e-22,966
4,1348,0.0013961285458426,5.01306682856478e-26,953
4,1349,1.48568961287245e-06,7.58103825969088e-30,960
4,1350,5.77419206506097e-08,3.01201369535847e-34,944
4,1351,7.9091842011965e-09,1.77159029167293e-33,939
4,1352,2.72806056981419e-05,7.56573333231955e-32,938
4,1353,1.45966977354435e-11,1.75424547274213e-33,969
4,1354,1.68063096625259e-08,1.94973686733236e-32,918
4,1355,8.59290021904372e-07,2.17216755803168e-31,920
4,1356,0.000334841709840896,4.1061393914544e-31,945
4,1357,0.000282841309368759,2.33308142672573e-40,945
4,1358,0.110905959296406,3.64247129222759e-23,927
4,1359,2.06905749889353e-10,1.60354357850604e-41,887
4,1360,3.81332112436633e-08,7.4435452074192e-30,916
4,1361,2.01469724793704e-13,8.54942460407375e-36,934
4,1362,9.54406894859561e-06,2.00295595601602e-24,904
4,1363,2.54352474317642e-06,4.19519776667716e-35,896
4,1364,3.41601017054622e-10,1.08496206818547e-35,941
4,1365,1.19402917382389e-08,3.14127790790686e-34,932
4,1366,1.12492341993766e-05,3.03900894173023e-33,944
4,1367,1.06432332641351e-11,2.75974591722439e-32,952
4,1368,4.98936997089853e-11,1.10336424358166e-50,970
4,1369,4.14721001955279e-11,2.58941733660588e-34,912
4,1370,3.80751241306953e-09,2.79742467237843e-32,936
4,1371,0.00341581709710364,1.22686361095134e-27,914
4,1372,2.12746031726141e-10,1.23081646871459e-39,925
4,1373,2.93754276790864e-06,5.33078304867221e-27,938
4,1374,5.57932709814197e-05,1.74966348183448e-34,945
4,1375,4.26298802655638e-16,3.09522138992029e-46,898
4,1376,2.98196714557319e-09,1.04669933959338e-27,940
4,1377,4.70841852942319e-07,1.88547233086228e-34,928
4,1378,0.00252865126699145,1.55375176744915e-24,903
4,1379,8.80754478198334e-07,1.32566472438142e-31,942
4,1380,9.14582764143977e-06,5.08638650070562e-28,945
4,1381,0.000114100596220778,1.02543499843088e-25,963
4,1382,2.19773168274914e-05,1.45445065021181e-24,965
4,1383,4.13989991827089e-07,3.39613639785712e-36,944
4,1384,4.89361290520297e-12,2.31532905848426e-30,919
4,1385,8.28433323259445e-06,3.82043503989865e-29,936
4,1386,2.58216850347388e-05,1.01180459441405e-25,931
4,1387,1.02732256651025e-09,3.33593375603271e-25,930
4,1388,3.81625921542242e-09,2.13351442995384e-33,944
4,1389,2.38099537477071e-08,5.72695371392115e-33,930
4,1390,1.20609681660672e-05,2.64537270544331e-33,915
4,1391,1.53152973439059e-05,1.15046094941459e-32,929
4,1392,0.00233999534959841,1.38146951723265e-25,949
4,1393,0.000562921881535897,7.41487769079001e-23,958
4,1394,0.00483730243047832,1.6104841536193e-29,933
4,1395,1.09252128772605e-05,2.03202758166856e-29,935
4,1396,0.000150325846706783,2.14407207792649e-29,964
4,1397,5.92578284629456e-05,3.180288899943e-31,941
4,1398,8.15488072528691e-05,1.52858972988576e-25,945
4,1399,7.50948292815954e-16,5.08827448928687e-46,953
4,1400,2.74880542770067e-09,5.28840230988655e-43,961
4,1401,8.80140213000744e-10,5.11432411544019e-38,954
4,1402,2.52192543170822e-08,2.11566746223643e-34,951
4,1403,1.77512192931582e-15,2.15992197194011e-48,928
4,1404,1.32960452233182e-07,1.51784379271532e-40,924
4,1405,1.33107582423734e-07,9.32877511550666e-44,972
4,1406,5.40964210525929e-13,6.7857147247647e-54,892
4,1407,3.52101826439739e-05,2.97576331494014e-31,930
4,1408,3.4070676423278e-12,6.37961809044222e-36,962
4,1409,0.000216703798020102,1.15080695505471e-28,947
4,1410,0.000387615005810021,6.88854701298959e-45,927
4,1411,0.00169480287653459,5.50118348947704e-23,963
4,1412,5.28109820401363e-11,1.16257278951078e-32,926
4,1413,2.45194861640312e-06,1.63389114495313e-34,939
4,1414,1.552305768325e-09,2.29419806621518e-41,958
4,1415,1.26768473902158e-12,1.90810817485623e-43,937
4,1416,1.87534447195187e-06,7.82736628506906e-30,954
4,1417,2.37789186094882e-07,2.97109211093541e-20,914
4,1418,7.01491159801522e-06,1.43162665766397e-26,958
4,1419,3.03937725588186e-05,1.76468585569528e-46,889
4,1420,4.33156088001122e-06,3.23168627574778e-35,949
4,1421,0.000225719240490121,2.01434273493905e-32,946
4,1422,1.49117465759222e-09,7.28279316672783e-29,943
4,1423,1.06741319069445e-07,1.00527188205963e-33,927
4,1424,1.3167782593448e-05,3.357255909306e-31,923
4,1425,2.21873586382647e-09,3.0958388715698e-29,944
4,1426,9.24280286222282e-06,4.69236983313156e-32,958
4,1427,4.37065550471235e-10,2.63697681615205e-39,925
4,1428,4.6004542965973e-09,2.19125929504124e-38,934
4,1429,4.48784968363781e-05,7.94008525892936e-30,980
4,1430,6.55471046329572e-05,1.42487080271859e-30,956
4,1431,7.70391683657746e-07,5.86418145182171e-24,943
4,1432,3.18164620036066e-05,2.14753340773327e-34,912
4,1433,6.53498465441543e-07,2.13884305023046e-29,936
4,1434,4.67833122419096e-15,2.75095035912734e-38,930
4,1435,7.10965502928769e-08,1.80644242532592e-37,939
4,1436,6.35705754111279e-08,1.18803874303888e-40,954
4,1437,1.71449874642743e-09,5.31756021337475e-35,929
4,1438,9.99949084643002e-11,6.32781533232488e-26,933
4,1439,9.32675731391975e-09,1.26550164234359e-40,895
4,1440,4.7494940933196e-06,6.75686521104401e-40,960
4,1441,7.82560322497832e-12,8.50797839513372e-30,927
4,1442,0.0637213941547747,1.1905346857556e-22,944
4,1443,1.56802790235856e-05,6.95558960102214e-37,956
4,1444,0.000251418341324917,2.37370270878426e-31,914
4,1445,0.000311772715379783,2.62132335802786e-26,930
4,1446,4.60179422889095e-10,2.30374711460595e-19,930
4,1447,2.89608661458436e-06,2.84823996940045e-30,904
4,1448,1.74540488684755e-08,4.65598640801879e-35,919
4,1449,1.19056548800634e-08,1.27227617326755e-30,942
4,1450,2.65528645445899e-07,3.93724294366e-32,915
4,1451,2.08666723939004e-07,1.39652288199092e-27,949
4,1452,0.00361686237631005,1.20147699155232e-25,957
4,1453,6.29635637256593e-10,1.32328374806138e-40,955
4,1454,9.3780464385972e-05,1.55529273901915e-30,963
4,1455,2.99875099772663e-08,2.14107180357396e-37,952
4,1456,5.19569597993644e-05,5.87635193433003e-27,965
4,1457,7.28107962862967e-05,1.49891082039335e-27,948
4,1458,4.08387874620672e-08,1.23410339103681e-35,952
4,1459,1.9093111223538e-09,5.87318889382663e-26,933
4,1460,7.45934304094487e-07,3.34769792839663e-32,934
4,1461,2.9447897689416e-06,1.85548795265216e-42,922
4,1462,0.000136504858130029,1.23029711388221e-27,953
4,1463,2.00493342330235e-07,2.19894046383212e-44,950
4,1464,1.57012875680464e-08,1.85463463915908e-33,968
4,1465,2.81905858523426e-07,4.84608533376931e-36,939
4,1466,0.00804008422281603,1.07817634174492e-21,950
4,1467,9.50544240001393e-09,2.74838114022045e-39,927
4,1468,1.39611832552634e-06,5.59642718400613e-40,909
4,1469,1.7997361209458e-10,5.32424345510738e-46,958
4,1470,0.00424084544674074,1.95996795459428e-20,953
4,1471,1.55070117243803e-05,1.71132658125483e-38,922
4,1472,5.13502158610675e-07,8.27956811403698e-42,954
4,1473,2.57210841466531e-06,1.25942953777988e-25,913
4,1474,7.25872137991905e-07,4.13023247436411e-29,932
4,1475,7.0933857260012e-15,5.66480197646969e-41,946
4,1476,3.54271643765934e-09,2.83954097577513e-34,933
4,1477,0.000155073104848716,5.00374821771538e-25,952
4,1478,6.61670375313773e-05,1.2236818874333e-37,958
4,1479,2.36833407238251e-07,1.41081641014788e-42,921
4,1480,3.44167749950349e-08,3.04948465904292e-25,944
4,1481,3.98905107433955e-10,9.42262573929804e-33,959
4,1482,3.59646022940432e-09,4.12635218834246e-25,960
4,1483,3.34698874106709e-06,5.2553414527081e-24,954
4,1484,2.68463419670704e-06,2.63012497352425e-40,930
4,1485,3.0829796783593e-07,1.24634072324747e-29,923
4,1486,1.87921450099561e-07,4.99248130665069e-41,947
4,1487,2.30066126798036e-07,4.85490688733957e-31,940
4,1488,1.34130583011037e-08,1.49364017780913e-37,953
4,1489,4.80899611035633e-07,6.02918801481154e-36,888
4,1490,4.28057062097122e-06,2.6681751606718e-31,939
4,1491,5.50914360236223e-06,1.19789132156259e-32,954
4,1492,8.75838867262457e-06,2.481836528878e-30,965
4,1493,0.0895129342023194,1.84887902908071e-28,971
4,1494,1.53113577265978e-10,2.94390060357184e-32,956
4,1495,1.89379608758765e-06,1.58465081549212e-25,896
4,1496,2.2419529651997e-08,2.66700564187232e-37,954
4,1497,5.95303103857986e-07,5.91333663274137e-35,957
4,1498,0.00108457946021048,1.77533669987868e-25,960
4,1499,0.00240777151813648,1.04269402528186e-14,932
4,1500,5.06491469684308e-05,1.94535257781417e-26,949
4,1501,2.24822585759708e-05,1.27310053234907e-25,915
4,1502,0.000249622281942591,6.44598911579902e-21,952
4,1503,7.14347696438549e-08,3.04588503774867e-32,903
4,1504,2.26370289596708e-10,6.23447870279115e-41,955
4,1505,1.57078227934821e-06,3.95551770494899e-32,871
4,1506,2.07207488995576e-09,4.12070810046708e-34,935
4,1507,0.0460641801654264,1.97895346648771e-23,937
4,1508,2.02483156931089e-08,4.96769324188679e-33,905
4,1509,4.14238499944318e-05,4.01204710437187e-35,929
4,1510,1.52507041215948e-06,1.17326429027542e-31,964
4,1511,0.00779349314660861,9.50557587741967e-28,949
4,1512,4.93745713222437e-07,3.82655121034788e-28,965
4,1513,5.67018931503318e-05,6.80490203869895e-29,943
4,1514,0.00132999474436431,1.00304669946841e-21,947
4,1515,7.93394939084232e-05,3.89962139932299e-30,968
4,1516,4.32051736872298e-15,8.52965261922261e-36,925
4,1517,0.000126200859131496,2.03734208670571e-40,925
4,1518,1.01030321183021e-06,1.6718559585967e-35,949
4,1519,1.52251351121501e-11,2.10887413925738e-28,920
4,1520,4.02292404747603e-05,5.44016626822979e-33,935
4,1521,2.30437811149359e-06,2.04499142805331e-31,929
4,1522,3.46025307552732e-07,5.91106442845804e-41,938
4,1523,4.54565253162984e-06,5.79146776376474e-34,966
4,1524,7.77163314474820e-12,8.02166835406185e-39,919
4,1525,6.69220002258099e-06,6.05501618410678e-32,954
4,1526,0.000282595719032653,1.89947756223217e-33,923
4,1527,2.61825827272619e-05,1.35050081011928e-36,924
4,1528,1.66426671005809e-14,8.50515859008109e-37,925
4,1529,3.45642198363284e-07,4.59353546801662e-43,932
4,1530,0.000155627134507631,5.29695195517595e-23,942
4,1531,1.82618009788149e-07,1.06880838845635e-33,956
4,1532,0.000372716664442569,2.17910788020059e-35,957
4,1533,2.30506200766597e-05,2.59100724943228e-25,924
4,1534,6.18074949824017e-07,8.95437488878467e-40,952
4,1535,1.28382474732503e-11,2.85305454601604e-42,919
4,1536,5.04981791532272e-06,4.19717354150657e-30,943
4,1537,4.69579052277728e-10,6.84598907254496e-32,953
4,1538,1.00474967769246e-07,1.47824020474938e-42,953
4,1539,0.000141332047164808,2.35500529479001e-25,919
4,1540,9.70335289993635e-06,3.14658278539042e-27,919
4,1541,5.24671323672357e-09,2.57752171823539e-44,945
4,1542,3.96940324114722e-07,2.8139213089217e-38,936
4,1543,0.00408810850491745,4.36283350061621e-36,933
4,1544,0.000115758792947767,5.66304481656302e-32,945
4,1545,9.93186879200359e-07,3.89507956717636e-33,945
4,1546,0.000712248477318779,2.16189969038041e-20,971
4,1547,5.85260817640792e-12,8.03793395137948e-26,930
4,1548,0.0017859593510336,5.5493773047865e-30,952
4,1549,2.31957554432349e-05,1.38349108144069e-34,967
4,1550,1.79207112895597e-07,1.10028854218866e-35,941
4,1551,2.51207272614893e-09,1.82868125758903e-30,935
4,1552,3.20994156223335e-11,3.13629927911302e-45,915
4,1553,1.89632963042857e-06,3.09643386631465e-30,957
4,1554,0.000753803016197125,4.22390466981265e-24,946
4,1555,3.41403713627002e-06,1.73385114759321e-38,922
4,1556,3.21649791936034e-07,1.29842126913439e-38,938
4,1557,2.05555222442982e-09,4.12348569381824e-39,934
4,1558,0.000580523889169197,4.92470620354656e-28,961
4,1559,1.83417386985616e-08,4.6859969603314e-42,911
4,1560,0.000126356047015031,7.56123871396261e-36,927
4,1561,9.21670810840445e-07,8.92662105663924e-31,945
4,1562,0.00146009766723139,4.42644817921485e-33,932
4,1563,0.000196889224172356,1.52674277588887e-31,954
4,1564,0.000123369227610763,6.08106064917419e-25,960
4,1565,2.08199265377336e-05,7.00633369447901e-34,923
4,1566,4.47726311905709e-06,6.05494164894768e-25,945
4,1567,0.0196070229618087,1.24618186367682e-30,945
4,1568,5.88275568479344e-07,4.37438210890589e-33,915
4,1569,0.000591740275459533,7.22158570696019e-33,933
4,1570,0.00421240532013367,1.54268205042597e-35,932
4,1571,2.06024696934324e-11,7.41143433074554e-34,924
4,1572,4.50246831384791e-15,8.45567019073421e-35,928
4,1573,7.56280206965296e-06,3.82285103460996e-30,948
4,1574,6.19335658819666e-05,7.84464242159408e-43,953
4,1575,3.81086701245284e-06,3.38551065923884e-27,937
4,1576,1.73509168162056e-05,3.64420726483855e-40,909
4,1577,0.0239134163142484,4.10528058626166e-25,976
4,1578,9.39244486462945e-06,7.10764187327398e-30,969
4,1579,0.000261189310407284,3.3286999284434e-28,936
4,1580,5.53808816395295e-08,1.2106883275941e-41,964
4,1581,5.78844031598705e-09,3.17997257853377e-26,944
4,1582,1.12859143194079e-08,1.79203018999009e-30,912
4,1583,1.8099576476484e-08,7.0142905996862e-23,941
4,1584,1.25046726571169e-05,4.89769277246261e-35,969
4,1585,8.07549272073356e-07,2.33768977012346e-28,955
4,1586,2.78464540985714e-07,2.2390959146125e-25,958
4,1587,7.85970390584293e-11,7.15362466140443e-23,909
4,1588,2.25334081060444e-08,1.16927295283203e-30,907
4,1589,2.72528146938313e-05,7.50934984971047e-36,934
4,1590,0.000694256374008386,2.17703409213097e-25,950
4,1591,0.00359977086100257,5.14159624437555e-33,948
4,1592,4.23337890255521e-06,3.21213360285322e-39,950
4,1593,5.59138398793145e-08,5.08087065043792e-41,948
4,1594,4.75109988874567e-06,2.92583915630141e-31,983
4,1595,2.61071986201593e-10,3.21930574044496e-37,966
4,1596,6.97728354656287e-06,3.28219893813591e-27,937
4,1597,3.65522086416738e-09,1.06110476510991e-37,937
4,1598,4.17896066986833e-05,2.58752439353578e-35,925
4,1599,1.4442849058489e-12,3.25084244476472e-54,939
4,1600,4.41253546869368e-10,1.89793537599868e-41,909
4,1601,0.00901793694666931,2.62562399516883e-22,924
4,1602,1.65354173410669e-11,9.13128984272011e-46,935
4,1603,1.18980892291919e-06,1.14639401533603e-29,938
4,1604,8.26289300647065e-10,6.00556650764804e-31,910
4,1605,1.9710088437265e-06,1.52725762964941e-38,938
4,1606,0.00019124398779095,5.04777975291191e-32,944
4,1607,1.93116400031464e-06,9.38426560807793e-26,933
4,1608,6.44961475052503e-06,6.85080301993278e-28,909
4,1609,0.000166623438577675,2.87391910661968e-27,959
4,1610,1.61293917188483e-08,8.17407475750239e-30,961
4,1611,4.02677227465423e-12,5.05964679679576e-29,938
4,1612,2.09233358147746e-08,2.61991603347901e-30,964
4,1613,2.72299710881917e-07,1.18877050306167e-40,902
4,1614,0.0785366925860593,1.0290093240052e-27,938
4,1615,1.01042014523409e-07,2.56985448431499e-39,919
4,1616,2.02483670212786e-07,3.36578816712583e-35,944
4,1617,3.77734281803507e-07,4.19450144082599e-30,918
4,1618,1.1645699646571e-06,1.54118965938769e-53,947
4,1619,3.66445360737104e-11,1.07383257255971e-35,934
4,1620,9.29966829801289e-05,4.00013654166228e-22,957
4,1621,4.8769618566195e-08,1.99578388984342e-33,933
4,1622,3.37065249689449e-07,1.90258820227036e-28,965
4,1623,7.29204260824782e-06,1.36985480270219e-44,950
4,1624,2.88449771702139e-12,8.19519585686243e-45,921
4,1625,1.29581529305557e-05,4.86806567159005e-35,927
4,1626,2.6440077409274e-06,3.80993065580373e-27,934
4,1627,1.49544116961926e-05,8.48140098796203e-22,937
4,1628,2.86005084383148e-06,6.13106362354339e-38,933
4,1629,1.3923795854367e-06,1.2210854309919e-41,947
4,1630,2.04514163411276e-18,8.21087260346613e-36,921
4,1631,0.000405085372423656,4.12113717204261e-19,926
4,1632,0.000166593005869862,3.76087050781251e-26,955
4,1633,2.69481418366282e-06,5.49366656949852e-41,938
4,1634,0.00101438589146569,2.36062086206371e-32,965
4,1635,0.00020173010580328,1.05874319508287e-32,929
4,1636,7.22918603297797e-06,1.13951947202685e-37,923
4,1637,3.9608838884909e-11,2.96673456828908e-42,972
4,1638,1.48849422466574e-06,2.75040127134733e-29,963
4,1639,8.45046410002866e-07,2.37626040164806e-26,947
4,1640,0.000219203334668839,3.56076123256552e-34,946
4,1641,3.51572337502637e-10,1.34271525308155e-47,905
4,1642,5.94909790884197e-07,1.38414100369656e-32,915
4,1643,1.32613116002294e-09,1.66961518266889e-39,895
4,1644,1.47786381606878e-14,6.14939964807385e-47,967
4,1645,3.36292411168826e-05,6.0416974938427e-29,960
4,1646,3.51647167311455e-10,3.52290028794309e-28,936
4,1647,0.000829359793495854,1.16677118561437e-30,970
4,1648,0.00466929847769802,2.0233281710322e-32,946
4,1649,1.55943944697742e-06,3.56759015665244e-42,933
4,1650,1.83060923680148e-08,1.1099866303773e-34,943
4,1651,0.00194057487551581,9.53440894843458e-32,902
4,1652,5.63042348330197e-05,1.41918213410758e-32,958
4,1653,3.04675596556035e-06,1.60236244914565e-31,917
4,1654,2.37915601544913e-07,7.59306445357552e-41,925
4,1655,0.00336503548934795,2.41037673564888e-37,950
4,1656,1.90184531182079e-07,1.85110978407169e-33,953
4,1657,0.000822557049212421,2.12180450840525e-25,913
4,1658,7.85490601458691e-08,2.52700524344058e-31,960
4,1659,0.023380364921224,3.80814893892758e-28,970
4,1660,8.77713792889269e-06,2.02070470565241e-43,948
4,1661,1.08090446382208e-07,2.29924782276475e-31,956
4,1662,9.41781917107759e-18,1.48037337212407e-42,968
4,1663,2.56968870402894e-06,5.22959068306628e-25,949
4,1664,1.24579144002171e-05,2.31094982447109e-35,951
4,1665,1.86595268523551e-07,2.16129742765489e-37,940
4,1666,0.00128876324742494,1.51198113311348e-18,952
4,1667,3.13169652984915e-06,8.63014472378593e-33,957
4,1668,3.17653077039455e-06,5.09966737455919e-32,940
4,1669,7.15452602726006e-07,3.36075854420513e-29,917
4,1670,3.51544954957105e-07,1.16702907493963e-35,928
4,1671,3.61851818767687e-08,2.90475996231563e-41,962
4,1672,1.39378462631219e-06,5.73285827031853e-33,955
4,1673,1.2408733386929e-09,1.88869863661689e-33,906
4,1674,0.00133602465298839,5.73003431278059e-40,941
4,1675,1.19370320011343e-06,2.17702636992291e-34,935
4,1676,0.00867234025125443,1.25598181372119e-19,966
4,1677,1.21090382839514e-05,7.06379898071229e-19,925
4,1678,3.03360176159826e-07,1.562674167138e-32,929
4,1679,1.73770248079736e-05,2.16804933682763e-31,933
4,1680,1.53342285008212e-05,1.70534906337131e-33,939
4,1681,2.94718079596887e-08,1.65913146176784e-32,950
4,1682,0.000140665310269829,4.76264778884609e-30,937
4,1683,3.44117102370614e-07,6.07562067759096e-30,945
4,1684,0.000266919350258988,1.08013085135513e-27,900
4,1685,8.07845266809384e-08,3.71416088092995e-40,951
4,1686,9.56091063633859e-05,1.04686854780183e-21,969
4,1687,8.92584607453963e-07,8.2718853125742e-35,949
4,1688,9.297741935899e-05,9.7986576743387e-31,947
4,1689,0.0460348458027072,5.97081823357572e-22,955
4,1690,3.54229861110952e-05,4.35826004808398e-26,937
4,1691,4.03557720766874e-09,2.81369282071677e-36,923
4,1692,2.77990756589389e-06,2.19989857138316e-20,946
4,1693,4.50094480093399e-12,2.56734715438317e-31,943
4,1694,1.05590751737572e-06,6.76759877241945e-25,933
4,1695,2.99487215131062e-08,3.75705624358843e-33,943
4,1696,1.36240630207189e-07,3.89560068694036e-45,946
4,1697,6.75031700762196e-16,2.10118569210086e-43,962
4,1698,8.86588693498896e-07,2.22314530038593e-31,964
4,1699,4.80030447059519e-06,3.45281643638713e-30,943
4,1700,7.18163334158025e-13,2.90880916763653e-36,909
4,1701,1.21474990221164e-05,6.57055094319948e-33,961
4,1702,2.53041042511827e-11,2.22740476249362e-34,937
4,1703,3.43591299227249e-11,1.13041757358568e-40,939
4,1704,8.91504185999566e-10,3.2498889006756e-33,957
4,1705,1.88872479257225e-08,2.31190127319158e-44,949
4,1706,5.98496158720046e-09,6.68279367980818e-41,915
4,1707,0.00526458710878612,4.30953183130685e-27,917
4,1708,1.09391206779229e-05,4.10860682810572e-29,943
4,1709,3.36891792140555e-10,1.49953899479914e-37,933
4,1710,2.59899992690302e-07,1.31173490032237e-33,932
4,1711,3.59877952994321e-08,2.95863248222842e-35,931
4,1712,1.56118346854009e-07,1.0772058523655e-25,954
4,1713,3.7966523128235e-07,6.41244526480068e-38,940
4,1714,4.74593374396934e-08,1.34933090396612e-29,957
4,1715,8.48924016574982e-09,6.50952731915911e-30,937
4,1716,1.20131443890295e-05,6.09135558640731e-33,951
4,1717,1.46820215518901e-06,3.49330108932614e-33,942
4,1718,1.73171364334242e-06,1.59911029186843e-25,929
4,1719,7.10093754100641e-09,5.06955280361833e-24,943
4,1720,1.46238591580947e-07,6.11988246265567e-43,945
4,1721,1.16183448341487e-09,9.15157674419945e-31,944
4,1722,2.02959743185522e-10,6.12833126139701e-29,901
4,1723,0.00106021249734982,4.80098557198174e-23,960
4,1724,0.00313626185465606,2.85967178513198e-28,938
4,1725,8.89106582741416e-06,7.36643758763291e-34,939
4,1726,9.30466651965711e-06,2.18491728703314e-25,930
4,1727,1.60497026915021e-07,5.60940439088655e-31,892
4,1728,2.68762926379845e-07,9.94776308818966e-31,934
4,1729,0.000173836266548929,1.55745538346502e-30,903
4,1730,2.42433926050902e-08,5.73787176477251e-35,950
4,1731,2.91377175793126e-05,3.37119998986041e-23,957
4,1732,0.000365738377140118,3.25168169466994e-32,947
4,1733,0.000842124886272639,9.21900352249201e-26,937
4,1734,1.41679763043209e-08,2.96677096538629e-36,971
4,1735,6.33393320518711e-10,9.76935894745631e-34,915
4,1736,3.83107497524153e-10,1.54036155564591e-37,915
4,1737,2.30046233835676e-08,1.8022605824442e-42,940
4,1738,1.72905149437362e-06,7.34133058695052e-42,956
4,1739,0.00164611142836893,1.46819722722637e-30,904
4,1740,2.29789942500993e-06,2.88062298882204e-39,913
4,1741,6.24365894782761e-11,3.33667583138992e-28,922
4,1742,5.60011762544394e-06,1.91102640255039e-28,947
4,1743,0.00458356568774015,1.15349563679921e-23,947
4,1744,0.048874997270933,1.38155838863925e-17,933
4,1745,0.0192362438716804,5.30786681109145e-23,930
4,1746,2.81655009449669e-07,1.12221660221041e-36,957
4,1747,9.17430815147322e-07,9.96363496722149e-33,954
4,1748,3.03173144032384e-05,1.13648966929692e-37,955
4,1749,0.0245715264442344,4.65337227718845e-23,965
4,1750,1.0826859293477e-05,5.74108967366609e-32,905
4,1751,5.46308668173157e-11,4.15710690962803e-32,930
4,1752,8.25137138193325e-11,2.04809178546815e-48,930
4,1753,7.27749575997398e-08,2.54128931773093e-41,934
4,1754,6.00199691774189e-09,4.86673786282022e-25,943
4,1755,0.000516012631193461,1.01520920796974e-32,945
4,1756,0.000115852471343828,1.64616825033817e-29,946
4,1757,1.60942457555559e-05,3.7298891027189e-25,910
4,1758,0.000119049023734082,2.52361874130971e-29,915
4,1759,4.71277654159419e-07,7.89337700959836e-31,913
4,1760,1.85629352757174e-07,4.59282374989352e-35,965
4,1761,0.000203054061614515,1.48395605281935e-33,935
4,1762,0.0005326955181142,3.64392799763905e-37,942
4,1763,0.00742271831542545,2.39137742549218e-28,938
4,1764,0.000577488159447188,7.85408585813329e-25,937
4,1765,1.38984231849308e-08,7.35883008753439e-37,949
4,1766,5.62340787626166e-10,2.91619976154546e-43,921
4,1767,9.65464738320327e-05,3.45330785510245e-34,895
4,1768,6.51886578082728e-10,2.01127600386948e-48,937
4,1769,2.47393664562256e-08,2.6339261274976e-30,930
4,1770,3.27868662747395e-09,4.13296312455845e-29,940
4,1771,6.31251509628792e-06,5.62935768824392e-23,917
4,1772,2.17817559451297e-08,1.90588029018069e-33,968
4,1773,0.00297249832560753,9.74245236197334e-34,904
4,1774,2.37160675641563e-10,4.88591126896361e-37,885
4,1775,4.58403977721401e-07,7.71988188529551e-33,923
4,1776,8.86930517226943e-07,2.6146757196835e-38,940
4,1777,3.53746649278885e-07,1.02757532818267e-36,944
4,1778,1.60818763504581e-06,1.69526089435022e-27,897
4,1779,8.99143351370173e-06,5.21459324455543e-25,897
4,1780,7.82597428738656e-06,6.05733582591038e-31,945
4,1781,9.70920223383144e-13,2.04615799696344e-33,951
4,1782,6.81752036983267e-06,2.45636070682466e-36,943
4,1783,1.42653198395258e-07,8.97966690973195e-42,966
4,1784,0.00109365527719649,1.88377523410914e-31,951
4,1785,7.75220806235353e-10,1.21296163823967e-36,952
4,1786,4.28199058083779e-09,2.28077542342465e-34,943
4,1787,0.000457976891687135,2.8012900106981e-37,946
4,1788,4.09127853014432e-07,2.5629392957992e-28,961
4,1789,0.000681433128402989,1.62266591257913e-27,950
4,1790,2.65203680073221e-09,2.11046667523591e-30,947
4,1791,2.7441306857292e-05,2.06842860403268e-35,929
4,1792,3.89778079489457e-09,3.95740899478152e-33,929
4,1793,4.6414270616339e-07,2.12912916623013e-31,971
4,1794,1.25430819397099e-06,1.11731663381376e-35,959
4,1795,4.6710191185761e-07,3.36505639423361e-34,943
4,1796,0.0550271748316507,5.5414182103609e-18,951
4,1797,9.242055827853e-06,7.05419704605255e-31,945
4,1798,1.83212910348019e-06,1.78783193077249e-39,934
4,1799,0.00148072975151597,1.85210086429681e-26,945
4,1800,1.06843608195528e-07,2.46646768269563e-39,922
4,1801,6.25780738401512e-05,6.12344212092206e-25,931
4,1802,3.8811495311692e-09,5.36132428451037e-32,927
4,1803,1.03138355000028e-08,4.68212219272851e-42,939
4,1804,1.45444999671606e-12,7.77823841263648e-40,967
4,1805,3.23720706345056e-07,6.33657832688197e-26,933
4,1806,1.16218073572831e-06,1.48703154855953e-25,904
4,1807,3.44467074159373e-05,8.14831558596918e-30,941
4,1808,1.27698583731173e-06,8.45282863400568e-29,933
4,1809,9.47958052305932e-12,2.59053594564411e-40,960
4,1810,7.21779310928149e-08,2.66864157120056e-47,960
4,1811,0.000799373301012066,4.10070707262453e-25,951
4,1812,0.000349075599965673,1.24283129771858e-29,945
4,1813,1.41037704216364e-08,1.36051853782507e-32,905
4,1814,6.26648742246923e-06,1.35889011526558e-25,960
4,1815,1.48396310027196e-06,1.34202026822621e-50,941
4,1816,0.000105332779156572,2.4525253065924e-30,941
4,1817,2.12713983436445e-06,7.03597280585306e-28,947
4,1818,0.000129191558189551,8.35921934282474e-29,960
4,1819,8.61517559829622e-06,1.36469472967942e-30,925
4,1820,2.32138513523651e-12,5.19244612630848e-36,949
4,1821,6.85532607917672e-10,1.83072664453327e-32,937
4,1822,1.11523353151401e-09,1.87915516750155e-42,953
4,1823,7.79772780959576e-06,8.38102844423603e-29,924
4,1824,4.41933309751501e-08,4.25829554602106e-31,939
4,1825,0.000349328516488221,3.5464287486492e-26,930
4,1826,2.57276002026632e-06,1.0221009658678e-36,924
4,1827,1.764101917479e-05,5.44950257815835e-32,974
4,1828,5.56121998798637e-06,1.25166891826225e-31,957
4,1829,3.5375947808148e-06,1.33700087833092e-37,920
4,1830,8.48071426225882e-07,8.79316068542877e-36,950
4,1831,8.41413756482567e-12,5.34191429143546e-32,946
4,1832,1.82748853984552e-06,5.93742570735385e-30,929
4,1833,1.24533720885453e-06,4.34328099539405e-30,950
4,1834,1.09216745690155e-08,3.38608450386401e-46,930
4,1835,6.79810865418534e-13,4.23099757989877e-40,959
4,1836,0.000171072206631788,2.88471629984715e-37,966
4,1837,3.39151003026341e-10,1.12954984180747e-34,961
4,1838,8.83376539074126e-07,4.61847735362088e-31,940
4,1839,2.31270055474051e-07,1.10613564349199e-33,958
4,1840,0.000222515638367382,1.9180840375329e-30,970
4,1841,1.12952345919385e-06,9.62045376564806e-29,937
4,1842,5.20879663047395e-06,1.66476746259238e-26,927
4,1843,1.29375274010345e-08,3.68126185867053e-40,970
4,1844,4.58289652458391e-09,3.41914712648155e-37,929
4,1845,3.03934167689237e-05,3.23431897376397e-25,958
4,1846,1.60496649568132e-05,6.24255867897495e-40,938
4,1847,1.89197058007263e-09,2.64973795049e-44,926
4,1848,4.96214716960904e-06,3.01434094867005e-35,939
4,1849,6.86590480466559e-08,1.11107847655462e-29,917
4,1850,4.98794949688118e-08,1.13989075840912e-47,915
4,1851,6.50618257073287e-05,1.24114167576702e-19,926
4,1852,5.59450083067658e-08,1.23538735312072e-30,950
4,1853,2.42373455747777e-08,5.39797149658876e-30,979
4,1854,1.72335833969256e-06,2.49319440221675e-41,912
4,1855,0.000483200313680892,2.12174532048703e-33,974
4,1856,1.9349132231237e-05,8.93502500544193e-33,936
4,1857,7.81320861258868e-08,1.68504848964597e-35,954
4,1858,8.67001102112626e-10,5.49333990694644e-36,949
4,1859,1.85879269168785e-06,5.03370561613348e-31,968
4,1860,6.58781130247329e-11,4.53765112775933e-37,901
4,1861,0.000439423127406701,2.80786899028068e-27,936
4,1862,2.92147285093914e-07,8.59339284446773e-28,940
4,1863,1.74771101490386e-06,3.74183333585915e-32,952
4,1864,0.000489415465555225,3.39735962097664e-24,937
4,1865,9.15163392945532e-12,1.4995506629429e-36,939
4,1866,7.64195931330635e-08,1.16894647704781e-36,906
4,1867,1.67598855917873e-05,5.19583141909126e-32,942
4,1868,8.8500987431594e-06,2.42767123562621e-35,920
4,1869,1.134318989823e-06,1.33284315001972e-34,943
4,1870,5.23827962620662e-06,8.78981877117772e-22,966
4,1871,1.45442525839112e-07,5.3548211023014e-33,971
4,1872,2.08756025684027e-08,4.72313550602388e-31,899
4,1873,0.000369608667779965,6.82283196955113e-24,931
4,1874,3.63816559080499e-06,2.24527499772678e-33,909
4,1875,4.33457816066147e-13,1.21394621415865e-35,953
4,1876,0.000224788822798415,9.22197009931947e-28,946
4,1877,5.31969810735675e-09,8.31810499578949e-43,920
4,1878,0.000364009446673067,9.05817998915116e-30,933
4,1879,1.16309917140842e-05,3.77715279056391e-31,942
4,1880,3.31217502634033e-07,3.94804072199672e-29,936
4,1881,4.39844723571816e-10,2.61449764006177e-29,944
4,1882,3.00075972719215e-12,2.90879595381992e-43,953
4,1883,3.52590834277122e-05,1.31030781396166e-28,907
4,1884,0.000112684950097401,2.32594229088392e-23,911
4,1885,0.00163566465669445,1.46174570421909e-25,948
4,1886,1.3938540153297e-05,2.29081398312837e-42,957
4,1887,3.30419588039753e-09,4.09433723782801e-48,951
4,1888,2.74324460917516e-07,2.46532613796796e-28,903
4,1889,1.60604365396961e-06,3.18060499879252e-38,955
4,1890,2.70258642195411e-10,6.15958271536662e-36,937
4,1891,1.671091401023e-05,2.20498000408799e-31,928
4,1892,0.000902709411837186,1.49689121450369e-30,941
4,1893,1.57808648699668e-06,4.09734687451652e-31,926
4,1894,0.00296345614921849,4.85534074291069e-32,941
4,1895,0.000882728113041188,1.54473947054894e-34,938
4,1896,5.681627171459e-10,8.59950300509995e-39,939
4,1897,0.00914638981485701,1.35946870775803e-38,926
4,1898,1.3043161846186e-09,8.76585157596357e-37,950
4,1899,1.78697079229747e-08,1.79538065063146e-28,911
4,1900,3.48824985831422e-14,8.05449264794832e-43,957
4,1901,3.87918283985627e-09,4.36268586313596e-32,905
4,1902,7.39480319833257e-10,1.18817998663101e-31,942
4,1903,6.03822779803139e-06,1.8558022507256e-22,948
4,1904,0.00151246936125161,2.68896001049336e-33,952
4,1905,7.47769346012597e-09,4.88538496631005e-35,935
4,1906,2.61262773487593e-09,1.79055583823426e-36,936
4,1907,0.000806230808854007,6.56502231519004e-21,940
4,1908,1.564689953473e-10,4.0330377745823e-38,959
4,1909,4.74930191936749e-06,1.53545019085342e-31,949
4,1910,1.94005949031654e-10,1.20509143446493e-34,918
4,1911,6.42765459218191e-05,1.06599360583832e-34,939
4,1912,0.000764731562276928,1.31502149743246e-22,951
4,1913,0.000144337361015022,1.48980475804704e-25,935
4,1914,3.90640608434588e-08,9.91010049746671e-32,956
4,1915,0.000113403000269114,6.21426779160178e-29,939
4,1916,9.22377460029128e-06,6.55900218094384e-38,936
4,1917,3.47779773411189e-22,2.12301745656972e-49,930
4,1918,5.53183473899977e-05,6.49432326408062e-26,928
4,1919,2.48587195574665e-07,5.89901978842812e-49,925
4,1920,1.74540787982502e-10,1.29898774112559e-33,947
4,1921,5.95446271650083e-06,1.95484468679738e-33,957
4,1922,1.12536360938565e-06,3.92914155693418e-30,900
4,1923,0.000134762483545048,3.64980304754572e-27,955
4,1924,3.63079803478301e-07,2.70905030180277e-25,948
4,1925,6.69252080041087e-10,1.24812937879198e-31,952
4,1926,5.3197468698054e-09,2.1337784816844e-36,959
4,1927,0.0120779793064844,2.40484699860052e-20,929
4,1928,0.00198635264056201,6.35727546572973e-25,945
4,1929,0.00322672044027962,7.03239008535966e-31,933
4,1930,1.0822153328697e-10,3.78489508689904e-32,954
4,1931,1.41714984220326e-11,3.938584745384e-46,938
4,1932,8.30317240749654e-07,4.08843771595176e-25,951
4,1933,0.000997073813285508,1.37955248110299e-29,947
4,1934,6.9428448873868e-17,5.25093068551595e-42,961
4,1935,0.000357131236829788,2.51117195888336e-26,899
4,1936,4.72963799819244e-08,5.77520581879883e-29,903
4,1937,0.000297473937423102,3.83675631667019e-32,920
4,1938,1.91586631624752e-06,2.46749069013362e-38,927
4,1939,2.81411959369318e-06,1.5190072125921e-28,936
4,1940,0.000316552049797311,5.09931882179585e-33,953
4,1941,0.00737575765404792,1.52293003693143e-33,950
4,1942,0.000136889922039159,4.99008092146008e-30,926
4,1943,0.012382499875746,1.79708038703362e-22,947
4,1944,7.42847757726554e-07,2.65330491972299e-29,913
4,1945,8.70244391938171e-05,1.63621373295103e-32,958
4,1946,0.000106179655170354,2.82662118374643e-35,933
4,1947,7.78544881998324e-06,6.46325937188021e-20,954
4,1948,2.27832134846471e-19,3.01866470591966e-40,907
4,1949,7.99366379719673e-10,2.8137896136535e-30,953
4,1950,9.9401246749386e-05,2.28414662069671e-27,950
4,1951,1.22967174613495e-06,1.3785434133925e-35,937
4,1952,2.38995711307113e-07,2.6518671592243e-33,948
4,1953,2.53966178394336e-09,1.90947576144928e-43,933
4,1954,0.000162550085342092,1.41792763412666e-29,945
4,1955,6.25941558766941e-09,1.8843782789479e-31,922
4,1956,1.86853746617319e-08,3.12965020529283e-39,947
4,1957,2.23405538869091e-07,2.93364948119177e-24,957
4,1958,3.637762256279e-05,1.44264821906735e-32,928
4,1959,2.72865340548749e-05,3.70715031230424e-39,925
4,1960,0.000440491396607874,6.57398070146963e-26,926
4,1961,7.98124238641073e-14,2.75558696309612e-31,932
4,1962,6.58699606275346e-10,1.06444952386818e-34,906
4,1963,2.30012455627607e-07,1.52971591190517e-29,927
4,1964,0.00543287207298987,6.13595143827913e-29,931
4,1965,0.000450902185809652,3.28925373478917e-29,954
4,1966,5.57494472823203e-06,2.42715189478026e-30,957
4,1967,1.81852364695569e-05,1.40782607448901e-26,938
4,1968,8.36571513138083e-08,3.1805071863992e-32,942
4,1969,1.82914802903418e-11,5.36963832555441e-38,961
4,1970,4.42459777059444e-12,3.78466524884653e-34,914
4,1971,1.51511859999814e-06,2.2426818280971e-38,949
4,1972,7.67255145347259e-06,1.97320956941188e-38,946
4,1973,4.68290713970555e-11,1.44424028600243e-34,892
4,1974,1.79930670839827e-06,3.04204849401943e-42,923
4,1975,2.51962658744119e-10,1.36717283253435e-32,968
4,1976,1.1435929332731e-09,3.58568469782745e-36,945
4,1977,2.23113195049942e-12,3.20494508928453e-34,941
4,1978,3.03431204155501e-05,7.95744497952098e-29,955
4,1979,8.10360136816633e-09,5.21298117793434e-33,939
4,1980,7.18502204351916e-06,4.5948390904652e-26,904
4,1981,4.24114993962379e-07,2.16946342911165e-40,959
4,1982,6.28302418427334e-10,1.92781331635215e-34,970
4,1983,3.37818683801137e-06,6.85360240013453e-28,951
4,1984,9.34561058007786e-06,3.86830294472844e-37,952
4,1985,7.08224351599412e-08,2.93059880012804e-27,948
4,1986,1.36054333023972e-12,8.22691244945049e-45,936
4,1987,0.000103571633764575,7.86149419906474e-30,948
4,1988,3.23626995580479e-07,8.69322452561538e-36,927
4,1989,3.38949474507918e-07,2.96892128663042e-29,965
4,1990,0.0034508738712613,8.00695146822705e-26,923
4,1991,4.13157848534615e-06,2.69738258613993e-36,912
4,1992,0.0325178323395457,1.60686719449196e-29,941
4,1993,2.66243124174858e-09,1.83481403084785e-40,938
4,1994,1.41979775376876e-05,1.11193163999391e-32,922
4,1995,0.000103303567223544,8.05662881746049e-22,939
4,1996,2.71566133404517e-08,3.38823884456857e-47,928
4,1997,6.44281974451299e-07,2.49756040225839e-27,956
4,1998,4.56247709130054e-07,2.92064992458161e-38,942
4,1999,5.13356368718818e-07,2.80249609434266e-28,914
4,2000,2.16636006146527e-09,7.07483667150186e-39,926
