"cell","rep","","","","","","","","","","","smallest"
3,1,0.854380468678126,0.816800075192736,0.390646538838948,0.931361051015271,0.869977853041403,0.915093030673821,0.574661065936719,0.478443319878209,0.506935210795758,0.415718992488517,920
3,2,0.927653462706855,0.829722854532978,0.897067288467293,0.9677176116474,0.66060602669923,0.758611657743523,0.782260342051321,0.870449617120207,0.773922887233062,0.752089914398662,963
3,3,0.0981511375150358,0.0118297436753315,0.0663592317994111,0.210087051325249,0.249474467299081,0.489318296834017,0.742813975424492,0.76426524079752,0.854109964074564,0.784960385894428,956
3,4,0.353204560011534,0.493874364122569,0.572554069799153,0.751611721097128,0.672230695320001,0.507001064766655,0.501654553115573,0.185394782687123,0.351102094203776,0.646178400171099,963
3,5,0.308074088679817,0.688572795261815,0.617222374164561,0.259065698337702,0.0599372024372564,0.111448823096101,0.0349873166971941,0.0948191637251927,0.0692568770537518,0.259840382017584,925
3,6,0.627098183303624,0.336072535116465,0.86601949213166,0.596282583886275,0.642666229388831,0.914117131767655,0.794961954076073,0.727519600641852,0.628482146890401,0.711769166844472,943
3,7,0.672842175054671,0.822800051927165,0.634101032255419,0.58612578147127,0.704428742359252,0.597274995209813,0.809074130537223,0.676813340807815,0.63961724374257,0.351826887177223,920
3,8,0.211537772454215,0.681231596510701,0.938891260274763,0.857498084920673,0.873276287756329,0.917384744880357,0.943165027641661,0.890910666272877,0.580060417343676,0.437499645774395,933
3,9,0.8488019177685,0.634982373582485,0.715082052913335,0.63558422282124,0.811537009721733,0.869828559291634,0.558909582460967,0.72608562116407,0.776961768298871,0.776765629270126,915
3,10,0.363594764452389,0.178528014265183,0.476751010854377,0.56518776174796,0.181427317366373,0.328786526475158,0.126354828745106,0.547256299655887,0.474679691524389,0.499063355859859,914
3,11,0.165570647919246,0.915944752143809,0.557322064107098,0.582588937272007,0.769301001622636,0.878821068249332,0.581931143524784,0.832362747410572,0.876396077559621,0.463173984642284,927
3,12,0.533029301672446,0.285359574786562,0.338310060234331,0.46446051589265,0.525944604974962,0.427497141001911,0.640261938869945,0.716719463361062,0.513234777581308,0.428145685204146,944
3,13,0.65902869311855,0.994262281516874,0.890353238617565,0.672213579738562,0.913566364033266,0.771430380544953,0.449767927343126,0.604650945044608,0.68082784015291,0.478912608549835,931
3,14,0.258505474793374,0.418143509525083,0.183453113872025,0.0405840216412106,0.0142396251536243,0.00885552027709388,0.0105042389442481,0.013276595364183,0.00904795658984169,0.0315125571245224,921
3,15,0.678324537310428,0.906455824014473,0.610341655744743,0.244089260269298,0.618193721122808,0.538284745401991,0.510711409472001,0.613342212855734,0.874032464322421,0.898021791973773,933
3,16,0.0928809260038175,0.687766215548509,0.780446256030528,0.232999555294715,0.549341906104562,0.598568059135389,0.569236932180107,0.437828870667285,0.641409887675837,0.316008071440925,941
3,17,0.474452618762672,0.185323815564984,0.355848065952595,0.3153322000023,0.112814382003736,0.0712422010901229,0.01979848674293,0.0330608498187158,0.0178711035236132,0.00744218997017575,903
3,18,0.210580512760835,0.452803042818797,0.501675410316186,0.513598396373699,0.207259951371469,0.297971142601222,0.130007132134257,0.254295201452903,0.382782479670053,0.343412161145963,928
3,19,0.298175683460284,0.146570724647226,0.419668782037794,0.786056811227723,0.671396282712744,0.440574080457467,0.231134952515674,0.421724956820861,0.342907646434263,0.6297498849867,956
3,20,0.424093074723446,0.978140703009522,0.504053662284573,0.55982589385928,0.439564139173723,0.248886991549105,0.193995462671183,0.374973797265179,0.301935003827926,0.0637332508776825,889
3,21,0.426213224923777,0.337095210397769,0.223808548239242,0.617546850605793,0.60426028662555,0.314375648914994,0.519479718716088,0.571077481947548,0.614218485575084,0.598252874096647,948
3,22,0.323222070839729,0.420698597185606,0.856639343968064,0.606519846758322,0.582427193780098,0.538743300811874,0.628493280195693,0.83470660542123,0.886767795732904,0.732713118266922,954
3,23,0.245264014847291,0.904284593334646,0.905828782674778,0.952711842613718,0.964980784577218,0.793113367836708,0.66138689821223,0.717223473558483,0.760318379898828,0.812876258410257,951
3,24,0.552485205717201,0.270148046621899,0.0946638159055334,0.0226992293486573,0.0187045563920037,0.0272824998875118,0.0202011055778741,0.0168231256736902,0.0375400955540317,0.0948833602586595,938
3,25,0.794787599367646,0.0540100089843657,0.0264931858219452,0.0533487125969322,0.0920508470585336,0.0321588886678914,0.021895852878168,0.0396441292954374,0.0675613411658462,0.0736831265638346,954
3,26,0.350264384108943,0.622323972669199,0.990621873844542,0.981933397293209,0.968444366362954,0.988156178798587,0.836996892880876,0.753348105344257,0.622128767591488,0.616597942970415,962
3,27,0.279657876755728,0.385692416677949,0.47661428093663,0.30510004033667,0.459426466063732,0.331534509109447,0.105218043144821,0.00667281701771624,0.0121177034319351,0.021836560881571,943
3,28,0.805661868554117,0.524772783408394,0.559233794627237,0.805194320566092,0.937724188410658,0.362529890589351,0.576180584696318,0.575257708896709,0.686097163020605,0.665155801878791,968
3,29,0.378802308556017,0.166209542613065,0.21200926563177,0.255538248393942,0.446160320136687,0.576023530159089,0.84786620546831,0.885983880602035,0.603882547559531,0.730228192102455,903
3,30,0.90640394779921,0.808828050718212,0.425338559447617,0.482943740076709,0.373080734006052,0.416773772711296,0.601861011798955,0.817737273591585,0.923793770395882,0.893701559247988,946
3,31,0.0763985674866444,0.170513569899442,0.0268506357272347,0.123959957240846,0.63074594082865,0.197709676991367,0.527409695117682,0.744355303781308,0.658624766089684,0.78656885039256,932
3,32,4.91896457176485e-05,0.00119145402026585,0.00373116782087036,0.0581011363128669,0.0882552926060213,0.0837023301730738,0.0967517308905156,0.158215304766479,0.14114546546784,0.245715817409853,950
3,33,0.386896020958783,0.456574598332822,0.824774595162517,0.814880715903048,0.799703650184835,0.628282747010916,0.532716389181463,0.731619801938278,0.454857531539409,0.589158769465904,935
3,34,0.81428921680835,0.93807160032661,0.927678439324445,0.884242710888041,0.906459054765323,0.996559366098576,0.893393432855348,0.70644011424608,0.754276770764315,0.677192712284352,926
3,35,0.996838368821312,0.78105522430448,0.549791922123658,0.55134493214269,0.41478446649632,0.192595325161287,0.236036383730478,0.188102580514169,0.244418915207935,0.325151370554691,921
3,36,0.149151581475121,0.853942802663743,0.783430379888427,0.73730720637363,0.912998373433175,0.768984647125379,0.92184356350753,0.881995226841234,0.897072755249504,0.985709311386372,930
3,37,0.273433006732058,0.552345758242111,0.533223819556277,0.482264128895835,0.272560771758664,0.763304098241652,0.739546276155428,0.782654178029365,0.770061850425344,0.786417737375778,915
3,38,0.482818475006737,0.29528144355012,0.380994284285492,0.146716530990768,0.306922688505761,0.165881095138399,0.194110738201476,0.171182737310922,0.295266389162226,0.273240604489838,931
3,39,0.265832394985817,0.785813804419603,0.7966002549269,0.779985225869563,0.865160612312533,0.769969249052962,0.93915934717257,0.610302905949809,0.441571616417894,0.49374787481539,938
3,40,0.895346115982066,0.815470036952596,0.763561433590477,0.925567524096238,0.57473684136751,0.793589966787065,0.764237455901678,0.588011351658786,0.548577421930255,0.533081514540455,916
3,41,0.282607821717029,0.0567491650918259,0.126182938944224,0.0792698043263905,0.121038132841029,0.0190418462621996,0.0418711592489724,0.00274855480825125,0.000740107990637817,0.00261870100336699,932
3,42,0.474118049849509,0.0743269157564743,0.206226414027903,0.508206296417689,0.3977449404904,0.308988032701029,0.201151623689568,0.1458337407044,0.264500797552948,0.199900416010935,937
3,43,0.877782084964932,0.827291052130551,0.484489118174035,0.319600095252918,0.203697249575394,0.35281154814466,0.22155265890788,0.555046817383952,0.576511439574114,0.907526487470047,892
3,44,0.341388935821574,0.879994029844951,0.91854449450112,0.721136097040926,0.388586059229626,0.780555705205222,0.678260983030546,0.590449302226263,0.568132193710487,0.389418279641489,940
3,45,0.814310841621547,0.973166399534894,0.79335300777997,0.511565420471575,0.407892210694811,0.530195208680155,0.572985251372804,0.567350872907802,0.678729565115231,0.903587528201115,928
3,46,0.66959089179479,0.997332497609605,0.720464951135988,0.816422805039881,0.557461218884166,0.736746038812243,0.898324820301915,0.660369941425131,0.578942998964442,0.433904980374561,918
3,47,0.354766926939705,0.279982691515607,0.446515379557948,0.72519217791718,0.429715394192481,0.717133520640783,0.890273996962753,0.458734346127383,0.519988314817631,0.590057427079302,935
3,48,0.483464448636571,0.0853070968761081,0.221257627069941,0.270266392654401,0.42795817409169,0.335202327482401,0.400434878869945,0.267831065427177,0.22483393323312,0.142829445875263,952
3,49,0.733287131459102,0.859964559243857,0.785962552186475,0.81464388780291,0.983274693108074,0.955924145751618,0.956987343618166,0.919759068463937,0.970848735108783,0.832957456215563,938
3,50,0.855351658062975,0.598635303283979,0.415988347755971,0.137217307035148,0.0595218224037202,0.0298097575100003,0.0104377004544169,0.0279417083150166,0.0765677733889694,0.110980143508889,930
3,51,0.904934417095832,0.580407379042831,0.293136813115243,0.364390251402605,0.271807663112495,0.259785081886672,0.0840644237420528,0.0773169774712492,0.204747861571754,0.358778898748449,926
3,52,0.915563391299247,0.960000820262602,0.684005628696433,0.64786074717367,0.834637368264032,0.812629804890064,0.239022800604161,0.198311362653578,0.415493564769468,0.336726195598002,937
3,53,0.323361943307217,0.977693884226333,0.856701002386716,0.51806781678017,0.514448835404119,0.620910144699465,0.523779125394448,0.706538704609237,0.605237670873353,0.38177188020392,954
3,54,0.898287268760734,0.787207028175649,0.852633852505881,0.738266708066848,0.382136332139753,0.377905366198189,0.300965355404651,0.10454481196582,0.0936297605488532,0.227306708018281,949
3,55,0.0884096149528533,0.153344644013063,0.216392645468995,0.167814789121873,0.55133995199325,0.632399084265839,0.676605017227866,0.727689469190433,0.615769310419572,0.480778400745131,942
3,56,0.143592303653904,0.307789765001408,0.192002551752525,0.602618734258397,0.631287842407312,0.876283950362801,0.951872320860687,0.970796987646101,0.935825060358245,0.848033439596589,941
3,57,0.80760500623522,0.277655844430808,0.313604946897028,0.328848913153193,0.222088538149582,0.150189385263172,0.35515206531357,0.517267238107314,0.306966496292537,0.114611097819235,929
3,58,0.210462302193944,0.223764042504092,0.096699351218726,0.188395586020618,0.0689531951947161,0.0861976609265175,0.0733548206617702,0.0781759165704119,0.0322411533426208,0.0565330078262042,908
3,59,0.396969134966539,0.884612709426951,0.622381345113587,0.956404077295598,0.883638322531459,0.900252654911554,0.904110842002041,0.948317919085446,0.864565361960459,0.752741982613418,936
3,60,0.323517841936648,0.0460843628921477,0.249279543346305,0.378263928887924,0.3498932882223,0.353488347337065,0.437342971019064,0.235395860453031,0.139906801179554,0.0877987005854174,936
3,61,0.602986373202014,0.600815999802292,0.44226596241335,0.614992488079772,0.67101515542911,0.529908975691237,0.387163019564391,0.192422114731221,0.187084390217831,0.363724376537567,955
3,62,0.91248058569422,0.9756149899081,0.804001700610039,0.873780773054996,0.776666505185266,0.844180654607927,0.461713346616868,0.293824673419396,0.223355491385113,0.119929363209625,942
3,63,0.135640581839888,0.105411010908901,0.935928509722638,0.980670213114131,0.594895598019203,0.490794901780871,0.457532638365122,0.759074823092199,0.617634576357609,0.871579183213098,953
3,64,0.633305253434556,0.413614897556094,0.39984913018378,0.129306225127309,0.217403026707245,0.21080588764572,0.201340091896034,0.237273903265735,0.160310166512401,0.117007047754191,914
3,65,0.395236253438796,0.492516094164127,0.525589958724818,0.303351152921311,0.314558337263738,0.196405988044453,0.403002303179158,0.372852144774774,0.569277622508408,0.522909444452684,935
3,66,0.763929746313399,0.579466361800024,0.745162070321768,0.978243282116688,0.879544876691914,0.858957302711584,0.613385522491088,0.55374706636272,0.764669964035904,0.832670247937069,955
3,67,0.516199777169947,0.50632040519835,0.236004203554293,0.108919151147481,0.13277016694542,0.3868535959551,0.695145950401498,0.58023406146632,0.659549180815658,0.754563814776467,933
3,68,0.464069312382153,0.740955748022422,0.91521951111297,0.861131671202092,0.675904121395965,0.470859753423271,0.826937085905574,0.609742694165077,0.520922606307098,0.678918968786973,933
3,69,0.883036155070049,0.782446613073382,0.746988410628354,0.756650338399027,0.478961148718541,0.296895673159539,0.439840482292646,0.226584298050016,0.116158541600105,0.0232001587907133,897
3,70,0.74859990563813,0.421922319093378,0.057604826148723,0.150204875328536,0.0264942427421657,0.197551226454975,0.150799630264984,0.118121157059091,0.209923726995554,0.19544656546387,932
3,71,0.185857798342295,0.411901866302664,0.386684175539709,0.739760753354992,0.856283320802042,0.626534504144528,0.627420213941238,0.573483315228673,0.62682802632057,0.771429327796729,929
3,72,0.671827334837894,0.0551013557424983,0.0705572134043048,0.069732225014165,0.0987539837210813,0.0934409314610416,0.187401934043329,0.115745156912746,0.191319416955332,0.24331870901223,965
3,73,0.800449983763701,0.593550798882048,0.608281211477915,0.867882126260184,0.658871976923837,0.834205638493031,0.848888419709023,0.59467757865789,0.650920147544752,0.38857849659622,912
3,74,0.812823875118719,0.908825608921784,0.941787350869624,0.518618636950081,0.689276963372065,0.803895445877904,0.724836752376515,0.716090577097405,0.503064177579913,0.67557412366112,929
3,75,0.299690422807527,0.45112666244349,0.100317797507492,0.129220673110376,0.0997221013847375,0.10195059430444,0.207176732756131,0.19111735220803,0.408139632179119,0.649911488009383,957
3,76,0.206954421828196,0.127079073553246,0.178776781821711,0.0805054052489932,0.0196506730995793,0.0534835198907454,0.132737956814874,0.206550093917995,0.211677175086934,0.345261146184485,922
3,77,0.103385951886592,0.371835369238226,0.903695249047439,0.661706964513533,0.494584945611158,0.287874829715978,0.480133816089567,0.627832022392026,0.477971757839361,0.384077247566642,960
3,78,0.356306906975452,0.718684851026197,0.952253525979477,0.700019737339766,0.688906842271539,0.384868701810042,0.282498867132119,0.403738033492627,0.239411936418166,0.0886585093336997,933
3,79,0.789544349986951,0.466119398489497,0.265570438837052,0.111360168243996,0.200888610362307,0.1566237172978,0.334791220054486,0.282770382291855,0.286849378898849,0.317624378930627,956
3,80,0.331691439336961,0.0292878619716733,0.0544241653919397,0.0479547651710197,0.045815677303078,0.0209396571881052,0.145904284017936,0.264782271686553,0.381231734892581,0.26139500868226,930
3,81,0.319890454188482,0.233524978824716,0.56273721965699,0.333386089647321,0.870672116476681,0.98296099553659,0.895959560493877,0.763385933938447,0.704410009118572,0.569407702469582,945
3,82,0.943599970814992,0.826883868176573,0.508661882171791,0.887014751213023,0.818870402144283,0.490653360680658,0.357560089597814,0.196706263251963,0.424903062194111,0.715408078880961,938
3,83,0.232662514212764,0.233487887330973,0.32039933304969,0.622936385495287,0.571251556543049,0.382113056940286,0.440124470968218,0.68560567037556,0.447303169464205,0.398802101117355,954
3,84,0.0470988522933534,0.0133763806424808,0.0259787086405122,0.397272217305002,0.293868860976851,0.292837426360242,0.324247771800286,0.552738865569473,0.885944050377686,0.911436273901029,933
3,85,0.87027245644875,0.372526682834564,0.578803755290042,0.826197338755351,0.799007908995507,0.781184522859169,0.609848850957778,0.663905718327873,0.606107593007603,0.69369642854933,954
3,86,0.192596735123198,0.747874810658546,0.482123990728673,0.281816926750656,0.311672962215809,0.570916869174953,0.760531964105043,0.843669400267281,0.847964546437901,0.397065358106048,883
3,87,0.252386501472607,0.454503961393579,0.669009006427036,0.531511133361525,0.747885115009249,0.701890155522301,0.793488470115911,0.626950703820715,0.685612172163153,0.961348950678118,950
3,88,0.388837806199725,0.913087986922838,0.380971119279981,0.7215728686656,0.624808605637898,0.334565656831056,0.534549848433211,0.605202316792149,0.268093640337659,0.307570791300467,955
3,89,0.306652279702791,0.144886725240052,0.133304422739847,0.11726173590635,0.283984265728217,0.50384991466432,0.423665014167522,0.390964021405423,0.674638650606027,0.625202245520866,936
3,90,0.9061228795367,0.445790020162747,0.798012434655819,0.267342106005161,0.813529435035696,0.407663784723968,0.57943335502721,0.559966602133449,0.371363968364439,0.350524620929839,960
3,91,0.792564260259055,0.206957427027913,0.532402313465414,0.298676637124641,0.201642468124692,0.131296634028945,0.0536471852073248,0.0650740669697588,0.0998711978151418,0.360073882786104,940
3,92,0.199413492946603,0.495066632337072,0.393395599062643,0.658562916995655,0.885726891651698,0.903395070117768,0.908508068235311,0.770724520381467,0.697750421532721,0.497661471910294,944
3,93,0.535892093417588,0.728440291696951,0.705638094045126,0.701475481546925,0.777490908088686,0.716599966823151,0.752212906714982,0.813074639768879,0.742046629814545,0.686402601349489,947
3,94,0.0254022210979791,0.0154206871776396,0.00951101150393573,0.0394183010033411,0.030505868663342,0.0230523453402295,0.0592487412857067,0.138635710097595,0.0622318344147973,0.184407760189387,967
3,95,0.930142729416575,0.726003479531334,0.941024449426426,0.601470980740418,0.588589550860243,0.300680908373392,0.282547461413057,0.292734676114127,0.112158943135069,0.235806428387291,954
3,96,0.89229229621975,0.947765594984753,0.557041681327387,0.618062943794453,0.572948927449855,0.867716472726325,0.905224679053647,0.896158786713624,0.600766400929057,0.584864934879321,935
3,97,0.771706191870335,0.798937471952252,0.357172119796924,0.27685082326906,0.33876028591013,0.72391039955259,0.935569650383528,0.967724151678504,0.98401093668948,0.973232627229674,918
3,98,0.221678366759215,0.328080165732795,0.616243250973923,0.684944236021441,0.668830920782248,0.904279626497699,0.986228068100218,0.999198009827861,0.990198566392713,0.953452578739934,953
3,99,0.319157303896262,0.533725293059103,0.311816731180365,0.581250799393361,0.402528230607411,0.515558654399371,0.639042892859301,0.515882386822465,0.711246504111078,0.686128366762085,933
3,100,0.289359375810028,0.605631171231437,0.711611463277513,0.932554808986779,0.960415141044974,0.987695264329909,0.728117116162474,0.485916707705935,0.465335712917967,0.455967626357481,950
3,101,0.793566034499352,0.958162900125489,0.959160625909566,0.757231518298937,0.423117384825167,0.625121501822261,0.51535378149102,0.230455167468845,0.0884127009310116,0.104562387904863,925
3,102,0.847611641802246,0.132508087282789,0.090489380876952,0.291858269221628,0.16436166332526,0.100688486383018,0.219086829958531,0.15987432169187,0.0670652986639797,0.0966488976242102,914
3,103,0.192253958536296,0.937201578913898,0.835436733768705,0.644261461498195,0.561007358803959,0.252831693133027,0.342318671266922,0.318906395759282,0.426172837135314,0.248501119211923,926
3,104,0.219969854348106,0.761166534132242,0.765806341770351,0.564207617086363,0.27396644429023,0.370415693721321,0.123272134216158,0.245607627302617,0.177904557914532,0.0945120703555017,927
3,105,0.699856405689746,0.468524566758152,0.575601450375275,0.849047733367639,0.600301982627194,0.481336162491193,0.397847435259787,0.535784732653568,0.639086705239673,0.682527929780666,949
3,106,0.203922503491198,0.00695245277542632,0.00470982645482389,0.0119827055538143,0.0375276538400764,0.00147367889974454,0.00409904022273291,0.00322345845032279,0.00142892901407823,0.00531398628121263,954
3,107,0.755423258720163,0.771322611242502,0.86367094283946,0.692572828957819,0.739128259938688,0.503737095813066,0.18018285904773,0.366271517101816,0.308493191893385,0.706522389334462,914
3,108,0.816508682626106,0.442767716655745,0.035556682704247,0.0202021864554335,0.256720605763334,0.393819305682837,0.267328592320746,0.229993202381932,0.329665932609923,0.269520625579608,932
3,109,0.763236094415241,0.247769966800206,0.164219585484707,0.426872860267852,0.458268803216937,0.474797842488537,0.237448754925521,0.147233701650261,0.0564048862317334,0.0501988552701807,970
3,110,0.165009906479662,0.0879352745184149,0.361014030671936,0.520768829338588,0.503482315381724,0.979551802207658,0.739538843769531,0.769300720736233,0.679031940764574,0.591167985693762,902
3,111,0.792700723346358,0.448254838479779,0.0206483661805155,0.0579526650075269,0.305945673962142,0.734277187816222,0.823383302607257,0.6350609717542,0.753173328500987,0.864512194725001,941
3,112,0.67498258354711,0.910765045753013,0.916282147515212,0.916678344661968,0.943037965555985,0.926259600408264,0.945783855428636,0.550825598715864,0.330280100716312,0.275589345353397,945
3,113,0.604559191807263,0.293615259817591,0.332976913145455,0.0520439886139547,0.0158023340825546,0.0674963993673548,0.0301738795951239,0.093493052727205,0.0276765490030737,0.0168798995337409,947
3,114,0.184237565996436,0.0902900249913323,0.0329590335971902,0.00453659379826234,0.00890860677401937,0.010667713046999,0.0233153236235323,0.0182150343120663,0.045402870085285,0.0626077226715739,965
3,115,0.0371589198813064,0.0478807325000147,0.14023406948916,0.13171214288018,0.415830327167033,0.672948751140814,0.769642161424017,0.749638776872401,0.676325038356323,0.534580246611593,942
3,116,0.961230596177908,0.717021459235776,0.699654100508832,0.725675416226219,0.530842676252462,0.370301717706925,0.126644789594208,0.269149361674035,0.198964776798036,0.128972191556005,940
3,117,0.0927019115114445,0.592868317590894,0.789500973849714,0.880539031271504,0.679551853011072,0.955196749778298,0.96836128749364,0.988469107376501,0.965876064167218,0.90012393134044,941
3,118,0.944814185048065,0.66483414788437,0.358178984005874,0.216573720699499,0.286398209571088,0.758041747182311,0.943631185192425,0.984334207163332,0.874138297063035,0.439740899086255,954
3,119,0.980129643489128,0.350951600525495,0.652836954861236,0.758750399158193,0.829592126394349,0.904238355253037,0.909605428126855,0.832699903435363,0.81514074692302,0.919898523826097,938
3,120,0.0190688953193967,0.268651256204745,0.105879928423827,0.266417817543156,0.639294619057781,0.707820442007752,0.547248051506618,0.909590372456195,0.892919586361752,0.985293560013694,947
3,121,0.91302378976252,0.89500080826877,0.568791410092118,0.287653884730561,0.641785096751242,0.615574906512812,0.579092393098743,0.529184082876506,0.477670217155657,0.512741561411519,926
3,122,0.706134834689778,0.872375634671206,0.959606533367877,0.752833975861372,0.990985377932236,0.953939795094948,0.899740987980489,0.925041699234641,0.71279404842545,0.968532533695369,962
3,123,0.0356543932913064,0.25049079869095,0.723412794433113,0.439286422103726,0.592767050446727,0.669124155871182,0.339966825448465,0.29314125280141,0.580530940374845,0.574116950077746,934
3,124,0.628598843035046,0.783155345625465,0.338418091709321,0.129839358415258,0.577441312880917,0.766184522313664,0.743125622527695,0.877957471012298,0.967501888896075,0.988942832947251,942
3,125,0.138278496448095,0.241254040342567,0.438188148079447,0.735137041260047,0.446484021679419,0.151726048084758,0.0507958987632542,0.192622967153152,0.259017474174852,0.416261697352058,964
3,126,0.378388184478539,0.495880236299075,0.503188086775621,0.800300534500436,0.920910513063461,0.988507593685819,0.881306804998863,0.93001359865151,0.953764379805229,0.91277474103536,917
3,127,0.0429720186263824,0.633065703087392,0.374400874033905,0.694971041104757,0.911959072555781,0.55186767691308,0.38514286240326,0.438115833009915,0.31619156190338,0.326864887488871,942
3,128,0.840051465991805,0.514860110091989,0.78418917155479,0.488802285060364,0.453777523850192,0.360668095977785,0.548894958385971,0.71259289448137,0.771283282845635,0.779218875304747,942
3,129,0.465051876075489,0.576328249129614,0.903064728763429,0.964615926364104,0.976533174546067,0.999100030023793,0.980454103656532,0.969816161385777,0.511283393755392,0.57983548505582,915
3,130,0.912277874780668,0.207112201083561,0.518721056476649,0.343005518101185,0.35494261005362,0.463444009549133,0.664613941378394,0.67979463397429,0.545433455456909,0.702473133449998,947
3,131,0.352230469044509,0.164971890024173,0.061818308431273,0.0572797734140261,0.0388102337258064,0.247490349552866,0.201993401999919,0.201384815025143,0.273495751447542,0.218517554229983,953
3,132,0.152922001752565,0.247482324837282,0.306401031131629,0.419083389784811,0.678035416224064,0.523076818692651,0.269290234792723,0.62429097842703,0.376262207964854,0.482885523212572,948
3,133,0.0610441133262159,0.338399548761218,0.293201337214428,0.435898690536389,0.179224375416276,0.0798729732841704,0.205262893200404,0.0848993240119899,0.0755940278021576,0.059012825944671,949
3,134,0.63607005727985,0.585858547770562,0.775327505851726,0.977505713552138,0.809873195835196,0.526234592922094,0.316823636155749,0.402616839341472,0.402326606755361,0.40218481433583,933
3,135,0.0222920670975282,0.148717024956951,0.130218337170644,0.308677505201344,0.380213448864167,0.435443232994712,0.113259251750565,0.0497268485554063,0.117798604275352,0.0846756929948451,928
3,136,0.629912319153744,0.416899678693517,0.67666412201502,0.782978570903221,0.422244870858474,0.582830753684216,0.819797980784947,0.855278270097902,0.813916276906543,0.81792657917523,933
3,137,0.793496393990133,0.179825815453548,0.0517946644598355,0.003808729708076,0.00586487983311983,0.00733389036014064,0.00786760126518654,0.0524796849503048,0.096881883065522,0.0335292298529084,924
3,138,0.181697319622694,0.600292645450995,0.894825629139069,0.731639913551665,0.371783301707459,0.487207678815485,0.539209191058924,0.70170591808035,0.788038892511196,0.92403300401208,919
3,139,0.314714766365191,0.0292859541076151,0.0412832059431746,0.116279962593956,0.0296407971938493,0.0687509404608406,0.0538887097622375,0.112401467037096,0.0367353314791316,0.0501538155604585,947
3,140,0.533944908077765,0.432824640043082,0.551864529163056,0.392745374495183,0.768600499794882,0.875677209615665,0.96297836492209,0.987894129411299,0.97716856722111,0.955210016803914,942
3,141,0.146765657183718,0.0908289964810534,0.198939721831955,0.22677428995778,0.0459023948304504,0.00409634851600101,0.0086545134945825,0.0128361525513753,0.00153875062430439,0.0056698101205924,949
3,142,0.332773074852619,0.941739297609522,0.953418943343427,0.937936267982618,0.947930782888822,0.905001587423491,0.959518451711007,0.929734043486139,0.559869940216341,0.404696889534623,938
3,143,0.122809395633974,0.371353763045663,0.673971694371476,0.731862974223883,0.913588452669936,0.647823661357793,0.383697271087669,0.649340223764963,0.322738562584481,0.63495216119298,933
3,144,0.335450252611233,0.540407968872767,0.299085273543783,0.313400138334003,0.461959190402715,0.335057133202471,0.455805794095598,0.407120635444214,0.599732138887757,0.701864641708278,956
3,145,0.789925746850481,0.773261400480995,0.196113173816976,0.185515747945816,0.347159427124621,0.306240659482007,0.426318675170792,0.55667852648493,0.504877252196866,0.538192188103676,963
3,146,0.470789079607711,0.257276538357073,0.148447541599653,0.519142549226594,0.739340673258501,0.908166854861816,0.830850156151827,0.975679803972572,0.997861431549443,0.999559380926796,937
3,147,0.505278965686712,0.391685642208284,0.234556023782508,0.304692060522181,0.814274895891348,0.935340925119265,0.822107405761404,0.959480609164815,0.951190172129108,0.991677430703109,952
3,148,0.459219443047137,0.362911378365958,0.0983095283685782,0.173732190341579,0.827238886459601,0.660516819100608,0.958231072462626,0.822909448400914,0.753224026470302,0.645853528908714,919
3,149,0.51189766389117,0.288912431358974,0.235765480191544,0.47303220981512,0.186937275956738,0.131874822386663,0.218860652560545,0.802940325388963,0.989788686068026,0.967827444153362,947
3,150,0.692769515998784,0.393099975417864,0.338102854096074,0.168035811267256,0.57537017381657,0.618412815951121,0.913710150976733,0.995824299416932,0.976842402380127,0.834871788749506,944
3,151,0.0586429625453577,0.180518706078615,0.617833431435781,0.214416429328436,0.527044880874784,0.449047182610862,0.693297422930943,0.86106365855355,0.489961096140898,0.367935403706085,937
3,152,0.862324692930378,0.734413983673846,0.230398945827578,0.81693073349029,0.968142050759248,0.861167289336595,0.832946029379342,0.867388900674769,0.804598226520485,0.731612667132023,941
3,153,0.90718097746338,0.686153869232182,0.842559649474349,0.62944040971802,0.322942572411306,0.326619975416836,0.48255704275212,0.323551116368041,0.468995356387005,0.554207970623483,934
3,154,0.192768123034517,0.673834543025818,0.933098486646467,0.373498367561313,0.672030566654352,0.877527103458069,0.828376292016074,0.877528151496587,0.985556235547653,0.966798254944357,942
3,155,0.0640056490848555,0.0507090452179605,0.0490043696572112,0.0164910081452892,0.0253012101903057,0.0438589592602132,0.0563690696917167,0.129158715193728,0.114241398061181,0.349715637562687,957
3,156,0.77884596265061,0.678362487894357,0.678787136976579,0.26604861143564,0.161749342746371,0.293000401767097,0.313893526673776,0.543691480423868,0.607234135330448,0.605744462190897,950
3,157,0.51847047406915,0.919080704193402,0.35424389473849,0.558774718503139,0.227563636272634,0.603434966416904,0.879397099902311,0.95623779087978,0.968451157959479,0.580745848404476,928
3,158,0.328788275129513,0.602587355674729,0.234232640355206,0.481935834006094,0.284354932774394,0.256119688513497,0.221037788460473,0.674657138500453,0.692166099300839,0.698800728546712,903
3,159,0.24113140471662,0.849136525821296,0.827744340592666,0.48429043439461,0.593117014976411,0.661082413021605,0.50698251829579,0.53890914124135,0.537904197039175,0.686496900862038,920
3,160,0.942301841689004,0.525932068923411,0.491836114801091,0.447466178490468,0.789174935158622,0.626825657126865,0.734159601323134,0.543327423362673,0.614648103677043,0.555312653892322,894
3,161,0.777918015311961,0.493800762896847,0.655844256580584,0.123477022980118,0.129340025212194,0.194174208201888,0.523803724475595,0.56539269420241,0.290621420804842,0.41835636203157,941
3,162,0.0122289586825018,0.479678966420692,0.240584137574218,0.551609926668256,0.260370889101616,0.352334036097007,0.131147696131556,0.0944844405096582,0.0581357061862143,0.106113277024674,954
3,163,0.586640085313833,0.207157483662779,0.623177397260912,0.490607034059661,0.109285600992139,0.19847197243281,0.402379222919595,0.130820453084492,0.193196372355459,0.292854901758579,930
3,164,0.992278945493651,0.56631544195034,0.878094054714633,0.968027871111423,0.64693842273991,0.449026955455689,0.35874112624289,0.585002996411344,0.356068195700329,0.373787651503207,941
3,165,0.36705644639573,0.223283486825418,0.406501021785206,0.290224088020422,0.3558152308953,0.246093425219278,0.377165016829117,0.411298556378839,0.113293623802923,0.0671817384409161,915
3,166,0.028339117721047,0.0101945368275706,0.0111268454995641,0.0173442603596719,0.0172162688384388,0.0379973718928574,0.053504072509453,0.0380738164124262,0.251276538078275,0.235823990435986,932
3,167,0.390835809613731,0.851935422273009,0.297258821292062,0.099395203823131,0.20315778120187,0.0882424447233015,0.218094669085053,0.648919707857145,0.599242281038147,0.514914763533992,963
3,168,0.649670552488608,0.710262481631135,0.55228268481585,0.296815609612163,0.300288172162402,0.343077243229736,0.120561600956082,0.307504095060948,0.475545294339853,0.289599144558089,942
3,169,0.181040355843463,0.232863195220207,0.465855215841376,0.462777873408788,0.349077718074132,0.42845789869475,0.560005977788721,0.676797730226322,0.406978478825796,0.310457236970373,911
3,170,0.794656415930397,0.778634434701672,0.953248781234107,0.768033619978932,0.855100698264379,0.974873168573331,0.816895995469203,0.935672970212854,0.693513333753496,0.499638351956193,914
3,171,0.276174090591741,0.0598965742399077,0.0513037532221639,0.20731944595832,0.132187421253513,0.184868419343998,0.434715693184228,0.354672142298061,0.494753934086341,0.510836716503153,936
3,172,0.703047138764993,0.297892090787154,0.0826935177771403,0.462311854366397,0.218415309251964,0.20723973968143,0.314902597442012,0.49058647003978,0.394959583752985,0.309092105725549,940
3,173,0.37902160519565,0.493469548195733,0.154484037970838,0.229518896852253,0.456592968800809,0.401393650616833,0.327272073069417,0.0586156777559361,0.0365776254845815,0.0101117049463188,900
3,174,0.661913947013399,0.345171556395274,0.352944369985121,0.142404219061463,0.378584307762372,0.714702027157614,0.901272012597442,0.76607689269195,0.964110767131451,0.882411132557051,927
3,175,0.72768393067225,0.479085210351103,0.268410909709561,0.119602255143865,0.24925190715274,0.0767073503292077,0.033315478605832,0.0486437650208228,0.0785850405602904,0.143401560946082,928
3,176,0.829142797119399,0.771204639582695,0.560389772751694,0.938848958917306,0.84038540187077,0.738312678634316,0.777949483216076,0.755619172976379,0.607711808729144,0.698940037946006,958
3,177,0.553841821039196,0.190563157335913,0.278128333822113,0.060354969209651,0.0849156831853447,0.0201038514413124,0.0493894469259807,0.134955808511578,0.118926187859068,0.130703303588989,934
3,178,0.107210190972838,0.127977079191404,0.292281965693094,0.124913518674042,0.108257602925752,0.199519901007723,0.105318295007547,0.0581941928723742,0.0850499770763745,0.0480455137033069,910
3,179,0.624393444553507,0.71350886783822,0.967890996462394,0.721600585261252,0.596820266826848,0.832314793344071,0.976740518263489,0.937153699555803,0.930033419228988,0.94736027323897,935
3,180,0.456988779369526,0.129667790947966,0.333296469686279,0.641924999662043,0.957288180421654,0.820563056916366,0.524242336519336,0.570629732372227,0.260436753065156,0.15979290748788,951
3,181,0.591906622722166,0.607248971517804,0.990483074766532,0.999786767934053,0.997644809706191,0.993052364508434,0.988082084783921,0.954738067435843,0.829855230575753,0.586350968824876,960
3,182,0.931614276425434,0.998520425679648,0.95785348487279,0.509690085362419,0.248008433391076,0.305030462187819,0.422890935403642,0.334878179666353,0.304490018802247,0.482313959949502,956
3,183,0.353790076644405,0.457951687438007,0.321867646137953,0.303463361236129,0.485326485507464,0.43921110854239,0.530832917715947,0.63402079582572,0.850704385229863,0.849156181663066,900
3,184,0.391010091804716,0.823484548739632,0.702768711720108,0.495843396202748,0.338940281187517,0.476966438993527,0.764553046416968,0.542856796552426,0.395957910904972,0.478215153366205,911
3,185,0.660653749530231,0.915107099434086,0.933165779910904,0.924594859647358,0.657659232936625,0.734647088831514,0.551572948330029,0.791648912950571,0.713408476769959,0.827158753775082,953
3,186,0.410256793436526,0.606852426109363,0.307770112045416,0.335647539837922,0.586714272144351,0.560149557217118,0.772751564995495,0.947905086971299,0.893136168927689,0.863743568257593,925
3,187,0.0247608265239237,0.0645070628438241,0.0931041971428971,0.24185237725201,0.615132339760631,0.876173778931054,0.989589810919941,0.998403407321136,0.984022269251247,0.997728220336557,950
3,188,0.985205997678611,0.353479800787719,0.63579342131319,0.627755147767544,0.781039136401844,0.260223553176589,0.193757328792583,0.282252774322769,0.415780962842721,0.640222309053157,934
3,189,0.85526436247831,0.778557880215362,0.679236170728184,0.704535407509458,0.935043706817427,0.788220460048403,0.532358495735044,0.279858670504921,0.354376802174146,0.225759776818141,920
3,190,0.341830347569371,0.219306242188845,0.461275940661753,0.249866417828701,0.295146851781389,0.23570200804872,0.245406696918267,0.228688393948048,0.262301912816302,0.120596449930461,952
3,191,0.612036341818768,0.486306311462707,0.507404169425185,0.871950118493798,0.924710181693646,0.624794524928735,0.698075632958885,0.471262915457077,0.68851190099776,0.697239531404612,930
3,192,0.723487913932451,0.483730797262304,0.594695681003046,0.695231637125182,0.375911231215375,0.459729340615533,0.616996608462866,0.791748942379223,0.735482219211742,0.538071369763698,949
3,193,0.400025002107192,0.722614565479745,0.7814458866603,0.352616997211456,0.306931680800754,0.620754132612734,0.30021118443606,0.387758010911886,0.410509842980956,0.556709171432058,943
3,194,0.0465020980455565,0.0733257225306984,0.0753925750896393,0.029545311976959,0.0394459029929171,0.0981799902025247,0.246943800490241,0.359117283105688,0.239905473006864,0.404394430388854,921
3,195,0.405707919016943,0.796985026030428,0.827429377225675,0.489591231299825,0.287603689001617,0.465021487340257,0.171208985393259,0.165860826106008,0.277059536791976,0.425917813679352,959
3,196,0.41628226182723,0.0984485533801269,0.35519102829629,0.302314110588551,0.191673150465917,0.233992334246993,0.0932923711580655,0.151908596078851,0.115996256363387,0.0702722622244448,949
3,197,0.0329863413498736,0.417401831366416,0.283000973374442,0.477528674449416,0.308231462927619,0.103545139711498,0.012663057922696,0.00551866262248277,0.00118109004406156,0.00712370947947282,950
3,198,0.392361416582918,0.353424774334284,0.391654571678339,0.192910575122865,0.123381205117532,0.123769677086634,0.139819429354926,0.163343522934438,0.41726350171923,0.604452210108593,936
3,199,0.355072256834148,0.313682363934127,0.429611389719914,0.681167841650505,0.36620809398169,0.6718098958421,0.47967484136691,0.32230430675909,0.339170002919485,0.47219593762126,949
3,200,0.555603906997589,0.228012041985074,0.0321798483764434,0.056476667914348,0.00745081965709413,0.0252767069766915,0.119147497368018,0.0196802716122684,0.0110949167773623,0.0064296805536295,927
3,201,0.826208080458597,0.652742113512244,0.891297940035922,0.913857913279029,0.941635001780352,0.876972399223452,0.798890372895546,0.864007673712706,0.756173647300447,0.96163730151564,937
3,202,0.355825856831731,0.759670941465045,0.98167840552772,0.983998128815738,0.93886910980899,0.935115004878468,0.887736400490205,0.854315390040221,0.846651534049885,0.920236840146836,958
3,203,0.251246482999198,0.142899316114162,0.312663896991159,0.311286760600127,0.369495860359328,0.162742762820983,0.0508231229363457,0.0536098790121839,0.0398995315158218,0.0410032705079413,900
3,204,0.0940048121337884,0.158641727443559,0.0612249846574118,0.076866924492268,0.0188611532199999,0.0267024979804954,0.016214467021606,0.0619010863276382,0.0980376519954232,0.0682723745038127,921
3,205,0.344626711168707,0.760030053918535,0.26277540161686,0.382842118852561,0.225406318723094,0.663716645205495,0.769775630535785,0.649517201851145,0.599597622768503,0.462410273643019,964
3,206,0.0189897847746218,0.178454702544184,0.024432733108049,0.00109432865229712,0.00895617612619619,0.0454529680082284,0.018635753527928,0.00616162410591676,0.0132250103447302,0.112576482560743,962
3,207,0.53814361686705,0.3194401560652,0.349378530786412,0.369376633668061,0.433003050666594,0.263821716231361,0.219635069424924,0.420943364412012,0.501678687334064,0.32903781504141,959
3,208,0.105825243442984,0.0225762501669726,0.0209435455023854,0.0531399593504958,0.0630746535047462,0.147840976546666,0.199095263559662,0.133782824626806,0.0635046604030412,0.215926778552981,968
3,209,0.299334768509474,0.571367658345727,0.513938840045527,0.644290014534818,0.808730690148277,0.576784503770731,0.5958791069502,0.546917590293348,0.474520636892904,0.785039456361892,965
3,210,0.118138852208538,0.0415467235752975,0.0961586325581817,0.149478135004721,0.393725578095972,0.121141750738005,0.314925393412399,0.367584541242432,0.606315593730151,0.489543725718631,961
3,211,0.430341165517358,0.108351566194068,0.245001393859231,0.147994532924583,0.104046629149809,0.184578582992592,0.152455628315042,0.475715434604812,0.760837590843226,0.603456004338177,936
3,212,0.863047531406042,0.926673186892718,0.207244122234858,0.0714737253336579,0.153296723132292,0.0937524266789316,0.0612072107883488,0.0518408005711411,0.167189547399888,0.132429262422632,923
3,213,0.71074797179838,0.600041369671721,0.959990334031799,0.897489630648883,0.986262258135403,0.928466496367054,0.826267141994339,0.907949552039587,0.941549093003478,0.808121720342484,952
3,214,0.929394711912668,0.668124288392572,0.537868758364129,0.251655851816158,0.395032798588144,0.390364740811118,0.718423078276768,0.860461386732508,0.905924829269669,0.826155559395332,949
3,215,0.436366045382134,0.204212299373223,0.11547577248877,0.0357949839338834,0.0297747307981656,0.101016603482453,0.0671109047452792,0.195319884038732,0.281482835869169,0.229830541797629,927
3,216,0.582813951744075,0.933596280188959,0.659256199684745,0.325966573825496,0.285776930732146,0.292047577862831,0.133599941065901,0.0549610753201357,0.0469315292971295,0.0870389330287088,914
3,217,0.786176313587151,0.609301798479078,0.869063579330132,0.9531446008485,0.820973344348031,0.618627982632859,0.785039954609931,0.947913776801029,0.831120496697024,0.752864715117705,966
3,218,0.577672130893697,0.79837783155396,0.58980537444596,0.512843200356847,0.665864682160003,0.874307621966915,0.717342822789861,0.953153978343737,0.896508869146318,0.89945483566339,947
3,219,0.607598688969703,0.354892436030008,0.0244581004302522,0.0534772117747341,0.223430503248383,0.077184706757581,0.0646352449063871,0.153319160410152,0.162481903083767,0.110660081068319,925
3,220,0.375545685438663,0.338926823162608,0.486451342835679,0.302469046360146,0.914497341207212,0.697320802926251,0.816097874720016,0.815960102753126,0.876433649852665,0.879079378939028,931
3,221,0.0465137501275721,0.0512064965899784,0.169579167680879,0.227897962200813,0.331598409940346,0.40755201645146,0.520741534788011,0.307808433121274,0.49145347896145,0.323461108256956,925
3,222,0.258286851616874,0.86624312142019,0.962822288934438,0.143725273352583,0.379701160129119,0.186049546669066,0.224474705368855,0.210071940220365,0.130894889762227,0.156271654830015,948
3,223,0.156367502476072,0.28522665830685,0.569003991195022,0.278156249427559,0.174552007468342,0.255859996212795,0.444968578539081,0.86407830736216,0.998807477281517,0.996838898931466,928
3,224,0.663033232244793,0.653917743075399,0.389694958336576,0.228566481277483,0.0336679465660527,0.00977854970502097,0.000503100332050398,0.00264958524166429,0.0120961990631303,0.0168753046225443,910
3,225,0.847209681230453,0.246759339031072,0.275846973626429,0.0979336109658329,0.0951785888447857,0.159024151340749,0.153681714123738,0.053151443813738,0.0155114459907854,0.00755531254906669,954
3,226,0.0987942627048691,0.500387384755078,0.225626456912924,0.0811473085585164,0.141110199779386,0.233392084255813,0.223885368840614,0.120481015009382,0.216433835454122,0.219303804899341,926
3,227,0.392321983143162,0.13624108074824,0.355291052701998,0.0743548245326693,0.116922775494737,0.0170467788048129,0.0181608517091174,0.122497230067717,0.127688563959986,0.198515436098214,934
3,228,0.189454746522774,0.274817957387321,0.441340673885852,0.453624682916931,0.621464580510774,0.391667249188316,0.0705104798695974,0.0617960610574466,0.172399625954381,0.195365355169947,955
3,229,0.167159439524933,0.235151372007138,0.72751008317784,0.263758576854077,0.0236148890200993,0.0152766458536791,0.0448474637447896,0.06001430279793,0.15553821972504,0.198057813701996,954
3,230,0.400733730803637,0.5799852058128,0.864217905399217,0.763779410009912,0.711613581243626,0.550527868078625,0.915676370949593,0.959817354945344,0.581631462165445,0.397102028500696,894
3,231,0.322944483728016,0.480839053822251,0.541814840832255,0.136474463736079,0.268213696831098,0.130328403516642,0.157087786934739,0.147787242619896,0.0701124928689426,0.0140429688370086,940
3,232,0.499944119576464,0.708190338522059,0.782736875754699,0.80746214861669,0.728040422497274,0.34281083076906,0.492164680832795,0.67594927664805,0.880440486049794,0.940013858760731,933
3,233,0.847686232857335,0.787279601527523,0.740476145432436,0.899585857363351,0.267911113274724,0.204537146868893,0.228424998284747,0.322581884109756,0.522058782046439,0.550490107494442,925
3,234,0.438368816623913,0.567218016035931,0.535559182134064,0.823354547727712,0.829496463000624,0.800348606599525,0.350013291381453,0.350860440735687,0.726927262765428,0.853326481598055,957
3,235,0.501014068509889,0.720806194178452,0.995622591552526,0.94055347225738,0.849504217013787,0.933539291614354,0.813181896987424,0.926642417446737,0.985121461808262,0.980399083420447,949
3,236,0.668784201491595,0.738094064631291,0.309310796031624,0.776052013402129,0.745450382165326,0.93412483622538,0.841609560336139,0.839070796476376,0.949961776090812,0.960509614822405,924
3,237,0.268335096343384,0.228669618964544,0.266641586295735,0.269676650129741,0.609569081385293,0.379681780652597,0.641910690067546,0.402593727583702,0.281243537049547,0.298633090141671,920
3,238,0.796501700349177,0.74167496160939,0.569350102221864,0.470619439887395,0.332238766720668,0.652157641774087,0.639262102726359,0.706904099395589,0.758899132299336,0.757700351029371,949
3,239,0.314992252684637,0.518060521360506,0.686475115845257,0.987675371697873,0.779941996965297,0.723937808193777,0.769747952972672,0.636739623892588,0.385993493010274,0.22625923713388,924
3,240,0.997751685950892,0.463888479290683,0.827213280080377,0.791424468459463,0.745252293355738,0.552546158739417,0.750053840627457,0.518149351195875,0.533217689677374,0.705938984011784,953
3,241,0.514893678582636,0.607955521657367,0.645306172747161,0.684142647657234,0.818408174380069,0.690377134827779,0.552994499718373,0.777517075692865,0.65811767197128,0.375502469877353,951
3,242,0.0754340822311666,0.114754604123841,0.24339332049443,0.380815119289344,0.855137869896204,0.807074789335912,0.604746936875568,0.561659647862173,0.794434808491137,0.504387306121759,934
3,243,0.88573791690898,0.626042533718014,0.650104792475755,0.488761622320519,0.5323327931935,0.542181160753568,0.882564046615468,0.515172954225058,0.749891575912649,0.524155649108356,954
3,244,0.571858915736425,0.241634033748092,0.382658796918128,0.254526887970408,0.1780635646834,0.193368131270495,0.134245815960381,0.362795956707015,0.141247170543216,0.0973350736581562,933
3,245,0.124010869830149,0.31613024315997,0.689232617981025,0.733425758215938,0.53128504101424,0.630967068649356,0.622911213543708,0.747447641980629,0.748137641994244,0.35611641139455,931
3,246,0.807601134352054,0.922736223972526,0.930264838479332,0.891723617822371,0.881220431674493,0.924074410332629,0.95787826513865,0.818901214312409,0.820257811228857,0.950990963645979,946
3,247,0.216546847098161,0.19979195446277,0.0966631143619443,0.0153604260669783,0.0127950863867711,0.025209807964182,0.0736750239942945,0.160445379934905,0.246649532048674,0.259605404084358,951
3,248,0.202632282100686,0.00738588467680191,0.213133701076598,0.491072074046829,0.607838187894652,0.877208076153511,0.588938184208698,0.246263206638767,0.345016836313477,0.372899234934632,906
3,249,0.0695075915219693,0.131921386156623,0.241875818356062,0.519839636748399,0.186759079159183,0.304527504977446,0.110270046276739,0.209793643264435,0.165103566603671,0.0642543423443498,927
3,250,0.0922719870473195,0.123377898035538,0.133645318611822,0.117051253188064,0.243983383067153,0.288821720801556,0.12454090457836,0.0972632086419041,0.0818198190259458,0.0781190145155718,927
3,251,0.997237240428608,0.989358835711208,0.378739992794521,0.752463906565573,0.634091417728255,0.169640651513102,0.466412968831821,0.23143335477595,0.568194420543817,0.662330039462224,936
3,252,0.882869659101305,0.66819286751693,0.939737755955519,0.567634219143567,0.447208940335791,0.407425526597739,0.631434119458394,0.927249445845446,0.77217815749007,0.782091000794985,904
3,253,0.820630496370979,0.562239753205422,0.849417528091557,0.614420807440747,0.565872023990753,0.71622005357997,0.685737475632834,0.512970085376921,0.600161786856046,0.768137750088704,926
3,254,0.0712221703422187,0.91390375673816,0.79081037547326,0.678077848976306,0.49898040997622,0.899520584981032,0.384697736232116,0.379319773552142,0.339393256959098,0.349045895622667,957
3,255,0.128518262506785,0.0551683215983363,0.267932283430802,0.0791559833907518,0.0246055983786842,0.196797607473783,0.315088991569452,0.560555988203991,0.605359094492518,0.41231794517301,953
3,256,0.602706369185664,0.962427209574334,0.821656381676581,0.684997197691902,0.873529571188233,0.968131371148525,0.984821882215512,0.951949300549169,0.961805641693805,0.943451592609964,919
3,257,0.336605416324894,0.0180323405917515,0.0641582208976264,0.0142573336064474,0.0581720630202718,0.128284774265156,0.0700147298647943,0.0503234715265399,0.0462320603551358,0.0459248816524789,914
3,258,0.439151217641686,0.771532816379991,0.578569976549464,0.907226055480556,0.918995240986507,0.95367908849311,0.89373404660078,0.872725026527412,0.825847543974025,0.83170927223365,928
3,259,0.89340981215026,0.483037273078418,0.588919640190583,0.522959329278782,0.614891365651567,0.936665440313765,0.97341297521488,0.999204267726685,0.955539771620354,0.656073747907685,909
3,260,0.355226988634481,0.815259086585132,0.882763680334158,0.946848871835243,0.94156894354397,0.720889410973045,0.816271822634468,0.89966099546783,0.973321269684688,0.607514496582297,913
3,261,0.954395914865819,0.679527290428633,0.957547217387074,0.941718884059188,0.544215643179913,0.444316154718885,0.447532334416216,0.828714634035135,0.979172990157114,0.875890261291333,933
3,262,0.587299926212439,0.841748074055207,0.798605277146308,0.688684318372361,0.839393023568691,0.372324853349084,0.250813446012962,0.295305527072142,0.254872794629322,0.418953171057299,929
3,263,0.657706341852473,0.367216736485532,0.55266460924433,0.511316305827256,0.875260845241717,0.990355305704047,0.997047483537583,0.875828207031755,0.836932784535519,0.69487282603101,904
3,264,0.682138030560198,0.3810504026492,0.237994275159392,0.541032106529652,0.864553174837255,0.910251701302762,0.993682321019452,0.997180886234575,0.9941471387716,0.99238822134247,969
3,265,0.251765033402794,0.392728138717796,0.558568444502448,0.40371898417026,0.234482806124627,0.687598798775994,0.634852905167667,0.87600826124516,0.752352031414145,0.53526177658066,947
3,266,0.538684035743023,0.929067292351735,0.838015724355614,0.946980766738729,0.98377664956792,0.994567826138989,0.940753022850941,0.758717597575758,0.577004156672635,0.639928345358974,921
3,267,0.0734935284606264,0.281946384285441,0.290667395426069,0.625940211469193,0.211216800849212,0.180519467065391,0.10896451980351,0.53348330570655,0.399556973030277,0.290006216640992,904
3,268,0.686216919224148,0.730957828392546,0.472926278943375,0.617462169662928,0.443584998159167,0.338319935351951,0.457015858439773,0.593528023983667,0.505213455496395,0.618975555770034,965
3,269,0.580846220790615,0.712791164185116,0.776670860984378,0.665595988998016,0.462750599575987,0.296349088514573,0.305120753445974,0.281032555377639,0.346401522804907,0.287628050290483,940
3,270,0.486524906106873,0.262616952831772,0.220498416166305,0.285196096687911,0.89068620737472,0.650064219326871,0.537419784222573,0.648758916663401,0.477946468477973,0.393786639963714,950
3,271,0.240378280535821,0.189783575023073,0.374202446995255,0.159476264610068,0.496610342159877,0.663836825739984,0.669949869323759,0.330347749449469,0.417501648001009,0.308572817176499,927
3,272,0.650241555105872,0.372048294805733,0.157351971093342,0.512912012430819,0.54254499696626,0.256267566099118,0.0778458271840154,0.0338415254730238,0.0297660494617532,0.127960959990218,952
3,273,0.927834569388005,0.922503440461893,0.865134606339317,0.568081209958326,0.49274562346628,0.497064190804119,0.625160204205619,0.673719841861114,0.620292855097592,0.499293856043308,945
3,274,0.563326328774461,0.0705578132712244,0.593098420320237,0.486525322791628,0.512101487554936,0.215607039494801,0.31991615599733,0.388320141002707,0.380429039066579,0.354892834836031,944
3,275,0.411486401864974,0.362684794273045,0.179445134483451,0.552974508832642,0.256287086051946,0.220160312620671,0.452622744718041,0.422833878341984,0.596410566344137,0.67964138213629,932
3,276,0.0596226598586624,0.20777517959822,0.268567560257889,0.775560306250152,0.886869068250996,0.937977972273364,0.948569458462294,0.616435624674815,0.512219971079212,0.582366182041138,933
3,277,0.439414885214655,0.44851163101428,0.0822023710699947,0.0413655748159239,0.125529324495122,0.315664627314128,0.558045401267945,0.827056182112201,0.906508612579722,0.757260639163833,921
3,278,0.57173255048043,0.467069880387009,0.142953427502528,0.109410913422303,0.300070490030952,0.162124739501069,0.333111554566551,0.303971963647994,0.0645098307409864,0.215270340516502,907
3,279,0.130237871818051,0.390154436511216,0.941902015882802,0.796859156369184,0.806005777661124,0.880290913804771,0.805919106702698,0.819654850966907,0.856582251626775,0.971750838398022,921
3,280,0.723737136636438,0.969386279684347,0.245127946425158,0.193176367571854,0.094378983605471,0.0435166659888619,0.0866048250761197,0.0831859321633146,0.132709763732587,0.0557695369392997,926
3,281,0.733275833024816,0.990701995493572,0.989641656780754,0.383389515946024,0.469061288758801,0.449778838718943,0.491687743790101,0.699363960235072,0.561354630944381,0.742083907194614,915
3,282,0.603669129974661,0.655943151017469,0.0276966507013601,0.0175610777165998,0.0177176979149166,0.0118151056084238,0.0270595593519097,0.0643715330005501,0.0874675324554615,0.287385866009423,944
3,283,0.507445606956631,0.515381737806342,0.996605637958634,0.566730499098656,0.255152930349685,0.181824927443335,0.282582000618057,0.120510333437143,0.104467042569181,0.166106588804798,938
3,284,0.518221375092558,0.979352643509299,0.958575135146606,0.963038691705091,0.912563650009119,0.881366843478882,0.899010964311014,0.897628735888027,0.622468836101903,0.63411549649418,921
3,285,0.269394592429313,0.227514372393101,0.623368057122634,0.61921996799466,0.819048371212358,0.228424421982315,0.222570529311212,0.517083011020942,0.510016426801879,0.555213077618755,971
3,286,0.183595747388377,0.363515214808942,0.553619768540857,0.585779624487743,0.345323910584877,0.285644780498286,0.325161154843684,0.625430061201071,0.463956555110178,0.6310406602938,937
3,287,0.281573902811074,0.173599604881832,0.398400080708744,0.249976416105909,0.536133211156406,0.242156951925626,0.257780635818086,0.322060588930248,0.170341278419694,0.133082338482414,921
3,288,0.625666341347384,0.213855570672056,0.140905796061246,0.137668055882058,0.196170067717486,0.249223854664445,0.39020582125391,0.558800638609627,0.539925028123645,0.707249210456189,940
3,289,0.966605155623388,0.969660341056248,0.770217392367031,0.765236778767143,0.841876341755876,0.912568062229926,0.964532731340313,0.985726646384299,0.987600678391431,0.926732498634796,969
3,290,0.140362753224306,0.325654712925655,0.387614508146447,0.503542189970199,0.345939406382506,0.584027021313491,0.743997693364139,0.741807862134423,0.539534568666436,0.53487938312238,930
3,291,0.857787662158166,0.652809930055733,0.61568987242123,0.541052511513899,0.360737967547863,0.560210462777186,0.241341510405585,0.706193397076139,0.267183620032068,0.375223724328338,940
3,292,0.355240802603504,0.0840383013866704,0.18379000695542,0.343225301337049,0.199835400490186,0.0963952993370912,0.238671520746606,0.284283001586171,0.509585003311458,0.309127549600822,962
3,293,0.309838716571362,0.522076438171828,0.43033693585117,0.0828469068642743,0.0480767549350675,0.0257532803995535,0.107838819591293,0.0178717942485913,0.0589632097147085,0.0110752384779758,936
3,294,0.490035509342518,0.386468987102686,0.402224827067822,0.436877246656635,0.129999818930945,0.224900327627965,0.2612226775737,0.160848560976953,0.190683856965195,0.444791561217701,949
3,295,0.659974348438388,0.567523225249317,0.880639148200235,0.854086650515449,0.383772035738604,0.408865979542899,0.21532187702216,0.569004517183717,0.494093933295567,0.412863574658883,944
3,296,0.329246444959426,0.599317018510855,0.718899852808187,0.460796341628515,0.269625437875826,0.359748604816476,0.146817511189526,0.13321098980242,0.0815155924122948,0.0507407533441143,943
3,297,0.372620600238947,0.0750297952883492,0.0653716573241866,0.153403096842779,0.465934839381162,0.614301344544113,0.45179182280094,0.530947533653814,0.326169013771737,0.406532237601527,963
3,298,0.286039521156167,0.141995922880018,0.560234646224453,0.856945958836682,0.807717313253977,0.95941002145356,0.711801734922324,0.86516090953085,0.987880178529604,0.974468114078068,961
3,299,0.0920350849121019,0.248158619712263,0.29524270329232,0.227164766602434,0.539750453967489,0.328693789757808,0.678467997288178,0.355043252654493,0.617502263642933,0.416005123454283,922
3,300,0.833301857988863,0.515511460920728,0.818474516671766,0.696128452531178,0.984029695994149,0.932205147882315,0.948478863323071,0.861624870820119,0.844262689948516,0.969932411462178,921
3,301,0.808375167827649,0.873254241362321,0.722688912575743,0.876794341767672,0.947227167026514,0.785675821695352,0.732344799876429,0.47095798261189,0.2563277920781,0.162657143834881,939
3,302,0.113017447852318,0.227180932967607,0.166450812907155,0.238132303403125,0.63683105257564,0.45643443141776,0.170021304479813,0.241038938931052,0.430965244471892,0.590884203864481,909
3,303,0.151191568950488,0.620864507317187,0.516111335498012,0.369821594222177,0.551493088030602,0.753944023489917,0.723459295278947,0.337178769853712,0.413246144029185,0.392119676369621,948
3,304,0.911556844298386,0.221779560215145,0.0782033056319316,0.00808167680378805,0.0655852500732472,0.0475117461527035,0.150511154054905,0.110263238232608,0.328790226899293,0.271585850993084,959
3,305,0.476887486978559,0.636349228304164,0.536349304798022,0.70759037669687,0.827399994808578,0.998214694952206,0.998265379173483,0.942945654720758,0.953730723036037,0.948157330810494,952
3,306,0.598046902174388,0.420237746470442,0.281580471133055,0.465158966454297,0.41689803426529,0.483197093781706,0.605799665683593,0.44099744900464,0.519608639575006,0.469245359576537,932
3,307,0.619977806808631,0.97588981543138,0.987080690453672,0.954278305701273,0.967932750315156,0.864111862990063,0.675978677941272,0.888522410980937,0.91314374829691,0.883866087394945,936
3,308,0.0138773061985441,0.169674831078108,0.101976177395598,0.00778986924337088,0.0166911056060688,0.00305093942069081,0.00681638077794614,0.0146408289613236,0.0242397029526011,0.0111701640895972,927
3,309,0.844076666617903,0.766887401444046,0.2793521876145,0.286717285945735,0.530018628942791,0.352237577773311,0.361909594594806,0.351373689027367,0.259247355234663,0.146551175326819,948
3,310,0.954616374102481,0.357968821664642,0.545255406342118,0.524367346260095,0.64572899855719,0.564877363403909,0.337936857695148,0.308601452683313,0.245522955991872,0.370064776902567,962
3,311,0.0596735650808413,0.114151978840118,0.359651969892739,0.369213788320165,0.310585316538883,0.0664565815029577,0.00391101171680369,0.00403724801321688,0.00346345273363175,0.00258612656177099,967
3,312,0.128344049358297,0.0416660565897291,0.0238734136055215,0.493516961328367,0.682117600346478,0.611647510081918,0.488529246477943,0.452010656806693,0.258094989706942,0.139133142079624,946
3,313,0.965999075197805,0.274337987702942,0.268684633060362,0.110291915238415,0.128880229348278,0.322812305143921,0.369778995722066,0.671523214085965,0.364131500702389,0.355072331028509,920
3,314,0.0612499740195631,0.792605247484012,0.27169193385241,0.374227697643755,0.330164241972648,0.270791759028417,0.279905601654405,0.268886681636756,0.159993355763347,0.156727319518886,930
3,315,0.447038613102757,0.126974228141447,0.0355290170430983,0.0889708219022193,0.0141472758053784,0.124800361846376,0.135723796423413,0.416335321243347,0.645684732245345,0.785312337584634,940
3,316,0.862861078975574,0.905632282474545,0.923726545414222,0.902960526839317,0.834037504843663,0.726209076918068,0.376540213239045,0.267663555723189,0.270660395690569,0.530908534684113,939
3,317,0.911399440471973,0.588129789361519,0.775870928109158,0.122461504129539,0.121676317333305,0.113405456896353,0.097656741375172,0.104796906908833,0.300743794688785,0.24569774877433,909
3,318,0.974499632872197,0.949100242428172,0.622676816456617,0.403331365507535,0.073750013627266,0.165251017367939,0.243490470043506,0.434097869697359,0.743755799979729,0.732712842740532,951
3,319,0.249950215758825,0.0535623828253194,0.0468747769108705,0.284630410125647,0.533088795972775,0.569263383533111,0.83385736094581,0.913069834216692,0.788861884479737,0.910373350271244,893
3,320,0.530330852822488,0.422365693428375,0.188066814750519,0.454057507128433,0.273636693175474,0.404320470449447,0.217438284759067,0.149736520007984,0.145686440290452,0.242273083172909,951
3,321,0.369990025781421,0.446502502009911,0.723629577744973,0.346804987509608,0.403579065179731,0.340336985620901,0.570912620268752,0.481023208156313,0.663763582477875,0.276251284388501,936
3,322,0.325870577111042,0.195331964872896,0.528034565842409,0.899484282181384,0.903708358246124,0.831615030541562,0.931763739212366,0.805036992308967,0.719539037681051,0.652936353750353,936
3,323,0.912605019866818,0.953284805766666,0.882906740126261,0.985209902767956,0.769292381805696,0.783849090603249,0.759631806076905,0.957104398891427,0.949933756501538,0.742206234728103,932
3,324,0.110233071020841,0.373045420579045,0.371856394292365,0.647311504295876,0.64411936765249,0.715909127842161,0.947888557102964,0.945938026630622,0.97554436577631,0.996233989279562,937
3,325,0.0070345742589942,0.351625745706759,0.501110297109281,0.741537656837877,0.927904645104841,0.923690261718813,0.793736103623344,0.552405403162492,0.237105760843886,0.31288167725867,951
3,326,0.186722978183467,0.34627551972345,0.419071493896506,0.364635859682534,0.478501004073195,0.696401308691185,0.661183708032558,0.810766857657736,0.831159763045191,0.718441219139343,943
3,327,0.943325675077423,0.597838841668437,0.840447310895467,0.675959381148738,0.894397208724375,0.948909017075145,0.853749238880903,0.718848217252131,0.796054377981526,0.84680323405007,934
3,328,0.469666865443687,0.420865928068616,0.747684256778663,0.463035862555156,0.237138519723361,0.2054743556965,0.191080538226807,0.296729417753512,0.325741021938217,0.523889279466733,931
3,329,0.8315400756175,0.394473120241859,0.334429911701231,0.640399794758231,0.688895621224825,0.877607473233974,0.598500295990301,0.624398219735117,0.635978284560201,0.536646561955789,966
3,330,0.806639814588955,0.731208012096142,0.630043410026003,0.822147551920615,0.811380031001796,0.788163153556978,0.96963035758905,0.953709073394418,0.885324161074017,0.977600706294331,913
3,331,0.778714927057119,0.929063660132998,0.740587497820721,0.89823819206446,0.851878400943978,0.917440568503905,0.929056708520356,0.975059595967372,0.998416966597125,0.996020601147785,955
3,332,0.474212466288351,0.169819520036851,0.0976443047460649,0.0767019505888262,0.0480683718778059,0.0918257030591438,0.154828699272028,0.270602610980861,0.232917129267757,0.114967208436185,923
3,333,0.129956203354436,0.666754740586887,0.68764539055404,0.25484119180249,0.553161464558851,0.809009146178726,0.469212120860245,0.678142128392633,0.72189401925205,0.624333947417914,934
3,334,0.896196847705037,0.932466288088522,0.571975815756547,0.32061666578721,0.486586411246852,0.599904468005075,0.742785596169109,0.706828572442165,0.621639836405951,0.37831517905528,935
3,335,0.0259278502954926,0.238360586518841,0.385971358987691,0.724593359677577,0.577764408428688,0.313698190309796,0.535743373479387,0.354559044115361,0.476200268506143,0.718143828479465,941
3,336,0.644662515749516,0.534549448517389,0.615475403222424,0.73369656392933,0.770016734764465,0.964917806030673,0.916461705041322,0.735793800972363,0.95769839911402,0.825933809165729,895
3,337,0.219111182387889,0.430914330773717,0.502664198139407,0.857677863378013,0.882417505209322,0.603078577726042,0.48552981398422,0.245160477995429,0.391267473519762,0.26888333806238,948
3,338,0.726823269044291,0.998848527804192,0.396262580743612,0.581743464674372,0.78975741447485,0.777134042048477,0.84304767764112,0.679751537283274,0.397943166903467,0.452434651569698,943
3,339,0.521434315019855,0.470719476885747,0.126061868982521,0.274891071548209,0.371407310512066,0.362669728590785,0.305594326027546,0.178423097754427,0.332689608683873,0.339350739422838,937
3,340,0.0739616917917331,0.464692986615964,0.941672894836936,0.603818074890667,0.498393087775697,0.440848254547195,0.432218217210767,0.552988183041275,0.567658765163063,0.650874507816628,955
3,341,0.14345137295119,0.163003030203245,0.353304798508769,0.149406400629555,0.442198498375961,0.478598281900237,0.403324292496045,0.729442891117979,0.778839340067435,0.760002861127345,898
3,342,0.1376399349688,0.372637593304737,0.615927934139847,0.620709233027928,0.795765914634146,0.759754292532511,0.782946762059501,0.483094402567752,0.350527506661053,0.415335643623104,958
3,343,0.614700655618264,0.326872720290631,0.226708025627748,0.355558357231355,0.534404723096613,0.798137066429838,0.723458525382894,0.80784248758486,0.832451809898998,0.928014365799635,944
3,344,0.181891638856932,0.114735793973376,0.237064815648332,0.328225736837234,0.181160271012124,0.179954709014393,0.208888435706253,0.248178418399019,0.87863565532423,0.717937987019582,958
3,345,0.697526618801778,0.927582857957521,0.835894130463805,0.269252108714943,0.52120062253725,0.618072188740319,0.720132535072703,0.348569214320783,0.116816447656256,0.0624131691998693,954
3,346,0.921466479741472,0.339999737617859,0.334015884512644,0.350372242164007,0.472679931923588,0.362598392564037,0.701636699127248,0.59005510370334,0.678168213940415,0.745149187685836,938
3,347,0.432133669988883,0.414007388702444,0.589746884970266,0.432759270253491,0.241855450615838,0.22045074010464,0.343645412447934,0.280667059457134,0.324012183916653,0.312441765844507,925
3,348,0.0554911708495279,0.0648024891055752,0.0157353174843705,0.157111543650473,0.255375581537776,0.229783683280394,0.361270194283712,0.446397439886663,0.226291458740244,0.176586343862337,957
3,349,0.802011063515299,0.928484937967035,0.503578041216123,0.290404534518792,0.305970407960058,0.46470219285842,0.683946628866661,0.715615832207581,0.667828842705429,0.677205114256712,919
3,350,0.898732024313932,0.829273442001147,0.96515285598739,0.983921608014989,0.911766138658496,0.98595611330335,0.986876848490489,0.979813218902249,0.958538641782256,0.928943063219089,921
3,351,0.822866109981657,0.920325132633925,0.523453045932908,0.55148093344899,0.440659567630464,0.467891298058768,0.259582975604451,0.434794091182191,0.298813967485291,0.316792775483221,956
3,352,0.540282731010675,0.6406168297485,0.914534807874643,0.964391413374553,0.861748595129683,0.508182270457853,0.577078548449426,0.425643661696852,0.329689103638732,0.337545626153615,930
3,353,0.536097325086642,0.772111252352464,0.640674448988971,0.216631641427715,0.448322547301496,0.6714896791854,0.318991996221558,0.159882577489425,0.158747786272871,0.295871554217068,926
3,354,0.55553321048278,0.931065665726655,0.875459578477957,0.857303062142314,0.927695928749258,0.391407620365354,0.180722046320317,0.184858876425568,0.167959974767729,0.22139700134802,941
3,355,0.390663660698847,0.333021963726541,0.707065161723894,0.420452575572114,0.441988145869994,0.273599632025315,0.129968125002778,0.247390048986083,0.555736513627493,0.677163849057583,924
3,356,0.312617697448691,0.455576811523125,0.179164759933616,0.751738854155261,0.942570709801855,0.771131949077451,0.766347887715508,0.814827019098024,0.897546138082079,0.799124766321381,934
3,357,0.667803017069321,0.719661710628285,0.847327831344834,0.884976335263818,0.683123360087936,0.715924894254526,0.295665661282237,0.656267568935446,0.880168116735504,0.603262463933324,940
3,358,0.802174729638709,0.591645950344496,0.708360542665996,0.472621910232141,0.767778718817417,0.800969241358666,0.678672753663653,0.649415662730305,0.443795632691402,0.272954921140768,948
3,359,0.651159365440201,0.624595949490934,0.690659327024556,0.635673969803679,0.241130344121105,0.123820669333525,0.393441731559419,0.237948181215827,0.258778992805165,0.259105990346082,970
3,360,0.100209601670049,0.0191026634989346,0.148097218589071,0.0643119093043361,0.109257668748635,0.0778399579170482,0.119398222853051,0.264618060288006,0.179447133876026,0.1899730373047,902
3,361,0.71200523060882,0.236936130646531,0.366728602356942,0.192062251680667,0.373624329971956,0.275581090701655,0.724194446089148,0.729892444274123,0.786958214072259,0.658121271571483,926
3,362,0.042711657888564,0.13348140891865,0.0997411989302471,0.215206364952312,0.146418526707535,0.289137391217661,0.36974210165839,0.12878344436685,0.0816149693480285,0.148862709847115,943
3,363,0.773677987742373,0.474083177470739,0.938350553804325,0.991934272919808,0.968582353135395,0.606015396521834,0.839624752874106,0.379711074945977,0.239548807032558,0.407753671157103,950
3,364,0.616426328483124,0.706587839463728,0.957730704093097,0.919036183003373,0.967975499652523,0.97796681374447,0.995482807494881,0.945597794718324,0.707704573170515,0.500022939888048,956
3,365,0.595590832679848,0.21547072443522,0.500547291457663,0.374537334463285,0.408085365375464,0.263583128647904,0.334116678140565,0.0519324162261547,0.0266840583700446,0.0141342194183834,938
3,366,0.977570033171656,0.765606187572783,0.34831963735287,0.0701417912777995,0.395835497721843,0.631172571623901,0.543807131437143,0.470377519191401,0.330271062374433,0.577282347411584,935
3,367,0.328260881921571,0.838350903387222,0.864858229625242,0.537948655786194,0.313254741376117,0.488506729585506,0.245317969961711,0.123189685131623,0.29029208222786,0.30258664135673,936
3,368,0.490243905420585,0.329922466418921,0.152731231812894,0.124438659442208,0.105811734941118,0.0682298952925207,0.0567870555533766,0.0920644823838964,0.083632493630346,0.213446468378486,927
3,369,0.749611882335966,0.751375284311128,0.673386926874934,0.981519518725941,0.905638266793757,0.756770885263796,0.758533830107731,0.740120264096207,0.810573488083149,0.71543664972517,940
3,370,0.466981234408864,0.96061783983411,0.993426049026878,0.99094232568789,0.623477884690761,0.826006919952644,0.282945824612539,0.311120596479986,0.109293381110187,0.093088325104266,967
3,371,0.0449226200478356,0.436592082734972,0.714830939291658,0.297768812481169,0.3164711175498,0.656247231755245,0.476794601804238,0.609316611986409,0.647578565015282,0.793905311713029,931
3,372,0.783372197394266,0.453580999632741,0.231610574284136,0.48985007247748,0.537449883415669,0.57395996899465,0.696864774271682,0.898360365644837,0.847166631325642,0.531126102288962,947
3,373,0.0261296219581376,0.063281343240215,0.507914533853508,0.403157311324635,0.540634796124987,0.773617689170029,0.724306120516216,0.93839058811689,0.616397381522385,0.583199702867365,957
3,374,0.662802542618992,0.552220103216833,0.59833043564718,0.835294709164633,0.850540643226161,0.844136154334247,0.667081239565093,0.468155797868684,0.557372744605234,0.355052302430899,934
3,375,0.478674760908597,0.240690053442029,0.141314851452094,0.81589261569472,0.837092128367478,0.749081803981633,0.567461009980417,0.818662753985341,0.549164218502218,0.208531644131096,948
3,376,0.625652806688629,0.468950878661573,0.449977036536758,0.63124177958121,0.381502025054814,0.174427272658901,0.121132916687018,0.271940823539971,0.309425009190124,0.258962578553693,942
3,377,0.00960424599707208,0.0142748622407481,0.0578831655231662,0.0169094817664481,0.0968156758232119,0.0916151751956004,0.30018302735515,0.2774335543262,0.415041254615458,0.66895447162383,953
3,378,0.961915064176596,0.742690036340667,0.151792035153927,0.170620815495551,0.242822545404387,0.182411098006832,0.476000082595047,0.540496794471744,0.607263305546285,0.539821264364762,928
3,379,0.396795916196683,0.292658370714744,0.242018673654829,0.0154022741287149,0.0505112415077037,0.149490834425406,0.0509709401714763,0.110239313708008,0.059993826100035,0.074346402900509,924
3,380,0.0830633729492989,0.214431247172616,0.296718384044934,0.66543492332317,0.221326113296882,0.158406078776272,0.235675994410763,0.285410248809257,0.510149045054627,0.862469915549181,953
3,381,0.460454902609416,0.526358841768124,0.762246548974915,0.306675856544603,0.48665314358722,0.665207103801731,0.873535565048075,0.885427315047084,0.630484517066924,0.586578050281198,950
3,382,0.30016221595026,0.10946943848199,0.0434892153714096,0.213709496577049,0.423592113391673,0.777356894669958,0.679918311537043,0.7175302522442,0.557486982204383,0.683629320360832,963
3,383,0.732404885693183,0.657321822923962,0.684336459017331,0.647285269874523,0.720519445176445,0.72612135692977,0.684017732460891,0.534795159053237,0.500528987929665,0.570729556802053,936
3,384,0.0225884781759535,0.0469627088854764,0.157907674119144,0.158708119024081,0.221923134335914,0.434202600560942,0.156977124608737,0.192561700727109,0.44301031986671,0.485927862282849,963
3,385,0.432810415011596,0.461095123546171,0.523917425881043,0.736217118855182,0.626816321759837,0.264245973639546,0.399731389877464,0.34238786096992,0.359296123118043,0.548542704171437,912
3,386,0.504481500531233,0.685203659500228,0.729275253116348,0.597630585351504,0.800238297630911,0.893208250674777,0.932835837792973,0.660644041326131,0.532693837245324,0.572370115343554,905
3,387,0.335520091594934,0.152712588350539,0.18600981937346,0.0915956418537639,0.215443995427565,0.389612124250203,0.529697817181844,0.441005272989658,0.585580032660001,0.580013949677513,935
3,388,0.792570517884903,0.592233365252266,0.653529639554527,0.573139001873329,0.86626966883367,0.351425834745443,0.185842663081614,0.0858479468272411,0.0315358274403618,0.0202701155901051,931
3,389,0.299396534643129,0.343334861263944,0.127736071362043,0.467601398303198,0.397257285665959,0.146222814858337,0.138562898873767,0.529449526629188,0.422305691008672,0.382840617949474,949
3,390,0.901829520211809,0.928346694976631,0.962342498926981,0.964612216265006,0.497971297855947,0.129804903485675,0.169348877318575,0.098229637645785,0.0567737962571442,0.0596338818333938,955
3,391,0.344734660254128,0.0756411569566827,0.00966700297430832,0.0297946255940722,0.0204709694742671,0.0401670517939407,0.0661542165121112,0.261660634579907,0.451512807611918,0.582628652904474,952
3,392,0.811598540099935,0.763680448440283,0.835119290245119,0.198854578594391,0.692914143165151,0.573272064967489,0.423572787955565,0.32518999895441,0.562869335736301,0.655166924801383,940
3,393,0.965876896128836,0.559812727916832,0.317819544640783,0.458949691705128,0.129482784872638,0.0338913346092911,0.00960485440084766,0.0182431931628996,0.0223499134285443,0.0884508917277022,963
3,394,0.320987535619705,0.21281462579358,0.644078414620681,0.598877579120601,0.718561830866236,0.702751871242179,0.400819914905862,0.400357862688663,0.468111052754217,0.475920657791247,927
3,395,0.175180875043694,0.304174849424973,0.507942989104406,0.134834859171117,0.0432138430460046,0.25287045764446,0.476428722655684,0.661323700035026,0.957106130380882,0.874216365200132,924
3,396,0.341786531559699,0.666620341109351,0.909983771269194,0.401986523250483,0.312623216991972,0.372573367715955,0.411767723884349,0.41008824674015,0.220564669530302,0.240171303996042,903
3,397,0.802644796467663,0.568209977680608,0.731343966861661,0.868778189029679,0.477563205970618,0.402403041901782,0.307210070615879,0.444265602994828,0.246557194734054,0.2163896944087,951
3,398,0.849392993156973,0.857268833280276,0.773046982956204,0.692880268988072,0.779214543843535,0.785861584307495,0.647582623617589,0.792159800047285,0.564344837281552,0.420034348354508,952
3,399,0.434156004817863,0.683409573023555,0.934464694123716,0.796384196065864,0.946203846268927,0.983009099316915,0.874173858675849,0.8029295653448,0.830173112207325,0.85857483279902,931
3,400,0.215475513871026,0.208503672368072,0.268245361812601,0.267987512727945,0.571130382242141,0.755907340140479,0.892607098951909,0.990334258449638,0.908595155973979,0.850655188012094,933
3,401,0.96197137600949,0.972946463583979,0.879358468129156,0.740867943599542,0.755950010906617,0.447462330788608,0.711859830477994,0.461493116444509,0.449834809555237,0.486902077086213,896
3,402,0.789997532844038,0.407698288728486,0.669352157521919,0.393997137320095,0.218737521353054,0.180685251712604,0.139551775455438,0.132741161897775,0.341128728731181,0.498106437354164,946
3,403,0.962311661251397,0.767419193547983,0.964209754999523,0.553859887314521,0.714066703387821,0.215094360273057,0.275334988998405,0.258164906327231,0.27393139392778,0.360307414046635,913
3,404,0.234219030909233,0.605791136982181,0.686003713653316,0.964941525172753,0.86798283561797,0.629710141562973,0.496193251804792,0.732711748770218,0.541513887070269,0.436486510649371,963
3,405,0.7939816651966,0.875059330963238,0.722473601466377,0.941590816883167,0.571833114604712,0.70298521904968,0.620625719076657,0.70282244953565,0.765035026431913,0.731214592754646,948
3,406,0.354614874703448,0.212719780045413,0.614342226659464,0.527173967379017,0.53076818321316,0.317437755562409,0.380759711405704,0.226337612800663,0.427568474503189,0.587621886202508,959
3,407,0.360830220386746,0.0584761455613411,0.0601776255232962,0.194647987487413,0.290206875208418,0.0474853440484617,0.139314239231087,0.283093600532113,0.41971282491908,0.592642360313503,905
3,408,0.384755676839891,0.38926627402249,0.534543982422569,0.524905136256558,0.868410437801651,0.758505703513362,0.789856269414769,0.827720693653851,0.763225152113877,0.68139648076876,947
3,409,0.0666048380753312,0.0973685709995156,0.118997758623812,0.165525419384408,0.106925919612826,0.154856190850253,0.134390197844628,0.212429124380861,0.225800469540242,0.0478776123464012,953
3,410,0.972452580336898,0.765280968475437,0.978980842998805,0.787796240857373,0.470178930661037,0.310133652919191,0.261076038075334,0.448383165686436,0.614610722399975,0.717473789515191,953
3,411,0.407191757399715,0.405839476954849,0.248480243115221,0.539979428350607,0.776387065733081,0.479086891392113,0.90145015262626,0.795484082787846,0.616064128346041,0.483022510468949,937
3,412,0.97285958845563,0.403490205166784,0.9555513997523,0.95559016420315,0.642022800708115,0.913198537666198,0.976826115092774,0.703919588140087,0.826669872508549,0.735414693275473,948
3,413,0.320121189301672,0.27613074752797,0.71174965444174,0.75347558499327,0.915265412650433,0.909165510982875,0.980545989725168,0.989412414963377,0.964427425844124,0.969484243723234,923
3,414,0.362177792977747,0.381862007950343,0.528505888133495,0.586460163694386,0.549565820845686,0.383286265177615,0.139751834648587,0.140840301906886,0.185982418167489,0.183496449761907,954
3,415,0.159530947825026,0.00641822336388822,0.157664213709137,0.00876072415997389,0.0262277843131139,0.064430553909729,0.148919050368992,0.205076426404417,0.427863480042811,0.270292385591347,909
3,416,0.24144607636966,0.556209178978435,0.317461797865239,0.134931148661123,0.174584831423111,0.283381382976572,0.313942585267996,0.512046008036973,0.353362494812512,0.355682179692559,962
3,417,0.628786163828616,0.372254819093783,0.864659148402332,0.375836027677456,0.15156202775463,0.120433909782558,0.161782207662348,0.43000922003285,0.616243732916249,0.467085666186775,955
3,418,0.300003254844867,0.104469353389839,0.136293126633487,0.204762629417844,0.230868916331608,0.329391692482655,0.299119158194202,0.670710824444432,0.407400805525086,0.436079978072011,937
3,419,0.2244234593135,0.864288139334237,0.31460502314908,0.360735329664154,0.468202264830557,0.177029999803388,0.191944900560555,0.176948054107316,0.2663342416631,0.502403096466871,956
3,420,0.325041979423851,0.0994544025262368,0.0330485724185133,0.162663259136485,0.343873366506614,0.592568518583813,0.462184270184688,0.707228826378314,0.610637323974665,0.54686373262972,926
3,421,0.103944911733397,0.797372762280958,0.251232044644599,0.194015628556489,0.31053605364867,0.481777357230071,0.358950173489003,0.134328399237845,0.154825248028151,0.371927710645338,954
3,422,0.025759795555753,0.417368698802691,0.41913670177557,0.769770533522652,0.788182209630517,0.903265216487216,0.784980509584534,0.759863951722633,0.956567225848369,0.73601905502109,953
3,423,0.114098595361447,0.498226341163816,0.797855005193287,0.860671466704054,0.765658544843612,0.714893951442299,0.823581492926714,0.825045470886505,0.710849363488279,0.697938872337591,926
3,424,0.990033356330697,0.919108891095439,0.694139615956902,0.452959801608284,0.511251047740237,0.55543978613557,0.193158197325463,0.198012263911882,0.201998162248445,0.261862535685824,947
3,425,0.712398255605213,0.0710484517701253,0.145940039257341,0.19979391853323,0.251928834900873,0.292161111409795,0.650401597160573,0.859323719363868,0.631947761908473,0.58101420623605,917
3,426,0.000562096907299204,0.0867270683107287,0.216633046082638,0.0313370498758748,0.0891906945599705,0.164124989259637,0.119543790186341,0.308324817102997,0.0867814571815882,0.133105312872896,935
3,427,0.770732675178623,0.102856429779908,0.0286920478992154,0.0467501935137875,0.0533193504925213,0.0150566147640863,0.122820613278647,0.472076784941049,0.42587593199699,0.548815959284428,933
3,428,0.567491631033557,0.81072291619638,0.566978774301621,0.909110097456383,0.95798492172741,0.763231020797211,0.601994277440711,0.630675961980977,0.531429206036794,0.718073586542213,919
3,429,0.0761505795987582,0.0240971403860758,0.00249220851885124,0.00145277672482123,0.0169140869112342,0.0184536683959974,0.0825535263166425,0.0363087693721629,0.226112305256759,0.429747611540161,949
3,430,0.277435848705686,0.187905068043471,0.0429618143929909,0.313499503134759,0.486600369992165,0.323311357857887,0.450235895422216,0.704480731151775,0.769668412466557,0.820501164388254,968
3,431,0.759418467777679,0.629959041675844,0.435891220352168,0.223457145162899,0.247437266666708,0.139731638482404,0.318910679484024,0.37120321101354,0.348716964686711,0.332466668173846,940
3,432,0.846977066562715,0.415501441753319,0.860491474192804,0.790454182896899,0.975884352145342,0.911920227769538,0.605295733179042,0.590608010066118,0.635827450909901,0.473858347800471,937
3,433,0.413505686866028,0.0441537344466373,0.142593575797616,0.252237015454416,0.145894065102774,0.0790991614827067,0.07570125494922,0.135367270017631,0.0884703843370166,0.164665055999576,920
3,434,0.833178661491481,0.650313713836321,0.392675241822803,0.48547523079913,0.287332347121038,0.664672243806565,0.482533445151598,0.230363887095404,0.377436878208407,0.190814330027029,918
3,435,0.966773389576324,0.850798306186303,0.67909142362623,0.714647502386206,0.51651602573062,0.449265237800891,0.576480864588404,0.580668580210007,0.677770168197973,0.727695103201302,937
3,436,0.11007786277252,0.396836908444104,0.414806273432319,0.327237114264579,0.367517829462264,0.811120790224969,0.874447028817926,0.680340584742324,0.458298811919252,0.690634180241718,961
3,437,0.566359690279483,0.643657212361223,0.286078185400618,0.504245327674592,0.817164859823579,0.821472159488305,0.632402379627045,0.565803991550899,0.659335350171225,0.598623103504395,937
3,438,0.725787625533907,0.885799108031266,0.828934903829506,0.844598093218925,0.943857163856009,0.875036976434958,0.715207414217867,0.465616428835693,0.416412318151973,0.398389207113975,940
3,439,0.93194945212432,0.730846876255846,0.872096486225328,0.407018772078786,0.706695392244328,0.568628427215106,0.789233002471429,0.855535854584972,0.757007453840851,0.841499234147232,927
3,440,0.281031038089519,0.797148629238861,0.807787460705346,0.532966803025709,0.357857224567903,0.921836289256802,0.946810468066384,0.949115925564706,0.91216536501529,0.978232368160754,943
3,441,0.752308938986054,0.656503879389394,0.43701755894609,0.478229780050878,0.372240099797673,0.17574935106623,0.111882060838645,0.131488980445007,0.205459755986249,0.281260517486678,931
3,442,0.883434013930668,0.984745929987469,0.938895879450998,0.975247001118577,0.799871359896765,0.738980592349265,0.565410711331275,0.808116134437542,0.849610249541949,0.718019551093585,949
3,443,0.0191619372183344,0.0225173894401382,0.261376586998967,0.309464251568159,0.566611540147568,0.702309470785349,0.91340160474216,0.802006142941728,0.794117307046934,0.901672625504508,962
3,444,0.0669603570031884,0.033576825329771,0.0770954632332417,0.245496863368377,0.145289308964951,0.275686421596831,0.477901784269611,0.397645732353346,0.544692563810122,0.547434684035931,938
3,445,0.0649334971894616,0.0360214643798945,0.0117407887560903,0.0213035501542682,0.0104831693398445,0.0646604913170713,0.151191484785231,0.0711190692781787,0.0797576708980661,0.150803842868374,956
3,446,0.879093750163392,0.58805246527011,0.442223123309396,0.169102990317452,0.180168507501109,0.0305870935888486,0.0874579675590799,0.0819431238716404,0.125019504759909,0.152172887049585,960
3,447,0.783768642579993,0.538915619838258,0.458954667778529,0.3751240985514,0.661440980880039,0.61086141641961,0.599009255851649,0.527524126666449,0.454652543444102,0.435621255539335,950
3,448,0.605517373096244,0.425684434519698,0.241477934746166,0.789695227565501,0.75244401120782,0.807708841488025,0.891309614086556,0.911619338027787,0.878212283432354,0.874500142056634,942
3,449,0.334970044517413,0.546141632714058,0.326355110676634,0.343480888437954,0.110910966536855,0.320634444413552,0.22520257373003,0.385464290880253,0.524855634962064,0.317779610540135,956
3,450,0.519624814785622,0.66167149348533,0.922636530962179,0.975733926613178,0.984809441614505,0.925678815794927,0.940752818455176,0.953282801390596,0.930001509972686,0.904732106202767,904
3,451,0.421204940874248,0.275631322285454,0.294013040607354,0.209676365565621,0.167835265845192,0.490049477889555,0.557748594853539,0.579372584571321,0.432652692106321,0.48506873640854,964
3,452,0.786990570018017,0.847612304372777,0.717267441188925,0.389603874333557,0.764975506163883,0.715702455179492,0.836126104279377,0.583090405838752,0.521211872390095,0.664170807883573,956
3,453,0.159352721119565,0.439733306320362,0.42393781840467,0.376039530192178,0.441612572991536,0.371308495273701,0.378363150372033,0.586122183548874,0.409341831579385,0.193796447774738,914
3,454,0.193496596253481,0.206698376926406,0.433100134986122,0.542011493605026,0.444729096650329,0.22679763553688,0.0798229603743457,0.0527112285566204,0.0156558894371924,0.0146329027141691,928
3,455,0.997823800717252,0.693044654320361,0.348558187773159,0.112747948387828,0.170733049029445,0.0950405936104024,0.121048718764434,0.411485090122758,0.264443928479802,0.380565456892418,919
3,456,0.743052162222764,0.958551778290905,0.998918429786205,0.888867620618276,0.84299497747654,0.673870196603985,0.410450859986142,0.197988953841231,0.27589814981311,0.0755891379761245,937
3,457,0.466078948942659,0.48371883304257,0.363792775729047,0.130753158979458,0.182086663762632,0.646392872023333,0.955630949361837,0.97693416010677,0.920067373439723,0.957060391578675,952
3,458,0.145158631256503,0.229405002319766,0.0452371776501585,0.100843954048465,0.0867935304857251,0.221946880139107,0.0518637096679232,0.0228995688707844,0.0473259078405082,0.0208858145958212,948
3,459,0.0909234368260846,0.792642607068765,0.865576999953277,0.506327384669592,0.303041129063725,0.58209158992309,0.931174406304534,0.838875178096243,0.880205195815882,0.869377235860232,942
3,460,0.296294623803253,0.943474269162035,0.97760537272445,0.736070568637718,0.387949315701047,0.417305875350464,0.792450964094624,0.590150483582134,0.707000733726825,0.324244538166901,942
3,461,0.824907173643109,0.976558427039864,0.71947787156542,0.541039781791613,0.22830865412467,0.263110762872338,0.204093510136963,0.20704064757732,0.159561803973539,0.17132273907359,965
3,462,0.416070257400366,0.182876930333141,0.253529627402578,0.447535990610281,0.457758486318106,0.515649265072862,0.605842854516783,0.371151331391144,0.471577993729339,0.503966344049144,944
3,463,0.805673048250596,0.598008512466765,0.527661619560125,0.672787348152586,0.478628391120357,0.368646537485016,0.347129227570373,0.705423075680532,0.69222125871668,0.416205062099053,933
3,464,0.351946258355436,0.277873223033826,0.89851895582895,0.927061266404092,0.6539909298837,0.179100936769527,0.176241717830893,0.0654139648670821,0.159775475341763,0.114581338287581,918
3,465,0.283784346857012,0.0729312275923098,0.0303357185310289,0.0526533399320057,0.073762860091868,0.110708612284798,0.28048083555961,0.322923861957308,0.405430121993463,0.331892424097583,927
3,466,0.735719343334256,0.522138934237147,0.824519142367368,0.779533381562482,0.665108025702065,0.0776539733377561,0.128076417138462,0.0836868653104591,0.206006778514471,0.231605838175947,918
3,467,0.789793601921747,0.414187857939935,0.206243492392632,0.326707077311544,0.235160393894255,0.435558399310258,0.583639523260323,0.610932164916116,0.549747855620841,0.440685421047056,956
3,468,0.803480079037205,0.17235970049454,0.110062002597026,0.0936639819282651,0.217700201997994,0.262604171505471,0.55682279707754,0.742381264819746,0.646814369400083,0.354111109458071,963
3,469,0.82044647075836,0.846683541138995,0.812280114402223,0.666043502446809,0.403781509718359,0.530732548284232,0.529300500551495,0.76296163363604,0.573106932991928,0.700048862916847,947
3,470,0.302488294753707,0.657645584486468,0.911742747529083,0.953196230311583,0.865431386887606,0.809820381627617,0.835081786000324,0.886969982359977,0.644256741594836,0.60107857102099,944
3,471,0.80679127103015,0.735806080286006,0.394594111363705,0.543824883984149,0.816894738526506,0.996159797792238,0.885272507062342,0.774182513056431,0.756008577305765,0.647521299360443,938
3,472,0.605453868290953,0.966906438549116,0.807936755564767,0.860635380674281,0.953554539213511,0.967702343813139,0.976553912623989,0.965935563257801,0.97180648972507,0.972870977486436,935
3,473,0.320913736481794,0.171801384506248,0.229950978984024,0.153311159106052,0.199593484574139,0.500731395738645,0.1659991785381,0.303784882717639,0.57602244600216,0.925071182306832,932
3,474,0.849873395485562,0.996258071677443,0.932351965321879,0.615784135430132,0.496632871509723,0.282704933363932,0.211201689369156,0.110917918834889,0.0824615991268813,0.133639685599412,932
3,475,0.0572753367955587,0.416143738261603,0.144212528570421,0.259810925870448,0.106003136014709,0.823488331455408,0.898209652032889,0.568439908323297,0.574038302072325,0.595481598382207,954
3,476,0.0898152403682751,0.341382719143893,0.591794604040482,0.945313967661847,0.981766649439742,0.942335014223272,0.975081210388193,0.932125288100967,0.914905829753104,0.865008631732032,959
3,477,0.183510591637274,0.248951256539333,0.272046068442306,0.313984939095518,0.519992052756651,0.286624627833096,0.347364248880659,0.407593339292064,0.336913925822102,0.504727900051353,937
3,478,0.683665501629114,0.690730489476694,0.597766566061129,0.635440655064289,0.839637920268118,0.845771320032132,0.822164674926684,0.915140402694485,0.776271563637107,0.793735735221049,924
3,479,0.196511313640916,0.105465589826651,0.774371457604657,0.963941473458239,0.68273930014961,0.893889112475235,0.801415593424635,0.632592147606107,0.6409073715639,0.965658268095582,926
3,480,0.886602236854272,0.862459262413215,0.671439620666236,0.517922738828624,0.604248851238441,0.524132690076876,0.425417985957191,0.476294396553195,0.709422891357382,0.676293253063443,927
3,481,0.854083645832559,0.380359123194125,0.686723783480793,0.88721270765656,0.943854624380607,0.988222845235936,0.998050879868555,0.992546905175252,0.99991909468413,0.996146527494259,935
3,482,0.131252584551327,0.348868732485094,0.29482443958059,0.223320086658951,0.207715204377075,0.5696181348277,0.695857885996613,0.583459214086794,0.770869541308695,0.588703177938345,928
3,483,0.984277338238582,0.818607988671529,0.686326799734237,0.954277700182753,0.949304858136013,0.981052800753279,0.89209072378908,0.940541278689054,0.59593432525059,0.91044848111788,944
3,484,0.617424104071957,0.452223734772338,0.859981577404351,0.969218513080829,0.753109981554278,0.703585650092317,0.707520822910155,0.922786253069446,0.830892569444863,0.895072535417119,947
3,485,0.168659664411785,0.0710276929064673,0.213802849455156,0.589564773763597,0.596396298841064,0.329091875916986,0.259415982390022,0.190006878601554,0.2241691706436,0.397381599993136,967
3,486,0.384195627702085,0.880806099547388,0.970335759403884,0.510417135104962,0.626306805597716,0.418288182399396,0.179551172986419,0.310148107869228,0.480468119692677,0.634258409094715,930
3,487,0.17605516992829,0.218721794911603,0.422930276730888,0.262027058201522,0.438328197493816,0.252807206226542,0.27838599303965,0.489453184229475,0.790215804632375,0.67888418632645,945
3,488,0.32292222645143,0.289412636596164,0.514602098120936,0.612827643822408,0.885606247423421,0.893846587416856,0.544732018299667,0.291631794975876,0.449370093208651,0.216203813734777,952
3,489,0.129132513145773,0.112575467701708,0.0228433188515217,0.0113761716816643,0.0921096680840287,0.203429271087524,0.0877946185689484,0.12464545388261,0.0374494845572577,0.0234839361057453,923
3,490,0.383386539118018,0.908753128886429,0.347338157497417,0.582414062547938,0.792985182561495,0.664862611229473,0.762854612933432,0.881319794931074,0.818787900502661,0.785916078129892,939
3,491,0.734315716888727,0.928146626876733,0.875260906578426,0.759255295746763,0.105622732183159,0.134386677496103,0.0542686869793787,0.0367858974100018,0.0102468108046862,0.0181909914210394,950
3,492,0.675033597274489,0.460524495771152,0.324209041939471,0.507475766991044,0.102399666666973,0.0415753590721854,0.0671655282276873,0.0507079436940569,0.151891285462787,0.213015845633164,944
3,493,0.314494469431829,0.576366858095307,0.787395012644587,0.758632538422871,0.384709823369721,0.262443375724107,0.239939489203328,0.266961568530923,0.586398647553099,0.891312751692118,936
3,494,0.110980465852995,0.226944651922063,0.629507139966413,0.300773009273072,0.14621030349608,0.137779026820647,0.426779018612645,0.36651251641694,0.178102378333333,0.326319906379003,941
3,495,0.888697840120836,0.98297761589443,0.987347533894699,0.820415761829823,0.531748086397328,0.657572400798357,0.666012758543483,0.486457852809417,0.307351725228145,0.222067253176218,961
3,496,0.679398997438126,0.280843425961811,0.39709805031982,0.218047812231845,0.487647953998562,0.172425298131748,0.320963986125006,0.463658625007769,0.641900963030026,0.397668569267872,938
3,497,0.085978993020111,0.157398365734147,0.551593302743363,0.557542475855188,0.817777743298485,0.642771845812569,0.284194115623483,0.43875352561174,0.57826290856998,0.431399728595309,957
3,498,0.738822527622146,0.699490358944577,0.616930826226739,0.867763997203852,0.640145744469686,0.291287268652123,0.140571276742139,0.0524778553394379,0.284767529281022,0.345078784521202,915
3,499,0.761123508600842,0.475198102071371,0.204244730415368,0.168795546633967,0.228477577567634,0.429166382077851,0.362153208301275,0.355328379810433,0.578320971141905,0.395747836905808,946
3,500,0.775432231459179,0.730334421641022,0.585686415859041,0.42450111956367,0.704219480240541,0.900612562609331,0.661153849565275,0.757257806172218,0.875088019700147,0.705808912771377,943
3,501,0.738528212001955,0.84883950550028,0.705316621102311,0.778178815844803,0.780131251668527,0.96484622692139,0.914869566280789,0.95502040132269,0.876702335805635,0.673633485640731,917
3,502,0.588463446142562,0.32776100275496,0.0744299780873259,0.0271441493073216,0.0195684539976377,0.0645724471053974,0.237378895133496,0.104232128153677,0.036109991270399,0.0276485265972167,932
3,503,0.132522597995283,0.357993614460213,0.634244443706956,0.454616774177233,0.595874490822106,0.460704910538828,0.267141068271262,0.229985104778279,0.23814955805041,0.0263785423695867,939
3,504,0.831277271395096,0.910933819280029,0.877940689404137,0.755380449992284,0.284551345626879,0.223996486871921,0.380792689487694,0.396318040341965,0.203046177813737,0.196402048656305,933
3,505,0.510628975550727,0.200012430269906,0.349302322345741,0.343687775829857,0.659793451314773,0.567605850497539,0.748222215314134,0.994805393000897,0.992597596308583,0.988825277650253,944
3,506,0.884072736034797,0.362581209850227,0.293917338406718,0.547771436239039,0.489145479174742,0.248102708289017,0.427989920898356,0.394181488116094,0.854886372071231,0.816383058564289,927
3,507,0.541546013668912,0.172651446694888,0.28815461066209,0.781795146077193,0.526832483153448,0.203088291678845,0.326011781610153,0.170424171000154,0.207331199045898,0.289924866664171,954
3,508,0.783712901765583,0.590830818186731,0.676521408337548,0.388078329093634,0.52093967613255,0.651412459687967,0.458846165095704,0.406670872746657,0.78304148020166,0.820785839835713,946
3,509,0.640573102721914,0.533420647041537,0.90189613377096,0.908334108112119,0.741830652800867,0.454694292569503,0.72819397717914,0.927535540069202,0.91740340465817,0.809777167341815,891
3,510,0.669196797982008,0.990594381185705,0.408244395666644,0.406729548522808,0.294646653239834,0.44088502341596,0.455143616637733,0.927379479142354,0.827329410107732,0.429496125891128,938
3,511,0.133849672069606,0.29116004431013,0.12326591327182,0.463739503195983,0.579466038684247,0.622594214539379,0.559493979911274,0.360094351106977,0.428172448088854,0.684735626502454,940
3,512,0.537167915637869,0.888292720196297,0.937110815166932,0.949880289630746,0.841610191888454,0.90876773168751,0.992597510903169,0.964836799062029,0.933401790943644,0.855727096351155,933
3,513,0.306871789445145,0.339056065765251,0.524486104673893,0.263512034518427,0.362339075610045,0.599486815580211,0.978626379558791,0.986364862892784,0.903821267938363,0.645467941501747,944
3,514,0.672560431922195,0.107149217520074,0.119077171593714,0.214118951882516,0.657142198947422,0.239360783066346,0.234324161127687,0.1766227155946,0.168857559265696,0.147378996328957,962
3,515,0.945727073657568,0.933905722928893,0.793064218586895,0.275179748439248,0.404683440834326,0.276096286217906,0.0619653737793966,0.341947948934982,0.476654418512433,0.599952129485841,919
3,516,0.083411803102932,0.274847186466649,0.179417273440515,0.0702525573145272,0.0834676999872876,0.215793997759695,0.0428891505353745,0.0377251913488535,0.0492988621460033,0.0110329313665823,914
3,517,0.146485420711592,0.182222627129765,0.0648007076647866,0.394551214597404,0.123302389021993,0.124894922696897,0.167945940684039,0.137161364166414,0.165483781819454,0.232294240444056,945
3,518,0.0445826804155233,0.0658948034960986,0.12141222543655,0.441778576057669,0.779242336827825,0.38485917633787,0.222897972685191,0.312201244305611,0.417893194122108,0.323582103281337,922
3,519,0.181774193872987,0.0744449894913779,0.340171231441345,0.319797576073713,0.31496573758728,0.281009535617791,0.15417370355401,0.455512603944952,0.196438865825684,0.19968814001383,930
3,520,0.787265957650063,0.421928953547639,0.566243269262995,0.540265372084634,0.385262961338721,0.526974017770662,0.372599123465019,0.393303368931315,0.409907811206847,0.0836200787127427,944
3,521,0.36739564444666,0.563412327482838,0.43527271274034,0.694563531594581,0.790170054103827,0.679924461607465,0.781871496439943,0.660573740385148,0.763777125262173,0.5130038188575,910
3,522,0.0860145918913698,0.0894002638611556,0.105551418502459,0.296158045665092,0.414105444487802,0.21936396607384,0.200913944090498,0.235444949281764,0.243471489377894,0.239217701004231,919
3,523,0.921562776040735,0.82045188470722,0.353949009156516,0.396785303930942,0.649615740808973,0.721271087186553,0.706312893832478,0.528391863467732,0.404316532189106,0.303464666732835,930
3,524,0.921391034037307,0.557911342617284,0.291762149168459,0.905739402268482,0.713356666858305,0.779714280222755,0.543665657634058,0.320465201036819,0.658444106673651,0.673942121996802,943
3,525,0.634655095447014,0.385383179405239,0.290229328997877,0.542859333652994,0.28142371496308,0.433792023616141,0.299981921728687,0.384551908460822,0.261321725758536,0.304082063235034,940
3,526,0.348729932653884,0.608025479690878,0.579359639635439,0.564217705959079,0.982445111406317,0.805396195795369,0.625833544670883,0.474186338919342,0.395398595620934,0.429937949652617,960
3,527,0.49875336721664,0.21550938929999,0.163682473593243,0.0518899559025838,0.0997713207910932,0.0890989224952473,0.178793294776159,0.292763572698893,0.11960175818963,0.109514905389362,903
3,528,0.613457075618991,0.768819431992888,0.13446881991922,0.412682204288995,0.190822299736567,0.169805495652242,0.121523480311014,0.100884102242608,0.293307714036948,0.396073355333705,940
3,529,0.77768772425216,0.587093544413701,0.546061444827354,0.74510605973299,0.785927879838017,0.767271123317568,0.216049413691268,0.341162469091352,0.519383610975754,0.8640082757659,940
3,530,0.280137264904112,0.7132535392547,0.770526278801761,0.866013695783708,0.893428215962491,0.810384074111472,0.754105697544972,0.988749405287371,0.974954140809435,0.9871955893037,931
3,531,0.309364839943655,0.0225267050612265,0.501060410773364,0.789288194009659,0.415043554668305,0.60607626875294,0.689736690453168,0.403030734745508,0.561543110747398,0.479679373217698,950
3,532,0.286560953225012,0.50332317107882,0.250295781383116,0.136205024173541,0.0182878772717714,0.0236037970217563,0.0114960050561364,0.0159181015875876,0.0383538749015138,0.00740479289366081,944
3,533,0.772505748429433,0.650869366533365,0.868160680919428,0.967789516142542,0.99345778530054,0.988601315788176,0.980269535112336,0.962475349368885,0.769285381831441,0.825255014099681,916
3,534,0.869651025473183,0.956579879382338,0.988424545738504,0.952808338890074,0.580978041320727,0.337199074210827,0.401819459917529,0.31221618428432,0.551506092744267,0.62959338952611,876
3,535,0.124544243728024,0.49489554081385,0.779094033282035,0.792611061743242,0.816821617722834,0.827453319245047,0.531073153535804,0.654095469840364,0.521117854086103,0.214884751660192,946
3,536,0.57496945737628,0.826788609468801,0.655324835117006,0.149814510149569,0.0969378156625663,0.11961554570243,0.112102891839364,0.126836027821794,0.118238999228547,0.285508816009678,950
3,537,0.237002946052869,0.482521156567253,0.657349000961864,0.861266483991959,0.44319194014617,0.373276061378406,0.352550988535188,0.343377617676235,0.625965697875671,0.685432506018366,912
3,538,0.779637526317025,0.806700193354509,0.376746322875167,0.357721607456611,0.766020686687856,0.597630042754987,0.342412591691557,0.246896370979027,0.234786958347426,0.170267164391381,934
3,539,0.978062728051433,0.412910302477254,0.816986456662425,0.770521660283569,0.911815068375249,0.83840522108742,0.652291352467826,0.67679690325719,0.760963695969581,0.902416718743893,936
3,540,0.950452637125937,0.933119697477069,0.934707059871294,0.83801203163023,0.902096800133202,0.870055166327691,0.284177754983886,0.332041615110446,0.321118479375292,0.48152842342104,924
3,541,0.976778739107345,0.977211939535347,0.87984152534178,0.917278374603,0.972546842354999,0.736114014941662,0.738194473333556,0.894526890853741,0.830155017311338,0.929518771335059,904
3,542,0.581739996846866,0.417420172405639,0.50579333771955,0.41657563451751,0.321115937744035,0.124535924994244,0.255615709690937,0.402615731353022,0.537760892189598,0.696918848726383,906
3,543,0.671429050414246,0.604037947816081,0.500283293786406,0.886161413183715,0.960714169372545,0.754401485081327,0.59186855619948,0.349199144264365,0.732514289590744,0.707220994289673,958
3,544,0.70164454582909,0.441505085278613,0.433496361023822,0.715323978949086,0.544527023170402,0.469512360596259,0.763441450863707,0.934671545106162,0.854384313119467,0.78703252636648,929
3,545,0.668541722145589,0.352070817305559,0.0438889253014086,0.327863014920913,0.297886817955077,0.537125329574938,0.379369915412341,0.406893391619171,0.250163611271548,0.272951000300756,955
3,546,0.863370940896444,0.783752692569031,0.821242087010922,0.631241570662779,0.602328266989438,0.418647950038916,0.128708447614186,0.163387235912555,0.134518686675914,0.27518989513165,962
3,547,0.62624892664374,0.834533902513575,0.837739700145404,0.575838314043684,0.449519308632899,0.522531976766396,0.275257637192157,0.343538544213605,0.182699716001477,0.10935046969032,943
3,548,0.834090252348313,0.249855271811761,0.17891695249488,0.192804035224063,0.564015075845387,0.457442851742062,0.458126816791695,0.189859246807495,0.102773863943851,0.23562547462768,951
3,549,0.444166689178901,0.804638047635246,0.6399802519482,0.969459064447207,0.968182542806,0.858249265454661,0.891756944049878,0.623901960625323,0.356479650570918,0.52911488874874,927
3,550,0.814780173098556,0.509924068119066,0.866219391236565,0.9671088765472,0.913775177252646,0.831418443195718,0.871916568396966,0.770693749225923,0.794126027769692,0.886507848858818,940
3,551,0.144589949777124,0.0442767413073346,0.0732945145165766,0.224392847597524,0.123322972940089,0.105341929886564,0.108615824497139,0.407457651844004,0.498175379583232,0.485944331609683,907
3,552,0.549525828209936,0.791165063488732,0.280449892966238,0.230500275178013,0.250918271512079,0.169002919042069,0.101884667107827,0.122513654515695,0.176660312179199,0.136670114450296,953
3,553,0.151936190069783,0.715058305583521,0.82233330614057,0.675651299391207,0.651955539511752,0.975887830129469,0.966190300963548,0.978027707046908,0.87479282798987,0.711010385512708,950
3,554,0.514438154681838,0.290500706580322,0.483314373796154,0.108640407794134,0.149340211753236,0.140336012558581,0.0800920740600519,0.0308840293645261,0.0426031020052049,0.176927514758748,949
3,555,0.702576636125926,0.595579827690019,0.588402149315997,0.703111128296698,0.627130919401148,0.674650226098095,0.576675105671766,0.511006588883886,0.52331923072171,0.290710143304455,910
3,556,0.351152572503449,0.151104746989265,0.369201291206011,0.177538641955403,0.0858891379519236,0.156984444364055,0.0195200528512608,0.0260854969825707,0.0298927458359098,0.0507679411047524,936
3,557,0.146305455356009,0.273472788739949,0.436551238400027,0.137193769143084,0.391177054622682,0.195468428918905,0.242204388150646,0.561382189615047,0.54235643674533,0.416989983114202,924
3,558,0.85003402686025,0.257101329000787,0.584527462685292,0.716206908566392,0.631504027888598,0.951167415459674,0.967932923285939,0.997015896896055,0.994921449708501,0.97216580495105,943
3,559,0.399539669172917,0.191982005845816,0.840358471410199,0.931856863559323,0.957402758625236,0.862751280995736,0.97217587529334,0.906323657084924,0.953096143694689,0.962353601609983,951
3,560,0.796703056722776,0.292701999581337,0.770087344174728,0.229691043180204,0.16573385356267,0.62066336249333,0.564249644142748,0.325020737334972,0.258980545452374,0.238418600702952,893
3,561,0.662048534235081,0.874996994631981,0.830084172619636,0.971004150414377,0.846390814506243,0.734332897102046,0.60204596406486,0.65846900883883,0.708411102158376,0.673027411804319,943
3,562,0.699972605059431,0.684907408235502,0.539152019057711,0.870229959146105,0.329931116357429,0.272842761796272,0.33321057399294,0.345863500536556,0.0636278267125379,0.0221571000447068,912
3,563,0.543275102624421,0.251560580659293,0.334795455905003,0.332125327761242,0.480223713924697,0.685035502505588,0.52619999431737,0.323448861310113,0.408122752623581,0.44947934007014,957
3,564,0.552697393514072,0.435776845712446,0.78018571302907,0.203766332981951,0.133930012394444,0.200962007942118,0.189027125697314,0.364310690119411,0.266308419893941,0.417972078554747,935
3,565,0.164735610411215,0.454157306558026,0.247479324349395,0.156273567465154,0.272299534109459,0.31183339511281,0.268949189330041,0.362671366309772,0.289414226417246,0.145845761284651,935
3,566,0.801068287381685,0.38519806649895,0.449490358688027,0.413574424282217,0.284743415357602,0.262841124684015,0.226508786455265,0.425233658338564,0.533053805858192,0.675116880070452,940
3,567,0.939462096837541,0.73538700237912,0.653341308096938,0.701988519811065,0.759671479390865,0.814252036941103,0.587280372285266,0.694939602586064,0.75877765658647,0.885851256218794,949
3,568,0.760980715362393,0.960723821922889,0.728858250582559,0.705713016336482,0.421084299563463,0.3470614997272,0.360269461607677,0.682511044927328,0.67393902237682,0.380722021822612,902
3,569,0.0536020724783176,0.295474117737429,0.186092769686549,0.0826029878435268,0.426576450015633,0.128879152374667,0.150387698499731,0.153583306154825,0.192815244462841,0.292192756951426,942
3,570,0.580677135589297,0.674172508842418,0.26567308804175,0.0991542608461034,0.0713631789814108,0.110614482554867,0.170991555330773,0.215560872739762,0.247040206399897,0.199710002979259,963
3,571,0.04754213156054,0.57186406735805,0.186148917502511,0.478643259584109,0.359900392423762,0.296039522676496,0.457726236917571,0.644241219957893,0.721028371164564,0.904590477540614,934
3,572,0.205339796497519,0.13636974993165,0.412835094832558,0.1279893073688,0.50563420833432,0.36955263423973,0.245832953835198,0.129428636973605,0.112248086512626,0.178260117347735,946
3,573,0.679898602931162,0.49357326987934,0.436431154363061,0.465234240583122,0.348440136058336,0.123143192629253,0.100104780748986,0.046470552752991,0.0907134987089597,0.075571348757729,931
3,574,0.742253600860752,0.930847646511322,0.906365369844659,0.564122897833288,0.500722816189483,0.805022895594999,0.623583222484761,0.720319807791268,0.856935053496253,0.984308192847154,946
3,575,0.529989515094378,0.046317660534651,0.281778682911933,0.417245290684023,0.303809840982743,0.295219055794815,0.515208049752537,0.689279184549657,0.62369836238514,0.306171718374415,941
3,576,0.1066277969452,0.0352064847116032,0.0710359213091766,0.0678376341065785,0.0829003696237458,0.0324460994723067,0.0163557201534487,0.0412280304028846,0.100810199535598,0.138446710157046,860
3,577,0.335464218208211,0.0204250226474351,0.142056564942111,0.145131249797158,0.60524130510503,0.663369426338667,0.822603328437545,0.90267145938014,0.811744470268473,0.683341882045788,912
3,578,0.0292318069545993,0.0725979211372856,0.36460127228383,0.949902624500274,0.859905443991831,0.936003756263569,0.74510719480385,0.755182752636305,0.867566482767975,0.766884030963989,881
3,579,0.204898681518691,0.408579651088009,0.466255019396768,0.492762119077354,0.77030716791479,0.378801377538843,0.239870036257704,0.251042994730649,0.485855482667927,0.575592310590809,918
3,580,0.915715355856328,0.243041891242845,0.400429765929276,0.396726863691903,0.428298808133268,0.310853887686918,0.625102620493759,0.323531641134365,0.356528374404301,0.578975860601425,927
3,581,0.721267311665284,0.115799298474832,0.224549653306121,0.636229352584234,0.804353424908735,0.956129191089699,0.896657253745476,0.771140747347151,0.597000383400952,0.504515528767514,937
3,582,0.5182826350153,0.867446386373692,0.691994404070823,0.983700088825672,0.528312531473004,0.472615807411842,0.508756438424134,0.727983061373041,0.646919924079873,0.722903924374764,905
3,583,0.879506600624473,0.539812897754635,0.9697978564508,0.901978184731915,0.830257707180777,0.875099332199857,0.64175286703661,0.475508716202068,0.622993765810415,0.527595450718325,909
3,584,0.954393154442421,0.882857079344502,0.916562372177549,0.733100977939277,0.68726467439648,0.714010525894307,0.788312533892109,0.542948716355417,0.570549004439386,0.369606437735245,940
3,585,0.655677269720904,0.32250985345917,0.10595003192509,0.224710204769104,0.363991963281698,0.222503129272361,0.46478780443915,0.525269256453784,0.635859884555493,0.578979791748579,940
3,586,0.868934475590171,0.835469009210971,0.930457843463271,0.640654054647655,0.873803343581603,0.889004414067111,0.951934470262215,0.924007595252645,0.92869358325079,0.927516123706381,966
3,587,0.765975965904584,0.622685019496578,0.340910220070512,0.28486856309045,0.490481929697102,0.115029497219132,0.121115846115474,0.216388781239053,0.343160894359213,0.334332440994844,957
3,588,0.607311807002424,0.807545494792684,0.672572753091496,0.548415896564287,0.527373960777933,0.526550920768997,0.403866390335295,0.409276404818168,0.398492120466019,0.669368901431618,960
3,589,0.859753169037873,0.682330132595118,0.338748011712319,0.266457616145537,0.317960906171959,0.239022521269983,0.308244497239943,0.362361334393849,0.319892026755847,0.360626005929898,942
3,590,0.136868532907477,0.952782602215206,0.876995006127978,0.99063773260409,0.903876519535181,0.676789003307823,0.462153442584794,0.336457710414151,0.270800504952725,0.427376298010623,918
3,591,0.125837200441127,0.255662543320179,0.289757445407891,0.288003593212581,0.228622686409538,0.333299870569812,0.400547107162451,0.51593580447027,0.557283755923546,0.853812744539898,949
3,592,0.828787062047583,0.596609777564618,0.465798551163635,0.528089122316824,0.246420169838802,0.491661041758994,0.580604119099925,0.507838270343037,0.825312338727739,0.845390792191738,926
3,593,0.454652389259746,0.954452400719374,0.675157601335777,0.656684454153316,0.560190321129212,0.789983711044794,0.490113606406519,0.781333415438569,0.925017912322297,0.724124428073414,966
3,594,0.476215430247448,0.0318082146882464,0.0697718721183437,0.157993409229183,0.403928961554224,0.290573045214278,0.0930110392959683,0.111546995333266,0.0884313965219422,0.0229338339755116,963
3,595,0.53550645635435,0.584278156217024,0.85951718581703,0.5227822958309,0.831894238913871,0.947470529460629,0.866406320828133,0.973554207688505,0.996138907231257,0.974781881498749,936
3,596,0.164175694828809,0.242027765460668,0.297762896397883,0.700057417261595,0.888074070727361,0.837097121443983,0.617624308249525,0.606318101634587,0.805705603579506,0.870188302363905,931
3,597,0.77586376301253,0.506324639778689,0.40292995179701,0.0720091220737011,0.0747666028437143,0.111395715823899,0.0861066953632739,0.161199263729027,0.0663758764976322,0.0315289089173522,953
3,598,0.0986077968146335,0.0373727298394125,0.0607501576303584,0.20623564655779,0.313677865182785,0.0965530292510149,0.0484559523729508,0.0580203002426871,0.0652737289868734,0.288619188468196,918
3,599,0.334338245921336,0.219278778429235,0.377753320915724,0.321040360562723,0.296982716624069,0.519770936649606,0.562159109602493,0.764669312196066,0.888269295072269,0.985964267517021,940
3,600,0.0201605575916462,0.801449173728909,0.593688112008409,0.624953159127656,0.702676784740482,0.897469469829185,0.576229935501731,0.645688328228473,0.877929724873581,0.817218729740952,951
3,601,0.356410805697213,0.765508878429252,0.509642712263153,0.412263866483521,0.39199248729614,0.237671445986734,0.246471595026009,0.194392099951756,0.0535146695515584,0.158903445601298,937
3,602,0.506883861901141,0.708314390840311,0.630015396409389,0.725128488134699,0.896425237627269,0.528821224215674,0.310634414582014,0.439210683329636,0.491751825263115,0.59421721074706,897
3,603,0.791072621513362,0.855699629697739,0.714936257706522,0.526072017951535,0.211236738132421,0.290927875267105,0.168337605625448,0.224237933579034,0.209720661424761,0.535117934077262,937
3,604,0.72860669272807,0.229605058382873,0.0837914145128568,0.338305860570703,0.129707252471163,0.137629879629803,0.14417801522443,0.118615987659899,0.084804515858467,0.0256856686573383,957
3,605,0.933077376952508,0.976716352099836,0.8218077760799,0.998892483973991,0.856512278587416,0.54560911832572,0.437790575836429,0.291375424389251,0.29335016280783,0.335550272003619,941
3,606,0.208389795911268,0.838068820521924,0.865570397339799,0.944730794112435,0.847857327685383,0.983939820159152,0.8233074896981,0.279747292766577,0.650078678545727,0.447066690306438,950
3,607,0.679455101276595,0.598865988982057,0.3438031428805,0.642707446637686,0.578825377760474,0.508070490268378,0.691175535376585,0.608237322207758,0.701107044454634,0.44778264625486,946
3,608,0.593494090722595,0.909177455920001,0.841311130424549,0.922516411313058,0.750745147376691,0.954658330141193,0.959748589926464,0.816305980527478,0.686990974421426,0.640690852344607,928
3,609,0.836994429250136,0.392482025096106,0.25443580348454,0.374316293394713,0.503933283408628,0.459047730555116,0.553770449702825,0.231838277427081,0.442918322178871,0.377957805905345,924
3,610,0.362348882574001,0.218326388875551,0.41929565997167,0.973149303705084,0.81550095246096,0.341663595451524,0.503729494782706,0.662715555052407,0.773489135197158,0.558778009345677,911
3,611,0.178771227233965,0.109194116813888,0.593311960045762,0.591816031022669,0.748158482544631,0.843484045982681,0.95876231825703,0.983364520793485,0.864905553137286,0.938587511135517,897
3,612,0.375259955830147,0.574558784968565,0.979475416505847,0.997613137164229,0.973085924030966,0.986281378686761,0.952910178733457,0.918095715122708,0.890538873936402,0.88643942795355,929
3,613,0.5506668849816,0.398702581018406,0.154697899019092,0.0576260889283356,0.0589189276913157,0.345161597729242,0.438952929453473,0.57209222476726,0.841809147571426,0.914859137407952,932
3,614,0.236299953411676,0.279984554171008,0.405428509961967,0.453854838794072,0.683353883338648,0.772961748637858,0.456766862026723,0.676982843456244,0.97266568999348,0.997493288919567,954
3,615,0.0577869853644167,0.0902064961348354,0.126235257430916,0.215100796093212,0.546377925294039,0.672051430683194,0.867500268226068,0.982632642130034,0.631135705773485,0.659961162088469,936
3,616,0.647603909301926,0.246897513638085,0.0627174617751345,0.0612952021889106,0.172612735159792,0.26469593498455,0.139993746631444,0.379887675716514,0.531902274138184,0.461217039629614,933
3,617,0.702821108325047,0.436646981888394,0.239688165155186,0.120778806837192,0.056999387549323,0.045770603583381,0.109814345229853,0.0986840126792671,0.0617371596131411,0.0477744427645256,956
3,618,0.524021708740668,0.685899862533713,0.973637877510401,0.469630503169838,0.433795486359599,0.533617560598257,0.546810279597951,0.312801379381501,0.187313516876115,0.0859053316618441,953
3,619,0.304328860706537,0.802606002732298,0.975134129971628,0.948055546205294,0.918509332136714,0.816100885989007,0.944121666410196,0.870369891781219,0.874595830029267,0.804165165100816,916
3,620,0.817819645073777,0.895153465930386,0.600333084609891,0.891509402419213,0.938616638424988,0.888511063939535,0.839876339425683,0.736924120218856,0.866059165087373,0.921004078563879,927
3,621,0.975037367989008,0.860581194097658,0.433415538704765,0.466650719577189,0.805569899916336,0.662744900661816,0.840365319337945,0.990942977091659,0.98698966824793,0.992301309988696,892
3,622,0.0882310109701292,0.774821559550546,0.618722974879508,0.739029327385521,0.622881264301091,0.314102551622091,0.429135471209451,0.611872390398426,0.641253113503579,0.440094368042475,940
3,623,0.621551384345313,0.701713799244089,0.663165972747385,0.899859339523187,0.925168251035879,0.545971797846625,0.484490455701947,0.590353766880209,0.725836572189079,0.511580524794254,961
3,624,0.459211702727643,0.587840892872923,0.671145513179496,0.619567737041705,0.693914494140721,0.486113242977411,0.078639419221174,0.227683150618355,0.352086129266696,0.297939044225564,952
3,625,0.11108358499529,0.379432401640704,0.697031585103117,0.177114000090753,0.102615734897758,0.073038011293591,0.245315012524477,0.158049311185926,0.185584269672622,0.227421261001161,956
3,626,0.6917394073468,0.539915522143824,0.722990010182684,0.875402367089411,0.949215083586613,0.832845731615951,0.608068898967893,0.561039548344109,0.357845108532524,0.337384149934366,949
3,627,0.757363546897118,0.695427690323681,0.242392942250567,0.0827671432910263,0.126468658215905,0.169528665075234,0.495561568329562,0.196131888968935,0.325993679842377,0.173661938453233,947
3,628,0.279727424974703,0.179531530225684,0.383380653182915,0.0203520514851679,0.0752748358160162,0.0370399495198386,0.0840756066561555,0.0529156217700572,0.138110785073918,0.193390641279612,955
3,629,0.726755656130252,0.543060644522011,0.295363665842346,0.177381571876386,0.087556887049253,0.0792064425691487,0.0802416114712023,0.0979542573623329,0.171675604024158,0.104826647123696,954
3,630,0.836949759784763,0.575574445705509,0.361053303199016,0.994689598068446,0.995708956810254,0.969281035183376,0.961618212393545,0.574121220233715,0.783326732971117,0.786838275500288,914
3,631,0.700792944455225,0.874753934564743,0.945845409829301,0.784514198686238,0.737395775142254,0.856107232733919,0.694164381909947,0.96096547452298,0.937901534229203,0.94425909083621,929
3,632,0.487782785613371,0.24206601416572,0.0638785203211922,0.028752905178755,0.0541122737297693,0.0678502615173054,0.0690864803546861,0.050916805991972,0.131011956844572,0.184444620456181,948
3,633,0.454161272216419,0.758948667515461,0.422993722455146,0.741874205922412,0.896586970471739,0.59665974993217,0.91351781519485,0.850078660292415,0.708142691961053,0.579864439422346,916
3,634,0.954766779688112,0.7308179383698,0.401309220159119,0.408221761902128,0.282800698837648,0.389764904077445,0.248343338911861,0.222966752038672,0.488169255749778,0.652390798161531,957
3,635,0.350311423699195,0.906343552907625,0.988787592123762,0.914264342208558,0.845721452685533,0.863078546183829,0.853705636513711,0.98623848949575,0.978764491046169,0.994158173711595,949
3,636,0.037007958285719,0.139256499313578,0.227198425527457,0.156137783566544,0.138126647822016,0.106069009935434,0.118719729447376,0.082169731575317,0.0891031959628928,0.0980119279282127,950
3,637,0.825311128440945,0.917371551287675,0.813838371765687,0.765723250751965,0.858443022817545,0.936511383103047,0.863601106303261,0.942409044129132,0.9020859467486,0.772116523241716,948
3,638,0.73826426658327,0.290551509960765,0.57857809957616,0.30562115541536,0.459607748871623,0.757239514541434,0.902714905630611,0.951209314695612,0.961954203189488,0.905897070900196,967
3,639,0.448848524288015,0.407220961282305,0.451428333470851,0.484505952771131,0.434319141080213,0.723311222698811,0.428211106755586,0.484971138539889,0.581632703470299,0.536129980593061,955
3,640,0.268641052126368,0.388419641331531,0.184528275453075,0.0709402113568804,0.132773336000024,0.281278933446786,0.271301894926036,0.53289715374805,0.451038779950341,0.322419646091447,968
3,641,0.0971268634139756,0.376641197704211,0.307061801159953,0.475027893680119,0.345148233018734,0.577948038343147,0.698153487540536,0.786426110704451,0.455786444873362,0.40311083598637,947
3,642,0.945932856594977,0.986043184336372,0.652503267172147,0.639156003006921,0.848825365780358,0.837246148243393,0.965415167824364,0.636804868715073,0.943650284886623,0.848809249345372,948
3,643,0.700625332150026,0.220561542034071,0.0282281145265938,0.103993130739431,0.084648994746907,0.11815125279531,0.190019445113127,0.395663595344756,0.298683450471355,0.402856616718913,933
3,644,0.748108488051398,0.512045806766485,0.237905324075791,0.188643431707174,0.409716820300186,0.759524191446818,0.817183232305067,0.640766798986036,0.663315695233517,0.655882960398139,919
3,645,0.641654108163895,0.431384274662644,0.825390745223564,0.624564597320011,0.493284675712683,0.344861725579746,0.0429526894293072,0.0629518416824316,0.0307142391429123,0.0384300551406419,965
3,646,0.69435429704731,0.160658493166013,0.366993803318319,0.88530823267582,0.804852141168488,0.671469947416085,0.614947626798147,0.7283521297238,0.580375935272867,0.551111453728016,943
3,647,0.486036372925976,0.1036456174051,0.167178769992671,0.1120800193939,0.310941112285428,0.428913416915401,0.347214579643984,0.241096042158187,0.407625618927384,0.267739166218473,955
3,648,0.632256234630232,0.352422628705607,0.796619523661451,0.700071038581752,0.41032200426303,0.311190751121903,0.446994502374506,0.183910170183849,0.128157363062357,0.0664430695774584,964
3,649,0.148605002449126,0.0276038633075414,0.00144809730732143,0.00407043897490925,0.0426036609665721,0.0879352663954693,0.130529198847678,0.428050135634624,0.442116353726706,0.36146573647543,889
3,650,0.174647841172835,0.108716738775869,0.0196762203480658,0.235919959051888,0.453197629487373,0.353589463525947,0.494504131134572,0.365038141360988,0.625070576031878,0.451251204037201,927
3,651,0.723896430509831,0.818990252507066,0.988004461428225,0.875460768987867,0.774914779923461,0.767392329938659,0.702236489495037,0.92395723569933,0.817700392486671,0.852451681769382,921
3,652,0.931465662482772,0.773964263625871,0.936331029506527,0.989180387192158,0.989379745657646,0.933611879786487,0.974181684099921,0.755589372214751,0.909824171723815,0.862444082899678,907
3,653,0.287564973003997,0.370589857478609,0.0697038705552164,0.285975231758056,0.15548121544329,0.507868909794001,0.604893339387226,0.420024377697711,0.322517720447415,0.452959365357044,945
3,654,0.716282657323844,0.756026707994911,0.524945018193131,0.135272085072251,0.121011057282627,0.0915133528705693,0.0511173294497786,0.12597935838819,0.107217426170952,0.265795137509438,947
3,655,0.00579714593441195,0.0790028117947056,0.131355540757145,0.106244592680739,0.0701410000864803,0.126625778832571,0.0801475569122178,0.156045338024497,0.225866528394999,0.255402169279927,968
3,656,0.761958127607379,0.100792546971759,0.367686380337718,0.612348574508155,0.204705445218491,0.132949542230205,0.182634918566042,0.132058578897601,0.0422538524336146,0.0222145447285847,950
3,657,0.955805552818224,0.398308034757265,0.166019999214124,0.199364649539856,0.591686053188827,0.547813609119491,0.4972918316903,0.709166484113476,0.705328234688208,0.423947026162088,917
3,658,0.604876929555559,0.780508139695559,0.887096803036998,0.850109517208985,0.723649413450718,0.850173054574813,0.737161883213711,0.601576267383432,0.509163625921616,0.410489422029553,951
3,659,0.563868338913289,0.449888441411167,0.772494708958695,0.359097393413895,0.338413334422536,0.275010703623181,0.0875926427371391,0.0992495070541552,0.108943245479742,0.098255108058498,944
3,660,0.604682852214365,0.850669133905738,0.867547314017973,0.490660753145089,0.73016642131336,0.837099255020831,0.743584226811601,0.937206875354302,0.988983864878305,0.895768458080692,943
3,661,0.2990605602376,0.882090075262937,0.788778092088035,0.216698051213574,0.471887701998715,0.224518626569702,0.468397094377203,0.474860046061475,0.604952294124131,0.357813314848054,903
3,662,0.133984692194623,0.206821099697708,0.472004847430621,0.555325976353168,0.878134889320946,0.974980617695108,0.992804001572261,0.959999958770362,0.931148640205019,0.990474142441356,930
3,663,0.195879084359702,0.100249470701248,0.457834351904523,0.606074882944332,0.502290711960916,0.691295309265161,0.52528670915639,0.688611697016185,0.756696150705649,0.969739438528782,937
3,664,0.752161309817547,0.455575144456436,0.18553666631568,0.148129705539213,0.0591878429898095,0.0906614238492441,0.317832569301413,0.34000353598179,0.534337868525206,0.446970342820142,933
3,665,0.403949182278856,0.433638205459975,0.0556205438072696,0.128250263801073,0.0825670151809432,0.137143112765363,0.197178542354466,0.384696927639724,0.273522431004899,0.240079853656049,944
3,666,0.064127330276853,0.0856918008845383,0.0385917006020315,0.0443101912012508,0.13573523424698,0.405645928842248,0.845511319195346,0.976186700239744,0.879646193420214,0.868438091098899,921
3,667,0.879454321684891,0.243166527958729,0.149214294168848,0.216054299183258,0.0313052673917667,0.212860742374205,0.294683214861197,0.505666064918655,0.603499717768566,0.783849834407706,944
3,668,0.720700203762023,0.235450913984868,0.265595193925448,0.137346068994699,0.39391209684698,0.383147046233366,0.172302864016372,0.18899324038225,0.141300740093123,0.145040293850467,921
3,669,0.684144258950801,0.991258815242974,0.558900328241511,0.63104475981802,0.728153441045052,0.148504718106247,0.0274817143576041,0.0496785061707775,0.0351279390129074,0.0439151820405412,968
3,670,0.0169841173556076,0.383110420424916,0.17769254390282,0.0542254254248656,0.117656693756108,0.29694403784638,0.197686568928939,0.316993142301926,0.509359613872896,0.345658588782018,913
3,671,0.552067204325782,0.303297330268719,0.605496850922018,0.170003858923645,0.111387134089022,0.186646648649387,0.272230906444008,0.720131815059411,0.892828852936759,0.536354744583469,951
3,672,0.672856634855441,0.306324078418074,0.318772567999236,0.314298247667401,0.327061819111876,0.501379135266998,0.522898805058581,0.332330505812618,0.178061540687675,0.258568922652842,930
3,673,0.763105970600791,0.601023016341923,0.243821365525863,0.804010098243826,0.954185485574366,0.985163479404255,0.91815805329982,0.92057518062978,0.996932115862124,0.988050900909071,942
3,674,0.120156759573329,0.0136381474322666,0.24434463974131,0.133409596010831,0.265534299702819,0.104034139180499,0.0992142308426605,0.530474455727537,0.510618960911625,0.521367966795434,933
3,675,0.0414159341994263,0.285019355569621,0.745778113173495,0.401636604169509,0.872101987845734,0.6698181232449,0.486694289137556,0.574218147100791,0.504131910989797,0.536297455553075,941
3,676,0.904551807432973,0.859720656994931,0.350842943933107,0.18773055536094,0.292836273341852,0.295622697281139,0.45713673999682,0.300590700948679,0.524537239688949,0.750278362108938,964
3,677,0.715261726727844,0.668744431021889,0.589066728663403,0.403155193492321,0.269127800442108,0.122947501062062,0.10353531933601,0.134979920672482,0.0936443853382724,0.105877963830571,924
3,678,0.124582026430285,0.469540177236969,0.199815558348774,0.107644352431525,0.357742220344647,0.246072292631505,0.466985705140031,0.511843169820584,0.673174753284751,0.747750429598692,936
3,679,0.833206226403711,0.739766113617314,0.714718290755781,0.945684248306851,0.906898167837714,0.760582033658396,0.694599177496887,0.726769328498722,0.738808127776331,0.736426186796282,952
3,680,0.593389092534688,0.360789205076944,0.121691701089789,0.0876505448812555,0.187223116771622,0.140244988143476,0.206191771930479,0.2807701911745,0.227916709423575,0.0979789135458533,951
3,681,0.158719189278903,0.328391637597546,0.200901560461895,0.272927827327779,0.522466763457901,0.0943508444287114,0.158275312126849,0.242159406985919,0.432123108384722,0.379770797016825,915
3,682,0.652174701886235,0.864210323541013,0.838182368777164,0.831145837934899,0.666033558051464,0.746520045464848,0.616261799537792,0.668040985564757,0.571717230174668,0.547156687544073,938
3,683,0.0761422930880037,0.14434978671735,0.350839001301797,0.0594756426818868,0.0210304361826693,0.00390055051342196,0.0346914705700057,0.159930322814733,0.434231210039325,0.366544774941104,948
3,684,0.886909573730045,0.675225097220138,0.688975542927359,0.84172180654538,0.649111717026933,0.547007445708499,0.336878366064666,0.368575207347926,0.34603629270838,0.312878332736412,936
3,685,0.447371376354038,0.8044218410865,0.333000187848045,0.229250335658215,0.0929595823219822,0.178116192377199,0.246240401774926,0.259160466857486,0.411976439775875,0.406362961929696,951
3,686,0.692517368202978,0.622483117192122,0.936145438758688,0.790746173107715,0.962441892163635,0.998982670744069,0.998273350719584,0.990699849101264,0.947060543897376,0.934213759430354,957
3,687,0.897976512893299,0.538968908374007,0.824674302458034,0.880097895743293,0.762532967791929,0.886319123045064,0.755198875998757,0.641063380664677,0.478944410636324,0.551743627779894,950
3,688,0.906270799712512,0.772949213142015,0.624904567489413,0.464288732449922,0.473020399274843,0.381629661574069,0.401947081164015,0.355524965079996,0.107932621253501,0.0405320346548395,933
3,689,0.773284875848189,0.816966293667741,0.987540791122052,0.881781326046575,0.691303491257831,0.530759202286791,0.502282836268779,0.582570767627218,0.603304452789837,0.509599162376336,948
3,690,0.172604101345224,0.0845567818623906,0.469707140177062,0.340686081553073,0.0556336643127503,0.193843067942646,0.343560003667447,0.299279586290455,0.330465478446049,0.166596055408595,947
3,691,0.567097307287325,0.133780471446343,0.360392215903098,0.481678155609337,0.511208203758688,0.585585316168102,0.655348371235858,0.805872311545737,0.885938753062445,0.786972668205273,926
3,692,0.802491507886381,0.876443417498032,0.970534753464232,0.811104956983263,0.864704919961294,0.821499176332888,0.403340343096509,0.810619398855785,0.862746842571883,0.758875481479612,965
3,693,0.822071954796963,0.59444894165579,0.60088660225617,0.750339972086805,0.581207225271282,0.970200886980089,0.957603362063,0.977223670719479,0.986724779053084,0.963169185675215,953
3,694,0.447408532918456,0.918105452942269,0.251740295762694,0.298891323727669,0.286893973254654,0.416843276935692,0.459926666132179,0.209933803124226,0.227549169907404,0.284413507602988,912
3,695,0.0818116874079693,0.191863645673333,0.422118524498247,0.757827423357157,0.605309197750162,0.586684382342867,0.62448760714924,0.494480083396429,0.429269843733513,0.261644898860017,937
3,696,0.33101867895125,0.661398554060934,0.476456513762546,0.356279216968568,0.49143104817832,0.494275700934486,0.298600556151142,0.234164220109106,0.188973704841535,0.3046715448019,958
3,697,0.0502404653597399,0.610299153151657,0.912878477782496,0.394592620241548,0.201386446567035,0.291192917415339,0.268724946531125,0.0945428544007629,0.265752416537446,0.514876732920657,930
3,698,0.379628454507582,0.46047646655352,0.290392881844315,0.293566123998552,0.532479802781227,0.542250041684883,0.697496089869366,0.214517105060478,0.177336929814886,0.260799058398249,955
3,699,0.990291498867867,0.923895972743796,0.87499068110881,0.823935426865645,0.593188148224413,0.221093092809652,0.270179318569117,0.194985753025493,0.0612086509389091,0.0579935389029785,945
3,700,0.55083189064383,0.581718018695651,0.45780603530914,0.854229747286863,0.771512655699895,0.657646210928542,0.722784313074653,0.709718337582288,0.400967665155003,0.426986835145582,949
3,701,0.955186244735219,0.576866468126516,0.513887833319981,0.478009865834242,0.735262637553453,0.780338378830033,0.66972411749084,0.62679102664024,0.83054143969683,0.774004252916487,954
3,702,0.783027197105393,0.280695139328113,0.621094786581581,0.559513223286113,0.468828801122239,0.302967523955041,0.659954103778977,0.390648791961894,0.32542562748861,0.391897351644036,938
3,703,0.0109624332983044,0.0108863752119978,0.0577021648601553,0.231899195262143,0.203408921923422,0.236082530677188,0.136788345237908,0.221537848582449,0.135732748695248,0.227458084359357,937
3,704,0.613898962030867,0.450593956616884,0.513591915458345,0.762064694022622,0.643900995393329,0.650939216940932,0.93082347317052,0.914544852367925,0.630728859303599,0.886406611477027,946
3,705,0.77318673317625,0.285597385774147,0.705592864594632,0.608573281098056,0.483470758302229,0.344284988883747,0.44863330984174,0.444364296741713,0.49436583417983,0.390371256128561,930
3,706,0.199307539245628,0.832453527618398,0.640063519346775,0.444004691369373,0.515589000066046,0.286556016753838,0.511386604124711,0.432368907982239,0.382056044024744,0.203470095430565,960
3,707,0.795322033488286,0.0826815520320534,0.222083255800703,0.238713321168887,0.259761644122193,0.0996410537302498,0.19890444754852,0.342861911753005,0.220404371390479,0.223059063123559,945
3,708,0.715752507443969,0.981789293588524,0.896057932455593,0.795744092411621,0.993304567443792,0.950058476541506,0.875660296180827,0.785265163915846,0.579581160534701,0.735069630520638,917
3,709,0.398002877442598,0.865622254203863,0.392519412192895,0.658044472712351,0.524674890610386,0.699829276266354,0.739886082555966,0.445650078389986,0.518028474938356,0.732745070774128,954
3,710,0.904050210198382,0.542587760354601,0.0443105560998245,0.0463617622637511,0.180905122512468,0.528219619127253,0.551293029687692,0.537332734334397,0.613522291289393,0.801476922883182,924
3,711,0.64274743250344,0.978893848915789,0.867088907020002,0.963569097556526,0.883488841066393,0.867421861850676,0.382074780779763,0.567981695551746,0.894837401138225,0.647293122475829,959
3,712,0.227772691797279,0.396628600798911,0.478040922982524,0.711667226843547,0.152290738336107,0.102046193836941,0.14095943775582,0.339111950694367,0.393106414729608,0.58791761777868,945
3,713,0.0476652330734195,0.316511885297885,0.600639262037406,0.864600290780426,0.757505975315931,0.586706251494239,0.152805071722687,0.202542982050924,0.229651502423672,0.457525603026931,950
3,714,0.872854414807102,0.680893785613385,0.823473864134628,0.793338548766186,0.614147164295256,0.969386517642781,0.972591937662473,0.943598289695422,0.784548550057239,0.773293583199044,946
3,715,0.948062610149612,0.700008461468577,0.851835462169495,0.551094160544973,0.416176588634754,0.321882379861498,0.680843972203331,0.739380720489718,0.972853582606117,0.824327968421708,935
3,716,0.903179695633453,0.317688300990405,0.66295877128648,0.937000538661031,0.786885078320127,0.942321330215466,0.980615504827227,0.926741746384595,0.903923412788432,0.964054831171982,945
3,717,0.757227263552839,0.0977544163800569,0.489611395030589,0.360535743842301,0.572001094370827,0.728593049155204,0.605250453117303,0.475765279892532,0.306332729892701,0.188407385318495,930
3,718,0.439084419449209,0.862530955893632,0.887043324036106,0.952867240953923,0.893346363796598,0.601087858049368,0.624686209247357,0.475432901320746,0.699273666339016,0.678189518673615,929
3,719,0.871016328527228,0.951976216797826,0.703765539702051,0.725599543137709,0.544052408189261,0.846469743851023,0.857176489852185,0.834639047974947,0.818731289376975,0.661762605214568,915
3,720,0.65289493148341,0.602386232487597,0.521894830944531,0.702283932579979,0.770854261072576,0.718877803589226,0.624923797578346,0.72756400623365,0.963607357511073,0.926477553521012,932
3,721,0.155642678744316,0.130357024675252,0.0297289204678843,0.0289090851443898,0.0249710991609058,0.126094225251596,0.156627277847692,0.0683122549065267,0.0687448634619308,0.153945765297323,967
3,722,0.801153471692488,0.426378083574747,0.928466621349964,0.964560795634353,0.672240015331667,0.278297089360508,0.152678464046593,0.338460960353399,0.12450839958344,0.125012305753559,943
3,723,0.226742396541496,0.225194083924632,0.441614079234824,0.315760176722188,0.0679005843404327,0.105920616145535,0.168398100653266,0.40079010933156,0.278848090383241,0.191340970798816,935
3,724,0.000992109454972324,0.0938568031178243,0.45835173522098,0.977762779053394,0.852219134469557,0.769700386994445,0.810832586972847,0.676196246387496,0.489789999176808,0.579560430421635,918
3,725,0.169881899537297,0.241497991852778,0.0779016953484401,0.0221302607685003,0.0417701790140686,0.05577784320456,0.0925913637355594,0.192153201387995,0.250098665981547,0.162977776145673,901
3,726,0.00224612219186389,0.144674984762629,0.232918260349027,0.370247912679119,0.397776128473693,0.533511595019258,0.322390933354671,0.206204237017543,0.27109593780762,0.386343838976556,939
3,727,0.429345985917947,0.320737905141416,0.559549238959256,0.471509943046911,0.272966315311676,0.0346291761034176,0.0130394715168741,0.0206600132238898,0.11182156451939,0.0592797209559259,921
3,728,0.95585523778174,0.727076805097179,0.492566798247155,0.32251596306287,0.495545798944218,0.450121922924032,0.550987367428081,0.521157546765011,0.185485917320199,0.333927432417239,948
3,729,0.795584568401652,0.697570090411136,0.425455507215979,0.526052272844541,0.672369089849479,0.433622566439217,0.649559107443935,0.692401075263671,0.9378210698739,0.916610668877163,940
3,730,0.851168932091693,0.567582108207845,0.899140552195305,0.652140626209496,0.747529167193417,0.745283654745059,0.715538942565769,0.924132659034429,0.986428389632248,0.793237262138732,940
3,731,0.833182330447318,0.993815470060239,0.856844021085761,0.730496959074956,0.34254161947673,0.427719090640378,0.1200098755784,0.135534142978809,0.280887264407032,0.392453946902029,931
3,732,0.133713400587238,0.690421065580328,0.737821946435413,0.711426907526232,0.604158837208984,0.90139626261675,0.760852077961192,0.874642075259279,0.928975635024409,0.833851842435109,937
3,733,0.507082242783307,0.595909599016463,0.214189346463859,0.162453742826208,0.778409662733376,0.787710182481703,0.593204463215132,0.797885611387806,0.665794742830656,0.671663666212671,945
3,734,0.192904494351691,0.543060141402324,0.847377105808205,0.432903137921383,0.313653780151283,0.557312559965282,0.949420601136529,0.906878700906168,0.913899640436436,0.914092187754394,948
3,735,0.592010029550971,0.207564178912839,0.276632236386638,0.189919344452244,0.299774068847853,0.145028473502198,0.0752598163637705,0.31418017539445,0.374853299434297,0.386662396202694,949
3,736,0.701446075726347,0.666676632171419,0.431188197172854,0.355773387111621,0.243887342323137,0.502743358530765,0.331788696788269,0.35256587343671,0.479078406493998,0.744774920881488,936
3,737,0.34671558002763,0.00360887244510715,0.0422852280502121,0.157962767421299,0.123286970491145,0.2268337951447,0.187978373586966,0.616038508155084,0.497218452815797,0.488989589522763,934
3,738,0.408558955381389,0.14923445649281,0.910209753826846,0.84691363941948,0.75587453300036,0.957957494267825,0.985280331110112,0.966032261556914,0.94308949092996,0.611741106233659,948
3,739,0.189967829525517,0.44725391783348,0.539637927290849,0.372410559689178,0.369574628153282,0.348089464866312,0.749908441121686,0.484548003375699,0.638713078229835,0.758752994472359,918
3,740,0.188256914374286,0.291404553206164,0.371917365668318,0.514369632664578,0.550785100138582,0.477632096938428,0.496756719468093,0.347049240039812,0.633732506648927,0.660034056254424,943
3,741,0.515426426987007,0.838178197838768,0.539090132148936,0.688102883932662,0.994127463119823,0.995672028509071,0.961156250454993,0.995258090847754,0.969249883693185,0.87461398705374,921
3,742,0.172846765008207,0.794610362579557,0.803323621618271,0.897368400034163,0.935683246991252,0.941821824351865,0.934484693143953,0.909333280264808,0.934902176935789,0.907403057621522,952
3,743,0.788693911493479,0.766000208382018,0.0596268547517369,0.0281517868322436,0.147530793380436,0.0987474060922041,0.306906036761636,0.349945867812196,0.254676755010171,0.260401760073508,928
3,744,0.29009585183683,0.0415009678062621,0.315968046551029,0.596072111917118,0.669915364116903,0.569579418260589,0.521062834552016,0.548068723478295,0.712145747231362,0.58163473092321,941
3,745,0.584420942462652,0.0426929143411529,0.0350921631881118,0.131798161952406,0.0915773440616765,0.0682121887982751,0.301160805000318,0.264072973581331,0.224148539335196,0.174304075729806,929
3,746,0.486407900682267,0.700348203706318,0.931293762298639,0.95051715144995,0.859438523923185,0.605337172066551,0.593426072367816,0.517823307622983,0.762050283172431,0.686898049957927,902
3,747,0.116684040263078,0.350409938468049,0.484495072606696,0.54344007868505,0.474184841191591,0.54306114432967,0.51933338480556,0.382061777289569,0.661049553102044,0.802871749466382,942
3,748,0.712307892540882,0.491124118616942,0.529824871718406,0.540555600393604,0.578821575660207,0.579590765903384,0.605819348454487,0.573056318589569,0.749667401399016,0.925251491144327,950
3,749,0.519405283865628,0.365938977253244,0.543362375723798,0.251141015262994,0.0669638391651032,0.0917190995784789,0.141997805133358,0.431455878969962,0.428344838395606,0.692121921509914,948
3,750,0.79275507967803,0.491906003261577,0.710536033848698,0.927341956188138,0.667585077244978,0.740846570560196,0.446220697331403,0.530375714681772,0.261182795698769,0.385779360147869,947
3,751,0.845675325806063,0.972433227414301,0.500078225850879,0.602945594754409,0.544062653689974,0.291088044407778,0.351077563960318,0.529796129686825,0.422219771209294,0.507298334821523,905
3,752,0.835340956016659,0.583113452355028,0.684559417157573,0.658999788100903,0.505484955875263,0.647610839821927,0.838524887710975,0.941838136436365,0.905608430558745,0.910234506124465,942
3,753,0.380469174862496,0.813171722470054,0.528242300060133,0.271606065053087,0.039384482790512,0.0637963852394051,0.0766786674318732,0.0955785355719775,0.152259087782912,0.0944186893570674,906
3,754,0.821617915661813,0.408049865995315,0.95808443821001,0.916458522930835,0.936213615416643,0.764508759369148,0.674185720054531,0.601255263240703,0.685917350598425,0.807800781989505,920
3,755,0.0793118155105178,0.158683563542207,0.288796647527833,0.48985700167414,0.313024475936332,0.381166151263994,0.371792095233357,0.448637787479425,0.346010624314898,0.40235650139098,930
3,756,0.727505726373375,0.664868929710056,0.730561011715708,0.749395731310734,0.92256683172306,0.793298981775665,0.55991782248516,0.641700665186183,0.634175523075077,0.675470073792917,928
3,757,0.273554652015314,0.358273110884666,0.755606856435282,0.81009960743912,0.956145972931878,0.873146304588855,0.98393070729596,0.963474669952008,0.89674725156929,0.791358101091898,919
3,758,0.102509260064462,0.0213320539636716,0.148941832212641,0.6705779945022,0.8922459928691,0.974098101261333,0.910460007901332,0.727496698214191,0.828957478202677,0.96867136672905,950
3,759,0.134963625496107,0.353216661472736,0.0855663957893726,0.355944558453706,0.388440003082789,0.367097248067234,0.332410306613469,0.22489948767746,0.354767120190947,0.505131741956853,944
3,760,0.155493664877196,0.180469473784645,0.2153825484473,0.205238891486066,0.102511588710337,0.229779811757496,0.22754450050307,0.244476768306355,0.184983214880565,0.112627364418179,931
3,761,0.32686478875503,0.177984407163788,0.447478565003079,0.120140442188787,0.555869831997787,0.456354557839924,0.576521746753448,0.261445707775421,0.179192590819078,0.222770713676107,921
3,762,0.812402663346953,0.798886063681865,0.714291206711721,0.594225318936647,0.940706394672907,0.832702965036128,0.839562332478894,0.933204481588574,0.958251333339279,0.957907502469988,934
3,763,0.967297257220972,0.405786364376581,0.589504855763773,0.252747400203326,0.336526466838561,0.463164626945367,0.389655049012921,0.567567600410146,0.569297376401279,0.575294616974188,934
3,764,0.331936776388157,0.970684222236449,0.954995618536148,0.484024106830672,0.812670190061292,0.732371334162906,0.848270192295598,0.459650426687578,0.396192022499382,0.367861835112469,924
3,765,0.723883427388999,0.110455194091897,0.0952029078643665,0.0656990084963122,0.259191574390498,0.326872342302627,0.119010047556067,0.306583242002192,0.112889862295847,0.0337241251317889,936
3,766,0.344018685720967,0.659086830631233,0.327455403237915,0.410815027900548,0.718547964624691,0.891318694922243,0.925086563143647,0.885528576680432,0.805233149719473,0.653970002663712,966
3,767,0.265606880275368,0.198903212962471,0.523473447550007,0.179588264275328,0.127639593933395,0.220067404994114,0.106229189216708,0.282987362798604,0.228989974268168,0.249644238965679,912
3,768,0.984492347807408,0.443344093449966,0.470832091202325,0.385619519578984,0.474845942119098,0.377413768418988,0.660964164722274,0.854356637649868,0.516943829307227,0.477744894549822,917
3,769,0.602259362334638,0.49465505523921,0.659944617792953,0.458409308021624,0.706848015140507,0.584596047603555,0.398923518271497,0.722406787457318,0.721852275222368,0.62226574948766,939
3,770,0.398338559961855,0.744754428221354,0.528620456402952,0.554188941688112,0.349773915920969,0.349604348623918,0.20341767296061,0.448654078360397,0.362115732848646,0.307466551974829,967
3,771,0.566138020551492,0.13420774637248,0.299807315560153,0.110388546202028,0.288059803871487,0.451614455165523,0.62782626848318,0.704044148420581,0.652899107642043,0.621126759247522,952
3,772,0.0705659585978109,0.316309002372162,0.739000555198175,0.996545406788922,0.964177975337006,0.915765392017802,0.558255573572451,0.225750065757915,0.112546944973391,0.205767259735868,926
3,773,0.349783264781116,0.513045826679579,0.567471605971123,0.596731746649027,0.103647616226823,0.334221111357631,0.0975201747445343,0.155414246133635,0.0783566057773402,0.113647597761482,930
3,774,0.926762221820342,0.59931354104895,0.565481510367461,0.660826315351713,0.581441598855067,0.543129011510944,0.82264738118853,0.783267480755744,0.39003872066333,0.40010100428599,949
3,775,0.864729260722877,0.319048977922072,0.594627999448685,0.950270178497888,0.92895957152302,0.961162631942618,0.848244271315114,0.954160166958596,0.963251138285476,0.927904411007607,939
3,776,0.225192221526028,0.858410484173453,0.935014207848407,0.894273934154453,0.85971021254534,0.745213240980806,0.612788088275979,0.682912475876587,0.438505292567357,0.372942392196144,974
3,777,0.803959043264481,0.673425210164974,0.768214942525162,0.551970398147695,0.551172717269759,0.598469903472851,0.420613758153613,0.737759242534458,0.64532339034292,0.753218657616489,929
3,778,0.729690058048492,0.210403196753598,0.830259412925813,0.566452935932786,0.729979992997472,0.300156165507454,0.192999751584799,0.172009394166815,0.157042502597406,0.20948863236109,952
3,779,0.773375154624881,0.948308739494386,0.634376852321355,0.447802119527658,0.821709521884251,0.90115376097625,0.606879972915538,0.719540780045839,0.745169403489168,0.667285641780444,930
3,780,0.0816028925935145,0.080941347952086,0.112868197050086,0.335209148529337,0.186445596329116,0.325748260941622,0.498457611964842,0.57552432242873,0.489499181248767,0.389389159076066,922
3,781,0.351437632787063,0.61289684591664,0.863926162927048,0.597804414695866,0.457907042783926,0.34577648226338,0.155602720223324,0.203643520446903,0.348756465290661,0.28786475062003,934
3,782,0.116221667518085,0.0705059647900858,0.496916724165245,0.91496859264143,0.949982859036096,0.991520979051595,0.947915676946067,0.84570385463429,0.365039995689808,0.149889481359367,921
3,783,0.762903837341215,0.413195781110803,0.738258717521932,0.814707578929065,0.899409423504294,0.874903535328059,0.731093235454799,0.618806796867585,0.972916437830648,0.974693682431522,934
3,784,0.154880096140388,0.0391975763277555,0.0015239268698101,0.0161104027173323,0.00337642866635218,0.00986922126285471,0.0754220798939381,0.149647952650575,0.406998869049095,0.269712100097708,948
3,785,0.912562975471873,0.897428755974617,0.622908856021299,0.8088635749304,0.683739620738588,0.654356856627855,0.525950035796155,0.372918518681254,0.264558021846412,0.3075209537915,949
3,786,0.954418312915551,0.359168452793921,0.50378856977687,0.633087468269851,0.414123454216058,0.635122902640222,0.551926834686409,0.611660961578884,0.605559350844196,0.46813469747642,962
3,787,0.0976834925876056,0.205666721427354,0.809591428968023,0.707335058034105,0.875375358270393,0.59975089045795,0.816323089289711,0.684137768663455,0.474473622569823,0.636377174177731,950
3,788,0.982507625199741,0.889185922865195,0.428248063240616,0.360175568982171,0.344895587357393,0.361956227333826,0.0348363211181181,0.0475133575362264,0.144753876378466,0.0804354326958932,926
3,789,0.330419836674211,0.248302796261895,0.0934309118158118,0.0220757590540706,0.0211358670690506,0.0147447300383535,0.00598200731355377,0.00807896797924544,0.126402981990196,0.134673257193699,934
3,790,0.347581170558924,0.488503277208147,0.309675681202786,0.292002757176151,0.815979282538313,0.262369839413157,0.366903464185444,0.213313917223318,0.116420493793203,0.177209003124775,951
3,791,0.818616872209206,0.325866570320063,0.627962870892606,0.799226061895461,0.99618481460843,0.978520876397766,0.81073895159136,0.805894036645925,0.833380304102078,0.724808941036023,954
3,792,0.934482586127579,0.511283937713266,0.1958587907554,0.402985205333066,0.726361277478285,0.98178508254156,0.805439590503844,0.908741473546296,0.856407858178522,0.740434935229962,940
3,793,0.0920902097621294,0.355993390943252,0.370256775810352,0.388874511785258,0.515952372589911,0.948460013308674,0.841293235516565,0.913024292949711,0.89125836743301,0.843467933290196,929
3,794,0.151974338403604,0.350100941857776,0.153103939404749,0.248851365754703,0.128852504567825,0.38408976151431,0.366611998804573,0.544047363997814,0.708867708202645,0.553476426511301,957
3,795,0.483676032106379,0.409902877608675,0.547007819279104,0.46781969799231,0.805279096018393,0.671338851426406,0.783723424490081,0.738176366328596,0.80130152135567,0.642423008546538,922
3,796,0.605792320040541,0.415986716990518,0.322521161176333,0.62819872248349,0.693173006813389,0.302429719598661,0.217723918950321,0.306877946923112,0.60720618291875,0.686957824582483,945
3,797,0.612381114867728,0.683918481899013,0.283400541509986,0.767184497364223,0.552138510841148,0.670840943232673,0.389100295486404,0.381107917232672,0.437791670513661,0.119078199888551,957
3,798,0.169669912696725,0.439828090229995,0.11118452159441,0.12733143769941,0.117349888592887,0.253265475616386,0.389475930107075,0.303782939565498,0.350874412642277,0.492788906495076,926
3,799,0.623035021257041,0.890130127935976,0.803295605200139,0.274069310994847,0.0381280854637817,0.0712726417953496,0.175073593784367,0.164093635196599,0.102403041106318,0.058395955652911,968
3,800,0.794820792819119,0.0135414587570009,0.109807448947814,0.420809181199975,0.0925840341530406,0.218770939630689,0.178884519909801,0.177636112545151,0.458904656217385,0.472099653614646,947
3,801,0.356384323967436,0.102600781869995,0.410904831461687,0.676478772612647,0.459126402960287,0.717106897987481,0.923058005338804,0.846383178952392,0.664812317037948,0.335938047517332,940
3,802,0.830632046642214,0.707445848224164,0.730148503229865,0.667740201977225,0.836917547974155,0.684221230841161,0.679626905919608,0.831419102231056,0.615346920945497,0.63442141608123,946
3,803,0.874749593529776,0.925822195968632,0.607490133778756,0.778957386419949,0.896911055343833,0.822054868982793,0.991638711886688,0.973217898241303,0.907401056922465,0.795544799139517,962
3,804,0.758651602225225,0.86822561165112,0.421919066582267,0.574561972007679,0.761923415952068,0.624968332909038,0.524969525326385,0.693126112436298,0.735157327437685,0.755815837796656,937
3,805,0.543012843493055,0.0258051238818482,0.0192216281339205,0.273563586159097,0.671988815900036,0.884574830994298,0.975350577941411,0.978794815181641,0.986461728904432,0.978327674542634,967
3,806,0.00496869577419058,0.0104947129551944,0.0942530266948451,0.125719545733858,0.16315670152048,0.230688195907099,0.306344628252062,0.326263540586949,0.176051472150881,0.212668149675632,910
3,807,0.152817013709166,0.343267586556042,0.327190166110478,0.261077339658932,0.322653125302555,0.344321505796714,0.119899823862656,0.064533175019715,0.0388734981094593,0.0447879933358041,931
3,808,0.369387317220388,0.917760995646656,0.913167572163339,0.653041742427959,0.466906777026346,0.374076587247565,0.19071692436331,0.427150025114581,0.462369396114176,0.552433924480511,964
3,809,0.868051943480219,0.827614639189459,0.499211357550658,0.444298327632397,0.554524459638752,0.37803759634084,0.727951896517817,0.860251751632688,0.939302489222526,0.989948456722925,955
3,810,0.141095287112667,0.321261585249581,0.764351039265835,0.372478687332747,0.713996331389664,0.406698030300955,0.430957996643739,0.317448175749494,0.280546343728081,0.430014621059378,948
3,811,0.0711535485623876,0.0399821343599145,0.084976926125701,0.341158981122181,0.371964979089417,0.604002722669844,0.530311922249364,0.736899319120552,0.902509260380505,0.960522324262397,941
3,812,0.0730648689132201,0.150185208125272,0.085207616064543,0.341013408516414,0.374140205303791,0.0899139368083839,0.222923305878439,0.496791310839417,0.570327168196586,0.30190087890913,951
3,813,0.101356633537972,0.250078965368178,0.0814263047574702,0.103277761994214,0.0205824752413865,0.0222972472586657,0.111291843191238,0.0578927295641944,0.0718071045709234,0.0260912396599639,907
3,814,0.0551620896777219,0.678376356859096,0.876860402207534,0.815397508205063,0.851144898436248,0.987872536704588,0.920480131006963,0.833218070779931,0.772612568779175,0.913349347119149,960
3,815,0.50780442101235,0.872789634007216,0.996018870957951,0.936097410379416,0.649336775493749,0.714549050470391,0.884832369966727,0.987997640145989,0.986735335043578,0.966047195447512,948
3,816,0.75581812713853,0.922706895643263,0.616926320784975,0.600028138261361,0.727984806598824,0.883468079376266,0.644423164127716,0.603178137062358,0.371395544393431,0.181301331481153,925
3,817,0.480765898691045,0.850142775488199,0.960469576377253,0.498026622697368,0.841390932105999,0.633415928178197,0.71398819686441,0.910588356964432,0.642333692390829,0.576861163715054,914
3,818,0.0529481314127548,0.326407726595504,0.433025266137628,0.750894784335416,0.699534102077923,0.57917393248799,0.223510608778854,0.350854243494999,0.305473858865618,0.528284716673767,957
3,819,0.966809862966046,0.682392257494374,0.54970150298359,0.753661346238995,0.567048590015285,0.563323561788333,0.551114320244337,0.725774340771656,0.954066428103126,0.861021246973501,922
3,820,0.515398589328496,0.319068281493229,0.485486265156253,0.693889915489211,0.778139699498662,0.957105825016604,0.758611268181856,0.647399227743525,0.800296567888358,0.735150772559231,969
3,821,0.979648016175488,0.977279828145822,0.831390029133462,0.958827742636725,0.952112862261116,0.653768255373166,0.626872982446071,0.58753895328348,0.967990791137048,0.843973016563382,928
3,822,0.0973391979718817,0.300087628041846,0.896890880902426,0.772681608149056,0.990544515348859,0.660028682730318,0.562181254348962,0.644151454013387,0.337636302565028,0.291492252550746,938
3,823,0.311319011905148,0.584857751721157,0.567497870707126,0.765445929062919,0.737341227519541,0.333371494735834,0.673835612729003,0.488651095106045,0.853989432025624,0.766026086612561,925
3,824,0.242448864059518,0.22114513214565,0.777775266635709,0.387292125868748,0.684054231092415,0.435027494342719,0.462661393909097,0.769009699707716,0.857354372292066,0.806104740970364,947
3,825,0.819001454047495,0.466796849782565,0.341259908875602,0.362403242848985,0.329265629256738,0.341991981220314,0.140553559614328,0.0918586932839304,0.138863952496168,0.142390147876686,949
3,826,0.204811343678584,0.693568928403059,0.498449701465996,0.678304744624409,0.938670465686103,0.875832281162985,0.775443502863253,0.93082940803088,0.973464066921391,0.941502356917274,945
3,827,0.683520259364076,0.588210743261242,0.601713724928981,0.671129794526667,0.81770471810157,0.656670607759236,0.216505464530558,0.346274631324626,0.642834246200954,0.669342339630107,937
3,828,0.28738869977856,0.781237852238825,0.954519487896249,0.884988615979264,0.833111618087446,0.600318274193001,0.535462651717226,0.541856824553415,0.394093599928031,0.28106740907488,943
3,829,0.153638637530863,0.461845832613029,0.319624956239109,0.578952132759398,0.325821312830418,0.781581582279542,0.965485454754005,0.996363206760052,0.92068456659675,0.839434375783174,936
3,830,0.566137053084779,0.471165894582772,0.864085742434315,0.52355787882401,0.723238945475732,0.796257647034769,0.405356124437863,0.58393351084163,0.799946675438786,0.808291658716923,964
3,831,0.29823542835899,0.367048228312609,0.412678527987617,0.252612238765931,0.55176782380652,0.169566613654358,0.490259739472893,0.656513645824579,0.125597119666176,0.0939629028755705,929
3,832,0.541908531137019,0.680605711421328,0.950569189287451,0.887810559264574,0.753482875702817,0.561278407295701,0.631901436254351,0.805016418838636,0.728139050756294,0.774995617654753,928
3,833,0.297548112610461,0.341098956483094,0.324443515765459,0.0827767825331543,0.10977714943598,0.301831169006347,0.24783079537217,0.442949644434818,0.238185031242484,0.445458656957143,928
3,834,0.0411679722978707,0.0281970988389846,0.0517968161688202,0.0315440850733566,0.124605011340465,0.170024693432571,0.0595607074296357,0.337049387311649,0.489265521103701,0.478711804113701,947
3,835,0.168895843524994,0.0799832288344401,0.101529925497751,0.158166452819392,0.194292648113148,0.57671462440517,0.471907321338921,0.359016352278297,0.454883000780141,0.215968218116884,945
3,836,0.915350144943726,0.996717777158986,0.373898203740555,0.506386725920669,0.451799917296956,0.592311302901724,0.552754156633108,0.733027970654142,0.466402577122786,0.687292940694692,935
3,837,0.781750025443715,0.908112971488728,0.942348810928895,0.555106871906143,0.901383279504847,0.569713688378113,0.706084674605647,0.6122756039165,0.796041700894896,0.726860326586489,941
3,838,0.980548400758876,0.41739893805009,0.169211904978096,0.0868905290677333,0.172364791479024,0.149715405146358,0.363253029581042,0.598859994517001,0.953328423346514,0.889291532137812,913
3,839,0.556550467098409,0.405456050935241,0.348333265059962,0.146371054489482,0.0924408223103301,0.189801321243135,0.13964902018731,0.0613779075834789,0.0936408301421795,0.134431452599518,954
3,840,0.305183822931175,0.070965030672024,0.124602040678445,0.0450684255933566,0.0403400998791152,0.0286065624408042,0.0113945263116272,0.0181850966608385,0.0326801134713344,0.0176023492577977,933
3,841,0.586506167577263,0.844427615693052,0.86602318568074,0.937170893506984,0.947089458712758,0.967093946766551,0.979871390323093,0.934279769895153,0.957406569497577,0.991508911532594,954
3,842,0.685870742777333,0.642715312674198,0.764806265283054,0.824972226381099,0.944624764493806,0.935773966930392,0.579215863588297,0.577166492469325,0.74425536500021,0.932172196053068,909
3,843,0.708748948382493,0.664867564359807,0.711899687402297,0.850746451622215,0.598397109350653,0.806112348083257,0.675030591941996,0.977649938528726,0.942704042349163,0.84541157925439,942
3,844,0.21753283970201,0.167883376573802,0.386181233942146,0.446312171775311,0.1760500275858,0.331047449711971,0.728973543987916,0.814208521044961,0.881728717526877,0.954325667929296,929
3,845,0.921249596169455,0.334093452891797,0.264937093057366,0.432447423092561,0.210915970285619,0.47984642543895,0.578092800908543,0.67822669592772,0.931752566765341,0.859533841884981,927
3,846,0.206741451415551,0.222922353977358,0.632535978406986,0.856975213468322,0.617847088231112,0.559858170137619,0.728705521612217,0.833535523719689,0.775632504920077,0.67984093853596,945
3,847,0.49127447672744,0.95794504495098,0.885633177505631,0.476511261996043,0.566886999273866,0.82404595329171,0.921784739242146,0.89920799727018,0.726599545352611,0.94205287298509,917
3,848,0.165232731255348,0.486854621819935,0.164938786298768,0.114554801010781,0.0969784803486719,0.213660194018795,0.603012284734156,0.309268394260148,0.125624486602895,0.281925710360219,956
3,849,0.32007240178313,0.485218487170499,0.371345898567963,0.464315100523,0.707403337968585,0.83745223306793,0.928175251662293,0.861430008137504,0.634961985711746,0.499560910983158,908
3,850,0.908712793736821,0.396047646785137,0.429345558380557,0.0380800408290031,0.126819263802103,0.435059321143354,0.374064140106382,0.228271018544312,0.0581529539605255,0.0997603476437493,949
3,851,0.718304621919512,0.985602266420925,0.911744624674139,0.818763637988885,0.929030475167378,0.953793469941595,0.821518233843257,0.775603884224909,0.636024673837932,0.533635881058288,956
3,852,0.834206384134979,0.553758313593741,0.729175286067604,0.628866013970884,0.186695251432077,0.0898548657985286,0.0281703121063346,0.0392882707665925,0.129710739259949,0.291269290519485,950
3,853,0.765809210965371,0.754276652773683,0.0318217840313074,0.0337139650479131,0.00359099030437713,0.0122422420657734,0.00260190622102461,0.00126224729346023,0.00373924513381766,0.00898158544514322,942
3,854,0.218066076772468,0.142039094806592,0.637136905556889,0.794470793416602,0.91842969545436,0.76667943513043,0.469117316879836,0.67359309207293,0.584046060886082,0.702842882895393,928
3,855,0.558986403199798,0.220135327233845,0.0551116452659797,0.0596391673426135,0.0285730347382686,0.0169169675452949,0.00472437225322815,0.00741065201506578,0.0187729652710196,0.0428566579740807,918
3,856,0.126030034232851,0.0803111226520893,0.405047556460314,0.668344149722405,0.842675880583943,0.862616116903165,0.721989519921714,0.396563806096577,0.5702233260807,0.580175271494785,889
3,857,0.756631327913061,0.545199343097281,0.283818613530113,0.534727222170437,0.60747607681708,0.637835696356013,0.660974926519166,0.412608534634785,0.452178038886336,0.390763612753531,946
3,858,0.72635494772577,0.691154773707666,0.702785343502014,0.291529966736073,0.097497448936085,0.155912370492439,0.191192582970994,0.0894670443117774,0.0682948821525755,0.036807301861576,968
3,859,0.901689068678914,0.352139743472594,0.161613129265197,0.198489570588103,0.403818744407993,0.514075487268834,0.143264745149957,0.236251834438305,0.355401746462945,0.523447686305126,926
3,860,0.0883086411299212,0.233577046924839,0.253250105223534,0.328878294082134,0.737267833479357,0.694231256143856,0.863898412749916,0.873166762070624,0.838128618734444,0.815975677699059,931
3,861,0.614209415249888,0.486763706056921,0.238047974036857,0.343301313163344,0.417285717846118,0.146234270131598,0.21211126072973,0.259781751811446,0.138609282120484,0.133945212114894,952
3,862,0.968133074842203,0.447944372312373,0.13205422972906,0.0985878745592575,0.0275319264039062,0.261632707805204,0.250108895955103,0.245345654354479,0.234325261837689,0.311923434558645,929
3,863,0.465776831432815,0.326249702290086,0.600334257665058,0.869892812366243,0.891450104265845,0.592542084171818,0.179644604850432,0.131545139571685,0.275056753191385,0.220696822359801,938
3,864,0.736026244866044,0.162217372953345,0.3787676584044,0.182922067371996,0.0680499564158226,0.138802096787493,0.0568371426308272,0.148193147436229,0.0836839107254364,0.350465473911585,880
3,865,0.378847699669126,0.0361939073032486,0.436292149804729,0.827993967135982,0.947665527860228,0.748082484869087,0.868961402666118,0.73217233765294,0.68831982784056,0.578306910160311,901
3,866,0.88542230656334,0.79632844673202,0.543628897564234,0.318068840974202,0.277451234267807,0.578342134895986,0.392118950752403,0.668690159139455,0.665157142779403,0.771803860884319,972
3,867,0.87458826982469,0.654467299904901,0.523217910675049,0.134780554923329,0.694488726251197,0.669717727714824,0.710449557756843,0.454793714531403,0.379704813266207,0.380300775606781,939
3,868,0.841463912869947,0.740959023280891,0.490453690637261,0.221192329909356,0.135633891992835,0.273259652814535,0.232389757605621,0.201234973145766,0.667344987240301,0.68760174550697,911
3,869,0.896232157960042,0.0603003786137226,0.136040047263654,0.0517006967362623,0.065333360651705,0.101167373588362,0.425207504341345,0.484287678436879,0.242649189614471,0.150153074660088,949
3,870,0.145707866841892,0.0188799198874328,0.189169624500804,0.29235460907173,0.620034805047645,0.750078347347356,0.80128466136255,0.548539037110274,0.61076417995348,0.614583871516747,934
3,871,0.654930292294457,0.576830858738455,0.151227468631975,0.0390345599219485,0.0159699789777966,0.00727908424122135,0.0851695460712269,0.127927607116139,0.101401117697282,0.216642468225256,917
3,872,0.869555618654244,0.971916956570695,0.825896707032144,0.898308335453172,0.805294064926128,0.748410601758554,0.645530982072304,0.711415141484902,0.729961290953905,0.742132242082651,942
3,873,0.41512843850837,0.437253622586483,0.354911970873156,0.458068070328602,0.34814184123502,0.399090442474796,0.650557411886135,0.943536573403647,0.776607219906923,0.958342012609684,965
3,874,0.873359323978083,0.606614747956798,0.721502409066509,0.442487865767466,0.339019125173657,0.497527328179464,0.456651724216789,0.479228831845308,0.527570594760119,0.633065236070197,966
3,875,0.965957239644159,0.971013926236593,0.729726583897868,0.510764261039163,0.465364230469968,0.304170060605411,0.0889684812678107,0.0975096697053204,0.271853472716514,0.525530148582734,933
3,876,0.171395646007916,0.373941439752952,0.61081311951066,0.978426457261858,0.991621695968579,0.869352348679927,0.893462468871441,0.895885422119834,0.65152459692052,0.570577910033278,958
3,877,0.19752213945005,0.206836853585917,0.589393160164409,0.919481583933573,0.779002141849658,0.643762279431583,0.759375134877804,0.384372042753458,0.251003567296701,0.146136891603567,938
3,878,0.629973274430954,0.597688108296444,0.782113241185153,0.793675566366583,0.783709058461966,0.589681189002691,0.755407202009045,0.801240022352603,0.779750543051261,0.789892135304625,913
3,879,0.221745958091674,0.805080376355633,0.624912832869608,0.907612122488748,0.984913503895294,0.979099100113471,0.997776503000109,0.841836857364947,0.846541526645402,0.791469388664868,944
3,880,0.963788694581844,0.457857479154674,0.716803399501263,0.883217564118223,0.657136377614117,0.455819715644173,0.475728882652571,0.200326565901739,0.286878885166717,0.395533117251739,919
3,881,0.992051908322681,0.363785599452279,0.879650145757482,0.939534526212362,0.778508179254037,0.609072217803078,0.300523573706897,0.369205748108855,0.780962446745555,0.616667701376976,906
3,882,0.265124006324987,0.670750782174729,0.862976007695318,0.803017707616483,0.461388976099185,0.388304923099378,0.248481531831798,0.217411223787941,0.3690859033397,0.393071587177806,967
3,883,0.943384067014995,0.33864159934123,0.505666181957526,0.572371288023596,0.637558577245576,0.520562612444132,0.375908503605851,0.597396177751309,0.814977077926077,0.868784941285546,910
3,884,0.458347049056457,0.141317130708326,0.0384489122997944,0.0712345130683014,0.582728486181647,0.666877052784847,0.487768225336275,0.72203234320138,0.650719937744465,0.539896290320643,934
3,885,0.0311814812778403,0.092717244309558,0.173905790498141,0.217853837044714,0.438851422198061,0.119230152962638,0.197481999665646,0.179879923490288,0.137477217165151,0.168163842568413,942
3,886,0.40614446865839,0.274748418585148,0.619970074140174,0.894235534352942,0.890746775105219,0.93088007416367,0.938606290758012,0.842838624349795,0.617457320681517,0.722275958815694,930
3,887,0.258323557026876,0.720034306880944,0.287040820595752,0.452062436700701,0.592404420945611,0.426020043409423,0.676284337982546,0.498836647258833,0.42389101156551,0.68900287597955,940
3,888,0.835634596730222,0.438313946933181,0.696520511274561,0.609719823139115,0.673654099721138,0.775634055874395,0.538308780604827,0.907684714085311,0.746627132225606,0.964984735980953,924
3,889,0.501119449838223,0.800847225191208,0.431077743466524,0.370192245527155,0.354268416534211,0.537424412767433,0.495928084004707,0.44919320627511,0.322531503753468,0.58164701058611,939
3,890,0.0139550192067541,0.0308404881372387,0.351549665724577,0.200992381383967,0.623707628446642,0.375688306328618,0.481386257725981,0.563555304249647,0.490470345841762,0.283606067401388,954
3,891,0.55775664629824,0.999202562160766,0.9484430329128,0.445556299292142,0.575657273745873,0.292404180079592,0.287473112323164,0.383587304647214,0.322821391672677,0.333848257723271,941
3,892,0.248602463598499,0.790741723784525,0.952456338286275,0.956048032768537,0.995992657510886,0.991355447622761,0.948604768812541,0.865326710629089,0.795302430240503,0.737801258636782,910
3,893,0.676783035541702,0.553166712774203,0.441395530644068,0.427321302951804,0.381773000738702,0.758087563888691,0.772122438722555,0.690588105509779,0.545833615857565,0.769172486622354,944
3,894,0.194569192702966,0.190624329857962,0.150648393728169,0.215017059870997,0.410923163317664,0.435930130575291,0.621208011057195,0.715494905055546,0.904496149297338,0.835185311552641,933
3,895,0.238749397384431,0.587445915779126,0.557400961591983,0.992929582776301,0.850420115808263,0.526650397047311,0.629528897976602,0.588098217527159,0.77509361461075,0.46862736480136,917
3,896,0.813186008101067,0.844041886870385,0.700804832233248,0.55939254184139,0.749609033506689,0.94838507352629,0.929594111518655,0.987304073684108,0.941435194853775,0.966173572336284,971
3,897,0.794238928130637,0.79420203791013,0.974974103179696,0.989499913759894,0.868560178462279,0.542831354596711,0.578493645292788,0.92186340876272,0.92107611564635,0.655755980588447,938
3,898,0.530440939983517,0.729573802958242,0.545382995073316,0.630091535733973,0.842915100946597,0.607059162956433,0.625061762187296,0.285092306632227,0.521460272507754,0.426050119458962,905
3,899,0.579355197832781,0.235382780595555,0.161275068659534,0.136500813062138,0.0687272383845407,0.250827181731257,0.156526362304723,0.331895804846099,0.543917287405892,0.766731190175583,941
3,900,0.122850612001422,0.744060695781071,0.646528975359667,0.631951528879196,0.37392032793293,0.589415949513757,0.890239521643548,0.785200789984911,0.675709559376367,0.373660951289279,931
3,901,0.0302519066030158,0.425262706417484,0.661486175001712,0.751222930873043,0.574733935173373,0.484704327374149,0.539053139979017,0.283191041037537,0.36852965351654,0.250985177257044,949
3,902,0.150350565283885,0.0347113009183948,0.183437961504142,0.44517188175119,0.180446861959273,0.15122517312627,0.278949745462905,0.179030279609095,0.376154793092063,0.443161120239918,932
3,903,0.908241421183273,0.698508091283934,0.681046130090249,0.607408292963027,0.710926857977142,0.407437551768136,0.111643502099134,0.0446655245125758,0.0395871134254963,0.063765003149445,944
3,904,0.202525003516404,0.545475284956462,0.450354149026032,0.174839643667629,0.470453710424967,0.259680061321172,0.106945625012948,0.224869197375791,0.37338289606002,0.361093509316653,952
3,905,0.483093647506255,0.174944986371234,0.574710271866732,0.445584322615027,0.482089851704283,0.530216298881092,0.480100922963257,0.419870642889609,0.558058193350916,0.213889356453151,919
3,906,0.807592045660295,0.376376113988427,0.377197628075339,0.625655391738169,0.885441623033172,0.825284268161917,0.808002148964851,0.749212031151185,0.750657654202758,0.701752256282136,935
3,907,0.45579113641141,0.127309589503706,0.0653745353399127,0.0291521746395947,0.126538378960514,0.0310811822137525,0.0506711927451282,0.104980202249672,0.12650348178449,0.16517328134447,945
3,908,0.966075723812072,0.628515791372544,0.132937681938026,0.281155522131804,0.213894873264548,0.167809197881646,0.199709015817409,0.0929862164645595,0.0228279266246284,0.0625486729417805,922
3,909,0.375876785309439,0.440995456999396,0.200249143285564,0.230405137218391,0.259736444725857,0.440243986635409,0.298588201138319,0.129989371682671,0.0370438287269218,0.0101780693173211,940
3,910,0.251755303055797,0.42881658605806,0.224590629197964,0.083921041384897,0.0181416012922373,0.018121930150039,0.0640315825640157,0.303864903629043,0.0981420892203919,0.163086534636181,954
3,911,0.476560395816721,0.699974980995955,0.395337976247272,0.607916698028545,0.634960164508254,0.740532347245197,0.820415722892171,0.659751301250821,0.644206420216331,0.475348415774606,951
3,912,0.201387146924748,0.751046826963097,0.935754986384974,0.772956325802128,0.884450828100204,0.971810531882753,0.991621474932859,0.867637799227825,0.751754673254798,0.621523108658705,968
3,913,0.989733473012972,0.597653339624256,0.374732422169668,0.757343933930968,0.937358078155928,0.898290572548934,0.833657898063569,0.961795117487504,0.997146519493363,0.997275799609711,960
3,914,0.706463436630691,0.713797833030873,0.827816100234702,0.855563706389368,0.944711828085486,0.570501187378086,0.640805182844481,0.8026172999196,0.858200494570414,0.783078587865924,959
3,915,0.322942741131385,0.824922996151443,0.260725818964681,0.58899356240477,0.647172253828606,0.873926535307762,0.860969036122225,0.720869447824773,0.5007126941729,0.32032101071281,929
3,916,0.446060164192217,0.131061766135582,0.0714031641069922,0.242562991764749,0.080561693467127,0.0410248645463784,0.0489882883792315,0.0453514113715508,0.0311933549946018,0.0187609634941048,953
3,917,0.37316799922152,0.5065820814267,0.893877218548311,0.865695869139648,0.349104814686985,0.461958359918033,0.447276373636474,0.397377461374281,0.625475307899116,0.657859600733626,919
3,918,0.483884151102621,0.827586318301166,0.802701219802268,0.856254176457129,0.857095758824579,0.842454025282067,0.858309608866554,0.96679910344385,0.900113952380499,0.97857913217493,953
3,919,0.912218807881389,0.266185240534708,0.358544187859055,0.289674291408063,0.12330830681013,0.326573930427775,0.789404398243516,0.844334787681314,0.75312273950836,0.684631329030391,945
3,920,0.455903350475708,0.300625139362408,0.582309325923045,0.665387038628073,0.521069080224068,0.726724609136684,0.649177836055264,0.543850031743356,0.666604920966154,0.626934866517121,928
3,921,0.938073300918331,0.679304981754783,0.848717245630388,0.694149755446151,0.82913164304237,0.866709662989685,0.675402974598553,0.301433490573951,0.157024132589154,0.204709429145642,935
3,922,0.151061865367045,0.3280700215444,0.616057063815669,0.789808769911554,0.855202297107764,0.574799062956891,0.308141760043286,0.232747847933866,0.353974264886509,0.198388646349201,911
3,923,0.69225247182782,0.327471763716752,0.457953235006322,0.330475821449806,0.534769757719217,0.877437853799443,0.76011984380116,0.957845103950095,0.563194236354225,0.716105010120576,919
3,924,0.113561189786738,0.263736636452053,0.489564012651615,0.528466893000032,0.711454559907454,0.571957185457458,0.646771195393865,0.914690388515057,0.942321364713788,0.878476934999597,930
3,925,0.371590292098001,0.248283787505687,0.506632648812987,0.500218306375715,0.454394797624193,0.636406972149617,0.680426598105643,0.454777498542575,0.456047808297293,0.381401987986461,943
3,926,0.914269165055404,0.946656868276254,0.487841227310887,0.312220443739941,0.583275921683237,0.758817336457745,0.696518278116379,0.682404408882235,0.626190342284426,0.589575304850513,908
3,927,0.529546904523962,0.229086837199677,0.311553011007059,0.106361663157044,0.224524825262304,0.168450630370648,0.587316648642038,0.273558788756646,0.141847591484148,0.10260265839155,947
3,928,0.756015611234655,0.344881760508373,0.285402521772918,0.388190214554028,0.7629956718263,0.837382970590044,0.907875844835213,0.860309840669349,0.971031835305798,0.980210627212092,952
3,929,0.85179795273485,0.287827060249946,0.100539034365761,0.248353390974702,0.370725323379211,0.59369457800976,0.783050762759671,0.749300041736511,0.874704026037116,0.688314779077835,966
3,930,0.902832300305564,0.327335541238026,0.355379493291171,0.532201715679921,0.548785188203477,0.467110185525585,0.101726300425697,0.376694005226804,0.365339138403973,0.400813062265433,907
3,931,0.683834574987873,0.493242956820399,0.224091600212681,0.125521362379023,0.639366027384349,0.589599195245956,0.92315356741264,0.839407264517455,0.725952622068853,0.801170675243072,895
3,932,0.841801944256305,0.629724345872986,0.663276645518591,0.391934136503899,0.250375211348036,0.0900736280913901,0.105039386292716,0.583789351757509,0.734275289426938,0.654833096711669,951
3,933,0.696823435144829,0.679351903438912,0.369258571849053,0.562255866135335,0.813489868050998,0.691029855396177,0.918016736162009,0.997841323499609,0.975121734790402,0.993856290712183,948
3,934,0.753833679282215,0.965234878793662,0.653668826321273,0.984123936285688,0.903574064350151,0.795801785934352,0.708478493484525,0.810336902538843,0.801999227277238,0.77955732716332,917
3,935,0.604675312570945,0.937199287399775,0.692887260972905,0.910988713111183,0.701313679251067,0.760472605046845,0.524413251004603,0.708134791148438,0.64422371229802,0.653870597941252,959
3,936,0.290185131162183,0.19930063604291,0.423356220425672,0.387064346641665,0.675264508382831,0.757088986353978,0.842558643090793,0.826474341297381,0.584245979212516,0.298644011918208,954
3,937,0.400942537955063,0.42284713608956,0.19592628641552,0.0562460658180651,0.0751431159081208,0.0219180531518826,0.0188782394079103,0.0153825404611242,0.00654198701933463,0.0114349303021686,899
3,938,0.290639072865604,0.467304959298491,0.541514588834422,0.518576330778401,0.236519966722242,0.656459591604648,0.891143043102037,0.938595566460399,0.861466843894063,0.760920518720977,931
3,939,0.820008254135537,0.628958107227001,0.614553333047259,0.66261055797727,0.724406856348629,0.66625143365337,0.758608547411891,0.453235166898854,0.653373189981377,0.542851936019966,931
3,940,0.530220760404656,0.674246491537382,0.921309558918736,0.760369200087936,0.410052051418833,0.349430078370821,0.569314545766677,0.660996349935065,0.320140534608282,0.441868303916743,942
3,941,0.138123408223525,0.599884350091383,0.422488631976415,0.102214550497367,0.0484796075298696,0.0366666677559098,0.0993491262088921,0.153385274720143,0.0520519038224828,0.125064316346859,914
3,942,0.974321985132435,0.880545933925752,0.542819731963778,0.57227818863556,0.50594875310903,0.406751907223612,0.347227765032523,0.224304367637738,0.0259160519010259,0.0172979136708128,947
3,943,0.890158123932135,0.884091291787116,0.790774244371194,0.378958134349826,0.183962899859368,0.635352059957219,0.314427631546995,0.395477549514548,0.194456143053009,0.134988846374791,946
3,944,0.896809423014643,0.310820572061974,0.122064233076434,0.223596567052053,0.624575277799497,0.378442043494564,0.35929896335592,0.525480831649502,0.603560910632672,0.445705827584119,955
3,945,0.893683078783733,0.492863167666585,0.801366541799575,0.710613680069373,0.628288743382696,0.746153952737982,0.128012043460216,0.0549199547647951,0.0882330122373091,0.127789991933829,907
3,946,0.827029330906393,0.868041209593245,0.589506604397771,0.248608616507485,0.479529190416131,0.334403149156356,0.304716042846133,0.398412883731184,0.534113747724343,0.344468032869877,947
3,947,0.809216194478223,0.140666653467152,0.59549962340834,0.554631606218515,0.342764749963311,0.29035964439696,0.202636848483834,0.143859394811866,0.0987318971988598,0.108995586873308,937
3,948,0.167237435341544,0.020528799860442,0.0299941302167648,0.00984472741456881,0.169317477604424,0.1076474518662,0.153709533394513,0.241471915754745,0.170066188248954,0.0859710247635325,938
3,949,0.872069629461074,0.855772295251149,0.541066570974021,0.662128753900894,0.481023924065393,0.578998215763744,0.782151266297826,0.872929097524008,0.825088961731021,0.822368184291642,928
3,950,0.673551588573086,0.634310574475951,0.142962777526565,0.181853528615971,0.291769535642559,0.462680410345379,0.982223199546784,0.996840948847763,0.80249300285478,0.716185580544204,942
3,951,0.783606069648913,0.866645925471076,0.530103814919894,0.462999424425738,0.177143847273217,0.508596057565185,0.125343119530205,0.281865870845255,0.146213589794447,0.137768762771647,925
3,952,0.574792707108903,0.796698093768149,0.824408816906598,0.679660101079376,0.587124918435065,0.401965797178333,0.371706673403774,0.300208328311589,0.130375898900786,0.494965312886324,949
3,953,0.614315531275834,0.943284073610344,0.387012342874245,0.29765634082512,0.507638108518054,0.724440561328649,0.875776863599903,0.491837141731602,0.524290185913371,0.659190744304958,951
3,954,0.957613637244886,0.967282440547171,0.969066924797757,0.697248393704532,0.426093524859649,0.796578795860356,0.715753098488292,0.97187280361164,0.853666113754724,0.985499393702418,903
3,955,0.888876828178965,0.724229147156977,0.468334826043971,0.857538208838157,0.734578378515554,0.170494288136695,0.209596256833909,0.321412053832142,0.214833650673982,0.118514983353985,938
3,956,0.365874116661151,0.158943006192137,0.0702734922734171,0.203222688914367,0.62467755710805,0.453442146070424,0.634409521178366,0.613009984249927,0.676147264285709,0.47899912785161,941
3,957,0.657443336060923,0.812119472211108,0.447187062766427,0.780053859006813,0.843044110270149,0.71373246858189,0.868538472682722,0.674975414343143,0.797845184764886,0.935373386717062,949
3,958,0.216566315147017,0.271635585093683,0.417052424071823,0.22719142117652,0.605684963197823,0.40139453791226,0.181634541302358,0.426116100241409,0.663110215007274,0.704886696020402,929
3,959,0.207626259352479,0.56178357853288,0.61540514690459,0.727071394493412,0.714610219250962,0.574219910170995,0.705841566139985,0.839258486965207,0.732212822779786,0.740903295537382,929
3,960,0.871470362435842,0.867824211917843,0.556083091418074,0.631642358942563,0.48595376037824,0.463438719772402,0.54522162870998,0.378102057054174,0.571249226575188,0.497733275905938,887
3,961,0.801606473293816,0.861602124558477,0.685913573500421,0.964428340471633,0.943759840491988,0.76585492483939,0.719502284247363,0.412164548906068,0.636100170888639,0.443605423824278,935
3,962,0.179078598789648,0.0661032916278696,0.054417728098999,0.128862059551099,0.0794661520121059,0.241466685841735,0.0649760113013789,0.296685737987786,0.300988997770326,0.455579508451819,961
3,963,0.169832605255628,0.916253159306152,0.803028026243329,0.803996580524324,0.77223170870912,0.913509370171469,0.387103923425648,0.563992244954523,0.867724894222712,0.94835847223676,933
3,964,0.860010192813972,0.427309000973874,0.563341893824249,0.685828885719561,0.906013315553278,0.368240356099943,0.25178478925009,0.205183529272419,0.224485634165195,0.313825172825494,935
3,965,0.0393582782025941,0.023181349958594,0.0671057485793367,0.0394238957434157,0.0879570956161903,0.0376158970527082,0.33068365302399,0.351021055323999,0.248030993686814,0.27574981058834,937
3,966,0.430143923315459,0.781243845544202,0.306634634945953,0.605343947328835,0.309118722486031,0.497227450580907,0.505416984457639,0.573829123756394,0.593328689656004,0.352602091920919,963
3,967,0.735899037680971,0.403953521832962,0.831896412146995,0.486432667813616,0.416275095734187,0.32523039061269,0.287130086066364,0.442536453478746,0.444857632263818,0.620438599531435,898
3,968,0.79449924347871,0.413897822357772,0.483517539083625,0.519919466394942,0.734886856025334,0.454741339392724,0.470281013770888,0.355344686903061,0.33055696986665,0.700718631133361,925
3,969,0.488565527768538,0.334576546976253,0.247622522511668,0.222311712956886,0.0394145085255225,0.154178486773764,0.0827544995676953,0.0656773449707712,0.116257859410691,0.121959606056828,948
3,970,0.797578938207463,0.469940774497062,0.861913500004539,0.66934326525506,0.955295542609227,0.993432951644013,0.894754379379404,0.9709360200818,0.978070411330664,0.855667181320989,933
3,971,0.949574959967435,0.840792954548171,0.920254189734469,0.657436686655056,0.385354586266093,0.489564828861407,0.596051162309153,0.679283407232208,0.53217990367084,0.417592313161247,924
3,972,0.115708929170783,0.258352743829808,0.334197749736899,0.282840860459667,0.386632040008227,0.578167918355254,0.207720742466668,0.359166847252809,0.580109823891195,0.638951396482068,924
3,973,0.0608986411847378,0.0899022297306362,0.193233613889679,0.1278000907434,0.087658232516721,0.295299260575857,0.06964675223735,0.115019137628232,0.184903090739975,0.026197695574215,930
3,974,0.691825636074553,0.776542705121268,0.671149761863639,0.519863716658574,0.325236481867866,0.75322816857998,0.666510072498874,0.802654371791422,0.733392536773117,0.72421407609512,944
3,975,0.235765205889821,0.296550643523625,0.0892235782455798,0.109862866846737,0.0524102528791787,0.317685801500237,0.420418034898036,0.524033753451394,0.869526502241801,0.874681255893007,939
3,976,0.886374272163175,0.564703447242539,0.175536077013469,0.795443400811386,0.743699287561154,0.480728663633719,0.442426881858551,0.369889786704316,0.510067587150406,0.445809101149648,951
3,977,0.168082631586284,0.462314814030269,0.315229814129803,0.512974501074103,0.774118947567896,0.51857852220687,0.667512648617071,0.594027273305917,0.512654089441551,0.643390945831006,945
3,978,0.454403616499206,0.412388828461371,0.378177514825329,0.167875335525153,0.43239738844535,0.35986192693048,0.553836671630449,0.470702017163291,0.731326674613382,0.796987918417376,929
3,979,0.797028734995704,0.831971080378771,0.895303392400052,0.66978391029573,0.65460604251041,0.365618658752823,0.461124431744673,0.58982816323311,0.832880775411036,0.664378067298232,942
3,980,0.509622853779558,0.870673373332989,0.771361482702322,0.400602617858427,0.179095343244884,0.362749334904444,0.310990326631467,0.620908153561642,0.459445945186712,0.208480775019383,943
3,981,0.135165464244703,0.152866081843277,0.68143343069036,0.29450535361566,0.541939145155811,0.830866769649746,0.904091284243082,0.983722837406696,0.962371820212193,0.96036846305912,948
3,982,0.309003183330017,0.866159339471668,0.443681720999424,0.470754661119554,0.86219082919268,0.494523287246698,0.46261880011735,0.395781149527042,0.25565907424973,0.532438367126922,902
3,983,0.60302018300655,0.721064038264196,0.798387103288779,0.976780561290837,0.915972512064376,0.799182444596671,0.948915167248715,0.997238487404833,0.998189795524101,0.970979082659339,964
3,984,0.796404449075606,0.43166751621655,0.555457740525119,0.472636066821324,0.767451514543241,0.647947214902026,0.50170607131838,0.505163901370191,0.418603569950638,0.48519950014261,927
3,985,0.942731524125026,0.342933021920433,0.523417471831161,0.153874531783154,0.326916964608254,0.631057027229629,0.572540972307474,0.364137615372703,0.263536890402845,0.253329482769779,953
3,986,0.41092307224623,0.319920312520316,0.13033453970538,0.294847545610728,0.156242931018206,0.201229036521701,0.238642703833423,0.0994592567972109,0.165377755514207,0.225836995182546,944
3,987,0.11782419476184,0.881330437909659,0.999729598934365,0.90048542554556,0.986861827606822,0.882511857109955,0.848809705107879,0.906860691144999,0.808395512680683,0.875091686176311,960
3,988,0.375385390280905,0.165423707511085,0.845535675667025,0.967833316467598,0.887845130806227,0.801983884172922,0.894949232826744,0.850598956754468,0.873771640857777,0.848247935118658,919
3,989,0.448330500473821,0.941587826850737,0.939884013205265,0.42548646924649,0.356937583959673,0.775165310775175,0.88556405920974,0.735230260243451,0.832970425020818,0.993260418742473,937
3,990,0.534562502641237,0.696867990372077,0.106741396097588,0.270502916569371,0.549258380335239,0.778387950597649,0.514576415644784,0.376096859506251,0.228410452099401,0.246285260647,957
3,991,0.12977333422828,0.428446447980773,0.440314582843915,0.14101910374175,0.191959111769281,0.179036069012496,0.756919441841506,0.867921897866625,0.900044443954443,0.900412861698925,939
3,992,0.0556003357591814,0.609127065754582,0.204031279873583,0.563001579489566,0.582450421431632,0.124814181846385,0.250833079419892,0.121371118198251,0.0670760428592958,0.089847864138155,956
3,993,0.772485328904806,0.491565159378042,0.289958847300449,0.315428520654185,0.579735517521924,0.767642097952951,0.58273822113558,0.563176309499868,0.569044245184574,0.317671400538862,935
3,994,0.280493341230348,0.0556020370050554,0.388212313387079,0.404478157763259,0.946537162876698,0.982506641955333,0.563580655742502,0.504280562658654,0.782499244143415,0.905348281850475,917
3,995,0.980333999167065,0.51517155185974,0.138229522540171,0.0918081703152036,0.0183742523426022,0.0120472137992114,0.0277021557418338,0.123279939382738,0.163957117515508,0.0980485851739185,929
3,996,0.18115728715322,0.072750079964158,0.211698741243128,0.410600337100196,0.57544292256792,0.223009463600061,0.474625492514174,0.458958627393525,0.406524363975496,0.20749661957308,937
3,997,0.456552728425592,0.248576722834848,0.613339395997423,0.358177219524286,0.378521155714955,0.205523376146784,0.155704377702423,0.298150121428797,0.31245296869049,0.526376868076965,941
3,998,0.914383725669183,0.270890033032005,0.498971215063439,0.683357708683087,0.766999412011961,0.713910390563798,0.527655650546202,0.548858152199174,0.735706838155346,0.954353065569278,939
3,999,0.650739638000764,0.687646167648118,0.852936019447398,0.943271721027397,0.649193349127782,0.748774787403099,0.473763903520895,0.522910300132501,0.644838947825124,0.438148859475184,932
3,1000,0.889679652135736,0.498332031889808,0.23868062074289,0.558324329957749,0.443509456941369,0.659017298253309,0.405606779771336,0.697083735566686,0.521548017949551,0.402020839267296,943
3,1001,0.396635469608755,0.311804688070103,0.326193425346759,0.198266388282708,0.155145339025138,0.227330240651056,0.0764788050085614,0.0971198206243213,0.136243044427817,0.186112506688386,950
3,1002,0.162490187139842,0.103812704815076,0.0554308845531135,0.0220884480983572,0.0291721373445743,0.00955035738149861,0.0135654544497198,0.0323026485253181,0.0497671224323761,0.0435782394512047,969
3,1003,0.540533771401373,0.316673972039821,0.197645012383315,0.0435394883519156,0.0177696650387256,0.0390847773884636,0.0634670337732418,0.024884868486949,0.0127261289759238,0.00279055179629591,944
3,1004,0.907531126679108,0.975460759440945,0.928523134026773,0.690167999146084,0.873775942179835,0.580502927958185,0.75545964433428,0.732452028727424,0.723714167216362,0.686161305834403,917
3,1005,0.220524938746148,0.309008842376117,0.770731938572216,0.246029989916806,0.437985821868907,0.836964108031706,0.728016486411549,0.964429103995041,0.951510308813868,0.933755533979119,945
3,1006,0.175780038417646,0.347677501159964,0.685141322673289,0.593956926451635,0.818097884326482,0.740791375822583,0.788514234122734,0.822648254853958,0.875269945530689,0.904593752730627,850
3,1007,0.26935403474552,0.829991055148752,0.942053468134756,0.995871190129193,0.837472118061769,0.572133964168364,0.477134851362714,0.223420081363057,0.188747655611034,0.257206996396012,935
3,1008,0.98446101100739,0.899713945506918,0.720804144293094,0.679775938813291,0.725768291293368,0.614567751984143,0.433010011929302,0.656623616314631,0.758467334462515,0.79994802225638,959
3,1009,0.474456804913594,0.666523104167484,0.876447253900815,0.52468386160772,0.938693189577951,0.682159320879062,0.378476678097901,0.60607414459437,0.419805673338317,0.494379980755824,935
3,1010,0.967329158683241,0.410213736183921,0.776769899521916,0.783244481912038,0.646037299241216,0.769916066679988,0.607078087410781,0.412350924979099,0.317098362725522,0.314243132645863,908
3,1011,0.376520554540632,0.789440301260283,0.630702986662365,0.772630264582628,0.438595269198273,0.331131355002051,0.193059947113261,0.179538289727943,0.0667487123373421,0.0682787522257975,967
3,1012,0.168279188999849,0.120947281137496,0.50767527115438,0.562570287948146,0.496405603765871,0.608192372420654,0.52923280101065,0.430957488304375,0.334084588238599,0.493892074337361,942
3,1013,0.853822400483308,0.340382130173947,0.2112676476455,0.442618613486149,0.626849797648066,0.165892609458161,0.225719925382998,0.651372459293334,0.366675132253589,0.328537365297898,920
3,1014,0.739594687399981,0.369080255626223,0.579147502935499,0.781563961371455,0.811850232450586,0.704882064274969,0.869038710964822,0.62257431821819,0.842768070849296,0.878851126244137,945
3,1015,0.663477310922726,0.814502492240198,0.703576521339345,0.176394002529839,0.0965994485364471,0.296936183369379,0.208428380231006,0.232008988847807,0.219245391024625,0.46768817746268,951
3,1016,0.667829886413722,0.928346458014102,0.345286649454152,0.494949037797296,0.598651421660385,0.530591532233582,0.203256356757338,0.296240660514072,0.379816458057693,0.434979986526066,919
3,1017,0.41022386267086,0.71818303791554,0.0373288290172755,0.0121231317121412,0.0922074355608152,0.0905131686222656,0.094107528803151,0.248685799907518,0.469578816418371,0.414751570440553,936
3,1018,0.4147325186284,0.76550621483701,0.844236848681146,0.9867276688927,0.905667132118781,0.956096652292655,0.843609643978302,0.849040798517805,0.697878320250041,0.449957201214297,948
3,1019,0.558931869637713,0.441548194445704,0.526624781930533,0.493515751772921,0.776912096034791,0.537758088618908,0.34521001054163,0.592289825793824,0.685454605758801,0.910723409738708,947
3,1020,0.90620392470516,0.564583905575004,0.38526991004931,0.188582596914285,0.38417341385861,0.624666013851494,0.611376732853774,0.632586194283336,0.467035730939709,0.256507233262869,975
3,1021,0.234819810066426,0.415813547440947,0.744985800095654,0.662239006823325,0.65517437589796,0.497851551931961,0.399497773630867,0.423740378835279,0.411219237624782,0.193811113615994,964
3,1022,0.98969465510836,0.974601186779078,0.774138789422874,0.626143776655124,0.375929325481809,0.626974410777266,0.486014413432637,0.559859362742768,0.686559994203048,0.685876457698917,958
3,1023,0.0680791397296565,0.157159390067296,0.281327996397939,0.143356798301108,0.133511827995758,0.152643482677784,0.140122327085859,0.241632189235519,0.229720709196342,0.263686975026692,965
3,1024,0.827932322024363,0.852277379120068,0.862683914365664,0.92067996252301,0.864623540451389,0.795505795948676,0.768585141166307,0.661473518723468,0.463822899761466,0.366961008780136,972
3,1025,0.185250554222786,0.842550187635949,0.98022642426894,0.857305547303389,0.784165113440199,0.463278118158684,0.553833433886819,0.266296365561206,0.257704707045116,0.56232324944673,917
3,1026,0.253258244447143,0.283269295627417,0.233761772869557,0.70014794947371,0.846680003116733,0.379184682376986,0.110991821324347,0.133613663364188,0.250926467472557,0.155616072456066,951
3,1027,0.65677082531995,0.539421012355176,0.864571881295439,0.73738349359703,0.78979796091987,0.767786406493442,0.792512932522667,0.691344265282523,0.520366959155704,0.714293058826856,963
3,1028,0.859676758360991,0.295096481001872,0.705346651959418,0.358160702576804,0.506506211718105,0.389537255057394,0.494751208995658,0.498771137120116,0.44414988660312,0.689441214876108,901
3,1029,0.322421864184276,0.137391782251043,0.403073399748115,0.411243130402065,0.26218766314559,0.122810536633848,0.152090800181883,0.131092089633017,0.43975314684164,0.409226876691301,936
3,1030,0.28491959245552,0.572144106096984,0.483726831053657,0.340103095746472,0.256848291349204,0.527341447264406,0.685708604773315,0.783241841909206,0.694168385424879,0.369433026923166,935
3,1031,0.0623546704332376,0.0992898267245715,0.245837720761259,0.406076070761965,0.440290161482091,0.907184497450704,0.715798127145469,0.629588309300412,0.617477733738813,0.471286110387721,945
3,1032,0.956969143252422,0.383610684815183,0.197735815453697,0.312313009207702,0.568153392794406,0.418198027140607,0.470553613276788,0.60471625329485,0.842068504210382,0.947557412792891,968
3,1033,0.767464124010662,0.977528645869481,0.85560093868555,0.747539543422562,0.769207491743605,0.490762052658702,0.616475126537545,0.458838119905566,0.432032528873134,0.549766939733824,954
3,1034,0.280978602863144,0.521717476930421,0.194073272725662,0.222927298062017,0.286067967054351,0.573457662668797,0.592608697683362,0.504216871670046,0.41320378568309,0.238603174448096,941
3,1035,0.968441140768797,0.568918012755529,0.089194040884645,0.0107996377676503,0.0864492392639073,0.111447603584028,0.0692031658818497,0.00988354097544836,0.0142320612864058,0.0180791010514172,944
3,1036,0.762828947202865,0.19869653876715,0.0443617592464627,0.229597044155644,0.121393019757314,0.119335887229055,0.362271819799938,0.763535847169629,0.757679084332665,0.742533747994238,927
3,1037,0.0355264207634734,0.134972155594555,0.0668570924288475,0.0867355685525971,0.0833736040636073,0.241425044331697,0.112797051309248,0.278040409836654,0.204162540134171,0.111057751620523,965
3,1038,0.528890399877665,0.65086188733482,0.960245521943668,0.92398315030875,0.958367957557558,0.96050018629799,0.989397549992961,0.884262927849628,0.727905446328892,0.904184685958413,922
3,1039,0.398920274174686,0.68111008672791,0.805881411285106,0.335069887100311,0.510004312697111,0.686335359556329,0.924053684695697,0.657806974652566,0.607240225294253,0.482677126605684,943
3,1040,0.0406867136541888,0.137434275382977,0.045126301311722,0.00186166121600117,0.0148963436769065,0.00154638634253253,0.0568692181792742,0.0100372804682711,0.00944460689290862,0.0219724550612774,962
3,1041,0.579564320527725,0.996547564753512,0.916737486405197,0.931247049167377,0.785272141869327,0.963028259635944,0.765199911595104,0.89477035177597,0.934418946207663,0.873456699550322,913
3,1042,0.547453010163945,0.382644504247646,0.783440188633898,0.695333696266726,0.45098389238174,0.736817248974932,0.949721310452439,0.639608168101056,0.503480858601791,0.538014565772669,941
3,1043,0.691897594238282,0.554914995316786,0.207617578455003,0.87717441403433,0.844795721181394,0.606959594963923,0.722241388190355,0.5998324901421,0.824578720079528,0.915110435482927,930
3,1044,0.513023320132148,0.438771561734829,0.916878505608583,0.853080437773126,0.547008455593602,0.491925827415586,0.777801912589086,0.956395718219036,0.92153143824623,0.877257224265089,946
3,1045,0.94795827541397,0.679317659201223,0.84091793470002,0.91507696550489,0.917481638888497,0.778904661759424,0.698653393188396,0.769088586412414,0.800650635394101,0.98710392310503,915
3,1046,0.831211106621611,0.939530002500414,0.984359846864962,0.750508488155822,0.244027425728625,0.93075245455944,0.935963687555794,0.997507465298783,0.902157106631482,0.806697805252389,935
3,1047,0.1835356466655,0.456348886824055,0.401559156560895,0.660957441453966,0.235759341591295,0.312418192056937,0.220319300517537,0.0366402925035228,0.00516576068187871,0.00972155999564715,896
3,1048,0.810441024597285,0.339860171646957,0.315909423698119,0.73312901930608,0.573665990748913,0.423648076680873,0.272712693134463,0.579878689814752,0.554422770636938,0.677022918414051,945
3,1049,0.606073864149493,0.797434242224102,0.955909896528672,0.828946773446664,0.771006137142615,0.308441797333269,0.381941162772885,0.122508781074923,0.108993257442697,0.176053459498118,918
3,1050,0.942949716531504,0.609498344706387,0.169513446944469,0.193617328553119,0.108838616207354,0.152831927375163,0.0200185709297522,0.0172616789728437,0.0190183036946647,0.0213887861069585,945
3,1051,0.0277254403637515,0.0217026810248431,0.0451127728718317,0.174624000530182,0.273799498794909,0.26207324826123,0.100599635513889,0.0934597681880428,0.29609101753364,0.28829503503139,936
3,1052,0.696970403859645,0.332736438803511,0.488222584256998,0.572879582369279,0.909390998712237,0.972658885316465,0.856148636398698,0.460200104106317,0.327346813186625,0.374633382871335,965
3,1053,0.856660594005969,0.189515364124331,0.0969072804197791,0.0252421011807544,0.0342206604061546,0.0416041327321339,0.0207837620195472,0.00732895314460715,0.00819278331856192,0.0199740294389482,941
3,1054,0.0755315219385821,0.163688381613041,0.165891342183432,0.591156523348828,0.819597951539196,0.842465379601104,0.638008049116611,0.599960888243007,0.68619172162164,0.723994334239668,938
3,1055,0.456453079750614,0.887860998177979,0.488686281146793,0.792971197432502,0.848167220619621,0.829209745368835,0.73880347350549,0.631386787742574,0.540136926460956,0.445289679715572,914
3,1056,0.258113921009021,0.938498092436281,0.880509675575127,0.936374143752922,0.837016014363906,0.481377184884676,0.476787105162481,0.521878999827287,0.448159992066788,0.401596030434951,944
3,1057,0.0383713408785724,0.0345569116856742,0.0465434001126888,0.022052440170178,0.352175853815437,0.152922442804766,0.231080388331931,0.107178394988875,0.13172026589029,0.0668898630770651,949
3,1058,0.948069991460801,0.681982420335619,0.701329528623416,0.715329907023418,0.639940990380581,0.741280578573816,0.720304365443167,0.648088647486797,0.587742967233636,0.767822483890864,963
3,1059,0.802276363042759,0.973718146048127,0.683828561477939,0.640714343901934,0.649919436279343,0.684662265899522,0.898115257063209,0.553955515488835,0.569093359835057,0.610965848513702,940
3,1060,0.610185480851924,0.7605000710474,0.947399908458322,0.944321544738581,0.903718017209563,0.804909973946589,0.91847516074176,0.935746301016326,0.913195215932107,0.825668843451725,969
3,1061,0.949866261116486,0.850425755856888,0.407954512945487,0.119483949798509,0.16905937278028,0.140635856689688,0.188207630719393,0.0689819129008449,0.136768370796307,0.166188249613819,907
3,1062,0.26168014108946,0.135746052654899,0.301260247950102,0.105914042015379,0.0114061993611799,0.00536272864952009,0.0081570712221631,0.00648794285276939,0.00520246944399255,0.00857208348251738,942
3,1063,0.808192348842384,0.652984523254841,0.659527280264189,0.743396399563993,0.793641201146171,0.827184987099297,0.764395726541663,0.929431889737832,0.876077353678436,0.851590688854393,939
3,1064,0.323214176040842,0.614699227298937,0.565690401278386,0.680886649247216,0.734991090624328,0.551847026726583,0.4439337497104,0.447155363665265,0.404036840976558,0.669503782136059,919
3,1065,0.797303102556581,0.618675086154163,0.526549359161093,0.804455075149449,0.43461221333418,0.31217872250885,0.351054227435187,0.40621314558875,0.815886533946681,0.978109781182607,960
3,1066,0.0762954707407695,0.76824831113564,0.371493478552613,0.260952401805333,0.364994592146461,0.501888243160687,0.589815745213967,0.638798440272999,0.512622450714962,0.670689378737238,970
3,1067,0.994079400154439,0.806312842147046,0.248963626336284,0.470006876703658,0.191815600541881,0.226334603243699,0.0221134711293595,0.140343834486758,0.114259850735292,0.413628782660457,951
3,1068,0.300360648820004,0.906613845035204,0.454622084643629,0.983322733572894,0.989063874087875,0.993212341057519,0.972769711691243,0.972800489468242,0.97131603730289,0.767275098756782,912
3,1069,0.972170871206601,0.588848422446276,0.258008810205332,0.278359522628923,0.119998147064408,0.038768924387203,0.0831388666182527,0.0774461335511058,0.076737008944535,0.169350549113966,931
3,1070,0.72669015054548,0.976680518894122,0.874413235711662,0.981071531918708,0.768872578309705,0.576840430461535,0.508588520694158,0.605929547268981,0.798699045955859,0.531062926811336,954
3,1071,0.0113009858413705,0.721623589889142,0.846046001925557,0.938568393487818,0.987294405009497,0.991161256461417,0.648323998682473,0.606277975931535,0.363579109109218,0.279220125505784,952
3,1072,0.517528519392939,0.427962111759323,0.461828639070139,0.890021516203426,0.527633921198655,0.362284667614366,0.437457077430232,0.137867549005332,0.290298342071655,0.336871734914787,952
3,1073,0.322414145176307,0.541763185642344,0.527063489753143,0.719594806530015,0.524784647685267,0.816159712834792,0.483960847905344,0.479377805403718,0.667086633980913,0.605755346131756,951
3,1074,0.884539970958973,0.92696616176027,0.972921881559691,0.993439502406414,0.808127121222982,0.717830130705706,0.964565766862419,0.964524901406677,0.98703890163317,0.819994402566123,883
3,1075,0.833254453182623,0.596127118993537,0.694002578942601,0.91321824707676,0.723371585080629,0.52457314774024,0.808855491705015,0.630101705119727,0.481299086525909,0.391308535851923,899
3,1076,0.0587588069898689,0.28180679112847,0.57577657417111,0.367511814494821,0.720880865811253,0.707469171646116,0.932026099546975,0.775593351040435,0.471859022622789,0.362799859512547,965
3,1077,0.970999976741617,0.839920922359008,0.45880701536806,0.332831370068629,0.557152370984784,0.253255673133999,0.148358127655225,0.261686736471831,0.254461677769914,0.521592648636305,952
3,1078,0.921629549148957,0.536250207363756,0.94647036488549,0.958907175527232,0.768157185530028,0.882596482994877,0.921353864018576,0.426586897586346,0.357830714413725,0.375038726810682,957
3,1079,0.863052322824966,0.586983873474686,0.787838358404086,0.859838467359967,0.544984119327741,0.638717983298743,0.878714916901749,0.92421195269258,0.888898669823195,0.835705878757983,963
3,1080,0.263801765444532,0.626383858527787,0.748869163649006,0.852357697622726,0.777860905707918,0.944647253741442,0.703622311259024,0.951178136954911,0.983114942008706,0.937797598688374,951
3,1081,0.852899383186537,0.6008965881122,0.870202263956117,0.589066734579211,0.797459993454363,0.620937557235265,0.771032050769701,0.994172190020613,0.9853443199908,0.960595780412505,974
3,1082,0.349246851582223,0.0487236849945765,0.0404799701249566,0.393851386993261,0.329398597940911,0.100012972405403,0.242131017466184,0.324854308829499,0.260108022182996,0.322611963416098,942
3,1083,0.75340874806946,0.88237649776474,0.881640210050691,0.90944535062446,0.95752499953663,0.513843876609362,0.199342309039172,0.0320730663204986,0.00890701394993888,0.00379449535989398,930
3,1084,0.296425784762193,0.0943070963681338,0.280748882264675,0.0346774597584768,0.0261252425481759,0.0471011690207876,0.0397580461261967,0.110984899966653,0.0247021116832191,0.0204981399293933,953
3,1085,0.217230552760846,0.461935768354172,0.629378663234114,0.655448883631986,0.720152271440108,0.933359288191821,0.985622033811772,0.936531369930354,0.972111374201062,0.724018423827191,943
3,1086,0.165030761395029,0.232235575030625,0.260503447516575,0.239549138275095,0.0258570246081032,0.0833468466999646,0.0239057249370513,0.0886130375496339,0.0674999456729482,0.248585063475269,931
3,1087,0.702212445254696,0.103017722847676,0.260768101498088,0.196614583893213,0.176634440629228,0.0437713763169174,0.0413795933839553,0.131808952586417,0.0441076205787954,0.113101937388078,961
3,1088,0.182114655724255,0.0105992839328323,0.0103461029074302,0.0522535326228245,0.0353958979151604,0.128627558578981,0.169116813428418,0.147974380313823,0.191200758671482,0.205888345873722,954
3,1089,0.192151267413033,0.146721844825142,0.0588786301295453,0.421491713864961,0.153114438469183,0.192328517580631,0.333021661734073,0.467390236557005,0.203649221481339,0.343619906426619,956
3,1090,0.531859626330389,0.182587600185057,0.411458530626457,0.142386054383335,0.345028028470977,0.338661412525936,0.166969572016796,0.435914930052345,0.13674121021628,0.31417392032177,917
3,1091,0.169363085608138,0.483091384339455,0.242355818581898,0.939139310033238,0.650394825628028,0.391836117504845,0.109535161668367,0.205116716825093,0.30180822706537,0.294568956643261,932
3,1092,0.168700257496807,0.179964242726851,0.21564058505487,0.261220301313807,0.555963117303625,0.886417854474939,0.950019565240382,0.839932941863367,0.811462798210124,0.772110131133806,972
3,1093,0.447440097300933,0.415712861263963,0.806704400797548,0.970357315444418,0.983953621106794,0.913761205508915,0.632527650541291,0.453505755115216,0.344807863073359,0.331117485391144,900
3,1094,0.379114156824823,0.730895259912964,0.706012551038258,0.469866807720082,0.249825553739481,0.437672595987811,0.759689545304379,0.734735581929849,0.717281240698098,0.929900354565048,953
3,1095,0.627134177862699,0.835366665346027,0.375882999837482,0.122353604865019,0.0770144873795146,0.484951496693491,0.570220437163829,0.440149115126519,0.204448038769305,0.112388727886069,947
3,1096,0.854160964463449,0.954678473569897,0.740672348312005,0.82241210694301,0.352928689617567,0.292095014603155,0.28345300082653,0.374482483226612,0.484175195904635,0.42259617344524,951
3,1097,0.597467265941952,0.601191842597692,0.648021210882732,0.722655931532261,0.899002909418728,0.813559699567206,0.786034283075138,0.749656099288005,0.404681072378079,0.377767347955009,923
3,1098,0.223821190104338,0.602847856006676,0.467671580227807,0.284921124900428,0.0635203435699168,0.0480392454356234,0.195249885854748,0.190542101461023,0.0744046835451144,0.130296141507462,924
3,1099,0.300634221645573,0.878289341460914,0.968940140642036,0.936468541240119,0.812061576512672,0.797793604548649,0.922071175637707,0.894068902438527,0.844063174888409,0.73331674665393,948
3,1100,0.229991468199447,0.254925628036628,0.483963682488888,0.615550996159831,0.4008977168876,0.343873452883737,0.299716293185034,0.34107820160209,0.244791444017256,0.181242260223976,957
3,1101,0.388173659439352,0.569276271940225,0.33627651142917,0.419746472038041,0.418999390315335,0.193760140330431,0.0389518295357947,0.110097564424566,0.0376876198843816,0.0306725646849491,926
3,1102,0.429353324963984,0.925025142072735,0.395446818051467,0.286422202316429,0.196975496938845,0.185445402814755,0.4489105173998,0.504514723870937,0.248493250483326,0.189771051419142,955
3,1103,0.176452410270768,0.0563966669431513,0.0070957711303757,0.0393394727782985,0.0981555091899918,0.0506332689115581,0.00834651513200973,0.000787579592855474,0.00387444998490112,0.00208749013368881,903
3,1104,0.252332277411255,0.625274071486693,0.607460958724032,0.779895350290977,0.959624762785384,0.962938132868121,0.941996644414039,0.963060055277399,0.990862377834114,0.963756305302313,940
3,1105,0.319352853427152,0.710575842769993,0.938752147491185,0.988195413151449,0.894901489592258,0.903664994307212,0.911509117600854,0.960814300491552,0.930685120271201,0.782702566024244,896
3,1106,0.556894130902261,0.433673069070292,0.403601242229139,0.155754221940878,0.0268458351077875,0.038950642518422,0.0834181157318046,0.0995600586611767,0.264131553720094,0.249225040141449,949
3,1107,0.521952203578195,0.433046032441761,0.464934286266776,0.347997913621527,0.142862292385073,0.13677801886289,0.208078685785531,0.45673104452931,0.29323036206915,0.377817143777251,955
3,1108,0.688105295262721,0.844175285273508,0.470104876265834,0.223543136096565,0.247859276436145,0.0795117623545363,0.0375652573116682,0.0898444110651398,0.0805097528957745,0.146673017466675,951
3,1109,0.41358684409826,0.131899290640037,0.618168474228105,0.643771342790264,0.221267666428565,0.457718732355915,0.420042025832711,0.183057904274383,0.164963206303277,0.166689954971809,951
3,1110,0.841296758406204,0.836626137791161,0.762996766276057,0.596604295246046,0.547749313709455,0.369195923203331,0.71853912219003,0.719897190499072,0.591968872383899,0.622852807171345,911
3,1111,0.514727968381212,0.238297282715533,0.503099022872703,0.276057832717741,0.216863241764506,0.321626584764599,0.456330820409736,0.699937597585464,0.931931753924925,0.906866596322248,954
3,1112,0.624246573308323,0.698722342801608,0.517203604538629,0.627254473362153,0.495648244656546,0.802640819950171,0.742409806242222,0.743499572222441,0.877415501685732,0.949418204489489,950
3,1113,0.127765777131858,0.336542744611362,0.308296316278945,0.379968470816911,0.410687531074577,0.54428859902348,0.62922584272524,0.653270739074758,0.731533278523378,0.565539241002754,929
3,1114,0.847584137425716,0.708707582581742,0.755850084781571,0.742939134172533,0.432216046289969,0.439156303918932,0.559465291569002,0.175034306283608,0.106841561922663,0.328822912792755,923
3,1115,0.869620281654077,0.62078412037092,0.297320341710621,0.472358881662182,0.744365600405525,0.923406557265767,0.956754890107001,0.948544599096491,0.955970203882503,0.966563581585256,963
3,1116,0.989602131985811,0.923364725693981,0.597136194452488,0.610725961529229,0.142265423104602,0.551019837050047,0.736056592681188,0.81437176335487,0.865974173649527,0.816757301790614,910
3,1117,0.0883481840354097,0.0961412793518936,0.186635710405001,0.485531355702138,0.267393710216337,0.435759080640669,0.557229663722192,0.530246829300747,0.535167981260577,0.614589053597743,895
3,1118,0.481383247624153,0.00402444631558029,0.082884633209437,0.596080847919821,0.696741922016134,0.491444989806969,0.936093878653519,0.867982501639929,0.777357835825149,0.984974254673135,943
3,1119,0.524428073334105,0.984941111204058,0.96126104360532,0.893339937371075,0.746578495053415,0.755741469883631,0.758698629928617,0.764589333445011,0.607203023145993,0.586795799892333,874
3,1120,0.953728478996863,0.998688058740464,0.742898623156196,0.324862945070494,0.304631710773379,0.214392647242121,0.0817892459341573,0.1376472244853,0.308808062955322,0.56699957712737,937
3,1121,0.668635389167462,0.562666838669806,0.79463021652053,0.80700598217187,0.645890344869087,0.204736623509093,0.0757603304196629,0.231530737201899,0.426654929838554,0.727264867867386,963
3,1122,0.987982622156513,0.106299262619625,0.124096076422775,0.116802206528045,0.132362659535245,0.100965466247818,0.111216040173754,0.127630964819662,0.324074090777246,0.240837217390708,923
3,1123,0.476955737688402,0.938882878870039,0.906891419699956,0.963272418545089,0.982347475310247,0.865307661233249,0.924655514048924,0.606499413743628,0.540185879987293,0.527021643439699,941
3,1124,0.403198187563506,0.350948969785123,0.15130216769391,0.24021927536279,0.62948796767799,0.830818721038148,0.630248000296073,0.678274829450765,0.646454028824961,0.512607390742338,943
3,1125,0.0302237133472669,0.620505258010074,0.567736907369639,0.176750285501793,0.173787626489676,0.184155107966989,0.13150904753976,0.348531322145715,0.252454513911331,0.108251401052894,951
3,1126,0.695224088031695,0.513964812432529,0.515479304966116,0.688949042636271,0.772834022996785,0.490768577899901,0.343119428316507,0.158286749825806,0.279780448577979,0.371370128444478,951
3,1127,0.679553389691856,0.534477750239387,0.512150963285047,0.273105760061595,0.309082576494036,0.524206835369363,0.658710524451855,0.531568968498921,0.578278949435643,0.763214963430047,928
3,1128,0.00837450109113182,0.461379017186385,0.566924517946715,0.537138459527527,0.234813529472159,0.464986685406202,0.15308138753805,0.173372973954479,0.16649541000573,0.331382078030477,955
3,1129,0.183911174197088,0.938409203518872,0.840568782772962,0.597109813721253,0.647959243518726,0.514502337925461,0.863236426686319,0.735678453672503,0.722112294429934,0.686599780526658,927
3,1130,0.40821808629704,0.434489861363742,0.189735236476945,0.517602815304067,0.481275077682017,0.660870122594546,0.357118777405919,0.178200074115314,0.138216096547934,0.219336464279185,958
3,1131,0.268888488866625,0.593193232660434,0.932177772801822,0.500608099916997,0.757008117754298,0.677810167816356,0.871633464609238,0.853717245779686,0.808519032251635,0.780406988286386,932
3,1132,0.505411099342383,0.132556744756133,0.0277558712557379,0.0464815504367396,0.0677780484537534,0.243750573462243,0.700665293354662,0.804245078741414,0.564300439803856,0.267137045321466,919
3,1133,0.607623381636664,0.841110395053509,0.783054834357375,0.720322379015969,0.432138295257313,0.587034374617378,0.677548993950578,0.792311643255646,0.532508863849718,0.626558020799108,953
3,1134,0.965052060592095,0.8323353231253,0.408258663385919,0.240942094022446,0.256666272629561,0.425310933895638,0.145154145711806,0.114528925121911,0.238118176396124,0.639746164488162,919
3,1135,0.829986294906903,0.889333422940654,0.971039637207695,0.844558263189881,0.853844063879894,0.624281846497515,0.940991294337745,0.94673752856469,0.885869442652098,0.854587587174417,929
3,1136,0.825108002941643,0.682098365726629,0.835103372554789,0.880057594253303,0.788587168959097,0.863800273020731,0.734246174140435,0.799022169665273,0.889693755486761,0.806227411548715,936
3,1137,0.867688832005411,0.938090063224191,0.898042208585118,0.802871994945669,0.618135953620464,0.363876868052814,0.291832735697192,0.163486763600145,0.128734680834734,0.372222775227694,929
3,1138,0.708320048809067,0.830846576099054,0.850958468400955,0.770909927113372,0.882316321000981,0.844730518876661,0.716808145339233,0.420698707338294,0.364158238903005,0.298159891849141,945
3,1139,0.25616825856289,0.389060356233903,0.32344745448888,0.193115243816299,0.476492869926331,0.306201678459126,0.277726375532627,0.392782793518229,0.764576138859971,0.837425159572151,934
3,1140,0.0714406952302997,0.491450535757203,0.16879233498436,0.425329505918741,0.871050704185377,0.96610787154868,0.959670662503077,0.974267977324777,0.785460246833486,0.782899993829399,888
3,1141,0.368309673957093,0.828067486735815,0.917695852060535,0.871062975979575,0.903962005033296,0.902403521270991,0.903896689482397,0.950913399841239,0.936822086229844,0.943866139598845,926
3,1142,0.994035219632258,0.898254750464988,0.900046903767337,0.84257426225246,0.99743353339845,0.924945349104082,0.76217571124279,0.883802693514725,0.960153523398969,0.921340047228488,940
3,1143,0.870080536418078,0.446267623646384,0.203251662220948,0.605418627363411,0.74216146968285,0.782547598298593,0.900946387797068,0.960073691983061,0.921768637310623,0.948703061397229,952
3,1144,0.31694659778123,0.934257266376978,0.511405532253894,0.399034810438308,0.578764373468869,0.485130761590847,0.457749358343817,0.24474822868892,0.253963082772344,0.25420593116509,940
3,1145,0.145871862697886,0.0388674812531053,0.222918201715685,0.0784496471851181,0.053190936662985,0.147169446035302,0.255545094673878,0.192917695651769,0.314742894807678,0.315261942291935,919
3,1146,0.905118609803283,0.777778939525037,0.505789803319151,0.609150115892693,0.887887273757438,0.862726997181606,0.595763514913592,0.288323242949548,0.27545282592665,0.356792239612222,943
3,1147,0.0482802024316011,0.319602203582548,0.733966689262451,0.337573531610464,0.312693913439759,0.505423169343642,0.701078250268723,0.804923959015451,0.83997190782452,0.75620997639958,914
3,1148,0.717832273971642,0.98234329245231,0.934783144748927,0.815125286836953,0.979665298644065,0.993571292065657,0.944296423738813,0.934948299737509,0.777369262828891,0.661695639389006,880
3,1149,0.902758086036523,0.593802074669117,0.364744608464125,0.748508288617983,0.792490730650204,0.98770749562772,0.981959886701453,0.96219223396057,0.914343793692676,0.928963321255788,948
3,1150,0.00337165373454276,0.0011370361582036,0.00412547425641289,0.000404670470400159,0.00112708861466435,8.62461001356757e-05,0.000351051465338092,0.00945915072500861,0.00494873513005015,0.00477575114540279,949
3,1151,0.0891365167970291,0.0458972082153912,0.0476008297747109,0.335173934518052,0.550951912563445,0.510818783005653,0.650801904830546,0.772518925597702,0.321655447266047,0.236343498158857,923
3,1152,0.91542389564219,0.565627885368633,0.297892249813124,0.435688076662966,0.349459992862851,0.51737312430216,0.490544385725553,0.312794438000594,0.492037714972881,0.563532199359789,904
3,1153,0.35423454066563,0.502641163252115,0.518045485737292,0.440523464411855,0.836148715411803,0.749092254405617,0.973243525419801,0.987398689697639,0.885805739762337,0.648447184654984,936
3,1154,0.348887783160439,0.306934493583889,0.819432802887934,0.539644871279659,0.804682998395474,0.487870311636527,0.693374008680256,0.824639985244073,0.607967407250603,0.587600133501616,946
3,1155,0.487873242622003,0.148386211675359,0.0736781635385468,0.426783962417806,0.278885786128403,0.753069568971664,0.675963768486676,0.395360702152748,0.266563235145236,0.431924397961611,951
3,1156,0.165636985569011,0.191977891100266,0.371359426191559,0.296759722977977,0.571943838684677,0.850887903410057,0.952878523270508,0.968035750213729,0.889578829475541,0.833788638965546,908
3,1157,0.722889836744249,0.99013833843342,0.585870238500997,0.50930738547438,0.410492900242979,0.628640942997426,0.742383498618219,0.583368032226663,0.492503348743736,0.713737913731188,950
3,1158,0.127554304178573,0.166299098631649,0.473137943387994,0.315601155586313,0.21733125698839,0.0723695313008101,0.105688883911339,0.18016382161834,0.270753668316542,0.402995016536984,930
3,1159,0.318129999695504,0.952177203261115,0.876486125521349,0.334849822087591,0.239557880916956,0.186949944674034,0.121220424866208,0.39918156170058,0.19626060010869,0.0497566377821266,933
3,1160,0.145903340138632,0.232676675252322,0.838138793040244,0.782987624014112,0.992244185089711,0.706030258933284,0.842099626968105,0.78324854530712,0.606867388459651,0.656323369572969,974
3,1161,0.0339963971044215,0.407706674565973,0.202099323271301,0.152985930588322,0.0528155238426987,0.0303757321805942,0.0540140236809483,0.18860942112265,0.168020087419744,0.0395857632900094,958
3,1162,0.263083452709709,0.209879927546884,0.469180962580184,0.904056153371252,0.891880723864419,0.992112508197881,0.691237080008785,0.740836659601504,0.797193957618371,0.820491885981976,952
3,1163,0.171260701240461,0.587657556038619,0.430399722244439,0.68394597667103,0.659859042693608,0.696969522629242,0.921797128883899,0.561335461350645,0.407720009806584,0.538217463017135,903
3,1164,0.328243561140109,0.327210167953751,0.582704076616169,0.95101881197935,0.930416422027742,0.992112824085487,0.62308092260177,0.877404536149496,0.904372158676907,0.772793716796493,940
3,1165,0.673543790690619,0.854956855461614,0.85110274484752,0.988220207687497,0.91242924420776,0.791617625245279,0.38308873917664,0.605275212545474,0.351692975870651,0.51128861127841,924
3,1166,0.86927611178072,0.625584824241823,0.0937764487002217,0.663740839109536,0.701603752521172,0.695287907259696,0.567245220635977,0.814448239344947,0.457129212869943,0.567669237561484,931
3,1167,0.854420496057707,0.762644204840031,0.909004463258753,0.707297891832713,0.632341869303975,0.749576146468538,0.571477009443826,0.644307203835546,0.69785903444271,0.584582132473234,904
3,1168,0.34610696539379,0.199054442262128,0.264545654132477,0.100237875711208,0.11962591224491,0.374704771076567,0.356279612038791,0.255082548218481,0.368846689413494,0.484833740213789,928
3,1169,0.51158884512721,0.424521327280829,0.649390805951103,0.728925449260943,0.71571311488295,0.620469647422442,0.663877562364589,0.799324249860081,0.80079030816005,0.787017783210289,963
3,1170,0.680769428981474,0.835214815938847,0.600072421449396,0.526580626249187,0.255733974597068,0.183294700818394,0.278170489679426,0.708044270446707,0.566347594202616,0.669645370541485,938
3,1171,0.938918988623238,0.893997917117379,0.998021595327636,0.832034467937321,0.924077301652072,0.984472566965848,0.933535408516022,0.825677546337633,0.782276970640085,0.917780216439355,944
3,1172,0.323476077083721,0.587910763495877,0.974877673183477,0.746881906091639,0.493825599716266,0.295129034847957,0.14306901307364,0.128425002370522,0.219160430615911,0.281999859546306,952
3,1173,0.19428151086603,0.168419187939039,0.443822706145705,0.426093798616463,0.2976203520247,0.268309879929537,0.174448495584113,0.196304175138291,0.144853543744626,0.193797057957412,944
3,1174,0.12966105807816,0.241808523109322,0.0994486267376853,0.0222292427533129,0.0424181798533331,0.0951649933634008,0.195425499333539,0.24562938497307,0.654022417436917,0.688814480469234,946
3,1175,0.90705221334796,0.571530601012732,0.894632975833064,0.635717826846362,0.69949039787988,0.769529602452186,0.650539302516067,0.894667417857564,0.672316299620235,0.863176703229388,946
3,1176,0.615533236910236,0.551224360651633,0.759820921530885,0.697794854966795,0.969401286750377,0.981369920231132,0.960834888981039,0.921958951448819,0.836500450359229,0.942988039703884,938
3,1177,0.670636299268728,0.773975272035877,0.338987696948033,0.341483267590298,0.713539201428101,0.388187280235173,0.40715867038934,0.415388906466542,0.233673834561089,0.140597777735661,946
3,1178,0.782479018284138,0.623414010562387,0.57745340561957,0.628617331915752,0.996771330512188,0.956828293318781,0.968794136347701,0.931873369307164,0.69193751689427,0.45752650092939,961
3,1179,0.827606228391052,0.60391362951768,0.216347310656606,0.0190511150402487,0.0448849191100901,0.0616432048727243,0.0538282205078247,0.0554917342415761,0.125287542032542,0.123397755336855,943
3,1180,0.380574092363326,0.0695118036105609,0.122600759014285,0.68800305606329,0.754899180891263,0.388496808603435,0.609276705708107,0.823627968620264,0.655292095092248,0.593501151470094,939
3,1181,0.637411117213162,0.166216531754227,0.213355952309028,0.236460025440002,0.383806681362684,0.417046237599457,0.280992706022742,0.390310889469567,0.85463045696763,0.915484227554335,942
3,1182,0.125535331487844,0.156574445717929,0.105010229008215,0.0465473201874245,0.116337054139279,0.262902274457579,0.48428478251974,0.617454714263712,0.455250700419141,0.694156166998432,942
3,1183,0.00736469516409883,0.218722922220927,0.506245039602442,0.544382083796398,0.499635633973424,0.360207111938139,0.465478191640754,0.412135778781369,0.593664041624244,0.475018582004831,965
3,1184,0.813188828743462,0.338897993196171,0.422582082526521,0.725410099345599,0.506309325742001,0.286505975634047,0.231447715650895,0.178852722729943,0.476656831802341,0.658366670052323,958
3,1185,0.90079440640209,0.988013291395442,0.986550861896605,0.869022442821909,0.851099750387001,0.854212240631602,0.879904387862871,0.826169224809582,0.869268496986672,0.675343456864197,931
3,1186,0.68149677130656,0.65661123639407,0.66604916221657,0.882439163570192,0.949913600464783,0.709045480619418,0.661529811803948,0.540109030264783,0.431124845199139,0.392078611928766,954
3,1187,0.915736927151676,0.871171536658014,0.920448833007468,0.957372458505109,0.886053055979717,0.784780480153589,0.795871428221223,0.591164702440225,0.454096704838327,0.374882459216558,964
3,1188,0.50644622345906,0.687212941816174,0.913180488356091,0.628079266097402,0.614064087628675,0.523350055040661,0.799780862870483,0.939624287235051,0.963303553684715,0.910368401992349,920
3,1189,0.319607818808224,0.441790036797279,0.810185134164697,0.543367018829005,0.617207571541764,0.784021041061723,0.625017620000349,0.66653396078907,0.828753016967743,0.842125067265856,919
3,1190,0.301478878347321,0.241483590002224,0.176944607962697,0.0262013385836246,0.00687917007120948,0.0269563581390651,0.0138672280435309,0.00702720183801748,0.0022068727943598,0.00606740277069305,936
3,1191,0.277418560589978,0.623297907755455,0.477828229133938,0.628049163622546,0.520266245154277,0.638921008043703,0.829559612487183,0.568845510239391,0.714863373741384,0.227487920747874,947
3,1192,0.601204207907629,0.3016737794745,0.200929108102428,0.0987432773181357,0.600959926072988,0.710116532848179,0.721885515154033,0.833756384541555,0.63904436252949,0.49505440511893,943
3,1193,0.444980494157892,0.869115662991909,0.76643385304494,0.66067642768902,0.575051271732825,0.107208408004139,0.143654404790753,0.501436772157585,0.793286849225405,0.660129995238143,929
3,1194,0.511338185526196,0.455230473801306,0.154813508072556,0.175207779290111,0.388486418505818,0.595586469690467,0.162995813423397,0.238020685252522,0.3108326181619,0.245120140184886,934
3,1195,0.361831587081085,0.847081481111138,0.984568674434394,0.996650406702942,0.941466503926413,0.934182841345184,0.788509821000368,0.788390538266996,0.695813804842181,0.593638358013334,950
3,1196,0.091752461462763,0.273788164052483,0.662599428708156,0.488269805490017,0.204590201848779,0.0425008697832847,0.00660055966231734,0.00613896396414116,0.0160516995992833,0.0109530156270894,927
3,1197,0.317595062738796,0.357552237455053,0.700954947361283,0.717269714304555,0.383682542946972,0.561427834312238,0.706633036840819,0.379118890991478,0.308158780928549,0.326803349083052,937
3,1198,0.914478199643778,0.980965011894551,0.531818598912851,0.395975228881298,0.432554952496454,0.286658105057991,0.250501776582933,0.0900240513804993,0.104229581190605,0.129432662996623,958
3,1199,0.450979431914185,0.421048025771521,0.498302825172682,0.202682056862361,0.189004559656672,0.0888656930211086,0.285055726055621,0.236930044163237,0.169026078679585,0.561189396143776,919
3,1200,0.284657807464704,0.411544929301882,0.511490965207855,0.737155223161664,0.893561767429333,0.981363944281815,0.979349059352239,0.987333321589712,0.965236756395001,0.913249812107897,936
3,1201,0.796751124473651,0.0278577324693022,0.250421201765249,0.961618647125876,0.899765376484731,0.8888825939561,0.533475453824502,0.425245517979274,0.124280528856273,0.179125067632872,954
3,1202,0.742268387403078,0.411051887406364,0.1308236829415,0.253199580161777,0.568986900383393,0.263733813057903,0.408862045488195,0.745848185733148,0.580454428774472,0.767078244420197,967
3,1203,0.220408320141155,0.360185910960943,0.337502698873358,0.294598166818024,0.49200266286527,0.483324545147858,0.55038881215479,0.697620379586613,0.585987779829549,0.64466922830717,918
3,1204,0.255515329030389,0.235010133625647,0.0355572273380214,0.0344450980421822,0.0194111601825593,0.0462708673048201,0.0252993513081593,0.0670181841460414,0.237256251740758,0.098269736959964,953
3,1205,0.966318669668341,0.797584623409958,0.307934434186939,0.261324394654031,0.232675277349759,0.151318563104989,0.399297375608663,0.903504034713268,0.795497976154827,0.816656094935628,879
3,1206,0.040456606685664,0.0736003410431304,0.0873408028407926,0.0155670793507626,0.0164269352568616,0.0854275799054532,0.243584996029995,0.311496251576353,0.226421178413062,0.637920710507685,949
3,1207,0.0807058835825045,0.565223648075018,0.826966566186391,0.723175380413808,0.947394628253117,0.965226545515785,0.966643961466161,0.955957885316178,0.755201805285376,0.792606393835777,951
3,1208,0.853122340880664,0.991285634328127,0.780160128678656,0.720480518942796,0.604970665878688,0.686671946419929,0.211423533704062,0.241828914432051,0.14471708108159,0.0342597671912796,967
3,1209,0.0779252505580507,0.184251851778663,0.304625142181334,0.334245535441627,0.674079446229008,0.723600927949528,0.925913762382115,0.948820551046034,0.838247503759703,0.713666059351489,956
3,1210,0.171595639663181,0.121861755710093,0.196800243204399,0.14508631356789,0.344980734021236,0.162481118068441,0.341202109778717,0.248577444283235,0.231505898021118,0.133960670882143,947
3,1211,0.704326310671681,0.78844265747892,0.928639001524566,0.919966460829347,0.87869119997416,0.924790879475451,0.461239879944912,0.36210410795314,0.513856774806874,0.71829000685879,950
3,1212,0.359983909650349,0.424777946508946,0.176573463728472,0.652592878637818,0.818101284050524,0.716139507777524,0.449216807951738,0.291698586034569,0.423314391313721,0.427728191438964,942
3,1213,0.398428254976338,0.159176709745855,0.119559598936789,0.0360050754220776,0.0410030531396635,0.0964641791317877,0.455311644080901,0.448963106007313,0.705427786929042,0.499833578463753,952
3,1214,0.422272017155998,0.582496449981017,0.614327894547105,0.859874113659058,0.566356327359865,0.934254438882187,0.873673585974013,0.554851023249309,0.748745136754798,0.674264179929055,956
3,1215,0.702153513848419,0.978810522772497,0.909283190713683,0.974244231635901,0.919347936913016,0.925218668192091,0.684547086687438,0.750454398463603,0.762533714504546,0.520834483656565,922
3,1216,0.338449438204827,0.250245700031321,0.193050181245651,0.197594521783815,0.242640683451309,0.360598995589472,0.570237725331666,0.454673039273532,0.365181143630691,0.526132371327998,897
3,1217,0.497989847859329,0.418748645534137,0.843115678496169,0.85957019049988,0.941560050770132,0.846853659142715,0.740697177106399,0.860184536875807,0.840495338125853,0.645125899279444,969
3,1218,0.621235569612671,0.494044961533045,0.187118063439968,0.20597452121056,0.153874962857501,0.0856314373444346,0.0688764887596355,0.0317455568854542,0.0474138429129147,0.115518854930583,937
3,1219,0.215098869289745,0.0701909223113638,0.146912400184364,0.204806677575946,0.113568477942215,0.381552731368529,0.472534812008585,0.410305371878661,0.490176103572903,0.385677622379655,943
3,1220,0.506804956138616,0.970686562120351,0.888174309454018,0.991381802216682,0.856367387687479,0.761312212398884,0.886876640505553,0.691889759485483,0.781486220689862,0.817530971494694,938
3,1221,0.81944659017793,0.605508540812188,0.44913937627463,0.0376035104469773,0.228668024704912,0.320903200638496,0.0895377275652542,0.111518300024799,0.170132302057358,0.23347310144405,926
3,1222,0.597485883192601,0.195802345115035,0.462753135276484,0.50155598202667,0.697915193069426,0.771769931186733,0.756340414005482,0.893201128441937,0.855909976785684,0.856752123098631,958
3,1223,0.014386160051142,0.462801200844457,0.318094087588931,0.372035262755425,0.475447203765279,0.0909113327160377,0.129606432981704,0.148048925551671,0.0650546419730368,0.125887413577946,938
3,1224,0.387865280699815,0.481831235768641,0.320488594883173,0.816968559894271,0.471128602145066,0.305046324127264,0.419336334852105,0.543276001405823,0.618059366056975,0.580320323050127,968
3,1225,0.989510837755292,0.943388674645561,0.660242676764413,0.605184722031178,0.60216556349734,0.538842285120091,0.667611085505688,0.755752993848585,0.857166026195079,0.787442597902757,952
3,1226,0.968156804259228,0.408756935161888,0.0976516961257982,0.0428225782187661,0.029226927398434,0.150237346427281,0.18093899077865,0.420973218767873,0.672430444567966,0.557393596110009,888
3,1227,0.906647322118498,0.471490249016171,0.408736769018943,0.473205020560065,0.372146076528062,0.343544417087692,0.660825787209711,0.367170086549947,0.188828046208967,0.197278987981505,932
3,1228,0.481217434012512,0.583103233136195,0.336621832643439,0.742656735558902,0.660704631844998,0.296973189281183,0.319282548091281,0.147303861606228,0.0557583757115829,0.126837601736883,931
3,1229,0.896845152641814,0.702024080512571,0.612940472903963,0.824257981146682,0.571038496290785,0.751332676051567,0.634621257466727,0.862414427492888,0.94534244039887,0.907354313745767,940
3,1230,0.805283454574246,0.989493968158304,0.966155554905331,0.605124009670323,0.494344217903324,0.568124048918661,0.604622294283193,0.903641931570744,0.978175333964444,0.986549367070015,952
3,1231,0.96050487502338,0.499401135048318,0.388936825162793,0.115451761753532,0.135486107650878,0.0544766518733238,0.0137834016573998,0.0190167085795936,0.0490388465036491,0.0474768464446248,932
3,1232,0.415685130509591,0.652753734476072,0.362282842374305,0.929863610341763,0.719962245091449,0.838333967965279,0.794976240397987,0.684765205745905,0.260392470018492,0.1800742077731,937
3,1233,0.415022107872203,0.838176030247876,0.716950925668053,0.78354524972597,0.896413225796072,0.83829376596121,0.71683961119832,0.748304543866017,0.617529854468745,0.470156458351093,944
3,1234,0.0914197783418512,0.218018753585903,0.227945898830182,0.121885210932878,0.384547251324385,0.2453696614116,0.363906139207574,0.42550135430913,0.238844338859578,0.493293205235221,969
3,1235,0.29863782299936,0.421948095475617,0.706440236787418,0.747807719863957,0.364633182699915,0.346116531828464,0.285756165482427,0.168205310048259,0.094722046846068,0.0878693594972494,954
3,1236,0.699484661971567,0.899962200473417,0.991093999220937,0.76750679846641,0.725417737223569,0.817729756754748,0.930793750370566,0.634729295957237,0.560360937787685,0.810904382965533,938
3,1237,0.594319209705901,0.473926731580349,0.50156382676829,0.442634816988788,0.655083659781327,0.425923396369483,0.54679998025128,0.563546910488972,0.722282414932616,0.867388846389903,947
3,1238,0.483156774088338,0.165752923470198,0.218440207283135,0.38024731839229,0.565158922515047,0.203431346148947,0.572279516901043,0.896690537167275,0.967776818042179,0.886619065109136,960
3,1239,0.385546525859474,0.631720187742429,0.581543960802223,0.807668557898371,0.268293421813605,0.391565563470942,0.406462756730909,0.365813601141771,0.459007254879207,0.37614376685275,920
3,1240,0.933315281591507,0.866273726971498,0.989950092219466,0.998656507319063,0.921571855228195,0.899963935575393,0.952027047472778,0.98480974648933,0.98159222339552,0.973908119234126,969
3,1241,0.0317109569460919,0.0384188467553615,0.00184757866651807,0.00378537117599752,0.100770121296371,0.353378161537316,0.144161796003086,0.327541554684407,0.293535646077384,0.119606591575939,943
3,1242,0.115196860281397,0.748568680176074,0.502551048745413,0.580426440134267,0.731107069797115,0.764213190203567,0.919274706371982,0.681623066974968,0.463185861902845,0.532120933301824,924
3,1243,0.853752027338904,0.527998194554468,0.894265877560575,0.980706797526186,0.984223593265952,0.9109560394234,0.887411663768884,0.630757039904492,0.539798821696182,0.574443991391039,947
3,1244,0.289299439174033,0.0326625743805488,0.298784592009863,0.316235485664769,0.33542344033168,0.624870497541452,0.561056852849398,0.751304121288575,0.724314459763766,0.626304826208794,922
3,1245,0.453947471655456,0.564396055757104,0.706182595713406,0.961863874611607,0.916238670784293,0.99056402910845,0.955040271173716,0.825607375753336,0.701394373924979,0.780111297053707,909
3,1246,0.00653711389065655,0.0460832405952017,0.199514437607317,0.262845288170453,0.323155763477737,0.451805392172253,0.752781366116201,0.916086776020156,0.78189867192631,0.881830276319879,944
3,1247,0.10116187318888,0.0512692149371771,0.109660552305828,0.197719631338852,0.572090026976939,0.505294704821736,0.747330048508069,0.560385919544848,0.430354714369341,0.26819157791982,938
3,1248,0.0426746279059223,0.208873507281199,0.219640001774383,0.183229364791791,0.203588523059926,0.0356937637860207,0.113015925421706,0.0975395707122813,0.105673124859032,0.156666581089329,923
3,1249,0.376778610116175,0.198592054871261,0.0668859309665512,0.23339231270053,0.481655765871479,0.177002250156439,0.0536455004295884,0.0288734128485839,0.0806307915362712,0.106712956120931,905
3,1250,0.171218301600655,0.436557687694259,0.593816008558435,0.332278111654828,0.250319514887218,0.173508994868459,0.057742469907382,0.0842863447418441,0.0887080016286687,0.165579810269245,949
3,1251,0.0556814944045523,0.0498221502093636,0.686489358851948,0.712314368590935,0.883108740816692,0.894813838332112,0.686255794756922,0.450326486041493,0.823902612359109,0.923292588492277,927
3,1252,0.224168939622532,0.691181661305531,0.559058609724878,0.674887604433152,0.665311149802923,0.907641774630924,0.600242872629643,0.675026815133073,0.659042110238035,0.657159099852479,954
3,1253,0.209749528226023,0.153465437014225,0.165948956751,0.328676564688722,0.106144962748278,0.102153954228722,0.0703369800140665,0.0707796070996915,0.15635271500734,0.133812600001647,931
3,1254,0.45908688618347,0.659573255295166,0.560092615551114,0.379519142091629,0.48483123172341,0.762836106753917,0.684631235598126,0.648320714742492,0.654793655080668,0.51933391820803,950
3,1255,0.812261906392428,0.384904431088326,0.217125004122669,0.409815018295434,0.581838563635161,0.271488938410728,0.115843389580861,0.0809418533031367,0.142854512877648,0.0609909650219233,933
3,1256,0.321661760214643,0.955844693140864,0.778615596000789,0.87014756581274,0.975562228904251,0.929870089511295,0.893615195820984,0.952571581392233,0.851672278030853,0.902316155855392,932
3,1257,0.259888584993004,0.123663271943612,0.0293096030063017,0.271471331464329,0.393563077398548,0.600083063973105,0.661846522528751,0.409786480547369,0.264613552144774,0.289475003373432,948
3,1258,0.743092267463484,0.654623068089322,0.322188066557973,0.0443492935151285,0.0361476241694718,0.0350179418413512,0.122702331548158,0.164616867238091,0.18407024245105,0.100213384791912,945
3,1259,0.361407671827498,0.247261610285621,0.127797783737056,0.30228651716504,0.440806453826135,0.715567257206948,0.69317629373735,0.94958122720211,0.883148693532854,0.859528586712289,948
3,1260,0.887453649429184,0.734882767828082,0.901250465855772,0.958924865880311,0.716896723515758,0.602020534603764,0.630980851246443,0.851068732654382,0.925260578578641,0.786371421588405,906
3,1261,0.382455740458876,0.137805985571086,0.612136809952376,0.71835578347944,0.627426084894198,0.253360226832206,0.292967511203014,0.337933992844699,0.620033363126153,0.638151297596413,947
3,1262,0.492394316313128,0.364091491349983,0.431568273223238,0.563727826878077,0.826604463428789,0.665937194007603,0.354523313333203,0.499587353007018,0.661238592364567,0.3033859884751,929
3,1263,0.940288674962515,0.923723188109667,0.692651638401324,0.648835498570542,0.623694222343563,0.371640258676747,0.529576499628832,0.571962472158493,0.807055045151556,0.833339325443382,955
3,1264,0.0567717503754473,0.025107919871689,0.0561489587093482,0.0309313320270218,0.0409245807423902,0.0409061968361744,0.113923321045916,0.193349692911855,0.157634567584434,0.173479515037627,934
3,1265,0.428225579176194,0.46518446251221,0.634475227280692,0.885483055341176,0.95899167263273,0.935139461777173,0.934767316293864,0.807864138188683,0.98167484881984,0.919518671723866,929
3,1266,0.47649771496267,0.756424757686339,0.734619610335265,0.98650964206396,0.765439307752186,0.422906530296565,0.329726146002408,0.518569800738055,0.698894830342405,0.522951394567278,922
3,1267,0.698636855130489,0.439202131449846,0.680209464923277,0.339851188603771,0.234261296489824,0.592404282470737,0.435679257579376,0.767430379007589,0.859423414423433,0.91384573469322,956
3,1268,0.905146932486027,0.856385896657419,0.843692278817405,0.784957547664046,0.708962668339927,0.674689175458604,0.842680878565442,0.956361617255053,0.794754466437167,0.753938697108299,920
3,1269,0.411529479346173,0.335563828623245,0.812218383612714,0.850431133319033,0.680371340846605,0.398866133242368,0.440760831535899,0.377893357390785,0.371387529680918,0.356256605819552,954
3,1270,0.797485650340181,0.752161267610467,0.757748452853955,0.727252774999174,0.706290427313932,0.413183261905432,0.621571661067793,0.688276742088041,0.8134506360547,0.394020342182745,953
3,1271,0.5513995497768,0.557291272403552,0.647964444285113,0.622920571069742,0.289251195340315,0.201926636686583,0.103865364582144,0.300483939963483,0.566138536634993,0.534240627076221,950
3,1272,0.189002999854144,0.0514693084694023,0.527780269922727,0.363349481431375,0.610234638635275,0.689783736142947,0.782957915407161,0.942834517331187,0.9447560774336,0.961979676669336,893
3,1273,0.797488648868925,0.950848514084246,0.771647704041047,0.660577585350922,0.754204984054776,0.487110276672516,0.588991378268319,0.642247847568321,0.571264887592206,0.626256702473212,953
3,1274,0.646101212376073,0.909845283516473,0.706459833049564,0.672158851543574,0.472436317906555,0.87220154229002,0.720745441731688,0.711802215143081,0.7536186648265,0.445523237580434,937
3,1275,0.635555120082506,0.700324756796742,0.596040106704014,0.893215914701384,0.506273703553105,0.596234147860533,0.697410579328598,0.435926783208335,0.324604351233699,0.474993947139165,886
3,1276,0.589744716329933,0.482606647535517,0.293419071866,0.161638799985191,0.366916807026332,0.587305133712413,0.319424953002619,0.267737289167463,0.24861393322092,0.0523082235387583,920
3,1277,0.783651311828579,0.944533262765338,0.656913917056252,0.321936082444933,0.339929778738948,0.536941525306607,0.823689104947449,0.864858016249828,0.997286530436334,0.974304525671651,898
3,1278,0.722417815067039,0.635836002038952,0.258992211511271,0.119836375717285,0.672353801657961,0.721435497719086,0.759189184189135,0.506172809729923,0.73908923389474,0.624745515393925,957
3,1279,0.718777692385936,0.850181096699445,0.56295407613044,0.184830000043481,0.370039524939764,0.202012873466929,0.287215302366637,0.119655398849166,0.259273418948475,0.558073363397847,957
3,1280,0.681332684089548,0.966312020249589,0.888740459984129,0.924222501505221,0.433667734202806,0.687297637625925,0.648240952845707,0.576538258127189,0.673785604139238,0.220473966906134,946
3,1281,0.450378271609457,0.0713384798094622,0.316298772337297,0.726371786970316,0.647766680207336,0.298923169331148,0.381199433594085,0.374648501020823,0.225506226609788,0.47740580830576,956
3,1282,0.966202096199161,0.632911996605044,0.960320015787547,0.929501717417493,0.778474283831011,0.526972303931225,0.375441055411104,0.539596511417476,0.710947842197858,0.676169641480116,908
3,1283,0.692864863336796,0.512288532367881,0.371593649631408,0.692130575771769,0.206421296883939,0.175473310583723,0.0906132994712244,0.188204622617616,0.370818223143131,0.615909553322733,935
3,1284,0.426241810475664,0.690374305656156,0.757060845648822,0.545238242156587,0.688048224733669,0.721222271631457,0.691169383819408,0.689085425774875,0.4410284738736,0.475620619295701,950
3,1285,0.570802475764785,0.500967128409838,0.303543789378037,0.206126998755231,0.257981619964481,0.365848621027566,0.591774158909042,0.807019836107522,0.652725730857269,0.592220758336178,926
3,1286,0.981377272301133,0.477962353117826,0.877802322457303,0.687891531182939,0.725544749341558,0.824386891928502,0.918542316695052,0.773419606963962,0.670394708240797,0.541711093584804,951
3,1287,0.754735547999631,0.793485506873472,0.910340198683772,0.968560125968635,0.946843621120883,0.98943219216609,0.982546913697403,0.910028385187964,0.690111933544399,0.624992429446628,893
3,1288,0.692669507541888,0.338595711955225,0.692321120096629,0.320747341616438,0.384143410444903,0.39407394884488,0.522520773903171,0.749530440584355,0.654908817763308,0.425491688603144,939
3,1289,0.425217415394084,0.926098754821194,0.904117121770402,0.856433797481774,0.913294496122773,0.796155250114993,0.473591513741751,0.385043154711324,0.324126244540677,0.386075800653277,968
3,1290,0.981730836882485,0.968871234853094,0.874563532308711,0.828041257104644,0.653822035528248,0.698817071797276,0.694350016255092,0.579620263380417,0.288933544931365,0.199232204634888,929
3,1291,0.399853798667892,0.174611333094033,0.140803980760205,0.0929065024203517,0.220106216727801,0.160784189551779,0.127687116236345,0.0629826645899651,0.0312207639846975,0.0440238679736229,898
3,1292,0.361403044916853,0.0688359127242263,0.178079801260041,0.509993147766463,0.440451058497777,0.686099739366358,0.848231909410917,0.900535420682398,0.907421200892633,0.886288226194886,927
3,1293,0.282968493569616,0.00798087997879409,0.0074746537723972,0.104380380108183,0.467855907640136,0.136663659455749,0.362382703723136,0.26802217420261,0.0590092815984844,0.176603381188322,933
3,1294,0.915967666053238,0.787443444431976,0.925576059209451,0.941291317053965,0.84162646528822,0.574374888223543,0.602440711804147,0.601102046399771,0.620349842360695,0.641087785282342,942
3,1295,0.057228364204276,0.519282842453767,0.0287865003277738,0.0622607161253056,0.296070210819807,0.202625980687161,0.234357902520541,0.344590210649545,0.470632644605958,0.609566635392921,934
3,1296,0.865558430731636,0.865720803208263,0.977419995648787,0.84529492646857,0.585016569629927,0.44714860782784,0.860369635217764,0.825774854465216,0.796485219746149,0.731420732669373,956
3,1297,0.964311939290347,0.9903495025807,0.940321371913515,0.430275447950736,0.423273510029646,0.639081612661148,0.480865734752124,0.780619582732436,0.826054409162344,0.765769040716847,930
3,1298,0.851291065665103,0.769085418992453,0.406317996666074,0.367517617622697,0.800891406675345,0.626679190998724,0.665802596624235,0.404226795264093,0.299483713569209,0.239093587939982,925
3,1299,0.0459831599113953,0.265704359587038,0.0417145295095267,0.191901910156049,0.25679212261404,0.259824306702966,0.161795115560266,0.199044130393235,0.301582602347657,0.342686621803407,916
3,1300,0.0138647531925048,0.522469268689554,0.0857585519201941,0.378442792099864,0.307137474783413,0.271793599461832,0.324340023564256,0.127120149932471,0.278973646517801,0.236677269001188,943
3,1301,0.981716238812709,0.509666213417353,0.729586157232357,0.696640020003035,0.407673137383283,0.588140318985329,0.235636564364971,0.301104790426529,0.235285921654715,0.441310439918753,948
3,1302,0.586175746269,0.436526308993591,0.238379913494878,0.922512784778639,0.982252525715406,0.819079762105939,0.87625615272,0.867338369320389,0.80939525492622,0.754431025210412,959
3,1303,0.664535760912427,0.646546135881835,0.61612868352182,0.689194658053217,0.494506376935536,0.555482369901083,0.395048418258737,0.600489266392394,0.880463170495825,0.954986306232873,943
3,1304,0.242364653343684,0.330561916804743,0.219221040890281,0.759299809970446,0.691373463992138,0.940559201500479,0.961683977492895,0.940404053154919,0.868318610583648,0.685250287880878,907
3,1305,0.0240748611771211,0.672508624955318,0.266291250131468,0.638149242562003,0.79191876671627,0.768772590473339,0.79049246215981,0.933254037041987,0.91998184369173,0.555036067250248,899
3,1306,0.103495610555791,0.169826531223367,0.182923470623389,0.211282352260791,0.321228302746677,0.615496172230499,0.492499193696442,0.796231369793343,0.621916827806728,0.685195582833097,923
3,1307,0.030244770327827,0.0724669769504998,0.120727426238501,0.0975468554156651,0.217107164077067,0.393721907517219,0.434413689430077,0.705908792656207,0.822517701201171,0.826551765108257,964
3,1308,0.9400891958117,0.808151985649701,0.963643921468921,0.809656692764561,0.550004222811635,0.289338732681972,0.311002523078787,0.200531412360837,0.127215341874122,0.244983733044927,945
3,1309,0.235901258687522,0.468758930693145,0.380323698074988,0.379807244444153,0.395367982462506,0.742949156957558,0.370027321462005,0.396200347610117,0.221400572722946,0.182149214452636,924
3,1310,0.489995969191861,0.299091341627326,0.554569889615011,0.405551585696955,0.380318734284422,0.406299924755593,0.281698116153311,0.198296960045299,0.555342531346935,0.503503463926043,929
3,1311,0.122326237519466,0.344037865077168,0.19362034240926,0.324868317866224,0.661185147710649,0.974991020468024,0.987723129969782,0.955508324597156,0.908905688274275,0.68645853848052,961
3,1312,0.247954905139676,0.149437633103725,0.391587824137906,0.17180650180798,0.317847267863729,0.267972009557877,0.158172527353841,0.209019802437791,0.191929337075136,0.513630796336124,958
3,1313,0.32578208085913,0.035632469621421,0.112859977487867,0.0221589807270274,0.0346303390676606,0.0400240059829615,0.0632270917836038,0.102681900989757,0.0925967183030129,0.30752506826124,959
3,1314,0.75273196617614,0.179573897900534,0.541949252878198,0.193084783593635,0.516393053671795,0.389693953701017,0.628630270867125,0.804500306830644,0.961009369730108,0.818291345485411,953
3,1315,0.54050446413381,0.820891249051938,0.529356726090742,0.80372245444487,0.794715708859272,0.950048332076274,0.864169158737349,0.888782707792663,0.787537258170786,0.88768770362427,880
3,1316,0.553317177627566,0.546202916666048,0.894004783367695,0.918463344644507,0.74787476374463,0.441181511185884,0.421608456431842,0.39571720070025,0.388454457826814,0.226650748538625,934
3,1317,0.00644931980325837,0.0571206281106117,0.228067552192091,0.574578876833722,0.406988360758665,0.709813612385383,0.329869506650931,0.240222954092551,0.482735235604215,0.604435805273229,927
3,1318,0.694874076143816,0.16796521913111,0.287803166025509,0.257377513753927,0.0297098641183585,0.0707133739236567,0.00911450103453081,0.053260481502687,0.0233680184174617,0.136569773655591,932
3,1319,0.328665350224683,0.476967360418075,0.64835983233886,0.826070456919745,0.873946985955872,0.865297038619211,0.82697148450008,0.968085205356449,0.9879529911393,0.973571529623569,914
3,1320,0.867867131383435,0.72442274837859,0.423288711908183,0.782364006242402,0.861804444659807,0.718761755303298,0.486510432385097,0.714655830746472,0.457064324876874,0.372213239148358,958
3,1321,0.464508484346528,0.879471353445221,0.979525733170318,0.862795213435224,0.76473533305168,0.909307325777843,0.864545082335136,0.695149104509188,0.682094011495897,0.641716282788892,945
3,1322,0.890772177610796,0.780042460261104,0.423240381257069,0.443446445898458,0.189579796737078,0.23546645138011,0.368913420075562,0.12354608186514,0.139101421166159,0.245516230060239,950
3,1323,0.508561768574946,0.685960640138585,0.623266001340466,0.844221697888195,0.936838336413417,0.851288609948705,0.702037990213432,0.894873992772055,0.655514648702068,0.527369670214904,941
3,1324,0.544657200041439,0.536139888827781,0.474449777854174,0.43527829618644,0.234141430493801,0.532815665192757,0.144282550438404,0.148892851988599,0.173884615387535,0.136267484775215,956
3,1325,0.955357373402519,0.418128995449729,0.679690370203349,0.505780044840808,0.157526579561671,0.141471945090844,0.193728046303439,0.439043863304943,0.300306066115743,0.493501382037034,911
3,1326,0.598508076921426,0.63673636559313,0.948926040869172,0.883456905269577,0.991816798781971,0.884071683392585,0.778721968537807,0.723266030527923,0.728452941903092,0.440654257696622,955
3,1327,0.702992745277729,0.932825074458967,0.863522272779329,0.602882030354516,0.612400268118089,0.426655509719489,0.441087188434344,0.559910445259669,0.576943634724469,0.569626014106408,920
3,1328,0.837055144802768,0.797581612271758,0.694190360842323,0.477166665448883,0.531537317119809,0.663844724781244,0.200638292974662,0.459097661967454,0.437369909995063,0.594020335478758,932
3,1329,0.440075692821569,0.066227059768211,0.54952071715346,0.701236815882043,0.848340230781767,0.806374175738064,0.589413204897586,0.572459516579632,0.358724513275769,0.456449172024951,939
3,1330,0.871278192598586,0.623656044860416,0.400434369932043,0.387123769612009,0.361674546494961,0.495281313207396,0.717492650854588,0.769101745418593,0.715296442028167,0.879327128836873,921
3,1331,0.560417117386072,0.647638770278231,0.516872231759057,0.461581235945719,0.618303868860871,0.678155168184807,0.642537821781816,0.76826025823309,0.512271987139851,0.463121730261472,954
3,1332,0.478008241097256,0.496984447047111,0.603105522581458,0.467379215305918,0.627591564631378,0.420124425052787,0.377473554891513,0.551916826400403,0.521075034694043,0.493934351971817,953
3,1333,0.31192932319476,0.511268532156987,0.845928758097393,0.819931369477512,0.836233373224238,0.710853507338755,0.938643191497461,0.63884479486906,0.683479973798208,0.834259543138802,928
3,1334,0.470715853666067,0.952756105149652,0.748836698921745,0.650390093559778,0.847358605805478,0.627630789115349,0.435664109932854,0.437279915715284,0.676466904137258,0.636641096599829,956
3,1335,0.916646339829907,0.836466720145648,0.883533017940733,0.400036224353515,0.245267047764851,0.276803859758018,0.635437240731374,0.821416385253866,0.960461181652919,0.88019461386809,914
3,1336,0.469976624934546,0.579270878201005,0.953005306269276,0.80409300145179,0.789380769681539,0.479453831621126,0.776597373708156,0.869950222355466,0.94479069630902,0.951461336331971,955
3,1337,0.845428567914602,0.878204914174342,0.913930927601503,0.988667608418923,0.922187780359552,0.569370146493794,0.63800510160971,0.692620174085844,0.493197101112923,0.454943105579236,942
3,1338,0.226521667336934,0.0862555485069269,0.00120668065902074,0.00197377929450842,0.0282137994412218,0.0956447146860868,0.0324101958255898,0.18248377915838,0.198442578939118,0.207833234486607,947
3,1339,0.380694757043927,0.658580703847246,0.583202656478748,0.636159762124056,0.727518403558023,0.612784652644195,0.776780681657112,0.962790511978834,0.853803807059681,0.870149102038688,956
3,1340,0.918119816269573,0.370061539131846,0.41956633958682,0.54189186605978,0.925841045636408,0.854452464861715,0.75849815839458,0.15965956288218,0.532322065745258,0.426645937855581,930
3,1341,0.38610382909948,0.405579829424506,0.0388459284509583,0.150375587006216,0.122632234742112,0.356468771106258,0.41247705648218,0.469360683935457,0.810115851478137,0.602253184888602,931
3,1342,0.411656548969003,0.388024545447582,0.618549848036863,0.501298985837347,0.261961499948434,0.020633652128557,0.0503871334804026,0.026126525055469,0.0419128455530739,0.0251604726278335,959
3,1343,0.636521326226312,0.0820936202347755,0.142933577838428,0.720425348784455,0.709679159171712,0.543563954372013,0.629054047836033,0.493904840791121,0.36499483049452,0.416828819556656,951
3,1344,0.659452120501263,0.79666815925658,0.948267398190365,0.921980677772001,0.850035310227125,0.771909801034967,0.932585416328429,0.921123730613108,0.924429484413025,0.642293712823325,967
3,1345,0.00854088927708164,0.187373739593722,0.180718974657255,0.461417250859834,0.262950527452919,0.509432323525309,0.397736254850471,0.835506596118259,0.854147260769426,0.927968093636252,939
3,1346,0.889912531119555,0.591558509345855,0.807032463696453,0.550234071190517,0.694237135001032,0.668104303848837,0.520499005568362,0.434879955648821,0.173147029501002,0.228706017803524,938
3,1347,0.554259050040817,0.35685701291121,0.495125183376014,0.384609149604909,0.512811332377404,0.460781911440771,0.342866031006469,0.334828917931742,0.468467634935533,0.435823608851782,926
3,1348,0.0333584397509986,0.540850637306555,0.489075155238441,0.32108363217579,0.164850118944159,0.210208452043104,0.291811772741042,0.406324947322483,0.228664050565612,0.260480841700804,943
3,1349,0.342260600716296,0.151225850133751,0.509255603140081,0.487282729094664,0.579905727835862,0.864799008273552,0.91497603849527,0.930392793974837,0.977908431421865,0.982706834310093,950
3,1350,0.30905340812442,0.0492901446472148,0.1145513358597,0.832108892877008,0.903372979317545,0.628326154217097,0.404393429199856,0.486208866381598,0.530249106126416,0.691719632891646,959
3,1351,0.59162366985321,0.11247761308628,0.131706495789735,0.239784405673626,0.556538971687521,0.877599982310941,0.79537933111987,0.898285485335822,0.797607034943237,0.577355550256937,952
3,1352,0.238105908381287,0.219140438371837,0.106125869393078,0.0173592330978603,0.0091648996045965,0.0299321608226851,0.0320192927993831,0.0184347837963983,0.0408149752815221,0.0445111290576731,935
3,1353,0.197572503892068,0.116399742820779,0.0133512124560345,0.0229965441573811,0.0532104483553021,0.314765720043845,0.109173191329716,0.158163414967587,0.198571203670636,0.173559531622601,955
3,1354,0.121449629464651,0.528282487596136,0.681623900946242,0.723057538065213,0.83387225391674,0.810195381540899,0.630469826713173,0.651320036855033,0.913723527936158,0.862970875614459,935
3,1355,0.355042099812381,0.039545223091774,0.0938793378513856,0.104153023530547,0.0464794378079198,0.053631256392687,0.0437710420155559,0.0731008809812484,0.0277521935727056,0.0260024730370543,923
3,1356,0.465437001920698,0.401805828044848,0.317933278576073,0.481569794152661,0.495711540839782,0.126240942902529,0.155613057242841,0.118624346529773,0.143649804322253,0.428023317906425,906
3,1357,0.94485867034015,0.801579572120826,0.949856688782947,0.8986467225993,0.948194244147527,0.970018678867764,0.933897563934268,0.675481548730171,0.775389650881846,0.783273893382602,940
3,1358,0.101372113367955,0.0589130038892308,0.129483989310359,0.568811507879948,0.626332900633681,0.308946947371409,0.712746396385959,0.807126683412735,0.517330894074745,0.364769536132364,914
3,1359,0.607256657222995,0.354425754827332,0.275543414747468,0.0288469703832853,0.0577263147424335,0.165270164349541,0.177960134027053,0.193190732403812,0.470688707638087,0.703168882534481,942
3,1360,0.389529194558753,0.868417125178502,0.306611097473489,0.223993196376095,0.319742329527301,0.134440721614037,0.0810673798842612,0.0859626913926317,0.0192799225673407,0.0579717364992682,919
3,1361,0.685943157808071,0.476295264026026,0.654813363067599,0.554413327217044,0.323198354692815,0.549633917969885,0.443304657289129,0.496494135702629,0.268134945482932,0.190525465775933,948
3,1362,0.855878605535292,0.924252864584416,0.663451841847768,0.553762646925684,0.348512775110185,0.255753713485777,0.119709212841099,0.119626884107706,0.163256844280396,0.161922130886821,928
3,1363,0.197015184025343,0.408031239276947,0.440960134945867,0.17544969719243,0.212140850812329,0.487293591870545,0.360932785792457,0.272872016192011,0.227781935044469,0.223911120140033,963
3,1364,0.421300366209035,0.372575565183397,0.801967717813873,0.715517420835802,0.572218447641409,0.778453799234296,0.819405142830328,0.806716012470957,0.616132753841072,0.61991766219268,929
3,1365,0.533907653883206,0.503095260169359,0.795952456323562,0.392831311201958,0.518958639624125,0.633888415608447,0.510918319308513,0.253536259590598,0.598077922799056,0.638811902423895,946
3,1366,0.29806698787855,0.320150722001119,0.186788410017383,0.0644402102169674,0.0457060473556835,0.0358478123473685,0.100152917933149,0.255112596565144,0.421241627791858,0.292626387385521,946
3,1367,0.0252226791837662,0.0759571571015345,0.119959612129512,0.419858473231218,0.446524499826466,0.483857181679882,0.73564328092353,0.914237777776094,0.973706044599868,0.921429546077995,901
3,1368,0.754712249921075,0.670280797065021,0.992651442894657,0.938363539320876,0.951823251799197,0.919782501386131,0.921470054342018,0.449020049699578,0.492716044344973,0.695915911148023,912
3,1369,0.271547998859027,0.998514720123828,0.925611005183954,0.953178331774449,0.9248470874581,0.623363501031565,0.789722268255384,0.929233381423359,0.67186429847747,0.44211310667686,959
3,1370,0.374933829013188,0.129325830853503,0.627597096469363,0.540905446453363,0.616335819786906,0.331712312120161,0.130472010734872,0.0954366608849573,0.0911322494435214,0.0800574466750775,922
3,1371,0.41029597724717,0.573886668928029,0.536892316198114,0.565172630780239,0.582725710319987,0.427900530763063,0.338198949007442,0.303306534252077,0.291073615469229,0.876448318691932,940
3,1372,0.239838654514883,0.36531227527408,0.624716890082232,0.864636062085337,0.913707398314884,0.912789006777107,0.844382823454336,0.611556053117016,0.549818329604912,0.671851264521793,962
3,1373,0.119999580653629,0.0436741871359914,0.438795645393032,0.328143737456026,0.142135322597555,0.206330489335451,0.101348943027043,0.0469842425648186,0.0712894648190956,0.0630930451497092,918
3,1374,0.595007459007421,0.881673340411501,0.108019516646683,0.231047613371887,0.0704838991240117,0.148198841958551,0.24720564394776,0.472808351574671,0.53679583488961,0.575773744610591,933
3,1375,0.518237922294501,0.669935135944198,0.298236821222278,0.29962827153356,0.325744819473745,0.658513899337342,0.469409029964624,0.528792671867803,0.358745351951183,0.178855479612109,898
3,1376,0.875092793376135,0.412001353422028,0.816211763884924,0.955134111784158,0.981968155185617,0.934534839779876,0.862355703388771,0.515651548224808,0.516958903532628,0.436793747398595,935
3,1377,0.580161772671471,0.471948731428545,0.854384907354627,0.907475542369663,0.85632185374803,0.912745132894029,0.710788629529325,0.546609286203138,0.456223943029848,0.429232052581897,923
3,1378,0.092920228470536,0.719360803197229,0.86435850876587,0.944437748272217,0.779106278033291,0.868227115944842,0.806203086768738,0.799903394096601,0.845926165245388,0.858946352322521,962
3,1379,0.703145676760135,0.856470941896045,0.613800223673162,0.332258602625644,0.123962825439979,0.274331106165978,0.118546442696818,0.0805848485470439,0.397992185279552,0.726999673866898,950
3,1380,0.113743100630232,0.32835377429783,0.281369799657209,0.476373191125817,0.284973882096973,0.143449917655095,0.536020254547522,0.568345431561675,0.589292059300477,0.183378428729255,948
3,1381,0.00728263655365379,0.729749376892122,0.899957947821299,0.812801029763773,0.280067349092169,0.185902665446797,0.200945970519555,0.129398627625247,0.0956067975527013,0.062903093145345,971
3,1382,0.311744871148498,0.388434274887839,0.302208371700098,0.109093439347567,0.221842172372948,0.0995209763231587,0.0277499114871054,0.0931666575716506,0.161711424172038,0.387459699447192,954
3,1383,0.604032559727597,0.191901062536425,0.315604021226759,0.365955705037378,0.395820001726486,0.489839098470152,0.252318862743732,0.357054305678827,0.443494599525635,0.591747109626902,959
3,1384,0.583614719232113,0.916894177488796,0.731988739178466,0.503078496185504,0.264290727175332,0.280572208231714,0.476323278179985,0.713514345325685,0.756805083707727,0.831903388525099,956
3,1385,0.0578939276960414,0.0117023139396142,0.205118434818929,0.640224470728033,0.314105069057503,0.297437016625125,0.566658839495372,0.871124869837788,0.910247527578612,0.299634539831766,953
3,1386,0.720510717532899,0.488291323137736,0.841321821982751,0.802961781368502,0.728522069588769,0.692696109045051,0.830188637944007,0.62207567963973,0.440740842777025,0.565097357395506,948
3,1387,0.708954260777988,0.495481333431217,0.938513230435757,0.498245684378623,0.528750076703646,0.676057938554472,0.507116418190546,0.111095137049137,0.125370546341221,0.12488094958588,930
3,1388,0.196992067411182,0.186594825167644,0.136749680562173,0.232174167352856,0.394012155038828,0.340867825134882,0.270705961352396,0.196290263588797,0.543471615432294,0.487580966071068,947
3,1389,0.990768707454758,0.638295152112023,0.553193949575073,0.50902151146107,0.852228956856107,0.7590033091363,0.754223184841936,0.78019738889405,0.736429282890908,0.950845673863323,892
3,1390,0.989117363291425,0.947419755082783,0.969284034605619,0.999136193070878,0.896847747660423,0.907639364791451,0.924809381136932,0.861476619966722,0.864734648341593,0.783233409593852,922
3,1391,0.311303435488361,0.144655147347341,0.387206383161949,0.552438922032718,0.313170165579191,0.284606066888831,0.407760310474053,0.360743522518416,0.551265957068077,0.686817790566582,948
3,1392,0.0865593894269216,0.0216711603408806,0.120463700156388,0.227364050780394,0.241233469221814,0.0925565376690203,0.0501299733560691,0.0941937556135371,0.0789011877809569,0.0542248009778373,946
3,1393,0.724701373072323,0.210334868475864,0.36941681057578,0.0996718529953756,0.315837620036327,0.352318797291482,0.278586577225835,0.225144796869128,0.279459455366464,0.284816541261168,908
3,1394,0.0506907496253592,0.164775853094925,0.666717042223215,0.632131570337486,0.886632957626169,0.505464809731038,0.4831114436253,0.4088917181119,0.192644538404324,0.194437230390792,937
3,1395,0.555908734766899,0.213466152262194,0.0520770298041578,0.423959157452564,0.182806845012868,0.372253162388863,0.444895349000296,0.597735676747325,0.419629557476545,0.469019711306026,957
3,1396,0.17783070396685,0.159400248429295,0.603583179197716,0.849946389347932,0.81815275997498,0.895401213384977,0.813232074821146,0.759628480559257,0.578259235710034,0.222764714379459,946
3,1397,0.38407160279948,0.262834807741347,0.42289299054935,0.421932278581261,0.737422286799097,0.52430978409189,0.71856113471187,0.835274458065377,0.435952113788499,0.392192713403055,953
3,1398,0.27040855394137,0.0282101798292903,0.209280543298711,0.230973818633355,0.90518568202336,0.732315624873782,0.864257182923191,0.662293717619278,0.720690701980607,0.512306607507845,935
3,1399,0.510626015182536,0.573784179371598,0.788776444197958,0.285708954731921,0.388816817575605,0.609394774122371,0.774402367764838,0.856881781445336,0.918248648150669,0.905934477386941,952
3,1400,0.805895165058307,0.661533911280481,0.414553171358922,0.142382174877149,0.367332351403706,0.116311975383705,0.156353301570976,0.315669696053826,0.198691902628184,0.353139325265458,953
3,1401,0.406151390345803,0.554291744609218,0.747834751160143,0.625533199590874,0.710483484988137,0.420577063009485,0.263165267636938,0.424487682282166,0.664154488551815,0.746252589907215,917
3,1402,0.830681780454941,0.650718149280738,0.676650598324643,0.178280923180967,0.304093882219425,0.273018868566774,0.611185806921294,0.646802417062588,0.642138623619206,0.79153883804643,940
3,1403,0.560738332753593,0.439131244734113,0.864127096281997,0.840138748823232,0.527206487078744,0.620806356851649,0.632144875924721,0.569864251550248,0.78294648746907,0.874548043521321,948
3,1404,0.175584057234513,0.424098050429074,0.425687118558333,0.486894757069806,0.807579510862313,0.790775407486347,0.854287387524308,0.598001988552459,0.548934947426917,0.920319287929947,942
3,1405,0.0483757218112255,0.0280936960727748,0.043218672588846,0.0336360054705388,0.0370589587629272,0.066222800282859,0.287639102727722,0.178336565364201,0.043609488892086,0.0649466213710602,940
3,1406,0.0569314317919789,0.269230875569269,0.180232467736881,0.213124548611133,0.135669099058488,0.0744337958854003,0.419018543292971,0.705033135914237,0.823769050209593,0.86128731515515,904
3,1407,0.753330246372949,0.489692998162529,0.508372622572333,0.740423902933483,0.767336229036202,0.743312195256083,0.661594658993042,0.510992620644887,0.739774443733549,0.899880927420393,921
3,1408,0.598506609493865,0.558642395131867,0.88844206241033,0.639406751968173,0.282894468622819,0.207147360166377,0.452894608817117,0.627664504788131,0.876786183112708,0.825498962674619,952
3,1409,0.433160294198992,0.281551619497256,0.46634966589969,0.566299891695541,0.487438411208913,0.864102960188974,0.896869631571794,0.748392522565457,0.552993993578899,0.584694374441625,960
3,1410,0.192484373316749,0.700451871984233,0.711625497865376,0.872325303150847,0.972694829595925,0.995159510361753,0.879921662721756,0.897457412953415,0.90196261683578,0.941274678857326,942
3,1411,0.546102056509853,0.183551668807552,0.239577414267257,0.158508431331406,0.118861556537676,0.197455410516929,0.213937162138356,0.234520059936012,0.186102797133808,0.0926686108408557,939
3,1412,0.459363211737412,0.745143963478351,0.665827405860877,0.500040604414222,0.438944903979734,0.242365295558692,0.553461565273867,0.292447588658302,0.210651561337921,0.309515947778268,908
3,1413,0.00381803374115095,0.0803403790765515,0.285881458513696,0.157985687274617,0.280553323069132,0.385189004780863,0.2397259364878,0.0369423754130289,0.112469887435233,0.145417316853784,948
3,1414,0.318250104438419,0.586280176952529,0.750187628005554,0.689767225892017,0.944707032964537,0.864428561540602,0.748517355978251,0.783745642002261,0.935590484432178,0.900591841030828,934
3,1415,0.950942859596601,0.43102226499289,0.520294808963906,0.600537042643609,0.625394304796498,0.785111442311755,0.958964576642299,0.932021697380423,0.933375819795489,0.976929915089808,941
3,1416,0.448197693303682,0.81844591695081,0.871453810173365,0.374519725031415,0.273846837859757,0.138912728155014,0.143477409111535,0.20205000586248,0.26194385562489,0.281610857899286,927
3,1417,0.779284210693203,0.896151535883327,0.774701950641803,0.431447125054587,0.353319424398232,0.497553754293573,0.633074134678276,0.623251347765566,0.716633037511797,0.80254949601849,968
3,1418,0.767533423902194,0.168767440509814,0.446549590000011,0.617555696805082,0.680510508557297,0.334985446402889,0.465246835117455,0.599494983146179,0.54031568648278,0.459977340677196,960
3,1419,0.680477479089276,0.721484284984687,0.610398173374347,0.800662600651826,0.805567966914648,0.753629441896792,0.404517778092711,0.393796840230221,0.0784652728742665,0.0555084857897083,885
3,1420,0.233334725700688,0.172431250491838,0.694862061454593,0.567062617520582,0.697195411249586,0.321255056962543,0.240652379377403,0.0894340033874972,0.161104345918496,0.224975106085463,955
3,1421,0.055513376544655,0.0942009818111781,0.317007956458065,0.552501023905314,0.389735897820168,0.602880637397597,0.406020425072569,0.349879020090441,0.277033341426195,0.385644339100279,939
3,1422,0.198365146010894,0.0344661051982707,0.0458133712926511,0.078008210648823,0.0880315117476034,0.0588589497398931,0.0192632000788538,0.0234319818909675,0.0546417862951291,0.0778830945080545,926
3,1423,0.994561708568678,0.810011854626725,0.393307358854877,0.743437828999802,0.73326138562087,0.574984803831311,0.670000289065195,0.647263736033677,0.625906417214121,0.619375651115566,903
3,1424,0.641436253707485,0.798374071953038,0.811277198518663,0.70894060126497,0.419671018680421,0.184443037981556,0.61829538519768,0.76464576214926,0.715118362933994,0.609302082671196,944
3,1425,0.419121959070262,0.929083466193892,0.601636720796373,0.519729515147943,0.27681258906691,0.24414514501662,0.545133351727266,0.530046279916938,0.402740145770103,0.387435628042853,944
3,1426,0.775444512449518,0.8781186081598,0.635744981715344,0.691233661281724,0.882994895950206,0.699369032758681,0.714354937244067,0.47116977801349,0.64719368319174,0.871102119742943,965
3,1427,0.655561163647458,0.975574563734911,0.333274622341706,0.500270244713708,0.694458311575604,0.811379635775935,0.74440257698576,0.66142061206308,0.47374830449991,0.258816120224808,934
3,1428,0.465341671225604,0.552769095938237,0.426947747198839,0.481847981456379,0.429255183067362,0.86053569117084,0.88905220824872,0.778902844734469,0.634565461979748,0.572716207023549,953
3,1429,0.845753421121093,0.673780020250575,0.681810711121603,0.705068014915843,0.095455405313855,0.107369594949848,0.190082938985374,0.17138602674476,0.163507843709305,0.0406500176556256,960
3,1430,0.266809540497179,0.489551104109954,0.670176596280748,0.527565011650687,0.663669412370107,0.508362216954154,0.56311163849603,0.684325422866417,0.381019743153673,0.276034067948709,955
3,1431,0.972610762149225,0.711758706474419,0.679053932131245,0.948488689953022,0.930065525315226,0.839905631150728,0.752758505485169,0.52498076258687,0.529474201163516,0.359040398317862,928
3,1432,0.144731607436619,0.218420590494627,0.211223772009552,0.366671239038724,0.904026583866798,0.369073627521207,0.292394766504291,0.458727170382115,0.437384208378133,0.394678244855613,900
3,1433,0.339696596405399,0.0670458687405978,0.147305258942046,0.135226022493674,0.22556095418147,0.27049564125727,0.253950648065783,0.13435432716638,0.108267003063076,0.0598771174635052,911
3,1434,0.841363092915659,0.119431045207946,0.122820954406335,0.0975282939131129,0.114288107283577,0.0752246578575391,0.0525627051990065,0.0487437539241164,0.0827150712474835,0.112514082520451,931
3,1435,0.542501691971599,0.256083639767517,0.213988801733609,0.164923700733066,0.746625766795747,0.577842095831853,0.692293863478099,0.538958426274027,0.825038013096579,0.74264257481511,935
3,1436,0.996638181374223,0.539001821892819,0.340973243080614,0.574995344312246,0.424289907969622,0.465598367238975,0.332146651489285,0.0991711262111127,0.123217080013884,0.0442797067747532,929
3,1437,0.992382200592048,0.817807468553911,0.294222062891996,0.873301282691028,0.938327992932747,0.75330078385733,0.764519181287614,0.628665028223483,0.705982392784412,0.587543720419776,953
3,1438,0.320574234506323,0.450275974618066,0.842503567364709,0.962426995916403,0.719270411616192,0.832119127516916,0.730138076986066,0.352782395683382,0.272268852609103,0.445382584113849,914
3,1439,0.504616350869458,0.429177538664437,0.483822531228064,0.720533284774807,0.933678860366704,0.717098445124445,0.291654724399743,0.131211435054731,0.0580994191937582,0.11284887447259,946
3,1440,0.391528724098404,0.245401768675048,0.265347183611027,0.555392002830854,0.220323191252944,0.248427541812786,0.456772167290814,0.601770727179108,0.192318695358816,0.152500122674592,955
3,1441,0.935048528870434,0.99329031433547,0.98317727802494,0.859412975947747,0.758818247794475,0.89157802652523,0.920229984290677,0.974899057756982,0.955695216164045,0.487061675081183,958
3,1442,0.0418840622463154,0.339557786938127,0.62826412462491,0.351097843375275,0.185221074347242,0.0484066494088886,0.00620381474669268,0.0124102110163646,0.0189107469673654,0.00190746558838446,956
3,1443,0.740099110037859,0.264161832056991,0.676235538666571,0.591333903062863,0.75307353160803,0.672134298564385,0.544201538315293,0.380028850108621,0.392619132777182,0.600619789676771,947
3,1444,0.00114698941448916,0.101048081756859,0.392656879444047,0.210127699386104,0.0600938850938349,0.222462672449294,0.221077637585715,0.341276250240094,0.177133459089641,0.171247934616566,937
3,1445,0.0828454986792421,0.251075804687139,0.150136215057282,0.344138647274235,0.298122767450167,0.549352131737947,0.72675260790403,0.442310084939334,0.33823072649214,0.641185327488255,907
3,1446,0.994079433387691,0.606979085764007,0.777891527688727,0.738482998138304,0.406737100650088,0.307523040035734,0.228257286527463,0.162657195409426,0.386425031562876,0.532965789366788,900
3,1447,0.728339473544278,0.768528555923613,0.744553966761933,0.538265672525523,0.799091723316436,0.80324231128775,0.771137712210182,0.510387629899933,0.461597962313841,0.699056016851694,968
3,1448,0.273828782834686,0.456065915057359,0.731422681385706,0.980951349724197,0.994210427527428,0.983885064561262,0.987337636145097,0.956592739457078,0.992633369546594,0.891154195819313,907
3,1449,0.885551279974067,0.393285974914489,0.4071755252955,0.661169678936155,0.615938137090479,0.576344119546009,0.772779293117804,0.715343312071934,0.600849916528227,0.686934172553753,926
3,1450,0.711548468124741,0.798831667351527,0.380947410474371,0.212367018845767,0.394492838654007,0.127204048941602,0.057989918547231,0.0803240639049654,0.100186298826898,0.161777885804725,913
3,1451,0.0309424883992494,0.60999543736684,0.72144851347605,0.57054258627268,0.553257437258126,0.16981658043558,0.0351723175044921,0.0529202562019432,0.131150705261396,0.18744041982288,959
3,1452,0.8476084784435,0.785292276769766,0.558291235047827,0.229970240079837,0.34546874201013,0.123495677968865,0.318594698149726,0.56709171895859,0.70166340256688,0.275555155102196,934
3,1453,0.596081596003503,0.393554500948405,0.701756145706354,0.419405202452345,0.686717902520006,0.600960946281368,0.82060827344977,0.635188657416767,0.697586361550951,0.688930094606037,940
3,1454,0.959875829519005,0.332901139988591,0.139933743337496,0.17983834293111,0.198699379577582,0.276539280833447,0.25298961753327,0.262026644588295,0.573538513939636,0.407614956380958,955
3,1455,0.423160682352647,0.882637827956332,0.996795078282083,0.988695655684533,0.991516084207436,0.893640255593753,0.906973362973949,0.903069235368054,0.736385683700318,0.433959301105229,889
3,1456,0.799394093593099,0.720238218125636,0.759460349489726,0.951789355729784,0.996585747847003,0.982213061656376,0.950084218207175,0.972491468759895,0.975002142856941,0.991083931842227,922
3,1457,0.560914078438034,0.221583240065194,0.175569454823059,0.204780000896636,0.2934227672619,0.645564389833874,0.669942371745483,0.624686292123538,0.390599745146333,0.281274011402057,936
3,1458,0.48717641214496,0.929282803335851,0.868622128772673,0.879358302900507,0.785461693794724,0.807592275658835,0.87120176081143,0.938781792633355,0.726979880138558,0.672568954996405,930
3,1459,0.153178589403229,0.61430381118778,0.575968574777012,0.706995551231239,0.96043021799844,0.856348692309352,0.3520556444907,0.426573970884316,0.236712745329416,0.233482233999325,954
3,1460,0.363902281995375,0.758444685332737,0.794902947124436,0.494886295214404,0.964443560313951,0.974902254680708,0.856645823580108,0.978805820215013,0.842622299883902,0.679752786536963,899
3,1461,0.490865359305581,0.298467267826566,0.373199339442179,0.256658931988982,0.302875575114286,0.669651864402738,0.408032111592565,0.474413089182535,0.710962131569267,0.905974438494775,911
3,1462,0.948250216485282,0.604527570161116,0.494426982421705,0.811288491462578,0.785563634881572,0.98379173782704,0.995202610180075,0.976050915659272,0.84443446772276,0.796382946616099,957
3,1463,0.728900184216717,0.17877365945225,0.0281824470506035,0.0469977476083827,0.104562950222217,0.135857368372914,0.0753335622511165,0.0847081526915867,0.11899707390368,0.0901687638290146,935
3,1464,0.333646642461566,0.345529088604343,0.278395682247914,0.109936748315305,0.247752508947781,0.235347840529821,0.096540500178108,0.252122267052225,0.346845288107024,0.449572622676499,932
3,1465,0.267323237074993,0.857614369763525,0.735033492847306,0.756177893707018,0.344009022119457,0.624939539196399,0.231666141966347,0.0119612731475223,0.0354772604399932,0.0137942723016916,947
3,1466,0.652514275451518,0.506501493312229,0.590805382431035,0.621171349286883,0.632355432341068,0.783879910783877,0.787657186047136,0.952553137694294,0.679649592790669,0.470326009014399,958
3,1467,0.249598658281253,0.341461839908754,0.515703207748109,0.747347563945956,0.609801872809706,0.897851195737012,0.68320563794062,0.166754277954608,0.246092228985695,0.397201923019489,936
3,1468,0.358776573244689,0.975707295163558,0.929243411275963,0.381247756243627,0.468162075506262,0.433920298888763,0.437488465978783,0.232304843826327,0.289288191909061,0.534304546836838,955
3,1469,0.493620823309158,0.419283345190492,0.406059837505949,0.417824390322307,0.543172709581914,0.66224292402527,0.762733685456425,0.899129226180515,0.92357978059814,0.826313487234658,945
3,1470,0.45218786627924,0.409433862403694,0.833271251544237,0.59685462782958,0.404422415250835,0.362531844464352,0.375398630817703,0.568577876348786,0.524504132421433,0.8160717116105,947
3,1471,0.496191068337612,0.252318754884455,0.217108956681525,0.55967599999634,0.71457630766852,0.873966985763517,0.867217048998285,0.801987218077564,0.867942876251039,0.470729875859837,950
3,1472,0.258560278400701,0.451973633182268,0.954372252721003,0.773966809347331,0.673555469119061,0.662175023638745,0.307375575828185,0.0949324848249812,0.176393576679935,0.386675826516561,942
3,1473,0.803958659184468,0.169628718216648,0.475451803891298,0.544612373810243,0.375727656005588,0.383857954596167,0.270794215976362,0.16629316181374,0.0729965427370973,0.192273539905285,943
3,1474,0.782769013894535,0.466614030976536,0.205276101547072,0.843464022575025,0.801416022671048,0.827882575825202,0.917229100465182,0.904703284394695,0.91847670350251,0.905007947742446,937
3,1475,0.152862180340233,0.328216791770511,0.108275745967207,0.0523807207378617,0.119165170068895,0.104463552855002,0.108157943066752,0.156612793766864,0.401542181122155,0.16946008801167,911
3,1476,0.772376788124086,0.987069082720077,0.901903134032925,0.71269723894169,0.875785167118063,0.825168044787076,0.726322914607198,0.724521679873715,0.636022750329314,0.398851908534549,929
3,1477,0.849726633603479,0.476836802379977,0.0250625458473829,0.0317510273291322,0.0789710262472554,0.0582272650021864,0.100497546508579,0.192562332776833,0.161085890482419,0.239437164038737,926
3,1478,0.763273411087341,0.633588790436037,0.45955066670183,0.349113687380875,0.140936161383208,0.496195301686154,0.5230147591615,0.78509073172599,0.768665285677606,0.871301034739495,956
3,1479,0.361089802578145,0.581535740508264,0.934492045317802,0.928493144482063,0.808361023895234,0.731406067963163,0.780028842001799,0.903035130133771,0.676203106460157,0.644501054088906,946
3,1480,0.634767095081106,0.957277572291142,0.589257790756423,0.716912839089406,0.688092928557161,0.667665363602275,0.541970594553293,0.455608671679239,0.349725550877377,0.412080369677506,949
3,1481,0.252363062948898,0.556498947815523,0.562155482243285,0.239043789613578,0.298482402303152,0.877028163501978,0.706937873877647,0.466018939591641,0.760733375327789,0.749331000152319,934
3,1482,0.229793709838551,0.515636775567285,0.740397918453774,0.773870605294606,0.69095220525597,0.481770529482666,0.2305975885213,0.48890834394545,0.356810093681515,0.303553186919655,967
3,1483,0.860474885045621,0.558800778676673,0.368157534103387,0.619192401566942,0.375178094768367,0.226265742048082,0.186847858829387,0.180416063590209,0.251064915086677,0.29546090380116,918
3,1484,0.185372739699014,0.717619197750021,0.816329581693025,0.737021963274304,0.570980379184661,0.826694946720289,0.776308454624748,0.790872912898672,0.718395913262614,0.363989816387416,927
3,1485,0.584703054926355,0.363352371475718,0.490690447892564,0.386757974874374,0.558402443639612,0.535593401150275,0.467802821003854,0.448571504203957,0.703210058967172,0.634488970616701,954
3,1486,0.512304831858866,0.819007129268299,0.587546848625025,0.491740722278053,0.531254037635808,0.704005624387643,0.712775208371211,0.695079816663646,0.706740764625536,0.853195688686988,939
3,1487,0.896568730890887,0.802320404326165,0.641293157358544,0.485939282387696,0.652075791027371,0.479546660549753,0.50107283729161,0.549254962581851,0.632625593393662,0.908820138663784,946
3,1488,0.0662993587731649,0.0571587253171329,0.133448857155187,0.289854784854298,0.568652136319977,0.715953781755732,0.46715412694449,0.260907875963497,0.17742179137841,0.053147840970236,961
3,1489,0.400288062775432,0.101506946540981,0.396999995534161,0.243228293984576,0.367515323842479,0.619465895058915,0.869425906901805,0.779441330948051,0.884865704987202,0.971018475189236,947
3,1490,0.70680300814051,0.881591397687927,0.949675993734553,0.824450725570117,0.407648266295173,0.612249478931744,0.751912669940752,0.839273269665279,0.593641494878636,0.515190025470083,949
3,1491,0.391096361840123,0.767375450675096,0.512857457460013,0.541657630447649,0.664849687355398,0.326190992687058,0.184387140557339,0.53185545737433,0.755563565717021,0.632271922343938,942
3,1492,0.524776893975034,0.896852032512492,0.92619091600443,0.562814354757608,0.87440916580305,0.931782441270101,0.97658985099538,0.984698448807024,0.92205096004089,0.827218938049964,950
3,1493,0.742068301483562,0.800750787131247,0.995749283716345,0.97752772809394,0.924170771352093,0.692586850190167,0.583849409630301,0.468530201881517,0.239275796171617,0.3711848065385,948
3,1494,0.437564999187546,0.22360987077745,0.207363106059528,0.104370509128543,0.332775588038995,0.493409041351119,0.264680157264881,0.16896316956349,0.203614642866,0.147437682215967,964
3,1495,0.370548815530693,0.906536811498412,0.485555662971151,0.443215472825688,0.58664096589311,0.256854697323814,0.122805355681631,0.106534929126717,0.0939685352634328,0.042510344359605,926
3,1496,0.586980305500438,0.471374519597722,0.5812655122982,0.257473033024406,0.203137320386405,0.0653635103940843,0.103529042479001,0.291840350264473,0.342208845307103,0.439182838116455,955
3,1497,0.22412883744689,0.133037170632739,0.0986469356373507,0.290470338148622,0.209024049502614,0.153813897327075,0.134899927645943,0.274303235868439,0.351005311146302,0.468918415325856,903
3,1498,0.462043589142218,0.564961191866493,0.418422885060884,0.678935415731104,0.564863532413187,0.587205502075784,0.863960114500542,0.829883156218244,0.838566459155085,0.529757671705066,966
3,1499,0.457589444349862,0.775451448574252,0.674105196380586,0.684881040961988,0.296182647875003,0.40755652113124,0.490552951599871,0.442287020925472,0.291611938773201,0.748618078813446,922
3,1500,0.938388548786923,0.499333072061069,0.122877003940816,0.53759006137597,0.433110604687498,0.3882818837206,0.133521806675257,0.376412992262355,0.314016072934215,0.45151281320043,942
3,1501,0.00532775019395276,0.00237868665558576,0.295972325919366,0.296769684202863,0.43535328609246,0.270816250883123,0.201964046661547,0.0880957563970031,0.426533455027377,0.30132295024401,939
3,1502,0.152173349571323,0.507534830370806,0.444806040724405,0.142538563871005,0.136440466069798,0.0986067703025771,0.126613030933687,0.286020310016143,0.446037712404224,0.645200933182953,948
3,1503,0.693892684796871,0.77273772639789,0.549748251778774,0.845438574458512,0.434723777280318,0.562130635908735,0.782305827214704,0.791623520604865,0.613703329883041,0.392674364518495,939
3,1504,0.0121740908832772,0.0215007931660222,0.0154560488077182,0.0217836965299067,0.0314580849435736,0.171865881451884,0.0744247784703461,0.194804362921568,0.185515411497725,0.336678898772385,924
3,1505,0.383446093564176,0.951029101165134,0.562731168831302,0.674352816902243,0.645019363491334,0.464966045767583,0.283765350703215,0.352435610947722,0.511934980623703,0.674658844357983,914
3,1506,0.0213628631469031,0.12834032806525,0.326771660575,0.621036023478745,0.86053320257424,0.992732295969693,0.998296657057732,0.995839161462239,0.952657586617564,0.886024874055753,943
3,1507,0.941757385439022,0.548916421956499,0.646920105982764,0.76351188640032,0.534374011832887,0.523466784708018,0.729238474361666,0.401127049128946,0.601720525844405,0.615158003306784,929
3,1508,0.463745067585189,0.23423839031531,0.0702129256688226,0.120081851884536,0.209273704756922,0.140672326553562,0.380935709748182,0.653177080421723,0.464624316660319,0.186458077305511,938
3,1509,0.632809114436023,0.709377584886795,0.671941199539838,0.93743733836117,0.879918970645893,0.70773579065439,0.881600089177749,0.837374815764236,0.983808587778785,0.909249700828037,903
3,1510,0.361799556680168,0.0996018867380224,0.0253597814505907,0.338057847727756,0.52900537323535,0.728499149982045,0.515765583898628,0.245334132033589,0.346223678775767,0.271037498717272,939
3,1511,0.00674979606781353,0.00728343374401464,0.00124751082762773,0.000196382916624053,0.00328144272022813,0.00279888472145705,0.00140877301573144,0.00243986638319914,0.0031486990426873,0.0104364128229682,939
3,1512,0.931537580261461,0.270156080752981,0.681660411488094,0.962910709488547,0.920957928130931,0.854618912795785,0.763509064698622,0.740156671925942,0.853203474091638,0.891900663435515,897
3,1513,0.138879178482131,0.761578166382662,0.924670286327168,0.530808954047542,0.23437358717939,0.112746858434577,0.0966823169457788,0.362440676964112,0.425249911030943,0.216130846508421,968
3,1514,0.414538933266353,0.462950479553311,0.396764440124256,0.329824944369535,0.325739047423283,0.440649541505467,0.438956335976673,0.451747292732448,0.364379286050296,0.397955832127868,951
3,1515,0.407375031917663,0.453450187083186,0.825912777800209,0.789322029394369,0.457296400565434,0.458434813474144,0.469403839989854,0.576185543952722,0.54020686223311,0.501911462805481,956
3,1516,0.794394161304142,0.627600960575891,0.753691494930189,0.64230305364523,0.609229023916114,0.507769369225332,0.681112981591093,0.773910446730472,0.816707812240526,0.755117035016986,935
3,1517,0.214329442454113,0.423241372573692,0.7475885745933,0.137935822745263,0.214141593139882,0.209186377616678,0.898435264046706,0.999925543248679,0.984407244730906,0.837133162689787,937
3,1518,0.566489393530415,0.617031859235897,0.821088298149879,0.532609765486867,0.46199492649592,0.23207581134845,0.554151741289201,0.567882897830438,0.711549418564422,0.886669467131989,937
3,1519,0.804325887154833,0.362246612136034,0.511878856236542,0.643079118140398,0.468432687794472,0.356818309005562,0.249540363785532,0.0550482683939345,0.026529288668701,0.0374875786021359,952
3,1520,0.00961807737521005,0.221135160404563,0.165337600124435,0.399714631043492,0.42552002758393,0.153578157615183,0.0914030475097398,0.327365903351227,0.167778947449975,0.288252161872457,918
3,1521,0.234578032460144,0.711979268187243,0.938614415232297,0.79673530887805,0.699463600918102,0.524640284839779,0.704379990998929,0.730411722848787,0.741680288857326,0.884786219310517,949
3,1522,0.946901630885656,0.969993700138696,0.690383372855691,0.3371318855796,0.785685137196264,0.814060889801461,0.710192389128593,0.65363614366341,0.754367511473245,0.738009023640374,935
3,1523,0.994557991162633,0.937694649610821,0.83134820982937,0.768487507889594,0.656387522035923,0.379074565794992,0.387864322996834,0.575792619062514,0.546741492084616,0.775741445251519,964
3,1524,0.376595302016153,0.115800899377419,0.163066566117087,0.508456905566507,0.612336425500688,0.305921405923423,0.595410529453287,0.485113046458845,0.593327972446354,0.304047054824457,922
3,1525,0.348763199740812,0.595811187109137,0.524691709284978,0.570446137567064,0.630917176782258,0.788156402883995,0.848576174054262,0.507481508088766,0.182239995239607,0.584772944824156,931
3,1526,0.295182126379084,0.486455663696596,0.687820141981204,0.654100222719184,0.659767116354102,0.542971881481822,0.318440624528535,0.648881925566248,0.851798350605655,0.66729554504769,923
3,1527,0.686955361614281,0.44087044879545,0.266378874732317,0.485376665522622,0.524030468938066,0.698848919143205,0.824890067483144,0.993053873355186,0.993534783795917,0.9988089045971,951
3,1528,0.568146534394129,0.155910375933171,0.326459303026716,0.255882342027688,0.4005320084796,0.618244315771834,0.808547745434087,0.961588685777125,0.834251702047769,0.824782020285742,949
3,1529,0.699418358012868,0.504992141644856,0.755292571200933,0.687766170471868,0.657943449400312,0.918168846396242,0.947339206753665,0.734839643334599,0.811606068560555,0.725184423495148,967
3,1530,0.234137612273968,0.584106222629344,0.818526061719697,0.943105102664651,0.917609100512328,0.988247288199504,0.798948262225567,0.622270384330058,0.230565403607188,0.436102366770338,939
3,1531,0.799857803321772,0.264354540180674,0.374617945580083,0.707195463472167,0.977637869874301,0.930635908810873,0.957145617071452,0.867656099630001,0.8582624353673,0.856976323397147,955
3,1532,0.838918670848,0.395744902882142,0.362171319148284,0.497327297508555,0.643902271494363,0.308538502767676,0.407102576551021,0.787198280398564,0.736799583070095,0.8483998474178,949
3,1533,0.636276768050647,0.888436579093142,0.713713018208502,0.794198528522051,0.606668319052241,0.525246941641579,0.361914025672052,0.275397789887971,0.183441044087861,0.0769847596751811,906
3,1534,0.480109680487474,0.937774778581502,0.85033118320342,0.778224535236567,0.701449155812381,0.790327399420761,0.670023599993578,0.624561530727935,0.500599798005505,0.898549331240861,909
3,1535,0.621187747776812,0.836664633460961,0.655667055920386,0.273176078034484,0.415224081557201,0.0823290694219253,0.130834421137897,0.164488435790935,0.214729772780793,0.193295876731655,920
3,1536,0.794049349667273,0.438476826703894,0.201346498638369,0.337719493578384,0.182439212515616,0.210257403197347,0.233589696521231,0.240466090964787,0.227687544482968,0.306070771395987,968
3,1537,0.317208389875891,0.758833564482341,0.846938164423507,0.465939635158038,0.749821357804559,0.447749747360488,0.819998884408123,0.806639638926252,0.862877697715568,0.724611174125091,947
3,1538,0.504422404458926,0.542299068453785,0.203820520362212,0.639279356587128,0.791907086448658,0.657188105310554,0.379909349346484,0.698497348094043,0.663585775822338,0.774240693436443,924
3,1539,0.978412991960385,0.73957899198714,0.534271898131121,0.0908020128581921,0.0914509951965706,0.0446874210082125,0.140142931740071,0.232829199332206,0.457778007769916,0.182119885844906,968
3,1540,0.39370369662257,0.271392470738864,0.232093098473994,0.075666921875655,0.0273411073482821,0.107262510777359,0.259551009834225,0.461085569362292,0.413635785551466,0.62810793613637,908
3,1541,0.468330375140612,0.452704264671518,0.618443264958538,0.951736970341803,0.973147654745445,0.874180835631562,0.989446945235149,0.909512944011351,0.948388159801359,0.81402709433073,953
3,1542,0.708724807594023,0.865910007935846,0.910489752463344,0.366392939308544,0.316456075977263,0.499310901273525,0.694616535934244,0.71096466744479,0.301726267766183,0.491119047611076,917
3,1543,0.671837336406889,0.57446464168235,0.607159525779453,0.353232992444998,0.637469605760723,0.319928211154846,0.229510738377155,0.0936207965396397,0.132275597049607,0.146545546803987,919
3,1544,0.230576153932121,0.604054325059209,0.16205141880009,0.84732071222825,0.676494640697842,0.238859087696057,0.214138571625492,0.0734629080956337,0.0317243321694817,0.0443821440431148,946
3,1545,0.545924950645738,0.960072059952982,0.744231978421235,0.945252394540004,0.974800436073556,0.626361503909668,0.773869894172155,0.468815754851153,0.19936647911334,0.292620220620513,923
3,1546,0.238488849975261,0.178601769232172,0.367067428807191,0.559112870327317,0.669812332140427,0.654479619896538,0.700276925624018,0.758952585911145,0.732626683649934,0.523876169208234,949
3,1547,0.920407344828129,0.805491524305981,0.787903058286869,0.803644921136965,0.929399542533522,0.593942970190367,0.403691932045417,0.399314726886621,0.67502503432197,0.741713210338592,914
3,1548,0.529957133661906,0.728890049388893,0.319481373738628,0.568289651036626,0.472117425646211,0.472543693313019,0.511821572629207,0.260523695864565,0.397439188185179,0.299510234844293,935
3,1549,0.95734177820269,0.946921552669104,0.771869983492518,0.774441454393604,0.716062576368677,0.613107967799941,0.803662753952623,0.911663580029381,0.633316374804973,0.629627775276918,948
3,1550,0.349132206667087,0.107104160201893,0.177437121203824,0.12657570506011,0.240151958504634,0.552301675105056,0.553439378233724,0.753567850022095,0.858929090674706,0.890636646748766,928
3,1551,0.176788366083987,0.0828471199596315,0.730102932359308,0.907162950758478,0.7324004908665,0.928065072059291,0.416961634385712,0.749630252849714,0.702412583716209,0.751728229468976,884
3,1552,0.82027776604661,0.492979777214998,0.125926575631453,0.0494075056996364,0.124063231428554,0.396578202241863,0.272222858301141,0.168722250635803,0.33742390700587,0.47657615500836,934
3,1553,0.324038747892345,0.31834320471299,0.494780668594457,0.686677117456776,0.817681031271456,0.626834933073055,0.729617532775329,0.509320367203434,0.724473239959523,0.499025617439301,947
3,1554,0.312267520096146,0.273822997630338,0.309597841826566,0.097476869701723,0.0113817246695567,0.0102747186488622,0.0342305933626367,0.0358991328783316,0.0140592629291259,0.0448412624788998,957
3,1555,0.925868471668376,0.839550808699381,0.48948250068574,0.40473507390122,0.604113674565495,0.484010133078334,0.805978151862475,0.916444843061729,0.933784224268801,0.803382688310831,905
3,1556,0.452742200558848,0.113106093729445,0.486280906135715,0.973344733247387,0.581333909771726,0.582549051073007,0.63825733612908,0.794392313209043,0.609047772736986,0.686860286985362,955
3,1557,0.140359278607376,0.212897904373521,0.00274770357692484,0.0121346032009062,0.121058177431045,0.0769691174165773,0.258204131890641,0.290502854380915,0.407428949823746,0.6759567531293,923
3,1558,0.0760843748299704,0.109850378567054,0.0935297664555524,0.252827649968683,0.537664552035527,0.614409179664624,0.506996284875302,0.250760410947657,0.283813615558485,0.198736843199657,963
3,1559,0.654768010321908,0.424995240985664,0.24718467024451,0.231087598028297,0.288924380393773,0.259216769804566,0.133148580506865,0.233786651785627,0.198248757930836,0.450800702524351,926
3,1560,0.636844643145398,0.725007521900168,0.253653166380625,0.204636641898866,0.172179807593389,0.146886124891556,0.249889910292817,0.209194128561681,0.106483021855276,0.151471901621746,953
3,1561,0.368884518725179,0.501012649173995,0.656819222718815,0.360386575656483,0.40711522941738,0.330140777853069,0.303036883229676,0.285587894317611,0.100705668749927,0.159588343255484,929
3,1562,0.220893208393019,0.0893916508429412,0.322099147153463,0.707367055985581,0.793448486762239,0.805095237168482,0.968748163860885,0.924681446901409,0.928131191156979,0.715156194342704,927
3,1563,0.774789376992709,0.171407734311794,0.20208836603872,0.0907284280430035,0.0926150572802841,0.342973553717468,0.452550715696363,0.771044298839064,0.836255800377717,0.901901668950582,954
3,1564,0.00879966376982989,0.000368724280767237,0.00093525332279425,0.0042248464121207,0.0104125517407354,0.201715042618167,0.508400413181788,0.665823647798672,0.885434935003884,0.88948656796109,887
3,1565,0.922833880544999,0.881925379183789,0.68426359965006,0.549108259641941,0.503240496130685,0.0353223273480906,0.0183819356356251,0.0413903381630923,0.00234588976162191,0.021538490431054,955
3,1566,0.462053622087339,0.264647022035569,0.225519832991084,0.643766561829308,0.783944470202408,0.864051035248526,0.676947161255251,0.731260657330298,0.626567944982213,0.505768683052158,915
3,1567,0.593843237503532,0.714891920752291,0.468116718710217,0.435850105216815,0.775350664836064,0.866839293876599,0.528673296820667,0.416750555879047,0.43949889802896,0.261617864295616,918
3,1568,0.578983331590785,0.234898370913172,0.0107020121013786,0.00232137438842413,0.0372718835244378,0.0423299276821492,0.0513059052544263,0.0716832019835895,0.0659287158583386,0.0491207353914598,941
3,1569,0.815243696129041,0.735735581712392,0.518240361714989,0.966015893926474,0.72000919808716,0.301148097426238,0.508919653843687,0.630573347115283,0.407362084971832,0.306510084758362,942
3,1570,0.842924983469218,0.94824398899261,0.998033809897003,0.870894761035516,0.802481919417412,0.603839454063919,0.687951002687023,0.674405238196759,0.259659022080947,0.266455800672746,914
3,1571,0.684205877467749,0.468672542522632,0.403072364183236,0.415781242449078,0.30945903880527,0.150856607045105,0.0599413365512747,0.148188201865366,0.28253838881339,0.185524353077876,934
3,1572,0.981889261603734,0.287928515176976,0.725090514885374,0.62127817850612,0.584837362236095,0.344942729621826,0.420749823429139,0.584021574351947,0.668303773160662,0.813305028351777,946
3,1573,0.504609831509759,0.431987709698121,0.327337705286989,0.527130560125469,0.705328898987454,0.812975662272906,0.369677085964281,0.220900524030141,0.219351878598798,0.087230335175077,941
3,1574,0.40720453594653,0.275417021339455,0.136639687368283,0.304231542281343,0.314201170514586,0.405906753491093,0.379934659621986,0.194238076921155,0.147050140858248,0.215780170250293,932
3,1575,0.94093863437813,0.917626693797106,0.902490541356121,0.958759613488086,0.95926549509018,0.94930929053779,0.908232327065833,0.445781623252874,0.375183271399552,0.597142553244372,931
3,1576,0.207690610786522,0.428032643458742,0.216149242804213,0.503382817915642,0.59296889531968,0.777647765350744,0.537443332445844,0.576623660264965,0.573288175932547,0.699694280530969,913
3,1577,0.672464610686708,0.190255556121649,0.0983002921595348,0.234935156733466,0.249481187631106,0.356438645227951,0.288351267934751,0.493453069616935,0.453705517908374,0.158151214629848,955
3,1578,0.865925474280184,0.92729396625514,0.785330532372646,0.577952928537242,0.840431017487969,0.542979010574181,0.372302676911044,0.296108011138011,0.380838101632636,0.496604010025767,939
3,1579,0.0724280937493453,0.0478272516727971,0.0980993319766436,0.0589992871912133,0.0987373683114689,0.0590820986275638,0.129209090977669,0.0531126411405866,0.0884341234513651,0.238282011013538,918
3,1580,0.219645321130318,0.627256577625657,0.251625658667626,0.276715377758136,0.325677069021045,0.491302748785704,0.420977495074,0.197604491070039,0.408321540600653,0.157462828515525,930
3,1581,0.75818263985722,0.98667283213171,0.600290956730474,0.420331148557721,0.692561709715873,0.818952210725586,0.872547893777601,0.828008914477528,0.914468106881323,0.991914353793581,884
3,1582,0.660198778964682,0.420124599847481,0.873460188985147,0.267031269910379,0.332291390010602,0.164492984333105,0.0806854534147005,0.0609350596534286,0.046782492062625,0.0196889356044037,905
3,1583,0.923906678469159,0.668558066682039,0.505014911407874,0.729129401136821,0.842049030928174,0.663999011447824,0.444315962348138,0.518325982335615,0.70216122816661,0.67809525414701,904
3,1584,0.665416882621404,0.67500383160722,0.0521430361843092,0.240947115191951,0.430109402270346,0.185509432953117,0.0372976968803221,0.0165041438989218,0.0220879887213596,0.0217333191710514,934
3,1585,0.800841888132234,0.914114565542976,0.837137655258172,0.858866857501522,0.638899541229575,0.514958304541165,0.759688596219767,0.72433100614882,0.603230204728213,0.582988837097549,945
3,1586,0.895364627966114,0.922422326706922,0.604569490937555,0.834359033867687,0.847950380159672,0.743487526006075,0.730037300813639,0.917336747210029,0.766163687828794,0.894598748804908,924
3,1587,0.62906035126578,0.286229793029162,0.246639611019961,0.48757762824323,0.298945379939977,0.107410273308129,0.049499961969413,0.0182946318834084,0.0749269897045947,0.162350558418242,891
3,1588,0.963557502571399,0.428146500008909,0.341351939878271,0.501909852078873,0.565763551136076,0.568319753792016,0.158987847365544,0.246835500110585,0.191079596099192,0.247673640498191,917
3,1589,0.848450334571847,0.696449113561954,0.610011412604603,0.836610416305035,0.574470370272756,0.430226539437768,0.277108288283352,0.223946885224608,0.0832309597709046,0.148181802053616,971
3,1590,0.774013779593262,0.836869167366287,0.924206198316121,0.454268752417892,0.29778390977951,0.686410143262268,0.490393297331573,0.903457352086313,0.73835084759059,0.761880563479751,937
3,1591,0.245979286628446,0.752047169091062,0.808781969599799,0.97126653926782,0.847873056541057,0.679870384262695,0.576821868876526,0.71301508712478,0.531742305244144,0.444861888259204,961
3,1592,0.977563691420909,0.774270471212815,0.879130364900821,0.750624627680277,0.592500193188299,0.362119552982209,0.302382084016854,0.290428920986727,0.335474199005107,0.388711474004098,970
3,1593,0.306943292855609,0.327016464466548,0.343451279915397,0.114308558878712,0.192884168303472,0.276872155111275,0.37944695906026,0.460807591600662,0.605571803152815,0.597395119141132,938
3,1594,0.354531666243595,0.8446506292878,0.348036809833745,0.0836710124172971,0.156235186592078,0.146418327217635,0.243495287966935,0.122355140182668,0.212824579676924,0.209698083902887,956
3,1595,0.919894353951738,0.685080539122355,0.838725329012897,0.787194969090611,0.613860293191532,0.806978005827489,0.62710740533002,0.398735586029109,0.671352299408476,0.913291464416501,942
3,1596,0.315560487598964,0.131268823253263,0.0490415373642956,0.0173754706459261,0.0143811581531224,0.042028342069541,0.0850654324116594,0.0812117925524732,0.166141703697968,0.170620198211516,949
3,1597,0.811958665382313,0.142430004654411,0.38161463314748,0.294595276383648,0.566414518238111,0.407486137767299,0.585075329549889,0.241672701535312,0.336078595389178,0.150869384772325,878
3,1598,0.317867360253973,0.678981444645088,0.881188728267907,0.768177470694088,0.783965934086492,0.806739796516978,0.88955580993068,0.884971642810156,0.522565814217689,0.297057412317507,921
3,1599,0.867346192982293,0.129990088499033,0.162870020672956,0.468773834592317,0.520081465944568,0.681140098853038,0.665613384213399,0.59326524301119,0.695282025098525,0.401596064322452,913
3,1600,0.113175065933385,0.225546592983303,0.138504404333082,0.246401083614125,0.13277786774507,0.143426801778817,0.0763545463213853,0.0485867811743313,0.0279158096005841,0.0423809755762892,916
3,1601,0.879383259484807,0.806934571065669,0.994096421099539,0.94471424990227,0.712827933999302,0.359389140039018,0.729302412332812,0.803623724791583,0.878937739492516,0.828024018878985,955
3,1602,0.803794120748564,0.965909442300944,0.993801964623205,0.995144205941672,0.943062017436808,0.467371182628947,0.286121321029049,0.276460591461031,0.308346846304955,0.340458131587663,967
3,1603,0.143208354174142,0.0734515965560559,0.0248993056902904,0.123962445132518,0.164927964011441,0.253062065225603,0.366324384864503,0.297274892959862,0.126359572394446,0.102136522529222,955
3,1604,0.886436920314928,0.893536462684908,0.216385546348674,0.516004772186611,0.672208719339399,0.765487748282248,0.621019773403149,0.558683657948761,0.695241343683234,0.848805595449819,945
3,1605,0.558670319945455,0.535931381029512,0.0418784416663444,0.14184741255289,0.297030074024257,0.26613390306215,0.422568422734508,0.526673596089068,0.60786660769916,0.750566909976501,924
3,1606,0.97721230848185,0.992912626501946,0.70400543188838,0.486519413236678,0.656670564951921,0.323668056629431,0.264125252432772,0.237212690385276,0.316796654524892,0.20964652479636,937
3,1607,0.538160318298979,0.867107751981722,0.99156751830258,0.787098557453546,0.630470739712636,0.395873000098683,0.533930963411608,0.768800852666518,0.842261471509496,0.730869063991849,960
3,1608,0.812892842317821,0.746736660924922,0.757860625216235,0.663145960265974,0.711987858143162,0.162854442188498,0.0586148018828324,0.0133849893025881,0.0885158269388407,0.067991260562123,939
3,1609,0.415291627315916,0.0788052173701217,0.348809640514135,0.0469298526256517,0.0212041938793835,0.109425114627701,0.110113466483124,0.216557505605661,0.387406883573589,0.436691211766638,925
3,1610,0.895741628047097,0.647846814808148,0.572043609033054,0.164366967021036,0.29403641611714,0.672441002362512,0.837589445654462,0.791247133176225,0.508825472559426,0.404449772204398,964
3,1611,0.139952717605644,0.151808284999975,0.307034712241112,0.967539776215981,0.615259669189651,0.568022457527262,0.905131066607255,0.941337021026564,0.952512698236175,0.962142710369058,913
3,1612,0.0485081210069537,0.42811402744553,0.541303952482081,0.718528847646855,0.949415079875141,0.750072958617361,0.530066496213132,0.409567131319205,0.298533554812544,0.375018564417709,931
3,1613,0.677350605400275,0.424675126167875,0.637746372795562,0.59669800660782,0.469464594916743,0.434359015300789,0.609860645845407,0.83516523589966,0.831292102366788,0.968008520193348,959
3,1614,0.941772131028289,0.761296412088242,0.480453175552198,0.13907084976131,0.0436242856601119,0.0160780209242045,0.0808822210661854,0.0874894064674526,0.0213258716113217,0.0620087491323454,933
3,1615,0.709337046881775,0.962441081922758,0.937933757014152,0.814905716145562,0.706718784575421,0.733426991640286,0.937402732334511,0.910527011876841,0.951171392760107,0.973840448497836,932
3,1616,0.20110334937287,0.0214800668697883,0.0353656608082659,0.298443826645707,0.0594157174824759,0.0282982771280022,0.0532362528579609,0.0902578236217326,0.113208691549668,0.0888664073436034,943
3,1617,0.0888179093775967,0.364318065869417,0.229308967181955,0.22941455924786,0.547919681934836,0.153420772266449,0.307822323234166,0.172883622697443,0.232268288130207,0.259991209651727,952
3,1618,0.0476740702340325,0.0144240642008742,0.0147837518764209,0.00616863058603766,0.0794635216323876,0.105573589875065,0.0975306433765875,0.121529364311734,0.0998848951920867,0.188314714709769,945
3,1619,0.583465881363461,0.484682984945912,0.720401186944654,0.736626379826036,0.670287185824964,0.835870127788387,0.700376322414865,0.875315705804637,0.792579241445696,0.724570870151222,960
3,1620,0.941526863801399,0.929512225826454,0.220013174469685,0.351779974706846,0.699170864495867,0.307768540059354,0.159504563747823,0.0484799872654033,0.0242152618984811,0.038256388063988,948
3,1621,0.574579142828605,0.63001049218325,0.225762069546407,0.103950232809488,0.0709691340028799,0.346094704517525,0.209210647335275,0.284166609624233,0.0482010193829315,0.108576172219033,923
3,1622,0.898525897012566,0.782205142678879,0.114901300910019,0.170884305970276,0.134224971966019,0.0372411246516806,0.0972354708731052,0.0921076394932362,0.235411052911424,0.0921424934992306,957
3,1623,0.177341617856593,0.144892089757362,0.692911766699988,0.658528631909013,0.60687064906935,0.798456497538682,0.497814463814254,0.49753713479084,0.874876531723157,0.77606020106844,937
3,1624,0.7397481789919,0.495028699554958,0.714001811126051,0.618268380906771,0.147858458333019,0.0816093117082795,0.32500718629212,0.0389158048800006,0.0243396006506215,0.0469474724328841,935
3,1625,0.624252010056535,0.870897545986008,0.841719200230382,0.808038065583456,0.716374496326205,0.849031207987707,0.836542062982746,0.977375085935951,0.843564582494889,0.629295814991726,955
3,1626,0.745828717754556,0.414246403231496,0.866670444976128,0.942274244144867,0.77764452542266,0.756343312094871,0.741885743232598,0.6873807732385,0.78107936026539,0.817995795919487,902
3,1627,0.281811334476109,0.103688464575188,0.348555672000571,0.470767337874057,0.318943222652212,0.393604472759719,0.52197625197538,0.918999226951867,0.965322865209824,0.977437653296939,948
3,1628,0.754152211557919,0.854476762260405,0.607254768619143,0.293000348656457,0.13954904844663,0.0836267054143512,0.0726244369614021,0.187429881377035,0.0705627699438365,0.131147369028764,950
3,1629,0.98915073981174,0.549250990314498,0.521158680100483,0.100620739785629,0.119064637468758,0.301214307007538,0.230992645488627,0.202118842650222,0.154343953639156,0.157783377393311,928
3,1630,0.221217021768985,0.544601977729335,0.139847992553199,0.481814793541887,0.216950038700284,0.284313995754657,0.194776622329415,0.197006065902682,0.324823645593809,0.136076537693645,939
3,1631,0.587000132603363,0.276931663240049,0.829260461925517,0.995844538621271,0.971242819366964,0.867731060687509,0.672254641902165,0.65149763424074,0.651597104474805,0.52474889907487,941
3,1632,0.0277081043149386,0.497773137514585,0.153639826755122,0.434655966831332,0.448740006920242,0.612674663621527,0.769921512246269,0.803134741439819,0.702888149404869,0.950182764226536,932
3,1633,0.90136879643035,0.928598715143888,0.774151392546941,0.692187125011601,0.484543256982069,0.643950140064334,0.683139159126556,0.416211031048111,0.368229060831502,0.434768547323724,934
3,1634,0.8825373909797,0.652713466845606,0.459410414311177,0.628452549693986,0.866785111895748,0.844701343487774,0.950352402848042,0.807133716122489,0.732347248200055,0.674691795379326,902
3,1635,0.163596523550018,0.437002609583475,0.209358392468595,0.342051347140448,0.536598833777739,0.589544110212252,0.604228417243684,0.783137987567818,0.799678629935127,0.847320196561238,938
3,1636,0.264931206794579,0.644054088161569,0.819951101424685,0.806390618179021,0.69204812560955,0.773383446423055,0.529470915355863,0.748855223908772,0.677080395078511,0.744651182883269,937
3,1637,0.270665741925979,0.925862306140402,0.904832612973762,0.926845970383701,0.970323746417354,0.941782844651898,0.664708740846276,0.830625707120812,0.937671633727203,0.88427691851182,949
3,1638,0.269250258339417,0.535410748714572,0.114644487604156,0.140853139622829,0.28799763653927,0.35306138007013,0.624653243353616,0.567367182060033,0.537735818167212,0.537677575370568,937
3,1639,0.170736419577542,0.877966947135205,0.812371440489739,0.956624632180504,0.630947315453843,0.696679026706394,0.663152520115583,0.610914793846441,0.39545789233317,0.646315312018584,938
3,1640,0.520733587480586,0.658989645763361,0.862654132281314,0.701332405592583,0.655326717268851,0.458595604046264,0.074162740177781,0.045558170947563,0.066024326898475,0.211181921224273,941
3,1641,0.639993397552509,0.599682307367997,0.93689995400631,0.475627439505485,0.600028285046562,0.79498181836939,0.722412967481574,0.740636794999203,0.80654957493767,0.974292116051928,957
3,1642,0.970805851941211,0.928429255293085,0.798598842665079,0.870216765998215,0.462458598726077,0.524299483582795,0.706801858722642,0.585416040994048,0.380176068436958,0.450380872332395,922
3,1643,0.466855729443257,0.145074121681546,0.512783310924018,0.745258287817196,0.307614844590604,0.520170996354998,0.357221477962461,0.459197825253572,0.447644693856397,0.618042011060929,941
3,1644,0.0315417929490388,0.143452629949973,0.430812598077236,0.299503118041104,0.593435678978729,0.555273858494015,0.71879079011181,0.586351005482366,0.870201794506638,0.87636456716999,935
3,1645,0.325766189030768,0.376828241414308,0.526996383801057,0.364144954724537,0.143162149071995,0.51536444147674,0.659536168774638,0.745384949950628,0.782041231974252,0.883188783202351,932
3,1646,0.624146394194341,0.128843176556729,0.664344371050273,0.182904691227264,0.398061486731753,0.400182156322199,0.145833153836401,0.204430692101052,0.296069613565098,0.422324776685134,951
3,1647,0.465185359427845,0.537251788260193,0.196256798227861,0.667952726674951,0.689076081136146,0.663401355905403,0.843290046162173,0.677892014421507,0.640444201210246,0.84137367892275,955
3,1648,0.92644097847326,0.361494804960864,0.239311730518067,0.295807180890791,0.415398188326151,0.328890156370714,0.628527396410786,0.183882000352851,0.0681423195515743,0.0731475994870682,938
3,1649,0.168627841432668,0.283664272183894,0.334768938774851,0.181748990351954,0.743106081920908,0.934202267080729,0.946770232270486,0.954303041023807,0.747611578509973,0.278159124526026,919
3,1650,0.49068811417661,0.880214911333158,0.262572211321401,0.0112945476374371,0.00457009839752127,0.0567500077994058,0.0704785325869779,0.0670626699579135,0.179787675700649,0.104970107428207,940
3,1651,0.0658049766130033,0.130986816673807,0.0862970518009963,0.16865844547272,0.228590838934291,0.385605018334954,0.461475580895308,0.270757293725637,0.301492017489749,0.264295161687209,954
3,1652,0.0628512691886314,0.00823259478765644,0.0126690107688504,0.0219225997109725,0.0542326419959641,0.210170445013254,0.157696380701374,0.150137335857546,0.0949313585040852,0.035464430191012,906
3,1653,0.0834832188696895,0.390261890467739,0.435482787574343,0.125398199529751,0.0530443239056808,0.540373526868702,0.352424309472236,0.248652192774048,0.139084427482856,0.214469509890961,939
3,1654,0.131133364284938,0.541852716792346,0.842965483693966,0.862187646355569,0.708732154206305,0.787514925875381,0.381394047342593,0.311423630439008,0.139709946754379,0.12214079285732,937
3,1655,0.209905980728609,0.89245059694057,0.97919367502291,0.913995453022871,0.870679901425935,0.914255063569725,0.828804158042947,0.831614841126117,0.774786693228865,0.678652017230515,939
3,1656,0.164680717354887,0.161917352388199,0.305112132996697,0.852202510335409,0.52357053077677,0.622962248481983,0.930500278053975,0.89688502628969,0.662425923798814,0.429163749827237,953
3,1657,0.490829762928461,0.584413771945182,0.617021921316228,0.981982000027113,0.877086140899011,0.423720502086465,0.361828162766533,0.179232158969674,0.101985755745979,0.220462165731054,954
3,1658,0.13026540315259,0.0519051610993882,0.0330981677733617,0.100736728488558,0.215789304934331,0.362162382628038,0.360454573970447,0.421985096716263,0.188717929552117,0.177851067769511,934
3,1659,0.711831841749265,0.855189632497047,0.877456219997131,0.856858555061238,0.650382606714162,0.575945084483889,0.587094710793359,0.326071892823645,0.346445136323164,0.329790409022046,941
3,1660,0.41826235422926,0.56550016362752,0.569786130200777,0.696972918670997,0.210719068812594,0.727151181141912,0.708100025254575,0.382870023114654,0.358603276976032,0.243575790371593,942
3,1661,0.403786100433311,0.38653205679062,0.86425134363381,0.774487627300564,0.462209305535259,0.387481359693787,0.391932777245507,0.585250835481832,0.28502690632506,0.194565642219917,933
3,1662,0.331430742029656,0.103567146122033,0.207990709372361,0.381326128214592,0.181076604261563,0.522322544301449,0.35268283515313,0.303621335560586,0.128252215875019,0.10078578443789,919
3,1663,0.832948219045173,0.843528734234194,0.715067051406136,0.499020286635579,0.727096452026733,0.924576721452806,0.978475176759521,0.861145618231277,0.842393410768771,0.764476620337776,927
3,1664,0.541017203081891,0.659024746231103,0.803693499833982,0.696209694727131,0.903265979722439,0.838524885063272,0.716408403826797,0.746729621959234,0.605029198878454,0.679549730777245,937
3,1665,0.766765973193512,0.986772943201527,0.701504916184179,0.822798285451673,0.479345177559434,0.592730590039179,0.667079198048446,0.877665829438136,0.826874267876551,0.692377395379392,949
3,1666,0.466555531094976,0.225965399030873,0.339335765641801,0.299578928590459,0.451119159691817,0.326366795062803,0.53489584961444,0.676184243541133,0.6198209324857,0.539614401257103,929
3,1667,0.67981515904422,0.231147734414997,0.476762495607518,0.276471608189493,0.356095564996339,0.60089661304244,0.754732762274369,0.736434269088159,0.712789595236953,0.671314466944494,952
3,1668,0.590508943964471,0.145389729690134,0.277996403253832,0.254389716794121,0.443971966237418,0.433054545593027,0.564676007505117,0.545276272133587,0.544579467539744,0.346909138122161,967
3,1669,0.296885603668354,0.223698571429459,0.320590970164601,0.0745119111070167,0.108223832429935,0.0425200062896778,0.215942694190886,0.117917402834337,0.0327434664522348,0.0532797296842635,962
3,1670,0.233522737374781,0.130935482546086,0.342867200088847,0.569582626853468,0.66286732030964,0.787776806558738,0.530254062755844,0.398982960917517,0.399935853626018,0.400336156372088,907
3,1671,0.666615652577627,0.850148104172926,0.998523335707074,0.922068921051179,0.953613908630419,0.956574830210026,0.999824780356122,0.978484766668909,0.973069158492225,0.872034065518672,947
3,1672,0.947379455120006,0.871395561815412,0.922859191805628,0.845570498837861,0.76207985100044,0.260266619886431,0.0932737212292963,0.0918903712454684,0.105347238120729,0.177995685991186,946
3,1673,0.472611873725534,0.73518519806296,0.720087454750241,0.757713508164111,0.560518870382869,0.227806382642747,0.637601248719194,0.608355392471357,0.843007128070957,0.867612031570819,958
3,1674,0.194428703867081,0.328595038051201,0.240111871281772,0.433342660340126,0.770731580297335,0.629246825332381,0.396508816439298,0.392789164706015,0.377784874155306,0.535685533201915,948
3,1675,0.624104308309116,0.567565236488165,0.724067718167843,0.666724775803532,0.145390102832388,0.0230031862346689,0.0290609436876402,0.076469709499263,0.340982556173784,0.254242455484224,937
3,1676,0.43428099592357,0.449077480283647,0.340564926595601,0.47797861387351,0.473587899322884,0.46844338588326,0.56081806402641,0.576037402794065,0.662879246905482,0.31845693398658,935
3,1677,0.987651078081018,0.637948850021522,0.757476487506235,0.993268051980695,0.859565799582456,0.961812197837402,0.954742448715692,0.814704929917204,0.552050394159623,0.597615621407716,952
3,1678,0.0964902491458733,0.120692193499122,0.950428040944219,0.815760961663456,0.672797670174271,0.604335533402187,0.849711783387486,0.729016695212561,0.67414934141024,0.774557667751991,949
3,1679,0.598775903614807,0.576729219912406,0.667698789950703,0.440215173452022,0.30377805670399,0.601451660478276,0.746860663004413,0.924740088858679,0.945230349259108,0.902203581237585,941
3,1680,0.790277571371734,0.698306963093745,0.534984878224495,0.863706891812048,0.761776602212099,0.819330643586867,0.749126929180271,0.667129293089429,0.504992257428649,0.606870779190411,934
3,1681,0.843217659880372,0.874627689299412,0.95324604223023,0.962001568631753,0.795272871331836,0.728038497393744,0.718046505926412,0.921707196898266,0.850009296062698,0.876131039761038,945
3,1682,0.346714178692668,0.524450058303792,0.249765902293644,0.403744450506874,0.291942980949602,0.499785260517928,0.192284351812795,0.074237106919418,0.185663554077901,0.216096652817467,937
3,1683,0.318598707070128,0.0982433454207906,0.191621288927277,0.0642817498248999,0.00882787762163402,0.00645408650602539,0.0100592201198176,0.013270615896502,0.0110357001356545,0.0280339856173704,934
3,1684,0.661462740805587,0.147551107431201,0.302821731407279,0.225456078101799,0.207880571596072,0.287522941266382,0.369442493630363,0.446270547176124,0.666576132571763,0.501649234986105,955
3,1685,0.281707418076054,0.389552979209191,0.0878990796906049,0.180055746503738,0.175166695223445,0.130519456787482,0.343813222195603,0.0866674478154501,0.182555823008921,0.266811585368411,951
3,1686,0.183272176386363,0.275431643966347,0.431853633791535,0.806775303479779,0.800068003019903,0.836504171175691,0.94752868093894,0.828452190662829,0.97370228252567,0.902899145390875,935
3,1687,0.0166975247306188,0.0227083028059504,0.000467692524924028,0.00206432848809676,0.00136868691747844,0.0257371004668306,0.260662772029157,0.620328874530711,0.457840728041004,0.419702541126181,942
3,1688,0.439584298947134,0.046333570991588,0.0270609415948973,0.0442184942644987,0.00721459162796215,0.00048348153725508,0.000754355050353307,0.00378209777403105,0.00148187216493634,0.00124428134747643,976
3,1689,0.771408373467064,0.912912699993865,0.940252916025488,0.589397660988746,0.252446354835728,0.203772365222113,0.133789401214851,0.283019801861032,0.231443742740505,0.292072347179857,942
3,1690,0.477020992064945,0.896094140703029,0.884412414971087,0.753982813207306,0.719188033100545,0.763175531194537,0.711717677348952,0.392054405906132,0.749746463696934,0.70795976370471,926
3,1691,0.589690109904036,0.822100820120331,0.524261305173227,0.337078855591792,0.451608835733874,0.450576871123667,0.399737411106793,0.610053622212413,0.657689484696772,0.606027482196091,963
3,1692,0.770722582709117,0.762779432604801,0.825791869024478,0.675095451982596,0.705415266988229,0.853776704567536,0.784390125242407,0.727622403866046,0.738997215251696,0.67845263158305,945
3,1693,0.389528535927147,0.978302954441051,0.940421758455174,0.910959316596482,0.538986232054528,0.189973643244702,0.241339215514558,0.324979528302591,0.112826399129434,0.127775193745785,918
3,1694,0.801169019269321,0.272619946033929,0.208102746434855,0.447386407493643,0.653665673459453,0.61502458623854,0.564554731008896,0.84767624841458,0.679951197014086,0.669752975068439,926
3,1695,0.95974604957125,0.753990467660766,0.928706848475092,0.87956145925107,0.795969705712834,0.64138610711447,0.542672510449145,0.439916642124587,0.263692474535275,0.310496722100241,946
3,1696,0.259936611513279,0.523184393266536,0.939225112927487,0.690668272487798,0.518737194125702,0.591665735004608,0.711362605581735,0.357208141901784,0.342746175711654,0.23982915865499,962
3,1697,0.340685348065873,0.220134235314982,0.84319679910604,0.998168445126153,0.977185154559425,0.780478524337074,0.561934385004255,0.590641757024959,0.617509672445685,0.389878745528711,953
3,1698,0.378597580321449,0.603236179240612,0.185313555417079,0.332665445768007,0.583447674964255,0.338319588354164,0.211754548740143,0.289337794995252,0.432597268247231,0.527414780594998,926
3,1699,0.742672188924234,0.82377119469186,0.909203069928856,0.769307344900069,0.868633117384649,0.625675212233848,0.388352164976024,0.405555674932932,0.559344710852271,0.223654389090289,948
3,1700,0.775878196557506,0.490170417636553,0.76121888462084,0.552095136087182,0.837602591169566,0.915693363241366,0.98918583191892,0.920301113976182,0.71807424145744,0.681399446296694,946
3,1701,0.00136912657359975,0.0602488349143009,0.324128059499433,0.38118499610093,0.0644839296978722,0.0606424613546743,0.00779413240086503,0.0265507683077406,0.0669195299502031,0.158368700528,925
3,1702,0.920512374712027,0.374289019793578,0.0826755753782154,0.0613306677344369,0.102771305888165,0.287934406036695,0.430232861425601,0.35913689349941,0.44538330103788,0.852419183628389,940
3,1703,0.539539125734425,0.323560574153648,0.0258875280491509,0.195627634108757,0.29519059104935,0.20679835635341,0.111074252914434,0.292578676897645,0.297436489532116,0.381761958561586,942
3,1704,0.400535730447792,0.0125726498783914,0.161621278975815,0.229599568328512,0.357008447114708,0.382756910272083,0.215701611229375,0.254919967300277,0.0699664441526455,0.0242194431315625,937
3,1705,0.276176297476538,0.502247148149408,0.198274721597443,0.771921030345142,0.762715314291059,0.969905645035524,0.865873680599967,0.627815349860651,0.628470997168056,0.777826140478257,931
3,1706,0.684763056747476,0.403639737518116,0.897652560384084,0.786781711618757,0.806803375091532,0.600827987586769,0.571315046495498,0.290666473307655,0.507944871880917,0.491190742494388,944
3,1707,0.562781967259704,0.13492900902471,0.117110164548393,0.362918370259384,0.423736393273677,0.312322774751911,0.201507898771277,0.205413306443412,0.142909576049839,0.349941388618898,960
3,1708,0.227788297657413,0.435289149251427,0.243910028147039,0.238283440855058,0.667763671198178,0.689018894454336,0.867234903502986,0.883246525927786,0.73416484078948,0.82215368481245,928
3,1709,0.391623800263119,0.891960736174899,0.551138435474054,0.411499740070409,0.414172248060432,0.574223558289353,0.644745773339887,0.555569246540079,0.287218554820801,0.493884729550886,945
3,1710,0.710529196305093,0.58640946766007,0.0835542850505506,0.169593868697367,0.290550513703144,0.163447676162941,0.146358101069893,0.212521213629779,0.329444431137374,0.461156430335878,938
3,1711,0.561787176081164,0.370925342089501,0.40308287204508,0.370931734389138,0.707799104539292,0.558591630087491,0.615334396631011,0.50281287220132,0.599413145036545,0.542048355073832,919
3,1712,0.362232369168016,0.431636449156429,0.324246268397329,0.375324868162286,0.502279984646616,0.502959022049193,0.525691278528185,0.850434536829312,0.970652854987098,0.960371789662662,957
3,1713,0.784407866809271,0.250470817848322,0.627204178537988,0.372535761744413,0.40885669279102,0.290637921056167,0.246798015972823,0.278081176590334,0.260383544304448,0.254712919037856,946
3,1714,0.376540234796837,0.357024523680425,0.765007093800379,0.976993691409932,0.688396557706583,0.656599595080264,0.694183476067648,0.438443545474691,0.715146345970868,0.287095394079813,965
3,1715,0.800670692426634,0.814875230525891,0.75609262929045,0.530716202558394,0.540928069280861,0.614685380003048,0.677412370930667,0.823021056279441,0.745046152157178,0.54322356117364,951
3,1716,0.0527425308105788,0.0986448517616537,0.0366720187370076,0.0326938035569582,0.129649182898416,0.04057269343749,0.100067240401649,0.153894590075409,0.137729226239999,0.406807591549763,931
3,1717,0.904032932370986,0.75619459805441,0.771898644083966,0.752369868352327,0.367794164376586,0.232329616619578,0.231299045190379,0.266744782792731,0.427882099219625,0.7084843706956,880
3,1718,0.502093125419852,0.203816514927913,0.0903747407740824,0.109953922763584,0.0977755122614407,0.0385119910335719,0.0707159302360068,0.0262517344240985,0.00598559895050653,0.0169034499882562,963
3,1719,0.00965225602386906,0.438039703714223,0.295305728649156,0.246318968448133,0.219771563962211,0.449639146193422,0.981664914109993,0.817914202396139,0.755073033871148,0.746651140283943,928
3,1720,0.578568653487954,0.42163621797494,0.657760723273004,0.572625238062311,0.398937760347042,0.13555396972676,0.136006222673507,0.244197017261919,0.467585529812982,0.58111974181518,978
3,1721,0.45357894841211,0.531776820068438,0.905171332489789,0.639729331498875,0.800215543479911,0.808253503166561,0.847014710245359,0.889429037938639,0.830636212778479,0.749934431406373,948
3,1722,0.322474927052164,0.667983380698316,0.802667861697442,0.946448574897251,0.941919790809032,0.996100211664807,0.995370227811226,0.997748903730287,0.862152250834695,0.902326582178483,945
3,1723,0.205478538290965,0.418051926832924,0.777230983031619,0.946614150153298,0.991547556227781,0.915763702107004,0.839727087293834,0.980199419574813,0.832246142356877,0.557397243281714,956
3,1724,0.0607098749699971,0.0176737418626257,0.0406547092163564,0.0271874304803718,0.107217982883991,0.572258876519341,0.351874929947617,0.321224871909925,0.191254188708968,0.194143394213893,933
3,1725,0.524831345161568,0.358563148343661,0.458238440614007,0.567499301885454,0.478810103789568,0.289837636597503,0.356911807226485,0.372170499852402,0.642694455751874,0.835624972015411,935
3,1726,0.846098552533353,0.238716813292406,0.182298217158891,0.45171979866574,0.322613333555415,0.222332031603432,0.217653704622578,0.219301510476202,0.484554600588856,0.657619137894568,927
3,1727,0.771058129456705,0.586334768059293,0.952707789908138,0.80270018266767,0.834801144388214,0.92706058148843,0.526574134767253,0.38832867076428,0.314875810014909,0.270229978265326,916
3,1728,0.36685503012877,0.741676870873931,0.386005469917859,0.621355805794467,0.257105221814787,0.0983074737667573,0.135949451009505,0.0122525180316546,0.00315838292554596,0.00323666370336459,934
3,1729,0.836094289412639,0.819502914237993,0.937154931110512,0.900133043018345,0.885711233570675,0.8259277509318,0.92958041395284,0.931380300821245,0.948914374168714,0.850511912689624,956
3,1730,0.651439167277347,0.935057052541316,0.455103422401551,0.829577285664728,0.120362784468362,0.115731019929984,0.459743239386592,0.455580659577041,0.330487674020505,0.425159432765134,955
3,1731,0.257586527505846,0.414745816485884,0.588657849476775,0.594889940473971,0.710354298524776,0.666418981987491,0.739755637251146,0.688099484027421,0.873193391689606,0.981283310254034,933
3,1732,0.710660521701172,0.442344452778082,0.630712965472624,0.823275452554062,0.967243370707407,0.770976494054816,0.42587875590465,0.582326457444516,0.390472346881307,0.490036878866134,953
3,1733,0.107631295250289,0.472575372089781,0.221818009528169,0.0975297858488587,0.300136018843912,0.221027701822685,0.271663082692506,0.590421369580332,0.587192941866674,0.78532616732724,943
3,1734,0.504088377047124,0.519529915316305,0.270203613005828,0.458937194129863,0.230692956938635,0.238106006314124,0.561423208768353,0.536032670098091,0.716304731065389,0.573981898508942,913
3,1735,0.550219945732198,0.866165830074628,0.815949360393954,0.40754910096691,0.823025800712133,0.932058108239273,0.973662424925671,0.827094203218964,0.859415172856755,0.811358694568565,970
3,1736,0.855659314814054,0.522151332047494,0.746430528280848,0.508279358837867,0.960433267943688,0.801880000841437,0.915686876327736,0.86497606579887,0.729225741008873,0.618427870195208,923
3,1737,0.248740373096229,0.155382611711165,0.222160280827522,0.323164793727649,0.038616369093975,0.0348845004394228,0.0294520830253526,0.00328985267331813,0.00930467242791652,0.00985755478497942,954
3,1738,0.769622374018174,0.593549309166199,0.157447756144872,0.428298028923316,0.661106465555031,0.663234828942588,0.526222749626486,0.256778491833402,0.238115514289539,0.115067295880309,935
3,1739,0.462514093222988,0.175703415616988,0.267098675268461,0.138620902069298,0.115417616480208,0.149085306236797,0.199540912329233,0.298233875976432,0.286754585661415,0.355603783147766,913
3,1740,0.804293517857555,0.619333739147622,0.247561352634127,0.467945636022895,0.887898890117453,0.538683833627455,0.535238819098231,0.467632134200739,0.484539100977155,0.711848089095749,938
3,1741,0.215484940411052,0.589843844779249,0.559805250095996,0.932710183933677,0.745694223583306,0.952740379996943,0.980336974882138,0.984476181212645,0.984667406859259,0.970533678454436,952
3,1742,0.456704306266442,0.116671714204318,0.19357400618757,0.08793303585039,0.131950986834406,0.366128746184036,0.480056038319314,0.621204707422207,0.495419010297884,0.5504739188031,952
3,1743,0.733814037211563,0.776105324856864,0.61202835249859,0.802390230241408,0.855363567603445,0.92438578080536,0.699575867674618,0.675587696889549,0.619788449838643,0.468751221975127,972
3,1744,0.194456163156252,0.167416754019947,0.121272513039448,0.065448088958974,0.057110404201311,0.0182387476721645,0.0359982092334931,0.0200293279276629,0.0159845389029424,0.0427345231157586,927
3,1745,0.60075903757771,0.640256893699341,0.182329228680707,0.214829042946835,0.121803114264691,0.15256224232363,0.311406675745628,0.245273115920073,0.207450610826208,0.413177755707601,956
3,1746,0.861176335060891,0.949758039358764,0.866527232161584,0.618140869973301,0.504142324825781,0.627964373491582,0.739644744821731,0.716702414014921,0.883284266533654,0.673534829999908,933
3,1747,0.956844793591263,0.757075942371211,0.217148044674271,0.266376962796687,0.33535769245143,0.338544553248038,0.580978330220198,0.638779639233072,0.862857553965953,0.795316345867769,945
3,1748,0.547186864833779,0.824228822841661,0.397474041090185,0.56951171910286,0.792024142977529,0.649175842552567,0.436865595555113,0.626677073218355,0.721853960537753,0.848565035309407,962
3,1749,0.978504597676566,0.888818475534036,0.529988357810039,0.801887856545864,0.86850022008584,0.836693638946964,0.765842541814908,0.614746692515055,0.585622765189905,0.649506088607678,942
3,1750,0.623907409383529,0.319986378617643,0.498312466455121,0.655992201293673,0.899915184849399,0.73118729807464,0.794451731824934,0.898927701208346,0.692110354514884,0.608563037338037,948
3,1751,0.0426629312535996,0.245106889860025,0.278050018945843,0.200543958177557,0.130983586173439,0.27198681036996,0.293900089504455,0.423634869711193,0.307066594926395,0.336346974919132,971
3,1752,0.838283343273807,0.979013376484357,0.69689796361235,0.74347987476494,0.647522624708014,0.519402985562066,0.562802120057235,0.62458074495494,0.340523320814752,0.603439325749315,919
3,1753,0.0237395254261295,0.943200944102435,0.971391968512368,0.823715027337391,0.274887691188378,0.0529416186369816,0.00768658266716207,0.0230121530827335,0.00874162532561318,0.00469912050284528,960
3,1754,0.989845673252461,0.544524163681442,0.40595776916395,0.206022919390952,0.161523177292649,0.270740056436075,0.154525074144582,0.0626662909515104,0.0460278178332987,0.0948945126113485,961
3,1755,0.0165987476977309,0.143464383108902,0.092560482846352,0.341600671410747,0.348271816820593,0.617324251437291,0.867473394898417,0.99300131771344,0.867168840432881,0.655632841911263,916
3,1756,0.0426783689637927,0.0854998270656702,0.02170727792593,0.0266893544307946,0.00357680169991567,0.00372688354461582,0.00505044669833899,0.0659016114089198,0.0829006039429317,0.157054223507756,927
3,1757,0.364948228218344,0.462480575129559,0.612011377333321,0.118293668290963,0.231478257899907,0.357235257189028,0.0870224253081329,0.0319729965027604,0.00430496238952659,0.0149473820444084,926
3,1758,0.0952381255308358,0.187788975256687,0.525425651194326,0.635729026994308,0.320192650706245,0.224917514686879,0.252106230401787,0.382972679721193,0.366433884860776,0.596018078158113,951
3,1759,0.583885907026297,0.223386625679152,0.202271353698487,0.0924766196041457,0.0421311150780878,0.20723448048634,0.183192099302931,0.294172913576088,0.149685754635975,0.297845124142267,947
3,1760,0.221193587579069,0.200669952506201,0.245793882567582,0.244839811161498,0.199269045037388,0.259858175045423,0.299284467855326,0.140410021120404,0.144657962128592,0.223439210012124,932
3,1761,0.564354639908924,0.0365540806078085,0.193878943674801,0.0857779689609052,0.04433684021993,0.0652783862035485,0.0988397438134117,0.0609193726996132,0.17901530251579,0.321155158384118,961
3,1762,0.928804304753584,0.566054419387854,0.435041682754319,0.265123548795528,0.55469845019795,0.606955372630501,0.537443636172326,0.904886158717401,0.8219745087015,0.774349571816068,942
3,1763,0.149967376314704,0.0512073232541803,0.331016063042488,0.236163664095977,0.218426403904529,0.27163305462965,0.583854302934469,0.506872199610911,0.836690299025595,0.820114212472586,888
3,1764,0.293197786570004,0.244872510645822,0.329166781762348,0.04410258186636,0.0782677757521556,0.0423243513956778,0.0930995526015291,0.0699542642898171,0.109389216686805,0.0537372322237001,915
3,1765,0.701258307398575,0.914629364178547,0.955700637963424,0.964588536163041,0.997330610465303,0.87312673152335,0.994200716772426,0.992446149502289,0.923882723892539,0.890620537950372,937
3,1766,0.613451880405329,0.618415241859781,0.913505251336022,0.606580551683319,0.851701431626797,0.375226367873059,0.651379992555222,0.392547730612262,0.49382778169643,0.682956954358036,942
3,1767,0.266905788034576,0.247253698392839,0.317162877729775,0.856977895473092,0.5335325108755,0.565263609896648,0.281386681878902,0.203875770498293,0.231053889985089,0.570532856675158,907
3,1768,0.0771332987939719,0.268958042840502,0.438087451762436,0.400908825278275,0.66176386244535,0.620395375515859,0.699573118040703,0.702201608148596,0.543661253874321,0.426147864481654,958
3,1769,0.00065119385270986,0.00409507220697849,0.0270177969950153,0.071463342891224,0.0173764827116844,0.049052578401629,0.14965996801718,0.1705288017283,0.163542054153358,0.0901174246560965,954
3,1770,0.467877921517172,0.530053318523259,0.268083473465739,0.110492251851738,0.400463800800673,0.0440620787523077,0.063220456931951,0.149090276000399,0.52825159753953,0.584861561707437,949
3,1771,0.265658614252304,0.0503209597602764,0.0810437436388947,0.254535476160819,0.0929823965868614,0.366932236572456,0.532324280262499,0.30800015591186,0.350673819920238,0.523329912708265,937
3,1772,0.347789078325554,0.726628479565176,0.563524013197536,0.396578020384731,0.591124378164028,0.252695127866511,0.16764387345658,0.109543693411499,0.162387100107866,0.236794765620321,953
3,1773,0.941352144244439,0.986110603544507,0.520546767508154,0.497097783285396,0.786204267334044,0.810866763766377,0.984002649720212,0.922402483082573,0.976765133947614,0.992398752968431,935
3,1774,0.00833666021004083,0.853204165038758,0.936322086189667,0.707989756053183,0.354818629043928,0.45138536139055,0.555433153069475,0.590777746769379,0.66439333978371,0.626970941196241,929
3,1775,0.0244039781124147,0.757836412170717,0.571942982931348,0.837749161197237,0.903774469536879,0.882834080821311,0.908643133118386,0.872433065365504,0.683984830254987,0.617767941706173,959
3,1776,0.925626900547579,0.991262445650672,0.77127962139229,0.891931449034837,0.836943254955349,0.924245417889595,0.922693279200561,0.862360959089991,0.880872386611556,0.740050150886944,972
3,1777,0.876484841790361,0.380941705279437,0.692578432800467,0.383717032581031,0.828789954394284,0.545808754352496,0.644630402924895,0.7021983682534,0.708285503108067,0.903200212475571,948
3,1778,0.784065548738851,0.501347098727851,0.701014084233782,0.766567827941393,0.947877899868708,0.901205990436944,0.793600273773239,0.832876751465443,0.617818014952525,0.886737251175142,937
3,1779,0.0368062989097707,0.360265575883604,0.0199421456877662,0.000637032240291584,6.80580498827461e-05,0.00120310558337038,0.0101938851394284,0.220887659418192,0.293995441312101,0.428838524117157,935
3,1780,0.7997433430271,0.972162812549065,0.55859544637294,0.253345420641553,0.0680660146963674,0.07223012440603,0.00682507178292787,0.0107198560994722,0.0592912950369386,0.0110943995903869,900
3,1781,0.455192946632068,0.388907919589601,0.533258859897944,0.894954132000266,0.888379710327063,0.630277535292116,0.417892230551329,0.547123413370544,0.699370917219629,0.87397811843763,962
3,1782,0.498421065880531,0.488858898376183,0.724901040211166,0.898494488621396,0.622202078571712,0.604084069607403,0.436889408865881,0.527894488008903,0.320228751820079,0.325302942345827,937
3,1783,0.460362657206057,0.78276153542195,0.329828028922409,0.342420409919116,0.0954809897518454,0.203516615046591,0.434589297244565,0.387855253944388,0.3267979450779,0.278499481301535,943
3,1784,0.340041981132496,0.776643476369773,0.963486246156249,0.60409753437709,0.809498415353184,0.722008512838523,0.315745064311134,0.182784905077718,0.36884259181065,0.442343800377552,944
3,1785,0.662109981036438,0.452952517006813,0.85890809435477,0.836458929554546,0.847779714723073,0.948845038104856,0.946165101984057,0.814958084682501,0.544588870031079,0.451641298385388,907
3,1786,0.89272465088052,0.20472347853895,0.762143427346784,0.901324684903081,0.720230389503834,0.62186608114283,0.867723522973812,0.896427462692023,0.921939182976682,0.925151771675779,946
3,1787,0.486163730383773,0.413419263230079,0.374849433874078,0.0810359628791633,0.173337385177071,0.282732612192227,0.316900406768253,0.285514687886098,0.219369247509008,0.257373306375106,952
3,1788,0.467976797144274,0.474369207100311,0.7791234235234,0.61857200594943,0.718870224804073,0.522318201843591,0.462372661977358,0.647428801753988,0.501313546763837,0.291038577033529,956
3,1789,0.874160635813614,0.212712341256285,0.116440459646556,0.0289697891400875,0.441297426768871,0.615770504842175,0.853239818918034,0.911905497269767,0.853592900750155,0.562836209442085,942
3,1790,0.538732758077961,0.26394876526275,0.657850890820906,0.742750770812811,0.812557702694659,0.66721903197935,0.474568403816983,0.594152045025367,0.343243750124167,0.366949848675225,940
3,1791,0.00141274543175871,0.0399698782527118,0.402389599174297,0.538325390533941,0.486991947948998,0.539021917012476,0.708614738563281,0.728509065991096,0.953974104667519,0.884217356303577,917
3,1792,0.267040180438496,0.0641534853863892,0.16294882492462,0.141032683441907,0.076801286393007,0.126046932432355,0.312850697746719,0.329823156229375,0.316674800381506,0.426999164378817,939
3,1793,0.645686265584226,0.32427702322922,0.153345567119681,0.148112096310982,0.120525091090821,0.230652374708882,0.358643553734827,0.369547281762602,0.290065913936847,0.285015508045016,943
3,1794,0.691071954087955,0.340462748951289,0.351288082508899,0.638798254018728,0.716533726522788,0.831741374762538,0.766753430294958,0.875256977299543,0.963292296978326,0.992529356337102,927
3,1795,0.513775627615241,0.939241800485409,0.726930404325178,0.453614311276518,0.447009320632437,0.357030256810536,0.242559146397704,0.291247619918654,0.671588368336609,0.615937748069193,960
3,1796,0.384718899679417,0.43384252170027,0.561882416339964,0.83078305483823,0.953007514957132,0.9985712395601,0.979305109940959,0.982439694683631,0.908685197163831,0.602633088107228,936
3,1797,0.520130308265548,0.997036235002199,0.903439252900171,0.971260746377137,0.942533046539027,0.981425584011626,0.940011559110188,0.899423298137777,0.735956701035272,0.846558058059393,944
3,1798,0.419163738435085,0.040344751371547,0.0950107500664258,0.765377506315034,0.579769106858801,0.700626057779177,0.351695126081295,0.554114834002321,0.719219764594852,0.715561408071537,941
3,1799,0.889952627109148,0.678309767720622,0.830337141131097,0.895427499052945,0.716927098847497,0.97679124369545,0.950554408294464,0.93583610331646,0.873702878196969,0.905056574697017,939
3,1800,0.291862549511109,0.375330414682893,0.559559140846497,0.473437847893639,0.18237706295744,0.101272052632872,0.236728183587659,0.390817490506107,0.112300105584752,0.153308194275124,944
3,1801,0.831443678821344,0.422566428566538,0.289648777669273,0.442390255698437,0.889716200798906,0.985113450932693,0.866672334948583,0.638302685929519,0.404071742955201,0.136549355325982,930
3,1802,0.321797359002766,0.476043381324639,0.135575939341484,0.174753888899532,0.271531231148528,0.27765892484082,0.253341310512391,0.440283539546678,0.139633305496658,0.136470919617933,925
3,1803,0.661455820774522,0.999283142505693,0.802586305930335,0.87468819419477,0.704217568015977,0.929219221990692,0.967063674913973,0.903617179295155,0.816696270774359,0.621355282511254,942
3,1804,0.0511533918379153,0.0690129794478669,0.613893538847256,0.145935577895967,0.15270329044139,0.157778329695986,0.285082162188716,0.24248418998885,0.0791562976667603,0.200460599166121,932
3,1805,0.176841964157835,0.186054970909682,0.364311204181394,0.670420016909757,0.865432592680373,0.911240946209564,0.8005443783464,0.853167596123035,0.897654700462444,0.748955483994375,926
3,1806,0.730194991838307,0.481163964808599,0.569451296570934,0.769301196193143,0.615370401703368,0.792486094191386,0.745901746948154,0.770479202709991,0.51607073836474,0.328575146457309,939
3,1807,0.814212219673249,0.77460090498912,0.564312152649866,0.983517858348964,0.974183028424737,0.962739321326615,0.692980272637538,0.631656649628035,0.774928863292858,0.662883090269989,929
3,1808,0.577020528126464,0.502715661968241,0.962168902126528,0.855359206409409,0.82434853951677,0.965720080617009,0.987363863659506,0.887851471395811,0.915925258976613,0.891189166454539,924
3,1809,0.200357901827276,0.35706971890112,0.0927918121050311,0.0876691031869337,0.129874796330155,0.03654924957735,0.0621414841840018,0.0360315170352668,0.021158296672931,0.026428793350461,953
3,1810,0.650039295527238,0.886457267050253,0.687744395233364,0.493679899045167,0.227227661743332,0.217403838930202,0.273667380300311,0.284122327940006,0.0477680737364088,0.0204244621052471,932
3,1811,0.38380341633872,0.159893120952476,0.195067502405431,0.167266770650203,0.0847861062605662,0.0307889390529302,0.0427831075629516,0.0398766383001506,0.00610446625635938,0.00257500920972284,947
3,1812,0.410845547394112,0.255645977540987,0.391407558529491,0.424438961132432,0.256899106221754,0.418833675222529,0.180779714898054,0.493273396797359,0.561245548860076,0.796121337265085,954
3,1813,0.496776759668882,0.478929320799834,0.401794351847743,0.268645440588435,0.492840193698383,0.692833298557166,0.699047542692824,0.469887100270196,0.408098199141341,0.468946046753945,913
3,1814,0.410775986565079,0.185314203593459,0.049115612355186,0.0615400565351802,0.0696106366436152,0.222542532767518,0.208340619121195,0.256913685365067,0.421987478489186,0.285951589466464,942
3,1815,0.208863667745247,0.000731746316089875,0.00454999257545726,0.0486480419101783,0.0341826988406373,0.0174435387979379,0.0473286364007475,0.140357563553423,0.139969297769132,0.321181911582824,952
3,1816,0.513571149919472,0.220996244548944,0.114650353293584,0.92071202087091,0.911303357109169,0.915198695700417,0.969533912556578,0.833898519344276,0.893198876040243,0.918671924351,930
3,1817,0.390895491662562,0.849150596577239,0.60865698459812,0.50515359007917,0.607205478163147,0.88418980468181,0.736319196096599,0.228541389101474,0.217778044162117,0.386288109751767,924
3,1818,0.779977598582572,0.822584830401798,0.454468497280556,0.882695190436164,0.750440365677002,0.375996720149164,0.58398824729626,0.696158010489372,0.684709620797049,0.436069052188744,944
3,1819,0.417319380120387,0.52997970566181,0.442944204426382,0.208252373153723,0.274428126494011,0.608381225119459,0.748476431237847,0.508639542683924,0.465465138707138,0.47769796116788,933
3,1820,0.596815522165165,0.107297635846686,0.255321619335756,0.707557898406479,0.700983579484611,0.587903061184496,0.842243755772983,0.91411416741548,0.887026521599727,0.645602705240487,940
3,1821,0.264624581363338,0.111013438269639,0.697503540016377,0.398241992756018,0.335062109766597,0.59170831695815,0.808498791884811,0.908411289625702,0.960679909486879,0.98405328350235,912
3,1822,0.222316693180518,0.281988650624379,0.418734813576343,0.268722605255591,0.385993865396881,0.736889026634267,0.934602591299186,0.966917909975681,0.989604065663655,0.962635102070218,914
3,1823,0.594563288299674,0.835279279006775,0.548548894608977,0.785849854945923,0.787043233582937,0.874661136503088,0.738179779348616,0.618985000879512,0.314102196685412,0.278112577088898,919
3,1824,0.177236097763792,0.101175419123477,0.138460617125785,0.138070797271377,0.236301649083579,0.343154855778771,0.317727493791478,0.481703337330774,0.650573461036023,0.389052190284166,950
3,1825,0.767165010907346,0.173361750740801,0.932353733497068,0.851590815801256,0.659551779884639,0.822359503934515,0.891981945873243,0.800057034246879,0.535621314839615,0.487416801734756,923
3,1826,0.894339343484756,0.0747357015595617,0.22094759646437,0.632435234688464,0.392005062769213,0.788453316348988,0.470558502906065,0.545991865946424,0.628435037272929,0.419160507811551,954
3,1827,0.882082804563955,0.753127389206302,0.506436939673165,0.719981737174172,0.445688971992897,0.300689745572644,0.2256545411415,0.120606368226496,0.121157642949989,0.065702823379513,960
3,1828,0.0959102779559737,0.0490481207712245,0.132548325279062,0.280715063747142,0.157034811050271,0.218234904840563,0.22821619924407,0.238435832419537,0.537593257801878,0.450737974786021,903
3,1829,0.312763094188802,0.524274785165176,0.573056816706069,0.861742323929253,0.693520080378252,0.358066004789302,0.428311582444993,0.362570533290405,0.80204329260281,0.874757552003147,929
3,1830,0.56419123562655,0.198151515247124,0.135037453018381,0.0547907851793468,0.397988135079002,0.135089173167793,0.0574179904740959,0.0937179749848751,0.118264426170441,0.277071836408428,933
3,1831,0.535927999667815,0.756806858873468,0.980856077126654,0.824406746475291,0.961214901631282,0.90248406451412,0.940089866909937,0.931513336257142,0.780500267036253,0.678647058808836,935
3,1832,0.310829007801016,0.432194734474567,0.20380450369305,0.489457122295023,0.410939779731425,0.480318887052706,0.810179429812514,0.777584824268822,0.857805531256784,0.7102825620551,897
3,1833,0.290236535374494,0.511536997824037,0.728609239163447,0.384263873508392,0.660886437038613,0.860805096834197,0.765766444309407,0.824097788976424,0.91708013091206,0.902705173553429,959
3,1834,0.302814905122854,0.47797867866299,0.264546715033164,0.249005573003342,0.283067892953519,0.342629077999976,0.345845920268575,0.567131265806484,0.459161340406002,0.547981877745842,934
3,1835,0.050027974506976,0.106253292261954,0.0811680570433745,0.285117474525891,0.576949667372885,0.496480924178449,0.711608870572961,0.589965048702375,0.379109500651144,0.341133308914141,911
3,1836,0.125224385045605,0.387397032217992,0.359493111600149,0.808452327707418,0.662519060020873,0.586533369580165,0.292338362224546,0.0887434339275827,0.0513555147266976,0.0859886029980997,943
3,1837,0.902404220932776,0.571038023508947,0.541929910545616,0.533439425594338,0.643627029174785,0.385229214996886,0.897932888628529,0.965782326338079,0.864520175404646,0.979870922414403,925
3,1838,0.687809289320246,0.555492960372176,0.484716211101952,0.6554821806597,0.601563851622,0.584376299520595,0.356476234473427,0.434231114391958,0.566453144675672,0.483673620236473,916
3,1839,0.936314190725393,0.937463148867377,0.671235330785096,0.610955354780263,0.616313555148715,0.941963700689799,0.651064658226432,0.942150435969988,0.853531109633665,0.940062802948078,941
3,1840,0.123155876936887,0.263823477365838,0.202304299321928,0.195692507082296,0.323323641906692,0.680255493798781,0.832560768311024,0.950022282272242,0.819390108011444,0.751976900304934,964
3,1841,0.673975452500553,0.866232230078148,0.296514303207648,0.284567069835475,0.255291150683271,0.270353616561649,0.300051333125741,0.262594304535869,0.390534952197118,0.364294665465259,960
3,1842,0.0624349530650586,0.618785911823383,0.718485979665727,0.772294901493674,0.784661611167599,0.867050776499469,0.530723697331168,0.686732124837989,0.767461270105615,0.677302269502811,932
3,1843,0.849846947860253,0.981225038555431,0.252501137401899,0.232010014378091,0.200716737374253,0.0617206740535299,0.0324784136834516,0.0432715640841341,0.0530530376373506,0.0455991690477571,961
3,1844,0.881492441683827,0.670424557447075,0.343320999978776,0.314934373719831,0.471448713343311,0.542585696641943,0.299812863100461,0.535687648719663,0.604836779155449,0.299378649165433,946
3,1845,0.111065767995852,0.0847344364100922,0.460499069299941,0.893568086079152,0.782922678925698,0.814734897500286,0.470941819122157,0.512843425515843,0.581134547650494,0.617051859160863,921
3,1846,0.292779449447871,0.735651076957079,0.643642514197493,0.365697820795797,0.917527048909557,0.66665799797114,0.718582254506302,0.512741456330155,0.325155947688172,0.513498587442886,965
3,1847,0.221510375062901,0.140118290588106,0.365039098806788,0.467249204142578,0.811330485274825,0.419464539171038,0.526958488313229,0.709003808405492,0.838993852155333,0.705586792990713,964
3,1848,0.21802057680899,0.434961461199949,0.488384986679888,0.784655060760568,0.495540333886241,0.552246264504047,0.55792540113739,0.655410177908257,0.654916444657831,0.393503329753896,950
3,1849,0.552999963059193,0.821580349475555,0.542089782067295,0.774865377367802,0.744100019352828,0.90002394423032,0.985731060726699,0.989935595739296,0.781080669181036,0.749702925958859,947
3,1850,0.834209812289268,0.51743487867772,0.198169004299006,0.278396258465824,0.246695922171379,0.513562180333253,0.545403317031782,0.411811418070325,0.380149234469355,0.157168310482592,960
3,1851,0.782474555284898,0.298749985180353,0.444131418877616,0.112670002436945,0.107944378939512,0.144128914362958,0.528759343350026,0.835559475513121,0.779345627831445,0.912117538349776,919
3,1852,0.985195027218993,0.904057940744862,0.737731698847317,0.647212808066192,0.79337411412479,0.800882984099306,0.782268777554312,0.797045981427381,0.809999663347586,0.840055676027864,933
3,1853,0.359601417748996,0.0466131433811614,0.241522597427699,0.250774179890258,0.192329804862618,0.225935675183138,0.0965070938692996,0.110710828330737,0.0547608769522864,0.221007565669059,908
3,1854,0.79524075036679,0.776610671671482,0.591402222266819,0.843844285428418,0.943912767996316,0.961914446407936,0.912254396273526,0.61044221959386,0.741407497963977,0.841780738877053,933
3,1855,0.325883941746223,0.0841350469616224,0.370429735274628,0.291872703036584,0.159060914628364,0.0730592051217503,0.0369348426652957,0.118655691142019,0.307492209589548,0.411363981974308,922
3,1856,0.802714886493607,0.532924742376232,0.757765817945547,0.901878288698377,0.967271938657563,0.858765682707969,0.345754642011201,0.143069799420643,0.0854140551827832,0.0236255060034097,930
3,1857,0.091041705486833,0.269903962170648,0.364459866422322,0.403609713470104,0.262743805094137,0.140110146239788,0.296512559566984,0.116583683728468,0.0629649987232493,0.130252136518985,960
3,1858,0.676806686812273,0.994550049108994,0.315733659745154,0.418834790574184,0.164169937429774,0.312484068131775,0.232914993468565,0.0655331972985389,0.0299132214644963,0.0369809178584622,937
3,1859,0.5700828530265,0.683858913384557,0.510495351093691,0.493741294499812,0.461202599022746,0.309108835704033,0.184661494556247,0.255274895571062,0.20978402638784,0.445556870440075,933
3,1860,0.701408079559396,0.495333549696702,0.565521753592135,0.836832541889351,0.80544041395864,0.722489488237266,0.522468285380378,0.85652190594697,0.89498739047339,0.683288323584749,940
3,1861,0.553739171306662,0.368048143949422,0.530759287984077,0.799383410096395,0.435487455949937,0.463484854082435,0.659153804643257,0.384788703101116,0.239416710935908,0.15934407189559,908
3,1862,0.0822298068039178,0.333347858362817,0.351595348252749,0.103299652539102,0.153795504266502,0.0108989212646637,0.0439201953923979,0.0496204539763765,0.057472388515628,0.047294972575276,965
3,1863,0.18048406684112,0.929369343804172,0.862556712752669,0.567861002754686,0.781997256598634,0.889610348652125,0.689100323523065,0.432467356668407,0.363975670685436,0.428073228905587,958
3,1864,0.737622848535625,0.579585720243781,0.541464850109957,0.952054773639593,0.944208674254915,0.747536495367222,0.873113250284836,0.769859867282205,0.888240953929389,0.699807848852433,953
3,1865,0.570089212828986,0.0801567321025584,0.163032361416571,0.0812529944325373,0.0638206389615034,0.156324170027793,0.109038202226277,0.268638288237441,0.298318672818826,0.243860751497231,933
3,1866,0.480742452375352,0.593823375691676,0.78407008621542,0.603566528917416,0.499218688292509,0.579032129646379,0.564298225765779,0.882173145787762,0.825815857104433,0.738819125546348,930
3,1867,0.579729541365366,0.861528757296341,0.776514928302784,0.16924744189474,0.170153056252043,0.298104331552436,0.188190159633061,0.373029698873355,0.481868112113883,0.470182943823328,931
3,1868,0.149031302370351,0.689448666082313,0.171152084765356,0.192604896392176,0.791558560463669,0.900812479312177,0.548601245145021,0.366406273541776,0.362005294375267,0.315127985062911,961
3,1869,0.475573014666233,0.986318325039561,0.872756349138612,0.733927241003325,0.881849084782948,0.796146313898074,0.751482712057685,0.447430039216235,0.542419200720551,0.672570619873253,937
3,1870,0.5676931041765,0.74212294855036,0.950861773254986,0.988681119332864,0.983570052418802,0.997065203803527,0.999593924704257,0.932700293514224,0.759133749203543,0.676867707332002,944
3,1871,0.726079000540377,0.362067682774123,0.347740021360714,0.386865507353867,0.324286946492715,0.361485913548576,0.441276382389001,0.475173010313991,0.891939179040577,0.961960990285764,919
3,1872,0.5971275882103,0.586704365024926,0.664043659215164,0.392628754071796,0.33653507917912,0.323846579499903,0.0784391729184312,0.137455025822212,0.0624660305167832,0.0182057994637031,967
3,1873,0.278567314999689,0.62641720395991,0.824131644802375,0.999023998298788,0.989822566652367,0.891797165777711,0.795832316855648,0.814009860434899,0.474126208776637,0.403378872823307,935
3,1874,0.819906504129116,0.933572423471819,0.709526952169836,0.695537997858097,0.504776136481796,0.610845875374645,0.421677892934783,0.173980077030765,0.0773299196728226,0.0729822737231334,929
3,1875,0.718019398359212,0.932697910870705,0.911507403845701,0.986050919288796,0.930621878860556,0.944950679037872,0.873356141274812,0.934804059693247,0.931239116338485,0.901538085588053,941
3,1876,0.699370234621319,0.30404688164996,0.237995821823215,0.158654763909645,0.340664392735679,0.545862327761513,0.746972922939572,0.616289193750634,0.793213885466519,0.6675511342728,935
3,1877,0.00171853676175082,0.00948856481260841,0.143803532845933,0.0293956829191554,0.185956625433254,0.336095153040259,0.329747368103069,0.36260635127455,0.290807694292968,0.485228801785432,944
3,1878,0.642145826395461,0.387817257585086,0.379040632872945,0.380020757233846,0.495059615051175,0.912730095457129,0.844441376012407,0.671068298762312,0.569336269710185,0.921358665591492,942
3,1879,0.381666517619258,0.371179875029164,0.40657028812865,0.277009572006303,0.288101386046187,0.275098327213725,0.641612023836648,0.706382613325052,0.517610203776171,0.428886981825273,952
3,1880,0.0797133324862569,0.739698594801246,0.39685028422273,0.735823697729127,0.258888114726826,0.289690774014494,0.0807156527990808,0.261687348181419,0.279915986921003,0.632751001121609,935
3,1881,0.982182588780446,0.93062722049336,0.532448050474859,0.156194589128206,0.116271536302326,0.131333286726426,0.143282280915922,0.233326274106127,0.274340633336774,0.26273133289476,935
3,1882,0.820027845252909,0.306483206259133,0.0885254629703807,0.161300236368697,0.207627550331697,0.0921287477052689,0.10491087391998,0.131409093979735,0.28290034179273,0.226816212879236,929
3,1883,0.0341967620351645,0.0741844738267848,0.497093407095603,0.567594931986934,0.336253639651935,0.696840451401861,0.785634212278111,0.408744597732101,0.225133332766886,0.105122078039481,933
3,1884,0.400422015960654,0.427884054606572,0.138028119921631,0.234841930346206,0.268257279211017,0.304604056376689,0.422086151010215,0.645329756750758,0.396589102648066,0.140778478789348,962
3,1885,0.701910145993947,0.491173130363531,0.506304221888164,0.504155474124529,0.572997533816938,0.451530694625511,0.521276110859667,0.780454049951656,0.74698571044979,0.688943551839603,951
3,1886,0.805325397003439,0.650161858671598,0.988835134635597,0.941138363054251,0.748849454530685,0.393041650413123,0.39095357149104,0.448535637346819,0.862416116840345,0.987953754110292,921
3,1887,0.296366698033307,0.147564627995687,0.858090266607911,0.962648033148827,0.975577746510655,0.971757604600479,0.621215786425597,0.689613759620292,0.625653961004976,0.884297225666424,924
3,1888,0.00118784384832239,0.0267111433368216,0.042616282232269,0.0126319040929874,0.0314837889777674,0.0403823050937057,0.0274777341657978,0.0169367256247652,0.019452610503576,0.0935083416626039,921
3,1889,0.0482749974694053,0.27671529989317,0.536047607182104,0.902608404005628,0.990701980440895,0.951200352603362,0.961934798655605,0.902637210273611,0.826604761047071,0.874102038196693,940
3,1890,0.767534865993818,0.27052459109563,0.331588501101614,0.433125481113312,0.415536128487763,0.509244731551369,0.864788602902932,0.913734521766025,0.948927259714365,0.958623721733902,971
3,1891,0.130330319802937,0.739666570903162,0.876505781296414,0.973987321909923,0.905951243622284,0.981893043280518,0.669924384372131,0.649303558412964,0.724045290121557,0.884655332506529,912
3,1892,0.87151671261509,0.798352308252512,0.881904312278778,0.997344344852918,0.765678143449446,0.621805885275515,0.299105947897022,0.397756135874598,0.148324454975486,0.0923337080631293,927
3,1893,0.912066931448358,0.52189986392012,0.440442918144,0.553903949626184,0.507863475571264,0.909002115373577,0.723769870122586,0.807171278216552,0.804562928499738,0.853864173913964,966
3,1894,0.364747191474268,0.652284898976092,0.838564230438225,0.958867793000847,0.979083237134342,0.942690635685965,0.990943303466275,0.928607227372345,0.894873114390629,0.979768632615069,943
3,1895,0.985763566505654,0.445880810843904,0.540129695668634,0.343215983742237,0.576482953240171,0.239354673693665,0.290750192308766,0.184201800869577,0.14878680369215,0.143643286801911,952
3,1896,0.75104714847878,0.397992413354213,0.478222299675274,0.498402135844473,0.710903262799582,0.832833477385861,0.869170743370287,0.788247700085327,0.632622410949547,0.628297224351238,958
3,1897,0.796611665688171,0.930918648841028,0.872150190855246,0.785387950663103,0.194578685051045,0.368401083198106,0.473333950363451,0.466748242434554,0.464089805417326,0.323946457735357,923
3,1898,0.545617440161436,0.558317629575153,0.653783365664876,0.663541966215167,0.673300816053136,0.939756676950903,0.915092345685645,0.864705222231732,0.873101514590451,0.730760057348386,917
3,1899,0.168348141354868,0.0434154913873184,0.271073520915254,0.313939625106306,0.452385028685611,0.201886189533393,0.272732772127131,0.342558329040111,0.539066403522732,0.429591355035593,930
3,1900,0.795790711720377,0.585365418053911,0.860229114401581,0.901786470068047,0.874133999058652,0.953875611288313,0.967245207350653,0.917556409458447,0.743881778245317,0.643849432042427,922
3,1901,0.894144332262133,0.285458004126806,0.557009737656801,0.847006160863536,0.889451706999139,0.696057506426044,0.396597135015524,0.452779141733633,0.537830757980953,0.560556916073928,962
3,1902,0.420536619999595,0.38974266970448,0.045076837645699,0.263771438649762,0.666694586154213,0.848589634956436,0.870045854810796,0.695690300976978,0.521240193305712,0.571738008341667,913
3,1903,0.776550990276359,0.3836574460935,0.328537595649174,0.425816703776125,0.478417808577878,0.532095395208367,0.483627858375556,0.473964878408261,0.190295188937441,0.231968923290633,940
3,1904,0.864670035147928,0.649146641449731,0.675523723653261,0.66258907606915,0.539328697407669,0.525688305394078,0.286167306556657,0.282666651467362,0.155362020055703,0.21800369979846,960
3,1905,0.72167781135765,0.918045665070203,0.533521962124816,0.572665682649504,0.671050424605405,0.479928063143833,0.717570560774834,0.654431383949386,0.55733402114596,0.339487003185626,948
3,1906,0.405571809225124,0.0503358601324425,0.0645909045612281,0.00298767494883091,0.00449750965878347,0.0113582103677239,0.010531456535845,0.0231273835895064,0.0345649149359054,0.134931979678379,938
3,1907,0.36154127721365,0.461757960222352,0.933155030455545,0.99418135023855,0.999343772042584,0.987178782937387,0.991956846148556,0.979687689360731,0.971000897818975,0.881663543144975,933
3,1908,0.028794994711857,0.397036081507496,0.504160886387396,0.829761824982621,0.965800589098073,0.963629485864285,0.917762706479781,0.845798843768689,0.81262440282586,0.763046100573231,966
3,1909,0.481566670615119,0.47064402304783,0.233754778390819,0.174449567894793,0.29801849159805,0.638705549528646,0.70875768520279,0.595106799796184,0.310527130832049,0.392370026175321,953
3,1910,0.0844808026569025,0.0117575801161694,0.0107598149576548,0.134696361866228,0.26956955809441,0.345241640566078,0.270329503485268,0.346918741911835,0.48031705771835,0.615931268219707,927
3,1911,0.547762453431034,0.959548056201879,0.410163396237617,0.987005054461302,0.624281924037058,0.592382053230888,0.749467180176308,0.910920649334034,0.761315873567038,0.832549736907805,955
3,1912,0.269142205713732,0.827834207850956,0.141947781184947,0.273836906619569,0.672958563595264,0.561947681940372,0.686873086388599,0.676270288362485,0.668162170204528,0.776913583963456,930
3,1913,0.865693314847699,0.72207083563155,0.900315343661227,0.813671203130427,0.599397257861036,0.326631359197634,0.573915443975014,0.767412668268288,0.722985654195802,0.721941936404276,926
3,1914,0.763822907735515,0.68680196073068,0.584067829965805,0.817401498924697,0.426092929337585,0.543827824476984,0.304084797713393,0.526849356812824,0.686979058081695,0.589099462341176,941
3,1915,0.770478137456273,0.686455801417745,0.378787589164328,0.481190197415762,0.489621587051531,0.600926023380205,0.992250028961444,0.994107815945039,0.984672350114942,0.847501227294931,944
3,1916,0.055762100745777,0.196007522145314,0.295899927009923,0.326861599172004,0.264367720191893,0.200496853263303,0.657944198859792,0.729528010582618,0.550144330373926,0.5943656608231,939
3,1917,0.945871096035861,0.886224275001924,0.153837072132215,0.132065819403155,0.172671959492879,0.454086773036676,0.423092636168128,0.345023602653483,0.214387654711899,0.358818782862638,950
3,1918,0.260362234880791,0.275819734321147,0.506858972919469,0.987658052060422,0.882286325886576,0.686589529118148,0.571875446149206,0.390035259299688,0.33697902719835,0.208740367339172,955
3,1919,0.930151445718766,0.868478586287565,0.881445062242195,0.838389583184277,0.872222106792001,0.964750057457698,0.981670703238274,0.994124305391495,0.92971973184403,0.974883672937762,942
3,1920,0.673276469274382,0.937615446618975,0.65197495196473,0.58395573293051,0.468787905394228,0.282749273935856,0.604493721482306,0.805019742685624,0.692759808477613,0.633733755612227,935
3,1921,0.401357276910012,0.899581792769258,0.2294797731969,0.255376401045931,0.308890905981385,0.24363450724927,0.474998216985986,0.487562720165006,0.577768462075641,0.554805016517989,962
3,1922,0.716818834190203,0.611524825859643,0.833799730332898,0.485271128662749,0.42562392138457,0.523732623464671,0.286247967928718,0.384992726591933,0.474628818315965,0.204545934857168,955
3,1923,0.533383479306304,0.757455703474852,0.503720837782403,0.236207621867625,0.126255584787632,0.0997877891441602,0.0243277200925991,0.00171786190063233,0.00485337379119389,0.00812972304259269,930
3,1924,0.815697492917051,0.453482069709361,0.29481778367412,0.770987470388888,0.997777878030087,0.774558373929646,0.547711483698786,0.691545867855762,0.494257927529115,0.398469787309579,954
3,1925,0.022116041028937,0.00338098529507196,0.409400752396655,0.833803748153138,0.801147434664394,0.59554366695672,0.668375639208229,0.564108002907141,0.597759424261704,0.557310784772329,941
3,1926,0.608028458695324,0.540513097066057,0.277954470234449,0.756161883343856,0.565336786187511,0.593995987467889,0.662321566062645,0.319208108292342,0.529672424217662,0.337911704246488,935
3,1927,0.0508519090911012,0.413033362769008,0.684368999320959,0.34078306264896,0.897514459899654,0.958240820519473,0.9350222010222,0.988392907025189,0.960599137110882,0.891813643429819,938
3,1928,0.835722048520438,0.810384466497012,0.835990937275708,0.950060430594706,0.81092380555474,0.772424953206538,0.713511097880432,0.68854509679727,0.479083860650019,0.737079267551016,939
3,1929,0.0769968314315154,0.135534038801473,0.133701935790924,0.30087645951219,0.0686876737157016,0.0588779425128502,0.094894435612568,0.17643890304552,0.119946948699819,0.139172848461077,957
3,1930,0.00555980304149062,0.596612457793668,0.318358220744914,0.519807808171848,0.756674690798347,0.870414875395032,0.930621144441308,0.808747597089229,0.690707433411311,0.562607714732857,946
3,1931,0.989716569911413,0.914108645129142,0.850104309725902,0.843483205044102,0.360728155798079,0.41921075608698,0.668830475093993,0.213456489141339,0.414231192768822,0.336922257609757,939
3,1932,0.152844754389474,0.033368424028406,0.182196144144527,0.341858334923372,0.426213706424614,0.55028367866509,0.818157995651383,0.687094606551105,0.713563625290608,0.468611515678071,946
3,1933,0.245762218280448,0.512416104722911,0.775961547486708,0.591126836916645,0.204763939985738,0.272710257099361,0.374209643480586,0.425823823593492,0.198864072144065,0.17903935117415,943
3,1934,0.838372221342119,0.991162030260396,0.937097778579837,0.971782629244532,0.969104941685751,0.914435149065444,0.965957944970923,0.987323133872314,0.957353636471365,0.986194709580109,924
3,1935,0.109565763335476,0.23352686044405,0.218446318007754,0.258013643357011,0.234553921340759,0.294703180407855,0.206327975248968,0.402474180982503,0.660708976404977,0.77124241573404,947
3,1936,0.144081886983352,0.106310362883687,0.346235149463141,0.441203795629717,0.28022070779131,0.198529311251119,0.178687808985004,0.1116329441965,0.0634723270395761,0.116147649853822,959
3,1937,0.0378372719189365,0.374293918423175,0.437922842820002,0.425152018116568,0.242617195924092,0.336746864362274,0.356661707157854,0.494889233726487,0.723969594244271,0.702087187115982,956
3,1938,0.183176119725059,0.638720526492451,0.546352051825245,0.466569521541463,0.689453928218527,0.70466906647778,0.822188088702503,0.988787507613515,0.990364083564083,0.861570230209362,964
3,1939,0.796733649610436,0.962771973357033,0.810017496222081,0.902654902586328,0.897889254544159,0.777988575669517,0.814763101454916,0.921595803721642,0.996084367402329,0.975902814236193,955
3,1940,0.665681857626808,0.950038677153465,0.810787269887609,0.913422282983703,0.893047562314401,0.453872715309931,0.624802577174169,0.469167060834885,0.498737855642649,0.237012848531129,952
3,1941,0.383295028412519,0.117492737593379,0.453668070059124,0.632415226308693,0.209601362794194,0.0784342048321337,0.07286567614057,0.136435307022608,0.0844379029652075,0.143357982942325,930
3,1942,0.579086551757413,0.391397612100063,0.584468330082102,0.578252328724091,0.610875015279366,0.300552327791127,0.671919533243084,0.74100878316822,0.894372039138533,0.935770567465079,899
3,1943,0.324382380051291,0.750816352304806,0.512014734693657,0.881066989601681,0.980199651626622,0.974889436059789,0.921345267763988,0.887790755137468,0.799652633244035,0.605711871308051,938
3,1944,0.303156863880713,0.790474196567423,0.958872056872632,0.914588470403929,0.761820065542013,0.852322983483454,0.94414021419056,0.909190151000386,0.902541424106962,0.949516949675644,949
3,1945,0.228165780583931,0.457183128104771,0.676741024509574,0.468657262946345,0.66821522934036,0.27394683341418,0.558119868624153,0.190311270270239,0.204337939708686,0.14192103128318,931
3,1946,0.348031833567586,0.122852482377399,0.172744370075802,0.135637208241918,0.215190509638742,0.0590847399977724,0.00827509432546497,0.0177747283100544,0.0416907783970691,0.0557035770610132,945
3,1947,0.773261843601803,0.554407904443686,0.887841993318386,0.384622071483769,0.508115758684911,0.513962414330527,0.280065962406121,0.305176814356913,0.273416119200687,0.408038364629794,948
3,1948,0.666277102003641,0.342776679931668,0.63319251848418,0.78001125977737,0.834034055134279,0.952011246665079,0.960849293015679,0.792445306284867,0.664879285514543,0.322646715913398,948
3,1949,0.714888308840772,0.52816596427264,0.591609190811684,0.374862612675997,0.429571655559537,0.553452479931797,0.436431410145307,0.580935239389693,0.657351273422699,0.48778432702084,926
3,1950,0.125768498551509,0.293151321006404,0.715854398662173,0.590608658792896,0.785145732282665,0.993437210197249,0.955592440066249,0.824763982111622,0.924970061410191,0.992457813993313,914
3,1951,0.392120267198034,0.935990385096118,0.538963179796481,0.399571343985557,0.658448748605197,0.973881210219466,0.594405270835228,0.812093588633625,0.863052902504651,0.641819958802624,953
3,1952,0.280710623949231,0.0531228610722472,0.0434436690793653,0.0310986236905018,0.148844591850539,0.446825608485313,0.276256894277277,0.29160939287128,0.28990754967006,0.35394626716291,931
3,1953,0.14555118542628,0.0624019879167293,0.154612376067119,0.161154361570111,0.168460014151674,0.284743001758468,0.161875861234709,0.0346860471374912,0.0453150049959467,0.101953206396892,935
3,1954,0.807479209952879,0.771371129500951,0.346340478254903,0.221337458353315,0.185808212162832,0.0818153349977659,0.0572974404621657,0.092218492271361,0.118436574623433,0.0337436970710236,923
3,1955,0.888177230259236,0.387873253419788,0.107101796769595,0.186616788600662,0.0264605694755563,0.113171908521816,0.280571588327552,0.636675720575825,0.874770718636718,0.917172965110904,908
3,1956,0.275266835679093,0.42124181165246,0.364425747567588,0.534204029460038,0.431908829900888,0.322561693127842,0.308736029031868,0.272304125506603,0.286682899565341,0.27794713709279,900
3,1957,0.262547532198577,0.284428254595874,0.464466358065909,0.523762419033087,0.745195266540687,0.935646291897747,0.883886504693027,0.817306214916376,0.867659697303159,0.825769908660738,949
3,1958,0.953927960965702,0.532119145515755,0.0995181765138449,0.0241542283380372,0.00413099799806652,0.0339786431255903,0.214426725967795,0.456585404986758,0.451239991345388,0.816979280536805,919
3,1959,0.0906478367781525,0.0262624602512175,0.190956865541191,0.779100150845914,0.554859484295212,0.134435025521292,0.124606958130439,0.243941357301781,0.364341810941878,0.393037640054947,951
3,1960,0.313999965617202,0.777566369107638,0.222870931394027,0.142094401805659,0.0552359948132412,0.0397701184530756,0.00680719622911711,0.0343983156493205,0.055374201839842,0.0743143925387378,948
3,1961,0.398610969468311,0.453503853703578,0.0409845387770341,0.0516167358632906,0.138558526415327,0.0891952944316676,0.0693580586051607,0.113152009254547,0.303403737620999,0.519775330888312,931
3,1962,0.182079140690289,0.0117125458680074,0.0246947013572525,0.214407933421199,0.195301959300201,0.276564685792329,0.417304084681889,0.214926324089141,0.361518807341061,0.669813491896016,956
3,1963,0.093722318180006,0.167622390501996,0.011087170573971,0.0886754145063969,0.0533008186034055,0.302722057388057,0.207262586180802,0.248308802253245,0.237769599802784,0.107701239892639,949
3,1964,0.78694573643184,0.262365588198137,0.329569883717218,0.30394364578373,0.72772389696588,0.825628773605372,0.702774601684334,0.746824951719122,0.786739066804554,0.652483581252441,932
3,1965,0.597288064164543,0.489172373486471,0.763074577642754,0.788109440471398,0.672404293968657,0.32689464488685,0.079554829657293,0.060016283848558,0.112077580570065,0.112767676086493,956
3,1966,0.403973748612237,0.0510631657875472,0.11158808051234,0.0624471581578944,0.0631518047801109,0.0147277827998624,0.0712634231488678,0.139193410860996,0.298520359341758,0.083242890271476,922
3,1967,0.46907358856318,0.456616135908281,0.331394979319283,0.260248041647461,0.144103900664413,0.170668903330932,0.146354084941095,0.177810134286117,0.118060292079796,0.114841663240972,939
3,1968,0.0435406493446917,0.404900453379765,0.470272939273655,0.107847056795154,0.28966135885246,0.147963803405638,0.139846902034865,0.227843348848299,0.0806730726380398,0.148057317748008,928
3,1969,0.556161548883035,0.409854891970711,0.503686956377959,0.643483398121936,0.394222955849112,0.592612340615083,0.221545009398408,0.192768419428444,0.176542737165613,0.445389785377942,925
3,1970,0.866109949181113,0.199971890847841,0.12932014333507,0.0675707449313183,0.0778168833138361,0.139316529378949,0.143633065535406,0.0989287624921616,0.134439983422076,0.130946426684581,930
3,1971,0.0973300960077371,0.145258433952483,0.358798318357584,0.189468114326406,0.106343543148875,0.105021096682373,0.402449982441339,0.596855570943528,0.774153763588894,0.940063665014243,944
3,1972,0.0729227080963286,0.510133056045064,0.681183050921972,0.689829199895701,0.982038981765639,0.915945045566589,0.819192040937962,0.861341005409709,0.389208795184872,0.745445474806073,916
3,1973,0.754721268464883,0.918595964239382,0.930790354356533,0.872363865720867,0.851850060101934,0.846057199958117,0.897980240814065,0.858614543612178,0.902665448061488,0.656677968175992,947
3,1974,0.309328843746092,0.137051952266923,0.33774201812026,0.136668560425191,0.018360345125257,0.14006627946935,0.104224393362183,0.0805043074190229,0.160602052437425,0.171383603320591,942
3,1975,0.294600415642154,0.0812034512183576,0.164712048757093,0.144777916895043,0.139482449981749,0.132022924490297,0.01671458757049,0.174937977685431,0.195741487316341,0.51958589211248,943
3,1976,0.774993786808046,0.174325508549248,0.334312019392727,0.90209950970274,0.765337692989905,0.40497284820115,0.505648061898849,0.41969591322238,0.518025996701014,0.313313326515022,958
3,1977,0.0171807696404093,0.0967863364327267,0.123696795473263,0.307310126221917,0.329685742733194,0.735854186267353,0.831725770238651,0.699109485567635,0.78106950755034,0.387351473983918,957
3,1978,0.866531332065449,0.618301061524224,0.826835700059715,0.958978956108435,0.760036621308522,0.659526941910845,0.422333316653128,0.102255621808957,0.323912390071471,0.402940391259809,933
3,1979,0.581559547793648,0.295915638887552,0.359061872302559,0.0861594248083945,0.107202634301783,0.162361342693933,0.223387330582313,0.507227680593266,0.61150047468178,0.497030050338045,922
3,1980,0.157392485581894,0.132009252695893,0.149505345873903,0.515044410919348,0.397464786575006,0.370486544797243,0.224536690673719,0.0633485940485958,0.0373005751802442,0.173191813613907,956
3,1981,0.74790801366049,0.724725049024463,0.65331129790001,0.453583638399844,0.482363474269735,0.272667447161794,0.203012141148803,0.275446225502767,0.276389932156573,0.139272573076583,911
3,1982,0.434301850361445,0.545910328692488,0.110408375044624,0.0495513128934625,0.0270337597123837,0.180254743848242,0.132280708815297,0.146820508254838,0.238598843642845,0.331080396934649,938
3,1983,0.152804392782855,0.145437596016154,0.83875756819281,0.991571798343522,0.859464163348257,0.877663442040766,0.907549338559798,0.84518447145308,0.966372285477086,0.916949225278115,942
3,1984,0.679173201817308,0.297269456270866,0.188041899368475,0.482918675886182,0.257273620724653,0.499942390042801,0.238750424079904,0.222646330979292,0.140025540891977,0.166711839601772,963
3,1985,0.282460653358024,0.0726437077059709,0.319961712162508,0.383039921770837,0.461550586285152,0.78595269229662,0.851096222719599,0.75756330168142,0.810641809896479,0.873569564456489,912
3,1986,0.983167864115014,0.919092575989878,0.544854604644584,0.359858643706454,0.537643428743383,0.679899737140754,0.399722767935948,0.23687601926036,0.185690856843332,0.489303569306104,930
3,1987,0.572166682173358,0.660846183870503,0.720236203458686,0.810379212392774,0.912992136417873,0.37421255265737,0.640883003099911,0.628634845753699,0.772104066744735,0.650310552921421,943
3,1988,0.588886311214906,0.877574131359504,0.285622480166044,0.267458867891426,0.287533490569133,0.231936056773737,0.273842072555712,0.36436422782606,0.373280571146602,0.609630695075532,962
3,1989,0.276871546941935,0.509138949616434,0.765450640265842,0.707062907119803,0.629793942225852,0.852013540292642,0.909706311510732,0.956377990507455,0.95116104932025,0.935018013945665,940
3,1990,0.199856287185998,0.452061732550417,0.595011173143268,0.824242927725656,0.909757634156776,0.897688259066842,0.59300698928185,0.633443027000366,0.636304515038808,0.67515437914023,951
3,1991,0.0616297205071227,0.11413995579082,0.0559652880170428,0.0388072301697388,0.0212271149443248,0.042791435399213,0.019963013602704,0.0385474817034521,0.0735738122738581,0.0952885360136135,949
3,1992,0.781123714236432,0.846414628224141,0.610252863687577,0.856930684302808,0.507503676004159,0.24008817741062,0.137653147104526,0.329898728215314,0.681110550039393,0.571969822698855,957
3,1993,0.701986215823523,0.507680962805498,0.315551595841243,0.0928308961594229,0.0586354723832704,0.161043446413627,0.095884292136987,0.343806270899292,0.217409540019117,0.456856724784578,935
3,1994,0.261566168900633,0.562023081415962,0.764433869820363,0.937277985171718,0.958511467339204,0.99968019911204,0.850171034468316,0.732521356047175,0.783894597709478,0.912001406022755,930
3,1995,0.946880915212867,0.930879122664212,0.984485359177338,0.976772804687196,0.905110523330374,0.971294339953464,0.895115291609458,0.833339701784646,0.806116447500546,0.782114114294965,934
3,1996,0.799833114077193,0.664622866060814,0.769716195518126,0.586961664619363,0.888698770852651,0.763090400637993,0.739377237556343,0.663471998397784,0.504872404316928,0.328559899145558,922
3,1997,0.48764780718548,0.446911916312283,0.879560298331324,0.940382019884858,0.76307101889715,0.603817383016362,0.1453075024191,0.127971537921428,0.0666258990879497,0.150102673874161,933
3,1998,0.553114412142157,0.719957139548783,0.849656188291438,0.608763535225738,0.720066529661086,0.750527705193377,0.788601528848798,0.529898341433095,0.427435329965436,0.634342855010203,951
3,1999,0.979218487097247,0.73264875829007,0.383816221148341,0.339582108910666,0.210769641334647,0.43696937322104,0.27626192886377,0.18578420027749,0.266771018812989,0.115336891686789,926
3,2000,0.919175124056072,0.156428406320281,0.11507952430348,0.56427361805843,0.385024008780895,0.23281398289834,0.19337177429043,0.0654846071541388,0.0680954735064584,0.443469421917142,933
