2026-09-19 07:17:33  block 9: 84 cells, B = 1000, 20 workers, out C:/Users/ebrah/.gemini/Projects/PDFs/Paper_Ebrahim_Frangiton/simulations/battery/9
2026-09-19 07:17:34  logit_C1_r001_n1000: 1000 of 1000 replicates to run
2026-09-19 07:17:36    logit_C1_r001_n1000        80/1000 replicates written to .part  ETA 2026-09-19 08:57 (1.67 h)
2026-09-19 07:17:36    logit_C1_r001_n1000        160/1000 replicates written to .part  ETA 2026-09-19 08:22 (1.08 h)
2026-09-19 07:17:37    logit_C1_r001_n1000        240/1000 replicates written to .part  ETA 2026-09-19 08:09 (0.86 h)
2026-09-19 07:17:37    logit_C1_r001_n1000        320/1000 replicates written to .part  ETA 2026-09-19 08:02 (0.75 h)
2026-09-19 07:17:38    logit_C1_r001_n1000        400/1000 replicates written to .part  ETA 2026-09-19 07:59 (0.69 h)
2026-09-19 07:17:38    logit_C1_r001_n1000        480/1000 replicates written to .part  ETA 2026-09-19 07:56 (0.66 h)
2026-09-19 07:17:39    logit_C1_r001_n1000        560/1000 replicates written to .part  ETA 2026-09-19 07:54 (0.62 h)
2026-09-19 07:17:39    logit_C1_r001_n1000        640/1000 replicates written to .part  ETA 2026-09-19 07:53 (0.60 h)
2026-09-19 07:17:40    logit_C1_r001_n1000        720/1000 replicates written to .part  ETA 2026-09-19 07:52 (0.58 h)
2026-09-19 07:17:40    logit_C1_r001_n1000        800/1000 replicates written to .part  ETA 2026-09-19 07:51 (0.57 h)
2026-09-19 07:17:41    logit_C1_r001_n1000        880/1000 replicates written to .part  ETA 2026-09-19 07:51 (0.56 h)
2026-09-19 07:17:41    logit_C1_r001_n1000        960/1000 replicates written to .part  ETA 2026-09-19 07:50 (0.55 h)
2026-09-19 07:17:41    logit_C1_r001_n1000        1000/1000 replicates written to .part  ETA 2026-09-19 07:50 (0.55 h)
2026-09-19 07:17:41  [1/84] logit_C1_r001_n1000        n=1000  k=1   kept 1000, errors 0, degenerate 0  ETA 2026-09-19 07:50 (0.55 h)
2026-09-19 07:17:41  logit_C1_r002_n1000: 1000 of 1000 replicates to run
2026-09-19 07:17:42    logit_C1_r002_n1000        80/1000 replicates written to .part  ETA 2026-09-19 07:50 (0.54 h)
2026-09-19 07:17:43    logit_C1_r002_n1000        160/1000 replicates written to .part  ETA 2026-09-19 07:49 (0.53 h)
2026-09-19 07:17:43    logit_C1_r002_n1000        240/1000 replicates written to .part  ETA 2026-09-19 07:49 (0.53 h)
2026-09-19 07:17:44    logit_C1_r002_n1000        320/1000 replicates written to .part  ETA 2026-09-19 07:49 (0.53 h)
2026-09-19 07:17:44    logit_C1_r002_n1000        400/1000 replicates written to .part  ETA 2026-09-19 07:49 (0.52 h)
2026-09-19 07:17:45    logit_C1_r002_n1000        480/1000 replicates written to .part  ETA 2026-09-19 07:48 (0.52 h)
2026-09-19 07:17:45    logit_C1_r002_n1000        560/1000 replicates written to .part  ETA 2026-09-19 07:48 (0.52 h)
2026-09-19 07:17:46    logit_C1_r002_n1000        640/1000 replicates written to .part  ETA 2026-09-19 07:48 (0.51 h)
2026-09-19 07:17:46    logit_C1_r002_n1000        720/1000 replicates written to .part  ETA 2026-09-19 07:48 (0.51 h)
2026-09-19 07:17:47    logit_C1_r002_n1000        800/1000 replicates written to .part  ETA 2026-09-19 07:48 (0.51 h)
2026-09-19 07:17:47    logit_C1_r002_n1000        880/1000 replicates written to .part  ETA 2026-09-19 07:48 (0.51 h)
2026-09-19 07:17:48    logit_C1_r002_n1000        960/1000 replicates written to .part  ETA 2026-09-19 07:48 (0.51 h)
2026-09-19 07:17:48    logit_C1_r002_n1000        1000/1000 replicates written to .part  ETA 2026-09-19 07:48 (0.51 h)
2026-09-19 07:17:48  [2/84] logit_C1_r002_n1000        n=1000  k=2   kept 1000, errors 0, degenerate 0  ETA 2026-09-19 07:48 (0.51 h)
2026-09-19 07:17:48  logit_C1_r005_n1000: 1000 of 1000 replicates to run
2026-09-19 07:17:49    logit_C1_r005_n1000        80/1000 replicates written to .part  ETA 2026-09-19 07:48 (0.51 h)
2026-09-19 07:17:50    logit_C1_r005_n1000        160/1000 replicates written to .part  ETA 2026-09-19 07:48 (0.51 h)
2026-09-19 07:17:50    logit_C1_r005_n1000        240/1000 replicates written to .part  ETA 2026-09-19 07:48 (0.51 h)
2026-09-19 07:17:51    logit_C1_r005_n1000        320/1000 replicates written to .part  ETA 2026-09-19 07:48 (0.51 h)
2026-09-19 07:17:51    logit_C1_r005_n1000        400/1000 replicates written to .part  ETA 2026-09-19 07:48 (0.51 h)
2026-09-19 07:17:52    logit_C1_r005_n1000        480/1000 replicates written to .part  ETA 2026-09-19 07:48 (0.51 h)
2026-09-19 07:17:52    logit_C1_r005_n1000        560/1000 replicates written to .part  ETA 2026-09-19 07:48 (0.51 h)
2026-09-19 07:17:53    logit_C1_r005_n1000        640/1000 replicates written to .part  ETA 2026-09-19 07:48 (0.51 h)
2026-09-19 07:17:54    logit_C1_r005_n1000        720/1000 replicates written to .part  ETA 2026-09-19 07:48 (0.51 h)
2026-09-19 07:17:54    logit_C1_r005_n1000        800/1000 replicates written to .part  ETA 2026-09-19 07:48 (0.51 h)
2026-09-19 07:17:55    logit_C1_r005_n1000        880/1000 replicates written to .part  ETA 2026-09-19 07:48 (0.51 h)
2026-09-19 07:17:55    logit_C1_r005_n1000        960/1000 replicates written to .part  ETA 2026-09-19 07:48 (0.51 h)
2026-09-19 07:17:56    logit_C1_r005_n1000        1000/1000 replicates written to .part  ETA 2026-09-19 07:48 (0.51 h)
2026-09-19 07:17:56  [3/84] logit_C1_r005_n1000        n=1000  k=5   kept 1000, errors 0, degenerate 0  ETA 2026-09-19 07:48 (0.51 h)
2026-09-19 07:17:56  logit_C1_r010_n1000: 1000 of 1000 replicates to run
2026-09-19 07:17:56    logit_C1_r010_n1000        80/1000 replicates written to .part  ETA 2026-09-19 07:48 (0.50 h)
2026-09-19 07:17:57    logit_C1_r010_n1000        160/1000 replicates written to .part  ETA 2026-09-19 07:48 (0.50 h)
2026-09-19 07:17:57    logit_C1_r010_n1000        240/1000 replicates written to .part  ETA 2026-09-19 07:48 (0.50 h)
2026-09-19 07:17:58    logit_C1_r010_n1000        320/1000 replicates written to .part  ETA 2026-09-19 07:48 (0.50 h)
2026-09-19 07:17:58    logit_C1_r010_n1000        400/1000 replicates written to .part  ETA 2026-09-19 07:48 (0.50 h)
2026-09-19 07:17:59    logit_C1_r010_n1000        480/1000 replicates written to .part  ETA 2026-09-19 07:48 (0.50 h)
2026-09-19 07:18:00    logit_C1_r010_n1000        560/1000 replicates written to .part  ETA 2026-09-19 07:48 (0.50 h)
2026-09-19 07:18:00    logit_C1_r010_n1000        640/1000 replicates written to .part  ETA 2026-09-19 07:48 (0.50 h)
2026-09-19 07:18:01    logit_C1_r010_n1000        720/1000 replicates written to .part  ETA 2026-09-19 07:48 (0.50 h)
2026-09-19 07:18:01    logit_C1_r010_n1000        800/1000 replicates written to .part  ETA 2026-09-19 07:48 (0.50 h)
2026-09-19 07:18:02    logit_C1_r010_n1000        880/1000 replicates written to .part  ETA 2026-09-19 07:48 (0.50 h)
2026-09-19 07:18:02    logit_C1_r010_n1000        960/1000 replicates written to .part  ETA 2026-09-19 07:48 (0.50 h)
2026-09-19 07:18:03    logit_C1_r010_n1000        1000/1000 replicates written to .part  ETA 2026-09-19 07:48 (0.50 h)
2026-09-19 07:18:03  [4/84] logit_C1_r010_n1000        n=1000  k=10  kept 1000, errors 0, degenerate 0  ETA 2026-09-19 07:48 (0.50 h)
2026-09-19 07:18:03  logit_C2_r001_n1000: 1000 of 1000 replicates to run
2026-09-19 07:18:03    logit_C2_r001_n1000        80/1000 replicates written to .part  ETA 2026-09-19 07:48 (0.50 h)
2026-09-19 07:18:04    logit_C2_r001_n1000        160/1000 replicates written to .part  ETA 2026-09-19 07:48 (0.50 h)
2026-09-19 07:18:04    logit_C2_r001_n1000        240/1000 replicates written to .part  ETA 2026-09-19 07:48 (0.50 h)
2026-09-19 07:18:05    logit_C2_r001_n1000        320/1000 replicates written to .part  ETA 2026-09-19 07:47 (0.50 h)
2026-09-19 07:18:05    logit_C2_r001_n1000        400/1000 replicates written to .part  ETA 2026-09-19 07:47 (0.50 h)
2026-09-19 07:18:06    logit_C2_r001_n1000        480/1000 replicates written to .part  ETA 2026-09-19 07:47 (0.49 h)
2026-09-19 07:18:06    logit_C2_r001_n1000        560/1000 replicates written to .part  ETA 2026-09-19 07:47 (0.49 h)
2026-09-19 07:18:07    logit_C2_r001_n1000        640/1000 replicates written to .part  ETA 2026-09-19 07:47 (0.49 h)
2026-09-19 07:18:07    logit_C2_r001_n1000        720/1000 replicates written to .part  ETA 2026-09-19 07:47 (0.49 h)
2026-09-19 07:18:08    logit_C2_r001_n1000        800/1000 replicates written to .part  ETA 2026-09-19 07:47 (0.49 h)
2026-09-19 07:18:08    logit_C2_r001_n1000        880/1000 replicates written to .part  ETA 2026-09-19 07:47 (0.49 h)
2026-09-19 07:18:09    logit_C2_r001_n1000        960/1000 replicates written to .part  ETA 2026-09-19 07:47 (0.48 h)
2026-09-19 07:18:09    logit_C2_r001_n1000        1000/1000 replicates written to .part  ETA 2026-09-19 07:47 (0.48 h)
2026-09-19 07:18:09  [5/84] logit_C2_r001_n1000        n=1000  k=1   kept 1000, errors 0, degenerate 0  ETA 2026-09-19 07:47 (0.48 h)
2026-09-19 07:18:09  logit_C2_r002_n1000: 1000 of 1000 replicates to run
2026-09-19 07:18:09    logit_C2_r002_n1000        80/1000 replicates written to .part  ETA 2026-09-19 07:47 (0.48 h)
2026-09-19 07:18:10    logit_C2_r002_n1000        160/1000 replicates written to .part  ETA 2026-09-19 07:47 (0.48 h)
2026-09-19 07:18:10    logit_C2_r002_n1000        240/1000 replicates written to .part  ETA 2026-09-19 07:46 (0.48 h)
2026-09-19 07:18:11    logit_C2_r002_n1000        320/1000 replicates written to .part  ETA 2026-09-19 07:46 (0.48 h)
2026-09-19 07:18:11    logit_C2_r002_n1000        400/1000 replicates written to .part  ETA 2026-09-19 07:46 (0.48 h)
2026-09-19 07:18:12    logit_C2_r002_n1000        480/1000 replicates written to .part  ETA 2026-09-19 07:46 (0.48 h)
2026-09-19 07:18:12    logit_C2_r002_n1000        560/1000 replicates written to .part  ETA 2026-09-19 07:46 (0.47 h)
2026-09-19 07:18:13    logit_C2_r002_n1000        640/1000 replicates written to .part  ETA 2026-09-19 07:46 (0.47 h)
2026-09-19 07:18:13    logit_C2_r002_n1000        720/1000 replicates written to .part  ETA 2026-09-19 07:46 (0.47 h)
2026-09-19 07:18:14    logit_C2_r002_n1000        800/1000 replicates written to .part  ETA 2026-09-19 07:46 (0.47 h)
2026-09-19 07:18:14    logit_C2_r002_n1000        880/1000 replicates written to .part  ETA 2026-09-19 07:46 (0.47 h)
2026-09-19 07:18:15    logit_C2_r002_n1000        960/1000 replicates written to .part  ETA 2026-09-19 07:46 (0.47 h)
2026-09-19 07:18:15    logit_C2_r002_n1000        1000/1000 replicates written to .part  ETA 2026-09-19 07:46 (0.47 h)
2026-09-19 07:18:15  [6/84] logit_C2_r002_n1000        n=1000  k=2   kept 1000, errors 0, degenerate 0  ETA 2026-09-19 07:46 (0.47 h)
2026-09-19 07:18:15  logit_C2_r005_n1000: 1000 of 1000 replicates to run
2026-09-19 07:18:15    logit_C2_r005_n1000        80/1000 replicates written to .part  ETA 2026-09-19 07:46 (0.47 h)
2026-09-19 07:18:16    logit_C2_r005_n1000        160/1000 replicates written to .part  ETA 2026-09-19 07:46 (0.47 h)
2026-09-19 07:18:16    logit_C2_r005_n1000        240/1000 replicates written to .part  ETA 2026-09-19 07:46 (0.47 h)
2026-09-19 07:18:17    logit_C2_r005_n1000        320/1000 replicates written to .part  ETA 2026-09-19 07:46 (0.47 h)
2026-09-19 07:18:17    logit_C2_r005_n1000        400/1000 replicates written to .part  ETA 2026-09-19 07:46 (0.46 h)
2026-09-19 07:18:18    logit_C2_r005_n1000        480/1000 replicates written to .part  ETA 2026-09-19 07:46 (0.46 h)
2026-09-19 07:18:18    logit_C2_r005_n1000        560/1000 replicates written to .part  ETA 2026-09-19 07:46 (0.46 h)
2026-09-19 07:18:19    logit_C2_r005_n1000        640/1000 replicates written to .part  ETA 2026-09-19 07:46 (0.46 h)
2026-09-19 07:18:19    logit_C2_r005_n1000        720/1000 replicates written to .part  ETA 2026-09-19 07:46 (0.46 h)
2026-09-19 07:18:20    logit_C2_r005_n1000        800/1000 replicates written to .part  ETA 2026-09-19 07:46 (0.46 h)
2026-09-19 07:18:20    logit_C2_r005_n1000        880/1000 replicates written to .part  ETA 2026-09-19 07:46 (0.46 h)
2026-09-19 07:18:21    logit_C2_r005_n1000        960/1000 replicates written to .part  ETA 2026-09-19 07:46 (0.46 h)
2026-09-19 07:18:21    logit_C2_r005_n1000        1000/1000 replicates written to .part  ETA 2026-09-19 07:46 (0.46 h)
2026-09-19 07:18:21  [7/84] logit_C2_r005_n1000        n=1000  k=5   kept 1000, errors 0, degenerate 0  ETA 2026-09-19 07:46 (0.46 h)
2026-09-19 07:18:21  logit_C2_r010_n1000: 1000 of 1000 replicates to run
2026-09-19 07:18:22    logit_C2_r010_n1000        80/1000 replicates written to .part  ETA 2026-09-19 07:45 (0.46 h)
2026-09-19 07:18:22    logit_C2_r010_n1000        160/1000 replicates written to .part  ETA 2026-09-19 07:45 (0.46 h)
2026-09-19 07:18:23    logit_C2_r010_n1000        240/1000 replicates written to .part  ETA 2026-09-19 07:45 (0.46 h)
2026-09-19 07:18:23    logit_C2_r010_n1000        320/1000 replicates written to .part  ETA 2026-09-19 07:45 (0.46 h)
2026-09-19 07:18:24    logit_C2_r010_n1000        400/1000 replicates written to .part  ETA 2026-09-19 07:45 (0.46 h)
2026-09-19 07:18:24    logit_C2_r010_n1000        480/1000 replicates written to .part  ETA 2026-09-19 07:45 (0.46 h)
2026-09-19 07:18:25    logit_C2_r010_n1000        560/1000 replicates written to .part  ETA 2026-09-19 07:45 (0.46 h)
2026-09-19 07:18:25    logit_C2_r010_n1000        640/1000 replicates written to .part  ETA 2026-09-19 07:45 (0.46 h)
2026-09-19 07:18:26    logit_C2_r010_n1000        720/1000 replicates written to .part  ETA 2026-09-19 07:45 (0.46 h)
2026-09-19 07:18:26    logit_C2_r010_n1000        800/1000 replicates written to .part  ETA 2026-09-19 07:45 (0.46 h)
2026-09-19 07:18:27    logit_C2_r010_n1000        880/1000 replicates written to .part  ETA 2026-09-19 07:45 (0.46 h)
2026-09-19 07:18:27    logit_C2_r010_n1000        960/1000 replicates written to .part  ETA 2026-09-19 07:45 (0.46 h)
2026-09-19 07:18:27    logit_C2_r010_n1000        1000/1000 replicates written to .part  ETA 2026-09-19 07:45 (0.46 h)
2026-09-19 07:18:27  [8/84] logit_C2_r010_n1000        n=1000  k=10  kept 1000, errors 0, degenerate 0  ETA 2026-09-19 07:45 (0.46 h)
2026-09-19 07:18:28  logit_C3_r001_n1000: 1000 of 1000 replicates to run
2026-09-19 07:18:28    logit_C3_r001_n1000        80/1000 replicates written to .part  ETA 2026-09-19 07:45 (0.46 h)
2026-09-19 07:18:28    logit_C3_r001_n1000        160/1000 replicates written to .part  ETA 2026-09-19 07:45 (0.45 h)
2026-09-19 07:18:29    logit_C3_r001_n1000        240/1000 replicates written to .part  ETA 2026-09-19 07:45 (0.45 h)
2026-09-19 07:18:29    logit_C3_r001_n1000        320/1000 replicates written to .part  ETA 2026-09-19 07:45 (0.45 h)
2026-09-19 07:18:30    logit_C3_r001_n1000        400/1000 replicates written to .part  ETA 2026-09-19 07:45 (0.45 h)
2026-09-19 07:18:30    logit_C3_r001_n1000        480/1000 replicates written to .part  ETA 2026-09-19 07:45 (0.45 h)
2026-09-19 07:18:31    logit_C3_r001_n1000        560/1000 replicates written to .part  ETA 2026-09-19 07:45 (0.45 h)
2026-09-19 07:18:31    logit_C3_r001_n1000        640/1000 replicates written to .part  ETA 2026-09-19 07:45 (0.45 h)
2026-09-19 07:18:32    logit_C3_r001_n1000        720/1000 replicates written to .part  ETA 2026-09-19 07:45 (0.45 h)
2026-09-19 07:18:32    logit_C3_r001_n1000        800/1000 replicates written to .part  ETA 2026-09-19 07:45 (0.45 h)
2026-09-19 07:18:33    logit_C3_r001_n1000        880/1000 replicates written to .part  ETA 2026-09-19 07:45 (0.45 h)
2026-09-19 07:18:33    logit_C3_r001_n1000        960/1000 replicates written to .part  ETA 2026-09-19 07:45 (0.45 h)
2026-09-19 07:18:33    logit_C3_r001_n1000        1000/1000 replicates written to .part  ETA 2026-09-19 07:45 (0.45 h)
2026-09-19 07:18:33  [9/84] logit_C3_r001_n1000        n=1000  k=1   kept 1000, errors 0, degenerate 0  ETA 2026-09-19 07:45 (0.45 h)
2026-09-19 07:18:33  logit_C3_r002_n1000: 1000 of 1000 replicates to run
2026-09-19 07:18:34    logit_C3_r002_n1000        80/1000 replicates written to .part  ETA 2026-09-19 07:45 (0.45 h)
2026-09-19 07:18:34    logit_C3_r002_n1000        160/1000 replicates written to .part  ETA 2026-09-19 07:45 (0.45 h)
2026-09-19 07:18:35    logit_C3_r002_n1000        240/1000 replicates written to .part  ETA 2026-09-19 07:45 (0.45 h)
2026-09-19 07:18:35    logit_C3_r002_n1000        320/1000 replicates written to .part  ETA 2026-09-19 07:45 (0.45 h)
2026-09-19 07:18:36    logit_C3_r002_n1000        400/1000 replicates written to .part  ETA 2026-09-19 07:45 (0.44 h)
2026-09-19 07:18:36    logit_C3_r002_n1000        480/1000 replicates written to .part  ETA 2026-09-19 07:45 (0.44 h)
2026-09-19 07:18:37    logit_C3_r002_n1000        560/1000 replicates written to .part  ETA 2026-09-19 07:45 (0.44 h)
2026-09-19 07:18:37    logit_C3_r002_n1000        640/1000 replicates written to .part  ETA 2026-09-19 07:45 (0.44 h)
2026-09-19 07:18:38    logit_C3_r002_n1000        720/1000 replicates written to .part  ETA 2026-09-19 07:45 (0.44 h)
2026-09-19 07:18:38    logit_C3_r002_n1000        800/1000 replicates written to .part  ETA 2026-09-19 07:45 (0.44 h)
2026-09-19 07:18:39    logit_C3_r002_n1000        880/1000 replicates written to .part  ETA 2026-09-19 07:45 (0.44 h)
2026-09-19 07:18:39    logit_C3_r002_n1000        960/1000 replicates written to .part  ETA 2026-09-19 07:45 (0.44 h)
2026-09-19 07:18:39    logit_C3_r002_n1000        1000/1000 replicates written to .part  ETA 2026-09-19 07:45 (0.44 h)
2026-09-19 07:18:39  [10/84] logit_C3_r002_n1000        n=1000  k=2   kept 1000, errors 0, degenerate 0  ETA 2026-09-19 07:45 (0.44 h)
2026-09-19 07:18:39  logit_C3_r005_n1000: 1000 of 1000 replicates to run
2026-09-19 07:18:40    logit_C3_r005_n1000        80/1000 replicates written to .part  ETA 2026-09-19 07:45 (0.44 h)
2026-09-19 07:18:40    logit_C3_r005_n1000        160/1000 replicates written to .part  ETA 2026-09-19 07:45 (0.44 h)
2026-09-19 07:18:41    logit_C3_r005_n1000        240/1000 replicates written to .part  ETA 2026-09-19 07:45 (0.44 h)
2026-09-19 07:18:41    logit_C3_r005_n1000        320/1000 replicates written to .part  ETA 2026-09-19 07:45 (0.44 h)
2026-09-19 07:18:42    logit_C3_r005_n1000        400/1000 replicates written to .part  ETA 2026-09-19 07:45 (0.44 h)
2026-09-19 07:18:42    logit_C3_r005_n1000        480/1000 replicates written to .part  ETA 2026-09-19 07:44 (0.44 h)
2026-09-19 07:18:43    logit_C3_r005_n1000        560/1000 replicates written to .part  ETA 2026-09-19 07:44 (0.44 h)
2026-09-19 07:18:43    logit_C3_r005_n1000        640/1000 replicates written to .part  ETA 2026-09-19 07:44 (0.44 h)
2026-09-19 07:18:43    logit_C3_r005_n1000        720/1000 replicates written to .part  ETA 2026-09-19 07:44 (0.44 h)
2026-09-19 07:18:44    logit_C3_r005_n1000        800/1000 replicates written to .part  ETA 2026-09-19 07:44 (0.44 h)
2026-09-19 07:18:44    logit_C3_r005_n1000        880/1000 replicates written to .part  ETA 2026-09-19 07:44 (0.44 h)
2026-09-19 07:18:45    logit_C3_r005_n1000        960/1000 replicates written to .part  ETA 2026-09-19 07:44 (0.44 h)
2026-09-19 07:18:45    logit_C3_r005_n1000        1000/1000 replicates written to .part  ETA 2026-09-19 07:44 (0.44 h)
2026-09-19 07:18:45  [11/84] logit_C3_r005_n1000        n=1000  k=5   kept 1000, errors 0, degenerate 0  ETA 2026-09-19 07:44 (0.44 h)
2026-09-19 07:18:45  logit_C3_r010_n1000: 1000 of 1000 replicates to run
2026-09-19 07:18:46    logit_C3_r010_n1000        80/1000 replicates written to .part  ETA 2026-09-19 07:44 (0.43 h)
2026-09-19 07:18:46    logit_C3_r010_n1000        160/1000 replicates written to .part  ETA 2026-09-19 07:44 (0.43 h)
2026-09-19 07:18:47    logit_C3_r010_n1000        240/1000 replicates written to .part  ETA 2026-09-19 07:44 (0.43 h)
2026-09-19 07:18:47    logit_C3_r010_n1000        320/1000 replicates written to .part  ETA 2026-09-19 07:44 (0.43 h)
2026-09-19 07:18:47    logit_C3_r010_n1000        400/1000 replicates written to .part  ETA 2026-09-19 07:44 (0.43 h)
2026-09-19 07:18:48    logit_C3_r010_n1000        480/1000 replicates written to .part  ETA 2026-09-19 07:44 (0.43 h)
2026-09-19 07:18:48    logit_C3_r010_n1000        560/1000 replicates written to .part  ETA 2026-09-19 07:44 (0.43 h)
2026-09-19 07:18:49    logit_C3_r010_n1000        640/1000 replicates written to .part  ETA 2026-09-19 07:44 (0.43 h)
2026-09-19 07:18:49    logit_C3_r010_n1000        720/1000 replicates written to .part  ETA 2026-09-19 07:44 (0.43 h)
2026-09-19 07:18:50    logit_C3_r010_n1000        800/1000 replicates written to .part  ETA 2026-09-19 07:44 (0.43 h)
2026-09-19 07:18:50    logit_C3_r010_n1000        880/1000 replicates written to .part  ETA 2026-09-19 07:44 (0.43 h)
2026-09-19 07:18:51    logit_C3_r010_n1000        960/1000 replicates written to .part  ETA 2026-09-19 07:44 (0.43 h)
2026-09-19 07:18:51    logit_C3_r010_n1000        1000/1000 replicates written to .part  ETA 2026-09-19 07:44 (0.43 h)
2026-09-19 07:18:51  [12/84] logit_C3_r010_n1000        n=1000  k=10  kept 1000, errors 0, degenerate 0  ETA 2026-09-19 07:44 (0.43 h)
2026-09-19 07:18:51  logit_C4_r005_n1000: 1000 of 1000 replicates to run
2026-09-19 07:18:52    logit_C4_r005_n1000        80/1000 replicates written to .part  ETA 2026-09-19 07:44 (0.43 h)
2026-09-19 07:18:52    logit_C4_r005_n1000        160/1000 replicates written to .part  ETA 2026-09-19 07:44 (0.43 h)
2026-09-19 07:18:53    logit_C4_r005_n1000        240/1000 replicates written to .part  ETA 2026-09-19 07:44 (0.43 h)
2026-09-19 07:18:53    logit_C4_r005_n1000        320/1000 replicates written to .part  ETA 2026-09-19 07:44 (0.43 h)
2026-09-19 07:18:54    logit_C4_r005_n1000        400/1000 replicates written to .part  ETA 2026-09-19 07:44 (0.43 h)
2026-09-19 07:18:54    logit_C4_r005_n1000        480/1000 replicates written to .part  ETA 2026-09-19 07:44 (0.43 h)
2026-09-19 07:18:55    logit_C4_r005_n1000        560/1000 replicates written to .part  ETA 2026-09-19 07:44 (0.43 h)
2026-09-19 07:18:55    logit_C4_r005_n1000        640/1000 replicates written to .part  ETA 2026-09-19 07:44 (0.43 h)
2026-09-19 07:18:56    logit_C4_r005_n1000        720/1000 replicates written to .part  ETA 2026-09-19 07:44 (0.43 h)
2026-09-19 07:18:56    logit_C4_r005_n1000        800/1000 replicates written to .part  ETA 2026-09-19 07:44 (0.43 h)
2026-09-19 07:18:57    logit_C4_r005_n1000        880/1000 replicates written to .part  ETA 2026-09-19 07:44 (0.43 h)
2026-09-19 07:18:57    logit_C4_r005_n1000        960/1000 replicates written to .part  ETA 2026-09-19 07:44 (0.43 h)
2026-09-19 07:18:57    logit_C4_r005_n1000        1000/1000 replicates written to .part  ETA 2026-09-19 07:44 (0.43 h)
2026-09-19 07:18:57  [13/84] logit_C4_r005_n1000        n=1000  k=5   kept 1000, errors 0, degenerate 0  ETA 2026-09-19 07:44 (0.43 h)
2026-09-19 07:18:57  logit_clean_n1000: 1000 of 1000 replicates to run
2026-09-19 07:18:58    logit_clean_n1000          80/1000 replicates written to .part  ETA 2026-09-19 07:44 (0.43 h)
2026-09-19 07:18:58    logit_clean_n1000          160/1000 replicates written to .part  ETA 2026-09-19 07:44 (0.43 h)
2026-09-19 07:18:59    logit_clean_n1000          240/1000 replicates written to .part  ETA 2026-09-19 07:44 (0.43 h)
2026-09-19 07:18:59    logit_clean_n1000          320/1000 replicates written to .part  ETA 2026-09-19 07:44 (0.43 h)
2026-09-19 07:19:00    logit_clean_n1000          400/1000 replicates written to .part  ETA 2026-09-19 07:44 (0.43 h)
2026-09-19 07:19:00    logit_clean_n1000          480/1000 replicates written to .part  ETA 2026-09-19 07:44 (0.43 h)
2026-09-19 07:19:01    logit_clean_n1000          560/1000 replicates written to .part  ETA 2026-09-19 07:44 (0.42 h)
2026-09-19 07:19:01    logit_clean_n1000          640/1000 replicates written to .part  ETA 2026-09-19 07:44 (0.42 h)
2026-09-19 07:19:01    logit_clean_n1000          720/1000 replicates written to .part  ETA 2026-09-19 07:44 (0.42 h)
2026-09-19 07:19:02    logit_clean_n1000          800/1000 replicates written to .part  ETA 2026-09-19 07:44 (0.42 h)
2026-09-19 07:19:02    logit_clean_n1000          880/1000 replicates written to .part  ETA 2026-09-19 07:44 (0.42 h)
2026-09-19 07:19:03    logit_clean_n1000          960/1000 replicates written to .part  ETA 2026-09-19 07:44 (0.42 h)
2026-09-19 07:19:03    logit_clean_n1000          1000/1000 replicates written to .part  ETA 2026-09-19 07:44 (0.42 h)
2026-09-19 07:19:03  [14/84] logit_clean_n1000          n=1000  k=0   kept 1000, errors 0, degenerate 0  ETA 2026-09-19 07:44 (0.42 h)
2026-09-19 07:19:03  logit_C1_r001_n5000: 1000 of 1000 replicates to run
2026-09-19 07:19:05    logit_C1_r001_n5000        80/1000 replicates written to .part  ETA 2026-09-19 07:44 (0.42 h)
2026-09-19 07:19:07    logit_C1_r001_n5000        160/1000 replicates written to .part  ETA 2026-09-19 07:44 (0.42 h)
2026-09-19 07:19:09    logit_C1_r001_n5000        240/1000 replicates written to .part  ETA 2026-09-19 07:43 (0.41 h)
2026-09-19 07:19:11    logit_C1_r001_n5000        320/1000 replicates written to .part  ETA 2026-09-19 07:43 (0.41 h)
2026-09-19 07:19:13    logit_C1_r001_n5000        400/1000 replicates written to .part  ETA 2026-09-19 07:43 (0.41 h)
2026-09-19 07:19:15    logit_C1_r001_n5000        480/1000 replicates written to .part  ETA 2026-09-19 07:43 (0.40 h)
2026-09-19 07:19:17    logit_C1_r001_n5000        560/1000 replicates written to .part  ETA 2026-09-19 07:43 (0.40 h)
2026-09-19 07:19:19    logit_C1_r001_n5000        640/1000 replicates written to .part  ETA 2026-09-19 07:43 (0.40 h)
2026-09-19 07:19:20    logit_C1_r001_n5000        720/1000 replicates written to .part  ETA 2026-09-19 07:43 (0.40 h)
2026-09-19 07:19:22    logit_C1_r001_n5000        800/1000 replicates written to .part  ETA 2026-09-19 07:42 (0.39 h)
2026-09-19 07:19:24    logit_C1_r001_n5000        880/1000 replicates written to .part  ETA 2026-09-19 07:42 (0.39 h)
2026-09-19 07:19:26    logit_C1_r001_n5000        960/1000 replicates written to .part  ETA 2026-09-19 07:42 (0.39 h)
2026-09-19 07:19:28    logit_C1_r001_n5000        1000/1000 replicates written to .part  ETA 2026-09-19 07:42 (0.39 h)
2026-09-19 07:19:28  [15/84] logit_C1_r001_n5000        n=5000  k=5   kept 1000, errors 0, degenerate 0  ETA 2026-09-19 07:42 (0.39 h)
2026-09-19 07:19:28  logit_C1_r002_n5000: 1000 of 1000 replicates to run
2026-09-19 07:19:29    logit_C1_r002_n5000        80/1000 replicates written to .part  ETA 2026-09-19 07:42 (0.39 h)
2026-09-19 07:19:31    logit_C1_r002_n5000        160/1000 replicates written to .part  ETA 2026-09-19 07:42 (0.38 h)
2026-09-19 07:19:33    logit_C1_r002_n5000        240/1000 replicates written to .part  ETA 2026-09-19 07:42 (0.38 h)
2026-09-19 07:19:35    logit_C1_r002_n5000        320/1000 replicates written to .part  ETA 2026-09-19 07:42 (0.38 h)
2026-09-19 07:19:37    logit_C1_r002_n5000        400/1000 replicates written to .part  ETA 2026-09-19 07:42 (0.38 h)
2026-09-19 07:19:39    logit_C1_r002_n5000        480/1000 replicates written to .part  ETA 2026-09-19 07:42 (0.38 h)
2026-09-19 07:19:41    logit_C1_r002_n5000        560/1000 replicates written to .part  ETA 2026-09-19 07:42 (0.37 h)
2026-09-19 07:19:43    logit_C1_r002_n5000        640/1000 replicates written to .part  ETA 2026-09-19 07:42 (0.37 h)
2026-09-19 07:19:45    logit_C1_r002_n5000        720/1000 replicates written to .part  ETA 2026-09-19 07:41 (0.37 h)
2026-09-19 07:19:47    logit_C1_r002_n5000        800/1000 replicates written to .part  ETA 2026-09-19 07:41 (0.37 h)
2026-09-19 07:19:49    logit_C1_r002_n5000        880/1000 replicates written to .part  ETA 2026-09-19 07:41 (0.37 h)
2026-09-19 07:19:51    logit_C1_r002_n5000        960/1000 replicates written to .part  ETA 2026-09-19 07:41 (0.37 h)
2026-09-19 07:19:52    logit_C1_r002_n5000        1000/1000 replicates written to .part  ETA 2026-09-19 07:41 (0.36 h)
2026-09-19 07:19:52  [16/84] logit_C1_r002_n5000        n=5000  k=10  kept 1000, errors 0, degenerate 0  ETA 2026-09-19 07:41 (0.36 h)
2026-09-19 07:19:52  logit_C1_r005_n5000: 1000 of 1000 replicates to run
2026-09-19 07:19:54    logit_C1_r005_n5000        80/1000 replicates written to .part  ETA 2026-09-19 07:41 (0.36 h)
2026-09-19 07:19:56    logit_C1_r005_n5000        160/1000 replicates written to .part  ETA 2026-09-19 07:41 (0.36 h)
2026-09-19 07:19:57    logit_C1_r005_n5000        240/1000 replicates written to .part  ETA 2026-09-19 07:41 (0.36 h)
2026-09-19 07:19:59    logit_C1_r005_n5000        320/1000 replicates written to .part  ETA 2026-09-19 07:41 (0.36 h)
2026-09-19 07:20:01    logit_C1_r005_n5000        400/1000 replicates written to .part  ETA 2026-09-19 07:41 (0.36 h)
2026-09-19 07:20:03    logit_C1_r005_n5000        480/1000 replicates written to .part  ETA 2026-09-19 07:41 (0.36 h)
2026-09-19 07:20:05    logit_C1_r005_n5000        560/1000 replicates written to .part  ETA 2026-09-19 07:41 (0.35 h)
2026-09-19 07:20:07    logit_C1_r005_n5000        640/1000 replicates written to .part  ETA 2026-09-19 07:41 (0.35 h)
2026-09-19 07:20:09    logit_C1_r005_n5000        720/1000 replicates written to .part  ETA 2026-09-19 07:41 (0.35 h)
2026-09-19 07:20:11    logit_C1_r005_n5000        800/1000 replicates written to .part  ETA 2026-09-19 07:41 (0.35 h)
2026-09-19 07:20:13    logit_C1_r005_n5000        880/1000 replicates written to .part  ETA 2026-09-19 07:41 (0.35 h)
2026-09-19 07:20:15    logit_C1_r005_n5000        960/1000 replicates written to .part  ETA 2026-09-19 07:41 (0.35 h)
2026-09-19 07:20:16    logit_C1_r005_n5000        1000/1000 replicates written to .part  ETA 2026-09-19 07:41 (0.35 h)
2026-09-19 07:20:16  [17/84] logit_C1_r005_n5000        n=5000  k=25  kept 1000, errors 0, degenerate 0  ETA 2026-09-19 07:41 (0.35 h)
2026-09-19 07:20:16  logit_C1_r010_n5000: 1000 of 1000 replicates to run
2026-09-19 07:20:18    logit_C1_r010_n5000        80/1000 replicates written to .part  ETA 2026-09-19 07:41 (0.35 h)
2026-09-19 07:20:20    logit_C1_r010_n5000        160/1000 replicates written to .part  ETA 2026-09-19 07:41 (0.34 h)
2026-09-19 07:20:22    logit_C1_r010_n5000        240/1000 replicates written to .part  ETA 2026-09-19 07:40 (0.34 h)
2026-09-19 07:20:24    logit_C1_r010_n5000        320/1000 replicates written to .part  ETA 2026-09-19 07:40 (0.34 h)
2026-09-19 07:20:26    logit_C1_r010_n5000        400/1000 replicates written to .part  ETA 2026-09-19 07:40 (0.34 h)
2026-09-19 07:20:28    logit_C1_r010_n5000        480/1000 replicates written to .part  ETA 2026-09-19 07:40 (0.34 h)
2026-09-19 07:20:30    logit_C1_r010_n5000        560/1000 replicates written to .part  ETA 2026-09-19 07:40 (0.34 h)
2026-09-19 07:20:32    logit_C1_r010_n5000        640/1000 replicates written to .part  ETA 2026-09-19 07:40 (0.34 h)
2026-09-19 07:20:34    logit_C1_r010_n5000        720/1000 replicates written to .part  ETA 2026-09-19 07:40 (0.34 h)
2026-09-19 07:20:36    logit_C1_r010_n5000        800/1000 replicates written to .part  ETA 2026-09-19 07:40 (0.34 h)
2026-09-19 07:20:38    logit_C1_r010_n5000        880/1000 replicates written to .part  ETA 2026-09-19 07:40 (0.33 h)
2026-09-19 07:20:40    logit_C1_r010_n5000        960/1000 replicates written to .part  ETA 2026-09-19 07:40 (0.33 h)
2026-09-19 07:20:41    logit_C1_r010_n5000        1000/1000 replicates written to .part  ETA 2026-09-19 07:40 (0.33 h)
2026-09-19 07:20:41  [18/84] logit_C1_r010_n5000        n=5000  k=50  kept 1000, errors 0, degenerate 0  ETA 2026-09-19 07:40 (0.33 h)
2026-09-19 07:20:41  logit_C2_r001_n5000: 1000 of 1000 replicates to run
2026-09-19 07:20:43    logit_C2_r001_n5000        80/1000 replicates written to .part  ETA 2026-09-19 07:40 (0.33 h)
2026-09-19 07:20:44    logit_C2_r001_n5000        160/1000 replicates written to .part  ETA 2026-09-19 07:40 (0.33 h)
2026-09-19 07:20:46    logit_C2_r001_n5000        240/1000 replicates written to .part  ETA 2026-09-19 07:40 (0.33 h)
2026-09-19 07:20:48    logit_C2_r001_n5000        320/1000 replicates written to .part  ETA 2026-09-19 07:40 (0.33 h)
2026-09-19 07:20:50    logit_C2_r001_n5000        400/1000 replicates written to .part  ETA 2026-09-19 07:40 (0.33 h)
2026-09-19 07:20:52    logit_C2_r001_n5000        480/1000 replicates written to .part  ETA 2026-09-19 07:40 (0.33 h)
2026-09-19 07:20:53    logit_C2_r001_n5000        560/1000 replicates written to .part  ETA 2026-09-19 07:40 (0.32 h)
2026-09-19 07:20:55    logit_C2_r001_n5000        640/1000 replicates written to .part  ETA 2026-09-19 07:40 (0.32 h)
2026-09-19 07:20:57    logit_C2_r001_n5000        720/1000 replicates written to .part  ETA 2026-09-19 07:40 (0.32 h)
2026-09-19 07:20:59    logit_C2_r001_n5000        800/1000 replicates written to .part  ETA 2026-09-19 07:40 (0.32 h)
2026-09-19 07:21:01    logit_C2_r001_n5000        880/1000 replicates written to .part  ETA 2026-09-19 07:40 (0.32 h)
2026-09-19 07:21:03    logit_C2_r001_n5000        960/1000 replicates written to .part  ETA 2026-09-19 07:40 (0.32 h)
2026-09-19 07:21:04    logit_C2_r001_n5000        1000/1000 replicates written to .part  ETA 2026-09-19 07:40 (0.32 h)
2026-09-19 07:21:04  [19/84] logit_C2_r001_n5000        n=5000  k=5   kept 1000, errors 0, degenerate 0  ETA 2026-09-19 07:40 (0.32 h)
2026-09-19 07:21:04  logit_C2_r002_n5000: 1000 of 1000 replicates to run
2026-09-19 07:21:06    logit_C2_r002_n5000        80/1000 replicates written to .part  ETA 2026-09-19 07:40 (0.32 h)
2026-09-19 07:21:07    logit_C2_r002_n5000        160/1000 replicates written to .part  ETA 2026-09-19 07:40 (0.32 h)
2026-09-19 07:21:09    logit_C2_r002_n5000        240/1000 replicates written to .part  ETA 2026-09-19 07:40 (0.32 h)
2026-09-19 07:21:11    logit_C2_r002_n5000        320/1000 replicates written to .part  ETA 2026-09-19 07:40 (0.31 h)
2026-09-19 07:21:13    logit_C2_r002_n5000        400/1000 replicates written to .part  ETA 2026-09-19 07:40 (0.31 h)
2026-09-19 07:21:15    logit_C2_r002_n5000        480/1000 replicates written to .part  ETA 2026-09-19 07:39 (0.31 h)
2026-09-19 07:21:16    logit_C2_r002_n5000        560/1000 replicates written to .part  ETA 2026-09-19 07:39 (0.31 h)
2026-09-19 07:21:18    logit_C2_r002_n5000        640/1000 replicates written to .part  ETA 2026-09-19 07:39 (0.31 h)
2026-09-19 07:21:20    logit_C2_r002_n5000        720/1000 replicates written to .part  ETA 2026-09-19 07:39 (0.31 h)
2026-09-19 07:21:22    logit_C2_r002_n5000        800/1000 replicates written to .part  ETA 2026-09-19 07:39 (0.31 h)
2026-09-19 07:21:24    logit_C2_r002_n5000        880/1000 replicates written to .part  ETA 2026-09-19 07:39 (0.31 h)
2026-09-19 07:21:26    logit_C2_r002_n5000        960/1000 replicates written to .part  ETA 2026-09-19 07:39 (0.31 h)
2026-09-19 07:21:27    logit_C2_r002_n5000        1000/1000 replicates written to .part  ETA 2026-09-19 07:39 (0.31 h)
2026-09-19 07:21:27  [20/84] logit_C2_r002_n5000        n=5000  k=10  kept 1000, errors 0, degenerate 0  ETA 2026-09-19 07:39 (0.31 h)
2026-09-19 07:21:27  logit_C2_r005_n5000: 1000 of 1000 replicates to run
2026-09-19 07:21:29    logit_C2_r005_n5000        80/1000 replicates written to .part  ETA 2026-09-19 07:39 (0.31 h)
2026-09-19 07:21:30    logit_C2_r005_n5000        160/1000 replicates written to .part  ETA 2026-09-19 07:39 (0.30 h)
2026-09-19 07:21:32    logit_C2_r005_n5000        240/1000 replicates written to .part  ETA 2026-09-19 07:39 (0.30 h)
2026-09-19 07:21:34    logit_C2_r005_n5000        320/1000 replicates written to .part  ETA 2026-09-19 07:39 (0.30 h)
2026-09-19 07:21:36    logit_C2_r005_n5000        400/1000 replicates written to .part  ETA 2026-09-19 07:39 (0.30 h)
2026-09-19 07:21:38    logit_C2_r005_n5000        480/1000 replicates written to .part  ETA 2026-09-19 07:39 (0.30 h)
2026-09-19 07:21:40    logit_C2_r005_n5000        560/1000 replicates written to .part  ETA 2026-09-19 07:39 (0.30 h)
2026-09-19 07:21:42    logit_C2_r005_n5000        640/1000 replicates written to .part  ETA 2026-09-19 07:39 (0.30 h)
2026-09-19 07:21:44    logit_C2_r005_n5000        720/1000 replicates written to .part  ETA 2026-09-19 07:39 (0.30 h)
2026-09-19 07:21:46    logit_C2_r005_n5000        800/1000 replicates written to .part  ETA 2026-09-19 07:39 (0.30 h)
2026-09-19 07:21:48    logit_C2_r005_n5000        880/1000 replicates written to .part  ETA 2026-09-19 07:39 (0.30 h)
2026-09-19 07:21:50    logit_C2_r005_n5000        960/1000 replicates written to .part  ETA 2026-09-19 07:39 (0.30 h)
2026-09-19 07:21:51    logit_C2_r005_n5000        1000/1000 replicates written to .part  ETA 2026-09-19 07:39 (0.30 h)
2026-09-19 07:21:51  [21/84] logit_C2_r005_n5000        n=5000  k=25  kept 1000, errors 0, degenerate 0  ETA 2026-09-19 07:39 (0.30 h)
2026-09-19 07:21:51  logit_C2_r010_n5000: 1000 of 1000 replicates to run
2026-09-19 07:21:53    logit_C2_r010_n5000        80/1000 replicates written to .part  ETA 2026-09-19 07:39 (0.30 h)
2026-09-19 07:21:55    logit_C2_r010_n5000        160/1000 replicates written to .part  ETA 2026-09-19 07:39 (0.29 h)
2026-09-19 07:21:57    logit_C2_r010_n5000        240/1000 replicates written to .part  ETA 2026-09-19 07:39 (0.29 h)
2026-09-19 07:21:59    logit_C2_r010_n5000        320/1000 replicates written to .part  ETA 2026-09-19 07:39 (0.29 h)
2026-09-19 07:22:01    logit_C2_r010_n5000        400/1000 replicates written to .part  ETA 2026-09-19 07:39 (0.29 h)
2026-09-19 07:22:03    logit_C2_r010_n5000        480/1000 replicates written to .part  ETA 2026-09-19 07:39 (0.29 h)
2026-09-19 07:22:05    logit_C2_r010_n5000        560/1000 replicates written to .part  ETA 2026-09-19 07:39 (0.29 h)
2026-09-19 07:22:07    logit_C2_r010_n5000        640/1000 replicates written to .part  ETA 2026-09-19 07:39 (0.29 h)
2026-09-19 07:22:09    logit_C2_r010_n5000        720/1000 replicates written to .part  ETA 2026-09-19 07:39 (0.29 h)
2026-09-19 07:22:11    logit_C2_r010_n5000        800/1000 replicates written to .part  ETA 2026-09-19 07:39 (0.29 h)
2026-09-19 07:22:13    logit_C2_r010_n5000        880/1000 replicates written to .part  ETA 2026-09-19 07:39 (0.29 h)
2026-09-19 07:22:15    logit_C2_r010_n5000        960/1000 replicates written to .part  ETA 2026-09-19 07:39 (0.29 h)
2026-09-19 07:22:16    logit_C2_r010_n5000        1000/1000 replicates written to .part  ETA 2026-09-19 07:39 (0.29 h)
2026-09-19 07:22:16  [22/84] logit_C2_r010_n5000        n=5000  k=50  kept 1000, errors 0, degenerate 0  ETA 2026-09-19 07:39 (0.29 h)
2026-09-19 07:22:16  logit_C3_r001_n5000: 1000 of 1000 replicates to run
2026-09-19 07:22:18    logit_C3_r001_n5000        80/1000 replicates written to .part  ETA 2026-09-19 07:39 (0.29 h)
2026-09-19 07:22:20    logit_C3_r001_n5000        160/1000 replicates written to .part  ETA 2026-09-19 07:39 (0.29 h)
2026-09-19 07:22:22    logit_C3_r001_n5000        240/1000 replicates written to .part  ETA 2026-09-19 07:39 (0.29 h)
2026-09-19 07:22:23    logit_C3_r001_n5000        320/1000 replicates written to .part  ETA 2026-09-19 07:39 (0.28 h)
2026-09-19 07:22:25    logit_C3_r001_n5000        400/1000 replicates written to .part  ETA 2026-09-19 07:39 (0.28 h)
2026-09-19 07:22:27    logit_C3_r001_n5000        480/1000 replicates written to .part  ETA 2026-09-19 07:39 (0.28 h)
2026-09-19 07:22:29    logit_C3_r001_n5000        560/1000 replicates written to .part  ETA 2026-09-19 07:39 (0.28 h)
2026-09-19 07:22:31    logit_C3_r001_n5000        640/1000 replicates written to .part  ETA 2026-09-19 07:39 (0.28 h)
2026-09-19 07:22:33    logit_C3_r001_n5000        720/1000 replicates written to .part  ETA 2026-09-19 07:39 (0.28 h)
2026-09-19 07:22:35    logit_C3_r001_n5000        800/1000 replicates written to .part  ETA 2026-09-19 07:39 (0.28 h)
2026-09-19 07:22:36    logit_C3_r001_n5000        880/1000 replicates written to .part  ETA 2026-09-19 07:39 (0.28 h)
2026-09-19 07:22:38    logit_C3_r001_n5000        960/1000 replicates written to .part  ETA 2026-09-19 07:39 (0.28 h)
2026-09-19 07:22:39    logit_C3_r001_n5000        1000/1000 replicates written to .part  ETA 2026-09-19 07:39 (0.28 h)
2026-09-19 07:22:39  [23/84] logit_C3_r001_n5000        n=5000  k=5   kept 1000, errors 0, degenerate 0  ETA 2026-09-19 07:39 (0.28 h)
2026-09-19 07:22:39  logit_C3_r002_n5000: 1000 of 1000 replicates to run
2026-09-19 07:22:41    logit_C3_r002_n5000        80/1000 replicates written to .part  ETA 2026-09-19 07:39 (0.28 h)
2026-09-19 07:22:43    logit_C3_r002_n5000        160/1000 replicates written to .part  ETA 2026-09-19 07:39 (0.28 h)
2026-09-19 07:22:45    logit_C3_r002_n5000        240/1000 replicates written to .part  ETA 2026-09-19 07:39 (0.28 h)
2026-09-19 07:22:47    logit_C3_r002_n5000        320/1000 replicates written to .part  ETA 2026-09-19 07:39 (0.27 h)
2026-09-19 07:22:49    logit_C3_r002_n5000        400/1000 replicates written to .part  ETA 2026-09-19 07:39 (0.27 h)
2026-09-19 07:22:50    logit_C3_r002_n5000        480/1000 replicates written to .part  ETA 2026-09-19 07:39 (0.27 h)
2026-09-19 07:22:52    logit_C3_r002_n5000        560/1000 replicates written to .part  ETA 2026-09-19 07:39 (0.27 h)
2026-09-19 07:22:54    logit_C3_r002_n5000        640/1000 replicates written to .part  ETA 2026-09-19 07:39 (0.27 h)
2026-09-19 07:22:56    logit_C3_r002_n5000        720/1000 replicates written to .part  ETA 2026-09-19 07:39 (0.27 h)
2026-09-19 07:22:58    logit_C3_r002_n5000        800/1000 replicates written to .part  ETA 2026-09-19 07:39 (0.27 h)
2026-09-19 07:23:00    logit_C3_r002_n5000        880/1000 replicates written to .part  ETA 2026-09-19 07:39 (0.27 h)
2026-09-19 07:23:02    logit_C3_r002_n5000        960/1000 replicates written to .part  ETA 2026-09-19 07:39 (0.27 h)
2026-09-19 07:23:02    logit_C3_r002_n5000        1000/1000 replicates written to .part  ETA 2026-09-19 07:39 (0.27 h)
2026-09-19 07:23:03  [24/84] logit_C3_r002_n5000        n=5000  k=10  kept 1000, errors 0, degenerate 0  ETA 2026-09-19 07:39 (0.27 h)
2026-09-19 07:23:03  logit_C3_r005_n5000: 1000 of 1000 replicates to run
2026-09-19 07:23:04    logit_C3_r005_n5000        80/1000 replicates written to .part  ETA 2026-09-19 07:39 (0.27 h)
2026-09-19 07:23:06    logit_C3_r005_n5000        160/1000 replicates written to .part  ETA 2026-09-19 07:39 (0.27 h)
2026-09-19 07:23:08    logit_C3_r005_n5000        240/1000 replicates written to .part  ETA 2026-09-19 07:39 (0.27 h)
2026-09-19 07:23:10    logit_C3_r005_n5000        320/1000 replicates written to .part  ETA 2026-09-19 07:39 (0.27 h)
2026-09-19 07:23:12    logit_C3_r005_n5000        400/1000 replicates written to .part  ETA 2026-09-19 07:39 (0.26 h)
2026-09-19 07:23:14    logit_C3_r005_n5000        480/1000 replicates written to .part  ETA 2026-09-19 07:39 (0.26 h)
2026-09-19 07:23:16    logit_C3_r005_n5000        560/1000 replicates written to .part  ETA 2026-09-19 07:39 (0.26 h)
2026-09-19 07:23:18    logit_C3_r005_n5000        640/1000 replicates written to .part  ETA 2026-09-19 07:39 (0.26 h)
2026-09-19 07:23:20    logit_C3_r005_n5000        720/1000 replicates written to .part  ETA 2026-09-19 07:39 (0.26 h)
2026-09-19 07:23:22    logit_C3_r005_n5000        800/1000 replicates written to .part  ETA 2026-09-19 07:39 (0.26 h)
2026-09-19 07:23:23    logit_C3_r005_n5000        880/1000 replicates written to .part  ETA 2026-09-19 07:39 (0.26 h)
2026-09-19 07:23:25    logit_C3_r005_n5000        960/1000 replicates written to .part  ETA 2026-09-19 07:39 (0.26 h)
2026-09-19 07:23:26    logit_C3_r005_n5000        1000/1000 replicates written to .part  ETA 2026-09-19 07:39 (0.26 h)
2026-09-19 07:23:26  [25/84] logit_C3_r005_n5000        n=5000  k=25  kept 1000, errors 0, degenerate 0  ETA 2026-09-19 07:39 (0.26 h)
2026-09-19 07:23:26  logit_C3_r010_n5000: 1000 of 1000 replicates to run
2026-09-19 07:23:28    logit_C3_r010_n5000        80/1000 replicates written to .part  ETA 2026-09-19 07:39 (0.26 h)
2026-09-19 07:23:30    logit_C3_r010_n5000        160/1000 replicates written to .part  ETA 2026-09-19 07:39 (0.26 h)
2026-09-19 07:23:32    logit_C3_r010_n5000        240/1000 replicates written to .part  ETA 2026-09-19 07:39 (0.26 h)
2026-09-19 07:23:34    logit_C3_r010_n5000        320/1000 replicates written to .part  ETA 2026-09-19 07:39 (0.26 h)
2026-09-19 07:23:36    logit_C3_r010_n5000        400/1000 replicates written to .part  ETA 2026-09-19 07:38 (0.26 h)
2026-09-19 07:23:38    logit_C3_r010_n5000        480/1000 replicates written to .part  ETA 2026-09-19 07:38 (0.26 h)
2026-09-19 07:23:40    logit_C3_r010_n5000        560/1000 replicates written to .part  ETA 2026-09-19 07:38 (0.26 h)
2026-09-19 07:23:42    logit_C3_r010_n5000        640/1000 replicates written to .part  ETA 2026-09-19 07:38 (0.25 h)
2026-09-19 07:23:43    logit_C3_r010_n5000        720/1000 replicates written to .part  ETA 2026-09-19 07:38 (0.25 h)
2026-09-19 07:23:45    logit_C3_r010_n5000        800/1000 replicates written to .part  ETA 2026-09-19 07:38 (0.25 h)
2026-09-19 07:23:48    logit_C3_r010_n5000        880/1000 replicates written to .part  ETA 2026-09-19 07:38 (0.25 h)
2026-09-19 07:23:49    logit_C3_r010_n5000        960/1000 replicates written to .part  ETA 2026-09-19 07:38 (0.25 h)
2026-09-19 07:23:50    logit_C3_r010_n5000        1000/1000 replicates written to .part  ETA 2026-09-19 07:38 (0.25 h)
2026-09-19 07:23:50  [26/84] logit_C3_r010_n5000        n=5000  k=50  kept 1000, errors 0, degenerate 0  ETA 2026-09-19 07:38 (0.25 h)
2026-09-19 07:23:50  logit_C4_r005_n5000: 1000 of 1000 replicates to run
2026-09-19 07:23:52    logit_C4_r005_n5000        80/1000 replicates written to .part  ETA 2026-09-19 07:38 (0.25 h)
2026-09-19 07:23:54    logit_C4_r005_n5000        160/1000 replicates written to .part  ETA 2026-09-19 07:38 (0.25 h)
2026-09-19 07:23:56    logit_C4_r005_n5000        240/1000 replicates written to .part  ETA 2026-09-19 07:38 (0.25 h)
2026-09-19 07:23:58    logit_C4_r005_n5000        320/1000 replicates written to .part  ETA 2026-09-19 07:38 (0.25 h)
2026-09-19 07:24:00    logit_C4_r005_n5000        400/1000 replicates written to .part  ETA 2026-09-19 07:38 (0.25 h)
2026-09-19 07:24:02    logit_C4_r005_n5000        480/1000 replicates written to .part  ETA 2026-09-19 07:38 (0.25 h)
2026-09-19 07:24:03    logit_C4_r005_n5000        560/1000 replicates written to .part  ETA 2026-09-19 07:38 (0.25 h)
2026-09-19 07:24:05    logit_C4_r005_n5000        640/1000 replicates written to .part  ETA 2026-09-19 07:38 (0.25 h)
2026-09-19 07:24:07    logit_C4_r005_n5000        720/1000 replicates written to .part  ETA 2026-09-19 07:38 (0.25 h)
2026-09-19 07:24:09    logit_C4_r005_n5000        800/1000 replicates written to .part  ETA 2026-09-19 07:38 (0.24 h)
2026-09-19 07:24:11    logit_C4_r005_n5000        880/1000 replicates written to .part  ETA 2026-09-19 07:38 (0.24 h)
2026-09-19 07:24:13    logit_C4_r005_n5000        960/1000 replicates written to .part  ETA 2026-09-19 07:38 (0.24 h)
2026-09-19 07:24:13    logit_C4_r005_n5000        1000/1000 replicates written to .part  ETA 2026-09-19 07:38 (0.24 h)
2026-09-19 07:24:13  [27/84] logit_C4_r005_n5000        n=5000  k=25  kept 1000, errors 0, degenerate 0  ETA 2026-09-19 07:38 (0.24 h)
2026-09-19 07:24:13  logit_clean_n5000: 1000 of 1000 replicates to run
2026-09-19 07:24:15    logit_clean_n5000          80/1000 replicates written to .part  ETA 2026-09-19 07:38 (0.24 h)
2026-09-19 07:24:17    logit_clean_n5000          160/1000 replicates written to .part  ETA 2026-09-19 07:38 (0.24 h)
2026-09-19 07:24:19    logit_clean_n5000          240/1000 replicates written to .part  ETA 2026-09-19 07:38 (0.24 h)
2026-09-19 07:24:20    logit_clean_n5000          320/1000 replicates written to .part  ETA 2026-09-19 07:38 (0.24 h)
2026-09-19 07:24:22    logit_clean_n5000          400/1000 replicates written to .part  ETA 2026-09-19 07:38 (0.24 h)
2026-09-19 07:24:24    logit_clean_n5000          480/1000 replicates written to .part  ETA 2026-09-19 07:38 (0.24 h)
2026-09-19 07:24:26    logit_clean_n5000          560/1000 replicates written to .part  ETA 2026-09-19 07:38 (0.24 h)
2026-09-19 07:24:28    logit_clean_n5000          640/1000 replicates written to .part  ETA 2026-09-19 07:38 (0.24 h)
2026-09-19 07:24:30    logit_clean_n5000          720/1000 replicates written to .part  ETA 2026-09-19 07:38 (0.24 h)
2026-09-19 07:24:32    logit_clean_n5000          800/1000 replicates written to .part  ETA 2026-09-19 07:38 (0.24 h)
2026-09-19 07:24:33    logit_clean_n5000          880/1000 replicates written to .part  ETA 2026-09-19 07:38 (0.24 h)
2026-09-19 07:24:35    logit_clean_n5000          960/1000 replicates written to .part  ETA 2026-09-19 07:38 (0.24 h)
2026-09-19 07:24:36    logit_clean_n5000          1000/1000 replicates written to .part  ETA 2026-09-19 07:38 (0.23 h)
2026-09-19 07:24:36  [28/84] logit_clean_n5000          n=5000  k=0   kept 1000, errors 0, degenerate 0  ETA 2026-09-19 07:38 (0.23 h)
2026-09-19 07:24:36  probit_C1_r001_n1000: 1000 of 1000 replicates to run
2026-09-19 07:24:37    probit_C1_r001_n1000       80/1000 replicates written to .part  ETA 2026-09-19 07:38 (0.23 h)
2026-09-19 07:24:38    probit_C1_r001_n1000       160/1000 replicates written to .part  ETA 2026-09-19 07:38 (0.23 h)
2026-09-19 07:24:38    probit_C1_r001_n1000       240/1000 replicates written to .part  ETA 2026-09-19 07:38 (0.23 h)
2026-09-19 07:24:39    probit_C1_r001_n1000       320/1000 replicates written to .part  ETA 2026-09-19 07:38 (0.23 h)
2026-09-19 07:24:39    probit_C1_r001_n1000       400/1000 replicates written to .part  ETA 2026-09-19 07:38 (0.23 h)
2026-09-19 07:24:40    probit_C1_r001_n1000       480/1000 replicates written to .part  ETA 2026-09-19 07:38 (0.23 h)
2026-09-19 07:24:40    probit_C1_r001_n1000       560/1000 replicates written to .part  ETA 2026-09-19 07:38 (0.23 h)
2026-09-19 07:24:41    probit_C1_r001_n1000       640/1000 replicates written to .part  ETA 2026-09-19 07:38 (0.23 h)
2026-09-19 07:24:41    probit_C1_r001_n1000       720/1000 replicates written to .part  ETA 2026-09-19 07:38 (0.23 h)
2026-09-19 07:24:42    probit_C1_r001_n1000       800/1000 replicates written to .part  ETA 2026-09-19 07:38 (0.23 h)
2026-09-19 07:24:43    probit_C1_r001_n1000       880/1000 replicates written to .part  ETA 2026-09-19 07:38 (0.23 h)
2026-09-19 07:24:43    probit_C1_r001_n1000       960/1000 replicates written to .part  ETA 2026-09-19 07:38 (0.23 h)
2026-09-19 07:24:43    probit_C1_r001_n1000       1000/1000 replicates written to .part  ETA 2026-09-19 07:38 (0.23 h)
2026-09-19 07:24:43  [29/84] probit_C1_r001_n1000       n=1000  k=1   kept 1000, errors 0, degenerate 0  ETA 2026-09-19 07:38 (0.23 h)
2026-09-19 07:24:43  probit_C1_r002_n1000: 1000 of 1000 replicates to run
2026-09-19 07:24:44    probit_C1_r002_n1000       80/1000 replicates written to .part  ETA 2026-09-19 07:38 (0.23 h)
2026-09-19 07:24:44    probit_C1_r002_n1000       160/1000 replicates written to .part  ETA 2026-09-19 07:38 (0.23 h)
2026-09-19 07:24:45    probit_C1_r002_n1000       240/1000 replicates written to .part  ETA 2026-09-19 07:38 (0.23 h)
2026-09-19 07:24:46    probit_C1_r002_n1000       320/1000 replicates written to .part  ETA 2026-09-19 07:38 (0.23 h)
2026-09-19 07:24:46    probit_C1_r002_n1000       400/1000 replicates written to .part  ETA 2026-09-19 07:38 (0.23 h)
2026-09-19 07:24:47    probit_C1_r002_n1000       480/1000 replicates written to .part  ETA 2026-09-19 07:38 (0.23 h)
2026-09-19 07:24:47    probit_C1_r002_n1000       560/1000 replicates written to .part  ETA 2026-09-19 07:38 (0.23 h)
2026-09-19 07:24:48    probit_C1_r002_n1000       640/1000 replicates written to .part  ETA 2026-09-19 07:38 (0.23 h)
2026-09-19 07:24:48    probit_C1_r002_n1000       720/1000 replicates written to .part  ETA 2026-09-19 07:38 (0.23 h)
2026-09-19 07:24:49    probit_C1_r002_n1000       800/1000 replicates written to .part  ETA 2026-09-19 07:38 (0.23 h)
2026-09-19 07:24:49    probit_C1_r002_n1000       880/1000 replicates written to .part  ETA 2026-09-19 07:38 (0.23 h)
2026-09-19 07:24:50    probit_C1_r002_n1000       960/1000 replicates written to .part  ETA 2026-09-19 07:38 (0.23 h)
2026-09-19 07:24:50    probit_C1_r002_n1000       1000/1000 replicates written to .part  ETA 2026-09-19 07:38 (0.23 h)
2026-09-19 07:24:50  [30/84] probit_C1_r002_n1000       n=1000  k=2   kept 1000, errors 0, degenerate 0  ETA 2026-09-19 07:38 (0.23 h)
2026-09-19 07:24:50  probit_C1_r005_n1000: 1000 of 1000 replicates to run
2026-09-19 07:24:51    probit_C1_r005_n1000       80/1000 replicates written to .part  ETA 2026-09-19 07:38 (0.23 h)
2026-09-19 07:24:51    probit_C1_r005_n1000       160/1000 replicates written to .part  ETA 2026-09-19 07:38 (0.23 h)
2026-09-19 07:24:52    probit_C1_r005_n1000       240/1000 replicates written to .part  ETA 2026-09-19 07:38 (0.23 h)
2026-09-19 07:24:52    probit_C1_r005_n1000       320/1000 replicates written to .part  ETA 2026-09-19 07:38 (0.23 h)
2026-09-19 07:24:53    probit_C1_r005_n1000       400/1000 replicates written to .part  ETA 2026-09-19 07:38 (0.23 h)
2026-09-19 07:24:53    probit_C1_r005_n1000       480/1000 replicates written to .part  ETA 2026-09-19 07:38 (0.23 h)
2026-09-19 07:24:54    probit_C1_r005_n1000       560/1000 replicates written to .part  ETA 2026-09-19 07:38 (0.23 h)
2026-09-19 07:24:55    probit_C1_r005_n1000       640/1000 replicates written to .part  ETA 2026-09-19 07:38 (0.23 h)
2026-09-19 07:24:55    probit_C1_r005_n1000       720/1000 replicates written to .part  ETA 2026-09-19 07:38 (0.23 h)
2026-09-19 07:24:56    probit_C1_r005_n1000       800/1000 replicates written to .part  ETA 2026-09-19 07:38 (0.23 h)
2026-09-19 07:24:56    probit_C1_r005_n1000       880/1000 replicates written to .part  ETA 2026-09-19 07:38 (0.23 h)
2026-09-19 07:24:57    probit_C1_r005_n1000       960/1000 replicates written to .part  ETA 2026-09-19 07:38 (0.23 h)
2026-09-19 07:24:57    probit_C1_r005_n1000       1000/1000 replicates written to .part  ETA 2026-09-19 07:38 (0.23 h)
2026-09-19 07:24:57  [31/84] probit_C1_r005_n1000       n=1000  k=5   kept 1000, errors 0, degenerate 0  ETA 2026-09-19 07:38 (0.23 h)
2026-09-19 07:24:57  probit_C1_r010_n1000: 1000 of 1000 replicates to run
2026-09-19 07:24:58    probit_C1_r010_n1000       80/1000 replicates written to .part  ETA 2026-09-19 07:38 (0.23 h)
2026-09-19 07:24:58    probit_C1_r010_n1000       160/1000 replicates written to .part  ETA 2026-09-19 07:39 (0.23 h)
2026-09-19 07:24:59    probit_C1_r010_n1000       240/1000 replicates written to .part  ETA 2026-09-19 07:39 (0.23 h)
2026-09-19 07:25:00    probit_C1_r010_n1000       320/1000 replicates written to .part  ETA 2026-09-19 07:39 (0.23 h)
2026-09-19 07:25:00    probit_C1_r010_n1000       400/1000 replicates written to .part  ETA 2026-09-19 07:39 (0.23 h)
2026-09-19 07:25:01    probit_C1_r010_n1000       480/1000 replicates written to .part  ETA 2026-09-19 07:39 (0.23 h)
2026-09-19 07:25:01    probit_C1_r010_n1000       560/1000 replicates written to .part  ETA 2026-09-19 07:39 (0.23 h)
2026-09-19 07:25:02    probit_C1_r010_n1000       640/1000 replicates written to .part  ETA 2026-09-19 07:39 (0.23 h)
2026-09-19 07:25:02    probit_C1_r010_n1000       720/1000 replicates written to .part  ETA 2026-09-19 07:39 (0.23 h)
2026-09-19 07:25:03    probit_C1_r010_n1000       800/1000 replicates written to .part  ETA 2026-09-19 07:39 (0.23 h)
2026-09-19 07:25:03    probit_C1_r010_n1000       880/1000 replicates written to .part  ETA 2026-09-19 07:39 (0.23 h)
2026-09-19 07:25:04    probit_C1_r010_n1000       960/1000 replicates written to .part  ETA 2026-09-19 07:39 (0.23 h)
2026-09-19 07:25:04    probit_C1_r010_n1000       1000/1000 replicates written to .part  ETA 2026-09-19 07:39 (0.23 h)
2026-09-19 07:25:04  [32/84] probit_C1_r010_n1000       n=1000  k=10  kept 1000, errors 0, degenerate 0  ETA 2026-09-19 07:39 (0.23 h)
2026-09-19 07:25:04  probit_C2_r001_n1000: 1000 of 1000 replicates to run
2026-09-19 07:25:05    probit_C2_r001_n1000       80/1000 replicates written to .part  ETA 2026-09-19 07:39 (0.23 h)
2026-09-19 07:25:05    probit_C2_r001_n1000       160/1000 replicates written to .part  ETA 2026-09-19 07:39 (0.23 h)
2026-09-19 07:25:06    probit_C2_r001_n1000       240/1000 replicates written to .part  ETA 2026-09-19 07:39 (0.23 h)
2026-09-19 07:25:06    probit_C2_r001_n1000       320/1000 replicates written to .part  ETA 2026-09-19 07:39 (0.23 h)
2026-09-19 07:25:07    probit_C2_r001_n1000       400/1000 replicates written to .part  ETA 2026-09-19 07:39 (0.23 h)
2026-09-19 07:25:07    probit_C2_r001_n1000       480/1000 replicates written to .part  ETA 2026-09-19 07:39 (0.23 h)
2026-09-19 07:25:08    probit_C2_r001_n1000       560/1000 replicates written to .part  ETA 2026-09-19 07:39 (0.23 h)
2026-09-19 07:25:08    probit_C2_r001_n1000       640/1000 replicates written to .part  ETA 2026-09-19 07:39 (0.23 h)
2026-09-19 07:25:09    probit_C2_r001_n1000       720/1000 replicates written to .part  ETA 2026-09-19 07:39 (0.23 h)
2026-09-19 07:25:10    probit_C2_r001_n1000       800/1000 replicates written to .part  ETA 2026-09-19 07:39 (0.23 h)
2026-09-19 07:25:10    probit_C2_r001_n1000       880/1000 replicates written to .part  ETA 2026-09-19 07:39 (0.23 h)
2026-09-19 07:25:11    probit_C2_r001_n1000       960/1000 replicates written to .part  ETA 2026-09-19 07:39 (0.23 h)
2026-09-19 07:25:11    probit_C2_r001_n1000       1000/1000 replicates written to .part  ETA 2026-09-19 07:39 (0.23 h)
2026-09-19 07:25:11  [33/84] probit_C2_r001_n1000       n=1000  k=1   kept 1000, errors 0, degenerate 0  ETA 2026-09-19 07:39 (0.23 h)
2026-09-19 07:25:11  probit_C2_r002_n1000: 1000 of 1000 replicates to run
2026-09-19 07:25:11    probit_C2_r002_n1000       80/1000 replicates written to .part  ETA 2026-09-19 07:39 (0.23 h)
2026-09-19 07:25:12    probit_C2_r002_n1000       160/1000 replicates written to .part  ETA 2026-09-19 07:39 (0.23 h)
2026-09-19 07:25:12    probit_C2_r002_n1000       240/1000 replicates written to .part  ETA 2026-09-19 07:39 (0.23 h)
2026-09-19 07:25:13    probit_C2_r002_n1000       320/1000 replicates written to .part  ETA 2026-09-19 07:39 (0.23 h)
2026-09-19 07:25:13    probit_C2_r002_n1000       400/1000 replicates written to .part  ETA 2026-09-19 07:39 (0.23 h)
2026-09-19 07:25:14    probit_C2_r002_n1000       480/1000 replicates written to .part  ETA 2026-09-19 07:39 (0.23 h)
2026-09-19 07:25:14    probit_C2_r002_n1000       560/1000 replicates written to .part  ETA 2026-09-19 07:39 (0.23 h)
2026-09-19 07:25:15    probit_C2_r002_n1000       640/1000 replicates written to .part  ETA 2026-09-19 07:39 (0.23 h)
2026-09-19 07:25:15    probit_C2_r002_n1000       720/1000 replicates written to .part  ETA 2026-09-19 07:39 (0.23 h)
2026-09-19 07:25:16    probit_C2_r002_n1000       800/1000 replicates written to .part  ETA 2026-09-19 07:39 (0.23 h)
2026-09-19 07:25:16    probit_C2_r002_n1000       880/1000 replicates written to .part  ETA 2026-09-19 07:39 (0.23 h)
2026-09-19 07:25:17    probit_C2_r002_n1000       960/1000 replicates written to .part  ETA 2026-09-19 07:39 (0.23 h)
2026-09-19 07:25:17    probit_C2_r002_n1000       1000/1000 replicates written to .part  ETA 2026-09-19 07:39 (0.23 h)
2026-09-19 07:25:17  [34/84] probit_C2_r002_n1000       n=1000  k=2   kept 1000, errors 0, degenerate 0  ETA 2026-09-19 07:39 (0.23 h)
2026-09-19 07:25:17  probit_C2_r005_n1000: 1000 of 1000 replicates to run
2026-09-19 07:25:18    probit_C2_r005_n1000       80/1000 replicates written to .part  ETA 2026-09-19 07:39 (0.23 h)
2026-09-19 07:25:18    probit_C2_r005_n1000       160/1000 replicates written to .part  ETA 2026-09-19 07:39 (0.23 h)
2026-09-19 07:25:19    probit_C2_r005_n1000       240/1000 replicates written to .part  ETA 2026-09-19 07:39 (0.23 h)
2026-09-19 07:25:19    probit_C2_r005_n1000       320/1000 replicates written to .part  ETA 2026-09-19 07:39 (0.23 h)
2026-09-19 07:25:20    probit_C2_r005_n1000       400/1000 replicates written to .part  ETA 2026-09-19 07:39 (0.23 h)
2026-09-19 07:25:20    probit_C2_r005_n1000       480/1000 replicates written to .part  ETA 2026-09-19 07:39 (0.23 h)
2026-09-19 07:25:21    probit_C2_r005_n1000       560/1000 replicates written to .part  ETA 2026-09-19 07:39 (0.23 h)
2026-09-19 07:25:21    probit_C2_r005_n1000       640/1000 replicates written to .part  ETA 2026-09-19 07:39 (0.23 h)
2026-09-19 07:25:22    probit_C2_r005_n1000       720/1000 replicates written to .part  ETA 2026-09-19 07:39 (0.23 h)
2026-09-19 07:25:23    probit_C2_r005_n1000       800/1000 replicates written to .part  ETA 2026-09-19 07:39 (0.23 h)
2026-09-19 07:25:23    probit_C2_r005_n1000       880/1000 replicates written to .part  ETA 2026-09-19 07:39 (0.23 h)
2026-09-19 07:25:24    probit_C2_r005_n1000       960/1000 replicates written to .part  ETA 2026-09-19 07:39 (0.23 h)
2026-09-19 07:25:24    probit_C2_r005_n1000       1000/1000 replicates written to .part  ETA 2026-09-19 07:39 (0.23 h)
2026-09-19 07:25:24  [35/84] probit_C2_r005_n1000       n=1000  k=5   kept 1000, errors 0, degenerate 0  ETA 2026-09-19 07:39 (0.23 h)
2026-09-19 07:25:24  probit_C2_r010_n1000: 1000 of 1000 replicates to run
2026-09-19 07:25:24    probit_C2_r010_n1000       80/1000 replicates written to .part  ETA 2026-09-19 07:39 (0.23 h)
2026-09-19 07:25:25    probit_C2_r010_n1000       160/1000 replicates written to .part  ETA 2026-09-19 07:39 (0.23 h)
2026-09-19 07:25:25    probit_C2_r010_n1000       240/1000 replicates written to .part  ETA 2026-09-19 07:39 (0.23 h)
2026-09-19 07:25:26    probit_C2_r010_n1000       320/1000 replicates written to .part  ETA 2026-09-19 07:39 (0.23 h)
2026-09-19 07:25:26    probit_C2_r010_n1000       400/1000 replicates written to .part  ETA 2026-09-19 07:39 (0.23 h)
2026-09-19 07:25:27    probit_C2_r010_n1000       480/1000 replicates written to .part  ETA 2026-09-19 07:39 (0.23 h)
2026-09-19 07:25:28    probit_C2_r010_n1000       560/1000 replicates written to .part  ETA 2026-09-19 07:39 (0.23 h)
2026-09-19 07:25:28    probit_C2_r010_n1000       640/1000 replicates written to .part  ETA 2026-09-19 07:39 (0.23 h)
2026-09-19 07:25:29    probit_C2_r010_n1000       720/1000 replicates written to .part  ETA 2026-09-19 07:39 (0.23 h)
2026-09-19 07:25:29    probit_C2_r010_n1000       800/1000 replicates written to .part  ETA 2026-09-19 07:39 (0.23 h)
2026-09-19 07:25:30    probit_C2_r010_n1000       880/1000 replicates written to .part  ETA 2026-09-19 07:39 (0.23 h)
2026-09-19 07:25:31    probit_C2_r010_n1000       960/1000 replicates written to .part  ETA 2026-09-19 07:39 (0.23 h)
2026-09-19 07:25:31    probit_C2_r010_n1000       1000/1000 replicates written to .part  ETA 2026-09-19 07:39 (0.23 h)
2026-09-19 07:25:31  [36/84] probit_C2_r010_n1000       n=1000  k=10  kept 1000, errors 0, degenerate 0  ETA 2026-09-19 07:39 (0.23 h)
2026-09-19 07:25:31  probit_C3_r001_n1000: 1000 of 1000 replicates to run
2026-09-19 07:25:32    probit_C3_r001_n1000       80/1000 replicates written to .part  ETA 2026-09-19 07:39 (0.23 h)
2026-09-19 07:25:32    probit_C3_r001_n1000       160/1000 replicates written to .part  ETA 2026-09-19 07:39 (0.23 h)
2026-09-19 07:25:33    probit_C3_r001_n1000       240/1000 replicates written to .part  ETA 2026-09-19 07:39 (0.23 h)
2026-09-19 07:25:33    probit_C3_r001_n1000       320/1000 replicates written to .part  ETA 2026-09-19 07:39 (0.23 h)
2026-09-19 07:25:34    probit_C3_r001_n1000       400/1000 replicates written to .part  ETA 2026-09-19 07:39 (0.23 h)
2026-09-19 07:25:35    probit_C3_r001_n1000       480/1000 replicates written to .part  ETA 2026-09-19 07:39 (0.23 h)
2026-09-19 07:25:35    probit_C3_r001_n1000       560/1000 replicates written to .part  ETA 2026-09-19 07:39 (0.23 h)
2026-09-19 07:25:36    probit_C3_r001_n1000       640/1000 replicates written to .part  ETA 2026-09-19 07:39 (0.23 h)
2026-09-19 07:25:36    probit_C3_r001_n1000       720/1000 replicates written to .part  ETA 2026-09-19 07:39 (0.23 h)
2026-09-19 07:25:37    probit_C3_r001_n1000       800/1000 replicates written to .part  ETA 2026-09-19 07:39 (0.23 h)
2026-09-19 07:25:37    probit_C3_r001_n1000       880/1000 replicates written to .part  ETA 2026-09-19 07:39 (0.23 h)
2026-09-19 07:25:38    probit_C3_r001_n1000       960/1000 replicates written to .part  ETA 2026-09-19 07:39 (0.23 h)
2026-09-19 07:25:38    probit_C3_r001_n1000       1000/1000 replicates written to .part  ETA 2026-09-19 07:39 (0.23 h)
2026-09-19 07:25:38  [37/84] probit_C3_r001_n1000       n=1000  k=1   kept 1000, errors 0, degenerate 0  ETA 2026-09-19 07:39 (0.23 h)
2026-09-19 07:25:38  probit_C3_r002_n1000: 1000 of 1000 replicates to run
2026-09-19 07:25:39    probit_C3_r002_n1000       80/1000 replicates written to .part  ETA 2026-09-19 07:39 (0.23 h)
2026-09-19 07:25:39    probit_C3_r002_n1000       160/1000 replicates written to .part  ETA 2026-09-19 07:39 (0.23 h)
2026-09-19 07:25:40    probit_C3_r002_n1000       240/1000 replicates written to .part  ETA 2026-09-19 07:39 (0.23 h)
2026-09-19 07:25:40    probit_C3_r002_n1000       320/1000 replicates written to .part  ETA 2026-09-19 07:39 (0.23 h)
2026-09-19 07:25:41    probit_C3_r002_n1000       400/1000 replicates written to .part  ETA 2026-09-19 07:39 (0.23 h)
2026-09-19 07:25:42    probit_C3_r002_n1000       480/1000 replicates written to .part  ETA 2026-09-19 07:39 (0.23 h)
2026-09-19 07:25:42    probit_C3_r002_n1000       560/1000 replicates written to .part  ETA 2026-09-19 07:39 (0.23 h)
2026-09-19 07:25:43    probit_C3_r002_n1000       640/1000 replicates written to .part  ETA 2026-09-19 07:39 (0.23 h)
2026-09-19 07:25:43    probit_C3_r002_n1000       720/1000 replicates written to .part  ETA 2026-09-19 07:39 (0.23 h)
2026-09-19 07:25:44    probit_C3_r002_n1000       800/1000 replicates written to .part  ETA 2026-09-19 07:39 (0.23 h)
2026-09-19 07:25:44    probit_C3_r002_n1000       880/1000 replicates written to .part  ETA 2026-09-19 07:39 (0.23 h)
2026-09-19 07:25:45    probit_C3_r002_n1000       960/1000 replicates written to .part  ETA 2026-09-19 07:39 (0.23 h)
2026-09-19 07:25:45    probit_C3_r002_n1000       1000/1000 replicates written to .part  ETA 2026-09-19 07:39 (0.23 h)
2026-09-19 07:25:45  [38/84] probit_C3_r002_n1000       n=1000  k=2   kept 1000, errors 0, degenerate 0  ETA 2026-09-19 07:39 (0.23 h)
2026-09-19 07:25:45  probit_C3_r005_n1000: 1000 of 1000 replicates to run
2026-09-19 07:25:46    probit_C3_r005_n1000       80/1000 replicates written to .part  ETA 2026-09-19 07:39 (0.23 h)
2026-09-19 07:25:46    probit_C3_r005_n1000       160/1000 replicates written to .part  ETA 2026-09-19 07:39 (0.23 h)
2026-09-19 07:25:47    probit_C3_r005_n1000       240/1000 replicates written to .part  ETA 2026-09-19 07:39 (0.23 h)
2026-09-19 07:25:47    probit_C3_r005_n1000       320/1000 replicates written to .part  ETA 2026-09-19 07:39 (0.23 h)
2026-09-19 07:25:48    probit_C3_r005_n1000       400/1000 replicates written to .part  ETA 2026-09-19 07:39 (0.23 h)
2026-09-19 07:25:49    probit_C3_r005_n1000       480/1000 replicates written to .part  ETA 2026-09-19 07:39 (0.23 h)
2026-09-19 07:25:49    probit_C3_r005_n1000       560/1000 replicates written to .part  ETA 2026-09-19 07:39 (0.23 h)
2026-09-19 07:25:50    probit_C3_r005_n1000       640/1000 replicates written to .part  ETA 2026-09-19 07:39 (0.23 h)
2026-09-19 07:25:50    probit_C3_r005_n1000       720/1000 replicates written to .part  ETA 2026-09-19 07:39 (0.23 h)
2026-09-19 07:25:51    probit_C3_r005_n1000       800/1000 replicates written to .part  ETA 2026-09-19 07:39 (0.23 h)
2026-09-19 07:25:52    probit_C3_r005_n1000       880/1000 replicates written to .part  ETA 2026-09-19 07:39 (0.23 h)
2026-09-19 07:25:52    probit_C3_r005_n1000       960/1000 replicates written to .part  ETA 2026-09-19 07:39 (0.23 h)
2026-09-19 07:25:52    probit_C3_r005_n1000       1000/1000 replicates written to .part  ETA 2026-09-19 07:39 (0.23 h)
2026-09-19 07:25:52  [39/84] probit_C3_r005_n1000       n=1000  k=5   kept 1000, errors 0, degenerate 0  ETA 2026-09-19 07:39 (0.23 h)
2026-09-19 07:25:52  probit_C3_r010_n1000: 1000 of 1000 replicates to run
2026-09-19 07:25:53    probit_C3_r010_n1000       80/1000 replicates written to .part  ETA 2026-09-19 07:39 (0.23 h)
2026-09-19 07:25:54    probit_C3_r010_n1000       160/1000 replicates written to .part  ETA 2026-09-19 07:39 (0.23 h)
2026-09-19 07:25:54    probit_C3_r010_n1000       240/1000 replicates written to .part  ETA 2026-09-19 07:39 (0.23 h)
2026-09-19 07:25:55    probit_C3_r010_n1000       320/1000 replicates written to .part  ETA 2026-09-19 07:39 (0.23 h)
2026-09-19 07:25:55    probit_C3_r010_n1000       400/1000 replicates written to .part  ETA 2026-09-19 07:39 (0.23 h)
2026-09-19 07:25:56    probit_C3_r010_n1000       480/1000 replicates written to .part  ETA 2026-09-19 07:39 (0.23 h)
2026-09-19 07:25:56    probit_C3_r010_n1000       560/1000 replicates written to .part  ETA 2026-09-19 07:39 (0.23 h)
2026-09-19 07:25:57    probit_C3_r010_n1000       640/1000 replicates written to .part  ETA 2026-09-19 07:39 (0.23 h)
2026-09-19 07:25:58    probit_C3_r010_n1000       720/1000 replicates written to .part  ETA 2026-09-19 07:39 (0.23 h)
2026-09-19 07:25:58    probit_C3_r010_n1000       800/1000 replicates written to .part  ETA 2026-09-19 07:39 (0.23 h)
2026-09-19 07:25:59    probit_C3_r010_n1000       880/1000 replicates written to .part  ETA 2026-09-19 07:39 (0.23 h)
2026-09-19 07:25:59    probit_C3_r010_n1000       960/1000 replicates written to .part  ETA 2026-09-19 07:39 (0.23 h)
2026-09-19 07:26:00    probit_C3_r010_n1000       1000/1000 replicates written to .part  ETA 2026-09-19 07:39 (0.23 h)
2026-09-19 07:26:00  [40/84] probit_C3_r010_n1000       n=1000  k=10  kept 1000, errors 0, degenerate 0  ETA 2026-09-19 07:39 (0.23 h)
2026-09-19 07:26:00  probit_C4_r005_n1000: 1000 of 1000 replicates to run
2026-09-19 07:26:00    probit_C4_r005_n1000       80/1000 replicates written to .part  ETA 2026-09-19 07:39 (0.23 h)
2026-09-19 07:26:01    probit_C4_r005_n1000       160/1000 replicates written to .part  ETA 2026-09-19 07:39 (0.23 h)
2026-09-19 07:26:01    probit_C4_r005_n1000       240/1000 replicates written to .part  ETA 2026-09-19 07:39 (0.23 h)
2026-09-19 07:26:02    probit_C4_r005_n1000       320/1000 replicates written to .part  ETA 2026-09-19 07:39 (0.23 h)
2026-09-19 07:26:02    probit_C4_r005_n1000       400/1000 replicates written to .part  ETA 2026-09-19 07:39 (0.23 h)
2026-09-19 07:26:03    probit_C4_r005_n1000       480/1000 replicates written to .part  ETA 2026-09-19 07:39 (0.23 h)
2026-09-19 07:26:04    probit_C4_r005_n1000       560/1000 replicates written to .part  ETA 2026-09-19 07:39 (0.23 h)
2026-09-19 07:26:04    probit_C4_r005_n1000       640/1000 replicates written to .part  ETA 2026-09-19 07:39 (0.23 h)
2026-09-19 07:26:05    probit_C4_r005_n1000       720/1000 replicates written to .part  ETA 2026-09-19 07:39 (0.23 h)
2026-09-19 07:26:05    probit_C4_r005_n1000       800/1000 replicates written to .part  ETA 2026-09-19 07:39 (0.23 h)
2026-09-19 07:26:06    probit_C4_r005_n1000       880/1000 replicates written to .part  ETA 2026-09-19 07:39 (0.23 h)
2026-09-19 07:26:07    probit_C4_r005_n1000       960/1000 replicates written to .part  ETA 2026-09-19 07:39 (0.23 h)
2026-09-19 07:26:07    probit_C4_r005_n1000       1000/1000 replicates written to .part  ETA 2026-09-19 07:39 (0.23 h)
2026-09-19 07:26:07  [41/84] probit_C4_r005_n1000       n=1000  k=5   kept 1000, errors 0, degenerate 0  ETA 2026-09-19 07:39 (0.23 h)
2026-09-19 07:26:07  probit_clean_n1000: 1000 of 1000 replicates to run
2026-09-19 07:26:07    probit_clean_n1000         80/1000 replicates written to .part  ETA 2026-09-19 07:39 (0.23 h)
2026-09-19 07:26:08    probit_clean_n1000         160/1000 replicates written to .part  ETA 2026-09-19 07:39 (0.23 h)
2026-09-19 07:26:09    probit_clean_n1000         240/1000 replicates written to .part  ETA 2026-09-19 07:39 (0.23 h)
2026-09-19 07:26:09    probit_clean_n1000         320/1000 replicates written to .part  ETA 2026-09-19 07:39 (0.23 h)
2026-09-19 07:26:10    probit_clean_n1000         400/1000 replicates written to .part  ETA 2026-09-19 07:39 (0.23 h)
2026-09-19 07:26:10    probit_clean_n1000         480/1000 replicates written to .part  ETA 2026-09-19 07:39 (0.23 h)
2026-09-19 07:26:11    probit_clean_n1000         560/1000 replicates written to .part  ETA 2026-09-19 07:39 (0.23 h)
2026-09-19 07:26:11    probit_clean_n1000         640/1000 replicates written to .part  ETA 2026-09-19 07:39 (0.23 h)
2026-09-19 07:26:12    probit_clean_n1000         720/1000 replicates written to .part  ETA 2026-09-19 07:39 (0.23 h)
2026-09-19 07:26:12    probit_clean_n1000         800/1000 replicates written to .part  ETA 2026-09-19 07:39 (0.23 h)
2026-09-19 07:26:13    probit_clean_n1000         880/1000 replicates written to .part  ETA 2026-09-19 07:39 (0.23 h)
2026-09-19 07:26:13    probit_clean_n1000         960/1000 replicates written to .part  ETA 2026-09-19 07:39 (0.23 h)
2026-09-19 07:26:14    probit_clean_n1000         1000/1000 replicates written to .part  ETA 2026-09-19 07:39 (0.23 h)
2026-09-19 07:26:14  [42/84] probit_clean_n1000         n=1000  k=0   kept 1000, errors 0, degenerate 0  ETA 2026-09-19 07:39 (0.23 h)
2026-09-19 07:26:14  probit_C1_r001_n5000: 1000 of 1000 replicates to run
2026-09-19 07:26:16    probit_C1_r001_n5000       80/1000 replicates written to .part  ETA 2026-09-19 07:39 (0.23 h)
2026-09-19 07:26:18    probit_C1_r001_n5000       160/1000 replicates written to .part  ETA 2026-09-19 07:39 (0.23 h)
2026-09-19 07:26:20    probit_C1_r001_n5000       240/1000 replicates written to .part  ETA 2026-09-19 07:39 (0.23 h)
2026-09-19 07:26:23    probit_C1_r001_n5000       320/1000 replicates written to .part  ETA 2026-09-19 07:39 (0.22 h)
2026-09-19 07:26:25    probit_C1_r001_n5000       400/1000 replicates written to .part  ETA 2026-09-19 07:39 (0.22 h)
2026-09-19 07:26:27    probit_C1_r001_n5000       480/1000 replicates written to .part  ETA 2026-09-19 07:39 (0.22 h)
2026-09-19 07:26:30    probit_C1_r001_n5000       560/1000 replicates written to .part  ETA 2026-09-19 07:39 (0.22 h)
2026-09-19 07:26:32    probit_C1_r001_n5000       640/1000 replicates written to .part  ETA 2026-09-19 07:39 (0.22 h)
2026-09-19 07:26:34    probit_C1_r001_n5000       720/1000 replicates written to .part  ETA 2026-09-19 07:39 (0.22 h)
2026-09-19 07:26:37    probit_C1_r001_n5000       800/1000 replicates written to .part  ETA 2026-09-19 07:39 (0.22 h)
2026-09-19 07:26:39    probit_C1_r001_n5000       880/1000 replicates written to .part  ETA 2026-09-19 07:39 (0.22 h)
2026-09-19 07:26:41    probit_C1_r001_n5000       960/1000 replicates written to .part  ETA 2026-09-19 07:39 (0.22 h)
2026-09-19 07:26:42    probit_C1_r001_n5000       1000/1000 replicates written to .part  ETA 2026-09-19 07:39 (0.22 h)
2026-09-19 07:26:42  [43/84] probit_C1_r001_n5000       n=5000  k=5   kept 1000, errors 0, degenerate 0  ETA 2026-09-19 07:39 (0.22 h)
2026-09-19 07:26:42  probit_C1_r002_n5000: 1000 of 1000 replicates to run
2026-09-19 07:26:45    probit_C1_r002_n5000       80/1000 replicates written to .part  ETA 2026-09-19 07:39 (0.22 h)
2026-09-19 07:26:47    probit_C1_r002_n5000       160/1000 replicates written to .part  ETA 2026-09-19 07:39 (0.22 h)
2026-09-19 07:26:49    probit_C1_r002_n5000       240/1000 replicates written to .part  ETA 2026-09-19 07:39 (0.22 h)
2026-09-19 07:26:52    probit_C1_r002_n5000       320/1000 replicates written to .part  ETA 2026-09-19 07:39 (0.22 h)
2026-09-19 07:26:54    probit_C1_r002_n5000       400/1000 replicates written to .part  ETA 2026-09-19 07:39 (0.22 h)
2026-09-19 07:26:56    probit_C1_r002_n5000       480/1000 replicates written to .part  ETA 2026-09-19 07:39 (0.22 h)
2026-09-19 07:26:59    probit_C1_r002_n5000       560/1000 replicates written to .part  ETA 2026-09-19 07:40 (0.22 h)
2026-09-19 07:27:01    probit_C1_r002_n5000       640/1000 replicates written to .part  ETA 2026-09-19 07:40 (0.22 h)
2026-09-19 07:27:03    probit_C1_r002_n5000       720/1000 replicates written to .part  ETA 2026-09-19 07:40 (0.22 h)
2026-09-19 07:27:06    probit_C1_r002_n5000       800/1000 replicates written to .part  ETA 2026-09-19 07:40 (0.22 h)
2026-09-19 07:27:08    probit_C1_r002_n5000       880/1000 replicates written to .part  ETA 2026-09-19 07:40 (0.21 h)
2026-09-19 07:27:10    probit_C1_r002_n5000       960/1000 replicates written to .part  ETA 2026-09-19 07:40 (0.21 h)
2026-09-19 07:27:12    probit_C1_r002_n5000       1000/1000 replicates written to .part  ETA 2026-09-19 07:40 (0.21 h)
2026-09-19 07:27:12  [44/84] probit_C1_r002_n5000       n=5000  k=10  kept 1000, errors 0, degenerate 0  ETA 2026-09-19 07:40 (0.21 h)
2026-09-19 07:27:12  probit_C1_r005_n5000: 1000 of 1000 replicates to run
2026-09-19 07:27:14    probit_C1_r005_n5000       80/1000 replicates written to .part  ETA 2026-09-19 07:40 (0.21 h)
2026-09-19 07:27:16    probit_C1_r005_n5000       160/1000 replicates written to .part  ETA 2026-09-19 07:40 (0.21 h)
2026-09-19 07:27:19    probit_C1_r005_n5000       240/1000 replicates written to .part  ETA 2026-09-19 07:40 (0.21 h)
2026-09-19 07:27:21    probit_C1_r005_n5000       320/1000 replicates written to .part  ETA 2026-09-19 07:40 (0.21 h)
2026-09-19 07:27:23    probit_C1_r005_n5000       400/1000 replicates written to .part  ETA 2026-09-19 07:40 (0.21 h)
2026-09-19 07:27:25    probit_C1_r005_n5000       480/1000 replicates written to .part  ETA 2026-09-19 07:40 (0.21 h)
2026-09-19 07:27:28    probit_C1_r005_n5000       560/1000 replicates written to .part  ETA 2026-09-19 07:40 (0.21 h)
2026-09-19 07:27:30    probit_C1_r005_n5000       640/1000 replicates written to .part  ETA 2026-09-19 07:40 (0.21 h)
2026-09-19 07:27:33    probit_C1_r005_n5000       720/1000 replicates written to .part  ETA 2026-09-19 07:40 (0.21 h)
2026-09-19 07:27:35    probit_C1_r005_n5000       800/1000 replicates written to .part  ETA 2026-09-19 07:40 (0.21 h)
2026-09-19 07:27:37    probit_C1_r005_n5000       880/1000 replicates written to .part  ETA 2026-09-19 07:40 (0.21 h)
2026-09-19 07:27:39    probit_C1_r005_n5000       960/1000 replicates written to .part  ETA 2026-09-19 07:40 (0.21 h)
2026-09-19 07:27:41    probit_C1_r005_n5000       1000/1000 replicates written to .part  ETA 2026-09-19 07:40 (0.21 h)
2026-09-19 07:27:41  [45/84] probit_C1_r005_n5000       n=5000  k=25  kept 1000, errors 0, degenerate 0  ETA 2026-09-19 07:40 (0.21 h)
2026-09-19 07:27:41  probit_C1_r010_n5000: 1000 of 1000 replicates to run
2026-09-19 07:27:43    probit_C1_r010_n5000       80/1000 replicates written to .part  ETA 2026-09-19 07:40 (0.21 h)
2026-09-19 07:27:45    probit_C1_r010_n5000       160/1000 replicates written to .part  ETA 2026-09-19 07:40 (0.21 h)
2026-09-19 07:27:47    probit_C1_r010_n5000       240/1000 replicates written to .part  ETA 2026-09-19 07:40 (0.21 h)
2026-09-19 07:27:50    probit_C1_r010_n5000       320/1000 replicates written to .part  ETA 2026-09-19 07:40 (0.21 h)
2026-09-19 07:27:52    probit_C1_r010_n5000       400/1000 replicates written to .part  ETA 2026-09-19 07:40 (0.20 h)
2026-09-19 07:27:54    probit_C1_r010_n5000       480/1000 replicates written to .part  ETA 2026-09-19 07:40 (0.20 h)
2026-09-19 07:27:57    probit_C1_r010_n5000       560/1000 replicates written to .part  ETA 2026-09-19 07:40 (0.20 h)
2026-09-19 07:27:59    probit_C1_r010_n5000       640/1000 replicates written to .part  ETA 2026-09-19 07:40 (0.20 h)
2026-09-19 07:28:01    probit_C1_r010_n5000       720/1000 replicates written to .part  ETA 2026-09-19 07:40 (0.20 h)
2026-09-19 07:28:03    probit_C1_r010_n5000       800/1000 replicates written to .part  ETA 2026-09-19 07:40 (0.20 h)
2026-09-19 07:28:06    probit_C1_r010_n5000       880/1000 replicates written to .part  ETA 2026-09-19 07:40 (0.20 h)
2026-09-19 07:28:08    probit_C1_r010_n5000       960/1000 replicates written to .part  ETA 2026-09-19 07:40 (0.20 h)
2026-09-19 07:28:09    probit_C1_r010_n5000       1000/1000 replicates written to .part  ETA 2026-09-19 07:40 (0.20 h)
2026-09-19 07:28:09  [46/84] probit_C1_r010_n5000       n=5000  k=50  kept 1000, errors 0, degenerate 0  ETA 2026-09-19 07:40 (0.20 h)
2026-09-19 07:28:09  probit_C2_r001_n5000: 1000 of 1000 replicates to run
2026-09-19 07:28:11    probit_C2_r001_n5000       80/1000 replicates written to .part  ETA 2026-09-19 07:40 (0.20 h)
2026-09-19 07:28:13    probit_C2_r001_n5000       160/1000 replicates written to .part  ETA 2026-09-19 07:40 (0.20 h)
2026-09-19 07:28:15    probit_C2_r001_n5000       240/1000 replicates written to .part  ETA 2026-09-19 07:40 (0.20 h)
2026-09-19 07:28:17    probit_C2_r001_n5000       320/1000 replicates written to .part  ETA 2026-09-19 07:40 (0.20 h)
2026-09-19 07:28:19    probit_C2_r001_n5000       400/1000 replicates written to .part  ETA 2026-09-19 07:40 (0.20 h)
2026-09-19 07:28:21    probit_C2_r001_n5000       480/1000 replicates written to .part  ETA 2026-09-19 07:40 (0.20 h)
2026-09-19 07:28:23    probit_C2_r001_n5000       560/1000 replicates written to .part  ETA 2026-09-19 07:40 (0.20 h)
2026-09-19 07:28:25    probit_C2_r001_n5000       640/1000 replicates written to .part  ETA 2026-09-19 07:40 (0.20 h)
2026-09-19 07:28:27    probit_C2_r001_n5000       720/1000 replicates written to .part  ETA 2026-09-19 07:40 (0.19 h)
2026-09-19 07:28:29    probit_C2_r001_n5000       800/1000 replicates written to .part  ETA 2026-09-19 07:40 (0.19 h)
2026-09-19 07:28:31    probit_C2_r001_n5000       880/1000 replicates written to .part  ETA 2026-09-19 07:40 (0.19 h)
2026-09-19 07:28:33    probit_C2_r001_n5000       960/1000 replicates written to .part  ETA 2026-09-19 07:40 (0.19 h)
2026-09-19 07:28:34    probit_C2_r001_n5000       1000/1000 replicates written to .part  ETA 2026-09-19 07:40 (0.19 h)
2026-09-19 07:28:34  [47/84] probit_C2_r001_n5000       n=5000  k=5   kept 1000, errors 0, degenerate 0  ETA 2026-09-19 07:40 (0.19 h)
2026-09-19 07:28:34  probit_C2_r002_n5000: 1000 of 1000 replicates to run
2026-09-19 07:28:37    probit_C2_r002_n5000       80/1000 replicates written to .part  ETA 2026-09-19 07:40 (0.19 h)
2026-09-19 07:28:39    probit_C2_r002_n5000       160/1000 replicates written to .part  ETA 2026-09-19 07:40 (0.19 h)
2026-09-19 07:28:41    probit_C2_r002_n5000       240/1000 replicates written to .part  ETA 2026-09-19 07:40 (0.19 h)
2026-09-19 07:28:43    probit_C2_r002_n5000       320/1000 replicates written to .part  ETA 2026-09-19 07:40 (0.19 h)
2026-09-19 07:28:45    probit_C2_r002_n5000       400/1000 replicates written to .part  ETA 2026-09-19 07:40 (0.19 h)
2026-09-19 07:28:47    probit_C2_r002_n5000       480/1000 replicates written to .part  ETA 2026-09-19 07:40 (0.19 h)
2026-09-19 07:28:49    probit_C2_r002_n5000       560/1000 replicates written to .part  ETA 2026-09-19 07:40 (0.19 h)
2026-09-19 07:28:51    probit_C2_r002_n5000       640/1000 replicates written to .part  ETA 2026-09-19 07:40 (0.19 h)
2026-09-19 07:28:53    probit_C2_r002_n5000       720/1000 replicates written to .part  ETA 2026-09-19 07:40 (0.19 h)
2026-09-19 07:28:56    probit_C2_r002_n5000       800/1000 replicates written to .part  ETA 2026-09-19 07:40 (0.19 h)
2026-09-19 07:28:58    probit_C2_r002_n5000       880/1000 replicates written to .part  ETA 2026-09-19 07:40 (0.19 h)
2026-09-19 07:29:00    probit_C2_r002_n5000       960/1000 replicates written to .part  ETA 2026-09-19 07:40 (0.19 h)
2026-09-19 07:29:01    probit_C2_r002_n5000       1000/1000 replicates written to .part  ETA 2026-09-19 07:40 (0.18 h)
2026-09-19 07:29:01  [48/84] probit_C2_r002_n5000       n=5000  k=10  kept 1000, errors 0, degenerate 0  ETA 2026-09-19 07:40 (0.18 h)
2026-09-19 07:29:01  probit_C2_r005_n5000: 1000 of 1000 replicates to run
2026-09-19 07:29:03    probit_C2_r005_n5000       80/1000 replicates written to .part  ETA 2026-09-19 07:40 (0.18 h)
2026-09-19 07:29:05    probit_C2_r005_n5000       160/1000 replicates written to .part  ETA 2026-09-19 07:40 (0.18 h)
2026-09-19 07:29:08    probit_C2_r005_n5000       240/1000 replicates written to .part  ETA 2026-09-19 07:40 (0.18 h)
2026-09-19 07:29:10    probit_C2_r005_n5000       320/1000 replicates written to .part  ETA 2026-09-19 07:40 (0.18 h)
2026-09-19 07:29:12    probit_C2_r005_n5000       400/1000 replicates written to .part  ETA 2026-09-19 07:40 (0.18 h)
2026-09-19 07:29:14    probit_C2_r005_n5000       480/1000 replicates written to .part  ETA 2026-09-19 07:40 (0.18 h)
2026-09-19 07:29:16    probit_C2_r005_n5000       560/1000 replicates written to .part  ETA 2026-09-19 07:40 (0.18 h)
2026-09-19 07:29:18    probit_C2_r005_n5000       640/1000 replicates written to .part  ETA 2026-09-19 07:40 (0.18 h)
2026-09-19 07:29:21    probit_C2_r005_n5000       720/1000 replicates written to .part  ETA 2026-09-19 07:40 (0.18 h)
2026-09-19 07:29:23    probit_C2_r005_n5000       800/1000 replicates written to .part  ETA 2026-09-19 07:40 (0.18 h)
2026-09-19 07:29:25    probit_C2_r005_n5000       880/1000 replicates written to .part  ETA 2026-09-19 07:40 (0.18 h)
2026-09-19 07:29:27    probit_C2_r005_n5000       960/1000 replicates written to .part  ETA 2026-09-19 07:40 (0.18 h)
2026-09-19 07:29:28    probit_C2_r005_n5000       1000/1000 replicates written to .part  ETA 2026-09-19 07:40 (0.18 h)
2026-09-19 07:29:28  [49/84] probit_C2_r005_n5000       n=5000  k=25  kept 1000, errors 0, degenerate 0  ETA 2026-09-19 07:40 (0.18 h)
2026-09-19 07:29:28  probit_C2_r010_n5000: 1000 of 1000 replicates to run
2026-09-19 07:29:30    probit_C2_r010_n5000       80/1000 replicates written to .part  ETA 2026-09-19 07:40 (0.18 h)
2026-09-19 07:29:33    probit_C2_r010_n5000       160/1000 replicates written to .part  ETA 2026-09-19 07:40 (0.18 h)
2026-09-19 07:29:35    probit_C2_r010_n5000       240/1000 replicates written to .part  ETA 2026-09-19 07:40 (0.18 h)
2026-09-19 07:29:37    probit_C2_r010_n5000       320/1000 replicates written to .part  ETA 2026-09-19 07:40 (0.18 h)
2026-09-19 07:29:39    probit_C2_r010_n5000       400/1000 replicates written to .part  ETA 2026-09-19 07:40 (0.17 h)
2026-09-19 07:29:41    probit_C2_r010_n5000       480/1000 replicates written to .part  ETA 2026-09-19 07:40 (0.17 h)
2026-09-19 07:29:43    probit_C2_r010_n5000       560/1000 replicates written to .part  ETA 2026-09-19 07:40 (0.17 h)
2026-09-19 07:29:45    probit_C2_r010_n5000       640/1000 replicates written to .part  ETA 2026-09-19 07:40 (0.17 h)
2026-09-19 07:29:47    probit_C2_r010_n5000       720/1000 replicates written to .part  ETA 2026-09-19 07:40 (0.17 h)
2026-09-19 07:29:49    probit_C2_r010_n5000       800/1000 replicates written to .part  ETA 2026-09-19 07:40 (0.17 h)
2026-09-19 07:29:52    probit_C2_r010_n5000       880/1000 replicates written to .part  ETA 2026-09-19 07:40 (0.17 h)
2026-09-19 07:29:54    probit_C2_r010_n5000       960/1000 replicates written to .part  ETA 2026-09-19 07:40 (0.17 h)
2026-09-19 07:29:55    probit_C2_r010_n5000       1000/1000 replicates written to .part  ETA 2026-09-19 07:40 (0.17 h)
2026-09-19 07:29:55  [50/84] probit_C2_r010_n5000       n=5000  k=50  kept 1000, errors 0, degenerate 0  ETA 2026-09-19 07:40 (0.17 h)
2026-09-19 07:29:55  probit_C3_r001_n5000: 1000 of 1000 replicates to run
2026-09-19 07:29:57    probit_C3_r001_n5000       80/1000 replicates written to .part  ETA 2026-09-19 07:40 (0.17 h)
2026-09-19 07:29:59    probit_C3_r001_n5000       160/1000 replicates written to .part  ETA 2026-09-19 07:40 (0.17 h)
2026-09-19 07:30:01    probit_C3_r001_n5000       240/1000 replicates written to .part  ETA 2026-09-19 07:40 (0.17 h)
2026-09-19 07:30:03    probit_C3_r001_n5000       320/1000 replicates written to .part  ETA 2026-09-19 07:40 (0.17 h)
2026-09-19 07:30:05    probit_C3_r001_n5000       400/1000 replicates written to .part  ETA 2026-09-19 07:40 (0.17 h)
2026-09-19 07:30:08    probit_C3_r001_n5000       480/1000 replicates written to .part  ETA 2026-09-19 07:40 (0.17 h)
2026-09-19 07:30:10    probit_C3_r001_n5000       560/1000 replicates written to .part  ETA 2026-09-19 07:40 (0.17 h)
2026-09-19 07:30:12    probit_C3_r001_n5000       640/1000 replicates written to .part  ETA 2026-09-19 07:40 (0.17 h)
2026-09-19 07:30:14    probit_C3_r001_n5000       720/1000 replicates written to .part  ETA 2026-09-19 07:40 (0.16 h)
2026-09-19 07:30:16    probit_C3_r001_n5000       800/1000 replicates written to .part  ETA 2026-09-19 07:40 (0.16 h)
2026-09-19 07:30:18    probit_C3_r001_n5000       880/1000 replicates written to .part  ETA 2026-09-19 07:40 (0.16 h)
2026-09-19 07:30:20    probit_C3_r001_n5000       960/1000 replicates written to .part  ETA 2026-09-19 07:40 (0.16 h)
2026-09-19 07:30:22    probit_C3_r001_n5000       1000/1000 replicates written to .part  ETA 2026-09-19 07:40 (0.16 h)
2026-09-19 07:30:22  [51/84] probit_C3_r001_n5000       n=5000  k=5   kept 1000, errors 0, degenerate 0  ETA 2026-09-19 07:40 (0.16 h)
2026-09-19 07:30:22  probit_C3_r002_n5000: 1000 of 1000 replicates to run
2026-09-19 07:30:24    probit_C3_r002_n5000       80/1000 replicates written to .part  ETA 2026-09-19 07:40 (0.16 h)
2026-09-19 07:30:26    probit_C3_r002_n5000       160/1000 replicates written to .part  ETA 2026-09-19 07:40 (0.16 h)
2026-09-19 07:30:28    probit_C3_r002_n5000       240/1000 replicates written to .part  ETA 2026-09-19 07:40 (0.16 h)
2026-09-19 07:30:30    probit_C3_r002_n5000       320/1000 replicates written to .part  ETA 2026-09-19 07:40 (0.16 h)
2026-09-19 07:30:32    probit_C3_r002_n5000       400/1000 replicates written to .part  ETA 2026-09-19 07:40 (0.16 h)
2026-09-19 07:30:34    probit_C3_r002_n5000       480/1000 replicates written to .part  ETA 2026-09-19 07:40 (0.16 h)
2026-09-19 07:30:36    probit_C3_r002_n5000       560/1000 replicates written to .part  ETA 2026-09-19 07:40 (0.16 h)
2026-09-19 07:30:39    probit_C3_r002_n5000       640/1000 replicates written to .part  ETA 2026-09-19 07:40 (0.16 h)
2026-09-19 07:30:41    probit_C3_r002_n5000       720/1000 replicates written to .part  ETA 2026-09-19 07:40 (0.16 h)
2026-09-19 07:30:43    probit_C3_r002_n5000       800/1000 replicates written to .part  ETA 2026-09-19 07:40 (0.16 h)
2026-09-19 07:30:45    probit_C3_r002_n5000       880/1000 replicates written to .part  ETA 2026-09-19 07:40 (0.16 h)
2026-09-19 07:30:47    probit_C3_r002_n5000       960/1000 replicates written to .part  ETA 2026-09-19 07:40 (0.16 h)
2026-09-19 07:30:48    probit_C3_r002_n5000       1000/1000 replicates written to .part  ETA 2026-09-19 07:40 (0.16 h)
2026-09-19 07:30:48  [52/84] probit_C3_r002_n5000       n=5000  k=10  kept 1000, errors 0, degenerate 0  ETA 2026-09-19 07:40 (0.16 h)
2026-09-19 07:30:48  probit_C3_r005_n5000: 1000 of 1000 replicates to run
2026-09-19 07:30:51    probit_C3_r005_n5000       80/1000 replicates written to .part  ETA 2026-09-19 07:40 (0.15 h)
2026-09-19 07:30:53    probit_C3_r005_n5000       160/1000 replicates written to .part  ETA 2026-09-19 07:40 (0.15 h)
2026-09-19 07:30:55    probit_C3_r005_n5000       240/1000 replicates written to .part  ETA 2026-09-19 07:40 (0.15 h)
2026-09-19 07:30:57    probit_C3_r005_n5000       320/1000 replicates written to .part  ETA 2026-09-19 07:40 (0.15 h)
2026-09-19 07:30:59    probit_C3_r005_n5000       400/1000 replicates written to .part  ETA 2026-09-19 07:40 (0.15 h)
2026-09-19 07:31:01    probit_C3_r005_n5000       480/1000 replicates written to .part  ETA 2026-09-19 07:40 (0.15 h)
2026-09-19 07:31:03    probit_C3_r005_n5000       560/1000 replicates written to .part  ETA 2026-09-19 07:40 (0.15 h)
2026-09-19 07:31:05    probit_C3_r005_n5000       640/1000 replicates written to .part  ETA 2026-09-19 07:40 (0.15 h)
2026-09-19 07:31:08    probit_C3_r005_n5000       720/1000 replicates written to .part  ETA 2026-09-19 07:40 (0.15 h)
2026-09-19 07:31:10    probit_C3_r005_n5000       800/1000 replicates written to .part  ETA 2026-09-19 07:40 (0.15 h)
2026-09-19 07:31:12    probit_C3_r005_n5000       880/1000 replicates written to .part  ETA 2026-09-19 07:40 (0.15 h)
2026-09-19 07:31:14    probit_C3_r005_n5000       960/1000 replicates written to .part  ETA 2026-09-19 07:40 (0.15 h)
2026-09-19 07:31:15    probit_C3_r005_n5000       1000/1000 replicates written to .part  ETA 2026-09-19 07:40 (0.15 h)
2026-09-19 07:31:15  [53/84] probit_C3_r005_n5000       n=5000  k=25  kept 1000, errors 0, degenerate 0  ETA 2026-09-19 07:40 (0.15 h)
2026-09-19 07:31:15  probit_C3_r010_n5000: 1000 of 1000 replicates to run
2026-09-19 07:31:17    probit_C3_r010_n5000       80/1000 replicates written to .part  ETA 2026-09-19 07:40 (0.15 h)
2026-09-19 07:31:19    probit_C3_r010_n5000       160/1000 replicates written to .part  ETA 2026-09-19 07:40 (0.15 h)
2026-09-19 07:31:22    probit_C3_r010_n5000       240/1000 replicates written to .part  ETA 2026-09-19 07:40 (0.15 h)
2026-09-19 07:31:24    probit_C3_r010_n5000       320/1000 replicates written to .part  ETA 2026-09-19 07:40 (0.15 h)
2026-09-19 07:31:26    probit_C3_r010_n5000       400/1000 replicates written to .part  ETA 2026-09-19 07:40 (0.14 h)
2026-09-19 07:31:28    probit_C3_r010_n5000       480/1000 replicates written to .part  ETA 2026-09-19 07:40 (0.14 h)
2026-09-19 07:31:30    probit_C3_r010_n5000       560/1000 replicates written to .part  ETA 2026-09-19 07:40 (0.14 h)
2026-09-19 07:31:32    probit_C3_r010_n5000       640/1000 replicates written to .part  ETA 2026-09-19 07:40 (0.14 h)
2026-09-19 07:31:35    probit_C3_r010_n5000       720/1000 replicates written to .part  ETA 2026-09-19 07:40 (0.14 h)
2026-09-19 07:31:37    probit_C3_r010_n5000       800/1000 replicates written to .part  ETA 2026-09-19 07:40 (0.14 h)
2026-09-19 07:31:39    probit_C3_r010_n5000       880/1000 replicates written to .part  ETA 2026-09-19 07:40 (0.14 h)
2026-09-19 07:31:41    probit_C3_r010_n5000       960/1000 replicates written to .part  ETA 2026-09-19 07:40 (0.14 h)
2026-09-19 07:31:42    probit_C3_r010_n5000       1000/1000 replicates written to .part  ETA 2026-09-19 07:40 (0.14 h)
2026-09-19 07:31:42  [54/84] probit_C3_r010_n5000       n=5000  k=50  kept 1000, errors 0, degenerate 0  ETA 2026-09-19 07:40 (0.14 h)
2026-09-19 07:31:42  probit_C4_r005_n5000: 1000 of 1000 replicates to run
2026-09-19 07:31:44    probit_C4_r005_n5000       80/1000 replicates written to .part  ETA 2026-09-19 07:40 (0.14 h)
2026-09-19 07:31:46    probit_C4_r005_n5000       160/1000 replicates written to .part  ETA 2026-09-19 07:40 (0.14 h)
2026-09-19 07:31:49    probit_C4_r005_n5000       240/1000 replicates written to .part  ETA 2026-09-19 07:40 (0.14 h)
2026-09-19 07:31:51    probit_C4_r005_n5000       320/1000 replicates written to .part  ETA 2026-09-19 07:40 (0.14 h)
2026-09-19 07:31:53    probit_C4_r005_n5000       400/1000 replicates written to .part  ETA 2026-09-19 07:40 (0.14 h)
2026-09-19 07:31:55    probit_C4_r005_n5000       480/1000 replicates written to .part  ETA 2026-09-19 07:40 (0.14 h)
2026-09-19 07:31:57    probit_C4_r005_n5000       560/1000 replicates written to .part  ETA 2026-09-19 07:40 (0.14 h)
2026-09-19 07:31:59    probit_C4_r005_n5000       640/1000 replicates written to .part  ETA 2026-09-19 07:40 (0.14 h)
2026-09-19 07:32:01    probit_C4_r005_n5000       720/1000 replicates written to .part  ETA 2026-09-19 07:40 (0.13 h)
2026-09-19 07:32:04    probit_C4_r005_n5000       800/1000 replicates written to .part  ETA 2026-09-19 07:40 (0.13 h)
2026-09-19 07:32:06    probit_C4_r005_n5000       880/1000 replicates written to .part  ETA 2026-09-19 07:40 (0.13 h)
2026-09-19 07:32:08    probit_C4_r005_n5000       960/1000 replicates written to .part  ETA 2026-09-19 07:40 (0.13 h)
2026-09-19 07:32:09    probit_C4_r005_n5000       1000/1000 replicates written to .part  ETA 2026-09-19 07:40 (0.13 h)
2026-09-19 07:32:09  [55/84] probit_C4_r005_n5000       n=5000  k=25  kept 1000, errors 0, degenerate 0  ETA 2026-09-19 07:40 (0.13 h)
2026-09-19 07:32:09  probit_clean_n5000: 1000 of 1000 replicates to run
2026-09-19 07:32:11    probit_clean_n5000         80/1000 replicates written to .part  ETA 2026-09-19 07:40 (0.13 h)
2026-09-19 07:32:13    probit_clean_n5000         160/1000 replicates written to .part  ETA 2026-09-19 07:40 (0.13 h)
2026-09-19 07:32:15    probit_clean_n5000         240/1000 replicates written to .part  ETA 2026-09-19 07:40 (0.13 h)
2026-09-19 07:32:18    probit_clean_n5000         320/1000 replicates written to .part  ETA 2026-09-19 07:40 (0.13 h)
2026-09-19 07:32:20    probit_clean_n5000         400/1000 replicates written to .part  ETA 2026-09-19 07:40 (0.13 h)
2026-09-19 07:32:22    probit_clean_n5000         480/1000 replicates written to .part  ETA 2026-09-19 07:40 (0.13 h)
2026-09-19 07:32:24    probit_clean_n5000         560/1000 replicates written to .part  ETA 2026-09-19 07:40 (0.13 h)
2026-09-19 07:32:26    probit_clean_n5000         640/1000 replicates written to .part  ETA 2026-09-19 07:40 (0.13 h)
2026-09-19 07:32:28    probit_clean_n5000         720/1000 replicates written to .part  ETA 2026-09-19 07:40 (0.13 h)
2026-09-19 07:32:30    probit_clean_n5000         800/1000 replicates written to .part  ETA 2026-09-19 07:40 (0.13 h)
2026-09-19 07:32:33    probit_clean_n5000         880/1000 replicates written to .part  ETA 2026-09-19 07:40 (0.13 h)
2026-09-19 07:32:35    probit_clean_n5000         960/1000 replicates written to .part  ETA 2026-09-19 07:40 (0.13 h)
2026-09-19 07:32:36    probit_clean_n5000         1000/1000 replicates written to .part  ETA 2026-09-19 07:40 (0.13 h)
2026-09-19 07:32:36  [56/84] probit_clean_n5000         n=5000  k=0   kept 1000, errors 0, degenerate 0  ETA 2026-09-19 07:40 (0.13 h)
2026-09-19 07:32:36  cloglog_C1_r001_n1000: 1000 of 1000 replicates to run
2026-09-19 07:32:37    cloglog_C1_r001_n1000      80/1000 replicates written to .part  ETA 2026-09-19 07:40 (0.13 h)
2026-09-19 07:32:37    cloglog_C1_r001_n1000      160/1000 replicates written to .part  ETA 2026-09-19 07:40 (0.13 h)
2026-09-19 07:32:38    cloglog_C1_r001_n1000      240/1000 replicates written to .part  ETA 2026-09-19 07:40 (0.13 h)
2026-09-19 07:32:38    cloglog_C1_r001_n1000      320/1000 replicates written to .part  ETA 2026-09-19 07:40 (0.12 h)
2026-09-19 07:32:39    cloglog_C1_r001_n1000      400/1000 replicates written to .part  ETA 2026-09-19 07:40 (0.12 h)
2026-09-19 07:32:39    cloglog_C1_r001_n1000      480/1000 replicates written to .part  ETA 2026-09-19 07:40 (0.12 h)
2026-09-19 07:32:40    cloglog_C1_r001_n1000      560/1000 replicates written to .part  ETA 2026-09-19 07:40 (0.12 h)
2026-09-19 07:32:41    cloglog_C1_r001_n1000      640/1000 replicates written to .part  ETA 2026-09-19 07:40 (0.12 h)
2026-09-19 07:32:41    cloglog_C1_r001_n1000      720/1000 replicates written to .part  ETA 2026-09-19 07:40 (0.12 h)
2026-09-19 07:32:42    cloglog_C1_r001_n1000      800/1000 replicates written to .part  ETA 2026-09-19 07:40 (0.12 h)
2026-09-19 07:32:43    cloglog_C1_r001_n1000      880/1000 replicates written to .part  ETA 2026-09-19 07:40 (0.12 h)
2026-09-19 07:32:43    cloglog_C1_r001_n1000      960/1000 replicates written to .part  ETA 2026-09-19 07:40 (0.12 h)
2026-09-19 07:32:44    cloglog_C1_r001_n1000      1000/1000 replicates written to .part  ETA 2026-09-19 07:40 (0.12 h)
2026-09-19 07:32:44  [57/84] cloglog_C1_r001_n1000      n=1000  k=1   kept 1000, errors 0, degenerate 0  ETA 2026-09-19 07:40 (0.12 h)
2026-09-19 07:32:44  cloglog_C1_r002_n1000: 1000 of 1000 replicates to run
2026-09-19 07:32:44    cloglog_C1_r002_n1000      80/1000 replicates written to .part  ETA 2026-09-19 07:40 (0.12 h)
2026-09-19 07:32:45    cloglog_C1_r002_n1000      160/1000 replicates written to .part  ETA 2026-09-19 07:40 (0.12 h)
2026-09-19 07:32:45    cloglog_C1_r002_n1000      240/1000 replicates written to .part  ETA 2026-09-19 07:40 (0.12 h)
2026-09-19 07:32:46    cloglog_C1_r002_n1000      320/1000 replicates written to .part  ETA 2026-09-19 07:40 (0.12 h)
2026-09-19 07:32:46    cloglog_C1_r002_n1000      400/1000 replicates written to .part  ETA 2026-09-19 07:40 (0.12 h)
2026-09-19 07:32:47    cloglog_C1_r002_n1000      480/1000 replicates written to .part  ETA 2026-09-19 07:40 (0.12 h)
2026-09-19 07:32:48    cloglog_C1_r002_n1000      560/1000 replicates written to .part  ETA 2026-09-19 07:40 (0.12 h)
2026-09-19 07:32:48    cloglog_C1_r002_n1000      640/1000 replicates written to .part  ETA 2026-09-19 07:40 (0.12 h)
2026-09-19 07:32:49    cloglog_C1_r002_n1000      720/1000 replicates written to .part  ETA 2026-09-19 07:40 (0.12 h)
2026-09-19 07:32:49    cloglog_C1_r002_n1000      800/1000 replicates written to .part  ETA 2026-09-19 07:40 (0.12 h)
2026-09-19 07:32:50    cloglog_C1_r002_n1000      880/1000 replicates written to .part  ETA 2026-09-19 07:40 (0.12 h)
2026-09-19 07:32:51    cloglog_C1_r002_n1000      960/1000 replicates written to .part  ETA 2026-09-19 07:40 (0.12 h)
2026-09-19 07:32:51    cloglog_C1_r002_n1000      1000/1000 replicates written to .part  ETA 2026-09-19 07:40 (0.12 h)
2026-09-19 07:32:51  [58/84] cloglog_C1_r002_n1000      n=1000  k=2   kept 1000, errors 0, degenerate 0  ETA 2026-09-19 07:40 (0.12 h)
2026-09-19 07:32:51  cloglog_C1_r005_n1000: 1000 of 1000 replicates to run
2026-09-19 07:32:52    cloglog_C1_r005_n1000      80/1000 replicates written to .part  ETA 2026-09-19 07:40 (0.12 h)
2026-09-19 07:32:52    cloglog_C1_r005_n1000      160/1000 replicates written to .part  ETA 2026-09-19 07:40 (0.12 h)
2026-09-19 07:32:53    cloglog_C1_r005_n1000      240/1000 replicates written to .part  ETA 2026-09-19 07:40 (0.12 h)
2026-09-19 07:32:53    cloglog_C1_r005_n1000      320/1000 replicates written to .part  ETA 2026-09-19 07:40 (0.12 h)
2026-09-19 07:32:54    cloglog_C1_r005_n1000      400/1000 replicates written to .part  ETA 2026-09-19 07:40 (0.12 h)
2026-09-19 07:32:55    cloglog_C1_r005_n1000      480/1000 replicates written to .part  ETA 2026-09-19 07:40 (0.12 h)
2026-09-19 07:32:55    cloglog_C1_r005_n1000      560/1000 replicates written to .part  ETA 2026-09-19 07:40 (0.12 h)
2026-09-19 07:32:56    cloglog_C1_r005_n1000      640/1000 replicates written to .part  ETA 2026-09-19 07:40 (0.12 h)
2026-09-19 07:32:56    cloglog_C1_r005_n1000      720/1000 replicates written to .part  ETA 2026-09-19 07:40 (0.12 h)
2026-09-19 07:32:57    cloglog_C1_r005_n1000      800/1000 replicates written to .part  ETA 2026-09-19 07:40 (0.12 h)
2026-09-19 07:32:58    cloglog_C1_r005_n1000      880/1000 replicates written to .part  ETA 2026-09-19 07:40 (0.12 h)
2026-09-19 07:32:58    cloglog_C1_r005_n1000      960/1000 replicates written to .part  ETA 2026-09-19 07:40 (0.12 h)
2026-09-19 07:32:59    cloglog_C1_r005_n1000      1000/1000 replicates written to .part  ETA 2026-09-19 07:40 (0.12 h)
2026-09-19 07:32:59  [59/84] cloglog_C1_r005_n1000      n=1000  k=5   kept 1000, errors 0, degenerate 0  ETA 2026-09-19 07:40 (0.12 h)
2026-09-19 07:32:59  cloglog_C1_r010_n1000: 1000 of 1000 replicates to run
2026-09-19 07:32:59    cloglog_C1_r010_n1000      80/1000 replicates written to .part  ETA 2026-09-19 07:40 (0.12 h)
2026-09-19 07:33:00    cloglog_C1_r010_n1000      160/1000 replicates written to .part  ETA 2026-09-19 07:40 (0.12 h)
2026-09-19 07:33:01    cloglog_C1_r010_n1000      240/1000 replicates written to .part  ETA 2026-09-19 07:40 (0.12 h)
2026-09-19 07:33:01    cloglog_C1_r010_n1000      320/1000 replicates written to .part  ETA 2026-09-19 07:40 (0.12 h)
2026-09-19 07:33:02    cloglog_C1_r010_n1000      400/1000 replicates written to .part  ETA 2026-09-19 07:40 (0.12 h)
2026-09-19 07:33:02    cloglog_C1_r010_n1000      480/1000 replicates written to .part  ETA 2026-09-19 07:40 (0.12 h)
2026-09-19 07:33:03    cloglog_C1_r010_n1000      560/1000 replicates written to .part  ETA 2026-09-19 07:40 (0.12 h)
2026-09-19 07:33:04    cloglog_C1_r010_n1000      640/1000 replicates written to .part  ETA 2026-09-19 07:40 (0.12 h)
2026-09-19 07:33:04    cloglog_C1_r010_n1000      720/1000 replicates written to .part  ETA 2026-09-19 07:40 (0.12 h)
2026-09-19 07:33:05    cloglog_C1_r010_n1000      800/1000 replicates written to .part  ETA 2026-09-19 07:40 (0.12 h)
2026-09-19 07:33:06    cloglog_C1_r010_n1000      880/1000 replicates written to .part  ETA 2026-09-19 07:40 (0.12 h)
2026-09-19 07:33:06    cloglog_C1_r010_n1000      960/1000 replicates written to .part  ETA 2026-09-19 07:40 (0.12 h)
2026-09-19 07:33:07    cloglog_C1_r010_n1000      1000/1000 replicates written to .part  ETA 2026-09-19 07:40 (0.12 h)
2026-09-19 07:33:07  [60/84] cloglog_C1_r010_n1000      n=1000  k=10  kept 1000, errors 0, degenerate 0  ETA 2026-09-19 07:40 (0.12 h)
2026-09-19 07:33:07  cloglog_C2_r001_n1000: 1000 of 1000 replicates to run
2026-09-19 07:33:07    cloglog_C2_r001_n1000      80/1000 replicates written to .part  ETA 2026-09-19 07:40 (0.12 h)
2026-09-19 07:33:08    cloglog_C2_r001_n1000      160/1000 replicates written to .part  ETA 2026-09-19 07:40 (0.12 h)
2026-09-19 07:33:08    cloglog_C2_r001_n1000      240/1000 replicates written to .part  ETA 2026-09-19 07:40 (0.12 h)
2026-09-19 07:33:09    cloglog_C2_r001_n1000      320/1000 replicates written to .part  ETA 2026-09-19 07:40 (0.12 h)
2026-09-19 07:33:09    cloglog_C2_r001_n1000      400/1000 replicates written to .part  ETA 2026-09-19 07:40 (0.12 h)
2026-09-19 07:33:10    cloglog_C2_r001_n1000      480/1000 replicates written to .part  ETA 2026-09-19 07:40 (0.12 h)
2026-09-19 07:33:10    cloglog_C2_r001_n1000      560/1000 replicates written to .part  ETA 2026-09-19 07:40 (0.12 h)
2026-09-19 07:33:11    cloglog_C2_r001_n1000      640/1000 replicates written to .part  ETA 2026-09-19 07:40 (0.12 h)
2026-09-19 07:33:12    cloglog_C2_r001_n1000      720/1000 replicates written to .part  ETA 2026-09-19 07:40 (0.12 h)
2026-09-19 07:33:12    cloglog_C2_r001_n1000      800/1000 replicates written to .part  ETA 2026-09-19 07:40 (0.12 h)
2026-09-19 07:33:13    cloglog_C2_r001_n1000      880/1000 replicates written to .part  ETA 2026-09-19 07:40 (0.12 h)
2026-09-19 07:33:13    cloglog_C2_r001_n1000      960/1000 replicates written to .part  ETA 2026-09-19 07:40 (0.12 h)
2026-09-19 07:33:14    cloglog_C2_r001_n1000      1000/1000 replicates written to .part  ETA 2026-09-19 07:40 (0.12 h)
2026-09-19 07:33:14  [61/84] cloglog_C2_r001_n1000      n=1000  k=1   kept 1000, errors 0, degenerate 0  ETA 2026-09-19 07:40 (0.12 h)
2026-09-19 07:33:14  cloglog_C2_r002_n1000: 1000 of 1000 replicates to run
2026-09-19 07:33:14    cloglog_C2_r002_n1000      80/1000 replicates written to .part  ETA 2026-09-19 07:40 (0.12 h)
2026-09-19 07:33:15    cloglog_C2_r002_n1000      160/1000 replicates written to .part  ETA 2026-09-19 07:40 (0.12 h)
2026-09-19 07:33:15    cloglog_C2_r002_n1000      240/1000 replicates written to .part  ETA 2026-09-19 07:40 (0.12 h)
2026-09-19 07:33:16    cloglog_C2_r002_n1000      320/1000 replicates written to .part  ETA 2026-09-19 07:40 (0.12 h)
2026-09-19 07:33:16    cloglog_C2_r002_n1000      400/1000 replicates written to .part  ETA 2026-09-19 07:40 (0.12 h)
2026-09-19 07:33:17    cloglog_C2_r002_n1000      480/1000 replicates written to .part  ETA 2026-09-19 07:40 (0.12 h)
2026-09-19 07:33:17    cloglog_C2_r002_n1000      560/1000 replicates written to .part  ETA 2026-09-19 07:40 (0.12 h)
2026-09-19 07:33:18    cloglog_C2_r002_n1000      640/1000 replicates written to .part  ETA 2026-09-19 07:40 (0.12 h)
2026-09-19 07:33:19    cloglog_C2_r002_n1000      720/1000 replicates written to .part  ETA 2026-09-19 07:40 (0.12 h)
2026-09-19 07:33:19    cloglog_C2_r002_n1000      800/1000 replicates written to .part  ETA 2026-09-19 07:40 (0.12 h)
2026-09-19 07:33:20    cloglog_C2_r002_n1000      880/1000 replicates written to .part  ETA 2026-09-19 07:40 (0.12 h)
2026-09-19 07:33:20    cloglog_C2_r002_n1000      960/1000 replicates written to .part  ETA 2026-09-19 07:40 (0.12 h)
2026-09-19 07:33:21    cloglog_C2_r002_n1000      1000/1000 replicates written to .part  ETA 2026-09-19 07:40 (0.12 h)
2026-09-19 07:33:21  [62/84] cloglog_C2_r002_n1000      n=1000  k=2   kept 1000, errors 0, degenerate 0  ETA 2026-09-19 07:40 (0.12 h)
2026-09-19 07:33:21  cloglog_C2_r005_n1000: 1000 of 1000 replicates to run
2026-09-19 07:33:21    cloglog_C2_r005_n1000      80/1000 replicates written to .part  ETA 2026-09-19 07:40 (0.12 h)
2026-09-19 07:33:22    cloglog_C2_r005_n1000      160/1000 replicates written to .part  ETA 2026-09-19 07:40 (0.12 h)
2026-09-19 07:33:22    cloglog_C2_r005_n1000      240/1000 replicates written to .part  ETA 2026-09-19 07:40 (0.12 h)
2026-09-19 07:33:23    cloglog_C2_r005_n1000      320/1000 replicates written to .part  ETA 2026-09-19 07:40 (0.12 h)
2026-09-19 07:33:23    cloglog_C2_r005_n1000      400/1000 replicates written to .part  ETA 2026-09-19 07:40 (0.12 h)
2026-09-19 07:33:24    cloglog_C2_r005_n1000      480/1000 replicates written to .part  ETA 2026-09-19 07:40 (0.12 h)
2026-09-19 07:33:25    cloglog_C2_r005_n1000      560/1000 replicates written to .part  ETA 2026-09-19 07:40 (0.12 h)
2026-09-19 07:33:25    cloglog_C2_r005_n1000      640/1000 replicates written to .part  ETA 2026-09-19 07:40 (0.12 h)
2026-09-19 07:33:26    cloglog_C2_r005_n1000      720/1000 replicates written to .part  ETA 2026-09-19 07:40 (0.12 h)
2026-09-19 07:33:26    cloglog_C2_r005_n1000      800/1000 replicates written to .part  ETA 2026-09-19 07:40 (0.12 h)
2026-09-19 07:33:27    cloglog_C2_r005_n1000      880/1000 replicates written to .part  ETA 2026-09-19 07:40 (0.12 h)
2026-09-19 07:33:28    cloglog_C2_r005_n1000      960/1000 replicates written to .part  ETA 2026-09-19 07:40 (0.12 h)
2026-09-19 07:33:28    cloglog_C2_r005_n1000      1000/1000 replicates written to .part  ETA 2026-09-19 07:40 (0.12 h)
2026-09-19 07:33:28  [63/84] cloglog_C2_r005_n1000      n=1000  k=5   kept 1000, errors 0, degenerate 0  ETA 2026-09-19 07:40 (0.12 h)
2026-09-19 07:33:28  cloglog_C2_r010_n1000: 1000 of 1000 replicates to run
2026-09-19 07:33:28    cloglog_C2_r010_n1000      80/1000 replicates written to .part  ETA 2026-09-19 07:40 (0.12 h)
2026-09-19 07:33:29    cloglog_C2_r010_n1000      160/1000 replicates written to .part  ETA 2026-09-19 07:40 (0.12 h)
2026-09-19 07:33:30    cloglog_C2_r010_n1000      240/1000 replicates written to .part  ETA 2026-09-19 07:40 (0.12 h)
2026-09-19 07:33:30    cloglog_C2_r010_n1000      320/1000 replicates written to .part  ETA 2026-09-19 07:40 (0.12 h)
2026-09-19 07:33:31    cloglog_C2_r010_n1000      400/1000 replicates written to .part  ETA 2026-09-19 07:40 (0.12 h)
2026-09-19 07:33:31    cloglog_C2_r010_n1000      480/1000 replicates written to .part  ETA 2026-09-19 07:40 (0.12 h)
2026-09-19 07:33:32    cloglog_C2_r010_n1000      560/1000 replicates written to .part  ETA 2026-09-19 07:40 (0.12 h)
2026-09-19 07:33:32    cloglog_C2_r010_n1000      640/1000 replicates written to .part  ETA 2026-09-19 07:40 (0.12 h)
2026-09-19 07:33:33    cloglog_C2_r010_n1000      720/1000 replicates written to .part  ETA 2026-09-19 07:40 (0.12 h)
2026-09-19 07:33:34    cloglog_C2_r010_n1000      800/1000 replicates written to .part  ETA 2026-09-19 07:40 (0.12 h)
2026-09-19 07:33:34    cloglog_C2_r010_n1000      880/1000 replicates written to .part  ETA 2026-09-19 07:40 (0.12 h)
2026-09-19 07:33:35    cloglog_C2_r010_n1000      960/1000 replicates written to .part  ETA 2026-09-19 07:40 (0.12 h)
2026-09-19 07:33:35    cloglog_C2_r010_n1000      1000/1000 replicates written to .part  ETA 2026-09-19 07:40 (0.12 h)
2026-09-19 07:33:35  [64/84] cloglog_C2_r010_n1000      n=1000  k=10  kept 1000, errors 0, degenerate 0  ETA 2026-09-19 07:40 (0.12 h)
2026-09-19 07:33:35  cloglog_C3_r001_n1000: 1000 of 1000 replicates to run
2026-09-19 07:33:36    cloglog_C3_r001_n1000      80/1000 replicates written to .part  ETA 2026-09-19 07:40 (0.12 h)
2026-09-19 07:33:36    cloglog_C3_r001_n1000      160/1000 replicates written to .part  ETA 2026-09-19 07:40 (0.12 h)
2026-09-19 07:33:37    cloglog_C3_r001_n1000      240/1000 replicates written to .part  ETA 2026-09-19 07:40 (0.12 h)
2026-09-19 07:33:37    cloglog_C3_r001_n1000      320/1000 replicates written to .part  ETA 2026-09-19 07:40 (0.11 h)
2026-09-19 07:33:38    cloglog_C3_r001_n1000      400/1000 replicates written to .part  ETA 2026-09-19 07:40 (0.11 h)
2026-09-19 07:33:38    cloglog_C3_r001_n1000      480/1000 replicates written to .part  ETA 2026-09-19 07:40 (0.11 h)
2026-09-19 07:33:39    cloglog_C3_r001_n1000      560/1000 replicates written to .part  ETA 2026-09-19 07:40 (0.11 h)
2026-09-19 07:33:40    cloglog_C3_r001_n1000      640/1000 replicates written to .part  ETA 2026-09-19 07:40 (0.11 h)
2026-09-19 07:33:40    cloglog_C3_r001_n1000      720/1000 replicates written to .part  ETA 2026-09-19 07:40 (0.11 h)
2026-09-19 07:33:41    cloglog_C3_r001_n1000      800/1000 replicates written to .part  ETA 2026-09-19 07:40 (0.11 h)
2026-09-19 07:33:41    cloglog_C3_r001_n1000      880/1000 replicates written to .part  ETA 2026-09-19 07:40 (0.11 h)
2026-09-19 07:33:42    cloglog_C3_r001_n1000      960/1000 replicates written to .part  ETA 2026-09-19 07:40 (0.11 h)
2026-09-19 07:33:42    cloglog_C3_r001_n1000      1000/1000 replicates written to .part  ETA 2026-09-19 07:40 (0.11 h)
2026-09-19 07:33:42  [65/84] cloglog_C3_r001_n1000      n=1000  k=1   kept 1000, errors 0, degenerate 0  ETA 2026-09-19 07:40 (0.11 h)
2026-09-19 07:33:42  cloglog_C3_r002_n1000: 1000 of 1000 replicates to run
2026-09-19 07:33:43    cloglog_C3_r002_n1000      80/1000 replicates written to .part  ETA 2026-09-19 07:40 (0.11 h)
2026-09-19 07:33:43    cloglog_C3_r002_n1000      160/1000 replicates written to .part  ETA 2026-09-19 07:40 (0.11 h)
2026-09-19 07:33:44    cloglog_C3_r002_n1000      240/1000 replicates written to .part  ETA 2026-09-19 07:40 (0.11 h)
2026-09-19 07:33:45    cloglog_C3_r002_n1000      320/1000 replicates written to .part  ETA 2026-09-19 07:40 (0.11 h)
2026-09-19 07:33:45    cloglog_C3_r002_n1000      400/1000 replicates written to .part  ETA 2026-09-19 07:40 (0.11 h)
2026-09-19 07:33:46    cloglog_C3_r002_n1000      480/1000 replicates written to .part  ETA 2026-09-19 07:40 (0.11 h)
2026-09-19 07:33:46    cloglog_C3_r002_n1000      560/1000 replicates written to .part  ETA 2026-09-19 07:40 (0.11 h)
2026-09-19 07:33:47    cloglog_C3_r002_n1000      640/1000 replicates written to .part  ETA 2026-09-19 07:40 (0.11 h)
2026-09-19 07:33:48    cloglog_C3_r002_n1000      720/1000 replicates written to .part  ETA 2026-09-19 07:40 (0.11 h)
2026-09-19 07:33:48    cloglog_C3_r002_n1000      800/1000 replicates written to .part  ETA 2026-09-19 07:40 (0.11 h)
2026-09-19 07:33:49    cloglog_C3_r002_n1000      880/1000 replicates written to .part  ETA 2026-09-19 07:40 (0.11 h)
2026-09-19 07:33:49    cloglog_C3_r002_n1000      960/1000 replicates written to .part  ETA 2026-09-19 07:40 (0.11 h)
2026-09-19 07:33:50    cloglog_C3_r002_n1000      1000/1000 replicates written to .part  ETA 2026-09-19 07:40 (0.11 h)
2026-09-19 07:33:50  [66/84] cloglog_C3_r002_n1000      n=1000  k=2   kept 1000, errors 0, degenerate 0  ETA 2026-09-19 07:40 (0.11 h)
2026-09-19 07:33:50  cloglog_C3_r005_n1000: 1000 of 1000 replicates to run
2026-09-19 07:33:50    cloglog_C3_r005_n1000      80/1000 replicates written to .part  ETA 2026-09-19 07:40 (0.11 h)
2026-09-19 07:33:51    cloglog_C3_r005_n1000      160/1000 replicates written to .part  ETA 2026-09-19 07:40 (0.11 h)
2026-09-19 07:33:51    cloglog_C3_r005_n1000      240/1000 replicates written to .part  ETA 2026-09-19 07:40 (0.11 h)
2026-09-19 07:33:52    cloglog_C3_r005_n1000      320/1000 replicates written to .part  ETA 2026-09-19 07:40 (0.11 h)
2026-09-19 07:33:53    cloglog_C3_r005_n1000      400/1000 replicates written to .part  ETA 2026-09-19 07:40 (0.11 h)
2026-09-19 07:33:53    cloglog_C3_r005_n1000      480/1000 replicates written to .part  ETA 2026-09-19 07:40 (0.11 h)
2026-09-19 07:33:54    cloglog_C3_r005_n1000      560/1000 replicates written to .part  ETA 2026-09-19 07:40 (0.11 h)
2026-09-19 07:33:54    cloglog_C3_r005_n1000      640/1000 replicates written to .part  ETA 2026-09-19 07:40 (0.11 h)
2026-09-19 07:33:55    cloglog_C3_r005_n1000      720/1000 replicates written to .part  ETA 2026-09-19 07:40 (0.11 h)
2026-09-19 07:33:55    cloglog_C3_r005_n1000      800/1000 replicates written to .part  ETA 2026-09-19 07:40 (0.11 h)
2026-09-19 07:33:56    cloglog_C3_r005_n1000      880/1000 replicates written to .part  ETA 2026-09-19 07:40 (0.11 h)
2026-09-19 07:33:57    cloglog_C3_r005_n1000      960/1000 replicates written to .part  ETA 2026-09-19 07:40 (0.11 h)
2026-09-19 07:33:57    cloglog_C3_r005_n1000      1000/1000 replicates written to .part  ETA 2026-09-19 07:40 (0.11 h)
2026-09-19 07:33:57  [67/84] cloglog_C3_r005_n1000      n=1000  k=5   kept 1000, errors 0, degenerate 0  ETA 2026-09-19 07:40 (0.11 h)
2026-09-19 07:33:57  cloglog_C3_r010_n1000: 1000 of 1000 replicates to run
2026-09-19 07:33:58    cloglog_C3_r010_n1000      80/1000 replicates written to .part  ETA 2026-09-19 07:40 (0.11 h)
2026-09-19 07:33:58    cloglog_C3_r010_n1000      160/1000 replicates written to .part  ETA 2026-09-19 07:40 (0.11 h)
2026-09-19 07:33:59    cloglog_C3_r010_n1000      240/1000 replicates written to .part  ETA 2026-09-19 07:40 (0.11 h)
2026-09-19 07:33:59    cloglog_C3_r010_n1000      320/1000 replicates written to .part  ETA 2026-09-19 07:40 (0.11 h)
2026-09-19 07:34:00    cloglog_C3_r010_n1000      400/1000 replicates written to .part  ETA 2026-09-19 07:40 (0.11 h)
2026-09-19 07:34:00    cloglog_C3_r010_n1000      480/1000 replicates written to .part  ETA 2026-09-19 07:40 (0.11 h)
2026-09-19 07:34:01    cloglog_C3_r010_n1000      560/1000 replicates written to .part  ETA 2026-09-19 07:40 (0.11 h)
2026-09-19 07:34:02    cloglog_C3_r010_n1000      640/1000 replicates written to .part  ETA 2026-09-19 07:40 (0.11 h)
2026-09-19 07:34:02    cloglog_C3_r010_n1000      720/1000 replicates written to .part  ETA 2026-09-19 07:40 (0.11 h)
2026-09-19 07:34:03    cloglog_C3_r010_n1000      800/1000 replicates written to .part  ETA 2026-09-19 07:40 (0.11 h)
2026-09-19 07:34:03    cloglog_C3_r010_n1000      880/1000 replicates written to .part  ETA 2026-09-19 07:40 (0.11 h)
2026-09-19 07:34:04    cloglog_C3_r010_n1000      960/1000 replicates written to .part  ETA 2026-09-19 07:40 (0.11 h)
2026-09-19 07:34:04    cloglog_C3_r010_n1000      1000/1000 replicates written to .part  ETA 2026-09-19 07:40 (0.11 h)
2026-09-19 07:34:04  [68/84] cloglog_C3_r010_n1000      n=1000  k=10  kept 1000, errors 0, degenerate 0  ETA 2026-09-19 07:40 (0.11 h)
2026-09-19 07:34:04  cloglog_C4_r005_n1000: 1000 of 1000 replicates to run
2026-09-19 07:34:05    cloglog_C4_r005_n1000      80/1000 replicates written to .part  ETA 2026-09-19 07:40 (0.11 h)
2026-09-19 07:34:05    cloglog_C4_r005_n1000      160/1000 replicates written to .part  ETA 2026-09-19 07:40 (0.11 h)
2026-09-19 07:34:06    cloglog_C4_r005_n1000      240/1000 replicates written to .part  ETA 2026-09-19 07:40 (0.11 h)
2026-09-19 07:34:07    cloglog_C4_r005_n1000      320/1000 replicates written to .part  ETA 2026-09-19 07:40 (0.11 h)
2026-09-19 07:34:07    cloglog_C4_r005_n1000      400/1000 replicates written to .part  ETA 2026-09-19 07:40 (0.11 h)
2026-09-19 07:34:08    cloglog_C4_r005_n1000      480/1000 replicates written to .part  ETA 2026-09-19 07:40 (0.11 h)
2026-09-19 07:34:08    cloglog_C4_r005_n1000      560/1000 replicates written to .part  ETA 2026-09-19 07:40 (0.11 h)
2026-09-19 07:34:09    cloglog_C4_r005_n1000      640/1000 replicates written to .part  ETA 2026-09-19 07:40 (0.11 h)
2026-09-19 07:34:09    cloglog_C4_r005_n1000      720/1000 replicates written to .part  ETA 2026-09-19 07:40 (0.11 h)
2026-09-19 07:34:10    cloglog_C4_r005_n1000      800/1000 replicates written to .part  ETA 2026-09-19 07:40 (0.11 h)
2026-09-19 07:34:11    cloglog_C4_r005_n1000      880/1000 replicates written to .part  ETA 2026-09-19 07:40 (0.11 h)
2026-09-19 07:34:11    cloglog_C4_r005_n1000      960/1000 replicates written to .part  ETA 2026-09-19 07:40 (0.11 h)
2026-09-19 07:34:12    cloglog_C4_r005_n1000      1000/1000 replicates written to .part  ETA 2026-09-19 07:40 (0.11 h)
2026-09-19 07:34:12  [69/84] cloglog_C4_r005_n1000      n=1000  k=5   kept 1000, errors 0, degenerate 0  ETA 2026-09-19 07:40 (0.11 h)
2026-09-19 07:34:12  cloglog_clean_n1000: 1000 of 1000 replicates to run
2026-09-19 07:34:12    cloglog_clean_n1000        80/1000 replicates written to .part  ETA 2026-09-19 07:40 (0.11 h)
2026-09-19 07:34:13    cloglog_clean_n1000        160/1000 replicates written to .part  ETA 2026-09-19 07:40 (0.11 h)
2026-09-19 07:34:13    cloglog_clean_n1000        240/1000 replicates written to .part  ETA 2026-09-19 07:40 (0.11 h)
2026-09-19 07:34:14    cloglog_clean_n1000        320/1000 replicates written to .part  ETA 2026-09-19 07:40 (0.11 h)
2026-09-19 07:34:14    cloglog_clean_n1000        400/1000 replicates written to .part  ETA 2026-09-19 07:40 (0.11 h)
2026-09-19 07:34:15    cloglog_clean_n1000        480/1000 replicates written to .part  ETA 2026-09-19 07:40 (0.11 h)
2026-09-19 07:34:16    cloglog_clean_n1000        560/1000 replicates written to .part  ETA 2026-09-19 07:40 (0.11 h)
2026-09-19 07:34:16    cloglog_clean_n1000        640/1000 replicates written to .part  ETA 2026-09-19 07:40 (0.11 h)
2026-09-19 07:34:17    cloglog_clean_n1000        720/1000 replicates written to .part  ETA 2026-09-19 07:40 (0.11 h)
2026-09-19 07:34:17    cloglog_clean_n1000        800/1000 replicates written to .part  ETA 2026-09-19 07:40 (0.11 h)
2026-09-19 07:34:18    cloglog_clean_n1000        880/1000 replicates written to .part  ETA 2026-09-19 07:40 (0.11 h)
2026-09-19 07:34:18    cloglog_clean_n1000        960/1000 replicates written to .part  ETA 2026-09-19 07:40 (0.11 h)
2026-09-19 07:34:19    cloglog_clean_n1000        1000/1000 replicates written to .part  ETA 2026-09-19 07:40 (0.11 h)
2026-09-19 07:34:19  [70/84] cloglog_clean_n1000        n=1000  k=0   kept 1000, errors 0, degenerate 0  ETA 2026-09-19 07:40 (0.11 h)
2026-09-19 07:34:19  cloglog_C1_r001_n5000: 1000 of 1000 replicates to run
2026-09-19 07:34:21    cloglog_C1_r001_n5000      80/1000 replicates written to .part  ETA 2026-09-19 07:40 (0.11 h)
2026-09-19 07:34:24    cloglog_C1_r001_n5000      160/1000 replicates written to .part  ETA 2026-09-19 07:40 (0.11 h)
2026-09-19 07:34:26    cloglog_C1_r001_n5000      240/1000 replicates written to .part  ETA 2026-09-19 07:40 (0.11 h)
2026-09-19 07:34:29    cloglog_C1_r001_n5000      320/1000 replicates written to .part  ETA 2026-09-19 07:40 (0.11 h)
2026-09-19 07:34:31    cloglog_C1_r001_n5000      400/1000 replicates written to .part  ETA 2026-09-19 07:40 (0.10 h)
2026-09-19 07:34:33    cloglog_C1_r001_n5000      480/1000 replicates written to .part  ETA 2026-09-19 07:40 (0.10 h)
2026-09-19 07:34:36    cloglog_C1_r001_n5000      560/1000 replicates written to .part  ETA 2026-09-19 07:40 (0.10 h)
2026-09-19 07:34:39    cloglog_C1_r001_n5000      640/1000 replicates written to .part  ETA 2026-09-19 07:40 (0.10 h)
2026-09-19 07:34:41    cloglog_C1_r001_n5000      720/1000 replicates written to .part  ETA 2026-09-19 07:40 (0.10 h)
2026-09-19 07:34:43    cloglog_C1_r001_n5000      800/1000 replicates written to .part  ETA 2026-09-19 07:40 (0.10 h)
2026-09-19 07:34:46    cloglog_C1_r001_n5000      880/1000 replicates written to .part  ETA 2026-09-19 07:40 (0.10 h)
2026-09-19 07:34:48    cloglog_C1_r001_n5000      960/1000 replicates written to .part  ETA 2026-09-19 07:40 (0.10 h)
2026-09-19 07:34:50    cloglog_C1_r001_n5000      1000/1000 replicates written to .part  ETA 2026-09-19 07:40 (0.10 h)
2026-09-19 07:34:50  [71/84] cloglog_C1_r001_n5000      n=5000  k=5   kept 1000, errors 0, degenerate 0  ETA 2026-09-19 07:40 (0.10 h)
2026-09-19 07:34:50  cloglog_C1_r002_n5000: 1000 of 1000 replicates to run
2026-09-19 07:34:52    cloglog_C1_r002_n5000      80/1000 replicates written to .part  ETA 2026-09-19 07:40 (0.10 h)
2026-09-19 07:34:55    cloglog_C1_r002_n5000      160/1000 replicates written to .part  ETA 2026-09-19 07:40 (0.10 h)
2026-09-19 07:34:57    cloglog_C1_r002_n5000      240/1000 replicates written to .part  ETA 2026-09-19 07:40 (0.10 h)
2026-09-19 07:35:00    cloglog_C1_r002_n5000      320/1000 replicates written to .part  ETA 2026-09-19 07:40 (0.10 h)
2026-09-19 07:35:02    cloglog_C1_r002_n5000      400/1000 replicates written to .part  ETA 2026-09-19 07:40 (0.10 h)
2026-09-19 07:35:05    cloglog_C1_r002_n5000      480/1000 replicates written to .part  ETA 2026-09-19 07:40 (0.10 h)
2026-09-19 07:35:07    cloglog_C1_r002_n5000      560/1000 replicates written to .part  ETA 2026-09-19 07:40 (0.10 h)
2026-09-19 07:35:10    cloglog_C1_r002_n5000      640/1000 replicates written to .part  ETA 2026-09-19 07:40 (0.10 h)
2026-09-19 07:35:12    cloglog_C1_r002_n5000      720/1000 replicates written to .part  ETA 2026-09-19 07:40 (0.09 h)
2026-09-19 07:35:15    cloglog_C1_r002_n5000      800/1000 replicates written to .part  ETA 2026-09-19 07:40 (0.09 h)
2026-09-19 07:35:17    cloglog_C1_r002_n5000      880/1000 replicates written to .part  ETA 2026-09-19 07:40 (0.09 h)
2026-09-19 07:35:20    cloglog_C1_r002_n5000      960/1000 replicates written to .part  ETA 2026-09-19 07:40 (0.09 h)
2026-09-19 07:35:21    cloglog_C1_r002_n5000      1000/1000 replicates written to .part  ETA 2026-09-19 07:40 (0.09 h)
2026-09-19 07:35:21  [72/84] cloglog_C1_r002_n5000      n=5000  k=10  kept 1000, errors 0, degenerate 0  ETA 2026-09-19 07:40 (0.09 h)
2026-09-19 07:35:21  cloglog_C1_r005_n5000: 1000 of 1000 replicates to run
2026-09-19 07:35:24    cloglog_C1_r005_n5000      80/1000 replicates written to .part  ETA 2026-09-19 07:40 (0.09 h)
2026-09-19 07:35:26    cloglog_C1_r005_n5000      160/1000 replicates written to .part  ETA 2026-09-19 07:40 (0.09 h)
2026-09-19 07:35:29    cloglog_C1_r005_n5000      240/1000 replicates written to .part  ETA 2026-09-19 07:40 (0.09 h)
2026-09-19 07:35:31    cloglog_C1_r005_n5000      320/1000 replicates written to .part  ETA 2026-09-19 07:40 (0.09 h)
2026-09-19 07:35:34    cloglog_C1_r005_n5000      400/1000 replicates written to .part  ETA 2026-09-19 07:40 (0.09 h)
2026-09-19 07:35:36    cloglog_C1_r005_n5000      480/1000 replicates written to .part  ETA 2026-09-19 07:40 (0.09 h)
2026-09-19 07:35:39    cloglog_C1_r005_n5000      560/1000 replicates written to .part  ETA 2026-09-19 07:40 (0.09 h)
2026-09-19 07:35:41    cloglog_C1_r005_n5000      640/1000 replicates written to .part  ETA 2026-09-19 07:40 (0.09 h)
2026-09-19 07:35:44    cloglog_C1_r005_n5000      720/1000 replicates written to .part  ETA 2026-09-19 07:40 (0.09 h)
2026-09-19 07:35:46    cloglog_C1_r005_n5000      800/1000 replicates written to .part  ETA 2026-09-19 07:40 (0.09 h)
2026-09-19 07:35:49    cloglog_C1_r005_n5000      880/1000 replicates written to .part  ETA 2026-09-19 07:40 (0.09 h)
2026-09-19 07:35:51    cloglog_C1_r005_n5000      960/1000 replicates written to .part  ETA 2026-09-19 07:40 (0.09 h)
2026-09-19 07:35:52    cloglog_C1_r005_n5000      1000/1000 replicates written to .part  ETA 2026-09-19 07:40 (0.09 h)
2026-09-19 07:35:52  [73/84] cloglog_C1_r005_n5000      n=5000  k=25  kept 1000, errors 0, degenerate 0  ETA 2026-09-19 07:40 (0.09 h)
2026-09-19 07:35:52  cloglog_C1_r010_n5000: 1000 of 1000 replicates to run
2026-09-19 07:35:55    cloglog_C1_r010_n5000      80/1000 replicates written to .part  ETA 2026-09-19 07:40 (0.08 h)
2026-09-19 07:35:57    cloglog_C1_r010_n5000      160/1000 replicates written to .part  ETA 2026-09-19 07:41 (0.08 h)
2026-09-19 07:36:00    cloglog_C1_r010_n5000      240/1000 replicates written to .part  ETA 2026-09-19 07:41 (0.08 h)
2026-09-19 07:36:02    cloglog_C1_r010_n5000      320/1000 replicates written to .part  ETA 2026-09-19 07:41 (0.08 h)
2026-09-19 07:36:05    cloglog_C1_r010_n5000      400/1000 replicates written to .part  ETA 2026-09-19 07:41 (0.08 h)
2026-09-19 07:36:07    cloglog_C1_r010_n5000      480/1000 replicates written to .part  ETA 2026-09-19 07:41 (0.08 h)
2026-09-19 07:36:10    cloglog_C1_r010_n5000      560/1000 replicates written to .part  ETA 2026-09-19 07:41 (0.08 h)
2026-09-19 07:36:12    cloglog_C1_r010_n5000      640/1000 replicates written to .part  ETA 2026-09-19 07:41 (0.08 h)
2026-09-19 07:36:15    cloglog_C1_r010_n5000      720/1000 replicates written to .part  ETA 2026-09-19 07:41 (0.08 h)
2026-09-19 07:36:17    cloglog_C1_r010_n5000      800/1000 replicates written to .part  ETA 2026-09-19 07:41 (0.08 h)
2026-09-19 07:36:19    cloglog_C1_r010_n5000      880/1000 replicates written to .part  ETA 2026-09-19 07:41 (0.08 h)
2026-09-19 07:36:22    cloglog_C1_r010_n5000      960/1000 replicates written to .part  ETA 2026-09-19 07:41 (0.08 h)
2026-09-19 07:36:23    cloglog_C1_r010_n5000      1000/1000 replicates written to .part  ETA 2026-09-19 07:41 (0.08 h)
2026-09-19 07:36:23  [74/84] cloglog_C1_r010_n5000      n=5000  k=50  kept 1000, errors 0, degenerate 0  ETA 2026-09-19 07:41 (0.08 h)
2026-09-19 07:36:23  cloglog_C2_r001_n5000: 1000 of 1000 replicates to run
2026-09-19 07:36:25    cloglog_C2_r001_n5000      80/1000 replicates written to .part  ETA 2026-09-19 07:41 (0.08 h)
2026-09-19 07:36:27    cloglog_C2_r001_n5000      160/1000 replicates written to .part  ETA 2026-09-19 07:41 (0.08 h)
2026-09-19 07:36:30    cloglog_C2_r001_n5000      240/1000 replicates written to .part  ETA 2026-09-19 07:41 (0.08 h)
2026-09-19 07:36:32    cloglog_C2_r001_n5000      320/1000 replicates written to .part  ETA 2026-09-19 07:41 (0.08 h)
2026-09-19 07:36:34    cloglog_C2_r001_n5000      400/1000 replicates written to .part  ETA 2026-09-19 07:41 (0.07 h)
2026-09-19 07:36:36    cloglog_C2_r001_n5000      480/1000 replicates written to .part  ETA 2026-09-19 07:41 (0.07 h)
2026-09-19 07:36:38    cloglog_C2_r001_n5000      560/1000 replicates written to .part  ETA 2026-09-19 07:41 (0.07 h)
2026-09-19 07:36:40    cloglog_C2_r001_n5000      640/1000 replicates written to .part  ETA 2026-09-19 07:41 (0.07 h)
2026-09-19 07:36:43    cloglog_C2_r001_n5000      720/1000 replicates written to .part  ETA 2026-09-19 07:41 (0.07 h)
2026-09-19 07:36:45    cloglog_C2_r001_n5000      800/1000 replicates written to .part  ETA 2026-09-19 07:41 (0.07 h)
2026-09-19 07:36:47    cloglog_C2_r001_n5000      880/1000 replicates written to .part  ETA 2026-09-19 07:41 (0.07 h)
2026-09-19 07:36:49    cloglog_C2_r001_n5000      960/1000 replicates written to .part  ETA 2026-09-19 07:41 (0.07 h)
2026-09-19 07:36:50    cloglog_C2_r001_n5000      1000/1000 replicates written to .part  ETA 2026-09-19 07:41 (0.07 h)
2026-09-19 07:36:50  [75/84] cloglog_C2_r001_n5000      n=5000  k=5   kept 1000, errors 0, degenerate 0  ETA 2026-09-19 07:41 (0.07 h)
2026-09-19 07:36:50  cloglog_C2_r002_n5000: 1000 of 1000 replicates to run
2026-09-19 07:36:52    cloglog_C2_r002_n5000      80/1000 replicates written to .part  ETA 2026-09-19 07:41 (0.07 h)
2026-09-19 07:36:55    cloglog_C2_r002_n5000      160/1000 replicates written to .part  ETA 2026-09-19 07:41 (0.07 h)
2026-09-19 07:36:57    cloglog_C2_r002_n5000      240/1000 replicates written to .part  ETA 2026-09-19 07:41 (0.07 h)
2026-09-19 07:36:59    cloglog_C2_r002_n5000      320/1000 replicates written to .part  ETA 2026-09-19 07:41 (0.07 h)
2026-09-19 07:37:01    cloglog_C2_r002_n5000      400/1000 replicates written to .part  ETA 2026-09-19 07:41 (0.07 h)
2026-09-19 07:37:04    cloglog_C2_r002_n5000      480/1000 replicates written to .part  ETA 2026-09-19 07:41 (0.07 h)
2026-09-19 07:37:06    cloglog_C2_r002_n5000      560/1000 replicates written to .part  ETA 2026-09-19 07:41 (0.07 h)
2026-09-19 07:37:08    cloglog_C2_r002_n5000      640/1000 replicates written to .part  ETA 2026-09-19 07:41 (0.06 h)
2026-09-19 07:37:11    cloglog_C2_r002_n5000      720/1000 replicates written to .part  ETA 2026-09-19 07:41 (0.06 h)
2026-09-19 07:37:13    cloglog_C2_r002_n5000      800/1000 replicates written to .part  ETA 2026-09-19 07:41 (0.06 h)
2026-09-19 07:37:15    cloglog_C2_r002_n5000      880/1000 replicates written to .part  ETA 2026-09-19 07:41 (0.06 h)
2026-09-19 07:37:18    cloglog_C2_r002_n5000      960/1000 replicates written to .part  ETA 2026-09-19 07:41 (0.06 h)
2026-09-19 07:37:19    cloglog_C2_r002_n5000      1000/1000 replicates written to .part  ETA 2026-09-19 07:41 (0.06 h)
2026-09-19 07:37:19  [76/84] cloglog_C2_r002_n5000      n=5000  k=10  kept 1000, errors 0, degenerate 0  ETA 2026-09-19 07:41 (0.06 h)
2026-09-19 07:37:19  cloglog_C2_r005_n5000: 1000 of 1000 replicates to run
2026-09-19 07:37:21    cloglog_C2_r005_n5000      80/1000 replicates written to .part  ETA 2026-09-19 07:41 (0.06 h)
2026-09-19 07:37:23    cloglog_C2_r005_n5000      160/1000 replicates written to .part  ETA 2026-09-19 07:41 (0.06 h)
2026-09-19 07:37:25    cloglog_C2_r005_n5000      240/1000 replicates written to .part  ETA 2026-09-19 07:41 (0.06 h)
2026-09-19 07:37:28    cloglog_C2_r005_n5000      320/1000 replicates written to .part  ETA 2026-09-19 07:41 (0.06 h)
2026-09-19 07:37:30    cloglog_C2_r005_n5000      400/1000 replicates written to .part  ETA 2026-09-19 07:41 (0.06 h)
2026-09-19 07:37:32    cloglog_C2_r005_n5000      480/1000 replicates written to .part  ETA 2026-09-19 07:41 (0.06 h)
2026-09-19 07:37:34    cloglog_C2_r005_n5000      560/1000 replicates written to .part  ETA 2026-09-19 07:41 (0.06 h)
2026-09-19 07:37:37    cloglog_C2_r005_n5000      640/1000 replicates written to .part  ETA 2026-09-19 07:41 (0.06 h)
2026-09-19 07:37:39    cloglog_C2_r005_n5000      720/1000 replicates written to .part  ETA 2026-09-19 07:41 (0.06 h)
2026-09-19 07:37:41    cloglog_C2_r005_n5000      800/1000 replicates written to .part  ETA 2026-09-19 07:41 (0.06 h)
2026-09-19 07:37:43    cloglog_C2_r005_n5000      880/1000 replicates written to .part  ETA 2026-09-19 07:41 (0.06 h)
2026-09-19 07:37:46    cloglog_C2_r005_n5000      960/1000 replicates written to .part  ETA 2026-09-19 07:41 (0.05 h)
2026-09-19 07:37:47    cloglog_C2_r005_n5000      1000/1000 replicates written to .part  ETA 2026-09-19 07:41 (0.05 h)
2026-09-19 07:37:47  [77/84] cloglog_C2_r005_n5000      n=5000  k=25  kept 1000, errors 0, degenerate 0  ETA 2026-09-19 07:41 (0.05 h)
2026-09-19 07:37:47  cloglog_C2_r010_n5000: 1000 of 1000 replicates to run
2026-09-19 07:37:49    cloglog_C2_r010_n5000      80/1000 replicates written to .part  ETA 2026-09-19 07:41 (0.05 h)
2026-09-19 07:37:51    cloglog_C2_r010_n5000      160/1000 replicates written to .part  ETA 2026-09-19 07:41 (0.05 h)
2026-09-19 07:37:53    cloglog_C2_r010_n5000      240/1000 replicates written to .part  ETA 2026-09-19 07:41 (0.05 h)
2026-09-19 07:37:55    cloglog_C2_r010_n5000      320/1000 replicates written to .part  ETA 2026-09-19 07:41 (0.05 h)
2026-09-19 07:37:58    cloglog_C2_r010_n5000      400/1000 replicates written to .part  ETA 2026-09-19 07:41 (0.05 h)
2026-09-19 07:38:00    cloglog_C2_r010_n5000      480/1000 replicates written to .part  ETA 2026-09-19 07:41 (0.05 h)
2026-09-19 07:38:02    cloglog_C2_r010_n5000      560/1000 replicates written to .part  ETA 2026-09-19 07:41 (0.05 h)
2026-09-19 07:38:04    cloglog_C2_r010_n5000      640/1000 replicates written to .part  ETA 2026-09-19 07:41 (0.05 h)
2026-09-19 07:38:07    cloglog_C2_r010_n5000      720/1000 replicates written to .part  ETA 2026-09-19 07:41 (0.05 h)
2026-09-19 07:38:09    cloglog_C2_r010_n5000      800/1000 replicates written to .part  ETA 2026-09-19 07:41 (0.05 h)
2026-09-19 07:38:11    cloglog_C2_r010_n5000      880/1000 replicates written to .part  ETA 2026-09-19 07:41 (0.05 h)
2026-09-19 07:38:13    cloglog_C2_r010_n5000      960/1000 replicates written to .part  ETA 2026-09-19 07:41 (0.05 h)
2026-09-19 07:38:14    cloglog_C2_r010_n5000      1000/1000 replicates written to .part  ETA 2026-09-19 07:41 (0.05 h)
2026-09-19 07:38:14  [78/84] cloglog_C2_r010_n5000      n=5000  k=50  kept 1000, errors 0, degenerate 0  ETA 2026-09-19 07:41 (0.05 h)
2026-09-19 07:38:14  cloglog_C3_r001_n5000: 1000 of 1000 replicates to run
2026-09-19 07:38:17    cloglog_C3_r001_n5000      80/1000 replicates written to .part  ETA 2026-09-19 07:41 (0.05 h)
2026-09-19 07:38:19    cloglog_C3_r001_n5000      160/1000 replicates written to .part  ETA 2026-09-19 07:41 (0.05 h)
2026-09-19 07:38:22    cloglog_C3_r001_n5000      240/1000 replicates written to .part  ETA 2026-09-19 07:41 (0.04 h)
2026-09-19 07:38:24    cloglog_C3_r001_n5000      320/1000 replicates written to .part  ETA 2026-09-19 07:41 (0.04 h)
2026-09-19 07:38:26    cloglog_C3_r001_n5000      400/1000 replicates written to .part  ETA 2026-09-19 07:41 (0.04 h)
2026-09-19 07:38:29    cloglog_C3_r001_n5000      480/1000 replicates written to .part  ETA 2026-09-19 07:41 (0.04 h)
2026-09-19 07:38:31    cloglog_C3_r001_n5000      560/1000 replicates written to .part  ETA 2026-09-19 07:41 (0.04 h)
2026-09-19 07:38:33    cloglog_C3_r001_n5000      640/1000 replicates written to .part  ETA 2026-09-19 07:41 (0.04 h)
2026-09-19 07:38:36    cloglog_C3_r001_n5000      720/1000 replicates written to .part  ETA 2026-09-19 07:41 (0.04 h)
2026-09-19 07:38:38    cloglog_C3_r001_n5000      800/1000 replicates written to .part  ETA 2026-09-19 07:41 (0.04 h)
2026-09-19 07:38:41    cloglog_C3_r001_n5000      880/1000 replicates written to .part  ETA 2026-09-19 07:41 (0.04 h)
2026-09-19 07:38:43    cloglog_C3_r001_n5000      960/1000 replicates written to .part  ETA 2026-09-19 07:41 (0.04 h)
2026-09-19 07:38:44    cloglog_C3_r001_n5000      1000/1000 replicates written to .part  ETA 2026-09-19 07:41 (0.04 h)
2026-09-19 07:38:44  [79/84] cloglog_C3_r001_n5000      n=5000  k=5   kept 1000, errors 0, degenerate 0  ETA 2026-09-19 07:41 (0.04 h)
2026-09-19 07:38:44  cloglog_C3_r002_n5000: 1000 of 1000 replicates to run
2026-09-19 07:38:47    cloglog_C3_r002_n5000      80/1000 replicates written to .part  ETA 2026-09-19 07:41 (0.04 h)
2026-09-19 07:38:49    cloglog_C3_r002_n5000      160/1000 replicates written to .part  ETA 2026-09-19 07:41 (0.04 h)
2026-09-19 07:38:51    cloglog_C3_r002_n5000      240/1000 replicates written to .part  ETA 2026-09-19 07:41 (0.04 h)
2026-09-19 07:38:54    cloglog_C3_r002_n5000      320/1000 replicates written to .part  ETA 2026-09-19 07:41 (0.04 h)
2026-09-19 07:38:56    cloglog_C3_r002_n5000      400/1000 replicates written to .part  ETA 2026-09-19 07:41 (0.04 h)
2026-09-19 07:38:59    cloglog_C3_r002_n5000      480/1000 replicates written to .part  ETA 2026-09-19 07:41 (0.04 h)
2026-09-19 07:39:01    cloglog_C3_r002_n5000      560/1000 replicates written to .part  ETA 2026-09-19 07:41 (0.03 h)
2026-09-19 07:39:03    cloglog_C3_r002_n5000      640/1000 replicates written to .part  ETA 2026-09-19 07:41 (0.03 h)
2026-09-19 07:39:06    cloglog_C3_r002_n5000      720/1000 replicates written to .part  ETA 2026-09-19 07:41 (0.03 h)
2026-09-19 07:39:08    cloglog_C3_r002_n5000      800/1000 replicates written to .part  ETA 2026-09-19 07:41 (0.03 h)
2026-09-19 07:39:11    cloglog_C3_r002_n5000      880/1000 replicates written to .part  ETA 2026-09-19 07:41 (0.03 h)
2026-09-19 07:39:13    cloglog_C3_r002_n5000      960/1000 replicates written to .part  ETA 2026-09-19 07:41 (0.03 h)
2026-09-19 07:39:14    cloglog_C3_r002_n5000      1000/1000 replicates written to .part  ETA 2026-09-19 07:41 (0.03 h)
2026-09-19 07:39:14  [80/84] cloglog_C3_r002_n5000      n=5000  k=10  kept 1000, errors 0, degenerate 0  ETA 2026-09-19 07:41 (0.03 h)
2026-09-19 07:39:14  cloglog_C3_r005_n5000: 1000 of 1000 replicates to run
2026-09-19 07:39:17    cloglog_C3_r005_n5000      80/1000 replicates written to .part  ETA 2026-09-19 07:41 (0.03 h)
2026-09-19 07:39:19    cloglog_C3_r005_n5000      160/1000 replicates written to .part  ETA 2026-09-19 07:41 (0.03 h)
2026-09-19 07:39:21    cloglog_C3_r005_n5000      240/1000 replicates written to .part  ETA 2026-09-19 07:41 (0.03 h)
2026-09-19 07:39:24    cloglog_C3_r005_n5000      320/1000 replicates written to .part  ETA 2026-09-19 07:41 (0.03 h)
2026-09-19 07:39:26    cloglog_C3_r005_n5000      400/1000 replicates written to .part  ETA 2026-09-19 07:41 (0.03 h)
2026-09-19 07:39:29    cloglog_C3_r005_n5000      480/1000 replicates written to .part  ETA 2026-09-19 07:41 (0.03 h)
2026-09-19 07:39:31    cloglog_C3_r005_n5000      560/1000 replicates written to .part  ETA 2026-09-19 07:41 (0.03 h)
2026-09-19 07:39:33    cloglog_C3_r005_n5000      640/1000 replicates written to .part  ETA 2026-09-19 07:41 (0.03 h)
2026-09-19 07:39:36    cloglog_C3_r005_n5000      720/1000 replicates written to .part  ETA 2026-09-19 07:41 (0.03 h)
2026-09-19 07:39:38    cloglog_C3_r005_n5000      800/1000 replicates written to .part  ETA 2026-09-19 07:41 (0.02 h)
2026-09-19 07:39:41    cloglog_C3_r005_n5000      880/1000 replicates written to .part  ETA 2026-09-19 07:41 (0.02 h)
2026-09-19 07:39:43    cloglog_C3_r005_n5000      960/1000 replicates written to .part  ETA 2026-09-19 07:41 (0.02 h)
2026-09-19 07:39:44    cloglog_C3_r005_n5000      1000/1000 replicates written to .part  ETA 2026-09-19 07:41 (0.02 h)
2026-09-19 07:39:44  [81/84] cloglog_C3_r005_n5000      n=5000  k=25  kept 1000, errors 0, degenerate 0  ETA 2026-09-19 07:41 (0.02 h)
2026-09-19 07:39:44  cloglog_C3_r010_n5000: 1000 of 1000 replicates to run
2026-09-19 07:39:47    cloglog_C3_r010_n5000      80/1000 replicates written to .part  ETA 2026-09-19 07:41 (0.02 h)
2026-09-19 07:39:49    cloglog_C3_r010_n5000      160/1000 replicates written to .part  ETA 2026-09-19 07:41 (0.02 h)
2026-09-19 07:39:51    cloglog_C3_r010_n5000      240/1000 replicates written to .part  ETA 2026-09-19 07:41 (0.02 h)
2026-09-19 07:39:54    cloglog_C3_r010_n5000      320/1000 replicates written to .part  ETA 2026-09-19 07:41 (0.02 h)
2026-09-19 07:39:56    cloglog_C3_r010_n5000      400/1000 replicates written to .part  ETA 2026-09-19 07:41 (0.02 h)
2026-09-19 07:39:59    cloglog_C3_r010_n5000      480/1000 replicates written to .part  ETA 2026-09-19 07:41 (0.02 h)
2026-09-19 07:40:01    cloglog_C3_r010_n5000      560/1000 replicates written to .part  ETA 2026-09-19 07:41 (0.02 h)
2026-09-19 07:40:03    cloglog_C3_r010_n5000      640/1000 replicates written to .part  ETA 2026-09-19 07:41 (0.02 h)
2026-09-19 07:40:06    cloglog_C3_r010_n5000      720/1000 replicates written to .part  ETA 2026-09-19 07:41 (0.02 h)
2026-09-19 07:40:08    cloglog_C3_r010_n5000      800/1000 replicates written to .part  ETA 2026-09-19 07:41 (0.02 h)
2026-09-19 07:40:11    cloglog_C3_r010_n5000      880/1000 replicates written to .part  ETA 2026-09-19 07:41 (0.02 h)
2026-09-19 07:40:13    cloglog_C3_r010_n5000      960/1000 replicates written to .part  ETA 2026-09-19 07:41 (0.02 h)
2026-09-19 07:40:14    cloglog_C3_r010_n5000      1000/1000 replicates written to .part  ETA 2026-09-19 07:41 (0.02 h)
2026-09-19 07:40:14  [82/84] cloglog_C3_r010_n5000      n=5000  k=50  kept 1000, errors 0, degenerate 0  ETA 2026-09-19 07:41 (0.02 h)
2026-09-19 07:40:14  cloglog_C4_r005_n5000: 1000 of 1000 replicates to run
2026-09-19 07:40:17    cloglog_C4_r005_n5000      80/1000 replicates written to .part  ETA 2026-09-19 07:41 (0.01 h)
2026-09-19 07:40:19    cloglog_C4_r005_n5000      160/1000 replicates written to .part  ETA 2026-09-19 07:41 (0.01 h)
2026-09-19 07:40:21    cloglog_C4_r005_n5000      240/1000 replicates written to .part  ETA 2026-09-19 07:41 (0.01 h)
2026-09-19 07:40:24    cloglog_C4_r005_n5000      320/1000 replicates written to .part  ETA 2026-09-19 07:41 (0.01 h)
2026-09-19 07:40:26    cloglog_C4_r005_n5000      400/1000 replicates written to .part  ETA 2026-09-19 07:41 (0.01 h)
2026-09-19 07:40:28    cloglog_C4_r005_n5000      480/1000 replicates written to .part  ETA 2026-09-19 07:41 (0.01 h)
2026-09-19 07:40:31    cloglog_C4_r005_n5000      560/1000 replicates written to .part  ETA 2026-09-19 07:41 (0.01 h)
2026-09-19 07:40:33    cloglog_C4_r005_n5000      640/1000 replicates written to .part  ETA 2026-09-19 07:41 (0.01 h)
2026-09-19 07:40:36    cloglog_C4_r005_n5000      720/1000 replicates written to .part  ETA 2026-09-19 07:41 (0.01 h)
2026-09-19 07:40:38    cloglog_C4_r005_n5000      800/1000 replicates written to .part  ETA 2026-09-19 07:41 (0.01 h)
2026-09-19 07:40:41    cloglog_C4_r005_n5000      880/1000 replicates written to .part  ETA 2026-09-19 07:41 (0.01 h)
2026-09-19 07:40:43    cloglog_C4_r005_n5000      960/1000 replicates written to .part  ETA 2026-09-19 07:41 (0.01 h)
2026-09-19 07:40:44    cloglog_C4_r005_n5000      1000/1000 replicates written to .part  ETA 2026-09-19 07:41 (0.01 h)
2026-09-19 07:40:44  [83/84] cloglog_C4_r005_n5000      n=5000  k=25  kept 1000, errors 0, degenerate 0  ETA 2026-09-19 07:41 (0.01 h)
2026-09-19 07:40:44  cloglog_clean_n5000: 1000 of 1000 replicates to run
2026-09-19 07:40:47    cloglog_clean_n5000        80/1000 replicates written to .part  ETA 2026-09-19 07:41 (0.01 h)
2026-09-19 07:40:49    cloglog_clean_n5000        160/1000 replicates written to .part  ETA 2026-09-19 07:41 (0.01 h)
2026-09-19 07:40:51    cloglog_clean_n5000        240/1000 replicates written to .part  ETA 2026-09-19 07:41 (0.01 h)
2026-09-19 07:40:54    cloglog_clean_n5000        320/1000 replicates written to .part  ETA 2026-09-19 07:41 (0.01 h)
2026-09-19 07:40:56    cloglog_clean_n5000        400/1000 replicates written to .part  ETA 2026-09-19 07:41 (0.00 h)
2026-09-19 07:40:59    cloglog_clean_n5000        480/1000 replicates written to .part  ETA 2026-09-19 07:41 (0.00 h)
2026-09-19 07:41:01    cloglog_clean_n5000        560/1000 replicates written to .part  ETA 2026-09-19 07:41 (0.00 h)
2026-09-19 07:41:03    cloglog_clean_n5000        640/1000 replicates written to .part  ETA 2026-09-19 07:41 (0.00 h)
2026-09-19 07:41:06    cloglog_clean_n5000        720/1000 replicates written to .part  ETA 2026-09-19 07:41 (0.00 h)
2026-09-19 07:41:08    cloglog_clean_n5000        800/1000 replicates written to .part  ETA 2026-09-19 07:41 (0.00 h)
2026-09-19 07:41:11    cloglog_clean_n5000        880/1000 replicates written to .part  ETA 2026-09-19 07:41 (0.00 h)
2026-09-19 07:41:13    cloglog_clean_n5000        960/1000 replicates written to .part  ETA 2026-09-19 07:41 (0.00 h)
2026-09-19 07:41:14    cloglog_clean_n5000        1000/1000 replicates written to .part  ETA 2026-09-19 07:41 (0.00 h)
2026-09-19 07:41:14  [84/84] cloglog_clean_n5000        n=5000  k=0   kept 1000, errors 0, degenerate 0  ETA 2026-09-19 07:41 (0.00 h)
2026-09-19 07:41:14  block 9 finished
