block,cell,role,null_cell,n,subset,B,test,alpha,rejection,mcse,size_adj_power,null_size,declined,rejection_given_p,status
1b,null_base_n610,null,,610,all,2000,flag.evlt.G10,,0,,,,0,,flag rate: share of replicates with the flag = 1
1b,null_base_n610,null,,610,all,2000,flag.evlt.Grule,,0,,,,0,,flag rate: share of replicates with the flag = 1
1b,null_base_n610,null,,610,all,2000,flag.stk_half0,,0,,,,0,,flag rate: share of replicates with the flag = 1
1b,null_base_n610,null,,610,all,2000,flag.stk_diag,,0,,,,0,,flag rate: share of replicates with the flag = 1
1b,null_base_n610,null,,610,all,2000,flag.rivals_run,,1,,,,0,,flag rate: share of replicates with the flag = 1
1b,null_base_n610,null,,610,all,2000,flag.degenerate,,0,,,,0,,flag rate: share of replicates with the flag = 1
1b,null_base_n610,null,,610,all,2000,flag.info_guard,,0,,,,0,,flag rate: share of replicates with the flag = 1
1b,null_base_n610,null,,610,all,2000,flag.rep_error,,0,,,,0,,flag rate: share of replicates with the flag = 1
1b,null_base_n610,null,,610,all,2000,EDGE.poly3.u.G10,0.01,0.0105,0.00227922684259378,,,0,0.0105,""
1b,null_base_n610,null,,610,all,2000,EDGE.poly3.u.G10,0.05,0.05,0.00487339717240448,,,0,0.05,""
1b,null_base_n610,null,,610,all,2000,EDGE.poly3.u.G10,0.1,0.0915,0.00644700511865781,,,0,0.0915,""
1b,null_base_n610,null,,610,all,2000,EDGE.poly3.sc.G10,0.01,0.01,0.0022248595461287,,,0,0.01,""
1b,null_base_n610,null,,610,all,2000,EDGE.poly3.sc.G10,0.05,0.0505,0.00489641450451246,,,0,0.0505,""
1b,null_base_n610,null,,610,all,2000,EDGE.poly3.sc.G10,0.1,0.096,0.00658726043207645,,,0,0.096,""
1b,null_base_n610,null,,610,all,2000,EDGE.poly2.u.G10,0.01,0.009,0.00211175282644537,,,0,0.009,""
1b,null_base_n610,null,,610,all,2000,EDGE.poly2.u.G10,0.05,0.039,0.00432891441356837,,,0,0.039,""
1b,null_base_n610,null,,610,all,2000,EDGE.poly2.u.G10,0.1,0.087,0.0063020234845643,,,0,0.087,""
1b,null_base_n610,null,,610,all,2000,EDGE.poly2.sc.G10,0.01,0.008,0.0019919839356782,,,0,0.008,""
1b,null_base_n610,null,,610,all,2000,EDGE.poly2.sc.G10,0.05,0.0415,0.00445969449626317,,,0,0.0415,""
1b,null_base_n610,null,,610,all,2000,EDGE.poly2.sc.G10,0.1,0.0865,0.00628560856242258,,,0,0.0865,""
1b,null_base_n610,null,,610,all,2000,EDGE.stk.u.G10,0.01,0.0105,0.00227922684259378,,,0,0.0105,""
1b,null_base_n610,null,,610,all,2000,EDGE.stk.u.G10,0.05,0.0435,0.00456112650559048,,,0,0.0435,""
1b,null_base_n610,null,,610,all,2000,EDGE.stk.u.G10,0.1,0.0875,0.00631837597805006,,,0,0.0875,""
1b,null_base_n610,null,,610,all,2000,EDGE.stk.sc.G10,0.01,0.0105,0.00227922684259378,,,0,0.0105,""
1b,null_base_n610,null,,610,all,2000,EDGE.stk.sc.G10,0.05,0.0515,0.00494205169944629,,,0,0.0515,""
1b,null_base_n610,null,,610,all,2000,EDGE.stk.sc.G10,0.1,0.0975,0.00663301402079025,,,0,0.0975,""
1b,null_base_n610,null,,610,all,2000,EDGE.sym.u.G10,0.01,0.0095,0.00216907238237916,,,0,0.0095,""
1b,null_base_n610,null,,610,all,2000,EDGE.sym.u.G10,0.05,0.042,0.00448530935387962,,,0,0.042,""
1b,null_base_n610,null,,610,all,2000,EDGE.sym.u.G10,0.1,0.094,0.00652548848746207,,,0,0.094,""
1b,null_base_n610,null,,610,all,2000,EDGE.sym.sc.G10,0.01,0.011,0.00233227356885937,,,0,0.011,""
1b,null_base_n610,null,,610,all,2000,EDGE.sym.sc.G10,0.05,0.046,0.00468422885862764,,,0,0.046,""
1b,null_base_n610,null,,610,all,2000,EDGE.sym.sc.G10,0.1,0.0975,0.00663301402079025,,,0,0.0975,""
1b,null_base_n610,null,,610,all,2000,EDGE.poly3.u.Grule,0.01,0.01,0.0022248595461287,,,0,0.01,""
1b,null_base_n610,null,,610,all,2000,EDGE.poly3.u.Grule,0.05,0.0455,0.00465992220965114,,,0,0.0455,""
1b,null_base_n610,null,,610,all,2000,EDGE.poly3.u.Grule,0.1,0.091,0.00643113520305708,,,0,0.091,""
1b,null_base_n610,null,,610,all,2000,EDGE.poly3.sc.Grule,0.01,0.008,0.0019919839356782,,,0,0.008,""
1b,null_base_n610,null,,610,all,2000,EDGE.poly3.sc.Grule,0.05,0.0475,0.00475624589355933,,,0,0.0475,""
1b,null_base_n610,null,,610,all,2000,EDGE.poly3.sc.Grule,0.1,0.0915,0.00644700511865781,,,0,0.0915,""
1b,null_base_n610,null,,610,all,2000,EDGE.poly2.u.Grule,0.01,0.008,0.0019919839356782,,,0,0.008,""
1b,null_base_n610,null,,610,all,2000,EDGE.poly2.u.Grule,0.05,0.0445,0.00461084319837489,,,0,0.0445,""
1b,null_base_n610,null,,610,all,2000,EDGE.poly2.u.Grule,0.1,0.0975,0.00663301402079025,,,0,0.0975,""
1b,null_base_n610,null,,610,all,2000,EDGE.poly2.sc.Grule,0.01,0.009,0.00211175282644537,,,0,0.009,""
1b,null_base_n610,null,,610,all,2000,EDGE.poly2.sc.Grule,0.05,0.047,0.00473238840333293,,,0,0.047,""
1b,null_base_n610,null,,610,all,2000,EDGE.poly2.sc.Grule,0.1,0.096,0.00658726043207645,,,0,0.096,""
1b,null_base_n610,null,,610,all,2000,EDGE.stk.u.Grule,0.01,0.015,0.00271799558498538,,,0,0.015,""
1b,null_base_n610,null,,610,all,2000,EDGE.stk.u.Grule,0.05,0.0415,0.00445969449626317,,,0,0.0415,""
1b,null_base_n610,null,,610,all,2000,EDGE.stk.u.Grule,0.1,0.091,0.00643113520305708,,,0,0.091,""
1b,null_base_n610,null,,610,all,2000,EDGE.stk.sc.Grule,0.01,0.011,0.00233227356885937,,,0,0.011,""
1b,null_base_n610,null,,610,all,2000,EDGE.stk.sc.Grule,0.05,0.047,0.00473238840333293,,,0,0.047,""
1b,null_base_n610,null,,610,all,2000,EDGE.stk.sc.Grule,0.1,0.0995,0.00669327087454258,,,0,0.0995,""
1b,null_base_n610,null,,610,all,2000,EDGE.sym.u.Grule,0.01,0.011,0.00233227356885937,,,0,0.011,""
1b,null_base_n610,null,,610,all,2000,EDGE.sym.u.Grule,0.05,0.0465,0.00470838348055891,,,0,0.0465,""
1b,null_base_n610,null,,610,all,2000,EDGE.sym.u.Grule,0.1,0.098,0.00664815763952691,,,0,0.098,""
1b,null_base_n610,null,,610,all,2000,EDGE.sym.sc.Grule,0.01,0.0115,0.0023840878758972,,,0,0.0115,""
1b,null_base_n610,null,,610,all,2000,EDGE.sym.sc.Grule,0.05,0.0495,0.0048502448391808,,,0,0.0495,""
1b,null_base_n610,null,,610,all,2000,EDGE.sym.sc.Grule,0.1,0.0935,0.00650990591329859,,,0,0.0935,""
1b,null_base_n610,null,,610,all,2000,HL.G10,0.01,0.011,0.00233227356885937,,,0,0.011,""
1b,null_base_n610,null,,610,all,2000,HL.G10,0.05,0.0525,0.00498717104178311,,,0,0.0525,""
1b,null_base_n610,null,,610,all,2000,HL.G10,0.1,0.098,0.00664815763952691,,,0,0.098,""
1b,null_base_n610,null,,610,all,2000,HL.Grule,0.01,0.0105,0.00227922684259378,,,0,0.0105,""
1b,null_base_n610,null,,610,all,2000,HL.Grule,0.05,0.0535,0.00503178646208283,,,0,0.0535,""
1b,null_base_n610,null,,610,all,2000,HL.Grule,0.1,0.0995,0.00669327087454258,,,0,0.0995,""
1b,null_base_n610,null,,610,all,2000,HLF.G10,0.01,0.0115,0.0023840878758972,,,0,0.0115,""
1b,null_base_n610,null,,610,all,2000,HLF.G10,0.05,0.052,0.00496467521596328,,,0,0.052,""
1b,null_base_n610,null,,610,all,2000,HLF.G10,0.1,0.0965,0.00660256578914591,,,0,0.0965,""
1b,null_base_n610,null,,610,all,2000,HLF.Grule,0.01,0.009,0.00211175282644537,,,0,0.009,""
1b,null_base_n610,null,,610,all,2000,HLF.Grule,0.05,0.051,0.00491929873051028,,,0,0.051,""
1b,null_base_n610,null,,610,all,2000,HLF.Grule,0.1,0.1045,0.00684031249286171,,,0,0.1045,""
1b,null_base_n610,null,,610,all,2000,Stk.joint,0.01,0.0105,0.00227922684259378,,,0,0.0105,""
1b,null_base_n610,null,,610,all,2000,Stk.joint,0.05,0.049,0.00482695556225661,,,0,0.049,""
1b,null_base_n610,null,,610,all,2000,Stk.joint,0.1,0.0925,0.00647857044416436,,,0,0.0925,""
1b,null_base_n610,null,,610,all,2000,Stk.LR,0.01,0.013,0.00253288373203351,,,0,0.013,""
1b,null_base_n610,null,,610,all,2000,Stk.LR,0.05,0.048,0.00477995815881269,,,0,0.048,""
1b,null_base_n610,null,,610,all,2000,Stk.LR,0.1,0.0935,0.00650990591329859,,,0,0.0935,""
1b,null_base_n610,null,,610,all,2000,Stk.sym1,0.01,0.011,0.00233227356885937,,,0,0.011,""
1b,null_base_n610,null,,610,all,2000,Stk.sym1,0.05,0.0475,0.00475624589355933,,,0,0.0475,""
1b,null_base_n610,null,,610,all,2000,Stk.sym1,0.1,0.0895,0.00638317123379908,,,0,0.0895,""
1b,null_base_n610,null,,610,all,2000,Stk.marg,0.01,0.019,0.00305278561317365,,,0,0.019,""
1b,null_base_n610,null,,610,all,2000,Stk.marg,0.05,0.0655,0.00553216729681958,,,0,0.0655,""
1b,null_base_n610,null,,610,all,2000,Stk.marg,0.1,0.11,0.00699642765988472,,,0,0.11,""
1b,null_base_n610,null,,610,all,2000,GiViTI,0.01,0.007,0.00186426929385215,,,0,0.007,""
1b,null_base_n610,null,,610,all,2000,GiViTI,0.05,0.042,0.00448530935387962,,,0,0.042,""
1b,null_base_n610,null,,610,all,2000,GiViTI,0.1,0.0995,0.00669327087454258,,,0,0.0995,""
1b,null_base_n610,null,,610,all,2000,GiViTI.t50,0.01,0.007,0.00186426929385215,,,0,0.007,""
1b,null_base_n610,null,,610,all,2000,GiViTI.t50,0.05,0.0485,0.00480352734977121,,,0,0.0485,""
1b,null_base_n610,null,,610,all,2000,GiViTI.t50,0.1,0.099,0.00667828570817392,,,0,0.099,""
1b,null_base_n610,null,,610,all,2000,Cubic.LR,0.01,0.0135,0.00258047960658479,,,0,0.0135,""
1b,null_base_n610,null,,610,all,2000,Cubic.LR,0.05,0.044,0.00458606585212206,,,0,0.044,""
1b,null_base_n610,null,,610,all,2000,Cubic.LR,0.1,0.088,0.00633466652634533,,,0,0.088,""
1b,null_base_n610,null,,610,all,2000,HL_w,0.01,0.009,0.00211175282644537,,,0,0.009,""
1b,null_base_n610,null,,610,all,2000,HL_w,0.05,0.04,0.00438178046004133,,,0,0.04,""
1b,null_base_n610,null,,610,all,2000,HL_w,0.1,0.093,0.00649426670225361,,,0,0.093,""
1b,null_base_n610,null,,610,all,2000,PH,0.01,0.007,0.00186426929385215,,,0,0.007,""
1b,null_base_n610,null,,610,all,2000,PH,0.05,0.0335,0.00402354010791492,,,0,0.0335,""
1b,null_base_n610,null,,610,all,2000,PH,0.1,0.0685,0.00564835152942874,,,0,0.0685,""
1b,null_base_n610,null,,610,all,2000,Tsiatis,0.01,0.0065,0.00179690706493129,,,0,0.0065,""
1b,null_base_n610,null,,610,all,2000,Tsiatis,0.05,0.0415,0.00445969449626317,,,0,0.0415,""
1b,null_base_n610,null,,610,all,2000,Tsiatis,0.1,0.095,0.0065564853389602,,,0,0.095,""
1b,null_base_n610,null,,610,all,2000,Xie,0.01,0.0045,0.00149662119455793,,,0,0.0045,""
1b,null_base_n610,null,,610,all,2000,Xie,0.05,0.026,0.00355837041354607,,,0,0.026,""
1b,null_base_n610,null,,610,all,2000,Xie,0.1,0.062,0.00539240206216117,,,0,0.062,""
1b,null_base_n610,null,,610,all,2000,PR,0.01,0.0125,0.00248432586429397,,,0,0.0125,""
1b,null_base_n610,null,,610,all,2000,PR,0.05,0.0565,0.00516273909857936,,,0,0.0565,""
1b,null_base_n610,null,,610,all,2000,PR,0.1,0.1235,0.00735689302627135,,,0,0.1235,""
1b,null_base_n1000,null,,1000,all,2000,flag.evlt.G10,,0,,,,0,,flag rate: share of replicates with the flag = 1
1b,null_base_n1000,null,,1000,all,2000,flag.evlt.Grule,,0,,,,0,,flag rate: share of replicates with the flag = 1
1b,null_base_n1000,null,,1000,all,2000,flag.stk_half0,,0,,,,0,,flag rate: share of replicates with the flag = 1
1b,null_base_n1000,null,,1000,all,2000,flag.stk_diag,,0,,,,0,,flag rate: share of replicates with the flag = 1
1b,null_base_n1000,null,,1000,all,2000,flag.rivals_run,,1,,,,0,,flag rate: share of replicates with the flag = 1
1b,null_base_n1000,null,,1000,all,2000,flag.degenerate,,0,,,,0,,flag rate: share of replicates with the flag = 1
1b,null_base_n1000,null,,1000,all,2000,flag.info_guard,,0,,,,0,,flag rate: share of replicates with the flag = 1
1b,null_base_n1000,null,,1000,all,2000,flag.rep_error,,0,,,,0,,flag rate: share of replicates with the flag = 1
1b,null_base_n1000,null,,1000,all,2000,EDGE.poly3.u.G10,0.01,0.0155,0.00276222283677476,,,0,0.0155,""
1b,null_base_n1000,null,,1000,all,2000,EDGE.poly3.u.G10,0.05,0.056,0.00514120608417908,,,0,0.056,""
1b,null_base_n1000,null,,1000,all,2000,EDGE.poly3.u.G10,0.1,0.1065,0.00689774419647467,,,0,0.1065,""
1b,null_base_n1000,null,,1000,all,2000,EDGE.poly3.sc.G10,0.01,0.015,0.00271799558498538,,,0,0.015,""
1b,null_base_n1000,null,,1000,all,2000,EDGE.poly3.sc.G10,0.05,0.06,0.0053103672189407,,,0,0.06,""
1b,null_base_n1000,null,,1000,all,2000,EDGE.poly3.sc.G10,0.1,0.111,0.00702420814042409,,,0,0.111,""
1b,null_base_n1000,null,,1000,all,2000,EDGE.poly2.u.G10,0.01,0.008,0.0019919839356782,,,0,0.008,""
1b,null_base_n1000,null,,1000,all,2000,EDGE.poly2.u.G10,0.05,0.0475,0.00475624589355933,,,0,0.0475,""
1b,null_base_n1000,null,,1000,all,2000,EDGE.poly2.u.G10,0.1,0.094,0.00652548848746207,,,0,0.094,""
1b,null_base_n1000,null,,1000,all,2000,EDGE.poly2.sc.G10,0.01,0.0115,0.0023840878758972,,,0,0.0115,""
1b,null_base_n1000,null,,1000,all,2000,EDGE.poly2.sc.G10,0.05,0.0535,0.00503178646208283,,,0,0.0535,""
1b,null_base_n1000,null,,1000,all,2000,EDGE.poly2.sc.G10,0.1,0.1065,0.00689774419647467,,,0,0.1065,""
1b,null_base_n1000,null,,1000,all,2000,EDGE.stk.u.G10,0.01,0.0125,0.00248432586429397,,,0,0.0125,""
1b,null_base_n1000,null,,1000,all,2000,EDGE.stk.u.G10,0.05,0.057,0.00518415856238985,,,0,0.057,""
1b,null_base_n1000,null,,1000,all,2000,EDGE.stk.u.G10,0.1,0.099,0.00667828570817392,,,0,0.099,""
1b,null_base_n1000,null,,1000,all,2000,EDGE.stk.sc.G10,0.01,0.0145,0.00267298989897081,,,0,0.0145,""
1b,null_base_n1000,null,,1000,all,2000,EDGE.stk.sc.G10,0.05,0.0585,0.0052477495176504,,,0,0.0585,""
1b,null_base_n1000,null,,1000,all,2000,EDGE.stk.sc.G10,0.1,0.1095,0.00698246911915835,,,0,0.1095,""
1b,null_base_n1000,null,,1000,all,2000,EDGE.sym.u.G10,0.01,0.011,0.00233227356885937,,,0,0.011,""
1b,null_base_n1000,null,,1000,all,2000,EDGE.sym.u.G10,0.05,0.047,0.00473238840333293,,,0,0.047,""
1b,null_base_n1000,null,,1000,all,2000,EDGE.sym.u.G10,0.1,0.0925,0.00647857044416436,,,0,0.0925,""
1b,null_base_n1000,null,,1000,all,2000,EDGE.sym.sc.G10,0.01,0.01,0.0022248595461287,,,0,0.01,""
1b,null_base_n1000,null,,1000,all,2000,EDGE.sym.sc.G10,0.05,0.051,0.00491929873051028,,,0,0.051,""
1b,null_base_n1000,null,,1000,all,2000,EDGE.sym.sc.G10,0.1,0.094,0.00652548848746207,,,0,0.094,""
1b,null_base_n1000,null,,1000,all,2000,EDGE.poly3.u.Grule,0.01,0.0115,0.0023840878758972,,,0,0.0115,""
1b,null_base_n1000,null,,1000,all,2000,EDGE.poly3.u.Grule,0.05,0.0555,0.00511955808639769,,,0,0.0555,""
1b,null_base_n1000,null,,1000,all,2000,EDGE.poly3.u.Grule,0.1,0.101,0.00673791510780598,,,0,0.101,""
1b,null_base_n1000,null,,1000,all,2000,EDGE.poly3.sc.Grule,0.01,0.0085,0.00205277251540447,,,0,0.0085,""
1b,null_base_n1000,null,,1000,all,2000,EDGE.poly3.sc.Grule,0.05,0.0545,0.00507591124823908,,,0,0.0545,""
1b,null_base_n1000,null,,1000,all,2000,EDGE.poly3.sc.Grule,0.1,0.108,0.0069403169956422,,,0,0.108,""
1b,null_base_n1000,null,,1000,all,2000,EDGE.poly2.u.Grule,0.01,0.007,0.00186426929385215,,,0,0.007,""
1b,null_base_n1000,null,,1000,all,2000,EDGE.poly2.u.Grule,0.05,0.045,0.00463546114210873,,,0,0.045,""
1b,null_base_n1000,null,,1000,all,2000,EDGE.poly2.u.Grule,0.1,0.0945,0.00654101482951996,,,0,0.0945,""
1b,null_base_n1000,null,,1000,all,2000,EDGE.poly2.sc.Grule,0.01,0.0105,0.00227922684259378,,,0,0.0105,""
1b,null_base_n1000,null,,1000,all,2000,EDGE.poly2.sc.Grule,0.05,0.0535,0.00503178646208283,,,0,0.0535,""
1b,null_base_n1000,null,,1000,all,2000,EDGE.poly2.sc.Grule,0.1,0.109,0.00696846468025777,,,0,0.109,""
1b,null_base_n1000,null,,1000,all,2000,EDGE.stk.u.Grule,0.01,0.011,0.00233227356885937,,,0,0.011,""
1b,null_base_n1000,null,,1000,all,2000,EDGE.stk.u.Grule,0.05,0.0555,0.00511955808639769,,,0,0.0555,""
1b,null_base_n1000,null,,1000,all,2000,EDGE.stk.u.Grule,0.1,0.107,0.0069119823495145,,,0,0.107,""
1b,null_base_n1000,null,,1000,all,2000,EDGE.stk.sc.Grule,0.01,0.0095,0.00216907238237916,,,0,0.0095,""
1b,null_base_n1000,null,,1000,all,2000,EDGE.stk.sc.Grule,0.05,0.054,0.00505390937789747,,,0,0.054,""
1b,null_base_n1000,null,,1000,all,2000,EDGE.stk.sc.Grule,0.1,0.101,0.00673791510780598,,,0,0.101,""
1b,null_base_n1000,null,,1000,all,2000,EDGE.sym.u.Grule,0.01,0.01,0.0022248595461287,,,0,0.01,""
1b,null_base_n1000,null,,1000,all,2000,EDGE.sym.u.Grule,0.05,0.057,0.00518415856238985,,,0,0.057,""
1b,null_base_n1000,null,,1000,all,2000,EDGE.sym.u.Grule,0.1,0.1095,0.00698246911915835,,,0,0.1095,""
1b,null_base_n1000,null,,1000,all,2000,EDGE.sym.sc.Grule,0.01,0.0105,0.00227922684259378,,,0,0.0105,""
1b,null_base_n1000,null,,1000,all,2000,EDGE.sym.sc.Grule,0.05,0.0535,0.00503178646208283,,,0,0.0535,""
1b,null_base_n1000,null,,1000,all,2000,EDGE.sym.sc.Grule,0.1,0.11,0.00699642765988472,,,0,0.11,""
1b,null_base_n1000,null,,1000,all,2000,HL.G10,0.01,0.012,0.00243474844696531,,,0,0.012,""
1b,null_base_n1000,null,,1000,all,2000,HL.G10,0.05,0.0515,0.00494205169944629,,,0,0.0515,""
1b,null_base_n1000,null,,1000,all,2000,HL.G10,0.1,0.1025,0.00678209960115597,,,0,0.1025,""
1b,null_base_n1000,null,,1000,all,2000,HL.Grule,0.01,0.008,0.0019919839356782,,,0,0.008,""
1b,null_base_n1000,null,,1000,all,2000,HL.Grule,0.05,0.0485,0.00480352734977121,,,0,0.0485,""
1b,null_base_n1000,null,,1000,all,2000,HL.Grule,0.1,0.1,0.00670820393249937,,,0,0.1,""
1b,null_base_n1000,null,,1000,all,2000,HLF.G10,0.01,0.0125,0.00248432586429397,,,0,0.0125,""
1b,null_base_n1000,null,,1000,all,2000,HLF.G10,0.05,0.052,0.00496467521596328,,,0,0.052,""
1b,null_base_n1000,null,,1000,all,2000,HLF.G10,0.1,0.102,0.00676742196113114,,,0,0.102,""
1b,null_base_n1000,null,,1000,all,2000,HLF.Grule,0.01,0.0085,0.00205277251540447,,,0,0.0085,""
1b,null_base_n1000,null,,1000,all,2000,HLF.Grule,0.05,0.0485,0.00480352734977121,,,0,0.0485,""
1b,null_base_n1000,null,,1000,all,2000,HLF.Grule,0.1,0.1015,0.00675269390687894,,,0,0.1015,""
1b,null_base_n1000,null,,1000,all,2000,Stk.joint,0.01,0.012,0.00243474844696531,,,0,0.012,""
1b,null_base_n1000,null,,1000,all,2000,Stk.joint,0.05,0.052,0.00496467521596328,,,0,0.052,""
1b,null_base_n1000,null,,1000,all,2000,Stk.joint,0.1,0.1025,0.00678209960115597,,,0,0.1025,""
1b,null_base_n1000,null,,1000,all,2000,Stk.LR,0.01,0.011,0.00233227356885937,,,0,0.011,""
1b,null_base_n1000,null,,1000,all,2000,Stk.LR,0.05,0.0555,0.00511955808639769,,,0,0.0555,""
1b,null_base_n1000,null,,1000,all,2000,Stk.LR,0.1,0.1095,0.00698246911915835,,,0,0.1095,""
1b,null_base_n1000,null,,1000,all,2000,Stk.sym1,0.01,0.0105,0.00227922684259378,,,0,0.0105,""
1b,null_base_n1000,null,,1000,all,2000,Stk.sym1,0.05,0.055,0.00509779364038993,,,0,0.055,""
1b,null_base_n1000,null,,1000,all,2000,Stk.sym1,0.1,0.1105,0.00701034057660539,,,0,0.1105,""
1b,null_base_n1000,null,,1000,all,2000,Stk.marg,0.01,0.0205,0.00316857617866448,,,0,0.0205,""
1b,null_base_n1000,null,,1000,all,2000,Stk.marg,0.05,0.0655,0.00553216729681958,,,0,0.0655,""
1b,null_base_n1000,null,,1000,all,2000,Stk.marg,0.1,0.1065,0.00689774419647467,,,0,0.1065,""
1b,null_base_n1000,null,,1000,all,2000,GiViTI,0.01,0.0095,0.00216907238237916,,,0,0.0095,""
1b,null_base_n1000,null,,1000,all,2000,GiViTI,0.05,0.0445,0.00461084319837489,,,0,0.0445,""
1b,null_base_n1000,null,,1000,all,2000,GiViTI,0.1,0.0915,0.00644700511865781,,,0,0.0915,""
1b,null_base_n1000,null,,1000,all,2000,GiViTI.t50,0.01,0.01,0.0022248595461287,,,0,0.01,""
1b,null_base_n1000,null,,1000,all,2000,GiViTI.t50,0.05,0.0475,0.00475624589355933,,,0,0.0475,""
1b,null_base_n1000,null,,1000,all,2000,GiViTI.t50,0.1,0.0935,0.00650990591329859,,,0,0.0935,""
1b,null_base_n1000,null,,1000,all,2000,Cubic.LR,0.01,0.008,0.0019919839356782,,,0,0.008,""
1b,null_base_n1000,null,,1000,all,2000,Cubic.LR,0.05,0.0535,0.00503178646208283,,,0,0.0535,""
1b,null_base_n1000,null,,1000,all,2000,Cubic.LR,0.1,0.105,0.00685474288358068,,,0,0.105,""
1b,null_base_n1000,null,,1000,all,2000,HL_w,0.01,0.0085,0.00205277251540447,,,0,0.0085,""
1b,null_base_n1000,null,,1000,all,2000,HL_w,0.05,0.05,0.00487339717240448,,,0,0.05,""
1b,null_base_n1000,null,,1000,all,2000,HL_w,0.1,0.101,0.00673791510780598,,,0,0.101,""
1b,null_base_n1000,null,,1000,all,2000,PH,0.01,0.006,0.0017268468374468,,,0,0.006,""
1b,null_base_n1000,null,,1000,all,2000,PH,0.05,0.0355,0.00413761706783023,,,0,0.0355,""
1b,null_base_n1000,null,,1000,all,2000,PH,0.1,0.0675,0.00560997994648822,,,0,0.0675,""
1b,null_base_n1000,null,,1000,all,2000,Tsiatis,0.01,0.0145,0.00267298989897081,,,0,0.0145,""
1b,null_base_n1000,null,,1000,all,2000,Tsiatis,0.05,0.058,0.00522666241496426,,,0,0.058,""
1b,null_base_n1000,null,,1000,all,2000,Tsiatis,0.1,0.11,0.00699642765988472,,,0,0.11,""
1b,null_base_n1000,null,,1000,all,2000,Xie,0.01,0.0085,0.00205277251540447,,,0,0.0085,""
1b,null_base_n1000,null,,1000,all,2000,Xie,0.05,0.0325,0.00396508196636589,,,0,0.0325,""
1b,null_base_n1000,null,,1000,all,2000,Xie,0.1,0.071,0.00574277807337181,,,0,0.071,""
1b,null_base_n1000,null,,1000,all,2000,PR,0.01,0.01,0.0022248595461287,,,0,0.01,""
1b,null_base_n1000,null,,1000,all,2000,PR,0.05,0.0625,0.00541265877365274,,,0,0.0625,""
1b,null_base_n1000,null,,1000,all,2000,PR,0.1,0.124,0.00736966756373719,,,0,0.124,""
1b,null_base_n2400,null,,2400,all,2000,flag.evlt.G10,,0,,,,0,,flag rate: share of replicates with the flag = 1
1b,null_base_n2400,null,,2400,all,2000,flag.evlt.Grule,,0,,,,0,,flag rate: share of replicates with the flag = 1
1b,null_base_n2400,null,,2400,all,2000,flag.stk_half0,,0,,,,0,,flag rate: share of replicates with the flag = 1
1b,null_base_n2400,null,,2400,all,2000,flag.stk_diag,,0,,,,0,,flag rate: share of replicates with the flag = 1
1b,null_base_n2400,null,,2400,all,2000,flag.rivals_run,,1,,,,0,,flag rate: share of replicates with the flag = 1
1b,null_base_n2400,null,,2400,all,2000,flag.degenerate,,0,,,,0,,flag rate: share of replicates with the flag = 1
1b,null_base_n2400,null,,2400,all,2000,flag.info_guard,,0,,,,0,,flag rate: share of replicates with the flag = 1
1b,null_base_n2400,null,,2400,all,2000,flag.rep_error,,0,,,,0,,flag rate: share of replicates with the flag = 1
1b,null_base_n2400,null,,2400,all,2000,EDGE.poly3.u.G10,0.01,0.0095,0.00216907238237916,,,0,0.0095,""
1b,null_base_n2400,null,,2400,all,2000,EDGE.poly3.u.G10,0.05,0.048,0.00477995815881269,,,0,0.048,""
1b,null_base_n2400,null,,2400,all,2000,EDGE.poly3.u.G10,0.1,0.099,0.00667828570817392,,,0,0.099,""
1b,null_base_n2400,null,,2400,all,2000,EDGE.poly3.sc.G10,0.01,0.0065,0.00179690706493129,,,0,0.0065,""
1b,null_base_n2400,null,,2400,all,2000,EDGE.poly3.sc.G10,0.05,0.04,0.00438178046004133,,,0,0.04,""
1b,null_base_n2400,null,,2400,all,2000,EDGE.poly3.sc.G10,0.1,0.0915,0.00644700511865781,,,0,0.0915,""
1b,null_base_n2400,null,,2400,all,2000,EDGE.poly2.u.G10,0.01,0.0075,0.00192921616207205,,,0,0.0075,""
1b,null_base_n2400,null,,2400,all,2000,EDGE.poly2.u.G10,0.05,0.054,0.00505390937789747,,,0,0.054,""
1b,null_base_n2400,null,,2400,all,2000,EDGE.poly2.u.G10,0.1,0.1045,0.00684031249286171,,,0,0.1045,""
1b,null_base_n2400,null,,2400,all,2000,EDGE.poly2.sc.G10,0.01,0.0065,0.00179690706493129,,,0,0.0065,""
1b,null_base_n2400,null,,2400,all,2000,EDGE.poly2.sc.G10,0.05,0.0425,0.00451075104611194,,,0,0.0425,""
1b,null_base_n2400,null,,2400,all,2000,EDGE.poly2.sc.G10,0.1,0.0925,0.00647857044416436,,,0,0.0925,""
1b,null_base_n2400,null,,2400,all,2000,EDGE.stk.u.G10,0.01,0.0125,0.00248432586429397,,,0,0.0125,""
1b,null_base_n2400,null,,2400,all,2000,EDGE.stk.u.G10,0.05,0.044,0.00458606585212206,,,0,0.044,""
1b,null_base_n2400,null,,2400,all,2000,EDGE.stk.u.G10,0.1,0.095,0.0065564853389602,,,0,0.095,""
1b,null_base_n2400,null,,2400,all,2000,EDGE.stk.sc.G10,0.01,0.007,0.00186426929385215,,,0,0.007,""
1b,null_base_n2400,null,,2400,all,2000,EDGE.stk.sc.G10,0.05,0.0395,0.00435544199823623,,,0,0.0395,""
1b,null_base_n2400,null,,2400,all,2000,EDGE.stk.sc.G10,0.1,0.0865,0.00628560856242258,,,0,0.0865,""
1b,null_base_n2400,null,,2400,all,2000,EDGE.sym.u.G10,0.01,0.0085,0.00205277251540447,,,0,0.0085,""
1b,null_base_n2400,null,,2400,all,2000,EDGE.sym.u.G10,0.05,0.048,0.00477995815881269,,,0,0.048,""
1b,null_base_n2400,null,,2400,all,2000,EDGE.sym.u.G10,0.1,0.0935,0.00650990591329859,,,0,0.0935,""
1b,null_base_n2400,null,,2400,all,2000,EDGE.sym.sc.G10,0.01,0.009,0.00211175282644537,,,0,0.009,""
1b,null_base_n2400,null,,2400,all,2000,EDGE.sym.sc.G10,0.05,0.046,0.00468422885862764,,,0,0.046,""
1b,null_base_n2400,null,,2400,all,2000,EDGE.sym.sc.G10,0.1,0.092,0.00646281672337998,,,0,0.092,""
1b,null_base_n2400,null,,2400,all,2000,EDGE.poly3.u.Grule,0.01,0.01,0.0022248595461287,,,0,0.01,""
1b,null_base_n2400,null,,2400,all,2000,EDGE.poly3.u.Grule,0.05,0.048,0.00477995815881269,,,0,0.048,""
1b,null_base_n2400,null,,2400,all,2000,EDGE.poly3.u.Grule,0.1,0.0955,0.00657190041007926,,,0,0.0955,""
1b,null_base_n2400,null,,2400,all,2000,EDGE.poly3.sc.Grule,0.01,0.0105,0.00227922684259378,,,0,0.0105,""
1b,null_base_n2400,null,,2400,all,2000,EDGE.poly3.sc.Grule,0.05,0.0475,0.00475624589355933,,,0,0.0475,""
1b,null_base_n2400,null,,2400,all,2000,EDGE.poly3.sc.Grule,0.1,0.0965,0.00660256578914591,,,0,0.0965,""
1b,null_base_n2400,null,,2400,all,2000,EDGE.poly2.u.Grule,0.01,0.011,0.00233227356885937,,,0,0.011,""
1b,null_base_n2400,null,,2400,all,2000,EDGE.poly2.u.Grule,0.05,0.048,0.00477995815881269,,,0,0.048,""
1b,null_base_n2400,null,,2400,all,2000,EDGE.poly2.u.Grule,0.1,0.099,0.00667828570817392,,,0,0.099,""
1b,null_base_n2400,null,,2400,all,2000,EDGE.poly2.sc.Grule,0.01,0.0085,0.00205277251540447,,,0,0.0085,""
1b,null_base_n2400,null,,2400,all,2000,EDGE.poly2.sc.Grule,0.05,0.0525,0.00498717104178311,,,0,0.0525,""
1b,null_base_n2400,null,,2400,all,2000,EDGE.poly2.sc.Grule,0.1,0.1035,0.00681130494105204,,,0,0.1035,""
1b,null_base_n2400,null,,2400,all,2000,EDGE.stk.u.Grule,0.01,0.0115,0.0023840878758972,,,0,0.0115,""
1b,null_base_n2400,null,,2400,all,2000,EDGE.stk.u.Grule,0.05,0.05,0.00487339717240448,,,0,0.05,""
1b,null_base_n2400,null,,2400,all,2000,EDGE.stk.u.Grule,0.1,0.089,0.00636706368744651,,,0,0.089,""
1b,null_base_n2400,null,,2400,all,2000,EDGE.stk.sc.Grule,0.01,0.011,0.00233227356885937,,,0,0.011,""
1b,null_base_n2400,null,,2400,all,2000,EDGE.stk.sc.Grule,0.05,0.051,0.00491929873051028,,,0,0.051,""
1b,null_base_n2400,null,,2400,all,2000,EDGE.stk.sc.Grule,0.1,0.0985,0.00666324808182916,,,0,0.0985,""
1b,null_base_n2400,null,,2400,all,2000,EDGE.sym.u.Grule,0.01,0.0095,0.00216907238237916,,,0,0.0095,""
1b,null_base_n2400,null,,2400,all,2000,EDGE.sym.u.Grule,0.05,0.046,0.00468422885862764,,,0,0.046,""
1b,null_base_n2400,null,,2400,all,2000,EDGE.sym.u.Grule,0.1,0.099,0.00667828570817392,,,0,0.099,""
1b,null_base_n2400,null,,2400,all,2000,EDGE.sym.sc.Grule,0.01,0.01,0.0022248595461287,,,0,0.01,""
1b,null_base_n2400,null,,2400,all,2000,EDGE.sym.sc.Grule,0.05,0.0475,0.00475624589355933,,,0,0.0475,""
1b,null_base_n2400,null,,2400,all,2000,EDGE.sym.sc.Grule,0.1,0.0995,0.00669327087454258,,,0,0.0995,""
1b,null_base_n2400,null,,2400,all,2000,HL.G10,0.01,0.013,0.00253288373203351,,,0,0.013,""
1b,null_base_n2400,null,,2400,all,2000,HL.G10,0.05,0.0485,0.00480352734977121,,,0,0.0485,""
1b,null_base_n2400,null,,2400,all,2000,HL.G10,0.1,0.0965,0.00660256578914591,,,0,0.0965,""
1b,null_base_n2400,null,,2400,all,2000,HL.Grule,0.01,0.0115,0.0023840878758972,,,0,0.0115,""
1b,null_base_n2400,null,,2400,all,2000,HL.Grule,0.05,0.047,0.00473238840333293,,,0,0.047,""
1b,null_base_n2400,null,,2400,all,2000,HL.Grule,0.1,0.1005,0.00672308522926788,,,0,0.1005,""
1b,null_base_n2400,null,,2400,all,2000,HLF.G10,0.01,0.013,0.00253288373203351,,,0,0.013,""
1b,null_base_n2400,null,,2400,all,2000,HLF.G10,0.05,0.05,0.00487339717240448,,,0,0.05,""
1b,null_base_n2400,null,,2400,all,2000,HLF.G10,0.1,0.096,0.00658726043207645,,,0,0.096,""
1b,null_base_n2400,null,,2400,all,2000,HLF.Grule,0.01,0.012,0.00243474844696531,,,0,0.012,""
1b,null_base_n2400,null,,2400,all,2000,HLF.Grule,0.05,0.0455,0.00465992220965114,,,0,0.0455,""
1b,null_base_n2400,null,,2400,all,2000,HLF.Grule,0.1,0.1015,0.00675269390687894,,,0,0.1015,""
1b,null_base_n2400,null,,2400,all,2000,Stk.joint,0.01,0.0105,0.00227922684259378,,,0,0.0105,""
1b,null_base_n2400,null,,2400,all,2000,Stk.joint,0.05,0.047,0.00473238840333293,,,0,0.047,""
1b,null_base_n2400,null,,2400,all,2000,Stk.joint,0.1,0.097,0.00661781686056663,,,0,0.097,""
1b,null_base_n2400,null,,2400,all,2000,Stk.LR,0.01,0.0105,0.00227922684259378,,,0,0.0105,""
1b,null_base_n2400,null,,2400,all,2000,Stk.LR,0.05,0.051,0.00491929873051028,,,0,0.051,""
1b,null_base_n2400,null,,2400,all,2000,Stk.LR,0.1,0.0985,0.00666324808182916,,,0,0.0985,""
1b,null_base_n2400,null,,2400,all,2000,Stk.sym1,0.01,0.0095,0.00216907238237916,,,0,0.0095,""
1b,null_base_n2400,null,,2400,all,2000,Stk.sym1,0.05,0.0495,0.0048502448391808,,,0,0.0495,""
1b,null_base_n2400,null,,2400,all,2000,Stk.sym1,0.1,0.1045,0.00684031249286171,,,0,0.1045,""
1b,null_base_n2400,null,,2400,all,2000,Stk.marg,0.01,0.022,0.00327993902382346,,,0,0.022,""
1b,null_base_n2400,null,,2400,all,2000,Stk.marg,0.05,0.071,0.00574277807337181,,,0,0.071,""
1b,null_base_n2400,null,,2400,all,2000,Stk.marg,0.1,0.1095,0.00698246911915835,,,0,0.1095,""
1b,null_base_n2400,null,,2400,all,2000,GiViTI,0.01,0.0105,0.00227922684259378,,,0,0.0105,""
1b,null_base_n2400,null,,2400,all,2000,GiViTI,0.05,0.0475,0.00475624589355933,,,0,0.0475,""
1b,null_base_n2400,null,,2400,all,2000,GiViTI,0.1,0.1015,0.00675269390687894,,,0,0.1015,""
1b,null_base_n2400,null,,2400,all,2000,GiViTI.t50,0.01,0.0105,0.00227922684259378,,,0,0.0105,""
1b,null_base_n2400,null,,2400,all,2000,GiViTI.t50,0.05,0.053,0.0050095408971282,,,0,0.053,""
1b,null_base_n2400,null,,2400,all,2000,GiViTI.t50,0.1,0.1055,0.00686912476229687,,,0,0.1055,""
1b,null_base_n2400,null,,2400,all,2000,Cubic.LR,0.01,0.011,0.00233227356885937,,,0,0.011,""
1b,null_base_n2400,null,,2400,all,2000,Cubic.LR,0.05,0.049,0.00482695556225661,,,0,0.049,""
1b,null_base_n2400,null,,2400,all,2000,Cubic.LR,0.1,0.092,0.00646281672337998,,,0,0.092,""
1b,null_base_n2400,null,,2400,all,2000,HL_w,0.01,0.009,0.00211175282644537,,,0,0.009,""
1b,null_base_n2400,null,,2400,all,2000,HL_w,0.05,0.049,0.00482695556225661,,,0,0.049,""
1b,null_base_n2400,null,,2400,all,2000,HL_w,0.1,0.0925,0.00647857044416436,,,0,0.0925,""
1b,null_base_n2400,null,,2400,all,2000,PH,0.01,0.0075,0.00192921616207205,,,0,0.0075,""
1b,null_base_n2400,null,,2400,all,2000,PH,0.05,0.033,0.00399443362693636,,,0,0.033,""
1b,null_base_n2400,null,,2400,all,2000,PH,0.1,0.061,0.00535158854920668,,,0,0.061,""
1b,null_base_n2400,null,,2400,all,2000,Tsiatis,0.01,0.01,0.0022248595461287,,,0,0.01,""
1b,null_base_n2400,null,,2400,all,2000,Tsiatis,0.05,0.0515,0.00494205169944629,,,0,0.0515,""
1b,null_base_n2400,null,,2400,all,2000,Tsiatis,0.1,0.0975,0.00663301402079025,,,0,0.0975,""
1b,null_base_n2400,null,,2400,all,2000,Xie,0.01,0.005,0.00157718102955875,,,0,0.005,""
1b,null_base_n2400,null,,2400,all,2000,Xie,0.05,0.0305,0.00384511053157123,,,0,0.0305,""
1b,null_base_n2400,null,,2400,all,2000,Xie,0.1,0.0655,0.00553216729681958,,,0,0.0655,""
1b,null_base_n2400,null,,2400,all,2000,PR,0.01,0.011,0.00233227356885937,,,0,0.011,""
1b,null_base_n2400,null,,2400,all,2000,PR,0.05,0.056,0.00514120608417908,,,0,0.056,""
1b,null_base_n2400,null,,2400,all,2000,PR,0.1,0.113,0.00707923018413726,,,0,0.113,""
1b,null_base_n4000,null,,4000,all,2000,flag.evlt.G10,,0,,,,0,,flag rate: share of replicates with the flag = 1
1b,null_base_n4000,null,,4000,all,2000,flag.evlt.Grule,,0,,,,0,,flag rate: share of replicates with the flag = 1
1b,null_base_n4000,null,,4000,all,2000,flag.stk_half0,,0,,,,0,,flag rate: share of replicates with the flag = 1
1b,null_base_n4000,null,,4000,all,2000,flag.stk_diag,,0,,,,0,,flag rate: share of replicates with the flag = 1
1b,null_base_n4000,null,,4000,all,2000,flag.rivals_run,,1,,,,0,,flag rate: share of replicates with the flag = 1
1b,null_base_n4000,null,,4000,all,2000,flag.degenerate,,0,,,,0,,flag rate: share of replicates with the flag = 1
1b,null_base_n4000,null,,4000,all,2000,flag.info_guard,,0,,,,0,,flag rate: share of replicates with the flag = 1
1b,null_base_n4000,null,,4000,all,2000,flag.rep_error,,0,,,,0,,flag rate: share of replicates with the flag = 1
1b,null_base_n4000,null,,4000,all,2000,EDGE.poly3.u.G10,0.01,0.006,0.0017268468374468,,,0,0.006,""
1b,null_base_n4000,null,,4000,all,2000,EDGE.poly3.u.G10,0.05,0.049,0.00482695556225661,,,0,0.049,""
1b,null_base_n4000,null,,4000,all,2000,EDGE.poly3.u.G10,0.1,0.1015,0.00675269390687894,,,0,0.1015,""
1b,null_base_n4000,null,,4000,all,2000,EDGE.poly3.sc.G10,0.01,0.01,0.0022248595461287,,,0,0.01,""
1b,null_base_n4000,null,,4000,all,2000,EDGE.poly3.sc.G10,0.05,0.0445,0.00461084319837489,,,0,0.0445,""
1b,null_base_n4000,null,,4000,all,2000,EDGE.poly3.sc.G10,0.1,0.0965,0.00660256578914591,,,0,0.0965,""
1b,null_base_n4000,null,,4000,all,2000,EDGE.poly2.u.G10,0.01,0.0095,0.00216907238237916,,,0,0.0095,""
1b,null_base_n4000,null,,4000,all,2000,EDGE.poly2.u.G10,0.05,0.0515,0.00494205169944629,,,0,0.0515,""
1b,null_base_n4000,null,,4000,all,2000,EDGE.poly2.u.G10,0.1,0.096,0.00658726043207645,,,0,0.096,""
1b,null_base_n4000,null,,4000,all,2000,EDGE.poly2.sc.G10,0.01,0.0085,0.00205277251540447,,,0,0.0085,""
1b,null_base_n4000,null,,4000,all,2000,EDGE.poly2.sc.G10,0.05,0.045,0.00463546114210873,,,0,0.045,""
1b,null_base_n4000,null,,4000,all,2000,EDGE.poly2.sc.G10,0.1,0.102,0.00676742196113114,,,0,0.102,""
1b,null_base_n4000,null,,4000,all,2000,EDGE.stk.u.G10,0.01,0.0075,0.00192921616207205,,,0,0.0075,""
1b,null_base_n4000,null,,4000,all,2000,EDGE.stk.u.G10,0.05,0.047,0.00473238840333293,,,0,0.047,""
1b,null_base_n4000,null,,4000,all,2000,EDGE.stk.u.G10,0.1,0.1005,0.00672308522926788,,,0,0.1005,""
1b,null_base_n4000,null,,4000,all,2000,EDGE.stk.sc.G10,0.01,0.008,0.0019919839356782,,,0,0.008,""
1b,null_base_n4000,null,,4000,all,2000,EDGE.stk.sc.G10,0.05,0.046,0.00468422885862764,,,0,0.046,""
1b,null_base_n4000,null,,4000,all,2000,EDGE.stk.sc.G10,0.1,0.0965,0.00660256578914591,,,0,0.0965,""
1b,null_base_n4000,null,,4000,all,2000,EDGE.sym.u.G10,0.01,0.009,0.00211175282644537,,,0,0.009,""
1b,null_base_n4000,null,,4000,all,2000,EDGE.sym.u.G10,0.05,0.054,0.00505390937789747,,,0,0.054,""
1b,null_base_n4000,null,,4000,all,2000,EDGE.sym.u.G10,0.1,0.104,0.00682583328246449,,,0,0.104,""
1b,null_base_n4000,null,,4000,all,2000,EDGE.sym.sc.G10,0.01,0.0115,0.0023840878758972,,,0,0.0115,""
1b,null_base_n4000,null,,4000,all,2000,EDGE.sym.sc.G10,0.05,0.058,0.00522666241496426,,,0,0.058,""
1b,null_base_n4000,null,,4000,all,2000,EDGE.sym.sc.G10,0.1,0.105,0.00685474288358068,,,0,0.105,""
1b,null_base_n4000,null,,4000,all,2000,EDGE.poly3.u.Grule,0.01,0.0075,0.00192921616207205,,,0,0.0075,""
1b,null_base_n4000,null,,4000,all,2000,EDGE.poly3.u.Grule,0.05,0.046,0.00468422885862764,,,0,0.046,""
1b,null_base_n4000,null,,4000,all,2000,EDGE.poly3.u.Grule,0.1,0.102,0.00676742196113114,,,0,0.102,""
1b,null_base_n4000,null,,4000,all,2000,EDGE.poly3.sc.Grule,0.01,0.006,0.0017268468374468,,,0,0.006,""
1b,null_base_n4000,null,,4000,all,2000,EDGE.poly3.sc.Grule,0.05,0.0445,0.00461084319837489,,,0,0.0445,""
1b,null_base_n4000,null,,4000,all,2000,EDGE.poly3.sc.Grule,0.1,0.1025,0.00678209960115597,,,0,0.1025,""
1b,null_base_n4000,null,,4000,all,2000,EDGE.poly2.u.Grule,0.01,0.009,0.00211175282644537,,,0,0.009,""
1b,null_base_n4000,null,,4000,all,2000,EDGE.poly2.u.Grule,0.05,0.0495,0.0048502448391808,,,0,0.0495,""
1b,null_base_n4000,null,,4000,all,2000,EDGE.poly2.u.Grule,0.1,0.0915,0.00644700511865781,,,0,0.0915,""
1b,null_base_n4000,null,,4000,all,2000,EDGE.poly2.sc.Grule,0.01,0.0065,0.00179690706493129,,,0,0.0065,""
1b,null_base_n4000,null,,4000,all,2000,EDGE.poly2.sc.Grule,0.05,0.048,0.00477995815881269,,,0,0.048,""
1b,null_base_n4000,null,,4000,all,2000,EDGE.poly2.sc.Grule,0.1,0.1055,0.00686912476229687,,,0,0.1055,""
1b,null_base_n4000,null,,4000,all,2000,EDGE.stk.u.Grule,0.01,0.006,0.0017268468374468,,,0,0.006,""
1b,null_base_n4000,null,,4000,all,2000,EDGE.stk.u.Grule,0.05,0.047,0.00473238840333293,,,0,0.047,""
1b,null_base_n4000,null,,4000,all,2000,EDGE.stk.u.Grule,0.1,0.0975,0.00663301402079025,,,0,0.0975,""
1b,null_base_n4000,null,,4000,all,2000,EDGE.stk.sc.Grule,0.01,0.0085,0.00205277251540447,,,0,0.0085,""
1b,null_base_n4000,null,,4000,all,2000,EDGE.stk.sc.Grule,0.05,0.05,0.00487339717240448,,,0,0.05,""
1b,null_base_n4000,null,,4000,all,2000,EDGE.stk.sc.Grule,0.1,0.1035,0.00681130494105204,,,0,0.1035,""
1b,null_base_n4000,null,,4000,all,2000,EDGE.sym.u.Grule,0.01,0.0065,0.00179690706493129,,,0,0.0065,""
1b,null_base_n4000,null,,4000,all,2000,EDGE.sym.u.Grule,0.05,0.05,0.00487339717240448,,,0,0.05,""
1b,null_base_n4000,null,,4000,all,2000,EDGE.sym.u.Grule,0.1,0.104,0.00682583328246449,,,0,0.104,""
1b,null_base_n4000,null,,4000,all,2000,EDGE.sym.sc.Grule,0.01,0.009,0.00211175282644537,,,0,0.009,""
1b,null_base_n4000,null,,4000,all,2000,EDGE.sym.sc.Grule,0.05,0.048,0.00477995815881269,,,0,0.048,""
1b,null_base_n4000,null,,4000,all,2000,EDGE.sym.sc.Grule,0.1,0.1055,0.00686912476229687,,,0,0.1055,""
1b,null_base_n4000,null,,4000,all,2000,HL.G10,0.01,0.0095,0.00216907238237916,,,0,0.0095,""
1b,null_base_n4000,null,,4000,all,2000,HL.G10,0.05,0.0445,0.00461084319837489,,,0,0.0445,""
1b,null_base_n4000,null,,4000,all,2000,HL.G10,0.1,0.099,0.00667828570817392,,,0,0.099,""
1b,null_base_n4000,null,,4000,all,2000,HL.Grule,0.01,0.012,0.00243474844696531,,,0,0.012,""
1b,null_base_n4000,null,,4000,all,2000,HL.Grule,0.05,0.0465,0.00470838348055891,,,0,0.0465,""
1b,null_base_n4000,null,,4000,all,2000,HL.Grule,0.1,0.094,0.00652548848746207,,,0,0.094,""
1b,null_base_n4000,null,,4000,all,2000,HLF.G10,0.01,0.0095,0.00216907238237916,,,0,0.0095,""
1b,null_base_n4000,null,,4000,all,2000,HLF.G10,0.05,0.044,0.00458606585212206,,,0,0.044,""
1b,null_base_n4000,null,,4000,all,2000,HLF.G10,0.1,0.0985,0.00666324808182916,,,0,0.0985,""
1b,null_base_n4000,null,,4000,all,2000,HLF.Grule,0.01,0.013,0.00253288373203351,,,0,0.013,""
1b,null_base_n4000,null,,4000,all,2000,HLF.Grule,0.05,0.0465,0.00470838348055891,,,0,0.0465,""
1b,null_base_n4000,null,,4000,all,2000,HLF.Grule,0.1,0.0945,0.00654101482951996,,,0,0.0945,""
1b,null_base_n4000,null,,4000,all,2000,Stk.joint,0.01,0.008,0.0019919839356782,,,0,0.008,""
1b,null_base_n4000,null,,4000,all,2000,Stk.joint,0.05,0.0465,0.00470838348055891,,,0,0.0465,""
1b,null_base_n4000,null,,4000,all,2000,Stk.joint,0.1,0.101,0.00673791510780598,,,0,0.101,""
1b,null_base_n4000,null,,4000,all,2000,Stk.LR,0.01,0.008,0.0019919839356782,,,0,0.008,""
1b,null_base_n4000,null,,4000,all,2000,Stk.LR,0.05,0.0465,0.00470838348055891,,,0,0.0465,""
1b,null_base_n4000,null,,4000,all,2000,Stk.LR,0.1,0.1025,0.00678209960115597,,,0,0.1025,""
1b,null_base_n4000,null,,4000,all,2000,Stk.sym1,0.01,0.009,0.00211175282644537,,,0,0.009,""
1b,null_base_n4000,null,,4000,all,2000,Stk.sym1,0.05,0.046,0.00468422885862764,,,0,0.046,""
1b,null_base_n4000,null,,4000,all,2000,Stk.sym1,0.1,0.1075,0.00692617318582202,,,0,0.1075,""
1b,null_base_n4000,null,,4000,all,2000,Stk.marg,0.01,0.022,0.00327993902382346,,,0,0.022,""
1b,null_base_n4000,null,,4000,all,2000,Stk.marg,0.05,0.0645,0.00549271107923947,,,0,0.0645,""
1b,null_base_n4000,null,,4000,all,2000,Stk.marg,0.1,0.106,0.00688345843308435,,,0,0.106,""
1b,null_base_n4000,null,,4000,all,2000,GiViTI,0.01,0.009,0.00211175282644537,,,0,0.009,""
1b,null_base_n4000,null,,4000,all,2000,GiViTI,0.05,0.0495,0.0048502448391808,,,0,0.0495,""
1b,null_base_n4000,null,,4000,all,2000,GiViTI,0.1,0.0905,0.00641520654383006,,,0,0.0905,""
1b,null_base_n4000,null,,4000,all,2000,GiViTI.t50,0.01,0.007,0.00186426929385215,,,0,0.007,""
1b,null_base_n4000,null,,4000,all,2000,GiViTI.t50,0.05,0.051,0.00491929873051028,,,0,0.051,""
1b,null_base_n4000,null,,4000,all,2000,GiViTI.t50,0.1,0.0955,0.00657190041007926,,,0,0.0955,""
1b,null_base_n4000,null,,4000,all,2000,Cubic.LR,0.01,0.006,0.0017268468374468,,,0,0.006,""
1b,null_base_n4000,null,,4000,all,2000,Cubic.LR,0.05,0.0455,0.00465992220965114,,,0,0.0455,""
1b,null_base_n4000,null,,4000,all,2000,Cubic.LR,0.1,0.096,0.00658726043207645,,,0,0.096,""
1b,null_base_n4000,null,,4000,all,2000,HL_w,0.01,0.0095,0.00216907238237916,,,0,0.0095,""
1b,null_base_n4000,null,,4000,all,2000,HL_w,0.05,0.054,0.00505390937789747,,,0,0.054,""
1b,null_base_n4000,null,,4000,all,2000,HL_w,0.1,0.096,0.00658726043207645,,,0,0.096,""
1b,null_base_n4000,null,,4000,all,2000,PH,0.01,0.0065,0.00179690706493129,,,0,0.0065,""
1b,null_base_n4000,null,,4000,all,2000,PH,0.05,0.0255,0.00352489361541593,,,0,0.0255,""
1b,null_base_n4000,null,,4000,all,2000,PH,0.1,0.065,0.00551248582764618,,,0,0.065,""
1b,null_base_n4000,null,,4000,all,2000,Tsiatis,0.01,0.0125,0.00248432586429397,,,0,0.0125,""
1b,null_base_n4000,null,,4000,all,2000,Tsiatis,0.05,0.049,0.00482695556225661,,,0,0.049,""
1b,null_base_n4000,null,,4000,all,2000,Tsiatis,0.1,0.0985,0.00666324808182916,,,0,0.0985,""
1b,null_base_n4000,null,,4000,all,2000,Xie,0.01,0.008,0.0019919839356782,,,0,0.008,""
1b,null_base_n4000,null,,4000,all,2000,Xie,0.05,0.0305,0.00384511053157123,,,0,0.0305,""
1b,null_base_n4000,null,,4000,all,2000,Xie,0.1,0.0665,0.00557125434709276,,,0,0.0665,""
1b,null_base_n4000,null,,4000,all,2000,PR,0.01,0.011,0.00233227356885937,,,0,0.011,""
1b,null_base_n4000,null,,4000,all,2000,PR,0.05,0.057,0.00518415856238985,,,0,0.057,""
1b,null_base_n4000,null,,4000,all,2000,PR,0.1,0.1185,0.0072269547528679,,,0,0.1185,""
1b,null_base_n9400,null,,9400,all,2000,flag.evlt.G10,,0,,,,0,,flag rate: share of replicates with the flag = 1
1b,null_base_n9400,null,,9400,all,2000,flag.evlt.Grule,,0,,,,0,,flag rate: share of replicates with the flag = 1
1b,null_base_n9400,null,,9400,all,2000,flag.stk_half0,,0,,,,0,,flag rate: share of replicates with the flag = 1
1b,null_base_n9400,null,,9400,all,2000,flag.stk_diag,,0,,,,0,,flag rate: share of replicates with the flag = 1
1b,null_base_n9400,null,,9400,all,2000,flag.rivals_run,,1,,,,0,,flag rate: share of replicates with the flag = 1
1b,null_base_n9400,null,,9400,all,2000,flag.degenerate,,0,,,,0,,flag rate: share of replicates with the flag = 1
1b,null_base_n9400,null,,9400,all,2000,flag.info_guard,,0,,,,0,,flag rate: share of replicates with the flag = 1
1b,null_base_n9400,null,,9400,all,2000,flag.rep_error,,0,,,,0,,flag rate: share of replicates with the flag = 1
1b,null_base_n9400,null,,9400,all,2000,EDGE.poly3.u.G10,0.01,0.008,0.0019919839356782,,,0,0.008,""
1b,null_base_n9400,null,,9400,all,2000,EDGE.poly3.u.G10,0.05,0.0475,0.00475624589355933,,,0,0.0475,""
1b,null_base_n9400,null,,9400,all,2000,EDGE.poly3.u.G10,0.1,0.0975,0.00663301402079025,,,0,0.0975,""
1b,null_base_n9400,null,,9400,all,2000,EDGE.poly3.sc.G10,0.01,0.0075,0.00192921616207205,,,0,0.0075,""
1b,null_base_n9400,null,,9400,all,2000,EDGE.poly3.sc.G10,0.05,0.0495,0.0048502448391808,,,0,0.0495,""
1b,null_base_n9400,null,,9400,all,2000,EDGE.poly3.sc.G10,0.1,0.092,0.00646281672337998,,,0,0.092,""
1b,null_base_n9400,null,,9400,all,2000,EDGE.poly2.u.G10,0.01,0.0105,0.00227922684259378,,,0,0.0105,""
1b,null_base_n9400,null,,9400,all,2000,EDGE.poly2.u.G10,0.05,0.0465,0.00470838348055891,,,0,0.0465,""
1b,null_base_n9400,null,,9400,all,2000,EDGE.poly2.u.G10,0.1,0.097,0.00661781686056663,,,0,0.097,""
1b,null_base_n9400,null,,9400,all,2000,EDGE.poly2.sc.G10,0.01,0.0075,0.00192921616207205,,,0,0.0075,""
1b,null_base_n9400,null,,9400,all,2000,EDGE.poly2.sc.G10,0.05,0.0525,0.00498717104178311,,,0,0.0525,""
1b,null_base_n9400,null,,9400,all,2000,EDGE.poly2.sc.G10,0.1,0.094,0.00652548848746207,,,0,0.094,""
1b,null_base_n9400,null,,9400,all,2000,EDGE.stk.u.G10,0.01,0.0075,0.00192921616207205,,,0,0.0075,""
1b,null_base_n9400,null,,9400,all,2000,EDGE.stk.u.G10,0.05,0.0435,0.00456112650559048,,,0,0.0435,""
1b,null_base_n9400,null,,9400,all,2000,EDGE.stk.u.G10,0.1,0.0995,0.00669327087454258,,,0,0.0995,""
1b,null_base_n9400,null,,9400,all,2000,EDGE.stk.sc.G10,0.01,0.008,0.0019919839356782,,,0,0.008,""
1b,null_base_n9400,null,,9400,all,2000,EDGE.stk.sc.G10,0.05,0.047,0.00473238840333293,,,0,0.047,""
1b,null_base_n9400,null,,9400,all,2000,EDGE.stk.sc.G10,0.1,0.0885,0.00635089560613304,,,0,0.0885,""
1b,null_base_n9400,null,,9400,all,2000,EDGE.sym.u.G10,0.01,0.0065,0.00179690706493129,,,0,0.0065,""
1b,null_base_n9400,null,,9400,all,2000,EDGE.sym.u.G10,0.05,0.0535,0.00503178646208283,,,0,0.0535,""
1b,null_base_n9400,null,,9400,all,2000,EDGE.sym.u.G10,0.1,0.1015,0.00675269390687894,,,0,0.1015,""
1b,null_base_n9400,null,,9400,all,2000,EDGE.sym.sc.G10,0.01,0.009,0.00211175282644537,,,0,0.009,""
1b,null_base_n9400,null,,9400,all,2000,EDGE.sym.sc.G10,0.05,0.0505,0.00489641450451246,,,0,0.0505,""
1b,null_base_n9400,null,,9400,all,2000,EDGE.sym.sc.G10,0.1,0.1015,0.00675269390687894,,,0,0.1015,""
1b,null_base_n9400,null,,9400,all,2000,EDGE.poly3.u.Grule,0.01,0.007,0.00186426929385215,,,0,0.007,""
1b,null_base_n9400,null,,9400,all,2000,EDGE.poly3.u.Grule,0.05,0.0435,0.00456112650559048,,,0,0.0435,""
1b,null_base_n9400,null,,9400,all,2000,EDGE.poly3.u.Grule,0.1,0.094,0.00652548848746207,,,0,0.094,""
1b,null_base_n9400,null,,9400,all,2000,EDGE.poly3.sc.Grule,0.01,0.0085,0.00205277251540447,,,0,0.0085,""
1b,null_base_n9400,null,,9400,all,2000,EDGE.poly3.sc.Grule,0.05,0.0495,0.0048502448391808,,,0,0.0495,""
1b,null_base_n9400,null,,9400,all,2000,EDGE.poly3.sc.Grule,0.1,0.098,0.00664815763952691,,,0,0.098,""
1b,null_base_n9400,null,,9400,all,2000,EDGE.poly2.u.Grule,0.01,0.0095,0.00216907238237916,,,0,0.0095,""
1b,null_base_n9400,null,,9400,all,2000,EDGE.poly2.u.Grule,0.05,0.0525,0.00498717104178311,,,0,0.0525,""
1b,null_base_n9400,null,,9400,all,2000,EDGE.poly2.u.Grule,0.1,0.1085,0.00695441406590088,,,0,0.1085,""
1b,null_base_n9400,null,,9400,all,2000,EDGE.poly2.sc.Grule,0.01,0.0075,0.00192921616207205,,,0,0.0075,""
1b,null_base_n9400,null,,9400,all,2000,EDGE.poly2.sc.Grule,0.05,0.043,0.00453602248671675,,,0,0.043,""
1b,null_base_n9400,null,,9400,all,2000,EDGE.poly2.sc.Grule,0.1,0.0985,0.00666324808182916,,,0,0.0985,""
1b,null_base_n9400,null,,9400,all,2000,EDGE.stk.u.Grule,0.01,0.0065,0.00179690706493129,,,0,0.0065,""
1b,null_base_n9400,null,,9400,all,2000,EDGE.stk.u.Grule,0.05,0.043,0.00453602248671675,,,0,0.043,""
1b,null_base_n9400,null,,9400,all,2000,EDGE.stk.u.Grule,0.1,0.096,0.00658726043207645,,,0,0.096,""
1b,null_base_n9400,null,,9400,all,2000,EDGE.stk.sc.Grule,0.01,0.0085,0.00205277251540447,,,0,0.0085,""
1b,null_base_n9400,null,,9400,all,2000,EDGE.stk.sc.Grule,0.05,0.0425,0.00451075104611194,,,0,0.0425,""
1b,null_base_n9400,null,,9400,all,2000,EDGE.stk.sc.Grule,0.1,0.0925,0.00647857044416436,,,0,0.0925,""
1b,null_base_n9400,null,,9400,all,2000,EDGE.sym.u.Grule,0.01,0.008,0.0019919839356782,,,0,0.008,""
1b,null_base_n9400,null,,9400,all,2000,EDGE.sym.u.Grule,0.05,0.0525,0.00498717104178311,,,0,0.0525,""
1b,null_base_n9400,null,,9400,all,2000,EDGE.sym.u.Grule,0.1,0.1015,0.00675269390687894,,,0,0.1015,""
1b,null_base_n9400,null,,9400,all,2000,EDGE.sym.sc.Grule,0.01,0.0065,0.00179690706493129,,,0,0.0065,""
1b,null_base_n9400,null,,9400,all,2000,EDGE.sym.sc.Grule,0.05,0.052,0.00496467521596328,,,0,0.052,""
1b,null_base_n9400,null,,9400,all,2000,EDGE.sym.sc.Grule,0.1,0.0985,0.00666324808182916,,,0,0.0985,""
1b,null_base_n9400,null,,9400,all,2000,HL.G10,0.01,0.0065,0.00179690706493129,,,0,0.0065,""
1b,null_base_n9400,null,,9400,all,2000,HL.G10,0.05,0.0425,0.00451075104611194,,,0,0.0425,""
1b,null_base_n9400,null,,9400,all,2000,HL.G10,0.1,0.102,0.00676742196113114,,,0,0.102,""
1b,null_base_n9400,null,,9400,all,2000,HL.Grule,0.01,0.005,0.00157718102955875,,,0,0.005,""
1b,null_base_n9400,null,,9400,all,2000,HL.Grule,0.05,0.0435,0.00456112650559048,,,0,0.0435,""
1b,null_base_n9400,null,,9400,all,2000,HL.Grule,0.1,0.0935,0.00650990591329859,,,0,0.0935,""
1b,null_base_n9400,null,,9400,all,2000,HLF.G10,0.01,0.0065,0.00179690706493129,,,0,0.0065,""
1b,null_base_n9400,null,,9400,all,2000,HLF.G10,0.05,0.0425,0.00451075104611194,,,0,0.0425,""
1b,null_base_n9400,null,,9400,all,2000,HLF.G10,0.1,0.102,0.00676742196113114,,,0,0.102,""
1b,null_base_n9400,null,,9400,all,2000,HLF.Grule,0.01,0.005,0.00157718102955875,,,0,0.005,""
1b,null_base_n9400,null,,9400,all,2000,HLF.Grule,0.05,0.043,0.00453602248671675,,,0,0.043,""
1b,null_base_n9400,null,,9400,all,2000,HLF.Grule,0.1,0.093,0.00649426670225361,,,0,0.093,""
1b,null_base_n9400,null,,9400,all,2000,Stk.joint,0.01,0.006,0.0017268468374468,,,0,0.006,""
1b,null_base_n9400,null,,9400,all,2000,Stk.joint,0.05,0.041,0.00443390347211123,,,0,0.041,""
1b,null_base_n9400,null,,9400,all,2000,Stk.joint,0.1,0.0935,0.00650990591329859,,,0,0.0935,""
1b,null_base_n9400,null,,9400,all,2000,Stk.LR,0.01,0.006,0.0017268468374468,,,0,0.006,""
1b,null_base_n9400,null,,9400,all,2000,Stk.LR,0.05,0.042,0.00448530935387962,,,0,0.042,""
1b,null_base_n9400,null,,9400,all,2000,Stk.LR,0.1,0.092,0.00646281672337998,,,0,0.092,""
1b,null_base_n9400,null,,9400,all,2000,Stk.sym1,0.01,0.0065,0.00179690706493129,,,0,0.0065,""
1b,null_base_n9400,null,,9400,all,2000,Stk.sym1,0.05,0.0525,0.00498717104178311,,,0,0.0525,""
1b,null_base_n9400,null,,9400,all,2000,Stk.sym1,0.1,0.097,0.00661781686056663,,,0,0.097,""
1b,null_base_n9400,null,,9400,all,2000,Stk.marg,0.01,0.0165,0.00284848644019943,,,0,0.0165,""
1b,null_base_n9400,null,,9400,all,2000,Stk.marg,0.05,0.073,0.00581682903307292,,,0,0.073,""
1b,null_base_n9400,null,,9400,all,2000,Stk.marg,0.1,0.116,0.00716044691342656,,,0,0.116,""
1b,null_base_n9400,null,,9400,all,2000,GiViTI,0.01,0.008,0.0019919839356782,,,0,0.008,""
1b,null_base_n9400,null,,9400,all,2000,GiViTI,0.05,0.053,0.0050095408971282,,,0,0.053,""
1b,null_base_n9400,null,,9400,all,2000,GiViTI,0.1,0.108,0.0069403169956422,,,0,0.108,""
1b,null_base_n9400,null,,9400,all,2000,GiViTI.t50,0.01,0.007,0.00186426929385215,,,0,0.007,""
1b,null_base_n9400,null,,9400,all,2000,GiViTI.t50,0.05,0.0455,0.00465992220965114,,,0,0.0455,""
1b,null_base_n9400,null,,9400,all,2000,GiViTI.t50,0.1,0.0975,0.00663301402079025,,,0,0.0975,""
1b,null_base_n9400,null,,9400,all,2000,Cubic.LR,0.01,0.0065,0.00179690706493129,,,0,0.0065,""
1b,null_base_n9400,null,,9400,all,2000,Cubic.LR,0.05,0.042,0.00448530935387962,,,0,0.042,""
1b,null_base_n9400,null,,9400,all,2000,Cubic.LR,0.1,0.0915,0.00644700511865781,,,0,0.0915,""
1b,null_base_n9400,null,,9400,all,2000,HL_w,0.01,0.0075,0.00192921616207205,,,0,0.0075,""
1b,null_base_n9400,null,,9400,all,2000,HL_w,0.05,0.0435,0.00456112650559048,,,0,0.0435,""
1b,null_base_n9400,null,,9400,all,2000,HL_w,0.1,0.0915,0.00644700511865781,,,0,0.0915,""
1b,null_base_n9400,null,,9400,all,2000,PH,0.01,0.004,0.00141138230115019,,,0,0.004,""
1b,null_base_n9400,null,,9400,all,2000,PH,0.05,0.0255,0.00352489361541593,,,0,0.0255,""
1b,null_base_n9400,null,,9400,all,2000,PH,0.1,0.0645,0.00549271107923947,,,0,0.0645,""
1b,null_base_n9400,null,,9400,all,2000,Tsiatis,0.01,0.0075,0.00192921616207205,,,0,0.0075,""
1b,null_base_n9400,null,,9400,all,2000,Tsiatis,0.05,0.049,0.00482695556225661,,,0,0.049,""
1b,null_base_n9400,null,,9400,all,2000,Tsiatis,0.1,0.099,0.00667828570817392,,,0,0.099,""
1b,null_base_n9400,null,,9400,all,2000,Xie,0.01,0.0025,0.00111663557170637,,,0,0.0025,""
1b,null_base_n9400,null,,9400,all,2000,Xie,0.05,0.0265,0.00359150038284837,,,0,0.0265,""
1b,null_base_n9400,null,,9400,all,2000,Xie,0.1,0.059,0.00526872849936301,,,0,0.059,""
1b,null_base_n9400,null,,9400,all,2000,PR,0.01,0.009,0.00211175282644537,,,0,0.009,""
1b,null_base_n9400,null,,9400,all,2000,PR,0.05,0.0485,0.00480352734977121,,,0,0.0485,""
1b,null_base_n9400,null,,9400,all,2000,PR,0.1,0.107,0.0069119823495145,,,0,0.107,""
1b,null_base_n16000,null,,16000,all,2000,flag.evlt.G10,,0,,,,0,,flag rate: share of replicates with the flag = 1
1b,null_base_n16000,null,,16000,all,2000,flag.evlt.Grule,,0,,,,0,,flag rate: share of replicates with the flag = 1
1b,null_base_n16000,null,,16000,all,2000,flag.stk_half0,,0,,,,0,,flag rate: share of replicates with the flag = 1
1b,null_base_n16000,null,,16000,all,2000,flag.stk_diag,,0,,,,0,,flag rate: share of replicates with the flag = 1
1b,null_base_n16000,null,,16000,all,2000,flag.rivals_run,,0,,,,0,,flag rate: share of replicates with the flag = 1
1b,null_base_n16000,null,,16000,all,2000,flag.degenerate,,0,,,,0,,flag rate: share of replicates with the flag = 1
1b,null_base_n16000,null,,16000,all,2000,flag.info_guard,,0,,,,0,,flag rate: share of replicates with the flag = 1
1b,null_base_n16000,null,,16000,all,2000,flag.rep_error,,0,,,,0,,flag rate: share of replicates with the flag = 1
1b,null_base_n16000,null,,16000,all,2000,EDGE.poly3.u.G10,0.01,0.01,0.0022248595461287,,,0,0.01,""
1b,null_base_n16000,null,,16000,all,2000,EDGE.poly3.u.G10,0.05,0.051,0.00491929873051028,,,0,0.051,""
1b,null_base_n16000,null,,16000,all,2000,EDGE.poly3.u.G10,0.1,0.1065,0.00689774419647467,,,0,0.1065,""
1b,null_base_n16000,null,,16000,all,2000,EDGE.poly3.sc.G10,0.01,0.0075,0.00192921616207205,,,0,0.0075,""
1b,null_base_n16000,null,,16000,all,2000,EDGE.poly3.sc.G10,0.05,0.051,0.00491929873051028,,,0,0.051,""
1b,null_base_n16000,null,,16000,all,2000,EDGE.poly3.sc.G10,0.1,0.104,0.00682583328246449,,,0,0.104,""
1b,null_base_n16000,null,,16000,all,2000,EDGE.poly2.u.G10,0.01,0.0105,0.00227922684259378,,,0,0.0105,""
1b,null_base_n16000,null,,16000,all,2000,EDGE.poly2.u.G10,0.05,0.052,0.00496467521596328,,,0,0.052,""
1b,null_base_n16000,null,,16000,all,2000,EDGE.poly2.u.G10,0.1,0.094,0.00652548848746207,,,0,0.094,""
1b,null_base_n16000,null,,16000,all,2000,EDGE.poly2.sc.G10,0.01,0.008,0.0019919839356782,,,0,0.008,""
1b,null_base_n16000,null,,16000,all,2000,EDGE.poly2.sc.G10,0.05,0.051,0.00491929873051028,,,0,0.051,""
1b,null_base_n16000,null,,16000,all,2000,EDGE.poly2.sc.G10,0.1,0.1045,0.00684031249286171,,,0,0.1045,""
1b,null_base_n16000,null,,16000,all,2000,EDGE.stk.u.G10,0.01,0.011,0.00233227356885937,,,0,0.011,""
1b,null_base_n16000,null,,16000,all,2000,EDGE.stk.u.G10,0.05,0.055,0.00509779364038993,,,0,0.055,""
1b,null_base_n16000,null,,16000,all,2000,EDGE.stk.u.G10,0.1,0.1005,0.00672308522926788,,,0,0.1005,""
1b,null_base_n16000,null,,16000,all,2000,EDGE.stk.sc.G10,0.01,0.0095,0.00216907238237916,,,0,0.0095,""
1b,null_base_n16000,null,,16000,all,2000,EDGE.stk.sc.G10,0.05,0.048,0.00477995815881269,,,0,0.048,""
1b,null_base_n16000,null,,16000,all,2000,EDGE.stk.sc.G10,0.1,0.1085,0.00695441406590088,,,0,0.1085,""
1b,null_base_n16000,null,,16000,all,2000,EDGE.sym.u.G10,0.01,0.011,0.00233227356885937,,,0,0.011,""
1b,null_base_n16000,null,,16000,all,2000,EDGE.sym.u.G10,0.05,0.045,0.00463546114210873,,,0,0.045,""
1b,null_base_n16000,null,,16000,all,2000,EDGE.sym.u.G10,0.1,0.0925,0.00647857044416436,,,0,0.0925,""
1b,null_base_n16000,null,,16000,all,2000,EDGE.sym.sc.G10,0.01,0.011,0.00233227356885937,,,0,0.011,""
1b,null_base_n16000,null,,16000,all,2000,EDGE.sym.sc.G10,0.05,0.052,0.00496467521596328,,,0,0.052,""
1b,null_base_n16000,null,,16000,all,2000,EDGE.sym.sc.G10,0.1,0.096,0.00658726043207645,,,0,0.096,""
1b,null_base_n16000,null,,16000,all,2000,EDGE.poly3.u.Grule,0.01,0.0075,0.00192921616207205,,,0,0.0075,""
1b,null_base_n16000,null,,16000,all,2000,EDGE.poly3.u.Grule,0.05,0.0455,0.00465992220965114,,,0,0.0455,""
1b,null_base_n16000,null,,16000,all,2000,EDGE.poly3.u.Grule,0.1,0.0915,0.00644700511865781,,,0,0.0915,""
1b,null_base_n16000,null,,16000,all,2000,EDGE.poly3.sc.Grule,0.01,0.0045,0.00149662119455793,,,0,0.0045,""
1b,null_base_n16000,null,,16000,all,2000,EDGE.poly3.sc.Grule,0.05,0.0455,0.00465992220965114,,,0,0.0455,""
1b,null_base_n16000,null,,16000,all,2000,EDGE.poly3.sc.Grule,0.1,0.0925,0.00647857044416436,,,0,0.0925,""
1b,null_base_n16000,null,,16000,all,2000,EDGE.poly2.u.Grule,0.01,0.01,0.0022248595461287,,,0,0.01,""
1b,null_base_n16000,null,,16000,all,2000,EDGE.poly2.u.Grule,0.05,0.048,0.00477995815881269,,,0,0.048,""
1b,null_base_n16000,null,,16000,all,2000,EDGE.poly2.u.Grule,0.1,0.09,0.00639921870231046,,,0,0.09,""
1b,null_base_n16000,null,,16000,all,2000,EDGE.poly2.sc.Grule,0.01,0.007,0.00186426929385215,,,0,0.007,""
1b,null_base_n16000,null,,16000,all,2000,EDGE.poly2.sc.Grule,0.05,0.0465,0.00470838348055891,,,0,0.0465,""
1b,null_base_n16000,null,,16000,all,2000,EDGE.poly2.sc.Grule,0.1,0.0915,0.00644700511865781,,,0,0.0915,""
1b,null_base_n16000,null,,16000,all,2000,EDGE.stk.u.Grule,0.01,0.007,0.00186426929385215,,,0,0.007,""
1b,null_base_n16000,null,,16000,all,2000,EDGE.stk.u.Grule,0.05,0.04,0.00438178046004133,,,0,0.04,""
1b,null_base_n16000,null,,16000,all,2000,EDGE.stk.u.Grule,0.1,0.0845,0.00621931467285585,,,0,0.0845,""
1b,null_base_n16000,null,,16000,all,2000,EDGE.stk.sc.Grule,0.01,0.0065,0.00179690706493129,,,0,0.0065,""
1b,null_base_n16000,null,,16000,all,2000,EDGE.stk.sc.Grule,0.05,0.0425,0.00451075104611194,,,0,0.0425,""
1b,null_base_n16000,null,,16000,all,2000,EDGE.stk.sc.Grule,0.1,0.092,0.00646281672337998,,,0,0.092,""
1b,null_base_n16000,null,,16000,all,2000,EDGE.sym.u.Grule,0.01,0.007,0.00186426929385215,,,0,0.007,""
1b,null_base_n16000,null,,16000,all,2000,EDGE.sym.u.Grule,0.05,0.037,0.00422084114839685,,,0,0.037,""
1b,null_base_n16000,null,,16000,all,2000,EDGE.sym.u.Grule,0.1,0.088,0.00633466652634533,,,0,0.088,""
1b,null_base_n16000,null,,16000,all,2000,EDGE.sym.sc.Grule,0.01,0.008,0.0019919839356782,,,0,0.008,""
1b,null_base_n16000,null,,16000,all,2000,EDGE.sym.sc.Grule,0.05,0.0395,0.00435544199823623,,,0,0.0395,""
1b,null_base_n16000,null,,16000,all,2000,EDGE.sym.sc.Grule,0.1,0.088,0.00633466652634533,,,0,0.088,""
1b,null_base_n16000,null,,16000,all,2000,HL.G10,0.01,0.0115,0.0023840878758972,,,0,0.0115,""
1b,null_base_n16000,null,,16000,all,2000,HL.G10,0.05,0.049,0.00482695556225661,,,0,0.049,""
1b,null_base_n16000,null,,16000,all,2000,HL.G10,0.1,0.0995,0.00669327087454258,,,0,0.0995,""
1b,null_base_n16000,null,,16000,all,2000,HL.Grule,0.01,0.0035,0.0013205585939291,,,0,0.0035,""
1b,null_base_n16000,null,,16000,all,2000,HL.Grule,0.05,0.042,0.00448530935387962,,,0,0.042,""
1b,null_base_n16000,null,,16000,all,2000,HL.Grule,0.1,0.0965,0.00660256578914591,,,0,0.0965,""
1b,null_base_n16000,null,,16000,all,2000,HLF.G10,0.01,0.0115,0.0023840878758972,,,0,0.0115,""
1b,null_base_n16000,null,,16000,all,2000,HLF.G10,0.05,0.049,0.00482695556225661,,,0,0.049,""
1b,null_base_n16000,null,,16000,all,2000,HLF.G10,0.1,0.0985,0.00666324808182916,,,0,0.0985,""
1b,null_base_n16000,null,,16000,all,2000,HLF.Grule,0.01,0.0035,0.0013205585939291,,,0,0.0035,""
1b,null_base_n16000,null,,16000,all,2000,HLF.Grule,0.05,0.0395,0.00435544199823623,,,0,0.0395,""
1b,null_base_n16000,null,,16000,all,2000,HLF.Grule,0.1,0.097,0.00661781686056663,,,0,0.097,""
1b,null_base_n16000,null,,16000,all,2000,Stk.joint,0.01,0.0095,0.00216907238237916,,,0,0.0095,""
1b,null_base_n16000,null,,16000,all,2000,Stk.joint,0.05,0.045,0.00463546114210873,,,0,0.045,""
1b,null_base_n16000,null,,16000,all,2000,Stk.joint,0.1,0.094,0.00652548848746207,,,0,0.094,""
1b,null_base_n16000,null,,16000,all,2000,Stk.LR,0.01,0.0095,0.00216907238237916,,,0,0.0095,""
1b,null_base_n16000,null,,16000,all,2000,Stk.LR,0.05,0.0455,0.00465992220965114,,,0,0.0455,""
1b,null_base_n16000,null,,16000,all,2000,Stk.LR,0.1,0.0945,0.00654101482951996,,,0,0.0945,""
1b,null_base_n16000,null,,16000,all,2000,Stk.sym1,0.01,0.008,0.0019919839356782,,,0,0.008,""
1b,null_base_n16000,null,,16000,all,2000,Stk.sym1,0.05,0.0405,0.00440793318914886,,,0,0.0405,""
1b,null_base_n16000,null,,16000,all,2000,Stk.sym1,0.1,0.0875,0.00631837597805006,,,0,0.0875,""
1b,null_base_n16000,null,,16000,all,2000,Stk.marg,0.01,0.0235,0.0033873108803297,,,0,0.0235,""
1b,null_base_n16000,null,,16000,all,2000,Stk.marg,0.05,0.065,0.00551248582764618,,,0,0.065,""
1b,null_base_n16000,null,,16000,all,2000,Stk.marg,0.1,0.1055,0.00686912476229687,,,0,0.1055,""
1b,null_base_n16000,null,,16000,all,2000,GiViTI,0.01,0.01,0.0022248595461287,,,0,0.01,""
1b,null_base_n16000,null,,16000,all,2000,GiViTI,0.05,0.0495,0.0048502448391808,,,0,0.0495,""
1b,null_base_n16000,null,,16000,all,2000,GiViTI,0.1,0.0875,0.00631837597805006,,,0,0.0875,""
1b,null_base_n16000,null,,16000,all,2000,GiViTI.t50,0.01,0.006,0.0017268468374468,,,0,0.006,""
1b,null_base_n16000,null,,16000,all,2000,GiViTI.t50,0.05,0.0475,0.00475624589355933,,,0,0.0475,""
1b,null_base_n16000,null,,16000,all,2000,GiViTI.t50,0.1,0.0845,0.00621931467285585,,,0,0.0845,""
1b,null_base_n16000,null,,16000,all,2000,Cubic.LR,0.01,0.0065,0.00179690706493129,,,0,0.0065,""
1b,null_base_n16000,null,,16000,all,2000,Cubic.LR,0.05,0.041,0.00443390347211123,,,0,0.041,""
1b,null_base_n16000,null,,16000,all,2000,Cubic.LR,0.1,0.085,0.00623598428477815,,,0,0.085,""
1b,null_base_n16000,null,,16000,all,2000,HL_w,0.01,0,0,,,1,,"not run (n >= 10,000)"
1b,null_base_n16000,null,,16000,all,2000,HL_w,0.05,0,0,,,1,,"not run (n >= 10,000)"
1b,null_base_n16000,null,,16000,all,2000,HL_w,0.1,0,0,,,1,,"not run (n >= 10,000)"
1b,null_base_n16000,null,,16000,all,2000,PH,0.01,0,0,,,1,,"not run (n >= 10,000)"
1b,null_base_n16000,null,,16000,all,2000,PH,0.05,0,0,,,1,,"not run (n >= 10,000)"
1b,null_base_n16000,null,,16000,all,2000,PH,0.1,0,0,,,1,,"not run (n >= 10,000)"
1b,null_base_n16000,null,,16000,all,2000,Tsiatis,0.01,0,0,,,1,,"not run (n >= 10,000)"
1b,null_base_n16000,null,,16000,all,2000,Tsiatis,0.05,0,0,,,1,,"not run (n >= 10,000)"
1b,null_base_n16000,null,,16000,all,2000,Tsiatis,0.1,0,0,,,1,,"not run (n >= 10,000)"
1b,null_base_n16000,null,,16000,all,2000,Xie,0.01,0,0,,,1,,"not run (n >= 10,000)"
1b,null_base_n16000,null,,16000,all,2000,Xie,0.05,0,0,,,1,,"not run (n >= 10,000)"
1b,null_base_n16000,null,,16000,all,2000,Xie,0.1,0,0,,,1,,"not run (n >= 10,000)"
1b,null_base_n16000,null,,16000,all,2000,PR,0.01,0,0,,,1,,"not run (n >= 10,000)"
1b,null_base_n16000,null,,16000,all,2000,PR,0.05,0,0,,,1,,"not run (n >= 10,000)"
1b,null_base_n16000,null,,16000,all,2000,PR,0.1,0,0,,,1,,"not run (n >= 10,000)"
1b,null_base_n20000,null,,20000,all,2000,flag.evlt.G10,,0,,,,0,,flag rate: share of replicates with the flag = 1
1b,null_base_n20000,null,,20000,all,2000,flag.evlt.Grule,,0,,,,0,,flag rate: share of replicates with the flag = 1
1b,null_base_n20000,null,,20000,all,2000,flag.stk_half0,,0,,,,0,,flag rate: share of replicates with the flag = 1
1b,null_base_n20000,null,,20000,all,2000,flag.stk_diag,,0,,,,0,,flag rate: share of replicates with the flag = 1
1b,null_base_n20000,null,,20000,all,2000,flag.rivals_run,,0,,,,0,,flag rate: share of replicates with the flag = 1
1b,null_base_n20000,null,,20000,all,2000,flag.degenerate,,0,,,,0,,flag rate: share of replicates with the flag = 1
1b,null_base_n20000,null,,20000,all,2000,flag.info_guard,,0,,,,0,,flag rate: share of replicates with the flag = 1
1b,null_base_n20000,null,,20000,all,2000,flag.rep_error,,0,,,,0,,flag rate: share of replicates with the flag = 1
1b,null_base_n20000,null,,20000,all,2000,EDGE.poly3.u.G10,0.01,0.0065,0.00179690706493129,,,0,0.0065,""
1b,null_base_n20000,null,,20000,all,2000,EDGE.poly3.u.G10,0.05,0.044,0.00458606585212206,,,0,0.044,""
1b,null_base_n20000,null,,20000,all,2000,EDGE.poly3.u.G10,0.1,0.0885,0.00635089560613304,,,0,0.0885,""
1b,null_base_n20000,null,,20000,all,2000,EDGE.poly3.sc.G10,0.01,0.0065,0.00179690706493129,,,0,0.0065,""
1b,null_base_n20000,null,,20000,all,2000,EDGE.poly3.sc.G10,0.05,0.0465,0.00470838348055891,,,0,0.0465,""
1b,null_base_n20000,null,,20000,all,2000,EDGE.poly3.sc.G10,0.1,0.089,0.00636706368744651,,,0,0.089,""
1b,null_base_n20000,null,,20000,all,2000,EDGE.poly2.u.G10,0.01,0.009,0.00211175282644537,,,0,0.009,""
1b,null_base_n20000,null,,20000,all,2000,EDGE.poly2.u.G10,0.05,0.0415,0.00445969449626317,,,0,0.0415,""
1b,null_base_n20000,null,,20000,all,2000,EDGE.poly2.u.G10,0.1,0.091,0.00643113520305708,,,0,0.091,""
1b,null_base_n20000,null,,20000,all,2000,EDGE.poly2.sc.G10,0.01,0.0095,0.00216907238237916,,,0,0.0095,""
1b,null_base_n20000,null,,20000,all,2000,EDGE.poly2.sc.G10,0.05,0.0425,0.00451075104611194,,,0,0.0425,""
1b,null_base_n20000,null,,20000,all,2000,EDGE.poly2.sc.G10,0.1,0.0915,0.00644700511865781,,,0,0.0915,""
1b,null_base_n20000,null,,20000,all,2000,EDGE.stk.u.G10,0.01,0.0115,0.0023840878758972,,,0,0.0115,""
1b,null_base_n20000,null,,20000,all,2000,EDGE.stk.u.G10,0.05,0.0445,0.00461084319837489,,,0,0.0445,""
1b,null_base_n20000,null,,20000,all,2000,EDGE.stk.u.G10,0.1,0.087,0.0063020234845643,,,0,0.087,""
1b,null_base_n20000,null,,20000,all,2000,EDGE.stk.sc.G10,0.01,0.0055,0.00165374574829385,,,0,0.0055,""
1b,null_base_n20000,null,,20000,all,2000,EDGE.stk.sc.G10,0.05,0.0485,0.00480352734977121,,,0,0.0485,""
1b,null_base_n20000,null,,20000,all,2000,EDGE.stk.sc.G10,0.1,0.088,0.00633466652634533,,,0,0.088,""
1b,null_base_n20000,null,,20000,all,2000,EDGE.sym.u.G10,0.01,0.011,0.00233227356885937,,,0,0.011,""
1b,null_base_n20000,null,,20000,all,2000,EDGE.sym.u.G10,0.05,0.045,0.00463546114210873,,,0,0.045,""
1b,null_base_n20000,null,,20000,all,2000,EDGE.sym.u.G10,0.1,0.0965,0.00660256578914591,,,0,0.0965,""
1b,null_base_n20000,null,,20000,all,2000,EDGE.sym.sc.G10,0.01,0.011,0.00233227356885937,,,0,0.011,""
1b,null_base_n20000,null,,20000,all,2000,EDGE.sym.sc.G10,0.05,0.045,0.00463546114210873,,,0,0.045,""
1b,null_base_n20000,null,,20000,all,2000,EDGE.sym.sc.G10,0.1,0.0935,0.00650990591329859,,,0,0.0935,""
1b,null_base_n20000,null,,20000,all,2000,EDGE.poly3.u.Grule,0.01,0.008,0.0019919839356782,,,0,0.008,""
1b,null_base_n20000,null,,20000,all,2000,EDGE.poly3.u.Grule,0.05,0.043,0.00453602248671675,,,0,0.043,""
1b,null_base_n20000,null,,20000,all,2000,EDGE.poly3.u.Grule,0.1,0.0875,0.00631837597805006,,,0,0.0875,""
1b,null_base_n20000,null,,20000,all,2000,EDGE.poly3.sc.Grule,0.01,0.009,0.00211175282644537,,,0,0.009,""
1b,null_base_n20000,null,,20000,all,2000,EDGE.poly3.sc.Grule,0.05,0.0465,0.00470838348055891,,,0,0.0465,""
1b,null_base_n20000,null,,20000,all,2000,EDGE.poly3.sc.Grule,0.1,0.0825,0.0061519813881383,,,0,0.0825,""
1b,null_base_n20000,null,,20000,all,2000,EDGE.poly2.u.Grule,0.01,0.008,0.0019919839356782,,,0,0.008,""
1b,null_base_n20000,null,,20000,all,2000,EDGE.poly2.u.Grule,0.05,0.0415,0.00445969449626317,,,0,0.0415,""
1b,null_base_n20000,null,,20000,all,2000,EDGE.poly2.u.Grule,0.1,0.091,0.00643113520305708,,,0,0.091,""
1b,null_base_n20000,null,,20000,all,2000,EDGE.poly2.sc.Grule,0.01,0.008,0.0019919839356782,,,0,0.008,""
1b,null_base_n20000,null,,20000,all,2000,EDGE.poly2.sc.Grule,0.05,0.0475,0.00475624589355933,,,0,0.0475,""
1b,null_base_n20000,null,,20000,all,2000,EDGE.poly2.sc.Grule,0.1,0.0905,0.00641520654383006,,,0,0.0905,""
1b,null_base_n20000,null,,20000,all,2000,EDGE.stk.u.Grule,0.01,0.0085,0.00205277251540447,,,0,0.0085,""
1b,null_base_n20000,null,,20000,all,2000,EDGE.stk.u.Grule,0.05,0.044,0.00458606585212206,,,0,0.044,""
1b,null_base_n20000,null,,20000,all,2000,EDGE.stk.u.Grule,0.1,0.0915,0.00644700511865781,,,0,0.0915,""
1b,null_base_n20000,null,,20000,all,2000,EDGE.stk.sc.Grule,0.01,0.0095,0.00216907238237916,,,0,0.0095,""
1b,null_base_n20000,null,,20000,all,2000,EDGE.stk.sc.Grule,0.05,0.0485,0.00480352734977121,,,0,0.0485,""
1b,null_base_n20000,null,,20000,all,2000,EDGE.stk.sc.Grule,0.1,0.094,0.00652548848746207,,,0,0.094,""
1b,null_base_n20000,null,,20000,all,2000,EDGE.sym.u.Grule,0.01,0.0085,0.00205277251540447,,,0,0.0085,""
1b,null_base_n20000,null,,20000,all,2000,EDGE.sym.u.Grule,0.05,0.05,0.00487339717240448,,,0,0.05,""
1b,null_base_n20000,null,,20000,all,2000,EDGE.sym.u.Grule,0.1,0.095,0.0065564853389602,,,0,0.095,""
1b,null_base_n20000,null,,20000,all,2000,EDGE.sym.sc.Grule,0.01,0.0105,0.00227922684259378,,,0,0.0105,""
1b,null_base_n20000,null,,20000,all,2000,EDGE.sym.sc.Grule,0.05,0.0485,0.00480352734977121,,,0,0.0485,""
1b,null_base_n20000,null,,20000,all,2000,EDGE.sym.sc.Grule,0.1,0.099,0.00667828570817392,,,0,0.099,""
1b,null_base_n20000,null,,20000,all,2000,HL.G10,0.01,0.006,0.0017268468374468,,,0,0.006,""
1b,null_base_n20000,null,,20000,all,2000,HL.G10,0.05,0.0415,0.00445969449626317,,,0,0.0415,""
1b,null_base_n20000,null,,20000,all,2000,HL.G10,0.1,0.086,0.00626913072124039,,,0,0.086,""
1b,null_base_n20000,null,,20000,all,2000,HL.Grule,0.01,0.0065,0.00179690706493129,,,0,0.0065,""
1b,null_base_n20000,null,,20000,all,2000,HL.Grule,0.05,0.0445,0.00461084319837489,,,0,0.0445,""
1b,null_base_n20000,null,,20000,all,2000,HL.Grule,0.1,0.0915,0.00644700511865781,,,0,0.0915,""
1b,null_base_n20000,null,,20000,all,2000,HLF.G10,0.01,0.006,0.0017268468374468,,,0,0.006,""
1b,null_base_n20000,null,,20000,all,2000,HLF.G10,0.05,0.041,0.00443390347211123,,,0,0.041,""
1b,null_base_n20000,null,,20000,all,2000,HLF.G10,0.1,0.0865,0.00628560856242258,,,0,0.0865,""
1b,null_base_n20000,null,,20000,all,2000,HLF.Grule,0.01,0.0065,0.00179690706493129,,,0,0.0065,""
1b,null_base_n20000,null,,20000,all,2000,HLF.Grule,0.05,0.0455,0.00465992220965114,,,0,0.0455,""
1b,null_base_n20000,null,,20000,all,2000,HLF.Grule,0.1,0.0905,0.00641520654383006,,,0,0.0905,""
1b,null_base_n20000,null,,20000,all,2000,Stk.joint,0.01,0.0095,0.00216907238237916,,,0,0.0095,""
1b,null_base_n20000,null,,20000,all,2000,Stk.joint,0.05,0.0425,0.00451075104611194,,,0,0.0425,""
1b,null_base_n20000,null,,20000,all,2000,Stk.joint,0.1,0.0865,0.00628560856242258,,,0,0.0865,""
1b,null_base_n20000,null,,20000,all,2000,Stk.LR,0.01,0.009,0.00211175282644537,,,0,0.009,""
1b,null_base_n20000,null,,20000,all,2000,Stk.LR,0.05,0.042,0.00448530935387962,,,0,0.042,""
1b,null_base_n20000,null,,20000,all,2000,Stk.LR,0.1,0.0875,0.00631837597805006,,,0,0.0875,""
1b,null_base_n20000,null,,20000,all,2000,Stk.sym1,0.01,0.01,0.0022248595461287,,,0,0.01,""
1b,null_base_n20000,null,,20000,all,2000,Stk.sym1,0.05,0.048,0.00477995815881269,,,0,0.048,""
1b,null_base_n20000,null,,20000,all,2000,Stk.sym1,0.1,0.099,0.00667828570817392,,,0,0.099,""
1b,null_base_n20000,null,,20000,all,2000,Stk.marg,0.01,0.016,0.00280570846668003,,,0,0.016,""
1b,null_base_n20000,null,,20000,all,2000,Stk.marg,0.05,0.0575,0.00520546587732549,,,0,0.0575,""
1b,null_base_n20000,null,,20000,all,2000,Stk.marg,0.1,0.1095,0.00698246911915835,,,0,0.1095,""
1b,null_base_n20000,null,,20000,all,2000,GiViTI,0.01,0.009,0.00211175282644537,,,0,0.009,""
1b,null_base_n20000,null,,20000,all,2000,GiViTI,0.05,0.0405,0.00440793318914886,,,0,0.0405,""
1b,null_base_n20000,null,,20000,all,2000,GiViTI,0.1,0.0925,0.00647857044416436,,,0,0.0925,""
1b,null_base_n20000,null,,20000,all,2000,GiViTI.t50,0.01,0.0075,0.00192921616207205,,,0,0.0075,""
1b,null_base_n20000,null,,20000,all,2000,GiViTI.t50,0.05,0.0435,0.00456112650559048,,,0,0.0435,""
1b,null_base_n20000,null,,20000,all,2000,GiViTI.t50,0.1,0.091,0.00643113520305708,,,0,0.091,""
1b,null_base_n20000,null,,20000,all,2000,Cubic.LR,0.01,0.0085,0.00205277251540447,,,0,0.0085,""
1b,null_base_n20000,null,,20000,all,2000,Cubic.LR,0.05,0.0415,0.00445969449626317,,,0,0.0415,""
1b,null_base_n20000,null,,20000,all,2000,Cubic.LR,0.1,0.087,0.0063020234845643,,,0,0.087,""
1b,null_base_n20000,null,,20000,all,2000,HL_w,0.01,0,0,,,1,,"not run (n >= 10,000)"
1b,null_base_n20000,null,,20000,all,2000,HL_w,0.05,0,0,,,1,,"not run (n >= 10,000)"
1b,null_base_n20000,null,,20000,all,2000,HL_w,0.1,0,0,,,1,,"not run (n >= 10,000)"
1b,null_base_n20000,null,,20000,all,2000,PH,0.01,0,0,,,1,,"not run (n >= 10,000)"
1b,null_base_n20000,null,,20000,all,2000,PH,0.05,0,0,,,1,,"not run (n >= 10,000)"
1b,null_base_n20000,null,,20000,all,2000,PH,0.1,0,0,,,1,,"not run (n >= 10,000)"
1b,null_base_n20000,null,,20000,all,2000,Tsiatis,0.01,0,0,,,1,,"not run (n >= 10,000)"
1b,null_base_n20000,null,,20000,all,2000,Tsiatis,0.05,0,0,,,1,,"not run (n >= 10,000)"
1b,null_base_n20000,null,,20000,all,2000,Tsiatis,0.1,0,0,,,1,,"not run (n >= 10,000)"
1b,null_base_n20000,null,,20000,all,2000,Xie,0.01,0,0,,,1,,"not run (n >= 10,000)"
1b,null_base_n20000,null,,20000,all,2000,Xie,0.05,0,0,,,1,,"not run (n >= 10,000)"
1b,null_base_n20000,null,,20000,all,2000,Xie,0.1,0,0,,,1,,"not run (n >= 10,000)"
1b,null_base_n20000,null,,20000,all,2000,PR,0.01,0,0,,,1,,"not run (n >= 10,000)"
1b,null_base_n20000,null,,20000,all,2000,PR,0.05,0,0,,,1,,"not run (n >= 10,000)"
1b,null_base_n20000,null,,20000,all,2000,PR,0.1,0,0,,,1,,"not run (n >= 10,000)"
1b,null_auc_n380,null,,380,all,2000,flag.evlt.G10,,0,,,,0,,flag rate: share of replicates with the flag = 1
1b,null_auc_n380,null,,380,all,2000,flag.evlt.Grule,,0,,,,0,,flag rate: share of replicates with the flag = 1
1b,null_auc_n380,null,,380,all,2000,flag.stk_half0,,0,,,,0,,flag rate: share of replicates with the flag = 1
1b,null_auc_n380,null,,380,all,2000,flag.stk_diag,,5e-04,,,,0,,flag rate: share of replicates with the flag = 1
1b,null_auc_n380,null,,380,all,2000,flag.rivals_run,,1,,,,0,,flag rate: share of replicates with the flag = 1
1b,null_auc_n380,null,,380,all,2000,flag.degenerate,,0,,,,0,,flag rate: share of replicates with the flag = 1
1b,null_auc_n380,null,,380,all,2000,flag.info_guard,,0,,,,0,,flag rate: share of replicates with the flag = 1
1b,null_auc_n380,null,,380,all,2000,flag.rep_error,,0,,,,0,,flag rate: share of replicates with the flag = 1
1b,null_auc_n380,null,,380,all,2000,EDGE.poly3.u.G10,0.01,0.0125,0.00248432586429397,,,0,0.0125,""
1b,null_auc_n380,null,,380,all,2000,EDGE.poly3.u.G10,0.05,0.0535,0.00503178646208283,,,0,0.0535,""
1b,null_auc_n380,null,,380,all,2000,EDGE.poly3.u.G10,0.1,0.097,0.00661781686056663,,,0,0.097,""
1b,null_auc_n380,null,,380,all,2000,EDGE.poly3.sc.G10,0.01,0.0105,0.00227922684259378,,,0,0.0105,""
1b,null_auc_n380,null,,380,all,2000,EDGE.poly3.sc.G10,0.05,0.055,0.00509779364038993,,,0,0.055,""
1b,null_auc_n380,null,,380,all,2000,EDGE.poly3.sc.G10,0.1,0.1055,0.00686912476229687,,,0,0.1055,""
1b,null_auc_n380,null,,380,all,2000,EDGE.poly2.u.G10,0.01,0.013,0.00253288373203351,,,0,0.013,""
1b,null_auc_n380,null,,380,all,2000,EDGE.poly2.u.G10,0.05,0.055,0.00509779364038993,,,0,0.055,""
1b,null_auc_n380,null,,380,all,2000,EDGE.poly2.u.G10,0.1,0.101,0.00673791510780598,,,0,0.101,""
1b,null_auc_n380,null,,380,all,2000,EDGE.poly2.sc.G10,0.01,0.0105,0.00227922684259378,,,0,0.0105,""
1b,null_auc_n380,null,,380,all,2000,EDGE.poly2.sc.G10,0.05,0.054,0.00505390937789747,,,0,0.054,""
1b,null_auc_n380,null,,380,all,2000,EDGE.poly2.sc.G10,0.1,0.1005,0.00672308522926788,,,0,0.1005,""
1b,null_auc_n380,null,,380,all,2000,EDGE.stk.u.G10,0.01,0.015,0.00271799558498538,,,0,0.015,""
1b,null_auc_n380,null,,380,all,2000,EDGE.stk.u.G10,0.05,0.0495,0.0048502448391808,,,0,0.0495,""
1b,null_auc_n380,null,,380,all,2000,EDGE.stk.u.G10,0.1,0.089,0.00636706368744651,,,0,0.089,""
1b,null_auc_n380,null,,380,all,2000,EDGE.stk.sc.G10,0.01,0.013,0.00253288373203351,,,0,0.013,""
1b,null_auc_n380,null,,380,all,2000,EDGE.stk.sc.G10,0.05,0.0565,0.00516273909857936,,,0,0.0565,""
1b,null_auc_n380,null,,380,all,2000,EDGE.stk.sc.G10,0.1,0.1025,0.00678209960115597,,,0,0.1025,""
1b,null_auc_n380,null,,380,all,2000,EDGE.sym.u.G10,0.01,0.016,0.00280570846668003,,,0,0.016,""
1b,null_auc_n380,null,,380,all,2000,EDGE.sym.u.G10,0.05,0.04,0.00438178046004133,,,0,0.04,""
1b,null_auc_n380,null,,380,all,2000,EDGE.sym.u.G10,0.1,0.085,0.00623598428477815,,,0,0.085,""
1b,null_auc_n380,null,,380,all,2000,EDGE.sym.sc.G10,0.01,0.0115,0.0023840878758972,,,0,0.0115,""
1b,null_auc_n380,null,,380,all,2000,EDGE.sym.sc.G10,0.05,0.048,0.00477995815881269,,,0,0.048,""
1b,null_auc_n380,null,,380,all,2000,EDGE.sym.sc.G10,0.1,0.098,0.00664815763952691,,,0,0.098,""
1b,null_auc_n380,null,,380,all,2000,EDGE.poly3.u.Grule,0.01,0.0125,0.00248432586429397,,,0,0.0125,""
1b,null_auc_n380,null,,380,all,2000,EDGE.poly3.u.Grule,0.05,0.052,0.00496467521596328,,,0,0.052,""
1b,null_auc_n380,null,,380,all,2000,EDGE.poly3.u.Grule,0.1,0.1,0.00670820393249937,,,0,0.1,""
1b,null_auc_n380,null,,380,all,2000,EDGE.poly3.sc.Grule,0.01,0.0105,0.00227922684259378,,,0,0.0105,""
1b,null_auc_n380,null,,380,all,2000,EDGE.poly3.sc.Grule,0.05,0.049,0.00482695556225661,,,0,0.049,""
1b,null_auc_n380,null,,380,all,2000,EDGE.poly3.sc.Grule,0.1,0.097,0.00661781686056663,,,0,0.097,""
1b,null_auc_n380,null,,380,all,2000,EDGE.poly2.u.Grule,0.01,0.0105,0.00227922684259378,,,0,0.0105,""
1b,null_auc_n380,null,,380,all,2000,EDGE.poly2.u.Grule,0.05,0.0545,0.00507591124823908,,,0,0.0545,""
1b,null_auc_n380,null,,380,all,2000,EDGE.poly2.u.Grule,0.1,0.1055,0.00686912476229687,,,0,0.1055,""
1b,null_auc_n380,null,,380,all,2000,EDGE.poly2.sc.Grule,0.01,0.0065,0.00179690706493129,,,0,0.0065,""
1b,null_auc_n380,null,,380,all,2000,EDGE.poly2.sc.Grule,0.05,0.0495,0.0048502448391808,,,0,0.0495,""
1b,null_auc_n380,null,,380,all,2000,EDGE.poly2.sc.Grule,0.1,0.1,0.00670820393249937,,,0,0.1,""
1b,null_auc_n380,null,,380,all,2000,EDGE.stk.u.Grule,0.01,0.0155,0.00276222283677476,,,0,0.0155,""
1b,null_auc_n380,null,,380,all,2000,EDGE.stk.u.Grule,0.05,0.059,0.00526872849936301,,,0,0.059,""
1b,null_auc_n380,null,,380,all,2000,EDGE.stk.u.Grule,0.1,0.0965,0.00660256578914591,,,0,0.0965,""
1b,null_auc_n380,null,,380,all,2000,EDGE.stk.sc.Grule,0.01,0.0105,0.00227922684259378,,,0,0.0105,""
1b,null_auc_n380,null,,380,all,2000,EDGE.stk.sc.Grule,0.05,0.048,0.00477995815881269,,,0,0.048,""
1b,null_auc_n380,null,,380,all,2000,EDGE.stk.sc.Grule,0.1,0.0975,0.00663301402079025,,,0,0.0975,""
1b,null_auc_n380,null,,380,all,2000,EDGE.sym.u.Grule,0.01,0.0175,0.00293204280323463,,,0,0.0175,""
1b,null_auc_n380,null,,380,all,2000,EDGE.sym.u.Grule,0.05,0.048,0.00477995815881269,,,0,0.048,""
1b,null_auc_n380,null,,380,all,2000,EDGE.sym.u.Grule,0.1,0.088,0.00633466652634533,,,0,0.088,""
1b,null_auc_n380,null,,380,all,2000,EDGE.sym.sc.Grule,0.01,0.012,0.00243474844696531,,,0,0.012,""
1b,null_auc_n380,null,,380,all,2000,EDGE.sym.sc.Grule,0.05,0.048,0.00477995815881269,,,0,0.048,""
1b,null_auc_n380,null,,380,all,2000,EDGE.sym.sc.Grule,0.1,0.092,0.00646281672337998,,,0,0.092,""
1b,null_auc_n380,null,,380,all,2000,HL.G10,0.01,0.01,0.0022248595461287,,,0,0.01,""
1b,null_auc_n380,null,,380,all,2000,HL.G10,0.05,0.057,0.00518415856238985,,,0,0.057,""
1b,null_auc_n380,null,,380,all,2000,HL.G10,0.1,0.1005,0.00672308522926788,,,0,0.1005,""
1b,null_auc_n380,null,,380,all,2000,HL.Grule,0.01,0.0135,0.00258047960658479,,,0,0.0135,""
1b,null_auc_n380,null,,380,all,2000,HL.Grule,0.05,0.0505,0.00489641450451246,,,0,0.0505,""
1b,null_auc_n380,null,,380,all,2000,HL.Grule,0.1,0.1115,0.00703803061942757,,,0,0.1115,""
1b,null_auc_n380,null,,380,all,2000,HLF.G10,0.01,0.01,0.0022248595461287,,,0,0.01,""
1b,null_auc_n380,null,,380,all,2000,HLF.G10,0.05,0.0515,0.00494205169944629,,,0,0.0515,""
1b,null_auc_n380,null,,380,all,2000,HLF.G10,0.1,0.0965,0.00660256578914591,,,0,0.0965,""
1b,null_auc_n380,null,,380,all,2000,HLF.Grule,0.01,0.011,0.00233227356885937,,,0,0.011,""
1b,null_auc_n380,null,,380,all,2000,HLF.Grule,0.05,0.0475,0.00475624589355933,,,0,0.0475,""
1b,null_auc_n380,null,,380,all,2000,HLF.Grule,0.1,0.0945,0.00654101482951996,,,0,0.0945,""
1b,null_auc_n380,null,,380,all,2000,Stk.joint,0.01,0.0135,0.00258047960658479,,,0,0.0135,""
1b,null_auc_n380,null,,380,all,2000,Stk.joint,0.05,0.048,0.00477995815881269,,,0,0.048,""
1b,null_auc_n380,null,,380,all,2000,Stk.joint,0.1,0.1,0.00670820393249937,,,0,0.1,""
1b,null_auc_n380,null,,380,all,2000,Stk.LR,0.01,0.011,0.00233227356885937,,,0,0.011,""
1b,null_auc_n380,null,,380,all,2000,Stk.LR,0.05,0.06,0.0053103672189407,,,0,0.06,""
1b,null_auc_n380,null,,380,all,2000,Stk.LR,0.1,0.1145,0.00712003335666344,,,0,0.1145,""
1b,null_auc_n380,null,,380,all,2000,Stk.sym1,0.01,0.0135,0.00258047960658479,,,0,0.0135,""
1b,null_auc_n380,null,,380,all,2000,Stk.sym1,0.05,0.045,0.00463546114210873,,,0,0.045,""
1b,null_auc_n380,null,,380,all,2000,Stk.sym1,0.1,0.0965,0.00660256578914591,,,0,0.0965,""
1b,null_auc_n380,null,,380,all,2000,Stk.marg,0.01,0.023,0.00335193973692846,,,0,0.023,""
1b,null_auc_n380,null,,380,all,2000,Stk.marg,0.05,0.0755,0.00590761161553466,,,0,0.0755,""
1b,null_auc_n380,null,,380,all,2000,Stk.marg,0.1,0.119,0.00724013121428058,,,0,0.119,""
1b,null_auc_n380,null,,380,all,2000,GiViTI,0.01,0.0105,0.00227922684259378,,,0,0.0105,""
1b,null_auc_n380,null,,380,all,2000,GiViTI,0.05,0.0585,0.0052477495176504,,,0,0.0585,""
1b,null_auc_n380,null,,380,all,2000,GiViTI,0.1,0.112,0.00705180827873248,,,0,0.112,""
1b,null_auc_n380,null,,380,all,2000,GiViTI.t50,0.01,0.011,0.00233227356885937,,,0,0.011,""
1b,null_auc_n380,null,,380,all,2000,GiViTI.t50,0.05,0.051,0.00491929873051028,,,0,0.051,""
1b,null_auc_n380,null,,380,all,2000,GiViTI.t50,0.1,0.108,0.0069403169956422,,,0,0.108,""
1b,null_auc_n380,null,,380,all,2000,Cubic.LR,0.01,0.012,0.00243474844696531,,,0,0.012,""
1b,null_auc_n380,null,,380,all,2000,Cubic.LR,0.05,0.0605,0.0053310294503032,,,0,0.0605,""
1b,null_auc_n380,null,,380,all,2000,Cubic.LR,0.1,0.1175,0.00720047741472744,,,0,0.1175,""
1b,null_auc_n380,null,,380,all,2000,HL_w,0.01,0.006,0.0017268468374468,,,0,0.006,""
1b,null_auc_n380,null,,380,all,2000,HL_w,0.05,0.045,0.00463546114210873,,,0,0.045,""
1b,null_auc_n380,null,,380,all,2000,HL_w,0.1,0.0985,0.00666324808182916,,,0,0.0985,""
1b,null_auc_n380,null,,380,all,2000,PH,0.01,0.0075,0.00192921616207205,,,0,0.0075,""
1b,null_auc_n380,null,,380,all,2000,PH,0.05,0.038,0.00427527776875375,,,0,0.038,""
1b,null_auc_n380,null,,380,all,2000,PH,0.1,0.0695,0.00568637626261225,,,0,0.0695,""
1b,null_auc_n380,null,,380,all,2000,Tsiatis,0.01,0.0105,0.00227922684259378,,,0,0.0105,""
1b,null_auc_n380,null,,380,all,2000,Tsiatis,0.05,0.052,0.00496467521596328,,,0,0.052,""
1b,null_auc_n380,null,,380,all,2000,Tsiatis,0.1,0.101,0.00673791510780598,,,0,0.101,""
1b,null_auc_n380,null,,380,all,2000,Xie,0.01,0.0075,0.00192921616207205,,,0,0.0075,""
1b,null_auc_n380,null,,380,all,2000,Xie,0.05,0.036,0.00416557318985035,,,0,0.036,""
1b,null_auc_n380,null,,380,all,2000,Xie,0.1,0.0625,0.00541265877365274,,,0,0.0625,""
1b,null_auc_n380,null,,380,all,2000,PR,0.01,0.008,0.0019919839356782,,,0,0.008,""
1b,null_auc_n380,null,,380,all,2000,PR,0.05,0.0575,0.00520546587732549,,,0,0.0575,""
1b,null_auc_n380,null,,380,all,2000,PR,0.1,0.1265,0.0074329586975847,,,0,0.1265,""
1b,null_auc_n460,null,,460,all,2000,flag.evlt.G10,,0,,,,0,,flag rate: share of replicates with the flag = 1
1b,null_auc_n460,null,,460,all,2000,flag.evlt.Grule,,0,,,,0,,flag rate: share of replicates with the flag = 1
1b,null_auc_n460,null,,460,all,2000,flag.stk_half0,,0,,,,0,,flag rate: share of replicates with the flag = 1
1b,null_auc_n460,null,,460,all,2000,flag.stk_diag,,0,,,,0,,flag rate: share of replicates with the flag = 1
1b,null_auc_n460,null,,460,all,2000,flag.rivals_run,,1,,,,0,,flag rate: share of replicates with the flag = 1
1b,null_auc_n460,null,,460,all,2000,flag.degenerate,,0,,,,0,,flag rate: share of replicates with the flag = 1
1b,null_auc_n460,null,,460,all,2000,flag.info_guard,,0,,,,0,,flag rate: share of replicates with the flag = 1
1b,null_auc_n460,null,,460,all,2000,flag.rep_error,,0,,,,0,,flag rate: share of replicates with the flag = 1
1b,null_auc_n460,null,,460,all,2000,EDGE.poly3.u.G10,0.01,0.0095,0.00216907238237916,,,0,0.0095,""
1b,null_auc_n460,null,,460,all,2000,EDGE.poly3.u.G10,0.05,0.048,0.00477995815881269,,,0,0.048,""
1b,null_auc_n460,null,,460,all,2000,EDGE.poly3.u.G10,0.1,0.1015,0.00675269390687894,,,0,0.1015,""
1b,null_auc_n460,null,,460,all,2000,EDGE.poly3.sc.G10,0.01,0.007,0.00186426929385215,,,0,0.007,""
1b,null_auc_n460,null,,460,all,2000,EDGE.poly3.sc.G10,0.05,0.0415,0.00445969449626317,,,0,0.0415,""
1b,null_auc_n460,null,,460,all,2000,EDGE.poly3.sc.G10,0.1,0.0925,0.00647857044416436,,,0,0.0925,""
1b,null_auc_n460,null,,460,all,2000,EDGE.poly2.u.G10,0.01,0.0105,0.00227922684259378,,,0,0.0105,""
1b,null_auc_n460,null,,460,all,2000,EDGE.poly2.u.G10,0.05,0.05,0.00487339717240448,,,0,0.05,""
1b,null_auc_n460,null,,460,all,2000,EDGE.poly2.u.G10,0.1,0.102,0.00676742196113114,,,0,0.102,""
1b,null_auc_n460,null,,460,all,2000,EDGE.poly2.sc.G10,0.01,0.007,0.00186426929385215,,,0,0.007,""
1b,null_auc_n460,null,,460,all,2000,EDGE.poly2.sc.G10,0.05,0.0455,0.00465992220965114,,,0,0.0455,""
1b,null_auc_n460,null,,460,all,2000,EDGE.poly2.sc.G10,0.1,0.093,0.00649426670225361,,,0,0.093,""
1b,null_auc_n460,null,,460,all,2000,EDGE.stk.u.G10,0.01,0.0145,0.00267298989897081,,,0,0.0145,""
1b,null_auc_n460,null,,460,all,2000,EDGE.stk.u.G10,0.05,0.0455,0.00465992220965114,,,0,0.0455,""
1b,null_auc_n460,null,,460,all,2000,EDGE.stk.u.G10,0.1,0.0895,0.00638317123379908,,,0,0.0895,""
1b,null_auc_n460,null,,460,all,2000,EDGE.stk.sc.G10,0.01,0.0065,0.00179690706493129,,,0,0.0065,""
1b,null_auc_n460,null,,460,all,2000,EDGE.stk.sc.G10,0.05,0.0405,0.00440793318914886,,,0,0.0405,""
1b,null_auc_n460,null,,460,all,2000,EDGE.stk.sc.G10,0.1,0.094,0.00652548848746207,,,0,0.094,""
1b,null_auc_n460,null,,460,all,2000,EDGE.sym.u.G10,0.01,0.0145,0.00267298989897081,,,0,0.0145,""
1b,null_auc_n460,null,,460,all,2000,EDGE.sym.u.G10,0.05,0.046,0.00468422885862764,,,0,0.046,""
1b,null_auc_n460,null,,460,all,2000,EDGE.sym.u.G10,0.1,0.102,0.00676742196113114,,,0,0.102,""
1b,null_auc_n460,null,,460,all,2000,EDGE.sym.sc.G10,0.01,0.01,0.0022248595461287,,,0,0.01,""
1b,null_auc_n460,null,,460,all,2000,EDGE.sym.sc.G10,0.05,0.053,0.0050095408971282,,,0,0.053,""
1b,null_auc_n460,null,,460,all,2000,EDGE.sym.sc.G10,0.1,0.107,0.0069119823495145,,,0,0.107,""
1b,null_auc_n460,null,,460,all,2000,EDGE.poly3.u.Grule,0.01,0.009,0.00211175282644537,,,0,0.009,""
1b,null_auc_n460,null,,460,all,2000,EDGE.poly3.u.Grule,0.05,0.0465,0.00470838348055891,,,0,0.0465,""
1b,null_auc_n460,null,,460,all,2000,EDGE.poly3.u.Grule,0.1,0.0945,0.00654101482951996,,,0,0.0945,""
1b,null_auc_n460,null,,460,all,2000,EDGE.poly3.sc.Grule,0.01,0.0065,0.00179690706493129,,,0,0.0065,""
1b,null_auc_n460,null,,460,all,2000,EDGE.poly3.sc.Grule,0.05,0.0445,0.00461084319837489,,,0,0.0445,""
1b,null_auc_n460,null,,460,all,2000,EDGE.poly3.sc.Grule,0.1,0.0915,0.00644700511865781,,,0,0.0915,""
1b,null_auc_n460,null,,460,all,2000,EDGE.poly2.u.Grule,0.01,0.0085,0.00205277251540447,,,0,0.0085,""
1b,null_auc_n460,null,,460,all,2000,EDGE.poly2.u.Grule,0.05,0.048,0.00477995815881269,,,0,0.048,""
1b,null_auc_n460,null,,460,all,2000,EDGE.poly2.u.Grule,0.1,0.1,0.00670820393249937,,,0,0.1,""
1b,null_auc_n460,null,,460,all,2000,EDGE.poly2.sc.Grule,0.01,0.0065,0.00179690706493129,,,0,0.0065,""
1b,null_auc_n460,null,,460,all,2000,EDGE.poly2.sc.Grule,0.05,0.046,0.00468422885862764,,,0,0.046,""
1b,null_auc_n460,null,,460,all,2000,EDGE.poly2.sc.Grule,0.1,0.0995,0.00669327087454258,,,0,0.0995,""
1b,null_auc_n460,null,,460,all,2000,EDGE.stk.u.Grule,0.01,0.014,0.00262716577322407,,,0,0.014,""
1b,null_auc_n460,null,,460,all,2000,EDGE.stk.u.Grule,0.05,0.045,0.00463546114210873,,,0,0.045,""
1b,null_auc_n460,null,,460,all,2000,EDGE.stk.u.Grule,0.1,0.0965,0.00660256578914591,,,0,0.0965,""
1b,null_auc_n460,null,,460,all,2000,EDGE.stk.sc.Grule,0.01,0.009,0.00211175282644537,,,0,0.009,""
1b,null_auc_n460,null,,460,all,2000,EDGE.stk.sc.Grule,0.05,0.045,0.00463546114210873,,,0,0.045,""
1b,null_auc_n460,null,,460,all,2000,EDGE.stk.sc.Grule,0.1,0.098,0.00664815763952691,,,0,0.098,""
1b,null_auc_n460,null,,460,all,2000,EDGE.sym.u.Grule,0.01,0.012,0.00243474844696531,,,0,0.012,""
1b,null_auc_n460,null,,460,all,2000,EDGE.sym.u.Grule,0.05,0.0485,0.00480352734977121,,,0,0.0485,""
1b,null_auc_n460,null,,460,all,2000,EDGE.sym.u.Grule,0.1,0.096,0.00658726043207645,,,0,0.096,""
1b,null_auc_n460,null,,460,all,2000,EDGE.sym.sc.Grule,0.01,0.0105,0.00227922684259378,,,0,0.0105,""
1b,null_auc_n460,null,,460,all,2000,EDGE.sym.sc.Grule,0.05,0.048,0.00477995815881269,,,0,0.048,""
1b,null_auc_n460,null,,460,all,2000,EDGE.sym.sc.Grule,0.1,0.1035,0.00681130494105204,,,0,0.1035,""
1b,null_auc_n460,null,,460,all,2000,HL.G10,0.01,0.009,0.00211175282644537,,,0,0.009,""
1b,null_auc_n460,null,,460,all,2000,HL.G10,0.05,0.045,0.00463546114210873,,,0,0.045,""
1b,null_auc_n460,null,,460,all,2000,HL.G10,0.1,0.0935,0.00650990591329859,,,0,0.0935,""
1b,null_auc_n460,null,,460,all,2000,HL.Grule,0.01,0.01,0.0022248595461287,,,0,0.01,""
1b,null_auc_n460,null,,460,all,2000,HL.Grule,0.05,0.0575,0.00520546587732549,,,0,0.0575,""
1b,null_auc_n460,null,,460,all,2000,HL.Grule,0.1,0.1,0.00670820393249937,,,0,0.1,""
1b,null_auc_n460,null,,460,all,2000,HLF.G10,0.01,0.0065,0.00179690706493129,,,0,0.0065,""
1b,null_auc_n460,null,,460,all,2000,HLF.G10,0.05,0.0425,0.00451075104611194,,,0,0.0425,""
1b,null_auc_n460,null,,460,all,2000,HLF.G10,0.1,0.093,0.00649426670225361,,,0,0.093,""
1b,null_auc_n460,null,,460,all,2000,HLF.Grule,0.01,0.0095,0.00216907238237916,,,0,0.0095,""
1b,null_auc_n460,null,,460,all,2000,HLF.Grule,0.05,0.0435,0.00456112650559048,,,0,0.0435,""
1b,null_auc_n460,null,,460,all,2000,HLF.Grule,0.1,0.0865,0.00628560856242258,,,0,0.0865,""
1b,null_auc_n460,null,,460,all,2000,Stk.joint,0.01,0.0085,0.00205277251540447,,,0,0.0085,""
1b,null_auc_n460,null,,460,all,2000,Stk.joint,0.05,0.0465,0.00470838348055891,,,0,0.0465,""
1b,null_auc_n460,null,,460,all,2000,Stk.joint,0.1,0.0875,0.00631837597805006,,,0,0.0875,""
1b,null_auc_n460,null,,460,all,2000,Stk.LR,0.01,0.011,0.00233227356885937,,,0,0.011,""
1b,null_auc_n460,null,,460,all,2000,Stk.LR,0.05,0.0485,0.00480352734977121,,,0,0.0485,""
1b,null_auc_n460,null,,460,all,2000,Stk.LR,0.1,0.1075,0.00692617318582202,,,0,0.1075,""
1b,null_auc_n460,null,,460,all,2000,Stk.sym1,0.01,0.0105,0.00227922684259378,,,0,0.0105,""
1b,null_auc_n460,null,,460,all,2000,Stk.sym1,0.05,0.049,0.00482695556225661,,,0,0.049,""
1b,null_auc_n460,null,,460,all,2000,Stk.sym1,0.1,0.0955,0.00657190041007926,,,0,0.0955,""
1b,null_auc_n460,null,,460,all,2000,Stk.marg,0.01,0.0185,0.00301311715670002,,,0,0.0185,""
1b,null_auc_n460,null,,460,all,2000,Stk.marg,0.05,0.064,0.00547284204047586,,,0,0.064,""
1b,null_auc_n460,null,,460,all,2000,Stk.marg,0.1,0.1145,0.00712003335666344,,,0,0.1145,""
1b,null_auc_n460,null,,460,all,2000,GiViTI,0.01,0.0055,0.00165374574829385,,,0,0.0055,""
1b,null_auc_n460,null,,460,all,2000,GiViTI,0.05,0.048,0.00477995815881269,,,0,0.048,""
1b,null_auc_n460,null,,460,all,2000,GiViTI,0.1,0.097,0.00661781686056663,,,0,0.097,""
1b,null_auc_n460,null,,460,all,2000,GiViTI.t50,0.01,0.0065,0.00179690706493129,,,0,0.0065,""
1b,null_auc_n460,null,,460,all,2000,GiViTI.t50,0.05,0.051,0.00491929873051028,,,0,0.051,""
1b,null_auc_n460,null,,460,all,2000,GiViTI.t50,0.1,0.1105,0.00701034057660539,,,0,0.1105,""
1b,null_auc_n460,null,,460,all,2000,Cubic.LR,0.01,0.0105,0.00227922684259378,,,0,0.0105,""
1b,null_auc_n460,null,,460,all,2000,Cubic.LR,0.05,0.052,0.00496467521596328,,,0,0.052,""
1b,null_auc_n460,null,,460,all,2000,Cubic.LR,0.1,0.11,0.00699642765988472,,,0,0.11,""
1b,null_auc_n460,null,,460,all,2000,HL_w,0.01,0.013,0.00253288373203351,,,0,0.013,""
1b,null_auc_n460,null,,460,all,2000,HL_w,0.05,0.045,0.00463546114210873,,,0,0.045,""
1b,null_auc_n460,null,,460,all,2000,HL_w,0.1,0.0905,0.00641520654383006,,,0,0.0905,""
1b,null_auc_n460,null,,460,all,2000,PH,0.01,0.006,0.0017268468374468,,,0,0.006,""
1b,null_auc_n460,null,,460,all,2000,PH,0.05,0.0285,0.0037207358143249,,,0,0.0285,""
1b,null_auc_n460,null,,460,all,2000,PH,0.1,0.064,0.00547284204047586,,,0,0.064,""
1b,null_auc_n460,null,,460,all,2000,Tsiatis,0.01,0.009,0.00211175282644537,,,0,0.009,""
1b,null_auc_n460,null,,460,all,2000,Tsiatis,0.05,0.05,0.00487339717240448,,,0,0.05,""
1b,null_auc_n460,null,,460,all,2000,Tsiatis,0.1,0.089,0.00636706368744651,,,0,0.089,""
1b,null_auc_n460,null,,460,all,2000,Xie,0.01,0.0035,0.0013205585939291,,,0,0.0035,""
1b,null_auc_n460,null,,460,all,2000,Xie,0.05,0.0255,0.00352489361541593,,,0,0.0255,""
1b,null_auc_n460,null,,460,all,2000,Xie,0.1,0.056,0.00514120608417908,,,0,0.056,""
1b,null_auc_n460,null,,460,all,2000,PR,0.01,0.0095,0.00216907238237916,,,0,0.0095,""
1b,null_auc_n460,null,,460,all,2000,PR,0.05,0.056,0.00514120608417908,,,0,0.056,""
1b,null_auc_n460,null,,460,all,2000,PR,0.1,0.1165,0.00717383265765239,,,0,0.1165,""
1b,null_auc_n640,null,,640,all,2000,flag.evlt.G10,,0,,,,0,,flag rate: share of replicates with the flag = 1
1b,null_auc_n640,null,,640,all,2000,flag.evlt.Grule,,0,,,,0,,flag rate: share of replicates with the flag = 1
1b,null_auc_n640,null,,640,all,2000,flag.stk_half0,,0,,,,0,,flag rate: share of replicates with the flag = 1
1b,null_auc_n640,null,,640,all,2000,flag.stk_diag,,0,,,,0,,flag rate: share of replicates with the flag = 1
1b,null_auc_n640,null,,640,all,2000,flag.rivals_run,,1,,,,0,,flag rate: share of replicates with the flag = 1
1b,null_auc_n640,null,,640,all,2000,flag.degenerate,,0,,,,0,,flag rate: share of replicates with the flag = 1
1b,null_auc_n640,null,,640,all,2000,flag.info_guard,,0,,,,0,,flag rate: share of replicates with the flag = 1
1b,null_auc_n640,null,,640,all,2000,flag.rep_error,,0,,,,0,,flag rate: share of replicates with the flag = 1
1b,null_auc_n640,null,,640,all,2000,EDGE.poly3.u.G10,0.01,0.0095,0.00216907238237916,,,0,0.0095,""
1b,null_auc_n640,null,,640,all,2000,EDGE.poly3.u.G10,0.05,0.053,0.0050095408971282,,,0,0.053,""
1b,null_auc_n640,null,,640,all,2000,EDGE.poly3.u.G10,0.1,0.097,0.00661781686056663,,,0,0.097,""
1b,null_auc_n640,null,,640,all,2000,EDGE.poly3.sc.G10,0.01,0.01,0.0022248595461287,,,0,0.01,""
1b,null_auc_n640,null,,640,all,2000,EDGE.poly3.sc.G10,0.05,0.045,0.00463546114210873,,,0,0.045,""
1b,null_auc_n640,null,,640,all,2000,EDGE.poly3.sc.G10,0.1,0.1,0.00670820393249937,,,0,0.1,""
1b,null_auc_n640,null,,640,all,2000,EDGE.poly2.u.G10,0.01,0.0085,0.00205277251540447,,,0,0.0085,""
1b,null_auc_n640,null,,640,all,2000,EDGE.poly2.u.G10,0.05,0.046,0.00468422885862764,,,0,0.046,""
1b,null_auc_n640,null,,640,all,2000,EDGE.poly2.u.G10,0.1,0.1085,0.00695441406590088,,,0,0.1085,""
1b,null_auc_n640,null,,640,all,2000,EDGE.poly2.sc.G10,0.01,0.009,0.00211175282644537,,,0,0.009,""
1b,null_auc_n640,null,,640,all,2000,EDGE.poly2.sc.G10,0.05,0.052,0.00496467521596328,,,0,0.052,""
1b,null_auc_n640,null,,640,all,2000,EDGE.poly2.sc.G10,0.1,0.1065,0.00689774419647467,,,0,0.1065,""
1b,null_auc_n640,null,,640,all,2000,EDGE.stk.u.G10,0.01,0.0095,0.00216907238237916,,,0,0.0095,""
1b,null_auc_n640,null,,640,all,2000,EDGE.stk.u.G10,0.05,0.047,0.00473238840333293,,,0,0.047,""
1b,null_auc_n640,null,,640,all,2000,EDGE.stk.u.G10,0.1,0.1015,0.00675269390687894,,,0,0.1015,""
1b,null_auc_n640,null,,640,all,2000,EDGE.stk.sc.G10,0.01,0.0095,0.00216907238237916,,,0,0.0095,""
1b,null_auc_n640,null,,640,all,2000,EDGE.stk.sc.G10,0.05,0.0495,0.0048502448391808,,,0,0.0495,""
1b,null_auc_n640,null,,640,all,2000,EDGE.stk.sc.G10,0.1,0.1025,0.00678209960115597,,,0,0.1025,""
1b,null_auc_n640,null,,640,all,2000,EDGE.sym.u.G10,0.01,0.0125,0.00248432586429397,,,0,0.0125,""
1b,null_auc_n640,null,,640,all,2000,EDGE.sym.u.G10,0.05,0.049,0.00482695556225661,,,0,0.049,""
1b,null_auc_n640,null,,640,all,2000,EDGE.sym.u.G10,0.1,0.1005,0.00672308522926788,,,0,0.1005,""
1b,null_auc_n640,null,,640,all,2000,EDGE.sym.sc.G10,0.01,0.0125,0.00248432586429397,,,0,0.0125,""
1b,null_auc_n640,null,,640,all,2000,EDGE.sym.sc.G10,0.05,0.05,0.00487339717240448,,,0,0.05,""
1b,null_auc_n640,null,,640,all,2000,EDGE.sym.sc.G10,0.1,0.1035,0.00681130494105204,,,0,0.1035,""
1b,null_auc_n640,null,,640,all,2000,EDGE.poly3.u.Grule,0.01,0.008,0.0019919839356782,,,0,0.008,""
1b,null_auc_n640,null,,640,all,2000,EDGE.poly3.u.Grule,0.05,0.049,0.00482695556225661,,,0,0.049,""
1b,null_auc_n640,null,,640,all,2000,EDGE.poly3.u.Grule,0.1,0.103,0.00679672715356443,,,0,0.103,""
1b,null_auc_n640,null,,640,all,2000,EDGE.poly3.sc.Grule,0.01,0.0115,0.0023840878758972,,,0,0.0115,""
1b,null_auc_n640,null,,640,all,2000,EDGE.poly3.sc.Grule,0.05,0.053,0.0050095408971282,,,0,0.053,""
1b,null_auc_n640,null,,640,all,2000,EDGE.poly3.sc.Grule,0.1,0.102,0.00676742196113114,,,0,0.102,""
1b,null_auc_n640,null,,640,all,2000,EDGE.poly2.u.Grule,0.01,0.007,0.00186426929385215,,,0,0.007,""
1b,null_auc_n640,null,,640,all,2000,EDGE.poly2.u.Grule,0.05,0.045,0.00463546114210873,,,0,0.045,""
1b,null_auc_n640,null,,640,all,2000,EDGE.poly2.u.Grule,0.1,0.0975,0.00663301402079025,,,0,0.0975,""
1b,null_auc_n640,null,,640,all,2000,EDGE.poly2.sc.Grule,0.01,0.0115,0.0023840878758972,,,0,0.0115,""
1b,null_auc_n640,null,,640,all,2000,EDGE.poly2.sc.Grule,0.05,0.05,0.00487339717240448,,,0,0.05,""
1b,null_auc_n640,null,,640,all,2000,EDGE.poly2.sc.Grule,0.1,0.104,0.00682583328246449,,,0,0.104,""
1b,null_auc_n640,null,,640,all,2000,EDGE.stk.u.Grule,0.01,0.014,0.00262716577322407,,,0,0.014,""
1b,null_auc_n640,null,,640,all,2000,EDGE.stk.u.Grule,0.05,0.0465,0.00470838348055891,,,0,0.0465,""
1b,null_auc_n640,null,,640,all,2000,EDGE.stk.u.Grule,0.1,0.0875,0.00631837597805006,,,0,0.0875,""
1b,null_auc_n640,null,,640,all,2000,EDGE.stk.sc.Grule,0.01,0.0095,0.00216907238237916,,,0,0.0095,""
1b,null_auc_n640,null,,640,all,2000,EDGE.stk.sc.Grule,0.05,0.039,0.00432891441356837,,,0,0.039,""
1b,null_auc_n640,null,,640,all,2000,EDGE.stk.sc.Grule,0.1,0.099,0.00667828570817392,,,0,0.099,""
1b,null_auc_n640,null,,640,all,2000,EDGE.sym.u.Grule,0.01,0.0135,0.00258047960658479,,,0,0.0135,""
1b,null_auc_n640,null,,640,all,2000,EDGE.sym.u.Grule,0.05,0.047,0.00473238840333293,,,0,0.047,""
1b,null_auc_n640,null,,640,all,2000,EDGE.sym.u.Grule,0.1,0.101,0.00673791510780598,,,0,0.101,""
1b,null_auc_n640,null,,640,all,2000,EDGE.sym.sc.Grule,0.01,0.0095,0.00216907238237916,,,0,0.0095,""
1b,null_auc_n640,null,,640,all,2000,EDGE.sym.sc.Grule,0.05,0.0535,0.00503178646208283,,,0,0.0535,""
1b,null_auc_n640,null,,640,all,2000,EDGE.sym.sc.Grule,0.1,0.1045,0.00684031249286171,,,0,0.1045,""
1b,null_auc_n640,null,,640,all,2000,HL.G10,0.01,0.01,0.0022248595461287,,,0,0.01,""
1b,null_auc_n640,null,,640,all,2000,HL.G10,0.05,0.0465,0.00470838348055891,,,0,0.0465,""
1b,null_auc_n640,null,,640,all,2000,HL.G10,0.1,0.104,0.00682583328246449,,,0,0.104,""
1b,null_auc_n640,null,,640,all,2000,HL.Grule,0.01,0.012,0.00243474844696531,,,0,0.012,""
1b,null_auc_n640,null,,640,all,2000,HL.Grule,0.05,0.0455,0.00465992220965114,,,0,0.0455,""
1b,null_auc_n640,null,,640,all,2000,HL.Grule,0.1,0.0995,0.00669327087454258,,,0,0.0995,""
1b,null_auc_n640,null,,640,all,2000,HLF.G10,0.01,0.009,0.00211175282644537,,,0,0.009,""
1b,null_auc_n640,null,,640,all,2000,HLF.G10,0.05,0.0475,0.00475624589355933,,,0,0.0475,""
1b,null_auc_n640,null,,640,all,2000,HLF.G10,0.1,0.0975,0.00663301402079025,,,0,0.0975,""
1b,null_auc_n640,null,,640,all,2000,HLF.Grule,0.01,0.0105,0.00227922684259378,,,0,0.0105,""
1b,null_auc_n640,null,,640,all,2000,HLF.Grule,0.05,0.0495,0.0048502448391808,,,0,0.0495,""
1b,null_auc_n640,null,,640,all,2000,HLF.Grule,0.1,0.092,0.00646281672337998,,,0,0.092,""
1b,null_auc_n640,null,,640,all,2000,Stk.joint,0.01,0.0085,0.00205277251540447,,,0,0.0085,""
1b,null_auc_n640,null,,640,all,2000,Stk.joint,0.05,0.053,0.0050095408971282,,,0,0.053,""
1b,null_auc_n640,null,,640,all,2000,Stk.joint,0.1,0.098,0.00664815763952691,,,0,0.098,""
1b,null_auc_n640,null,,640,all,2000,Stk.LR,0.01,0.0085,0.00205277251540447,,,0,0.0085,""
1b,null_auc_n640,null,,640,all,2000,Stk.LR,0.05,0.056,0.00514120608417908,,,0,0.056,""
1b,null_auc_n640,null,,640,all,2000,Stk.LR,0.1,0.111,0.00702420814042409,,,0,0.111,""
1b,null_auc_n640,null,,640,all,2000,Stk.sym1,0.01,0.01,0.0022248595461287,,,0,0.01,""
1b,null_auc_n640,null,,640,all,2000,Stk.sym1,0.05,0.0545,0.00507591124823908,,,0,0.0545,""
1b,null_auc_n640,null,,640,all,2000,Stk.sym1,0.1,0.106,0.00688345843308435,,,0,0.106,""
1b,null_auc_n640,null,,640,all,2000,Stk.marg,0.01,0.0195,0.00309190475273738,,,0,0.0195,""
1b,null_auc_n640,null,,640,all,2000,Stk.marg,0.05,0.0675,0.00560997994648822,,,0,0.0675,""
1b,null_auc_n640,null,,640,all,2000,Stk.marg,0.1,0.117,0.00718717607965743,,,0,0.117,""
1b,null_auc_n640,null,,640,all,2000,GiViTI,0.01,0.007,0.00186426929385215,,,0,0.007,""
1b,null_auc_n640,null,,640,all,2000,GiViTI,0.05,0.0465,0.00470838348055891,,,0,0.0465,""
1b,null_auc_n640,null,,640,all,2000,GiViTI,0.1,0.104,0.00682583328246449,,,0,0.104,""
1b,null_auc_n640,null,,640,all,2000,GiViTI.t50,0.01,0.0085,0.00205277251540447,,,0,0.0085,""
1b,null_auc_n640,null,,640,all,2000,GiViTI.t50,0.05,0.0455,0.00465992220965114,,,0,0.0455,""
1b,null_auc_n640,null,,640,all,2000,GiViTI.t50,0.1,0.0985,0.00666324808182916,,,0,0.0985,""
1b,null_auc_n640,null,,640,all,2000,Cubic.LR,0.01,0.0105,0.00227922684259378,,,0,0.0105,""
1b,null_auc_n640,null,,640,all,2000,Cubic.LR,0.05,0.056,0.00514120608417908,,,0,0.056,""
1b,null_auc_n640,null,,640,all,2000,Cubic.LR,0.1,0.1135,0.00709287494602858,,,0,0.1135,""
1b,null_auc_n640,null,,640,all,2000,HL_w,0.01,0.007,0.00186426929385215,,,0,0.007,""
1b,null_auc_n640,null,,640,all,2000,HL_w,0.05,0.056,0.00514120608417908,,,0,0.056,""
1b,null_auc_n640,null,,640,all,2000,HL_w,0.1,0.101,0.00673791510780598,,,0,0.101,""
1b,null_auc_n640,null,,640,all,2000,PH,0.01,0.008,0.0019919839356782,,,0,0.008,""
1b,null_auc_n640,null,,640,all,2000,PH,0.05,0.0285,0.0037207358143249,,,0,0.0285,""
1b,null_auc_n640,null,,640,all,2000,PH,0.1,0.0685,0.00564835152942874,,,0,0.0685,""
1b,null_auc_n640,null,,640,all,2000,Tsiatis,0.01,0.01,0.0022248595461287,,,0,0.01,""
1b,null_auc_n640,null,,640,all,2000,Tsiatis,0.05,0.0525,0.00498717104178311,,,0,0.0525,""
1b,null_auc_n640,null,,640,all,2000,Tsiatis,0.1,0.0955,0.00657190041007926,,,0,0.0955,""
1b,null_auc_n640,null,,640,all,2000,Xie,0.01,0.004,0.00141138230115019,,,0,0.004,""
1b,null_auc_n640,null,,640,all,2000,Xie,0.05,0.0285,0.0037207358143249,,,0,0.0285,""
1b,null_auc_n640,null,,640,all,2000,Xie,0.1,0.0595,0.00528960064655169,,,0,0.0595,""
1b,null_auc_n640,null,,640,all,2000,PR,0.01,0.0085,0.00205277251540447,,,0,0.0085,""
1b,null_auc_n640,null,,640,all,2000,PR,0.05,0.0575,0.00520546587732549,,,0,0.0575,""
1b,null_auc_n640,null,,640,all,2000,PR,0.1,0.1205,0.00727941446821103,,,0,0.1205,""
1b,null_auc_n760,null,,760,all,2000,flag.evlt.G10,,0,,,,0,,flag rate: share of replicates with the flag = 1
1b,null_auc_n760,null,,760,all,2000,flag.evlt.Grule,,0,,,,0,,flag rate: share of replicates with the flag = 1
1b,null_auc_n760,null,,760,all,2000,flag.stk_half0,,0,,,,0,,flag rate: share of replicates with the flag = 1
1b,null_auc_n760,null,,760,all,2000,flag.stk_diag,,0,,,,0,,flag rate: share of replicates with the flag = 1
1b,null_auc_n760,null,,760,all,2000,flag.rivals_run,,1,,,,0,,flag rate: share of replicates with the flag = 1
1b,null_auc_n760,null,,760,all,2000,flag.degenerate,,0,,,,0,,flag rate: share of replicates with the flag = 1
1b,null_auc_n760,null,,760,all,2000,flag.info_guard,,0,,,,0,,flag rate: share of replicates with the flag = 1
1b,null_auc_n760,null,,760,all,2000,flag.rep_error,,0,,,,0,,flag rate: share of replicates with the flag = 1
1b,null_auc_n760,null,,760,all,2000,EDGE.poly3.u.G10,0.01,0.0145,0.00267298989897081,,,0,0.0145,""
1b,null_auc_n760,null,,760,all,2000,EDGE.poly3.u.G10,0.05,0.0575,0.00520546587732549,,,0,0.0575,""
1b,null_auc_n760,null,,760,all,2000,EDGE.poly3.u.G10,0.1,0.114,0.00710647591989166,,,0,0.114,""
1b,null_auc_n760,null,,760,all,2000,EDGE.poly3.sc.G10,0.01,0.0125,0.00248432586429397,,,0,0.0125,""
1b,null_auc_n760,null,,760,all,2000,EDGE.poly3.sc.G10,0.05,0.0575,0.00520546587732549,,,0,0.0575,""
1b,null_auc_n760,null,,760,all,2000,EDGE.poly3.sc.G10,0.1,0.115,0.00713354750457302,,,0,0.115,""
1b,null_auc_n760,null,,760,all,2000,EDGE.poly2.u.G10,0.01,0.0105,0.00227922684259378,,,0,0.0105,""
1b,null_auc_n760,null,,760,all,2000,EDGE.poly2.u.G10,0.05,0.0535,0.00503178646208283,,,0,0.0535,""
1b,null_auc_n760,null,,760,all,2000,EDGE.poly2.u.G10,0.1,0.102,0.00676742196113114,,,0,0.102,""
1b,null_auc_n760,null,,760,all,2000,EDGE.poly2.sc.G10,0.01,0.01,0.0022248595461287,,,0,0.01,""
1b,null_auc_n760,null,,760,all,2000,EDGE.poly2.sc.G10,0.05,0.0655,0.00553216729681958,,,0,0.0655,""
1b,null_auc_n760,null,,760,all,2000,EDGE.poly2.sc.G10,0.1,0.1115,0.00703803061942757,,,0,0.1115,""
1b,null_auc_n760,null,,760,all,2000,EDGE.stk.u.G10,0.01,0.012,0.00243474844696531,,,0,0.012,""
1b,null_auc_n760,null,,760,all,2000,EDGE.stk.u.G10,0.05,0.051,0.00491929873051028,,,0,0.051,""
1b,null_auc_n760,null,,760,all,2000,EDGE.stk.u.G10,0.1,0.1065,0.00689774419647467,,,0,0.1065,""
1b,null_auc_n760,null,,760,all,2000,EDGE.stk.sc.G10,0.01,0.011,0.00233227356885937,,,0,0.011,""
1b,null_auc_n760,null,,760,all,2000,EDGE.stk.sc.G10,0.05,0.0565,0.00516273909857936,,,0,0.0565,""
1b,null_auc_n760,null,,760,all,2000,EDGE.stk.sc.G10,0.1,0.105,0.00685474288358068,,,0,0.105,""
1b,null_auc_n760,null,,760,all,2000,EDGE.sym.u.G10,0.01,0.0125,0.00248432586429397,,,0,0.0125,""
1b,null_auc_n760,null,,760,all,2000,EDGE.sym.u.G10,0.05,0.0485,0.00480352734977121,,,0,0.0485,""
1b,null_auc_n760,null,,760,all,2000,EDGE.sym.u.G10,0.1,0.1025,0.00678209960115597,,,0,0.1025,""
1b,null_auc_n760,null,,760,all,2000,EDGE.sym.sc.G10,0.01,0.0105,0.00227922684259378,,,0,0.0105,""
1b,null_auc_n760,null,,760,all,2000,EDGE.sym.sc.G10,0.05,0.054,0.00505390937789747,,,0,0.054,""
1b,null_auc_n760,null,,760,all,2000,EDGE.sym.sc.G10,0.1,0.1105,0.00701034057660539,,,0,0.1105,""
1b,null_auc_n760,null,,760,all,2000,EDGE.poly3.u.Grule,0.01,0.014,0.00262716577322407,,,0,0.014,""
1b,null_auc_n760,null,,760,all,2000,EDGE.poly3.u.Grule,0.05,0.059,0.00526872849936301,,,0,0.059,""
1b,null_auc_n760,null,,760,all,2000,EDGE.poly3.u.Grule,0.1,0.109,0.00696846468025777,,,0,0.109,""
1b,null_auc_n760,null,,760,all,2000,EDGE.poly3.sc.Grule,0.01,0.011,0.00233227356885937,,,0,0.011,""
1b,null_auc_n760,null,,760,all,2000,EDGE.poly3.sc.Grule,0.05,0.0535,0.00503178646208283,,,0,0.0535,""
1b,null_auc_n760,null,,760,all,2000,EDGE.poly3.sc.Grule,0.1,0.107,0.0069119823495145,,,0,0.107,""
1b,null_auc_n760,null,,760,all,2000,EDGE.poly2.u.Grule,0.01,0.0125,0.00248432586429397,,,0,0.0125,""
1b,null_auc_n760,null,,760,all,2000,EDGE.poly2.u.Grule,0.05,0.053,0.0050095408971282,,,0,0.053,""
1b,null_auc_n760,null,,760,all,2000,EDGE.poly2.u.Grule,0.1,0.1025,0.00678209960115597,,,0,0.1025,""
1b,null_auc_n760,null,,760,all,2000,EDGE.poly2.sc.Grule,0.01,0.008,0.0019919839356782,,,0,0.008,""
1b,null_auc_n760,null,,760,all,2000,EDGE.poly2.sc.Grule,0.05,0.0565,0.00516273909857936,,,0,0.0565,""
1b,null_auc_n760,null,,760,all,2000,EDGE.poly2.sc.Grule,0.1,0.1075,0.00692617318582202,,,0,0.1075,""
1b,null_auc_n760,null,,760,all,2000,EDGE.stk.u.Grule,0.01,0.015,0.00271799558498538,,,0,0.015,""
1b,null_auc_n760,null,,760,all,2000,EDGE.stk.u.Grule,0.05,0.0525,0.00498717104178311,,,0,0.0525,""
1b,null_auc_n760,null,,760,all,2000,EDGE.stk.u.Grule,0.1,0.105,0.00685474288358068,,,0,0.105,""
1b,null_auc_n760,null,,760,all,2000,EDGE.stk.sc.Grule,0.01,0.014,0.00262716577322407,,,0,0.014,""
1b,null_auc_n760,null,,760,all,2000,EDGE.stk.sc.Grule,0.05,0.0525,0.00498717104178311,,,0,0.0525,""
1b,null_auc_n760,null,,760,all,2000,EDGE.stk.sc.Grule,0.1,0.107,0.0069119823495145,,,0,0.107,""
1b,null_auc_n760,null,,760,all,2000,EDGE.sym.u.Grule,0.01,0.0155,0.00276222283677476,,,0,0.0155,""
1b,null_auc_n760,null,,760,all,2000,EDGE.sym.u.Grule,0.05,0.0455,0.00465992220965114,,,0,0.0455,""
1b,null_auc_n760,null,,760,all,2000,EDGE.sym.u.Grule,0.1,0.1015,0.00675269390687894,,,0,0.1015,""
1b,null_auc_n760,null,,760,all,2000,EDGE.sym.sc.Grule,0.01,0.013,0.00253288373203351,,,0,0.013,""
1b,null_auc_n760,null,,760,all,2000,EDGE.sym.sc.Grule,0.05,0.055,0.00509779364038993,,,0,0.055,""
1b,null_auc_n760,null,,760,all,2000,EDGE.sym.sc.Grule,0.1,0.103,0.00679672715356443,,,0,0.103,""
1b,null_auc_n760,null,,760,all,2000,HL.G10,0.01,0.01,0.0022248595461287,,,0,0.01,""
1b,null_auc_n760,null,,760,all,2000,HL.G10,0.05,0.054,0.00505390937789747,,,0,0.054,""
1b,null_auc_n760,null,,760,all,2000,HL.G10,0.1,0.104,0.00682583328246449,,,0,0.104,""
1b,null_auc_n760,null,,760,all,2000,HL.Grule,0.01,0.014,0.00262716577322407,,,0,0.014,""
1b,null_auc_n760,null,,760,all,2000,HL.Grule,0.05,0.066,0.00555175647880921,,,0,0.066,""
1b,null_auc_n760,null,,760,all,2000,HL.Grule,0.1,0.1025,0.00678209960115597,,,0,0.1025,""
1b,null_auc_n760,null,,760,all,2000,HLF.G10,0.01,0.009,0.00211175282644537,,,0,0.009,""
1b,null_auc_n760,null,,760,all,2000,HLF.G10,0.05,0.047,0.00473238840333293,,,0,0.047,""
1b,null_auc_n760,null,,760,all,2000,HLF.G10,0.1,0.102,0.00676742196113114,,,0,0.102,""
1b,null_auc_n760,null,,760,all,2000,HLF.Grule,0.01,0.0085,0.00205277251540447,,,0,0.0085,""
1b,null_auc_n760,null,,760,all,2000,HLF.Grule,0.05,0.056,0.00514120608417908,,,0,0.056,""
1b,null_auc_n760,null,,760,all,2000,HLF.Grule,0.1,0.0995,0.00669327087454258,,,0,0.0995,""
1b,null_auc_n760,null,,760,all,2000,Stk.joint,0.01,0.0135,0.00258047960658479,,,0,0.0135,""
1b,null_auc_n760,null,,760,all,2000,Stk.joint,0.05,0.051,0.00491929873051028,,,0,0.051,""
1b,null_auc_n760,null,,760,all,2000,Stk.joint,0.1,0.1055,0.00686912476229687,,,0,0.1055,""
1b,null_auc_n760,null,,760,all,2000,Stk.LR,0.01,0.0105,0.00227922684259378,,,0,0.0105,""
1b,null_auc_n760,null,,760,all,2000,Stk.LR,0.05,0.0555,0.00511955808639769,,,0,0.0555,""
1b,null_auc_n760,null,,760,all,2000,Stk.LR,0.1,0.1075,0.00692617318582202,,,0,0.1075,""
1b,null_auc_n760,null,,760,all,2000,Stk.sym1,0.01,0.01,0.0022248595461287,,,0,0.01,""
1b,null_auc_n760,null,,760,all,2000,Stk.sym1,0.05,0.052,0.00496467521596328,,,0,0.052,""
1b,null_auc_n760,null,,760,all,2000,Stk.sym1,0.1,0.1005,0.00672308522926788,,,0,0.1005,""
1b,null_auc_n760,null,,760,all,2000,Stk.marg,0.01,0.025,0.00349106001094224,,,0,0.025,""
1b,null_auc_n760,null,,760,all,2000,Stk.marg,0.05,0.0755,0.00590761161553466,,,0,0.0755,""
1b,null_auc_n760,null,,760,all,2000,Stk.marg,0.1,0.117,0.00718717607965743,,,0,0.117,""
1b,null_auc_n760,null,,760,all,2000,GiViTI,0.01,0.0135,0.00258047960658479,,,0,0.0135,""
1b,null_auc_n760,null,,760,all,2000,GiViTI,0.05,0.0565,0.00516273909857936,,,0,0.0565,""
1b,null_auc_n760,null,,760,all,2000,GiViTI,0.1,0.105,0.00685474288358068,,,0,0.105,""
1b,null_auc_n760,null,,760,all,2000,GiViTI.t50,0.01,0.0135,0.00258047960658479,,,0,0.0135,""
1b,null_auc_n760,null,,760,all,2000,GiViTI.t50,0.05,0.058,0.00522666241496426,,,0,0.058,""
1b,null_auc_n760,null,,760,all,2000,GiViTI.t50,0.1,0.1105,0.00701034057660539,,,0,0.1105,""
1b,null_auc_n760,null,,760,all,2000,Cubic.LR,0.01,0.0115,0.0023840878758972,,,0,0.0115,""
1b,null_auc_n760,null,,760,all,2000,Cubic.LR,0.05,0.061,0.00535158854920668,,,0,0.061,""
1b,null_auc_n760,null,,760,all,2000,Cubic.LR,0.1,0.11,0.00699642765988472,,,0,0.11,""
1b,null_auc_n760,null,,760,all,2000,HL_w,0.01,0.0095,0.00216907238237916,,,0,0.0095,""
1b,null_auc_n760,null,,760,all,2000,HL_w,0.05,0.048,0.00477995815881269,,,0,0.048,""
1b,null_auc_n760,null,,760,all,2000,HL_w,0.1,0.1045,0.00684031249286171,,,0,0.1045,""
1b,null_auc_n760,null,,760,all,2000,PH,0.01,0.0065,0.00179690706493129,,,0,0.0065,""
1b,null_auc_n760,null,,760,all,2000,PH,0.05,0.033,0.00399443362693636,,,0,0.033,""
1b,null_auc_n760,null,,760,all,2000,PH,0.1,0.069,0.00566740681440816,,,0,0.069,""
1b,null_auc_n760,null,,760,all,2000,Tsiatis,0.01,0.013,0.00253288373203351,,,0,0.013,""
1b,null_auc_n760,null,,760,all,2000,Tsiatis,0.05,0.052,0.00496467521596328,,,0,0.052,""
1b,null_auc_n760,null,,760,all,2000,Tsiatis,0.1,0.0965,0.00660256578914591,,,0,0.0965,""
1b,null_auc_n760,null,,760,all,2000,Xie,0.01,0.006,0.0017268468374468,,,0,0.006,""
1b,null_auc_n760,null,,760,all,2000,Xie,0.05,0.028,0.00368890227574546,,,0,0.028,""
1b,null_auc_n760,null,,760,all,2000,Xie,0.1,0.055,0.00509779364038993,,,0,0.055,""
1b,null_auc_n760,null,,760,all,2000,PR,0.01,0.006,0.0017268468374468,,,0,0.006,""
1b,null_auc_n760,null,,760,all,2000,PR,0.05,0.0525,0.00498717104178311,,,0,0.0525,""
1b,null_auc_n760,null,,760,all,2000,PR,0.1,0.126,0.00742037734889541,,,0,0.126,""
1b,null_auc_n3500,null,,3500,all,2000,flag.evlt.G10,,0,,,,0,,flag rate: share of replicates with the flag = 1
1b,null_auc_n3500,null,,3500,all,2000,flag.evlt.Grule,,0,,,,0,,flag rate: share of replicates with the flag = 1
1b,null_auc_n3500,null,,3500,all,2000,flag.stk_half0,,0,,,,0,,flag rate: share of replicates with the flag = 1
1b,null_auc_n3500,null,,3500,all,2000,flag.stk_diag,,0,,,,0,,flag rate: share of replicates with the flag = 1
1b,null_auc_n3500,null,,3500,all,2000,flag.rivals_run,,1,,,,0,,flag rate: share of replicates with the flag = 1
1b,null_auc_n3500,null,,3500,all,2000,flag.degenerate,,0,,,,0,,flag rate: share of replicates with the flag = 1
1b,null_auc_n3500,null,,3500,all,2000,flag.info_guard,,0,,,,0,,flag rate: share of replicates with the flag = 1
1b,null_auc_n3500,null,,3500,all,2000,flag.rep_error,,0,,,,0,,flag rate: share of replicates with the flag = 1
1b,null_auc_n3500,null,,3500,all,2000,EDGE.poly3.u.G10,0.01,0.007,0.00186426929385215,,,0,0.007,""
1b,null_auc_n3500,null,,3500,all,2000,EDGE.poly3.u.G10,0.05,0.046,0.00468422885862764,,,0,0.046,""
1b,null_auc_n3500,null,,3500,all,2000,EDGE.poly3.u.G10,0.1,0.0875,0.00631837597805006,,,0,0.0875,""
1b,null_auc_n3500,null,,3500,all,2000,EDGE.poly3.sc.G10,0.01,0.008,0.0019919839356782,,,0,0.008,""
1b,null_auc_n3500,null,,3500,all,2000,EDGE.poly3.sc.G10,0.05,0.044,0.00458606585212206,,,0,0.044,""
1b,null_auc_n3500,null,,3500,all,2000,EDGE.poly3.sc.G10,0.1,0.094,0.00652548848746207,,,0,0.094,""
1b,null_auc_n3500,null,,3500,all,2000,EDGE.poly2.u.G10,0.01,0.006,0.0017268468374468,,,0,0.006,""
1b,null_auc_n3500,null,,3500,all,2000,EDGE.poly2.u.G10,0.05,0.0435,0.00456112650559048,,,0,0.0435,""
1b,null_auc_n3500,null,,3500,all,2000,EDGE.poly2.u.G10,0.1,0.094,0.00652548848746207,,,0,0.094,""
1b,null_auc_n3500,null,,3500,all,2000,EDGE.poly2.sc.G10,0.01,0.0075,0.00192921616207205,,,0,0.0075,""
1b,null_auc_n3500,null,,3500,all,2000,EDGE.poly2.sc.G10,0.05,0.049,0.00482695556225661,,,0,0.049,""
1b,null_auc_n3500,null,,3500,all,2000,EDGE.poly2.sc.G10,0.1,0.0985,0.00666324808182916,,,0,0.0985,""
1b,null_auc_n3500,null,,3500,all,2000,EDGE.stk.u.G10,0.01,0.0095,0.00216907238237916,,,0,0.0095,""
1b,null_auc_n3500,null,,3500,all,2000,EDGE.stk.u.G10,0.05,0.039,0.00432891441356837,,,0,0.039,""
1b,null_auc_n3500,null,,3500,all,2000,EDGE.stk.u.G10,0.1,0.0905,0.00641520654383006,,,0,0.0905,""
1b,null_auc_n3500,null,,3500,all,2000,EDGE.stk.sc.G10,0.01,0.009,0.00211175282644537,,,0,0.009,""
1b,null_auc_n3500,null,,3500,all,2000,EDGE.stk.sc.G10,0.05,0.0465,0.00470838348055891,,,0,0.0465,""
1b,null_auc_n3500,null,,3500,all,2000,EDGE.stk.sc.G10,0.1,0.091,0.00643113520305708,,,0,0.091,""
1b,null_auc_n3500,null,,3500,all,2000,EDGE.sym.u.G10,0.01,0.008,0.0019919839356782,,,0,0.008,""
1b,null_auc_n3500,null,,3500,all,2000,EDGE.sym.u.G10,0.05,0.04,0.00438178046004133,,,0,0.04,""
1b,null_auc_n3500,null,,3500,all,2000,EDGE.sym.u.G10,0.1,0.092,0.00646281672337998,,,0,0.092,""
1b,null_auc_n3500,null,,3500,all,2000,EDGE.sym.sc.G10,0.01,0.0055,0.00165374574829385,,,0,0.0055,""
1b,null_auc_n3500,null,,3500,all,2000,EDGE.sym.sc.G10,0.05,0.0395,0.00435544199823623,,,0,0.0395,""
1b,null_auc_n3500,null,,3500,all,2000,EDGE.sym.sc.G10,0.1,0.0875,0.00631837597805006,,,0,0.0875,""
1b,null_auc_n3500,null,,3500,all,2000,EDGE.poly3.u.Grule,0.01,0.0085,0.00205277251540447,,,0,0.0085,""
1b,null_auc_n3500,null,,3500,all,2000,EDGE.poly3.u.Grule,0.05,0.046,0.00468422885862764,,,0,0.046,""
1b,null_auc_n3500,null,,3500,all,2000,EDGE.poly3.u.Grule,0.1,0.089,0.00636706368744651,,,0,0.089,""
1b,null_auc_n3500,null,,3500,all,2000,EDGE.poly3.sc.Grule,0.01,0.0085,0.00205277251540447,,,0,0.0085,""
1b,null_auc_n3500,null,,3500,all,2000,EDGE.poly3.sc.Grule,0.05,0.045,0.00463546114210873,,,0,0.045,""
1b,null_auc_n3500,null,,3500,all,2000,EDGE.poly3.sc.Grule,0.1,0.097,0.00661781686056663,,,0,0.097,""
1b,null_auc_n3500,null,,3500,all,2000,EDGE.poly2.u.Grule,0.01,0.006,0.0017268468374468,,,0,0.006,""
1b,null_auc_n3500,null,,3500,all,2000,EDGE.poly2.u.Grule,0.05,0.045,0.00463546114210873,,,0,0.045,""
1b,null_auc_n3500,null,,3500,all,2000,EDGE.poly2.u.Grule,0.1,0.091,0.00643113520305708,,,0,0.091,""
1b,null_auc_n3500,null,,3500,all,2000,EDGE.poly2.sc.Grule,0.01,0.007,0.00186426929385215,,,0,0.007,""
1b,null_auc_n3500,null,,3500,all,2000,EDGE.poly2.sc.Grule,0.05,0.0465,0.00470838348055891,,,0,0.0465,""
1b,null_auc_n3500,null,,3500,all,2000,EDGE.poly2.sc.Grule,0.1,0.093,0.00649426670225361,,,0,0.093,""
1b,null_auc_n3500,null,,3500,all,2000,EDGE.stk.u.Grule,0.01,0.0105,0.00227922684259378,,,0,0.0105,""
1b,null_auc_n3500,null,,3500,all,2000,EDGE.stk.u.Grule,0.05,0.0505,0.00489641450451246,,,0,0.0505,""
1b,null_auc_n3500,null,,3500,all,2000,EDGE.stk.u.Grule,0.1,0.1,0.00670820393249937,,,0,0.1,""
1b,null_auc_n3500,null,,3500,all,2000,EDGE.stk.sc.Grule,0.01,0.0085,0.00205277251540447,,,0,0.0085,""
1b,null_auc_n3500,null,,3500,all,2000,EDGE.stk.sc.Grule,0.05,0.0405,0.00440793318914886,,,0,0.0405,""
1b,null_auc_n3500,null,,3500,all,2000,EDGE.stk.sc.Grule,0.1,0.0845,0.00621931467285585,,,0,0.0845,""
1b,null_auc_n3500,null,,3500,all,2000,EDGE.sym.u.Grule,0.01,0.01,0.0022248595461287,,,0,0.01,""
1b,null_auc_n3500,null,,3500,all,2000,EDGE.sym.u.Grule,0.05,0.0525,0.00498717104178311,,,0,0.0525,""
1b,null_auc_n3500,null,,3500,all,2000,EDGE.sym.u.Grule,0.1,0.0975,0.00663301402079025,,,0,0.0975,""
1b,null_auc_n3500,null,,3500,all,2000,EDGE.sym.sc.Grule,0.01,0.008,0.0019919839356782,,,0,0.008,""
1b,null_auc_n3500,null,,3500,all,2000,EDGE.sym.sc.Grule,0.05,0.0465,0.00470838348055891,,,0,0.0465,""
1b,null_auc_n3500,null,,3500,all,2000,EDGE.sym.sc.Grule,0.1,0.0955,0.00657190041007926,,,0,0.0955,""
1b,null_auc_n3500,null,,3500,all,2000,HL.G10,0.01,0.0125,0.00248432586429397,,,0,0.0125,""
1b,null_auc_n3500,null,,3500,all,2000,HL.G10,0.05,0.0505,0.00489641450451246,,,0,0.0505,""
1b,null_auc_n3500,null,,3500,all,2000,HL.G10,0.1,0.095,0.0065564853389602,,,0,0.095,""
1b,null_auc_n3500,null,,3500,all,2000,HL.Grule,0.01,0.0135,0.00258047960658479,,,0,0.0135,""
1b,null_auc_n3500,null,,3500,all,2000,HL.Grule,0.05,0.049,0.00482695556225661,,,0,0.049,""
1b,null_auc_n3500,null,,3500,all,2000,HL.Grule,0.1,0.098,0.00664815763952691,,,0,0.098,""
1b,null_auc_n3500,null,,3500,all,2000,HLF.G10,0.01,0.012,0.00243474844696531,,,0,0.012,""
1b,null_auc_n3500,null,,3500,all,2000,HLF.G10,0.05,0.0495,0.0048502448391808,,,0,0.0495,""
1b,null_auc_n3500,null,,3500,all,2000,HLF.G10,0.1,0.0955,0.00657190041007926,,,0,0.0955,""
1b,null_auc_n3500,null,,3500,all,2000,HLF.Grule,0.01,0.0095,0.00216907238237916,,,0,0.0095,""
1b,null_auc_n3500,null,,3500,all,2000,HLF.Grule,0.05,0.0455,0.00465992220965114,,,0,0.0455,""
1b,null_auc_n3500,null,,3500,all,2000,HLF.Grule,0.1,0.0865,0.00628560856242258,,,0,0.0865,""
1b,null_auc_n3500,null,,3500,all,2000,Stk.joint,0.01,0.01,0.0022248595461287,,,0,0.01,""
1b,null_auc_n3500,null,,3500,all,2000,Stk.joint,0.05,0.044,0.00458606585212206,,,0,0.044,""
1b,null_auc_n3500,null,,3500,all,2000,Stk.joint,0.1,0.0915,0.00644700511865781,,,0,0.0915,""
1b,null_auc_n3500,null,,3500,all,2000,Stk.LR,0.01,0.008,0.0019919839356782,,,0,0.008,""
1b,null_auc_n3500,null,,3500,all,2000,Stk.LR,0.05,0.043,0.00453602248671675,,,0,0.043,""
1b,null_auc_n3500,null,,3500,all,2000,Stk.LR,0.1,0.095,0.0065564853389602,,,0,0.095,""
1b,null_auc_n3500,null,,3500,all,2000,Stk.sym1,0.01,0.01,0.0022248595461287,,,0,0.01,""
1b,null_auc_n3500,null,,3500,all,2000,Stk.sym1,0.05,0.046,0.00468422885862764,,,0,0.046,""
1b,null_auc_n3500,null,,3500,all,2000,Stk.sym1,0.1,0.092,0.00646281672337998,,,0,0.092,""
1b,null_auc_n3500,null,,3500,all,2000,Stk.marg,0.01,0.017,0.00289058817544112,,,0,0.017,""
1b,null_auc_n3500,null,,3500,all,2000,Stk.marg,0.05,0.061,0.00535158854920668,,,0,0.061,""
1b,null_auc_n3500,null,,3500,all,2000,Stk.marg,0.1,0.1045,0.00684031249286171,,,0,0.1045,""
1b,null_auc_n3500,null,,3500,all,2000,GiViTI,0.01,0.0055,0.00165374574829385,,,0,0.0055,""
1b,null_auc_n3500,null,,3500,all,2000,GiViTI,0.05,0.0485,0.00480352734977121,,,0,0.0485,""
1b,null_auc_n3500,null,,3500,all,2000,GiViTI,0.1,0.0955,0.00657190041007926,,,0,0.0955,""
1b,null_auc_n3500,null,,3500,all,2000,GiViTI.t50,0.01,0.0055,0.00165374574829385,,,0,0.0055,""
1b,null_auc_n3500,null,,3500,all,2000,GiViTI.t50,0.05,0.0475,0.00475624589355933,,,0,0.0475,""
1b,null_auc_n3500,null,,3500,all,2000,GiViTI.t50,0.1,0.092,0.00646281672337998,,,0,0.092,""
1b,null_auc_n3500,null,,3500,all,2000,Cubic.LR,0.01,0.008,0.0019919839356782,,,0,0.008,""
1b,null_auc_n3500,null,,3500,all,2000,Cubic.LR,0.05,0.045,0.00463546114210873,,,0,0.045,""
1b,null_auc_n3500,null,,3500,all,2000,Cubic.LR,0.1,0.095,0.0065564853389602,,,0,0.095,""
1b,null_auc_n3500,null,,3500,all,2000,HL_w,0.01,0.0085,0.00205277251540447,,,0,0.0085,""
1b,null_auc_n3500,null,,3500,all,2000,HL_w,0.05,0.048,0.00477995815881269,,,0,0.048,""
1b,null_auc_n3500,null,,3500,all,2000,HL_w,0.1,0.103,0.00679672715356443,,,0,0.103,""
1b,null_auc_n3500,null,,3500,all,2000,PH,0.01,0.0065,0.00179690706493129,,,0,0.0065,""
1b,null_auc_n3500,null,,3500,all,2000,PH,0.05,0.032,0.00393547964039963,,,0,0.032,""
1b,null_auc_n3500,null,,3500,all,2000,PH,0.1,0.0645,0.00549271107923947,,,0,0.0645,""
1b,null_auc_n3500,null,,3500,all,2000,Tsiatis,0.01,0.0105,0.00227922684259378,,,0,0.0105,""
1b,null_auc_n3500,null,,3500,all,2000,Tsiatis,0.05,0.042,0.00448530935387962,,,0,0.042,""
1b,null_auc_n3500,null,,3500,all,2000,Tsiatis,0.1,0.094,0.00652548848746207,,,0,0.094,""
1b,null_auc_n3500,null,,3500,all,2000,Xie,0.01,0.004,0.00141138230115019,,,0,0.004,""
1b,null_auc_n3500,null,,3500,all,2000,Xie,0.05,0.0255,0.00352489361541593,,,0,0.0255,""
1b,null_auc_n3500,null,,3500,all,2000,Xie,0.1,0.0525,0.00498717104178311,,,0,0.0525,""
1b,null_auc_n3500,null,,3500,all,2000,PR,0.01,0.011,0.00233227356885937,,,0,0.011,""
1b,null_auc_n3500,null,,3500,all,2000,PR,0.05,0.049,0.00482695556225661,,,0,0.049,""
1b,null_auc_n3500,null,,3500,all,2000,PR,0.1,0.1085,0.00695441406590088,,,0,0.1085,""
1b,null_auc_n4700,null,,4700,all,2000,flag.evlt.G10,,0,,,,0,,flag rate: share of replicates with the flag = 1
1b,null_auc_n4700,null,,4700,all,2000,flag.evlt.Grule,,0,,,,0,,flag rate: share of replicates with the flag = 1
1b,null_auc_n4700,null,,4700,all,2000,flag.stk_half0,,0,,,,0,,flag rate: share of replicates with the flag = 1
1b,null_auc_n4700,null,,4700,all,2000,flag.stk_diag,,0,,,,0,,flag rate: share of replicates with the flag = 1
1b,null_auc_n4700,null,,4700,all,2000,flag.rivals_run,,1,,,,0,,flag rate: share of replicates with the flag = 1
1b,null_auc_n4700,null,,4700,all,2000,flag.degenerate,,0,,,,0,,flag rate: share of replicates with the flag = 1
1b,null_auc_n4700,null,,4700,all,2000,flag.info_guard,,0,,,,0,,flag rate: share of replicates with the flag = 1
1b,null_auc_n4700,null,,4700,all,2000,flag.rep_error,,0,,,,0,,flag rate: share of replicates with the flag = 1
1b,null_auc_n4700,null,,4700,all,2000,EDGE.poly3.u.G10,0.01,0.0095,0.00216907238237916,,,0,0.0095,""
1b,null_auc_n4700,null,,4700,all,2000,EDGE.poly3.u.G10,0.05,0.0495,0.0048502448391808,,,0,0.0495,""
1b,null_auc_n4700,null,,4700,all,2000,EDGE.poly3.u.G10,0.1,0.1045,0.00684031249286171,,,0,0.1045,""
1b,null_auc_n4700,null,,4700,all,2000,EDGE.poly3.sc.G10,0.01,0.0075,0.00192921616207205,,,0,0.0075,""
1b,null_auc_n4700,null,,4700,all,2000,EDGE.poly3.sc.G10,0.05,0.0495,0.0048502448391808,,,0,0.0495,""
1b,null_auc_n4700,null,,4700,all,2000,EDGE.poly3.sc.G10,0.1,0.1025,0.00678209960115597,,,0,0.1025,""
1b,null_auc_n4700,null,,4700,all,2000,EDGE.poly2.u.G10,0.01,0.0115,0.0023840878758972,,,0,0.0115,""
1b,null_auc_n4700,null,,4700,all,2000,EDGE.poly2.u.G10,0.05,0.059,0.00526872849936301,,,0,0.059,""
1b,null_auc_n4700,null,,4700,all,2000,EDGE.poly2.u.G10,0.1,0.111,0.00702420814042409,,,0,0.111,""
1b,null_auc_n4700,null,,4700,all,2000,EDGE.poly2.sc.G10,0.01,0.0095,0.00216907238237916,,,0,0.0095,""
1b,null_auc_n4700,null,,4700,all,2000,EDGE.poly2.sc.G10,0.05,0.0565,0.00516273909857936,,,0,0.0565,""
1b,null_auc_n4700,null,,4700,all,2000,EDGE.poly2.sc.G10,0.1,0.107,0.0069119823495145,,,0,0.107,""
1b,null_auc_n4700,null,,4700,all,2000,EDGE.stk.u.G10,0.01,0.0115,0.0023840878758972,,,0,0.0115,""
1b,null_auc_n4700,null,,4700,all,2000,EDGE.stk.u.G10,0.05,0.0525,0.00498717104178311,,,0,0.0525,""
1b,null_auc_n4700,null,,4700,all,2000,EDGE.stk.u.G10,0.1,0.0995,0.00669327087454258,,,0,0.0995,""
1b,null_auc_n4700,null,,4700,all,2000,EDGE.stk.sc.G10,0.01,0.012,0.00243474844696531,,,0,0.012,""
1b,null_auc_n4700,null,,4700,all,2000,EDGE.stk.sc.G10,0.05,0.0515,0.00494205169944629,,,0,0.0515,""
1b,null_auc_n4700,null,,4700,all,2000,EDGE.stk.sc.G10,0.1,0.103,0.00679672715356443,,,0,0.103,""
1b,null_auc_n4700,null,,4700,all,2000,EDGE.sym.u.G10,0.01,0.012,0.00243474844696531,,,0,0.012,""
1b,null_auc_n4700,null,,4700,all,2000,EDGE.sym.u.G10,0.05,0.051,0.00491929873051028,,,0,0.051,""
1b,null_auc_n4700,null,,4700,all,2000,EDGE.sym.u.G10,0.1,0.1015,0.00675269390687894,,,0,0.1015,""
1b,null_auc_n4700,null,,4700,all,2000,EDGE.sym.sc.G10,0.01,0.0105,0.00227922684259378,,,0,0.0105,""
1b,null_auc_n4700,null,,4700,all,2000,EDGE.sym.sc.G10,0.05,0.052,0.00496467521596328,,,0,0.052,""
1b,null_auc_n4700,null,,4700,all,2000,EDGE.sym.sc.G10,0.1,0.0945,0.00654101482951996,,,0,0.0945,""
1b,null_auc_n4700,null,,4700,all,2000,EDGE.poly3.u.Grule,0.01,0.0105,0.00227922684259378,,,0,0.0105,""
1b,null_auc_n4700,null,,4700,all,2000,EDGE.poly3.u.Grule,0.05,0.0515,0.00494205169944629,,,0,0.0515,""
1b,null_auc_n4700,null,,4700,all,2000,EDGE.poly3.u.Grule,0.1,0.098,0.00664815763952691,,,0,0.098,""
1b,null_auc_n4700,null,,4700,all,2000,EDGE.poly3.sc.Grule,0.01,0.011,0.00233227356885937,,,0,0.011,""
1b,null_auc_n4700,null,,4700,all,2000,EDGE.poly3.sc.Grule,0.05,0.0515,0.00494205169944629,,,0,0.0515,""
1b,null_auc_n4700,null,,4700,all,2000,EDGE.poly3.sc.Grule,0.1,0.107,0.0069119823495145,,,0,0.107,""
1b,null_auc_n4700,null,,4700,all,2000,EDGE.poly2.u.Grule,0.01,0.012,0.00243474844696531,,,0,0.012,""
1b,null_auc_n4700,null,,4700,all,2000,EDGE.poly2.u.Grule,0.05,0.058,0.00522666241496426,,,0,0.058,""
1b,null_auc_n4700,null,,4700,all,2000,EDGE.poly2.u.Grule,0.1,0.111,0.00702420814042409,,,0,0.111,""
1b,null_auc_n4700,null,,4700,all,2000,EDGE.poly2.sc.Grule,0.01,0.011,0.00233227356885937,,,0,0.011,""
1b,null_auc_n4700,null,,4700,all,2000,EDGE.poly2.sc.Grule,0.05,0.0525,0.00498717104178311,,,0,0.0525,""
1b,null_auc_n4700,null,,4700,all,2000,EDGE.poly2.sc.Grule,0.1,0.1065,0.00689774419647467,,,0,0.1065,""
1b,null_auc_n4700,null,,4700,all,2000,EDGE.stk.u.Grule,0.01,0.0125,0.00248432586429397,,,0,0.0125,""
1b,null_auc_n4700,null,,4700,all,2000,EDGE.stk.u.Grule,0.05,0.0475,0.00475624589355933,,,0,0.0475,""
1b,null_auc_n4700,null,,4700,all,2000,EDGE.stk.u.Grule,0.1,0.0975,0.00663301402079025,,,0,0.0975,""
1b,null_auc_n4700,null,,4700,all,2000,EDGE.stk.sc.Grule,0.01,0.0105,0.00227922684259378,,,0,0.0105,""
1b,null_auc_n4700,null,,4700,all,2000,EDGE.stk.sc.Grule,0.05,0.0475,0.00475624589355933,,,0,0.0475,""
1b,null_auc_n4700,null,,4700,all,2000,EDGE.stk.sc.Grule,0.1,0.0985,0.00666324808182916,,,0,0.0985,""
1b,null_auc_n4700,null,,4700,all,2000,EDGE.sym.u.Grule,0.01,0.0115,0.0023840878758972,,,0,0.0115,""
1b,null_auc_n4700,null,,4700,all,2000,EDGE.sym.u.Grule,0.05,0.048,0.00477995815881269,,,0,0.048,""
1b,null_auc_n4700,null,,4700,all,2000,EDGE.sym.u.Grule,0.1,0.095,0.0065564853389602,,,0,0.095,""
1b,null_auc_n4700,null,,4700,all,2000,EDGE.sym.sc.Grule,0.01,0.01,0.0022248595461287,,,0,0.01,""
1b,null_auc_n4700,null,,4700,all,2000,EDGE.sym.sc.Grule,0.05,0.0455,0.00465992220965114,,,0,0.0455,""
1b,null_auc_n4700,null,,4700,all,2000,EDGE.sym.sc.Grule,0.1,0.094,0.00652548848746207,,,0,0.094,""
1b,null_auc_n4700,null,,4700,all,2000,HL.G10,0.01,0.011,0.00233227356885937,,,0,0.011,""
1b,null_auc_n4700,null,,4700,all,2000,HL.G10,0.05,0.0495,0.0048502448391808,,,0,0.0495,""
1b,null_auc_n4700,null,,4700,all,2000,HL.G10,0.1,0.102,0.00676742196113114,,,0,0.102,""
1b,null_auc_n4700,null,,4700,all,2000,HL.Grule,0.01,0.0155,0.00276222283677476,,,0,0.0155,""
1b,null_auc_n4700,null,,4700,all,2000,HL.Grule,0.05,0.0625,0.00541265877365274,,,0,0.0625,""
1b,null_auc_n4700,null,,4700,all,2000,HL.Grule,0.1,0.1125,0.00706554138053129,,,0,0.1125,""
1b,null_auc_n4700,null,,4700,all,2000,HLF.G10,0.01,0.012,0.00243474844696531,,,0,0.012,""
1b,null_auc_n4700,null,,4700,all,2000,HLF.G10,0.05,0.049,0.00482695556225661,,,0,0.049,""
1b,null_auc_n4700,null,,4700,all,2000,HLF.G10,0.1,0.1015,0.00675269390687894,,,0,0.1015,""
1b,null_auc_n4700,null,,4700,all,2000,HLF.Grule,0.01,0.0115,0.0023840878758972,,,0,0.0115,""
1b,null_auc_n4700,null,,4700,all,2000,HLF.Grule,0.05,0.058,0.00522666241496426,,,0,0.058,""
1b,null_auc_n4700,null,,4700,all,2000,HLF.Grule,0.1,0.114,0.00710647591989166,,,0,0.114,""
1b,null_auc_n4700,null,,4700,all,2000,Stk.joint,0.01,0.01,0.0022248595461287,,,0,0.01,""
1b,null_auc_n4700,null,,4700,all,2000,Stk.joint,0.05,0.052,0.00496467521596328,,,0,0.052,""
1b,null_auc_n4700,null,,4700,all,2000,Stk.joint,0.1,0.0955,0.00657190041007926,,,0,0.0955,""
1b,null_auc_n4700,null,,4700,all,2000,Stk.LR,0.01,0.011,0.00233227356885937,,,0,0.011,""
1b,null_auc_n4700,null,,4700,all,2000,Stk.LR,0.05,0.054,0.00505390937789747,,,0,0.054,""
1b,null_auc_n4700,null,,4700,all,2000,Stk.LR,0.1,0.0985,0.00666324808182916,,,0,0.0985,""
1b,null_auc_n4700,null,,4700,all,2000,Stk.sym1,0.01,0.011,0.00233227356885937,,,0,0.011,""
1b,null_auc_n4700,null,,4700,all,2000,Stk.sym1,0.05,0.045,0.00463546114210873,,,0,0.045,""
1b,null_auc_n4700,null,,4700,all,2000,Stk.sym1,0.1,0.093,0.00649426670225361,,,0,0.093,""
1b,null_auc_n4700,null,,4700,all,2000,Stk.marg,0.01,0.0255,0.00352489361541593,,,0,0.0255,""
1b,null_auc_n4700,null,,4700,all,2000,Stk.marg,0.05,0.075,0.00588960949469487,,,0,0.075,""
1b,null_auc_n4700,null,,4700,all,2000,Stk.marg,0.1,0.125,0.00739509972887452,,,0,0.125,""
1b,null_auc_n4700,null,,4700,all,2000,GiViTI,0.01,0.013,0.00253288373203351,,,0,0.013,""
1b,null_auc_n4700,null,,4700,all,2000,GiViTI,0.05,0.0575,0.00520546587732549,,,0,0.0575,""
1b,null_auc_n4700,null,,4700,all,2000,GiViTI,0.1,0.109,0.00696846468025777,,,0,0.109,""
1b,null_auc_n4700,null,,4700,all,2000,GiViTI.t50,0.01,0.012,0.00243474844696531,,,0,0.012,""
1b,null_auc_n4700,null,,4700,all,2000,GiViTI.t50,0.05,0.0575,0.00520546587732549,,,0,0.0575,""
1b,null_auc_n4700,null,,4700,all,2000,GiViTI.t50,0.1,0.1045,0.00684031249286171,,,0,0.1045,""
1b,null_auc_n4700,null,,4700,all,2000,Cubic.LR,0.01,0.011,0.00233227356885937,,,0,0.011,""
1b,null_auc_n4700,null,,4700,all,2000,Cubic.LR,0.05,0.051,0.00491929873051028,,,0,0.051,""
1b,null_auc_n4700,null,,4700,all,2000,Cubic.LR,0.1,0.103,0.00679672715356443,,,0,0.103,""
1b,null_auc_n4700,null,,4700,all,2000,HL_w,0.01,0.013,0.00253288373203351,,,0,0.013,""
1b,null_auc_n4700,null,,4700,all,2000,HL_w,0.05,0.055,0.00509779364038993,,,0,0.055,""
1b,null_auc_n4700,null,,4700,all,2000,HL_w,0.1,0.1085,0.00695441406590088,,,0,0.1085,""
1b,null_auc_n4700,null,,4700,all,2000,PH,0.01,0.007,0.00186426929385215,,,0,0.007,""
1b,null_auc_n4700,null,,4700,all,2000,PH,0.05,0.0315,0.0039056209493498,,,0,0.0315,""
1b,null_auc_n4700,null,,4700,all,2000,PH,0.1,0.0735,0.00583514138646186,,,0,0.0735,""
1b,null_auc_n4700,null,,4700,all,2000,Tsiatis,0.01,0.0105,0.00227922684259378,,,0,0.0105,""
1b,null_auc_n4700,null,,4700,all,2000,Tsiatis,0.05,0.0545,0.00507591124823908,,,0,0.0545,""
1b,null_auc_n4700,null,,4700,all,2000,Tsiatis,0.1,0.1025,0.00678209960115597,,,0,0.1025,""
1b,null_auc_n4700,null,,4700,all,2000,Xie,0.01,0.005,0.00157718102955875,,,0,0.005,""
1b,null_auc_n4700,null,,4700,all,2000,Xie,0.05,0.026,0.00355837041354607,,,0,0.026,""
1b,null_auc_n4700,null,,4700,all,2000,Xie,0.1,0.0595,0.00528960064655169,,,0,0.0595,""
1b,null_auc_n4700,null,,4700,all,2000,PR,0.01,0.0065,0.00179690706493129,,,0,0.0065,""
1b,null_auc_n4700,null,,4700,all,2000,PR,0.05,0.0435,0.00456112650559048,,,0,0.0435,""
1b,null_auc_n4700,null,,4700,all,2000,PR,0.1,0.106,0.00688345843308435,,,0,0.106,""
1b,null_auc_n5900,null,,5900,all,2000,flag.evlt.G10,,0,,,,0,,flag rate: share of replicates with the flag = 1
1b,null_auc_n5900,null,,5900,all,2000,flag.evlt.Grule,,0,,,,0,,flag rate: share of replicates with the flag = 1
1b,null_auc_n5900,null,,5900,all,2000,flag.stk_half0,,0,,,,0,,flag rate: share of replicates with the flag = 1
1b,null_auc_n5900,null,,5900,all,2000,flag.stk_diag,,0,,,,0,,flag rate: share of replicates with the flag = 1
1b,null_auc_n5900,null,,5900,all,2000,flag.rivals_run,,1,,,,0,,flag rate: share of replicates with the flag = 1
1b,null_auc_n5900,null,,5900,all,2000,flag.degenerate,,0,,,,0,,flag rate: share of replicates with the flag = 1
1b,null_auc_n5900,null,,5900,all,2000,flag.info_guard,,0,,,,0,,flag rate: share of replicates with the flag = 1
1b,null_auc_n5900,null,,5900,all,2000,flag.rep_error,,0,,,,0,,flag rate: share of replicates with the flag = 1
1b,null_auc_n5900,null,,5900,all,2000,EDGE.poly3.u.G10,0.01,0.0085,0.00205277251540447,,,0,0.0085,""
1b,null_auc_n5900,null,,5900,all,2000,EDGE.poly3.u.G10,0.05,0.0525,0.00498717104178311,,,0,0.0525,""
1b,null_auc_n5900,null,,5900,all,2000,EDGE.poly3.u.G10,0.1,0.096,0.00658726043207645,,,0,0.096,""
1b,null_auc_n5900,null,,5900,all,2000,EDGE.poly3.sc.G10,0.01,0.009,0.00211175282644537,,,0,0.009,""
1b,null_auc_n5900,null,,5900,all,2000,EDGE.poly3.sc.G10,0.05,0.052,0.00496467521596328,,,0,0.052,""
1b,null_auc_n5900,null,,5900,all,2000,EDGE.poly3.sc.G10,0.1,0.092,0.00646281672337998,,,0,0.092,""
1b,null_auc_n5900,null,,5900,all,2000,EDGE.poly2.u.G10,0.01,0.013,0.00253288373203351,,,0,0.013,""
1b,null_auc_n5900,null,,5900,all,2000,EDGE.poly2.u.G10,0.05,0.0465,0.00470838348055891,,,0,0.0465,""
1b,null_auc_n5900,null,,5900,all,2000,EDGE.poly2.u.G10,0.1,0.0845,0.00621931467285585,,,0,0.0845,""
1b,null_auc_n5900,null,,5900,all,2000,EDGE.poly2.sc.G10,0.01,0.0085,0.00205277251540447,,,0,0.0085,""
1b,null_auc_n5900,null,,5900,all,2000,EDGE.poly2.sc.G10,0.05,0.051,0.00491929873051028,,,0,0.051,""
1b,null_auc_n5900,null,,5900,all,2000,EDGE.poly2.sc.G10,0.1,0.0965,0.00660256578914591,,,0,0.0965,""
1b,null_auc_n5900,null,,5900,all,2000,EDGE.stk.u.G10,0.01,0.008,0.0019919839356782,,,0,0.008,""
1b,null_auc_n5900,null,,5900,all,2000,EDGE.stk.u.G10,0.05,0.0455,0.00465992220965114,,,0,0.0455,""
1b,null_auc_n5900,null,,5900,all,2000,EDGE.stk.u.G10,0.1,0.0965,0.00660256578914591,,,0,0.0965,""
1b,null_auc_n5900,null,,5900,all,2000,EDGE.stk.sc.G10,0.01,0.0065,0.00179690706493129,,,0,0.0065,""
1b,null_auc_n5900,null,,5900,all,2000,EDGE.stk.sc.G10,0.05,0.0465,0.00470838348055891,,,0,0.0465,""
1b,null_auc_n5900,null,,5900,all,2000,EDGE.stk.sc.G10,0.1,0.1005,0.00672308522926788,,,0,0.1005,""
1b,null_auc_n5900,null,,5900,all,2000,EDGE.sym.u.G10,0.01,0.0085,0.00205277251540447,,,0,0.0085,""
1b,null_auc_n5900,null,,5900,all,2000,EDGE.sym.u.G10,0.05,0.0485,0.00480352734977121,,,0,0.0485,""
1b,null_auc_n5900,null,,5900,all,2000,EDGE.sym.u.G10,0.1,0.094,0.00652548848746207,,,0,0.094,""
1b,null_auc_n5900,null,,5900,all,2000,EDGE.sym.sc.G10,0.01,0.0095,0.00216907238237916,,,0,0.0095,""
1b,null_auc_n5900,null,,5900,all,2000,EDGE.sym.sc.G10,0.05,0.0465,0.00470838348055891,,,0,0.0465,""
1b,null_auc_n5900,null,,5900,all,2000,EDGE.sym.sc.G10,0.1,0.1065,0.00689774419647467,,,0,0.1065,""
1b,null_auc_n5900,null,,5900,all,2000,EDGE.poly3.u.Grule,0.01,0.005,0.00157718102955875,,,0,0.005,""
1b,null_auc_n5900,null,,5900,all,2000,EDGE.poly3.u.Grule,0.05,0.0455,0.00465992220965114,,,0,0.0455,""
1b,null_auc_n5900,null,,5900,all,2000,EDGE.poly3.u.Grule,0.1,0.0895,0.00638317123379908,,,0,0.0895,""
1b,null_auc_n5900,null,,5900,all,2000,EDGE.poly3.sc.Grule,0.01,0.0095,0.00216907238237916,,,0,0.0095,""
1b,null_auc_n5900,null,,5900,all,2000,EDGE.poly3.sc.Grule,0.05,0.048,0.00477995815881269,,,0,0.048,""
1b,null_auc_n5900,null,,5900,all,2000,EDGE.poly3.sc.Grule,0.1,0.095,0.0065564853389602,,,0,0.095,""
1b,null_auc_n5900,null,,5900,all,2000,EDGE.poly2.u.Grule,0.01,0.0125,0.00248432586429397,,,0,0.0125,""
1b,null_auc_n5900,null,,5900,all,2000,EDGE.poly2.u.Grule,0.05,0.04,0.00438178046004133,,,0,0.04,""
1b,null_auc_n5900,null,,5900,all,2000,EDGE.poly2.u.Grule,0.1,0.0845,0.00621931467285585,,,0,0.0845,""
1b,null_auc_n5900,null,,5900,all,2000,EDGE.poly2.sc.Grule,0.01,0.0075,0.00192921616207205,,,0,0.0075,""
1b,null_auc_n5900,null,,5900,all,2000,EDGE.poly2.sc.Grule,0.05,0.048,0.00477995815881269,,,0,0.048,""
1b,null_auc_n5900,null,,5900,all,2000,EDGE.poly2.sc.Grule,0.1,0.0905,0.00641520654383006,,,0,0.0905,""
1b,null_auc_n5900,null,,5900,all,2000,EDGE.stk.u.Grule,0.01,0.0055,0.00165374574829385,,,0,0.0055,""
1b,null_auc_n5900,null,,5900,all,2000,EDGE.stk.u.Grule,0.05,0.0425,0.00451075104611194,,,0,0.0425,""
1b,null_auc_n5900,null,,5900,all,2000,EDGE.stk.u.Grule,0.1,0.0985,0.00666324808182916,,,0,0.0985,""
1b,null_auc_n5900,null,,5900,all,2000,EDGE.stk.sc.Grule,0.01,0.0085,0.00205277251540447,,,0,0.0085,""
1b,null_auc_n5900,null,,5900,all,2000,EDGE.stk.sc.Grule,0.05,0.0365,0.0041933131292571,,,0,0.0365,""
1b,null_auc_n5900,null,,5900,all,2000,EDGE.stk.sc.Grule,0.1,0.0925,0.00647857044416436,,,0,0.0925,""
1b,null_auc_n5900,null,,5900,all,2000,EDGE.sym.u.Grule,0.01,0.0055,0.00165374574829385,,,0,0.0055,""
1b,null_auc_n5900,null,,5900,all,2000,EDGE.sym.u.Grule,0.05,0.046,0.00468422885862764,,,0,0.046,""
1b,null_auc_n5900,null,,5900,all,2000,EDGE.sym.u.Grule,0.1,0.099,0.00667828570817392,,,0,0.099,""
1b,null_auc_n5900,null,,5900,all,2000,EDGE.sym.sc.Grule,0.01,0.006,0.0017268468374468,,,0,0.006,""
1b,null_auc_n5900,null,,5900,all,2000,EDGE.sym.sc.Grule,0.05,0.049,0.00482695556225661,,,0,0.049,""
1b,null_auc_n5900,null,,5900,all,2000,EDGE.sym.sc.Grule,0.1,0.0925,0.00647857044416436,,,0,0.0925,""
1b,null_auc_n5900,null,,5900,all,2000,HL.G10,0.01,0.005,0.00157718102955875,,,0,0.005,""
1b,null_auc_n5900,null,,5900,all,2000,HL.G10,0.05,0.04,0.00438178046004133,,,0,0.04,""
1b,null_auc_n5900,null,,5900,all,2000,HL.G10,0.1,0.0905,0.00641520654383006,,,0,0.0905,""
1b,null_auc_n5900,null,,5900,all,2000,HL.Grule,0.01,0.01,0.0022248595461287,,,0,0.01,""
1b,null_auc_n5900,null,,5900,all,2000,HL.Grule,0.05,0.044,0.00458606585212206,,,0,0.044,""
1b,null_auc_n5900,null,,5900,all,2000,HL.Grule,0.1,0.106,0.00688345843308435,,,0,0.106,""
1b,null_auc_n5900,null,,5900,all,2000,HLF.G10,0.01,0.0055,0.00165374574829385,,,0,0.0055,""
1b,null_auc_n5900,null,,5900,all,2000,HLF.G10,0.05,0.0425,0.00451075104611194,,,0,0.0425,""
1b,null_auc_n5900,null,,5900,all,2000,HLF.G10,0.1,0.091,0.00643113520305708,,,0,0.091,""
1b,null_auc_n5900,null,,5900,all,2000,HLF.Grule,0.01,0.009,0.00211175282644537,,,0,0.009,""
1b,null_auc_n5900,null,,5900,all,2000,HLF.Grule,0.05,0.045,0.00463546114210873,,,0,0.045,""
1b,null_auc_n5900,null,,5900,all,2000,HLF.Grule,0.1,0.0945,0.00654101482951996,,,0,0.0945,""
1b,null_auc_n5900,null,,5900,all,2000,Stk.joint,0.01,0.0055,0.00165374574829385,,,0,0.0055,""
1b,null_auc_n5900,null,,5900,all,2000,Stk.joint,0.05,0.045,0.00463546114210873,,,0,0.045,""
1b,null_auc_n5900,null,,5900,all,2000,Stk.joint,0.1,0.087,0.0063020234845643,,,0,0.087,""
1b,null_auc_n5900,null,,5900,all,2000,Stk.LR,0.01,0.0065,0.00179690706493129,,,0,0.0065,""
1b,null_auc_n5900,null,,5900,all,2000,Stk.LR,0.05,0.048,0.00477995815881269,,,0,0.048,""
1b,null_auc_n5900,null,,5900,all,2000,Stk.LR,0.1,0.094,0.00652548848746207,,,0,0.094,""
1b,null_auc_n5900,null,,5900,all,2000,Stk.sym1,0.01,0.0055,0.00165374574829385,,,0,0.0055,""
1b,null_auc_n5900,null,,5900,all,2000,Stk.sym1,0.05,0.048,0.00477995815881269,,,0,0.048,""
1b,null_auc_n5900,null,,5900,all,2000,Stk.sym1,0.1,0.093,0.00649426670225361,,,0,0.093,""
1b,null_auc_n5900,null,,5900,all,2000,Stk.marg,0.01,0.0205,0.00316857617866448,,,0,0.0205,""
1b,null_auc_n5900,null,,5900,all,2000,Stk.marg,0.05,0.0545,0.00507591124823908,,,0,0.0545,""
1b,null_auc_n5900,null,,5900,all,2000,Stk.marg,0.1,0.103,0.00679672715356443,,,0,0.103,""
1b,null_auc_n5900,null,,5900,all,2000,GiViTI,0.01,0.0105,0.00227922684259378,,,0,0.0105,""
1b,null_auc_n5900,null,,5900,all,2000,GiViTI,0.05,0.0385,0.00430219420761081,,,0,0.0385,""
1b,null_auc_n5900,null,,5900,all,2000,GiViTI,0.1,0.087,0.0063020234845643,,,0,0.087,""
1b,null_auc_n5900,null,,5900,all,2000,GiViTI.t50,0.01,0.009,0.00211175282644537,,,0,0.009,""
1b,null_auc_n5900,null,,5900,all,2000,GiViTI.t50,0.05,0.0455,0.00465992220965114,,,0,0.0455,""
1b,null_auc_n5900,null,,5900,all,2000,GiViTI.t50,0.1,0.0915,0.00644700511865781,,,0,0.0915,""
1b,null_auc_n5900,null,,5900,all,2000,Cubic.LR,0.01,0.007,0.00186426929385215,,,0,0.007,""
1b,null_auc_n5900,null,,5900,all,2000,Cubic.LR,0.05,0.0475,0.00475624589355933,,,0,0.0475,""
1b,null_auc_n5900,null,,5900,all,2000,Cubic.LR,0.1,0.094,0.00652548848746207,,,0,0.094,""
1b,null_auc_n5900,null,,5900,all,2000,HL_w,0.01,0.006,0.0017268468374468,,,0,0.006,""
1b,null_auc_n5900,null,,5900,all,2000,HL_w,0.05,0.038,0.00427527776875375,,,0,0.038,""
1b,null_auc_n5900,null,,5900,all,2000,HL_w,0.1,0.084,0.00620258010830977,,,0,0.084,""
1b,null_auc_n5900,null,,5900,all,2000,PH,0.01,0.0035,0.0013205585939291,,,0,0.0035,""
1b,null_auc_n5900,null,,5900,all,2000,PH,0.05,0.026,0.00355837041354607,,,0,0.026,""
1b,null_auc_n5900,null,,5900,all,2000,PH,0.1,0.0545,0.00507591124823908,,,0,0.0545,""
1b,null_auc_n5900,null,,5900,all,2000,Tsiatis,0.01,0.0105,0.00227922684259378,,,0,0.0105,""
1b,null_auc_n5900,null,,5900,all,2000,Tsiatis,0.05,0.045,0.00463546114210873,,,0,0.045,""
1b,null_auc_n5900,null,,5900,all,2000,Tsiatis,0.1,0.0965,0.00660256578914591,,,0,0.0965,""
1b,null_auc_n5900,null,,5900,all,2000,Xie,0.01,0.0055,0.00165374574829385,,,0,0.0055,""
1b,null_auc_n5900,null,,5900,all,2000,Xie,0.05,0.026,0.00355837041354607,,,0,0.026,""
1b,null_auc_n5900,null,,5900,all,2000,Xie,0.1,0.0585,0.0052477495176504,,,0,0.0585,""
1b,null_auc_n5900,null,,5900,all,2000,PR,0.01,0.0065,0.00179690706493129,,,0,0.0065,""
1b,null_auc_n5900,null,,5900,all,2000,PR,0.05,0.0475,0.00475624589355933,,,0,0.0475,""
1b,null_auc_n5900,null,,5900,all,2000,PR,0.1,0.118,0.00721373689567342,,,0,0.118,""
1b,null_auc_n7800,null,,7800,all,2000,flag.evlt.G10,,0,,,,0,,flag rate: share of replicates with the flag = 1
1b,null_auc_n7800,null,,7800,all,2000,flag.evlt.Grule,,0,,,,0,,flag rate: share of replicates with the flag = 1
1b,null_auc_n7800,null,,7800,all,2000,flag.stk_half0,,0,,,,0,,flag rate: share of replicates with the flag = 1
1b,null_auc_n7800,null,,7800,all,2000,flag.stk_diag,,0,,,,0,,flag rate: share of replicates with the flag = 1
1b,null_auc_n7800,null,,7800,all,2000,flag.rivals_run,,1,,,,0,,flag rate: share of replicates with the flag = 1
1b,null_auc_n7800,null,,7800,all,2000,flag.degenerate,,0,,,,0,,flag rate: share of replicates with the flag = 1
1b,null_auc_n7800,null,,7800,all,2000,flag.info_guard,,0,,,,0,,flag rate: share of replicates with the flag = 1
1b,null_auc_n7800,null,,7800,all,2000,flag.rep_error,,0,,,,0,,flag rate: share of replicates with the flag = 1
1b,null_auc_n7800,null,,7800,all,2000,EDGE.poly3.u.G10,0.01,0.012,0.00243474844696531,,,0,0.012,""
1b,null_auc_n7800,null,,7800,all,2000,EDGE.poly3.u.G10,0.05,0.051,0.00491929873051028,,,0,0.051,""
1b,null_auc_n7800,null,,7800,all,2000,EDGE.poly3.u.G10,0.1,0.0965,0.00660256578914591,,,0,0.0965,""
1b,null_auc_n7800,null,,7800,all,2000,EDGE.poly3.sc.G10,0.01,0.0105,0.00227922684259378,,,0,0.0105,""
1b,null_auc_n7800,null,,7800,all,2000,EDGE.poly3.sc.G10,0.05,0.045,0.00463546114210873,,,0,0.045,""
1b,null_auc_n7800,null,,7800,all,2000,EDGE.poly3.sc.G10,0.1,0.104,0.00682583328246449,,,0,0.104,""
1b,null_auc_n7800,null,,7800,all,2000,EDGE.poly2.u.G10,0.01,0.011,0.00233227356885937,,,0,0.011,""
1b,null_auc_n7800,null,,7800,all,2000,EDGE.poly2.u.G10,0.05,0.049,0.00482695556225661,,,0,0.049,""
1b,null_auc_n7800,null,,7800,all,2000,EDGE.poly2.u.G10,0.1,0.0945,0.00654101482951996,,,0,0.0945,""
1b,null_auc_n7800,null,,7800,all,2000,EDGE.poly2.sc.G10,0.01,0.0115,0.0023840878758972,,,0,0.0115,""
1b,null_auc_n7800,null,,7800,all,2000,EDGE.poly2.sc.G10,0.05,0.052,0.00496467521596328,,,0,0.052,""
1b,null_auc_n7800,null,,7800,all,2000,EDGE.poly2.sc.G10,0.1,0.107,0.0069119823495145,,,0,0.107,""
1b,null_auc_n7800,null,,7800,all,2000,EDGE.stk.u.G10,0.01,0.01,0.0022248595461287,,,0,0.01,""
1b,null_auc_n7800,null,,7800,all,2000,EDGE.stk.u.G10,0.05,0.052,0.00496467521596328,,,0,0.052,""
1b,null_auc_n7800,null,,7800,all,2000,EDGE.stk.u.G10,0.1,0.099,0.00667828570817392,,,0,0.099,""
1b,null_auc_n7800,null,,7800,all,2000,EDGE.stk.sc.G10,0.01,0.01,0.0022248595461287,,,0,0.01,""
1b,null_auc_n7800,null,,7800,all,2000,EDGE.stk.sc.G10,0.05,0.0515,0.00494205169944629,,,0,0.0515,""
1b,null_auc_n7800,null,,7800,all,2000,EDGE.stk.sc.G10,0.1,0.103,0.00679672715356443,,,0,0.103,""
1b,null_auc_n7800,null,,7800,all,2000,EDGE.sym.u.G10,0.01,0.0115,0.0023840878758972,,,0,0.0115,""
1b,null_auc_n7800,null,,7800,all,2000,EDGE.sym.u.G10,0.05,0.047,0.00473238840333293,,,0,0.047,""
1b,null_auc_n7800,null,,7800,all,2000,EDGE.sym.u.G10,0.1,0.0945,0.00654101482951996,,,0,0.0945,""
1b,null_auc_n7800,null,,7800,all,2000,EDGE.sym.sc.G10,0.01,0.01,0.0022248595461287,,,0,0.01,""
1b,null_auc_n7800,null,,7800,all,2000,EDGE.sym.sc.G10,0.05,0.0435,0.00456112650559048,,,0,0.0435,""
1b,null_auc_n7800,null,,7800,all,2000,EDGE.sym.sc.G10,0.1,0.0855,0.00625258946357427,,,0,0.0855,""
1b,null_auc_n7800,null,,7800,all,2000,EDGE.poly3.u.Grule,0.01,0.0125,0.00248432586429397,,,0,0.0125,""
1b,null_auc_n7800,null,,7800,all,2000,EDGE.poly3.u.Grule,0.05,0.0575,0.00520546587732549,,,0,0.0575,""
1b,null_auc_n7800,null,,7800,all,2000,EDGE.poly3.u.Grule,0.1,0.104,0.00682583328246449,,,0,0.104,""
1b,null_auc_n7800,null,,7800,all,2000,EDGE.poly3.sc.Grule,0.01,0.0105,0.00227922684259378,,,0,0.0105,""
1b,null_auc_n7800,null,,7800,all,2000,EDGE.poly3.sc.Grule,0.05,0.0515,0.00494205169944629,,,0,0.0515,""
1b,null_auc_n7800,null,,7800,all,2000,EDGE.poly3.sc.Grule,0.1,0.1035,0.00681130494105204,,,0,0.1035,""
1b,null_auc_n7800,null,,7800,all,2000,EDGE.poly2.u.Grule,0.01,0.0115,0.0023840878758972,,,0,0.0115,""
1b,null_auc_n7800,null,,7800,all,2000,EDGE.poly2.u.Grule,0.05,0.0495,0.0048502448391808,,,0,0.0495,""
1b,null_auc_n7800,null,,7800,all,2000,EDGE.poly2.u.Grule,0.1,0.1025,0.00678209960115597,,,0,0.1025,""
1b,null_auc_n7800,null,,7800,all,2000,EDGE.poly2.sc.Grule,0.01,0.0135,0.00258047960658479,,,0,0.0135,""
1b,null_auc_n7800,null,,7800,all,2000,EDGE.poly2.sc.Grule,0.05,0.0535,0.00503178646208283,,,0,0.0535,""
1b,null_auc_n7800,null,,7800,all,2000,EDGE.poly2.sc.Grule,0.1,0.1,0.00670820393249937,,,0,0.1,""
1b,null_auc_n7800,null,,7800,all,2000,EDGE.stk.u.Grule,0.01,0.014,0.00262716577322407,,,0,0.014,""
1b,null_auc_n7800,null,,7800,all,2000,EDGE.stk.u.Grule,0.05,0.0585,0.0052477495176504,,,0,0.0585,""
1b,null_auc_n7800,null,,7800,all,2000,EDGE.stk.u.Grule,0.1,0.1085,0.00695441406590088,,,0,0.1085,""
1b,null_auc_n7800,null,,7800,all,2000,EDGE.stk.sc.Grule,0.01,0.012,0.00243474844696531,,,0,0.012,""
1b,null_auc_n7800,null,,7800,all,2000,EDGE.stk.sc.Grule,0.05,0.0485,0.00480352734977121,,,0,0.0485,""
1b,null_auc_n7800,null,,7800,all,2000,EDGE.stk.sc.Grule,0.1,0.0995,0.00669327087454258,,,0,0.0995,""
1b,null_auc_n7800,null,,7800,all,2000,EDGE.sym.u.Grule,0.01,0.016,0.00280570846668003,,,0,0.016,""
1b,null_auc_n7800,null,,7800,all,2000,EDGE.sym.u.Grule,0.05,0.058,0.00522666241496426,,,0,0.058,""
1b,null_auc_n7800,null,,7800,all,2000,EDGE.sym.u.Grule,0.1,0.1,0.00670820393249937,,,0,0.1,""
1b,null_auc_n7800,null,,7800,all,2000,EDGE.sym.sc.Grule,0.01,0.0155,0.00276222283677476,,,0,0.0155,""
1b,null_auc_n7800,null,,7800,all,2000,EDGE.sym.sc.Grule,0.05,0.053,0.0050095408971282,,,0,0.053,""
1b,null_auc_n7800,null,,7800,all,2000,EDGE.sym.sc.Grule,0.1,0.0975,0.00663301402079025,,,0,0.0975,""
1b,null_auc_n7800,null,,7800,all,2000,HL.G10,0.01,0.0065,0.00179690706493129,,,0,0.0065,""
1b,null_auc_n7800,null,,7800,all,2000,HL.G10,0.05,0.0445,0.00461084319837489,,,0,0.0445,""
1b,null_auc_n7800,null,,7800,all,2000,HL.G10,0.1,0.092,0.00646281672337998,,,0,0.092,""
1b,null_auc_n7800,null,,7800,all,2000,HL.Grule,0.01,0.0065,0.00179690706493129,,,0,0.0065,""
1b,null_auc_n7800,null,,7800,all,2000,HL.Grule,0.05,0.045,0.00463546114210873,,,0,0.045,""
1b,null_auc_n7800,null,,7800,all,2000,HL.Grule,0.1,0.086,0.00626913072124039,,,0,0.086,""
1b,null_auc_n7800,null,,7800,all,2000,HLF.G10,0.01,0.007,0.00186426929385215,,,0,0.007,""
1b,null_auc_n7800,null,,7800,all,2000,HLF.G10,0.05,0.0445,0.00461084319837489,,,0,0.0445,""
1b,null_auc_n7800,null,,7800,all,2000,HLF.G10,0.1,0.0925,0.00647857044416436,,,0,0.0925,""
1b,null_auc_n7800,null,,7800,all,2000,HLF.Grule,0.01,0.008,0.0019919839356782,,,0,0.008,""
1b,null_auc_n7800,null,,7800,all,2000,HLF.Grule,0.05,0.04,0.00438178046004133,,,0,0.04,""
1b,null_auc_n7800,null,,7800,all,2000,HLF.Grule,0.1,0.0865,0.00628560856242258,,,0,0.0865,""
1b,null_auc_n7800,null,,7800,all,2000,Stk.joint,0.01,0.0145,0.00267298989897081,,,0,0.0145,""
1b,null_auc_n7800,null,,7800,all,2000,Stk.joint,0.05,0.058,0.00522666241496426,,,0,0.058,""
1b,null_auc_n7800,null,,7800,all,2000,Stk.joint,0.1,0.1035,0.00681130494105204,,,0,0.1035,""
1b,null_auc_n7800,null,,7800,all,2000,Stk.LR,0.01,0.0125,0.00248432586429397,,,0,0.0125,""
1b,null_auc_n7800,null,,7800,all,2000,Stk.LR,0.05,0.059,0.00526872849936301,,,0,0.059,""
1b,null_auc_n7800,null,,7800,all,2000,Stk.LR,0.1,0.103,0.00679672715356443,,,0,0.103,""
1b,null_auc_n7800,null,,7800,all,2000,Stk.sym1,0.01,0.0155,0.00276222283677476,,,0,0.0155,""
1b,null_auc_n7800,null,,7800,all,2000,Stk.sym1,0.05,0.0525,0.00498717104178311,,,0,0.0525,""
1b,null_auc_n7800,null,,7800,all,2000,Stk.sym1,0.1,0.0975,0.00663301402079025,,,0,0.0975,""
1b,null_auc_n7800,null,,7800,all,2000,Stk.marg,0.01,0.024,0.00342227994179319,,,0,0.024,""
1b,null_auc_n7800,null,,7800,all,2000,Stk.marg,0.05,0.069,0.00566740681440816,,,0,0.069,""
1b,null_auc_n7800,null,,7800,all,2000,Stk.marg,0.1,0.117,0.00718717607965743,,,0,0.117,""
1b,null_auc_n7800,null,,7800,all,2000,GiViTI,0.01,0.0105,0.00227922684259378,,,0,0.0105,""
1b,null_auc_n7800,null,,7800,all,2000,GiViTI,0.05,0.0465,0.00470838348055891,,,0,0.0465,""
1b,null_auc_n7800,null,,7800,all,2000,GiViTI,0.1,0.1015,0.00675269390687894,,,0,0.1015,""
1b,null_auc_n7800,null,,7800,all,2000,GiViTI.t50,0.01,0.0115,0.0023840878758972,,,0,0.0115,""
1b,null_auc_n7800,null,,7800,all,2000,GiViTI.t50,0.05,0.0505,0.00489641450451246,,,0,0.0505,""
1b,null_auc_n7800,null,,7800,all,2000,GiViTI.t50,0.1,0.1045,0.00684031249286171,,,0,0.1045,""
1b,null_auc_n7800,null,,7800,all,2000,Cubic.LR,0.01,0.0115,0.0023840878758972,,,0,0.0115,""
1b,null_auc_n7800,null,,7800,all,2000,Cubic.LR,0.05,0.0565,0.00516273909857936,,,0,0.0565,""
1b,null_auc_n7800,null,,7800,all,2000,Cubic.LR,0.1,0.1025,0.00678209960115597,,,0,0.1025,""
1b,null_auc_n7800,null,,7800,all,2000,HL_w,0.01,0.0055,0.00165374574829385,,,0,0.0055,""
1b,null_auc_n7800,null,,7800,all,2000,HL_w,0.05,0.0425,0.00451075104611194,,,0,0.0425,""
1b,null_auc_n7800,null,,7800,all,2000,HL_w,0.1,0.0875,0.00631837597805006,,,0,0.0875,""
1b,null_auc_n7800,null,,7800,all,2000,PH,0.01,0.003,0.00122290637417588,,,0,0.003,""
1b,null_auc_n7800,null,,7800,all,2000,PH,0.05,0.0275,0.00365675744341896,,,0,0.0275,""
1b,null_auc_n7800,null,,7800,all,2000,PH,0.1,0.059,0.00526872849936301,,,0,0.059,""
1b,null_auc_n7800,null,,7800,all,2000,Tsiatis,0.01,0.015,0.00271799558498538,,,0,0.015,""
1b,null_auc_n7800,null,,7800,all,2000,Tsiatis,0.05,0.054,0.00505390937789747,,,0,0.054,""
1b,null_auc_n7800,null,,7800,all,2000,Tsiatis,0.1,0.108,0.0069403169956422,,,0,0.108,""
1b,null_auc_n7800,null,,7800,all,2000,Xie,0.01,0.005,0.00157718102955875,,,0,0.005,""
1b,null_auc_n7800,null,,7800,all,2000,Xie,0.05,0.031,0.0038754999677461,,,0,0.031,""
1b,null_auc_n7800,null,,7800,all,2000,Xie,0.1,0.0695,0.00568637626261225,,,0,0.0695,""
1b,null_auc_n7800,null,,7800,all,2000,PR,0.01,0.01,0.0022248595461287,,,0,0.01,""
1b,null_auc_n7800,null,,7800,all,2000,PR,0.05,0.0545,0.00507591124823908,,,0,0.0545,""
1b,null_auc_n7800,null,,7800,all,2000,PR,0.1,0.111,0.00702420814042409,,,0,0.111,""
1b,null_e12_n1000,null,,1000,all,2000,flag.evlt.G10,,0,,,,0,,flag rate: share of replicates with the flag = 1
1b,null_e12_n1000,null,,1000,all,2000,flag.evlt.Grule,,0,,,,0,,flag rate: share of replicates with the flag = 1
1b,null_e12_n1000,null,,1000,all,2000,flag.stk_half0,,0.9675,,,,0,,flag rate: share of replicates with the flag = 1
1b,null_e12_n1000,null,,1000,all,2000,flag.stk_diag,,0.0015,,,,0,,flag rate: share of replicates with the flag = 1
1b,null_e12_n1000,null,,1000,all,2000,flag.rivals_run,,1,,,,0,,flag rate: share of replicates with the flag = 1
1b,null_e12_n1000,null,,1000,all,2000,flag.degenerate,,0,,,,0,,flag rate: share of replicates with the flag = 1
1b,null_e12_n1000,null,,1000,all,2000,flag.info_guard,,0,,,,0,,flag rate: share of replicates with the flag = 1
1b,null_e12_n1000,null,,1000,all,2000,flag.rep_error,,0,,,,0,,flag rate: share of replicates with the flag = 1
1b,null_e12_n1000,null,,1000,all,2000,EDGE.poly3.u.G10,0.01,0.0115,0.0023840878758972,,,0,0.0115,""
1b,null_e12_n1000,null,,1000,all,2000,EDGE.poly3.u.G10,0.05,0.0495,0.0048502448391808,,,0,0.0495,""
1b,null_e12_n1000,null,,1000,all,2000,EDGE.poly3.u.G10,0.1,0.0965,0.00660256578914591,,,0,0.0965,""
1b,null_e12_n1000,null,,1000,all,2000,EDGE.poly3.sc.G10,0.01,0.01,0.0022248595461287,,,0,0.01,""
1b,null_e12_n1000,null,,1000,all,2000,EDGE.poly3.sc.G10,0.05,0.049,0.00482695556225661,,,0,0.049,""
1b,null_e12_n1000,null,,1000,all,2000,EDGE.poly3.sc.G10,0.1,0.096,0.00658726043207645,,,0,0.096,""
1b,null_e12_n1000,null,,1000,all,2000,EDGE.poly2.u.G10,0.01,0.0065,0.00179690706493129,,,0,0.0065,""
1b,null_e12_n1000,null,,1000,all,2000,EDGE.poly2.u.G10,0.05,0.047,0.00473238840333293,,,0,0.047,""
1b,null_e12_n1000,null,,1000,all,2000,EDGE.poly2.u.G10,0.1,0.101,0.00673791510780598,,,0,0.101,""
1b,null_e12_n1000,null,,1000,all,2000,EDGE.poly2.sc.G10,0.01,0.009,0.00211175282644537,,,0,0.009,""
1b,null_e12_n1000,null,,1000,all,2000,EDGE.poly2.sc.G10,0.05,0.0435,0.00456112650559048,,,0,0.0435,""
1b,null_e12_n1000,null,,1000,all,2000,EDGE.poly2.sc.G10,0.1,0.102,0.00676742196113114,,,0,0.102,""
1b,null_e12_n1000,null,,1000,all,2000,EDGE.stk.u.G10,0.01,0.011,0.00233227356885937,,,0,0.011,""
1b,null_e12_n1000,null,,1000,all,2000,EDGE.stk.u.G10,0.05,0.053,0.0050095408971282,,,0,0.053,""
1b,null_e12_n1000,null,,1000,all,2000,EDGE.stk.u.G10,0.1,0.1005,0.00672308522926788,,,0,0.1005,""
1b,null_e12_n1000,null,,1000,all,2000,EDGE.stk.sc.G10,0.01,0.01,0.0022248595461287,,,0,0.01,""
1b,null_e12_n1000,null,,1000,all,2000,EDGE.stk.sc.G10,0.05,0.048,0.00477995815881269,,,0,0.048,""
1b,null_e12_n1000,null,,1000,all,2000,EDGE.stk.sc.G10,0.1,0.0995,0.00669327087454258,,,0,0.0995,""
1b,null_e12_n1000,null,,1000,all,2000,EDGE.sym.u.G10,0.01,0.011,0.00233227356885937,,,0,0.011,""
1b,null_e12_n1000,null,,1000,all,2000,EDGE.sym.u.G10,0.05,0.053,0.0050095408971282,,,0,0.053,""
1b,null_e12_n1000,null,,1000,all,2000,EDGE.sym.u.G10,0.1,0.1025,0.00678209960115597,,,0,0.1025,""
1b,null_e12_n1000,null,,1000,all,2000,EDGE.sym.sc.G10,0.01,0.011,0.00233227356885937,,,0,0.011,""
1b,null_e12_n1000,null,,1000,all,2000,EDGE.sym.sc.G10,0.05,0.0505,0.00489641450451246,,,0,0.0505,""
1b,null_e12_n1000,null,,1000,all,2000,EDGE.sym.sc.G10,0.1,0.0995,0.00669327087454258,,,0,0.0995,""
1b,null_e12_n1000,null,,1000,all,2000,EDGE.poly3.u.Grule,0.01,0.0095,0.00216907238237916,,,0,0.0095,""
1b,null_e12_n1000,null,,1000,all,2000,EDGE.poly3.u.Grule,0.05,0.038,0.00427527776875375,,,0,0.038,""
1b,null_e12_n1000,null,,1000,all,2000,EDGE.poly3.u.Grule,0.1,0.0945,0.00654101482951996,,,0,0.0945,""
1b,null_e12_n1000,null,,1000,all,2000,EDGE.poly3.sc.Grule,0.01,0.007,0.00186426929385215,,,0,0.007,""
1b,null_e12_n1000,null,,1000,all,2000,EDGE.poly3.sc.Grule,0.05,0.04,0.00438178046004133,,,0,0.04,""
1b,null_e12_n1000,null,,1000,all,2000,EDGE.poly3.sc.Grule,0.1,0.0845,0.00621931467285585,,,0,0.0845,""
1b,null_e12_n1000,null,,1000,all,2000,EDGE.poly2.u.Grule,0.01,0.007,0.00186426929385215,,,0,0.007,""
1b,null_e12_n1000,null,,1000,all,2000,EDGE.poly2.u.Grule,0.05,0.054,0.00505390937789747,,,0,0.054,""
1b,null_e12_n1000,null,,1000,all,2000,EDGE.poly2.u.Grule,0.1,0.1015,0.00675269390687894,,,0,0.1015,""
1b,null_e12_n1000,null,,1000,all,2000,EDGE.poly2.sc.Grule,0.01,0.0105,0.00227922684259378,,,0,0.0105,""
1b,null_e12_n1000,null,,1000,all,2000,EDGE.poly2.sc.Grule,0.05,0.0375,0.00424816136699161,,,0,0.0375,""
1b,null_e12_n1000,null,,1000,all,2000,EDGE.poly2.sc.Grule,0.1,0.0945,0.00654101482951996,,,0,0.0945,""
1b,null_e12_n1000,null,,1000,all,2000,EDGE.stk.u.Grule,0.01,0.014,0.00262716577322407,,,0,0.014,""
1b,null_e12_n1000,null,,1000,all,2000,EDGE.stk.u.Grule,0.05,0.052,0.00496467521596328,,,0,0.052,""
1b,null_e12_n1000,null,,1000,all,2000,EDGE.stk.u.Grule,0.1,0.095,0.0065564853389602,,,0,0.095,""
1b,null_e12_n1000,null,,1000,all,2000,EDGE.stk.sc.Grule,0.01,0.01,0.0022248595461287,,,0,0.01,""
1b,null_e12_n1000,null,,1000,all,2000,EDGE.stk.sc.Grule,0.05,0.0475,0.00475624589355933,,,0,0.0475,""
1b,null_e12_n1000,null,,1000,all,2000,EDGE.stk.sc.Grule,0.1,0.1015,0.00675269390687894,,,0,0.1015,""
1b,null_e12_n1000,null,,1000,all,2000,EDGE.sym.u.Grule,0.01,0.012,0.00243474844696531,,,0,0.012,""
1b,null_e12_n1000,null,,1000,all,2000,EDGE.sym.u.Grule,0.05,0.0525,0.00498717104178311,,,0,0.0525,""
1b,null_e12_n1000,null,,1000,all,2000,EDGE.sym.u.Grule,0.1,0.0945,0.00654101482951996,,,0,0.0945,""
1b,null_e12_n1000,null,,1000,all,2000,EDGE.sym.sc.Grule,0.01,0.0095,0.00216907238237916,,,0,0.0095,""
1b,null_e12_n1000,null,,1000,all,2000,EDGE.sym.sc.Grule,0.05,0.0525,0.00498717104178311,,,0,0.0525,""
1b,null_e12_n1000,null,,1000,all,2000,EDGE.sym.sc.Grule,0.1,0.097,0.00661781686056663,,,0,0.097,""
1b,null_e12_n1000,null,,1000,all,2000,HL.G10,0.01,0.0115,0.0023840878758972,,,0,0.0115,""
1b,null_e12_n1000,null,,1000,all,2000,HL.G10,0.05,0.0475,0.00475624589355933,,,0,0.0475,""
1b,null_e12_n1000,null,,1000,all,2000,HL.G10,0.1,0.0965,0.00660256578914591,,,0,0.0965,""
1b,null_e12_n1000,null,,1000,all,2000,HL.Grule,0.01,0.012,0.00243474844696531,,,0,0.012,""
1b,null_e12_n1000,null,,1000,all,2000,HL.Grule,0.05,0.0455,0.00465992220965114,,,0,0.0455,""
1b,null_e12_n1000,null,,1000,all,2000,HL.Grule,0.1,0.0905,0.00641520654383006,,,0,0.0905,""
1b,null_e12_n1000,null,,1000,all,2000,HLF.G10,0.01,0.0105,0.00227922684259378,,,0,0.0105,""
1b,null_e12_n1000,null,,1000,all,2000,HLF.G10,0.05,0.048,0.00477995815881269,,,0,0.048,""
1b,null_e12_n1000,null,,1000,all,2000,HLF.G10,0.1,0.094,0.00652548848746207,,,0,0.094,""
1b,null_e12_n1000,null,,1000,all,2000,HLF.Grule,0.01,0.0115,0.0023840878758972,,,0,0.0115,""
1b,null_e12_n1000,null,,1000,all,2000,HLF.Grule,0.05,0.0395,0.00435544199823623,,,0,0.0395,""
1b,null_e12_n1000,null,,1000,all,2000,HLF.Grule,0.1,0.088,0.00633466652634533,,,0,0.088,""
1b,null_e12_n1000,null,,1000,all,2000,Stk.joint,0.01,0.0105,0.00227922684259378,,,0,0.0105,""
1b,null_e12_n1000,null,,1000,all,2000,Stk.joint,0.05,0.0495,0.0048502448391808,,,0,0.0495,""
1b,null_e12_n1000,null,,1000,all,2000,Stk.joint,0.1,0.1025,0.00678209960115597,,,0,0.1025,""
1b,null_e12_n1000,null,,1000,all,2000,Stk.LR,0.01,0.009,0.00211175282644537,,,0,0.009,""
1b,null_e12_n1000,null,,1000,all,2000,Stk.LR,0.05,0.056,0.00514120608417908,,,0,0.056,""
1b,null_e12_n1000,null,,1000,all,2000,Stk.LR,0.1,0.1085,0.00695441406590088,,,0,0.1085,""
1b,null_e12_n1000,null,,1000,all,2000,Stk.sym1,0.01,0.011,0.00233227356885937,,,0,0.011,""
1b,null_e12_n1000,null,,1000,all,2000,Stk.sym1,0.05,0.05,0.00487339717240448,,,0,0.05,""
1b,null_e12_n1000,null,,1000,all,2000,Stk.sym1,0.1,0.1025,0.00678209960115597,,,0,0.1025,""
1b,null_e12_n1000,null,,1000,all,2000,Stk.marg,0.01,0,0,,,0.9675,0,""
1b,null_e12_n1000,null,,1000,all,2000,Stk.marg,0.05,0.0015,0.000865375640979107,,,0.9675,0.0461538461538462,""
1b,null_e12_n1000,null,,1000,all,2000,Stk.marg,0.1,0.0035,0.0013205585939291,,,0.9675,0.107692307692308,""
1b,null_e12_n1000,null,,1000,all,2000,GiViTI,0.01,0.009,0.00211175282644537,,,0,0.009,""
1b,null_e12_n1000,null,,1000,all,2000,GiViTI,0.05,0.0495,0.0048502448391808,,,0,0.0495,""
1b,null_e12_n1000,null,,1000,all,2000,GiViTI,0.1,0.1015,0.00675269390687894,,,0,0.1015,""
1b,null_e12_n1000,null,,1000,all,2000,GiViTI.t50,0.01,0.007,0.00186426929385215,,,0,0.007,""
1b,null_e12_n1000,null,,1000,all,2000,GiViTI.t50,0.05,0.052,0.00496467521596328,,,0,0.052,""
1b,null_e12_n1000,null,,1000,all,2000,GiViTI.t50,0.1,0.101,0.00673791510780598,,,0,0.101,""
1b,null_e12_n1000,null,,1000,all,2000,Cubic.LR,0.01,0.0085,0.00205277251540447,,,0,0.0085,""
1b,null_e12_n1000,null,,1000,all,2000,Cubic.LR,0.05,0.0435,0.00456112650559048,,,0,0.0435,""
1b,null_e12_n1000,null,,1000,all,2000,Cubic.LR,0.1,0.096,0.00658726043207645,,,0,0.096,""
1b,null_e12_n1000,null,,1000,all,2000,HL_w,0.01,0.006,0.0017268468374468,,,0,0.006,""
1b,null_e12_n1000,null,,1000,all,2000,HL_w,0.05,0.043,0.00453602248671675,,,0,0.043,""
1b,null_e12_n1000,null,,1000,all,2000,HL_w,0.1,0.096,0.00658726043207645,,,0,0.096,""
1b,null_e12_n1000,null,,1000,all,2000,PH,0.01,0.0065,0.00179690706493129,,,0,0.0065,""
1b,null_e12_n1000,null,,1000,all,2000,PH,0.05,0.028,0.00368890227574546,,,0,0.028,""
1b,null_e12_n1000,null,,1000,all,2000,PH,0.1,0.0595,0.00528960064655169,,,0,0.0595,""
1b,null_e12_n1000,null,,1000,all,2000,Tsiatis,0.01,0.012,0.00243474844696531,,,0,0.012,""
1b,null_e12_n1000,null,,1000,all,2000,Tsiatis,0.05,0.052,0.00496467521596328,,,0,0.052,""
1b,null_e12_n1000,null,,1000,all,2000,Tsiatis,0.1,0.096,0.00658726043207645,,,0,0.096,""
1b,null_e12_n1000,null,,1000,all,2000,Xie,0.01,0.0075,0.00192921616207205,,,0,0.0075,""
1b,null_e12_n1000,null,,1000,all,2000,Xie,0.05,0.031,0.0038754999677461,,,0,0.031,""
1b,null_e12_n1000,null,,1000,all,2000,Xie,0.1,0.0605,0.0053310294503032,,,0,0.0605,""
1b,null_e12_n1000,null,,1000,all,2000,PR,0.01,0.0095,0.00216907238237916,,,0,0.0095,""
1b,null_e12_n1000,null,,1000,all,2000,PR,0.05,0.057,0.00518415856238985,,,0,0.057,""
1b,null_e12_n1000,null,,1000,all,2000,PR,0.1,0.1145,0.00712003335666344,,,0,0.1145,""
1b,null_e12_n1700,null,,1700,all,2000,flag.evlt.G10,,0,,,,0,,flag rate: share of replicates with the flag = 1
1b,null_e12_n1700,null,,1700,all,2000,flag.evlt.Grule,,0,,,,0,,flag rate: share of replicates with the flag = 1
1b,null_e12_n1700,null,,1700,all,2000,flag.stk_half0,,0.9895,,,,0,,flag rate: share of replicates with the flag = 1
1b,null_e12_n1700,null,,1700,all,2000,flag.stk_diag,,0.001,,,,0,,flag rate: share of replicates with the flag = 1
1b,null_e12_n1700,null,,1700,all,2000,flag.rivals_run,,1,,,,0,,flag rate: share of replicates with the flag = 1
1b,null_e12_n1700,null,,1700,all,2000,flag.degenerate,,0,,,,0,,flag rate: share of replicates with the flag = 1
1b,null_e12_n1700,null,,1700,all,2000,flag.info_guard,,0,,,,0,,flag rate: share of replicates with the flag = 1
1b,null_e12_n1700,null,,1700,all,2000,flag.rep_error,,0,,,,0,,flag rate: share of replicates with the flag = 1
1b,null_e12_n1700,null,,1700,all,2000,EDGE.poly3.u.G10,0.01,0.0115,0.0023840878758972,,,0,0.0115,""
1b,null_e12_n1700,null,,1700,all,2000,EDGE.poly3.u.G10,0.05,0.054,0.00505390937789747,,,0,0.054,""
1b,null_e12_n1700,null,,1700,all,2000,EDGE.poly3.u.G10,0.1,0.0955,0.00657190041007926,,,0,0.0955,""
1b,null_e12_n1700,null,,1700,all,2000,EDGE.poly3.sc.G10,0.01,0.011,0.00233227356885937,,,0,0.011,""
1b,null_e12_n1700,null,,1700,all,2000,EDGE.poly3.sc.G10,0.05,0.0455,0.00465992220965114,,,0,0.0455,""
1b,null_e12_n1700,null,,1700,all,2000,EDGE.poly3.sc.G10,0.1,0.1015,0.00675269390687894,,,0,0.1015,""
1b,null_e12_n1700,null,,1700,all,2000,EDGE.poly2.u.G10,0.01,0.011,0.00233227356885937,,,0,0.011,""
1b,null_e12_n1700,null,,1700,all,2000,EDGE.poly2.u.G10,0.05,0.0505,0.00489641450451246,,,0,0.0505,""
1b,null_e12_n1700,null,,1700,all,2000,EDGE.poly2.u.G10,0.1,0.0955,0.00657190041007926,,,0,0.0955,""
1b,null_e12_n1700,null,,1700,all,2000,EDGE.poly2.sc.G10,0.01,0.0105,0.00227922684259378,,,0,0.0105,""
1b,null_e12_n1700,null,,1700,all,2000,EDGE.poly2.sc.G10,0.05,0.052,0.00496467521596328,,,0,0.052,""
1b,null_e12_n1700,null,,1700,all,2000,EDGE.poly2.sc.G10,0.1,0.1015,0.00675269390687894,,,0,0.1015,""
1b,null_e12_n1700,null,,1700,all,2000,EDGE.stk.u.G10,0.01,0.0085,0.00205277251540447,,,0,0.0085,""
1b,null_e12_n1700,null,,1700,all,2000,EDGE.stk.u.G10,0.05,0.0455,0.00465992220965114,,,0,0.0455,""
1b,null_e12_n1700,null,,1700,all,2000,EDGE.stk.u.G10,0.1,0.0925,0.00647857044416436,,,0,0.0925,""
1b,null_e12_n1700,null,,1700,all,2000,EDGE.stk.sc.G10,0.01,0.0085,0.00205277251540447,,,0,0.0085,""
1b,null_e12_n1700,null,,1700,all,2000,EDGE.stk.sc.G10,0.05,0.054,0.00505390937789747,,,0,0.054,""
1b,null_e12_n1700,null,,1700,all,2000,EDGE.stk.sc.G10,0.1,0.098,0.00664815763952691,,,0,0.098,""
1b,null_e12_n1700,null,,1700,all,2000,EDGE.sym.u.G10,0.01,0.009,0.00211175282644537,,,0,0.009,""
1b,null_e12_n1700,null,,1700,all,2000,EDGE.sym.u.G10,0.05,0.051,0.00491929873051028,,,0,0.051,""
1b,null_e12_n1700,null,,1700,all,2000,EDGE.sym.u.G10,0.1,0.0905,0.00641520654383006,,,0,0.0905,""
1b,null_e12_n1700,null,,1700,all,2000,EDGE.sym.sc.G10,0.01,0.008,0.0019919839356782,,,0,0.008,""
1b,null_e12_n1700,null,,1700,all,2000,EDGE.sym.sc.G10,0.05,0.047,0.00473238840333293,,,0,0.047,""
1b,null_e12_n1700,null,,1700,all,2000,EDGE.sym.sc.G10,0.1,0.0905,0.00641520654383006,,,0,0.0905,""
1b,null_e12_n1700,null,,1700,all,2000,EDGE.poly3.u.Grule,0.01,0.009,0.00211175282644537,,,0,0.009,""
1b,null_e12_n1700,null,,1700,all,2000,EDGE.poly3.u.Grule,0.05,0.0525,0.00498717104178311,,,0,0.0525,""
1b,null_e12_n1700,null,,1700,all,2000,EDGE.poly3.u.Grule,0.1,0.107,0.0069119823495145,,,0,0.107,""
1b,null_e12_n1700,null,,1700,all,2000,EDGE.poly3.sc.Grule,0.01,0.01,0.0022248595461287,,,0,0.01,""
1b,null_e12_n1700,null,,1700,all,2000,EDGE.poly3.sc.Grule,0.05,0.054,0.00505390937789747,,,0,0.054,""
1b,null_e12_n1700,null,,1700,all,2000,EDGE.poly3.sc.Grule,0.1,0.109,0.00696846468025777,,,0,0.109,""
1b,null_e12_n1700,null,,1700,all,2000,EDGE.poly2.u.Grule,0.01,0.011,0.00233227356885937,,,0,0.011,""
1b,null_e12_n1700,null,,1700,all,2000,EDGE.poly2.u.Grule,0.05,0.0495,0.0048502448391808,,,0,0.0495,""
1b,null_e12_n1700,null,,1700,all,2000,EDGE.poly2.u.Grule,0.1,0.1015,0.00675269390687894,,,0,0.1015,""
1b,null_e12_n1700,null,,1700,all,2000,EDGE.poly2.sc.Grule,0.01,0.008,0.0019919839356782,,,0,0.008,""
1b,null_e12_n1700,null,,1700,all,2000,EDGE.poly2.sc.Grule,0.05,0.0515,0.00494205169944629,,,0,0.0515,""
1b,null_e12_n1700,null,,1700,all,2000,EDGE.poly2.sc.Grule,0.1,0.1025,0.00678209960115597,,,0,0.1025,""
1b,null_e12_n1700,null,,1700,all,2000,EDGE.stk.u.Grule,0.01,0.011,0.00233227356885937,,,0,0.011,""
1b,null_e12_n1700,null,,1700,all,2000,EDGE.stk.u.Grule,0.05,0.0455,0.00465992220965114,,,0,0.0455,""
1b,null_e12_n1700,null,,1700,all,2000,EDGE.stk.u.Grule,0.1,0.09,0.00639921870231046,,,0,0.09,""
1b,null_e12_n1700,null,,1700,all,2000,EDGE.stk.sc.Grule,0.01,0.0125,0.00248432586429397,,,0,0.0125,""
1b,null_e12_n1700,null,,1700,all,2000,EDGE.stk.sc.Grule,0.05,0.045,0.00463546114210873,,,0,0.045,""
1b,null_e12_n1700,null,,1700,all,2000,EDGE.stk.sc.Grule,0.1,0.0875,0.00631837597805006,,,0,0.0875,""
1b,null_e12_n1700,null,,1700,all,2000,EDGE.sym.u.Grule,0.01,0.011,0.00233227356885937,,,0,0.011,""
1b,null_e12_n1700,null,,1700,all,2000,EDGE.sym.u.Grule,0.05,0.0425,0.00451075104611194,,,0,0.0425,""
1b,null_e12_n1700,null,,1700,all,2000,EDGE.sym.u.Grule,0.1,0.089,0.00636706368744651,,,0,0.089,""
1b,null_e12_n1700,null,,1700,all,2000,EDGE.sym.sc.Grule,0.01,0.01,0.0022248595461287,,,0,0.01,""
1b,null_e12_n1700,null,,1700,all,2000,EDGE.sym.sc.Grule,0.05,0.0475,0.00475624589355933,,,0,0.0475,""
1b,null_e12_n1700,null,,1700,all,2000,EDGE.sym.sc.Grule,0.1,0.095,0.0065564853389602,,,0,0.095,""
1b,null_e12_n1700,null,,1700,all,2000,HL.G10,0.01,0.0075,0.00192921616207205,,,0,0.0075,""
1b,null_e12_n1700,null,,1700,all,2000,HL.G10,0.05,0.0395,0.00435544199823623,,,0,0.0395,""
1b,null_e12_n1700,null,,1700,all,2000,HL.G10,0.1,0.0825,0.0061519813881383,,,0,0.0825,""
1b,null_e12_n1700,null,,1700,all,2000,HL.Grule,0.01,0.0075,0.00192921616207205,,,0,0.0075,""
1b,null_e12_n1700,null,,1700,all,2000,HL.Grule,0.05,0.0445,0.00461084319837489,,,0,0.0445,""
1b,null_e12_n1700,null,,1700,all,2000,HL.Grule,0.1,0.096,0.00658726043207645,,,0,0.096,""
1b,null_e12_n1700,null,,1700,all,2000,HLF.G10,0.01,0.0075,0.00192921616207205,,,0,0.0075,""
1b,null_e12_n1700,null,,1700,all,2000,HLF.G10,0.05,0.036,0.00416557318985035,,,0,0.036,""
1b,null_e12_n1700,null,,1700,all,2000,HLF.G10,0.1,0.084,0.00620258010830977,,,0,0.084,""
1b,null_e12_n1700,null,,1700,all,2000,HLF.Grule,0.01,0.006,0.0017268468374468,,,0,0.006,""
1b,null_e12_n1700,null,,1700,all,2000,HLF.Grule,0.05,0.0425,0.00451075104611194,,,0,0.0425,""
1b,null_e12_n1700,null,,1700,all,2000,HLF.Grule,0.1,0.0865,0.00628560856242258,,,0,0.0865,""
1b,null_e12_n1700,null,,1700,all,2000,Stk.joint,0.01,0.009,0.00211175282644537,,,5e-04,0.00900450225112556,""
1b,null_e12_n1700,null,,1700,all,2000,Stk.joint,0.05,0.048,0.00477995815881269,,,5e-04,0.048024012006003,""
1b,null_e12_n1700,null,,1700,all,2000,Stk.joint,0.1,0.0955,0.00657190041007926,,,5e-04,0.0955477738869435,""
1b,null_e12_n1700,null,,1700,all,2000,Stk.LR,0.01,0.0105,0.00227922684259378,,,0,0.0105,""
1b,null_e12_n1700,null,,1700,all,2000,Stk.LR,0.05,0.0495,0.0048502448391808,,,0,0.0495,""
1b,null_e12_n1700,null,,1700,all,2000,Stk.LR,0.1,0.097,0.00661781686056663,,,0,0.097,""
1b,null_e12_n1700,null,,1700,all,2000,Stk.sym1,0.01,0.009,0.00211175282644537,,,0,0.009,""
1b,null_e12_n1700,null,,1700,all,2000,Stk.sym1,0.05,0.047,0.00473238840333293,,,0,0.047,""
1b,null_e12_n1700,null,,1700,all,2000,Stk.sym1,0.1,0.095,0.0065564853389602,,,0,0.095,""
1b,null_e12_n1700,null,,1700,all,2000,Stk.marg,0.01,0,0,,,0.9895,0,""
1b,null_e12_n1700,null,,1700,all,2000,Stk.marg,0.05,0,0,,,0.9895,0,""
1b,null_e12_n1700,null,,1700,all,2000,Stk.marg,0.1,0.0015,0.000865375640979107,,,0.9895,0.142857142857143,""
1b,null_e12_n1700,null,,1700,all,2000,GiViTI,0.01,0.009,0.00211175282644537,,,0,0.009,""
1b,null_e12_n1700,null,,1700,all,2000,GiViTI,0.05,0.043,0.00453602248671675,,,0,0.043,""
1b,null_e12_n1700,null,,1700,all,2000,GiViTI,0.1,0.092,0.00646281672337998,,,0,0.092,""
1b,null_e12_n1700,null,,1700,all,2000,GiViTI.t50,0.01,0.011,0.00233227356885937,,,0,0.011,""
1b,null_e12_n1700,null,,1700,all,2000,GiViTI.t50,0.05,0.048,0.00477995815881269,,,0,0.048,""
1b,null_e12_n1700,null,,1700,all,2000,GiViTI.t50,0.1,0.0935,0.00650990591329859,,,0,0.0935,""
1b,null_e12_n1700,null,,1700,all,2000,Cubic.LR,0.01,0.0085,0.00205277251540447,,,0,0.0085,""
1b,null_e12_n1700,null,,1700,all,2000,Cubic.LR,0.05,0.0455,0.00465992220965114,,,0,0.0455,""
1b,null_e12_n1700,null,,1700,all,2000,Cubic.LR,0.1,0.089,0.00636706368744651,,,0,0.089,""
1b,null_e12_n1700,null,,1700,all,2000,HL_w,0.01,0.0085,0.00205277251540447,,,0,0.0085,""
1b,null_e12_n1700,null,,1700,all,2000,HL_w,0.05,0.055,0.00509779364038993,,,0,0.055,""
1b,null_e12_n1700,null,,1700,all,2000,HL_w,0.1,0.103,0.00679672715356443,,,0,0.103,""
1b,null_e12_n1700,null,,1700,all,2000,PH,0.01,0.0045,0.00149662119455793,,,0,0.0045,""
1b,null_e12_n1700,null,,1700,all,2000,PH,0.05,0.0255,0.00352489361541593,,,0,0.0255,""
1b,null_e12_n1700,null,,1700,all,2000,PH,0.1,0.054,0.00505390937789747,,,0,0.054,""
1b,null_e12_n1700,null,,1700,all,2000,Tsiatis,0.01,0.0095,0.00216907238237916,,,0,0.0095,""
1b,null_e12_n1700,null,,1700,all,2000,Tsiatis,0.05,0.0485,0.00480352734977121,,,0,0.0485,""
1b,null_e12_n1700,null,,1700,all,2000,Tsiatis,0.1,0.1065,0.00689774419647467,,,0,0.1065,""
1b,null_e12_n1700,null,,1700,all,2000,Xie,0.01,0.004,0.00141138230115019,,,0,0.004,""
1b,null_e12_n1700,null,,1700,all,2000,Xie,0.05,0.025,0.00349106001094224,,,0,0.025,""
1b,null_e12_n1700,null,,1700,all,2000,Xie,0.1,0.062,0.00539240206216117,,,0,0.062,""
1b,null_e12_n1700,null,,1700,all,2000,PR,0.01,0.011,0.00233227356885937,,,0,0.011,""
1b,null_e12_n1700,null,,1700,all,2000,PR,0.05,0.0585,0.0052477495176504,,,0,0.0585,""
1b,null_e12_n1700,null,,1700,all,2000,PR,0.1,0.136,0.00766498532288223,,,0,0.136,""
1b,null_e12_n4300,null,,4300,all,2000,flag.evlt.G10,,0,,,,0,,flag rate: share of replicates with the flag = 1
1b,null_e12_n4300,null,,4300,all,2000,flag.evlt.Grule,,0,,,,0,,flag rate: share of replicates with the flag = 1
1b,null_e12_n4300,null,,4300,all,2000,flag.stk_half0,,1,,,,0,,flag rate: share of replicates with the flag = 1
1b,null_e12_n4300,null,,4300,all,2000,flag.stk_diag,,0,,,,0,,flag rate: share of replicates with the flag = 1
1b,null_e12_n4300,null,,4300,all,2000,flag.rivals_run,,1,,,,0,,flag rate: share of replicates with the flag = 1
1b,null_e12_n4300,null,,4300,all,2000,flag.degenerate,,0,,,,0,,flag rate: share of replicates with the flag = 1
1b,null_e12_n4300,null,,4300,all,2000,flag.info_guard,,0,,,,0,,flag rate: share of replicates with the flag = 1
1b,null_e12_n4300,null,,4300,all,2000,flag.rep_error,,0,,,,0,,flag rate: share of replicates with the flag = 1
1b,null_e12_n4300,null,,4300,all,2000,EDGE.poly3.u.G10,0.01,0.01,0.0022248595461287,,,0,0.01,""
1b,null_e12_n4300,null,,4300,all,2000,EDGE.poly3.u.G10,0.05,0.05,0.00487339717240448,,,0,0.05,""
1b,null_e12_n4300,null,,4300,all,2000,EDGE.poly3.u.G10,0.1,0.1025,0.00678209960115597,,,0,0.1025,""
1b,null_e12_n4300,null,,4300,all,2000,EDGE.poly3.sc.G10,0.01,0.0095,0.00216907238237916,,,0,0.0095,""
1b,null_e12_n4300,null,,4300,all,2000,EDGE.poly3.sc.G10,0.05,0.0485,0.00480352734977121,,,0,0.0485,""
1b,null_e12_n4300,null,,4300,all,2000,EDGE.poly3.sc.G10,0.1,0.0925,0.00647857044416436,,,0,0.0925,""
1b,null_e12_n4300,null,,4300,all,2000,EDGE.poly2.u.G10,0.01,0.0105,0.00227922684259378,,,0,0.0105,""
1b,null_e12_n4300,null,,4300,all,2000,EDGE.poly2.u.G10,0.05,0.0515,0.00494205169944629,,,0,0.0515,""
1b,null_e12_n4300,null,,4300,all,2000,EDGE.poly2.u.G10,0.1,0.1035,0.00681130494105204,,,0,0.1035,""
1b,null_e12_n4300,null,,4300,all,2000,EDGE.poly2.sc.G10,0.01,0.0105,0.00227922684259378,,,0,0.0105,""
1b,null_e12_n4300,null,,4300,all,2000,EDGE.poly2.sc.G10,0.05,0.0405,0.00440793318914886,,,0,0.0405,""
1b,null_e12_n4300,null,,4300,all,2000,EDGE.poly2.sc.G10,0.1,0.094,0.00652548848746207,,,0,0.094,""
1b,null_e12_n4300,null,,4300,all,2000,EDGE.stk.u.G10,0.01,0.013,0.00253288373203351,,,0,0.013,""
1b,null_e12_n4300,null,,4300,all,2000,EDGE.stk.u.G10,0.05,0.0525,0.00498717104178311,,,0,0.0525,""
1b,null_e12_n4300,null,,4300,all,2000,EDGE.stk.u.G10,0.1,0.1085,0.00695441406590088,,,0,0.1085,""
1b,null_e12_n4300,null,,4300,all,2000,EDGE.stk.sc.G10,0.01,0.01,0.0022248595461287,,,0,0.01,""
1b,null_e12_n4300,null,,4300,all,2000,EDGE.stk.sc.G10,0.05,0.052,0.00496467521596328,,,0,0.052,""
1b,null_e12_n4300,null,,4300,all,2000,EDGE.stk.sc.G10,0.1,0.0975,0.00663301402079025,,,0,0.0975,""
1b,null_e12_n4300,null,,4300,all,2000,EDGE.sym.u.G10,0.01,0.0135,0.00258047960658479,,,0,0.0135,""
1b,null_e12_n4300,null,,4300,all,2000,EDGE.sym.u.G10,0.05,0.054,0.00505390937789747,,,0,0.054,""
1b,null_e12_n4300,null,,4300,all,2000,EDGE.sym.u.G10,0.1,0.1095,0.00698246911915835,,,0,0.1095,""
1b,null_e12_n4300,null,,4300,all,2000,EDGE.sym.sc.G10,0.01,0.011,0.00233227356885937,,,0,0.011,""
1b,null_e12_n4300,null,,4300,all,2000,EDGE.sym.sc.G10,0.05,0.0575,0.00520546587732549,,,0,0.0575,""
1b,null_e12_n4300,null,,4300,all,2000,EDGE.sym.sc.G10,0.1,0.119,0.00724013121428058,,,0,0.119,""
1b,null_e12_n4300,null,,4300,all,2000,EDGE.poly3.u.Grule,0.01,0.008,0.0019919839356782,,,0,0.008,""
1b,null_e12_n4300,null,,4300,all,2000,EDGE.poly3.u.Grule,0.05,0.045,0.00463546114210873,,,0,0.045,""
1b,null_e12_n4300,null,,4300,all,2000,EDGE.poly3.u.Grule,0.1,0.094,0.00652548848746207,,,0,0.094,""
1b,null_e12_n4300,null,,4300,all,2000,EDGE.poly3.sc.Grule,0.01,0.008,0.0019919839356782,,,0,0.008,""
1b,null_e12_n4300,null,,4300,all,2000,EDGE.poly3.sc.Grule,0.05,0.0475,0.00475624589355933,,,0,0.0475,""
1b,null_e12_n4300,null,,4300,all,2000,EDGE.poly3.sc.Grule,0.1,0.101,0.00673791510780598,,,0,0.101,""
1b,null_e12_n4300,null,,4300,all,2000,EDGE.poly2.u.Grule,0.01,0.008,0.0019919839356782,,,0,0.008,""
1b,null_e12_n4300,null,,4300,all,2000,EDGE.poly2.u.Grule,0.05,0.05,0.00487339717240448,,,0,0.05,""
1b,null_e12_n4300,null,,4300,all,2000,EDGE.poly2.u.Grule,0.1,0.099,0.00667828570817392,,,0,0.099,""
1b,null_e12_n4300,null,,4300,all,2000,EDGE.poly2.sc.Grule,0.01,0.0085,0.00205277251540447,,,0,0.0085,""
1b,null_e12_n4300,null,,4300,all,2000,EDGE.poly2.sc.Grule,0.05,0.0485,0.00480352734977121,,,0,0.0485,""
1b,null_e12_n4300,null,,4300,all,2000,EDGE.poly2.sc.Grule,0.1,0.0915,0.00644700511865781,,,0,0.0915,""
1b,null_e12_n4300,null,,4300,all,2000,EDGE.stk.u.Grule,0.01,0.01,0.0022248595461287,,,0,0.01,""
1b,null_e12_n4300,null,,4300,all,2000,EDGE.stk.u.Grule,0.05,0.047,0.00473238840333293,,,0,0.047,""
1b,null_e12_n4300,null,,4300,all,2000,EDGE.stk.u.Grule,0.1,0.1015,0.00675269390687894,,,0,0.1015,""
1b,null_e12_n4300,null,,4300,all,2000,EDGE.stk.sc.Grule,0.01,0.009,0.00211175282644537,,,0,0.009,""
1b,null_e12_n4300,null,,4300,all,2000,EDGE.stk.sc.Grule,0.05,0.047,0.00473238840333293,,,0,0.047,""
1b,null_e12_n4300,null,,4300,all,2000,EDGE.stk.sc.Grule,0.1,0.0925,0.00647857044416436,,,0,0.0925,""
1b,null_e12_n4300,null,,4300,all,2000,EDGE.sym.u.Grule,0.01,0.009,0.00211175282644537,,,0,0.009,""
1b,null_e12_n4300,null,,4300,all,2000,EDGE.sym.u.Grule,0.05,0.046,0.00468422885862764,,,0,0.046,""
1b,null_e12_n4300,null,,4300,all,2000,EDGE.sym.u.Grule,0.1,0.101,0.00673791510780598,,,0,0.101,""
1b,null_e12_n4300,null,,4300,all,2000,EDGE.sym.sc.Grule,0.01,0.01,0.0022248595461287,,,0,0.01,""
1b,null_e12_n4300,null,,4300,all,2000,EDGE.sym.sc.Grule,0.05,0.049,0.00482695556225661,,,0,0.049,""
1b,null_e12_n4300,null,,4300,all,2000,EDGE.sym.sc.Grule,0.1,0.0995,0.00669327087454258,,,0,0.0995,""
1b,null_e12_n4300,null,,4300,all,2000,HL.G10,0.01,0.007,0.00186426929385215,,,0,0.007,""
1b,null_e12_n4300,null,,4300,all,2000,HL.G10,0.05,0.0365,0.0041933131292571,,,0,0.0365,""
1b,null_e12_n4300,null,,4300,all,2000,HL.G10,0.1,0.0785,0.00601405645134796,,,0,0.0785,""
1b,null_e12_n4300,null,,4300,all,2000,HL.Grule,0.01,0.009,0.00211175282644537,,,0,0.009,""
1b,null_e12_n4300,null,,4300,all,2000,HL.Grule,0.05,0.0475,0.00475624589355933,,,0,0.0475,""
1b,null_e12_n4300,null,,4300,all,2000,HL.Grule,0.1,0.0935,0.00650990591329859,,,0,0.0935,""
1b,null_e12_n4300,null,,4300,all,2000,HLF.G10,0.01,0.0065,0.00179690706493129,,,0,0.0065,""
1b,null_e12_n4300,null,,4300,all,2000,HLF.G10,0.05,0.038,0.00427527776875375,,,0,0.038,""
1b,null_e12_n4300,null,,4300,all,2000,HLF.G10,0.1,0.078,0.00599649897857075,,,0,0.078,""
1b,null_e12_n4300,null,,4300,all,2000,HLF.Grule,0.01,0.0095,0.00216907238237916,,,0,0.0095,""
1b,null_e12_n4300,null,,4300,all,2000,HLF.Grule,0.05,0.0425,0.00451075104611194,,,0,0.0425,""
1b,null_e12_n4300,null,,4300,all,2000,HLF.Grule,0.1,0.0925,0.00647857044416436,,,0,0.0925,""
1b,null_e12_n4300,null,,4300,all,2000,Stk.joint,0.01,0.0095,0.00216907238237916,,,0,0.0095,""
1b,null_e12_n4300,null,,4300,all,2000,Stk.joint,0.05,0.0475,0.00475624589355933,,,0,0.0475,""
1b,null_e12_n4300,null,,4300,all,2000,Stk.joint,0.1,0.1,0.00670820393249937,,,0,0.1,""
1b,null_e12_n4300,null,,4300,all,2000,Stk.LR,0.01,0.0105,0.00227922684259378,,,0,0.0105,""
1b,null_e12_n4300,null,,4300,all,2000,Stk.LR,0.05,0.0505,0.00489641450451246,,,0,0.0505,""
1b,null_e12_n4300,null,,4300,all,2000,Stk.LR,0.1,0.102,0.00676742196113114,,,0,0.102,""
1b,null_e12_n4300,null,,4300,all,2000,Stk.sym1,0.01,0.0095,0.00216907238237916,,,0,0.0095,""
1b,null_e12_n4300,null,,4300,all,2000,Stk.sym1,0.05,0.0475,0.00475624589355933,,,0,0.0475,""
1b,null_e12_n4300,null,,4300,all,2000,Stk.sym1,0.1,0.1,0.00670820393249937,,,0,0.1,""
1b,null_e12_n4300,null,,4300,all,2000,Stk.marg,0.01,0,0,,,1,,no p-value in any replicate
1b,null_e12_n4300,null,,4300,all,2000,Stk.marg,0.05,0,0,,,1,,no p-value in any replicate
1b,null_e12_n4300,null,,4300,all,2000,Stk.marg,0.1,0,0,,,1,,no p-value in any replicate
1b,null_e12_n4300,null,,4300,all,2000,GiViTI,0.01,0.009,0.00211175282644537,,,0,0.009,""
1b,null_e12_n4300,null,,4300,all,2000,GiViTI,0.05,0.0475,0.00475624589355933,,,0,0.0475,""
1b,null_e12_n4300,null,,4300,all,2000,GiViTI,0.1,0.098,0.00664815763952691,,,0,0.098,""
1b,null_e12_n4300,null,,4300,all,2000,GiViTI.t50,0.01,0.0075,0.00192921616207205,,,0,0.0075,""
1b,null_e12_n4300,null,,4300,all,2000,GiViTI.t50,0.05,0.0435,0.00456112650559048,,,0,0.0435,""
1b,null_e12_n4300,null,,4300,all,2000,GiViTI.t50,0.1,0.095,0.0065564853389602,,,0,0.095,""
1b,null_e12_n4300,null,,4300,all,2000,Cubic.LR,0.01,0.0085,0.00205277251540447,,,0,0.0085,""
1b,null_e12_n4300,null,,4300,all,2000,Cubic.LR,0.05,0.0415,0.00445969449626317,,,0,0.0415,""
1b,null_e12_n4300,null,,4300,all,2000,Cubic.LR,0.1,0.0885,0.00635089560613304,,,0,0.0885,""
1b,null_e12_n4300,null,,4300,all,2000,HL_w,0.01,0.0065,0.00179690706493129,,,0,0.0065,""
1b,null_e12_n4300,null,,4300,all,2000,HL_w,0.05,0.045,0.00463546114210873,,,0,0.045,""
1b,null_e12_n4300,null,,4300,all,2000,HL_w,0.1,0.1035,0.00681130494105204,,,0,0.1035,""
1b,null_e12_n4300,null,,4300,all,2000,PH,0.01,0.004,0.00141138230115019,,,0,0.004,""
1b,null_e12_n4300,null,,4300,all,2000,PH,0.05,0.0215,0.00324328151722912,,,0,0.0215,""
1b,null_e12_n4300,null,,4300,all,2000,PH,0.1,0.0505,0.00489641450451246,,,0,0.0505,""
1b,null_e12_n4300,null,,4300,all,2000,Tsiatis,0.01,0.0105,0.00227922684259378,,,0,0.0105,""
1b,null_e12_n4300,null,,4300,all,2000,Tsiatis,0.05,0.054,0.00505390937789747,,,0,0.054,""
1b,null_e12_n4300,null,,4300,all,2000,Tsiatis,0.1,0.1055,0.00686912476229687,,,0,0.1055,""
1b,null_e12_n4300,null,,4300,all,2000,Xie,0.01,0.004,0.00141138230115019,,,0,0.004,""
1b,null_e12_n4300,null,,4300,all,2000,Xie,0.05,0.026,0.00355837041354607,,,0,0.026,""
1b,null_e12_n4300,null,,4300,all,2000,Xie,0.1,0.0645,0.00549271107923947,,,0,0.0645,""
1b,null_e12_n4300,null,,4300,all,2000,PR,0.01,0.011,0.00233227356885937,,,0,0.011,""
1b,null_e12_n4300,null,,4300,all,2000,PR,0.05,0.0615,0.00537204569973116,,,0,0.0615,""
1b,null_e12_n4300,null,,4300,all,2000,PR,0.1,0.1315,0.00755671059390262,,,0,0.1315,""
1b,null_e12_n6400,null,,6400,all,2000,flag.evlt.G10,,0,,,,0,,flag rate: share of replicates with the flag = 1
1b,null_e12_n6400,null,,6400,all,2000,flag.evlt.Grule,,0,,,,0,,flag rate: share of replicates with the flag = 1
1b,null_e12_n6400,null,,6400,all,2000,flag.stk_half0,,1,,,,0,,flag rate: share of replicates with the flag = 1
1b,null_e12_n6400,null,,6400,all,2000,flag.stk_diag,,0,,,,0,,flag rate: share of replicates with the flag = 1
1b,null_e12_n6400,null,,6400,all,2000,flag.rivals_run,,1,,,,0,,flag rate: share of replicates with the flag = 1
1b,null_e12_n6400,null,,6400,all,2000,flag.degenerate,,0,,,,0,,flag rate: share of replicates with the flag = 1
1b,null_e12_n6400,null,,6400,all,2000,flag.info_guard,,0,,,,0,,flag rate: share of replicates with the flag = 1
1b,null_e12_n6400,null,,6400,all,2000,flag.rep_error,,0,,,,0,,flag rate: share of replicates with the flag = 1
1b,null_e12_n6400,null,,6400,all,2000,EDGE.poly3.u.G10,0.01,0.013,0.00253288373203351,,,0,0.013,""
1b,null_e12_n6400,null,,6400,all,2000,EDGE.poly3.u.G10,0.05,0.0565,0.00516273909857936,,,0,0.0565,""
1b,null_e12_n6400,null,,6400,all,2000,EDGE.poly3.u.G10,0.1,0.11,0.00699642765988472,,,0,0.11,""
1b,null_e12_n6400,null,,6400,all,2000,EDGE.poly3.sc.G10,0.01,0.014,0.00262716577322407,,,0,0.014,""
1b,null_e12_n6400,null,,6400,all,2000,EDGE.poly3.sc.G10,0.05,0.0545,0.00507591124823908,,,0,0.0545,""
1b,null_e12_n6400,null,,6400,all,2000,EDGE.poly3.sc.G10,0.1,0.1145,0.00712003335666344,,,0,0.1145,""
1b,null_e12_n6400,null,,6400,all,2000,EDGE.poly2.u.G10,0.01,0.0125,0.00248432586429397,,,0,0.0125,""
1b,null_e12_n6400,null,,6400,all,2000,EDGE.poly2.u.G10,0.05,0.0605,0.0053310294503032,,,0,0.0605,""
1b,null_e12_n6400,null,,6400,all,2000,EDGE.poly2.u.G10,0.1,0.1105,0.00701034057660539,,,0,0.1105,""
1b,null_e12_n6400,null,,6400,all,2000,EDGE.poly2.sc.G10,0.01,0.0145,0.00267298989897081,,,0,0.0145,""
1b,null_e12_n6400,null,,6400,all,2000,EDGE.poly2.sc.G10,0.05,0.063,0.00543281694887652,,,0,0.063,""
1b,null_e12_n6400,null,,6400,all,2000,EDGE.poly2.sc.G10,0.1,0.1105,0.00701034057660539,,,0,0.1105,""
1b,null_e12_n6400,null,,6400,all,2000,EDGE.stk.u.G10,0.01,0.009,0.00211175282644537,,,0,0.009,""
1b,null_e12_n6400,null,,6400,all,2000,EDGE.stk.u.G10,0.05,0.0515,0.00494205169944629,,,0,0.0515,""
1b,null_e12_n6400,null,,6400,all,2000,EDGE.stk.u.G10,0.1,0.1045,0.00684031249286171,,,0,0.1045,""
1b,null_e12_n6400,null,,6400,all,2000,EDGE.stk.sc.G10,0.01,0.011,0.00233227356885937,,,0,0.011,""
1b,null_e12_n6400,null,,6400,all,2000,EDGE.stk.sc.G10,0.05,0.059,0.00526872849936301,,,0,0.059,""
1b,null_e12_n6400,null,,6400,all,2000,EDGE.stk.sc.G10,0.1,0.107,0.0069119823495145,,,0,0.107,""
1b,null_e12_n6400,null,,6400,all,2000,EDGE.sym.u.G10,0.01,0.011,0.00233227356885937,,,0,0.011,""
1b,null_e12_n6400,null,,6400,all,2000,EDGE.sym.u.G10,0.05,0.0485,0.00480352734977121,,,0,0.0485,""
1b,null_e12_n6400,null,,6400,all,2000,EDGE.sym.u.G10,0.1,0.102,0.00676742196113114,,,0,0.102,""
1b,null_e12_n6400,null,,6400,all,2000,EDGE.sym.sc.G10,0.01,0.0125,0.00248432586429397,,,0,0.0125,""
1b,null_e12_n6400,null,,6400,all,2000,EDGE.sym.sc.G10,0.05,0.0515,0.00494205169944629,,,0,0.0515,""
1b,null_e12_n6400,null,,6400,all,2000,EDGE.sym.sc.G10,0.1,0.097,0.00661781686056663,,,0,0.097,""
1b,null_e12_n6400,null,,6400,all,2000,EDGE.poly3.u.Grule,0.01,0.0125,0.00248432586429397,,,0,0.0125,""
1b,null_e12_n6400,null,,6400,all,2000,EDGE.poly3.u.Grule,0.05,0.0535,0.00503178646208283,,,0,0.0535,""
1b,null_e12_n6400,null,,6400,all,2000,EDGE.poly3.u.Grule,0.1,0.1115,0.00703803061942757,,,0,0.1115,""
1b,null_e12_n6400,null,,6400,all,2000,EDGE.poly3.sc.Grule,0.01,0.013,0.00253288373203351,,,0,0.013,""
1b,null_e12_n6400,null,,6400,all,2000,EDGE.poly3.sc.Grule,0.05,0.052,0.00496467521596328,,,0,0.052,""
1b,null_e12_n6400,null,,6400,all,2000,EDGE.poly3.sc.Grule,0.1,0.112,0.00705180827873248,,,0,0.112,""
1b,null_e12_n6400,null,,6400,all,2000,EDGE.poly2.u.Grule,0.01,0.0105,0.00227922684259378,,,0,0.0105,""
1b,null_e12_n6400,null,,6400,all,2000,EDGE.poly2.u.Grule,0.05,0.06,0.0053103672189407,,,0,0.06,""
1b,null_e12_n6400,null,,6400,all,2000,EDGE.poly2.u.Grule,0.1,0.105,0.00685474288358068,,,0,0.105,""
1b,null_e12_n6400,null,,6400,all,2000,EDGE.poly2.sc.Grule,0.01,0.012,0.00243474844696531,,,0,0.012,""
1b,null_e12_n6400,null,,6400,all,2000,EDGE.poly2.sc.Grule,0.05,0.052,0.00496467521596328,,,0,0.052,""
1b,null_e12_n6400,null,,6400,all,2000,EDGE.poly2.sc.Grule,0.1,0.1085,0.00695441406590088,,,0,0.1085,""
1b,null_e12_n6400,null,,6400,all,2000,EDGE.stk.u.Grule,0.01,0.009,0.00211175282644537,,,0,0.009,""
1b,null_e12_n6400,null,,6400,all,2000,EDGE.stk.u.Grule,0.05,0.0515,0.00494205169944629,,,0,0.0515,""
1b,null_e12_n6400,null,,6400,all,2000,EDGE.stk.u.Grule,0.1,0.1025,0.00678209960115597,,,0,0.1025,""
1b,null_e12_n6400,null,,6400,all,2000,EDGE.stk.sc.Grule,0.01,0.0105,0.00227922684259378,,,0,0.0105,""
1b,null_e12_n6400,null,,6400,all,2000,EDGE.stk.sc.Grule,0.05,0.054,0.00505390937789747,,,0,0.054,""
1b,null_e12_n6400,null,,6400,all,2000,EDGE.stk.sc.Grule,0.1,0.1015,0.00675269390687894,,,0,0.1015,""
1b,null_e12_n6400,null,,6400,all,2000,EDGE.sym.u.Grule,0.01,0.009,0.00211175282644537,,,0,0.009,""
1b,null_e12_n6400,null,,6400,all,2000,EDGE.sym.u.Grule,0.05,0.0505,0.00489641450451246,,,0,0.0505,""
1b,null_e12_n6400,null,,6400,all,2000,EDGE.sym.u.Grule,0.1,0.103,0.00679672715356443,,,0,0.103,""
1b,null_e12_n6400,null,,6400,all,2000,EDGE.sym.sc.Grule,0.01,0.013,0.00253288373203351,,,0,0.013,""
1b,null_e12_n6400,null,,6400,all,2000,EDGE.sym.sc.Grule,0.05,0.053,0.0050095408971282,,,0,0.053,""
1b,null_e12_n6400,null,,6400,all,2000,EDGE.sym.sc.Grule,0.1,0.104,0.00682583328246449,,,0,0.104,""
1b,null_e12_n6400,null,,6400,all,2000,HL.G10,0.01,0.011,0.00233227356885937,,,0,0.011,""
1b,null_e12_n6400,null,,6400,all,2000,HL.G10,0.05,0.045,0.00463546114210873,,,0,0.045,""
1b,null_e12_n6400,null,,6400,all,2000,HL.G10,0.1,0.0945,0.00654101482951996,,,0,0.0945,""
1b,null_e12_n6400,null,,6400,all,2000,HL.Grule,0.01,0.015,0.00271799558498538,,,0,0.015,""
1b,null_e12_n6400,null,,6400,all,2000,HL.Grule,0.05,0.0555,0.00511955808639769,,,0,0.0555,""
1b,null_e12_n6400,null,,6400,all,2000,HL.Grule,0.1,0.1075,0.00692617318582202,,,0,0.1075,""
1b,null_e12_n6400,null,,6400,all,2000,HLF.G10,0.01,0.0105,0.00227922684259378,,,0,0.0105,""
1b,null_e12_n6400,null,,6400,all,2000,HLF.G10,0.05,0.0435,0.00456112650559048,,,0,0.0435,""
1b,null_e12_n6400,null,,6400,all,2000,HLF.G10,0.1,0.097,0.00661781686056663,,,0,0.097,""
1b,null_e12_n6400,null,,6400,all,2000,HLF.Grule,0.01,0.0135,0.00258047960658479,,,0,0.0135,""
1b,null_e12_n6400,null,,6400,all,2000,HLF.Grule,0.05,0.0505,0.00489641450451246,,,0,0.0505,""
1b,null_e12_n6400,null,,6400,all,2000,HLF.Grule,0.1,0.0965,0.00660256578914591,,,0,0.0965,""
1b,null_e12_n6400,null,,6400,all,2000,Stk.joint,0.01,0.0125,0.00248432586429397,,,0,0.0125,""
1b,null_e12_n6400,null,,6400,all,2000,Stk.joint,0.05,0.0535,0.00503178646208283,,,0,0.0535,""
1b,null_e12_n6400,null,,6400,all,2000,Stk.joint,0.1,0.104,0.00682583328246449,,,0,0.104,""
1b,null_e12_n6400,null,,6400,all,2000,Stk.LR,0.01,0.0125,0.00248432586429397,,,0,0.0125,""
1b,null_e12_n6400,null,,6400,all,2000,Stk.LR,0.05,0.052,0.00496467521596328,,,0,0.052,""
1b,null_e12_n6400,null,,6400,all,2000,Stk.LR,0.1,0.1035,0.00681130494105204,,,0,0.1035,""
1b,null_e12_n6400,null,,6400,all,2000,Stk.sym1,0.01,0.0125,0.00248432586429397,,,0,0.0125,""
1b,null_e12_n6400,null,,6400,all,2000,Stk.sym1,0.05,0.0535,0.00503178646208283,,,0,0.0535,""
1b,null_e12_n6400,null,,6400,all,2000,Stk.sym1,0.1,0.104,0.00682583328246449,,,0,0.104,""
1b,null_e12_n6400,null,,6400,all,2000,Stk.marg,0.01,0,0,,,1,,no p-value in any replicate
1b,null_e12_n6400,null,,6400,all,2000,Stk.marg,0.05,0,0,,,1,,no p-value in any replicate
1b,null_e12_n6400,null,,6400,all,2000,Stk.marg,0.1,0,0,,,1,,no p-value in any replicate
1b,null_e12_n6400,null,,6400,all,2000,GiViTI,0.01,0.0115,0.0023840878758972,,,0,0.0115,""
1b,null_e12_n6400,null,,6400,all,2000,GiViTI,0.05,0.0485,0.00480352734977121,,,0,0.0485,""
1b,null_e12_n6400,null,,6400,all,2000,GiViTI,0.1,0.097,0.00661781686056663,,,0,0.097,""
1b,null_e12_n6400,null,,6400,all,2000,GiViTI.t50,0.01,0.0115,0.0023840878758972,,,0,0.0115,""
1b,null_e12_n6400,null,,6400,all,2000,GiViTI.t50,0.05,0.0445,0.00461084319837489,,,0,0.0445,""
1b,null_e12_n6400,null,,6400,all,2000,GiViTI.t50,0.1,0.098,0.00664815763952691,,,0,0.098,""
1b,null_e12_n6400,null,,6400,all,2000,Cubic.LR,0.01,0.0065,0.00179690706493129,,,0,0.0065,""
1b,null_e12_n6400,null,,6400,all,2000,Cubic.LR,0.05,0.0505,0.00489641450451246,,,0,0.0505,""
1b,null_e12_n6400,null,,6400,all,2000,Cubic.LR,0.1,0.0985,0.00666324808182916,,,0,0.0985,""
1b,null_e12_n6400,null,,6400,all,2000,HL_w,0.01,0.0145,0.00267298989897081,,,0,0.0145,""
1b,null_e12_n6400,null,,6400,all,2000,HL_w,0.05,0.058,0.00522666241496426,,,0,0.058,""
1b,null_e12_n6400,null,,6400,all,2000,HL_w,0.1,0.1125,0.00706554138053129,,,0,0.1125,""
1b,null_e12_n6400,null,,6400,all,2000,PH,0.01,0.006,0.0017268468374468,,,0,0.006,""
1b,null_e12_n6400,null,,6400,all,2000,PH,0.05,0.031,0.0038754999677461,,,0,0.031,""
1b,null_e12_n6400,null,,6400,all,2000,PH,0.1,0.06,0.0053103672189407,,,0,0.06,""
1b,null_e12_n6400,null,,6400,all,2000,Tsiatis,0.01,0.01,0.0022248595461287,,,0,0.01,""
1b,null_e12_n6400,null,,6400,all,2000,Tsiatis,0.05,0.048,0.00477995815881269,,,0,0.048,""
1b,null_e12_n6400,null,,6400,all,2000,Tsiatis,0.1,0.103,0.00679672715356443,,,0,0.103,""
1b,null_e12_n6400,null,,6400,all,2000,Xie,0.01,0.005,0.00157718102955875,,,0,0.005,""
1b,null_e12_n6400,null,,6400,all,2000,Xie,0.05,0.03,0.00381444622455213,,,0,0.03,""
1b,null_e12_n6400,null,,6400,all,2000,Xie,0.1,0.0655,0.00553216729681958,,,0,0.0655,""
1b,null_e12_n6400,null,,6400,all,2000,PR,0.01,0.0155,0.00276222283677476,,,0,0.0155,""
1b,null_e12_n6400,null,,6400,all,2000,PR,0.05,0.072,0.0057799653978203,,,0,0.072,""
1b,null_e12_n6400,null,,6400,all,2000,PR,0.1,0.131,0.00754450130890041,,,0,0.131,""
1b,null_e12_n7200,null,,7200,all,2000,flag.evlt.G10,,0,,,,0,,flag rate: share of replicates with the flag = 1
1b,null_e12_n7200,null,,7200,all,2000,flag.evlt.Grule,,0,,,,0,,flag rate: share of replicates with the flag = 1
1b,null_e12_n7200,null,,7200,all,2000,flag.stk_half0,,1,,,,0,,flag rate: share of replicates with the flag = 1
1b,null_e12_n7200,null,,7200,all,2000,flag.stk_diag,,0,,,,0,,flag rate: share of replicates with the flag = 1
1b,null_e12_n7200,null,,7200,all,2000,flag.rivals_run,,1,,,,0,,flag rate: share of replicates with the flag = 1
1b,null_e12_n7200,null,,7200,all,2000,flag.degenerate,,0,,,,0,,flag rate: share of replicates with the flag = 1
1b,null_e12_n7200,null,,7200,all,2000,flag.info_guard,,0,,,,0,,flag rate: share of replicates with the flag = 1
1b,null_e12_n7200,null,,7200,all,2000,flag.rep_error,,0,,,,0,,flag rate: share of replicates with the flag = 1
1b,null_e12_n7200,null,,7200,all,2000,EDGE.poly3.u.G10,0.01,0.009,0.00211175282644537,,,0,0.009,""
1b,null_e12_n7200,null,,7200,all,2000,EDGE.poly3.u.G10,0.05,0.0475,0.00475624589355933,,,0,0.0475,""
1b,null_e12_n7200,null,,7200,all,2000,EDGE.poly3.u.G10,0.1,0.1005,0.00672308522926788,,,0,0.1005,""
1b,null_e12_n7200,null,,7200,all,2000,EDGE.poly3.sc.G10,0.01,0.0085,0.00205277251540447,,,0,0.0085,""
1b,null_e12_n7200,null,,7200,all,2000,EDGE.poly3.sc.G10,0.05,0.0415,0.00445969449626317,,,0,0.0415,""
1b,null_e12_n7200,null,,7200,all,2000,EDGE.poly3.sc.G10,0.1,0.088,0.00633466652634533,,,0,0.088,""
1b,null_e12_n7200,null,,7200,all,2000,EDGE.poly2.u.G10,0.01,0.0075,0.00192921616207205,,,0,0.0075,""
1b,null_e12_n7200,null,,7200,all,2000,EDGE.poly2.u.G10,0.05,0.0485,0.00480352734977121,,,0,0.0485,""
1b,null_e12_n7200,null,,7200,all,2000,EDGE.poly2.u.G10,0.1,0.092,0.00646281672337998,,,0,0.092,""
1b,null_e12_n7200,null,,7200,all,2000,EDGE.poly2.sc.G10,0.01,0.0075,0.00192921616207205,,,0,0.0075,""
1b,null_e12_n7200,null,,7200,all,2000,EDGE.poly2.sc.G10,0.05,0.0475,0.00475624589355933,,,0,0.0475,""
1b,null_e12_n7200,null,,7200,all,2000,EDGE.poly2.sc.G10,0.1,0.0985,0.00666324808182916,,,0,0.0985,""
1b,null_e12_n7200,null,,7200,all,2000,EDGE.stk.u.G10,0.01,0.011,0.00233227356885937,,,0,0.011,""
1b,null_e12_n7200,null,,7200,all,2000,EDGE.stk.u.G10,0.05,0.0575,0.00520546587732549,,,0,0.0575,""
1b,null_e12_n7200,null,,7200,all,2000,EDGE.stk.u.G10,0.1,0.106,0.00688345843308435,,,0,0.106,""
1b,null_e12_n7200,null,,7200,all,2000,EDGE.stk.sc.G10,0.01,0.0095,0.00216907238237916,,,0,0.0095,""
1b,null_e12_n7200,null,,7200,all,2000,EDGE.stk.sc.G10,0.05,0.049,0.00482695556225661,,,0,0.049,""
1b,null_e12_n7200,null,,7200,all,2000,EDGE.stk.sc.G10,0.1,0.095,0.0065564853389602,,,0,0.095,""
1b,null_e12_n7200,null,,7200,all,2000,EDGE.sym.u.G10,0.01,0.0105,0.00227922684259378,,,0,0.0105,""
1b,null_e12_n7200,null,,7200,all,2000,EDGE.sym.u.G10,0.05,0.0585,0.0052477495176504,,,0,0.0585,""
1b,null_e12_n7200,null,,7200,all,2000,EDGE.sym.u.G10,0.1,0.099,0.00667828570817392,,,0,0.099,""
1b,null_e12_n7200,null,,7200,all,2000,EDGE.sym.sc.G10,0.01,0.0105,0.00227922684259378,,,0,0.0105,""
1b,null_e12_n7200,null,,7200,all,2000,EDGE.sym.sc.G10,0.05,0.049,0.00482695556225661,,,0,0.049,""
1b,null_e12_n7200,null,,7200,all,2000,EDGE.sym.sc.G10,0.1,0.097,0.00661781686056663,,,0,0.097,""
1b,null_e12_n7200,null,,7200,all,2000,EDGE.poly3.u.Grule,0.01,0.014,0.00262716577322407,,,0,0.014,""
1b,null_e12_n7200,null,,7200,all,2000,EDGE.poly3.u.Grule,0.05,0.0425,0.00451075104611194,,,0,0.0425,""
1b,null_e12_n7200,null,,7200,all,2000,EDGE.poly3.u.Grule,0.1,0.096,0.00658726043207645,,,0,0.096,""
1b,null_e12_n7200,null,,7200,all,2000,EDGE.poly3.sc.Grule,0.01,0.012,0.00243474844696531,,,0,0.012,""
1b,null_e12_n7200,null,,7200,all,2000,EDGE.poly3.sc.Grule,0.05,0.0525,0.00498717104178311,,,0,0.0525,""
1b,null_e12_n7200,null,,7200,all,2000,EDGE.poly3.sc.Grule,0.1,0.097,0.00661781686056663,,,0,0.097,""
1b,null_e12_n7200,null,,7200,all,2000,EDGE.poly2.u.Grule,0.01,0.009,0.00211175282644537,,,0,0.009,""
1b,null_e12_n7200,null,,7200,all,2000,EDGE.poly2.u.Grule,0.05,0.045,0.00463546114210873,,,0,0.045,""
1b,null_e12_n7200,null,,7200,all,2000,EDGE.poly2.u.Grule,0.1,0.093,0.00649426670225361,,,0,0.093,""
1b,null_e12_n7200,null,,7200,all,2000,EDGE.poly2.sc.Grule,0.01,0.0125,0.00248432586429397,,,0,0.0125,""
1b,null_e12_n7200,null,,7200,all,2000,EDGE.poly2.sc.Grule,0.05,0.048,0.00477995815881269,,,0,0.048,""
1b,null_e12_n7200,null,,7200,all,2000,EDGE.poly2.sc.Grule,0.1,0.101,0.00673791510780598,,,0,0.101,""
1b,null_e12_n7200,null,,7200,all,2000,EDGE.stk.u.Grule,0.01,0.0125,0.00248432586429397,,,0,0.0125,""
1b,null_e12_n7200,null,,7200,all,2000,EDGE.stk.u.Grule,0.05,0.053,0.0050095408971282,,,0,0.053,""
1b,null_e12_n7200,null,,7200,all,2000,EDGE.stk.u.Grule,0.1,0.098,0.00664815763952691,,,0,0.098,""
1b,null_e12_n7200,null,,7200,all,2000,EDGE.stk.sc.Grule,0.01,0.008,0.0019919839356782,,,0,0.008,""
1b,null_e12_n7200,null,,7200,all,2000,EDGE.stk.sc.Grule,0.05,0.049,0.00482695556225661,,,0,0.049,""
1b,null_e12_n7200,null,,7200,all,2000,EDGE.stk.sc.Grule,0.1,0.102,0.00676742196113114,,,0,0.102,""
1b,null_e12_n7200,null,,7200,all,2000,EDGE.sym.u.Grule,0.01,0.012,0.00243474844696531,,,0,0.012,""
1b,null_e12_n7200,null,,7200,all,2000,EDGE.sym.u.Grule,0.05,0.052,0.00496467521596328,,,0,0.052,""
1b,null_e12_n7200,null,,7200,all,2000,EDGE.sym.u.Grule,0.1,0.098,0.00664815763952691,,,0,0.098,""
1b,null_e12_n7200,null,,7200,all,2000,EDGE.sym.sc.Grule,0.01,0.01,0.0022248595461287,,,0,0.01,""
1b,null_e12_n7200,null,,7200,all,2000,EDGE.sym.sc.Grule,0.05,0.049,0.00482695556225661,,,0,0.049,""
1b,null_e12_n7200,null,,7200,all,2000,EDGE.sym.sc.Grule,0.1,0.0925,0.00647857044416436,,,0,0.0925,""
1b,null_e12_n7200,null,,7200,all,2000,HL.G10,0.01,0.0115,0.0023840878758972,,,0,0.0115,""
1b,null_e12_n7200,null,,7200,all,2000,HL.G10,0.05,0.0555,0.00511955808639769,,,0,0.0555,""
1b,null_e12_n7200,null,,7200,all,2000,HL.G10,0.1,0.102,0.00676742196113114,,,0,0.102,""
1b,null_e12_n7200,null,,7200,all,2000,HL.Grule,0.01,0.016,0.00280570846668003,,,0,0.016,""
1b,null_e12_n7200,null,,7200,all,2000,HL.Grule,0.05,0.052,0.00496467521596328,,,0,0.052,""
1b,null_e12_n7200,null,,7200,all,2000,HL.Grule,0.1,0.0985,0.00666324808182916,,,0,0.0985,""
1b,null_e12_n7200,null,,7200,all,2000,HLF.G10,0.01,0.0125,0.00248432586429397,,,0,0.0125,""
1b,null_e12_n7200,null,,7200,all,2000,HLF.G10,0.05,0.0575,0.00520546587732549,,,0,0.0575,""
1b,null_e12_n7200,null,,7200,all,2000,HLF.G10,0.1,0.103,0.00679672715356443,,,0,0.103,""
1b,null_e12_n7200,null,,7200,all,2000,HLF.Grule,0.01,0.0135,0.00258047960658479,,,0,0.0135,""
1b,null_e12_n7200,null,,7200,all,2000,HLF.Grule,0.05,0.0485,0.00480352734977121,,,0,0.0485,""
1b,null_e12_n7200,null,,7200,all,2000,HLF.Grule,0.1,0.092,0.00646281672337998,,,0,0.092,""
1b,null_e12_n7200,null,,7200,all,2000,Stk.joint,0.01,0.01,0.0022248595461287,,,0,0.01,""
1b,null_e12_n7200,null,,7200,all,2000,Stk.joint,0.05,0.049,0.00482695556225661,,,0,0.049,""
1b,null_e12_n7200,null,,7200,all,2000,Stk.joint,0.1,0.0905,0.00641520654383006,,,0,0.0905,""
1b,null_e12_n7200,null,,7200,all,2000,Stk.LR,0.01,0.0095,0.00216907238237916,,,0,0.0095,""
1b,null_e12_n7200,null,,7200,all,2000,Stk.LR,0.05,0.0475,0.00475624589355933,,,0,0.0475,""
1b,null_e12_n7200,null,,7200,all,2000,Stk.LR,0.1,0.0905,0.00641520654383006,,,0,0.0905,""
1b,null_e12_n7200,null,,7200,all,2000,Stk.sym1,0.01,0.01,0.0022248595461287,,,0,0.01,""
1b,null_e12_n7200,null,,7200,all,2000,Stk.sym1,0.05,0.049,0.00482695556225661,,,0,0.049,""
1b,null_e12_n7200,null,,7200,all,2000,Stk.sym1,0.1,0.0905,0.00641520654383006,,,0,0.0905,""
1b,null_e12_n7200,null,,7200,all,2000,Stk.marg,0.01,0,0,,,1,,no p-value in any replicate
1b,null_e12_n7200,null,,7200,all,2000,Stk.marg,0.05,0,0,,,1,,no p-value in any replicate
1b,null_e12_n7200,null,,7200,all,2000,Stk.marg,0.1,0,0,,,1,,no p-value in any replicate
1b,null_e12_n7200,null,,7200,all,2000,GiViTI,0.01,0.0075,0.00192921616207205,,,0,0.0075,""
1b,null_e12_n7200,null,,7200,all,2000,GiViTI,0.05,0.0445,0.00461084319837489,,,0,0.0445,""
1b,null_e12_n7200,null,,7200,all,2000,GiViTI,0.1,0.0865,0.00628560856242258,,,0,0.0865,""
1b,null_e12_n7200,null,,7200,all,2000,GiViTI.t50,0.01,0.0075,0.00192921616207205,,,0,0.0075,""
1b,null_e12_n7200,null,,7200,all,2000,GiViTI.t50,0.05,0.0475,0.00475624589355933,,,0,0.0475,""
1b,null_e12_n7200,null,,7200,all,2000,GiViTI.t50,0.1,0.0885,0.00635089560613304,,,0,0.0885,""
1b,null_e12_n7200,null,,7200,all,2000,Cubic.LR,0.01,0.0115,0.0023840878758972,,,0,0.0115,""
1b,null_e12_n7200,null,,7200,all,2000,Cubic.LR,0.05,0.0455,0.00465992220965114,,,0,0.0455,""
1b,null_e12_n7200,null,,7200,all,2000,Cubic.LR,0.1,0.097,0.00661781686056663,,,0,0.097,""
1b,null_e12_n7200,null,,7200,all,2000,HL_w,0.01,0.011,0.00233227356885937,,,0,0.011,""
1b,null_e12_n7200,null,,7200,all,2000,HL_w,0.05,0.046,0.00468422885862764,,,0,0.046,""
1b,null_e12_n7200,null,,7200,all,2000,HL_w,0.1,0.089,0.00636706368744651,,,0,0.089,""
1b,null_e12_n7200,null,,7200,all,2000,PH,0.01,0.0075,0.00192921616207205,,,0,0.0075,""
1b,null_e12_n7200,null,,7200,all,2000,PH,0.05,0.034,0.00405240669232494,,,0,0.034,""
1b,null_e12_n7200,null,,7200,all,2000,PH,0.1,0.0745,0.00587153089066216,,,0,0.0745,""
1b,null_e12_n7200,null,,7200,all,2000,Tsiatis,0.01,0.0065,0.00179690706493129,,,0,0.0065,""
1b,null_e12_n7200,null,,7200,all,2000,Tsiatis,0.05,0.0455,0.00465992220965114,,,0,0.0455,""
1b,null_e12_n7200,null,,7200,all,2000,Tsiatis,0.1,0.0925,0.00647857044416436,,,0,0.0925,""
1b,null_e12_n7200,null,,7200,all,2000,Xie,0.01,0.0045,0.00149662119455793,,,0,0.0045,""
1b,null_e12_n7200,null,,7200,all,2000,Xie,0.05,0.0305,0.00384511053157123,,,0,0.0305,""
1b,null_e12_n7200,null,,7200,all,2000,Xie,0.1,0.0655,0.00553216729681958,,,0,0.0655,""
1b,null_e12_n7200,null,,7200,all,2000,PR,0.01,0.007,0.00186426929385215,,,0,0.007,""
1b,null_e12_n7200,null,,7200,all,2000,PR,0.05,0.0455,0.00465992220965114,,,0,0.0455,""
1b,null_e12_n7200,null,,7200,all,2000,PR,0.1,0.1125,0.00706554138053129,,,0,0.1125,""
1b,null_e12_n8700,null,,8700,all,2000,flag.evlt.G10,,0,,,,0,,flag rate: share of replicates with the flag = 1
1b,null_e12_n8700,null,,8700,all,2000,flag.evlt.Grule,,0,,,,0,,flag rate: share of replicates with the flag = 1
1b,null_e12_n8700,null,,8700,all,2000,flag.stk_half0,,1,,,,0,,flag rate: share of replicates with the flag = 1
1b,null_e12_n8700,null,,8700,all,2000,flag.stk_diag,,0,,,,0,,flag rate: share of replicates with the flag = 1
1b,null_e12_n8700,null,,8700,all,2000,flag.rivals_run,,1,,,,0,,flag rate: share of replicates with the flag = 1
1b,null_e12_n8700,null,,8700,all,2000,flag.degenerate,,0,,,,0,,flag rate: share of replicates with the flag = 1
1b,null_e12_n8700,null,,8700,all,2000,flag.info_guard,,0,,,,0,,flag rate: share of replicates with the flag = 1
1b,null_e12_n8700,null,,8700,all,2000,flag.rep_error,,0,,,,0,,flag rate: share of replicates with the flag = 1
1b,null_e12_n8700,null,,8700,all,2000,EDGE.poly3.u.G10,0.01,0.01,0.0022248595461287,,,0,0.01,""
1b,null_e12_n8700,null,,8700,all,2000,EDGE.poly3.u.G10,0.05,0.0515,0.00494205169944629,,,0,0.0515,""
1b,null_e12_n8700,null,,8700,all,2000,EDGE.poly3.u.G10,0.1,0.095,0.0065564853389602,,,0,0.095,""
1b,null_e12_n8700,null,,8700,all,2000,EDGE.poly3.sc.G10,0.01,0.0095,0.00216907238237916,,,0,0.0095,""
1b,null_e12_n8700,null,,8700,all,2000,EDGE.poly3.sc.G10,0.05,0.049,0.00482695556225661,,,0,0.049,""
1b,null_e12_n8700,null,,8700,all,2000,EDGE.poly3.sc.G10,0.1,0.093,0.00649426670225361,,,0,0.093,""
1b,null_e12_n8700,null,,8700,all,2000,EDGE.poly2.u.G10,0.01,0.012,0.00243474844696531,,,0,0.012,""
1b,null_e12_n8700,null,,8700,all,2000,EDGE.poly2.u.G10,0.05,0.0435,0.00456112650559048,,,0,0.0435,""
1b,null_e12_n8700,null,,8700,all,2000,EDGE.poly2.u.G10,0.1,0.086,0.00626913072124039,,,0,0.086,""
1b,null_e12_n8700,null,,8700,all,2000,EDGE.poly2.sc.G10,0.01,0.008,0.0019919839356782,,,0,0.008,""
1b,null_e12_n8700,null,,8700,all,2000,EDGE.poly2.sc.G10,0.05,0.0425,0.00451075104611194,,,0,0.0425,""
1b,null_e12_n8700,null,,8700,all,2000,EDGE.poly2.sc.G10,0.1,0.0895,0.00638317123379908,,,0,0.0895,""
1b,null_e12_n8700,null,,8700,all,2000,EDGE.stk.u.G10,0.01,0.01,0.0022248595461287,,,0,0.01,""
1b,null_e12_n8700,null,,8700,all,2000,EDGE.stk.u.G10,0.05,0.043,0.00453602248671675,,,0,0.043,""
1b,null_e12_n8700,null,,8700,all,2000,EDGE.stk.u.G10,0.1,0.0885,0.00635089560613304,,,0,0.0885,""
1b,null_e12_n8700,null,,8700,all,2000,EDGE.stk.sc.G10,0.01,0.008,0.0019919839356782,,,0,0.008,""
1b,null_e12_n8700,null,,8700,all,2000,EDGE.stk.sc.G10,0.05,0.0475,0.00475624589355933,,,0,0.0475,""
1b,null_e12_n8700,null,,8700,all,2000,EDGE.stk.sc.G10,0.1,0.0925,0.00647857044416436,,,0,0.0925,""
1b,null_e12_n8700,null,,8700,all,2000,EDGE.sym.u.G10,0.01,0.0085,0.00205277251540447,,,0,0.0085,""
1b,null_e12_n8700,null,,8700,all,2000,EDGE.sym.u.G10,0.05,0.043,0.00453602248671675,,,0,0.043,""
1b,null_e12_n8700,null,,8700,all,2000,EDGE.sym.u.G10,0.1,0.091,0.00643113520305708,,,0,0.091,""
1b,null_e12_n8700,null,,8700,all,2000,EDGE.sym.sc.G10,0.01,0.009,0.00211175282644537,,,0,0.009,""
1b,null_e12_n8700,null,,8700,all,2000,EDGE.sym.sc.G10,0.05,0.051,0.00491929873051028,,,0,0.051,""
1b,null_e12_n8700,null,,8700,all,2000,EDGE.sym.sc.G10,0.1,0.095,0.0065564853389602,,,0,0.095,""
1b,null_e12_n8700,null,,8700,all,2000,EDGE.poly3.u.Grule,0.01,0.0065,0.00179690706493129,,,0,0.0065,""
1b,null_e12_n8700,null,,8700,all,2000,EDGE.poly3.u.Grule,0.05,0.039,0.00432891441356837,,,0,0.039,""
1b,null_e12_n8700,null,,8700,all,2000,EDGE.poly3.u.Grule,0.1,0.0865,0.00628560856242258,,,0,0.0865,""
1b,null_e12_n8700,null,,8700,all,2000,EDGE.poly3.sc.Grule,0.01,0.0095,0.00216907238237916,,,0,0.0095,""
1b,null_e12_n8700,null,,8700,all,2000,EDGE.poly3.sc.Grule,0.05,0.045,0.00463546114210873,,,0,0.045,""
1b,null_e12_n8700,null,,8700,all,2000,EDGE.poly3.sc.Grule,0.1,0.0885,0.00635089560613304,,,0,0.0885,""
1b,null_e12_n8700,null,,8700,all,2000,EDGE.poly2.u.Grule,0.01,0.007,0.00186426929385215,,,0,0.007,""
1b,null_e12_n8700,null,,8700,all,2000,EDGE.poly2.u.Grule,0.05,0.0505,0.00489641450451246,,,0,0.0505,""
1b,null_e12_n8700,null,,8700,all,2000,EDGE.poly2.u.Grule,0.1,0.0965,0.00660256578914591,,,0,0.0965,""
1b,null_e12_n8700,null,,8700,all,2000,EDGE.poly2.sc.Grule,0.01,0.0075,0.00192921616207205,,,0,0.0075,""
1b,null_e12_n8700,null,,8700,all,2000,EDGE.poly2.sc.Grule,0.05,0.0425,0.00451075104611194,,,0,0.0425,""
1b,null_e12_n8700,null,,8700,all,2000,EDGE.poly2.sc.Grule,0.1,0.089,0.00636706368744651,,,0,0.089,""
1b,null_e12_n8700,null,,8700,all,2000,EDGE.stk.u.Grule,0.01,0.007,0.00186426929385215,,,0,0.007,""
1b,null_e12_n8700,null,,8700,all,2000,EDGE.stk.u.Grule,0.05,0.046,0.00468422885862764,,,0,0.046,""
1b,null_e12_n8700,null,,8700,all,2000,EDGE.stk.u.Grule,0.1,0.096,0.00658726043207645,,,0,0.096,""
1b,null_e12_n8700,null,,8700,all,2000,EDGE.stk.sc.Grule,0.01,0.0085,0.00205277251540447,,,0,0.0085,""
1b,null_e12_n8700,null,,8700,all,2000,EDGE.stk.sc.Grule,0.05,0.047,0.00473238840333293,,,0,0.047,""
1b,null_e12_n8700,null,,8700,all,2000,EDGE.stk.sc.Grule,0.1,0.0965,0.00660256578914591,,,0,0.0965,""
1b,null_e12_n8700,null,,8700,all,2000,EDGE.sym.u.Grule,0.01,0.0065,0.00179690706493129,,,0,0.0065,""
1b,null_e12_n8700,null,,8700,all,2000,EDGE.sym.u.Grule,0.05,0.0475,0.00475624589355933,,,0,0.0475,""
1b,null_e12_n8700,null,,8700,all,2000,EDGE.sym.u.Grule,0.1,0.0965,0.00660256578914591,,,0,0.0965,""
1b,null_e12_n8700,null,,8700,all,2000,EDGE.sym.sc.Grule,0.01,0.0065,0.00179690706493129,,,0,0.0065,""
1b,null_e12_n8700,null,,8700,all,2000,EDGE.sym.sc.Grule,0.05,0.05,0.00487339717240448,,,0,0.05,""
1b,null_e12_n8700,null,,8700,all,2000,EDGE.sym.sc.Grule,0.1,0.097,0.00661781686056663,,,0,0.097,""
1b,null_e12_n8700,null,,8700,all,2000,HL.G10,0.01,0.0095,0.00216907238237916,,,0,0.0095,""
1b,null_e12_n8700,null,,8700,all,2000,HL.G10,0.05,0.047,0.00473238840333293,,,0,0.047,""
1b,null_e12_n8700,null,,8700,all,2000,HL.G10,0.1,0.101,0.00673791510780598,,,0,0.101,""
1b,null_e12_n8700,null,,8700,all,2000,HL.Grule,0.01,0.011,0.00233227356885937,,,0,0.011,""
1b,null_e12_n8700,null,,8700,all,2000,HL.Grule,0.05,0.0445,0.00461084319837489,,,0,0.0445,""
1b,null_e12_n8700,null,,8700,all,2000,HL.Grule,0.1,0.092,0.00646281672337998,,,0,0.092,""
1b,null_e12_n8700,null,,8700,all,2000,HLF.G10,0.01,0.008,0.0019919839356782,,,0,0.008,""
1b,null_e12_n8700,null,,8700,all,2000,HLF.G10,0.05,0.0475,0.00475624589355933,,,0,0.0475,""
1b,null_e12_n8700,null,,8700,all,2000,HLF.G10,0.1,0.099,0.00667828570817392,,,0,0.099,""
1b,null_e12_n8700,null,,8700,all,2000,HLF.Grule,0.01,0.009,0.00211175282644537,,,0,0.009,""
1b,null_e12_n8700,null,,8700,all,2000,HLF.Grule,0.05,0.0355,0.00413761706783023,,,0,0.0355,""
1b,null_e12_n8700,null,,8700,all,2000,HLF.Grule,0.1,0.0865,0.00628560856242258,,,0,0.0865,""
1b,null_e12_n8700,null,,8700,all,2000,Stk.joint,0.01,0.0065,0.00179690706493129,,,0,0.0065,""
1b,null_e12_n8700,null,,8700,all,2000,Stk.joint,0.05,0.0495,0.0048502448391808,,,0,0.0495,""
1b,null_e12_n8700,null,,8700,all,2000,Stk.joint,0.1,0.097,0.00661781686056663,,,0,0.097,""
1b,null_e12_n8700,null,,8700,all,2000,Stk.LR,0.01,0.007,0.00186426929385215,,,0,0.007,""
1b,null_e12_n8700,null,,8700,all,2000,Stk.LR,0.05,0.0495,0.0048502448391808,,,0,0.0495,""
1b,null_e12_n8700,null,,8700,all,2000,Stk.LR,0.1,0.0975,0.00663301402079025,,,0,0.0975,""
1b,null_e12_n8700,null,,8700,all,2000,Stk.sym1,0.01,0.0065,0.00179690706493129,,,0,0.0065,""
1b,null_e12_n8700,null,,8700,all,2000,Stk.sym1,0.05,0.0495,0.0048502448391808,,,0,0.0495,""
1b,null_e12_n8700,null,,8700,all,2000,Stk.sym1,0.1,0.097,0.00661781686056663,,,0,0.097,""
1b,null_e12_n8700,null,,8700,all,2000,Stk.marg,0.01,0,0,,,1,,no p-value in any replicate
1b,null_e12_n8700,null,,8700,all,2000,Stk.marg,0.05,0,0,,,1,,no p-value in any replicate
1b,null_e12_n8700,null,,8700,all,2000,Stk.marg,0.1,0,0,,,1,,no p-value in any replicate
1b,null_e12_n8700,null,,8700,all,2000,GiViTI,0.01,0.006,0.0017268468374468,,,0,0.006,""
1b,null_e12_n8700,null,,8700,all,2000,GiViTI,0.05,0.046,0.00468422885862764,,,0,0.046,""
1b,null_e12_n8700,null,,8700,all,2000,GiViTI,0.1,0.0935,0.00650990591329859,,,0,0.0935,""
1b,null_e12_n8700,null,,8700,all,2000,GiViTI.t50,0.01,0.0075,0.00192921616207205,,,0,0.0075,""
1b,null_e12_n8700,null,,8700,all,2000,GiViTI.t50,0.05,0.0465,0.00470838348055891,,,0,0.0465,""
1b,null_e12_n8700,null,,8700,all,2000,GiViTI.t50,0.1,0.0905,0.00641520654383006,,,0,0.0905,""
1b,null_e12_n8700,null,,8700,all,2000,Cubic.LR,0.01,0.008,0.0019919839356782,,,0,0.008,""
1b,null_e12_n8700,null,,8700,all,2000,Cubic.LR,0.05,0.0365,0.0041933131292571,,,0,0.0365,""
1b,null_e12_n8700,null,,8700,all,2000,Cubic.LR,0.1,0.084,0.00620258010830977,,,0,0.084,""
1b,null_e12_n8700,null,,8700,all,2000,HL_w,0.01,0.006,0.0017268468374468,,,0,0.006,""
1b,null_e12_n8700,null,,8700,all,2000,HL_w,0.05,0.0485,0.00480352734977121,,,0,0.0485,""
1b,null_e12_n8700,null,,8700,all,2000,HL_w,0.1,0.094,0.00652548848746207,,,0,0.094,""
1b,null_e12_n8700,null,,8700,all,2000,PH,0.01,0.005,0.00157718102955875,,,0,0.005,""
1b,null_e12_n8700,null,,8700,all,2000,PH,0.05,0.0325,0.00396508196636589,,,0,0.0325,""
1b,null_e12_n8700,null,,8700,all,2000,PH,0.1,0.0635,0.005452877680638,,,0,0.0635,""
1b,null_e12_n8700,null,,8700,all,2000,Tsiatis,0.01,0.013,0.00253288373203351,,,0,0.013,""
1b,null_e12_n8700,null,,8700,all,2000,Tsiatis,0.05,0.0505,0.00489641450451246,,,0,0.0505,""
1b,null_e12_n8700,null,,8700,all,2000,Tsiatis,0.1,0.1025,0.00678209960115597,,,0,0.1025,""
1b,null_e12_n8700,null,,8700,all,2000,Xie,0.01,0.008,0.0019919839356782,,,0,0.008,""
1b,null_e12_n8700,null,,8700,all,2000,Xie,0.05,0.029,0.00375226598204338,,,0,0.029,""
1b,null_e12_n8700,null,,8700,all,2000,Xie,0.1,0.061,0.00535158854920668,,,0,0.061,""
1b,null_e12_n8700,null,,8700,all,2000,PR,0.01,0.011,0.00233227356885937,,,0,0.011,""
1b,null_e12_n8700,null,,8700,all,2000,PR,0.05,0.0605,0.0053310294503032,,,0,0.0605,""
1b,null_e12_n8700,null,,8700,all,2000,PR,0.1,0.1355,0.00765309577883356,,,0,0.1355,""
1b,null_e12_n11000,null,,11000,all,2000,flag.evlt.G10,,0,,,,0,,flag rate: share of replicates with the flag = 1
1b,null_e12_n11000,null,,11000,all,2000,flag.evlt.Grule,,0,,,,0,,flag rate: share of replicates with the flag = 1
1b,null_e12_n11000,null,,11000,all,2000,flag.stk_half0,,1,,,,0,,flag rate: share of replicates with the flag = 1
1b,null_e12_n11000,null,,11000,all,2000,flag.stk_diag,,0,,,,0,,flag rate: share of replicates with the flag = 1
1b,null_e12_n11000,null,,11000,all,2000,flag.rivals_run,,0,,,,0,,flag rate: share of replicates with the flag = 1
1b,null_e12_n11000,null,,11000,all,2000,flag.degenerate,,0,,,,0,,flag rate: share of replicates with the flag = 1
1b,null_e12_n11000,null,,11000,all,2000,flag.info_guard,,0,,,,0,,flag rate: share of replicates with the flag = 1
1b,null_e12_n11000,null,,11000,all,2000,flag.rep_error,,0,,,,0,,flag rate: share of replicates with the flag = 1
1b,null_e12_n11000,null,,11000,all,2000,EDGE.poly3.u.G10,0.01,0.009,0.00211175282644537,,,0,0.009,""
1b,null_e12_n11000,null,,11000,all,2000,EDGE.poly3.u.G10,0.05,0.0505,0.00489641450451246,,,0,0.0505,""
1b,null_e12_n11000,null,,11000,all,2000,EDGE.poly3.u.G10,0.1,0.1,0.00670820393249937,,,0,0.1,""
1b,null_e12_n11000,null,,11000,all,2000,EDGE.poly3.sc.G10,0.01,0.007,0.00186426929385215,,,0,0.007,""
1b,null_e12_n11000,null,,11000,all,2000,EDGE.poly3.sc.G10,0.05,0.0505,0.00489641450451246,,,0,0.0505,""
1b,null_e12_n11000,null,,11000,all,2000,EDGE.poly3.sc.G10,0.1,0.1035,0.00681130494105204,,,0,0.1035,""
1b,null_e12_n11000,null,,11000,all,2000,EDGE.poly2.u.G10,0.01,0.013,0.00253288373203351,,,0,0.013,""
1b,null_e12_n11000,null,,11000,all,2000,EDGE.poly2.u.G10,0.05,0.0525,0.00498717104178311,,,0,0.0525,""
1b,null_e12_n11000,null,,11000,all,2000,EDGE.poly2.u.G10,0.1,0.105,0.00685474288358068,,,0,0.105,""
1b,null_e12_n11000,null,,11000,all,2000,EDGE.poly2.sc.G10,0.01,0.008,0.0019919839356782,,,0,0.008,""
1b,null_e12_n11000,null,,11000,all,2000,EDGE.poly2.sc.G10,0.05,0.0535,0.00503178646208283,,,0,0.0535,""
1b,null_e12_n11000,null,,11000,all,2000,EDGE.poly2.sc.G10,0.1,0.1035,0.00681130494105204,,,0,0.1035,""
1b,null_e12_n11000,null,,11000,all,2000,EDGE.stk.u.G10,0.01,0.0085,0.00205277251540447,,,0,0.0085,""
1b,null_e12_n11000,null,,11000,all,2000,EDGE.stk.u.G10,0.05,0.053,0.0050095408971282,,,0,0.053,""
1b,null_e12_n11000,null,,11000,all,2000,EDGE.stk.u.G10,0.1,0.1085,0.00695441406590088,,,0,0.1085,""
1b,null_e12_n11000,null,,11000,all,2000,EDGE.stk.sc.G10,0.01,0.0075,0.00192921616207205,,,0,0.0075,""
1b,null_e12_n11000,null,,11000,all,2000,EDGE.stk.sc.G10,0.05,0.06,0.0053103672189407,,,0,0.06,""
1b,null_e12_n11000,null,,11000,all,2000,EDGE.stk.sc.G10,0.1,0.1105,0.00701034057660539,,,0,0.1105,""
1b,null_e12_n11000,null,,11000,all,2000,EDGE.sym.u.G10,0.01,0.005,0.00157718102955875,,,0,0.005,""
1b,null_e12_n11000,null,,11000,all,2000,EDGE.sym.u.G10,0.05,0.0575,0.00520546587732549,,,0,0.0575,""
1b,null_e12_n11000,null,,11000,all,2000,EDGE.sym.u.G10,0.1,0.1045,0.00684031249286171,,,0,0.1045,""
1b,null_e12_n11000,null,,11000,all,2000,EDGE.sym.sc.G10,0.01,0.009,0.00211175282644537,,,0,0.009,""
1b,null_e12_n11000,null,,11000,all,2000,EDGE.sym.sc.G10,0.05,0.054,0.00505390937789747,,,0,0.054,""
1b,null_e12_n11000,null,,11000,all,2000,EDGE.sym.sc.G10,0.1,0.1075,0.00692617318582202,,,0,0.1075,""
1b,null_e12_n11000,null,,11000,all,2000,EDGE.poly3.u.Grule,0.01,0.011,0.00233227356885937,,,0,0.011,""
1b,null_e12_n11000,null,,11000,all,2000,EDGE.poly3.u.Grule,0.05,0.049,0.00482695556225661,,,0,0.049,""
1b,null_e12_n11000,null,,11000,all,2000,EDGE.poly3.u.Grule,0.1,0.1065,0.00689774419647467,,,0,0.1065,""
1b,null_e12_n11000,null,,11000,all,2000,EDGE.poly3.sc.Grule,0.01,0.0125,0.00248432586429397,,,0,0.0125,""
1b,null_e12_n11000,null,,11000,all,2000,EDGE.poly3.sc.Grule,0.05,0.05,0.00487339717240448,,,0,0.05,""
1b,null_e12_n11000,null,,11000,all,2000,EDGE.poly3.sc.Grule,0.1,0.103,0.00679672715356443,,,0,0.103,""
1b,null_e12_n11000,null,,11000,all,2000,EDGE.poly2.u.Grule,0.01,0.016,0.00280570846668003,,,0,0.016,""
1b,null_e12_n11000,null,,11000,all,2000,EDGE.poly2.u.Grule,0.05,0.0525,0.00498717104178311,,,0,0.0525,""
1b,null_e12_n11000,null,,11000,all,2000,EDGE.poly2.u.Grule,0.1,0.105,0.00685474288358068,,,0,0.105,""
1b,null_e12_n11000,null,,11000,all,2000,EDGE.poly2.sc.Grule,0.01,0.012,0.00243474844696531,,,0,0.012,""
1b,null_e12_n11000,null,,11000,all,2000,EDGE.poly2.sc.Grule,0.05,0.052,0.00496467521596328,,,0,0.052,""
1b,null_e12_n11000,null,,11000,all,2000,EDGE.poly2.sc.Grule,0.1,0.1005,0.00672308522926788,,,0,0.1005,""
1b,null_e12_n11000,null,,11000,all,2000,EDGE.stk.u.Grule,0.01,0.0135,0.00258047960658479,,,0,0.0135,""
1b,null_e12_n11000,null,,11000,all,2000,EDGE.stk.u.Grule,0.05,0.053,0.0050095408971282,,,0,0.053,""
1b,null_e12_n11000,null,,11000,all,2000,EDGE.stk.u.Grule,0.1,0.113,0.00707923018413726,,,0,0.113,""
1b,null_e12_n11000,null,,11000,all,2000,EDGE.stk.sc.Grule,0.01,0.0135,0.00258047960658479,,,0,0.0135,""
1b,null_e12_n11000,null,,11000,all,2000,EDGE.stk.sc.Grule,0.05,0.055,0.00509779364038993,,,0,0.055,""
1b,null_e12_n11000,null,,11000,all,2000,EDGE.stk.sc.Grule,0.1,0.1065,0.00689774419647467,,,0,0.1065,""
1b,null_e12_n11000,null,,11000,all,2000,EDGE.sym.u.Grule,0.01,0.011,0.00233227356885937,,,0,0.011,""
1b,null_e12_n11000,null,,11000,all,2000,EDGE.sym.u.Grule,0.05,0.055,0.00509779364038993,,,0,0.055,""
1b,null_e12_n11000,null,,11000,all,2000,EDGE.sym.u.Grule,0.1,0.112,0.00705180827873248,,,0,0.112,""
1b,null_e12_n11000,null,,11000,all,2000,EDGE.sym.sc.Grule,0.01,0.0125,0.00248432586429397,,,0,0.0125,""
1b,null_e12_n11000,null,,11000,all,2000,EDGE.sym.sc.Grule,0.05,0.0575,0.00520546587732549,,,0,0.0575,""
1b,null_e12_n11000,null,,11000,all,2000,EDGE.sym.sc.Grule,0.1,0.1105,0.00701034057660539,,,0,0.1105,""
1b,null_e12_n11000,null,,11000,all,2000,HL.G10,0.01,0.0125,0.00248432586429397,,,0,0.0125,""
1b,null_e12_n11000,null,,11000,all,2000,HL.G10,0.05,0.046,0.00468422885862764,,,0,0.046,""
1b,null_e12_n11000,null,,11000,all,2000,HL.G10,0.1,0.094,0.00652548848746207,,,0,0.094,""
1b,null_e12_n11000,null,,11000,all,2000,HL.Grule,0.01,0.012,0.00243474844696531,,,0,0.012,""
1b,null_e12_n11000,null,,11000,all,2000,HL.Grule,0.05,0.0535,0.00503178646208283,,,0,0.0535,""
1b,null_e12_n11000,null,,11000,all,2000,HL.Grule,0.1,0.1065,0.00689774419647467,,,0,0.1065,""
1b,null_e12_n11000,null,,11000,all,2000,HLF.G10,0.01,0.0125,0.00248432586429397,,,0,0.0125,""
1b,null_e12_n11000,null,,11000,all,2000,HLF.G10,0.05,0.045,0.00463546114210873,,,0,0.045,""
1b,null_e12_n11000,null,,11000,all,2000,HLF.G10,0.1,0.095,0.0065564853389602,,,0,0.095,""
1b,null_e12_n11000,null,,11000,all,2000,HLF.Grule,0.01,0.01,0.0022248595461287,,,0,0.01,""
1b,null_e12_n11000,null,,11000,all,2000,HLF.Grule,0.05,0.049,0.00482695556225661,,,0,0.049,""
1b,null_e12_n11000,null,,11000,all,2000,HLF.Grule,0.1,0.105,0.00685474288358068,,,0,0.105,""
1b,null_e12_n11000,null,,11000,all,2000,Stk.joint,0.01,0.0115,0.0023840878758972,,,0,0.0115,""
1b,null_e12_n11000,null,,11000,all,2000,Stk.joint,0.05,0.057,0.00518415856238985,,,0,0.057,""
1b,null_e12_n11000,null,,11000,all,2000,Stk.joint,0.1,0.1105,0.00701034057660539,,,0,0.1105,""
1b,null_e12_n11000,null,,11000,all,2000,Stk.LR,0.01,0.0125,0.00248432586429397,,,0,0.0125,""
1b,null_e12_n11000,null,,11000,all,2000,Stk.LR,0.05,0.0575,0.00520546587732549,,,0,0.0575,""
1b,null_e12_n11000,null,,11000,all,2000,Stk.LR,0.1,0.11,0.00699642765988472,,,0,0.11,""
1b,null_e12_n11000,null,,11000,all,2000,Stk.sym1,0.01,0.0115,0.0023840878758972,,,0,0.0115,""
1b,null_e12_n11000,null,,11000,all,2000,Stk.sym1,0.05,0.057,0.00518415856238985,,,0,0.057,""
1b,null_e12_n11000,null,,11000,all,2000,Stk.sym1,0.1,0.1105,0.00701034057660539,,,0,0.1105,""
1b,null_e12_n11000,null,,11000,all,2000,Stk.marg,0.01,0,0,,,1,,no p-value in any replicate
1b,null_e12_n11000,null,,11000,all,2000,Stk.marg,0.05,0,0,,,1,,no p-value in any replicate
1b,null_e12_n11000,null,,11000,all,2000,Stk.marg,0.1,0,0,,,1,,no p-value in any replicate
1b,null_e12_n11000,null,,11000,all,2000,GiViTI,0.01,0.011,0.00233227356885937,,,0,0.011,""
1b,null_e12_n11000,null,,11000,all,2000,GiViTI,0.05,0.0525,0.00498717104178311,,,0,0.0525,""
1b,null_e12_n11000,null,,11000,all,2000,GiViTI,0.1,0.1015,0.00675269390687894,,,0,0.1015,""
1b,null_e12_n11000,null,,11000,all,2000,GiViTI.t50,0.01,0.013,0.00253288373203351,,,0,0.013,""
1b,null_e12_n11000,null,,11000,all,2000,GiViTI.t50,0.05,0.054,0.00505390937789747,,,0,0.054,""
1b,null_e12_n11000,null,,11000,all,2000,GiViTI.t50,0.1,0.097,0.00661781686056663,,,0,0.097,""
1b,null_e12_n11000,null,,11000,all,2000,Cubic.LR,0.01,0.0105,0.00227922684259378,,,0,0.0105,""
1b,null_e12_n11000,null,,11000,all,2000,Cubic.LR,0.05,0.047,0.00473238840333293,,,0,0.047,""
1b,null_e12_n11000,null,,11000,all,2000,Cubic.LR,0.1,0.096,0.00658726043207645,,,0,0.096,""
1b,null_e12_n11000,null,,11000,all,2000,HL_w,0.01,0,0,,,1,,"not run (n >= 10,000)"
1b,null_e12_n11000,null,,11000,all,2000,HL_w,0.05,0,0,,,1,,"not run (n >= 10,000)"
1b,null_e12_n11000,null,,11000,all,2000,HL_w,0.1,0,0,,,1,,"not run (n >= 10,000)"
1b,null_e12_n11000,null,,11000,all,2000,PH,0.01,0,0,,,1,,"not run (n >= 10,000)"
1b,null_e12_n11000,null,,11000,all,2000,PH,0.05,0,0,,,1,,"not run (n >= 10,000)"
1b,null_e12_n11000,null,,11000,all,2000,PH,0.1,0,0,,,1,,"not run (n >= 10,000)"
1b,null_e12_n11000,null,,11000,all,2000,Tsiatis,0.01,0,0,,,1,,"not run (n >= 10,000)"
1b,null_e12_n11000,null,,11000,all,2000,Tsiatis,0.05,0,0,,,1,,"not run (n >= 10,000)"
1b,null_e12_n11000,null,,11000,all,2000,Tsiatis,0.1,0,0,,,1,,"not run (n >= 10,000)"
1b,null_e12_n11000,null,,11000,all,2000,Xie,0.01,0,0,,,1,,"not run (n >= 10,000)"
1b,null_e12_n11000,null,,11000,all,2000,Xie,0.05,0,0,,,1,,"not run (n >= 10,000)"
1b,null_e12_n11000,null,,11000,all,2000,Xie,0.1,0,0,,,1,,"not run (n >= 10,000)"
1b,null_e12_n11000,null,,11000,all,2000,PR,0.01,0,0,,,1,,"not run (n >= 10,000)"
1b,null_e12_n11000,null,,11000,all,2000,PR,0.05,0,0,,,1,,"not run (n >= 10,000)"
1b,null_e12_n11000,null,,11000,all,2000,PR,0.1,0,0,,,1,,"not run (n >= 10,000)"
1b,null_e12_n15000,null,,15000,all,2000,flag.evlt.G10,,0,,,,0,,flag rate: share of replicates with the flag = 1
1b,null_e12_n15000,null,,15000,all,2000,flag.evlt.Grule,,0,,,,0,,flag rate: share of replicates with the flag = 1
1b,null_e12_n15000,null,,15000,all,2000,flag.stk_half0,,1,,,,0,,flag rate: share of replicates with the flag = 1
1b,null_e12_n15000,null,,15000,all,2000,flag.stk_diag,,0,,,,0,,flag rate: share of replicates with the flag = 1
1b,null_e12_n15000,null,,15000,all,2000,flag.rivals_run,,0,,,,0,,flag rate: share of replicates with the flag = 1
1b,null_e12_n15000,null,,15000,all,2000,flag.degenerate,,0,,,,0,,flag rate: share of replicates with the flag = 1
1b,null_e12_n15000,null,,15000,all,2000,flag.info_guard,,0,,,,0,,flag rate: share of replicates with the flag = 1
1b,null_e12_n15000,null,,15000,all,2000,flag.rep_error,,0,,,,0,,flag rate: share of replicates with the flag = 1
1b,null_e12_n15000,null,,15000,all,2000,EDGE.poly3.u.G10,0.01,0.009,0.00211175282644537,,,0,0.009,""
1b,null_e12_n15000,null,,15000,all,2000,EDGE.poly3.u.G10,0.05,0.0505,0.00489641450451246,,,0,0.0505,""
1b,null_e12_n15000,null,,15000,all,2000,EDGE.poly3.u.G10,0.1,0.0885,0.00635089560613304,,,0,0.0885,""
1b,null_e12_n15000,null,,15000,all,2000,EDGE.poly3.sc.G10,0.01,0.008,0.0019919839356782,,,0,0.008,""
1b,null_e12_n15000,null,,15000,all,2000,EDGE.poly3.sc.G10,0.05,0.0545,0.00507591124823908,,,0,0.0545,""
1b,null_e12_n15000,null,,15000,all,2000,EDGE.poly3.sc.G10,0.1,0.101,0.00673791510780598,,,0,0.101,""
1b,null_e12_n15000,null,,15000,all,2000,EDGE.poly2.u.G10,0.01,0.0105,0.00227922684259378,,,0,0.0105,""
1b,null_e12_n15000,null,,15000,all,2000,EDGE.poly2.u.G10,0.05,0.048,0.00477995815881269,,,0,0.048,""
1b,null_e12_n15000,null,,15000,all,2000,EDGE.poly2.u.G10,0.1,0.0995,0.00669327087454258,,,0,0.0995,""
1b,null_e12_n15000,null,,15000,all,2000,EDGE.poly2.sc.G10,0.01,0.011,0.00233227356885937,,,0,0.011,""
1b,null_e12_n15000,null,,15000,all,2000,EDGE.poly2.sc.G10,0.05,0.0505,0.00489641450451246,,,0,0.0505,""
1b,null_e12_n15000,null,,15000,all,2000,EDGE.poly2.sc.G10,0.1,0.0985,0.00666324808182916,,,0,0.0985,""
1b,null_e12_n15000,null,,15000,all,2000,EDGE.stk.u.G10,0.01,0.0085,0.00205277251540447,,,0,0.0085,""
1b,null_e12_n15000,null,,15000,all,2000,EDGE.stk.u.G10,0.05,0.047,0.00473238840333293,,,0,0.047,""
1b,null_e12_n15000,null,,15000,all,2000,EDGE.stk.u.G10,0.1,0.097,0.00661781686056663,,,0,0.097,""
1b,null_e12_n15000,null,,15000,all,2000,EDGE.stk.sc.G10,0.01,0.0115,0.0023840878758972,,,0,0.0115,""
1b,null_e12_n15000,null,,15000,all,2000,EDGE.stk.sc.G10,0.05,0.051,0.00491929873051028,,,0,0.051,""
1b,null_e12_n15000,null,,15000,all,2000,EDGE.stk.sc.G10,0.1,0.0945,0.00654101482951996,,,0,0.0945,""
1b,null_e12_n15000,null,,15000,all,2000,EDGE.sym.u.G10,0.01,0.01,0.0022248595461287,,,0,0.01,""
1b,null_e12_n15000,null,,15000,all,2000,EDGE.sym.u.G10,0.05,0.05,0.00487339717240448,,,0,0.05,""
1b,null_e12_n15000,null,,15000,all,2000,EDGE.sym.u.G10,0.1,0.0945,0.00654101482951996,,,0,0.0945,""
1b,null_e12_n15000,null,,15000,all,2000,EDGE.sym.sc.G10,0.01,0.0115,0.0023840878758972,,,0,0.0115,""
1b,null_e12_n15000,null,,15000,all,2000,EDGE.sym.sc.G10,0.05,0.045,0.00463546114210873,,,0,0.045,""
1b,null_e12_n15000,null,,15000,all,2000,EDGE.sym.sc.G10,0.1,0.091,0.00643113520305708,,,0,0.091,""
1b,null_e12_n15000,null,,15000,all,2000,EDGE.poly3.u.Grule,0.01,0.0095,0.00216907238237916,,,0,0.0095,""
1b,null_e12_n15000,null,,15000,all,2000,EDGE.poly3.u.Grule,0.05,0.0495,0.0048502448391808,,,0,0.0495,""
1b,null_e12_n15000,null,,15000,all,2000,EDGE.poly3.u.Grule,0.1,0.099,0.00667828570817392,,,0,0.099,""
1b,null_e12_n15000,null,,15000,all,2000,EDGE.poly3.sc.Grule,0.01,0.0095,0.00216907238237916,,,0,0.0095,""
1b,null_e12_n15000,null,,15000,all,2000,EDGE.poly3.sc.Grule,0.05,0.047,0.00473238840333293,,,0,0.047,""
1b,null_e12_n15000,null,,15000,all,2000,EDGE.poly3.sc.Grule,0.1,0.0965,0.00660256578914591,,,0,0.0965,""
1b,null_e12_n15000,null,,15000,all,2000,EDGE.poly2.u.Grule,0.01,0.013,0.00253288373203351,,,0,0.013,""
1b,null_e12_n15000,null,,15000,all,2000,EDGE.poly2.u.Grule,0.05,0.0455,0.00465992220965114,,,0,0.0455,""
1b,null_e12_n15000,null,,15000,all,2000,EDGE.poly2.u.Grule,0.1,0.0895,0.00638317123379908,,,0,0.0895,""
1b,null_e12_n15000,null,,15000,all,2000,EDGE.poly2.sc.Grule,0.01,0.009,0.00211175282644537,,,0,0.009,""
1b,null_e12_n15000,null,,15000,all,2000,EDGE.poly2.sc.Grule,0.05,0.0495,0.0048502448391808,,,0,0.0495,""
1b,null_e12_n15000,null,,15000,all,2000,EDGE.poly2.sc.Grule,0.1,0.102,0.00676742196113114,,,0,0.102,""
1b,null_e12_n15000,null,,15000,all,2000,EDGE.stk.u.Grule,0.01,0.0075,0.00192921616207205,,,0,0.0075,""
1b,null_e12_n15000,null,,15000,all,2000,EDGE.stk.u.Grule,0.05,0.0445,0.00461084319837489,,,0,0.0445,""
1b,null_e12_n15000,null,,15000,all,2000,EDGE.stk.u.Grule,0.1,0.097,0.00661781686056663,,,0,0.097,""
1b,null_e12_n15000,null,,15000,all,2000,EDGE.stk.sc.Grule,0.01,0.0105,0.00227922684259378,,,0,0.0105,""
1b,null_e12_n15000,null,,15000,all,2000,EDGE.stk.sc.Grule,0.05,0.0455,0.00465992220965114,,,0,0.0455,""
1b,null_e12_n15000,null,,15000,all,2000,EDGE.stk.sc.Grule,0.1,0.0995,0.00669327087454258,,,0,0.0995,""
1b,null_e12_n15000,null,,15000,all,2000,EDGE.sym.u.Grule,0.01,0.008,0.0019919839356782,,,0,0.008,""
1b,null_e12_n15000,null,,15000,all,2000,EDGE.sym.u.Grule,0.05,0.044,0.00458606585212206,,,0,0.044,""
1b,null_e12_n15000,null,,15000,all,2000,EDGE.sym.u.Grule,0.1,0.0965,0.00660256578914591,,,0,0.0965,""
1b,null_e12_n15000,null,,15000,all,2000,EDGE.sym.sc.Grule,0.01,0.01,0.0022248595461287,,,0,0.01,""
1b,null_e12_n15000,null,,15000,all,2000,EDGE.sym.sc.Grule,0.05,0.049,0.00482695556225661,,,0,0.049,""
1b,null_e12_n15000,null,,15000,all,2000,EDGE.sym.sc.Grule,0.1,0.096,0.00658726043207645,,,0,0.096,""
1b,null_e12_n15000,null,,15000,all,2000,HL.G10,0.01,0.007,0.00186426929385215,,,0,0.007,""
1b,null_e12_n15000,null,,15000,all,2000,HL.G10,0.05,0.038,0.00427527776875375,,,0,0.038,""
1b,null_e12_n15000,null,,15000,all,2000,HL.G10,0.1,0.0885,0.00635089560613304,,,0,0.0885,""
1b,null_e12_n15000,null,,15000,all,2000,HL.Grule,0.01,0.0135,0.00258047960658479,,,0,0.0135,""
1b,null_e12_n15000,null,,15000,all,2000,HL.Grule,0.05,0.047,0.00473238840333293,,,0,0.047,""
1b,null_e12_n15000,null,,15000,all,2000,HL.Grule,0.1,0.097,0.00661781686056663,,,0,0.097,""
1b,null_e12_n15000,null,,15000,all,2000,HLF.G10,0.01,0.0065,0.00179690706493129,,,0,0.0065,""
1b,null_e12_n15000,null,,15000,all,2000,HLF.G10,0.05,0.0375,0.00424816136699161,,,0,0.0375,""
1b,null_e12_n15000,null,,15000,all,2000,HLF.G10,0.1,0.0875,0.00631837597805006,,,0,0.0875,""
1b,null_e12_n15000,null,,15000,all,2000,HLF.Grule,0.01,0.01,0.0022248595461287,,,0,0.01,""
1b,null_e12_n15000,null,,15000,all,2000,HLF.Grule,0.05,0.0465,0.00470838348055891,,,0,0.0465,""
1b,null_e12_n15000,null,,15000,all,2000,HLF.Grule,0.1,0.09,0.00639921870231046,,,0,0.09,""
1b,null_e12_n15000,null,,15000,all,2000,Stk.joint,0.01,0.01,0.0022248595461287,,,0,0.01,""
1b,null_e12_n15000,null,,15000,all,2000,Stk.joint,0.05,0.05,0.00487339717240448,,,0,0.05,""
1b,null_e12_n15000,null,,15000,all,2000,Stk.joint,0.1,0.0955,0.00657190041007926,,,0,0.0955,""
1b,null_e12_n15000,null,,15000,all,2000,Stk.LR,0.01,0.01,0.0022248595461287,,,0,0.01,""
1b,null_e12_n15000,null,,15000,all,2000,Stk.LR,0.05,0.0495,0.0048502448391808,,,0,0.0495,""
1b,null_e12_n15000,null,,15000,all,2000,Stk.LR,0.1,0.097,0.00661781686056663,,,0,0.097,""
1b,null_e12_n15000,null,,15000,all,2000,Stk.sym1,0.01,0.01,0.0022248595461287,,,0,0.01,""
1b,null_e12_n15000,null,,15000,all,2000,Stk.sym1,0.05,0.05,0.00487339717240448,,,0,0.05,""
1b,null_e12_n15000,null,,15000,all,2000,Stk.sym1,0.1,0.0955,0.00657190041007926,,,0,0.0955,""
1b,null_e12_n15000,null,,15000,all,2000,Stk.marg,0.01,0,0,,,1,,no p-value in any replicate
1b,null_e12_n15000,null,,15000,all,2000,Stk.marg,0.05,0,0,,,1,,no p-value in any replicate
1b,null_e12_n15000,null,,15000,all,2000,Stk.marg,0.1,0,0,,,1,,no p-value in any replicate
1b,null_e12_n15000,null,,15000,all,2000,GiViTI,0.01,0.0085,0.00205277251540447,,,0,0.0085,""
1b,null_e12_n15000,null,,15000,all,2000,GiViTI,0.05,0.046,0.00468422885862764,,,0,0.046,""
1b,null_e12_n15000,null,,15000,all,2000,GiViTI,0.1,0.0915,0.00644700511865781,,,0,0.0915,""
1b,null_e12_n15000,null,,15000,all,2000,GiViTI.t50,0.01,0.0075,0.00192921616207205,,,0,0.0075,""
1b,null_e12_n15000,null,,15000,all,2000,GiViTI.t50,0.05,0.047,0.00473238840333293,,,0,0.047,""
1b,null_e12_n15000,null,,15000,all,2000,GiViTI.t50,0.1,0.091,0.00643113520305708,,,0,0.091,""
1b,null_e12_n15000,null,,15000,all,2000,Cubic.LR,0.01,0.0095,0.00216907238237916,,,0,0.0095,""
1b,null_e12_n15000,null,,15000,all,2000,Cubic.LR,0.05,0.047,0.00473238840333293,,,0,0.047,""
1b,null_e12_n15000,null,,15000,all,2000,Cubic.LR,0.1,0.095,0.0065564853389602,,,0,0.095,""
1b,null_e12_n15000,null,,15000,all,2000,HL_w,0.01,0,0,,,1,,"not run (n >= 10,000)"
1b,null_e12_n15000,null,,15000,all,2000,HL_w,0.05,0,0,,,1,,"not run (n >= 10,000)"
1b,null_e12_n15000,null,,15000,all,2000,HL_w,0.1,0,0,,,1,,"not run (n >= 10,000)"
1b,null_e12_n15000,null,,15000,all,2000,PH,0.01,0,0,,,1,,"not run (n >= 10,000)"
1b,null_e12_n15000,null,,15000,all,2000,PH,0.05,0,0,,,1,,"not run (n >= 10,000)"
1b,null_e12_n15000,null,,15000,all,2000,PH,0.1,0,0,,,1,,"not run (n >= 10,000)"
1b,null_e12_n15000,null,,15000,all,2000,Tsiatis,0.01,0,0,,,1,,"not run (n >= 10,000)"
1b,null_e12_n15000,null,,15000,all,2000,Tsiatis,0.05,0,0,,,1,,"not run (n >= 10,000)"
1b,null_e12_n15000,null,,15000,all,2000,Tsiatis,0.1,0,0,,,1,,"not run (n >= 10,000)"
1b,null_e12_n15000,null,,15000,all,2000,Xie,0.01,0,0,,,1,,"not run (n >= 10,000)"
1b,null_e12_n15000,null,,15000,all,2000,Xie,0.05,0,0,,,1,,"not run (n >= 10,000)"
1b,null_e12_n15000,null,,15000,all,2000,Xie,0.1,0,0,,,1,,"not run (n >= 10,000)"
1b,null_e12_n15000,null,,15000,all,2000,PR,0.01,0,0,,,1,,"not run (n >= 10,000)"
1b,null_e12_n15000,null,,15000,all,2000,PR,0.05,0,0,,,1,,"not run (n >= 10,000)"
1b,null_e12_n15000,null,,15000,all,2000,PR,0.1,0,0,,,1,,"not run (n >= 10,000)"
1b,null_skew_n2400,null,,2400,all,2000,flag.evlt.G10,,0,,,,0,,flag rate: share of replicates with the flag = 1
1b,null_skew_n2400,null,,2400,all,2000,flag.evlt.Grule,,0,,,,0,,flag rate: share of replicates with the flag = 1
1b,null_skew_n2400,null,,2400,all,2000,flag.stk_half0,,0,,,,0,,flag rate: share of replicates with the flag = 1
1b,null_skew_n2400,null,,2400,all,2000,flag.stk_diag,,0.013,,,,0,,flag rate: share of replicates with the flag = 1
1b,null_skew_n2400,null,,2400,all,2000,flag.rivals_run,,1,,,,0,,flag rate: share of replicates with the flag = 1
1b,null_skew_n2400,null,,2400,all,2000,flag.degenerate,,0,,,,0,,flag rate: share of replicates with the flag = 1
1b,null_skew_n2400,null,,2400,all,2000,flag.info_guard,,0,,,,0,,flag rate: share of replicates with the flag = 1
1b,null_skew_n2400,null,,2400,all,2000,flag.rep_error,,0,,,,0,,flag rate: share of replicates with the flag = 1
1b,null_skew_n2400,null,,2400,all,2000,EDGE.poly3.u.G10,0.01,0.0085,0.00205277251540447,,,0,0.0085,""
1b,null_skew_n2400,null,,2400,all,2000,EDGE.poly3.u.G10,0.05,0.049,0.00482695556225661,,,0,0.049,""
1b,null_skew_n2400,null,,2400,all,2000,EDGE.poly3.u.G10,0.1,0.0885,0.00635089560613304,,,0,0.0885,""
1b,null_skew_n2400,null,,2400,all,2000,EDGE.poly3.sc.G10,0.01,0.006,0.0017268468374468,,,0,0.006,""
1b,null_skew_n2400,null,,2400,all,2000,EDGE.poly3.sc.G10,0.05,0.045,0.00463546114210873,,,0,0.045,""
1b,null_skew_n2400,null,,2400,all,2000,EDGE.poly3.sc.G10,0.1,0.0935,0.00650990591329859,,,0,0.0935,""
1b,null_skew_n2400,null,,2400,all,2000,EDGE.poly2.u.G10,0.01,0.01,0.0022248595461287,,,0,0.01,""
1b,null_skew_n2400,null,,2400,all,2000,EDGE.poly2.u.G10,0.05,0.043,0.00453602248671675,,,0,0.043,""
1b,null_skew_n2400,null,,2400,all,2000,EDGE.poly2.u.G10,0.1,0.0945,0.00654101482951996,,,0,0.0945,""
1b,null_skew_n2400,null,,2400,all,2000,EDGE.poly2.sc.G10,0.01,0.0095,0.00216907238237916,,,0,0.0095,""
1b,null_skew_n2400,null,,2400,all,2000,EDGE.poly2.sc.G10,0.05,0.0415,0.00445969449626317,,,0,0.0415,""
1b,null_skew_n2400,null,,2400,all,2000,EDGE.poly2.sc.G10,0.1,0.09,0.00639921870231046,,,0,0.09,""
1b,null_skew_n2400,null,,2400,all,2000,EDGE.stk.u.G10,0.01,0.0105,0.00227922684259378,,,0,0.0105,""
1b,null_skew_n2400,null,,2400,all,2000,EDGE.stk.u.G10,0.05,0.052,0.00496467521596328,,,0,0.052,""
1b,null_skew_n2400,null,,2400,all,2000,EDGE.stk.u.G10,0.1,0.0925,0.00647857044416436,,,0,0.0925,""
1b,null_skew_n2400,null,,2400,all,2000,EDGE.stk.sc.G10,0.01,0.005,0.00157718102955875,,,0,0.005,""
1b,null_skew_n2400,null,,2400,all,2000,EDGE.stk.sc.G10,0.05,0.0425,0.00451075104611194,,,0,0.0425,""
1b,null_skew_n2400,null,,2400,all,2000,EDGE.stk.sc.G10,0.1,0.0965,0.00660256578914591,,,0,0.0965,""
1b,null_skew_n2400,null,,2400,all,2000,EDGE.sym.u.G10,0.01,0.008,0.0019919839356782,,,0,0.008,""
1b,null_skew_n2400,null,,2400,all,2000,EDGE.sym.u.G10,0.05,0.049,0.00482695556225661,,,0,0.049,""
1b,null_skew_n2400,null,,2400,all,2000,EDGE.sym.u.G10,0.1,0.1065,0.00689774419647467,,,0,0.1065,""
1b,null_skew_n2400,null,,2400,all,2000,EDGE.sym.sc.G10,0.01,0.01,0.0022248595461287,,,0,0.01,""
1b,null_skew_n2400,null,,2400,all,2000,EDGE.sym.sc.G10,0.05,0.05,0.00487339717240448,,,0,0.05,""
1b,null_skew_n2400,null,,2400,all,2000,EDGE.sym.sc.G10,0.1,0.104,0.00682583328246449,,,0,0.104,""
1b,null_skew_n2400,null,,2400,all,2000,EDGE.poly3.u.Grule,0.01,0.009,0.00211175282644537,,,0,0.009,""
1b,null_skew_n2400,null,,2400,all,2000,EDGE.poly3.u.Grule,0.05,0.047,0.00473238840333293,,,0,0.047,""
1b,null_skew_n2400,null,,2400,all,2000,EDGE.poly3.u.Grule,0.1,0.095,0.0065564853389602,,,0,0.095,""
1b,null_skew_n2400,null,,2400,all,2000,EDGE.poly3.sc.Grule,0.01,0.009,0.00211175282644537,,,0,0.009,""
1b,null_skew_n2400,null,,2400,all,2000,EDGE.poly3.sc.Grule,0.05,0.051,0.00491929873051028,,,0,0.051,""
1b,null_skew_n2400,null,,2400,all,2000,EDGE.poly3.sc.Grule,0.1,0.0945,0.00654101482951996,,,0,0.0945,""
1b,null_skew_n2400,null,,2400,all,2000,EDGE.poly2.u.Grule,0.01,0.01,0.0022248595461287,,,0,0.01,""
1b,null_skew_n2400,null,,2400,all,2000,EDGE.poly2.u.Grule,0.05,0.0525,0.00498717104178311,,,0,0.0525,""
1b,null_skew_n2400,null,,2400,all,2000,EDGE.poly2.u.Grule,0.1,0.0915,0.00644700511865781,,,0,0.0915,""
1b,null_skew_n2400,null,,2400,all,2000,EDGE.poly2.sc.Grule,0.01,0.0085,0.00205277251540447,,,0,0.0085,""
1b,null_skew_n2400,null,,2400,all,2000,EDGE.poly2.sc.Grule,0.05,0.05,0.00487339717240448,,,0,0.05,""
1b,null_skew_n2400,null,,2400,all,2000,EDGE.poly2.sc.Grule,0.1,0.0945,0.00654101482951996,,,0,0.0945,""
1b,null_skew_n2400,null,,2400,all,2000,EDGE.stk.u.Grule,0.01,0.0155,0.00276222283677476,,,0,0.0155,""
1b,null_skew_n2400,null,,2400,all,2000,EDGE.stk.u.Grule,0.05,0.043,0.00453602248671675,,,0,0.043,""
1b,null_skew_n2400,null,,2400,all,2000,EDGE.stk.u.Grule,0.1,0.0825,0.0061519813881383,,,0,0.0825,""
1b,null_skew_n2400,null,,2400,all,2000,EDGE.stk.sc.Grule,0.01,0.0175,0.00293204280323463,,,0,0.0175,""
1b,null_skew_n2400,null,,2400,all,2000,EDGE.stk.sc.Grule,0.05,0.05,0.00487339717240448,,,0,0.05,""
1b,null_skew_n2400,null,,2400,all,2000,EDGE.stk.sc.Grule,0.1,0.097,0.00661781686056663,,,0,0.097,""
1b,null_skew_n2400,null,,2400,all,2000,EDGE.sym.u.Grule,0.01,0.0125,0.00248432586429397,,,0,0.0125,""
1b,null_skew_n2400,null,,2400,all,2000,EDGE.sym.u.Grule,0.05,0.0405,0.00440793318914886,,,0,0.0405,""
1b,null_skew_n2400,null,,2400,all,2000,EDGE.sym.u.Grule,0.1,0.082,0.00613498166256428,,,0,0.082,""
1b,null_skew_n2400,null,,2400,all,2000,EDGE.sym.sc.Grule,0.01,0.012,0.00243474844696531,,,0,0.012,""
1b,null_skew_n2400,null,,2400,all,2000,EDGE.sym.sc.Grule,0.05,0.0495,0.0048502448391808,,,0,0.0495,""
1b,null_skew_n2400,null,,2400,all,2000,EDGE.sym.sc.Grule,0.1,0.091,0.00643113520305708,,,0,0.091,""
1b,null_skew_n2400,null,,2400,all,2000,HL.G10,0.01,0.007,0.00186426929385215,,,0,0.007,""
1b,null_skew_n2400,null,,2400,all,2000,HL.G10,0.05,0.044,0.00458606585212206,,,0,0.044,""
1b,null_skew_n2400,null,,2400,all,2000,HL.G10,0.1,0.097,0.00661781686056663,,,0,0.097,""
1b,null_skew_n2400,null,,2400,all,2000,HL.Grule,0.01,0.01,0.0022248595461287,,,0,0.01,""
1b,null_skew_n2400,null,,2400,all,2000,HL.Grule,0.05,0.0445,0.00461084319837489,,,0,0.0445,""
1b,null_skew_n2400,null,,2400,all,2000,HL.Grule,0.1,0.098,0.00664815763952691,,,0,0.098,""
1b,null_skew_n2400,null,,2400,all,2000,HLF.G10,0.01,0.007,0.00186426929385215,,,0,0.007,""
1b,null_skew_n2400,null,,2400,all,2000,HLF.G10,0.05,0.0445,0.00461084319837489,,,0,0.0445,""
1b,null_skew_n2400,null,,2400,all,2000,HLF.G10,0.1,0.096,0.00658726043207645,,,0,0.096,""
1b,null_skew_n2400,null,,2400,all,2000,HLF.Grule,0.01,0.0095,0.00216907238237916,,,0,0.0095,""
1b,null_skew_n2400,null,,2400,all,2000,HLF.Grule,0.05,0.0435,0.00456112650559048,,,0,0.0435,""
1b,null_skew_n2400,null,,2400,all,2000,HLF.Grule,0.1,0.0955,0.00657190041007926,,,0,0.0955,""
1b,null_skew_n2400,null,,2400,all,2000,Stk.joint,0.01,0.009,0.00211175282644537,,,0,0.009,""
1b,null_skew_n2400,null,,2400,all,2000,Stk.joint,0.05,0.0515,0.00494205169944629,,,0,0.0515,""
1b,null_skew_n2400,null,,2400,all,2000,Stk.joint,0.1,0.096,0.00658726043207645,,,0,0.096,""
1b,null_skew_n2400,null,,2400,all,2000,Stk.LR,0.01,0.0095,0.00216907238237916,,,0,0.0095,""
1b,null_skew_n2400,null,,2400,all,2000,Stk.LR,0.05,0.049,0.00482695556225661,,,0,0.049,""
1b,null_skew_n2400,null,,2400,all,2000,Stk.LR,0.1,0.094,0.00652548848746207,,,0,0.094,""
1b,null_skew_n2400,null,,2400,all,2000,Stk.sym1,0.01,0.0125,0.00248432586429397,,,0,0.0125,""
1b,null_skew_n2400,null,,2400,all,2000,Stk.sym1,0.05,0.054,0.00505390937789747,,,0,0.054,""
1b,null_skew_n2400,null,,2400,all,2000,Stk.sym1,0.1,0.0955,0.00657190041007926,,,0,0.0955,""
1b,null_skew_n2400,null,,2400,all,2000,Stk.marg,0.01,0.022,0.00327993902382346,,,0,0.022,""
1b,null_skew_n2400,null,,2400,all,2000,Stk.marg,0.05,0.062,0.00539240206216117,,,0,0.062,""
1b,null_skew_n2400,null,,2400,all,2000,Stk.marg,0.1,0.097,0.00661781686056663,,,0,0.097,""
1b,null_skew_n2400,null,,2400,all,2000,GiViTI,0.01,0.01,0.0022248595461287,,,0,0.01,""
1b,null_skew_n2400,null,,2400,all,2000,GiViTI,0.05,0.0495,0.0048502448391808,,,0,0.0495,""
1b,null_skew_n2400,null,,2400,all,2000,GiViTI,0.1,0.0915,0.00644700511865781,,,0,0.0915,""
1b,null_skew_n2400,null,,2400,all,2000,GiViTI.t50,0.01,0.009,0.00211175282644537,,,0,0.009,""
1b,null_skew_n2400,null,,2400,all,2000,GiViTI.t50,0.05,0.0465,0.00470838348055891,,,0,0.0465,""
1b,null_skew_n2400,null,,2400,all,2000,GiViTI.t50,0.1,0.092,0.00646281672337998,,,0,0.092,""
1b,null_skew_n2400,null,,2400,all,2000,Cubic.LR,0.01,0.008,0.0019919839356782,,,0,0.008,""
1b,null_skew_n2400,null,,2400,all,2000,Cubic.LR,0.05,0.043,0.00453602248671675,,,0,0.043,""
1b,null_skew_n2400,null,,2400,all,2000,Cubic.LR,0.1,0.088,0.00633466652634533,,,0,0.088,""
1b,null_skew_n2400,null,,2400,all,2000,HL_w,0.01,0.012,0.00243474844696531,,,0,0.012,""
1b,null_skew_n2400,null,,2400,all,2000,HL_w,0.05,0.0495,0.0048502448391808,,,0,0.0495,""
1b,null_skew_n2400,null,,2400,all,2000,HL_w,0.1,0.101,0.00673791510780598,,,0,0.101,""
1b,null_skew_n2400,null,,2400,all,2000,PH,0.01,0.0045,0.00149662119455793,,,0,0.0045,""
1b,null_skew_n2400,null,,2400,all,2000,PH,0.05,0.025,0.00349106001094224,,,0,0.025,""
1b,null_skew_n2400,null,,2400,all,2000,PH,0.1,0.0645,0.00549271107923947,,,0,0.0645,""
1b,null_skew_n2400,null,,2400,all,2000,Tsiatis,0.01,0.0115,0.0023840878758972,,,0,0.0115,""
1b,null_skew_n2400,null,,2400,all,2000,Tsiatis,0.05,0.052,0.00496467521596328,,,0,0.052,""
1b,null_skew_n2400,null,,2400,all,2000,Tsiatis,0.1,0.0985,0.00666324808182916,,,0,0.0985,""
1b,null_skew_n2400,null,,2400,all,2000,Xie,0.01,0.0075,0.00192921616207205,,,0,0.0075,""
1b,null_skew_n2400,null,,2400,all,2000,Xie,0.05,0.0285,0.0037207358143249,,,0,0.0285,""
1b,null_skew_n2400,null,,2400,all,2000,Xie,0.1,0.0655,0.00553216729681958,,,0,0.0655,""
1b,null_skew_n2400,null,,2400,all,2000,PR,0.01,0.0085,0.00205277251540447,,,0,0.0085,""
1b,null_skew_n2400,null,,2400,all,2000,PR,0.05,0.051,0.00491929873051028,,,0,0.051,""
1b,null_skew_n2400,null,,2400,all,2000,PR,0.1,0.1185,0.0072269547528679,,,0,0.1185,""
1b,null_skew_n4000,null,,4000,all,2000,flag.evlt.G10,,0,,,,0,,flag rate: share of replicates with the flag = 1
1b,null_skew_n4000,null,,4000,all,2000,flag.evlt.Grule,,0,,,,0,,flag rate: share of replicates with the flag = 1
1b,null_skew_n4000,null,,4000,all,2000,flag.stk_half0,,0,,,,0,,flag rate: share of replicates with the flag = 1
1b,null_skew_n4000,null,,4000,all,2000,flag.stk_diag,,0.003,,,,0,,flag rate: share of replicates with the flag = 1
1b,null_skew_n4000,null,,4000,all,2000,flag.rivals_run,,1,,,,0,,flag rate: share of replicates with the flag = 1
1b,null_skew_n4000,null,,4000,all,2000,flag.degenerate,,0,,,,0,,flag rate: share of replicates with the flag = 1
1b,null_skew_n4000,null,,4000,all,2000,flag.info_guard,,0,,,,0,,flag rate: share of replicates with the flag = 1
1b,null_skew_n4000,null,,4000,all,2000,flag.rep_error,,0,,,,0,,flag rate: share of replicates with the flag = 1
1b,null_skew_n4000,null,,4000,all,2000,EDGE.poly3.u.G10,0.01,0.0045,0.00149662119455793,,,0,0.0045,""
1b,null_skew_n4000,null,,4000,all,2000,EDGE.poly3.u.G10,0.05,0.0495,0.0048502448391808,,,0,0.0495,""
1b,null_skew_n4000,null,,4000,all,2000,EDGE.poly3.u.G10,0.1,0.099,0.00667828570817392,,,0,0.099,""
1b,null_skew_n4000,null,,4000,all,2000,EDGE.poly3.sc.G10,0.01,0.0085,0.00205277251540447,,,0,0.0085,""
1b,null_skew_n4000,null,,4000,all,2000,EDGE.poly3.sc.G10,0.05,0.049,0.00482695556225661,,,0,0.049,""
1b,null_skew_n4000,null,,4000,all,2000,EDGE.poly3.sc.G10,0.1,0.106,0.00688345843308435,,,0,0.106,""
1b,null_skew_n4000,null,,4000,all,2000,EDGE.poly2.u.G10,0.01,0.0075,0.00192921616207205,,,0,0.0075,""
1b,null_skew_n4000,null,,4000,all,2000,EDGE.poly2.u.G10,0.05,0.0515,0.00494205169944629,,,0,0.0515,""
1b,null_skew_n4000,null,,4000,all,2000,EDGE.poly2.u.G10,0.1,0.103,0.00679672715356443,,,0,0.103,""
1b,null_skew_n4000,null,,4000,all,2000,EDGE.poly2.sc.G10,0.01,0.009,0.00211175282644537,,,0,0.009,""
1b,null_skew_n4000,null,,4000,all,2000,EDGE.poly2.sc.G10,0.05,0.055,0.00509779364038993,,,0,0.055,""
1b,null_skew_n4000,null,,4000,all,2000,EDGE.poly2.sc.G10,0.1,0.1055,0.00686912476229687,,,0,0.1055,""
1b,null_skew_n4000,null,,4000,all,2000,EDGE.stk.u.G10,0.01,0.006,0.0017268468374468,,,0,0.006,""
1b,null_skew_n4000,null,,4000,all,2000,EDGE.stk.u.G10,0.05,0.042,0.00448530935387962,,,0,0.042,""
1b,null_skew_n4000,null,,4000,all,2000,EDGE.stk.u.G10,0.1,0.0985,0.00666324808182916,,,0,0.0985,""
1b,null_skew_n4000,null,,4000,all,2000,EDGE.stk.sc.G10,0.01,0.0075,0.00192921616207205,,,0,0.0075,""
1b,null_skew_n4000,null,,4000,all,2000,EDGE.stk.sc.G10,0.05,0.051,0.00491929873051028,,,0,0.051,""
1b,null_skew_n4000,null,,4000,all,2000,EDGE.stk.sc.G10,0.1,0.104,0.00682583328246449,,,0,0.104,""
1b,null_skew_n4000,null,,4000,all,2000,EDGE.sym.u.G10,0.01,0.0075,0.00192921616207205,,,0,0.0075,""
1b,null_skew_n4000,null,,4000,all,2000,EDGE.sym.u.G10,0.05,0.054,0.00505390937789747,,,0,0.054,""
1b,null_skew_n4000,null,,4000,all,2000,EDGE.sym.u.G10,0.1,0.107,0.0069119823495145,,,0,0.107,""
1b,null_skew_n4000,null,,4000,all,2000,EDGE.sym.sc.G10,0.01,0.0095,0.00216907238237916,,,0,0.0095,""
1b,null_skew_n4000,null,,4000,all,2000,EDGE.sym.sc.G10,0.05,0.0555,0.00511955808639769,,,0,0.0555,""
1b,null_skew_n4000,null,,4000,all,2000,EDGE.sym.sc.G10,0.1,0.1075,0.00692617318582202,,,0,0.1075,""
1b,null_skew_n4000,null,,4000,all,2000,EDGE.poly3.u.Grule,0.01,0.009,0.00211175282644537,,,0,0.009,""
1b,null_skew_n4000,null,,4000,all,2000,EDGE.poly3.u.Grule,0.05,0.0525,0.00498717104178311,,,0,0.0525,""
1b,null_skew_n4000,null,,4000,all,2000,EDGE.poly3.u.Grule,0.1,0.1005,0.00672308522926788,,,0,0.1005,""
1b,null_skew_n4000,null,,4000,all,2000,EDGE.poly3.sc.Grule,0.01,0.0125,0.00248432586429397,,,0,0.0125,""
1b,null_skew_n4000,null,,4000,all,2000,EDGE.poly3.sc.Grule,0.05,0.048,0.00477995815881269,,,0,0.048,""
1b,null_skew_n4000,null,,4000,all,2000,EDGE.poly3.sc.Grule,0.1,0.0995,0.00669327087454258,,,0,0.0995,""
1b,null_skew_n4000,null,,4000,all,2000,EDGE.poly2.u.Grule,0.01,0.01,0.0022248595461287,,,0,0.01,""
1b,null_skew_n4000,null,,4000,all,2000,EDGE.poly2.u.Grule,0.05,0.053,0.0050095408971282,,,0,0.053,""
1b,null_skew_n4000,null,,4000,all,2000,EDGE.poly2.u.Grule,0.1,0.1095,0.00698246911915835,,,0,0.1095,""
1b,null_skew_n4000,null,,4000,all,2000,EDGE.poly2.sc.Grule,0.01,0.0095,0.00216907238237916,,,0,0.0095,""
1b,null_skew_n4000,null,,4000,all,2000,EDGE.poly2.sc.Grule,0.05,0.052,0.00496467521596328,,,0,0.052,""
1b,null_skew_n4000,null,,4000,all,2000,EDGE.poly2.sc.Grule,0.1,0.101,0.00673791510780598,,,0,0.101,""
1b,null_skew_n4000,null,,4000,all,2000,EDGE.stk.u.Grule,0.01,0.016,0.00280570846668003,,,0,0.016,""
1b,null_skew_n4000,null,,4000,all,2000,EDGE.stk.u.Grule,0.05,0.0465,0.00470838348055891,,,0,0.0465,""
1b,null_skew_n4000,null,,4000,all,2000,EDGE.stk.u.Grule,0.1,0.08,0.00606630035524124,,,0,0.08,""
1b,null_skew_n4000,null,,4000,all,2000,EDGE.stk.sc.Grule,0.01,0.019,0.00305278561317365,,,0,0.019,""
1b,null_skew_n4000,null,,4000,all,2000,EDGE.stk.sc.Grule,0.05,0.056,0.00514120608417908,,,0,0.056,""
1b,null_skew_n4000,null,,4000,all,2000,EDGE.stk.sc.Grule,0.1,0.1015,0.00675269390687894,,,0,0.1015,""
1b,null_skew_n4000,null,,4000,all,2000,EDGE.sym.u.Grule,0.01,0.0165,0.00284848644019943,,,0,0.0165,""
1b,null_skew_n4000,null,,4000,all,2000,EDGE.sym.u.Grule,0.05,0.041,0.00443390347211123,,,0,0.041,""
1b,null_skew_n4000,null,,4000,all,2000,EDGE.sym.u.Grule,0.1,0.08,0.00606630035524124,,,0,0.08,""
1b,null_skew_n4000,null,,4000,all,2000,EDGE.sym.sc.Grule,0.01,0.01,0.0022248595461287,,,0,0.01,""
1b,null_skew_n4000,null,,4000,all,2000,EDGE.sym.sc.Grule,0.05,0.049,0.00482695556225661,,,0,0.049,""
1b,null_skew_n4000,null,,4000,all,2000,EDGE.sym.sc.Grule,0.1,0.097,0.00661781686056663,,,0,0.097,""
1b,null_skew_n4000,null,,4000,all,2000,HL.G10,0.01,0.0105,0.00227922684259378,,,0,0.0105,""
1b,null_skew_n4000,null,,4000,all,2000,HL.G10,0.05,0.0495,0.0048502448391808,,,0,0.0495,""
1b,null_skew_n4000,null,,4000,all,2000,HL.G10,0.1,0.099,0.00667828570817392,,,0,0.099,""
1b,null_skew_n4000,null,,4000,all,2000,HL.Grule,0.01,0.009,0.00211175282644537,,,0,0.009,""
1b,null_skew_n4000,null,,4000,all,2000,HL.Grule,0.05,0.0475,0.00475624589355933,,,0,0.0475,""
1b,null_skew_n4000,null,,4000,all,2000,HL.Grule,0.1,0.0985,0.00666324808182916,,,0,0.0985,""
1b,null_skew_n4000,null,,4000,all,2000,HLF.G10,0.01,0.0105,0.00227922684259378,,,0,0.0105,""
1b,null_skew_n4000,null,,4000,all,2000,HLF.G10,0.05,0.0495,0.0048502448391808,,,0,0.0495,""
1b,null_skew_n4000,null,,4000,all,2000,HLF.G10,0.1,0.0995,0.00669327087454258,,,0,0.0995,""
1b,null_skew_n4000,null,,4000,all,2000,HLF.Grule,0.01,0.0085,0.00205277251540447,,,0,0.0085,""
1b,null_skew_n4000,null,,4000,all,2000,HLF.Grule,0.05,0.047,0.00473238840333293,,,0,0.047,""
1b,null_skew_n4000,null,,4000,all,2000,HLF.Grule,0.1,0.096,0.00658726043207645,,,0,0.096,""
1b,null_skew_n4000,null,,4000,all,2000,Stk.joint,0.01,0.011,0.00233227356885937,,,0,0.011,""
1b,null_skew_n4000,null,,4000,all,2000,Stk.joint,0.05,0.0475,0.00475624589355933,,,0,0.0475,""
1b,null_skew_n4000,null,,4000,all,2000,Stk.joint,0.1,0.0975,0.00663301402079025,,,0,0.0975,""
1b,null_skew_n4000,null,,4000,all,2000,Stk.LR,0.01,0.007,0.00186426929385215,,,0,0.007,""
1b,null_skew_n4000,null,,4000,all,2000,Stk.LR,0.05,0.045,0.00463546114210873,,,0,0.045,""
1b,null_skew_n4000,null,,4000,all,2000,Stk.LR,0.1,0.101,0.00673791510780598,,,0,0.101,""
1b,null_skew_n4000,null,,4000,all,2000,Stk.sym1,0.01,0.0095,0.00216907238237916,,,0,0.0095,""
1b,null_skew_n4000,null,,4000,all,2000,Stk.sym1,0.05,0.0445,0.00461084319837489,,,0,0.0445,""
1b,null_skew_n4000,null,,4000,all,2000,Stk.sym1,0.1,0.0955,0.00657190041007926,,,0,0.0955,""
1b,null_skew_n4000,null,,4000,all,2000,Stk.marg,0.01,0.0185,0.00301311715670002,,,0,0.0185,""
1b,null_skew_n4000,null,,4000,all,2000,Stk.marg,0.05,0.0735,0.00583514138646186,,,0,0.0735,""
1b,null_skew_n4000,null,,4000,all,2000,Stk.marg,0.1,0.118,0.00721373689567342,,,0,0.118,""
1b,null_skew_n4000,null,,4000,all,2000,GiViTI,0.01,0.0065,0.00179690706493129,,,0,0.0065,""
1b,null_skew_n4000,null,,4000,all,2000,GiViTI,0.05,0.048,0.00477995815881269,,,0,0.048,""
1b,null_skew_n4000,null,,4000,all,2000,GiViTI,0.1,0.1,0.00670820393249937,,,0,0.1,""
1b,null_skew_n4000,null,,4000,all,2000,GiViTI.t50,0.01,0.0055,0.00165374574829385,,,0,0.0055,""
1b,null_skew_n4000,null,,4000,all,2000,GiViTI.t50,0.05,0.047,0.00473238840333293,,,0,0.047,""
1b,null_skew_n4000,null,,4000,all,2000,GiViTI.t50,0.1,0.099,0.00667828570817392,,,0,0.099,""
1b,null_skew_n4000,null,,4000,all,2000,Cubic.LR,0.01,0.006,0.0017268468374468,,,0,0.006,""
1b,null_skew_n4000,null,,4000,all,2000,Cubic.LR,0.05,0.0385,0.00430219420761081,,,0,0.0385,""
1b,null_skew_n4000,null,,4000,all,2000,Cubic.LR,0.1,0.0825,0.0061519813881383,,,0,0.0825,""
1b,null_skew_n4000,null,,4000,all,2000,HL_w,0.01,0.01,0.0022248595461287,,,0,0.01,""
1b,null_skew_n4000,null,,4000,all,2000,HL_w,0.05,0.046,0.00468422885862764,,,0,0.046,""
1b,null_skew_n4000,null,,4000,all,2000,HL_w,0.1,0.094,0.00652548848746207,,,0,0.094,""
1b,null_skew_n4000,null,,4000,all,2000,PH,0.01,0.008,0.0019919839356782,,,0,0.008,""
1b,null_skew_n4000,null,,4000,all,2000,PH,0.05,0.03,0.00381444622455213,,,0,0.03,""
1b,null_skew_n4000,null,,4000,all,2000,PH,0.1,0.0665,0.00557125434709276,,,0,0.0665,""
1b,null_skew_n4000,null,,4000,all,2000,Tsiatis,0.01,0.013,0.00253288373203351,,,0,0.013,""
1b,null_skew_n4000,null,,4000,all,2000,Tsiatis,0.05,0.05,0.00487339717240448,,,0,0.05,""
1b,null_skew_n4000,null,,4000,all,2000,Tsiatis,0.1,0.0955,0.00657190041007926,,,0,0.0955,""
1b,null_skew_n4000,null,,4000,all,2000,Xie,0.01,0.0095,0.00216907238237916,,,0,0.0095,""
1b,null_skew_n4000,null,,4000,all,2000,Xie,0.05,0.0375,0.00424816136699161,,,0,0.0375,""
1b,null_skew_n4000,null,,4000,all,2000,Xie,0.1,0.0675,0.00560997994648822,,,0,0.0675,""
1b,null_skew_n4000,null,,4000,all,2000,PR,0.01,0.014,0.00262716577322407,,,0,0.014,""
1b,null_skew_n4000,null,,4000,all,2000,PR,0.05,0.0635,0.005452877680638,,,0,0.0635,""
1b,null_skew_n4000,null,,4000,all,2000,PR,0.1,0.134,0.00761721733968514,,,0,0.134,""
1b,null_skew_n9400,null,,9400,all,2000,flag.evlt.G10,,0,,,,0,,flag rate: share of replicates with the flag = 1
1b,null_skew_n9400,null,,9400,all,2000,flag.evlt.Grule,,0,,,,0,,flag rate: share of replicates with the flag = 1
1b,null_skew_n9400,null,,9400,all,2000,flag.stk_half0,,0,,,,0,,flag rate: share of replicates with the flag = 1
1b,null_skew_n9400,null,,9400,all,2000,flag.stk_diag,,0.0015,,,,0,,flag rate: share of replicates with the flag = 1
1b,null_skew_n9400,null,,9400,all,2000,flag.rivals_run,,1,,,,0,,flag rate: share of replicates with the flag = 1
1b,null_skew_n9400,null,,9400,all,2000,flag.degenerate,,0,,,,0,,flag rate: share of replicates with the flag = 1
1b,null_skew_n9400,null,,9400,all,2000,flag.info_guard,,0,,,,0,,flag rate: share of replicates with the flag = 1
1b,null_skew_n9400,null,,9400,all,2000,flag.rep_error,,0,,,,0,,flag rate: share of replicates with the flag = 1
1b,null_skew_n9400,null,,9400,all,2000,EDGE.poly3.u.G10,0.01,0.014,0.00262716577322407,,,0,0.014,""
1b,null_skew_n9400,null,,9400,all,2000,EDGE.poly3.u.G10,0.05,0.056,0.00514120608417908,,,0,0.056,""
1b,null_skew_n9400,null,,9400,all,2000,EDGE.poly3.u.G10,0.1,0.106,0.00688345843308435,,,0,0.106,""
1b,null_skew_n9400,null,,9400,all,2000,EDGE.poly3.sc.G10,0.01,0.0105,0.00227922684259378,,,0,0.0105,""
1b,null_skew_n9400,null,,9400,all,2000,EDGE.poly3.sc.G10,0.05,0.0585,0.0052477495176504,,,0,0.0585,""
1b,null_skew_n9400,null,,9400,all,2000,EDGE.poly3.sc.G10,0.1,0.116,0.00716044691342656,,,0,0.116,""
1b,null_skew_n9400,null,,9400,all,2000,EDGE.poly2.u.G10,0.01,0.0145,0.00267298989897081,,,0,0.0145,""
1b,null_skew_n9400,null,,9400,all,2000,EDGE.poly2.u.G10,0.05,0.055,0.00509779364038993,,,0,0.055,""
1b,null_skew_n9400,null,,9400,all,2000,EDGE.poly2.u.G10,0.1,0.1075,0.00692617318582202,,,0,0.1075,""
1b,null_skew_n9400,null,,9400,all,2000,EDGE.poly2.sc.G10,0.01,0.0115,0.0023840878758972,,,0,0.0115,""
1b,null_skew_n9400,null,,9400,all,2000,EDGE.poly2.sc.G10,0.05,0.0555,0.00511955808639769,,,0,0.0555,""
1b,null_skew_n9400,null,,9400,all,2000,EDGE.poly2.sc.G10,0.1,0.1045,0.00684031249286171,,,0,0.1045,""
1b,null_skew_n9400,null,,9400,all,2000,EDGE.stk.u.G10,0.01,0.011,0.00233227356885937,,,0,0.011,""
1b,null_skew_n9400,null,,9400,all,2000,EDGE.stk.u.G10,0.05,0.052,0.00496467521596328,,,0,0.052,""
1b,null_skew_n9400,null,,9400,all,2000,EDGE.stk.u.G10,0.1,0.0995,0.00669327087454258,,,0,0.0995,""
1b,null_skew_n9400,null,,9400,all,2000,EDGE.stk.sc.G10,0.01,0.0115,0.0023840878758972,,,0,0.0115,""
1b,null_skew_n9400,null,,9400,all,2000,EDGE.stk.sc.G10,0.05,0.0595,0.00528960064655169,,,0,0.0595,""
1b,null_skew_n9400,null,,9400,all,2000,EDGE.stk.sc.G10,0.1,0.111,0.00702420814042409,,,0,0.111,""
1b,null_skew_n9400,null,,9400,all,2000,EDGE.sym.u.G10,0.01,0.0095,0.00216907238237916,,,0,0.0095,""
1b,null_skew_n9400,null,,9400,all,2000,EDGE.sym.u.G10,0.05,0.052,0.00496467521596328,,,0,0.052,""
1b,null_skew_n9400,null,,9400,all,2000,EDGE.sym.u.G10,0.1,0.1025,0.00678209960115597,,,0,0.1025,""
1b,null_skew_n9400,null,,9400,all,2000,EDGE.sym.sc.G10,0.01,0.0075,0.00192921616207205,,,0,0.0075,""
1b,null_skew_n9400,null,,9400,all,2000,EDGE.sym.sc.G10,0.05,0.051,0.00491929873051028,,,0,0.051,""
1b,null_skew_n9400,null,,9400,all,2000,EDGE.sym.sc.G10,0.1,0.1005,0.00672308522926788,,,0,0.1005,""
1b,null_skew_n9400,null,,9400,all,2000,EDGE.poly3.u.Grule,0.01,0.0145,0.00267298989897081,,,0,0.0145,""
1b,null_skew_n9400,null,,9400,all,2000,EDGE.poly3.u.Grule,0.05,0.0595,0.00528960064655169,,,0,0.0595,""
1b,null_skew_n9400,null,,9400,all,2000,EDGE.poly3.u.Grule,0.1,0.1105,0.00701034057660539,,,0,0.1105,""
1b,null_skew_n9400,null,,9400,all,2000,EDGE.poly3.sc.Grule,0.01,0.016,0.00280570846668003,,,0,0.016,""
1b,null_skew_n9400,null,,9400,all,2000,EDGE.poly3.sc.Grule,0.05,0.056,0.00514120608417908,,,0,0.056,""
1b,null_skew_n9400,null,,9400,all,2000,EDGE.poly3.sc.Grule,0.1,0.105,0.00685474288358068,,,0,0.105,""
1b,null_skew_n9400,null,,9400,all,2000,EDGE.poly2.u.Grule,0.01,0.0135,0.00258047960658479,,,0,0.0135,""
1b,null_skew_n9400,null,,9400,all,2000,EDGE.poly2.u.Grule,0.05,0.0525,0.00498717104178311,,,0,0.0525,""
1b,null_skew_n9400,null,,9400,all,2000,EDGE.poly2.u.Grule,0.1,0.102,0.00676742196113114,,,0,0.102,""
1b,null_skew_n9400,null,,9400,all,2000,EDGE.poly2.sc.Grule,0.01,0.0125,0.00248432586429397,,,0,0.0125,""
1b,null_skew_n9400,null,,9400,all,2000,EDGE.poly2.sc.Grule,0.05,0.055,0.00509779364038993,,,0,0.055,""
1b,null_skew_n9400,null,,9400,all,2000,EDGE.poly2.sc.Grule,0.1,0.11,0.00699642765988472,,,0,0.11,""
1b,null_skew_n9400,null,,9400,all,2000,EDGE.stk.u.Grule,0.01,0.015,0.00271799558498538,,,0,0.015,""
1b,null_skew_n9400,null,,9400,all,2000,EDGE.stk.u.Grule,0.05,0.0515,0.00494205169944629,,,0,0.0515,""
1b,null_skew_n9400,null,,9400,all,2000,EDGE.stk.u.Grule,0.1,0.097,0.00661781686056663,,,0,0.097,""
1b,null_skew_n9400,null,,9400,all,2000,EDGE.stk.sc.Grule,0.01,0.02,0.00313049516849971,,,0,0.02,""
1b,null_skew_n9400,null,,9400,all,2000,EDGE.stk.sc.Grule,0.05,0.0645,0.00549271107923947,,,0,0.0645,""
1b,null_skew_n9400,null,,9400,all,2000,EDGE.stk.sc.Grule,0.1,0.1085,0.00695441406590088,,,0,0.1085,""
1b,null_skew_n9400,null,,9400,all,2000,EDGE.sym.u.Grule,0.01,0.014,0.00262716577322407,,,0,0.014,""
1b,null_skew_n9400,null,,9400,all,2000,EDGE.sym.u.Grule,0.05,0.045,0.00463546114210873,,,0,0.045,""
1b,null_skew_n9400,null,,9400,all,2000,EDGE.sym.u.Grule,0.1,0.09,0.00639921870231046,,,0,0.09,""
1b,null_skew_n9400,null,,9400,all,2000,EDGE.sym.sc.Grule,0.01,0.014,0.00262716577322407,,,0,0.014,""
1b,null_skew_n9400,null,,9400,all,2000,EDGE.sym.sc.Grule,0.05,0.0525,0.00498717104178311,,,0,0.0525,""
1b,null_skew_n9400,null,,9400,all,2000,EDGE.sym.sc.Grule,0.1,0.0975,0.00663301402079025,,,0,0.0975,""
1b,null_skew_n9400,null,,9400,all,2000,HL.G10,0.01,0.011,0.00233227356885937,,,0,0.011,""
1b,null_skew_n9400,null,,9400,all,2000,HL.G10,0.05,0.0495,0.0048502448391808,,,0,0.0495,""
1b,null_skew_n9400,null,,9400,all,2000,HL.G10,0.1,0.097,0.00661781686056663,,,0,0.097,""
1b,null_skew_n9400,null,,9400,all,2000,HL.Grule,0.01,0.0075,0.00192921616207205,,,0,0.0075,""
1b,null_skew_n9400,null,,9400,all,2000,HL.Grule,0.05,0.0445,0.00461084319837489,,,0,0.0445,""
1b,null_skew_n9400,null,,9400,all,2000,HL.Grule,0.1,0.091,0.00643113520305708,,,0,0.091,""
1b,null_skew_n9400,null,,9400,all,2000,HLF.G10,0.01,0.011,0.00233227356885937,,,0,0.011,""
1b,null_skew_n9400,null,,9400,all,2000,HLF.G10,0.05,0.0495,0.0048502448391808,,,0,0.0495,""
1b,null_skew_n9400,null,,9400,all,2000,HLF.G10,0.1,0.0985,0.00666324808182916,,,0,0.0985,""
1b,null_skew_n9400,null,,9400,all,2000,HLF.Grule,0.01,0.0065,0.00179690706493129,,,0,0.0065,""
1b,null_skew_n9400,null,,9400,all,2000,HLF.Grule,0.05,0.043,0.00453602248671675,,,0,0.043,""
1b,null_skew_n9400,null,,9400,all,2000,HLF.Grule,0.1,0.0915,0.00644700511865781,,,0,0.0915,""
1b,null_skew_n9400,null,,9400,all,2000,Stk.joint,0.01,0.0135,0.00258047960658479,,,0,0.0135,""
1b,null_skew_n9400,null,,9400,all,2000,Stk.joint,0.05,0.0605,0.0053310294503032,,,0,0.0605,""
1b,null_skew_n9400,null,,9400,all,2000,Stk.joint,0.1,0.111,0.00702420814042409,,,0,0.111,""
1b,null_skew_n9400,null,,9400,all,2000,Stk.LR,0.01,0.014,0.00262716577322407,,,0,0.014,""
1b,null_skew_n9400,null,,9400,all,2000,Stk.LR,0.05,0.0635,0.005452877680638,,,0,0.0635,""
1b,null_skew_n9400,null,,9400,all,2000,Stk.LR,0.1,0.1115,0.00703803061942757,,,0,0.1115,""
1b,null_skew_n9400,null,,9400,all,2000,Stk.sym1,0.01,0.015,0.00271799558498538,,,0,0.015,""
1b,null_skew_n9400,null,,9400,all,2000,Stk.sym1,0.05,0.0535,0.00503178646208283,,,0,0.0535,""
1b,null_skew_n9400,null,,9400,all,2000,Stk.sym1,0.1,0.0975,0.00663301402079025,,,0,0.0975,""
1b,null_skew_n9400,null,,9400,all,2000,Stk.marg,0.01,0.0255,0.00352489361541593,,,0,0.0255,""
1b,null_skew_n9400,null,,9400,all,2000,Stk.marg,0.05,0.073,0.00581682903307292,,,0,0.073,""
1b,null_skew_n9400,null,,9400,all,2000,Stk.marg,0.1,0.1165,0.00717383265765239,,,0,0.1165,""
1b,null_skew_n9400,null,,9400,all,2000,GiViTI,0.01,0.011,0.00233227356885937,,,0,0.011,""
1b,null_skew_n9400,null,,9400,all,2000,GiViTI,0.05,0.0505,0.00489641450451246,,,0,0.0505,""
1b,null_skew_n9400,null,,9400,all,2000,GiViTI,0.1,0.101,0.00673791510780598,,,0,0.101,""
1b,null_skew_n9400,null,,9400,all,2000,GiViTI.t50,0.01,0.012,0.00243474844696531,,,0,0.012,""
1b,null_skew_n9400,null,,9400,all,2000,GiViTI.t50,0.05,0.049,0.00482695556225661,,,0,0.049,""
1b,null_skew_n9400,null,,9400,all,2000,GiViTI.t50,0.1,0.1065,0.00689774419647467,,,0,0.1065,""
1b,null_skew_n9400,null,,9400,all,2000,Cubic.LR,0.01,0.011,0.00233227356885937,,,0,0.011,""
1b,null_skew_n9400,null,,9400,all,2000,Cubic.LR,0.05,0.0545,0.00507591124823908,,,0,0.0545,""
1b,null_skew_n9400,null,,9400,all,2000,Cubic.LR,0.1,0.099,0.00667828570817392,,,0,0.099,""
1b,null_skew_n9400,null,,9400,all,2000,HL_w,0.01,0.008,0.0019919839356782,,,0,0.008,""
1b,null_skew_n9400,null,,9400,all,2000,HL_w,0.05,0.042,0.00448530935387962,,,0,0.042,""
1b,null_skew_n9400,null,,9400,all,2000,HL_w,0.1,0.093,0.00649426670225361,,,0,0.093,""
1b,null_skew_n9400,null,,9400,all,2000,PH,0.01,0.006,0.0017268468374468,,,0,0.006,""
1b,null_skew_n9400,null,,9400,all,2000,PH,0.05,0.0315,0.0039056209493498,,,0,0.0315,""
1b,null_skew_n9400,null,,9400,all,2000,PH,0.1,0.0685,0.00564835152942874,,,0,0.0685,""
1b,null_skew_n9400,null,,9400,all,2000,Tsiatis,0.01,0.0135,0.00258047960658479,,,0,0.0135,""
1b,null_skew_n9400,null,,9400,all,2000,Tsiatis,0.05,0.0485,0.00480352734977121,,,0,0.0485,""
1b,null_skew_n9400,null,,9400,all,2000,Tsiatis,0.1,0.105,0.00685474288358068,,,0,0.105,""
1b,null_skew_n9400,null,,9400,all,2000,Xie,0.01,0.0075,0.00192921616207205,,,0,0.0075,""
1b,null_skew_n9400,null,,9400,all,2000,Xie,0.05,0.0295,0.0037835003634201,,,0,0.0295,""
1b,null_skew_n9400,null,,9400,all,2000,Xie,0.1,0.0675,0.00560997994648822,,,0,0.0675,""
1b,null_skew_n9400,null,,9400,all,2000,PR,0.01,0.0145,0.00267298989897081,,,0,0.0145,""
1b,null_skew_n9400,null,,9400,all,2000,PR,0.05,0.059,0.00526872849936301,,,0,0.059,""
1b,null_skew_n9400,null,,9400,all,2000,PR,0.1,0.1215,0.00730540039970432,,,0,0.1215,""
1b,null_skew_n16000,null,,16000,all,2000,flag.evlt.G10,,0,,,,0,,flag rate: share of replicates with the flag = 1
1b,null_skew_n16000,null,,16000,all,2000,flag.evlt.Grule,,0,,,,0,,flag rate: share of replicates with the flag = 1
1b,null_skew_n16000,null,,16000,all,2000,flag.stk_half0,,0,,,,0,,flag rate: share of replicates with the flag = 1
1b,null_skew_n16000,null,,16000,all,2000,flag.stk_diag,,0.001,,,,0,,flag rate: share of replicates with the flag = 1
1b,null_skew_n16000,null,,16000,all,2000,flag.rivals_run,,0,,,,0,,flag rate: share of replicates with the flag = 1
1b,null_skew_n16000,null,,16000,all,2000,flag.degenerate,,0,,,,0,,flag rate: share of replicates with the flag = 1
1b,null_skew_n16000,null,,16000,all,2000,flag.info_guard,,0,,,,0,,flag rate: share of replicates with the flag = 1
1b,null_skew_n16000,null,,16000,all,2000,flag.rep_error,,0,,,,0,,flag rate: share of replicates with the flag = 1
1b,null_skew_n16000,null,,16000,all,2000,EDGE.poly3.u.G10,0.01,0.011,0.00233227356885937,,,0,0.011,""
1b,null_skew_n16000,null,,16000,all,2000,EDGE.poly3.u.G10,0.05,0.0525,0.00498717104178311,,,0,0.0525,""
1b,null_skew_n16000,null,,16000,all,2000,EDGE.poly3.u.G10,0.1,0.1005,0.00672308522926788,,,0,0.1005,""
1b,null_skew_n16000,null,,16000,all,2000,EDGE.poly3.sc.G10,0.01,0.012,0.00243474844696531,,,0,0.012,""
1b,null_skew_n16000,null,,16000,all,2000,EDGE.poly3.sc.G10,0.05,0.0495,0.0048502448391808,,,0,0.0495,""
1b,null_skew_n16000,null,,16000,all,2000,EDGE.poly3.sc.G10,0.1,0.1005,0.00672308522926788,,,0,0.1005,""
1b,null_skew_n16000,null,,16000,all,2000,EDGE.poly2.u.G10,0.01,0.0105,0.00227922684259378,,,0,0.0105,""
1b,null_skew_n16000,null,,16000,all,2000,EDGE.poly2.u.G10,0.05,0.0505,0.00489641450451246,,,0,0.0505,""
1b,null_skew_n16000,null,,16000,all,2000,EDGE.poly2.u.G10,0.1,0.101,0.00673791510780598,,,0,0.101,""
1b,null_skew_n16000,null,,16000,all,2000,EDGE.poly2.sc.G10,0.01,0.01,0.0022248595461287,,,0,0.01,""
1b,null_skew_n16000,null,,16000,all,2000,EDGE.poly2.sc.G10,0.05,0.0515,0.00494205169944629,,,0,0.0515,""
1b,null_skew_n16000,null,,16000,all,2000,EDGE.poly2.sc.G10,0.1,0.095,0.0065564853389602,,,0,0.095,""
1b,null_skew_n16000,null,,16000,all,2000,EDGE.stk.u.G10,0.01,0.012,0.00243474844696531,,,0,0.012,""
1b,null_skew_n16000,null,,16000,all,2000,EDGE.stk.u.G10,0.05,0.052,0.00496467521596328,,,0,0.052,""
1b,null_skew_n16000,null,,16000,all,2000,EDGE.stk.u.G10,0.1,0.098,0.00664815763952691,,,0,0.098,""
1b,null_skew_n16000,null,,16000,all,2000,EDGE.stk.sc.G10,0.01,0.011,0.00233227356885937,,,0,0.011,""
1b,null_skew_n16000,null,,16000,all,2000,EDGE.stk.sc.G10,0.05,0.0495,0.0048502448391808,,,0,0.0495,""
1b,null_skew_n16000,null,,16000,all,2000,EDGE.stk.sc.G10,0.1,0.097,0.00661781686056663,,,0,0.097,""
1b,null_skew_n16000,null,,16000,all,2000,EDGE.sym.u.G10,0.01,0.015,0.00271799558498538,,,0,0.015,""
1b,null_skew_n16000,null,,16000,all,2000,EDGE.sym.u.G10,0.05,0.052,0.00496467521596328,,,0,0.052,""
1b,null_skew_n16000,null,,16000,all,2000,EDGE.sym.u.G10,0.1,0.105,0.00685474288358068,,,0,0.105,""
1b,null_skew_n16000,null,,16000,all,2000,EDGE.sym.sc.G10,0.01,0.0135,0.00258047960658479,,,0,0.0135,""
1b,null_skew_n16000,null,,16000,all,2000,EDGE.sym.sc.G10,0.05,0.051,0.00491929873051028,,,0,0.051,""
1b,null_skew_n16000,null,,16000,all,2000,EDGE.sym.sc.G10,0.1,0.106,0.00688345843308435,,,0,0.106,""
1b,null_skew_n16000,null,,16000,all,2000,EDGE.poly3.u.Grule,0.01,0.0075,0.00192921616207205,,,0,0.0075,""
1b,null_skew_n16000,null,,16000,all,2000,EDGE.poly3.u.Grule,0.05,0.045,0.00463546114210873,,,0,0.045,""
1b,null_skew_n16000,null,,16000,all,2000,EDGE.poly3.u.Grule,0.1,0.0955,0.00657190041007926,,,0,0.0955,""
1b,null_skew_n16000,null,,16000,all,2000,EDGE.poly3.sc.Grule,0.01,0.013,0.00253288373203351,,,0,0.013,""
1b,null_skew_n16000,null,,16000,all,2000,EDGE.poly3.sc.Grule,0.05,0.0515,0.00494205169944629,,,0,0.0515,""
1b,null_skew_n16000,null,,16000,all,2000,EDGE.poly3.sc.Grule,0.1,0.098,0.00664815763952691,,,0,0.098,""
1b,null_skew_n16000,null,,16000,all,2000,EDGE.poly2.u.Grule,0.01,0.01,0.0022248595461287,,,0,0.01,""
1b,null_skew_n16000,null,,16000,all,2000,EDGE.poly2.u.Grule,0.05,0.0485,0.00480352734977121,,,0,0.0485,""
1b,null_skew_n16000,null,,16000,all,2000,EDGE.poly2.u.Grule,0.1,0.104,0.00682583328246449,,,0,0.104,""
1b,null_skew_n16000,null,,16000,all,2000,EDGE.poly2.sc.Grule,0.01,0.0075,0.00192921616207205,,,0,0.0075,""
1b,null_skew_n16000,null,,16000,all,2000,EDGE.poly2.sc.Grule,0.05,0.049,0.00482695556225661,,,0,0.049,""
1b,null_skew_n16000,null,,16000,all,2000,EDGE.poly2.sc.Grule,0.1,0.0935,0.00650990591329859,,,0,0.0935,""
1b,null_skew_n16000,null,,16000,all,2000,EDGE.stk.u.Grule,0.01,0.019,0.00305278561317365,,,0,0.019,""
1b,null_skew_n16000,null,,16000,all,2000,EDGE.stk.u.Grule,0.05,0.047,0.00473238840333293,,,0,0.047,""
1b,null_skew_n16000,null,,16000,all,2000,EDGE.stk.u.Grule,0.1,0.0905,0.00641520654383006,,,0,0.0905,""
1b,null_skew_n16000,null,,16000,all,2000,EDGE.stk.sc.Grule,0.01,0.0155,0.00276222283677476,,,0,0.0155,""
1b,null_skew_n16000,null,,16000,all,2000,EDGE.stk.sc.Grule,0.05,0.0515,0.00494205169944629,,,0,0.0515,""
1b,null_skew_n16000,null,,16000,all,2000,EDGE.stk.sc.Grule,0.1,0.1015,0.00675269390687894,,,0,0.1015,""
1b,null_skew_n16000,null,,16000,all,2000,EDGE.sym.u.Grule,0.01,0.0155,0.00276222283677476,,,0,0.0155,""
1b,null_skew_n16000,null,,16000,all,2000,EDGE.sym.u.Grule,0.05,0.0535,0.00503178646208283,,,0,0.0535,""
1b,null_skew_n16000,null,,16000,all,2000,EDGE.sym.u.Grule,0.1,0.1,0.00670820393249937,,,0,0.1,""
1b,null_skew_n16000,null,,16000,all,2000,EDGE.sym.sc.Grule,0.01,0.0135,0.00258047960658479,,,0,0.0135,""
1b,null_skew_n16000,null,,16000,all,2000,EDGE.sym.sc.Grule,0.05,0.0565,0.00516273909857936,,,0,0.0565,""
1b,null_skew_n16000,null,,16000,all,2000,EDGE.sym.sc.Grule,0.1,0.108,0.0069403169956422,,,0,0.108,""
1b,null_skew_n16000,null,,16000,all,2000,HL.G10,0.01,0.0085,0.00205277251540447,,,0,0.0085,""
1b,null_skew_n16000,null,,16000,all,2000,HL.G10,0.05,0.045,0.00463546114210873,,,0,0.045,""
1b,null_skew_n16000,null,,16000,all,2000,HL.G10,0.1,0.0845,0.00621931467285585,,,0,0.0845,""
1b,null_skew_n16000,null,,16000,all,2000,HL.Grule,0.01,0.0125,0.00248432586429397,,,0,0.0125,""
1b,null_skew_n16000,null,,16000,all,2000,HL.Grule,0.05,0.0475,0.00475624589355933,,,0,0.0475,""
1b,null_skew_n16000,null,,16000,all,2000,HL.Grule,0.1,0.091,0.00643113520305708,,,0,0.091,""
1b,null_skew_n16000,null,,16000,all,2000,HLF.G10,0.01,0.0085,0.00205277251540447,,,0,0.0085,""
1b,null_skew_n16000,null,,16000,all,2000,HLF.G10,0.05,0.045,0.00463546114210873,,,0,0.045,""
1b,null_skew_n16000,null,,16000,all,2000,HLF.G10,0.1,0.084,0.00620258010830977,,,0,0.084,""
1b,null_skew_n16000,null,,16000,all,2000,HLF.Grule,0.01,0.0105,0.00227922684259378,,,0,0.0105,""
1b,null_skew_n16000,null,,16000,all,2000,HLF.Grule,0.05,0.0465,0.00470838348055891,,,0,0.0465,""
1b,null_skew_n16000,null,,16000,all,2000,HLF.Grule,0.1,0.095,0.0065564853389602,,,0,0.095,""
1b,null_skew_n16000,null,,16000,all,2000,Stk.joint,0.01,0.0075,0.00192921616207205,,,0,0.0075,""
1b,null_skew_n16000,null,,16000,all,2000,Stk.joint,0.05,0.0485,0.00480352734977121,,,0,0.0485,""
1b,null_skew_n16000,null,,16000,all,2000,Stk.joint,0.1,0.096,0.00658726043207645,,,0,0.096,""
1b,null_skew_n16000,null,,16000,all,2000,Stk.LR,0.01,0.008,0.0019919839356782,,,0,0.008,""
1b,null_skew_n16000,null,,16000,all,2000,Stk.LR,0.05,0.0495,0.0048502448391808,,,0,0.0495,""
1b,null_skew_n16000,null,,16000,all,2000,Stk.LR,0.1,0.096,0.00658726043207645,,,0,0.096,""
1b,null_skew_n16000,null,,16000,all,2000,Stk.sym1,0.01,0.0135,0.00258047960658479,,,0,0.0135,""
1b,null_skew_n16000,null,,16000,all,2000,Stk.sym1,0.05,0.0585,0.0052477495176504,,,0,0.0585,""
1b,null_skew_n16000,null,,16000,all,2000,Stk.sym1,0.1,0.107,0.0069119823495145,,,0,0.107,""
1b,null_skew_n16000,null,,16000,all,2000,Stk.marg,0.01,0.018,0.002972877394041,,,0,0.018,""
1b,null_skew_n16000,null,,16000,all,2000,Stk.marg,0.05,0.0665,0.00557125434709276,,,0,0.0665,""
1b,null_skew_n16000,null,,16000,all,2000,Stk.marg,0.1,0.1095,0.00698246911915835,,,0,0.1095,""
1b,null_skew_n16000,null,,16000,all,2000,GiViTI,0.01,0.0075,0.00192921616207205,,,0,0.0075,""
1b,null_skew_n16000,null,,16000,all,2000,GiViTI,0.05,0.049,0.00482695556225661,,,0,0.049,""
1b,null_skew_n16000,null,,16000,all,2000,GiViTI,0.1,0.097,0.00661781686056663,,,0,0.097,""
1b,null_skew_n16000,null,,16000,all,2000,GiViTI.t50,0.01,0.012,0.00243474844696531,,,0,0.012,""
1b,null_skew_n16000,null,,16000,all,2000,GiViTI.t50,0.05,0.048,0.00477995815881269,,,0,0.048,""
1b,null_skew_n16000,null,,16000,all,2000,GiViTI.t50,0.1,0.086,0.00626913072124039,,,0,0.086,""
1b,null_skew_n16000,null,,16000,all,2000,Cubic.LR,0.01,0.0065,0.00179690706493129,,,0,0.0065,""
1b,null_skew_n16000,null,,16000,all,2000,Cubic.LR,0.05,0.041,0.00443390347211123,,,0,0.041,""
1b,null_skew_n16000,null,,16000,all,2000,Cubic.LR,0.1,0.087,0.0063020234845643,,,0,0.087,""
1b,null_skew_n16000,null,,16000,all,2000,HL_w,0.01,0,0,,,1,,"not run (n >= 10,000)"
1b,null_skew_n16000,null,,16000,all,2000,HL_w,0.05,0,0,,,1,,"not run (n >= 10,000)"
1b,null_skew_n16000,null,,16000,all,2000,HL_w,0.1,0,0,,,1,,"not run (n >= 10,000)"
1b,null_skew_n16000,null,,16000,all,2000,PH,0.01,0,0,,,1,,"not run (n >= 10,000)"
1b,null_skew_n16000,null,,16000,all,2000,PH,0.05,0,0,,,1,,"not run (n >= 10,000)"
1b,null_skew_n16000,null,,16000,all,2000,PH,0.1,0,0,,,1,,"not run (n >= 10,000)"
1b,null_skew_n16000,null,,16000,all,2000,Tsiatis,0.01,0,0,,,1,,"not run (n >= 10,000)"
1b,null_skew_n16000,null,,16000,all,2000,Tsiatis,0.05,0,0,,,1,,"not run (n >= 10,000)"
1b,null_skew_n16000,null,,16000,all,2000,Tsiatis,0.1,0,0,,,1,,"not run (n >= 10,000)"
1b,null_skew_n16000,null,,16000,all,2000,Xie,0.01,0,0,,,1,,"not run (n >= 10,000)"
1b,null_skew_n16000,null,,16000,all,2000,Xie,0.05,0,0,,,1,,"not run (n >= 10,000)"
1b,null_skew_n16000,null,,16000,all,2000,Xie,0.1,0,0,,,1,,"not run (n >= 10,000)"
1b,null_skew_n16000,null,,16000,all,2000,PR,0.01,0,0,,,1,,"not run (n >= 10,000)"
1b,null_skew_n16000,null,,16000,all,2000,PR,0.05,0,0,,,1,,"not run (n >= 10,000)"
1b,null_skew_n16000,null,,16000,all,2000,PR,0.1,0,0,,,1,,"not run (n >= 10,000)"
1b,sparse49_n100,null,,100,all,5000,flag.evlt.G10,,1,,,,0,,flag rate: share of replicates with the flag = 1
1b,sparse49_n100,null,,100,all,5000,flag.evlt.Grule,,1,,,,0,,flag rate: share of replicates with the flag = 1
1b,sparse49_n100,null,,100,all,5000,flag.stk_half0,,0.5286,,,,0.2134,,flag rate: share of replicates with the flag = 1
1b,sparse49_n100,null,,100,all,5000,flag.stk_diag,,0.5952,,,,0.2134,,flag rate: share of replicates with the flag = 1
1b,sparse49_n100,null,,100,all,5000,flag.rivals_run,,0.7866,,,,0.2134,,flag rate: share of replicates with the flag = 1
1b,sparse49_n100,null,,100,all,5000,flag.degenerate,,0.2134,,,,0,,flag rate: share of replicates with the flag = 1
1b,sparse49_n100,null,,100,all,5000,flag.info_guard,,0.002,,,,0.2134,,flag rate: share of replicates with the flag = 1
1b,sparse49_n100,null,,100,all,5000,flag.rep_error,,0,,,,0,,flag rate: share of replicates with the flag = 1
1b,sparse49_n100,null,,100,all,5000,EDGE.poly3.u.G10,0.01,0.0042,0.000914588432028309,,,0.3116,0.00610110400929692,""
1b,sparse49_n100,null,,100,all,5000,EDGE.poly3.u.G10,0.05,0.0186,0.0019107087690174,,,0.3116,0.0270191748983149,""
1b,sparse49_n100,null,,100,all,5000,EDGE.poly3.u.G10,0.1,0.0658,0.00350629034736144,,,0.3116,0.0955839628123184,""
1b,sparse49_n100,null,,100,all,5000,EDGE.poly3.sc.G10,0.01,0.004,0.000892636544176856,,,0.3116,0.00581057524694945,""
1b,sparse49_n100,null,,100,all,5000,EDGE.poly3.sc.G10,0.05,0.0212,0.00203718236787971,,,0.3116,0.0307960488088321,""
1b,sparse49_n100,null,,100,all,5000,EDGE.poly3.sc.G10,0.1,0.0496,0.00307049963361014,,,0.3116,0.0720511330621732,""
1b,sparse49_n100,null,,100,all,5000,EDGE.poly2.u.G10,0.01,0.0016,0.000565232695444982,,,0.3096,0.00231749710312862,""
1b,sparse49_n100,null,,100,all,5000,EDGE.poly2.u.G10,0.05,0.0192,0.00194068853760721,,,0.3096,0.0278099652375435,""
1b,sparse49_n100,null,,100,all,5000,EDGE.poly2.u.G10,0.1,0.0646,0.00347640158784914,,,0.3096,0.0935689455388181,""
1b,sparse49_n100,null,,100,all,5000,EDGE.poly2.sc.G10,0.01,0.0054,0.00103642076397571,,,0.3096,0.0078215527230591,""
1b,sparse49_n100,null,,100,all,5000,EDGE.poly2.sc.G10,0.05,0.031,0.00245108139399735,,,0.3096,0.044901506373117,""
1b,sparse49_n100,null,,100,all,5000,EDGE.poly2.sc.G10,0.1,0.0672,0.00354073890593475,,,0.3096,0.0973348783314021,""
1b,sparse49_n100,null,,100,all,5000,EDGE.stk.u.G10,0.01,0.0064,0.00112774465194919,,,0.2134,0.00813628273582507,""
1b,sparse49_n100,null,,100,all,5000,EDGE.stk.u.G10,0.05,0.0132,0.00161404832641405,,,0.2134,0.0167810831426392,""
1b,sparse49_n100,null,,100,all,5000,EDGE.stk.u.G10,0.1,0.0226,0.00210186774084384,,,0.2134,0.0287312484108823,""
1b,sparse49_n100,null,,100,all,5000,EDGE.stk.sc.G10,0.01,0.0046,0.000956957679315026,,,0.2134,0.00584795321637427,""
1b,sparse49_n100,null,,100,all,5000,EDGE.stk.sc.G10,0.05,0.0274,0.00230864635663412,,,0.2134,0.0348334604627511,""
1b,sparse49_n100,null,,100,all,5000,EDGE.stk.sc.G10,0.1,0.0548,0.00321860093829602,,,0.2134,0.0696669209255022,""
1b,sparse49_n100,null,,100,all,5000,EDGE.sym.u.G10,0.01,0.0042,0.000914588432028309,,,0.2134,0.0053394355453852,""
1b,sparse49_n100,null,,100,all,5000,EDGE.sym.u.G10,0.05,0.0172,0.00183870389133215,,,0.2134,0.0218662598525299,""
1b,sparse49_n100,null,,100,all,5000,EDGE.sym.u.G10,0.1,0.0376,0.00269021337443705,,,0.2134,0.0478006610729723,""
1b,sparse49_n100,null,,100,all,5000,EDGE.sym.sc.G10,0.01,0.0066,0.00114511484140238,,,0.2134,0.0083905415713196,""
1b,sparse49_n100,null,,100,all,5000,EDGE.sym.sc.G10,0.05,0.0406,0.00279111590586991,,,0.2134,0.0516145436053903,""
1b,sparse49_n100,null,,100,all,5000,EDGE.sym.sc.G10,0.1,0.081,0.00385847119984068,,,0.2134,0.102974828375286,""
1b,sparse49_n100,null,,100,all,5000,EDGE.poly3.u.Grule,0.01,0.0042,0.000914588432028309,,,0.3116,0.00610110400929692,""
1b,sparse49_n100,null,,100,all,5000,EDGE.poly3.u.Grule,0.05,0.0186,0.0019107087690174,,,0.3116,0.0270191748983149,""
1b,sparse49_n100,null,,100,all,5000,EDGE.poly3.u.Grule,0.1,0.0658,0.00350629034736144,,,0.3116,0.0955839628123184,""
1b,sparse49_n100,null,,100,all,5000,EDGE.poly3.sc.Grule,0.01,0.004,0.000892636544176856,,,0.3116,0.00581057524694945,""
1b,sparse49_n100,null,,100,all,5000,EDGE.poly3.sc.Grule,0.05,0.0212,0.00203718236787971,,,0.3116,0.0307960488088321,""
1b,sparse49_n100,null,,100,all,5000,EDGE.poly3.sc.Grule,0.1,0.0496,0.00307049963361014,,,0.3116,0.0720511330621732,""
1b,sparse49_n100,null,,100,all,5000,EDGE.poly2.u.Grule,0.01,0.0016,0.000565232695444982,,,0.3096,0.00231749710312862,""
1b,sparse49_n100,null,,100,all,5000,EDGE.poly2.u.Grule,0.05,0.0192,0.00194068853760721,,,0.3096,0.0278099652375435,""
1b,sparse49_n100,null,,100,all,5000,EDGE.poly2.u.Grule,0.1,0.0646,0.00347640158784914,,,0.3096,0.0935689455388181,""
1b,sparse49_n100,null,,100,all,5000,EDGE.poly2.sc.Grule,0.01,0.0054,0.00103642076397571,,,0.3096,0.0078215527230591,""
1b,sparse49_n100,null,,100,all,5000,EDGE.poly2.sc.Grule,0.05,0.031,0.00245108139399735,,,0.3096,0.044901506373117,""
1b,sparse49_n100,null,,100,all,5000,EDGE.poly2.sc.Grule,0.1,0.0672,0.00354073890593475,,,0.3096,0.0973348783314021,""
1b,sparse49_n100,null,,100,all,5000,EDGE.stk.u.Grule,0.01,0.0064,0.00112774465194919,,,0.2134,0.00813628273582507,""
1b,sparse49_n100,null,,100,all,5000,EDGE.stk.u.Grule,0.05,0.0132,0.00161404832641405,,,0.2134,0.0167810831426392,""
1b,sparse49_n100,null,,100,all,5000,EDGE.stk.u.Grule,0.1,0.0226,0.00210186774084384,,,0.2134,0.0287312484108823,""
1b,sparse49_n100,null,,100,all,5000,EDGE.stk.sc.Grule,0.01,0.0046,0.000956957679315026,,,0.2134,0.00584795321637427,""
1b,sparse49_n100,null,,100,all,5000,EDGE.stk.sc.Grule,0.05,0.0274,0.00230864635663412,,,0.2134,0.0348334604627511,""
1b,sparse49_n100,null,,100,all,5000,EDGE.stk.sc.Grule,0.1,0.0548,0.00321860093829602,,,0.2134,0.0696669209255022,""
1b,sparse49_n100,null,,100,all,5000,EDGE.sym.u.Grule,0.01,0.0042,0.000914588432028309,,,0.2134,0.0053394355453852,""
1b,sparse49_n100,null,,100,all,5000,EDGE.sym.u.Grule,0.05,0.0172,0.00183870389133215,,,0.2134,0.0218662598525299,""
1b,sparse49_n100,null,,100,all,5000,EDGE.sym.u.Grule,0.1,0.0376,0.00269021337443705,,,0.2134,0.0478006610729723,""
1b,sparse49_n100,null,,100,all,5000,EDGE.sym.sc.Grule,0.01,0.0066,0.00114511484140238,,,0.2134,0.0083905415713196,""
1b,sparse49_n100,null,,100,all,5000,EDGE.sym.sc.Grule,0.05,0.0406,0.00279111590586991,,,0.2134,0.0516145436053903,""
1b,sparse49_n100,null,,100,all,5000,EDGE.sym.sc.Grule,0.1,0.081,0.00385847119984068,,,0.2134,0.102974828375286,""
1b,sparse49_n100,null,,100,all,5000,HL.G10,0.01,0.0058,0.00107390502373348,,,0.2134,0.00737350622934147,""
1b,sparse49_n100,null,,100,all,5000,HL.G10,0.05,0.0216,0.00205589104769684,,,0.2134,0.0274599542334096,""
1b,sparse49_n100,null,,100,all,5000,HL.G10,0.1,0.0352,0.00260618341641566,,,0.2134,0.0447495550470379,""
1b,sparse49_n100,null,,100,all,5000,HL.Grule,0.01,0.0058,0.00107390502373348,,,0.2134,0.00737350622934147,""
1b,sparse49_n100,null,,100,all,5000,HL.Grule,0.05,0.0216,0.00205589104769684,,,0.2134,0.0274599542334096,""
1b,sparse49_n100,null,,100,all,5000,HL.Grule,0.1,0.0352,0.00260618341641566,,,0.2134,0.0447495550470379,""
1b,sparse49_n100,null,,100,all,5000,HLF.G10,0.01,2e-04,0.0001999799989999,,,0.2134,0.000254258835494533,""
1b,sparse49_n100,null,,100,all,5000,HLF.G10,0.05,0.0068,0.00116221856808433,,,0.2134,0.00864480040681414,""
1b,sparse49_n100,null,,100,all,5000,HLF.G10,0.1,0.0152,0.00173025778426222,,,0.2134,0.0193236714975845,""
1b,sparse49_n100,null,,100,all,5000,HLF.Grule,0.01,2e-04,0.0001999799989999,,,0.2134,0.000254258835494533,""
1b,sparse49_n100,null,,100,all,5000,HLF.Grule,0.05,0.0068,0.00116221856808433,,,0.2134,0.00864480040681414,""
1b,sparse49_n100,null,,100,all,5000,HLF.Grule,0.1,0.0152,0.00173025778426222,,,0.2134,0.0193236714975845,""
1b,sparse49_n100,null,,100,all,5000,Stk.joint,0.01,0.0028,0.000747283078893133,,,0.2156,0.00356960734319225,""
1b,sparse49_n100,null,,100,all,5000,Stk.joint,0.05,0.0166,0.00180690010791964,,,0.2156,0.0211626721060683,""
1b,sparse49_n100,null,,100,all,5000,Stk.joint,0.1,0.039,0.00273784586856163,,,0.2156,0.0497195308516063,""
1b,sparse49_n100,null,,100,all,5000,Stk.LR,0.01,0.0252,0.00221652701314466,,,0.5734,0.0590717299578059,""
1b,sparse49_n100,null,,100,all,5000,Stk.LR,0.05,0.0706,0.00362258581678889,,,0.5734,0.165494608532583,""
1b,sparse49_n100,null,,100,all,5000,Stk.LR,0.1,0.1054,0.00434259922166437,,,0.5734,0.247069854664791,""
1b,sparse49_n100,null,,100,all,5000,Stk.sym1,0.01,0.003,0.00077343390150678,,,0.2154,0.00382360438439969,""
1b,sparse49_n100,null,,100,all,5000,Stk.sym1,0.05,0.0156,0.00175252047063651,,,0.2154,0.0198827427988784,""
1b,sparse49_n100,null,,100,all,5000,Stk.sym1,0.1,0.0384,0.00271755183943195,,,0.2154,0.0489421361203161,""
1b,sparse49_n100,null,,100,all,5000,Stk.marg,0.01,0.0026,0.000720172201629582,,,0.742,0.010077519379845,""
1b,sparse49_n100,null,,100,all,5000,Stk.marg,0.05,0.0116,0.00151429455523026,,,0.742,0.0449612403100775,""
1b,sparse49_n100,null,,100,all,5000,Stk.marg,0.1,0.024,0.00216443988135499,,,0.742,0.0930232558139535,""
1b,sparse49_n100,null,,100,all,5000,GiViTI,0.01,0.0454,0.00294410733499986,,,0.579,0.107838479809976,""
1b,sparse49_n100,null,,100,all,5000,GiViTI,0.05,0.1114,0.004449495252273,,,0.579,0.264608076009501,""
1b,sparse49_n100,null,,100,all,5000,GiViTI,0.1,0.1492,0.00503863791118195,,,0.579,0.354394299287411,""
1b,sparse49_n100,null,,100,all,5000,GiViTI.t50,0.01,0.081,0.00385847119984068,,,0.579,0.192399049881235,""
1b,sparse49_n100,null,,100,all,5000,GiViTI.t50,0.05,0.1498,0.00504697850203466,,,0.579,0.355819477434679,""
1b,sparse49_n100,null,,100,all,5000,GiViTI.t50,0.1,0.1894,0.00554125689713083,,,0.579,0.449881235154394,""
1b,sparse49_n100,null,,100,all,5000,Cubic.LR,0.01,0.1904,0.00555243802306698,,,0.2134,0.242054411390796,""
1b,sparse49_n100,null,,100,all,5000,Cubic.LR,0.05,0.3102,0.00654180342107587,,,0.2134,0.394355453852021,""
1b,sparse49_n100,null,,100,all,5000,Cubic.LR,0.1,0.3634,0.00680206498057759,,,0.2134,0.461988304093567,""
1b,sparse49_n100,null,,100,all,5000,HL_w,0.01,0.0096,0.00137897353129058,,,0.6472,0.0272108843537415,""
1b,sparse49_n100,null,,100,all,5000,HL_w,0.05,0.0302,0.00242024626846113,,,0.6472,0.0856009070294785,""
1b,sparse49_n100,null,,100,all,5000,HL_w,0.1,0.0634,0.00344617004803884,,,0.6472,0.179705215419501,""
1b,sparse49_n100,null,,100,all,5000,PH,0.01,0.0034,0.0008232180756033,,,0.331,0.00508221225710015,""
1b,sparse49_n100,null,,100,all,5000,PH,0.05,0.0172,0.00183870389133215,,,0.331,0.0257100149476831,""
1b,sparse49_n100,null,,100,all,5000,PH,0.1,0.0262,0.00225891832521674,,,0.331,0.0391629297458894,""
1b,sparse49_n100,null,,100,all,5000,Tsiatis,0.01,0.009,0.00133558975737312,,,0.2134,0.011441647597254,""
1b,sparse49_n100,null,,100,all,5000,Tsiatis,0.05,0.0212,0.00203718236787971,,,0.2134,0.0269514365624205,""
1b,sparse49_n100,null,,100,all,5000,Tsiatis,0.1,0.0326,0.00251146331846595,,,0.2134,0.041444190185609,""
1b,sparse49_n100,null,,100,all,5000,Xie,0.01,0.004,0.000892636544176856,,,0.2134,0.00508517670989067,""
1b,sparse49_n100,null,,100,all,5000,Xie,0.05,0.0148,0.00170768615383507,,,0.2134,0.0188151538265955,""
1b,sparse49_n100,null,,100,all,5000,Xie,0.1,0.0266,0.00227562914377541,,,0.2134,0.0338164251207729,""
1b,sparse49_n100,null,,100,all,5000,PR,0.01,0,0,,,1,,no p-value in any replicate
1b,sparse49_n100,null,,100,all,5000,PR,0.05,0,0,,,1,,no p-value in any replicate
1b,sparse49_n100,null,,100,all,5000,PR,0.1,0,0,,,1,,no p-value in any replicate
1b,sparse49_n150,null,,150,all,5000,flag.evlt.G10,,1,,,,0,,flag rate: share of replicates with the flag = 1
1b,sparse49_n150,null,,150,all,5000,flag.evlt.Grule,,1,,,,0,,flag rate: share of replicates with the flag = 1
1b,sparse49_n150,null,,150,all,5000,flag.stk_half0,,0.5866,,,,0.103,,flag rate: share of replicates with the flag = 1
1b,sparse49_n150,null,,150,all,5000,flag.stk_diag,,0.5858,,,,0.103,,flag rate: share of replicates with the flag = 1
1b,sparse49_n150,null,,150,all,5000,flag.rivals_run,,0.897,,,,0.103,,flag rate: share of replicates with the flag = 1
1b,sparse49_n150,null,,150,all,5000,flag.degenerate,,0.103,,,,0,,flag rate: share of replicates with the flag = 1
1b,sparse49_n150,null,,150,all,5000,flag.info_guard,,0.0028,,,,0.103,,flag rate: share of replicates with the flag = 1
1b,sparse49_n150,null,,150,all,5000,flag.rep_error,,0,,,,0,,flag rate: share of replicates with the flag = 1
1b,sparse49_n150,null,,150,all,5000,EDGE.poly3.u.G10,0.01,0.0094,0.00136467138901642,,,0.1734,0.0113718848294217,""
1b,sparse49_n150,null,,150,all,5000,EDGE.poly3.u.G10,0.05,0.0272,0.00230044169671826,,,0.1734,0.0329058795064118,""
1b,sparse49_n150,null,,150,all,5000,EDGE.poly3.u.G10,0.1,0.075,0.00372491610643784,,,0.1734,0.0907331236390031,""
1b,sparse49_n150,null,,150,all,5000,EDGE.poly3.sc.G10,0.01,0.004,0.000892636544176856,,,0.1734,0.0048390999274135,""
1b,sparse49_n150,null,,150,all,5000,EDGE.poly3.sc.G10,0.05,0.0244,0.00218195508661384,,,0.1734,0.0295185095572224,""
1b,sparse49_n150,null,,150,all,5000,EDGE.poly3.sc.G10,0.1,0.064,0.00346132922444543,,,0.1734,0.077425598838616,""
1b,sparse49_n150,null,,150,all,5000,EDGE.poly2.u.G10,0.01,0.0024,0.000691988439209789,,,0.1706,0.00289365806607186,""
1b,sparse49_n150,null,,150,all,5000,EDGE.poly2.u.G10,0.05,0.0278,0.00232495849425318,,,0.1706,0.033518205931999,""
1b,sparse49_n150,null,,150,all,5000,EDGE.poly2.u.G10,0.1,0.0746,0.00371577286711661,,,0.1706,0.0899445382204003,""
1b,sparse49_n150,null,,150,all,5000,EDGE.poly2.sc.G10,0.01,0.0044,0.000936017093861004,,,0.1706,0.00530503978779841,""
1b,sparse49_n150,null,,150,all,5000,EDGE.poly2.sc.G10,0.05,0.0352,0.00260618341641566,,,0.1706,0.0424403183023873,""
1b,sparse49_n150,null,,150,all,5000,EDGE.poly2.sc.G10,0.1,0.0758,0.00374310993693747,,,0.1706,0.0913913672534362,""
1b,sparse49_n150,null,,150,all,5000,EDGE.stk.u.G10,0.01,0.011,0.00147505932084103,,,0.103,0.012263099219621,""
1b,sparse49_n150,null,,150,all,5000,EDGE.stk.u.G10,0.05,0.0228,0.00211093154791907,,,0.103,0.0254180602006689,""
1b,sparse49_n150,null,,150,all,5000,EDGE.stk.u.G10,0.1,0.0328,0.00251889499582654,,,0.103,0.0365663322185061,""
1b,sparse49_n150,null,,150,all,5000,EDGE.stk.sc.G10,0.01,0.0046,0.000956957679315026,,,0.103,0.00512820512820513,""
1b,sparse49_n150,null,,150,all,5000,EDGE.stk.sc.G10,0.05,0.0334,0.00254104073166882,,,0.103,0.0372352285395764,""
1b,sparse49_n150,null,,150,all,5000,EDGE.stk.sc.G10,0.1,0.0676,0.0035504996831432,,,0.103,0.0753623188405797,""
1b,sparse49_n150,null,,150,all,5000,EDGE.sym.u.G10,0.01,0.0094,0.00136467138901642,,,0.103,0.010479375696767,""
1b,sparse49_n150,null,,150,all,5000,EDGE.sym.u.G10,0.05,0.0266,0.00227562914377541,,,0.103,0.029654403567447,""
1b,sparse49_n150,null,,150,all,5000,EDGE.sym.u.G10,0.1,0.0482,0.00302908435009658,,,0.103,0.0537346711259755,""
1b,sparse49_n150,null,,150,all,5000,EDGE.sym.sc.G10,0.01,0.0066,0.00114511484140238,,,0.103,0.00735785953177258,""
1b,sparse49_n150,null,,150,all,5000,EDGE.sym.sc.G10,0.05,0.0476,0.00301112072159188,,,0.103,0.0530657748049053,""
1b,sparse49_n150,null,,150,all,5000,EDGE.sym.sc.G10,0.1,0.095,0.00414668542332307,,,0.103,0.105908584169454,""
1b,sparse49_n150,null,,150,all,5000,EDGE.poly3.u.Grule,0.01,0.0094,0.00136467138901642,,,0.1734,0.0113718848294217,""
1b,sparse49_n150,null,,150,all,5000,EDGE.poly3.u.Grule,0.05,0.0272,0.00230044169671826,,,0.1734,0.0329058795064118,""
1b,sparse49_n150,null,,150,all,5000,EDGE.poly3.u.Grule,0.1,0.075,0.00372491610643784,,,0.1734,0.0907331236390031,""
1b,sparse49_n150,null,,150,all,5000,EDGE.poly3.sc.Grule,0.01,0.004,0.000892636544176856,,,0.1734,0.0048390999274135,""
1b,sparse49_n150,null,,150,all,5000,EDGE.poly3.sc.Grule,0.05,0.0244,0.00218195508661384,,,0.1734,0.0295185095572224,""
1b,sparse49_n150,null,,150,all,5000,EDGE.poly3.sc.Grule,0.1,0.064,0.00346132922444543,,,0.1734,0.077425598838616,""
1b,sparse49_n150,null,,150,all,5000,EDGE.poly2.u.Grule,0.01,0.0024,0.000691988439209789,,,0.1706,0.00289365806607186,""
1b,sparse49_n150,null,,150,all,5000,EDGE.poly2.u.Grule,0.05,0.0278,0.00232495849425318,,,0.1706,0.033518205931999,""
1b,sparse49_n150,null,,150,all,5000,EDGE.poly2.u.Grule,0.1,0.0746,0.00371577286711661,,,0.1706,0.0899445382204003,""
1b,sparse49_n150,null,,150,all,5000,EDGE.poly2.sc.Grule,0.01,0.0044,0.000936017093861004,,,0.1706,0.00530503978779841,""
1b,sparse49_n150,null,,150,all,5000,EDGE.poly2.sc.Grule,0.05,0.0352,0.00260618341641566,,,0.1706,0.0424403183023873,""
1b,sparse49_n150,null,,150,all,5000,EDGE.poly2.sc.Grule,0.1,0.0758,0.00374310993693747,,,0.1706,0.0913913672534362,""
1b,sparse49_n150,null,,150,all,5000,EDGE.stk.u.Grule,0.01,0.011,0.00147505932084103,,,0.103,0.012263099219621,""
1b,sparse49_n150,null,,150,all,5000,EDGE.stk.u.Grule,0.05,0.0228,0.00211093154791907,,,0.103,0.0254180602006689,""
1b,sparse49_n150,null,,150,all,5000,EDGE.stk.u.Grule,0.1,0.0328,0.00251889499582654,,,0.103,0.0365663322185061,""
1b,sparse49_n150,null,,150,all,5000,EDGE.stk.sc.Grule,0.01,0.0046,0.000956957679315026,,,0.103,0.00512820512820513,""
1b,sparse49_n150,null,,150,all,5000,EDGE.stk.sc.Grule,0.05,0.0334,0.00254104073166882,,,0.103,0.0372352285395764,""
1b,sparse49_n150,null,,150,all,5000,EDGE.stk.sc.Grule,0.1,0.0676,0.0035504996831432,,,0.103,0.0753623188405797,""
1b,sparse49_n150,null,,150,all,5000,EDGE.sym.u.Grule,0.01,0.0094,0.00136467138901642,,,0.103,0.010479375696767,""
1b,sparse49_n150,null,,150,all,5000,EDGE.sym.u.Grule,0.05,0.0266,0.00227562914377541,,,0.103,0.029654403567447,""
1b,sparse49_n150,null,,150,all,5000,EDGE.sym.u.Grule,0.1,0.0482,0.00302908435009658,,,0.103,0.0537346711259755,""
1b,sparse49_n150,null,,150,all,5000,EDGE.sym.sc.Grule,0.01,0.0066,0.00114511484140238,,,0.103,0.00735785953177258,""
1b,sparse49_n150,null,,150,all,5000,EDGE.sym.sc.Grule,0.05,0.0476,0.00301112072159188,,,0.103,0.0530657748049053,""
1b,sparse49_n150,null,,150,all,5000,EDGE.sym.sc.Grule,0.1,0.095,0.00414668542332307,,,0.103,0.105908584169454,""
1b,sparse49_n150,null,,150,all,5000,HL.G10,0.01,0.015,0.00171901134376711,,,0.103,0.0167224080267559,""
1b,sparse49_n150,null,,150,all,5000,HL.G10,0.05,0.036,0.00263453980801202,,,0.103,0.040133779264214,""
1b,sparse49_n150,null,,150,all,5000,HL.G10,0.1,0.0556,0.00324063697442339,,,0.103,0.061984392419175,""
1b,sparse49_n150,null,,150,all,5000,HL.Grule,0.01,0.015,0.00171901134376711,,,0.103,0.0167224080267559,""
1b,sparse49_n150,null,,150,all,5000,HL.Grule,0.05,0.036,0.00263453980801202,,,0.103,0.040133779264214,""
1b,sparse49_n150,null,,150,all,5000,HL.Grule,0.1,0.0556,0.00324063697442339,,,0.103,0.061984392419175,""
1b,sparse49_n150,null,,150,all,5000,HLF.G10,0.01,0.0016,0.000565232695444982,,,0.103,0.00178372352285396,""
1b,sparse49_n150,null,,150,all,5000,HLF.G10,0.05,0.012,0.00153987012439361,,,0.103,0.0133779264214047,""
1b,sparse49_n150,null,,150,all,5000,HLF.G10,0.1,0.0232,0.0021289321266776,,,0.103,0.0258639910813824,""
1b,sparse49_n150,null,,150,all,5000,HLF.Grule,0.01,0.0016,0.000565232695444982,,,0.103,0.00178372352285396,""
1b,sparse49_n150,null,,150,all,5000,HLF.Grule,0.05,0.012,0.00153987012439361,,,0.103,0.0133779264214047,""
1b,sparse49_n150,null,,150,all,5000,HLF.Grule,0.1,0.0232,0.0021289321266776,,,0.103,0.0258639910813824,""
1b,sparse49_n150,null,,150,all,5000,Stk.joint,0.01,0.0052,0.00101714895664303,,,0.1058,0.00581525385819727,""
1b,sparse49_n150,null,,150,all,5000,Stk.joint,0.05,0.025,0.00220794021658196,,,0.1058,0.027957951241333,""
1b,sparse49_n150,null,,150,all,5000,Stk.joint,0.1,0.0588,0.00332693733033852,,,0.1058,0.0657571013196153,""
1b,sparse49_n150,null,,150,all,5000,Stk.LR,0.01,0.0348,0.00259187036712873,,,0.4526,0.0635732553891122,""
1b,sparse49_n150,null,,150,all,5000,Stk.LR,0.05,0.0946,0.00413886071280491,,,0.4526,0.172816952868104,""
1b,sparse49_n150,null,,150,all,5000,Stk.LR,0.1,0.1506,0.00505805575295488,,,0.4526,0.275118743149434,""
1b,sparse49_n150,null,,150,all,5000,Stk.sym1,0.01,0.0036,0.000846999409681022,,,0.1058,0.00402594497875196,""
1b,sparse49_n150,null,,150,all,5000,Stk.sym1,0.05,0.0248,0.00219931625738546,,,0.1058,0.0277342876314024,""
1b,sparse49_n150,null,,150,all,5000,Stk.sym1,0.1,0.0582,0.00331097447891101,,,0.1058,0.0650861104898233,""
1b,sparse49_n150,null,,150,all,5000,Stk.marg,0.01,0.003,0.00077343390150678,,,0.6896,0.00966494845360825,""
1b,sparse49_n150,null,,150,all,5000,Stk.marg,0.05,0.0182,0.00189043698651925,,,0.6896,0.0586340206185567,""
1b,sparse49_n150,null,,150,all,5000,Stk.marg,0.1,0.0322,0.00249652398346181,,,0.6896,0.103737113402062,""
1b,sparse49_n150,null,,150,all,5000,GiViTI,0.01,0.0594,0.00334280241713446,,,0.3708,0.0944055944055944,""
1b,sparse49_n150,null,,150,all,5000,GiViTI,0.05,0.1326,0.00479619098869092,,,0.3708,0.210743801652893,""
1b,sparse49_n150,null,,150,all,5000,GiViTI,0.1,0.19,0.00554797260267208,,,0.3708,0.301970756516211,""
1b,sparse49_n150,null,,150,all,5000,GiViTI.t50,0.01,0.1022,0.00428381045332307,,,0.3708,0.162428480610299,""
1b,sparse49_n150,null,,150,all,5000,GiViTI.t50,0.05,0.1862,0.00550508056253494,,,0.3708,0.295931341385887,""
1b,sparse49_n150,null,,150,all,5000,GiViTI.t50,0.1,0.2438,0.00607225757029459,,,0.3708,0.387476160203433,""
1b,sparse49_n150,null,,150,all,5000,Cubic.LR,0.01,0.1764,0.00539041816559717,,,0.103,0.196655518394649,""
1b,sparse49_n150,null,,150,all,5000,Cubic.LR,0.05,0.2886,0.00640796441937687,,,0.103,0.321739130434783,""
1b,sparse49_n150,null,,150,all,5000,Cubic.LR,0.1,0.3518,0.00675332155313221,,,0.103,0.392196209587514,""
1b,sparse49_n150,null,,150,all,5000,HL_w,0.01,0.0084,0.00129069283720024,,,0.5084,0.0170870626525631,""
1b,sparse49_n150,null,,150,all,5000,HL_w,0.05,0.0354,0.00261330595223751,,,0.5084,0.0720097640358015,""
1b,sparse49_n150,null,,150,all,5000,HL_w,0.1,0.073,0.00367888570086106,,,0.5084,0.148494711147274,""
1b,sparse49_n150,null,,150,all,5000,PH,0.01,0.0114,0.00150133540556399,,,0.1916,0.0141019297377536,""
1b,sparse49_n150,null,,150,all,5000,PH,0.05,0.0292,0.00238106530779817,,,0.1916,0.0361207323107373,""
1b,sparse49_n150,null,,150,all,5000,PH,0.1,0.0418,0.00283029185774188,,,0.1916,0.0517070757050965,""
1b,sparse49_n150,null,,150,all,5000,Tsiatis,0.01,0.0132,0.00161404832641405,,,0.103,0.0147157190635452,""
1b,sparse49_n150,null,,150,all,5000,Tsiatis,0.05,0.033,0.00252630164469724,,,0.103,0.0367892976588629,""
1b,sparse49_n150,null,,150,all,5000,Tsiatis,0.1,0.0516,0.00312849612433834,,,0.103,0.0575250836120401,""
1b,sparse49_n150,null,,150,all,5000,Xie,0.01,0.0076,0.00122818891055082,,,0.103,0.0084726867335563,""
1b,sparse49_n150,null,,150,all,5000,Xie,0.05,0.0202,0.0019895708079885,,,0.103,0.0225195094760312,""
1b,sparse49_n150,null,,150,all,5000,Xie,0.1,0.037,0.00266949433413896,,,0.103,0.0412486064659978,""
1b,sparse49_n150,null,,150,all,5000,PR,0.01,0,0,,,1,,no p-value in any replicate
1b,sparse49_n150,null,,150,all,5000,PR,0.05,0,0,,,1,,no p-value in any replicate
1b,sparse49_n150,null,,150,all,5000,PR,0.1,0,0,,,1,,no p-value in any replicate
1b,sparse49_n200,null,,200,all,5000,flag.evlt.G10,,0.999,,,,0,,flag rate: share of replicates with the flag = 1
1b,sparse49_n200,null,,200,all,5000,flag.evlt.Grule,,0.999,,,,0,,flag rate: share of replicates with the flag = 1
1b,sparse49_n200,null,,200,all,5000,flag.stk_half0,,0.6056,,,,0.0442,,flag rate: share of replicates with the flag = 1
1b,sparse49_n200,null,,200,all,5000,flag.stk_diag,,0.5322,,,,0.0442,,flag rate: share of replicates with the flag = 1
1b,sparse49_n200,null,,200,all,5000,flag.rivals_run,,0.9558,,,,0.0442,,flag rate: share of replicates with the flag = 1
1b,sparse49_n200,null,,200,all,5000,flag.degenerate,,0.0442,,,,0,,flag rate: share of replicates with the flag = 1
1b,sparse49_n200,null,,200,all,5000,flag.info_guard,,8e-04,,,,0.0442,,flag rate: share of replicates with the flag = 1
1b,sparse49_n200,null,,200,all,5000,flag.rep_error,,0,,,,0,,flag rate: share of replicates with the flag = 1
1b,sparse49_n200,null,,200,all,5000,EDGE.poly3.u.G10,0.01,0.0118,0.00152713850059515,,,0.084,0.012882096069869,""
1b,sparse49_n200,null,,200,all,5000,EDGE.poly3.u.G10,0.05,0.0378,0.00269707841932711,,,0.084,0.0412663755458515,""
1b,sparse49_n200,null,,200,all,5000,EDGE.poly3.u.G10,0.1,0.0806,0.00384976986325157,,,0.084,0.0879912663755459,""
1b,sparse49_n200,null,,200,events<G10,4995,EDGE.poly3.u.G10,0.01,0.0118118118118118,0.00152865803176672,,,0.0840840840840841,0.012896174863388,""
1b,sparse49_n200,null,,200,events<G10,4995,EDGE.poly3.u.G10,0.05,0.0378378378378378,0.00269972511356395,,,0.0840840840840841,0.0413114754098361,""
1b,sparse49_n200,null,,200,events<G10,4995,EDGE.poly3.u.G10,0.1,0.0806806806806807,0.00385345439831802,,,0.0840840840840841,0.0880874316939891,""
1b,sparse49_n200,null,,200,events>=G10,5,EDGE.poly3.u.G10,0.01,0,0,,,0,0,""
1b,sparse49_n200,null,,200,events>=G10,5,EDGE.poly3.u.G10,0.05,0,0,,,0,0,""
1b,sparse49_n200,null,,200,events>=G10,5,EDGE.poly3.u.G10,0.1,0,0,,,0,0,""
1b,sparse49_n200,null,,200,events<Grule,4995,EDGE.poly3.u.G10,0.01,0.0118118118118118,0.00152865803176672,,,0.0840840840840841,0.012896174863388,""
1b,sparse49_n200,null,,200,events<Grule,4995,EDGE.poly3.u.G10,0.05,0.0378378378378378,0.00269972511356395,,,0.0840840840840841,0.0413114754098361,""
1b,sparse49_n200,null,,200,events<Grule,4995,EDGE.poly3.u.G10,0.1,0.0806806806806807,0.00385345439831802,,,0.0840840840840841,0.0880874316939891,""
1b,sparse49_n200,null,,200,events>=Grule,5,EDGE.poly3.u.G10,0.01,0,0,,,0,0,""
1b,sparse49_n200,null,,200,events>=Grule,5,EDGE.poly3.u.G10,0.05,0,0,,,0,0,""
1b,sparse49_n200,null,,200,events>=Grule,5,EDGE.poly3.u.G10,0.1,0,0,,,0,0,""
1b,sparse49_n200,null,,200,all,5000,EDGE.poly3.sc.G10,0.01,0.0056,0.00105533312276267,,,0.084,0.00611353711790393,""
1b,sparse49_n200,null,,200,all,5000,EDGE.poly3.sc.G10,0.05,0.0346,0.0025846794772273,,,0.084,0.0377729257641921,""
1b,sparse49_n200,null,,200,all,5000,EDGE.poly3.sc.G10,0.1,0.0708,0.00362732297982962,,,0.084,0.077292576419214,""
1b,sparse49_n200,null,,200,events<G10,4995,EDGE.poly3.sc.G10,0.01,0.00560560560560561,0.00105638653474512,,,0.0840840840840841,0.00612021857923497,""
1b,sparse49_n200,null,,200,events<G10,4995,EDGE.poly3.sc.G10,0.05,0.0346346346346346,0.00258722033323888,,,0.0840840840840841,0.0378142076502732,""
1b,sparse49_n200,null,,200,events<G10,4995,EDGE.poly3.sc.G10,0.1,0.0708708708708709,0.00363081546315735,,,0.0840840840840841,0.0773770491803279,""
1b,sparse49_n200,null,,200,events>=G10,5,EDGE.poly3.sc.G10,0.01,0,0,,,0,0,""
1b,sparse49_n200,null,,200,events>=G10,5,EDGE.poly3.sc.G10,0.05,0,0,,,0,0,""
1b,sparse49_n200,null,,200,events>=G10,5,EDGE.poly3.sc.G10,0.1,0,0,,,0,0,""
1b,sparse49_n200,null,,200,events<Grule,4995,EDGE.poly3.sc.G10,0.01,0.00560560560560561,0.00105638653474512,,,0.0840840840840841,0.00612021857923497,""
1b,sparse49_n200,null,,200,events<Grule,4995,EDGE.poly3.sc.G10,0.05,0.0346346346346346,0.00258722033323888,,,0.0840840840840841,0.0378142076502732,""
1b,sparse49_n200,null,,200,events<Grule,4995,EDGE.poly3.sc.G10,0.1,0.0708708708708709,0.00363081546315735,,,0.0840840840840841,0.0773770491803279,""
1b,sparse49_n200,null,,200,events>=Grule,5,EDGE.poly3.sc.G10,0.01,0,0,,,0,0,""
1b,sparse49_n200,null,,200,events>=Grule,5,EDGE.poly3.sc.G10,0.05,0,0,,,0,0,""
1b,sparse49_n200,null,,200,events>=Grule,5,EDGE.poly3.sc.G10,0.1,0,0,,,0,0,""
1b,sparse49_n200,null,,200,all,5000,EDGE.poly2.u.G10,0.01,0.0052,0.00101714895664303,,,0.0812,0.00565955594253374,""
1b,sparse49_n200,null,,200,all,5000,EDGE.poly2.u.G10,0.05,0.036,0.00263453980801202,,,0.0812,0.0391815411406182,""
1b,sparse49_n200,null,,200,all,5000,EDGE.poly2.u.G10,0.1,0.0894,0.00403503754629371,,,0.0812,0.0973008271658685,""
1b,sparse49_n200,null,,200,events<G10,4995,EDGE.poly2.u.G10,0.01,0.00520520520520521,0.00101816446002748,,,0.0812812812812813,0.0056657223796034,""
1b,sparse49_n200,null,,200,events<G10,4995,EDGE.poly2.u.G10,0.05,0.036036036036036,0.00263712769335126,,,0.0812812812812813,0.0392242318587928,""
1b,sparse49_n200,null,,200,events<G10,4995,EDGE.poly2.u.G10,0.1,0.0892892892892893,0.00403480136357964,,,0.0812812812812813,0.0971889300501199,""
1b,sparse49_n200,null,,200,events>=G10,5,EDGE.poly2.u.G10,0.01,0,0,,,0,0,""
1b,sparse49_n200,null,,200,events>=G10,5,EDGE.poly2.u.G10,0.05,0,0,,,0,0,""
1b,sparse49_n200,null,,200,events>=G10,5,EDGE.poly2.u.G10,0.1,0.2,0.178885438199983,,,0,0.2,""
1b,sparse49_n200,null,,200,events<Grule,4995,EDGE.poly2.u.G10,0.01,0.00520520520520521,0.00101816446002748,,,0.0812812812812813,0.0056657223796034,""
1b,sparse49_n200,null,,200,events<Grule,4995,EDGE.poly2.u.G10,0.05,0.036036036036036,0.00263712769335126,,,0.0812812812812813,0.0392242318587928,""
1b,sparse49_n200,null,,200,events<Grule,4995,EDGE.poly2.u.G10,0.1,0.0892892892892893,0.00403480136357964,,,0.0812812812812813,0.0971889300501199,""
1b,sparse49_n200,null,,200,events>=Grule,5,EDGE.poly2.u.G10,0.01,0,0,,,0,0,""
1b,sparse49_n200,null,,200,events>=Grule,5,EDGE.poly2.u.G10,0.05,0,0,,,0,0,""
1b,sparse49_n200,null,,200,events>=Grule,5,EDGE.poly2.u.G10,0.1,0.2,0.178885438199983,,,0,0.2,""
1b,sparse49_n200,null,,200,all,5000,EDGE.poly2.sc.G10,0.01,0.0058,0.00107390502373348,,,0.0812,0.00631258162821071,""
1b,sparse49_n200,null,,200,all,5000,EDGE.poly2.sc.G10,0.05,0.0438,0.00289418589589542,,,0.0812,0.0476708750544188,""
1b,sparse49_n200,null,,200,all,5000,EDGE.poly2.sc.G10,0.1,0.09,0.00404722126896961,,,0.0812,0.0979538528515455,""
1b,sparse49_n200,null,,200,events<G10,4995,EDGE.poly2.sc.G10,0.01,0.00580580580580581,0.00107497686496521,,,0.0812812812812813,0.00631945957724995,""
1b,sparse49_n200,null,,200,events<G10,4995,EDGE.poly2.sc.G10,0.05,0.0438438438438438,0.00289701655934398,,,0.0812812812812813,0.0477228154281979,""
1b,sparse49_n200,null,,200,events<G10,4995,EDGE.poly2.sc.G10,0.1,0.0898898898898899,0.004047013446349,,,0.0812812812812813,0.0978426672477664,""
1b,sparse49_n200,null,,200,events>=G10,5,EDGE.poly2.sc.G10,0.01,0,0,,,0,0,""
1b,sparse49_n200,null,,200,events>=G10,5,EDGE.poly2.sc.G10,0.05,0,0,,,0,0,""
1b,sparse49_n200,null,,200,events>=G10,5,EDGE.poly2.sc.G10,0.1,0.2,0.178885438199983,,,0,0.2,""
1b,sparse49_n200,null,,200,events<Grule,4995,EDGE.poly2.sc.G10,0.01,0.00580580580580581,0.00107497686496521,,,0.0812812812812813,0.00631945957724995,""
1b,sparse49_n200,null,,200,events<Grule,4995,EDGE.poly2.sc.G10,0.05,0.0438438438438438,0.00289701655934398,,,0.0812812812812813,0.0477228154281979,""
1b,sparse49_n200,null,,200,events<Grule,4995,EDGE.poly2.sc.G10,0.1,0.0898898898898899,0.004047013446349,,,0.0812812812812813,0.0978426672477664,""
1b,sparse49_n200,null,,200,events>=Grule,5,EDGE.poly2.sc.G10,0.01,0,0,,,0,0,""
1b,sparse49_n200,null,,200,events>=Grule,5,EDGE.poly2.sc.G10,0.05,0,0,,,0,0,""
1b,sparse49_n200,null,,200,events>=Grule,5,EDGE.poly2.sc.G10,0.1,0.2,0.178885438199983,,,0,0.2,""
1b,sparse49_n200,null,,200,all,5000,EDGE.stk.u.G10,0.01,0.0114,0.00150133540556399,,,0.0442,0.0119271814187068,""
1b,sparse49_n200,null,,200,all,5000,EDGE.stk.u.G10,0.05,0.0272,0.00230044169671826,,,0.0442,0.0284578363674409,""
1b,sparse49_n200,null,,200,all,5000,EDGE.stk.u.G10,0.1,0.0446,0.00291927525252416,,,0.0442,0.0466624816907303,""
1b,sparse49_n200,null,,200,events<G10,4995,EDGE.stk.u.G10,0.01,0.0114114114114114,0.00150282957015062,,,0.0442442442442442,0.0119396732299958,""
1b,sparse49_n200,null,,200,events<G10,4995,EDGE.stk.u.G10,0.05,0.0272272272272272,0.00230271221573546,,,0.0442442442442442,0.0284876413908672,""
1b,sparse49_n200,null,,200,events<G10,4995,EDGE.stk.u.G10,0.1,0.0446446446446446,0.00292212917386421,,,0.0442442442442442,0.0467113531629661,""
1b,sparse49_n200,null,,200,events>=G10,5,EDGE.stk.u.G10,0.01,0,0,,,0,0,""
1b,sparse49_n200,null,,200,events>=G10,5,EDGE.stk.u.G10,0.05,0,0,,,0,0,""
1b,sparse49_n200,null,,200,events>=G10,5,EDGE.stk.u.G10,0.1,0,0,,,0,0,""
1b,sparse49_n200,null,,200,events<Grule,4995,EDGE.stk.u.G10,0.01,0.0114114114114114,0.00150282957015062,,,0.0442442442442442,0.0119396732299958,""
1b,sparse49_n200,null,,200,events<Grule,4995,EDGE.stk.u.G10,0.05,0.0272272272272272,0.00230271221573546,,,0.0442442442442442,0.0284876413908672,""
1b,sparse49_n200,null,,200,events<Grule,4995,EDGE.stk.u.G10,0.1,0.0446446446446446,0.00292212917386421,,,0.0442442442442442,0.0467113531629661,""
1b,sparse49_n200,null,,200,events>=Grule,5,EDGE.stk.u.G10,0.01,0,0,,,0,0,""
1b,sparse49_n200,null,,200,events>=Grule,5,EDGE.stk.u.G10,0.05,0,0,,,0,0,""
1b,sparse49_n200,null,,200,events>=Grule,5,EDGE.stk.u.G10,0.1,0,0,,,0,0,""
1b,sparse49_n200,null,,200,all,5000,EDGE.stk.sc.G10,0.01,0.0058,0.00107390502373348,,,0.0442,0.00606821510776313,""
1b,sparse49_n200,null,,200,all,5000,EDGE.stk.sc.G10,0.05,0.0356,0.00262040607540129,,,0.0442,0.0372462858338565,""
1b,sparse49_n200,null,,200,all,5000,EDGE.stk.sc.G10,0.1,0.0774,0.00377913323395723,,,0.0442,0.0809792843691149,""
1b,sparse49_n200,null,,200,events<G10,4995,EDGE.stk.sc.G10,0.01,0.00580580580580581,0.00107497686496521,,,0.0442442442442442,0.00607457059069962,""
1b,sparse49_n200,null,,200,events<G10,4995,EDGE.stk.sc.G10,0.05,0.0356356356356356,0.00262298064215981,,,0.0442442442442442,0.0372852953498115,""
1b,sparse49_n200,null,,200,events<G10,4995,EDGE.stk.sc.G10,0.1,0.0772772772772773,0.00377827676515256,,,0.0442442442442442,0.080854629241726,""
1b,sparse49_n200,null,,200,events>=G10,5,EDGE.stk.sc.G10,0.01,0,0,,,0,0,""
1b,sparse49_n200,null,,200,events>=G10,5,EDGE.stk.sc.G10,0.05,0,0,,,0,0,""
1b,sparse49_n200,null,,200,events>=G10,5,EDGE.stk.sc.G10,0.1,0.2,0.178885438199983,,,0,0.2,""
1b,sparse49_n200,null,,200,events<Grule,4995,EDGE.stk.sc.G10,0.01,0.00580580580580581,0.00107497686496521,,,0.0442442442442442,0.00607457059069962,""
1b,sparse49_n200,null,,200,events<Grule,4995,EDGE.stk.sc.G10,0.05,0.0356356356356356,0.00262298064215981,,,0.0442442442442442,0.0372852953498115,""
1b,sparse49_n200,null,,200,events<Grule,4995,EDGE.stk.sc.G10,0.1,0.0772772772772773,0.00377827676515256,,,0.0442442442442442,0.080854629241726,""
1b,sparse49_n200,null,,200,events>=Grule,5,EDGE.stk.sc.G10,0.01,0,0,,,0,0,""
1b,sparse49_n200,null,,200,events>=Grule,5,EDGE.stk.sc.G10,0.05,0,0,,,0,0,""
1b,sparse49_n200,null,,200,events>=Grule,5,EDGE.stk.sc.G10,0.1,0.2,0.178885438199983,,,0,0.2,""
1b,sparse49_n200,null,,200,all,5000,EDGE.sym.u.G10,0.01,0.009,0.00133558975737312,,,0.0442,0.00941619585687382,""
1b,sparse49_n200,null,,200,all,5000,EDGE.sym.u.G10,0.05,0.0314,0.00246633493264804,,,0.0442,0.0328520611006487,""
1b,sparse49_n200,null,,200,all,5000,EDGE.sym.u.G10,0.1,0.0608,0.00337944847571316,,,0.0442,0.0636116342331032,""
1b,sparse49_n200,null,,200,events<G10,4995,EDGE.sym.u.G10,0.01,0.00900900900900901,0.00133692060715914,,,0.0442442442442442,0.00942605781315459,""
1b,sparse49_n200,null,,200,events<G10,4995,EDGE.sym.u.G10,0.05,0.0314314314314314,0.00246876367925821,,,0.0442442442442442,0.0328864683703393,""
1b,sparse49_n200,null,,200,events<G10,4995,EDGE.sym.u.G10,0.1,0.0608608608608609,0.00338272170024797,,,0.0442442442442442,0.0636782572266443,""
1b,sparse49_n200,null,,200,events>=G10,5,EDGE.sym.u.G10,0.01,0,0,,,0,0,""
1b,sparse49_n200,null,,200,events>=G10,5,EDGE.sym.u.G10,0.05,0,0,,,0,0,""
1b,sparse49_n200,null,,200,events>=G10,5,EDGE.sym.u.G10,0.1,0,0,,,0,0,""
1b,sparse49_n200,null,,200,events<Grule,4995,EDGE.sym.u.G10,0.01,0.00900900900900901,0.00133692060715914,,,0.0442442442442442,0.00942605781315459,""
1b,sparse49_n200,null,,200,events<Grule,4995,EDGE.sym.u.G10,0.05,0.0314314314314314,0.00246876367925821,,,0.0442442442442442,0.0328864683703393,""
1b,sparse49_n200,null,,200,events<Grule,4995,EDGE.sym.u.G10,0.1,0.0608608608608609,0.00338272170024797,,,0.0442442442442442,0.0636782572266443,""
1b,sparse49_n200,null,,200,events>=Grule,5,EDGE.sym.u.G10,0.01,0,0,,,0,0,""
1b,sparse49_n200,null,,200,events>=Grule,5,EDGE.sym.u.G10,0.05,0,0,,,0,0,""
1b,sparse49_n200,null,,200,events>=Grule,5,EDGE.sym.u.G10,0.1,0,0,,,0,0,""
1b,sparse49_n200,null,,200,all,5000,EDGE.sym.sc.G10,0.01,0.006,0.00109215383531808,,,0.0442,0.00627746390458255,""
1b,sparse49_n200,null,,200,all,5000,EDGE.sym.sc.G10,0.05,0.0482,0.00302908435009658,,,0.0442,0.0504289600334798,""
1b,sparse49_n200,null,,200,all,5000,EDGE.sym.sc.G10,0.1,0.1016,0.00427264414619331,,,0.0442,0.106298388784265,""
1b,sparse49_n200,null,,200,events<G10,4995,EDGE.sym.sc.G10,0.01,0.00600600600600601,0.00109324377955418,,,0.0442442442442442,0.00628403854210306,""
1b,sparse49_n200,null,,200,events<G10,4995,EDGE.sym.sc.G10,0.05,0.0482482482482483,0.00303203961419814,,,0.0442442442442442,0.0504817762882279,""
1b,sparse49_n200,null,,200,events<G10,4995,EDGE.sym.sc.G10,0.1,0.101701701701702,0.00427667897996022,,,0.0442442442442442,0.106409719312945,""
1b,sparse49_n200,null,,200,events>=G10,5,EDGE.sym.sc.G10,0.01,0,0,,,0,0,""
1b,sparse49_n200,null,,200,events>=G10,5,EDGE.sym.sc.G10,0.05,0,0,,,0,0,""
1b,sparse49_n200,null,,200,events>=G10,5,EDGE.sym.sc.G10,0.1,0,0,,,0,0,""
1b,sparse49_n200,null,,200,events<Grule,4995,EDGE.sym.sc.G10,0.01,0.00600600600600601,0.00109324377955418,,,0.0442442442442442,0.00628403854210306,""
1b,sparse49_n200,null,,200,events<Grule,4995,EDGE.sym.sc.G10,0.05,0.0482482482482483,0.00303203961419814,,,0.0442442442442442,0.0504817762882279,""
1b,sparse49_n200,null,,200,events<Grule,4995,EDGE.sym.sc.G10,0.1,0.101701701701702,0.00427667897996022,,,0.0442442442442442,0.106409719312945,""
1b,sparse49_n200,null,,200,events>=Grule,5,EDGE.sym.sc.G10,0.01,0,0,,,0,0,""
1b,sparse49_n200,null,,200,events>=Grule,5,EDGE.sym.sc.G10,0.05,0,0,,,0,0,""
1b,sparse49_n200,null,,200,events>=Grule,5,EDGE.sym.sc.G10,0.1,0,0,,,0,0,""
1b,sparse49_n200,null,,200,all,5000,EDGE.poly3.u.Grule,0.01,0.0118,0.00152713850059515,,,0.084,0.012882096069869,""
1b,sparse49_n200,null,,200,all,5000,EDGE.poly3.u.Grule,0.05,0.0378,0.00269707841932711,,,0.084,0.0412663755458515,""
1b,sparse49_n200,null,,200,all,5000,EDGE.poly3.u.Grule,0.1,0.0806,0.00384976986325157,,,0.084,0.0879912663755459,""
1b,sparse49_n200,null,,200,events<G10,4995,EDGE.poly3.u.Grule,0.01,0.0118118118118118,0.00152865803176672,,,0.0840840840840841,0.012896174863388,""
1b,sparse49_n200,null,,200,events<G10,4995,EDGE.poly3.u.Grule,0.05,0.0378378378378378,0.00269972511356395,,,0.0840840840840841,0.0413114754098361,""
1b,sparse49_n200,null,,200,events<G10,4995,EDGE.poly3.u.Grule,0.1,0.0806806806806807,0.00385345439831802,,,0.0840840840840841,0.0880874316939891,""
1b,sparse49_n200,null,,200,events>=G10,5,EDGE.poly3.u.Grule,0.01,0,0,,,0,0,""
1b,sparse49_n200,null,,200,events>=G10,5,EDGE.poly3.u.Grule,0.05,0,0,,,0,0,""
1b,sparse49_n200,null,,200,events>=G10,5,EDGE.poly3.u.Grule,0.1,0,0,,,0,0,""
1b,sparse49_n200,null,,200,events<Grule,4995,EDGE.poly3.u.Grule,0.01,0.0118118118118118,0.00152865803176672,,,0.0840840840840841,0.012896174863388,""
1b,sparse49_n200,null,,200,events<Grule,4995,EDGE.poly3.u.Grule,0.05,0.0378378378378378,0.00269972511356395,,,0.0840840840840841,0.0413114754098361,""
1b,sparse49_n200,null,,200,events<Grule,4995,EDGE.poly3.u.Grule,0.1,0.0806806806806807,0.00385345439831802,,,0.0840840840840841,0.0880874316939891,""
1b,sparse49_n200,null,,200,events>=Grule,5,EDGE.poly3.u.Grule,0.01,0,0,,,0,0,""
1b,sparse49_n200,null,,200,events>=Grule,5,EDGE.poly3.u.Grule,0.05,0,0,,,0,0,""
1b,sparse49_n200,null,,200,events>=Grule,5,EDGE.poly3.u.Grule,0.1,0,0,,,0,0,""
1b,sparse49_n200,null,,200,all,5000,EDGE.poly3.sc.Grule,0.01,0.0056,0.00105533312276267,,,0.084,0.00611353711790393,""
1b,sparse49_n200,null,,200,all,5000,EDGE.poly3.sc.Grule,0.05,0.0346,0.0025846794772273,,,0.084,0.0377729257641921,""
1b,sparse49_n200,null,,200,all,5000,EDGE.poly3.sc.Grule,0.1,0.0708,0.00362732297982962,,,0.084,0.077292576419214,""
1b,sparse49_n200,null,,200,events<G10,4995,EDGE.poly3.sc.Grule,0.01,0.00560560560560561,0.00105638653474512,,,0.0840840840840841,0.00612021857923497,""
1b,sparse49_n200,null,,200,events<G10,4995,EDGE.poly3.sc.Grule,0.05,0.0346346346346346,0.00258722033323888,,,0.0840840840840841,0.0378142076502732,""
1b,sparse49_n200,null,,200,events<G10,4995,EDGE.poly3.sc.Grule,0.1,0.0708708708708709,0.00363081546315735,,,0.0840840840840841,0.0773770491803279,""
1b,sparse49_n200,null,,200,events>=G10,5,EDGE.poly3.sc.Grule,0.01,0,0,,,0,0,""
1b,sparse49_n200,null,,200,events>=G10,5,EDGE.poly3.sc.Grule,0.05,0,0,,,0,0,""
1b,sparse49_n200,null,,200,events>=G10,5,EDGE.poly3.sc.Grule,0.1,0,0,,,0,0,""
1b,sparse49_n200,null,,200,events<Grule,4995,EDGE.poly3.sc.Grule,0.01,0.00560560560560561,0.00105638653474512,,,0.0840840840840841,0.00612021857923497,""
1b,sparse49_n200,null,,200,events<Grule,4995,EDGE.poly3.sc.Grule,0.05,0.0346346346346346,0.00258722033323888,,,0.0840840840840841,0.0378142076502732,""
1b,sparse49_n200,null,,200,events<Grule,4995,EDGE.poly3.sc.Grule,0.1,0.0708708708708709,0.00363081546315735,,,0.0840840840840841,0.0773770491803279,""
1b,sparse49_n200,null,,200,events>=Grule,5,EDGE.poly3.sc.Grule,0.01,0,0,,,0,0,""
1b,sparse49_n200,null,,200,events>=Grule,5,EDGE.poly3.sc.Grule,0.05,0,0,,,0,0,""
1b,sparse49_n200,null,,200,events>=Grule,5,EDGE.poly3.sc.Grule,0.1,0,0,,,0,0,""
1b,sparse49_n200,null,,200,all,5000,EDGE.poly2.u.Grule,0.01,0.0052,0.00101714895664303,,,0.0812,0.00565955594253374,""
1b,sparse49_n200,null,,200,all,5000,EDGE.poly2.u.Grule,0.05,0.036,0.00263453980801202,,,0.0812,0.0391815411406182,""
1b,sparse49_n200,null,,200,all,5000,EDGE.poly2.u.Grule,0.1,0.0894,0.00403503754629371,,,0.0812,0.0973008271658685,""
1b,sparse49_n200,null,,200,events<G10,4995,EDGE.poly2.u.Grule,0.01,0.00520520520520521,0.00101816446002748,,,0.0812812812812813,0.0056657223796034,""
1b,sparse49_n200,null,,200,events<G10,4995,EDGE.poly2.u.Grule,0.05,0.036036036036036,0.00263712769335126,,,0.0812812812812813,0.0392242318587928,""
1b,sparse49_n200,null,,200,events<G10,4995,EDGE.poly2.u.Grule,0.1,0.0892892892892893,0.00403480136357964,,,0.0812812812812813,0.0971889300501199,""
1b,sparse49_n200,null,,200,events>=G10,5,EDGE.poly2.u.Grule,0.01,0,0,,,0,0,""
1b,sparse49_n200,null,,200,events>=G10,5,EDGE.poly2.u.Grule,0.05,0,0,,,0,0,""
1b,sparse49_n200,null,,200,events>=G10,5,EDGE.poly2.u.Grule,0.1,0.2,0.178885438199983,,,0,0.2,""
1b,sparse49_n200,null,,200,events<Grule,4995,EDGE.poly2.u.Grule,0.01,0.00520520520520521,0.00101816446002748,,,0.0812812812812813,0.0056657223796034,""
1b,sparse49_n200,null,,200,events<Grule,4995,EDGE.poly2.u.Grule,0.05,0.036036036036036,0.00263712769335126,,,0.0812812812812813,0.0392242318587928,""
1b,sparse49_n200,null,,200,events<Grule,4995,EDGE.poly2.u.Grule,0.1,0.0892892892892893,0.00403480136357964,,,0.0812812812812813,0.0971889300501199,""
1b,sparse49_n200,null,,200,events>=Grule,5,EDGE.poly2.u.Grule,0.01,0,0,,,0,0,""
1b,sparse49_n200,null,,200,events>=Grule,5,EDGE.poly2.u.Grule,0.05,0,0,,,0,0,""
1b,sparse49_n200,null,,200,events>=Grule,5,EDGE.poly2.u.Grule,0.1,0.2,0.178885438199983,,,0,0.2,""
1b,sparse49_n200,null,,200,all,5000,EDGE.poly2.sc.Grule,0.01,0.0058,0.00107390502373348,,,0.0812,0.00631258162821071,""
1b,sparse49_n200,null,,200,all,5000,EDGE.poly2.sc.Grule,0.05,0.0438,0.00289418589589542,,,0.0812,0.0476708750544188,""
1b,sparse49_n200,null,,200,all,5000,EDGE.poly2.sc.Grule,0.1,0.09,0.00404722126896961,,,0.0812,0.0979538528515455,""
1b,sparse49_n200,null,,200,events<G10,4995,EDGE.poly2.sc.Grule,0.01,0.00580580580580581,0.00107497686496521,,,0.0812812812812813,0.00631945957724995,""
1b,sparse49_n200,null,,200,events<G10,4995,EDGE.poly2.sc.Grule,0.05,0.0438438438438438,0.00289701655934398,,,0.0812812812812813,0.0477228154281979,""
1b,sparse49_n200,null,,200,events<G10,4995,EDGE.poly2.sc.Grule,0.1,0.0898898898898899,0.004047013446349,,,0.0812812812812813,0.0978426672477664,""
1b,sparse49_n200,null,,200,events>=G10,5,EDGE.poly2.sc.Grule,0.01,0,0,,,0,0,""
1b,sparse49_n200,null,,200,events>=G10,5,EDGE.poly2.sc.Grule,0.05,0,0,,,0,0,""
1b,sparse49_n200,null,,200,events>=G10,5,EDGE.poly2.sc.Grule,0.1,0.2,0.178885438199983,,,0,0.2,""
1b,sparse49_n200,null,,200,events<Grule,4995,EDGE.poly2.sc.Grule,0.01,0.00580580580580581,0.00107497686496521,,,0.0812812812812813,0.00631945957724995,""
1b,sparse49_n200,null,,200,events<Grule,4995,EDGE.poly2.sc.Grule,0.05,0.0438438438438438,0.00289701655934398,,,0.0812812812812813,0.0477228154281979,""
1b,sparse49_n200,null,,200,events<Grule,4995,EDGE.poly2.sc.Grule,0.1,0.0898898898898899,0.004047013446349,,,0.0812812812812813,0.0978426672477664,""
1b,sparse49_n200,null,,200,events>=Grule,5,EDGE.poly2.sc.Grule,0.01,0,0,,,0,0,""
1b,sparse49_n200,null,,200,events>=Grule,5,EDGE.poly2.sc.Grule,0.05,0,0,,,0,0,""
1b,sparse49_n200,null,,200,events>=Grule,5,EDGE.poly2.sc.Grule,0.1,0.2,0.178885438199983,,,0,0.2,""
1b,sparse49_n200,null,,200,all,5000,EDGE.stk.u.Grule,0.01,0.0114,0.00150133540556399,,,0.0442,0.0119271814187068,""
1b,sparse49_n200,null,,200,all,5000,EDGE.stk.u.Grule,0.05,0.0272,0.00230044169671826,,,0.0442,0.0284578363674409,""
1b,sparse49_n200,null,,200,all,5000,EDGE.stk.u.Grule,0.1,0.0446,0.00291927525252416,,,0.0442,0.0466624816907303,""
1b,sparse49_n200,null,,200,events<G10,4995,EDGE.stk.u.Grule,0.01,0.0114114114114114,0.00150282957015062,,,0.0442442442442442,0.0119396732299958,""
1b,sparse49_n200,null,,200,events<G10,4995,EDGE.stk.u.Grule,0.05,0.0272272272272272,0.00230271221573546,,,0.0442442442442442,0.0284876413908672,""
1b,sparse49_n200,null,,200,events<G10,4995,EDGE.stk.u.Grule,0.1,0.0446446446446446,0.00292212917386421,,,0.0442442442442442,0.0467113531629661,""
1b,sparse49_n200,null,,200,events>=G10,5,EDGE.stk.u.Grule,0.01,0,0,,,0,0,""
1b,sparse49_n200,null,,200,events>=G10,5,EDGE.stk.u.Grule,0.05,0,0,,,0,0,""
1b,sparse49_n200,null,,200,events>=G10,5,EDGE.stk.u.Grule,0.1,0,0,,,0,0,""
1b,sparse49_n200,null,,200,events<Grule,4995,EDGE.stk.u.Grule,0.01,0.0114114114114114,0.00150282957015062,,,0.0442442442442442,0.0119396732299958,""
1b,sparse49_n200,null,,200,events<Grule,4995,EDGE.stk.u.Grule,0.05,0.0272272272272272,0.00230271221573546,,,0.0442442442442442,0.0284876413908672,""
1b,sparse49_n200,null,,200,events<Grule,4995,EDGE.stk.u.Grule,0.1,0.0446446446446446,0.00292212917386421,,,0.0442442442442442,0.0467113531629661,""
1b,sparse49_n200,null,,200,events>=Grule,5,EDGE.stk.u.Grule,0.01,0,0,,,0,0,""
1b,sparse49_n200,null,,200,events>=Grule,5,EDGE.stk.u.Grule,0.05,0,0,,,0,0,""
1b,sparse49_n200,null,,200,events>=Grule,5,EDGE.stk.u.Grule,0.1,0,0,,,0,0,""
1b,sparse49_n200,null,,200,all,5000,EDGE.stk.sc.Grule,0.01,0.0058,0.00107390502373348,,,0.0442,0.00606821510776313,""
1b,sparse49_n200,null,,200,all,5000,EDGE.stk.sc.Grule,0.05,0.0356,0.00262040607540129,,,0.0442,0.0372462858338565,""
1b,sparse49_n200,null,,200,all,5000,EDGE.stk.sc.Grule,0.1,0.0774,0.00377913323395723,,,0.0442,0.0809792843691149,""
1b,sparse49_n200,null,,200,events<G10,4995,EDGE.stk.sc.Grule,0.01,0.00580580580580581,0.00107497686496521,,,0.0442442442442442,0.00607457059069962,""
1b,sparse49_n200,null,,200,events<G10,4995,EDGE.stk.sc.Grule,0.05,0.0356356356356356,0.00262298064215981,,,0.0442442442442442,0.0372852953498115,""
1b,sparse49_n200,null,,200,events<G10,4995,EDGE.stk.sc.Grule,0.1,0.0772772772772773,0.00377827676515256,,,0.0442442442442442,0.080854629241726,""
1b,sparse49_n200,null,,200,events>=G10,5,EDGE.stk.sc.Grule,0.01,0,0,,,0,0,""
1b,sparse49_n200,null,,200,events>=G10,5,EDGE.stk.sc.Grule,0.05,0,0,,,0,0,""
1b,sparse49_n200,null,,200,events>=G10,5,EDGE.stk.sc.Grule,0.1,0.2,0.178885438199983,,,0,0.2,""
1b,sparse49_n200,null,,200,events<Grule,4995,EDGE.stk.sc.Grule,0.01,0.00580580580580581,0.00107497686496521,,,0.0442442442442442,0.00607457059069962,""
1b,sparse49_n200,null,,200,events<Grule,4995,EDGE.stk.sc.Grule,0.05,0.0356356356356356,0.00262298064215981,,,0.0442442442442442,0.0372852953498115,""
1b,sparse49_n200,null,,200,events<Grule,4995,EDGE.stk.sc.Grule,0.1,0.0772772772772773,0.00377827676515256,,,0.0442442442442442,0.080854629241726,""
1b,sparse49_n200,null,,200,events>=Grule,5,EDGE.stk.sc.Grule,0.01,0,0,,,0,0,""
1b,sparse49_n200,null,,200,events>=Grule,5,EDGE.stk.sc.Grule,0.05,0,0,,,0,0,""
1b,sparse49_n200,null,,200,events>=Grule,5,EDGE.stk.sc.Grule,0.1,0.2,0.178885438199983,,,0,0.2,""
1b,sparse49_n200,null,,200,all,5000,EDGE.sym.u.Grule,0.01,0.009,0.00133558975737312,,,0.0442,0.00941619585687382,""
1b,sparse49_n200,null,,200,all,5000,EDGE.sym.u.Grule,0.05,0.0314,0.00246633493264804,,,0.0442,0.0328520611006487,""
1b,sparse49_n200,null,,200,all,5000,EDGE.sym.u.Grule,0.1,0.0608,0.00337944847571316,,,0.0442,0.0636116342331032,""
1b,sparse49_n200,null,,200,events<G10,4995,EDGE.sym.u.Grule,0.01,0.00900900900900901,0.00133692060715914,,,0.0442442442442442,0.00942605781315459,""
1b,sparse49_n200,null,,200,events<G10,4995,EDGE.sym.u.Grule,0.05,0.0314314314314314,0.00246876367925821,,,0.0442442442442442,0.0328864683703393,""
1b,sparse49_n200,null,,200,events<G10,4995,EDGE.sym.u.Grule,0.1,0.0608608608608609,0.00338272170024797,,,0.0442442442442442,0.0636782572266443,""
1b,sparse49_n200,null,,200,events>=G10,5,EDGE.sym.u.Grule,0.01,0,0,,,0,0,""
1b,sparse49_n200,null,,200,events>=G10,5,EDGE.sym.u.Grule,0.05,0,0,,,0,0,""
1b,sparse49_n200,null,,200,events>=G10,5,EDGE.sym.u.Grule,0.1,0,0,,,0,0,""
1b,sparse49_n200,null,,200,events<Grule,4995,EDGE.sym.u.Grule,0.01,0.00900900900900901,0.00133692060715914,,,0.0442442442442442,0.00942605781315459,""
1b,sparse49_n200,null,,200,events<Grule,4995,EDGE.sym.u.Grule,0.05,0.0314314314314314,0.00246876367925821,,,0.0442442442442442,0.0328864683703393,""
1b,sparse49_n200,null,,200,events<Grule,4995,EDGE.sym.u.Grule,0.1,0.0608608608608609,0.00338272170024797,,,0.0442442442442442,0.0636782572266443,""
1b,sparse49_n200,null,,200,events>=Grule,5,EDGE.sym.u.Grule,0.01,0,0,,,0,0,""
1b,sparse49_n200,null,,200,events>=Grule,5,EDGE.sym.u.Grule,0.05,0,0,,,0,0,""
1b,sparse49_n200,null,,200,events>=Grule,5,EDGE.sym.u.Grule,0.1,0,0,,,0,0,""
1b,sparse49_n200,null,,200,all,5000,EDGE.sym.sc.Grule,0.01,0.006,0.00109215383531808,,,0.0442,0.00627746390458255,""
1b,sparse49_n200,null,,200,all,5000,EDGE.sym.sc.Grule,0.05,0.0482,0.00302908435009658,,,0.0442,0.0504289600334798,""
1b,sparse49_n200,null,,200,all,5000,EDGE.sym.sc.Grule,0.1,0.1016,0.00427264414619331,,,0.0442,0.106298388784265,""
1b,sparse49_n200,null,,200,events<G10,4995,EDGE.sym.sc.Grule,0.01,0.00600600600600601,0.00109324377955418,,,0.0442442442442442,0.00628403854210306,""
1b,sparse49_n200,null,,200,events<G10,4995,EDGE.sym.sc.Grule,0.05,0.0482482482482483,0.00303203961419814,,,0.0442442442442442,0.0504817762882279,""
1b,sparse49_n200,null,,200,events<G10,4995,EDGE.sym.sc.Grule,0.1,0.101701701701702,0.00427667897996022,,,0.0442442442442442,0.106409719312945,""
1b,sparse49_n200,null,,200,events>=G10,5,EDGE.sym.sc.Grule,0.01,0,0,,,0,0,""
1b,sparse49_n200,null,,200,events>=G10,5,EDGE.sym.sc.Grule,0.05,0,0,,,0,0,""
1b,sparse49_n200,null,,200,events>=G10,5,EDGE.sym.sc.Grule,0.1,0,0,,,0,0,""
1b,sparse49_n200,null,,200,events<Grule,4995,EDGE.sym.sc.Grule,0.01,0.00600600600600601,0.00109324377955418,,,0.0442442442442442,0.00628403854210306,""
1b,sparse49_n200,null,,200,events<Grule,4995,EDGE.sym.sc.Grule,0.05,0.0482482482482483,0.00303203961419814,,,0.0442442442442442,0.0504817762882279,""
1b,sparse49_n200,null,,200,events<Grule,4995,EDGE.sym.sc.Grule,0.1,0.101701701701702,0.00427667897996022,,,0.0442442442442442,0.106409719312945,""
1b,sparse49_n200,null,,200,events>=Grule,5,EDGE.sym.sc.Grule,0.01,0,0,,,0,0,""
1b,sparse49_n200,null,,200,events>=Grule,5,EDGE.sym.sc.Grule,0.05,0,0,,,0,0,""
1b,sparse49_n200,null,,200,events>=Grule,5,EDGE.sym.sc.Grule,0.1,0,0,,,0,0,""
1b,sparse49_n200,null,,200,all,5000,HL.G10,0.01,0.0184,0.00190060200989055,,,0.0442,0.0192508893073865,""
1b,sparse49_n200,null,,200,all,5000,HL.G10,0.05,0.0496,0.00307049963361014,,,0.0442,0.0518937016112157,""
1b,sparse49_n200,null,,200,all,5000,HL.G10,0.1,0.0742,0.00370659844061911,,,0.0442,0.0776313036200042,""
1b,sparse49_n200,null,,200,events<G10,4995,HL.G10,0.01,0.0184184184184184,0.00190248666533784,,,0.0442442442442442,0.019271051529116,""
1b,sparse49_n200,null,,200,events<G10,4995,HL.G10,0.05,0.0496496496496497,0.00307349292281761,,,0.0442442442442442,0.051948051948052,""
1b,sparse49_n200,null,,200,events<G10,4995,HL.G10,0.1,0.0742742742742743,0.00371015991267741,,,0.0442442442442442,0.0777126099706745,""
1b,sparse49_n200,null,,200,events>=G10,5,HL.G10,0.01,0,0,,,0,0,""
1b,sparse49_n200,null,,200,events>=G10,5,HL.G10,0.05,0,0,,,0,0,""
1b,sparse49_n200,null,,200,events>=G10,5,HL.G10,0.1,0,0,,,0,0,""
1b,sparse49_n200,null,,200,events<Grule,4995,HL.G10,0.01,0.0184184184184184,0.00190248666533784,,,0.0442442442442442,0.019271051529116,""
1b,sparse49_n200,null,,200,events<Grule,4995,HL.G10,0.05,0.0496496496496497,0.00307349292281761,,,0.0442442442442442,0.051948051948052,""
1b,sparse49_n200,null,,200,events<Grule,4995,HL.G10,0.1,0.0742742742742743,0.00371015991267741,,,0.0442442442442442,0.0777126099706745,""
1b,sparse49_n200,null,,200,events>=Grule,5,HL.G10,0.01,0,0,,,0,0,""
1b,sparse49_n200,null,,200,events>=Grule,5,HL.G10,0.05,0,0,,,0,0,""
1b,sparse49_n200,null,,200,events>=Grule,5,HL.G10,0.1,0,0,,,0,0,""
1b,sparse49_n200,null,,200,all,5000,HL.Grule,0.01,0.0184,0.00190060200989055,,,0.0442,0.0192508893073865,""
1b,sparse49_n200,null,,200,all,5000,HL.Grule,0.05,0.0496,0.00307049963361014,,,0.0442,0.0518937016112157,""
1b,sparse49_n200,null,,200,all,5000,HL.Grule,0.1,0.0742,0.00370659844061911,,,0.0442,0.0776313036200042,""
1b,sparse49_n200,null,,200,events<G10,4995,HL.Grule,0.01,0.0184184184184184,0.00190248666533784,,,0.0442442442442442,0.019271051529116,""
1b,sparse49_n200,null,,200,events<G10,4995,HL.Grule,0.05,0.0496496496496497,0.00307349292281761,,,0.0442442442442442,0.051948051948052,""
1b,sparse49_n200,null,,200,events<G10,4995,HL.Grule,0.1,0.0742742742742743,0.00371015991267741,,,0.0442442442442442,0.0777126099706745,""
1b,sparse49_n200,null,,200,events>=G10,5,HL.Grule,0.01,0,0,,,0,0,""
1b,sparse49_n200,null,,200,events>=G10,5,HL.Grule,0.05,0,0,,,0,0,""
1b,sparse49_n200,null,,200,events>=G10,5,HL.Grule,0.1,0,0,,,0,0,""
1b,sparse49_n200,null,,200,events<Grule,4995,HL.Grule,0.01,0.0184184184184184,0.00190248666533784,,,0.0442442442442442,0.019271051529116,""
1b,sparse49_n200,null,,200,events<Grule,4995,HL.Grule,0.05,0.0496496496496497,0.00307349292281761,,,0.0442442442442442,0.051948051948052,""
1b,sparse49_n200,null,,200,events<Grule,4995,HL.Grule,0.1,0.0742742742742743,0.00371015991267741,,,0.0442442442442442,0.0777126099706745,""
1b,sparse49_n200,null,,200,events>=Grule,5,HL.Grule,0.01,0,0,,,0,0,""
1b,sparse49_n200,null,,200,events>=Grule,5,HL.Grule,0.05,0,0,,,0,0,""
1b,sparse49_n200,null,,200,events>=Grule,5,HL.Grule,0.1,0,0,,,0,0,""
1b,sparse49_n200,null,,200,all,5000,HLF.G10,0.01,0.0018,0.000599459756781054,,,0.0442,0.00188323917137476,""
1b,sparse49_n200,null,,200,all,5000,HLF.G10,0.05,0.0158,0.00176353962246387,,,0.0442,0.016530654948734,""
1b,sparse49_n200,null,,200,all,5000,HLF.G10,0.1,0.0314,0.00246633493264804,,,0.0442,0.0328520611006487,""
1b,sparse49_n200,null,,200,events<G10,4995,HLF.G10,0.01,0.0018018018018018,0.000600059275028153,,,0.0442442442442442,0.00188521156263092,""
1b,sparse49_n200,null,,200,events<G10,4995,HLF.G10,0.05,0.0158158158158158,0.00176529074335867,,,0.0442442442442442,0.0165479681608714,""
1b,sparse49_n200,null,,200,events<G10,4995,HLF.G10,0.1,0.0314314314314314,0.00246876367925821,,,0.0442442442442442,0.0328864683703393,""
1b,sparse49_n200,null,,200,events>=G10,5,HLF.G10,0.01,0,0,,,0,0,""
1b,sparse49_n200,null,,200,events>=G10,5,HLF.G10,0.05,0,0,,,0,0,""
1b,sparse49_n200,null,,200,events>=G10,5,HLF.G10,0.1,0,0,,,0,0,""
1b,sparse49_n200,null,,200,events<Grule,4995,HLF.G10,0.01,0.0018018018018018,0.000600059275028153,,,0.0442442442442442,0.00188521156263092,""
1b,sparse49_n200,null,,200,events<Grule,4995,HLF.G10,0.05,0.0158158158158158,0.00176529074335867,,,0.0442442442442442,0.0165479681608714,""
1b,sparse49_n200,null,,200,events<Grule,4995,HLF.G10,0.1,0.0314314314314314,0.00246876367925821,,,0.0442442442442442,0.0328864683703393,""
1b,sparse49_n200,null,,200,events>=Grule,5,HLF.G10,0.01,0,0,,,0,0,""
1b,sparse49_n200,null,,200,events>=Grule,5,HLF.G10,0.05,0,0,,,0,0,""
1b,sparse49_n200,null,,200,events>=Grule,5,HLF.G10,0.1,0,0,,,0,0,""
1b,sparse49_n200,null,,200,all,5000,HLF.Grule,0.01,0.0018,0.000599459756781054,,,0.0442,0.00188323917137476,""
1b,sparse49_n200,null,,200,all,5000,HLF.Grule,0.05,0.0158,0.00176353962246387,,,0.0442,0.016530654948734,""
1b,sparse49_n200,null,,200,all,5000,HLF.Grule,0.1,0.0314,0.00246633493264804,,,0.0442,0.0328520611006487,""
1b,sparse49_n200,null,,200,events<G10,4995,HLF.Grule,0.01,0.0018018018018018,0.000600059275028153,,,0.0442442442442442,0.00188521156263092,""
1b,sparse49_n200,null,,200,events<G10,4995,HLF.Grule,0.05,0.0158158158158158,0.00176529074335867,,,0.0442442442442442,0.0165479681608714,""
1b,sparse49_n200,null,,200,events<G10,4995,HLF.Grule,0.1,0.0314314314314314,0.00246876367925821,,,0.0442442442442442,0.0328864683703393,""
1b,sparse49_n200,null,,200,events>=G10,5,HLF.Grule,0.01,0,0,,,0,0,""
1b,sparse49_n200,null,,200,events>=G10,5,HLF.Grule,0.05,0,0,,,0,0,""
1b,sparse49_n200,null,,200,events>=G10,5,HLF.Grule,0.1,0,0,,,0,0,""
1b,sparse49_n200,null,,200,events<Grule,4995,HLF.Grule,0.01,0.0018018018018018,0.000600059275028153,,,0.0442442442442442,0.00188521156263092,""
1b,sparse49_n200,null,,200,events<Grule,4995,HLF.Grule,0.05,0.0158158158158158,0.00176529074335867,,,0.0442442442442442,0.0165479681608714,""
1b,sparse49_n200,null,,200,events<Grule,4995,HLF.Grule,0.1,0.0314314314314314,0.00246876367925821,,,0.0442442442442442,0.0328864683703393,""
1b,sparse49_n200,null,,200,events>=Grule,5,HLF.Grule,0.01,0,0,,,0,0,""
1b,sparse49_n200,null,,200,events>=Grule,5,HLF.Grule,0.05,0,0,,,0,0,""
1b,sparse49_n200,null,,200,events>=Grule,5,HLF.Grule,0.1,0,0,,,0,0,""
1b,sparse49_n200,null,,200,all,5000,Stk.joint,0.01,0.007,0.00117906742809731,,,0.0452,0.00733137829912024,""
1b,sparse49_n200,null,,200,all,5000,Stk.joint,0.05,0.0304,0.00242799670510485,,,0.0452,0.0318391286133222,""
1b,sparse49_n200,null,,200,all,5000,Stk.joint,0.1,0.0714,0.0036414843127494,,,0.0452,0.0747800586510264,""
1b,sparse49_n200,null,,200,events<G10,4995,Stk.joint,0.01,0.00700700700700701,0.00118024351161481,,,0.0452452452452453,0.00733906479345775,""
1b,sparse49_n200,null,,200,events<G10,4995,Stk.joint,0.05,0.0304304304304304,0.00243038899304357,,,0.0452452452452453,0.0318725099601594,""
1b,sparse49_n200,null,,200,events<G10,4995,Stk.joint,0.1,0.0714714714714715,0.00364498916231973,,,0.0452452452452453,0.074858460893269,""
1b,sparse49_n200,null,,200,events>=G10,5,Stk.joint,0.01,0,0,,,0,0,""
1b,sparse49_n200,null,,200,events>=G10,5,Stk.joint,0.05,0,0,,,0,0,""
1b,sparse49_n200,null,,200,events>=G10,5,Stk.joint,0.1,0,0,,,0,0,""
1b,sparse49_n200,null,,200,events<Grule,4995,Stk.joint,0.01,0.00700700700700701,0.00118024351161481,,,0.0452452452452453,0.00733906479345775,""
1b,sparse49_n200,null,,200,events<Grule,4995,Stk.joint,0.05,0.0304304304304304,0.00243038899304357,,,0.0452452452452453,0.0318725099601594,""
1b,sparse49_n200,null,,200,events<Grule,4995,Stk.joint,0.1,0.0714714714714715,0.00364498916231973,,,0.0452452452452453,0.074858460893269,""
1b,sparse49_n200,null,,200,events>=Grule,5,Stk.joint,0.01,0,0,,,0,0,""
1b,sparse49_n200,null,,200,events>=Grule,5,Stk.joint,0.05,0,0,,,0,0,""
1b,sparse49_n200,null,,200,events>=Grule,5,Stk.joint,0.1,0,0,,,0,0,""
1b,sparse49_n200,null,,200,all,5000,Stk.LR,0.01,0.0434,0.00288154264240528,,,0.2574,0.0584433072986803,""
1b,sparse49_n200,null,,200,all,5000,Stk.LR,0.05,0.1166,0.00453882011099801,,,0.2574,0.157015890115809,""
1b,sparse49_n200,null,,200,all,5000,Stk.LR,0.1,0.1794,0.00542615222786829,,,0.2574,0.241583625100997,""
1b,sparse49_n200,null,,200,events<G10,4995,Stk.LR,0.01,0.0434434434434434,0.00288436157142593,,,0.257657657657658,0.0585221143473571,""
1b,sparse49_n200,null,,200,events<G10,4995,Stk.LR,0.05,0.116716716716717,0.00454306332505863,,,0.257657657657658,0.15722761596548,""
1b,sparse49_n200,null,,200,events<G10,4995,Stk.LR,0.1,0.17957957957958,0.00543098945699605,,,0.257657657657658,0.241909385113269,""
1b,sparse49_n200,null,,200,events>=G10,5,Stk.LR,0.01,0,0,,,0,0,""
1b,sparse49_n200,null,,200,events>=G10,5,Stk.LR,0.05,0,0,,,0,0,""
1b,sparse49_n200,null,,200,events>=G10,5,Stk.LR,0.1,0,0,,,0,0,""
1b,sparse49_n200,null,,200,events<Grule,4995,Stk.LR,0.01,0.0434434434434434,0.00288436157142593,,,0.257657657657658,0.0585221143473571,""
1b,sparse49_n200,null,,200,events<Grule,4995,Stk.LR,0.05,0.116716716716717,0.00454306332505863,,,0.257657657657658,0.15722761596548,""
1b,sparse49_n200,null,,200,events<Grule,4995,Stk.LR,0.1,0.17957957957958,0.00543098945699605,,,0.257657657657658,0.241909385113269,""
1b,sparse49_n200,null,,200,events>=Grule,5,Stk.LR,0.01,0,0,,,0,0,""
1b,sparse49_n200,null,,200,events>=Grule,5,Stk.LR,0.05,0,0,,,0,0,""
1b,sparse49_n200,null,,200,events>=Grule,5,Stk.LR,0.1,0,0,,,0,0,""
1b,sparse49_n200,null,,200,all,5000,Stk.sym1,0.01,0.0062,0.00111009549138802,,,0.045,0.00649214659685864,""
1b,sparse49_n200,null,,200,all,5000,Stk.sym1,0.05,0.0308,0.00244341400503476,,,0.045,0.0322513089005236,""
1b,sparse49_n200,null,,200,all,5000,Stk.sym1,0.1,0.075,0.00372491610643784,,,0.045,0.0785340314136126,""
1b,sparse49_n200,null,,200,events<G10,4995,Stk.sym1,0.01,0.00620620620620621,0.00111120322837958,,,0.0450450450450451,0.00649895178197065,""
1b,sparse49_n200,null,,200,events<G10,4995,Stk.sym1,0.05,0.0308308308308308,0.00244582096245876,,,0.0450450450450451,0.0322851153039832,""
1b,sparse49_n200,null,,200,events<G10,4995,Stk.sym1,0.1,0.0750750750750751,0.0037284934355324,,,0.0450450450450451,0.0786163522012579,""
1b,sparse49_n200,null,,200,events>=G10,5,Stk.sym1,0.01,0,0,,,0,0,""
1b,sparse49_n200,null,,200,events>=G10,5,Stk.sym1,0.05,0,0,,,0,0,""
1b,sparse49_n200,null,,200,events>=G10,5,Stk.sym1,0.1,0,0,,,0,0,""
1b,sparse49_n200,null,,200,events<Grule,4995,Stk.sym1,0.01,0.00620620620620621,0.00111120322837958,,,0.0450450450450451,0.00649895178197065,""
1b,sparse49_n200,null,,200,events<Grule,4995,Stk.sym1,0.05,0.0308308308308308,0.00244582096245876,,,0.0450450450450451,0.0322851153039832,""
1b,sparse49_n200,null,,200,events<Grule,4995,Stk.sym1,0.1,0.0750750750750751,0.0037284934355324,,,0.0450450450450451,0.0786163522012579,""
1b,sparse49_n200,null,,200,events>=Grule,5,Stk.sym1,0.01,0,0,,,0,0,""
1b,sparse49_n200,null,,200,events>=Grule,5,Stk.sym1,0.05,0,0,,,0,0,""
1b,sparse49_n200,null,,200,events>=Grule,5,Stk.sym1,0.1,0,0,,,0,0,""
1b,sparse49_n200,null,,200,all,5000,Stk.marg,0.01,0.005,0.000997496867163,,,0.6498,0.0142775556824672,""
1b,sparse49_n200,null,,200,all,5000,Stk.marg,0.05,0.02,0.00197989898732233,,,0.6498,0.0571102227298687,""
1b,sparse49_n200,null,,200,all,5000,Stk.marg,0.1,0.0356,0.00262040607540129,,,0.6498,0.101656196459166,""
1b,sparse49_n200,null,,200,events<G10,4995,Stk.marg,0.01,0.00500500500500501,0.000998492851228756,,,0.65005005005005,0.0143020594965675,""
1b,sparse49_n200,null,,200,events<G10,4995,Stk.marg,0.05,0.02002002002002,0.00198186062456945,,,0.65005005005005,0.05720823798627,""
1b,sparse49_n200,null,,200,events<G10,4995,Stk.marg,0.1,0.0356356356356356,0.00262298064215981,,,0.65005005005005,0.101830663615561,""
1b,sparse49_n200,null,,200,events>=G10,5,Stk.marg,0.01,0,0,,,0.4,0,""
1b,sparse49_n200,null,,200,events>=G10,5,Stk.marg,0.05,0,0,,,0.4,0,""
1b,sparse49_n200,null,,200,events>=G10,5,Stk.marg,0.1,0,0,,,0.4,0,""
1b,sparse49_n200,null,,200,events<Grule,4995,Stk.marg,0.01,0.00500500500500501,0.000998492851228756,,,0.65005005005005,0.0143020594965675,""
1b,sparse49_n200,null,,200,events<Grule,4995,Stk.marg,0.05,0.02002002002002,0.00198186062456945,,,0.65005005005005,0.05720823798627,""
1b,sparse49_n200,null,,200,events<Grule,4995,Stk.marg,0.1,0.0356356356356356,0.00262298064215981,,,0.65005005005005,0.101830663615561,""
1b,sparse49_n200,null,,200,events>=Grule,5,Stk.marg,0.01,0,0,,,0.4,0,""
1b,sparse49_n200,null,,200,events>=Grule,5,Stk.marg,0.05,0,0,,,0.4,0,""
1b,sparse49_n200,null,,200,events>=Grule,5,Stk.marg,0.1,0,0,,,0.4,0,""
1b,sparse49_n200,null,,200,all,5000,GiViTI,0.01,0.0636,0.0034512328232097,,,0.1964,0.0791438526630164,""
1b,sparse49_n200,null,,200,all,5000,GiViTI,0.05,0.142,0.0049363144146215,,,0.1964,0.176704828272773,""
1b,sparse49_n200,null,,200,all,5000,GiViTI,0.1,0.2062,0.00572156552003034,,,0.1964,0.256595321055251,""
1b,sparse49_n200,null,,200,events<G10,4995,GiViTI,0.01,0.0636636636636637,0.00345457007062957,,,0.196596596596597,0.0792424619985049,""
1b,sparse49_n200,null,,200,events<G10,4995,GiViTI,0.05,0.142142142142142,0.00494084635225116,,,0.196596596596597,0.176924993770247,""
1b,sparse49_n200,null,,200,events<G10,4995,GiViTI,0.1,0.206406406406406,0.00572654814996555,,,0.196596596596597,0.256915026164964,""
1b,sparse49_n200,null,,200,events>=G10,5,GiViTI,0.01,0,0,,,0,0,""
1b,sparse49_n200,null,,200,events>=G10,5,GiViTI,0.05,0,0,,,0,0,""
1b,sparse49_n200,null,,200,events>=G10,5,GiViTI,0.1,0,0,,,0,0,""
1b,sparse49_n200,null,,200,events<Grule,4995,GiViTI,0.01,0.0636636636636637,0.00345457007062957,,,0.196596596596597,0.0792424619985049,""
1b,sparse49_n200,null,,200,events<Grule,4995,GiViTI,0.05,0.142142142142142,0.00494084635225116,,,0.196596596596597,0.176924993770247,""
1b,sparse49_n200,null,,200,events<Grule,4995,GiViTI,0.1,0.206406406406406,0.00572654814996555,,,0.196596596596597,0.256915026164964,""
1b,sparse49_n200,null,,200,events>=Grule,5,GiViTI,0.01,0,0,,,0,0,""
1b,sparse49_n200,null,,200,events>=Grule,5,GiViTI,0.05,0,0,,,0,0,""
1b,sparse49_n200,null,,200,events>=Grule,5,GiViTI,0.1,0,0,,,0,0,""
1b,sparse49_n200,null,,200,all,5000,GiViTI.t50,0.01,0.1028,0.00429493096568501,,,0.1964,0.127924340467894,""
1b,sparse49_n200,null,,200,all,5000,GiViTI.t50,0.05,0.1942,0.00559439648219538,,,0.1964,0.241662518666003,""
1b,sparse49_n200,null,,200,all,5000,GiViTI.t50,0.1,0.267,0.00625637275104353,,,0.1964,0.332254853160777,""
1b,sparse49_n200,null,,200,events<G10,4995,GiViTI.t50,0.01,0.102902902902903,0.00429898364218422,,,0.196596596596597,0.128083727884376,""
1b,sparse49_n200,null,,200,events<G10,4995,GiViTI.t50,0.05,0.194394394394394,0.00559932095522715,,,0.196596596596597,0.241963618240718,""
1b,sparse49_n200,null,,200,events<G10,4995,GiViTI.t50,0.1,0.267267267267267,0.00626149353782907,,,0.196596596596597,0.332668826314478,""
1b,sparse49_n200,null,,200,events>=G10,5,GiViTI.t50,0.01,0,0,,,0,0,""
1b,sparse49_n200,null,,200,events>=G10,5,GiViTI.t50,0.05,0,0,,,0,0,""
1b,sparse49_n200,null,,200,events>=G10,5,GiViTI.t50,0.1,0,0,,,0,0,""
1b,sparse49_n200,null,,200,events<Grule,4995,GiViTI.t50,0.01,0.102902902902903,0.00429898364218422,,,0.196596596596597,0.128083727884376,""
1b,sparse49_n200,null,,200,events<Grule,4995,GiViTI.t50,0.05,0.194394394394394,0.00559932095522715,,,0.196596596596597,0.241963618240718,""
1b,sparse49_n200,null,,200,events<Grule,4995,GiViTI.t50,0.1,0.267267267267267,0.00626149353782907,,,0.196596596596597,0.332668826314478,""
1b,sparse49_n200,null,,200,events>=Grule,5,GiViTI.t50,0.01,0,0,,,0,0,""
1b,sparse49_n200,null,,200,events>=Grule,5,GiViTI.t50,0.05,0,0,,,0,0,""
1b,sparse49_n200,null,,200,events>=Grule,5,GiViTI.t50,0.1,0,0,,,0,0,""
1b,sparse49_n200,null,,200,all,5000,Cubic.LR,0.01,0.1348,0.0048296782501529,,,0.0442,0.141033689056288,""
1b,sparse49_n200,null,,200,all,5000,Cubic.LR,0.05,0.2306,0.00595690590827151,,,0.0442,0.241263862732789,""
1b,sparse49_n200,null,,200,all,5000,Cubic.LR,0.1,0.2994,0.00647703080122366,,,0.0442,0.313245448838669,""
1b,sparse49_n200,null,,200,events<G10,4995,Cubic.LR,0.01,0.134934934934935,0.00483413575754036,,,0.0442442442442442,0.141181399245915,""
1b,sparse49_n200,null,,200,events<G10,4995,Cubic.LR,0.05,0.230830830830831,0.00596197423766376,,,0.0442442442442442,0.241516547968161,""
1b,sparse49_n200,null,,200,events<G10,4995,Cubic.LR,0.1,0.2996996996997,0.0064821274220612,,,0.0442442442442442,0.313573523250943,""
1b,sparse49_n200,null,,200,events>=G10,5,Cubic.LR,0.01,0,0,,,0,0,""
1b,sparse49_n200,null,,200,events>=G10,5,Cubic.LR,0.05,0,0,,,0,0,""
1b,sparse49_n200,null,,200,events>=G10,5,Cubic.LR,0.1,0,0,,,0,0,""
1b,sparse49_n200,null,,200,events<Grule,4995,Cubic.LR,0.01,0.134934934934935,0.00483413575754036,,,0.0442442442442442,0.141181399245915,""
1b,sparse49_n200,null,,200,events<Grule,4995,Cubic.LR,0.05,0.230830830830831,0.00596197423766376,,,0.0442442442442442,0.241516547968161,""
1b,sparse49_n200,null,,200,events<Grule,4995,Cubic.LR,0.1,0.2996996996997,0.0064821274220612,,,0.0442442442442442,0.313573523250943,""
1b,sparse49_n200,null,,200,events>=Grule,5,Cubic.LR,0.01,0,0,,,0,0,""
1b,sparse49_n200,null,,200,events>=Grule,5,Cubic.LR,0.05,0,0,,,0,0,""
1b,sparse49_n200,null,,200,events>=Grule,5,Cubic.LR,0.1,0,0,,,0,0,""
1b,sparse49_n200,null,,200,all,5000,HL_w,0.01,0.0092,0.00135021183523179,,,0.3994,0.0153180153180153,""
1b,sparse49_n200,null,,200,all,5000,HL_w,0.05,0.0398,0.00276463234445378,,,0.3994,0.0662670662670663,""
1b,sparse49_n200,null,,200,all,5000,HL_w,0.1,0.0766,0.00376118172919097,,,0.3994,0.127539127539128,""
1b,sparse49_n200,null,,200,events<G10,4995,HL_w,0.01,0.00920920920920921,0.00135155711741372,,,0.3997997997998,0.0153435623749166,""
1b,sparse49_n200,null,,200,events<G10,4995,HL_w,0.05,0.0396396396396396,0.00276066821816505,,,0.3997997997998,0.0660440293529019,""
1b,sparse49_n200,null,,200,events<G10,4995,HL_w,0.1,0.0764764764764765,0.00376027987112037,,,0.3997997997998,0.127418278852568,""
1b,sparse49_n200,null,,200,events>=G10,5,HL_w,0.01,0,0,,,0,0,""
1b,sparse49_n200,null,,200,events>=G10,5,HL_w,0.05,0.2,0.178885438199983,,,0,0.2,""
1b,sparse49_n200,null,,200,events>=G10,5,HL_w,0.1,0.2,0.178885438199983,,,0,0.2,""
1b,sparse49_n200,null,,200,events<Grule,4995,HL_w,0.01,0.00920920920920921,0.00135155711741372,,,0.3997997997998,0.0153435623749166,""
1b,sparse49_n200,null,,200,events<Grule,4995,HL_w,0.05,0.0396396396396396,0.00276066821816505,,,0.3997997997998,0.0660440293529019,""
1b,sparse49_n200,null,,200,events<Grule,4995,HL_w,0.1,0.0764764764764765,0.00376027987112037,,,0.3997997997998,0.127418278852568,""
1b,sparse49_n200,null,,200,events>=Grule,5,HL_w,0.01,0,0,,,0,0,""
1b,sparse49_n200,null,,200,events>=Grule,5,HL_w,0.05,0.2,0.178885438199983,,,0,0.2,""
1b,sparse49_n200,null,,200,events>=Grule,5,HL_w,0.1,0.2,0.178885438199983,,,0,0.2,""
1b,sparse49_n200,null,,200,all,5000,PH,0.01,0.0142,0.00167322204145176,,,0.0984,0.0157497781721384,""
1b,sparse49_n200,null,,200,all,5000,PH,0.05,0.0358,0.00262748396760094,,,0.0984,0.0397071872227152,""
1b,sparse49_n200,null,,200,all,5000,PH,0.1,0.0572,0.00328414859590732,,,0.0984,0.0634427684117125,""
1b,sparse49_n200,null,,200,events<G10,4995,PH,0.01,0.0142142142142142,0.00167488486320772,,,0.0984984984984985,0.0157672662669332,""
1b,sparse49_n200,null,,200,events<G10,4995,PH,0.05,0.0358358358358358,0.00263006520530209,,,0.0984984984984985,0.0397512769264934,""
1b,sparse49_n200,null,,200,events<G10,4995,PH,0.1,0.0572572572572573,0.00328733620566193,,,0.0984984984984985,0.06351321341328,""
1b,sparse49_n200,null,,200,events>=G10,5,PH,0.01,0,0,,,0,0,""
1b,sparse49_n200,null,,200,events>=G10,5,PH,0.05,0,0,,,0,0,""
1b,sparse49_n200,null,,200,events>=G10,5,PH,0.1,0,0,,,0,0,""
1b,sparse49_n200,null,,200,events<Grule,4995,PH,0.01,0.0142142142142142,0.00167488486320772,,,0.0984984984984985,0.0157672662669332,""
1b,sparse49_n200,null,,200,events<Grule,4995,PH,0.05,0.0358358358358358,0.00263006520530209,,,0.0984984984984985,0.0397512769264934,""
1b,sparse49_n200,null,,200,events<Grule,4995,PH,0.1,0.0572572572572573,0.00328733620566193,,,0.0984984984984985,0.06351321341328,""
1b,sparse49_n200,null,,200,events>=Grule,5,PH,0.01,0,0,,,0,0,""
1b,sparse49_n200,null,,200,events>=Grule,5,PH,0.05,0,0,,,0,0,""
1b,sparse49_n200,null,,200,events>=Grule,5,PH,0.1,0,0,,,0,0,""
1b,sparse49_n200,null,,200,all,5000,Tsiatis,0.01,0.0178,0.00186992834087299,,,0.0442,0.0186231429169282,""
1b,sparse49_n200,null,,200,all,5000,Tsiatis,0.05,0.0358,0.00262748396760094,,,0.0442,0.0374555346306759,""
1b,sparse49_n200,null,,200,all,5000,Tsiatis,0.1,0.061,0.00338464178311384,,,0.0442,0.0638208830299226,""
1b,sparse49_n200,null,,200,events<G10,4995,Tsiatis,0.01,0.0178178178178178,0.00187178316303337,,,0.0442442442442442,0.0186426476749057,""
1b,sparse49_n200,null,,200,events<G10,4995,Tsiatis,0.05,0.0358358358358358,0.00263006520530209,,,0.0442442442442442,0.0374947633012149,""
1b,sparse49_n200,null,,200,events<G10,4995,Tsiatis,0.1,0.0610610610610611,0.00338791965315116,,,0.0442442442442442,0.0638877251780478,""
1b,sparse49_n200,null,,200,events>=G10,5,Tsiatis,0.01,0,0,,,0,0,""
1b,sparse49_n200,null,,200,events>=G10,5,Tsiatis,0.05,0,0,,,0,0,""
1b,sparse49_n200,null,,200,events>=G10,5,Tsiatis,0.1,0,0,,,0,0,""
1b,sparse49_n200,null,,200,events<Grule,4995,Tsiatis,0.01,0.0178178178178178,0.00187178316303337,,,0.0442442442442442,0.0186426476749057,""
1b,sparse49_n200,null,,200,events<Grule,4995,Tsiatis,0.05,0.0358358358358358,0.00263006520530209,,,0.0442442442442442,0.0374947633012149,""
1b,sparse49_n200,null,,200,events<Grule,4995,Tsiatis,0.1,0.0610610610610611,0.00338791965315116,,,0.0442442442442442,0.0638877251780478,""
1b,sparse49_n200,null,,200,events>=Grule,5,Tsiatis,0.01,0,0,,,0,0,""
1b,sparse49_n200,null,,200,events>=Grule,5,Tsiatis,0.05,0,0,,,0,0,""
1b,sparse49_n200,null,,200,events>=Grule,5,Tsiatis,0.1,0,0,,,0,0,""
1b,sparse49_n200,null,,200,all,5000,Xie,0.01,0.0074,0.00121204290353106,,,0.0442,0.00774220548231848,""
1b,sparse49_n200,null,,200,all,5000,Xie,0.05,0.0244,0.00218195508661384,,,0.0442,0.025528353211969,""
1b,sparse49_n200,null,,200,all,5000,Xie,0.1,0.044,0.00290048271844533,,,0.0442,0.046034735300272,""
1b,sparse49_n200,null,,200,events<G10,4995,Xie,0.01,0.00740740740740741,0.00121325163264087,,,0.0442442442442442,0.00775031420192711,""
1b,sparse49_n200,null,,200,events<G10,4995,Xie,0.05,0.0244244244244244,0.00218411188539413,,,0.0442442442442442,0.0255550900712191,""
1b,sparse49_n200,null,,200,events<G10,4995,Xie,0.1,0.044044044044044,0.00290331922257375,,,0.0442442442442442,0.0460829493087558,""
1b,sparse49_n200,null,,200,events>=G10,5,Xie,0.01,0,0,,,0,0,""
1b,sparse49_n200,null,,200,events>=G10,5,Xie,0.05,0,0,,,0,0,""
1b,sparse49_n200,null,,200,events>=G10,5,Xie,0.1,0,0,,,0,0,""
1b,sparse49_n200,null,,200,events<Grule,4995,Xie,0.01,0.00740740740740741,0.00121325163264087,,,0.0442442442442442,0.00775031420192711,""
1b,sparse49_n200,null,,200,events<Grule,4995,Xie,0.05,0.0244244244244244,0.00218411188539413,,,0.0442442442442442,0.0255550900712191,""
1b,sparse49_n200,null,,200,events<Grule,4995,Xie,0.1,0.044044044044044,0.00290331922257375,,,0.0442442442442442,0.0460829493087558,""
1b,sparse49_n200,null,,200,events>=Grule,5,Xie,0.01,0,0,,,0,0,""
1b,sparse49_n200,null,,200,events>=Grule,5,Xie,0.05,0,0,,,0,0,""
1b,sparse49_n200,null,,200,events>=Grule,5,Xie,0.1,0,0,,,0,0,""
1b,sparse49_n200,null,,200,all,5000,PR,0.01,0,0,,,1,,no p-value in any replicate
1b,sparse49_n200,null,,200,all,5000,PR,0.05,0,0,,,1,,no p-value in any replicate
1b,sparse49_n200,null,,200,all,5000,PR,0.1,0,0,,,1,,no p-value in any replicate
1b,sparse49_n200,null,,200,events<G10,4995,PR,0.01,0,0,,,1,,no p-value in any replicate
1b,sparse49_n200,null,,200,events<G10,4995,PR,0.05,0,0,,,1,,no p-value in any replicate
1b,sparse49_n200,null,,200,events<G10,4995,PR,0.1,0,0,,,1,,no p-value in any replicate
1b,sparse49_n200,null,,200,events>=G10,5,PR,0.01,0,0,,,1,,no p-value in any replicate
1b,sparse49_n200,null,,200,events>=G10,5,PR,0.05,0,0,,,1,,no p-value in any replicate
1b,sparse49_n200,null,,200,events>=G10,5,PR,0.1,0,0,,,1,,no p-value in any replicate
1b,sparse49_n200,null,,200,events<Grule,4995,PR,0.01,0,0,,,1,,no p-value in any replicate
1b,sparse49_n200,null,,200,events<Grule,4995,PR,0.05,0,0,,,1,,no p-value in any replicate
1b,sparse49_n200,null,,200,events<Grule,4995,PR,0.1,0,0,,,1,,no p-value in any replicate
1b,sparse49_n200,null,,200,events>=Grule,5,PR,0.01,0,0,,,1,,no p-value in any replicate
1b,sparse49_n200,null,,200,events>=Grule,5,PR,0.05,0,0,,,1,,no p-value in any replicate
1b,sparse49_n200,null,,200,events>=Grule,5,PR,0.1,0,0,,,1,,no p-value in any replicate
1b,sparse49_n300,null,,300,all,5000,flag.evlt.G10,,0.9874,,,,0,,flag rate: share of replicates with the flag = 1
1b,sparse49_n300,null,,300,all,5000,flag.evlt.Grule,,0.9992,,,,0,,flag rate: share of replicates with the flag = 1
1b,sparse49_n300,null,,300,all,5000,flag.stk_half0,,0.5882,,,,0.011,,flag rate: share of replicates with the flag = 1
1b,sparse49_n300,null,,300,all,5000,flag.stk_diag,,0.4456,,,,0.011,,flag rate: share of replicates with the flag = 1
1b,sparse49_n300,null,,300,all,5000,flag.rivals_run,,0.989,,,,0.011,,flag rate: share of replicates with the flag = 1
1b,sparse49_n300,null,,300,all,5000,flag.degenerate,,0.011,,,,0,,flag rate: share of replicates with the flag = 1
1b,sparse49_n300,null,,300,all,5000,flag.info_guard,,0.001,,,,0.011,,flag rate: share of replicates with the flag = 1
1b,sparse49_n300,null,,300,all,5000,flag.rep_error,,0,,,,0,,flag rate: share of replicates with the flag = 1
1b,sparse49_n300,null,,300,all,5000,EDGE.poly3.u.G10,0.01,0.0104,0.00143470136265357,,,0.0202,0.010614411104307,""
1b,sparse49_n300,null,,300,all,5000,EDGE.poly3.u.G10,0.05,0.0398,0.00276463234445378,,,0.0202,0.040620534803021,""
1b,sparse49_n300,null,,300,all,5000,EDGE.poly3.u.G10,0.1,0.0812,0.00386281141139456,,,0.0202,0.0828740559297816,""
1b,sparse49_n300,null,,300,events<G10,4937,EDGE.poly3.u.G10,0.01,0.0105327121733846,0.00145291184703535,,,0.0204577678752279,0.010752688172043,""
1b,sparse49_n300,null,,300,events<G10,4937,EDGE.poly3.u.G10,0.05,0.0401053271217338,0.00279242333565597,,,0.0204577678752279,0.0409429280397022,""
1b,sparse49_n300,null,,300,events<G10,4937,EDGE.poly3.u.G10,0.1,0.0810208628721896,0.00388346767427763,,,0.0204577678752279,0.0827129859387924,""
1b,sparse49_n300,null,,300,events>=G10,63,EDGE.poly3.u.G10,0.01,0,0,,,0,0,""
1b,sparse49_n300,null,,300,events>=G10,63,EDGE.poly3.u.G10,0.05,0.0158730158730159,0.0157465356432348,,,0,0.0158730158730159,""
1b,sparse49_n300,null,,300,events>=G10,63,EDGE.poly3.u.G10,0.1,0.0952380952380952,0.0369830077784583,,,0,0.0952380952380952,""
1b,sparse49_n300,null,,300,events<Grule,4996,EDGE.poly3.u.G10,0.01,0.0104083266613291,0.00143584400193278,,,0.0202161729383507,0.0106230847803882,""
1b,sparse49_n300,null,,300,events<Grule,4996,EDGE.poly3.u.G10,0.05,0.0398318654923939,0.00276679991003175,,,0.0202161729383507,0.0406537282941777,""
1b,sparse49_n300,null,,300,events<Grule,4996,EDGE.poly3.u.G10,0.1,0.0812650120096077,0.00386576736138779,,,0.0202161729383507,0.0829417773237998,""
1b,sparse49_n300,null,,300,events>=Grule,4,EDGE.poly3.u.G10,0.01,0,0,,,0,0,""
1b,sparse49_n300,null,,300,events>=Grule,4,EDGE.poly3.u.G10,0.05,0,0,,,0,0,""
1b,sparse49_n300,null,,300,events>=Grule,4,EDGE.poly3.u.G10,0.1,0,0,,,0,0,""
1b,sparse49_n300,null,,300,all,5000,EDGE.poly3.sc.G10,0.01,0.0084,0.00129069283720024,,,0.0202,0.00857317819963258,""
1b,sparse49_n300,null,,300,all,5000,EDGE.poly3.sc.G10,0.05,0.0416,0.00282380735886852,,,0.0202,0.042457644417228,""
1b,sparse49_n300,null,,300,all,5000,EDGE.poly3.sc.G10,0.1,0.0864,0.00397328680062238,,,0.0202,0.0881812614819351,""
1b,sparse49_n300,null,,300,events<G10,4937,EDGE.poly3.sc.G10,0.01,0.00850719060157991,0.00130709243898227,,,0.0204577678752279,0.0086848635235732,""
1b,sparse49_n300,null,,300,events<G10,4937,EDGE.poly3.sc.G10,0.05,0.0419282965363581,0.00285246978138956,,,0.0204577678752279,0.0428039702233251,""
1b,sparse49_n300,null,,300,events<G10,4937,EDGE.poly3.sc.G10,0.1,0.0866923232732429,0.00400467532010161,,,0.0204577678752279,0.0885028949545079,""
1b,sparse49_n300,null,,300,events>=G10,63,EDGE.poly3.sc.G10,0.01,0,0,,,0,0,""
1b,sparse49_n300,null,,300,events>=G10,63,EDGE.poly3.sc.G10,0.05,0.0158730158730159,0.0157465356432348,,,0,0.0158730158730159,""
1b,sparse49_n300,null,,300,events>=G10,63,EDGE.poly3.sc.G10,0.1,0.0634920634920635,0.0307216952878331,,,0,0.0634920634920635,""
1b,sparse49_n300,null,,300,events<Grule,4996,EDGE.poly3.sc.G10,0.01,0.00840672538030424,0.00129172183769636,,,0.0202161729383507,0.00858018386108274,""
1b,sparse49_n300,null,,300,events<Grule,4996,EDGE.poly3.sc.G10,0.05,0.0416333066453163,0.00282601910676699,,,0.0202161729383507,0.0424923391215526,""
1b,sparse49_n300,null,,300,events<Grule,4996,EDGE.poly3.sc.G10,0.1,0.0864691753402722,0.00397631742841065,,,0.0202161729383507,0.0882533197139939,""
1b,sparse49_n300,null,,300,events>=Grule,4,EDGE.poly3.sc.G10,0.01,0,0,,,0,0,""
1b,sparse49_n300,null,,300,events>=Grule,4,EDGE.poly3.sc.G10,0.05,0,0,,,0,0,""
1b,sparse49_n300,null,,300,events>=Grule,4,EDGE.poly3.sc.G10,0.1,0,0,,,0,0,""
1b,sparse49_n300,null,,300,all,5000,EDGE.poly2.u.G10,0.01,0.0072,0.00119567219587979,,,0.0192,0.00734094616639478,""
1b,sparse49_n300,null,,300,all,5000,EDGE.poly2.u.G10,0.05,0.0394,0.00275127752144345,,,0.0192,0.0401712887438825,""
1b,sparse49_n300,null,,300,all,5000,EDGE.poly2.u.G10,0.1,0.0916,0.00407944702134983,,,0.0192,0.0933931484502447,""
1b,sparse49_n300,null,,300,events<G10,4937,EDGE.poly2.u.G10,0.01,0.00729187765849706,0.00121087387935055,,,0.0194450070893255,0.00743648006610205,""
1b,sparse49_n300,null,,300,events<G10,4937,EDGE.poly2.u.G10,0.05,0.039295118493012,0.00276523940154728,,,0.0194450070893255,0.040074364800661,""
1b,sparse49_n300,null,,300,events<G10,4937,EDGE.poly2.u.G10,0.1,0.0919586793599352,0.00411261073713645,,,0.0194450070893255,0.0937822763891758,""
1b,sparse49_n300,null,,300,events>=G10,63,EDGE.poly2.u.G10,0.01,0,0,,,0,0,""
1b,sparse49_n300,null,,300,events>=G10,63,EDGE.poly2.u.G10,0.05,0.0476190476190476,0.0268302938009053,,,0,0.0476190476190476,""
1b,sparse49_n300,null,,300,events>=G10,63,EDGE.poly2.u.G10,0.1,0.0634920634920635,0.0307216952878331,,,0,0.0634920634920635,""
1b,sparse49_n300,null,,300,events<Grule,4996,EDGE.poly2.u.G10,0.01,0.00720576461168935,0.00119662602540886,,,0.0192153722978383,0.0073469387755102,""
1b,sparse49_n300,null,,300,events<Grule,4996,EDGE.poly2.u.G10,0.05,0.0394315452361889,0.00275343509441396,,,0.0192153722978383,0.0402040816326531,""
1b,sparse49_n300,null,,300,events<Grule,4996,EDGE.poly2.u.G10,0.1,0.0916733386709367,0.00408254838190616,,,0.0192153722978383,0.093469387755102,""
1b,sparse49_n300,null,,300,events>=Grule,4,EDGE.poly2.u.G10,0.01,0,0,,,0,0,""
1b,sparse49_n300,null,,300,events>=Grule,4,EDGE.poly2.u.G10,0.05,0,0,,,0,0,""
1b,sparse49_n300,null,,300,events>=Grule,4,EDGE.poly2.u.G10,0.1,0,0,,,0,0,""
1b,sparse49_n300,null,,300,all,5000,EDGE.poly2.sc.G10,0.01,0.01,0.00140712472794703,,,0.0192,0.0101957585644372,""
1b,sparse49_n300,null,,300,all,5000,EDGE.poly2.sc.G10,0.05,0.049,0.00305283474822991,,,0.0192,0.0499592169657423,""
1b,sparse49_n300,null,,300,all,5000,EDGE.poly2.sc.G10,0.1,0.0978,0.00420083705944422,,,0.0192,0.0997145187601958,""
1b,sparse49_n300,null,,300,events<G10,4937,EDGE.poly2.sc.G10,0.01,0.0101276078590237,0.00142498889818514,,,0.0194450070893255,0.0103284445362528,""
1b,sparse49_n300,null,,300,events<G10,4937,EDGE.poly2.sc.G10,0.05,0.0496252785092161,0.00309077473181062,,,0.0194450070893255,0.0506093782276389,""
1b,sparse49_n300,null,,300,events<G10,4937,EDGE.poly2.sc.G10,0.1,0.0984403483897103,0.00423986707303028,,,0.0194450070893255,0.100392480892378,""
1b,sparse49_n300,null,,300,events>=G10,63,EDGE.poly2.sc.G10,0.01,0,0,,,0,0,""
1b,sparse49_n300,null,,300,events>=G10,63,EDGE.poly2.sc.G10,0.05,0,0,,,0,0,""
1b,sparse49_n300,null,,300,events>=G10,63,EDGE.poly2.sc.G10,0.1,0.0476190476190476,0.0268302938009053,,,0,0.0476190476190476,""
1b,sparse49_n300,null,,300,events<Grule,4996,EDGE.poly2.sc.G10,0.01,0.0100080064051241,0.0014082456345388,,,0.0192153722978383,0.0102040816326531,""
1b,sparse49_n300,null,,300,events<Grule,4996,EDGE.poly2.sc.G10,0.05,0.0490392313851081,0.0030552159513954,,,0.0192153722978383,0.05,""
1b,sparse49_n300,null,,300,events<Grule,4996,EDGE.poly2.sc.G10,0.1,0.0978783026421137,0.00420401797290351,,,0.0192153722978383,0.0997959183673469,""
1b,sparse49_n300,null,,300,events>=Grule,4,EDGE.poly2.sc.G10,0.01,0,0,,,0,0,""
1b,sparse49_n300,null,,300,events>=Grule,4,EDGE.poly2.sc.G10,0.05,0,0,,,0,0,""
1b,sparse49_n300,null,,300,events>=Grule,4,EDGE.poly2.sc.G10,0.1,0,0,,,0,0,""
1b,sparse49_n300,null,,300,all,5000,EDGE.stk.u.G10,0.01,0.0128,0.0015897270205919,,,0.011,0.0129423660262892,""
1b,sparse49_n300,null,,300,all,5000,EDGE.stk.u.G10,0.05,0.0368,0.00266254614983478,,,0.011,0.0372093023255814,""
1b,sparse49_n300,null,,300,all,5000,EDGE.stk.u.G10,0.1,0.0628,0.00343092290790685,,,0.011,0.0634984833164813,""
1b,sparse49_n300,null,,300,events<G10,4937,EDGE.stk.u.G10,0.01,0.0129633380595503,0.00160987998814864,,,0.0111403686449261,0.0131093814010651,""
1b,sparse49_n300,null,,300,events<G10,4937,EDGE.stk.u.G10,0.05,0.0362568361353048,0.0026603822618888,,,0.0111403686449261,0.0366653011061041,""
1b,sparse49_n300,null,,300,events<G10,4937,EDGE.stk.u.G10,0.1,0.062386064411586,0.00344210613848383,,,0.0111403686449261,0.063088897992626,""
1b,sparse49_n300,null,,300,events>=G10,63,EDGE.stk.u.G10,0.01,0,0,,,0,0,""
1b,sparse49_n300,null,,300,events>=G10,63,EDGE.stk.u.G10,0.05,0.0793650793650794,0.0340555716585603,,,0,0.0793650793650794,""
1b,sparse49_n300,null,,300,events>=G10,63,EDGE.stk.u.G10,0.1,0.0952380952380952,0.0369830077784583,,,0,0.0952380952380952,""
1b,sparse49_n300,null,,300,events<Grule,4996,EDGE.stk.u.G10,0.01,0.0128102481985588,0.00159099156228153,,,0.0110088070456365,0.0129528435539365,""
1b,sparse49_n300,null,,300,events<Grule,4996,EDGE.stk.u.G10,0.05,0.0368294635708567,0.00266463713658045,,,0.0110088070456365,0.0372394252175673,""
1b,sparse49_n300,null,,300,events<Grule,4996,EDGE.stk.u.G10,0.1,0.0628502802241794,0.00343357773537111,,,0.0110088070456365,0.0635498886865007,""
1b,sparse49_n300,null,,300,events>=Grule,4,EDGE.stk.u.G10,0.01,0,0,,,0,0,""
1b,sparse49_n300,null,,300,events>=Grule,4,EDGE.stk.u.G10,0.05,0,0,,,0,0,""
1b,sparse49_n300,null,,300,events>=Grule,4,EDGE.stk.u.G10,0.1,0,0,,,0,0,""
1b,sparse49_n300,null,,300,all,5000,EDGE.stk.sc.G10,0.01,0.0078,0.00124411896537268,,,0.011,0.00788675429726997,""
1b,sparse49_n300,null,,300,all,5000,EDGE.stk.sc.G10,0.05,0.0398,0.00276463234445378,,,0.011,0.0402426693629929,""
1b,sparse49_n300,null,,300,all,5000,EDGE.stk.sc.G10,0.1,0.092,0.00408744418922143,,,0.011,0.0930232558139535,""
1b,sparse49_n300,null,,300,events<G10,4937,EDGE.stk.sc.G10,0.01,0.00789953413003849,0.00125993170033988,,,0.0111403686449261,0.00798852929127407,""
1b,sparse49_n300,null,,300,events<G10,4937,EDGE.stk.sc.G10,0.05,0.0399027749645534,0.00278565669666152,,,0.0111403686449261,0.0403523146251536,""
1b,sparse49_n300,null,,300,events<G10,4937,EDGE.stk.sc.G10,0.1,0.0923637836742961,0.00412073989640636,,,0.0111403686449261,0.0934043424825891,""
1b,sparse49_n300,null,,300,events>=G10,63,EDGE.stk.sc.G10,0.01,0,0,,,0,0,""
1b,sparse49_n300,null,,300,events>=G10,63,EDGE.stk.sc.G10,0.05,0.0317460317460317,0.0220886457992479,,,0,0.0317460317460317,""
1b,sparse49_n300,null,,300,events>=G10,63,EDGE.stk.sc.G10,0.1,0.0634920634920635,0.0307216952878331,,,0,0.0634920634920635,""
1b,sparse49_n300,null,,300,events<Grule,4996,EDGE.stk.sc.G10,0.01,0.0078062449959968,0.0012451111389794,,,0.0110088070456365,0.00789313904068002,""
1b,sparse49_n300,null,,300,events<Grule,4996,EDGE.stk.sc.G10,0.05,0.0398318654923939,0.00276679991003175,,,0.0110088070456365,0.0402752479255212,""
1b,sparse49_n300,null,,300,events<Grule,4996,EDGE.stk.sc.G10,0.1,0.0920736589271417,0.0040905508353633,,,0.0110088070456365,0.0930985630439182,""
1b,sparse49_n300,null,,300,events>=Grule,4,EDGE.stk.sc.G10,0.01,0,0,,,0,0,""
1b,sparse49_n300,null,,300,events>=Grule,4,EDGE.stk.sc.G10,0.05,0,0,,,0,0,""
1b,sparse49_n300,null,,300,events>=Grule,4,EDGE.stk.sc.G10,0.1,0,0,,,0,0,""
1b,sparse49_n300,null,,300,all,5000,EDGE.sym.u.G10,0.01,0.0106,0.00144828450243728,,,0.011,0.0107178968655207,""
1b,sparse49_n300,null,,300,all,5000,EDGE.sym.u.G10,0.05,0.0416,0.00282380735886852,,,0.011,0.0420626895854398,""
1b,sparse49_n300,null,,300,all,5000,EDGE.sym.u.G10,0.1,0.085,0.003943982758583,,,0.011,0.0859453993933266,""
1b,sparse49_n300,null,,300,events<G10,4937,EDGE.sym.u.G10,0.01,0.0105327121733846,0.00145291184703535,,,0.0111403686449261,0.0106513723883654,""
1b,sparse49_n300,null,,300,events<G10,4937,EDGE.sym.u.G10,0.05,0.0409155357504557,0.00281929801498309,,,0.0111403686449261,0.0413764850471118,""
1b,sparse49_n300,null,,300,events<G10,4937,EDGE.sym.u.G10,0.1,0.0846668017014381,0.00396200136405939,,,0.0111403686449261,0.0856206472757067,""
1b,sparse49_n300,null,,300,events>=G10,63,EDGE.sym.u.G10,0.01,0.0158730158730159,0.0157465356432348,,,0,0.0158730158730159,""
1b,sparse49_n300,null,,300,events>=G10,63,EDGE.sym.u.G10,0.05,0.0952380952380952,0.0369830077784583,,,0,0.0952380952380952,""
1b,sparse49_n300,null,,300,events>=G10,63,EDGE.sym.u.G10,0.1,0.111111111111111,0.0395942580610999,,,0,0.111111111111111,""
1b,sparse49_n300,null,,300,events<Grule,4996,EDGE.sym.u.G10,0.01,0.0106084867894315,0.00144943784121239,,,0.0110088070456365,0.0107265735681036,""
1b,sparse49_n300,null,,300,events<Grule,4996,EDGE.sym.u.G10,0.05,0.0416333066453163,0.00282601910676699,,,0.0110088070456365,0.0420967415502935,""
1b,sparse49_n300,null,,300,events<Grule,4996,EDGE.sym.u.G10,0.1,0.0850680544435549,0.00394699368110003,,,0.0110088070456365,0.0860149767253592,""
1b,sparse49_n300,null,,300,events>=Grule,4,EDGE.sym.u.G10,0.01,0,0,,,0,0,""
1b,sparse49_n300,null,,300,events>=Grule,4,EDGE.sym.u.G10,0.05,0,0,,,0,0,""
1b,sparse49_n300,null,,300,events>=Grule,4,EDGE.sym.u.G10,0.1,0,0,,,0,0,""
1b,sparse49_n300,null,,300,all,5000,EDGE.sym.sc.G10,0.01,0.011,0.00147505932084103,,,0.011,0.0111223458038423,""
1b,sparse49_n300,null,,300,all,5000,EDGE.sym.sc.G10,0.05,0.0576,0.00329491244193226,,,0.011,0.0582406471183013,""
1b,sparse49_n300,null,,300,all,5000,EDGE.sym.sc.G10,0.1,0.1182,0.00456571483997851,,,0.011,0.119514661274014,""
1b,sparse49_n300,null,,300,events<G10,4937,EDGE.sym.sc.G10,0.01,0.0111403686449261,0.00149377622000721,,,0.0111403686449261,0.0112658746415404,""
1b,sparse49_n300,null,,300,events<G10,4937,EDGE.sym.sc.G10,0.05,0.0575248126392546,0.0033138359530816,,,0.0111403686449261,0.0581728799672266,""
1b,sparse49_n300,null,,300,events<G10,4937,EDGE.sym.sc.G10,0.1,0.118695564107758,0.00460308144117408,,,0.0111403686449261,0.120032773453503,""
1b,sparse49_n300,null,,300,events>=G10,63,EDGE.sym.sc.G10,0.01,0,0,,,0,0,""
1b,sparse49_n300,null,,300,events>=G10,63,EDGE.sym.sc.G10,0.05,0.0634920634920635,0.0307216952878331,,,0,0.0634920634920635,""
1b,sparse49_n300,null,,300,events>=G10,63,EDGE.sym.sc.G10,0.1,0.0793650793650794,0.0340555716585603,,,0,0.0793650793650794,""
1b,sparse49_n300,null,,300,events<Grule,4996,EDGE.sym.sc.G10,0.01,0.0110088070456365,0.0014762337401164,,,0.0110088070456365,0.0111313499291641,""
1b,sparse49_n300,null,,300,events<Grule,4996,EDGE.sym.sc.G10,0.05,0.0576461168935148,0.00329746979755318,,,0.0110088070456365,0.058287795992714,""
1b,sparse49_n300,null,,300,events<Grule,4996,EDGE.sym.sc.G10,0.1,0.118294635708567,0.00456912513484005,,,0.0110088070456365,0.119611414693382,""
1b,sparse49_n300,null,,300,events>=Grule,4,EDGE.sym.sc.G10,0.01,0,0,,,0,0,""
1b,sparse49_n300,null,,300,events>=Grule,4,EDGE.sym.sc.G10,0.05,0,0,,,0,0,""
1b,sparse49_n300,null,,300,events>=Grule,4,EDGE.sym.sc.G10,0.1,0,0,,,0,0,""
1b,sparse49_n300,null,,300,all,5000,EDGE.poly3.u.Grule,0.01,0.009,0.00133558975737312,,,0.0202,0.0091855480710349,""
1b,sparse49_n300,null,,300,all,5000,EDGE.poly3.u.Grule,0.05,0.0418,0.00283029185774188,,,0.0202,0.0426617677076955,""
1b,sparse49_n300,null,,300,all,5000,EDGE.poly3.u.Grule,0.1,0.0844,0.00393132649369141,,,0.0202,0.0861400285772607,""
1b,sparse49_n300,null,,300,events<G10,4937,EDGE.poly3.u.Grule,0.01,0.00891229491594086,0.00133757842582192,,,0.0204577678752279,0.00909842845326716,""
1b,sparse49_n300,null,,300,events<G10,4937,EDGE.poly3.u.Grule,0.05,0.0419282965363581,0.00285246978138956,,,0.0204577678752279,0.0428039702233251,""
1b,sparse49_n300,null,,300,events<G10,4937,EDGE.poly3.u.Grule,0.1,0.0840591452298967,0.00394906822281684,,,0.0204577678752279,0.0858147229114971,""
1b,sparse49_n300,null,,300,events>=G10,63,EDGE.poly3.u.Grule,0.01,0.0158730158730159,0.0157465356432348,,,0,0.0158730158730159,""
1b,sparse49_n300,null,,300,events>=G10,63,EDGE.poly3.u.Grule,0.05,0.0317460317460317,0.0220886457992479,,,0,0.0317460317460317,""
1b,sparse49_n300,null,,300,events>=G10,63,EDGE.poly3.u.Grule,0.1,0.111111111111111,0.0395942580610999,,,0,0.111111111111111,""
1b,sparse49_n300,null,,300,events<Grule,4996,EDGE.poly3.u.Grule,0.01,0.00900720576461169,0.00133665422507059,,,0.0202161729383507,0.00919305413687436,""
1b,sparse49_n300,null,,300,events<Grule,4996,EDGE.poly3.u.Grule,0.05,0.0418334667734187,0.00283250843766912,,,0.0202161729383507,0.0426966292134831,""
1b,sparse49_n300,null,,300,events<Grule,4996,EDGE.poly3.u.Grule,0.1,0.0844675740592474,0.00393432888220612,,,0.0202161729383507,0.0862104187946884,""
1b,sparse49_n300,null,,300,events>=Grule,4,EDGE.poly3.u.Grule,0.01,0,0,,,0,0,""
1b,sparse49_n300,null,,300,events>=Grule,4,EDGE.poly3.u.Grule,0.05,0,0,,,0,0,""
1b,sparse49_n300,null,,300,events>=Grule,4,EDGE.poly3.u.Grule,0.1,0,0,,,0,0,""
1b,sparse49_n300,null,,300,all,5000,EDGE.poly3.sc.Grule,0.01,0.008,0.00125984125984189,,,0.0202,0.00816493161869769,""
1b,sparse49_n300,null,,300,all,5000,EDGE.poly3.sc.Grule,0.05,0.0398,0.00276463234445378,,,0.0202,0.040620534803021,""
1b,sparse49_n300,null,,300,all,5000,EDGE.poly3.sc.Grule,0.1,0.0874,0.00399402653972154,,,0.0202,0.0892018779342723,""
1b,sparse49_n300,null,,300,events<G10,4937,EDGE.poly3.sc.Grule,0.01,0.00789953413003849,0.00125993170033988,,,0.0204577678752279,0.00806451612903226,""
1b,sparse49_n300,null,,300,events<G10,4937,EDGE.poly3.sc.Grule,0.05,0.0401053271217338,0.00279242333565597,,,0.0204577678752279,0.0409429280397022,""
1b,sparse49_n300,null,,300,events<G10,4937,EDGE.poly3.sc.Grule,0.1,0.0875025319019648,0.00402156025609451,,,0.0204577678752279,0.0893300248138958,""
1b,sparse49_n300,null,,300,events>=G10,63,EDGE.poly3.sc.Grule,0.01,0.0158730158730159,0.0157465356432348,,,0,0.0158730158730159,""
1b,sparse49_n300,null,,300,events>=G10,63,EDGE.poly3.sc.Grule,0.05,0.0158730158730159,0.0157465356432348,,,0,0.0158730158730159,""
1b,sparse49_n300,null,,300,events>=G10,63,EDGE.poly3.sc.Grule,0.1,0.0793650793650794,0.0340555716585603,,,0,0.0793650793650794,""
1b,sparse49_n300,null,,300,events<Grule,4996,EDGE.poly3.sc.Grule,0.01,0.00800640512409928,0.00126084586927287,,,0.0202161729383507,0.00817160367722166,""
1b,sparse49_n300,null,,300,events<Grule,4996,EDGE.poly3.sc.Grule,0.05,0.0398318654923939,0.00276679991003175,,,0.0202161729383507,0.0406537282941777,""
1b,sparse49_n300,null,,300,events<Grule,4996,EDGE.poly3.sc.Grule,0.1,0.0874699759807846,0.00399707106744873,,,0.0202161729383507,0.0892747701736466,""
1b,sparse49_n300,null,,300,events>=Grule,4,EDGE.poly3.sc.Grule,0.01,0,0,,,0,0,""
1b,sparse49_n300,null,,300,events>=Grule,4,EDGE.poly3.sc.Grule,0.05,0,0,,,0,0,""
1b,sparse49_n300,null,,300,events>=Grule,4,EDGE.poly3.sc.Grule,0.1,0,0,,,0,0,""
1b,sparse49_n300,null,,300,all,5000,EDGE.poly2.u.Grule,0.01,0.0054,0.00103642076397571,,,0.0188,0.00550346514472075,""
1b,sparse49_n300,null,,300,all,5000,EDGE.poly2.u.Grule,0.05,0.0432,0.00287519599331941,,,0.0188,0.044027721157766,""
1b,sparse49_n300,null,,300,all,5000,EDGE.poly2.u.Grule,0.1,0.098,0.00420466407695074,,,0.0188,0.0998777007745618,""
1b,sparse49_n300,null,,300,events<G10,4937,EDGE.poly2.u.Grule,0.01,0.0054689082438728,0.00104960994582854,,,0.0190399027749646,0.00557505678298575,""
1b,sparse49_n300,null,,300,events<G10,4937,EDGE.poly2.u.Grule,0.05,0.043143609479441,0.00289167882887559,,,0.0190399027749646,0.0439810035102209,""
1b,sparse49_n300,null,,300,events<G10,4937,EDGE.poly2.u.Grule,0.1,0.0976301397609885,0.00422427985842661,,,0.0190399027749646,0.0995250877555234,""
1b,sparse49_n300,null,,300,events>=G10,63,EDGE.poly2.u.Grule,0.01,0,0,,,0,0,""
1b,sparse49_n300,null,,300,events>=G10,63,EDGE.poly2.u.Grule,0.05,0.0476190476190476,0.0268302938009053,,,0,0.0476190476190476,""
1b,sparse49_n300,null,,300,events>=G10,63,EDGE.poly2.u.Grule,0.1,0.126984126984127,0.0419484109614863,,,0,0.126984126984127,""
1b,sparse49_n300,null,,300,events<Grule,4996,EDGE.poly2.u.Grule,0.01,0.00540432345876701,0.00103724830999586,,,0.0188150520416333,0.00550795593635251,""
1b,sparse49_n300,null,,300,events<Grule,4996,EDGE.poly2.u.Grule,0.05,0.0432345876701361,0.00287744598144375,,,0.0188150520416333,0.0440636474908201,""
1b,sparse49_n300,null,,300,events<Grule,4996,EDGE.poly2.u.Grule,0.1,0.0980784627702162,0.00420784747423937,,,0.0188150520416333,0.0999592003263974,""
1b,sparse49_n300,null,,300,events>=Grule,4,EDGE.poly2.u.Grule,0.01,0,0,,,0,0,""
1b,sparse49_n300,null,,300,events>=Grule,4,EDGE.poly2.u.Grule,0.05,0,0,,,0,0,""
1b,sparse49_n300,null,,300,events>=Grule,4,EDGE.poly2.u.Grule,0.1,0,0,,,0,0,""
1b,sparse49_n300,null,,300,all,5000,EDGE.poly2.sc.Grule,0.01,0.0098,0.00139312311013779,,,0.0188,0.00998777007745618,""
1b,sparse49_n300,null,,300,all,5000,EDGE.poly2.sc.Grule,0.05,0.0498,0.00307636018697421,,,0.0188,0.0507541785568691,""
1b,sparse49_n300,null,,300,all,5000,EDGE.poly2.sc.Grule,0.1,0.1004,0.0042501727023734,,,0.0188,0.102323685283327,""
1b,sparse49_n300,null,,300,events<G10,4937,EDGE.poly2.sc.Grule,0.01,0.00992505570184322,0.0014108113593772,,,0.0190399027749646,0.0101176956431964,""
1b,sparse49_n300,null,,300,events<G10,4937,EDGE.poly2.sc.Grule,0.05,0.0502329349807576,0.00310864597701418,,,0.0190399027749646,0.0512079289696469,""
1b,sparse49_n300,null,,300,events<G10,4937,EDGE.poly2.sc.Grule,0.1,0.100668422118696,0.00428227929051604,,,0.0190399027749646,0.102622341523849,""
1b,sparse49_n300,null,,300,events>=G10,63,EDGE.poly2.sc.Grule,0.01,0,0,,,0,0,""
1b,sparse49_n300,null,,300,events>=G10,63,EDGE.poly2.sc.Grule,0.05,0.0158730158730159,0.0157465356432348,,,0,0.0158730158730159,""
1b,sparse49_n300,null,,300,events>=G10,63,EDGE.poly2.sc.Grule,0.1,0.0793650793650794,0.0340555716585603,,,0,0.0793650793650794,""
1b,sparse49_n300,null,,300,events<Grule,4996,EDGE.poly2.sc.Grule,0.01,0.00980784627702162,0.00139423297700238,,,0.0188150520416333,0.00999592003263974,""
1b,sparse49_n300,null,,300,events<Grule,4996,EDGE.poly2.sc.Grule,0.05,0.049839871897518,0.00307875864874224,,,0.0188150520416333,0.0507955936352509,""
1b,sparse49_n300,null,,300,events<Grule,4996,EDGE.poly2.sc.Grule,0.1,0.100480384307446,0.00425338551815699,,,0.0188150520416333,0.102407180742554,""
1b,sparse49_n300,null,,300,events>=Grule,4,EDGE.poly2.sc.Grule,0.01,0,0,,,0,0,""
1b,sparse49_n300,null,,300,events>=Grule,4,EDGE.poly2.sc.Grule,0.05,0,0,,,0,0,""
1b,sparse49_n300,null,,300,events>=Grule,4,EDGE.poly2.sc.Grule,0.1,0,0,,,0,0,""
1b,sparse49_n300,null,,300,all,5000,EDGE.stk.u.Grule,0.01,0.014,0.00166156552684509,,,0.011,0.0141557128412538,""
1b,sparse49_n300,null,,300,all,5000,EDGE.stk.u.Grule,0.05,0.0366,0.00265557677350891,,,0.011,0.0370070778564206,""
1b,sparse49_n300,null,,300,all,5000,EDGE.stk.u.Grule,0.1,0.0604,0.00336903072114221,,,0.011,0.0610717896865521,""
1b,sparse49_n300,null,,300,events<G10,4937,EDGE.stk.u.Grule,0.01,0.0139760988454527,0.00167072564655217,,,0.0111403686449261,0.0141335518230234,""
1b,sparse49_n300,null,,300,events<G10,4937,EDGE.stk.u.Grule,0.05,0.0360542839781244,0.0026532193913311,,,0.0111403686449261,0.0364604670217124,""
1b,sparse49_n300,null,,300,events<G10,4937,EDGE.stk.u.Grule,0.1,0.0595503342110593,0.00336804834089075,,,0.0111403686449261,0.060221220811143,""
1b,sparse49_n300,null,,300,events>=G10,63,EDGE.stk.u.Grule,0.01,0.0158730158730159,0.0157465356432348,,,0,0.0158730158730159,""
1b,sparse49_n300,null,,300,events>=G10,63,EDGE.stk.u.Grule,0.05,0.0793650793650794,0.0340555716585603,,,0,0.0793650793650794,""
1b,sparse49_n300,null,,300,events>=G10,63,EDGE.stk.u.Grule,0.1,0.126984126984127,0.0419484109614863,,,0,0.126984126984127,""
1b,sparse49_n300,null,,300,events<Grule,4996,EDGE.stk.u.Grule,0.01,0.0140112089671737,0.00166288639149257,,,0.0110088070456365,0.014167172637118,""
1b,sparse49_n300,null,,300,events<Grule,4996,EDGE.stk.u.Grule,0.05,0.0366293034427542,0.00265766251628211,,,0.0110088070456365,0.037037037037037,""
1b,sparse49_n300,null,,300,events<Grule,4996,EDGE.stk.u.Grule,0.1,0.0604483586869496,0.00337164133561646,,,0.0110088070456365,0.0611212305201376,""
1b,sparse49_n300,null,,300,events>=Grule,4,EDGE.stk.u.Grule,0.01,0,0,,,0,0,""
1b,sparse49_n300,null,,300,events>=Grule,4,EDGE.stk.u.Grule,0.05,0,0,,,0,0,""
1b,sparse49_n300,null,,300,events>=Grule,4,EDGE.stk.u.Grule,0.1,0,0,,,0,0,""
1b,sparse49_n300,null,,300,all,5000,EDGE.stk.sc.Grule,0.01,0.007,0.00117906742809731,,,0.011,0.0070778564206269,""
1b,sparse49_n300,null,,300,all,5000,EDGE.stk.sc.Grule,0.05,0.0408,0.00279769047608916,,,0.011,0.0412537917087968,""
1b,sparse49_n300,null,,300,all,5000,EDGE.stk.sc.Grule,0.1,0.0826,0.00389299987156434,,,0.011,0.0835187057633974,""
1b,sparse49_n300,null,,300,events<G10,4937,EDGE.stk.sc.Grule,0.01,0.00708932550131659,0.00119405954556287,,,0.0111403686449261,0.0071691929537075,""
1b,sparse49_n300,null,,300,events<G10,4937,EDGE.stk.sc.Grule,0.05,0.0409155357504557,0.00281929801498309,,,0.0111403686449261,0.0413764850471118,""
1b,sparse49_n300,null,,300,events<G10,4937,EDGE.stk.sc.Grule,0.1,0.0826412801296334,0.0039186506812254,,,0.0111403686449261,0.0835723064317903,""
1b,sparse49_n300,null,,300,events>=G10,63,EDGE.stk.sc.Grule,0.01,0,0,,,0,0,""
1b,sparse49_n300,null,,300,events>=G10,63,EDGE.stk.sc.Grule,0.05,0.0317460317460317,0.0220886457992479,,,0,0.0317460317460317,""
1b,sparse49_n300,null,,300,events>=G10,63,EDGE.stk.sc.Grule,0.1,0.0793650793650794,0.0340555716585603,,,0,0.0793650793650794,""
1b,sparse49_n300,null,,300,events<Grule,4996,EDGE.stk.sc.Grule,0.01,0.00700560448358687,0.00118000810725513,,,0.0110088070456365,0.007083586318559,""
1b,sparse49_n300,null,,300,events<Grule,4996,EDGE.stk.sc.Grule,0.05,0.0408326661329063,0.00279988274336235,,,0.0110088070456365,0.0412871888281724,""
1b,sparse49_n300,null,,300,events<Grule,4996,EDGE.stk.sc.Grule,0.1,0.0826661329063251,0.00389597633213964,,,0.0110088070456365,0.0835863185589962,""
1b,sparse49_n300,null,,300,events>=Grule,4,EDGE.stk.sc.Grule,0.01,0,0,,,0,0,""
1b,sparse49_n300,null,,300,events>=Grule,4,EDGE.stk.sc.Grule,0.05,0,0,,,0,0,""
1b,sparse49_n300,null,,300,events>=Grule,4,EDGE.stk.sc.Grule,0.1,0,0,,,0,0,""
1b,sparse49_n300,null,,300,all,5000,EDGE.sym.u.Grule,0.01,0.0112,0.00148825804214189,,,0.011,0.011324570273003,""
1b,sparse49_n300,null,,300,all,5000,EDGE.sym.u.Grule,0.05,0.0406,0.00279111590586991,,,0.011,0.041051567239636,""
1b,sparse49_n300,null,,300,all,5000,EDGE.sym.u.Grule,0.1,0.0816,0.0038714710382489,,,0.011,0.0825075834175935,""
1b,sparse49_n300,null,,300,events<G10,4937,EDGE.sym.u.Grule,0.01,0.0111403686449261,0.00149377622000721,,,0.0111403686449261,0.0112658746415404,""
1b,sparse49_n300,null,,300,events<G10,4937,EDGE.sym.u.Grule,0.05,0.0403078792789143,0.00279917064842601,,,0.0111403686449261,0.0407619827939369,""
1b,sparse49_n300,null,,300,events<G10,4937,EDGE.sym.u.Grule,0.1,0.0810208628721896,0.00388346767427763,,,0.0111403686449261,0.0819336337566571,""
1b,sparse49_n300,null,,300,events>=G10,63,EDGE.sym.u.Grule,0.01,0.0158730158730159,0.0157465356432348,,,0,0.0158730158730159,""
1b,sparse49_n300,null,,300,events>=G10,63,EDGE.sym.u.Grule,0.05,0.0634920634920635,0.0307216952878331,,,0,0.0634920634920635,""
1b,sparse49_n300,null,,300,events>=G10,63,EDGE.sym.u.Grule,0.1,0.126984126984127,0.0419484109614863,,,0,0.126984126984127,""
1b,sparse49_n300,null,,300,events<Grule,4996,EDGE.sym.u.Grule,0.01,0.011208967173739,0.00148944284808971,,,0.0110088070456365,0.0113337381096944,""
1b,sparse49_n300,null,,300,events<Grule,4996,EDGE.sym.u.Grule,0.05,0.0406325060048038,0.00279330326434778,,,0.0110088070456365,0.0410848006476422,""
1b,sparse49_n300,null,,300,events<Grule,4996,EDGE.sym.u.Grule,0.1,0.0816653322658127,0.00387443287959105,,,0.0110088070456365,0.0825743776563449,""
1b,sparse49_n300,null,,300,events>=Grule,4,EDGE.sym.u.Grule,0.01,0,0,,,0,0,""
1b,sparse49_n300,null,,300,events>=Grule,4,EDGE.sym.u.Grule,0.05,0,0,,,0,0,""
1b,sparse49_n300,null,,300,events>=Grule,4,EDGE.sym.u.Grule,0.1,0,0,,,0,0,""
1b,sparse49_n300,null,,300,all,5000,EDGE.sym.sc.Grule,0.01,0.0106,0.00144828450243728,,,0.011,0.0107178968655207,""
1b,sparse49_n300,null,,300,all,5000,EDGE.sym.sc.Grule,0.05,0.0536,0.00318518570887162,,,0.011,0.0541961577350859,""
1b,sparse49_n300,null,,300,all,5000,EDGE.sym.sc.Grule,0.1,0.1138,0.00449109251741711,,,0.011,0.115065722952477,""
1b,sparse49_n300,null,,300,events<G10,4937,EDGE.sym.sc.Grule,0.01,0.0107352643305651,0.00146666548413648,,,0.0111403686449261,0.0108562064727571,""
1b,sparse49_n300,null,,300,events<G10,4937,EDGE.sym.sc.Grule,0.05,0.0536763216528256,0.00320759599977326,,,0.0111403686449261,0.0542810323637853,""
1b,sparse49_n300,null,,300,events<G10,4937,EDGE.sym.sc.Grule,0.1,0.114036864492607,0.00452375312313578,,,0.0111403686449261,0.115321589512495,""
1b,sparse49_n300,null,,300,events>=G10,63,EDGE.sym.sc.Grule,0.01,0,0,,,0,0,""
1b,sparse49_n300,null,,300,events>=G10,63,EDGE.sym.sc.Grule,0.05,0.0476190476190476,0.0268302938009053,,,0,0.0476190476190476,""
1b,sparse49_n300,null,,300,events>=G10,63,EDGE.sym.sc.Grule,0.1,0.0952380952380952,0.0369830077784583,,,0,0.0952380952380952,""
1b,sparse49_n300,null,,300,events<Grule,4996,EDGE.sym.sc.Grule,0.01,0.0106084867894315,0.00144943784121239,,,0.0110088070456365,0.0107265735681036,""
1b,sparse49_n300,null,,300,events<Grule,4996,EDGE.sym.sc.Grule,0.05,0.0536429143314652,0.00318766362312553,,,0.0110088070456365,0.0542400323821089,""
1b,sparse49_n300,null,,300,events<Grule,4996,EDGE.sym.sc.Grule,0.1,0.113891112890312,0.00449445720587526,,,0.0110088070456365,0.115158874721716,""
1b,sparse49_n300,null,,300,events>=Grule,4,EDGE.sym.sc.Grule,0.01,0,0,,,0,0,""
1b,sparse49_n300,null,,300,events>=Grule,4,EDGE.sym.sc.Grule,0.05,0,0,,,0,0,""
1b,sparse49_n300,null,,300,events>=Grule,4,EDGE.sym.sc.Grule,0.1,0,0,,,0,0,""
1b,sparse49_n300,null,,300,all,5000,HL.G10,0.01,0.0282,0.00234114331043616,,,0.011,0.0285136501516684,""
1b,sparse49_n300,null,,300,all,5000,HL.G10,0.05,0.0606,0.00337424480439698,,,0.011,0.0612740141557128,""
1b,sparse49_n300,null,,300,all,5000,HL.G10,0.1,0.0942,0.00413101343498178,,,0.011,0.095247724974722,""
1b,sparse49_n300,null,,300,events<G10,4937,HL.G10,0.01,0.0283573020052664,0.00236240409215743,,,0.0111403686449261,0.02867677181483,""
1b,sparse49_n300,null,,300,events<G10,4937,HL.G10,0.05,0.0601579906826008,0.00338409482730748,,,0.0111403686449261,0.0608357230643179,""
1b,sparse49_n300,null,,300,events<G10,4937,HL.G10,0.1,0.0933765444601985,0.00414095785827051,,,0.0111403686449261,0.0944285129045473,""
1b,sparse49_n300,null,,300,events>=G10,63,HL.G10,0.01,0.0158730158730159,0.0157465356432348,,,0,0.0158730158730159,""
1b,sparse49_n300,null,,300,events>=G10,63,HL.G10,0.05,0.0952380952380952,0.0369830077784583,,,0,0.0952380952380952,""
1b,sparse49_n300,null,,300,events>=G10,63,HL.G10,0.1,0.158730158730159,0.0460391302580229,,,0,0.158730158730159,""
1b,sparse49_n300,null,,300,events<Grule,4996,HL.G10,0.01,0.02822257806245,0.00234299050651142,,,0.0110088070456365,0.0285367334547662,""
1b,sparse49_n300,null,,300,events<Grule,4996,HL.G10,0.05,0.0604483586869496,0.00337164133561646,,,0.0110088070456365,0.0611212305201376,""
1b,sparse49_n300,null,,300,events<Grule,4996,HL.G10,0.1,0.0940752602081665,0.00413021404523228,,,0.0110088070456365,0.0951224448492208,""
1b,sparse49_n300,null,,300,events>=Grule,4,HL.G10,0.01,0,0,,,0,0,""
1b,sparse49_n300,null,,300,events>=Grule,4,HL.G10,0.05,0.25,0.21650635094611,,,0,0.25,""
1b,sparse49_n300,null,,300,events>=Grule,4,HL.G10,0.1,0.25,0.21650635094611,,,0,0.25,""
1b,sparse49_n300,null,,300,all,5000,HL.Grule,0.01,0.0298,0.00240466047499434,,,0.011,0.0301314459049545,""
1b,sparse49_n300,null,,300,all,5000,HL.Grule,0.05,0.0626,0.00342582077756558,,,0.011,0.0632962588473205,""
1b,sparse49_n300,null,,300,all,5000,HL.Grule,0.1,0.0942,0.00413101343498178,,,0.011,0.095247724974722,""
1b,sparse49_n300,null,,300,events<G10,4937,HL.Grule,0.01,0.0301802714198906,0.00243486851688825,,,0.0111403686449261,0.0305202785743548,""
1b,sparse49_n300,null,,300,events<G10,4937,HL.Grule,0.05,0.061980960097225,0.00343165336554821,,,0.0111403686449261,0.0626792298238427,""
1b,sparse49_n300,null,,300,events<G10,4937,HL.Grule,0.1,0.093579096617379,0.00414498360200594,,,0.0111403686449261,0.094633346988939,""
1b,sparse49_n300,null,,300,events>=G10,63,HL.Grule,0.01,0,0,,,0,0,""
1b,sparse49_n300,null,,300,events>=G10,63,HL.Grule,0.05,0.111111111111111,0.0395942580610999,,,0,0.111111111111111,""
1b,sparse49_n300,null,,300,events>=G10,63,HL.Grule,0.1,0.142857142857143,0.0440866714177405,,,0,0.142857142857143,""
1b,sparse49_n300,null,,300,events<Grule,4996,HL.Grule,0.01,0.0298238590872698,0.0024065561521172,,,0.0110088070456365,0.0301558388990083,""
1b,sparse49_n300,null,,300,events<Grule,4996,HL.Grule,0.05,0.0624499599679744,0.00342335624613988,,,0.0110088070456365,0.0631451123254402,""
1b,sparse49_n300,null,,300,events<Grule,4996,HL.Grule,0.1,0.0940752602081665,0.00413021404523228,,,0.0110088070456365,0.0951224448492208,""
1b,sparse49_n300,null,,300,events>=Grule,4,HL.Grule,0.01,0,0,,,0,0,""
1b,sparse49_n300,null,,300,events>=Grule,4,HL.Grule,0.05,0.25,0.21650635094611,,,0,0.25,""
1b,sparse49_n300,null,,300,events>=Grule,4,HL.Grule,0.1,0.25,0.21650635094611,,,0,0.25,""
1b,sparse49_n300,null,,300,all,5000,HLF.G10,0.01,0.0062,0.00111009549138802,,,0.011,0.00626895854398382,""
1b,sparse49_n300,null,,300,all,5000,HLF.G10,0.05,0.0228,0.00211093154791907,,,0.011,0.0230535894843276,""
1b,sparse49_n300,null,,300,all,5000,HLF.G10,0.1,0.0418,0.00283029185774188,,,0.011,0.0422649140546006,""
1b,sparse49_n300,null,,300,events<G10,4937,HLF.G10,0.01,0.00627911687259469,0.0011242164299206,,,0.0111403686449261,0.00634985661614093,""
1b,sparse49_n300,null,,300,events<G10,4937,HLF.G10,0.05,0.0226858416042131,0.00211915624989017,,,0.0111403686449261,0.022941417451864,""
1b,sparse49_n300,null,,300,events<G10,4937,HLF.G10,0.1,0.0405104314360948,0.00280589877439229,,,0.0111403686449261,0.0409668168783286,""
1b,sparse49_n300,null,,300,events>=G10,63,HLF.G10,0.01,0,0,,,0,0,""
1b,sparse49_n300,null,,300,events>=G10,63,HLF.G10,0.05,0.0317460317460317,0.0220886457992479,,,0,0.0317460317460317,""
1b,sparse49_n300,null,,300,events>=G10,63,HLF.G10,0.1,0.142857142857143,0.0440866714177405,,,0,0.142857142857143,""
1b,sparse49_n300,null,,300,events<Grule,4996,HLF.G10,0.01,0.00620496397117694,0.0011109815041578,,,0.0110088070456365,0.00627403359643797,""
1b,sparse49_n300,null,,300,events<Grule,4996,HLF.G10,0.05,0.0228182546036829,0.00211260191270815,,,0.0110088070456365,0.0230722525804493,""
1b,sparse49_n300,null,,300,events<Grule,4996,HLF.G10,0.1,0.0416333066453163,0.00282601910676699,,,0.0110088070456365,0.0420967415502935,""
1b,sparse49_n300,null,,300,events>=Grule,4,HLF.G10,0.01,0,0,,,0,0,""
1b,sparse49_n300,null,,300,events>=Grule,4,HLF.G10,0.05,0,0,,,0,0,""
1b,sparse49_n300,null,,300,events>=Grule,4,HLF.G10,0.1,0.25,0.21650635094611,,,0,0.25,""
1b,sparse49_n300,null,,300,all,5000,HLF.Grule,0.01,0.005,0.000997496867163,,,0.011,0.00505561172901921,""
1b,sparse49_n300,null,,300,all,5000,HLF.Grule,0.05,0.0206,0.0020087628033195,,,0.011,0.0208291203235592,""
1b,sparse49_n300,null,,300,all,5000,HLF.Grule,0.1,0.0428,0.00286245209566903,,,0.011,0.0432760364004045,""
1b,sparse49_n300,null,,300,events<G10,4937,HLF.Grule,0.01,0.00506380392951185,0.00101019332046817,,,0.0111403686449261,0.00512085210979107,""
1b,sparse49_n300,null,,300,events<G10,4937,HLF.Grule,0.05,0.0202552157180474,0.00200490294078222,,,0.0111403686449261,0.0204834084391643,""
1b,sparse49_n300,null,,300,events<G10,4937,HLF.Grule,0.1,0.0421308486935386,0.00285904923076355,,,0.0111403686449261,0.0426054895534617,""
1b,sparse49_n300,null,,300,events>=G10,63,HLF.Grule,0.01,0,0,,,0,0,""
1b,sparse49_n300,null,,300,events>=G10,63,HLF.Grule,0.05,0.0476190476190476,0.0268302938009053,,,0,0.0476190476190476,""
1b,sparse49_n300,null,,300,events>=G10,63,HLF.Grule,0.1,0.0952380952380952,0.0369830077784583,,,0,0.0952380952380952,""
1b,sparse49_n300,null,,300,events<Grule,4996,HLF.Grule,0.01,0.00500400320256205,0.000998293495333121,,,0.0110088070456365,0.00505970451325643,""
1b,sparse49_n300,null,,300,events<Grule,4996,HLF.Grule,0.05,0.0204163330664532,0.00200077579081882,,,0.0110088070456365,0.0206435944140862,""
1b,sparse49_n300,null,,300,events<Grule,4996,HLF.Grule,0.1,0.0426341072858287,0.00285829037983726,,,0.0110088070456365,0.0431086824529447,""
1b,sparse49_n300,null,,300,events>=Grule,4,HLF.Grule,0.01,0,0,,,0,0,""
1b,sparse49_n300,null,,300,events>=Grule,4,HLF.Grule,0.05,0.25,0.21650635094611,,,0,0.25,""
1b,sparse49_n300,null,,300,events>=Grule,4,HLF.Grule,0.1,0.25,0.21650635094611,,,0,0.25,""
1b,sparse49_n300,null,,300,all,5000,Stk.joint,0.01,0.0062,0.00111009549138802,,,0.012,0.0062753036437247,""
1b,sparse49_n300,null,,300,all,5000,Stk.joint,0.05,0.0418,0.00283029185774188,,,0.012,0.0423076923076923,""
1b,sparse49_n300,null,,300,all,5000,Stk.joint,0.1,0.0978,0.00420083705944422,,,0.012,0.0989878542510121,""
1b,sparse49_n300,null,,300,events<G10,4937,Stk.joint,0.01,0.00627911687259469,0.0011242164299206,,,0.0121531294308284,0.00635636661882305,""
1b,sparse49_n300,null,,300,events<G10,4937,Stk.joint,0.05,0.0421308486935386,0.00285904923076355,,,0.0121531294308284,0.0426491695714579,""
1b,sparse49_n300,null,,300,events<G10,4937,Stk.joint,0.1,0.0976301397609885,0.00422427985842661,,,0.0121531294308284,0.0988312487184745,""
1b,sparse49_n300,null,,300,events>=G10,63,Stk.joint,0.01,0,0,,,0,0,""
1b,sparse49_n300,null,,300,events>=G10,63,Stk.joint,0.05,0.0158730158730159,0.0157465356432348,,,0,0.0158730158730159,""
1b,sparse49_n300,null,,300,events>=G10,63,Stk.joint,0.1,0.111111111111111,0.0395942580610999,,,0,0.111111111111111,""
1b,sparse49_n300,null,,300,events<Grule,4996,Stk.joint,0.01,0.00620496397117694,0.0011109815041578,,,0.0120096076861489,0.00628038897893031,""
1b,sparse49_n300,null,,300,events<Grule,4996,Stk.joint,0.05,0.0418334667734187,0.00283250843766912,,,0.0120096076861489,0.0423419773095624,""
1b,sparse49_n300,null,,300,events<Grule,4996,Stk.joint,0.1,0.0978783026421137,0.00420401797290351,,,0.0120096076861489,0.0990680713128039,""
1b,sparse49_n300,null,,300,events>=Grule,4,Stk.joint,0.01,0,0,,,0,0,""
1b,sparse49_n300,null,,300,events>=Grule,4,Stk.joint,0.05,0,0,,,0,0,""
1b,sparse49_n300,null,,300,events>=Grule,4,Stk.joint,0.1,0,0,,,0,0,""
1b,sparse49_n300,null,,300,all,5000,Stk.LR,0.01,0.0398,0.00276463234445378,,,0.089,0.0436882546652031,""
1b,sparse49_n300,null,,300,all,5000,Stk.LR,0.05,0.1236,0.00465452553973012,,,0.089,0.135675082327113,""
1b,sparse49_n300,null,,300,all,5000,Stk.LR,0.1,0.1982,0.00563767256942083,,,0.089,0.217563117453348,""
1b,sparse49_n300,null,,300,events<G10,4937,Stk.LR,0.01,0.0403078792789143,0.00279917064842601,,,0.0901357099453109,0.0443009795191452,""
1b,sparse49_n300,null,,300,events<G10,4937,Stk.LR,0.05,0.124569576665992,0.00469986353895923,,,0.0901357099453109,0.136910062333037,""
1b,sparse49_n300,null,,300,events<G10,4937,Stk.LR,0.1,0.198501114036864,0.00567677095998263,,,0.0901357099453109,0.218165627782725,""
1b,sparse49_n300,null,,300,events>=G10,63,Stk.LR,0.01,0,0,,,0,0,""
1b,sparse49_n300,null,,300,events>=G10,63,Stk.LR,0.05,0.0476190476190476,0.0268302938009053,,,0,0.0476190476190476,""
1b,sparse49_n300,null,,300,events>=G10,63,Stk.LR,0.1,0.174603174603175,0.047828547300246,,,0,0.174603174603175,""
1b,sparse49_n300,null,,300,events<Grule,4996,Stk.LR,0.01,0.0398318654923939,0.00276679991003175,,,0.0890712570056045,0.043726653482751,""
1b,sparse49_n300,null,,300,events<Grule,4996,Stk.LR,0.05,0.123698959167334,0.0046579891395225,,,0.0890712570056045,0.135794330916282,""
1b,sparse49_n300,null,,300,events<Grule,4996,Stk.LR,0.1,0.19835868694956,0.00564162795875989,,,0.0890712570056045,0.217754339705559,""
1b,sparse49_n300,null,,300,events>=Grule,4,Stk.LR,0.01,0,0,,,0,0,""
1b,sparse49_n300,null,,300,events>=Grule,4,Stk.LR,0.05,0,0,,,0,0,""
1b,sparse49_n300,null,,300,events>=Grule,4,Stk.LR,0.1,0,0,,,0,0,""
1b,sparse49_n300,null,,300,all,5000,Stk.sym1,0.01,0.0072,0.00119567219587979,,,0.012,0.00728744939271255,""
1b,sparse49_n300,null,,300,all,5000,Stk.sym1,0.05,0.0482,0.00302908435009658,,,0.012,0.0487854251012146,""
1b,sparse49_n300,null,,300,all,5000,Stk.sym1,0.1,0.1066,0.00436431987828573,,,0.012,0.107894736842105,""
1b,sparse49_n300,null,,300,events<G10,4937,Stk.sym1,0.01,0.00729187765849706,0.00121087387935055,,,0.0121531294308284,0.00738158704121386,""
1b,sparse49_n300,null,,300,events<G10,4937,Stk.sym1,0.05,0.0482074134089528,0.00304857237717327,,,0.0121531294308284,0.0488004921058028,""
1b,sparse49_n300,null,,300,events<G10,4937,Stk.sym1,0.1,0.106542434676929,0.00439103309261336,,,0.0121531294308284,0.107853188435514,""
1b,sparse49_n300,null,,300,events>=G10,63,Stk.sym1,0.01,0,0,,,0,0,""
1b,sparse49_n300,null,,300,events>=G10,63,Stk.sym1,0.05,0.0476190476190476,0.0268302938009053,,,0,0.0476190476190476,""
1b,sparse49_n300,null,,300,events>=G10,63,Stk.sym1,0.1,0.111111111111111,0.0395942580610999,,,0,0.111111111111111,""
1b,sparse49_n300,null,,300,events<Grule,4996,Stk.sym1,0.01,0.00720576461168935,0.00119662602540886,,,0.0120096076861489,0.00729335494327391,""
1b,sparse49_n300,null,,300,events<Grule,4996,Stk.sym1,0.05,0.0482385908726982,0.00303144810061665,,,0.0120096076861489,0.0488249594813614,""
1b,sparse49_n300,null,,300,events<Grule,4996,Stk.sym1,0.1,0.106685348278623,0.00436760549162155,,,0.0120096076861489,0.107982171799028,""
1b,sparse49_n300,null,,300,events>=Grule,4,Stk.sym1,0.01,0,0,,,0,0,""
1b,sparse49_n300,null,,300,events>=Grule,4,Stk.sym1,0.05,0,0,,,0,0,""
1b,sparse49_n300,null,,300,events>=Grule,4,Stk.sym1,0.1,0,0,,,0,0,""
1b,sparse49_n300,null,,300,all,5000,Stk.marg,0.01,0.0088,0.00132079975772257,,,0.5992,0.0219560878243513,""
1b,sparse49_n300,null,,300,all,5000,Stk.marg,0.05,0.0274,0.00230864635663412,,,0.5992,0.0683632734530938,""
1b,sparse49_n300,null,,300,all,5000,Stk.marg,0.1,0.0494,0.0030646252625729,,,0.5992,0.123253493013972,""
1b,sparse49_n300,null,,300,events<G10,4937,Stk.marg,0.01,0.00891229491594086,0.00133757842582192,,,0.603605428397812,0.0224833929483904,""
1b,sparse49_n300,null,,300,events<G10,4937,Stk.marg,0.05,0.0275470933765445,0.00232938146979203,,,0.603605428397812,0.0694941236586612,""
1b,sparse49_n300,null,,300,events<G10,4937,Stk.marg,0.1,0.0490176220376747,0.00307277521011334,,,0.603605428397812,0.123658661216147,""
1b,sparse49_n300,null,,300,events>=G10,63,Stk.marg,0.01,0,0,,,0.253968253968254,0,""
1b,sparse49_n300,null,,300,events>=G10,63,Stk.marg,0.05,0.0158730158730159,0.0157465356432348,,,0.253968253968254,0.0212765957446809,""
1b,sparse49_n300,null,,300,events>=G10,63,Stk.marg,0.1,0.0793650793650794,0.0340555716585603,,,0.253968253968254,0.106382978723404,""
1b,sparse49_n300,null,,300,events<Grule,4996,Stk.marg,0.01,0.00880704563650921,0.00132185254550376,,,0.599479583666934,0.0219890054972514,""
1b,sparse49_n300,null,,300,events<Grule,4996,Stk.marg,0.05,0.02742193755004,0.00231046869502292,,,0.599479583666934,0.0684657671164418,""
1b,sparse49_n300,null,,300,events<Grule,4996,Stk.marg,0.1,0.0494395516413131,0.00306701511902959,,,0.599479583666934,0.12343828085957,""
1b,sparse49_n300,null,,300,events>=Grule,4,Stk.marg,0.01,0,0,,,0.25,0,""
1b,sparse49_n300,null,,300,events>=Grule,4,Stk.marg,0.05,0,0,,,0.25,0,""
1b,sparse49_n300,null,,300,events>=Grule,4,Stk.marg,0.1,0,0,,,0.25,0,""
1b,sparse49_n300,null,,300,all,5000,GiViTI,0.01,0.0514,0.00312275647465504,,,0.0576,0.0545415959252971,""
1b,sparse49_n300,null,,300,all,5000,GiViTI,0.05,0.1332,0.00480536699951211,,,0.0576,0.141341256366723,""
1b,sparse49_n300,null,,300,all,5000,GiViTI,0.1,0.2062,0.00572156552003034,,,0.0576,0.218803056027165,""
1b,sparse49_n300,null,,300,events<G10,4937,GiViTI,0.01,0.0520559043953818,0.00316151172912596,,,0.0583350212679765,0.0552807055280706,""
1b,sparse49_n300,null,,300,events<G10,4937,GiViTI,0.05,0.134292080210654,0.0048526540623587,,,0.0583350212679765,0.142611314261131,""
1b,sparse49_n300,null,,300,events<G10,4937,GiViTI,0.1,0.207210856795625,0.00576837567379644,,,0.0583350212679765,0.220047322004732,""
1b,sparse49_n300,null,,300,events>=G10,63,GiViTI,0.01,0,0,,,0,0,""
1b,sparse49_n300,null,,300,events>=G10,63,GiViTI,0.05,0.0476190476190476,0.0268302938009053,,,0,0.0476190476190476,""
1b,sparse49_n300,null,,300,events>=G10,63,GiViTI,0.1,0.126984126984127,0.0419484109614863,,,0,0.126984126984127,""
1b,sparse49_n300,null,,300,events<Grule,4996,GiViTI,0.01,0.0514411529223379,0.00312518888807391,,,0.0576461168935148,0.0545879354290569,""
1b,sparse49_n300,null,,300,events<Grule,4996,GiViTI,0.05,0.133306645316253,0.00480891851500762,,,0.0576461168935148,0.141461342395922,""
1b,sparse49_n300,null,,300,events<Grule,4996,GiViTI,0.1,0.206365092073659,0.00572555095308661,,,0.0576461168935148,0.218988954970263,""
1b,sparse49_n300,null,,300,events>=Grule,4,GiViTI,0.01,0,0,,,0,0,""
1b,sparse49_n300,null,,300,events>=Grule,4,GiViTI,0.05,0,0,,,0,0,""
1b,sparse49_n300,null,,300,events>=Grule,4,GiViTI,0.1,0,0,,,0,0,""
1b,sparse49_n300,null,,300,all,5000,GiViTI.t50,0.01,0.0776,0.00378360251612137,,,0.0576,0.0823429541595925,""
1b,sparse49_n300,null,,300,all,5000,GiViTI.t50,0.05,0.178,0.0054095471159793,,,0.0576,0.188879456706282,""
1b,sparse49_n300,null,,300,all,5000,GiViTI.t50,0.1,0.2612,0.00621248034202121,,,0.0576,0.277164685908319,""
1b,sparse49_n300,null,,300,events<G10,4937,GiViTI.t50,0.01,0.0783876848288434,0.00382530871597802,,,0.0583350212679765,0.0832437083243708,""
1b,sparse49_n300,null,,300,events<G10,4937,GiViTI.t50,0.05,0.179056106947539,0.00545657015824997,,,0.0583350212679765,0.190148419014842,""
1b,sparse49_n300,null,,300,events<G10,4937,GiViTI.t50,0.1,0.262507595705894,0.00626207333617333,,,0.0583350212679765,0.278769627876963,""
1b,sparse49_n300,null,,300,events>=G10,63,GiViTI.t50,0.01,0.0158730158730159,0.0157465356432348,,,0,0.0158730158730159,""
1b,sparse49_n300,null,,300,events>=G10,63,GiViTI.t50,0.05,0.0952380952380952,0.0369830077784583,,,0,0.0952380952380952,""
1b,sparse49_n300,null,,300,events>=G10,63,GiViTI.t50,0.1,0.158730158730159,0.0460391302580229,,,0,0.158730158730159,""
1b,sparse49_n300,null,,300,events<Grule,4996,GiViTI.t50,0.01,0.077662129703763,0.00378650429215806,,,0.0576461168935148,0.0824129141886151,""
1b,sparse49_n300,null,,300,events<Grule,4996,GiViTI.t50,0.05,0.178142514011209,0.00541340888342885,,,0.0576461168935148,0.189039932030586,""
1b,sparse49_n300,null,,300,events<Grule,4996,GiViTI.t50,0.1,0.261409127301841,0.00621657427604705,,,0.0576461168935148,0.277400169923534,""
1b,sparse49_n300,null,,300,events>=Grule,4,GiViTI.t50,0.01,0,0,,,0,0,""
1b,sparse49_n300,null,,300,events>=Grule,4,GiViTI.t50,0.05,0,0,,,0,0,""
1b,sparse49_n300,null,,300,events>=Grule,4,GiViTI.t50,0.1,0,0,,,0,0,""
1b,sparse49_n300,null,,300,all,5000,Cubic.LR,0.01,0.0732,0.00368352439926764,,,0.011,0.0740141557128413,""
1b,sparse49_n300,null,,300,all,5000,Cubic.LR,0.05,0.1596,0.00517934049855771,,,0.011,0.161375126390293,""
1b,sparse49_n300,null,,300,all,5000,Cubic.LR,0.1,0.2388,0.00602950346214346,,,0.011,0.241456016177958,""
1b,sparse49_n300,null,,300,events<G10,4937,Cubic.LR,0.01,0.073931537370873,0.00372395866914581,,,0.0111403686449261,0.0747644408029496,""
1b,sparse49_n300,null,,300,events<G10,4937,Cubic.LR,0.05,0.160826412801296,0.00522845081677546,,,0.0111403686449261,0.162638263006964,""
1b,sparse49_n300,null,,300,events<G10,4937,Cubic.LR,0.1,0.239821754101681,0.00607673702795188,,,0.0111403686449261,0.242523555919705,""
1b,sparse49_n300,null,,300,events>=G10,63,Cubic.LR,0.01,0.0158730158730159,0.0157465356432348,,,0,0.0158730158730159,""
1b,sparse49_n300,null,,300,events>=G10,63,Cubic.LR,0.05,0.0634920634920635,0.0307216952878331,,,0,0.0634920634920635,""
1b,sparse49_n300,null,,300,events>=G10,63,Cubic.LR,0.1,0.158730158730159,0.0460391302580229,,,0,0.158730158730159,""
1b,sparse49_n300,null,,300,events<Grule,4996,Cubic.LR,0.01,0.0732586068855084,0.00368635701784173,,,0.0110088070456365,0.0740740740740741,""
1b,sparse49_n300,null,,300,events<Grule,4996,Cubic.LR,0.05,0.159727782225781,0.00518309320061909,,,0.0110088070456365,0.161505768063145,""
1b,sparse49_n300,null,,300,events<Grule,4996,Cubic.LR,0.1,0.238991192954364,0.00603357304852674,,,0.0110088070456365,0.241651487553127,""
1b,sparse49_n300,null,,300,events>=Grule,4,Cubic.LR,0.01,0,0,,,0,0,""
1b,sparse49_n300,null,,300,events>=Grule,4,Cubic.LR,0.05,0,0,,,0,0,""
1b,sparse49_n300,null,,300,events>=Grule,4,Cubic.LR,0.1,0,0,,,0,0,""
1b,sparse49_n300,null,,300,all,5000,HL_w,0.01,0.0094,0.00136467138901642,,,0.2696,0.0128696604600219,""
1b,sparse49_n300,null,,300,all,5000,HL_w,0.05,0.04,0.0027712812921102,,,0.2696,0.0547645125958379,""
1b,sparse49_n300,null,,300,all,5000,HL_w,0.1,0.0872,0.00398989122658751,,,0.2696,0.119386637458927,""
1b,sparse49_n300,null,,300,events<G10,4937,HL_w,0.01,0.00951995138748228,0.00138200198778434,,,0.272837755722098,0.013091922005571,""
1b,sparse49_n300,null,,300,events<G10,4937,HL_w,0.05,0.0401053271217338,0.00279242333565597,,,0.272837755722098,0.0551532033426184,""
1b,sparse49_n300,null,,300,events<G10,4937,HL_w,0.1,0.0875025319019648,0.00402156025609451,,,0.272837755722098,0.12033426183844,""
1b,sparse49_n300,null,,300,events>=G10,63,HL_w,0.01,0,0,,,0.0158730158730159,0,""
1b,sparse49_n300,null,,300,events>=G10,63,HL_w,0.05,0.0317460317460317,0.0220886457992479,,,0.0158730158730159,0.032258064516129,""
1b,sparse49_n300,null,,300,events>=G10,63,HL_w,0.1,0.0634920634920635,0.0307216952878331,,,0.0158730158730159,0.0645161290322581,""
1b,sparse49_n300,null,,300,events<Grule,4996,HL_w,0.01,0.00940752602081665,0.00136575881205395,,,0.269815852682146,0.0128837719298246,""
1b,sparse49_n300,null,,300,events<Grule,4996,HL_w,0.05,0.0400320256204964,0.00277345382978697,,,0.269815852682146,0.0548245614035088,""
1b,sparse49_n300,null,,300,events<Grule,4996,HL_w,0.1,0.0872698158526822,0.00399293298588995,,,0.269815852682146,0.119517543859649,""
1b,sparse49_n300,null,,300,events>=Grule,4,HL_w,0.01,0,0,,,0,0,""
1b,sparse49_n300,null,,300,events>=Grule,4,HL_w,0.05,0,0,,,0,0,""
1b,sparse49_n300,null,,300,events>=Grule,4,HL_w,0.1,0,0,,,0,0,""
1b,sparse49_n300,null,,300,all,5000,PH,0.01,0.0216,0.00205589104769684,,,0.0272,0.0222039473684211,""
1b,sparse49_n300,null,,300,all,5000,PH,0.05,0.0472,0.00299907185642492,,,0.0272,0.0485197368421053,""
1b,sparse49_n300,null,,300,all,5000,PH,0.1,0.0732,0.00368352439926764,,,0.0272,0.0752467105263158,""
1b,sparse49_n300,null,,300,events<G10,4937,PH,0.01,0.0216730808183107,0.00207238654227104,,,0.0275470933765445,0.0222870235367632,""
1b,sparse49_n300,null,,300,events<G10,4937,PH,0.05,0.0471946526230504,0.00301798395279423,,,0.0275470933765445,0.0485315559258488,""
1b,sparse49_n300,null,,300,events<G10,4937,PH,0.1,0.0723111201134292,0.00368614280500472,,,0.0275470933765445,0.0743595084357426,""
1b,sparse49_n300,null,,300,events>=G10,63,PH,0.01,0.0158730158730159,0.0157465356432348,,,0,0.0158730158730159,""
1b,sparse49_n300,null,,300,events>=G10,63,PH,0.05,0.0476190476190476,0.0268302938009053,,,0,0.0476190476190476,""
1b,sparse49_n300,null,,300,events>=G10,63,PH,0.1,0.142857142857143,0.0440866714177405,,,0,0.142857142857143,""
1b,sparse49_n300,null,,300,events<Grule,4996,PH,0.01,0.0216172938350681,0.00205751889314772,,,0.0272217774219376,0.0222222222222222,""
1b,sparse49_n300,null,,300,events<Grule,4996,PH,0.05,0.0472377902321858,0.00300141351161204,,,0.0272217774219376,0.048559670781893,""
1b,sparse49_n300,null,,300,events<Grule,4996,PH,0.1,0.0730584467574059,0.00368171509541345,,,0.0272217774219376,0.0751028806584362,""
1b,sparse49_n300,null,,300,events>=Grule,4,PH,0.01,0,0,,,0,0,""
1b,sparse49_n300,null,,300,events>=Grule,4,PH,0.05,0,0,,,0,0,""
1b,sparse49_n300,null,,300,events>=Grule,4,PH,0.1,0.25,0.21650635094611,,,0,0.25,""
1b,sparse49_n300,null,,300,all,5000,Tsiatis,0.01,0.0178,0.00186992834087299,,,0.011,0.0179979777553084,""
1b,sparse49_n300,null,,300,all,5000,Tsiatis,0.05,0.0486,0.0030409879973456,,,0.011,0.0491405460060667,""
1b,sparse49_n300,null,,300,all,5000,Tsiatis,0.1,0.0782,0.00379696615734194,,,0.011,0.0790697674418605,""
1b,sparse49_n300,null,,300,events<G10,4937,Tsiatis,0.01,0.0180271419890622,0.00189357110599931,,,0.0111403686449261,0.0182302335108562,""
1b,sparse49_n300,null,,300,events<G10,4937,Tsiatis,0.05,0.0490176220376747,0.00307277521011334,,,0.0111403686449261,0.0495698484227775,""
1b,sparse49_n300,null,,300,events<G10,4937,Tsiatis,0.1,0.0783876848288434,0.00382530871597802,,,0.0111403686449261,0.0792707906595658,""
1b,sparse49_n300,null,,300,events>=G10,63,Tsiatis,0.01,0,0,,,0,0,""
1b,sparse49_n300,null,,300,events>=G10,63,Tsiatis,0.05,0.0158730158730159,0.0157465356432348,,,0,0.0158730158730159,""
1b,sparse49_n300,null,,300,events>=G10,63,Tsiatis,0.1,0.0634920634920635,0.0307216952878331,,,0,0.0634920634920635,""
1b,sparse49_n300,null,,300,events<Grule,4996,Tsiatis,0.01,0.0178142514011209,0.00187141190432257,,,0.0110088070456365,0.0180125480671929,""
1b,sparse49_n300,null,,300,events<Grule,4996,Tsiatis,0.05,0.0484387510008006,0.00303741145964072,,,0.0110088070456365,0.0489779396883222,""
1b,sparse49_n300,null,,300,events<Grule,4996,Tsiatis,0.1,0.078062449959968,0.00379542685151898,,,0.0110088070456365,0.0789313904068002,""
1b,sparse49_n300,null,,300,events>=Grule,4,Tsiatis,0.01,0,0,,,0,0,""
1b,sparse49_n300,null,,300,events>=Grule,4,Tsiatis,0.05,0.25,0.21650635094611,,,0,0.25,""
1b,sparse49_n300,null,,300,events>=Grule,4,Tsiatis,0.1,0.25,0.21650635094611,,,0,0.25,""
1b,sparse49_n300,null,,300,all,5000,Xie,0.01,0.0126,0.00157741814367656,,,0.011,0.0127401415571284,""
1b,sparse49_n300,null,,300,all,5000,Xie,0.05,0.0344,0.00257746542168852,,,0.011,0.0347826086956522,""
1b,sparse49_n300,null,,300,all,5000,Xie,0.1,0.0596,0.00334806929438445,,,0.011,0.060262891809909,""
1b,sparse49_n300,null,,300,events<G10,4937,Xie,0.01,0.0125582337451894,0.00158485109387253,,,0.0111403686449261,0.0126997132322819,""
1b,sparse49_n300,null,,300,events<G10,4937,Xie,0.05,0.0342313145635001,0.00258771703524118,,,0.0111403686449261,0.0346169602621876,""
1b,sparse49_n300,null,,300,events<G10,4937,Xie,0.1,0.0591452298966984,0.003357295698771,,,0.0111403686449261,0.0598115526423597,""
1b,sparse49_n300,null,,300,events>=G10,63,Xie,0.01,0.0158730158730159,0.0157465356432348,,,0,0.0158730158730159,""
1b,sparse49_n300,null,,300,events>=G10,63,Xie,0.05,0.0476190476190476,0.0268302938009053,,,0,0.0476190476190476,""
1b,sparse49_n300,null,,300,events>=G10,63,Xie,0.1,0.0952380952380952,0.0369830077784583,,,0,0.0952380952380952,""
1b,sparse49_n300,null,,300,events<Grule,4996,Xie,0.01,0.0124099279423539,0.00156625248400084,,,0.0110088070456365,0.0125480671928759,""
1b,sparse49_n300,null,,300,events<Grule,4996,Xie,0.05,0.0342273819055244,0.0025722493697423,,,0.0110088070456365,0.034608378870674,""
1b,sparse49_n300,null,,300,events<Grule,4996,Xie,0.1,0.0594475580464372,0.00334539422307099,,,0.0110088070456365,0.0601092896174863,""
1b,sparse49_n300,null,,300,events>=Grule,4,Xie,0.01,0.25,0.21650635094611,,,0,0.25,""
1b,sparse49_n300,null,,300,events>=Grule,4,Xie,0.05,0.25,0.21650635094611,,,0,0.25,""
1b,sparse49_n300,null,,300,events>=Grule,4,Xie,0.1,0.25,0.21650635094611,,,0,0.25,""
1b,sparse49_n300,null,,300,all,5000,PR,0.01,0,0,,,1,,no p-value in any replicate
1b,sparse49_n300,null,,300,all,5000,PR,0.05,0,0,,,1,,no p-value in any replicate
1b,sparse49_n300,null,,300,all,5000,PR,0.1,0,0,,,1,,no p-value in any replicate
1b,sparse49_n300,null,,300,events<G10,4937,PR,0.01,0,0,,,1,,no p-value in any replicate
1b,sparse49_n300,null,,300,events<G10,4937,PR,0.05,0,0,,,1,,no p-value in any replicate
1b,sparse49_n300,null,,300,events<G10,4937,PR,0.1,0,0,,,1,,no p-value in any replicate
1b,sparse49_n300,null,,300,events>=G10,63,PR,0.01,0,0,,,1,,no p-value in any replicate
1b,sparse49_n300,null,,300,events>=G10,63,PR,0.05,0,0,,,1,,no p-value in any replicate
1b,sparse49_n300,null,,300,events>=G10,63,PR,0.1,0,0,,,1,,no p-value in any replicate
1b,sparse49_n300,null,,300,events<Grule,4996,PR,0.01,0,0,,,1,,no p-value in any replicate
1b,sparse49_n300,null,,300,events<Grule,4996,PR,0.05,0,0,,,1,,no p-value in any replicate
1b,sparse49_n300,null,,300,events<Grule,4996,PR,0.1,0,0,,,1,,no p-value in any replicate
1b,sparse49_n300,null,,300,events>=Grule,4,PR,0.01,0,0,,,1,,no p-value in any replicate
1b,sparse49_n300,null,,300,events>=Grule,4,PR,0.05,0,0,,,1,,no p-value in any replicate
1b,sparse49_n300,null,,300,events>=Grule,4,PR,0.1,0,0,,,1,,no p-value in any replicate
1b,sparse49_n500,null,,500,all,5000,flag.evlt.G10,,0.8008,,,,0,,flag rate: share of replicates with the flag = 1
1b,sparse49_n500,null,,500,all,5000,flag.evlt.Grule,,1,,,,0,,flag rate: share of replicates with the flag = 1
1b,sparse49_n500,null,,500,all,5000,flag.stk_half0,,0.4966,,,,2e-04,,flag rate: share of replicates with the flag = 1
1b,sparse49_n500,null,,500,all,5000,flag.stk_diag,,0.306,,,,2e-04,,flag rate: share of replicates with the flag = 1
1b,sparse49_n500,null,,500,all,5000,flag.rivals_run,,0.9998,,,,2e-04,,flag rate: share of replicates with the flag = 1
1b,sparse49_n500,null,,500,all,5000,flag.degenerate,,2e-04,,,,0,,flag rate: share of replicates with the flag = 1
1b,sparse49_n500,null,,500,all,5000,flag.info_guard,,8e-04,,,,2e-04,,flag rate: share of replicates with the flag = 1
1b,sparse49_n500,null,,500,all,5000,flag.rep_error,,0,,,,0,,flag rate: share of replicates with the flag = 1
1b,sparse49_n500,null,,500,all,5000,EDGE.poly3.u.G10,0.01,0.0126,0.00157741814367656,,,0.0014,0.0126176647306229,""
1b,sparse49_n500,null,,500,all,5000,EDGE.poly3.u.G10,0.05,0.0488,0.00304691844328003,,,0.0014,0.0488684157820949,""
1b,sparse49_n500,null,,500,all,5000,EDGE.poly3.u.G10,0.1,0.0922,0.00409143397844814,,,0.0014,0.0923292609653515,""
1b,sparse49_n500,null,,500,events<G10,4004,EDGE.poly3.u.G10,0.01,0.0132367632367632,0.00180613557304983,,,0.00174825174825175,0.013259944958719,""
1b,sparse49_n500,null,,500,events<G10,4004,EDGE.poly3.u.G10,0.05,0.0492007992007992,0.00341808964231448,,,0.00174825174825175,0.0492869652239179,""
1b,sparse49_n500,null,,500,events<G10,4004,EDGE.poly3.u.G10,0.1,0.0921578421578422,0.00457113752510135,,,0.00174825174825175,0.0923192394295722,""
1b,sparse49_n500,null,,500,events>=G10,996,EDGE.poly3.u.G10,0.01,0.0100401606425703,0.00315899871928995,,,0,0.0100401606425703,""
1b,sparse49_n500,null,,500,events>=G10,996,EDGE.poly3.u.G10,0.05,0.0471887550200803,0.00671882032846242,,,0,0.0471887550200803,""
1b,sparse49_n500,null,,500,events>=G10,996,EDGE.poly3.u.G10,0.1,0.0923694779116466,0.00917464188274851,,,0,0.0923694779116466,""
1b,sparse49_n500,null,,500,all,5000,EDGE.poly3.sc.G10,0.01,0.009,0.00133558975737312,,,0.0014,0.00901261766473062,""
1b,sparse49_n500,null,,500,all,5000,EDGE.poly3.sc.G10,0.05,0.0466,0.00298088711627931,,,0.0014,0.0466653314640497,""
1b,sparse49_n500,null,,500,all,5000,EDGE.poly3.sc.G10,0.1,0.0988,0.00421991848262499,,,0.0014,0.0989385139194873,""
1b,sparse49_n500,null,,500,events<G10,4004,EDGE.poly3.sc.G10,0.01,0.00849150849150849,0.00145008549603669,,,0.00174825174825175,0.00850637978483863,""
1b,sparse49_n500,null,,500,events<G10,4004,EDGE.poly3.sc.G10,0.05,0.0472027972027972,0.00335148337962659,,,0.00174825174825175,0.0472854640980736,""
1b,sparse49_n500,null,,500,events<G10,4004,EDGE.poly3.sc.G10,0.1,0.0981518481518481,0.00470185158270127,,,0.00174825174825175,0.0983237428071053,""
1b,sparse49_n500,null,,500,events>=G10,996,EDGE.poly3.sc.G10,0.01,0.0110441767068273,0.00331150526743363,,,0,0.0110441767068273,""
1b,sparse49_n500,null,,500,events>=G10,996,EDGE.poly3.sc.G10,0.05,0.0441767068273092,0.00651112157911949,,,0,0.0441767068273092,""
1b,sparse49_n500,null,,500,events>=G10,996,EDGE.poly3.sc.G10,0.1,0.10140562248996,0.009564960853128,,,0,0.10140562248996,""
1b,sparse49_n500,null,,500,all,5000,EDGE.poly2.u.G10,0.01,0.0098,0.00139312311013779,,,0.0012,0.00981177412895475,""
1b,sparse49_n500,null,,500,all,5000,EDGE.poly2.u.G10,0.05,0.0508,0.00310545842026584,,,0.0012,0.0508610332398879,""
1b,sparse49_n500,null,,500,all,5000,EDGE.poly2.u.G10,0.1,0.1048,0.00433167311786104,,,0.0012,0.104925911093312,""
1b,sparse49_n500,null,,500,events<G10,4004,EDGE.poly2.u.G10,0.01,0.0107392607392607,0.00162890421006981,,,0.0014985014985015,0.0107553776888444,""
1b,sparse49_n500,null,,500,events<G10,4004,EDGE.poly2.u.G10,0.05,0.050949050949051,0.00347508777645349,,,0.0014985014985015,0.0510255127563782,""
1b,sparse49_n500,null,,500,events<G10,4004,EDGE.poly2.u.G10,0.1,0.105894105894106,0.00486276562957545,,,0.0014985014985015,0.106053026513257,""
1b,sparse49_n500,null,,500,events>=G10,996,EDGE.poly2.u.G10,0.01,0.00602409638554217,0.00245190824961662,,,0,0.00602409638554217,""
1b,sparse49_n500,null,,500,events>=G10,996,EDGE.poly2.u.G10,0.05,0.0502008032128514,0.00691897183508176,,,0,0.0502008032128514,""
1b,sparse49_n500,null,,500,events>=G10,996,EDGE.poly2.u.G10,0.1,0.100401606425703,0.00952280732189836,,,0,0.100401606425703,""
1b,sparse49_n500,null,,500,all,5000,EDGE.poly2.sc.G10,0.01,0.0112,0.00148825804214189,,,0.0012,0.0112134561473769,""
1b,sparse49_n500,null,,500,all,5000,EDGE.poly2.sc.G10,0.05,0.056,0.00325158422926425,,,0.0012,0.0560672807368843,""
1b,sparse49_n500,null,,500,all,5000,EDGE.poly2.sc.G10,0.1,0.1144,0.00450139178477057,,,0.0012,0.114537444933921,""
1b,sparse49_n500,null,,500,events<G10,4004,EDGE.poly2.sc.G10,0.01,0.0112387612387612,0.00166593443256667,,,0.0014985014985015,0.011255627813907,""
1b,sparse49_n500,null,,500,events<G10,4004,EDGE.poly2.sc.G10,0.05,0.0566933066933067,0.00365464601293907,,,0.0014985014985015,0.0567783891945973,""
1b,sparse49_n500,null,,500,events<G10,4004,EDGE.poly2.sc.G10,0.1,0.113886113886114,0.00502033992121885,,,0.0014985014985015,0.114057028514257,""
1b,sparse49_n500,null,,500,events>=G10,996,EDGE.poly2.sc.G10,0.01,0.0110441767068273,0.00331150526743363,,,0,0.0110441767068273,""
1b,sparse49_n500,null,,500,events>=G10,996,EDGE.poly2.sc.G10,0.05,0.0532128514056225,0.00711221330976229,,,0,0.0532128514056225,""
1b,sparse49_n500,null,,500,events>=G10,996,EDGE.poly2.sc.G10,0.1,0.116465863453815,0.0101643900655865,,,0,0.116465863453815,""
1b,sparse49_n500,null,,500,all,5000,EDGE.stk.u.G10,0.01,0.016,0.00177448584102551,,,2e-04,0.016003200640128,""
1b,sparse49_n500,null,,500,all,5000,EDGE.stk.u.G10,0.05,0.0446,0.00291927525252416,,,2e-04,0.0446089217843569,""
1b,sparse49_n500,null,,500,all,5000,EDGE.stk.u.G10,0.1,0.0858,0.00396076659246667,,,2e-04,0.0858171634326866,""
1b,sparse49_n500,null,,500,events<G10,4004,EDGE.stk.u.G10,0.01,0.015984015984016,0.00198196962657328,,,0.00024975024975025,0.0159880089932551,""
1b,sparse49_n500,null,,500,events<G10,4004,EDGE.stk.u.G10,0.05,0.0437062937062937,0.00323087833636054,,,0.00024975024975025,0.0437172120909318,""
1b,sparse49_n500,null,,500,events<G10,4004,EDGE.stk.u.G10,0.1,0.0856643356643357,0.00442288677081987,,,0.00024975024975025,0.0856857356982263,""
1b,sparse49_n500,null,,500,events>=G10,996,EDGE.stk.u.G10,0.01,0.0160642570281124,0.00398367611330919,,,0,0.0160642570281124,""
1b,sparse49_n500,null,,500,events>=G10,996,EDGE.stk.u.G10,0.05,0.0481927710843374,0.00678634258509539,,,0,0.0481927710843374,""
1b,sparse49_n500,null,,500,events>=G10,996,EDGE.stk.u.G10,0.1,0.0863453815261044,0.00889981366931973,,,0,0.0863453815261044,""
1b,sparse49_n500,null,,500,all,5000,EDGE.stk.sc.G10,0.01,0.0102,0.00142098275851609,,,2e-04,0.0102020404080816,""
1b,sparse49_n500,null,,500,all,5000,EDGE.stk.sc.G10,0.05,0.049,0.00305283474822991,,,2e-04,0.0490098019603921,""
1b,sparse49_n500,null,,500,all,5000,EDGE.stk.sc.G10,0.1,0.105,0.00433532005738907,,,2e-04,0.10502100420084,""
1b,sparse49_n500,null,,500,events<G10,4004,EDGE.stk.sc.G10,0.01,0.0102397602397602,0.0015909731901595,,,0.00024975024975025,0.010242318261304,""
1b,sparse49_n500,null,,500,events<G10,4004,EDGE.stk.sc.G10,0.05,0.048951048951049,0.0034098510019581,,,0.00024975024975025,0.0489632775418436,""
1b,sparse49_n500,null,,500,events<G10,4004,EDGE.stk.sc.G10,0.1,0.102397602397602,0.00479115103362222,,,0.00024975024975025,0.10242318261304,""
1b,sparse49_n500,null,,500,events>=G10,996,EDGE.stk.sc.G10,0.01,0.0100401606425703,0.00315899871928995,,,0,0.0100401606425703,""
1b,sparse49_n500,null,,500,events>=G10,996,EDGE.stk.sc.G10,0.05,0.0491967871485944,0.00685305191612545,,,0,0.0491967871485944,""
1b,sparse49_n500,null,,500,events>=G10,996,EDGE.stk.sc.G10,0.1,0.115461847389558,0.0101262318496487,,,0,0.115461847389558,""
1b,sparse49_n500,null,,500,all,5000,EDGE.sym.u.G10,0.01,0.012,0.00153987012439361,,,2e-04,0.012002400480096,""
1b,sparse49_n500,null,,500,all,5000,EDGE.sym.u.G10,0.05,0.0512,0.0031170036894428,,,2e-04,0.0512102420484097,""
1b,sparse49_n500,null,,500,all,5000,EDGE.sym.u.G10,0.1,0.1004,0.0042501727023734,,,2e-04,0.100420084016803,""
1b,sparse49_n500,null,,500,events<G10,4004,EDGE.sym.u.G10,0.01,0.0114885114885115,0.00168413036994453,,,0.00024975024975025,0.0114913814639021,""
1b,sparse49_n500,null,,500,events<G10,4004,EDGE.sym.u.G10,0.05,0.048951048951049,0.0034098510019581,,,0.00024975024975025,0.0489632775418436,""
1b,sparse49_n500,null,,500,events<G10,4004,EDGE.sym.u.G10,0.1,0.10014985014985,0.00474420245765755,,,0.00024975024975025,0.100174868848364,""
1b,sparse49_n500,null,,500,events>=G10,996,EDGE.sym.u.G10,0.01,0.0140562248995984,0.00373018828744737,,,0,0.0140562248995984,""
1b,sparse49_n500,null,,500,events>=G10,996,EDGE.sym.u.G10,0.05,0.0602409638554217,0.00753918745749624,,,0,0.0602409638554217,""
1b,sparse49_n500,null,,500,events>=G10,996,EDGE.sym.u.G10,0.1,0.10140562248996,0.009564960853128,,,0,0.10140562248996,""
1b,sparse49_n500,null,,500,all,5000,EDGE.sym.sc.G10,0.01,0.0094,0.00136467138901642,,,2e-04,0.00940188037607522,""
1b,sparse49_n500,null,,500,all,5000,EDGE.sym.sc.G10,0.05,0.0598,0.00335332551357604,,,2e-04,0.0598119623924785,""
1b,sparse49_n500,null,,500,all,5000,EDGE.sym.sc.G10,0.1,0.1184,0.00456905767089889,,,2e-04,0.118423684736947,""
1b,sparse49_n500,null,,500,events<G10,4004,EDGE.sym.sc.G10,0.01,0.00974025974025974,0.00155207533073647,,,0.00024975024975025,0.0097426929802648,""
1b,sparse49_n500,null,,500,events<G10,4004,EDGE.sym.sc.G10,0.05,0.0571928071928072,0.00366973848101392,,,0.00024975024975025,0.0572070946789908,""
1b,sparse49_n500,null,,500,events<G10,4004,EDGE.sym.sc.G10,0.1,0.117132867132867,0.0050820627977471,,,0.00024975024975025,0.117162128403697,""
1b,sparse49_n500,null,,500,events>=G10,996,EDGE.sym.sc.G10,0.01,0.00803212851405622,0.0028283585121201,,,0,0.00803212851405622,""
1b,sparse49_n500,null,,500,events>=G10,996,EDGE.sym.sc.G10,0.05,0.070281124497992,0.00809963606930029,,,0,0.070281124497992,""
1b,sparse49_n500,null,,500,events>=G10,996,EDGE.sym.sc.G10,0.1,0.123493975903614,0.0104248705277915,,,0,0.123493975903614,""
1b,sparse49_n500,null,,500,all,5000,EDGE.poly3.u.Grule,0.01,0.0132,0.00161404832641405,,,0.0012,0.013215859030837,""
1b,sparse49_n500,null,,500,all,5000,EDGE.poly3.u.Grule,0.05,0.0474,0.00300510365877785,,,0.0012,0.0474569483380056,""
1b,sparse49_n500,null,,500,all,5000,EDGE.poly3.u.Grule,0.1,0.0954,0.00415448769404845,,,0.0012,0.0955146175410493,""
1b,sparse49_n500,null,,500,events<G10,4004,EDGE.poly3.u.Grule,0.01,0.013986013986014,0.00185584406470661,,,0.0014985014985015,0.0140070035017509,""
1b,sparse49_n500,null,,500,events<G10,4004,EDGE.poly3.u.Grule,0.05,0.0484515484515485,0.0033932999412898,,,0.0014985014985015,0.0485242621310655,""
1b,sparse49_n500,null,,500,events<G10,4004,EDGE.poly3.u.Grule,0.1,0.0934065934065934,0.00459883693204756,,,0.0014985014985015,0.0935467733866933,""
1b,sparse49_n500,null,,500,events>=G10,996,EDGE.poly3.u.Grule,0.01,0.0100401606425703,0.00315899871928995,,,0,0.0100401606425703,""
1b,sparse49_n500,null,,500,events>=G10,996,EDGE.poly3.u.Grule,0.05,0.0431726907630522,0.00644008605290374,,,0,0.0431726907630522,""
1b,sparse49_n500,null,,500,events>=G10,996,EDGE.poly3.u.Grule,0.1,0.103413654618474,0.00964840075897285,,,0,0.103413654618474,""
1b,sparse49_n500,null,,500,all,5000,EDGE.poly3.sc.Grule,0.01,0.0124,0.00156500734822556,,,0.0012,0.0124148978774529,""
1b,sparse49_n500,null,,500,all,5000,EDGE.poly3.sc.Grule,0.05,0.055,0.0032241277890307,,,0.0012,0.0550660792951542,""
1b,sparse49_n500,null,,500,all,5000,EDGE.poly3.sc.Grule,0.1,0.1014,0.00426891180513254,,,0.0012,0.10152182619143,""
1b,sparse49_n500,null,,500,events<G10,4004,EDGE.poly3.sc.Grule,0.01,0.0127372627372627,0.00177217820864691,,,0.0014985014985015,0.0127563781890945,""
1b,sparse49_n500,null,,500,events<G10,4004,EDGE.poly3.sc.Grule,0.05,0.0561938061938062,0.00363947383765838,,,0.0014985014985015,0.0562781390695348,""
1b,sparse49_n500,null,,500,events<G10,4004,EDGE.poly3.sc.Grule,0.1,0.101148851148851,0.00476515829028776,,,0.0014985014985015,0.101300650325163,""
1b,sparse49_n500,null,,500,events>=G10,996,EDGE.poly3.sc.Grule,0.01,0.0110441767068273,0.00331150526743363,,,0,0.0110441767068273,""
1b,sparse49_n500,null,,500,events>=G10,996,EDGE.poly3.sc.Grule,0.05,0.0502008032128514,0.00691897183508176,,,0,0.0502008032128514,""
1b,sparse49_n500,null,,500,events>=G10,996,EDGE.poly3.sc.Grule,0.1,0.102409638554217,0.00960682407252539,,,0,0.102409638554217,""
1b,sparse49_n500,null,,500,all,5000,EDGE.poly2.u.Grule,0.01,0.0136,0.00163798901095215,,,0.001,0.0136136136136136,""
1b,sparse49_n500,null,,500,all,5000,EDGE.poly2.u.Grule,0.05,0.0552,0.0032296427046966,,,0.001,0.0552552552552553,""
1b,sparse49_n500,null,,500,all,5000,EDGE.poly2.u.Grule,0.1,0.1064,0.0043607118684912,,,0.001,0.106506506506507,""
1b,sparse49_n500,null,,500,events<G10,4004,EDGE.poly2.u.Grule,0.01,0.0144855144855145,0.00188821495947044,,,0.00124875124875125,0.0145036259064766,""
1b,sparse49_n500,null,,500,events<G10,4004,EDGE.poly2.u.Grule,0.05,0.0544455544455545,0.00358572887431657,,,0.00124875124875125,0.0545136284071018,""
1b,sparse49_n500,null,,500,events<G10,4004,EDGE.poly2.u.Grule,0.1,0.104895104895105,0.00484247673047092,,,0.00124875124875125,0.105026256564141,""
1b,sparse49_n500,null,,500,events>=G10,996,EDGE.poly2.u.Grule,0.01,0.0100401606425703,0.00315899871928995,,,0,0.0100401606425703,""
1b,sparse49_n500,null,,500,events>=G10,996,EDGE.poly2.u.Grule,0.05,0.0582329317269076,0.0074203844787617,,,0,0.0582329317269076,""
1b,sparse49_n500,null,,500,events>=G10,996,EDGE.poly2.u.Grule,0.1,0.112449799196787,0.010010277943966,,,0,0.112449799196787,""
1b,sparse49_n500,null,,500,all,5000,EDGE.poly2.sc.Grule,0.01,0.0148,0.00170768615383507,,,0.001,0.0148148148148148,""
1b,sparse49_n500,null,,500,all,5000,EDGE.poly2.sc.Grule,0.05,0.0562,0.00325704037432759,,,0.001,0.0562562562562563,""
1b,sparse49_n500,null,,500,all,5000,EDGE.poly2.sc.Grule,0.1,0.1038,0.00431336434816258,,,0.001,0.103903903903904,""
1b,sparse49_n500,null,,500,events<G10,4004,EDGE.poly2.sc.Grule,0.01,0.0157342657342657,0.00196667405717626,,,0.00124875124875125,0.0157539384846212,""
1b,sparse49_n500,null,,500,events<G10,4004,EDGE.poly2.sc.Grule,0.05,0.0551948051948052,0.0036088863390207,,,0.00124875124875125,0.0552638159539885,""
1b,sparse49_n500,null,,500,events<G10,4004,EDGE.poly2.sc.Grule,0.1,0.0976523476523477,0.00469117091758605,,,0.00124875124875125,0.0977744436109027,""
1b,sparse49_n500,null,,500,events>=G10,996,EDGE.poly2.sc.Grule,0.01,0.0110441767068273,0.00331150526743363,,,0,0.0110441767068273,""
1b,sparse49_n500,null,,500,events>=G10,996,EDGE.poly2.sc.Grule,0.05,0.0602409638554217,0.00753918745749624,,,0,0.0602409638554217,""
1b,sparse49_n500,null,,500,events>=G10,996,EDGE.poly2.sc.Grule,0.1,0.1285140562249,0.0106041494481925,,,0,0.1285140562249,""
1b,sparse49_n500,null,,500,all,5000,EDGE.stk.u.Grule,0.01,0.016,0.00177448584102551,,,2e-04,0.016003200640128,""
1b,sparse49_n500,null,,500,all,5000,EDGE.stk.u.Grule,0.05,0.0446,0.00291927525252416,,,2e-04,0.0446089217843569,""
1b,sparse49_n500,null,,500,all,5000,EDGE.stk.u.Grule,0.1,0.0814,0.0038671446830963,,,2e-04,0.0814162832566513,""
1b,sparse49_n500,null,,500,events<G10,4004,EDGE.stk.u.Grule,0.01,0.015984015984016,0.00198196962657328,,,0.00024975024975025,0.0159880089932551,""
1b,sparse49_n500,null,,500,events<G10,4004,EDGE.stk.u.Grule,0.05,0.0447052947052947,0.00326588683451157,,,0.00024975024975025,0.0447164626530102,""
1b,sparse49_n500,null,,500,events<G10,4004,EDGE.stk.u.Grule,0.1,0.0806693306693307,0.00430371066803509,,,0.00024975024975025,0.0806894828878341,""
1b,sparse49_n500,null,,500,events>=G10,996,EDGE.stk.u.Grule,0.01,0.0160642570281124,0.00398367611330919,,,0,0.0160642570281124,""
1b,sparse49_n500,null,,500,events>=G10,996,EDGE.stk.u.Grule,0.05,0.0441767068273092,0.00651112157911949,,,0,0.0441767068273092,""
1b,sparse49_n500,null,,500,events>=G10,996,EDGE.stk.u.Grule,0.1,0.0843373493975904,0.00880537902040287,,,0,0.0843373493975904,""
1b,sparse49_n500,null,,500,all,5000,EDGE.stk.sc.Grule,0.01,0.011,0.00147505932084103,,,2e-04,0.011002200440088,""
1b,sparse49_n500,null,,500,all,5000,EDGE.stk.sc.Grule,0.05,0.0498,0.00307636018697421,,,2e-04,0.0498099619923985,""
1b,sparse49_n500,null,,500,all,5000,EDGE.stk.sc.Grule,0.1,0.101,0.00426143168430517,,,2e-04,0.101020204040808,""
1b,sparse49_n500,null,,500,events<G10,4004,EDGE.stk.sc.Grule,0.01,0.0107392607392607,0.00162890421006981,,,0.00024975024975025,0.0107419435423432,""
1b,sparse49_n500,null,,500,events<G10,4004,EDGE.stk.sc.Grule,0.05,0.048951048951049,0.0034098510019581,,,0.00024975024975025,0.0489632775418436,""
1b,sparse49_n500,null,,500,events<G10,4004,EDGE.stk.sc.Grule,0.1,0.0976523476523477,0.00469117091758605,,,0.00024975024975025,0.0976767424431676,""
1b,sparse49_n500,null,,500,events>=G10,996,EDGE.stk.sc.Grule,0.01,0.0120481927710843,0.00345699828908231,,,0,0.0120481927710843,""
1b,sparse49_n500,null,,500,events>=G10,996,EDGE.stk.sc.Grule,0.05,0.0532128514056225,0.00711221330976229,,,0,0.0532128514056225,""
1b,sparse49_n500,null,,500,events>=G10,996,EDGE.stk.sc.Grule,0.1,0.114457831325301,0.0100878289709431,,,0,0.114457831325301,""
1b,sparse49_n500,null,,500,all,5000,EDGE.sym.u.Grule,0.01,0.013,0.0016019363283227,,,2e-04,0.013002600520104,""
1b,sparse49_n500,null,,500,all,5000,EDGE.sym.u.Grule,0.05,0.0472,0.00299907185642492,,,2e-04,0.0472094418883777,""
1b,sparse49_n500,null,,500,all,5000,EDGE.sym.u.Grule,0.1,0.0984,0.00421230198347649,,,2e-04,0.0984196839367874,""
1b,sparse49_n500,null,,500,events<G10,4004,EDGE.sym.u.Grule,0.01,0.012987012987013,0.00178924180421152,,,0.00024975024975025,0.0129902573070197,""
1b,sparse49_n500,null,,500,events<G10,4004,EDGE.sym.u.Grule,0.05,0.044955044955045,0.0032745685857241,,,0.00024975024975025,0.0449662752935299,""
1b,sparse49_n500,null,,500,events<G10,4004,EDGE.sym.u.Grule,0.1,0.0971528471528472,0.00468045256620673,,,0.00024975024975025,0.0971771171621284,""
1b,sparse49_n500,null,,500,events>=G10,996,EDGE.sym.u.Grule,0.01,0.0130522088353414,0.00359632910228022,,,0,0.0130522088353414,""
1b,sparse49_n500,null,,500,events>=G10,996,EDGE.sym.u.Grule,0.05,0.0562248995983936,0.00729909359666497,,,0,0.0562248995983936,""
1b,sparse49_n500,null,,500,events>=G10,996,EDGE.sym.u.Grule,0.1,0.103413654618474,0.00964840075897285,,,0,0.103413654618474,""
1b,sparse49_n500,null,,500,all,5000,EDGE.sym.sc.Grule,0.01,0.0132,0.00161404832641405,,,2e-04,0.0132026405281056,""
1b,sparse49_n500,null,,500,all,5000,EDGE.sym.sc.Grule,0.05,0.0602,0.00336380617753164,,,2e-04,0.0602120424084817,""
1b,sparse49_n500,null,,500,all,5000,EDGE.sym.sc.Grule,0.1,0.1172,0.00454893745835222,,,2e-04,0.117223444688938,""
1b,sparse49_n500,null,,500,events<G10,4004,EDGE.sym.sc.Grule,0.01,0.0117382617382617,0.00170212265007271,,,0.00024975024975025,0.0117411941044217,""
1b,sparse49_n500,null,,500,events<G10,4004,EDGE.sym.sc.Grule,0.05,0.0591908091908092,0.00372933055897684,,,0.00024975024975025,0.0592055958031476,""
1b,sparse49_n500,null,,500,events<G10,4004,EDGE.sym.sc.Grule,0.1,0.117632367632368,0.00509144631748082,,,0.00024975024975025,0.117661753684736,""
1b,sparse49_n500,null,,500,events>=G10,996,EDGE.sym.sc.Grule,0.01,0.0190763052208835,0.00433446075077434,,,0,0.0190763052208835,""
1b,sparse49_n500,null,,500,events>=G10,996,EDGE.sym.sc.Grule,0.05,0.0642570281124498,0.00776978382022678,,,0,0.0642570281124498,""
1b,sparse49_n500,null,,500,events>=G10,996,EDGE.sym.sc.Grule,0.1,0.115461847389558,0.0101262318496487,,,0,0.115461847389558,""
1b,sparse49_n500,null,,500,all,5000,HL.G10,0.01,0.0234,0.00213786996798215,,,2e-04,0.0234046809361872,""
1b,sparse49_n500,null,,500,all,5000,HL.G10,0.05,0.0674,0.00354562378150869,,,2e-04,0.0674134826965393,""
1b,sparse49_n500,null,,500,all,5000,HL.G10,0.1,0.1076,0.00438228798688539,,,2e-04,0.107621524304861,""
1b,sparse49_n500,null,,500,events<G10,4004,HL.G10,0.01,0.0254745254745255,0.00249001873753593,,,0.00024975024975025,0.0254808893330002,""
1b,sparse49_n500,null,,500,events<G10,4004,HL.G10,0.05,0.0721778221778222,0.00408966022062372,,,0.00024975024975025,0.0721958531101674,""
1b,sparse49_n500,null,,500,events<G10,4004,HL.G10,0.1,0.112887112887113,0.00500108910793597,,,0.00024975024975025,0.112915313514864,""
1b,sparse49_n500,null,,500,events>=G10,996,HL.G10,0.01,0.0150602409638554,0.00385914525697385,,,0,0.0150602409638554,""
1b,sparse49_n500,null,,500,events>=G10,996,HL.G10,0.05,0.0481927710843374,0.00678634258509539,,,0,0.0481927710843374,""
1b,sparse49_n500,null,,500,events>=G10,996,HL.G10,0.1,0.0863453815261044,0.00889981366931973,,,0,0.0863453815261044,""
1b,sparse49_n500,null,,500,all,5000,HL.Grule,0.01,0.0402,0.00277791144567281,,,2e-04,0.0402080416083217,""
1b,sparse49_n500,null,,500,all,5000,HL.Grule,0.05,0.084,0.00392285610238255,,,2e-04,0.0840168033606721,""
1b,sparse49_n500,null,,500,all,5000,HL.Grule,0.1,0.1188,0.00457573076131015,,,2e-04,0.118823764752951,""
1b,sparse49_n500,null,,500,events<G10,4004,HL.Grule,0.01,0.0444555444555445,0.00325717716015322,,,0.00024975024975025,0.0444666500124906,""
1b,sparse49_n500,null,,500,events<G10,4004,HL.Grule,0.05,0.0889110889110889,0.00449791568944816,,,0.00024975024975025,0.0889333000249813,""
1b,sparse49_n500,null,,500,events<G10,4004,HL.Grule,0.1,0.123626373626374,0.00520179437097561,,,0.00024975024975025,0.123657257057207,""
1b,sparse49_n500,null,,500,events>=G10,996,HL.Grule,0.01,0.0230923694779116,0.00475917122963433,,,0,0.0230923694779116,""
1b,sparse49_n500,null,,500,events>=G10,996,HL.Grule,0.05,0.0642570281124498,0.00776978382022678,,,0,0.0642570281124498,""
1b,sparse49_n500,null,,500,events>=G10,996,HL.Grule,0.1,0.0993975903614458,0.00948035960630415,,,0,0.0993975903614458,""
1b,sparse49_n500,null,,500,all,5000,HLF.G10,0.01,0.0052,0.00101714895664303,,,2e-04,0.00520104020804161,""
1b,sparse49_n500,null,,500,all,5000,HLF.G10,0.05,0.0308,0.00244341400503476,,,2e-04,0.0308061612322465,""
1b,sparse49_n500,null,,500,all,5000,HLF.G10,0.1,0.0582,0.00331097447891101,,,2e-04,0.0582116423284657,""
1b,sparse49_n500,null,,500,events<G10,4004,HLF.G10,0.01,0.00524475524475525,0.00114149416899808,,,0.00024975024975025,0.00524606545091182,""
1b,sparse49_n500,null,,500,events<G10,4004,HLF.G10,0.05,0.0292207792207792,0.00266169995941569,,,0.00024975024975025,0.0292280789407944,""
1b,sparse49_n500,null,,500,events<G10,4004,HLF.G10,0.1,0.0561938061938062,0.00363947383765838,,,0.00024975024975025,0.0562078441169123,""
1b,sparse49_n500,null,,500,events>=G10,996,HLF.G10,0.01,0.00502008032128514,0.00223940591906298,,,0,0.00502008032128514,""
1b,sparse49_n500,null,,500,events>=G10,996,HLF.G10,0.05,0.03714859437751,0.00599268097049575,,,0,0.03714859437751,""
1b,sparse49_n500,null,,500,events>=G10,996,HLF.G10,0.1,0.0662650602409639,0.00788178228576673,,,0,0.0662650602409639,""
1b,sparse49_n500,null,,500,all,5000,HLF.Grule,0.01,0.009,0.00133558975737312,,,2e-04,0.00900180036007201,""
1b,sparse49_n500,null,,500,all,5000,HLF.Grule,0.05,0.032,0.00248901586977665,,,2e-04,0.0320064012802561,""
1b,sparse49_n500,null,,500,all,5000,HLF.Grule,0.1,0.053,0.00316831185333767,,,2e-04,0.0530106021204241,""
1b,sparse49_n500,null,,500,events<G10,4004,HLF.Grule,0.01,0.00849150849150849,0.00145008549603669,,,0.00024975024975025,0.00849362977766675,""
1b,sparse49_n500,null,,500,events<G10,4004,HLF.Grule,0.05,0.0322177822177822,0.00279054869508987,,,0.00024975024975025,0.0322258306270297,""
1b,sparse49_n500,null,,500,events<G10,4004,HLF.Grule,0.1,0.0531968031968032,0.00354670927550117,,,0.00024975024975025,0.053210092430677,""
1b,sparse49_n500,null,,500,events>=G10,996,HLF.Grule,0.01,0.0110441767068273,0.00331150526743363,,,0,0.0110441767068273,""
1b,sparse49_n500,null,,500,events>=G10,996,HLF.Grule,0.05,0.0311244979919679,0.00550244228512397,,,0,0.0311244979919679,""
1b,sparse49_n500,null,,500,events>=G10,996,HLF.Grule,0.1,0.0522088353413655,0.00704853176582749,,,0,0.0522088353413655,""
1b,sparse49_n500,null,,500,all,5000,Stk.joint,0.01,0.0116,0.00151429455523026,,,0.0012,0.0116139367240689,""
1b,sparse49_n500,null,,500,all,5000,Stk.joint,0.05,0.0492,0.00305873699425106,,,0.0012,0.0492591109331197,""
1b,sparse49_n500,null,,500,all,5000,Stk.joint,0.1,0.1114,0.004449495252273,,,0.0012,0.11153384060873,""
1b,sparse49_n500,null,,500,events<G10,4004,Stk.joint,0.01,0.0112387612387612,0.00166593443256667,,,0.0014985014985015,0.011255627813907,""
1b,sparse49_n500,null,,500,events<G10,4004,Stk.joint,0.05,0.0484515484515485,0.0033932999412898,,,0.0014985014985015,0.0485242621310655,""
1b,sparse49_n500,null,,500,events<G10,4004,Stk.joint,0.1,0.111888111888112,0.00498171387209792,,,0.0014985014985015,0.112056028014007,""
1b,sparse49_n500,null,,500,events>=G10,996,Stk.joint,0.01,0.0130522088353414,0.00359632910228022,,,0,0.0130522088353414,""
1b,sparse49_n500,null,,500,events>=G10,996,Stk.joint,0.05,0.0522088353413655,0.00704853176582749,,,0,0.0522088353413655,""
1b,sparse49_n500,null,,500,events>=G10,996,Stk.joint,0.1,0.109437751004016,0.00989204426893011,,,0,0.109437751004016,""
1b,sparse49_n500,null,,500,all,5000,Stk.LR,0.01,0.0294,0.00238895960618843,,,0.0096,0.0296849757673667,""
1b,sparse49_n500,null,,500,all,5000,Stk.LR,0.05,0.0992,0.00422751369010202,,,0.0096,0.10016155088853,""
1b,sparse49_n500,null,,500,all,5000,Stk.LR,0.1,0.1702,0.00531473348344016,,,0.0096,0.171849757673667,""
1b,sparse49_n500,null,,500,events<G10,4004,Stk.LR,0.01,0.0324675324675325,0.00280098240771024,,,0.0104895104895105,0.0328117112569409,""
1b,sparse49_n500,null,,500,events<G10,4004,Stk.LR,0.05,0.103896103896104,0.00482205077732798,,,0.0104895104895105,0.104997476022211,""
1b,sparse49_n500,null,,500,events<G10,4004,Stk.LR,0.1,0.175074925074925,0.00600581835116302,,,0.0104895104895105,0.176930843008582,""
1b,sparse49_n500,null,,500,events>=G10,996,Stk.LR,0.01,0.0170682730923695,0.00410418377315014,,,0.00602409638554217,0.0171717171717172,""
1b,sparse49_n500,null,,500,events>=G10,996,Stk.LR,0.05,0.0803212851405623,0.00861199408163867,,,0.00602409638554217,0.0808080808080808,""
1b,sparse49_n500,null,,500,events>=G10,996,Stk.LR,0.1,0.150602409638554,0.0113329194873183,,,0.00602409638554217,0.151515151515152,""
1b,sparse49_n500,null,,500,all,5000,Stk.sym1,0.01,0.011,0.00147505932084103,,,0.001,0.011011011011011,""
1b,sparse49_n500,null,,500,all,5000,Stk.sym1,0.05,0.0546,0.00321306209090332,,,0.001,0.0546546546546547,""
1b,sparse49_n500,null,,500,all,5000,Stk.sym1,0.1,0.1178,0.00455901656061919,,,0.001,0.117917917917918,""
1b,sparse49_n500,null,,500,events<G10,4004,Stk.sym1,0.01,0.0112387612387612,0.00166593443256667,,,0.00124875124875125,0.0112528132033008,""
1b,sparse49_n500,null,,500,events<G10,4004,Stk.sym1,0.05,0.0536963036963037,0.00356238152144183,,,0.00124875124875125,0.0537634408602151,""
1b,sparse49_n500,null,,500,events<G10,4004,Stk.sym1,0.1,0.119380619380619,0.00512405755319174,,,0.00124875124875125,0.119529882470618,""
1b,sparse49_n500,null,,500,events>=G10,996,Stk.sym1,0.01,0.0100401606425703,0.00315899871928995,,,0,0.0100401606425703,""
1b,sparse49_n500,null,,500,events>=G10,996,Stk.sym1,0.05,0.0582329317269076,0.0074203844787617,,,0,0.0582329317269076,""
1b,sparse49_n500,null,,500,events>=G10,996,Stk.sym1,0.1,0.11144578313253,0.00997112399931653,,,0,0.11144578313253,""
1b,sparse49_n500,null,,500,all,5000,Stk.marg,0.01,0.007,0.00117906742809731,,,0.4968,0.0139109697933227,""
1b,sparse49_n500,null,,500,all,5000,Stk.marg,0.05,0.0304,0.00242799670510485,,,0.4968,0.0604133545310016,""
1b,sparse49_n500,null,,500,all,5000,Stk.marg,0.1,0.0492,0.00305873699425106,,,0.4968,0.0977742448330684,""
1b,sparse49_n500,null,,500,events<G10,4004,Stk.marg,0.01,0.00574425574425574,0.00119431504600795,,,0.548701298701299,0.0127282789153293,""
1b,sparse49_n500,null,,500,events<G10,4004,Stk.marg,0.05,0.0267232767232767,0.0025486839763103,,,0.548701298701299,0.0592141671278362,""
1b,sparse49_n500,null,,500,events<G10,4004,Stk.marg,0.1,0.044955044955045,0.0032745685857241,,,0.548701298701299,0.0996126175982291,""
1b,sparse49_n500,null,,500,events>=G10,996,Stk.marg,0.01,0.0120481927710843,0.00345699828908231,,,0.288152610441767,0.0169252468265162,""
1b,sparse49_n500,null,,500,events>=G10,996,Stk.marg,0.05,0.0451807228915663,0.00658123665233655,,,0.288152610441767,0.0634696755994358,""
1b,sparse49_n500,null,,500,events>=G10,996,Stk.marg,0.1,0.0662650602409639,0.00788178228576673,,,0.288152610441767,0.0930888575458392,""
1b,sparse49_n500,null,,500,all,5000,GiViTI,0.01,0.0332,0.0025336834845734,,,0.0022,0.033273201042293,""
1b,sparse49_n500,null,,500,all,5000,GiViTI,0.05,0.1002,0.00424640930669666,,,0.0022,0.100420926037282,""
1b,sparse49_n500,null,,500,all,5000,GiViTI,0.1,0.1616,0.00520548633654916,,,0.0022,0.161956303868511,""
1b,sparse49_n500,null,,500,events<G10,4004,GiViTI,0.01,0.0352147852147852,0.00291293508997832,,,0.00274725274725275,0.0353117956423742,""
1b,sparse49_n500,null,,500,events<G10,4004,GiViTI,0.05,0.105894105894106,0.00486276562957545,,,0.00274725274725275,0.10618582519409,""
1b,sparse49_n500,null,,500,events<G10,4004,GiViTI,0.1,0.171828171828172,0.00596156628127743,,,0.00274725274725275,0.172301527673429,""
1b,sparse49_n500,null,,500,events>=G10,996,GiViTI,0.01,0.0251004016064257,0.00495667691399599,,,0,0.0251004016064257,""
1b,sparse49_n500,null,,500,events>=G10,996,GiViTI,0.05,0.0773092369477912,0.00846280064810579,,,0,0.0773092369477912,""
1b,sparse49_n500,null,,500,events>=G10,996,GiViTI,0.1,0.120481927710843,0.0103146303473626,,,0,0.120481927710843,""
1b,sparse49_n500,null,,500,all,5000,GiViTI.t50,0.01,0.0448,0.00292550713552369,,,0.0022,0.0448987773100822,""
1b,sparse49_n500,null,,500,all,5000,GiViTI.t50,0.05,0.1308,0.00476846642013971,,,0.0022,0.131088394467829,""
1b,sparse49_n500,null,,500,all,5000,GiViTI.t50,0.1,0.2038,0.00569676329155425,,,0.0022,0.204249348566847,""
1b,sparse49_n500,null,,500,events<G10,4004,GiViTI.t50,0.01,0.04995004995005,0.00344266012064843,,,0.00274725274725275,0.0500876533934385,""
1b,sparse49_n500,null,,500,events<G10,4004,GiViTI.t50,0.05,0.141608391608392,0.00550985528424891,,,0.00274725274725275,0.141998497370398,""
1b,sparse49_n500,null,,500,events<G10,4004,GiViTI.t50,0.1,0.218531468531469,0.00653078978631253,,,0.00274725274725275,0.219133483596294,""
1b,sparse49_n500,null,,500,events>=G10,996,GiViTI.t50,0.01,0.0240963855421687,0.00485903184883613,,,0,0.0240963855421687,""
1b,sparse49_n500,null,,500,events>=G10,996,GiViTI.t50,0.05,0.0873493975903615,0.00894648751670221,,,0,0.0873493975903615,""
1b,sparse49_n500,null,,500,events>=G10,996,GiViTI.t50,0.1,0.144578313253012,0.0111432541495783,,,0,0.144578313253012,""
1b,sparse49_n500,null,,500,all,5000,Cubic.LR,0.01,0.0354,0.00261330595223751,,,2e-04,0.0354070814162833,""
1b,sparse49_n500,null,,500,all,5000,Cubic.LR,0.05,0.1132,0.00448075350806089,,,2e-04,0.113222644528906,""
1b,sparse49_n500,null,,500,all,5000,Cubic.LR,0.1,0.192,0.00557020645936935,,,2e-04,0.192038407681536,""
1b,sparse49_n500,null,,500,events<G10,4004,Cubic.LR,0.01,0.038961038961039,0.00305800877751283,,,0.00024975024975025,0.0389707719210592,""
1b,sparse49_n500,null,,500,events<G10,4004,Cubic.LR,0.05,0.116633366633367,0.00507264963613222,,,0.00024975024975025,0.116662503122658,""
1b,sparse49_n500,null,,500,events<G10,4004,Cubic.LR,0.1,0.197552447552448,0.00629219975262184,,,0.00024975024975025,0.197601798651012,""
1b,sparse49_n500,null,,500,events>=G10,996,Cubic.LR,0.01,0.0210843373493976,0.0045522169086135,,,0,0.0210843373493976,""
1b,sparse49_n500,null,,500,events>=G10,996,Cubic.LR,0.05,0.0993975903614458,0.00948035960630415,,,0,0.0993975903614458,""
1b,sparse49_n500,null,,500,events>=G10,996,Cubic.LR,0.1,0.169678714859438,0.0118934294144301,,,0,0.169678714859438,""
1b,sparse49_n500,null,,500,all,5000,HL_w,0.01,0.0084,0.00129069283720024,,,0.1382,0.00974704107681597,""
1b,sparse49_n500,null,,500,all,5000,HL_w,0.05,0.045,0.00293172304285381,,,0.1382,0.0522162914829427,""
1b,sparse49_n500,null,,500,all,5000,HL_w,0.1,0.0994,0.00423130334530627,,,0.1382,0.115339986075656,""
1b,sparse49_n500,null,,500,events<G10,4004,HL_w,0.01,0.00849150849150849,0.00145008549603669,,,0.166333666333666,0.0101857399640503,""
1b,sparse49_n500,null,,500,events<G10,4004,HL_w,0.05,0.0467032967032967,0.00333457722804486,,,0.166333666333666,0.0560215698022768,""
1b,sparse49_n500,null,,500,events<G10,4004,HL_w,0.1,0.0976523476523477,0.00469117091758605,,,0.166333666333666,0.117136009586579,""
1b,sparse49_n500,null,,500,events>=G10,996,HL_w,0.01,0.00803212851405622,0.0028283585121201,,,0.0251004016064257,0.0082389289392379,""
1b,sparse49_n500,null,,500,events>=G10,996,HL_w,0.05,0.0381526104417671,0.00606995603140075,,,0.0251004016064257,0.03913491246138,""
1b,sparse49_n500,null,,500,events>=G10,996,HL_w,0.1,0.106425702811245,0.00977144806985665,,,0.0251004016064257,0.109165808444902,""
1b,sparse49_n500,null,,500,all,5000,PH,0.01,0.0172,0.00183870389133215,,,0.0022,0.0172379234315494,""
1b,sparse49_n500,null,,500,all,5000,PH,0.05,0.0476,0.00301112072159188,,,0.0022,0.0477049508919623,""
1b,sparse49_n500,null,,500,all,5000,PH,0.1,0.0808,0.00385412402498934,,,0.0022,0.0809781519342554,""
1b,sparse49_n500,null,,500,events<G10,4004,PH,0.01,0.017982017982018,0.00210006095074197,,,0.00274725274725275,0.0180315552216379,""
1b,sparse49_n500,null,,500,events<G10,4004,PH,0.05,0.050949050949051,0.00347508777645349,,,0.00274725274725275,0.0510894064613073,""
1b,sparse49_n500,null,,500,events<G10,4004,PH,0.1,0.0864135864135864,0.0044403662879779,,,0.00274725274725275,0.0866516403706486,""
1b,sparse49_n500,null,,500,events>=G10,996,PH,0.01,0.0140562248995984,0.00373018828744737,,,0,0.0140562248995984,""
1b,sparse49_n500,null,,500,events>=G10,996,PH,0.05,0.034136546184739,0.00575357775887542,,,0,0.034136546184739,""
1b,sparse49_n500,null,,500,events>=G10,996,PH,0.1,0.0582329317269076,0.0074203844787617,,,0,0.0582329317269076,""
1b,sparse49_n500,null,,500,all,5000,Tsiatis,0.01,0.0198,0.00197017562668915,,,2e-04,0.0198039607921584,""
1b,sparse49_n500,null,,500,all,5000,Tsiatis,0.05,0.0548,0.00321860093829602,,,2e-04,0.0548109621924385,""
1b,sparse49_n500,null,,500,all,5000,Tsiatis,0.1,0.096,0.00416614930121329,,,2e-04,0.0960192038407681,""
1b,sparse49_n500,null,,500,events<G10,4004,Tsiatis,0.01,0.0214785214785215,0.00229108044354748,,,0.00024975024975025,0.0214838870846865,""
1b,sparse49_n500,null,,500,events<G10,4004,Tsiatis,0.05,0.0576923076923077,0.00368475222130722,,,0.00024975024975025,0.05770671996003,""
1b,sparse49_n500,null,,500,events<G10,4004,Tsiatis,0.1,0.0991508491508491,0.00472310087590713,,,0.00024975024975025,0.0991756182862853,""
1b,sparse49_n500,null,,500,events>=G10,996,Tsiatis,0.01,0.0130522088353414,0.00359632910228022,,,0,0.0130522088353414,""
1b,sparse49_n500,null,,500,events>=G10,996,Tsiatis,0.05,0.0431726907630522,0.00644008605290374,,,0,0.0431726907630522,""
1b,sparse49_n500,null,,500,events>=G10,996,Tsiatis,0.1,0.0833333333333333,0.00875760649807866,,,0,0.0833333333333333,""
1b,sparse49_n500,null,,500,all,5000,Xie,0.01,0.0126,0.00157741814367656,,,2e-04,0.0126025205041008,""
1b,sparse49_n500,null,,500,all,5000,Xie,0.05,0.0384,0.00271755183943195,,,2e-04,0.0384076815363073,""
1b,sparse49_n500,null,,500,all,5000,Xie,0.1,0.0708,0.00362732297982962,,,2e-04,0.0708141628325665,""
1b,sparse49_n500,null,,500,events<G10,4004,Xie,0.01,0.011988011988012,0.00171991766441724,,,0.00024975024975025,0.0119910067449413,""
1b,sparse49_n500,null,,500,events<G10,4004,Xie,0.05,0.0372127872127872,0.00299132928132151,,,0.00024975024975025,0.0372220834374219,""
1b,sparse49_n500,null,,500,events<G10,4004,Xie,0.1,0.0711788211788212,0.00406344528215191,,,0.00024975024975025,0.0711966025480889,""
1b,sparse49_n500,null,,500,events>=G10,996,Xie,0.01,0.0150602409638554,0.00385914525697385,,,0,0.0150602409638554,""
1b,sparse49_n500,null,,500,events>=G10,996,Xie,0.05,0.0431726907630522,0.00644008605290374,,,0,0.0431726907630522,""
1b,sparse49_n500,null,,500,events>=G10,996,Xie,0.1,0.0692771084337349,0.00804591434402087,,,0,0.0692771084337349,""
1b,sparse49_n500,null,,500,all,5000,PR,0.01,0,0,,,1,,no p-value in any replicate
1b,sparse49_n500,null,,500,all,5000,PR,0.05,0,0,,,1,,no p-value in any replicate
1b,sparse49_n500,null,,500,all,5000,PR,0.1,0,0,,,1,,no p-value in any replicate
1b,sparse49_n500,null,,500,events<G10,4004,PR,0.01,0,0,,,1,,no p-value in any replicate
1b,sparse49_n500,null,,500,events<G10,4004,PR,0.05,0,0,,,1,,no p-value in any replicate
1b,sparse49_n500,null,,500,events<G10,4004,PR,0.1,0,0,,,1,,no p-value in any replicate
1b,sparse49_n500,null,,500,events>=G10,996,PR,0.01,0,0,,,1,,no p-value in any replicate
1b,sparse49_n500,null,,500,events>=G10,996,PR,0.05,0,0,,,1,,no p-value in any replicate
1b,sparse49_n500,null,,500,events>=G10,996,PR,0.1,0,0,,,1,,no p-value in any replicate
1b,sparse49_n1000,null,,1000,all,5000,flag.evlt.G10,,0.0638,,,,0,,flag rate: share of replicates with the flag = 1
1b,sparse49_n1000,null,,1000,all,5000,flag.evlt.Grule,,1,,,,0,,flag rate: share of replicates with the flag = 1
1b,sparse49_n1000,null,,1000,all,5000,flag.stk_half0,,0.323,,,,0,,flag rate: share of replicates with the flag = 1
1b,sparse49_n1000,null,,1000,all,5000,flag.stk_diag,,0.189,,,,0,,flag rate: share of replicates with the flag = 1
1b,sparse49_n1000,null,,1000,all,5000,flag.rivals_run,,1,,,,0,,flag rate: share of replicates with the flag = 1
1b,sparse49_n1000,null,,1000,all,5000,flag.degenerate,,0,,,,0,,flag rate: share of replicates with the flag = 1
1b,sparse49_n1000,null,,1000,all,5000,flag.info_guard,,0,,,,0,,flag rate: share of replicates with the flag = 1
1b,sparse49_n1000,null,,1000,all,5000,flag.rep_error,,0,,,,0,,flag rate: share of replicates with the flag = 1
1b,sparse49_n1000,null,,1000,all,5000,EDGE.poly3.u.G10,0.01,0.0104,0.00143470136265357,,,0,0.0104,""
1b,sparse49_n1000,null,,1000,all,5000,EDGE.poly3.u.G10,0.05,0.0448,0.00292550713552369,,,0,0.0448,""
1b,sparse49_n1000,null,,1000,all,5000,EDGE.poly3.u.G10,0.1,0.0918,0.0040834485425924,,,0,0.0918,""
1b,sparse49_n1000,null,,1000,events<G10,319,EDGE.poly3.u.G10,0.01,0.0188087774294671,0.00760609541925971,,,0,0.0188087774294671,""
1b,sparse49_n1000,null,,1000,events<G10,319,EDGE.poly3.u.G10,0.05,0.0626959247648903,0.0135726474182344,,,0,0.0626959247648903,""
1b,sparse49_n1000,null,,1000,events<G10,319,EDGE.poly3.u.G10,0.1,0.106583072100313,0.0172772995867213,,,0,0.106583072100313,""
1b,sparse49_n1000,null,,1000,events>=G10,4681,EDGE.poly3.u.G10,0.01,0.0098269600512711,0.0014417694648567,,,0,0.0098269600512711,""
1b,sparse49_n1000,null,,1000,events>=G10,4681,EDGE.poly3.u.G10,0.05,0.043580431531724,0.00298401271405468,,,0,0.043580431531724,""
1b,sparse49_n1000,null,,1000,events>=G10,4681,EDGE.poly3.u.G10,0.1,0.0907925656910916,0.0041994006679716,,,0,0.0907925656910916,""
1b,sparse49_n1000,null,,1000,all,5000,EDGE.poly3.sc.G10,0.01,0.0094,0.00136467138901642,,,0,0.0094,""
1b,sparse49_n1000,null,,1000,all,5000,EDGE.poly3.sc.G10,0.05,0.0474,0.00300510365877785,,,0,0.0474,""
1b,sparse49_n1000,null,,1000,all,5000,EDGE.poly3.sc.G10,0.1,0.1012,0.00426517432234604,,,0,0.1012,""
1b,sparse49_n1000,null,,1000,events<G10,319,EDGE.poly3.sc.G10,0.01,0.0188087774294671,0.00760609541925971,,,0,0.0188087774294671,""
1b,sparse49_n1000,null,,1000,events<G10,319,EDGE.poly3.sc.G10,0.05,0.0564263322884013,0.0129191361689055,,,0,0.0564263322884013,""
1b,sparse49_n1000,null,,1000,events<G10,319,EDGE.poly3.sc.G10,0.1,0.137931034482759,0.0193066383088226,,,0,0.137931034482759,""
1b,sparse49_n1000,null,,1000,events>=G10,4681,EDGE.poly3.sc.G10,0.01,0.0087588122196112,0.00136189290370447,,,0,0.0087588122196112,""
1b,sparse49_n1000,null,,1000,events>=G10,4681,EDGE.poly3.sc.G10,0.05,0.0467848750267037,0.00308658953012217,,,0,0.0467848750267037,""
1b,sparse49_n1000,null,,1000,events>=G10,4681,EDGE.poly3.sc.G10,0.1,0.0986968596453749,0.00435931035170392,,,0,0.0986968596453749,""
1b,sparse49_n1000,null,,1000,all,5000,EDGE.poly2.u.G10,0.01,0.01,0.00140712472794703,,,0,0.01,""
1b,sparse49_n1000,null,,1000,all,5000,EDGE.poly2.u.G10,0.05,0.0488,0.00304691844328003,,,0,0.0488,""
1b,sparse49_n1000,null,,1000,all,5000,EDGE.poly2.u.G10,0.1,0.095,0.00414668542332307,,,0,0.095,""
1b,sparse49_n1000,null,,1000,events<G10,319,EDGE.poly2.u.G10,0.01,0.0125391849529781,0.00623016068609682,,,0,0.0125391849529781,""
1b,sparse49_n1000,null,,1000,events<G10,319,EDGE.poly2.u.G10,0.05,0.0626959247648903,0.0135726474182344,,,0,0.0626959247648903,""
1b,sparse49_n1000,null,,1000,events<G10,319,EDGE.poly2.u.G10,0.1,0.106583072100313,0.0172772995867213,,,0,0.106583072100313,""
1b,sparse49_n1000,null,,1000,events>=G10,4681,EDGE.poly2.u.G10,0.01,0.0098269600512711,0.0014417694648567,,,0,0.0098269600512711,""
1b,sparse49_n1000,null,,1000,events>=G10,4681,EDGE.poly2.u.G10,0.05,0.0478530228583636,0.00311987622460294,,,0,0.0478530228583636,""
1b,sparse49_n1000,null,,1000,events>=G10,4681,EDGE.poly2.u.G10,0.1,0.0942106387524033,0.00426966952174063,,,0,0.0942106387524033,""
1b,sparse49_n1000,null,,1000,all,5000,EDGE.poly2.sc.G10,0.01,0.0106,0.00144828450243728,,,0,0.0106,""
1b,sparse49_n1000,null,,1000,all,5000,EDGE.poly2.sc.G10,0.05,0.0532,0.00317394895989208,,,0,0.0532,""
1b,sparse49_n1000,null,,1000,all,5000,EDGE.poly2.sc.G10,0.1,0.1042,0.00432070272062312,,,0,0.1042,""
1b,sparse49_n1000,null,,1000,events<G10,319,EDGE.poly2.sc.G10,0.01,0.0156739811912226,0.00695446621450211,,,0,0.0156739811912226,""
1b,sparse49_n1000,null,,1000,events<G10,319,EDGE.poly2.sc.G10,0.05,0.0783699059561129,0.0150472676152545,,,0,0.0783699059561129,""
1b,sparse49_n1000,null,,1000,events<G10,319,EDGE.poly2.sc.G10,0.1,0.147335423197492,0.0198448287894471,,,0,0.147335423197492,""
1b,sparse49_n1000,null,,1000,events>=G10,4681,EDGE.poly2.sc.G10,0.01,0.0102542191839351,0.00147246102145406,,,0,0.0102542191839351,""
1b,sparse49_n1000,null,,1000,events>=G10,4681,EDGE.poly2.sc.G10,0.05,0.0514847254860073,0.00322992207478666,,,0,0.0514847254860073,""
1b,sparse49_n1000,null,,1000,events>=G10,4681,EDGE.poly2.sc.G10,0.1,0.101260414441359,0.00440927783438896,,,0,0.101260414441359,""
1b,sparse49_n1000,null,,1000,all,5000,EDGE.stk.u.G10,0.01,0.0108,0.00146173595426807,,,0,0.0108,""
1b,sparse49_n1000,null,,1000,all,5000,EDGE.stk.u.G10,0.05,0.043,0.00286883251515316,,,0,0.043,""
1b,sparse49_n1000,null,,1000,all,5000,EDGE.stk.u.G10,0.1,0.082,0.00388010309141394,,,0,0.082,""
1b,sparse49_n1000,null,,1000,events<G10,319,EDGE.stk.u.G10,0.01,0.0156739811912226,0.00695446621450211,,,0,0.0156739811912226,""
1b,sparse49_n1000,null,,1000,events<G10,319,EDGE.stk.u.G10,0.05,0.0501567398119122,0.0122206774336944,,,0,0.0501567398119122,""
1b,sparse49_n1000,null,,1000,events<G10,319,EDGE.stk.u.G10,0.1,0.100313479623824,0.0168201518775442,,,0,0.100313479623824,""
1b,sparse49_n1000,null,,1000,events>=G10,4681,EDGE.stk.u.G10,0.01,0.010467848750267,0.00148755952688926,,,0,0.010467848750267,""
1b,sparse49_n1000,null,,1000,events>=G10,4681,EDGE.stk.u.G10,0.05,0.0425122837000641,0.00294886236377289,,,0,0.0425122837000641,""
1b,sparse49_n1000,null,,1000,events>=G10,4681,EDGE.stk.u.G10,0.1,0.0807519760734886,0.00398220498119106,,,0,0.0807519760734886,""
1b,sparse49_n1000,null,,1000,all,5000,EDGE.stk.sc.G10,0.01,0.0088,0.00132079975772257,,,0,0.0088,""
1b,sparse49_n1000,null,,1000,all,5000,EDGE.stk.sc.G10,0.05,0.046,0.00296256645495084,,,0,0.046,""
1b,sparse49_n1000,null,,1000,all,5000,EDGE.stk.sc.G10,0.1,0.098,0.00420466407695074,,,0,0.098,""
1b,sparse49_n1000,null,,1000,events<G10,319,EDGE.stk.sc.G10,0.01,0.0156739811912226,0.00695446621450211,,,0,0.0156739811912226,""
1b,sparse49_n1000,null,,1000,events<G10,319,EDGE.stk.sc.G10,0.05,0.0658307210031348,0.0138845482749871,,,0,0.0658307210031348,""
1b,sparse49_n1000,null,,1000,events<G10,319,EDGE.stk.sc.G10,0.1,0.128526645768025,0.018738218626391,,,0,0.128526645768025,""
1b,sparse49_n1000,null,,1000,events>=G10,4681,EDGE.stk.sc.G10,0.01,0.00833155308694724,0.0013285469597131,,,0,0.00833155308694724,""
1b,sparse49_n1000,null,,1000,events>=G10,4681,EDGE.stk.sc.G10,0.05,0.0446485793633839,0.00301867305912026,,,0,0.0446485793633839,""
1b,sparse49_n1000,null,,1000,events>=G10,4681,EDGE.stk.sc.G10,0.1,0.0959196752830592,0.00430415634483363,,,0,0.0959196752830592,""
1b,sparse49_n1000,null,,1000,all,5000,EDGE.sym.u.G10,0.01,0.0088,0.00132079975772257,,,0,0.0088,""
1b,sparse49_n1000,null,,1000,all,5000,EDGE.sym.u.G10,0.05,0.0456,0.00295027591929975,,,0,0.0456,""
1b,sparse49_n1000,null,,1000,all,5000,EDGE.sym.u.G10,0.1,0.0976,0.00419700464617327,,,0,0.0976,""
1b,sparse49_n1000,null,,1000,events<G10,319,EDGE.sym.u.G10,0.01,0.0156739811912226,0.00695446621450211,,,0,0.0156739811912226,""
1b,sparse49_n1000,null,,1000,events<G10,319,EDGE.sym.u.G10,0.05,0.0501567398119122,0.0122206774336944,,,0,0.0501567398119122,""
1b,sparse49_n1000,null,,1000,events<G10,319,EDGE.sym.u.G10,0.1,0.128526645768025,0.018738218626391,,,0,0.128526645768025,""
1b,sparse49_n1000,null,,1000,events>=G10,4681,EDGE.sym.u.G10,0.01,0.00833155308694724,0.0013285469597131,,,0,0.00833155308694724,""
1b,sparse49_n1000,null,,1000,events>=G10,4681,EDGE.sym.u.G10,0.05,0.0452894680623798,0.00303924104754063,,,0,0.0452894680623798,""
1b,sparse49_n1000,null,,1000,events>=G10,4681,EDGE.sym.u.G10,0.1,0.0954924161503952,0.00429557421438226,,,0,0.0954924161503952,""
1b,sparse49_n1000,null,,1000,all,5000,EDGE.sym.sc.G10,0.01,0.0098,0.00139312311013779,,,0,0.0098,""
1b,sparse49_n1000,null,,1000,all,5000,EDGE.sym.sc.G10,0.05,0.052,0.00313993630508646,,,0,0.052,""
1b,sparse49_n1000,null,,1000,all,5000,EDGE.sym.sc.G10,0.1,0.1032,0.00430231937447698,,,0,0.1032,""
1b,sparse49_n1000,null,,1000,events<G10,319,EDGE.sym.sc.G10,0.01,0.0188087774294671,0.00760609541925971,,,0,0.0188087774294671,""
1b,sparse49_n1000,null,,1000,events<G10,319,EDGE.sym.sc.G10,0.05,0.0689655172413793,0.0141874237515257,,,0,0.0689655172413793,""
1b,sparse49_n1000,null,,1000,events<G10,319,EDGE.sym.sc.G10,0.1,0.144200626959248,0.019668634718083,,,0,0.144200626959248,""
1b,sparse49_n1000,null,,1000,events>=G10,4681,EDGE.sym.sc.G10,0.01,0.00918607135227515,0.00139441369107129,,,0,0.00918607135227515,""
1b,sparse49_n1000,null,,1000,events>=G10,4681,EDGE.sym.sc.G10,0.05,0.0508438367870113,0.00321084006480642,,,0,0.0508438367870113,""
1b,sparse49_n1000,null,,1000,events>=G10,4681,EDGE.sym.sc.G10,0.1,0.100405896176031,0.00439272067326068,,,0,0.100405896176031,""
1b,sparse49_n1000,null,,1000,all,5000,EDGE.poly3.u.Grule,0.01,0.0064,0.00112774465194919,,,0,0.0064,""
1b,sparse49_n1000,null,,1000,all,5000,EDGE.poly3.u.Grule,0.05,0.0418,0.00283029185774188,,,0,0.0418,""
1b,sparse49_n1000,null,,1000,all,5000,EDGE.poly3.u.Grule,0.1,0.095,0.00414668542332307,,,0,0.095,""
1b,sparse49_n1000,null,,1000,events<G10,319,EDGE.poly3.u.Grule,0.01,0.0125391849529781,0.00623016068609682,,,0,0.0125391849529781,""
1b,sparse49_n1000,null,,1000,events<G10,319,EDGE.poly3.u.Grule,0.05,0.0626959247648903,0.0135726474182344,,,0,0.0626959247648903,""
1b,sparse49_n1000,null,,1000,events<G10,319,EDGE.poly3.u.Grule,0.1,0.119122257053292,0.018136727742089,,,0,0.119122257053292,""
1b,sparse49_n1000,null,,1000,events>=G10,4681,EDGE.poly3.u.Grule,0.01,0.00598162785729545,0.00112703545934115,,,0,0.00598162785729545,""
1b,sparse49_n1000,null,,1000,events>=G10,4681,EDGE.poly3.u.Grule,0.05,0.0403759880367443,0.00287701955768694,,,0,0.0403759880367443,""
1b,sparse49_n1000,null,,1000,events>=G10,4681,EDGE.poly3.u.Grule,0.1,0.0933561204870754,0.00425226620040046,,,0,0.0933561204870754,""
1b,sparse49_n1000,null,,1000,all,5000,EDGE.poly3.sc.Grule,0.01,0.0092,0.00135021183523179,,,0,0.0092,""
1b,sparse49_n1000,null,,1000,all,5000,EDGE.poly3.sc.Grule,0.05,0.0446,0.00291927525252416,,,0,0.0446,""
1b,sparse49_n1000,null,,1000,all,5000,EDGE.poly3.sc.Grule,0.1,0.0922,0.00409143397844814,,,0,0.0922,""
1b,sparse49_n1000,null,,1000,events<G10,319,EDGE.poly3.sc.Grule,0.01,0.0156739811912226,0.00695446621450211,,,0,0.0156739811912226,""
1b,sparse49_n1000,null,,1000,events<G10,319,EDGE.poly3.sc.Grule,0.05,0.0595611285266458,0.0132510838848424,,,0,0.0595611285266458,""
1b,sparse49_n1000,null,,1000,events<G10,319,EDGE.poly3.sc.Grule,0.1,0.106583072100313,0.0172772995867213,,,0,0.106583072100313,""
1b,sparse49_n1000,null,,1000,events>=G10,4681,EDGE.poly3.sc.Grule,0.01,0.0087588122196112,0.00136189290370447,,,0,0.0087588122196112,""
1b,sparse49_n1000,null,,1000,events>=G10,4681,EDGE.poly3.sc.Grule,0.05,0.043580431531724,0.00298401271405468,,,0,0.043580431531724,""
1b,sparse49_n1000,null,,1000,events>=G10,4681,EDGE.poly3.sc.Grule,0.1,0.0912198248237556,0.00420828087692465,,,0,0.0912198248237556,""
1b,sparse49_n1000,null,,1000,all,5000,EDGE.poly2.u.Grule,0.01,0.009,0.00133558975737312,,,0,0.009,""
1b,sparse49_n1000,null,,1000,all,5000,EDGE.poly2.u.Grule,0.05,0.0484,0.00303504332753257,,,0,0.0484,""
1b,sparse49_n1000,null,,1000,all,5000,EDGE.poly2.u.Grule,0.1,0.0982,0.00420848571341284,,,0,0.0982,""
1b,sparse49_n1000,null,,1000,events<G10,319,EDGE.poly2.u.Grule,0.01,0.0188087774294671,0.00760609541925971,,,0,0.0188087774294671,""
1b,sparse49_n1000,null,,1000,events<G10,319,EDGE.poly2.u.Grule,0.05,0.0689655172413793,0.0141874237515257,,,0,0.0689655172413793,""
1b,sparse49_n1000,null,,1000,events<G10,319,EDGE.poly2.u.Grule,0.1,0.125391849529781,0.018541551540967,,,0,0.125391849529781,""
1b,sparse49_n1000,null,,1000,events>=G10,4681,EDGE.poly2.u.Grule,0.01,0.00833155308694724,0.0013285469597131,,,0,0.00833155308694724,""
1b,sparse49_n1000,null,,1000,events>=G10,4681,EDGE.poly2.u.Grule,0.05,0.0469985045930357,0.00309328182865577,,,0,0.0469985045930357,""
1b,sparse49_n1000,null,,1000,events>=G10,4681,EDGE.poly2.u.Grule,0.1,0.0963469344157231,0.00431271235465178,,,0,0.0963469344157231,""
1b,sparse49_n1000,null,,1000,all,5000,EDGE.poly2.sc.Grule,0.01,0.009,0.00133558975737312,,,0,0.009,""
1b,sparse49_n1000,null,,1000,all,5000,EDGE.poly2.sc.Grule,0.05,0.0438,0.00289418589589542,,,0,0.0438,""
1b,sparse49_n1000,null,,1000,all,5000,EDGE.poly2.sc.Grule,0.1,0.0956,0.00415838045397484,,,0,0.0956,""
1b,sparse49_n1000,null,,1000,events<G10,319,EDGE.poly2.sc.Grule,0.01,0.0125391849529781,0.00623016068609682,,,0,0.0125391849529781,""
1b,sparse49_n1000,null,,1000,events<G10,319,EDGE.poly2.sc.Grule,0.05,0.0595611285266458,0.0132510838848424,,,0,0.0595611285266458,""
1b,sparse49_n1000,null,,1000,events<G10,319,EDGE.poly2.sc.Grule,0.1,0.106583072100313,0.0172772995867213,,,0,0.106583072100313,""
1b,sparse49_n1000,null,,1000,events>=G10,4681,EDGE.poly2.sc.Grule,0.01,0.0087588122196112,0.00136189290370447,,,0,0.0087588122196112,""
1b,sparse49_n1000,null,,1000,events>=G10,4681,EDGE.poly2.sc.Grule,0.05,0.0427259132663961,0.0029559324698079,,,0,0.0427259132663961,""
1b,sparse49_n1000,null,,1000,events>=G10,4681,EDGE.poly2.sc.Grule,0.1,0.0948515274513993,0.00428265169888043,,,0,0.0948515274513993,""
1b,sparse49_n1000,null,,1000,all,5000,EDGE.stk.u.Grule,0.01,0.0098,0.00139312311013779,,,0,0.0098,""
1b,sparse49_n1000,null,,1000,all,5000,EDGE.stk.u.Grule,0.05,0.043,0.00286883251515316,,,0,0.043,""
1b,sparse49_n1000,null,,1000,all,5000,EDGE.stk.u.Grule,0.1,0.0846,0.00393555180375002,,,0,0.0846,""
1b,sparse49_n1000,null,,1000,events<G10,319,EDGE.stk.u.Grule,0.01,0.0219435736677116,0.00820238768708741,,,0,0.0219435736677116,""
1b,sparse49_n1000,null,,1000,events<G10,319,EDGE.stk.u.Grule,0.05,0.0532915360501567,0.0125759820142397,,,0,0.0532915360501567,""
1b,sparse49_n1000,null,,1000,events<G10,319,EDGE.stk.u.Grule,0.1,0.100313479623824,0.0168201518775442,,,0,0.100313479623824,""
1b,sparse49_n1000,null,,1000,events>=G10,4681,EDGE.stk.u.Grule,0.01,0.00897244178594318,0.00137825275658811,,,0,0.00897244178594318,""
1b,sparse49_n1000,null,,1000,events>=G10,4681,EDGE.stk.u.Grule,0.05,0.0422986541337321,0.00294177195170021,,,0,0.0422986541337321,""
1b,sparse49_n1000,null,,1000,events>=G10,4681,EDGE.stk.u.Grule,0.1,0.0835291604358043,0.00404398059623704,,,0,0.0835291604358043,""
1b,sparse49_n1000,null,,1000,all,5000,EDGE.stk.sc.Grule,0.01,0.0108,0.00146173595426807,,,0,0.0108,""
1b,sparse49_n1000,null,,1000,all,5000,EDGE.stk.sc.Grule,0.05,0.0424,0.00284963997726029,,,0,0.0424,""
1b,sparse49_n1000,null,,1000,all,5000,EDGE.stk.sc.Grule,0.1,0.0934,0.0041152506606524,,,0,0.0934,""
1b,sparse49_n1000,null,,1000,events<G10,319,EDGE.stk.sc.Grule,0.01,0.0219435736677116,0.00820238768708741,,,0,0.0219435736677116,""
1b,sparse49_n1000,null,,1000,events<G10,319,EDGE.stk.sc.Grule,0.05,0.0470219435736677,0.0118521297368238,,,0,0.0470219435736677,""
1b,sparse49_n1000,null,,1000,events<G10,319,EDGE.stk.sc.Grule,0.1,0.100313479623824,0.0168201518775442,,,0,0.100313479623824,""
1b,sparse49_n1000,null,,1000,events>=G10,4681,EDGE.stk.sc.Grule,0.01,0.0100405896176031,0.00145719939414147,,,0,0.0100405896176031,""
1b,sparse49_n1000,null,,1000,events>=G10,4681,EDGE.stk.sc.Grule,0.05,0.0420850245674001,0.00293466108640608,,,0,0.0420850245674001,""
1b,sparse49_n1000,null,,1000,events>=G10,4681,EDGE.stk.sc.Grule,0.1,0.0929288613544114,0.0042435239897631,,,0,0.0929288613544114,""
1b,sparse49_n1000,null,,1000,all,5000,EDGE.sym.u.Grule,0.01,0.0088,0.00132079975772257,,,0,0.0088,""
1b,sparse49_n1000,null,,1000,all,5000,EDGE.sym.u.Grule,0.05,0.048,0.00302311098043059,,,0,0.048,""
1b,sparse49_n1000,null,,1000,all,5000,EDGE.sym.u.Grule,0.1,0.0964,0.00417389602170442,,,0,0.0964,""
1b,sparse49_n1000,null,,1000,events<G10,319,EDGE.sym.u.Grule,0.01,0.0125391849529781,0.00623016068609682,,,0,0.0125391849529781,""
1b,sparse49_n1000,null,,1000,events<G10,319,EDGE.sym.u.Grule,0.05,0.0626959247648903,0.0135726474182344,,,0,0.0626959247648903,""
1b,sparse49_n1000,null,,1000,events<G10,319,EDGE.sym.u.Grule,0.1,0.125391849529781,0.018541551540967,,,0,0.125391849529781,""
1b,sparse49_n1000,null,,1000,events>=G10,4681,EDGE.sym.u.Grule,0.01,0.00854518265327921,0.00134532687559591,,,0,0.00854518265327921,""
1b,sparse49_n1000,null,,1000,events>=G10,4681,EDGE.sym.u.Grule,0.05,0.0469985045930357,0.00309328182865577,,,0,0.0469985045930357,""
1b,sparse49_n1000,null,,1000,events>=G10,4681,EDGE.sym.u.Grule,0.1,0.0944242683187353,0.00427400357669944,,,0,0.0944242683187353,""
1b,sparse49_n1000,null,,1000,all,5000,EDGE.sym.sc.Grule,0.01,0.0116,0.00151429455523026,,,0,0.0116,""
1b,sparse49_n1000,null,,1000,all,5000,EDGE.sym.sc.Grule,0.05,0.0504,0.00309385972532693,,,0,0.0504,""
1b,sparse49_n1000,null,,1000,all,5000,EDGE.sym.sc.Grule,0.1,0.1034,0.00430600603808216,,,0,0.1034,""
1b,sparse49_n1000,null,,1000,events<G10,319,EDGE.sym.sc.Grule,0.01,0.0188087774294671,0.00760609541925971,,,0,0.0188087774294671,""
1b,sparse49_n1000,null,,1000,events<G10,319,EDGE.sym.sc.Grule,0.05,0.0626959247648903,0.0135726474182344,,,0,0.0626959247648903,""
1b,sparse49_n1000,null,,1000,events<G10,319,EDGE.sym.sc.Grule,0.1,0.150470219435737,0.0200179333782419,,,0,0.150470219435737,""
1b,sparse49_n1000,null,,1000,events>=G10,4681,EDGE.sym.sc.Grule,0.01,0.011108737449263,0.00153192428356775,,,0,0.011108737449263,""
1b,sparse49_n1000,null,,1000,events>=G10,4681,EDGE.sym.sc.Grule,0.05,0.0495620593890194,0.00317224874053237,,,0,0.0495620593890194,""
1b,sparse49_n1000,null,,1000,events>=G10,4681,EDGE.sym.sc.Grule,0.1,0.100192266609699,0.00438856606862786,,,0,0.100192266609699,""
1b,sparse49_n1000,null,,1000,all,5000,HL.G10,0.01,0.0208,0.00201828441999635,,,0,0.0208,""
1b,sparse49_n1000,null,,1000,all,5000,HL.G10,0.05,0.0624,0.00342070869850094,,,0,0.0624,""
1b,sparse49_n1000,null,,1000,all,5000,HL.G10,0.1,0.1038,0.00431336434816258,,,0,0.1038,""
1b,sparse49_n1000,null,,1000,events<G10,319,HL.G10,0.01,0.0344827586206897,0.0102161127235634,,,0,0.0344827586206897,""
1b,sparse49_n1000,null,,1000,events<G10,319,HL.G10,0.05,0.0783699059561129,0.0150472676152545,,,0,0.0783699059561129,""
1b,sparse49_n1000,null,,1000,events<G10,319,HL.G10,0.1,0.106583072100313,0.0172772995867213,,,0,0.106583072100313,""
1b,sparse49_n1000,null,,1000,events>=G10,4681,HL.G10,0.01,0.0198675496688742,0.00203960100457346,,,0,0.0198675496688742,""
1b,sparse49_n1000,null,,1000,events>=G10,4681,HL.G10,0.05,0.0613116855372784,0.00350641255735836,,,0,0.0613116855372784,""
1b,sparse49_n1000,null,,1000,events>=G10,4681,HL.G10,0.1,0.10361033967101,0.00445431214023614,,,0,0.10361033967101,""
1b,sparse49_n1000,null,,1000,all,5000,HL.Grule,0.01,0.0434,0.00288154264240528,,,0,0.0434,""
1b,sparse49_n1000,null,,1000,all,5000,HL.Grule,0.05,0.0944,0.00413493990282809,,,0,0.0944,""
1b,sparse49_n1000,null,,1000,all,5000,HL.Grule,0.1,0.1382,0.00488058930867984,,,0,0.1382,""
1b,sparse49_n1000,null,,1000,events<G10,319,HL.Grule,0.01,0.0626959247648903,0.0135726474182344,,,0,0.0626959247648903,""
1b,sparse49_n1000,null,,1000,events<G10,319,HL.Grule,0.05,0.128526645768025,0.018738218626391,,,0,0.128526645768025,""
1b,sparse49_n1000,null,,1000,events<G10,319,HL.Grule,0.1,0.169278996865204,0.0209958659974482,,,0,0.169278996865204,""
1b,sparse49_n1000,null,,1000,events>=G10,4681,HL.Grule,0.01,0.0420850245674001,0.00293466108640608,,,0,0.0420850245674001,""
1b,sparse49_n1000,null,,1000,events>=G10,4681,HL.Grule,0.05,0.0920743430890835,0.00422595762969943,,,0,0.0920743430890835,""
1b,sparse49_n1000,null,,1000,events>=G10,4681,HL.Grule,0.1,0.136082033753471,0.00501149530625891,,,0,0.136082033753471,""
1b,sparse49_n1000,null,,1000,all,5000,HLF.G10,0.01,0.0102,0.00142098275851609,,,0,0.0102,""
1b,sparse49_n1000,null,,1000,all,5000,HLF.G10,0.05,0.045,0.00293172304285381,,,0,0.045,""
1b,sparse49_n1000,null,,1000,all,5000,HLF.G10,0.1,0.0832,0.00390583563402251,,,0,0.0832,""
1b,sparse49_n1000,null,,1000,events<G10,319,HLF.G10,0.01,0.00940438871473354,0.00540403488744187,,,0,0.00940438871473354,""
1b,sparse49_n1000,null,,1000,events<G10,319,HLF.G10,0.05,0.0313479623824451,0.0097564812694683,,,0,0.0313479623824451,""
1b,sparse49_n1000,null,,1000,events<G10,319,HLF.G10,0.1,0.0877742946708464,0.0158430752716234,,,0,0.0877742946708464,""
1b,sparse49_n1000,null,,1000,events>=G10,4681,HLF.G10,0.01,0.0102542191839351,0.00147246102145406,,,0,0.0102542191839351,""
1b,sparse49_n1000,null,,1000,events>=G10,4681,HLF.G10,0.05,0.0459303567613758,0.00305964209680691,,,0,0.0459303567613758,""
1b,sparse49_n1000,null,,1000,events>=G10,4681,HLF.G10,0.1,0.0828882717368084,0.00402984502931907,,,0,0.0828882717368084,""
1b,sparse49_n1000,null,,1000,all,5000,HLF.Grule,0.01,0.016,0.00177448584102551,,,0,0.016,""
1b,sparse49_n1000,null,,1000,all,5000,HLF.Grule,0.05,0.0474,0.00300510365877785,,,0,0.0474,""
1b,sparse49_n1000,null,,1000,all,5000,HLF.Grule,0.1,0.077,0.00377017240985078,,,0,0.077,""
1b,sparse49_n1000,null,,1000,events<G10,319,HLF.Grule,0.01,0.0219435736677116,0.00820238768708741,,,0,0.0219435736677116,""
1b,sparse49_n1000,null,,1000,events<G10,319,HLF.Grule,0.05,0.0438871473354232,0.0114690623288377,,,0,0.0438871473354232,""
1b,sparse49_n1000,null,,1000,events<G10,319,HLF.Grule,0.1,0.0626959247648903,0.0135726474182344,,,0,0.0626959247648903,""
1b,sparse49_n1000,null,,1000,events>=G10,4681,HLF.Grule,0.01,0.0155949583422346,0.00181096352663318,,,0,0.0155949583422346,""
1b,sparse49_n1000,null,,1000,events>=G10,4681,HLF.Grule,0.05,0.0476393932920316,0.00311325362107261,,,0,0.0476393932920316,""
1b,sparse49_n1000,null,,1000,events>=G10,4681,HLF.Grule,0.1,0.0779747917111728,0.00391903541927786,,,0,0.0779747917111728,""
1b,sparse49_n1000,null,,1000,all,5000,Stk.joint,0.01,0.0092,0.00135021183523179,,,2e-04,0.00920184036807361,""
1b,sparse49_n1000,null,,1000,all,5000,Stk.joint,0.05,0.0456,0.00295027591929975,,,2e-04,0.0456091218243649,""
1b,sparse49_n1000,null,,1000,all,5000,Stk.joint,0.1,0.0924,0.00409541792739154,,,2e-04,0.0924184836967394,""
1b,sparse49_n1000,null,,1000,events<G10,319,Stk.joint,0.01,0.0156739811912226,0.00695446621450211,,,0,0.0156739811912226,""
1b,sparse49_n1000,null,,1000,events<G10,319,Stk.joint,0.05,0.0626959247648903,0.0135726474182344,,,0,0.0626959247648903,""
1b,sparse49_n1000,null,,1000,events<G10,319,Stk.joint,0.1,0.122257053291536,0.0183410964461347,,,0,0.122257053291536,""
1b,sparse49_n1000,null,,1000,events>=G10,4681,Stk.joint,0.01,0.0087588122196112,0.00136189290370447,,,0.00021362956633198,0.00876068376068376,""
1b,sparse49_n1000,null,,1000,events>=G10,4681,Stk.joint,0.05,0.0444349497970519,0.00301177937504897,,,0.00021362956633198,0.0444444444444444,""
1b,sparse49_n1000,null,,1000,events>=G10,4681,Stk.joint,0.1,0.0903653065584277,0.00419049233443037,,,0.00021362956633198,0.0903846153846154,""
1b,sparse49_n1000,null,,1000,all,5000,Stk.LR,0.01,0.0144,0.00168479316237929,,,0.0038,0.0144549287291708,""
1b,sparse49_n1000,null,,1000,all,5000,Stk.LR,0.05,0.0672,0.00354073890593475,,,0.0038,0.067456334069464,""
1b,sparse49_n1000,null,,1000,all,5000,Stk.LR,0.1,0.1298,0.0047529350931819,,,0.0038,0.130295121461554,""
1b,sparse49_n1000,null,,1000,events<G10,319,Stk.LR,0.01,0.0407523510971787,0.0110699679832958,,,0.00313479623824451,0.0408805031446541,""
1b,sparse49_n1000,null,,1000,events<G10,319,Stk.LR,0.05,0.106583072100313,0.0172772995867213,,,0.00313479623824451,0.106918238993711,""
1b,sparse49_n1000,null,,1000,events<G10,319,Stk.LR,0.1,0.172413793103448,0.021149362622671,,,0.00313479623824451,0.172955974842767,""
1b,sparse49_n1000,null,,1000,events>=G10,4681,Stk.LR,0.01,0.0126041444135868,0.001630545847296,,,0.00384533219397565,0.012652798627493,""
1b,sparse49_n1000,null,,1000,events>=G10,4681,Stk.LR,0.05,0.0645161290322581,0.00359073191986654,,,0.00384533219397565,0.0647651726356423,""
1b,sparse49_n1000,null,,1000,events>=G10,4681,Stk.LR,0.1,0.126895962401196,0.00486505304269101,,,0.00384533219397565,0.127385803131032,""
1b,sparse49_n1000,null,,1000,all,5000,Stk.sym1,0.01,0.0108,0.00146173595426807,,,0,0.0108,""
1b,sparse49_n1000,null,,1000,all,5000,Stk.sym1,0.05,0.0512,0.0031170036894428,,,0,0.0512,""
1b,sparse49_n1000,null,,1000,all,5000,Stk.sym1,0.1,0.1056,0.00434623147105628,,,0,0.1056,""
1b,sparse49_n1000,null,,1000,events<G10,319,Stk.sym1,0.01,0.0188087774294671,0.00760609541925971,,,0,0.0188087774294671,""
1b,sparse49_n1000,null,,1000,events<G10,319,Stk.sym1,0.05,0.0658307210031348,0.0138845482749871,,,0,0.0658307210031348,""
1b,sparse49_n1000,null,,1000,events<G10,319,Stk.sym1,0.1,0.13166144200627,0.0189312157580722,,,0,0.13166144200627,""
1b,sparse49_n1000,null,,1000,events>=G10,4681,Stk.sym1,0.01,0.0102542191839351,0.00147246102145406,,,0,0.0102542191839351,""
1b,sparse49_n1000,null,,1000,events>=G10,4681,Stk.sym1,0.05,0.0502029480880154,0.00319161647799948,,,0,0.0502029480880154,""
1b,sparse49_n1000,null,,1000,events>=G10,4681,Stk.sym1,0.1,0.103823969237342,0.00445837049066025,,,0,0.103823969237342,""
1b,sparse49_n1000,null,,1000,all,5000,Stk.marg,0.01,0.0106,0.00144828450243728,,,0.323,0.0156573116691285,""
1b,sparse49_n1000,null,,1000,all,5000,Stk.marg,0.05,0.0328,0.00251889499582654,,,0.323,0.0484490398818316,""
1b,sparse49_n1000,null,,1000,all,5000,Stk.marg,0.1,0.06,0.00335857112474933,,,0.323,0.0886262924667651,""
1b,sparse49_n1000,null,,1000,events<G10,319,Stk.marg,0.01,0.00940438871473354,0.00540403488744187,,,0.598746081504702,0.0234375,""
1b,sparse49_n1000,null,,1000,events<G10,319,Stk.marg,0.05,0.0219435736677116,0.00820238768708741,,,0.598746081504702,0.0546875,""
1b,sparse49_n1000,null,,1000,events<G10,319,Stk.marg,0.1,0.0438871473354232,0.0114690623288377,,,0.598746081504702,0.109375,""
1b,sparse49_n1000,null,,1000,events>=G10,4681,Stk.marg,0.01,0.010681478316599,0.00150249982805279,,,0.30420850245674,0.0153515505066012,""
1b,sparse49_n1000,null,,1000,events>=G10,4681,Stk.marg,0.05,0.0335398419141209,0.00263149871717694,,,0.30420850245674,0.0482038685907277,""
1b,sparse49_n1000,null,,1000,events>=G10,4681,Stk.marg,0.1,0.0610980559709464,0.00350069677586925,,,0.30420850245674,0.0878108688977587,""
1b,sparse49_n1000,null,,1000,all,5000,GiViTI,0.01,0.0156,0.00175252047063651,,,0,0.0156,""
1b,sparse49_n1000,null,,1000,all,5000,GiViTI,0.05,0.0624,0.00342070869850094,,,0,0.0624,""
1b,sparse49_n1000,null,,1000,all,5000,GiViTI,0.1,0.1118,0.00445647304490895,,,0,0.1118,""
1b,sparse49_n1000,null,,1000,events<G10,319,GiViTI,0.01,0.0313479623824451,0.0097564812694683,,,0,0.0313479623824451,""
1b,sparse49_n1000,null,,1000,events<G10,319,GiViTI,0.05,0.109717868338558,0.0174987556840023,,,0,0.109717868338558,""
1b,sparse49_n1000,null,,1000,events<G10,319,GiViTI,0.1,0.172413793103448,0.021149362622671,,,0,0.172413793103448,""
1b,sparse49_n1000,null,,1000,events>=G10,4681,GiViTI,0.01,0.0145268105105747,0.00174879225800759,,,0,0.0145268105105747,""
1b,sparse49_n1000,null,,1000,events>=G10,4681,GiViTI,0.05,0.0591753898739586,0.00344870127812035,,,0,0.0591753898739586,""
1b,sparse49_n1000,null,,1000,events>=G10,4681,GiViTI,0.1,0.107669301431318,0.00453043124853654,,,0,0.107669301431318,""
1b,sparse49_n1000,null,,1000,all,5000,GiViTI.t50,0.01,0.0186,0.0019107087690174,,,0,0.0186,""
1b,sparse49_n1000,null,,1000,all,5000,GiViTI.t50,0.05,0.0758,0.00374310993693747,,,0,0.0758,""
1b,sparse49_n1000,null,,1000,all,5000,GiViTI.t50,0.1,0.1356,0.00484174844451878,,,0,0.1356,""
1b,sparse49_n1000,null,,1000,events<G10,319,GiViTI.t50,0.01,0.0344827586206897,0.0102161127235634,,,0,0.0344827586206897,""
1b,sparse49_n1000,null,,1000,events<G10,319,GiViTI.t50,0.05,0.150470219435737,0.0200179333782419,,,0,0.150470219435737,""
1b,sparse49_n1000,null,,1000,events<G10,319,GiViTI.t50,0.1,0.216300940438871,0.0230519954463131,,,0,0.216300940438871,""
1b,sparse49_n1000,null,,1000,events>=G10,4681,GiViTI.t50,0.01,0.0175176244392224,0.00191747923392271,,,0,0.0175176244392224,""
1b,sparse49_n1000,null,,1000,events>=G10,4681,GiViTI.t50,0.05,0.0707113864558855,0.00374671504005924,,,0,0.0707113864558855,""
1b,sparse49_n1000,null,,1000,events>=G10,4681,GiViTI.t50,0.1,0.130100405896176,0.00491704937465918,,,0,0.130100405896176,""
1b,sparse49_n1000,null,,1000,all,5000,Cubic.LR,0.01,0.0172,0.00183870389133215,,,0,0.0172,""
1b,sparse49_n1000,null,,1000,all,5000,Cubic.LR,0.05,0.077,0.00377017240985078,,,0,0.077,""
1b,sparse49_n1000,null,,1000,all,5000,Cubic.LR,0.1,0.141,0.00492176797502686,,,0,0.141,""
1b,sparse49_n1000,null,,1000,events<G10,319,Cubic.LR,0.01,0.0501567398119122,0.0122206774336944,,,0,0.0501567398119122,""
1b,sparse49_n1000,null,,1000,events<G10,319,Cubic.LR,0.05,0.137931034482759,0.0193066383088226,,,0,0.137931034482759,""
1b,sparse49_n1000,null,,1000,events<G10,319,Cubic.LR,0.1,0.210031347962382,0.0228061327089767,,,0,0.210031347962382,""
1b,sparse49_n1000,null,,1000,events>=G10,4681,Cubic.LR,0.01,0.0149540696432386,0.00177393874532129,,,0,0.0149540696432386,""
1b,sparse49_n1000,null,,1000,events>=G10,4681,Cubic.LR,0.05,0.0728476821192053,0.00379851715885039,,,0,0.0728476821192053,""
1b,sparse49_n1000,null,,1000,events>=G10,4681,Cubic.LR,0.1,0.136295663319803,0.00501480728783901,,,0,0.136295663319803,""
1b,sparse49_n1000,null,,1000,all,5000,HL_w,0.01,0.0088,0.00132079975772257,,,0.026,0.00903490759753593,""
1b,sparse49_n1000,null,,1000,all,5000,HL_w,0.05,0.0444,0.00291302729132427,,,0.026,0.0455852156057495,""
1b,sparse49_n1000,null,,1000,all,5000,HL_w,0.1,0.093,0.00410733490234239,,,0.026,0.095482546201232,""
1b,sparse49_n1000,null,,1000,events<G10,319,HL_w,0.01,0.00313479623824451,0.00312987890778471,,,0.109717868338558,0.00352112676056338,""
1b,sparse49_n1000,null,,1000,events<G10,319,HL_w,0.05,0.0532915360501567,0.0125759820142397,,,0.109717868338558,0.0598591549295775,""
1b,sparse49_n1000,null,,1000,events<G10,319,HL_w,0.1,0.112852664576803,0.0177157051514089,,,0.109717868338558,0.126760563380282,""
1b,sparse49_n1000,null,,1000,events>=G10,4681,HL_w,0.01,0.00918607135227515,0.00139441369107129,,,0.0202948088015381,0.00937636284343655,""
1b,sparse49_n1000,null,,1000,events>=G10,4681,HL_w,0.05,0.043794061098056,0.00299098343489884,,,0.0202948088015381,0.0447012647187091,""
1b,sparse49_n1000,null,,1000,events>=G10,4681,HL_w,0.1,0.0916470839564196,0.0042171331389592,,,0.0202948088015381,0.0935455734845181,""
1b,sparse49_n1000,null,,1000,all,5000,PH,0.01,0.014,0.00166156552684509,,,0,0.014,""
1b,sparse49_n1000,null,,1000,all,5000,PH,0.05,0.044,0.00290048271844533,,,0,0.044,""
1b,sparse49_n1000,null,,1000,all,5000,PH,0.1,0.0758,0.00374310993693747,,,0,0.0758,""
1b,sparse49_n1000,null,,1000,events<G10,319,PH,0.01,0.0219435736677116,0.00820238768708741,,,0,0.0219435736677116,""
1b,sparse49_n1000,null,,1000,events<G10,319,PH,0.05,0.0501567398119122,0.0122206774336944,,,0,0.0501567398119122,""
1b,sparse49_n1000,null,,1000,events<G10,319,PH,0.1,0.0815047021943574,0.0153191426250514,,,0,0.0815047021943574,""
1b,sparse49_n1000,null,,1000,events>=G10,4681,PH,0.01,0.0134586626789148,0.0016841829923122,,,0,0.0134586626789148,""
1b,sparse49_n1000,null,,1000,events>=G10,4681,PH,0.05,0.043580431531724,0.00298401271405468,,,0,0.043580431531724,""
1b,sparse49_n1000,null,,1000,events>=G10,4681,PH,0.1,0.0754112369151891,0.00385942865530895,,,0,0.0754112369151891,""
1b,sparse49_n1000,null,,1000,all,5000,Tsiatis,0.01,0.0112,0.00148825804214189,,,0,0.0112,""
1b,sparse49_n1000,null,,1000,all,5000,Tsiatis,0.05,0.0454,0.00294410733499986,,,0,0.0454,""
1b,sparse49_n1000,null,,1000,all,5000,Tsiatis,0.1,0.085,0.003943982758583,,,0,0.085,""
1b,sparse49_n1000,null,,1000,events<G10,319,Tsiatis,0.01,0.0188087774294671,0.00760609541925971,,,0,0.0188087774294671,""
1b,sparse49_n1000,null,,1000,events<G10,319,Tsiatis,0.05,0.0658307210031348,0.0138845482749871,,,0,0.0658307210031348,""
1b,sparse49_n1000,null,,1000,events<G10,319,Tsiatis,0.1,0.0971786833855799,0.0165840678615673,,,0,0.0971786833855799,""
1b,sparse49_n1000,null,,1000,events>=G10,4681,Tsiatis,0.01,0.010681478316599,0.00150249982805279,,,0,0.010681478316599,""
1b,sparse49_n1000,null,,1000,events>=G10,4681,Tsiatis,0.05,0.044007690664388,0.00299793469557974,,,0,0.044007690664388,""
1b,sparse49_n1000,null,,1000,events>=G10,4681,Tsiatis,0.1,0.0841700491348002,0.00405804530204575,,,0,0.0841700491348002,""
1b,sparse49_n1000,null,,1000,all,5000,Xie,0.01,0.0096,0.00137897353129058,,,0,0.0096,""
1b,sparse49_n1000,null,,1000,all,5000,Xie,0.05,0.0384,0.00271755183943195,,,0,0.0384,""
1b,sparse49_n1000,null,,1000,all,5000,Xie,0.1,0.0748,0.00372034837078465,,,0,0.0748,""
1b,sparse49_n1000,null,,1000,events<G10,319,Xie,0.01,0.0125391849529781,0.00623016068609682,,,0,0.0125391849529781,""
1b,sparse49_n1000,null,,1000,events<G10,319,Xie,0.05,0.0344827586206897,0.0102161127235634,,,0,0.0344827586206897,""
1b,sparse49_n1000,null,,1000,events<G10,319,Xie,0.1,0.0626959247648903,0.0135726474182344,,,0,0.0626959247648903,""
1b,sparse49_n1000,null,,1000,events>=G10,4681,Xie,0.01,0.00939970091860713,0.00141038254511801,,,0,0.00939970091860713,""
1b,sparse49_n1000,null,,1000,events>=G10,4681,Xie,0.05,0.0386669515060884,0.00281797789870334,,,0,0.0386669515060884,""
1b,sparse49_n1000,null,,1000,events>=G10,4681,Xie,0.1,0.075624866481521,0.00386444487773156,,,0,0.075624866481521,""
1b,sparse49_n1000,null,,1000,all,5000,PR,0.01,0,0,,,1,,no p-value in any replicate
1b,sparse49_n1000,null,,1000,all,5000,PR,0.05,0,0,,,1,,no p-value in any replicate
1b,sparse49_n1000,null,,1000,all,5000,PR,0.1,0,0,,,1,,no p-value in any replicate
1b,sparse49_n1000,null,,1000,events<G10,319,PR,0.01,0,0,,,1,,no p-value in any replicate
1b,sparse49_n1000,null,,1000,events<G10,319,PR,0.05,0,0,,,1,,no p-value in any replicate
1b,sparse49_n1000,null,,1000,events<G10,319,PR,0.1,0,0,,,1,,no p-value in any replicate
1b,sparse49_n1000,null,,1000,events>=G10,4681,PR,0.01,0,0,,,1,,no p-value in any replicate
1b,sparse49_n1000,null,,1000,events>=G10,4681,PR,0.05,0,0,,,1,,no p-value in any replicate
1b,sparse49_n1000,null,,1000,events>=G10,4681,PR,0.1,0,0,,,1,,no p-value in any replicate
1b,sparse49_n2000,null,,2000,all,5000,flag.evlt.G10,,0,,,,0,,flag rate: share of replicates with the flag = 1
1b,sparse49_n2000,null,,2000,all,5000,flag.evlt.Grule,,1,,,,0,,flag rate: share of replicates with the flag = 1
1b,sparse49_n2000,null,,2000,all,5000,flag.stk_half0,,0.1198,,,,0,,flag rate: share of replicates with the flag = 1
1b,sparse49_n2000,null,,2000,all,5000,flag.stk_diag,,0.2752,,,,0,,flag rate: share of replicates with the flag = 1
1b,sparse49_n2000,null,,2000,all,5000,flag.rivals_run,,1,,,,0,,flag rate: share of replicates with the flag = 1
1b,sparse49_n2000,null,,2000,all,5000,flag.degenerate,,0,,,,0,,flag rate: share of replicates with the flag = 1
1b,sparse49_n2000,null,,2000,all,5000,flag.info_guard,,0,,,,0,,flag rate: share of replicates with the flag = 1
1b,sparse49_n2000,null,,2000,all,5000,flag.rep_error,,0,,,,0,,flag rate: share of replicates with the flag = 1
1b,sparse49_n2000,null,,2000,all,5000,EDGE.poly3.u.G10,0.01,0.0104,0.00143470136265357,,,0,0.0104,""
1b,sparse49_n2000,null,,2000,all,5000,EDGE.poly3.u.G10,0.05,0.0526,0.00315699984162179,,,0,0.0526,""
1b,sparse49_n2000,null,,2000,all,5000,EDGE.poly3.u.G10,0.1,0.1044,0.00432436446197589,,,0,0.1044,""
1b,sparse49_n2000,null,,2000,all,5000,EDGE.poly3.sc.G10,0.01,0.0074,0.00121204290353106,,,0,0.0074,""
1b,sparse49_n2000,null,,2000,all,5000,EDGE.poly3.sc.G10,0.05,0.0496,0.00307049963361014,,,0,0.0496,""
1b,sparse49_n2000,null,,2000,all,5000,EDGE.poly3.sc.G10,0.1,0.107,0.00437152147426957,,,0,0.107,""
1b,sparse49_n2000,null,,2000,all,5000,EDGE.poly2.u.G10,0.01,0.01,0.00140712472794703,,,0,0.01,""
1b,sparse49_n2000,null,,2000,all,5000,EDGE.poly2.u.G10,0.05,0.0484,0.00303504332753257,,,0,0.0484,""
1b,sparse49_n2000,null,,2000,all,5000,EDGE.poly2.u.G10,0.1,0.0964,0.00417389602170442,,,0,0.0964,""
1b,sparse49_n2000,null,,2000,all,5000,EDGE.poly2.sc.G10,0.01,0.0086,0.00130583613060751,,,0,0.0086,""
1b,sparse49_n2000,null,,2000,all,5000,EDGE.poly2.sc.G10,0.05,0.0546,0.00321306209090332,,,0,0.0546,""
1b,sparse49_n2000,null,,2000,all,5000,EDGE.poly2.sc.G10,0.1,0.1086,0.004400137270586,,,0,0.1086,""
1b,sparse49_n2000,null,,2000,all,5000,EDGE.stk.u.G10,0.01,0.0082,0.00127536347760158,,,0,0.0082,""
1b,sparse49_n2000,null,,2000,all,5000,EDGE.stk.u.G10,0.05,0.0432,0.00287519599331941,,,0,0.0432,""
1b,sparse49_n2000,null,,2000,all,5000,EDGE.stk.u.G10,0.1,0.0878,0.00400227835113951,,,0,0.0878,""
1b,sparse49_n2000,null,,2000,all,5000,EDGE.stk.sc.G10,0.01,0.0074,0.00121204290353106,,,0,0.0074,""
1b,sparse49_n2000,null,,2000,all,5000,EDGE.stk.sc.G10,0.05,0.049,0.00305283474822991,,,0,0.049,""
1b,sparse49_n2000,null,,2000,all,5000,EDGE.stk.sc.G10,0.1,0.1058,0.00434985884828462,,,0,0.1058,""
1b,sparse49_n2000,null,,2000,all,5000,EDGE.sym.u.G10,0.01,0.0072,0.00119567219587979,,,0,0.0072,""
1b,sparse49_n2000,null,,2000,all,5000,EDGE.sym.u.G10,0.05,0.05,0.00308220700148449,,,0,0.05,""
1b,sparse49_n2000,null,,2000,all,5000,EDGE.sym.u.G10,0.1,0.1032,0.00430231937447698,,,0,0.1032,""
1b,sparse49_n2000,null,,2000,all,5000,EDGE.sym.sc.G10,0.01,0.0092,0.00135021183523179,,,0,0.0092,""
1b,sparse49_n2000,null,,2000,all,5000,EDGE.sym.sc.G10,0.05,0.0516,0.00312849612433834,,,0,0.0516,""
1b,sparse49_n2000,null,,2000,all,5000,EDGE.sym.sc.G10,0.1,0.1,0.00424264068711929,,,0,0.1,""
1b,sparse49_n2000,null,,2000,all,5000,EDGE.poly3.u.Grule,0.01,0.008,0.00125984125984189,,,0,0.008,""
1b,sparse49_n2000,null,,2000,all,5000,EDGE.poly3.u.Grule,0.05,0.0494,0.0030646252625729,,,0,0.0494,""
1b,sparse49_n2000,null,,2000,all,5000,EDGE.poly3.u.Grule,0.1,0.1046,0.00432802125687941,,,0,0.1046,""
1b,sparse49_n2000,null,,2000,all,5000,EDGE.poly3.sc.Grule,0.01,0.0086,0.00130583613060751,,,0,0.0086,""
1b,sparse49_n2000,null,,2000,all,5000,EDGE.poly3.sc.Grule,0.05,0.049,0.00305283474822991,,,0,0.049,""
1b,sparse49_n2000,null,,2000,all,5000,EDGE.poly3.sc.Grule,0.1,0.101,0.00426143168430517,,,0,0.101,""
1b,sparse49_n2000,null,,2000,all,5000,EDGE.poly2.u.Grule,0.01,0.0098,0.00139312311013779,,,0,0.0098,""
1b,sparse49_n2000,null,,2000,all,5000,EDGE.poly2.u.Grule,0.05,0.0476,0.00301112072159188,,,0,0.0476,""
1b,sparse49_n2000,null,,2000,all,5000,EDGE.poly2.u.Grule,0.1,0.1012,0.00426517432234604,,,0,0.1012,""
1b,sparse49_n2000,null,,2000,all,5000,EDGE.poly2.sc.Grule,0.01,0.009,0.00133558975737312,,,0,0.009,""
1b,sparse49_n2000,null,,2000,all,5000,EDGE.poly2.sc.Grule,0.05,0.049,0.00305283474822991,,,0,0.049,""
1b,sparse49_n2000,null,,2000,all,5000,EDGE.poly2.sc.Grule,0.1,0.101,0.00426143168430517,,,0,0.101,""
1b,sparse49_n2000,null,,2000,all,5000,EDGE.stk.u.Grule,0.01,0.0102,0.00142098275851609,,,0,0.0102,""
1b,sparse49_n2000,null,,2000,all,5000,EDGE.stk.u.Grule,0.05,0.044,0.00290048271844533,,,0,0.044,""
1b,sparse49_n2000,null,,2000,all,5000,EDGE.stk.u.Grule,0.1,0.0916,0.00407944702134983,,,0,0.0916,""
1b,sparse49_n2000,null,,2000,all,5000,EDGE.stk.sc.Grule,0.01,0.0076,0.00122818891055082,,,0,0.0076,""
1b,sparse49_n2000,null,,2000,all,5000,EDGE.stk.sc.Grule,0.05,0.045,0.00293172304285381,,,0,0.045,""
1b,sparse49_n2000,null,,2000,all,5000,EDGE.stk.sc.Grule,0.1,0.0986,0.00421611290171409,,,0,0.0986,""
1b,sparse49_n2000,null,,2000,all,5000,EDGE.sym.u.Grule,0.01,0.0076,0.00122818891055082,,,0,0.0076,""
1b,sparse49_n2000,null,,2000,all,5000,EDGE.sym.u.Grule,0.05,0.051,0.00311123769583746,,,0,0.051,""
1b,sparse49_n2000,null,,2000,all,5000,EDGE.sym.u.Grule,0.1,0.0988,0.00421991848262499,,,0,0.0988,""
1b,sparse49_n2000,null,,2000,all,5000,EDGE.sym.sc.Grule,0.01,0.0096,0.00137897353129058,,,0,0.0096,""
1b,sparse49_n2000,null,,2000,all,5000,EDGE.sym.sc.Grule,0.05,0.05,0.00308220700148449,,,0,0.05,""
1b,sparse49_n2000,null,,2000,all,5000,EDGE.sym.sc.Grule,0.1,0.108,0.00438944187796125,,,0,0.108,""
1b,sparse49_n2000,null,,2000,all,5000,HL.G10,0.01,0.0164,0.00179616480312916,,,0,0.0164,""
1b,sparse49_n2000,null,,2000,all,5000,HL.G10,0.05,0.06,0.00335857112474933,,,0,0.06,""
1b,sparse49_n2000,null,,2000,all,5000,HL.G10,0.1,0.107,0.00437152147426957,,,0,0.107,""
1b,sparse49_n2000,null,,2000,all,5000,HL.Grule,0.01,0.0506,0.00309966578843591,,,0,0.0506,""
1b,sparse49_n2000,null,,2000,all,5000,HL.Grule,0.05,0.1082,0.00439301172318035,,,0,0.1082,""
1b,sparse49_n2000,null,,2000,all,5000,HL.Grule,0.1,0.153,0.0050909920447787,,,0,0.153,""
1b,sparse49_n2000,null,,2000,all,5000,HLF.G10,0.01,0.0108,0.00146173595426807,,,0,0.0108,""
1b,sparse49_n2000,null,,2000,all,5000,HLF.G10,0.05,0.0498,0.00307636018697421,,,0,0.0498,""
1b,sparse49_n2000,null,,2000,all,5000,HLF.G10,0.1,0.0994,0.00423130334530627,,,0,0.0994,""
1b,sparse49_n2000,null,,2000,all,5000,HLF.Grule,0.01,0.0206,0.0020087628033195,,,0,0.0206,""
1b,sparse49_n2000,null,,2000,all,5000,HLF.Grule,0.05,0.0564,0.00326248494249399,,,0,0.0564,""
1b,sparse49_n2000,null,,2000,all,5000,HLF.Grule,0.1,0.0934,0.0041152506606524,,,0,0.0934,""
1b,sparse49_n2000,null,,2000,all,5000,Stk.joint,0.01,0.0132,0.00161404832641405,,,0,0.0132,""
1b,sparse49_n2000,null,,2000,all,5000,Stk.joint,0.05,0.0484,0.00303504332753257,,,0,0.0484,""
1b,sparse49_n2000,null,,2000,all,5000,Stk.joint,0.1,0.0982,0.00420848571341284,,,0,0.0982,""
1b,sparse49_n2000,null,,2000,all,5000,Stk.LR,0.01,0.0154,0.00174142700105402,,,0.0052,0.0154804985926819,""
1b,sparse49_n2000,null,,2000,all,5000,Stk.LR,0.05,0.072,0.00365557109081468,,,0.0052,0.0723763570566948,""
1b,sparse49_n2000,null,,2000,all,5000,Stk.LR,0.1,0.1444,0.00497088804943342,,,0.0052,0.145154804985927,""
1b,sparse49_n2000,null,,2000,all,5000,Stk.sym1,0.01,0.0092,0.00135021183523179,,,0,0.0092,""
1b,sparse49_n2000,null,,2000,all,5000,Stk.sym1,0.05,0.0532,0.00317394895989208,,,0,0.0532,""
1b,sparse49_n2000,null,,2000,all,5000,Stk.sym1,0.1,0.1084,0.00439657685023246,,,0,0.1084,""
1b,sparse49_n2000,null,,2000,all,5000,Stk.marg,0.01,0.016,0.00177448584102551,,,0.1198,0.0181776868893433,""
1b,sparse49_n2000,null,,2000,all,5000,Stk.marg,0.05,0.0478,0.00301712313305241,,,0.1198,0.0543058395819132,""
1b,sparse49_n2000,null,,2000,all,5000,Stk.marg,0.1,0.086,0.00396494640569075,,,0.1198,0.0977050670302204,""
1b,sparse49_n2000,null,,2000,all,5000,GiViTI,0.01,0.0116,0.00151429455523026,,,0,0.0116,""
1b,sparse49_n2000,null,,2000,all,5000,GiViTI,0.05,0.0566,0.00326791799162709,,,0,0.0566,""
1b,sparse49_n2000,null,,2000,all,5000,GiViTI,0.1,0.1138,0.00449109251741711,,,0,0.1138,""
1b,sparse49_n2000,null,,2000,all,5000,GiViTI.t50,0.01,0.0128,0.0015897270205919,,,0,0.0128,""
1b,sparse49_n2000,null,,2000,all,5000,GiViTI.t50,0.05,0.0614,0.00339499749631719,,,0,0.0614,""
1b,sparse49_n2000,null,,2000,all,5000,GiViTI.t50,0.1,0.1202,0.00459895553359673,,,0,0.1202,""
1b,sparse49_n2000,null,,2000,all,5000,Cubic.LR,0.01,0.0134,0.00162606518934513,,,0,0.0134,""
1b,sparse49_n2000,null,,2000,all,5000,Cubic.LR,0.05,0.0622,0.00341558662604244,,,0,0.0622,""
1b,sparse49_n2000,null,,2000,all,5000,Cubic.LR,0.1,0.1218,0.00462525156072618,,,0,0.1218,""
1b,sparse49_n2000,null,,2000,all,5000,HL_w,0.01,0.0112,0.00148825804214189,,,0.0012,0.0112134561473769,""
1b,sparse49_n2000,null,,2000,all,5000,HL_w,0.05,0.046,0.00296256645495084,,,0.0012,0.0460552663195835,""
1b,sparse49_n2000,null,,2000,all,5000,HL_w,0.1,0.0928,0.0041033683724472,,,0.0012,0.0929114937925511,""
1b,sparse49_n2000,null,,2000,all,5000,PH,0.01,0.0092,0.00135021183523179,,,0,0.0092,""
1b,sparse49_n2000,null,,2000,all,5000,PH,0.05,0.0394,0.00275127752144345,,,0,0.0394,""
1b,sparse49_n2000,null,,2000,all,5000,PH,0.1,0.0786,0.00380583867235594,,,0,0.0786,""
1b,sparse49_n2000,null,,2000,all,5000,Tsiatis,0.01,0.0104,0.00143470136265357,,,0,0.0104,""
1b,sparse49_n2000,null,,2000,all,5000,Tsiatis,0.05,0.0478,0.00301712313305241,,,0,0.0478,""
1b,sparse49_n2000,null,,2000,all,5000,Tsiatis,0.1,0.0972,0.00418932357308432,,,0,0.0972,""
1b,sparse49_n2000,null,,2000,all,5000,Xie,0.01,0.0058,0.00107390502373348,,,0,0.0058,""
1b,sparse49_n2000,null,,2000,all,5000,Xie,0.05,0.0322,0.00249652398346181,,,0,0.0322,""
1b,sparse49_n2000,null,,2000,all,5000,Xie,0.1,0.0698,0.00360355269144216,,,0,0.0698,""
1b,sparse49_n2000,null,,2000,all,5000,PR,0.01,0,0,,,1,,no p-value in any replicate
1b,sparse49_n2000,null,,2000,all,5000,PR,0.05,0,0,,,1,,no p-value in any replicate
1b,sparse49_n2000,null,,2000,all,5000,PR,0.1,0,0,,,1,,no p-value in any replicate
1b,sparse49_n5000,null,,5000,all,5000,flag.evlt.G10,,0,,,,0,,flag rate: share of replicates with the flag = 1
1b,sparse49_n5000,null,,5000,all,5000,flag.evlt.Grule,,1,,,,0,,flag rate: share of replicates with the flag = 1
1b,sparse49_n5000,null,,5000,all,5000,flag.stk_half0,,0.0052,,,,0,,flag rate: share of replicates with the flag = 1
1b,sparse49_n5000,null,,5000,all,5000,flag.stk_diag,,0.2814,,,,0,,flag rate: share of replicates with the flag = 1
1b,sparse49_n5000,null,,5000,all,5000,flag.rivals_run,,1,,,,0,,flag rate: share of replicates with the flag = 1
1b,sparse49_n5000,null,,5000,all,5000,flag.degenerate,,0,,,,0,,flag rate: share of replicates with the flag = 1
1b,sparse49_n5000,null,,5000,all,5000,flag.info_guard,,0,,,,0,,flag rate: share of replicates with the flag = 1
1b,sparse49_n5000,null,,5000,all,5000,flag.rep_error,,0,,,,0,,flag rate: share of replicates with the flag = 1
1b,sparse49_n5000,null,,5000,all,5000,EDGE.poly3.u.G10,0.01,0.0086,0.00130583613060751,,,0,0.0086,""
1b,sparse49_n5000,null,,5000,all,5000,EDGE.poly3.u.G10,0.05,0.0504,0.00309385972532693,,,0,0.0504,""
1b,sparse49_n5000,null,,5000,all,5000,EDGE.poly3.u.G10,0.1,0.0918,0.0040834485425924,,,0,0.0918,""
1b,sparse49_n5000,null,,5000,all,5000,EDGE.poly3.sc.G10,0.01,0.0088,0.00132079975772257,,,0,0.0088,""
1b,sparse49_n5000,null,,5000,all,5000,EDGE.poly3.sc.G10,0.05,0.0462,0.00296868859936505,,,0,0.0462,""
1b,sparse49_n5000,null,,5000,all,5000,EDGE.poly3.sc.G10,0.1,0.0968,0.00418162073842189,,,0,0.0968,""
1b,sparse49_n5000,null,,5000,all,5000,EDGE.poly2.u.G10,0.01,0.0106,0.00144828450243728,,,0,0.0106,""
1b,sparse49_n5000,null,,5000,all,5000,EDGE.poly2.u.G10,0.05,0.0518,0.0031342227106573,,,0,0.0518,""
1b,sparse49_n5000,null,,5000,all,5000,EDGE.poly2.u.G10,0.1,0.0916,0.00407944702134983,,,0,0.0916,""
1b,sparse49_n5000,null,,5000,all,5000,EDGE.poly2.sc.G10,0.01,0.0102,0.00142098275851609,,,0,0.0102,""
1b,sparse49_n5000,null,,5000,all,5000,EDGE.poly2.sc.G10,0.05,0.0508,0.00310545842026584,,,0,0.0508,""
1b,sparse49_n5000,null,,5000,all,5000,EDGE.poly2.sc.G10,0.1,0.0988,0.00421991848262499,,,0,0.0988,""
1b,sparse49_n5000,null,,5000,all,5000,EDGE.stk.u.G10,0.01,0.0098,0.00139312311013779,,,0,0.0098,""
1b,sparse49_n5000,null,,5000,all,5000,EDGE.stk.u.G10,0.05,0.0428,0.00286245209566903,,,0,0.0428,""
1b,sparse49_n5000,null,,5000,all,5000,EDGE.stk.u.G10,0.1,0.0902,0.00405127041802939,,,0,0.0902,""
1b,sparse49_n5000,null,,5000,all,5000,EDGE.stk.sc.G10,0.01,0.0084,0.00129069283720024,,,0,0.0084,""
1b,sparse49_n5000,null,,5000,all,5000,EDGE.stk.sc.G10,0.05,0.0438,0.00289418589589542,,,0,0.0438,""
1b,sparse49_n5000,null,,5000,all,5000,EDGE.stk.sc.G10,0.1,0.0932,0.00411129565952146,,,0,0.0932,""
1b,sparse49_n5000,null,,5000,all,5000,EDGE.sym.u.G10,0.01,0.0098,0.00139312311013779,,,0,0.0098,""
1b,sparse49_n5000,null,,5000,all,5000,EDGE.sym.u.G10,0.05,0.0438,0.00289418589589542,,,0,0.0438,""
1b,sparse49_n5000,null,,5000,all,5000,EDGE.sym.u.G10,0.1,0.0958,0.00416226765117286,,,0,0.0958,""
1b,sparse49_n5000,null,,5000,all,5000,EDGE.sym.sc.G10,0.01,0.0094,0.00136467138901642,,,0,0.0094,""
1b,sparse49_n5000,null,,5000,all,5000,EDGE.sym.sc.G10,0.05,0.0486,0.0030409879973456,,,0,0.0486,""
1b,sparse49_n5000,null,,5000,all,5000,EDGE.sym.sc.G10,0.1,0.1036,0.0043096876917011,,,0,0.1036,""
1b,sparse49_n5000,null,,5000,all,5000,EDGE.poly3.u.Grule,0.01,0.009,0.00133558975737312,,,0,0.009,""
1b,sparse49_n5000,null,,5000,all,5000,EDGE.poly3.u.Grule,0.05,0.053,0.00316831185333767,,,0,0.053,""
1b,sparse49_n5000,null,,5000,all,5000,EDGE.poly3.u.Grule,0.1,0.1022,0.00428381045332307,,,0,0.1022,""
1b,sparse49_n5000,null,,5000,all,5000,EDGE.poly3.sc.Grule,0.01,0.0088,0.00132079975772257,,,0,0.0088,""
1b,sparse49_n5000,null,,5000,all,5000,EDGE.poly3.sc.Grule,0.05,0.049,0.00305283474822991,,,0,0.049,""
1b,sparse49_n5000,null,,5000,all,5000,EDGE.poly3.sc.Grule,0.1,0.099,0.00422371874063603,,,0,0.099,""
1b,sparse49_n5000,null,,5000,all,5000,EDGE.poly2.u.Grule,0.01,0.0116,0.00151429455523026,,,0,0.0116,""
1b,sparse49_n5000,null,,5000,all,5000,EDGE.poly2.u.Grule,0.05,0.053,0.00316831185333767,,,0,0.053,""
1b,sparse49_n5000,null,,5000,all,5000,EDGE.poly2.u.Grule,0.1,0.1024,0.00428752236145772,,,0,0.1024,""
1b,sparse49_n5000,null,,5000,all,5000,EDGE.poly2.sc.Grule,0.01,0.0092,0.00135021183523179,,,0,0.0092,""
1b,sparse49_n5000,null,,5000,all,5000,EDGE.poly2.sc.Grule,0.05,0.051,0.00311123769583746,,,0,0.051,""
1b,sparse49_n5000,null,,5000,all,5000,EDGE.poly2.sc.Grule,0.1,0.1046,0.00432802125687941,,,0,0.1046,""
1b,sparse49_n5000,null,,5000,all,5000,EDGE.stk.u.Grule,0.01,0.0102,0.00142098275851609,,,0,0.0102,""
1b,sparse49_n5000,null,,5000,all,5000,EDGE.stk.u.Grule,0.05,0.0448,0.00292550713552369,,,0,0.0448,""
1b,sparse49_n5000,null,,5000,all,5000,EDGE.stk.u.Grule,0.1,0.0952,0.00415058935574215,,,0,0.0952,""
1b,sparse49_n5000,null,,5000,all,5000,EDGE.stk.sc.Grule,0.01,0.0124,0.00156500734822556,,,0,0.0124,""
1b,sparse49_n5000,null,,5000,all,5000,EDGE.stk.sc.Grule,0.05,0.0474,0.00300510365877785,,,0,0.0474,""
1b,sparse49_n5000,null,,5000,all,5000,EDGE.stk.sc.Grule,0.1,0.0942,0.00413101343498178,,,0,0.0942,""
1b,sparse49_n5000,null,,5000,all,5000,EDGE.sym.u.Grule,0.01,0.0092,0.00135021183523179,,,0,0.0092,""
1b,sparse49_n5000,null,,5000,all,5000,EDGE.sym.u.Grule,0.05,0.0462,0.00296868859936505,,,0,0.0462,""
1b,sparse49_n5000,null,,5000,all,5000,EDGE.sym.u.Grule,0.1,0.0956,0.00415838045397484,,,0,0.0956,""
1b,sparse49_n5000,null,,5000,all,5000,EDGE.sym.sc.Grule,0.01,0.011,0.00147505932084103,,,0,0.011,""
1b,sparse49_n5000,null,,5000,all,5000,EDGE.sym.sc.Grule,0.05,0.0482,0.00302908435009658,,,0,0.0482,""
1b,sparse49_n5000,null,,5000,all,5000,EDGE.sym.sc.Grule,0.1,0.1026,0.00429122919453156,,,0,0.1026,""
1b,sparse49_n5000,null,,5000,all,5000,HL.G10,0.01,0.0134,0.00162606518934513,,,0,0.0134,""
1b,sparse49_n5000,null,,5000,all,5000,HL.G10,0.05,0.0502,0.00308804015517933,,,0,0.0502,""
1b,sparse49_n5000,null,,5000,all,5000,HL.G10,0.1,0.097,0.0041854748834511,,,0,0.097,""
1b,sparse49_n5000,null,,5000,all,5000,HL.Grule,0.01,0.0438,0.00289418589589542,,,0,0.0438,""
1b,sparse49_n5000,null,,5000,all,5000,HL.Grule,0.05,0.103,0.00429862768799532,,,0,0.103,""
1b,sparse49_n5000,null,,5000,all,5000,HL.Grule,0.1,0.1526,0.00508553320704919,,,0,0.1526,""
1b,sparse49_n5000,null,,5000,all,5000,HLF.G10,0.01,0.0122,0.00155249218999646,,,0,0.0122,""
1b,sparse49_n5000,null,,5000,all,5000,HLF.G10,0.05,0.0462,0.00296868859936505,,,0,0.0462,""
1b,sparse49_n5000,null,,5000,all,5000,HLF.G10,0.1,0.0916,0.00407944702134983,,,0,0.0916,""
1b,sparse49_n5000,null,,5000,all,5000,HLF.Grule,0.01,0.0152,0.00173025778426222,,,0,0.0152,""
1b,sparse49_n5000,null,,5000,all,5000,HLF.Grule,0.05,0.0518,0.0031342227106573,,,0,0.0518,""
1b,sparse49_n5000,null,,5000,all,5000,HLF.Grule,0.1,0.0936,0.00411919992231501,,,0,0.0936,""
1b,sparse49_n5000,null,,5000,all,5000,Stk.joint,0.01,0.0182,0.00189043698651925,,,0,0.0182,""
1b,sparse49_n5000,null,,5000,all,5000,Stk.joint,0.05,0.0542,0.00320194815698193,,,0,0.0542,""
1b,sparse49_n5000,null,,5000,all,5000,Stk.joint,0.1,0.0952,0.00415058935574215,,,0,0.0952,""
1b,sparse49_n5000,null,,5000,all,5000,Stk.LR,0.01,0.0152,0.00173025778426222,,,0.0046,0.0152702431183444,""
1b,sparse49_n5000,null,,5000,all,5000,Stk.LR,0.05,0.078,0.00379251895183136,,,0.0046,0.0783604581072936,""
1b,sparse49_n5000,null,,5000,all,5000,Stk.LR,0.1,0.1534,0.00509643875662212,,,0.0046,0.154108900944344,""
1b,sparse49_n5000,null,,5000,all,5000,Stk.sym1,0.01,0.0102,0.00142098275851609,,,0,0.0102,""
1b,sparse49_n5000,null,,5000,all,5000,Stk.sym1,0.05,0.0476,0.00301112072159188,,,0,0.0476,""
1b,sparse49_n5000,null,,5000,all,5000,Stk.sym1,0.1,0.1024,0.00428752236145772,,,0,0.1024,""
1b,sparse49_n5000,null,,5000,all,5000,Stk.marg,0.01,0.0238,0.00215562334372218,,,0.0052,0.023924406915963,""
1b,sparse49_n5000,null,,5000,all,5000,Stk.marg,0.05,0.0594,0.00334280241713446,,,0.0052,0.0597104945717732,""
1b,sparse49_n5000,null,,5000,all,5000,Stk.marg,0.1,0.0936,0.00411919992231501,,,0.0052,0.0940892641737033,""
1b,sparse49_n5000,null,,5000,all,5000,GiViTI,0.01,0.009,0.00133558975737312,,,0,0.009,""
1b,sparse49_n5000,null,,5000,all,5000,GiViTI,0.05,0.0482,0.00302908435009658,,,0,0.0482,""
1b,sparse49_n5000,null,,5000,all,5000,GiViTI,0.1,0.103,0.00429862768799532,,,0,0.103,""
1b,sparse49_n5000,null,,5000,all,5000,GiViTI.t50,0.01,0.0094,0.00136467138901642,,,0,0.0094,""
1b,sparse49_n5000,null,,5000,all,5000,GiViTI.t50,0.05,0.0548,0.00321860093829602,,,0,0.0548,""
1b,sparse49_n5000,null,,5000,all,5000,GiViTI.t50,0.1,0.1088,0.00440369299565717,,,0,0.1088,""
1b,sparse49_n5000,null,,5000,all,5000,Cubic.LR,0.01,0.0112,0.00148825804214189,,,0,0.0112,""
1b,sparse49_n5000,null,,5000,all,5000,Cubic.LR,0.05,0.0558,0.00324611644892786,,,0,0.0558,""
1b,sparse49_n5000,null,,5000,all,5000,Cubic.LR,0.1,0.1102,0.00442845255139987,,,0,0.1102,""
1b,sparse49_n5000,null,,5000,all,5000,HL_w,0.01,0.0148,0.00170768615383507,,,0,0.0148,""
1b,sparse49_n5000,null,,5000,all,5000,HL_w,0.05,0.0592,0.0033375248313683,,,0,0.0592,""
1b,sparse49_n5000,null,,5000,all,5000,HL_w,0.1,0.1098,0.00442140158773211,,,0,0.1098,""
1b,sparse49_n5000,null,,5000,all,5000,PH,0.01,0.01,0.00140712472794703,,,0,0.01,""
1b,sparse49_n5000,null,,5000,all,5000,PH,0.05,0.0344,0.00257746542168852,,,0,0.0344,""
1b,sparse49_n5000,null,,5000,all,5000,PH,0.1,0.064,0.00346132922444543,,,0,0.064,""
1b,sparse49_n5000,null,,5000,all,5000,Tsiatis,0.01,0.0092,0.00135021183523179,,,0,0.0092,""
1b,sparse49_n5000,null,,5000,all,5000,Tsiatis,0.05,0.042,0.00283675871374356,,,0,0.042,""
1b,sparse49_n5000,null,,5000,all,5000,Tsiatis,0.1,0.086,0.00396494640569075,,,0,0.086,""
1b,sparse49_n5000,null,,5000,all,5000,Xie,0.01,0.0072,0.00119567219587979,,,0,0.0072,""
1b,sparse49_n5000,null,,5000,all,5000,Xie,0.05,0.0342,0.0025702280054501,,,0,0.0342,""
1b,sparse49_n5000,null,,5000,all,5000,Xie,0.1,0.0708,0.00362732297982962,,,0,0.0708,""
1b,sparse49_n5000,null,,5000,all,5000,PR,0.01,0,0,,,1,,no p-value in any replicate
1b,sparse49_n5000,null,,5000,all,5000,PR,0.05,0,0,,,1,,no p-value in any replicate
1b,sparse49_n5000,null,,5000,all,5000,PR,0.1,0,0,,,1,,no p-value in any replicate
1b,moderate1_n100,null,,100,all,5000,flag.evlt.G10,,0,,,,0,,flag rate: share of replicates with the flag = 1
1b,moderate1_n100,null,,100,all,5000,flag.evlt.Grule,,0,,,,0,,flag rate: share of replicates with the flag = 1
1b,moderate1_n100,null,,100,all,5000,flag.stk_half0,,0.001,,,,0,,flag rate: share of replicates with the flag = 1
1b,moderate1_n100,null,,100,all,5000,flag.stk_diag,,0.2196,,,,0,,flag rate: share of replicates with the flag = 1
1b,moderate1_n100,null,,100,all,5000,flag.rivals_run,,1,,,,0,,flag rate: share of replicates with the flag = 1
1b,moderate1_n100,null,,100,all,5000,flag.degenerate,,0,,,,0,,flag rate: share of replicates with the flag = 1
1b,moderate1_n100,null,,100,all,5000,flag.info_guard,,0,,,,0,,flag rate: share of replicates with the flag = 1
1b,moderate1_n100,null,,100,all,5000,flag.rep_error,,0,,,,0,,flag rate: share of replicates with the flag = 1
1b,moderate1_n100,null,,100,all,5000,EDGE.poly3.u.G10,0.01,0.0086,0.00130583613060751,,,0,0.0086,""
1b,moderate1_n100,null,,100,all,5000,EDGE.poly3.u.G10,0.05,0.0522,0.00314563697841947,,,0,0.0522,""
1b,moderate1_n100,null,,100,all,5000,EDGE.poly3.u.G10,0.1,0.104,0.00431703602023425,,,0,0.104,""
1b,moderate1_n100,null,,100,all,5000,EDGE.poly3.sc.G10,0.01,0.0082,0.00127536347760158,,,0,0.0082,""
1b,moderate1_n100,null,,100,all,5000,EDGE.poly3.sc.G10,0.05,0.0482,0.00302908435009658,,,0,0.0482,""
1b,moderate1_n100,null,,100,all,5000,EDGE.poly3.sc.G10,0.1,0.0968,0.00418162073842189,,,0,0.0968,""
1b,moderate1_n100,null,,100,all,5000,EDGE.poly2.u.G10,0.01,0.0104,0.00143470136265357,,,0,0.0104,""
1b,moderate1_n100,null,,100,all,5000,EDGE.poly2.u.G10,0.05,0.0548,0.00321860093829602,,,0,0.0548,""
1b,moderate1_n100,null,,100,all,5000,EDGE.poly2.u.G10,0.1,0.108,0.00438944187796125,,,0,0.108,""
1b,moderate1_n100,null,,100,all,5000,EDGE.poly2.sc.G10,0.01,0.0088,0.00132079975772257,,,0,0.0088,""
1b,moderate1_n100,null,,100,all,5000,EDGE.poly2.sc.G10,0.05,0.0466,0.00298088711627931,,,0,0.0466,""
1b,moderate1_n100,null,,100,all,5000,EDGE.poly2.sc.G10,0.1,0.0976,0.00419700464617327,,,0,0.0976,""
1b,moderate1_n100,null,,100,all,5000,EDGE.stk.u.G10,0.01,0.0112,0.00148825804214189,,,0,0.0112,""
1b,moderate1_n100,null,,100,all,5000,EDGE.stk.u.G10,0.05,0.0506,0.00309966578843591,,,0,0.0506,""
1b,moderate1_n100,null,,100,all,5000,EDGE.stk.u.G10,0.1,0.1022,0.00428381045332307,,,0,0.1022,""
1b,moderate1_n100,null,,100,all,5000,EDGE.stk.sc.G10,0.01,0.008,0.00125984125984189,,,0,0.008,""
1b,moderate1_n100,null,,100,all,5000,EDGE.stk.sc.G10,0.05,0.0496,0.00307049963361014,,,0,0.0496,""
1b,moderate1_n100,null,,100,all,5000,EDGE.stk.sc.G10,0.1,0.0982,0.00420848571341284,,,0,0.0982,""
1b,moderate1_n100,null,,100,all,5000,EDGE.sym.u.G10,0.01,0.0098,0.00139312311013779,,,0,0.0098,""
1b,moderate1_n100,null,,100,all,5000,EDGE.sym.u.G10,0.05,0.0472,0.00299907185642492,,,0,0.0472,""
1b,moderate1_n100,null,,100,all,5000,EDGE.sym.u.G10,0.1,0.097,0.0041854748834511,,,0,0.097,""
1b,moderate1_n100,null,,100,all,5000,EDGE.sym.sc.G10,0.01,0.0088,0.00132079975772257,,,0,0.0088,""
1b,moderate1_n100,null,,100,all,5000,EDGE.sym.sc.G10,0.05,0.0484,0.00303504332753257,,,0,0.0484,""
1b,moderate1_n100,null,,100,all,5000,EDGE.sym.sc.G10,0.1,0.1006,0.00425393088801405,,,0,0.1006,""
1b,moderate1_n100,null,,100,all,5000,EDGE.poly3.u.Grule,0.01,0.0086,0.00130583613060751,,,0,0.0086,""
1b,moderate1_n100,null,,100,all,5000,EDGE.poly3.u.Grule,0.05,0.0522,0.00314563697841947,,,0,0.0522,""
1b,moderate1_n100,null,,100,all,5000,EDGE.poly3.u.Grule,0.1,0.104,0.00431703602023425,,,0,0.104,""
1b,moderate1_n100,null,,100,all,5000,EDGE.poly3.sc.Grule,0.01,0.0082,0.00127536347760158,,,0,0.0082,""
1b,moderate1_n100,null,,100,all,5000,EDGE.poly3.sc.Grule,0.05,0.0482,0.00302908435009658,,,0,0.0482,""
1b,moderate1_n100,null,,100,all,5000,EDGE.poly3.sc.Grule,0.1,0.0968,0.00418162073842189,,,0,0.0968,""
1b,moderate1_n100,null,,100,all,5000,EDGE.poly2.u.Grule,0.01,0.0104,0.00143470136265357,,,0,0.0104,""
1b,moderate1_n100,null,,100,all,5000,EDGE.poly2.u.Grule,0.05,0.0548,0.00321860093829602,,,0,0.0548,""
1b,moderate1_n100,null,,100,all,5000,EDGE.poly2.u.Grule,0.1,0.108,0.00438944187796125,,,0,0.108,""
1b,moderate1_n100,null,,100,all,5000,EDGE.poly2.sc.Grule,0.01,0.0088,0.00132079975772257,,,0,0.0088,""
1b,moderate1_n100,null,,100,all,5000,EDGE.poly2.sc.Grule,0.05,0.0466,0.00298088711627931,,,0,0.0466,""
1b,moderate1_n100,null,,100,all,5000,EDGE.poly2.sc.Grule,0.1,0.0976,0.00419700464617327,,,0,0.0976,""
1b,moderate1_n100,null,,100,all,5000,EDGE.stk.u.Grule,0.01,0.0112,0.00148825804214189,,,0,0.0112,""
1b,moderate1_n100,null,,100,all,5000,EDGE.stk.u.Grule,0.05,0.0506,0.00309966578843591,,,0,0.0506,""
1b,moderate1_n100,null,,100,all,5000,EDGE.stk.u.Grule,0.1,0.1022,0.00428381045332307,,,0,0.1022,""
1b,moderate1_n100,null,,100,all,5000,EDGE.stk.sc.Grule,0.01,0.008,0.00125984125984189,,,0,0.008,""
1b,moderate1_n100,null,,100,all,5000,EDGE.stk.sc.Grule,0.05,0.0496,0.00307049963361014,,,0,0.0496,""
1b,moderate1_n100,null,,100,all,5000,EDGE.stk.sc.Grule,0.1,0.0982,0.00420848571341284,,,0,0.0982,""
1b,moderate1_n100,null,,100,all,5000,EDGE.sym.u.Grule,0.01,0.0098,0.00139312311013779,,,0,0.0098,""
1b,moderate1_n100,null,,100,all,5000,EDGE.sym.u.Grule,0.05,0.0472,0.00299907185642492,,,0,0.0472,""
1b,moderate1_n100,null,,100,all,5000,EDGE.sym.u.Grule,0.1,0.097,0.0041854748834511,,,0,0.097,""
1b,moderate1_n100,null,,100,all,5000,EDGE.sym.sc.Grule,0.01,0.0088,0.00132079975772257,,,0,0.0088,""
1b,moderate1_n100,null,,100,all,5000,EDGE.sym.sc.Grule,0.05,0.0484,0.00303504332753257,,,0,0.0484,""
1b,moderate1_n100,null,,100,all,5000,EDGE.sym.sc.Grule,0.1,0.1006,0.00425393088801405,,,0,0.1006,""
1b,moderate1_n100,null,,100,all,5000,HL.G10,0.01,0.0112,0.00148825804214189,,,0,0.0112,""
1b,moderate1_n100,null,,100,all,5000,HL.G10,0.05,0.0472,0.00299907185642492,,,0,0.0472,""
1b,moderate1_n100,null,,100,all,5000,HL.G10,0.1,0.0994,0.00423130334530627,,,0,0.0994,""
1b,moderate1_n100,null,,100,all,5000,HL.Grule,0.01,0.0112,0.00148825804214189,,,0,0.0112,""
1b,moderate1_n100,null,,100,all,5000,HL.Grule,0.05,0.0472,0.00299907185642492,,,0,0.0472,""
1b,moderate1_n100,null,,100,all,5000,HL.Grule,0.1,0.0994,0.00423130334530627,,,0,0.0994,""
1b,moderate1_n100,null,,100,all,5000,HLF.G10,0.01,0.01,0.00140712472794703,,,0,0.01,""
1b,moderate1_n100,null,,100,all,5000,HLF.G10,0.05,0.0478,0.00301712313305241,,,0,0.0478,""
1b,moderate1_n100,null,,100,all,5000,HLF.G10,0.1,0.0966,0.00417776112289824,,,0,0.0966,""
1b,moderate1_n100,null,,100,all,5000,HLF.Grule,0.01,0.01,0.00140712472794703,,,0,0.01,""
1b,moderate1_n100,null,,100,all,5000,HLF.Grule,0.05,0.0478,0.00301712313305241,,,0,0.0478,""
1b,moderate1_n100,null,,100,all,5000,HLF.Grule,0.1,0.0966,0.00417776112289824,,,0,0.0966,""
1b,moderate1_n100,null,,100,all,5000,Stk.joint,0.01,0.014,0.00166156552684509,,,0,0.014,""
1b,moderate1_n100,null,,100,all,5000,Stk.joint,0.05,0.0488,0.00304691844328003,,,0,0.0488,""
1b,moderate1_n100,null,,100,all,5000,Stk.joint,0.1,0.0874,0.00399402653972154,,,0,0.0874,""
1b,moderate1_n100,null,,100,all,5000,Stk.LR,0.01,0.0186,0.0019107087690174,,,6e-04,0.01861116670002,""
1b,moderate1_n100,null,,100,all,5000,Stk.LR,0.05,0.0806,0.00384976986325157,,,6e-04,0.08064838903342,""
1b,moderate1_n100,null,,100,all,5000,Stk.LR,0.1,0.144,0.00496515860773853,,,6e-04,0.144086451871123,""
1b,moderate1_n100,null,,100,all,5000,Stk.sym1,0.01,0.0128,0.0015897270205919,,,0,0.0128,""
1b,moderate1_n100,null,,100,all,5000,Stk.sym1,0.05,0.0466,0.00298088711627931,,,0,0.0466,""
1b,moderate1_n100,null,,100,all,5000,Stk.sym1,0.1,0.0934,0.0041152506606524,,,0,0.0934,""
1b,moderate1_n100,null,,100,all,5000,Stk.marg,0.01,0.0206,0.0020087628033195,,,0.001,0.0206206206206206,""
1b,moderate1_n100,null,,100,all,5000,Stk.marg,0.05,0.0566,0.00326791799162709,,,0.001,0.0566566566566567,""
1b,moderate1_n100,null,,100,all,5000,Stk.marg,0.1,0.0948,0.00414277588097643,,,0.001,0.0948948948948949,""
1b,moderate1_n100,null,,100,all,5000,GiViTI,0.01,0.0138,0.00164982180855994,,,0,0.0138,""
1b,moderate1_n100,null,,100,all,5000,GiViTI,0.05,0.0532,0.00317394895989208,,,0,0.0532,""
1b,moderate1_n100,null,,100,all,5000,GiViTI,0.1,0.1024,0.00428752236145772,,,0,0.1024,""
1b,moderate1_n100,null,,100,all,5000,GiViTI.t50,0.01,0.0148,0.00170768615383507,,,0,0.0148,""
1b,moderate1_n100,null,,100,all,5000,GiViTI.t50,0.05,0.0656,0.00350133231784702,,,0,0.0656,""
1b,moderate1_n100,null,,100,all,5000,GiViTI.t50,0.1,0.121,0.00461213616451206,,,0,0.121,""
1b,moderate1_n100,null,,100,all,5000,Cubic.LR,0.01,0.0162,0.00178536046780475,,,0,0.0162,""
1b,moderate1_n100,null,,100,all,5000,Cubic.LR,0.05,0.0748,0.00372034837078465,,,0,0.0748,""
1b,moderate1_n100,null,,100,all,5000,Cubic.LR,0.1,0.1348,0.0048296782501529,,,0,0.1348,""
1b,moderate1_n100,null,,100,all,5000,HL_w,0.01,0.0112,0.00148825804214189,,,2e-04,0.0112022404480896,""
1b,moderate1_n100,null,,100,all,5000,HL_w,0.05,0.0514,0.00312275647465504,,,2e-04,0.0514102820564113,""
1b,moderate1_n100,null,,100,all,5000,HL_w,0.1,0.1038,0.00431336434816258,,,2e-04,0.103820764152831,""
1b,moderate1_n100,null,,100,all,5000,PH,0.01,0.0072,0.00119567219587979,,,0,0.0072,""
1b,moderate1_n100,null,,100,all,5000,PH,0.05,0.0288,0.00236518751899294,,,0,0.0288,""
1b,moderate1_n100,null,,100,all,5000,PH,0.1,0.0662,0.00351617860752266,,,0,0.0662,""
1b,moderate1_n100,null,,100,all,5000,Tsiatis,0.01,0.0116,0.00151429455523026,,,0,0.0116,""
1b,moderate1_n100,null,,100,all,5000,Tsiatis,0.05,0.047,0.00299302522541993,,,0,0.047,""
1b,moderate1_n100,null,,100,all,5000,Tsiatis,0.1,0.101,0.00426143168430517,,,0,0.101,""
1b,moderate1_n100,null,,100,all,5000,Xie,0.01,0.0094,0.00136467138901642,,,0,0.0094,""
1b,moderate1_n100,null,,100,all,5000,Xie,0.05,0.04,0.0027712812921102,,,0,0.04,""
1b,moderate1_n100,null,,100,all,5000,Xie,0.1,0.0806,0.00384976986325157,,,0,0.0806,""
1b,moderate1_n100,null,,100,all,5000,PR,0.01,0,0,,,1,,no p-value in any replicate
1b,moderate1_n100,null,,100,all,5000,PR,0.05,0,0,,,1,,no p-value in any replicate
1b,moderate1_n100,null,,100,all,5000,PR,0.1,0,0,,,1,,no p-value in any replicate
1b,moderate1_n150,null,,150,all,5000,flag.evlt.G10,,0,,,,0,,flag rate: share of replicates with the flag = 1
1b,moderate1_n150,null,,150,all,5000,flag.evlt.Grule,,0,,,,0,,flag rate: share of replicates with the flag = 1
1b,moderate1_n150,null,,150,all,5000,flag.stk_half0,,0,,,,0,,flag rate: share of replicates with the flag = 1
1b,moderate1_n150,null,,150,all,5000,flag.stk_diag,,0.181,,,,0,,flag rate: share of replicates with the flag = 1
1b,moderate1_n150,null,,150,all,5000,flag.rivals_run,,1,,,,0,,flag rate: share of replicates with the flag = 1
1b,moderate1_n150,null,,150,all,5000,flag.degenerate,,0,,,,0,,flag rate: share of replicates with the flag = 1
1b,moderate1_n150,null,,150,all,5000,flag.info_guard,,0,,,,0,,flag rate: share of replicates with the flag = 1
1b,moderate1_n150,null,,150,all,5000,flag.rep_error,,0,,,,0,,flag rate: share of replicates with the flag = 1
1b,moderate1_n150,null,,150,all,5000,EDGE.poly3.u.G10,0.01,0.008,0.00125984125984189,,,0,0.008,""
1b,moderate1_n150,null,,150,all,5000,EDGE.poly3.u.G10,0.05,0.0478,0.00301712313305241,,,0,0.0478,""
1b,moderate1_n150,null,,150,all,5000,EDGE.poly3.u.G10,0.1,0.1014,0.00426891180513254,,,0,0.1014,""
1b,moderate1_n150,null,,150,all,5000,EDGE.poly3.sc.G10,0.01,0.0082,0.00127536347760158,,,0,0.0082,""
1b,moderate1_n150,null,,150,all,5000,EDGE.poly3.sc.G10,0.05,0.0428,0.00286245209566903,,,0,0.0428,""
1b,moderate1_n150,null,,150,all,5000,EDGE.poly3.sc.G10,0.1,0.0948,0.00414277588097643,,,0,0.0948,""
1b,moderate1_n150,null,,150,all,5000,EDGE.poly2.u.G10,0.01,0.0088,0.00132079975772257,,,0,0.0088,""
1b,moderate1_n150,null,,150,all,5000,EDGE.poly2.u.G10,0.05,0.0506,0.00309966578843591,,,0,0.0506,""
1b,moderate1_n150,null,,150,all,5000,EDGE.poly2.u.G10,0.1,0.0982,0.00420848571341284,,,0,0.0982,""
1b,moderate1_n150,null,,150,all,5000,EDGE.poly2.sc.G10,0.01,0.0088,0.00132079975772257,,,0,0.0088,""
1b,moderate1_n150,null,,150,all,5000,EDGE.poly2.sc.G10,0.05,0.0472,0.00299907185642492,,,0,0.0472,""
1b,moderate1_n150,null,,150,all,5000,EDGE.poly2.sc.G10,0.1,0.0926,0.00409939605307904,,,0,0.0926,""
1b,moderate1_n150,null,,150,all,5000,EDGE.stk.u.G10,0.01,0.01,0.00140712472794703,,,0,0.01,""
1b,moderate1_n150,null,,150,all,5000,EDGE.stk.u.G10,0.05,0.0462,0.00296868859936505,,,0,0.0462,""
1b,moderate1_n150,null,,150,all,5000,EDGE.stk.u.G10,0.1,0.0944,0.00413493990282809,,,0,0.0944,""
1b,moderate1_n150,null,,150,all,5000,EDGE.stk.sc.G10,0.01,0.009,0.00133558975737312,,,0,0.009,""
1b,moderate1_n150,null,,150,all,5000,EDGE.stk.sc.G10,0.05,0.0434,0.00288154264240528,,,0,0.0434,""
1b,moderate1_n150,null,,150,all,5000,EDGE.stk.sc.G10,0.1,0.0958,0.00416226765117286,,,0,0.0958,""
1b,moderate1_n150,null,,150,all,5000,EDGE.sym.u.G10,0.01,0.0088,0.00132079975772257,,,0,0.0088,""
1b,moderate1_n150,null,,150,all,5000,EDGE.sym.u.G10,0.05,0.0504,0.00309385972532693,,,0,0.0504,""
1b,moderate1_n150,null,,150,all,5000,EDGE.sym.u.G10,0.1,0.0948,0.00414277588097643,,,0,0.0948,""
1b,moderate1_n150,null,,150,all,5000,EDGE.sym.sc.G10,0.01,0.0096,0.00137897353129058,,,0,0.0096,""
1b,moderate1_n150,null,,150,all,5000,EDGE.sym.sc.G10,0.05,0.0484,0.00303504332753257,,,0,0.0484,""
1b,moderate1_n150,null,,150,all,5000,EDGE.sym.sc.G10,0.1,0.0944,0.00413493990282809,,,0,0.0944,""
1b,moderate1_n150,null,,150,all,5000,EDGE.poly3.u.Grule,0.01,0.008,0.00125984125984189,,,0,0.008,""
1b,moderate1_n150,null,,150,all,5000,EDGE.poly3.u.Grule,0.05,0.0478,0.00301712313305241,,,0,0.0478,""
1b,moderate1_n150,null,,150,all,5000,EDGE.poly3.u.Grule,0.1,0.1014,0.00426891180513254,,,0,0.1014,""
1b,moderate1_n150,null,,150,all,5000,EDGE.poly3.sc.Grule,0.01,0.0082,0.00127536347760158,,,0,0.0082,""
1b,moderate1_n150,null,,150,all,5000,EDGE.poly3.sc.Grule,0.05,0.0428,0.00286245209566903,,,0,0.0428,""
1b,moderate1_n150,null,,150,all,5000,EDGE.poly3.sc.Grule,0.1,0.0948,0.00414277588097643,,,0,0.0948,""
1b,moderate1_n150,null,,150,all,5000,EDGE.poly2.u.Grule,0.01,0.0088,0.00132079975772257,,,0,0.0088,""
1b,moderate1_n150,null,,150,all,5000,EDGE.poly2.u.Grule,0.05,0.0506,0.00309966578843591,,,0,0.0506,""
1b,moderate1_n150,null,,150,all,5000,EDGE.poly2.u.Grule,0.1,0.0982,0.00420848571341284,,,0,0.0982,""
1b,moderate1_n150,null,,150,all,5000,EDGE.poly2.sc.Grule,0.01,0.0088,0.00132079975772257,,,0,0.0088,""
1b,moderate1_n150,null,,150,all,5000,EDGE.poly2.sc.Grule,0.05,0.0472,0.00299907185642492,,,0,0.0472,""
1b,moderate1_n150,null,,150,all,5000,EDGE.poly2.sc.Grule,0.1,0.0926,0.00409939605307904,,,0,0.0926,""
1b,moderate1_n150,null,,150,all,5000,EDGE.stk.u.Grule,0.01,0.01,0.00140712472794703,,,0,0.01,""
1b,moderate1_n150,null,,150,all,5000,EDGE.stk.u.Grule,0.05,0.0462,0.00296868859936505,,,0,0.0462,""
1b,moderate1_n150,null,,150,all,5000,EDGE.stk.u.Grule,0.1,0.0944,0.00413493990282809,,,0,0.0944,""
1b,moderate1_n150,null,,150,all,5000,EDGE.stk.sc.Grule,0.01,0.009,0.00133558975737312,,,0,0.009,""
1b,moderate1_n150,null,,150,all,5000,EDGE.stk.sc.Grule,0.05,0.0434,0.00288154264240528,,,0,0.0434,""
1b,moderate1_n150,null,,150,all,5000,EDGE.stk.sc.Grule,0.1,0.0958,0.00416226765117286,,,0,0.0958,""
1b,moderate1_n150,null,,150,all,5000,EDGE.sym.u.Grule,0.01,0.0088,0.00132079975772257,,,0,0.0088,""
1b,moderate1_n150,null,,150,all,5000,EDGE.sym.u.Grule,0.05,0.0504,0.00309385972532693,,,0,0.0504,""
1b,moderate1_n150,null,,150,all,5000,EDGE.sym.u.Grule,0.1,0.0948,0.00414277588097643,,,0,0.0948,""
1b,moderate1_n150,null,,150,all,5000,EDGE.sym.sc.Grule,0.01,0.0096,0.00137897353129058,,,0,0.0096,""
1b,moderate1_n150,null,,150,all,5000,EDGE.sym.sc.Grule,0.05,0.0484,0.00303504332753257,,,0,0.0484,""
1b,moderate1_n150,null,,150,all,5000,EDGE.sym.sc.Grule,0.1,0.0944,0.00413493990282809,,,0,0.0944,""
1b,moderate1_n150,null,,150,all,5000,HL.G10,0.01,0.009,0.00133558975737312,,,0,0.009,""
1b,moderate1_n150,null,,150,all,5000,HL.G10,0.05,0.0514,0.00312275647465504,,,0,0.0514,""
1b,moderate1_n150,null,,150,all,5000,HL.G10,0.1,0.1016,0.00427264414619331,,,0,0.1016,""
1b,moderate1_n150,null,,150,all,5000,HL.Grule,0.01,0.009,0.00133558975737312,,,0,0.009,""
1b,moderate1_n150,null,,150,all,5000,HL.Grule,0.05,0.0514,0.00312275647465504,,,0,0.0514,""
1b,moderate1_n150,null,,150,all,5000,HL.Grule,0.1,0.1016,0.00427264414619331,,,0,0.1016,""
1b,moderate1_n150,null,,150,all,5000,HLF.G10,0.01,0.0074,0.00121204290353106,,,0,0.0074,""
1b,moderate1_n150,null,,150,all,5000,HLF.G10,0.05,0.049,0.00305283474822991,,,0,0.049,""
1b,moderate1_n150,null,,150,all,5000,HLF.G10,0.1,0.1008,0.00425768387741504,,,0,0.1008,""
1b,moderate1_n150,null,,150,all,5000,HLF.Grule,0.01,0.0074,0.00121204290353106,,,0,0.0074,""
1b,moderate1_n150,null,,150,all,5000,HLF.Grule,0.05,0.049,0.00305283474822991,,,0,0.049,""
1b,moderate1_n150,null,,150,all,5000,HLF.Grule,0.1,0.1008,0.00425768387741504,,,0,0.1008,""
1b,moderate1_n150,null,,150,all,5000,Stk.joint,0.01,0.0178,0.00186992834087299,,,0,0.0178,""
1b,moderate1_n150,null,,150,all,5000,Stk.joint,0.05,0.047,0.00299302522541993,,,0,0.047,""
1b,moderate1_n150,null,,150,all,5000,Stk.joint,0.1,0.0856,0.00395658034165869,,,0,0.0856,""
1b,moderate1_n150,null,,150,all,5000,Stk.LR,0.01,0.0162,0.00178536046780475,,,2e-04,0.0162032406481296,""
1b,moderate1_n150,null,,150,all,5000,Stk.LR,0.05,0.0698,0.00360355269144216,,,2e-04,0.0698139627925585,""
1b,moderate1_n150,null,,150,all,5000,Stk.LR,0.1,0.1276,0.00471843702935623,,,2e-04,0.127625525105021,""
1b,moderate1_n150,null,,150,all,5000,Stk.sym1,0.01,0.011,0.00147505932084103,,,0,0.011,""
1b,moderate1_n150,null,,150,all,5000,Stk.sym1,0.05,0.046,0.00296256645495084,,,0,0.046,""
1b,moderate1_n150,null,,150,all,5000,Stk.sym1,0.1,0.0936,0.00411919992231501,,,0,0.0936,""
1b,moderate1_n150,null,,150,all,5000,Stk.marg,0.01,0.0214,0.00204656004065358,,,0,0.0214,""
1b,moderate1_n150,null,,150,all,5000,Stk.marg,0.05,0.059,0.00333223648620562,,,0,0.059,""
1b,moderate1_n150,null,,150,all,5000,Stk.marg,0.1,0.095,0.00414668542332307,,,0,0.095,""
1b,moderate1_n150,null,,150,all,5000,GiViTI,0.01,0.0122,0.00155249218999646,,,0,0.0122,""
1b,moderate1_n150,null,,150,all,5000,GiViTI,0.05,0.0508,0.00310545842026584,,,0,0.0508,""
1b,moderate1_n150,null,,150,all,5000,GiViTI,0.1,0.0994,0.00423130334530627,,,0,0.0994,""
1b,moderate1_n150,null,,150,all,5000,GiViTI.t50,0.01,0.0122,0.00155249218999646,,,0,0.0122,""
1b,moderate1_n150,null,,150,all,5000,GiViTI.t50,0.05,0.0606,0.00337424480439698,,,0,0.0606,""
1b,moderate1_n150,null,,150,all,5000,GiViTI.t50,0.1,0.1122,0.00446343275965932,,,0,0.1122,""
1b,moderate1_n150,null,,150,all,5000,Cubic.LR,0.01,0.0148,0.00170768615383507,,,0,0.0148,""
1b,moderate1_n150,null,,150,all,5000,Cubic.LR,0.05,0.0656,0.00350133231784702,,,0,0.0656,""
1b,moderate1_n150,null,,150,all,5000,Cubic.LR,0.1,0.1182,0.00456571483997851,,,0,0.1182,""
1b,moderate1_n150,null,,150,all,5000,HL_w,0.01,0.0164,0.00179616480312916,,,0,0.0164,""
1b,moderate1_n150,null,,150,all,5000,HL_w,0.05,0.0592,0.0033375248313683,,,0,0.0592,""
1b,moderate1_n150,null,,150,all,5000,HL_w,0.1,0.1002,0.00424640930669666,,,0,0.1002,""
1b,moderate1_n150,null,,150,all,5000,PH,0.01,0.0052,0.00101714895664303,,,0,0.0052,""
1b,moderate1_n150,null,,150,all,5000,PH,0.05,0.032,0.00248901586977665,,,0,0.032,""
1b,moderate1_n150,null,,150,all,5000,PH,0.1,0.0676,0.0035504996831432,,,0,0.0676,""
1b,moderate1_n150,null,,150,all,5000,Tsiatis,0.01,0.0124,0.00156500734822556,,,0,0.0124,""
1b,moderate1_n150,null,,150,all,5000,Tsiatis,0.05,0.0458,0.00295642892693195,,,0,0.0458,""
1b,moderate1_n150,null,,150,all,5000,Tsiatis,0.1,0.0938,0.00412314346100157,,,0,0.0938,""
1b,moderate1_n150,null,,150,all,5000,Xie,0.01,0.0096,0.00137897353129058,,,0,0.0096,""
1b,moderate1_n150,null,,150,all,5000,Xie,0.05,0.0372,0.00267642149146953,,,0,0.0372,""
1b,moderate1_n150,null,,150,all,5000,Xie,0.1,0.0746,0.00371577286711661,,,0,0.0746,""
1b,moderate1_n150,null,,150,all,5000,PR,0.01,0,0,,,1,,no p-value in any replicate
1b,moderate1_n150,null,,150,all,5000,PR,0.05,0,0,,,1,,no p-value in any replicate
1b,moderate1_n150,null,,150,all,5000,PR,0.1,0,0,,,1,,no p-value in any replicate
1b,moderate1_n200,null,,200,all,5000,flag.evlt.G10,,0,,,,0,,flag rate: share of replicates with the flag = 1
1b,moderate1_n200,null,,200,all,5000,flag.evlt.Grule,,0,,,,0,,flag rate: share of replicates with the flag = 1
1b,moderate1_n200,null,,200,all,5000,flag.stk_half0,,0,,,,0,,flag rate: share of replicates with the flag = 1
1b,moderate1_n200,null,,200,all,5000,flag.stk_diag,,0.1486,,,,0,,flag rate: share of replicates with the flag = 1
1b,moderate1_n200,null,,200,all,5000,flag.rivals_run,,1,,,,0,,flag rate: share of replicates with the flag = 1
1b,moderate1_n200,null,,200,all,5000,flag.degenerate,,0,,,,0,,flag rate: share of replicates with the flag = 1
1b,moderate1_n200,null,,200,all,5000,flag.info_guard,,0,,,,0,,flag rate: share of replicates with the flag = 1
1b,moderate1_n200,null,,200,all,5000,flag.rep_error,,0,,,,0,,flag rate: share of replicates with the flag = 1
1b,moderate1_n200,null,,200,all,5000,EDGE.poly3.u.G10,0.01,0.0094,0.00136467138901642,,,0,0.0094,""
1b,moderate1_n200,null,,200,all,5000,EDGE.poly3.u.G10,0.05,0.0522,0.00314563697841947,,,0,0.0522,""
1b,moderate1_n200,null,,200,all,5000,EDGE.poly3.u.G10,0.1,0.1038,0.00431336434816258,,,0,0.1038,""
1b,moderate1_n200,null,,200,all,5000,EDGE.poly3.sc.G10,0.01,0.01,0.00140712472794703,,,0,0.01,""
1b,moderate1_n200,null,,200,all,5000,EDGE.poly3.sc.G10,0.05,0.0456,0.00295027591929975,,,0,0.0456,""
1b,moderate1_n200,null,,200,all,5000,EDGE.poly3.sc.G10,0.1,0.0956,0.00415838045397484,,,0,0.0956,""
1b,moderate1_n200,null,,200,all,5000,EDGE.poly2.u.G10,0.01,0.0112,0.00148825804214189,,,0,0.0112,""
1b,moderate1_n200,null,,200,all,5000,EDGE.poly2.u.G10,0.05,0.0512,0.0031170036894428,,,0,0.0512,""
1b,moderate1_n200,null,,200,all,5000,EDGE.poly2.u.G10,0.1,0.0976,0.00419700464617327,,,0,0.0976,""
1b,moderate1_n200,null,,200,all,5000,EDGE.poly2.sc.G10,0.01,0.0104,0.00143470136265357,,,0,0.0104,""
1b,moderate1_n200,null,,200,all,5000,EDGE.poly2.sc.G10,0.05,0.0438,0.00289418589589542,,,0,0.0438,""
1b,moderate1_n200,null,,200,all,5000,EDGE.poly2.sc.G10,0.1,0.099,0.00422371874063603,,,0,0.099,""
1b,moderate1_n200,null,,200,all,5000,EDGE.stk.u.G10,0.01,0.0118,0.00152713850059515,,,0,0.0118,""
1b,moderate1_n200,null,,200,all,5000,EDGE.stk.u.G10,0.05,0.0492,0.00305873699425106,,,0,0.0492,""
1b,moderate1_n200,null,,200,all,5000,EDGE.stk.u.G10,0.1,0.092,0.00408744418922143,,,0,0.092,""
1b,moderate1_n200,null,,200,all,5000,EDGE.stk.sc.G10,0.01,0.0092,0.00135021183523179,,,0,0.0092,""
1b,moderate1_n200,null,,200,all,5000,EDGE.stk.sc.G10,0.05,0.0426,0.00285605462132642,,,0,0.0426,""
1b,moderate1_n200,null,,200,all,5000,EDGE.stk.sc.G10,0.1,0.098,0.00420466407695074,,,0,0.098,""
1b,moderate1_n200,null,,200,all,5000,EDGE.sym.u.G10,0.01,0.0084,0.00129069283720024,,,0,0.0084,""
1b,moderate1_n200,null,,200,all,5000,EDGE.sym.u.G10,0.05,0.047,0.00299302522541993,,,0,0.047,""
1b,moderate1_n200,null,,200,all,5000,EDGE.sym.u.G10,0.1,0.0982,0.00420848571341284,,,0,0.0982,""
1b,moderate1_n200,null,,200,all,5000,EDGE.sym.sc.G10,0.01,0.008,0.00125984125984189,,,0,0.008,""
1b,moderate1_n200,null,,200,all,5000,EDGE.sym.sc.G10,0.05,0.0468,0.00298696367570816,,,0,0.0468,""
1b,moderate1_n200,null,,200,all,5000,EDGE.sym.sc.G10,0.1,0.0976,0.00419700464617327,,,0,0.0976,""
1b,moderate1_n200,null,,200,all,5000,EDGE.poly3.u.Grule,0.01,0.0094,0.00136467138901642,,,0,0.0094,""
1b,moderate1_n200,null,,200,all,5000,EDGE.poly3.u.Grule,0.05,0.0522,0.00314563697841947,,,0,0.0522,""
1b,moderate1_n200,null,,200,all,5000,EDGE.poly3.u.Grule,0.1,0.1038,0.00431336434816258,,,0,0.1038,""
1b,moderate1_n200,null,,200,all,5000,EDGE.poly3.sc.Grule,0.01,0.01,0.00140712472794703,,,0,0.01,""
1b,moderate1_n200,null,,200,all,5000,EDGE.poly3.sc.Grule,0.05,0.0456,0.00295027591929975,,,0,0.0456,""
1b,moderate1_n200,null,,200,all,5000,EDGE.poly3.sc.Grule,0.1,0.0956,0.00415838045397484,,,0,0.0956,""
1b,moderate1_n200,null,,200,all,5000,EDGE.poly2.u.Grule,0.01,0.0112,0.00148825804214189,,,0,0.0112,""
1b,moderate1_n200,null,,200,all,5000,EDGE.poly2.u.Grule,0.05,0.0512,0.0031170036894428,,,0,0.0512,""
1b,moderate1_n200,null,,200,all,5000,EDGE.poly2.u.Grule,0.1,0.0976,0.00419700464617327,,,0,0.0976,""
1b,moderate1_n200,null,,200,all,5000,EDGE.poly2.sc.Grule,0.01,0.0104,0.00143470136265357,,,0,0.0104,""
1b,moderate1_n200,null,,200,all,5000,EDGE.poly2.sc.Grule,0.05,0.0438,0.00289418589589542,,,0,0.0438,""
1b,moderate1_n200,null,,200,all,5000,EDGE.poly2.sc.Grule,0.1,0.099,0.00422371874063603,,,0,0.099,""
1b,moderate1_n200,null,,200,all,5000,EDGE.stk.u.Grule,0.01,0.0118,0.00152713850059515,,,0,0.0118,""
1b,moderate1_n200,null,,200,all,5000,EDGE.stk.u.Grule,0.05,0.0492,0.00305873699425106,,,0,0.0492,""
1b,moderate1_n200,null,,200,all,5000,EDGE.stk.u.Grule,0.1,0.092,0.00408744418922143,,,0,0.092,""
1b,moderate1_n200,null,,200,all,5000,EDGE.stk.sc.Grule,0.01,0.0092,0.00135021183523179,,,0,0.0092,""
1b,moderate1_n200,null,,200,all,5000,EDGE.stk.sc.Grule,0.05,0.0426,0.00285605462132642,,,0,0.0426,""
1b,moderate1_n200,null,,200,all,5000,EDGE.stk.sc.Grule,0.1,0.098,0.00420466407695074,,,0,0.098,""
1b,moderate1_n200,null,,200,all,5000,EDGE.sym.u.Grule,0.01,0.0084,0.00129069283720024,,,0,0.0084,""
1b,moderate1_n200,null,,200,all,5000,EDGE.sym.u.Grule,0.05,0.047,0.00299302522541993,,,0,0.047,""
1b,moderate1_n200,null,,200,all,5000,EDGE.sym.u.Grule,0.1,0.0982,0.00420848571341284,,,0,0.0982,""
1b,moderate1_n200,null,,200,all,5000,EDGE.sym.sc.Grule,0.01,0.008,0.00125984125984189,,,0,0.008,""
1b,moderate1_n200,null,,200,all,5000,EDGE.sym.sc.Grule,0.05,0.0468,0.00298696367570816,,,0,0.0468,""
1b,moderate1_n200,null,,200,all,5000,EDGE.sym.sc.Grule,0.1,0.0976,0.00419700464617327,,,0,0.0976,""
1b,moderate1_n200,null,,200,all,5000,HL.G10,0.01,0.01,0.00140712472794703,,,0,0.01,""
1b,moderate1_n200,null,,200,all,5000,HL.G10,0.05,0.047,0.00299302522541993,,,0,0.047,""
1b,moderate1_n200,null,,200,all,5000,HL.G10,0.1,0.0962,0.00417002541958679,,,0,0.0962,""
1b,moderate1_n200,null,,200,all,5000,HL.Grule,0.01,0.01,0.00140712472794703,,,0,0.01,""
1b,moderate1_n200,null,,200,all,5000,HL.Grule,0.05,0.047,0.00299302522541993,,,0,0.047,""
1b,moderate1_n200,null,,200,all,5000,HL.Grule,0.1,0.0962,0.00417002541958679,,,0,0.0962,""
1b,moderate1_n200,null,,200,all,5000,HLF.G10,0.01,0.0104,0.00143470136265357,,,0,0.0104,""
1b,moderate1_n200,null,,200,all,5000,HLF.G10,0.05,0.0472,0.00299907185642492,,,0,0.0472,""
1b,moderate1_n200,null,,200,all,5000,HLF.G10,0.1,0.0946,0.00413886071280491,,,0,0.0946,""
1b,moderate1_n200,null,,200,all,5000,HLF.Grule,0.01,0.0104,0.00143470136265357,,,0,0.0104,""
1b,moderate1_n200,null,,200,all,5000,HLF.Grule,0.05,0.0472,0.00299907185642492,,,0,0.0472,""
1b,moderate1_n200,null,,200,all,5000,HLF.Grule,0.1,0.0946,0.00413886071280491,,,0,0.0946,""
1b,moderate1_n200,null,,200,all,5000,Stk.joint,0.01,0.0168,0.00181756760534512,,,0,0.0168,""
1b,moderate1_n200,null,,200,all,5000,Stk.joint,0.05,0.0474,0.00300510365877785,,,0,0.0474,""
1b,moderate1_n200,null,,200,all,5000,Stk.joint,0.1,0.0828,0.00389728520896277,,,0,0.0828,""
1b,moderate1_n200,null,,200,all,5000,Stk.LR,0.01,0.013,0.0016019363283227,,,0,0.013,""
1b,moderate1_n200,null,,200,all,5000,Stk.LR,0.05,0.0632,0.00344109749934523,,,0,0.0632,""
1b,moderate1_n200,null,,200,all,5000,Stk.LR,0.1,0.1208,0.00460884714435183,,,0,0.1208,""
1b,moderate1_n200,null,,200,all,5000,Stk.sym1,0.01,0.009,0.00133558975737312,,,0,0.009,""
1b,moderate1_n200,null,,200,all,5000,Stk.sym1,0.05,0.0464,0.00297479545515318,,,0,0.0464,""
1b,moderate1_n200,null,,200,all,5000,Stk.sym1,0.1,0.0932,0.00411129565952146,,,0,0.0932,""
1b,moderate1_n200,null,,200,all,5000,Stk.marg,0.01,0.0206,0.0020087628033195,,,0,0.0206,""
1b,moderate1_n200,null,,200,all,5000,Stk.marg,0.05,0.0554,0.00323514574633045,,,0,0.0554,""
1b,moderate1_n200,null,,200,all,5000,Stk.marg,0.1,0.092,0.00408744418922143,,,0,0.092,""
1b,moderate1_n200,null,,200,all,5000,GiViTI,0.01,0.009,0.00133558975737312,,,0,0.009,""
1b,moderate1_n200,null,,200,all,5000,GiViTI,0.05,0.0504,0.00309385972532693,,,0,0.0504,""
1b,moderate1_n200,null,,200,all,5000,GiViTI,0.1,0.0966,0.00417776112289824,,,0,0.0966,""
1b,moderate1_n200,null,,200,all,5000,GiViTI.t50,0.01,0.011,0.00147505932084103,,,0,0.011,""
1b,moderate1_n200,null,,200,all,5000,GiViTI.t50,0.05,0.053,0.00316831185333767,,,0,0.053,""
1b,moderate1_n200,null,,200,all,5000,GiViTI.t50,0.1,0.11,0.00442492937796752,,,0,0.11,""
1b,moderate1_n200,null,,200,all,5000,Cubic.LR,0.01,0.0108,0.00146173595426807,,,0,0.0108,""
1b,moderate1_n200,null,,200,all,5000,Cubic.LR,0.05,0.0644,0.00347138704266753,,,0,0.0644,""
1b,moderate1_n200,null,,200,all,5000,Cubic.LR,0.1,0.1216,0.00462197879700892,,,0,0.1216,""
1b,moderate1_n200,null,,200,all,5000,HL_w,0.01,0.014,0.00166156552684509,,,0,0.014,""
1b,moderate1_n200,null,,200,all,5000,HL_w,0.05,0.0544,0.0032075111847038,,,0,0.0544,""
1b,moderate1_n200,null,,200,all,5000,HL_w,0.1,0.1034,0.00430600603808216,,,0,0.1034,""
1b,moderate1_n200,null,,200,all,5000,PH,0.01,0.006,0.00109215383531808,,,0,0.006,""
1b,moderate1_n200,null,,200,all,5000,PH,0.05,0.0314,0.00246633493264804,,,0,0.0314,""
1b,moderate1_n200,null,,200,all,5000,PH,0.1,0.065,0.00348640215695206,,,0,0.065,""
1b,moderate1_n200,null,,200,all,5000,Tsiatis,0.01,0.0102,0.00142098275851609,,,0,0.0102,""
1b,moderate1_n200,null,,200,all,5000,Tsiatis,0.05,0.0446,0.00291927525252416,,,0,0.0446,""
1b,moderate1_n200,null,,200,all,5000,Tsiatis,0.1,0.0954,0.00415448769404845,,,0,0.0954,""
1b,moderate1_n200,null,,200,all,5000,Xie,0.01,0.0104,0.00143470136265357,,,0,0.0104,""
1b,moderate1_n200,null,,200,all,5000,Xie,0.05,0.0364,0.00264858603787002,,,0,0.0364,""
1b,moderate1_n200,null,,200,all,5000,Xie,0.1,0.074,0.00370199945975145,,,0,0.074,""
1b,moderate1_n200,null,,200,all,5000,PR,0.01,0,0,,,1,,no p-value in any replicate
1b,moderate1_n200,null,,200,all,5000,PR,0.05,0,0,,,1,,no p-value in any replicate
1b,moderate1_n200,null,,200,all,5000,PR,0.1,0,0,,,1,,no p-value in any replicate
1b,moderate1_n300,null,,300,all,5000,flag.evlt.G10,,0,,,,0,,flag rate: share of replicates with the flag = 1
1b,moderate1_n300,null,,300,all,5000,flag.evlt.Grule,,0,,,,0,,flag rate: share of replicates with the flag = 1
1b,moderate1_n300,null,,300,all,5000,flag.stk_half0,,0,,,,0,,flag rate: share of replicates with the flag = 1
1b,moderate1_n300,null,,300,all,5000,flag.stk_diag,,0.1104,,,,0,,flag rate: share of replicates with the flag = 1
1b,moderate1_n300,null,,300,all,5000,flag.rivals_run,,1,,,,0,,flag rate: share of replicates with the flag = 1
1b,moderate1_n300,null,,300,all,5000,flag.degenerate,,0,,,,0,,flag rate: share of replicates with the flag = 1
1b,moderate1_n300,null,,300,all,5000,flag.info_guard,,0,,,,0,,flag rate: share of replicates with the flag = 1
1b,moderate1_n300,null,,300,all,5000,flag.rep_error,,0,,,,0,,flag rate: share of replicates with the flag = 1
1b,moderate1_n300,null,,300,all,5000,EDGE.poly3.u.G10,0.01,0.0116,0.00151429455523026,,,0,0.0116,""
1b,moderate1_n300,null,,300,all,5000,EDGE.poly3.u.G10,0.05,0.0486,0.0030409879973456,,,0,0.0486,""
1b,moderate1_n300,null,,300,all,5000,EDGE.poly3.u.G10,0.1,0.1002,0.00424640930669666,,,0,0.1002,""
1b,moderate1_n300,null,,300,all,5000,EDGE.poly3.sc.G10,0.01,0.0096,0.00137897353129058,,,0,0.0096,""
1b,moderate1_n300,null,,300,all,5000,EDGE.poly3.sc.G10,0.05,0.0484,0.00303504332753257,,,0,0.0484,""
1b,moderate1_n300,null,,300,all,5000,EDGE.poly3.sc.G10,0.1,0.0948,0.00414277588097643,,,0,0.0948,""
1b,moderate1_n300,null,,300,all,5000,EDGE.poly2.u.G10,0.01,0.009,0.00133558975737312,,,0,0.009,""
1b,moderate1_n300,null,,300,all,5000,EDGE.poly2.u.G10,0.05,0.0466,0.00298088711627931,,,0,0.0466,""
1b,moderate1_n300,null,,300,all,5000,EDGE.poly2.u.G10,0.1,0.102,0.00428009345692358,,,0,0.102,""
1b,moderate1_n300,null,,300,all,5000,EDGE.poly2.sc.G10,0.01,0.0092,0.00135021183523179,,,0,0.0092,""
1b,moderate1_n300,null,,300,all,5000,EDGE.poly2.sc.G10,0.05,0.0428,0.00286245209566903,,,0,0.0428,""
1b,moderate1_n300,null,,300,all,5000,EDGE.poly2.sc.G10,0.1,0.0922,0.00409143397844814,,,0,0.0922,""
1b,moderate1_n300,null,,300,all,5000,EDGE.stk.u.G10,0.01,0.0124,0.00156500734822556,,,0,0.0124,""
1b,moderate1_n300,null,,300,all,5000,EDGE.stk.u.G10,0.05,0.049,0.00305283474822991,,,0,0.049,""
1b,moderate1_n300,null,,300,all,5000,EDGE.stk.u.G10,0.1,0.0942,0.00413101343498178,,,0,0.0942,""
1b,moderate1_n300,null,,300,all,5000,EDGE.stk.sc.G10,0.01,0.0096,0.00137897353129058,,,0,0.0096,""
1b,moderate1_n300,null,,300,all,5000,EDGE.stk.sc.G10,0.05,0.0474,0.00300510365877785,,,0,0.0474,""
1b,moderate1_n300,null,,300,all,5000,EDGE.stk.sc.G10,0.1,0.094,0.00412708129311745,,,0,0.094,""
1b,moderate1_n300,null,,300,all,5000,EDGE.sym.u.G10,0.01,0.0118,0.00152713850059515,,,0,0.0118,""
1b,moderate1_n300,null,,300,all,5000,EDGE.sym.u.G10,0.05,0.048,0.00302311098043059,,,0,0.048,""
1b,moderate1_n300,null,,300,all,5000,EDGE.sym.u.G10,0.1,0.096,0.00416614930121329,,,0,0.096,""
1b,moderate1_n300,null,,300,all,5000,EDGE.sym.sc.G10,0.01,0.0116,0.00151429455523026,,,0,0.0116,""
1b,moderate1_n300,null,,300,all,5000,EDGE.sym.sc.G10,0.05,0.0488,0.00304691844328003,,,0,0.0488,""
1b,moderate1_n300,null,,300,all,5000,EDGE.sym.sc.G10,0.1,0.0938,0.00412314346100157,,,0,0.0938,""
1b,moderate1_n300,null,,300,all,5000,EDGE.poly3.u.Grule,0.01,0.0108,0.00146173595426807,,,0,0.0108,""
1b,moderate1_n300,null,,300,all,5000,EDGE.poly3.u.Grule,0.05,0.0502,0.00308804015517933,,,0,0.0502,""
1b,moderate1_n300,null,,300,all,5000,EDGE.poly3.u.Grule,0.1,0.1026,0.00429122919453156,,,0,0.1026,""
1b,moderate1_n300,null,,300,all,5000,EDGE.poly3.sc.Grule,0.01,0.013,0.0016019363283227,,,0,0.013,""
1b,moderate1_n300,null,,300,all,5000,EDGE.poly3.sc.Grule,0.05,0.0476,0.00301112072159188,,,0,0.0476,""
1b,moderate1_n300,null,,300,all,5000,EDGE.poly3.sc.Grule,0.1,0.0922,0.00409143397844814,,,0,0.0922,""
1b,moderate1_n300,null,,300,all,5000,EDGE.poly2.u.Grule,0.01,0.0102,0.00142098275851609,,,0,0.0102,""
1b,moderate1_n300,null,,300,all,5000,EDGE.poly2.u.Grule,0.05,0.0514,0.00312275647465504,,,0,0.0514,""
1b,moderate1_n300,null,,300,all,5000,EDGE.poly2.u.Grule,0.1,0.0982,0.00420848571341284,,,0,0.0982,""
1b,moderate1_n300,null,,300,all,5000,EDGE.poly2.sc.Grule,0.01,0.011,0.00147505932084103,,,0,0.011,""
1b,moderate1_n300,null,,300,all,5000,EDGE.poly2.sc.Grule,0.05,0.0462,0.00296868859936505,,,0,0.0462,""
1b,moderate1_n300,null,,300,all,5000,EDGE.poly2.sc.Grule,0.1,0.0918,0.0040834485425924,,,0,0.0918,""
1b,moderate1_n300,null,,300,all,5000,EDGE.stk.u.Grule,0.01,0.011,0.00147505932084103,,,0,0.011,""
1b,moderate1_n300,null,,300,all,5000,EDGE.stk.u.Grule,0.05,0.0512,0.0031170036894428,,,0,0.0512,""
1b,moderate1_n300,null,,300,all,5000,EDGE.stk.u.Grule,0.1,0.0986,0.00421611290171409,,,0,0.0986,""
1b,moderate1_n300,null,,300,all,5000,EDGE.stk.sc.Grule,0.01,0.0116,0.00151429455523026,,,0,0.0116,""
1b,moderate1_n300,null,,300,all,5000,EDGE.stk.sc.Grule,0.05,0.0468,0.00298696367570816,,,0,0.0468,""
1b,moderate1_n300,null,,300,all,5000,EDGE.stk.sc.Grule,0.1,0.0904,0.00405531355137923,,,0,0.0904,""
1b,moderate1_n300,null,,300,all,5000,EDGE.sym.u.Grule,0.01,0.0108,0.00146173595426807,,,0,0.0108,""
1b,moderate1_n300,null,,300,all,5000,EDGE.sym.u.Grule,0.05,0.0486,0.0030409879973456,,,0,0.0486,""
1b,moderate1_n300,null,,300,all,5000,EDGE.sym.u.Grule,0.1,0.0966,0.00417776112289824,,,0,0.0966,""
1b,moderate1_n300,null,,300,all,5000,EDGE.sym.sc.Grule,0.01,0.0102,0.00142098275851609,,,0,0.0102,""
1b,moderate1_n300,null,,300,all,5000,EDGE.sym.sc.Grule,0.05,0.048,0.00302311098043059,,,0,0.048,""
1b,moderate1_n300,null,,300,all,5000,EDGE.sym.sc.Grule,0.1,0.0988,0.00421991848262499,,,0,0.0988,""
1b,moderate1_n300,null,,300,all,5000,HL.G10,0.01,0.0098,0.00139312311013779,,,0,0.0098,""
1b,moderate1_n300,null,,300,all,5000,HL.G10,0.05,0.0438,0.00289418589589542,,,0,0.0438,""
1b,moderate1_n300,null,,300,all,5000,HL.G10,0.1,0.0924,0.00409541792739154,,,0,0.0924,""
1b,moderate1_n300,null,,300,all,5000,HL.Grule,0.01,0.009,0.00133558975737312,,,0,0.009,""
1b,moderate1_n300,null,,300,all,5000,HL.Grule,0.05,0.0458,0.00295642892693195,,,0,0.0458,""
1b,moderate1_n300,null,,300,all,5000,HL.Grule,0.1,0.0984,0.00421230198347649,,,0,0.0984,""
1b,moderate1_n300,null,,300,all,5000,HLF.G10,0.01,0.009,0.00133558975737312,,,0,0.009,""
1b,moderate1_n300,null,,300,all,5000,HLF.G10,0.05,0.0438,0.00289418589589542,,,0,0.0438,""
1b,moderate1_n300,null,,300,all,5000,HLF.G10,0.1,0.0938,0.00412314346100157,,,0,0.0938,""
1b,moderate1_n300,null,,300,all,5000,HLF.Grule,0.01,0.0092,0.00135021183523179,,,0,0.0092,""
1b,moderate1_n300,null,,300,all,5000,HLF.Grule,0.05,0.046,0.00296256645495084,,,0,0.046,""
1b,moderate1_n300,null,,300,all,5000,HLF.Grule,0.1,0.0996,0.00423508772046105,,,0,0.0996,""
1b,moderate1_n300,null,,300,all,5000,Stk.joint,0.01,0.0148,0.00170768615383507,,,0,0.0148,""
1b,moderate1_n300,null,,300,all,5000,Stk.joint,0.05,0.0496,0.00307049963361014,,,0,0.0496,""
1b,moderate1_n300,null,,300,all,5000,Stk.joint,0.1,0.0852,0.0039481884453506,,,0,0.0852,""
1b,moderate1_n300,null,,300,all,5000,Stk.LR,0.01,0.0122,0.00155249218999646,,,0,0.0122,""
1b,moderate1_n300,null,,300,all,5000,Stk.LR,0.05,0.0624,0.00342070869850094,,,0,0.0624,""
1b,moderate1_n300,null,,300,all,5000,Stk.LR,0.1,0.1108,0.00443899448073547,,,0,0.1108,""
1b,moderate1_n300,null,,300,all,5000,Stk.sym1,0.01,0.0116,0.00151429455523026,,,0,0.0116,""
1b,moderate1_n300,null,,300,all,5000,Stk.sym1,0.05,0.0528,0.00316266216975509,,,0,0.0528,""
1b,moderate1_n300,null,,300,all,5000,Stk.sym1,0.1,0.0964,0.00417389602170442,,,0,0.0964,""
1b,moderate1_n300,null,,300,all,5000,Stk.marg,0.01,0.0216,0.00205589104769684,,,0,0.0216,""
1b,moderate1_n300,null,,300,all,5000,Stk.marg,0.05,0.0562,0.00325704037432759,,,0,0.0562,""
1b,moderate1_n300,null,,300,all,5000,Stk.marg,0.1,0.0914,0.00407543960818953,,,0,0.0914,""
1b,moderate1_n300,null,,300,all,5000,GiViTI,0.01,0.0086,0.00130583613060751,,,0,0.0086,""
1b,moderate1_n300,null,,300,all,5000,GiViTI,0.05,0.047,0.00299302522541993,,,0,0.047,""
1b,moderate1_n300,null,,300,all,5000,GiViTI,0.1,0.0912,0.00407142628571364,,,0,0.0912,""
1b,moderate1_n300,null,,300,all,5000,GiViTI.t50,0.01,0.0106,0.00144828450243728,,,0,0.0106,""
1b,moderate1_n300,null,,300,all,5000,GiViTI.t50,0.05,0.0526,0.00315699984162179,,,0,0.0526,""
1b,moderate1_n300,null,,300,all,5000,GiViTI.t50,0.1,0.0994,0.00423130334530627,,,0,0.0994,""
1b,moderate1_n300,null,,300,all,5000,Cubic.LR,0.01,0.0112,0.00148825804214189,,,0,0.0112,""
1b,moderate1_n300,null,,300,all,5000,Cubic.LR,0.05,0.0596,0.00334806929438445,,,0,0.0596,""
1b,moderate1_n300,null,,300,all,5000,Cubic.LR,0.1,0.1066,0.00436431987828573,,,0,0.1066,""
1b,moderate1_n300,null,,300,all,5000,HL_w,0.01,0.0128,0.0015897270205919,,,0,0.0128,""
1b,moderate1_n300,null,,300,all,5000,HL_w,0.05,0.0516,0.00312849612433834,,,0,0.0516,""
1b,moderate1_n300,null,,300,all,5000,HL_w,0.1,0.097,0.0041854748834511,,,0,0.097,""
1b,moderate1_n300,null,,300,all,5000,PH,0.01,0.0042,0.000914588432028309,,,0,0.0042,""
1b,moderate1_n300,null,,300,all,5000,PH,0.05,0.0262,0.00225891832521674,,,0,0.0262,""
1b,moderate1_n300,null,,300,all,5000,PH,0.1,0.0636,0.0034512328232097,,,0,0.0636,""
1b,moderate1_n300,null,,300,all,5000,Tsiatis,0.01,0.0124,0.00156500734822556,,,0,0.0124,""
1b,moderate1_n300,null,,300,all,5000,Tsiatis,0.05,0.0458,0.00295642892693195,,,0,0.0458,""
1b,moderate1_n300,null,,300,all,5000,Tsiatis,0.1,0.0874,0.00399402653972154,,,0,0.0874,""
1b,moderate1_n300,null,,300,all,5000,Xie,0.01,0.01,0.00140712472794703,,,0,0.01,""
1b,moderate1_n300,null,,300,all,5000,Xie,0.05,0.037,0.00266949433413896,,,0,0.037,""
1b,moderate1_n300,null,,300,all,5000,Xie,0.1,0.0708,0.00362732297982962,,,0,0.0708,""
1b,moderate1_n300,null,,300,all,5000,PR,0.01,0,0,,,1,,no p-value in any replicate
1b,moderate1_n300,null,,300,all,5000,PR,0.05,0,0,,,1,,no p-value in any replicate
1b,moderate1_n300,null,,300,all,5000,PR,0.1,0,0,,,1,,no p-value in any replicate
1b,moderate1_n500,null,,500,all,5000,flag.evlt.G10,,0,,,,0,,flag rate: share of replicates with the flag = 1
1b,moderate1_n500,null,,500,all,5000,flag.evlt.Grule,,0,,,,0,,flag rate: share of replicates with the flag = 1
1b,moderate1_n500,null,,500,all,5000,flag.stk_half0,,0,,,,0,,flag rate: share of replicates with the flag = 1
1b,moderate1_n500,null,,500,all,5000,flag.stk_diag,,0.0728,,,,0,,flag rate: share of replicates with the flag = 1
1b,moderate1_n500,null,,500,all,5000,flag.rivals_run,,1,,,,0,,flag rate: share of replicates with the flag = 1
1b,moderate1_n500,null,,500,all,5000,flag.degenerate,,0,,,,0,,flag rate: share of replicates with the flag = 1
1b,moderate1_n500,null,,500,all,5000,flag.info_guard,,0,,,,0,,flag rate: share of replicates with the flag = 1
1b,moderate1_n500,null,,500,all,5000,flag.rep_error,,0,,,,0,,flag rate: share of replicates with the flag = 1
1b,moderate1_n500,null,,500,all,5000,EDGE.poly3.u.G10,0.01,0.0074,0.00121204290353106,,,0,0.0074,""
1b,moderate1_n500,null,,500,all,5000,EDGE.poly3.u.G10,0.05,0.0452,0.00293792307591605,,,0,0.0452,""
1b,moderate1_n500,null,,500,all,5000,EDGE.poly3.u.G10,0.1,0.0956,0.00415838045397484,,,0,0.0956,""
1b,moderate1_n500,null,,500,all,5000,EDGE.poly3.sc.G10,0.01,0.0106,0.00144828450243728,,,0,0.0106,""
1b,moderate1_n500,null,,500,all,5000,EDGE.poly3.sc.G10,0.05,0.0468,0.00298696367570816,,,0,0.0468,""
1b,moderate1_n500,null,,500,all,5000,EDGE.poly3.sc.G10,0.1,0.0928,0.0041033683724472,,,0,0.0928,""
1b,moderate1_n500,null,,500,all,5000,EDGE.poly2.u.G10,0.01,0.0076,0.00122818891055082,,,0,0.0076,""
1b,moderate1_n500,null,,500,all,5000,EDGE.poly2.u.G10,0.05,0.0446,0.00291927525252416,,,0,0.0446,""
1b,moderate1_n500,null,,500,all,5000,EDGE.poly2.u.G10,0.1,0.099,0.00422371874063603,,,0,0.099,""
1b,moderate1_n500,null,,500,all,5000,EDGE.poly2.sc.G10,0.01,0.0094,0.00136467138901642,,,0,0.0094,""
1b,moderate1_n500,null,,500,all,5000,EDGE.poly2.sc.G10,0.05,0.0444,0.00291302729132427,,,0,0.0444,""
1b,moderate1_n500,null,,500,all,5000,EDGE.poly2.sc.G10,0.1,0.0906,0.00405935068699417,,,0,0.0906,""
1b,moderate1_n500,null,,500,all,5000,EDGE.stk.u.G10,0.01,0.0092,0.00135021183523179,,,0,0.0092,""
1b,moderate1_n500,null,,500,all,5000,EDGE.stk.u.G10,0.05,0.0442,0.00290676314824583,,,0,0.0442,""
1b,moderate1_n500,null,,500,all,5000,EDGE.stk.u.G10,0.1,0.0956,0.00415838045397484,,,0,0.0956,""
1b,moderate1_n500,null,,500,all,5000,EDGE.stk.sc.G10,0.01,0.0094,0.00136467138901642,,,0,0.0094,""
1b,moderate1_n500,null,,500,all,5000,EDGE.stk.sc.G10,0.05,0.0458,0.00295642892693195,,,0,0.0458,""
1b,moderate1_n500,null,,500,all,5000,EDGE.stk.sc.G10,0.1,0.0928,0.0041033683724472,,,0,0.0928,""
1b,moderate1_n500,null,,500,all,5000,EDGE.sym.u.G10,0.01,0.0094,0.00136467138901642,,,0,0.0094,""
1b,moderate1_n500,null,,500,all,5000,EDGE.sym.u.G10,0.05,0.0482,0.00302908435009658,,,0,0.0482,""
1b,moderate1_n500,null,,500,all,5000,EDGE.sym.u.G10,0.1,0.096,0.00416614930121329,,,0,0.096,""
1b,moderate1_n500,null,,500,all,5000,EDGE.sym.sc.G10,0.01,0.0094,0.00136467138901642,,,0,0.0094,""
1b,moderate1_n500,null,,500,all,5000,EDGE.sym.sc.G10,0.05,0.0474,0.00300510365877785,,,0,0.0474,""
1b,moderate1_n500,null,,500,all,5000,EDGE.sym.sc.G10,0.1,0.0966,0.00417776112289824,,,0,0.0966,""
1b,moderate1_n500,null,,500,all,5000,EDGE.poly3.u.Grule,0.01,0.0126,0.00157741814367656,,,0,0.0126,""
1b,moderate1_n500,null,,500,all,5000,EDGE.poly3.u.Grule,0.05,0.0496,0.00307049963361014,,,0,0.0496,""
1b,moderate1_n500,null,,500,all,5000,EDGE.poly3.u.Grule,0.1,0.0978,0.00420083705944422,,,0,0.0978,""
1b,moderate1_n500,null,,500,all,5000,EDGE.poly3.sc.Grule,0.01,0.0118,0.00152713850059515,,,0,0.0118,""
1b,moderate1_n500,null,,500,all,5000,EDGE.poly3.sc.Grule,0.05,0.0496,0.00307049963361014,,,0,0.0496,""
1b,moderate1_n500,null,,500,all,5000,EDGE.poly3.sc.Grule,0.1,0.0926,0.00409939605307904,,,0,0.0926,""
1b,moderate1_n500,null,,500,all,5000,EDGE.poly2.u.Grule,0.01,0.0096,0.00137897353129058,,,0,0.0096,""
1b,moderate1_n500,null,,500,all,5000,EDGE.poly2.u.Grule,0.05,0.0498,0.00307636018697421,,,0,0.0498,""
1b,moderate1_n500,null,,500,all,5000,EDGE.poly2.u.Grule,0.1,0.0976,0.00419700464617327,,,0,0.0976,""
1b,moderate1_n500,null,,500,all,5000,EDGE.poly2.sc.Grule,0.01,0.0126,0.00157741814367656,,,0,0.0126,""
1b,moderate1_n500,null,,500,all,5000,EDGE.poly2.sc.Grule,0.05,0.0472,0.00299907185642492,,,0,0.0472,""
1b,moderate1_n500,null,,500,all,5000,EDGE.poly2.sc.Grule,0.1,0.0912,0.00407142628571364,,,0,0.0912,""
1b,moderate1_n500,null,,500,all,5000,EDGE.stk.u.Grule,0.01,0.01,0.00140712472794703,,,0,0.01,""
1b,moderate1_n500,null,,500,all,5000,EDGE.stk.u.Grule,0.05,0.049,0.00305283474822991,,,0,0.049,""
1b,moderate1_n500,null,,500,all,5000,EDGE.stk.u.Grule,0.1,0.0986,0.00421611290171409,,,0,0.0986,""
1b,moderate1_n500,null,,500,all,5000,EDGE.stk.sc.Grule,0.01,0.0122,0.00155249218999646,,,0,0.0122,""
1b,moderate1_n500,null,,500,all,5000,EDGE.stk.sc.Grule,0.05,0.0504,0.00309385972532693,,,0,0.0504,""
1b,moderate1_n500,null,,500,all,5000,EDGE.stk.sc.Grule,0.1,0.0944,0.00413493990282809,,,0,0.0944,""
1b,moderate1_n500,null,,500,all,5000,EDGE.sym.u.Grule,0.01,0.0102,0.00142098275851609,,,0,0.0102,""
1b,moderate1_n500,null,,500,all,5000,EDGE.sym.u.Grule,0.05,0.049,0.00305283474822991,,,0,0.049,""
1b,moderate1_n500,null,,500,all,5000,EDGE.sym.u.Grule,0.1,0.0978,0.00420083705944422,,,0,0.0978,""
1b,moderate1_n500,null,,500,all,5000,EDGE.sym.sc.Grule,0.01,0.0094,0.00136467138901642,,,0,0.0094,""
1b,moderate1_n500,null,,500,all,5000,EDGE.sym.sc.Grule,0.05,0.048,0.00302311098043059,,,0,0.048,""
1b,moderate1_n500,null,,500,all,5000,EDGE.sym.sc.Grule,0.1,0.0984,0.00421230198347649,,,0,0.0984,""
1b,moderate1_n500,null,,500,all,5000,HL.G10,0.01,0.0086,0.00130583613060751,,,0,0.0086,""
1b,moderate1_n500,null,,500,all,5000,HL.G10,0.05,0.0436,0.00288787257336608,,,0,0.0436,""
1b,moderate1_n500,null,,500,all,5000,HL.G10,0.1,0.0964,0.00417389602170442,,,0,0.0964,""
1b,moderate1_n500,null,,500,all,5000,HL.Grule,0.01,0.01,0.00140712472794703,,,0,0.01,""
1b,moderate1_n500,null,,500,all,5000,HL.Grule,0.05,0.0474,0.00300510365877785,,,0,0.0474,""
1b,moderate1_n500,null,,500,all,5000,HL.Grule,0.1,0.0942,0.00413101343498178,,,0,0.0942,""
1b,moderate1_n500,null,,500,all,5000,HLF.G10,0.01,0.0086,0.00130583613060751,,,0,0.0086,""
1b,moderate1_n500,null,,500,all,5000,HLF.G10,0.05,0.0442,0.00290676314824583,,,0,0.0442,""
1b,moderate1_n500,null,,500,all,5000,HLF.G10,0.1,0.0942,0.00413101343498178,,,0,0.0942,""
1b,moderate1_n500,null,,500,all,5000,HLF.Grule,0.01,0.01,0.00140712472794703,,,0,0.01,""
1b,moderate1_n500,null,,500,all,5000,HLF.Grule,0.05,0.0472,0.00299907185642492,,,0,0.0472,""
1b,moderate1_n500,null,,500,all,5000,HLF.Grule,0.1,0.0924,0.00409541792739154,,,0,0.0924,""
1b,moderate1_n500,null,,500,all,5000,Stk.joint,0.01,0.015,0.00171901134376711,,,0,0.015,""
1b,moderate1_n500,null,,500,all,5000,Stk.joint,0.05,0.045,0.00293172304285381,,,0,0.045,""
1b,moderate1_n500,null,,500,all,5000,Stk.joint,0.1,0.0878,0.00400227835113951,,,0,0.0878,""
1b,moderate1_n500,null,,500,all,5000,Stk.LR,0.01,0.0124,0.00156500734822556,,,0,0.0124,""
1b,moderate1_n500,null,,500,all,5000,Stk.LR,0.05,0.0502,0.00308804015517933,,,0,0.0502,""
1b,moderate1_n500,null,,500,all,5000,Stk.LR,0.1,0.1024,0.00428752236145772,,,0,0.1024,""
1b,moderate1_n500,null,,500,all,5000,Stk.sym1,0.01,0.0108,0.00146173595426807,,,0,0.0108,""
1b,moderate1_n500,null,,500,all,5000,Stk.sym1,0.05,0.0482,0.00302908435009658,,,0,0.0482,""
1b,moderate1_n500,null,,500,all,5000,Stk.sym1,0.1,0.097,0.0041854748834511,,,0,0.097,""
1b,moderate1_n500,null,,500,all,5000,Stk.marg,0.01,0.0212,0.00203718236787971,,,0,0.0212,""
1b,moderate1_n500,null,,500,all,5000,Stk.marg,0.05,0.0626,0.00342582077756558,,,0,0.0626,""
1b,moderate1_n500,null,,500,all,5000,Stk.marg,0.1,0.103,0.00429862768799532,,,0,0.103,""
1b,moderate1_n500,null,,500,all,5000,GiViTI,0.01,0.009,0.00133558975737312,,,0,0.009,""
1b,moderate1_n500,null,,500,all,5000,GiViTI,0.05,0.0466,0.00298088711627931,,,0,0.0466,""
1b,moderate1_n500,null,,500,all,5000,GiViTI,0.1,0.0978,0.00420083705944422,,,0,0.0978,""
1b,moderate1_n500,null,,500,all,5000,GiViTI.t50,0.01,0.0096,0.00137897353129058,,,0,0.0096,""
1b,moderate1_n500,null,,500,all,5000,GiViTI.t50,0.05,0.0492,0.00305873699425106,,,0,0.0492,""
1b,moderate1_n500,null,,500,all,5000,GiViTI.t50,0.1,0.1036,0.0043096876917011,,,0,0.1036,""
1b,moderate1_n500,null,,500,all,5000,Cubic.LR,0.01,0.0112,0.00148825804214189,,,0,0.0112,""
1b,moderate1_n500,null,,500,all,5000,Cubic.LR,0.05,0.0524,0.00315132480077824,,,0,0.0524,""
1b,moderate1_n500,null,,500,all,5000,Cubic.LR,0.1,0.0998,0.00423886682970815,,,0,0.0998,""
1b,moderate1_n500,null,,500,all,5000,HL_w,0.01,0.014,0.00166156552684509,,,0,0.014,""
1b,moderate1_n500,null,,500,all,5000,HL_w,0.05,0.056,0.00325158422926425,,,0,0.056,""
1b,moderate1_n500,null,,500,all,5000,HL_w,0.1,0.1032,0.00430231937447698,,,0,0.1032,""
1b,moderate1_n500,null,,500,all,5000,PH,0.01,0.0056,0.00105533312276267,,,0,0.0056,""
1b,moderate1_n500,null,,500,all,5000,PH,0.05,0.0256,0.00223359083092674,,,0,0.0256,""
1b,moderate1_n500,null,,500,all,5000,PH,0.1,0.061,0.00338464178311384,,,0,0.061,""
1b,moderate1_n500,null,,500,all,5000,Tsiatis,0.01,0.0092,0.00135021183523179,,,0,0.0092,""
1b,moderate1_n500,null,,500,all,5000,Tsiatis,0.05,0.048,0.00302311098043059,,,0,0.048,""
1b,moderate1_n500,null,,500,all,5000,Tsiatis,0.1,0.0936,0.00411919992231501,,,0,0.0936,""
1b,moderate1_n500,null,,500,all,5000,Xie,0.01,0.0094,0.00136467138901642,,,0,0.0094,""
1b,moderate1_n500,null,,500,all,5000,Xie,0.05,0.0394,0.00275127752144345,,,0,0.0394,""
1b,moderate1_n500,null,,500,all,5000,Xie,0.1,0.0726,0.00366958417262774,,,0,0.0726,""
1b,moderate1_n500,null,,500,all,5000,PR,0.01,0,0,,,1,,no p-value in any replicate
1b,moderate1_n500,null,,500,all,5000,PR,0.05,0,0,,,1,,no p-value in any replicate
1b,moderate1_n500,null,,500,all,5000,PR,0.1,0,0,,,1,,no p-value in any replicate
1b,moderate1_n1000,null,,1000,all,5000,flag.evlt.G10,,0,,,,0,,flag rate: share of replicates with the flag = 1
1b,moderate1_n1000,null,,1000,all,5000,flag.evlt.Grule,,0,,,,0,,flag rate: share of replicates with the flag = 1
1b,moderate1_n1000,null,,1000,all,5000,flag.stk_half0,,0,,,,0,,flag rate: share of replicates with the flag = 1
1b,moderate1_n1000,null,,1000,all,5000,flag.stk_diag,,0.0506,,,,0,,flag rate: share of replicates with the flag = 1
1b,moderate1_n1000,null,,1000,all,5000,flag.rivals_run,,1,,,,0,,flag rate: share of replicates with the flag = 1
1b,moderate1_n1000,null,,1000,all,5000,flag.degenerate,,0,,,,0,,flag rate: share of replicates with the flag = 1
1b,moderate1_n1000,null,,1000,all,5000,flag.info_guard,,0,,,,0,,flag rate: share of replicates with the flag = 1
1b,moderate1_n1000,null,,1000,all,5000,flag.rep_error,,0,,,,0,,flag rate: share of replicates with the flag = 1
1b,moderate1_n1000,null,,1000,all,5000,EDGE.poly3.u.G10,0.01,0.0098,0.00139312311013779,,,0,0.0098,""
1b,moderate1_n1000,null,,1000,all,5000,EDGE.poly3.u.G10,0.05,0.0518,0.0031342227106573,,,0,0.0518,""
1b,moderate1_n1000,null,,1000,all,5000,EDGE.poly3.u.G10,0.1,0.0968,0.00418162073842189,,,0,0.0968,""
1b,moderate1_n1000,null,,1000,all,5000,EDGE.poly3.sc.G10,0.01,0.011,0.00147505932084103,,,0,0.011,""
1b,moderate1_n1000,null,,1000,all,5000,EDGE.poly3.sc.G10,0.05,0.0496,0.00307049963361014,,,0,0.0496,""
1b,moderate1_n1000,null,,1000,all,5000,EDGE.poly3.sc.G10,0.1,0.0962,0.00417002541958679,,,0,0.0962,""
1b,moderate1_n1000,null,,1000,all,5000,EDGE.poly2.u.G10,0.01,0.0084,0.00129069283720024,,,0,0.0084,""
1b,moderate1_n1000,null,,1000,all,5000,EDGE.poly2.u.G10,0.05,0.0476,0.00301112072159188,,,0,0.0476,""
1b,moderate1_n1000,null,,1000,all,5000,EDGE.poly2.u.G10,0.1,0.0914,0.00407543960818953,,,0,0.0914,""
1b,moderate1_n1000,null,,1000,all,5000,EDGE.poly2.sc.G10,0.01,0.0104,0.00143470136265357,,,0,0.0104,""
1b,moderate1_n1000,null,,1000,all,5000,EDGE.poly2.sc.G10,0.05,0.0462,0.00296868859936505,,,0,0.0462,""
1b,moderate1_n1000,null,,1000,all,5000,EDGE.poly2.sc.G10,0.1,0.0928,0.0041033683724472,,,0,0.0928,""
1b,moderate1_n1000,null,,1000,all,5000,EDGE.stk.u.G10,0.01,0.01,0.00140712472794703,,,0,0.01,""
1b,moderate1_n1000,null,,1000,all,5000,EDGE.stk.u.G10,0.05,0.0464,0.00297479545515318,,,0,0.0464,""
1b,moderate1_n1000,null,,1000,all,5000,EDGE.stk.u.G10,0.1,0.0958,0.00416226765117286,,,0,0.0958,""
1b,moderate1_n1000,null,,1000,all,5000,EDGE.stk.sc.G10,0.01,0.0102,0.00142098275851609,,,0,0.0102,""
1b,moderate1_n1000,null,,1000,all,5000,EDGE.stk.sc.G10,0.05,0.0462,0.00296868859936505,,,0,0.0462,""
1b,moderate1_n1000,null,,1000,all,5000,EDGE.stk.sc.G10,0.1,0.0954,0.00415448769404845,,,0,0.0954,""
1b,moderate1_n1000,null,,1000,all,5000,EDGE.sym.u.G10,0.01,0.0102,0.00142098275851609,,,0,0.0102,""
1b,moderate1_n1000,null,,1000,all,5000,EDGE.sym.u.G10,0.05,0.0486,0.0030409879973456,,,0,0.0486,""
1b,moderate1_n1000,null,,1000,all,5000,EDGE.sym.u.G10,0.1,0.099,0.00422371874063603,,,0,0.099,""
1b,moderate1_n1000,null,,1000,all,5000,EDGE.sym.sc.G10,0.01,0.0104,0.00143470136265357,,,0,0.0104,""
1b,moderate1_n1000,null,,1000,all,5000,EDGE.sym.sc.G10,0.05,0.0492,0.00305873699425106,,,0,0.0492,""
1b,moderate1_n1000,null,,1000,all,5000,EDGE.sym.sc.G10,0.1,0.0966,0.00417776112289824,,,0,0.0966,""
1b,moderate1_n1000,null,,1000,all,5000,EDGE.poly3.u.Grule,0.01,0.0126,0.00157741814367656,,,0,0.0126,""
1b,moderate1_n1000,null,,1000,all,5000,EDGE.poly3.u.Grule,0.05,0.0494,0.0030646252625729,,,0,0.0494,""
1b,moderate1_n1000,null,,1000,all,5000,EDGE.poly3.u.Grule,0.1,0.0974,0.00419316682234323,,,0,0.0974,""
1b,moderate1_n1000,null,,1000,all,5000,EDGE.poly3.sc.Grule,0.01,0.0148,0.00170768615383507,,,0,0.0148,""
1b,moderate1_n1000,null,,1000,all,5000,EDGE.poly3.sc.Grule,0.05,0.054,0.00319637294444813,,,0,0.054,""
1b,moderate1_n1000,null,,1000,all,5000,EDGE.poly3.sc.Grule,0.1,0.101,0.00426143168430517,,,0,0.101,""
1b,moderate1_n1000,null,,1000,all,5000,EDGE.poly2.u.Grule,0.01,0.0112,0.00148825804214189,,,0,0.0112,""
1b,moderate1_n1000,null,,1000,all,5000,EDGE.poly2.u.Grule,0.05,0.0462,0.00296868859936505,,,0,0.0462,""
1b,moderate1_n1000,null,,1000,all,5000,EDGE.poly2.u.Grule,0.1,0.1004,0.0042501727023734,,,0,0.1004,""
1b,moderate1_n1000,null,,1000,all,5000,EDGE.poly2.sc.Grule,0.01,0.0104,0.00143470136265357,,,0,0.0104,""
1b,moderate1_n1000,null,,1000,all,5000,EDGE.poly2.sc.Grule,0.05,0.0446,0.00291927525252416,,,0,0.0446,""
1b,moderate1_n1000,null,,1000,all,5000,EDGE.poly2.sc.Grule,0.1,0.0956,0.00415838045397484,,,0,0.0956,""
1b,moderate1_n1000,null,,1000,all,5000,EDGE.stk.u.Grule,0.01,0.0126,0.00157741814367656,,,0,0.0126,""
1b,moderate1_n1000,null,,1000,all,5000,EDGE.stk.u.Grule,0.05,0.0482,0.00302908435009658,,,0,0.0482,""
1b,moderate1_n1000,null,,1000,all,5000,EDGE.stk.u.Grule,0.1,0.0936,0.00411919992231501,,,0,0.0936,""
1b,moderate1_n1000,null,,1000,all,5000,EDGE.stk.sc.Grule,0.01,0.0156,0.00175252047063651,,,0,0.0156,""
1b,moderate1_n1000,null,,1000,all,5000,EDGE.stk.sc.Grule,0.05,0.0552,0.0032296427046966,,,0,0.0552,""
1b,moderate1_n1000,null,,1000,all,5000,EDGE.stk.sc.Grule,0.1,0.0974,0.00419316682234323,,,0,0.0974,""
1b,moderate1_n1000,null,,1000,all,5000,EDGE.sym.u.Grule,0.01,0.0108,0.00146173595426807,,,0,0.0108,""
1b,moderate1_n1000,null,,1000,all,5000,EDGE.sym.u.Grule,0.05,0.0516,0.00312849612433834,,,0,0.0516,""
1b,moderate1_n1000,null,,1000,all,5000,EDGE.sym.u.Grule,0.1,0.1004,0.0042501727023734,,,0,0.1004,""
1b,moderate1_n1000,null,,1000,all,5000,EDGE.sym.sc.Grule,0.01,0.0108,0.00146173595426807,,,0,0.0108,""
1b,moderate1_n1000,null,,1000,all,5000,EDGE.sym.sc.Grule,0.05,0.0496,0.00307049963361014,,,0,0.0496,""
1b,moderate1_n1000,null,,1000,all,5000,EDGE.sym.sc.Grule,0.1,0.1012,0.00426517432234604,,,0,0.1012,""
1b,moderate1_n1000,null,,1000,all,5000,HL.G10,0.01,0.009,0.00133558975737312,,,0,0.009,""
1b,moderate1_n1000,null,,1000,all,5000,HL.G10,0.05,0.047,0.00299302522541993,,,0,0.047,""
1b,moderate1_n1000,null,,1000,all,5000,HL.G10,0.1,0.0968,0.00418162073842189,,,0,0.0968,""
1b,moderate1_n1000,null,,1000,all,5000,HL.Grule,0.01,0.0084,0.00129069283720024,,,0,0.0084,""
1b,moderate1_n1000,null,,1000,all,5000,HL.Grule,0.05,0.0512,0.0031170036894428,,,0,0.0512,""
1b,moderate1_n1000,null,,1000,all,5000,HL.Grule,0.1,0.104,0.00431703602023425,,,0,0.104,""
1b,moderate1_n1000,null,,1000,all,5000,HLF.G10,0.01,0.0092,0.00135021183523179,,,0,0.0092,""
1b,moderate1_n1000,null,,1000,all,5000,HLF.G10,0.05,0.0472,0.00299907185642492,,,0,0.0472,""
1b,moderate1_n1000,null,,1000,all,5000,HLF.G10,0.1,0.0974,0.00419316682234323,,,0,0.0974,""
1b,moderate1_n1000,null,,1000,all,5000,HLF.Grule,0.01,0.008,0.00125984125984189,,,0,0.008,""
1b,moderate1_n1000,null,,1000,all,5000,HLF.Grule,0.05,0.0522,0.00314563697841947,,,0,0.0522,""
1b,moderate1_n1000,null,,1000,all,5000,HLF.Grule,0.1,0.1028,0.00429493096568501,,,0,0.1028,""
1b,moderate1_n1000,null,,1000,all,5000,Stk.joint,0.01,0.0142,0.00167322204145176,,,0,0.0142,""
1b,moderate1_n1000,null,,1000,all,5000,Stk.joint,0.05,0.0486,0.0030409879973456,,,0,0.0486,""
1b,moderate1_n1000,null,,1000,all,5000,Stk.joint,0.1,0.09,0.00404722126896961,,,0,0.09,""
1b,moderate1_n1000,null,,1000,all,5000,Stk.LR,0.01,0.0104,0.00143470136265357,,,0,0.0104,""
1b,moderate1_n1000,null,,1000,all,5000,Stk.LR,0.05,0.0482,0.00302908435009658,,,0,0.0482,""
1b,moderate1_n1000,null,,1000,all,5000,Stk.LR,0.1,0.0992,0.00422751369010202,,,0,0.0992,""
1b,moderate1_n1000,null,,1000,all,5000,Stk.sym1,0.01,0.01,0.00140712472794703,,,0,0.01,""
1b,moderate1_n1000,null,,1000,all,5000,Stk.sym1,0.05,0.0484,0.00303504332753257,,,0,0.0484,""
1b,moderate1_n1000,null,,1000,all,5000,Stk.sym1,0.1,0.097,0.0041854748834511,,,0,0.097,""
1b,moderate1_n1000,null,,1000,all,5000,Stk.marg,0.01,0.021,0.002027757381937,,,0,0.021,""
1b,moderate1_n1000,null,,1000,all,5000,Stk.marg,0.05,0.0634,0.00344617004803884,,,0,0.0634,""
1b,moderate1_n1000,null,,1000,all,5000,Stk.marg,0.1,0.1048,0.00433167311786104,,,0,0.1048,""
1b,moderate1_n1000,null,,1000,all,5000,GiViTI,0.01,0.0096,0.00137897353129058,,,0,0.0096,""
1b,moderate1_n1000,null,,1000,all,5000,GiViTI,0.05,0.0476,0.00301112072159188,,,0,0.0476,""
1b,moderate1_n1000,null,,1000,all,5000,GiViTI,0.1,0.095,0.00414668542332307,,,0,0.095,""
1b,moderate1_n1000,null,,1000,all,5000,GiViTI.t50,0.01,0.01,0.00140712472794703,,,0,0.01,""
1b,moderate1_n1000,null,,1000,all,5000,GiViTI.t50,0.05,0.049,0.00305283474822991,,,0,0.049,""
1b,moderate1_n1000,null,,1000,all,5000,GiViTI.t50,0.1,0.0994,0.00423130334530627,,,0,0.0994,""
1b,moderate1_n1000,null,,1000,all,5000,Cubic.LR,0.01,0.0106,0.00144828450243728,,,0,0.0106,""
1b,moderate1_n1000,null,,1000,all,5000,Cubic.LR,0.05,0.0486,0.0030409879973456,,,0,0.0486,""
1b,moderate1_n1000,null,,1000,all,5000,Cubic.LR,0.1,0.1008,0.00425768387741504,,,0,0.1008,""
1b,moderate1_n1000,null,,1000,all,5000,HL_w,0.01,0.0136,0.00163798901095215,,,0,0.0136,""
1b,moderate1_n1000,null,,1000,all,5000,HL_w,0.05,0.0532,0.00317394895989208,,,0,0.0532,""
1b,moderate1_n1000,null,,1000,all,5000,HL_w,0.1,0.098,0.00420466407695074,,,0,0.098,""
1b,moderate1_n1000,null,,1000,all,5000,PH,0.01,0.0044,0.000936017093861004,,,0,0.0044,""
1b,moderate1_n1000,null,,1000,all,5000,PH,0.05,0.0298,0.00240466047499434,,,0,0.0298,""
1b,moderate1_n1000,null,,1000,all,5000,PH,0.1,0.0618,0.00340531232047811,,,0,0.0618,""
1b,moderate1_n1000,null,,1000,all,5000,Tsiatis,0.01,0.0098,0.00139312311013779,,,0,0.0098,""
1b,moderate1_n1000,null,,1000,all,5000,Tsiatis,0.05,0.0508,0.00310545842026584,,,0,0.0508,""
1b,moderate1_n1000,null,,1000,all,5000,Tsiatis,0.1,0.1026,0.00429122919453156,,,0,0.1026,""
1b,moderate1_n1000,null,,1000,all,5000,Xie,0.01,0.0098,0.00139312311013779,,,0,0.0098,""
1b,moderate1_n1000,null,,1000,all,5000,Xie,0.05,0.0446,0.00291927525252416,,,0,0.0446,""
1b,moderate1_n1000,null,,1000,all,5000,Xie,0.1,0.0868,0.00398160168776336,,,0,0.0868,""
1b,moderate1_n1000,null,,1000,all,5000,PR,0.01,0,0,,,1,,no p-value in any replicate
1b,moderate1_n1000,null,,1000,all,5000,PR,0.05,0,0,,,1,,no p-value in any replicate
1b,moderate1_n1000,null,,1000,all,5000,PR,0.1,0,0,,,1,,no p-value in any replicate
1b,moderate1_n2000,null,,2000,all,5000,flag.evlt.G10,,0,,,,0,,flag rate: share of replicates with the flag = 1
1b,moderate1_n2000,null,,2000,all,5000,flag.evlt.Grule,,0,,,,0,,flag rate: share of replicates with the flag = 1
1b,moderate1_n2000,null,,2000,all,5000,flag.stk_half0,,0,,,,0,,flag rate: share of replicates with the flag = 1
1b,moderate1_n2000,null,,2000,all,5000,flag.stk_diag,,0.027,,,,0,,flag rate: share of replicates with the flag = 1
1b,moderate1_n2000,null,,2000,all,5000,flag.rivals_run,,1,,,,0,,flag rate: share of replicates with the flag = 1
1b,moderate1_n2000,null,,2000,all,5000,flag.degenerate,,0,,,,0,,flag rate: share of replicates with the flag = 1
1b,moderate1_n2000,null,,2000,all,5000,flag.info_guard,,0,,,,0,,flag rate: share of replicates with the flag = 1
1b,moderate1_n2000,null,,2000,all,5000,flag.rep_error,,0,,,,0,,flag rate: share of replicates with the flag = 1
1b,moderate1_n2000,null,,2000,all,5000,EDGE.poly3.u.G10,0.01,0.011,0.00147505932084103,,,0,0.011,""
1b,moderate1_n2000,null,,2000,all,5000,EDGE.poly3.u.G10,0.05,0.0468,0.00298696367570816,,,0,0.0468,""
1b,moderate1_n2000,null,,2000,all,5000,EDGE.poly3.u.G10,0.1,0.0976,0.00419700464617327,,,0,0.0976,""
1b,moderate1_n2000,null,,2000,all,5000,EDGE.poly3.sc.G10,0.01,0.0102,0.00142098275851609,,,0,0.0102,""
1b,moderate1_n2000,null,,2000,all,5000,EDGE.poly3.sc.G10,0.05,0.0488,0.00304691844328003,,,0,0.0488,""
1b,moderate1_n2000,null,,2000,all,5000,EDGE.poly3.sc.G10,0.1,0.0996,0.00423508772046105,,,0,0.0996,""
1b,moderate1_n2000,null,,2000,all,5000,EDGE.poly2.u.G10,0.01,0.011,0.00147505932084103,,,0,0.011,""
1b,moderate1_n2000,null,,2000,all,5000,EDGE.poly2.u.G10,0.05,0.0532,0.00317394895989208,,,0,0.0532,""
1b,moderate1_n2000,null,,2000,all,5000,EDGE.poly2.u.G10,0.1,0.1,0.00424264068711929,,,0,0.1,""
1b,moderate1_n2000,null,,2000,all,5000,EDGE.poly2.sc.G10,0.01,0.011,0.00147505932084103,,,0,0.011,""
1b,moderate1_n2000,null,,2000,all,5000,EDGE.poly2.sc.G10,0.05,0.0534,0.00317957355631223,,,0,0.0534,""
1b,moderate1_n2000,null,,2000,all,5000,EDGE.poly2.sc.G10,0.1,0.1036,0.0043096876917011,,,0,0.1036,""
1b,moderate1_n2000,null,,2000,all,5000,EDGE.stk.u.G10,0.01,0.0116,0.00151429455523026,,,0,0.0116,""
1b,moderate1_n2000,null,,2000,all,5000,EDGE.stk.u.G10,0.05,0.045,0.00293172304285381,,,0,0.045,""
1b,moderate1_n2000,null,,2000,all,5000,EDGE.stk.u.G10,0.1,0.0952,0.00415058935574215,,,0,0.0952,""
1b,moderate1_n2000,null,,2000,all,5000,EDGE.stk.sc.G10,0.01,0.01,0.00140712472794703,,,0,0.01,""
1b,moderate1_n2000,null,,2000,all,5000,EDGE.stk.sc.G10,0.05,0.0504,0.00309385972532693,,,0,0.0504,""
1b,moderate1_n2000,null,,2000,all,5000,EDGE.stk.sc.G10,0.1,0.1022,0.00428381045332307,,,0,0.1022,""
1b,moderate1_n2000,null,,2000,all,5000,EDGE.sym.u.G10,0.01,0.0088,0.00132079975772257,,,0,0.0088,""
1b,moderate1_n2000,null,,2000,all,5000,EDGE.sym.u.G10,0.05,0.0492,0.00305873699425106,,,0,0.0492,""
1b,moderate1_n2000,null,,2000,all,5000,EDGE.sym.u.G10,0.1,0.1008,0.00425768387741504,,,0,0.1008,""
1b,moderate1_n2000,null,,2000,all,5000,EDGE.sym.sc.G10,0.01,0.0096,0.00137897353129058,,,0,0.0096,""
1b,moderate1_n2000,null,,2000,all,5000,EDGE.sym.sc.G10,0.05,0.0504,0.00309385972532693,,,0,0.0504,""
1b,moderate1_n2000,null,,2000,all,5000,EDGE.sym.sc.G10,0.1,0.0966,0.00417776112289824,,,0,0.0966,""
1b,moderate1_n2000,null,,2000,all,5000,EDGE.poly3.u.Grule,0.01,0.0106,0.00144828450243728,,,0,0.0106,""
1b,moderate1_n2000,null,,2000,all,5000,EDGE.poly3.u.Grule,0.05,0.0474,0.00300510365877785,,,0,0.0474,""
1b,moderate1_n2000,null,,2000,all,5000,EDGE.poly3.u.Grule,0.1,0.0968,0.00418162073842189,,,0,0.0968,""
1b,moderate1_n2000,null,,2000,all,5000,EDGE.poly3.sc.Grule,0.01,0.017,0.00182816848238886,,,0,0.017,""
1b,moderate1_n2000,null,,2000,all,5000,EDGE.poly3.sc.Grule,0.05,0.0552,0.0032296427046966,,,0,0.0552,""
1b,moderate1_n2000,null,,2000,all,5000,EDGE.poly3.sc.Grule,0.1,0.097,0.0041854748834511,,,0,0.097,""
1b,moderate1_n2000,null,,2000,all,5000,EDGE.poly2.u.Grule,0.01,0.0102,0.00142098275851609,,,0,0.0102,""
1b,moderate1_n2000,null,,2000,all,5000,EDGE.poly2.u.Grule,0.05,0.0524,0.00315132480077824,,,0,0.0524,""
1b,moderate1_n2000,null,,2000,all,5000,EDGE.poly2.u.Grule,0.1,0.1022,0.00428381045332307,,,0,0.1022,""
1b,moderate1_n2000,null,,2000,all,5000,EDGE.poly2.sc.Grule,0.01,0.0084,0.00129069283720024,,,0,0.0084,""
1b,moderate1_n2000,null,,2000,all,5000,EDGE.poly2.sc.Grule,0.05,0.0494,0.0030646252625729,,,0,0.0494,""
1b,moderate1_n2000,null,,2000,all,5000,EDGE.poly2.sc.Grule,0.1,0.0952,0.00415058935574215,,,0,0.0952,""
1b,moderate1_n2000,null,,2000,all,5000,EDGE.stk.u.Grule,0.01,0.0102,0.00142098275851609,,,0,0.0102,""
1b,moderate1_n2000,null,,2000,all,5000,EDGE.stk.u.Grule,0.05,0.0478,0.00301712313305241,,,0,0.0478,""
1b,moderate1_n2000,null,,2000,all,5000,EDGE.stk.u.Grule,0.1,0.097,0.0041854748834511,,,0,0.097,""
1b,moderate1_n2000,null,,2000,all,5000,EDGE.stk.sc.Grule,0.01,0.016,0.00177448584102551,,,0,0.016,""
1b,moderate1_n2000,null,,2000,all,5000,EDGE.stk.sc.Grule,0.05,0.0524,0.00315132480077824,,,0,0.0524,""
1b,moderate1_n2000,null,,2000,all,5000,EDGE.stk.sc.Grule,0.1,0.0964,0.00417389602170442,,,0,0.0964,""
1b,moderate1_n2000,null,,2000,all,5000,EDGE.sym.u.Grule,0.01,0.0088,0.00132079975772257,,,0,0.0088,""
1b,moderate1_n2000,null,,2000,all,5000,EDGE.sym.u.Grule,0.05,0.0482,0.00302908435009658,,,0,0.0482,""
1b,moderate1_n2000,null,,2000,all,5000,EDGE.sym.u.Grule,0.1,0.0976,0.00419700464617327,,,0,0.0976,""
1b,moderate1_n2000,null,,2000,all,5000,EDGE.sym.sc.Grule,0.01,0.0094,0.00136467138901642,,,0,0.0094,""
1b,moderate1_n2000,null,,2000,all,5000,EDGE.sym.sc.Grule,0.05,0.0454,0.00294410733499986,,,0,0.0454,""
1b,moderate1_n2000,null,,2000,all,5000,EDGE.sym.sc.Grule,0.1,0.0992,0.00422751369010202,,,0,0.0992,""
1b,moderate1_n2000,null,,2000,all,5000,HL.G10,0.01,0.01,0.00140712472794703,,,0,0.01,""
1b,moderate1_n2000,null,,2000,all,5000,HL.G10,0.05,0.0512,0.0031170036894428,,,0,0.0512,""
1b,moderate1_n2000,null,,2000,all,5000,HL.G10,0.1,0.0992,0.00422751369010202,,,0,0.0992,""
1b,moderate1_n2000,null,,2000,all,5000,HL.Grule,0.01,0.0092,0.00135021183523179,,,0,0.0092,""
1b,moderate1_n2000,null,,2000,all,5000,HL.Grule,0.05,0.0432,0.00287519599331941,,,0,0.0432,""
1b,moderate1_n2000,null,,2000,all,5000,HL.Grule,0.1,0.0894,0.00403503754629371,,,0,0.0894,""
1b,moderate1_n2000,null,,2000,all,5000,HLF.G10,0.01,0.0102,0.00142098275851609,,,0,0.0102,""
1b,moderate1_n2000,null,,2000,all,5000,HLF.G10,0.05,0.0514,0.00312275647465504,,,0,0.0514,""
1b,moderate1_n2000,null,,2000,all,5000,HLF.G10,0.1,0.0986,0.00421611290171409,,,0,0.0986,""
1b,moderate1_n2000,null,,2000,all,5000,HLF.Grule,0.01,0.009,0.00133558975737312,,,0,0.009,""
1b,moderate1_n2000,null,,2000,all,5000,HLF.Grule,0.05,0.0424,0.00284963997726029,,,0,0.0424,""
1b,moderate1_n2000,null,,2000,all,5000,HLF.Grule,0.1,0.0898,0.00404316608612607,,,0,0.0898,""
1b,moderate1_n2000,null,,2000,all,5000,Stk.joint,0.01,0.0126,0.00157741814367656,,,0,0.0126,""
1b,moderate1_n2000,null,,2000,all,5000,Stk.joint,0.05,0.0502,0.00308804015517933,,,0,0.0502,""
1b,moderate1_n2000,null,,2000,all,5000,Stk.joint,0.1,0.0976,0.00419700464617327,,,0,0.0976,""
1b,moderate1_n2000,null,,2000,all,5000,Stk.LR,0.01,0.0104,0.00143470136265357,,,0,0.0104,""
1b,moderate1_n2000,null,,2000,all,5000,Stk.LR,0.05,0.0486,0.0030409879973456,,,0,0.0486,""
1b,moderate1_n2000,null,,2000,all,5000,Stk.LR,0.1,0.098,0.00420466407695074,,,0,0.098,""
1b,moderate1_n2000,null,,2000,all,5000,Stk.sym1,0.01,0.0106,0.00144828450243728,,,0,0.0106,""
1b,moderate1_n2000,null,,2000,all,5000,Stk.sym1,0.05,0.0454,0.00294410733499986,,,0,0.0454,""
1b,moderate1_n2000,null,,2000,all,5000,Stk.sym1,0.1,0.0976,0.00419700464617327,,,0,0.0976,""
1b,moderate1_n2000,null,,2000,all,5000,Stk.marg,0.01,0.022,0.00207441558035028,,,0,0.022,""
1b,moderate1_n2000,null,,2000,all,5000,Stk.marg,0.05,0.0696,0.00359877312427444,,,0,0.0696,""
1b,moderate1_n2000,null,,2000,all,5000,Stk.marg,0.1,0.1148,0.00450823601866628,,,0,0.1148,""
1b,moderate1_n2000,null,,2000,all,5000,GiViTI,0.01,0.0102,0.00142098275851609,,,0,0.0102,""
1b,moderate1_n2000,null,,2000,all,5000,GiViTI,0.05,0.0514,0.00312275647465504,,,0,0.0514,""
1b,moderate1_n2000,null,,2000,all,5000,GiViTI,0.1,0.1044,0.00432436446197589,,,0,0.1044,""
1b,moderate1_n2000,null,,2000,all,5000,GiViTI.t50,0.01,0.0106,0.00144828450243728,,,0,0.0106,""
1b,moderate1_n2000,null,,2000,all,5000,GiViTI.t50,0.05,0.0534,0.00317957355631223,,,0,0.0534,""
1b,moderate1_n2000,null,,2000,all,5000,GiViTI.t50,0.1,0.0996,0.00423508772046105,,,0,0.0996,""
1b,moderate1_n2000,null,,2000,all,5000,Cubic.LR,0.01,0.011,0.00147505932084103,,,0,0.011,""
1b,moderate1_n2000,null,,2000,all,5000,Cubic.LR,0.05,0.0484,0.00303504332753257,,,0,0.0484,""
1b,moderate1_n2000,null,,2000,all,5000,Cubic.LR,0.1,0.0958,0.00416226765117286,,,0,0.0958,""
1b,moderate1_n2000,null,,2000,all,5000,HL_w,0.01,0.01,0.00140712472794703,,,0,0.01,""
1b,moderate1_n2000,null,,2000,all,5000,HL_w,0.05,0.0534,0.00317957355631223,,,0,0.0534,""
1b,moderate1_n2000,null,,2000,all,5000,HL_w,0.1,0.0938,0.00412314346100157,,,0,0.0938,""
1b,moderate1_n2000,null,,2000,all,5000,PH,0.01,0.0048,0.000977441558355281,,,0,0.0048,""
1b,moderate1_n2000,null,,2000,all,5000,PH,0.05,0.0302,0.00242024626846113,,,0,0.0302,""
1b,moderate1_n2000,null,,2000,all,5000,PH,0.1,0.068,0.00356022471200906,,,0,0.068,""
1b,moderate1_n2000,null,,2000,all,5000,Tsiatis,0.01,0.011,0.00147505932084103,,,0,0.011,""
1b,moderate1_n2000,null,,2000,all,5000,Tsiatis,0.05,0.0542,0.00320194815698193,,,0,0.0542,""
1b,moderate1_n2000,null,,2000,all,5000,Tsiatis,0.1,0.099,0.00422371874063603,,,0,0.099,""
1b,moderate1_n2000,null,,2000,all,5000,Xie,0.01,0.0094,0.00136467138901642,,,0,0.0094,""
1b,moderate1_n2000,null,,2000,all,5000,Xie,0.05,0.0458,0.00295642892693195,,,0,0.0458,""
1b,moderate1_n2000,null,,2000,all,5000,Xie,0.1,0.0836,0.00391435920681789,,,0,0.0836,""
1b,moderate1_n2000,null,,2000,all,5000,PR,0.01,0,0,,,1,,no p-value in any replicate
1b,moderate1_n2000,null,,2000,all,5000,PR,0.05,0,0,,,1,,no p-value in any replicate
1b,moderate1_n2000,null,,2000,all,5000,PR,0.1,0,0,,,1,,no p-value in any replicate
1b,moderate1_n5000,null,,5000,all,5000,flag.evlt.G10,,0,,,,0,,flag rate: share of replicates with the flag = 1
1b,moderate1_n5000,null,,5000,all,5000,flag.evlt.Grule,,0,,,,0,,flag rate: share of replicates with the flag = 1
1b,moderate1_n5000,null,,5000,all,5000,flag.stk_half0,,0,,,,0,,flag rate: share of replicates with the flag = 1
1b,moderate1_n5000,null,,5000,all,5000,flag.stk_diag,,0.0132,,,,0,,flag rate: share of replicates with the flag = 1
1b,moderate1_n5000,null,,5000,all,5000,flag.rivals_run,,1,,,,0,,flag rate: share of replicates with the flag = 1
1b,moderate1_n5000,null,,5000,all,5000,flag.degenerate,,0,,,,0,,flag rate: share of replicates with the flag = 1
1b,moderate1_n5000,null,,5000,all,5000,flag.info_guard,,0,,,,0,,flag rate: share of replicates with the flag = 1
1b,moderate1_n5000,null,,5000,all,5000,flag.rep_error,,0,,,,0,,flag rate: share of replicates with the flag = 1
1b,moderate1_n5000,null,,5000,all,5000,EDGE.poly3.u.G10,0.01,0.0102,0.00142098275851609,,,0,0.0102,""
1b,moderate1_n5000,null,,5000,all,5000,EDGE.poly3.u.G10,0.05,0.0526,0.00315699984162179,,,0,0.0526,""
1b,moderate1_n5000,null,,5000,all,5000,EDGE.poly3.u.G10,0.1,0.1034,0.00430600603808216,,,0,0.1034,""
1b,moderate1_n5000,null,,5000,all,5000,EDGE.poly3.sc.G10,0.01,0.0112,0.00148825804214189,,,0,0.0112,""
1b,moderate1_n5000,null,,5000,all,5000,EDGE.poly3.sc.G10,0.05,0.0518,0.0031342227106573,,,0,0.0518,""
1b,moderate1_n5000,null,,5000,all,5000,EDGE.poly3.sc.G10,0.1,0.1008,0.00425768387741504,,,0,0.1008,""
1b,moderate1_n5000,null,,5000,all,5000,EDGE.poly2.u.G10,0.01,0.0108,0.00146173595426807,,,0,0.0108,""
1b,moderate1_n5000,null,,5000,all,5000,EDGE.poly2.u.G10,0.05,0.053,0.00316831185333767,,,0,0.053,""
1b,moderate1_n5000,null,,5000,all,5000,EDGE.poly2.u.G10,0.1,0.1016,0.00427264414619331,,,0,0.1016,""
1b,moderate1_n5000,null,,5000,all,5000,EDGE.poly2.sc.G10,0.01,0.0108,0.00146173595426807,,,0,0.0108,""
1b,moderate1_n5000,null,,5000,all,5000,EDGE.poly2.sc.G10,0.05,0.049,0.00305283474822991,,,0,0.049,""
1b,moderate1_n5000,null,,5000,all,5000,EDGE.poly2.sc.G10,0.1,0.1048,0.00433167311786104,,,0,0.1048,""
1b,moderate1_n5000,null,,5000,all,5000,EDGE.stk.u.G10,0.01,0.0124,0.00156500734822556,,,0,0.0124,""
1b,moderate1_n5000,null,,5000,all,5000,EDGE.stk.u.G10,0.05,0.0536,0.00318518570887162,,,0,0.0536,""
1b,moderate1_n5000,null,,5000,all,5000,EDGE.stk.u.G10,0.1,0.098,0.00420466407695074,,,0,0.098,""
1b,moderate1_n5000,null,,5000,all,5000,EDGE.stk.sc.G10,0.01,0.0112,0.00148825804214189,,,0,0.0112,""
1b,moderate1_n5000,null,,5000,all,5000,EDGE.stk.sc.G10,0.05,0.0512,0.0031170036894428,,,0,0.0512,""
1b,moderate1_n5000,null,,5000,all,5000,EDGE.stk.sc.G10,0.1,0.0996,0.00423508772046105,,,0,0.0996,""
1b,moderate1_n5000,null,,5000,all,5000,EDGE.sym.u.G10,0.01,0.0102,0.00142098275851609,,,0,0.0102,""
1b,moderate1_n5000,null,,5000,all,5000,EDGE.sym.u.G10,0.05,0.0504,0.00309385972532693,,,0,0.0504,""
1b,moderate1_n5000,null,,5000,all,5000,EDGE.sym.u.G10,0.1,0.1028,0.00429493096568501,,,0,0.1028,""
1b,moderate1_n5000,null,,5000,all,5000,EDGE.sym.sc.G10,0.01,0.0082,0.00127536347760158,,,0,0.0082,""
1b,moderate1_n5000,null,,5000,all,5000,EDGE.sym.sc.G10,0.05,0.0476,0.00301112072159188,,,0,0.0476,""
1b,moderate1_n5000,null,,5000,all,5000,EDGE.sym.sc.G10,0.1,0.1016,0.00427264414619331,,,0,0.1016,""
1b,moderate1_n5000,null,,5000,all,5000,EDGE.poly3.u.Grule,0.01,0.0106,0.00144828450243728,,,0,0.0106,""
1b,moderate1_n5000,null,,5000,all,5000,EDGE.poly3.u.Grule,0.05,0.0484,0.00303504332753257,,,0,0.0484,""
1b,moderate1_n5000,null,,5000,all,5000,EDGE.poly3.u.Grule,0.1,0.0996,0.00423508772046105,,,0,0.0996,""
1b,moderate1_n5000,null,,5000,all,5000,EDGE.poly3.sc.Grule,0.01,0.0136,0.00163798901095215,,,0,0.0136,""
1b,moderate1_n5000,null,,5000,all,5000,EDGE.poly3.sc.Grule,0.05,0.0524,0.00315132480077824,,,0,0.0524,""
1b,moderate1_n5000,null,,5000,all,5000,EDGE.poly3.sc.Grule,0.1,0.0998,0.00423886682970815,,,0,0.0998,""
1b,moderate1_n5000,null,,5000,all,5000,EDGE.poly2.u.Grule,0.01,0.0094,0.00136467138901642,,,0,0.0094,""
1b,moderate1_n5000,null,,5000,all,5000,EDGE.poly2.u.Grule,0.05,0.0502,0.00308804015517933,,,0,0.0502,""
1b,moderate1_n5000,null,,5000,all,5000,EDGE.poly2.u.Grule,0.1,0.1028,0.00429493096568501,,,0,0.1028,""
1b,moderate1_n5000,null,,5000,all,5000,EDGE.poly2.sc.Grule,0.01,0.0116,0.00151429455523026,,,0,0.0116,""
1b,moderate1_n5000,null,,5000,all,5000,EDGE.poly2.sc.Grule,0.05,0.0512,0.0031170036894428,,,0,0.0512,""
1b,moderate1_n5000,null,,5000,all,5000,EDGE.poly2.sc.Grule,0.1,0.1058,0.00434985884828462,,,0,0.1058,""
1b,moderate1_n5000,null,,5000,all,5000,EDGE.stk.u.Grule,0.01,0.0114,0.00150133540556399,,,0,0.0114,""
1b,moderate1_n5000,null,,5000,all,5000,EDGE.stk.u.Grule,0.05,0.052,0.00313993630508646,,,0,0.052,""
1b,moderate1_n5000,null,,5000,all,5000,EDGE.stk.u.Grule,0.1,0.0998,0.00423886682970815,,,0,0.0998,""
1b,moderate1_n5000,null,,5000,all,5000,EDGE.stk.sc.Grule,0.01,0.0172,0.00183870389133215,,,0,0.0172,""
1b,moderate1_n5000,null,,5000,all,5000,EDGE.stk.sc.Grule,0.05,0.0538,0.00319078548323136,,,0,0.0538,""
1b,moderate1_n5000,null,,5000,all,5000,EDGE.stk.sc.Grule,0.1,0.0978,0.00420083705944422,,,0,0.0978,""
1b,moderate1_n5000,null,,5000,all,5000,EDGE.sym.u.Grule,0.01,0.0122,0.00155249218999646,,,0,0.0122,""
1b,moderate1_n5000,null,,5000,all,5000,EDGE.sym.u.Grule,0.05,0.0496,0.00307049963361014,,,0,0.0496,""
1b,moderate1_n5000,null,,5000,all,5000,EDGE.sym.u.Grule,0.1,0.0968,0.00418162073842189,,,0,0.0968,""
1b,moderate1_n5000,null,,5000,all,5000,EDGE.sym.sc.Grule,0.01,0.0108,0.00146173595426807,,,0,0.0108,""
1b,moderate1_n5000,null,,5000,all,5000,EDGE.sym.sc.Grule,0.05,0.054,0.00319637294444813,,,0,0.054,""
1b,moderate1_n5000,null,,5000,all,5000,EDGE.sym.sc.Grule,0.1,0.1002,0.00424640930669666,,,0,0.1002,""
1b,moderate1_n5000,null,,5000,all,5000,HL.G10,0.01,0.0106,0.00144828450243728,,,0,0.0106,""
1b,moderate1_n5000,null,,5000,all,5000,HL.G10,0.05,0.047,0.00299302522541993,,,0,0.047,""
1b,moderate1_n5000,null,,5000,all,5000,HL.G10,0.1,0.0962,0.00417002541958679,,,0,0.0962,""
1b,moderate1_n5000,null,,5000,all,5000,HL.Grule,0.01,0.0096,0.00137897353129058,,,0,0.0096,""
1b,moderate1_n5000,null,,5000,all,5000,HL.Grule,0.05,0.0422,0.00284320804725929,,,0,0.0422,""
1b,moderate1_n5000,null,,5000,all,5000,HL.Grule,0.1,0.0944,0.00413493990282809,,,0,0.0944,""
1b,moderate1_n5000,null,,5000,all,5000,HLF.G10,0.01,0.0106,0.00144828450243728,,,0,0.0106,""
1b,moderate1_n5000,null,,5000,all,5000,HLF.G10,0.05,0.0466,0.00298088711627931,,,0,0.0466,""
1b,moderate1_n5000,null,,5000,all,5000,HLF.G10,0.1,0.0964,0.00417389602170442,,,0,0.0964,""
1b,moderate1_n5000,null,,5000,all,5000,HLF.Grule,0.01,0.01,0.00140712472794703,,,0,0.01,""
1b,moderate1_n5000,null,,5000,all,5000,HLF.Grule,0.05,0.0422,0.00284320804725929,,,0,0.0422,""
1b,moderate1_n5000,null,,5000,all,5000,HLF.Grule,0.1,0.0964,0.00417389602170442,,,0,0.0964,""
1b,moderate1_n5000,null,,5000,all,5000,Stk.joint,0.01,0.0124,0.00156500734822556,,,0,0.0124,""
1b,moderate1_n5000,null,,5000,all,5000,Stk.joint,0.05,0.0484,0.00303504332753257,,,0,0.0484,""
1b,moderate1_n5000,null,,5000,all,5000,Stk.joint,0.1,0.1024,0.00428752236145772,,,0,0.1024,""
1b,moderate1_n5000,null,,5000,all,5000,Stk.LR,0.01,0.012,0.00153987012439361,,,0,0.012,""
1b,moderate1_n5000,null,,5000,all,5000,Stk.LR,0.05,0.0468,0.00298696367570816,,,0,0.0468,""
1b,moderate1_n5000,null,,5000,all,5000,Stk.LR,0.1,0.1036,0.0043096876917011,,,0,0.1036,""
1b,moderate1_n5000,null,,5000,all,5000,Stk.sym1,0.01,0.0108,0.00146173595426807,,,0,0.0108,""
1b,moderate1_n5000,null,,5000,all,5000,Stk.sym1,0.05,0.051,0.00311123769583746,,,0,0.051,""
1b,moderate1_n5000,null,,5000,all,5000,Stk.sym1,0.1,0.1006,0.00425393088801405,,,0,0.1006,""
1b,moderate1_n5000,null,,5000,all,5000,Stk.marg,0.01,0.0194,0.00195057119839292,,,0,0.0194,""
1b,moderate1_n5000,null,,5000,all,5000,Stk.marg,0.05,0.0684,0.00356991428468528,,,0,0.0684,""
1b,moderate1_n5000,null,,5000,all,5000,Stk.marg,0.1,0.1164,0.00453543911876237,,,0,0.1164,""
1b,moderate1_n5000,null,,5000,all,5000,GiViTI,0.01,0.009,0.00133558975737312,,,0,0.009,""
1b,moderate1_n5000,null,,5000,all,5000,GiViTI,0.05,0.0556,0.00324063697442339,,,0,0.0556,""
1b,moderate1_n5000,null,,5000,all,5000,GiViTI,0.1,0.1096,0.00441786916963371,,,0,0.1096,""
1b,moderate1_n5000,null,,5000,all,5000,GiViTI.t50,0.01,0.011,0.00147505932084103,,,0,0.011,""
1b,moderate1_n5000,null,,5000,all,5000,GiViTI.t50,0.05,0.0544,0.0032075111847038,,,0,0.0544,""
1b,moderate1_n5000,null,,5000,all,5000,GiViTI.t50,0.1,0.1068,0.00436792307624573,,,0,0.1068,""
1b,moderate1_n5000,null,,5000,all,5000,Cubic.LR,0.01,0.0108,0.00146173595426807,,,0,0.0108,""
1b,moderate1_n5000,null,,5000,all,5000,Cubic.LR,0.05,0.0464,0.00297479545515318,,,0,0.0464,""
1b,moderate1_n5000,null,,5000,all,5000,Cubic.LR,0.1,0.1018,0.00427637135899117,,,0,0.1018,""
1b,moderate1_n5000,null,,5000,all,5000,HL_w,0.01,0.0106,0.00144828450243728,,,0,0.0106,""
1b,moderate1_n5000,null,,5000,all,5000,HL_w,0.05,0.0482,0.00302908435009658,,,0,0.0482,""
1b,moderate1_n5000,null,,5000,all,5000,HL_w,0.1,0.0944,0.00413493990282809,,,0,0.0944,""
1b,moderate1_n5000,null,,5000,all,5000,PH,0.01,0.0054,0.00103642076397571,,,0,0.0054,""
1b,moderate1_n5000,null,,5000,all,5000,PH,0.05,0.029,0.00237314137800511,,,0,0.029,""
1b,moderate1_n5000,null,,5000,all,5000,PH,0.1,0.0654,0.00349636496950762,,,0,0.0654,""
1b,moderate1_n5000,null,,5000,all,5000,Tsiatis,0.01,0.011,0.00147505932084103,,,0,0.011,""
1b,moderate1_n5000,null,,5000,all,5000,Tsiatis,0.05,0.049,0.00305283474822991,,,0,0.049,""
1b,moderate1_n5000,null,,5000,all,5000,Tsiatis,0.1,0.0914,0.00407543960818953,,,0,0.0914,""
1b,moderate1_n5000,null,,5000,all,5000,Xie,0.01,0.0092,0.00135021183523179,,,0,0.0092,""
1b,moderate1_n5000,null,,5000,all,5000,Xie,0.05,0.0398,0.00276463234445378,,,0,0.0398,""
1b,moderate1_n5000,null,,5000,all,5000,Xie,0.1,0.074,0.00370199945975145,,,0,0.074,""
1b,moderate1_n5000,null,,5000,all,5000,PR,0.01,0,0,,,1,,no p-value in any replicate
1b,moderate1_n5000,null,,5000,all,5000,PR,0.05,0,0,,,1,,no p-value in any replicate
1b,moderate1_n5000,null,,5000,all,5000,PR,0.1,0,0,,,1,,no p-value in any replicate
1b,runG_null_sparse_n500,null,,500,all,2000,flag.evlt.G10,,0.066,,,,0,,flag rate: share of replicates with the flag = 1
1b,runG_null_sparse_n500,null,,500,all,2000,flag.evlt.Grule,,0.9135,,,,0,,flag rate: share of replicates with the flag = 1
1b,runG_null_sparse_n500,null,,500,all,2000,flag.stk_half0,,0.357,,,,0,,flag rate: share of replicates with the flag = 1
1b,runG_null_sparse_n500,null,,500,all,2000,flag.stk_diag,,0.182,,,,0,,flag rate: share of replicates with the flag = 1
1b,runG_null_sparse_n500,null,,500,all,2000,flag.rivals_run,,1,,,,0,,flag rate: share of replicates with the flag = 1
1b,runG_null_sparse_n500,null,,500,all,2000,flag.degenerate,,0,,,,0,,flag rate: share of replicates with the flag = 1
1b,runG_null_sparse_n500,null,,500,all,2000,flag.info_guard,,0,,,,0,,flag rate: share of replicates with the flag = 1
1b,runG_null_sparse_n500,null,,500,all,2000,flag.rep_error,,0,,,,0,,flag rate: share of replicates with the flag = 1
1b,runG_null_sparse_n500,null,,500,all,2000,EDGE.poly3.u.G10,0.01,0.0105,0.00227922684259378,,,0,0.0105,""
1b,runG_null_sparse_n500,null,,500,all,2000,EDGE.poly3.u.G10,0.05,0.0455,0.00465992220965114,,,0,0.0455,""
1b,runG_null_sparse_n500,null,,500,all,2000,EDGE.poly3.u.G10,0.1,0.096,0.00658726043207645,,,0,0.096,""
1b,runG_null_sparse_n500,null,,500,events<G10,132,EDGE.poly3.u.G10,0.01,0.00757575757575758,0.00754700696890623,,,0,0.00757575757575758,""
1b,runG_null_sparse_n500,null,,500,events<G10,132,EDGE.poly3.u.G10,0.05,0.0227272727272727,0.0129716309930009,,,0,0.0227272727272727,""
1b,runG_null_sparse_n500,null,,500,events<G10,132,EDGE.poly3.u.G10,0.1,0.0681818181818182,0.0219388022537142,,,0,0.0681818181818182,""
1b,runG_null_sparse_n500,null,,500,events>=G10,1868,EDGE.poly3.u.G10,0.01,0.0107066381156317,0.00238122631569068,,,0,0.0107066381156317,""
1b,runG_null_sparse_n500,null,,500,events>=G10,1868,EDGE.poly3.u.G10,0.05,0.0471092077087794,0.00490214360411105,,,0,0.0471092077087794,""
1b,runG_null_sparse_n500,null,,500,events>=G10,1868,EDGE.poly3.u.G10,0.1,0.09796573875803,0.00687796861302583,,,0,0.09796573875803,""
1b,runG_null_sparse_n500,null,,500,events<Grule,1827,EDGE.poly3.u.G10,0.01,0.00930487137383689,0.00224623881248436,,,0,0.00930487137383689,""
1b,runG_null_sparse_n500,null,,500,events<Grule,1827,EDGE.poly3.u.G10,0.05,0.0443349753694581,0.00481567099148393,,,0,0.0443349753694581,""
1b,runG_null_sparse_n500,null,,500,events<Grule,1827,EDGE.poly3.u.G10,0.1,0.0935960591133005,0.00681428667714488,,,0,0.0935960591133005,""
1b,runG_null_sparse_n500,null,,500,events>=Grule,173,EDGE.poly3.u.G10,0.01,0.023121387283237,0.0114262624005852,,,0,0.023121387283237,""
1b,runG_null_sparse_n500,null,,500,events>=Grule,173,EDGE.poly3.u.G10,0.05,0.0578034682080925,0.0177429017429878,,,0,0.0578034682080925,""
1b,runG_null_sparse_n500,null,,500,events>=Grule,173,EDGE.poly3.u.G10,0.1,0.121387283236994,0.0248291748383274,,,0,0.121387283236994,""
1b,runG_null_sparse_n500,null,,500,all,2000,EDGE.poly3.sc.G10,0.01,0.007,0.00186426929385215,,,0,0.007,""
1b,runG_null_sparse_n500,null,,500,all,2000,EDGE.poly3.sc.G10,0.05,0.0455,0.00465992220965114,,,0,0.0455,""
1b,runG_null_sparse_n500,null,,500,all,2000,EDGE.poly3.sc.G10,0.1,0.0975,0.00663301402079025,,,0,0.0975,""
1b,runG_null_sparse_n500,null,,500,events<G10,132,EDGE.poly3.sc.G10,0.01,0.00757575757575758,0.00754700696890623,,,0,0.00757575757575758,""
1b,runG_null_sparse_n500,null,,500,events<G10,132,EDGE.poly3.sc.G10,0.05,0.0303030303030303,0.0149201807247676,,,0,0.0303030303030303,""
1b,runG_null_sparse_n500,null,,500,events<G10,132,EDGE.poly3.sc.G10,0.1,0.0681818181818182,0.0219388022537142,,,0,0.0681818181818182,""
1b,runG_null_sparse_n500,null,,500,events>=G10,1868,EDGE.poly3.sc.G10,0.01,0.0069593147751606,0.00192343859101206,,,0,0.0069593147751606,""
1b,runG_null_sparse_n500,null,,500,events>=G10,1868,EDGE.poly3.sc.G10,0.05,0.0465738758029979,0.00487557990267943,,,0,0.0465738758029979,""
1b,runG_null_sparse_n500,null,,500,events>=G10,1868,EDGE.poly3.sc.G10,0.1,0.0995717344753747,0.00692794067344744,,,0,0.0995717344753747,""
1b,runG_null_sparse_n500,null,,500,events<Grule,1827,EDGE.poly3.sc.G10,0.01,0.00656814449917898,0.00188982294097367,,,0,0.00656814449917898,""
1b,runG_null_sparse_n500,null,,500,events<Grule,1827,EDGE.poly3.sc.G10,0.05,0.0454296661193213,0.00487196843022579,,,0,0.0454296661193213,""
1b,runG_null_sparse_n500,null,,500,events<Grule,1827,EDGE.poly3.sc.G10,0.1,0.09688013136289,0.00692023406963548,,,0,0.09688013136289,""
1b,runG_null_sparse_n500,null,,500,events>=Grule,173,EDGE.poly3.sc.G10,0.01,0.0115606936416185,0.00812725522428059,,,0,0.0115606936416185,""
1b,runG_null_sparse_n500,null,,500,events>=Grule,173,EDGE.poly3.sc.G10,0.05,0.046242774566474,0.0159667972629889,,,0,0.046242774566474,""
1b,runG_null_sparse_n500,null,,500,events>=Grule,173,EDGE.poly3.sc.G10,0.1,0.104046242774566,0.0232130895577342,,,0,0.104046242774566,""
1b,runG_null_sparse_n500,null,,500,all,2000,EDGE.poly2.u.G10,0.01,0.0155,0.00276222283677476,,,0,0.0155,""
1b,runG_null_sparse_n500,null,,500,all,2000,EDGE.poly2.u.G10,0.05,0.056,0.00514120608417908,,,0,0.056,""
1b,runG_null_sparse_n500,null,,500,all,2000,EDGE.poly2.u.G10,0.1,0.1,0.00670820393249937,,,0,0.1,""
1b,runG_null_sparse_n500,null,,500,events<G10,132,EDGE.poly2.u.G10,0.01,0.00757575757575758,0.00754700696890623,,,0,0.00757575757575758,""
1b,runG_null_sparse_n500,null,,500,events<G10,132,EDGE.poly2.u.G10,0.05,0.0606060606060606,0.0207680126315861,,,0,0.0606060606060606,""
1b,runG_null_sparse_n500,null,,500,events<G10,132,EDGE.poly2.u.G10,0.1,0.106060606060606,0.0268005757941683,,,0,0.106060606060606,""
1b,runG_null_sparse_n500,null,,500,events>=G10,1868,EDGE.poly2.u.G10,0.01,0.0160599571734475,0.00290849333581734,,,0,0.0160599571734475,""
1b,runG_null_sparse_n500,null,,500,events>=G10,1868,EDGE.poly2.u.G10,0.05,0.0556745182012848,0.005305186455921,,,0,0.0556745182012848,""
1b,runG_null_sparse_n500,null,,500,events>=G10,1868,EDGE.poly2.u.G10,0.1,0.0995717344753747,0.00692794067344744,,,0,0.0995717344753747,""
1b,runG_null_sparse_n500,null,,500,events<Grule,1827,EDGE.poly2.u.G10,0.01,0.0142309797482211,0.00277099479089345,,,0,0.0142309797482211,""
1b,runG_null_sparse_n500,null,,500,events<Grule,1827,EDGE.poly2.u.G10,0.05,0.0547345374931582,0.00532155245951803,,,0,0.0547345374931582,""
1b,runG_null_sparse_n500,null,,500,events<Grule,1827,EDGE.poly2.u.G10,0.1,0.0996168582375479,0.00700665645636721,,,0,0.0996168582375479,""
1b,runG_null_sparse_n500,null,,500,events>=Grule,173,EDGE.poly2.u.G10,0.01,0.0289017341040462,0.0127370979421307,,,0,0.0289017341040462,""
1b,runG_null_sparse_n500,null,,500,events>=Grule,173,EDGE.poly2.u.G10,0.05,0.069364161849711,0.0193167654427724,,,0,0.069364161849711,""
1b,runG_null_sparse_n500,null,,500,events>=Grule,173,EDGE.poly2.u.G10,0.1,0.104046242774566,0.0232130895577342,,,0,0.104046242774566,""
1b,runG_null_sparse_n500,null,,500,all,2000,EDGE.poly2.sc.G10,0.01,0.0115,0.0023840878758972,,,0,0.0115,""
1b,runG_null_sparse_n500,null,,500,all,2000,EDGE.poly2.sc.G10,0.05,0.0515,0.00494205169944629,,,0,0.0515,""
1b,runG_null_sparse_n500,null,,500,all,2000,EDGE.poly2.sc.G10,0.1,0.103,0.00679672715356443,,,0,0.103,""
1b,runG_null_sparse_n500,null,,500,events<G10,132,EDGE.poly2.sc.G10,0.01,0.00757575757575758,0.00754700696890623,,,0,0.00757575757575758,""
1b,runG_null_sparse_n500,null,,500,events<G10,132,EDGE.poly2.sc.G10,0.05,0.0454545454545455,0.0181300917094879,,,0,0.0454545454545455,""
1b,runG_null_sparse_n500,null,,500,events<G10,132,EDGE.poly2.sc.G10,0.1,0.0909090909090909,0.0250219037528718,,,0,0.0909090909090909,""
1b,runG_null_sparse_n500,null,,500,events>=G10,1868,EDGE.poly2.sc.G10,0.01,0.0117773019271949,0.00249609942889815,,,0,0.0117773019271949,""
1b,runG_null_sparse_n500,null,,500,events>=G10,1868,EDGE.poly2.sc.G10,0.05,0.0519271948608137,0.00513369236193312,,,0,0.0519271948608137,""
1b,runG_null_sparse_n500,null,,500,events>=G10,1868,EDGE.poly2.sc.G10,0.1,0.103854389721627,0.00705851405711001,,,0,0.103854389721627,""
1b,runG_null_sparse_n500,null,,500,events<Grule,1827,EDGE.poly2.sc.G10,0.01,0.0109469074986316,0.00243436812633587,,,0,0.0109469074986316,""
1b,runG_null_sparse_n500,null,,500,events<Grule,1827,EDGE.poly2.sc.G10,0.05,0.0519978106185003,0.005194310722352,,,0,0.0519978106185003,""
1b,runG_null_sparse_n500,null,,500,events<Grule,1827,EDGE.poly2.sc.G10,0.1,0.101806239737274,0.00707461713461867,,,0,0.101806239737274,""
1b,runG_null_sparse_n500,null,,500,events>=Grule,173,EDGE.poly2.sc.G10,0.01,0.0173410404624277,0.00992466675904446,,,0,0.0173410404624277,""
1b,runG_null_sparse_n500,null,,500,events>=Grule,173,EDGE.poly2.sc.G10,0.05,0.046242774566474,0.0159667972629889,,,0,0.046242774566474,""
1b,runG_null_sparse_n500,null,,500,events>=Grule,173,EDGE.poly2.sc.G10,0.1,0.115606936416185,0.0243103694268206,,,0,0.115606936416185,""
1b,runG_null_sparse_n500,null,,500,all,2000,EDGE.stk.u.G10,0.01,0.014,0.00262716577322407,,,0,0.014,""
1b,runG_null_sparse_n500,null,,500,all,2000,EDGE.stk.u.G10,0.05,0.05,0.00487339717240448,,,0,0.05,""
1b,runG_null_sparse_n500,null,,500,all,2000,EDGE.stk.u.G10,0.1,0.095,0.0065564853389602,,,0,0.095,""
1b,runG_null_sparse_n500,null,,500,events<G10,132,EDGE.stk.u.G10,0.01,0.00757575757575758,0.00754700696890623,,,0,0.00757575757575758,""
1b,runG_null_sparse_n500,null,,500,events<G10,132,EDGE.stk.u.G10,0.05,0.0454545454545455,0.0181300917094879,,,0,0.0454545454545455,""
1b,runG_null_sparse_n500,null,,500,events<G10,132,EDGE.stk.u.G10,0.1,0.0833333333333333,0.0240562612162344,,,0,0.0833333333333333,""
1b,runG_null_sparse_n500,null,,500,events>=G10,1868,EDGE.stk.u.G10,0.01,0.0144539614561028,0.00276148995936595,,,0,0.0144539614561028,""
1b,runG_null_sparse_n500,null,,500,events>=G10,1868,EDGE.stk.u.G10,0.05,0.050321199143469,0.00505796042191659,,,0,0.050321199143469,""
1b,runG_null_sparse_n500,null,,500,events>=G10,1868,EDGE.stk.u.G10,0.1,0.0958244111349036,0.00681045350635971,,,0,0.0958244111349036,""
1b,runG_null_sparse_n500,null,,500,events<Grule,1827,EDGE.stk.u.G10,0.01,0.0125889436234264,0.0026084010333285,,,0,0.0125889436234264,""
1b,runG_null_sparse_n500,null,,500,events<Grule,1827,EDGE.stk.u.G10,0.05,0.0476190476190476,0.00498226048074877,,,0,0.0476190476190476,""
1b,runG_null_sparse_n500,null,,500,events<Grule,1827,EDGE.stk.u.G10,0.1,0.0925013683634373,0.00677840938010666,,,0,0.0925013683634373,""
1b,runG_null_sparse_n500,null,,500,events>=Grule,173,EDGE.stk.u.G10,0.01,0.0289017341040462,0.0127370979421307,,,0,0.0289017341040462,""
1b,runG_null_sparse_n500,null,,500,events>=Grule,173,EDGE.stk.u.G10,0.05,0.0751445086705202,0.0200429901382792,,,0,0.0751445086705202,""
1b,runG_null_sparse_n500,null,,500,events>=Grule,173,EDGE.stk.u.G10,0.1,0.121387283236994,0.0248291748383274,,,0,0.121387283236994,""
1b,runG_null_sparse_n500,null,,500,all,2000,EDGE.stk.sc.G10,0.01,0.0095,0.00216907238237916,,,0,0.0095,""
1b,runG_null_sparse_n500,null,,500,all,2000,EDGE.stk.sc.G10,0.05,0.053,0.0050095408971282,,,0,0.053,""
1b,runG_null_sparse_n500,null,,500,all,2000,EDGE.stk.sc.G10,0.1,0.109,0.00696846468025777,,,0,0.109,""
1b,runG_null_sparse_n500,null,,500,events<G10,132,EDGE.stk.sc.G10,0.01,0.00757575757575758,0.00754700696890623,,,0,0.00757575757575758,""
1b,runG_null_sparse_n500,null,,500,events<G10,132,EDGE.stk.sc.G10,0.05,0.0454545454545455,0.0181300917094879,,,0,0.0454545454545455,""
1b,runG_null_sparse_n500,null,,500,events<G10,132,EDGE.stk.sc.G10,0.1,0.121212121212121,0.0284071777745785,,,0,0.121212121212121,""
1b,runG_null_sparse_n500,null,,500,events>=G10,1868,EDGE.stk.sc.G10,0.01,0.00963597430406852,0.00226025172264541,,,0,0.00963597430406852,""
1b,runG_null_sparse_n500,null,,500,events>=G10,1868,EDGE.stk.sc.G10,0.05,0.0535331905781585,0.00520805812413297,,,0,0.0535331905781585,""
1b,runG_null_sparse_n500,null,,500,events>=G10,1868,EDGE.stk.sc.G10,0.1,0.10813704496788,0.00718534913720261,,,0,0.10813704496788,""
1b,runG_null_sparse_n500,null,,500,events<Grule,1827,EDGE.stk.sc.G10,0.01,0.00875752599890531,0.0021797736354864,,,0,0.00875752599890531,""
1b,runG_null_sparse_n500,null,,500,events<Grule,1827,EDGE.stk.sc.G10,0.05,0.0519978106185003,0.005194310722352,,,0,0.0519978106185003,""
1b,runG_null_sparse_n500,null,,500,events<Grule,1827,EDGE.stk.sc.G10,0.1,0.107827038861522,0.00725636457143546,,,0,0.107827038861522,""
1b,runG_null_sparse_n500,null,,500,events>=Grule,173,EDGE.stk.sc.G10,0.01,0.0173410404624277,0.00992466675904446,,,0,0.0173410404624277,""
1b,runG_null_sparse_n500,null,,500,events>=Grule,173,EDGE.stk.sc.G10,0.05,0.0635838150289017,0.0185517419675478,,,0,0.0635838150289017,""
1b,runG_null_sparse_n500,null,,500,events>=Grule,173,EDGE.stk.sc.G10,0.1,0.121387283236994,0.0248291748383274,,,0,0.121387283236994,""
1b,runG_null_sparse_n500,null,,500,all,2000,EDGE.sym.u.G10,0.01,0.0105,0.00227922684259378,,,0,0.0105,""
1b,runG_null_sparse_n500,null,,500,all,2000,EDGE.sym.u.G10,0.05,0.0535,0.00503178646208283,,,0,0.0535,""
1b,runG_null_sparse_n500,null,,500,all,2000,EDGE.sym.u.G10,0.1,0.1065,0.00689774419647467,,,0,0.1065,""
1b,runG_null_sparse_n500,null,,500,events<G10,132,EDGE.sym.u.G10,0.01,0.0151515151515152,0.0106322646252612,,,0,0.0151515151515152,""
1b,runG_null_sparse_n500,null,,500,events<G10,132,EDGE.sym.u.G10,0.05,0.0378787878787879,0.0166159801933263,,,0,0.0378787878787879,""
1b,runG_null_sparse_n500,null,,500,events<G10,132,EDGE.sym.u.G10,0.1,0.0984848484848485,0.0259348810256843,,,0,0.0984848484848485,""
1b,runG_null_sparse_n500,null,,500,events>=G10,1868,EDGE.sym.u.G10,0.01,0.0101713062098501,0.00232156019169883,,,0,0.0101713062098501,""
1b,runG_null_sparse_n500,null,,500,events>=G10,1868,EDGE.sym.u.G10,0.05,0.0546038543897216,0.00525690498681702,,,0,0.0546038543897216,""
1b,runG_null_sparse_n500,null,,500,events>=G10,1868,EDGE.sym.u.G10,0.1,0.107066381156317,0.00715397985933991,,,0,0.107066381156317,""
1b,runG_null_sparse_n500,null,,500,events<Grule,1827,EDGE.sym.u.G10,0.01,0.00985221674876847,0.00231072208376243,,,0,0.00985221674876847,""
1b,runG_null_sparse_n500,null,,500,events<Grule,1827,EDGE.sym.u.G10,0.05,0.0514504652435687,0.00516839130439141,,,0,0.0514504652435687,""
1b,runG_null_sparse_n500,null,,500,events<Grule,1827,EDGE.sym.u.G10,0.1,0.10727969348659,0.00724014385257835,,,0,0.10727969348659,""
1b,runG_null_sparse_n500,null,,500,events>=Grule,173,EDGE.sym.u.G10,0.01,0.0173410404624277,0.00992466675904446,,,0,0.0173410404624277,""
1b,runG_null_sparse_n500,null,,500,events>=Grule,173,EDGE.sym.u.G10,0.05,0.0751445086705202,0.0200429901382792,,,0,0.0751445086705202,""
1b,runG_null_sparse_n500,null,,500,events>=Grule,173,EDGE.sym.u.G10,0.1,0.0982658959537572,0.0226317222819216,,,0,0.0982658959537572,""
1b,runG_null_sparse_n500,null,,500,all,2000,EDGE.sym.sc.G10,0.01,0.011,0.00233227356885937,,,0,0.011,""
1b,runG_null_sparse_n500,null,,500,all,2000,EDGE.sym.sc.G10,0.05,0.0525,0.00498717104178311,,,0,0.0525,""
1b,runG_null_sparse_n500,null,,500,all,2000,EDGE.sym.sc.G10,0.1,0.1055,0.00686912476229687,,,0,0.1055,""
1b,runG_null_sparse_n500,null,,500,events<G10,132,EDGE.sym.sc.G10,0.01,0.00757575757575758,0.00754700696890623,,,0,0.00757575757575758,""
1b,runG_null_sparse_n500,null,,500,events<G10,132,EDGE.sym.sc.G10,0.05,0.0606060606060606,0.0207680126315861,,,0,0.0606060606060606,""
1b,runG_null_sparse_n500,null,,500,events<G10,132,EDGE.sym.sc.G10,0.1,0.106060606060606,0.0268005757941683,,,0,0.106060606060606,""
1b,runG_null_sparse_n500,null,,500,events>=G10,1868,EDGE.sym.sc.G10,0.01,0.0112419700214133,0.00243937061109885,,,0,0.0112419700214133,""
1b,runG_null_sparse_n500,null,,500,events>=G10,1868,EDGE.sym.sc.G10,0.05,0.0519271948608137,0.00513369236193312,,,0,0.0519271948608137,""
1b,runG_null_sparse_n500,null,,500,events>=G10,1868,EDGE.sym.sc.G10,0.1,0.105460385438972,0.00710650441504751,,,0,0.105460385438972,""
1b,runG_null_sparse_n500,null,,500,events<Grule,1827,EDGE.sym.sc.G10,0.01,0.0103995621237001,0.00237338499594784,,,0,0.0103995621237001,""
1b,runG_null_sparse_n500,null,,500,events<Grule,1827,EDGE.sym.sc.G10,0.05,0.0530925013683634,0.0052456715895284,,,0,0.0530925013683634,""
1b,runG_null_sparse_n500,null,,500,events<Grule,1827,EDGE.sym.sc.G10,0.1,0.106185002736727,0.00720752464898296,,,0,0.106185002736727,""
1b,runG_null_sparse_n500,null,,500,events>=Grule,173,EDGE.sym.sc.G10,0.01,0.0173410404624277,0.00992466675904446,,,0,0.0173410404624277,""
1b,runG_null_sparse_n500,null,,500,events>=Grule,173,EDGE.sym.sc.G10,0.05,0.046242774566474,0.0159667972629889,,,0,0.046242774566474,""
1b,runG_null_sparse_n500,null,,500,events>=Grule,173,EDGE.sym.sc.G10,0.1,0.0982658959537572,0.0226317222819216,,,0,0.0982658959537572,""
1b,runG_null_sparse_n500,null,,500,all,2000,EDGE.poly3.u.Grule,0.01,0.0105,0.00227922684259378,,,0,0.0105,""
1b,runG_null_sparse_n500,null,,500,all,2000,EDGE.poly3.u.Grule,0.05,0.052,0.00496467521596328,,,0,0.052,""
1b,runG_null_sparse_n500,null,,500,all,2000,EDGE.poly3.u.Grule,0.1,0.106,0.00688345843308435,,,0,0.106,""
1b,runG_null_sparse_n500,null,,500,events<G10,132,EDGE.poly3.u.Grule,0.01,0,0,,,0,0,""
1b,runG_null_sparse_n500,null,,500,events<G10,132,EDGE.poly3.u.Grule,0.05,0.0378787878787879,0.0166159801933263,,,0,0.0378787878787879,""
1b,runG_null_sparse_n500,null,,500,events<G10,132,EDGE.poly3.u.Grule,0.1,0.113636363636364,0.0276234337957044,,,0,0.113636363636364,""
1b,runG_null_sparse_n500,null,,500,events>=G10,1868,EDGE.poly3.u.Grule,0.01,0.0112419700214133,0.00243937061109885,,,0,0.0112419700214133,""
1b,runG_null_sparse_n500,null,,500,events>=G10,1868,EDGE.poly3.u.Grule,0.05,0.0529978586723769,0.005183417682346,,,0,0.0529978586723769,""
1b,runG_null_sparse_n500,null,,500,events>=G10,1868,EDGE.poly3.u.Grule,0.1,0.105460385438972,0.00710650441504751,,,0,0.105460385438972,""
1b,runG_null_sparse_n500,null,,500,events<Grule,1827,EDGE.poly3.u.Grule,0.01,0.0103995621237001,0.00237338499594784,,,0,0.0103995621237001,""
1b,runG_null_sparse_n500,null,,500,events<Grule,1827,EDGE.poly3.u.Grule,0.05,0.0503557744937055,0.00511606239211607,,,0,0.0503557744937055,""
1b,runG_null_sparse_n500,null,,500,events<Grule,1827,EDGE.poly3.u.Grule,0.1,0.103448275862069,0.00712492061366904,,,0,0.103448275862069,""
1b,runG_null_sparse_n500,null,,500,events>=Grule,173,EDGE.poly3.u.Grule,0.01,0.0115606936416185,0.00812725522428059,,,0,0.0115606936416185,""
1b,runG_null_sparse_n500,null,,500,events>=Grule,173,EDGE.poly3.u.Grule,0.05,0.069364161849711,0.0193167654427724,,,0,0.069364161849711,""
1b,runG_null_sparse_n500,null,,500,events>=Grule,173,EDGE.poly3.u.Grule,0.1,0.132947976878613,0.0258131136098318,,,0,0.132947976878613,""
1b,runG_null_sparse_n500,null,,500,all,2000,EDGE.poly3.sc.Grule,0.01,0.011,0.00233227356885937,,,0,0.011,""
1b,runG_null_sparse_n500,null,,500,all,2000,EDGE.poly3.sc.Grule,0.05,0.0565,0.00516273909857936,,,0,0.0565,""
1b,runG_null_sparse_n500,null,,500,all,2000,EDGE.poly3.sc.Grule,0.1,0.1025,0.00678209960115597,,,0,0.1025,""
1b,runG_null_sparse_n500,null,,500,events<G10,132,EDGE.poly3.sc.Grule,0.01,0.00757575757575758,0.00754700696890623,,,0,0.00757575757575758,""
1b,runG_null_sparse_n500,null,,500,events<G10,132,EDGE.poly3.sc.Grule,0.05,0.0681818181818182,0.0219388022537142,,,0,0.0681818181818182,""
1b,runG_null_sparse_n500,null,,500,events<G10,132,EDGE.poly3.sc.Grule,0.1,0.0984848484848485,0.0259348810256843,,,0,0.0984848484848485,""
1b,runG_null_sparse_n500,null,,500,events>=G10,1868,EDGE.poly3.sc.Grule,0.01,0.0112419700214133,0.00243937061109885,,,0,0.0112419700214133,""
1b,runG_null_sparse_n500,null,,500,events>=G10,1868,EDGE.poly3.sc.Grule,0.05,0.0556745182012848,0.005305186455921,,,0,0.0556745182012848,""
1b,runG_null_sparse_n500,null,,500,events>=G10,1868,EDGE.poly3.sc.Grule,0.1,0.102783725910064,0.00702622921638122,,,0,0.102783725910064,""
1b,runG_null_sparse_n500,null,,500,events<Grule,1827,EDGE.poly3.sc.Grule,0.01,0.00985221674876847,0.00231072208376243,,,0,0.00985221674876847,""
1b,runG_null_sparse_n500,null,,500,events<Grule,1827,EDGE.poly3.sc.Grule,0.05,0.0563765736179529,0.00539609295119717,,,0,0.0563765736179529,""
1b,runG_null_sparse_n500,null,,500,events<Grule,1827,EDGE.poly3.sc.Grule,0.1,0.102353585112206,0.0070914477322849,,,0,0.102353585112206,""
1b,runG_null_sparse_n500,null,,500,events>=Grule,173,EDGE.poly3.sc.Grule,0.01,0.023121387283237,0.0114262624005852,,,0,0.023121387283237,""
1b,runG_null_sparse_n500,null,,500,events>=Grule,173,EDGE.poly3.sc.Grule,0.05,0.0578034682080925,0.0177429017429878,,,0,0.0578034682080925,""
1b,runG_null_sparse_n500,null,,500,events>=Grule,173,EDGE.poly3.sc.Grule,0.1,0.104046242774566,0.0232130895577342,,,0,0.104046242774566,""
1b,runG_null_sparse_n500,null,,500,all,2000,EDGE.poly2.u.Grule,0.01,0.01,0.0022248595461287,,,0,0.01,""
1b,runG_null_sparse_n500,null,,500,all,2000,EDGE.poly2.u.Grule,0.05,0.05,0.00487339717240448,,,0,0.05,""
1b,runG_null_sparse_n500,null,,500,all,2000,EDGE.poly2.u.Grule,0.1,0.1105,0.00701034057660539,,,0,0.1105,""
1b,runG_null_sparse_n500,null,,500,events<G10,132,EDGE.poly2.u.Grule,0.01,0,0,,,0,0,""
1b,runG_null_sparse_n500,null,,500,events<G10,132,EDGE.poly2.u.Grule,0.05,0.0454545454545455,0.0181300917094879,,,0,0.0454545454545455,""
1b,runG_null_sparse_n500,null,,500,events<G10,132,EDGE.poly2.u.Grule,0.1,0.113636363636364,0.0276234337957044,,,0,0.113636363636364,""
1b,runG_null_sparse_n500,null,,500,events>=G10,1868,EDGE.poly2.u.Grule,0.01,0.0107066381156317,0.00238122631569068,,,0,0.0107066381156317,""
1b,runG_null_sparse_n500,null,,500,events>=G10,1868,EDGE.poly2.u.Grule,0.05,0.050321199143469,0.00505796042191659,,,0,0.050321199143469,""
1b,runG_null_sparse_n500,null,,500,events>=G10,1868,EDGE.poly2.u.Grule,0.1,0.110278372591006,0.00724742637365759,,,0,0.110278372591006,""
1b,runG_null_sparse_n500,null,,500,events<Grule,1827,EDGE.poly2.u.Grule,0.01,0.00985221674876847,0.00231072208376243,,,0,0.00985221674876847,""
1b,runG_null_sparse_n500,null,,500,events<Grule,1827,EDGE.poly2.u.Grule,0.05,0.0487137383689108,0.0050363055233026,,,0,0.0487137383689108,""
1b,runG_null_sparse_n500,null,,500,events<Grule,1827,EDGE.poly2.u.Grule,0.1,0.110016420361248,0.00732066406776553,,,0,0.110016420361248,""
1b,runG_null_sparse_n500,null,,500,events>=Grule,173,EDGE.poly2.u.Grule,0.01,0.0115606936416185,0.00812725522428059,,,0,0.0115606936416185,""
1b,runG_null_sparse_n500,null,,500,events>=Grule,173,EDGE.poly2.u.Grule,0.05,0.0635838150289017,0.0185517419675478,,,0,0.0635838150289017,""
1b,runG_null_sparse_n500,null,,500,events>=Grule,173,EDGE.poly2.u.Grule,0.1,0.115606936416185,0.0243103694268206,,,0,0.115606936416185,""
1b,runG_null_sparse_n500,null,,500,all,2000,EDGE.poly2.sc.Grule,0.01,0.0125,0.00248432586429397,,,0,0.0125,""
1b,runG_null_sparse_n500,null,,500,all,2000,EDGE.poly2.sc.Grule,0.05,0.044,0.00458606585212206,,,0,0.044,""
1b,runG_null_sparse_n500,null,,500,all,2000,EDGE.poly2.sc.Grule,0.1,0.0995,0.00669327087454258,,,0,0.0995,""
1b,runG_null_sparse_n500,null,,500,events<G10,132,EDGE.poly2.sc.Grule,0.01,0,0,,,0,0,""
1b,runG_null_sparse_n500,null,,500,events<G10,132,EDGE.poly2.sc.Grule,0.05,0.0454545454545455,0.0181300917094879,,,0,0.0454545454545455,""
1b,runG_null_sparse_n500,null,,500,events<G10,132,EDGE.poly2.sc.Grule,0.1,0.121212121212121,0.0284071777745785,,,0,0.121212121212121,""
1b,runG_null_sparse_n500,null,,500,events>=G10,1868,EDGE.poly2.sc.Grule,0.01,0.0133832976445396,0.0026586879309712,,,0,0.0133832976445396,""
1b,runG_null_sparse_n500,null,,500,events>=G10,1868,EDGE.poly2.sc.Grule,0.05,0.0438972162740899,0.00474004370035804,,,0,0.0438972162740899,""
1b,runG_null_sparse_n500,null,,500,events>=G10,1868,EDGE.poly2.sc.Grule,0.1,0.09796573875803,0.00687796861302583,,,0,0.09796573875803,""
1b,runG_null_sparse_n500,null,,500,events<Grule,1827,EDGE.poly2.sc.Grule,0.01,0.0114942528735632,0.00249379470987015,,,0,0.0114942528735632,""
1b,runG_null_sparse_n500,null,,500,events<Grule,1827,EDGE.poly2.sc.Grule,0.05,0.0437876299945266,0.00478722263135542,,,0,0.0437876299945266,""
1b,runG_null_sparse_n500,null,,500,events<Grule,1827,EDGE.poly2.sc.Grule,0.1,0.100164203612479,0.0070237432937241,,,0,0.100164203612479,""
1b,runG_null_sparse_n500,null,,500,events>=Grule,173,EDGE.poly2.sc.Grule,0.01,0.023121387283237,0.0114262624005852,,,0,0.023121387283237,""
1b,runG_null_sparse_n500,null,,500,events>=Grule,173,EDGE.poly2.sc.Grule,0.05,0.046242774566474,0.0159667972629889,,,0,0.046242774566474,""
1b,runG_null_sparse_n500,null,,500,events>=Grule,173,EDGE.poly2.sc.Grule,0.1,0.092485549132948,0.0220262550027943,,,0,0.092485549132948,""
1b,runG_null_sparse_n500,null,,500,all,2000,EDGE.stk.u.Grule,0.01,0.015,0.00271799558498538,,,0,0.015,""
1b,runG_null_sparse_n500,null,,500,all,2000,EDGE.stk.u.Grule,0.05,0.051,0.00491929873051028,,,0,0.051,""
1b,runG_null_sparse_n500,null,,500,all,2000,EDGE.stk.u.Grule,0.1,0.0955,0.00657190041007926,,,0,0.0955,""
1b,runG_null_sparse_n500,null,,500,events<G10,132,EDGE.stk.u.Grule,0.01,0.00757575757575758,0.00754700696890623,,,0,0.00757575757575758,""
1b,runG_null_sparse_n500,null,,500,events<G10,132,EDGE.stk.u.Grule,0.05,0.053030303030303,0.0195048731266832,,,0,0.053030303030303,""
1b,runG_null_sparse_n500,null,,500,events<G10,132,EDGE.stk.u.Grule,0.1,0.0909090909090909,0.0250219037528718,,,0,0.0909090909090909,""
1b,runG_null_sparse_n500,null,,500,events>=G10,1868,EDGE.stk.u.Grule,0.01,0.015524625267666,0.00286038542029875,,,0,0.015524625267666,""
1b,runG_null_sparse_n500,null,,500,events>=G10,1868,EDGE.stk.u.Grule,0.05,0.0508565310492505,0.00508335994592901,,,0,0.0508565310492505,""
1b,runG_null_sparse_n500,null,,500,events>=G10,1868,EDGE.stk.u.Grule,0.1,0.0958244111349036,0.00681045350635971,,,0,0.0958244111349036,""
1b,runG_null_sparse_n500,null,,500,events<Grule,1827,EDGE.stk.u.Grule,0.01,0.0136836343732895,0.00271793819393834,,,0,0.0136836343732895,""
1b,runG_null_sparse_n500,null,,500,events<Grule,1827,EDGE.stk.u.Grule,0.05,0.0498084291187739,0.00508964785911288,,,0,0.0498084291187739,""
1b,runG_null_sparse_n500,null,,500,events<Grule,1827,EDGE.stk.u.Grule,0.1,0.0930487137383689,0.00679638376630196,,,0,0.0930487137383689,""
1b,runG_null_sparse_n500,null,,500,events>=Grule,173,EDGE.stk.u.Grule,0.01,0.0289017341040462,0.0127370979421307,,,0,0.0289017341040462,""
1b,runG_null_sparse_n500,null,,500,events>=Grule,173,EDGE.stk.u.Grule,0.05,0.0635838150289017,0.0185517419675478,,,0,0.0635838150289017,""
1b,runG_null_sparse_n500,null,,500,events>=Grule,173,EDGE.stk.u.Grule,0.1,0.121387283236994,0.0248291748383274,,,0,0.121387283236994,""
1b,runG_null_sparse_n500,null,,500,all,2000,EDGE.stk.sc.Grule,0.01,0.012,0.00243474844696531,,,0,0.012,""
1b,runG_null_sparse_n500,null,,500,all,2000,EDGE.stk.sc.Grule,0.05,0.053,0.0050095408971282,,,0,0.053,""
1b,runG_null_sparse_n500,null,,500,all,2000,EDGE.stk.sc.Grule,0.1,0.1125,0.00706554138053129,,,0,0.1125,""
1b,runG_null_sparse_n500,null,,500,events<G10,132,EDGE.stk.sc.Grule,0.01,0.00757575757575758,0.00754700696890623,,,0,0.00757575757575758,""
1b,runG_null_sparse_n500,null,,500,events<G10,132,EDGE.stk.sc.Grule,0.05,0.0454545454545455,0.0181300917094879,,,0,0.0454545454545455,""
1b,runG_null_sparse_n500,null,,500,events<G10,132,EDGE.stk.sc.Grule,0.1,0.0909090909090909,0.0250219037528718,,,0,0.0909090909090909,""
1b,runG_null_sparse_n500,null,,500,events>=G10,1868,EDGE.stk.sc.Grule,0.01,0.0123126338329764,0.00255150718370467,,,0,0.0123126338329764,""
1b,runG_null_sparse_n500,null,,500,events>=G10,1868,EDGE.stk.sc.Grule,0.05,0.0535331905781585,0.00520805812413297,,,0,0.0535331905781585,""
1b,runG_null_sparse_n500,null,,500,events>=G10,1868,EDGE.stk.sc.Grule,0.1,0.114025695931478,0.00735399775467831,,,0,0.114025695931478,""
1b,runG_null_sparse_n500,null,,500,events<Grule,1827,EDGE.stk.sc.Grule,0.01,0.0103995621237001,0.00237338499594784,,,0,0.0103995621237001,""
1b,runG_null_sparse_n500,null,,500,events<Grule,1827,EDGE.stk.sc.Grule,0.05,0.0503557744937055,0.00511606239211607,,,0,0.0503557744937055,""
1b,runG_null_sparse_n500,null,,500,events<Grule,1827,EDGE.stk.sc.Grule,0.1,0.11056376573618,0.00733659501439616,,,0,0.11056376573618,""
1b,runG_null_sparse_n500,null,,500,events>=Grule,173,EDGE.stk.sc.Grule,0.01,0.0289017341040462,0.0127370979421307,,,0,0.0289017341040462,""
1b,runG_null_sparse_n500,null,,500,events>=Grule,173,EDGE.stk.sc.Grule,0.05,0.0809248554913295,0.0207344932314896,,,0,0.0809248554913295,""
1b,runG_null_sparse_n500,null,,500,events>=Grule,173,EDGE.stk.sc.Grule,0.1,0.132947976878613,0.0258131136098318,,,0,0.132947976878613,""
1b,runG_null_sparse_n500,null,,500,all,2000,EDGE.sym.u.Grule,0.01,0.012,0.00243474844696531,,,0,0.012,""
1b,runG_null_sparse_n500,null,,500,all,2000,EDGE.sym.u.Grule,0.05,0.0545,0.00507591124823908,,,0,0.0545,""
1b,runG_null_sparse_n500,null,,500,all,2000,EDGE.sym.u.Grule,0.1,0.106,0.00688345843308435,,,0,0.106,""
1b,runG_null_sparse_n500,null,,500,events<G10,132,EDGE.sym.u.Grule,0.01,0.0151515151515152,0.0106322646252612,,,0,0.0151515151515152,""
1b,runG_null_sparse_n500,null,,500,events<G10,132,EDGE.sym.u.Grule,0.05,0.0454545454545455,0.0181300917094879,,,0,0.0454545454545455,""
1b,runG_null_sparse_n500,null,,500,events<G10,132,EDGE.sym.u.Grule,0.1,0.0909090909090909,0.0250219037528718,,,0,0.0909090909090909,""
1b,runG_null_sparse_n500,null,,500,events>=G10,1868,EDGE.sym.u.Grule,0.01,0.0117773019271949,0.00249609942889815,,,0,0.0117773019271949,""
1b,runG_null_sparse_n500,null,,500,events>=G10,1868,EDGE.sym.u.Grule,0.05,0.0551391862955032,0.00528111542212492,,,0,0.0551391862955032,""
1b,runG_null_sparse_n500,null,,500,events>=G10,1868,EDGE.sym.u.Grule,0.1,0.107066381156317,0.00715397985933991,,,0,0.107066381156317,""
1b,runG_null_sparse_n500,null,,500,events<Grule,1827,EDGE.sym.u.Grule,0.01,0.0109469074986316,0.00243436812633587,,,0,0.0109469074986316,""
1b,runG_null_sparse_n500,null,,500,events<Grule,1827,EDGE.sym.u.Grule,0.05,0.053639846743295,0.00527111769599178,,,0,0.053639846743295,""
1b,runG_null_sparse_n500,null,,500,events<Grule,1827,EDGE.sym.u.Grule,0.1,0.105637657361795,0.00719112535789228,,,0,0.105637657361795,""
1b,runG_null_sparse_n500,null,,500,events>=Grule,173,EDGE.sym.u.Grule,0.01,0.023121387283237,0.0114262624005852,,,0,0.023121387283237,""
1b,runG_null_sparse_n500,null,,500,events>=Grule,173,EDGE.sym.u.Grule,0.05,0.0635838150289017,0.0185517419675478,,,0,0.0635838150289017,""
1b,runG_null_sparse_n500,null,,500,events>=Grule,173,EDGE.sym.u.Grule,0.1,0.109826589595376,0.0237721250534363,,,0,0.109826589595376,""
1b,runG_null_sparse_n500,null,,500,all,2000,EDGE.sym.sc.Grule,0.01,0.013,0.00253288373203351,,,0,0.013,""
1b,runG_null_sparse_n500,null,,500,all,2000,EDGE.sym.sc.Grule,0.05,0.057,0.00518415856238985,,,0,0.057,""
1b,runG_null_sparse_n500,null,,500,all,2000,EDGE.sym.sc.Grule,0.1,0.1075,0.00692617318582202,,,0,0.1075,""
1b,runG_null_sparse_n500,null,,500,events<G10,132,EDGE.sym.sc.Grule,0.01,0.00757575757575758,0.00754700696890623,,,0,0.00757575757575758,""
1b,runG_null_sparse_n500,null,,500,events<G10,132,EDGE.sym.sc.Grule,0.05,0.0303030303030303,0.0149201807247676,,,0,0.0303030303030303,""
1b,runG_null_sparse_n500,null,,500,events<G10,132,EDGE.sym.sc.Grule,0.1,0.0757575757575758,0.0230313300239818,,,0,0.0757575757575758,""
1b,runG_null_sparse_n500,null,,500,events>=G10,1868,EDGE.sym.sc.Grule,0.01,0.0133832976445396,0.0026586879309712,,,0,0.0133832976445396,""
1b,runG_null_sparse_n500,null,,500,events>=G10,1868,EDGE.sym.sc.Grule,0.05,0.0588865096359743,0.00544678797647157,,,0,0.0588865096359743,""
1b,runG_null_sparse_n500,null,,500,events>=G10,1868,EDGE.sym.sc.Grule,0.1,0.109743040685225,0.00723198884012679,,,0,0.109743040685225,""
1b,runG_null_sparse_n500,null,,500,events<Grule,1827,EDGE.sym.sc.Grule,0.01,0.0120415982484948,0.00255177349707207,,,0,0.0120415982484948,""
1b,runG_null_sparse_n500,null,,500,events<Grule,1827,EDGE.sym.sc.Grule,0.05,0.0552818828680898,0.00534654543177133,,,0,0.0552818828680898,""
1b,runG_null_sparse_n500,null,,500,events<Grule,1827,EDGE.sym.sc.Grule,0.1,0.10727969348659,0.00724014385257835,,,0,0.10727969348659,""
1b,runG_null_sparse_n500,null,,500,events>=Grule,173,EDGE.sym.sc.Grule,0.01,0.023121387283237,0.0114262624005852,,,0,0.023121387283237,""
1b,runG_null_sparse_n500,null,,500,events>=Grule,173,EDGE.sym.sc.Grule,0.05,0.0751445086705202,0.0200429901382792,,,0,0.0751445086705202,""
1b,runG_null_sparse_n500,null,,500,events>=Grule,173,EDGE.sym.sc.Grule,0.1,0.109826589595376,0.0237721250534363,,,0,0.109826589595376,""
1b,runG_null_sparse_n500,null,,500,all,2000,HL.G10,0.01,0.018,0.002972877394041,,,0,0.018,""
1b,runG_null_sparse_n500,null,,500,all,2000,HL.G10,0.05,0.053,0.0050095408971282,,,0,0.053,""
1b,runG_null_sparse_n500,null,,500,all,2000,HL.G10,0.1,0.1005,0.00672308522926788,,,0,0.1005,""
1b,runG_null_sparse_n500,null,,500,events<G10,132,HL.G10,0.01,0.0454545454545455,0.0181300917094879,,,0,0.0454545454545455,""
1b,runG_null_sparse_n500,null,,500,events<G10,132,HL.G10,0.05,0.0833333333333333,0.0240562612162344,,,0,0.0833333333333333,""
1b,runG_null_sparse_n500,null,,500,events<G10,132,HL.G10,0.1,0.113636363636364,0.0276234337957044,,,0,0.113636363636364,""
1b,runG_null_sparse_n500,null,,500,events>=G10,1868,HL.G10,0.01,0.0160599571734475,0.00290849333581734,,,0,0.0160599571734475,""
1b,runG_null_sparse_n500,null,,500,events>=G10,1868,HL.G10,0.05,0.0508565310492505,0.00508335994592901,,,0,0.0508565310492505,""
1b,runG_null_sparse_n500,null,,500,events>=G10,1868,HL.G10,0.1,0.0995717344753747,0.00692794067344744,,,0,0.0995717344753747,""
1b,runG_null_sparse_n500,null,,500,events<Grule,1827,HL.G10,0.01,0.0180623973727422,0.00311573396244533,,,0,0.0180623973727422,""
1b,runG_null_sparse_n500,null,,500,events<Grule,1827,HL.G10,0.05,0.0530925013683634,0.0052456715895284,,,0,0.0530925013683634,""
1b,runG_null_sparse_n500,null,,500,events<Grule,1827,HL.G10,0.1,0.101806239737274,0.00707461713461867,,,0,0.101806239737274,""
1b,runG_null_sparse_n500,null,,500,events>=Grule,173,HL.G10,0.01,0.0173410404624277,0.00992466675904446,,,0,0.0173410404624277,""
1b,runG_null_sparse_n500,null,,500,events>=Grule,173,HL.G10,0.05,0.0520231213872832,0.0168839487047203,,,0,0.0520231213872832,""
1b,runG_null_sparse_n500,null,,500,events>=Grule,173,HL.G10,0.1,0.0867052023121387,0.0213946417315569,,,0,0.0867052023121387,""
1b,runG_null_sparse_n500,null,,500,all,2000,HL.Grule,0.01,0.026,0.00355837041354607,,,0,0.026,""
1b,runG_null_sparse_n500,null,,500,all,2000,HL.Grule,0.05,0.0645,0.00549271107923947,,,0,0.0645,""
1b,runG_null_sparse_n500,null,,500,all,2000,HL.Grule,0.1,0.1005,0.00672308522926788,,,0,0.1005,""
1b,runG_null_sparse_n500,null,,500,events<G10,132,HL.Grule,0.01,0.053030303030303,0.0195048731266832,,,0,0.053030303030303,""
1b,runG_null_sparse_n500,null,,500,events<G10,132,HL.Grule,0.05,0.128787878787879,0.0291549622920609,,,0,0.128787878787879,""
1b,runG_null_sparse_n500,null,,500,events<G10,132,HL.Grule,0.1,0.159090909090909,0.031835394793105,,,0,0.159090909090909,""
1b,runG_null_sparse_n500,null,,500,events>=G10,1868,HL.Grule,0.01,0.0240899357601713,0.0035475970359931,,,0,0.0240899357601713,""
1b,runG_null_sparse_n500,null,,500,events>=G10,1868,HL.Grule,0.05,0.0599571734475375,0.00549295396436815,,,0,0.0599571734475375,""
1b,runG_null_sparse_n500,null,,500,events>=G10,1868,HL.Grule,0.1,0.0963597430406852,0.00682742858101135,,,0,0.0963597430406852,""
1b,runG_null_sparse_n500,null,,500,events<Grule,1827,HL.Grule,0.01,0.0262725779967159,0.00374197405250101,,,0,0.0262725779967159,""
1b,runG_null_sparse_n500,null,,500,events<Grule,1827,HL.Grule,0.05,0.066776135741653,0.00584028829755032,,,0,0.066776135741653,""
1b,runG_null_sparse_n500,null,,500,events<Grule,1827,HL.Grule,0.1,0.103995621237001,0.00714156378002429,,,0,0.103995621237001,""
1b,runG_null_sparse_n500,null,,500,events>=Grule,173,HL.Grule,0.01,0.023121387283237,0.0114262624005852,,,0,0.023121387283237,""
1b,runG_null_sparse_n500,null,,500,events>=Grule,173,HL.Grule,0.05,0.0404624277456647,0.0149807621696164,,,0,0.0404624277456647,""
1b,runG_null_sparse_n500,null,,500,events>=Grule,173,HL.Grule,0.1,0.0635838150289017,0.0185517419675478,,,0,0.0635838150289017,""
1b,runG_null_sparse_n500,null,,500,all,2000,HLF.G10,0.01,0.0115,0.0023840878758972,,,0,0.0115,""
1b,runG_null_sparse_n500,null,,500,all,2000,HLF.G10,0.05,0.043,0.00453602248671675,,,0,0.043,""
1b,runG_null_sparse_n500,null,,500,all,2000,HLF.G10,0.1,0.084,0.00620258010830977,,,0,0.084,""
1b,runG_null_sparse_n500,null,,500,events<G10,132,HLF.G10,0.01,0.0151515151515152,0.0106322646252612,,,0,0.0151515151515152,""
1b,runG_null_sparse_n500,null,,500,events<G10,132,HLF.G10,0.05,0.0378787878787879,0.0166159801933263,,,0,0.0378787878787879,""
1b,runG_null_sparse_n500,null,,500,events<G10,132,HLF.G10,0.1,0.053030303030303,0.0195048731266832,,,0,0.053030303030303,""
1b,runG_null_sparse_n500,null,,500,events>=G10,1868,HLF.G10,0.01,0.0112419700214133,0.00243937061109885,,,0,0.0112419700214133,""
1b,runG_null_sparse_n500,null,,500,events>=G10,1868,HLF.G10,0.05,0.0433618843683084,0.00471237103449804,,,0,0.0433618843683084,""
1b,runG_null_sparse_n500,null,,500,events>=G10,1868,HLF.G10,0.1,0.0861884368308351,0.00649328388771114,,,0,0.0861884368308351,""
1b,runG_null_sparse_n500,null,,500,events<Grule,1827,HLF.G10,0.01,0.0109469074986316,0.00243436812633587,,,0,0.0109469074986316,""
1b,runG_null_sparse_n500,null,,500,events<Grule,1827,HLF.G10,0.05,0.0426929392446634,0.00472970860675632,,,0,0.0426929392446634,""
1b,runG_null_sparse_n500,null,,500,events<Grule,1827,HLF.G10,0.1,0.0848385331143952,0.0065189277030916,,,0,0.0848385331143952,""
1b,runG_null_sparse_n500,null,,500,events>=Grule,173,HLF.G10,0.01,0.0173410404624277,0.00992466675904446,,,0,0.0173410404624277,""
1b,runG_null_sparse_n500,null,,500,events>=Grule,173,HLF.G10,0.05,0.046242774566474,0.0159667972629889,,,0,0.046242774566474,""
1b,runG_null_sparse_n500,null,,500,events>=Grule,173,HLF.G10,0.1,0.0751445086705202,0.0200429901382792,,,0,0.0751445086705202,""
1b,runG_null_sparse_n500,null,,500,all,2000,HLF.Grule,0.01,0.013,0.00253288373203351,,,0,0.013,""
1b,runG_null_sparse_n500,null,,500,all,2000,HLF.Grule,0.05,0.0405,0.00440793318914886,,,0,0.0405,""
1b,runG_null_sparse_n500,null,,500,all,2000,HLF.Grule,0.1,0.0805,0.0060835741961449,,,0,0.0805,""
1b,runG_null_sparse_n500,null,,500,events<G10,132,HLF.Grule,0.01,0.0303030303030303,0.0149201807247676,,,0,0.0303030303030303,""
1b,runG_null_sparse_n500,null,,500,events<G10,132,HLF.Grule,0.05,0.0454545454545455,0.0181300917094879,,,0,0.0454545454545455,""
1b,runG_null_sparse_n500,null,,500,events<G10,132,HLF.Grule,0.1,0.0833333333333333,0.0240562612162344,,,0,0.0833333333333333,""
1b,runG_null_sparse_n500,null,,500,events>=G10,1868,HLF.Grule,0.01,0.0117773019271949,0.00249609942889815,,,0,0.0117773019271949,""
1b,runG_null_sparse_n500,null,,500,events>=G10,1868,HLF.Grule,0.05,0.0401498929336188,0.00454208721035447,,,0,0.0401498929336188,""
1b,runG_null_sparse_n500,null,,500,events>=G10,1868,HLF.Grule,0.1,0.0802997858672377,0.00628770128931878,,,0,0.0802997858672377,""
1b,runG_null_sparse_n500,null,,500,events<Grule,1827,HLF.Grule,0.01,0.0136836343732895,0.00271793819393834,,,0,0.0136836343732895,""
1b,runG_null_sparse_n500,null,,500,events<Grule,1827,HLF.Grule,0.05,0.0421455938697318,0.00470063538934328,,,0,0.0421455938697318,""
1b,runG_null_sparse_n500,null,,500,events<Grule,1827,HLF.Grule,0.1,0.0815544608648057,0.00640296741114854,,,0,0.0815544608648057,""
1b,runG_null_sparse_n500,null,,500,events>=Grule,173,HLF.Grule,0.01,0.00578034682080925,0.00576361640418313,,,0,0.00578034682080925,""
1b,runG_null_sparse_n500,null,,500,events>=Grule,173,HLF.Grule,0.05,0.023121387283237,0.0114262624005852,,,0,0.023121387283237,""
1b,runG_null_sparse_n500,null,,500,events>=Grule,173,HLF.Grule,0.1,0.069364161849711,0.0193167654427724,,,0,0.069364161849711,""
1b,runG_null_sparse_n500,null,,500,all,2000,Stk.joint,0.01,0.008,0.0019919839356782,,,5e-04,0.0080040020010005,""
1b,runG_null_sparse_n500,null,,500,all,2000,Stk.joint,0.05,0.056,0.00514120608417908,,,5e-04,0.0560280140070035,""
1b,runG_null_sparse_n500,null,,500,all,2000,Stk.joint,0.1,0.109,0.00696846468025777,,,5e-04,0.109054527263632,""
1b,runG_null_sparse_n500,null,,500,events<G10,132,Stk.joint,0.01,0.00757575757575758,0.00754700696890623,,,0,0.00757575757575758,""
1b,runG_null_sparse_n500,null,,500,events<G10,132,Stk.joint,0.05,0.0227272727272727,0.0129716309930009,,,0,0.0227272727272727,""
1b,runG_null_sparse_n500,null,,500,events<G10,132,Stk.joint,0.1,0.106060606060606,0.0268005757941683,,,0,0.106060606060606,""
1b,runG_null_sparse_n500,null,,500,events>=G10,1868,Stk.joint,0.01,0.00802997858672377,0.00206499037315711,,,0.000535331905781585,0.00803427959292983,""
1b,runG_null_sparse_n500,null,,500,events>=G10,1868,Stk.joint,0.05,0.0583511777301927,0.00542351519007422,,,0.000535331905781585,0.0583824317086235,""
1b,runG_null_sparse_n500,null,,500,events>=G10,1868,Stk.joint,0.1,0.109207708779443,0.00721649702381613,,,0.000535331905781585,0.109266202463846,""
1b,runG_null_sparse_n500,null,,500,events<Grule,1827,Stk.joint,0.01,0.00711548987411056,0.00196644813541398,,,0.000547345374931582,0.00711938663745893,""
1b,runG_null_sparse_n500,null,,500,events<Grule,1827,Stk.joint,0.05,0.053639846743295,0.00527111769599178,,,0.000547345374931582,0.0536692223439211,""
1b,runG_null_sparse_n500,null,,500,events<Grule,1827,Stk.joint,0.1,0.107827038861522,0.00725636457143546,,,0.000547345374931582,0.107886089813801,""
1b,runG_null_sparse_n500,null,,500,events>=Grule,173,Stk.joint,0.01,0.0173410404624277,0.00992466675904446,,,0,0.0173410404624277,""
1b,runG_null_sparse_n500,null,,500,events>=Grule,173,Stk.joint,0.05,0.0809248554913295,0.0207344932314896,,,0,0.0809248554913295,""
1b,runG_null_sparse_n500,null,,500,events>=Grule,173,Stk.joint,0.1,0.121387283236994,0.0248291748383274,,,0,0.121387283236994,""
1b,runG_null_sparse_n500,null,,500,all,2000,Stk.LR,0.01,0.019,0.00305278561317365,,,0.0035,0.0190667335674862,""
1b,runG_null_sparse_n500,null,,500,all,2000,Stk.LR,0.05,0.0825,0.0061519813881383,,,0.0035,0.0827897641746111,""
1b,runG_null_sparse_n500,null,,500,all,2000,Stk.LR,0.1,0.149,0.00796238029737339,,,0.0035,0.149523331660813,""
1b,runG_null_sparse_n500,null,,500,events<G10,132,Stk.LR,0.01,0.0227272727272727,0.0129716309930009,,,0,0.0227272727272727,""
1b,runG_null_sparse_n500,null,,500,events<G10,132,Stk.LR,0.05,0.0454545454545455,0.0181300917094879,,,0,0.0454545454545455,""
1b,runG_null_sparse_n500,null,,500,events<G10,132,Stk.LR,0.1,0.159090909090909,0.031835394793105,,,0,0.159090909090909,""
1b,runG_null_sparse_n500,null,,500,events>=G10,1868,Stk.LR,0.01,0.0187366167023555,0.00313725591515001,,,0.00374732334047109,0.0188070929607738,""
1b,runG_null_sparse_n500,null,,500,events>=G10,1868,Stk.LR,0.05,0.085117773019272,0.00645660600473507,,,0.00374732334047109,0.0854379365932294,""
1b,runG_null_sparse_n500,null,,500,events>=G10,1868,Stk.LR,0.1,0.148286937901499,0.00822260951604601,,,0.00374732334047109,0.148844707146695,""
1b,runG_null_sparse_n500,null,,500,events<Grule,1827,Stk.LR,0.01,0.0186097427476738,0.00316170817585032,,,0.00218938149972633,0.0186505759736698,""
1b,runG_null_sparse_n500,null,,500,events<Grule,1827,Stk.LR,0.05,0.077175697865353,0.00624353456605996,,,0.00218938149972633,0.0773450356555129,""
1b,runG_null_sparse_n500,null,,500,events<Grule,1827,Stk.LR,0.1,0.147235905856596,0.00828995256711163,,,0.00218938149972633,0.147558968732858,""
1b,runG_null_sparse_n500,null,,500,events>=Grule,173,Stk.LR,0.01,0.023121387283237,0.0114262624005852,,,0.0173410404624277,0.0235294117647059,""
1b,runG_null_sparse_n500,null,,500,events>=Grule,173,Stk.LR,0.05,0.138728323699422,0.0262802565404563,,,0.0173410404624277,0.141176470588235,""
1b,runG_null_sparse_n500,null,,500,events>=Grule,173,Stk.LR,0.1,0.167630057803468,0.0283995259184841,,,0.0173410404624277,0.170588235294118,""
1b,runG_null_sparse_n500,null,,500,all,2000,Stk.sym1,0.01,0.0095,0.00216907238237916,,,0,0.0095,""
1b,runG_null_sparse_n500,null,,500,all,2000,Stk.sym1,0.05,0.0575,0.00520546587732549,,,0,0.0575,""
1b,runG_null_sparse_n500,null,,500,all,2000,Stk.sym1,0.1,0.112,0.00705180827873248,,,0,0.112,""
1b,runG_null_sparse_n500,null,,500,events<G10,132,Stk.sym1,0.01,0.00757575757575758,0.00754700696890623,,,0,0.00757575757575758,""
1b,runG_null_sparse_n500,null,,500,events<G10,132,Stk.sym1,0.05,0.0303030303030303,0.0149201807247676,,,0,0.0303030303030303,""
1b,runG_null_sparse_n500,null,,500,events<G10,132,Stk.sym1,0.1,0.106060606060606,0.0268005757941683,,,0,0.106060606060606,""
1b,runG_null_sparse_n500,null,,500,events>=G10,1868,Stk.sym1,0.01,0.00963597430406852,0.00226025172264541,,,0,0.00963597430406852,""
1b,runG_null_sparse_n500,null,,500,events>=G10,1868,Stk.sym1,0.05,0.0594218415417559,0.00546993369915967,,,0,0.0594218415417559,""
1b,runG_null_sparse_n500,null,,500,events>=G10,1868,Stk.sym1,0.1,0.112419700214133,0.0073086405413075,,,0,0.112419700214133,""
1b,runG_null_sparse_n500,null,,500,events<Grule,1827,Stk.sym1,0.01,0.00821018062397373,0.00211113937155715,,,0,0.00821018062397373,""
1b,runG_null_sparse_n500,null,,500,events<Grule,1827,Stk.sym1,0.05,0.0563765736179529,0.00539609295119717,,,0,0.0563765736179529,""
1b,runG_null_sparse_n500,null,,500,events<Grule,1827,Stk.sym1,0.1,0.111658456486043,0.00736828681339299,,,0,0.111658456486043,""
1b,runG_null_sparse_n500,null,,500,events>=Grule,173,Stk.sym1,0.01,0.023121387283237,0.0114262624005852,,,0,0.023121387283237,""
1b,runG_null_sparse_n500,null,,500,events>=Grule,173,Stk.sym1,0.05,0.069364161849711,0.0193167654427724,,,0,0.069364161849711,""
1b,runG_null_sparse_n500,null,,500,events>=Grule,173,Stk.sym1,0.1,0.115606936416185,0.0243103694268206,,,0,0.115606936416185,""
1b,runG_null_sparse_n500,null,,500,all,2000,Stk.marg,0.01,0.0095,0.00216907238237916,,,0.357,0.0147744945567652,""
1b,runG_null_sparse_n500,null,,500,all,2000,Stk.marg,0.05,0.0435,0.00456112650559048,,,0.357,0.067651632970451,""
1b,runG_null_sparse_n500,null,,500,all,2000,Stk.marg,0.1,0.0645,0.00549271107923947,,,0.357,0.100311041990669,""
1b,runG_null_sparse_n500,null,,500,events<G10,132,Stk.marg,0.01,0.00757575757575758,0.00754700696890623,,,0.628787878787879,0.0204081632653061,""
1b,runG_null_sparse_n500,null,,500,events<G10,132,Stk.marg,0.05,0.0303030303030303,0.0149201807247676,,,0.628787878787879,0.0816326530612245,""
1b,runG_null_sparse_n500,null,,500,events<G10,132,Stk.marg,0.1,0.0303030303030303,0.0149201807247676,,,0.628787878787879,0.0816326530612245,""
1b,runG_null_sparse_n500,null,,500,events>=G10,1868,Stk.marg,0.01,0.00963597430406852,0.00226025172264541,,,0.33779443254818,0.0145513338722716,""
1b,runG_null_sparse_n500,null,,500,events>=G10,1868,Stk.marg,0.05,0.0444325481798715,0.00476752356729672,,,0.33779443254818,0.0670978172999192,""
1b,runG_null_sparse_n500,null,,500,events>=G10,1868,Stk.marg,0.1,0.0669164882226981,0.00578147154134879,,,0.33779443254818,0.101050929668553,""
1b,runG_null_sparse_n500,null,,500,events<Grule,1827,Stk.marg,0.01,0.00711548987411056,0.00196644813541398,,,0.377668308702791,0.0114335971855761,""
1b,runG_null_sparse_n500,null,,500,events<Grule,1827,Stk.marg,0.05,0.0410509031198686,0.0046418367394567,,,0.377668308702791,0.0659630606860158,""
1b,runG_null_sparse_n500,null,,500,events<Grule,1827,Stk.marg,0.1,0.0613026819923372,0.00561220146107332,,,0.377668308702791,0.098504837291117,""
1b,runG_null_sparse_n500,null,,500,events>=Grule,173,Stk.marg,0.01,0.0346820809248555,0.0139112035747915,,,0.138728323699422,0.0402684563758389,""
1b,runG_null_sparse_n500,null,,500,events>=Grule,173,Stk.marg,0.05,0.069364161849711,0.0193167654427724,,,0.138728323699422,0.0805369127516778,""
1b,runG_null_sparse_n500,null,,500,events>=Grule,173,Stk.marg,0.1,0.0982658959537572,0.0226317222819216,,,0.138728323699422,0.114093959731544,""
1b,runG_null_sparse_n500,null,,500,all,2000,GiViTI,0.01,0.0165,0.00284848644019943,,,0,0.0165,""
1b,runG_null_sparse_n500,null,,500,all,2000,GiViTI,0.05,0.0735,0.00583514138646186,,,0,0.0735,""
1b,runG_null_sparse_n500,null,,500,all,2000,GiViTI,0.1,0.1245,0.00738240306404358,,,0,0.1245,""
1b,runG_null_sparse_n500,null,,500,events<G10,132,GiViTI,0.01,0.0151515151515152,0.0106322646252612,,,0,0.0151515151515152,""
1b,runG_null_sparse_n500,null,,500,events<G10,132,GiViTI,0.05,0.0606060606060606,0.0207680126315861,,,0,0.0606060606060606,""
1b,runG_null_sparse_n500,null,,500,events<G10,132,GiViTI,0.1,0.174242424242424,0.03301537771143,,,0,0.174242424242424,""
1b,runG_null_sparse_n500,null,,500,events>=G10,1868,GiViTI,0.01,0.0165952890792291,0.00295576646324232,,,0,0.0165952890792291,""
1b,runG_null_sparse_n500,null,,500,events>=G10,1868,GiViTI,0.05,0.0744111349036403,0.00607210941910968,,,0,0.0744111349036403,""
1b,runG_null_sparse_n500,null,,500,events>=G10,1868,GiViTI,0.1,0.120985010706638,0.00754528221258381,,,0,0.120985010706638,""
1b,runG_null_sparse_n500,null,,500,events<Grule,1827,GiViTI,0.01,0.0158730158730159,0.00292405826138749,,,0,0.0158730158730159,""
1b,runG_null_sparse_n500,null,,500,events<Grule,1827,GiViTI,0.05,0.0738916256157636,0.00612011020501457,,,0,0.0738916256157636,""
1b,runG_null_sparse_n500,null,,500,events<Grule,1827,GiViTI,0.1,0.124794745484401,0.00773185737655919,,,0,0.124794745484401,""
1b,runG_null_sparse_n500,null,,500,events>=Grule,173,GiViTI,0.01,0.023121387283237,0.0114262624005852,,,0,0.023121387283237,""
1b,runG_null_sparse_n500,null,,500,events>=Grule,173,GiViTI,0.05,0.069364161849711,0.0193167654427724,,,0,0.069364161849711,""
1b,runG_null_sparse_n500,null,,500,events>=Grule,173,GiViTI,0.1,0.121387283236994,0.0248291748383274,,,0,0.121387283236994,""
1b,runG_null_sparse_n500,null,,500,all,2000,GiViTI.t50,0.01,0.022,0.00327993902382346,,,0,0.022,""
1b,runG_null_sparse_n500,null,,500,all,2000,GiViTI.t50,0.05,0.0845,0.00621931467285585,,,0,0.0845,""
1b,runG_null_sparse_n500,null,,500,all,2000,GiViTI.t50,0.1,0.1505,0.00799530330881825,,,0,0.1505,""
1b,runG_null_sparse_n500,null,,500,events<G10,132,GiViTI.t50,0.01,0.0151515151515152,0.0106322646252612,,,0,0.0151515151515152,""
1b,runG_null_sparse_n500,null,,500,events<G10,132,GiViTI.t50,0.05,0.0757575757575758,0.0230313300239818,,,0,0.0757575757575758,""
1b,runG_null_sparse_n500,null,,500,events<G10,132,GiViTI.t50,0.1,0.181818181818182,0.0335704066307271,,,0,0.181818181818182,""
1b,runG_null_sparse_n500,null,,500,events>=G10,1868,GiViTI.t50,0.01,0.0224839400428266,0.003430123239851,,,0,0.0224839400428266,""
1b,runG_null_sparse_n500,null,,500,events>=G10,1868,GiViTI.t50,0.05,0.085117773019272,0.00645660600473507,,,0,0.085117773019272,""
1b,runG_null_sparse_n500,null,,500,events>=G10,1868,GiViTI.t50,0.1,0.148286937901499,0.00822260951604601,,,0,0.148286937901499,""
1b,runG_null_sparse_n500,null,,500,events<Grule,1827,GiViTI.t50,0.01,0.0224411603721949,0.00346517230433215,,,0,0.0224411603721949,""
1b,runG_null_sparse_n500,null,,500,events<Grule,1827,GiViTI.t50,0.05,0.0881226053639847,0.00663197095480682,,,0,0.0881226053639847,""
1b,runG_null_sparse_n500,null,,500,events<Grule,1827,GiViTI.t50,0.1,0.151614668856048,0.00839069456961382,,,0,0.151614668856048,""
1b,runG_null_sparse_n500,null,,500,events>=Grule,173,GiViTI.t50,0.01,0.0173410404624277,0.00992466675904446,,,0,0.0173410404624277,""
1b,runG_null_sparse_n500,null,,500,events>=Grule,173,GiViTI.t50,0.05,0.046242774566474,0.0159667972629889,,,0,0.046242774566474,""
1b,runG_null_sparse_n500,null,,500,events>=Grule,173,GiViTI.t50,0.1,0.138728323699422,0.0262802565404563,,,0,0.138728323699422,""
1b,runG_null_sparse_n500,null,,500,all,2000,Cubic.LR,0.01,0.019,0.00305278561317365,,,0,0.019,""
1b,runG_null_sparse_n500,null,,500,all,2000,Cubic.LR,0.05,0.0805,0.0060835741961449,,,0,0.0805,""
1b,runG_null_sparse_n500,null,,500,all,2000,Cubic.LR,0.1,0.1455,0.00788447049585449,,,0,0.1455,""
1b,runG_null_sparse_n500,null,,500,events<G10,132,Cubic.LR,0.01,0.0227272727272727,0.0129716309930009,,,0,0.0227272727272727,""
1b,runG_null_sparse_n500,null,,500,events<G10,132,Cubic.LR,0.05,0.0833333333333333,0.0240562612162344,,,0,0.0833333333333333,""
1b,runG_null_sparse_n500,null,,500,events<G10,132,Cubic.LR,0.1,0.106060606060606,0.0268005757941683,,,0,0.106060606060606,""
1b,runG_null_sparse_n500,null,,500,events>=G10,1868,Cubic.LR,0.01,0.0187366167023555,0.00313725591515001,,,0,0.0187366167023555,""
1b,runG_null_sparse_n500,null,,500,events>=G10,1868,Cubic.LR,0.05,0.0802997858672377,0.00628770128931878,,,0,0.0802997858672377,""
1b,runG_null_sparse_n500,null,,500,events>=G10,1868,Cubic.LR,0.1,0.148286937901499,0.00822260951604601,,,0,0.148286937901499,""
1b,runG_null_sparse_n500,null,,500,events<Grule,1827,Cubic.LR,0.01,0.0175150519978106,0.0030690177101409,,,0,0.0175150519978106,""
1b,runG_null_sparse_n500,null,,500,events<Grule,1827,Cubic.LR,0.05,0.0782703886152162,0.00628392859250378,,,0,0.0782703886152162,""
1b,runG_null_sparse_n500,null,,500,events<Grule,1827,Cubic.LR,0.1,0.142309797482211,0.00817359945078171,,,0,0.142309797482211,""
1b,runG_null_sparse_n500,null,,500,events>=Grule,173,Cubic.LR,0.01,0.0346820809248555,0.0139112035747915,,,0,0.0346820809248555,""
1b,runG_null_sparse_n500,null,,500,events>=Grule,173,Cubic.LR,0.05,0.104046242774566,0.0232130895577342,,,0,0.104046242774566,""
1b,runG_null_sparse_n500,null,,500,events>=Grule,173,Cubic.LR,0.1,0.179190751445087,0.0291578746382489,,,0,0.179190751445087,""
1b,runG_null_sparse_n500,null,,500,all,2000,HL_w,0.01,0.0075,0.00192921616207205,,,0.028,0.00771604938271605,""
1b,runG_null_sparse_n500,null,,500,all,2000,HL_w,0.05,0.0425,0.00451075104611194,,,0.028,0.0437242798353909,""
1b,runG_null_sparse_n500,null,,500,all,2000,HL_w,0.1,0.1025,0.00678209960115597,,,0.028,0.105452674897119,""
1b,runG_null_sparse_n500,null,,500,events<G10,132,HL_w,0.01,0,0,,,0.151515151515152,0,""
1b,runG_null_sparse_n500,null,,500,events<G10,132,HL_w,0.05,0.0454545454545455,0.0181300917094879,,,0.151515151515152,0.0535714285714286,""
1b,runG_null_sparse_n500,null,,500,events<G10,132,HL_w,0.1,0.0833333333333333,0.0240562612162344,,,0.151515151515152,0.0982142857142857,""
1b,runG_null_sparse_n500,null,,500,events>=G10,1868,HL_w,0.01,0.00802997858672377,0.00206499037315711,,,0.019271948608137,0.00818777292576419,""
1b,runG_null_sparse_n500,null,,500,events>=G10,1868,HL_w,0.05,0.0422912205567452,0.00465643353269585,,,0.019271948608137,0.0431222707423581,""
1b,runG_null_sparse_n500,null,,500,events>=G10,1868,HL_w,0.1,0.103854389721627,0.00705851405711001,,,0.019271948608137,0.10589519650655,""
1b,runG_null_sparse_n500,null,,500,events<Grule,1827,HL_w,0.01,0.00711548987411056,0.00196644813541398,,,0.0306513409961686,0.00734048560135517,""
1b,runG_null_sparse_n500,null,,500,events<Grule,1827,HL_w,0.05,0.0426929392446634,0.00472970860675632,,,0.0306513409961686,0.044042913608131,""
1b,runG_null_sparse_n500,null,,500,events<Grule,1827,HL_w,0.1,0.102900930487137,0.0071082154105615,,,0.0306513409961686,0.106154714850367,""
1b,runG_null_sparse_n500,null,,500,events>=Grule,173,HL_w,0.01,0.0115606936416185,0.00812725522428059,,,0,0.0115606936416185,""
1b,runG_null_sparse_n500,null,,500,events>=Grule,173,HL_w,0.05,0.0404624277456647,0.0149807621696164,,,0,0.0404624277456647,""
1b,runG_null_sparse_n500,null,,500,events>=Grule,173,HL_w,0.1,0.0982658959537572,0.0226317222819216,,,0,0.0982658959537572,""
1b,runG_null_sparse_n500,null,,500,all,2000,PH,0.01,0.0125,0.00248432586429397,,,0,0.0125,""
1b,runG_null_sparse_n500,null,,500,all,2000,PH,0.05,0.0365,0.0041933131292571,,,0,0.0365,""
1b,runG_null_sparse_n500,null,,500,all,2000,PH,0.1,0.069,0.00566740681440816,,,0,0.069,""
1b,runG_null_sparse_n500,null,,500,events<G10,132,PH,0.01,0.0303030303030303,0.0149201807247676,,,0,0.0303030303030303,""
1b,runG_null_sparse_n500,null,,500,events<G10,132,PH,0.05,0.0606060606060606,0.0207680126315861,,,0,0.0606060606060606,""
1b,runG_null_sparse_n500,null,,500,events<G10,132,PH,0.1,0.0909090909090909,0.0250219037528718,,,0,0.0909090909090909,""
1b,runG_null_sparse_n500,null,,500,events>=G10,1868,PH,0.01,0.0112419700214133,0.00243937061109885,,,0,0.0112419700214133,""
1b,runG_null_sparse_n500,null,,500,events>=G10,1868,PH,0.05,0.034796573875803,0.0042402282373061,,,0,0.034796573875803,""
1b,runG_null_sparse_n500,null,,500,events>=G10,1868,PH,0.1,0.0674518201284797,0.00580288601727295,,,0,0.0674518201284797,""
1b,runG_null_sparse_n500,null,,500,events<Grule,1827,PH,0.01,0.0120415982484948,0.00255177349707207,,,0,0.0120415982484948,""
1b,runG_null_sparse_n500,null,,500,events<Grule,1827,PH,0.05,0.0372194854953476,0.00442873357899788,,,0,0.0372194854953476,""
1b,runG_null_sparse_n500,null,,500,events<Grule,1827,PH,0.1,0.0700602079912425,0.0059716432286501,,,0,0.0700602079912425,""
1b,runG_null_sparse_n500,null,,500,events>=Grule,173,PH,0.01,0.0173410404624277,0.00992466675904446,,,0,0.0173410404624277,""
1b,runG_null_sparse_n500,null,,500,events>=Grule,173,PH,0.05,0.0289017341040462,0.0127370979421307,,,0,0.0289017341040462,""
1b,runG_null_sparse_n500,null,,500,events>=Grule,173,PH,0.1,0.0578034682080925,0.0177429017429878,,,0,0.0578034682080925,""
1b,runG_null_sparse_n500,null,,500,all,2000,Tsiatis,0.01,0.016,0.00280570846668003,,,0,0.016,""
1b,runG_null_sparse_n500,null,,500,all,2000,Tsiatis,0.05,0.046,0.00468422885862764,,,0,0.046,""
1b,runG_null_sparse_n500,null,,500,all,2000,Tsiatis,0.1,0.0955,0.00657190041007926,,,0,0.0955,""
1b,runG_null_sparse_n500,null,,500,events<G10,132,Tsiatis,0.01,0.0454545454545455,0.0181300917094879,,,0,0.0454545454545455,""
1b,runG_null_sparse_n500,null,,500,events<G10,132,Tsiatis,0.05,0.0606060606060606,0.0207680126315861,,,0,0.0606060606060606,""
1b,runG_null_sparse_n500,null,,500,events<G10,132,Tsiatis,0.1,0.143939393939394,0.0305530890185247,,,0,0.143939393939394,""
1b,runG_null_sparse_n500,null,,500,events>=G10,1868,Tsiatis,0.01,0.0139186295503212,0.0027106046503569,,,0,0.0139186295503212,""
1b,runG_null_sparse_n500,null,,500,events>=G10,1868,Tsiatis,0.05,0.0449678800856531,0.00479481395020216,,,0,0.0449678800856531,""
1b,runG_null_sparse_n500,null,,500,events>=G10,1868,Tsiatis,0.1,0.0920770877944326,0.00668978005810094,,,0,0.0920770877944326,""
1b,runG_null_sparse_n500,null,,500,events<Grule,1827,Tsiatis,0.01,0.0158730158730159,0.00292405826138749,,,0,0.0158730158730159,""
1b,runG_null_sparse_n500,null,,500,events<Grule,1827,Tsiatis,0.05,0.0454296661193213,0.00487196843022579,,,0,0.0454296661193213,""
1b,runG_null_sparse_n500,null,,500,events<Grule,1827,Tsiatis,0.1,0.0974274767378216,0.00693765194518231,,,0,0.0974274767378216,""
1b,runG_null_sparse_n500,null,,500,events>=Grule,173,Tsiatis,0.01,0.0173410404624277,0.00992466675904446,,,0,0.0173410404624277,""
1b,runG_null_sparse_n500,null,,500,events>=Grule,173,Tsiatis,0.05,0.0520231213872832,0.0168839487047203,,,0,0.0520231213872832,""
1b,runG_null_sparse_n500,null,,500,events>=Grule,173,Tsiatis,0.1,0.0751445086705202,0.0200429901382792,,,0,0.0751445086705202,""
1b,runG_null_sparse_n500,null,,500,all,2000,Xie,0.01,0.009,0.00211175282644537,,,0,0.009,""
1b,runG_null_sparse_n500,null,,500,all,2000,Xie,0.05,0.035,0.00410944035119139,,,0,0.035,""
1b,runG_null_sparse_n500,null,,500,all,2000,Xie,0.1,0.067,0.00559066185706129,,,0,0.067,""
1b,runG_null_sparse_n500,null,,500,events<G10,132,Xie,0.01,0,0,,,0,0,""
1b,runG_null_sparse_n500,null,,500,events<G10,132,Xie,0.05,0.0454545454545455,0.0181300917094879,,,0,0.0454545454545455,""
1b,runG_null_sparse_n500,null,,500,events<G10,132,Xie,0.1,0.0833333333333333,0.0240562612162344,,,0,0.0833333333333333,""
1b,runG_null_sparse_n500,null,,500,events>=G10,1868,Xie,0.01,0.00963597430406852,0.00226025172264541,,,0,0.00963597430406852,""
1b,runG_null_sparse_n500,null,,500,events>=G10,1868,Xie,0.05,0.0342612419700214,0.00420865131142801,,,0,0.0342612419700214,""
1b,runG_null_sparse_n500,null,,500,events>=G10,1868,Xie,0.1,0.0658458244111349,0.00573832264673638,,,0,0.0658458244111349,""
1b,runG_null_sparse_n500,null,,500,events<Grule,1827,Xie,0.01,0.00821018062397373,0.00211113937155715,,,0,0.00821018062397373,""
1b,runG_null_sparse_n500,null,,500,events<Grule,1827,Xie,0.05,0.0344827586206897,0.00426885834889774,,,0,0.0344827586206897,""
1b,runG_null_sparse_n500,null,,500,events<Grule,1827,Xie,0.1,0.066776135741653,0.00584028829755032,,,0,0.066776135741653,""
1b,runG_null_sparse_n500,null,,500,events>=Grule,173,Xie,0.01,0.0173410404624277,0.00992466675904446,,,0,0.0173410404624277,""
1b,runG_null_sparse_n500,null,,500,events>=Grule,173,Xie,0.05,0.0404624277456647,0.0149807621696164,,,0,0.0404624277456647,""
1b,runG_null_sparse_n500,null,,500,events>=Grule,173,Xie,0.1,0.069364161849711,0.0193167654427724,,,0,0.069364161849711,""
1b,runG_null_sparse_n500,null,,500,all,2000,PR,0.01,0,0,,,1,,no p-value in any replicate
1b,runG_null_sparse_n500,null,,500,all,2000,PR,0.05,0,0,,,1,,no p-value in any replicate
1b,runG_null_sparse_n500,null,,500,all,2000,PR,0.1,0,0,,,1,,no p-value in any replicate
1b,runG_null_sparse_n500,null,,500,events<G10,132,PR,0.01,0,0,,,1,,no p-value in any replicate
1b,runG_null_sparse_n500,null,,500,events<G10,132,PR,0.05,0,0,,,1,,no p-value in any replicate
1b,runG_null_sparse_n500,null,,500,events<G10,132,PR,0.1,0,0,,,1,,no p-value in any replicate
1b,runG_null_sparse_n500,null,,500,events>=G10,1868,PR,0.01,0,0,,,1,,no p-value in any replicate
1b,runG_null_sparse_n500,null,,500,events>=G10,1868,PR,0.05,0,0,,,1,,no p-value in any replicate
1b,runG_null_sparse_n500,null,,500,events>=G10,1868,PR,0.1,0,0,,,1,,no p-value in any replicate
1b,runG_null_sparse_n500,null,,500,events<Grule,1827,PR,0.01,0,0,,,1,,no p-value in any replicate
1b,runG_null_sparse_n500,null,,500,events<Grule,1827,PR,0.05,0,0,,,1,,no p-value in any replicate
1b,runG_null_sparse_n500,null,,500,events<Grule,1827,PR,0.1,0,0,,,1,,no p-value in any replicate
1b,runG_null_sparse_n500,null,,500,events>=Grule,173,PR,0.01,0,0,,,1,,no p-value in any replicate
1b,runG_null_sparse_n500,null,,500,events>=Grule,173,PR,0.05,0,0,,,1,,no p-value in any replicate
1b,runG_null_sparse_n500,null,,500,events>=Grule,173,PR,0.1,0,0,,,1,,no p-value in any replicate
1b,runG_null_sparse_n2000,null,,2000,all,2000,flag.evlt.G10,,0,,,,0,,flag rate: share of replicates with the flag = 1
1b,runG_null_sparse_n2000,null,,2000,all,2000,flag.evlt.Grule,,0.9995,,,,0,,flag rate: share of replicates with the flag = 1
1b,runG_null_sparse_n2000,null,,2000,all,2000,flag.stk_half0,,0.031,,,,0,,flag rate: share of replicates with the flag = 1
1b,runG_null_sparse_n2000,null,,2000,all,2000,flag.stk_diag,,0.277,,,,0,,flag rate: share of replicates with the flag = 1
1b,runG_null_sparse_n2000,null,,2000,all,2000,flag.rivals_run,,1,,,,0,,flag rate: share of replicates with the flag = 1
1b,runG_null_sparse_n2000,null,,2000,all,2000,flag.degenerate,,0,,,,0,,flag rate: share of replicates with the flag = 1
1b,runG_null_sparse_n2000,null,,2000,all,2000,flag.info_guard,,0,,,,0,,flag rate: share of replicates with the flag = 1
1b,runG_null_sparse_n2000,null,,2000,all,2000,flag.rep_error,,0,,,,0,,flag rate: share of replicates with the flag = 1
1b,runG_null_sparse_n2000,null,,2000,all,2000,EDGE.poly3.u.G10,0.01,0.014,0.00262716577322407,,,0,0.014,""
1b,runG_null_sparse_n2000,null,,2000,all,2000,EDGE.poly3.u.G10,0.05,0.0535,0.00503178646208283,,,0,0.0535,""
1b,runG_null_sparse_n2000,null,,2000,all,2000,EDGE.poly3.u.G10,0.1,0.0925,0.00647857044416436,,,0,0.0925,""
1b,runG_null_sparse_n2000,null,,2000,events<Grule,1999,EDGE.poly3.u.G10,0.01,0.0140070035017509,0.00262847067824231,,,0,0.0140070035017509,""
1b,runG_null_sparse_n2000,null,,2000,events<Grule,1999,EDGE.poly3.u.G10,0.05,0.0535267633816909,0.00503423243800936,,,0,0.0535267633816909,""
1b,runG_null_sparse_n2000,null,,2000,events<Grule,1999,EDGE.poly3.u.G10,0.1,0.0925462731365683,0.00648164609498238,,,0,0.0925462731365683,""
1b,runG_null_sparse_n2000,null,,2000,events>=Grule,1,EDGE.poly3.u.G10,0.01,0,0,,,0,0,""
1b,runG_null_sparse_n2000,null,,2000,events>=Grule,1,EDGE.poly3.u.G10,0.05,0,0,,,0,0,""
1b,runG_null_sparse_n2000,null,,2000,events>=Grule,1,EDGE.poly3.u.G10,0.1,0,0,,,0,0,""
1b,runG_null_sparse_n2000,null,,2000,all,2000,EDGE.poly3.sc.G10,0.01,0.0135,0.00258047960658479,,,0,0.0135,""
1b,runG_null_sparse_n2000,null,,2000,all,2000,EDGE.poly3.sc.G10,0.05,0.0545,0.00507591124823908,,,0,0.0545,""
1b,runG_null_sparse_n2000,null,,2000,all,2000,EDGE.poly3.sc.G10,0.1,0.0985,0.00666324808182916,,,0,0.0985,""
1b,runG_null_sparse_n2000,null,,2000,events<Grule,1999,EDGE.poly3.sc.G10,0.01,0.0135067533766883,0.00258176165467992,,,0,0.0135067533766883,""
1b,runG_null_sparse_n2000,null,,2000,events<Grule,1999,EDGE.poly3.sc.G10,0.05,0.0545272636318159,0.00507837725401414,,,0,0.0545272636318159,""
1b,runG_null_sparse_n2000,null,,2000,events<Grule,1999,EDGE.poly3.sc.G10,0.1,0.0985492746373187,0.00666639917735838,,,0,0.0985492746373187,""
1b,runG_null_sparse_n2000,null,,2000,events>=Grule,1,EDGE.poly3.sc.G10,0.01,0,0,,,0,0,""
1b,runG_null_sparse_n2000,null,,2000,events>=Grule,1,EDGE.poly3.sc.G10,0.05,0,0,,,0,0,""
1b,runG_null_sparse_n2000,null,,2000,events>=Grule,1,EDGE.poly3.sc.G10,0.1,0,0,,,0,0,""
1b,runG_null_sparse_n2000,null,,2000,all,2000,EDGE.poly2.u.G10,0.01,0.013,0.00253288373203351,,,0,0.013,""
1b,runG_null_sparse_n2000,null,,2000,all,2000,EDGE.poly2.u.G10,0.05,0.0495,0.0048502448391808,,,0,0.0495,""
1b,runG_null_sparse_n2000,null,,2000,all,2000,EDGE.poly2.u.G10,0.1,0.0925,0.00647857044416436,,,0,0.0925,""
1b,runG_null_sparse_n2000,null,,2000,events<Grule,1999,EDGE.poly2.u.G10,0.01,0.0130065032516258,0.00253414245878094,,,0,0.0130065032516258,""
1b,runG_null_sparse_n2000,null,,2000,events<Grule,1999,EDGE.poly2.u.G10,0.05,0.0495247623811906,0.00485260796357615,,,0,0.0495247623811906,""
1b,runG_null_sparse_n2000,null,,2000,events<Grule,1999,EDGE.poly2.u.G10,0.1,0.0925462731365683,0.00648164609498238,,,0,0.0925462731365683,""
1b,runG_null_sparse_n2000,null,,2000,events>=Grule,1,EDGE.poly2.u.G10,0.01,0,0,,,0,0,""
1b,runG_null_sparse_n2000,null,,2000,events>=Grule,1,EDGE.poly2.u.G10,0.05,0,0,,,0,0,""
1b,runG_null_sparse_n2000,null,,2000,events>=Grule,1,EDGE.poly2.u.G10,0.1,0,0,,,0,0,""
1b,runG_null_sparse_n2000,null,,2000,all,2000,EDGE.poly2.sc.G10,0.01,0.009,0.00211175282644537,,,0,0.009,""
1b,runG_null_sparse_n2000,null,,2000,all,2000,EDGE.poly2.sc.G10,0.05,0.0595,0.00528960064655169,,,0,0.0595,""
1b,runG_null_sparse_n2000,null,,2000,all,2000,EDGE.poly2.sc.G10,0.1,0.1065,0.00689774419647467,,,0,0.1065,""
1b,runG_null_sparse_n2000,null,,2000,events<Grule,1999,EDGE.poly2.sc.G10,0.01,0.00900450225112556,0.00211280443166204,,,0,0.00900450225112556,""
1b,runG_null_sparse_n2000,null,,2000,events<Grule,1999,EDGE.poly2.sc.G10,0.05,0.0595297648824412,0.00529216302493437,,,0,0.0595297648824412,""
1b,runG_null_sparse_n2000,null,,2000,events<Grule,1999,EDGE.poly2.sc.G10,0.1,0.106553276638319,0.00690098904236631,,,0,0.106553276638319,""
1b,runG_null_sparse_n2000,null,,2000,events>=Grule,1,EDGE.poly2.sc.G10,0.01,0,0,,,0,0,""
1b,runG_null_sparse_n2000,null,,2000,events>=Grule,1,EDGE.poly2.sc.G10,0.05,0,0,,,0,0,""
1b,runG_null_sparse_n2000,null,,2000,events>=Grule,1,EDGE.poly2.sc.G10,0.1,0,0,,,0,0,""
1b,runG_null_sparse_n2000,null,,2000,all,2000,EDGE.stk.u.G10,0.01,0.0095,0.00216907238237916,,,0,0.0095,""
1b,runG_null_sparse_n2000,null,,2000,all,2000,EDGE.stk.u.G10,0.05,0.045,0.00463546114210873,,,0,0.045,""
1b,runG_null_sparse_n2000,null,,2000,all,2000,EDGE.stk.u.G10,0.1,0.097,0.00661781686056663,,,0,0.097,""
1b,runG_null_sparse_n2000,null,,2000,events<Grule,1999,EDGE.stk.u.G10,0.01,0.00950475237618809,0.00217015225494262,,,0,0.00950475237618809,""
1b,runG_null_sparse_n2000,null,,2000,events<Grule,1999,EDGE.stk.u.G10,0.05,0.0450225112556278,0.00463772537093783,,,0,0.0450225112556278,""
1b,runG_null_sparse_n2000,null,,2000,events<Grule,1999,EDGE.stk.u.G10,0.1,0.0970485242621311,0.00662094952303898,,,0,0.0970485242621311,""
1b,runG_null_sparse_n2000,null,,2000,events>=Grule,1,EDGE.stk.u.G10,0.01,0,0,,,0,0,""
1b,runG_null_sparse_n2000,null,,2000,events>=Grule,1,EDGE.stk.u.G10,0.05,0,0,,,0,0,""
1b,runG_null_sparse_n2000,null,,2000,events>=Grule,1,EDGE.stk.u.G10,0.1,0,0,,,0,0,""
1b,runG_null_sparse_n2000,null,,2000,all,2000,EDGE.stk.sc.G10,0.01,0.0125,0.00248432586429397,,,0,0.0125,""
1b,runG_null_sparse_n2000,null,,2000,all,2000,EDGE.stk.sc.G10,0.05,0.052,0.00496467521596328,,,0,0.052,""
1b,runG_null_sparse_n2000,null,,2000,all,2000,EDGE.stk.sc.G10,0.1,0.1015,0.00675269390687894,,,0,0.1015,""
1b,runG_null_sparse_n2000,null,,2000,events<Grule,1999,EDGE.stk.sc.G10,0.01,0.0125062531265633,0.00248556077894742,,,0,0.0125062531265633,""
1b,runG_null_sparse_n2000,null,,2000,events<Grule,1999,EDGE.stk.sc.G10,0.05,0.0520260130065033,0.00496709064577212,,,0,0.0520260130065033,""
1b,runG_null_sparse_n2000,null,,2000,events<Grule,1999,EDGE.stk.sc.G10,0.1,0.101550775387694,0.00675588104300687,,,0,0.101550775387694,""
1b,runG_null_sparse_n2000,null,,2000,events>=Grule,1,EDGE.stk.sc.G10,0.01,0,0,,,0,0,""
1b,runG_null_sparse_n2000,null,,2000,events>=Grule,1,EDGE.stk.sc.G10,0.05,0,0,,,0,0,""
1b,runG_null_sparse_n2000,null,,2000,events>=Grule,1,EDGE.stk.sc.G10,0.1,0,0,,,0,0,""
1b,runG_null_sparse_n2000,null,,2000,all,2000,EDGE.sym.u.G10,0.01,0.0085,0.00205277251540447,,,0,0.0085,""
1b,runG_null_sparse_n2000,null,,2000,all,2000,EDGE.sym.u.G10,0.05,0.049,0.00482695556225661,,,0,0.049,""
1b,runG_null_sparse_n2000,null,,2000,all,2000,EDGE.sym.u.G10,0.1,0.1005,0.00672308522926788,,,0,0.1005,""
1b,runG_null_sparse_n2000,null,,2000,events<Grule,1999,EDGE.sym.u.G10,0.01,0.00850425212606303,0.0020537950111668,,,0,0.00850425212606303,""
1b,runG_null_sparse_n2000,null,,2000,events<Grule,1999,EDGE.sym.u.G10,0.05,0.0490245122561281,0.00482930800788332,,,0,0.0490245122561281,""
1b,runG_null_sparse_n2000,null,,2000,events<Grule,1999,EDGE.sym.u.G10,0.1,0.100550275137569,0.00672626047247918,,,0,0.100550275137569,""
1b,runG_null_sparse_n2000,null,,2000,events>=Grule,1,EDGE.sym.u.G10,0.01,0,0,,,0,0,""
1b,runG_null_sparse_n2000,null,,2000,events>=Grule,1,EDGE.sym.u.G10,0.05,0,0,,,0,0,""
1b,runG_null_sparse_n2000,null,,2000,events>=Grule,1,EDGE.sym.u.G10,0.1,0,0,,,0,0,""
1b,runG_null_sparse_n2000,null,,2000,all,2000,EDGE.sym.sc.G10,0.01,0.0105,0.00227922684259378,,,0,0.0105,""
1b,runG_null_sparse_n2000,null,,2000,all,2000,EDGE.sym.sc.G10,0.05,0.0515,0.00494205169944629,,,0,0.0515,""
1b,runG_null_sparse_n2000,null,,2000,all,2000,EDGE.sym.sc.G10,0.1,0.1,0.00670820393249937,,,0,0.1,""
1b,runG_null_sparse_n2000,null,,2000,events<Grule,1999,EDGE.sym.sc.G10,0.01,0.0105052526263132,0.00228036097358953,,,0,0.0105052526263132,""
1b,runG_null_sparse_n2000,null,,2000,events<Grule,1999,EDGE.sym.sc.G10,0.05,0.0515257628814407,0.00494445681010934,,,0,0.0515257628814407,""
1b,runG_null_sparse_n2000,null,,2000,events<Grule,1999,EDGE.sym.sc.G10,0.1,0.100050025012506,0.00671137318428658,,,0,0.100050025012506,""
1b,runG_null_sparse_n2000,null,,2000,events>=Grule,1,EDGE.sym.sc.G10,0.01,0,0,,,0,0,""
1b,runG_null_sparse_n2000,null,,2000,events>=Grule,1,EDGE.sym.sc.G10,0.05,0,0,,,0,0,""
1b,runG_null_sparse_n2000,null,,2000,events>=Grule,1,EDGE.sym.sc.G10,0.1,0,0,,,0,0,""
1b,runG_null_sparse_n2000,null,,2000,all,2000,EDGE.poly3.u.Grule,0.01,0.0095,0.00216907238237916,,,0,0.0095,""
1b,runG_null_sparse_n2000,null,,2000,all,2000,EDGE.poly3.u.Grule,0.05,0.052,0.00496467521596328,,,0,0.052,""
1b,runG_null_sparse_n2000,null,,2000,all,2000,EDGE.poly3.u.Grule,0.1,0.1005,0.00672308522926788,,,0,0.1005,""
1b,runG_null_sparse_n2000,null,,2000,events<Grule,1999,EDGE.poly3.u.Grule,0.01,0.00950475237618809,0.00217015225494262,,,0,0.00950475237618809,""
1b,runG_null_sparse_n2000,null,,2000,events<Grule,1999,EDGE.poly3.u.Grule,0.05,0.0520260130065033,0.00496709064577212,,,0,0.0520260130065033,""
1b,runG_null_sparse_n2000,null,,2000,events<Grule,1999,EDGE.poly3.u.Grule,0.1,0.100550275137569,0.00672626047247918,,,0,0.100550275137569,""
1b,runG_null_sparse_n2000,null,,2000,events>=Grule,1,EDGE.poly3.u.Grule,0.01,0,0,,,0,0,""
1b,runG_null_sparse_n2000,null,,2000,events>=Grule,1,EDGE.poly3.u.Grule,0.05,0,0,,,0,0,""
1b,runG_null_sparse_n2000,null,,2000,events>=Grule,1,EDGE.poly3.u.Grule,0.1,0,0,,,0,0,""
1b,runG_null_sparse_n2000,null,,2000,all,2000,EDGE.poly3.sc.Grule,0.01,0.008,0.0019919839356782,,,0,0.008,""
1b,runG_null_sparse_n2000,null,,2000,all,2000,EDGE.poly3.sc.Grule,0.05,0.047,0.00473238840333293,,,0,0.047,""
1b,runG_null_sparse_n2000,null,,2000,all,2000,EDGE.poly3.sc.Grule,0.1,0.0995,0.00669327087454258,,,0,0.0995,""
1b,runG_null_sparse_n2000,null,,2000,events<Grule,1999,EDGE.poly3.sc.Grule,0.01,0.0080040020010005,0.00199297640577133,,,0,0.0080040020010005,""
1b,runG_null_sparse_n2000,null,,2000,events<Grule,1999,EDGE.poly3.sc.Grule,0.05,0.0470235117558779,0.00473469737455581,,,0,0.0470235117558779,""
1b,runG_null_sparse_n2000,null,,2000,events<Grule,1999,EDGE.poly3.sc.Grule,0.1,0.0995497748874437,0.00669643410469414,,,0,0.0995497748874437,""
1b,runG_null_sparse_n2000,null,,2000,events>=Grule,1,EDGE.poly3.sc.Grule,0.01,0,0,,,0,0,""
1b,runG_null_sparse_n2000,null,,2000,events>=Grule,1,EDGE.poly3.sc.Grule,0.05,0,0,,,0,0,""
1b,runG_null_sparse_n2000,null,,2000,events>=Grule,1,EDGE.poly3.sc.Grule,0.1,0,0,,,0,0,""
1b,runG_null_sparse_n2000,null,,2000,all,2000,EDGE.poly2.u.Grule,0.01,0.011,0.00233227356885937,,,0,0.011,""
1b,runG_null_sparse_n2000,null,,2000,all,2000,EDGE.poly2.u.Grule,0.05,0.0485,0.00480352734977121,,,0,0.0485,""
1b,runG_null_sparse_n2000,null,,2000,all,2000,EDGE.poly2.u.Grule,0.1,0.0975,0.00663301402079025,,,0,0.0975,""
1b,runG_null_sparse_n2000,null,,2000,events<Grule,1999,EDGE.poly2.u.Grule,0.01,0.0110055027513757,0.0023334337974166,,,0,0.0110055027513757,""
1b,runG_null_sparse_n2000,null,,2000,events<Grule,1999,EDGE.poly2.u.Grule,0.05,0.0485242621310655,0.00480586904175237,,,0,0.0485242621310655,""
1b,runG_null_sparse_n2000,null,,2000,events<Grule,1999,EDGE.poly2.u.Grule,0.1,0.0975487743871936,0.00663615285867926,,,0,0.0975487743871936,""
1b,runG_null_sparse_n2000,null,,2000,events>=Grule,1,EDGE.poly2.u.Grule,0.01,0,0,,,0,0,""
1b,runG_null_sparse_n2000,null,,2000,events>=Grule,1,EDGE.poly2.u.Grule,0.05,0,0,,,0,0,""
1b,runG_null_sparse_n2000,null,,2000,events>=Grule,1,EDGE.poly2.u.Grule,0.1,0,0,,,0,0,""
1b,runG_null_sparse_n2000,null,,2000,all,2000,EDGE.poly2.sc.Grule,0.01,0.009,0.00211175282644537,,,0,0.009,""
1b,runG_null_sparse_n2000,null,,2000,all,2000,EDGE.poly2.sc.Grule,0.05,0.048,0.00477995815881269,,,0,0.048,""
1b,runG_null_sparse_n2000,null,,2000,all,2000,EDGE.poly2.sc.Grule,0.1,0.098,0.00664815763952691,,,0,0.098,""
1b,runG_null_sparse_n2000,null,,2000,events<Grule,1999,EDGE.poly2.sc.Grule,0.01,0.00900450225112556,0.00211280443166204,,,0,0.00900450225112556,""
1b,runG_null_sparse_n2000,null,,2000,events<Grule,1999,EDGE.poly2.sc.Grule,0.05,0.048024012006003,0.0047822890212289,,,0,0.048024012006003,""
1b,runG_null_sparse_n2000,null,,2000,events<Grule,1999,EDGE.poly2.sc.Grule,0.1,0.0980490245122561,0.00665130262170564,,,0,0.0980490245122561,""
1b,runG_null_sparse_n2000,null,,2000,events>=Grule,1,EDGE.poly2.sc.Grule,0.01,0,0,,,0,0,""
1b,runG_null_sparse_n2000,null,,2000,events>=Grule,1,EDGE.poly2.sc.Grule,0.05,0,0,,,0,0,""
1b,runG_null_sparse_n2000,null,,2000,events>=Grule,1,EDGE.poly2.sc.Grule,0.1,0,0,,,0,0,""
1b,runG_null_sparse_n2000,null,,2000,all,2000,EDGE.stk.u.Grule,0.01,0.011,0.00233227356885937,,,0,0.011,""
1b,runG_null_sparse_n2000,null,,2000,all,2000,EDGE.stk.u.Grule,0.05,0.0425,0.00451075104611194,,,0,0.0425,""
1b,runG_null_sparse_n2000,null,,2000,all,2000,EDGE.stk.u.Grule,0.1,0.094,0.00652548848746207,,,0,0.094,""
1b,runG_null_sparse_n2000,null,,2000,events<Grule,1999,EDGE.stk.u.Grule,0.01,0.0110055027513757,0.0023334337974166,,,0,0.0110055027513757,""
1b,runG_null_sparse_n2000,null,,2000,events<Grule,1999,EDGE.stk.u.Grule,0.05,0.0425212606303152,0.00451295744549119,,,0,0.0425212606303152,""
1b,runG_null_sparse_n2000,null,,2000,events<Grule,1999,EDGE.stk.u.Grule,0.1,0.0940470235117559,0.00652858343294991,,,0,0.0940470235117559,""
1b,runG_null_sparse_n2000,null,,2000,events>=Grule,1,EDGE.stk.u.Grule,0.01,0,0,,,0,0,""
1b,runG_null_sparse_n2000,null,,2000,events>=Grule,1,EDGE.stk.u.Grule,0.05,0,0,,,0,0,""
1b,runG_null_sparse_n2000,null,,2000,events>=Grule,1,EDGE.stk.u.Grule,0.1,0,0,,,0,0,""
1b,runG_null_sparse_n2000,null,,2000,all,2000,EDGE.stk.sc.Grule,0.01,0.009,0.00211175282644537,,,0,0.009,""
1b,runG_null_sparse_n2000,null,,2000,all,2000,EDGE.stk.sc.Grule,0.05,0.0415,0.00445969449626317,,,0,0.0415,""
1b,runG_null_sparse_n2000,null,,2000,all,2000,EDGE.stk.sc.Grule,0.1,0.0935,0.00650990591329859,,,0,0.0935,""
1b,runG_null_sparse_n2000,null,,2000,events<Grule,1999,EDGE.stk.sc.Grule,0.01,0.00900450225112556,0.00211280443166204,,,0,0.00900450225112556,""
1b,runG_null_sparse_n2000,null,,2000,events<Grule,1999,EDGE.stk.sc.Grule,0.05,0.0415207603801901,0.00446187713777697,,,0,0.0415207603801901,""
1b,runG_null_sparse_n2000,null,,2000,events<Grule,1999,EDGE.stk.sc.Grule,0.1,0.0935467733866933,0.00651299446001869,,,0,0.0935467733866933,""
1b,runG_null_sparse_n2000,null,,2000,events>=Grule,1,EDGE.stk.sc.Grule,0.01,0,0,,,0,0,""
1b,runG_null_sparse_n2000,null,,2000,events>=Grule,1,EDGE.stk.sc.Grule,0.05,0,0,,,0,0,""
1b,runG_null_sparse_n2000,null,,2000,events>=Grule,1,EDGE.stk.sc.Grule,0.1,0,0,,,0,0,""
1b,runG_null_sparse_n2000,null,,2000,all,2000,EDGE.sym.u.Grule,0.01,0.009,0.00211175282644537,,,0,0.009,""
1b,runG_null_sparse_n2000,null,,2000,all,2000,EDGE.sym.u.Grule,0.05,0.043,0.00453602248671675,,,0,0.043,""
1b,runG_null_sparse_n2000,null,,2000,all,2000,EDGE.sym.u.Grule,0.1,0.1025,0.00678209960115597,,,0,0.1025,""
1b,runG_null_sparse_n2000,null,,2000,events<Grule,1999,EDGE.sym.u.Grule,0.01,0.00900450225112556,0.00211280443166204,,,0,0.00900450225112556,""
1b,runG_null_sparse_n2000,null,,2000,events<Grule,1999,EDGE.sym.u.Grule,0.05,0.0430215107553777,0.00453824062802428,,,0,0.0430215107553777,""
1b,runG_null_sparse_n2000,null,,2000,events<Grule,1999,EDGE.sym.u.Grule,0.1,0.102551275637819,0.00678529851144238,,,0,0.102551275637819,""
1b,runG_null_sparse_n2000,null,,2000,events>=Grule,1,EDGE.sym.u.Grule,0.01,0,0,,,0,0,""
1b,runG_null_sparse_n2000,null,,2000,events>=Grule,1,EDGE.sym.u.Grule,0.05,0,0,,,0,0,""
1b,runG_null_sparse_n2000,null,,2000,events>=Grule,1,EDGE.sym.u.Grule,0.1,0,0,,,0,0,""
1b,runG_null_sparse_n2000,null,,2000,all,2000,EDGE.sym.sc.Grule,0.01,0.0095,0.00216907238237916,,,0,0.0095,""
1b,runG_null_sparse_n2000,null,,2000,all,2000,EDGE.sym.sc.Grule,0.05,0.0485,0.00480352734977121,,,0,0.0485,""
1b,runG_null_sparse_n2000,null,,2000,all,2000,EDGE.sym.sc.Grule,0.1,0.0985,0.00666324808182916,,,0,0.0985,""
1b,runG_null_sparse_n2000,null,,2000,events<Grule,1999,EDGE.sym.sc.Grule,0.01,0.00950475237618809,0.00217015225494262,,,0,0.00950475237618809,""
1b,runG_null_sparse_n2000,null,,2000,events<Grule,1999,EDGE.sym.sc.Grule,0.05,0.0485242621310655,0.00480586904175237,,,0,0.0485242621310655,""
1b,runG_null_sparse_n2000,null,,2000,events<Grule,1999,EDGE.sym.sc.Grule,0.1,0.0985492746373187,0.00666639917735838,,,0,0.0985492746373187,""
1b,runG_null_sparse_n2000,null,,2000,events>=Grule,1,EDGE.sym.sc.Grule,0.01,0,0,,,0,0,""
1b,runG_null_sparse_n2000,null,,2000,events>=Grule,1,EDGE.sym.sc.Grule,0.05,0,0,,,0,0,""
1b,runG_null_sparse_n2000,null,,2000,events>=Grule,1,EDGE.sym.sc.Grule,0.1,0,0,,,0,0,""
1b,runG_null_sparse_n2000,null,,2000,all,2000,HL.G10,0.01,0.014,0.00262716577322407,,,0,0.014,""
1b,runG_null_sparse_n2000,null,,2000,all,2000,HL.G10,0.05,0.049,0.00482695556225661,,,0,0.049,""
1b,runG_null_sparse_n2000,null,,2000,all,2000,HL.G10,0.1,0.1025,0.00678209960115597,,,0,0.1025,""
1b,runG_null_sparse_n2000,null,,2000,events<Grule,1999,HL.G10,0.01,0.0140070035017509,0.00262847067824231,,,0,0.0140070035017509,""
1b,runG_null_sparse_n2000,null,,2000,events<Grule,1999,HL.G10,0.05,0.0490245122561281,0.00482930800788332,,,0,0.0490245122561281,""
1b,runG_null_sparse_n2000,null,,2000,events<Grule,1999,HL.G10,0.1,0.102551275637819,0.00678529851144238,,,0,0.102551275637819,""
1b,runG_null_sparse_n2000,null,,2000,events>=Grule,1,HL.G10,0.01,0,0,,,0,0,""
1b,runG_null_sparse_n2000,null,,2000,events>=Grule,1,HL.G10,0.05,0,0,,,0,0,""
1b,runG_null_sparse_n2000,null,,2000,events>=Grule,1,HL.G10,0.1,0,0,,,0,0,""
1b,runG_null_sparse_n2000,null,,2000,all,2000,HL.Grule,0.01,0.0175,0.00293204280323463,,,0,0.0175,""
1b,runG_null_sparse_n2000,null,,2000,all,2000,HL.Grule,0.05,0.0565,0.00516273909857936,,,0,0.0565,""
1b,runG_null_sparse_n2000,null,,2000,all,2000,HL.Grule,0.1,0.0965,0.00660256578914591,,,0,0.0965,""
1b,runG_null_sparse_n2000,null,,2000,events<Grule,1999,HL.Grule,0.01,0.0175087543771886,0.00293349648874831,,,0,0.0175087543771886,""
1b,runG_null_sparse_n2000,null,,2000,events<Grule,1999,HL.Grule,0.05,0.056528264132066,0.00516524439092185,,,0,0.056528264132066,""
1b,runG_null_sparse_n2000,null,,2000,events<Grule,1999,HL.Grule,0.1,0.0965482741370685,0.00660569224488456,,,0,0.0965482741370685,""
1b,runG_null_sparse_n2000,null,,2000,events>=Grule,1,HL.Grule,0.01,0,0,,,0,0,""
1b,runG_null_sparse_n2000,null,,2000,events>=Grule,1,HL.Grule,0.05,0,0,,,0,0,""
1b,runG_null_sparse_n2000,null,,2000,events>=Grule,1,HL.Grule,0.1,0,0,,,0,0,""
1b,runG_null_sparse_n2000,null,,2000,all,2000,HLF.G10,0.01,0.012,0.00243474844696531,,,0,0.012,""
1b,runG_null_sparse_n2000,null,,2000,all,2000,HLF.G10,0.05,0.0525,0.00498717104178311,,,0,0.0525,""
1b,runG_null_sparse_n2000,null,,2000,all,2000,HLF.G10,0.1,0.1015,0.00675269390687894,,,0,0.1015,""
1b,runG_null_sparse_n2000,null,,2000,events<Grule,1999,HLF.G10,0.01,0.0120060030015008,0.00243595902980978,,,0,0.0120060030015008,""
1b,runG_null_sparse_n2000,null,,2000,events<Grule,1999,HLF.G10,0.05,0.0525262631315658,0.00498959672160203,,,0,0.0525262631315658,""
1b,runG_null_sparse_n2000,null,,2000,events<Grule,1999,HLF.G10,0.1,0.101550775387694,0.00675588104300687,,,0,0.101550775387694,""
1b,runG_null_sparse_n2000,null,,2000,events>=Grule,1,HLF.G10,0.01,0,0,,,0,0,""
1b,runG_null_sparse_n2000,null,,2000,events>=Grule,1,HLF.G10,0.05,0,0,,,0,0,""
1b,runG_null_sparse_n2000,null,,2000,events>=Grule,1,HLF.G10,0.1,0,0,,,0,0,""
1b,runG_null_sparse_n2000,null,,2000,all,2000,HLF.Grule,0.01,0.0115,0.0023840878758972,,,0,0.0115,""
1b,runG_null_sparse_n2000,null,,2000,all,2000,HLF.Grule,0.05,0.0395,0.00435544199823623,,,0,0.0395,""
1b,runG_null_sparse_n2000,null,,2000,all,2000,HLF.Grule,0.1,0.084,0.00620258010830977,,,0,0.084,""
1b,runG_null_sparse_n2000,null,,2000,events<Grule,1999,HLF.Grule,0.01,0.0115057528764382,0.00238527357521241,,,0,0.0115057528764382,""
1b,runG_null_sparse_n2000,null,,2000,events<Grule,1999,HLF.Grule,0.05,0.03951975987994,0.00435757598484729,,,0,0.03951975987994,""
1b,runG_null_sparse_n2000,null,,2000,events<Grule,1999,HLF.Grule,0.1,0.0840420210105053,0.00620554060695761,,,0,0.0840420210105053,""
1b,runG_null_sparse_n2000,null,,2000,events>=Grule,1,HLF.Grule,0.01,0,0,,,0,0,""
1b,runG_null_sparse_n2000,null,,2000,events>=Grule,1,HLF.Grule,0.05,0,0,,,0,0,""
1b,runG_null_sparse_n2000,null,,2000,events>=Grule,1,HLF.Grule,0.1,0,0,,,0,0,""
1b,runG_null_sparse_n2000,null,,2000,all,2000,Stk.joint,0.01,0.008,0.0019919839356782,,,5e-04,0.0080040020010005,""
1b,runG_null_sparse_n2000,null,,2000,all,2000,Stk.joint,0.05,0.0495,0.0048502448391808,,,5e-04,0.0495247623811906,""
1b,runG_null_sparse_n2000,null,,2000,all,2000,Stk.joint,0.1,0.0875,0.00631837597805006,,,5e-04,0.087543771885943,""
1b,runG_null_sparse_n2000,null,,2000,events<Grule,1999,Stk.joint,0.01,0.0080040020010005,0.00199297640577133,,,0.000500250125062531,0.00800800800800801,""
1b,runG_null_sparse_n2000,null,,2000,events<Grule,1999,Stk.joint,0.05,0.0495247623811906,0.00485260796357615,,,0.000500250125062531,0.0495495495495496,""
1b,runG_null_sparse_n2000,null,,2000,events<Grule,1999,Stk.joint,0.1,0.087543771885943,0.00632138512510608,,,0.000500250125062531,0.0875875875875876,""
1b,runG_null_sparse_n2000,null,,2000,events>=Grule,1,Stk.joint,0.01,0,0,,,0,0,""
1b,runG_null_sparse_n2000,null,,2000,events>=Grule,1,Stk.joint,0.05,0,0,,,0,0,""
1b,runG_null_sparse_n2000,null,,2000,events>=Grule,1,Stk.joint,0.1,0,0,,,0,0,""
1b,runG_null_sparse_n2000,null,,2000,all,2000,Stk.LR,0.01,0.0125,0.00248432586429397,,,0.006,0.0125754527162978,""
1b,runG_null_sparse_n2000,null,,2000,all,2000,Stk.LR,0.05,0.077,0.00596116599332714,,,0.006,0.0774647887323944,""
1b,runG_null_sparse_n2000,null,,2000,all,2000,Stk.LR,0.1,0.1485,0.0079513442259784,,,0.006,0.149396378269618,""
1b,runG_null_sparse_n2000,null,,2000,events<Grule,1999,Stk.LR,0.01,0.0125062531265633,0.00248556077894742,,,0.00600300150075038,0.0125817815802718,""
1b,runG_null_sparse_n2000,null,,2000,events<Grule,1999,Stk.LR,0.05,0.0770385192596298,0.00596402361613396,,,0.00600300150075038,0.0775037745344741,""
1b,runG_null_sparse_n2000,null,,2000,events<Grule,1999,Stk.LR,0.1,0.148574287143572,0.00795497485754466,,,0.00600300150075038,0.149471565173629,""
1b,runG_null_sparse_n2000,null,,2000,events>=Grule,1,Stk.LR,0.01,0,0,,,0,0,""
1b,runG_null_sparse_n2000,null,,2000,events>=Grule,1,Stk.LR,0.05,0,0,,,0,0,""
1b,runG_null_sparse_n2000,null,,2000,events>=Grule,1,Stk.LR,0.1,0,0,,,0,0,""
1b,runG_null_sparse_n2000,null,,2000,all,2000,Stk.sym1,0.01,0.0105,0.00227922684259378,,,0,0.0105,""
1b,runG_null_sparse_n2000,null,,2000,all,2000,Stk.sym1,0.05,0.05,0.00487339717240448,,,0,0.05,""
1b,runG_null_sparse_n2000,null,,2000,all,2000,Stk.sym1,0.1,0.102,0.00676742196113114,,,0,0.102,""
1b,runG_null_sparse_n2000,null,,2000,events<Grule,1999,Stk.sym1,0.01,0.0105052526263132,0.00228036097358953,,,0,0.0105052526263132,""
1b,runG_null_sparse_n2000,null,,2000,events<Grule,1999,Stk.sym1,0.05,0.0500250125062531,0.00487577090170817,,,0,0.0500250125062531,""
1b,runG_null_sparse_n2000,null,,2000,events<Grule,1999,Stk.sym1,0.1,0.102051025512756,0.00677061499909783,,,0,0.102051025512756,""
1b,runG_null_sparse_n2000,null,,2000,events>=Grule,1,Stk.sym1,0.01,0,0,,,0,0,""
1b,runG_null_sparse_n2000,null,,2000,events>=Grule,1,Stk.sym1,0.05,0,0,,,0,0,""
1b,runG_null_sparse_n2000,null,,2000,events>=Grule,1,Stk.sym1,0.1,0,0,,,0,0,""
1b,runG_null_sparse_n2000,null,,2000,all,2000,Stk.marg,0.01,0.0165,0.00284848644019943,,,0.031,0.0170278637770898,""
1b,runG_null_sparse_n2000,null,,2000,all,2000,Stk.marg,0.05,0.0525,0.00498717104178311,,,0.031,0.0541795665634675,""
1b,runG_null_sparse_n2000,null,,2000,all,2000,Stk.marg,0.1,0.0925,0.00647857044416436,,,0.031,0.0954592363261094,""
1b,runG_null_sparse_n2000,null,,2000,events<Grule,1999,Stk.marg,0.01,0.0165082541270635,0.0028498994367819,,,0.0310155077538769,0.0170366546205472,""
1b,runG_null_sparse_n2000,null,,2000,events<Grule,1999,Stk.marg,0.05,0.0525262631315658,0.00498959672160203,,,0.0310155077538769,0.0542075374290139,""
1b,runG_null_sparse_n2000,null,,2000,events<Grule,1999,Stk.marg,0.1,0.0925462731365683,0.00648164609498238,,,0.0310155077538769,0.0955085183273103,""
1b,runG_null_sparse_n2000,null,,2000,events>=Grule,1,Stk.marg,0.01,0,0,,,0,0,""
1b,runG_null_sparse_n2000,null,,2000,events>=Grule,1,Stk.marg,0.05,0,0,,,0,0,""
1b,runG_null_sparse_n2000,null,,2000,events>=Grule,1,Stk.marg,0.1,0,0,,,0,0,""
1b,runG_null_sparse_n2000,null,,2000,all,2000,GiViTI,0.01,0.0105,0.00227922684259378,,,0,0.0105,""
1b,runG_null_sparse_n2000,null,,2000,all,2000,GiViTI,0.05,0.053,0.0050095408971282,,,0,0.053,""
1b,runG_null_sparse_n2000,null,,2000,all,2000,GiViTI,0.1,0.1035,0.00681130494105204,,,0,0.1035,""
1b,runG_null_sparse_n2000,null,,2000,events<Grule,1999,GiViTI,0.01,0.0105052526263132,0.00228036097358953,,,0,0.0105052526263132,""
1b,runG_null_sparse_n2000,null,,2000,events<Grule,1999,GiViTI,0.05,0.0530265132566283,0.00501197675870024,,,0,0.0530265132566283,""
1b,runG_null_sparse_n2000,null,,2000,events<Grule,1999,GiViTI,0.1,0.103551775887944,0.00681451550809032,,,0,0.103551775887944,""
1b,runG_null_sparse_n2000,null,,2000,events>=Grule,1,GiViTI,0.01,0,0,,,0,0,""
1b,runG_null_sparse_n2000,null,,2000,events>=Grule,1,GiViTI,0.05,0,0,,,0,0,""
1b,runG_null_sparse_n2000,null,,2000,events>=Grule,1,GiViTI,0.1,0,0,,,0,0,""
1b,runG_null_sparse_n2000,null,,2000,all,2000,GiViTI.t50,0.01,0.0085,0.00205277251540447,,,0,0.0085,""
1b,runG_null_sparse_n2000,null,,2000,all,2000,GiViTI.t50,0.05,0.059,0.00526872849936301,,,0,0.059,""
1b,runG_null_sparse_n2000,null,,2000,all,2000,GiViTI.t50,0.1,0.1095,0.00698246911915835,,,0,0.1095,""
1b,runG_null_sparse_n2000,null,,2000,events<Grule,1999,GiViTI.t50,0.01,0.00850425212606303,0.0020537950111668,,,0,0.00850425212606303,""
1b,runG_null_sparse_n2000,null,,2000,events<Grule,1999,GiViTI.t50,0.05,0.0590295147573787,0.00527128151181778,,,0,0.0590295147573787,""
1b,runG_null_sparse_n2000,null,,2000,events<Grule,1999,GiViTI.t50,0.1,0.109554777388694,0.00698574723291683,,,0,0.109554777388694,""
1b,runG_null_sparse_n2000,null,,2000,events>=Grule,1,GiViTI.t50,0.01,0,0,,,0,0,""
1b,runG_null_sparse_n2000,null,,2000,events>=Grule,1,GiViTI.t50,0.05,0,0,,,0,0,""
1b,runG_null_sparse_n2000,null,,2000,events>=Grule,1,GiViTI.t50,0.1,0,0,,,0,0,""
1b,runG_null_sparse_n2000,null,,2000,all,2000,Cubic.LR,0.01,0.013,0.00253288373203351,,,0,0.013,""
1b,runG_null_sparse_n2000,null,,2000,all,2000,Cubic.LR,0.05,0.0555,0.00511955808639769,,,0,0.0555,""
1b,runG_null_sparse_n2000,null,,2000,all,2000,Cubic.LR,0.1,0.109,0.00696846468025777,,,0,0.109,""
1b,runG_null_sparse_n2000,null,,2000,events<Grule,1999,Cubic.LR,0.01,0.0130065032516258,0.00253414245878094,,,0,0.0130065032516258,""
1b,runG_null_sparse_n2000,null,,2000,events<Grule,1999,Cubic.LR,0.05,0.055527763881941,0.00512204386224577,,,0,0.055527763881941,""
1b,runG_null_sparse_n2000,null,,2000,events<Grule,1999,Cubic.LR,0.1,0.109054527263632,0.00697173731820741,,,0,0.109054527263632,""
1b,runG_null_sparse_n2000,null,,2000,events>=Grule,1,Cubic.LR,0.01,0,0,,,0,0,""
1b,runG_null_sparse_n2000,null,,2000,events>=Grule,1,Cubic.LR,0.05,0,0,,,0,0,""
1b,runG_null_sparse_n2000,null,,2000,events>=Grule,1,Cubic.LR,0.1,0,0,,,0,0,""
1b,runG_null_sparse_n2000,null,,2000,all,2000,HL_w,0.01,0.007,0.00186426929385215,,,0,0.007,""
1b,runG_null_sparse_n2000,null,,2000,all,2000,HL_w,0.05,0.0475,0.00475624589355933,,,0,0.0475,""
1b,runG_null_sparse_n2000,null,,2000,all,2000,HL_w,0.1,0.1035,0.00681130494105204,,,0,0.1035,""
1b,runG_null_sparse_n2000,null,,2000,events<Grule,1999,HL_w,0.01,0.00700350175087544,0.00186519860603917,,,0,0.00700350175087544,""
1b,runG_null_sparse_n2000,null,,2000,events<Grule,1999,HL_w,0.05,0.0475237618809405,0.00475856584942183,,,0,0.0475237618809405,""
1b,runG_null_sparse_n2000,null,,2000,events<Grule,1999,HL_w,0.1,0.103551775887944,0.00681451550809032,,,0,0.103551775887944,""
1b,runG_null_sparse_n2000,null,,2000,events>=Grule,1,HL_w,0.01,0,0,,,0,0,""
1b,runG_null_sparse_n2000,null,,2000,events>=Grule,1,HL_w,0.05,0,0,,,0,0,""
1b,runG_null_sparse_n2000,null,,2000,events>=Grule,1,HL_w,0.1,0,0,,,0,0,""
1b,runG_null_sparse_n2000,null,,2000,all,2000,PH,0.01,0.01,0.0022248595461287,,,0,0.01,""
1b,runG_null_sparse_n2000,null,,2000,all,2000,PH,0.05,0.035,0.00410944035119139,,,0,0.035,""
1b,runG_null_sparse_n2000,null,,2000,all,2000,PH,0.1,0.0645,0.00549271107923947,,,0,0.0645,""
1b,runG_null_sparse_n2000,null,,2000,events<Grule,1999,PH,0.01,0.0100050025012506,0.00222596690843306,,,0,0.0100050025012506,""
1b,runG_null_sparse_n2000,null,,2000,events<Grule,1999,PH,0.05,0.0350175087543772,0.00411145880001725,,,0,0.0350175087543772,""
1b,runG_null_sparse_n2000,null,,2000,events<Grule,1999,PH,0.1,0.0645322661330665,0.0054953640364716,,,0,0.0645322661330665,""
1b,runG_null_sparse_n2000,null,,2000,events>=Grule,1,PH,0.01,0,0,,,0,0,""
1b,runG_null_sparse_n2000,null,,2000,events>=Grule,1,PH,0.05,0,0,,,0,0,""
1b,runG_null_sparse_n2000,null,,2000,events>=Grule,1,PH,0.1,0,0,,,0,0,""
1b,runG_null_sparse_n2000,null,,2000,all,2000,Tsiatis,0.01,0.01,0.0022248595461287,,,0,0.01,""
1b,runG_null_sparse_n2000,null,,2000,all,2000,Tsiatis,0.05,0.0445,0.00461084319837489,,,0,0.0445,""
1b,runG_null_sparse_n2000,null,,2000,all,2000,Tsiatis,0.1,0.096,0.00658726043207645,,,0,0.096,""
1b,runG_null_sparse_n2000,null,,2000,events<Grule,1999,Tsiatis,0.01,0.0100050025012506,0.00222596690843306,,,0,0.0100050025012506,""
1b,runG_null_sparse_n2000,null,,2000,events<Grule,1999,Tsiatis,0.05,0.0445222611305653,0.00461309603462857,,,0,0.0445222611305653,""
1b,runG_null_sparse_n2000,null,,2000,events<Grule,1999,Tsiatis,0.1,0.096048024012006,0.00659038064957182,,,0,0.096048024012006,""
1b,runG_null_sparse_n2000,null,,2000,events>=Grule,1,Tsiatis,0.01,0,0,,,0,0,""
1b,runG_null_sparse_n2000,null,,2000,events>=Grule,1,Tsiatis,0.05,0,0,,,0,0,""
1b,runG_null_sparse_n2000,null,,2000,events>=Grule,1,Tsiatis,0.1,0,0,,,0,0,""
1b,runG_null_sparse_n2000,null,,2000,all,2000,Xie,0.01,0.008,0.0019919839356782,,,0,0.008,""
1b,runG_null_sparse_n2000,null,,2000,all,2000,Xie,0.05,0.035,0.00410944035119139,,,0,0.035,""
1b,runG_null_sparse_n2000,null,,2000,all,2000,Xie,0.1,0.0765,0.00594338918463195,,,0,0.0765,""
1b,runG_null_sparse_n2000,null,,2000,events<Grule,1999,Xie,0.01,0.0080040020010005,0.00199297640577133,,,0,0.0080040020010005,""
1b,runG_null_sparse_n2000,null,,2000,events<Grule,1999,Xie,0.05,0.0350175087543772,0.00411145880001725,,,0,0.0350175087543772,""
1b,runG_null_sparse_n2000,null,,2000,events<Grule,1999,Xie,0.1,0.0765382691345673,0.00594623915818133,,,0,0.0765382691345673,""
1b,runG_null_sparse_n2000,null,,2000,events>=Grule,1,Xie,0.01,0,0,,,0,0,""
1b,runG_null_sparse_n2000,null,,2000,events>=Grule,1,Xie,0.05,0,0,,,0,0,""
1b,runG_null_sparse_n2000,null,,2000,events>=Grule,1,Xie,0.1,0,0,,,0,0,""
1b,runG_null_sparse_n2000,null,,2000,all,2000,PR,0.01,0,0,,,1,,no p-value in any replicate
1b,runG_null_sparse_n2000,null,,2000,all,2000,PR,0.05,0,0,,,1,,no p-value in any replicate
1b,runG_null_sparse_n2000,null,,2000,all,2000,PR,0.1,0,0,,,1,,no p-value in any replicate
1b,runG_null_sparse_n2000,null,,2000,events<Grule,1999,PR,0.01,0,0,,,1,,no p-value in any replicate
1b,runG_null_sparse_n2000,null,,2000,events<Grule,1999,PR,0.05,0,0,,,1,,no p-value in any replicate
1b,runG_null_sparse_n2000,null,,2000,events<Grule,1999,PR,0.1,0,0,,,1,,no p-value in any replicate
1b,runG_null_sparse_n2000,null,,2000,events>=Grule,1,PR,0.01,0,0,,,1,,no p-value in any replicate
1b,runG_null_sparse_n2000,null,,2000,events>=Grule,1,PR,0.05,0,0,,,1,,no p-value in any replicate
1b,runG_null_sparse_n2000,null,,2000,events>=Grule,1,PR,0.1,0,0,,,1,,no p-value in any replicate
1b,runG_null_sparse_n10000,null,,10000,all,2000,flag.evlt.G10,,0,,,,0,,flag rate: share of replicates with the flag = 1
1b,runG_null_sparse_n10000,null,,10000,all,2000,flag.evlt.Grule,,1,,,,0,,flag rate: share of replicates with the flag = 1
1b,runG_null_sparse_n10000,null,,10000,all,2000,flag.stk_half0,,0,,,,0,,flag rate: share of replicates with the flag = 1
1b,runG_null_sparse_n10000,null,,10000,all,2000,flag.stk_diag,,0.109,,,,0,,flag rate: share of replicates with the flag = 1
1b,runG_null_sparse_n10000,null,,10000,all,2000,flag.rivals_run,,0,,,,0,,flag rate: share of replicates with the flag = 1
1b,runG_null_sparse_n10000,null,,10000,all,2000,flag.degenerate,,0,,,,0,,flag rate: share of replicates with the flag = 1
1b,runG_null_sparse_n10000,null,,10000,all,2000,flag.info_guard,,0,,,,0,,flag rate: share of replicates with the flag = 1
1b,runG_null_sparse_n10000,null,,10000,all,2000,flag.rep_error,,0,,,,0,,flag rate: share of replicates with the flag = 1
1b,runG_null_sparse_n10000,null,,10000,all,2000,EDGE.poly3.u.G10,0.01,0.0115,0.0023840878758972,,,0,0.0115,""
1b,runG_null_sparse_n10000,null,,10000,all,2000,EDGE.poly3.u.G10,0.05,0.049,0.00482695556225661,,,0,0.049,""
1b,runG_null_sparse_n10000,null,,10000,all,2000,EDGE.poly3.u.G10,0.1,0.1075,0.00692617318582202,,,0,0.1075,""
1b,runG_null_sparse_n10000,null,,10000,all,2000,EDGE.poly3.sc.G10,0.01,0.0095,0.00216907238237916,,,0,0.0095,""
1b,runG_null_sparse_n10000,null,,10000,all,2000,EDGE.poly3.sc.G10,0.05,0.0545,0.00507591124823908,,,0,0.0545,""
1b,runG_null_sparse_n10000,null,,10000,all,2000,EDGE.poly3.sc.G10,0.1,0.0985,0.00666324808182916,,,0,0.0985,""
1b,runG_null_sparse_n10000,null,,10000,all,2000,EDGE.poly2.u.G10,0.01,0.0145,0.00267298989897081,,,0,0.0145,""
1b,runG_null_sparse_n10000,null,,10000,all,2000,EDGE.poly2.u.G10,0.05,0.051,0.00491929873051028,,,0,0.051,""
1b,runG_null_sparse_n10000,null,,10000,all,2000,EDGE.poly2.u.G10,0.1,0.1,0.00670820393249937,,,0,0.1,""
1b,runG_null_sparse_n10000,null,,10000,all,2000,EDGE.poly2.sc.G10,0.01,0.009,0.00211175282644537,,,0,0.009,""
1b,runG_null_sparse_n10000,null,,10000,all,2000,EDGE.poly2.sc.G10,0.05,0.05,0.00487339717240448,,,0,0.05,""
1b,runG_null_sparse_n10000,null,,10000,all,2000,EDGE.poly2.sc.G10,0.1,0.0995,0.00669327087454258,,,0,0.0995,""
1b,runG_null_sparse_n10000,null,,10000,all,2000,EDGE.stk.u.G10,0.01,0.012,0.00243474844696531,,,0,0.012,""
1b,runG_null_sparse_n10000,null,,10000,all,2000,EDGE.stk.u.G10,0.05,0.051,0.00491929873051028,,,0,0.051,""
1b,runG_null_sparse_n10000,null,,10000,all,2000,EDGE.stk.u.G10,0.1,0.0945,0.00654101482951996,,,0,0.0945,""
1b,runG_null_sparse_n10000,null,,10000,all,2000,EDGE.stk.sc.G10,0.01,0.01,0.0022248595461287,,,0,0.01,""
1b,runG_null_sparse_n10000,null,,10000,all,2000,EDGE.stk.sc.G10,0.05,0.0485,0.00480352734977121,,,0,0.0485,""
1b,runG_null_sparse_n10000,null,,10000,all,2000,EDGE.stk.sc.G10,0.1,0.0975,0.00663301402079025,,,0,0.0975,""
1b,runG_null_sparse_n10000,null,,10000,all,2000,EDGE.sym.u.G10,0.01,0.01,0.0022248595461287,,,0,0.01,""
1b,runG_null_sparse_n10000,null,,10000,all,2000,EDGE.sym.u.G10,0.05,0.048,0.00477995815881269,,,0,0.048,""
1b,runG_null_sparse_n10000,null,,10000,all,2000,EDGE.sym.u.G10,0.1,0.0975,0.00663301402079025,,,0,0.0975,""
1b,runG_null_sparse_n10000,null,,10000,all,2000,EDGE.sym.sc.G10,0.01,0.008,0.0019919839356782,,,0,0.008,""
1b,runG_null_sparse_n10000,null,,10000,all,2000,EDGE.sym.sc.G10,0.05,0.042,0.00448530935387962,,,0,0.042,""
1b,runG_null_sparse_n10000,null,,10000,all,2000,EDGE.sym.sc.G10,0.1,0.0935,0.00650990591329859,,,0,0.0935,""
1b,runG_null_sparse_n10000,null,,10000,all,2000,EDGE.poly3.u.Grule,0.01,0.0095,0.00216907238237916,,,0,0.0095,""
1b,runG_null_sparse_n10000,null,,10000,all,2000,EDGE.poly3.u.Grule,0.05,0.0425,0.00451075104611194,,,0,0.0425,""
1b,runG_null_sparse_n10000,null,,10000,all,2000,EDGE.poly3.u.Grule,0.1,0.1005,0.00672308522926788,,,0,0.1005,""
1b,runG_null_sparse_n10000,null,,10000,all,2000,EDGE.poly3.sc.Grule,0.01,0.0075,0.00192921616207205,,,0,0.0075,""
1b,runG_null_sparse_n10000,null,,10000,all,2000,EDGE.poly3.sc.Grule,0.05,0.0445,0.00461084319837489,,,0,0.0445,""
1b,runG_null_sparse_n10000,null,,10000,all,2000,EDGE.poly3.sc.Grule,0.1,0.0935,0.00650990591329859,,,0,0.0935,""
1b,runG_null_sparse_n10000,null,,10000,all,2000,EDGE.poly2.u.Grule,0.01,0.0075,0.00192921616207205,,,0,0.0075,""
1b,runG_null_sparse_n10000,null,,10000,all,2000,EDGE.poly2.u.Grule,0.05,0.048,0.00477995815881269,,,0,0.048,""
1b,runG_null_sparse_n10000,null,,10000,all,2000,EDGE.poly2.u.Grule,0.1,0.101,0.00673791510780598,,,0,0.101,""
1b,runG_null_sparse_n10000,null,,10000,all,2000,EDGE.poly2.sc.Grule,0.01,0.01,0.0022248595461287,,,0,0.01,""
1b,runG_null_sparse_n10000,null,,10000,all,2000,EDGE.poly2.sc.Grule,0.05,0.0485,0.00480352734977121,,,0,0.0485,""
1b,runG_null_sparse_n10000,null,,10000,all,2000,EDGE.poly2.sc.Grule,0.1,0.106,0.00688345843308435,,,0,0.106,""
1b,runG_null_sparse_n10000,null,,10000,all,2000,EDGE.stk.u.Grule,0.01,0.0085,0.00205277251540447,,,0,0.0085,""
1b,runG_null_sparse_n10000,null,,10000,all,2000,EDGE.stk.u.Grule,0.05,0.045,0.00463546114210873,,,0,0.045,""
1b,runG_null_sparse_n10000,null,,10000,all,2000,EDGE.stk.u.Grule,0.1,0.097,0.00661781686056663,,,0,0.097,""
1b,runG_null_sparse_n10000,null,,10000,all,2000,EDGE.stk.sc.Grule,0.01,0.013,0.00253288373203351,,,0,0.013,""
1b,runG_null_sparse_n10000,null,,10000,all,2000,EDGE.stk.sc.Grule,0.05,0.0475,0.00475624589355933,,,0,0.0475,""
1b,runG_null_sparse_n10000,null,,10000,all,2000,EDGE.stk.sc.Grule,0.1,0.093,0.00649426670225361,,,0,0.093,""
1b,runG_null_sparse_n10000,null,,10000,all,2000,EDGE.sym.u.Grule,0.01,0.011,0.00233227356885937,,,0,0.011,""
1b,runG_null_sparse_n10000,null,,10000,all,2000,EDGE.sym.u.Grule,0.05,0.05,0.00487339717240448,,,0,0.05,""
1b,runG_null_sparse_n10000,null,,10000,all,2000,EDGE.sym.u.Grule,0.1,0.1015,0.00675269390687894,,,0,0.1015,""
1b,runG_null_sparse_n10000,null,,10000,all,2000,EDGE.sym.sc.Grule,0.01,0.0105,0.00227922684259378,,,0,0.0105,""
1b,runG_null_sparse_n10000,null,,10000,all,2000,EDGE.sym.sc.Grule,0.05,0.0505,0.00489641450451246,,,0,0.0505,""
1b,runG_null_sparse_n10000,null,,10000,all,2000,EDGE.sym.sc.Grule,0.1,0.0965,0.00660256578914591,,,0,0.0965,""
1b,runG_null_sparse_n10000,null,,10000,all,2000,HL.G10,0.01,0.012,0.00243474844696531,,,0,0.012,""
1b,runG_null_sparse_n10000,null,,10000,all,2000,HL.G10,0.05,0.057,0.00518415856238985,,,0,0.057,""
1b,runG_null_sparse_n10000,null,,10000,all,2000,HL.G10,0.1,0.116,0.00716044691342656,,,0,0.116,""
1b,runG_null_sparse_n10000,null,,10000,all,2000,HL.Grule,0.01,0.0245,0.00345685912353975,,,0,0.0245,""
1b,runG_null_sparse_n10000,null,,10000,all,2000,HL.Grule,0.05,0.07,0.00570526073023837,,,0,0.07,""
1b,runG_null_sparse_n10000,null,,10000,all,2000,HL.Grule,0.1,0.1175,0.00720047741472744,,,0,0.1175,""
1b,runG_null_sparse_n10000,null,,10000,all,2000,HLF.G10,0.01,0.012,0.00243474844696531,,,0,0.012,""
1b,runG_null_sparse_n10000,null,,10000,all,2000,HLF.G10,0.05,0.057,0.00518415856238985,,,0,0.057,""
1b,runG_null_sparse_n10000,null,,10000,all,2000,HLF.G10,0.1,0.114,0.00710647591989166,,,0,0.114,""
1b,runG_null_sparse_n10000,null,,10000,all,2000,HLF.Grule,0.01,0.0165,0.00284848644019943,,,0,0.0165,""
1b,runG_null_sparse_n10000,null,,10000,all,2000,HLF.Grule,0.05,0.054,0.00505390937789747,,,0,0.054,""
1b,runG_null_sparse_n10000,null,,10000,all,2000,HLF.Grule,0.1,0.102,0.00676742196113114,,,0,0.102,""
1b,runG_null_sparse_n10000,null,,10000,all,2000,Stk.joint,0.01,0.0205,0.00316857617866448,,,0,0.0205,""
1b,runG_null_sparse_n10000,null,,10000,all,2000,Stk.joint,0.05,0.0585,0.0052477495176504,,,0,0.0585,""
1b,runG_null_sparse_n10000,null,,10000,all,2000,Stk.joint,0.1,0.0915,0.00644700511865781,,,0,0.0915,""
1b,runG_null_sparse_n10000,null,,10000,all,2000,Stk.LR,0.01,0.017,0.00289058817544112,,,0,0.017,""
1b,runG_null_sparse_n10000,null,,10000,all,2000,Stk.LR,0.05,0.0715,0.00576141258720463,,,0,0.0715,""
1b,runG_null_sparse_n10000,null,,10000,all,2000,Stk.LR,0.1,0.1135,0.00709287494602858,,,0,0.1135,""
1b,runG_null_sparse_n10000,null,,10000,all,2000,Stk.sym1,0.01,0.009,0.00211175282644537,,,0,0.009,""
1b,runG_null_sparse_n10000,null,,10000,all,2000,Stk.sym1,0.05,0.0515,0.00494205169944629,,,0,0.0515,""
1b,runG_null_sparse_n10000,null,,10000,all,2000,Stk.sym1,0.1,0.099,0.00667828570817392,,,0,0.099,""
1b,runG_null_sparse_n10000,null,,10000,all,2000,Stk.marg,0.01,0.0285,0.0037207358143249,,,0,0.0285,""
1b,runG_null_sparse_n10000,null,,10000,all,2000,Stk.marg,0.05,0.0585,0.0052477495176504,,,0,0.0585,""
1b,runG_null_sparse_n10000,null,,10000,all,2000,Stk.marg,0.1,0.0885,0.00635089560613304,,,0,0.0885,""
1b,runG_null_sparse_n10000,null,,10000,all,2000,GiViTI,0.01,0.0085,0.00205277251540447,,,0,0.0085,""
1b,runG_null_sparse_n10000,null,,10000,all,2000,GiViTI,0.05,0.0505,0.00489641450451246,,,0,0.0505,""
1b,runG_null_sparse_n10000,null,,10000,all,2000,GiViTI,0.1,0.094,0.00652548848746207,,,0,0.094,""
1b,runG_null_sparse_n10000,null,,10000,all,2000,GiViTI.t50,0.01,0.0105,0.00227922684259378,,,0,0.0105,""
1b,runG_null_sparse_n10000,null,,10000,all,2000,GiViTI.t50,0.05,0.052,0.00496467521596328,,,0,0.052,""
1b,runG_null_sparse_n10000,null,,10000,all,2000,GiViTI.t50,0.1,0.102,0.00676742196113114,,,0,0.102,""
1b,runG_null_sparse_n10000,null,,10000,all,2000,Cubic.LR,0.01,0.009,0.00211175282644537,,,0,0.009,""
1b,runG_null_sparse_n10000,null,,10000,all,2000,Cubic.LR,0.05,0.057,0.00518415856238985,,,0,0.057,""
1b,runG_null_sparse_n10000,null,,10000,all,2000,Cubic.LR,0.1,0.102,0.00676742196113114,,,0,0.102,""
1b,runG_null_sparse_n10000,null,,10000,all,2000,HL_w,0.01,0,0,,,1,,"not run (n >= 10,000)"
1b,runG_null_sparse_n10000,null,,10000,all,2000,HL_w,0.05,0,0,,,1,,"not run (n >= 10,000)"
1b,runG_null_sparse_n10000,null,,10000,all,2000,HL_w,0.1,0,0,,,1,,"not run (n >= 10,000)"
1b,runG_null_sparse_n10000,null,,10000,all,2000,PH,0.01,0,0,,,1,,"not run (n >= 10,000)"
1b,runG_null_sparse_n10000,null,,10000,all,2000,PH,0.05,0,0,,,1,,"not run (n >= 10,000)"
1b,runG_null_sparse_n10000,null,,10000,all,2000,PH,0.1,0,0,,,1,,"not run (n >= 10,000)"
1b,runG_null_sparse_n10000,null,,10000,all,2000,Tsiatis,0.01,0,0,,,1,,"not run (n >= 10,000)"
1b,runG_null_sparse_n10000,null,,10000,all,2000,Tsiatis,0.05,0,0,,,1,,"not run (n >= 10,000)"
1b,runG_null_sparse_n10000,null,,10000,all,2000,Tsiatis,0.1,0,0,,,1,,"not run (n >= 10,000)"
1b,runG_null_sparse_n10000,null,,10000,all,2000,Xie,0.01,0,0,,,1,,"not run (n >= 10,000)"
1b,runG_null_sparse_n10000,null,,10000,all,2000,Xie,0.05,0,0,,,1,,"not run (n >= 10,000)"
1b,runG_null_sparse_n10000,null,,10000,all,2000,Xie,0.1,0,0,,,1,,"not run (n >= 10,000)"
1b,runG_null_sparse_n10000,null,,10000,all,2000,PR,0.01,0,0,,,1,,"not run (n >= 10,000)"
1b,runG_null_sparse_n10000,null,,10000,all,2000,PR,0.05,0,0,,,1,,"not run (n >= 10,000)"
1b,runG_null_sparse_n10000,null,,10000,all,2000,PR,0.1,0,0,,,1,,"not run (n >= 10,000)"
1b,runA_null_p20_n1000,null,,1000,all,2000,flag.evlt.G10,,0,,,,0,,flag rate: share of replicates with the flag = 1
1b,runA_null_p20_n1000,null,,1000,all,2000,flag.evlt.Grule,,0,,,,0,,flag rate: share of replicates with the flag = 1
1b,runA_null_p20_n1000,null,,1000,all,2000,flag.evlt.G20,,0,,,,0,,flag rate: share of replicates with the flag = 1
1b,runA_null_p20_n1000,null,,1000,all,2000,flag.stk_half0,,0,,,,0,,flag rate: share of replicates with the flag = 1
1b,runA_null_p20_n1000,null,,1000,all,2000,flag.stk_diag,,0,,,,0,,flag rate: share of replicates with the flag = 1
1b,runA_null_p20_n1000,null,,1000,all,2000,flag.rivals_run,,1,,,,0,,flag rate: share of replicates with the flag = 1
1b,runA_null_p20_n1000,null,,1000,all,2000,flag.degenerate,,0,,,,0,,flag rate: share of replicates with the flag = 1
1b,runA_null_p20_n1000,null,,1000,all,2000,flag.info_guard,,0,,,,0,,flag rate: share of replicates with the flag = 1
1b,runA_null_p20_n1000,null,,1000,all,2000,flag.rep_error,,0,,,,0,,flag rate: share of replicates with the flag = 1
1b,runA_null_p20_n1000,null,,1000,all,2000,EDGE.poly3.u.G10,0.01,0.0085,0.00205277251540447,,,0,0.0085,""
1b,runA_null_p20_n1000,null,,1000,all,2000,EDGE.poly3.u.G10,0.05,0.045,0.00463546114210873,,,0,0.045,""
1b,runA_null_p20_n1000,null,,1000,all,2000,EDGE.poly3.u.G10,0.1,0.0995,0.00669327087454258,,,0,0.0995,""
1b,runA_null_p20_n1000,null,,1000,all,2000,EDGE.poly3.sc.G10,0.01,0.011,0.00233227356885937,,,0,0.011,""
1b,runA_null_p20_n1000,null,,1000,all,2000,EDGE.poly3.sc.G10,0.05,0.05,0.00487339717240448,,,0,0.05,""
1b,runA_null_p20_n1000,null,,1000,all,2000,EDGE.poly3.sc.G10,0.1,0.099,0.00667828570817392,,,0,0.099,""
1b,runA_null_p20_n1000,null,,1000,all,2000,EDGE.poly2.u.G10,0.01,0.0115,0.0023840878758972,,,0,0.0115,""
1b,runA_null_p20_n1000,null,,1000,all,2000,EDGE.poly2.u.G10,0.05,0.056,0.00514120608417908,,,0,0.056,""
1b,runA_null_p20_n1000,null,,1000,all,2000,EDGE.poly2.u.G10,0.1,0.106,0.00688345843308435,,,0,0.106,""
1b,runA_null_p20_n1000,null,,1000,all,2000,EDGE.poly2.sc.G10,0.01,0.009,0.00211175282644537,,,0,0.009,""
1b,runA_null_p20_n1000,null,,1000,all,2000,EDGE.poly2.sc.G10,0.05,0.0495,0.0048502448391808,,,0,0.0495,""
1b,runA_null_p20_n1000,null,,1000,all,2000,EDGE.poly2.sc.G10,0.1,0.1005,0.00672308522926788,,,0,0.1005,""
1b,runA_null_p20_n1000,null,,1000,all,2000,EDGE.stk.u.G10,0.01,0.0065,0.00179690706493129,,,0,0.0065,""
1b,runA_null_p20_n1000,null,,1000,all,2000,EDGE.stk.u.G10,0.05,0.046,0.00468422885862764,,,0,0.046,""
1b,runA_null_p20_n1000,null,,1000,all,2000,EDGE.stk.u.G10,0.1,0.091,0.00643113520305708,,,0,0.091,""
1b,runA_null_p20_n1000,null,,1000,all,2000,EDGE.stk.sc.G10,0.01,0.011,0.00233227356885937,,,0,0.011,""
1b,runA_null_p20_n1000,null,,1000,all,2000,EDGE.stk.sc.G10,0.05,0.048,0.00477995815881269,,,0,0.048,""
1b,runA_null_p20_n1000,null,,1000,all,2000,EDGE.stk.sc.G10,0.1,0.098,0.00664815763952691,,,0,0.098,""
1b,runA_null_p20_n1000,null,,1000,all,2000,EDGE.sym.u.G10,0.01,0.008,0.0019919839356782,,,0,0.008,""
1b,runA_null_p20_n1000,null,,1000,all,2000,EDGE.sym.u.G10,0.05,0.046,0.00468422885862764,,,0,0.046,""
1b,runA_null_p20_n1000,null,,1000,all,2000,EDGE.sym.u.G10,0.1,0.097,0.00661781686056663,,,0,0.097,""
1b,runA_null_p20_n1000,null,,1000,all,2000,EDGE.sym.sc.G10,0.01,0.0075,0.00192921616207205,,,0,0.0075,""
1b,runA_null_p20_n1000,null,,1000,all,2000,EDGE.sym.sc.G10,0.05,0.0475,0.00475624589355933,,,0,0.0475,""
1b,runA_null_p20_n1000,null,,1000,all,2000,EDGE.sym.sc.G10,0.1,0.0945,0.00654101482951996,,,0,0.0945,""
1b,runA_null_p20_n1000,null,,1000,all,2000,EDGE.poly3.u.Grule,0.01,0.011,0.00233227356885937,,,0,0.011,""
1b,runA_null_p20_n1000,null,,1000,all,2000,EDGE.poly3.u.Grule,0.05,0.0455,0.00465992220965114,,,0,0.0455,""
1b,runA_null_p20_n1000,null,,1000,all,2000,EDGE.poly3.u.Grule,0.1,0.0985,0.00666324808182916,,,0,0.0985,""
1b,runA_null_p20_n1000,null,,1000,all,2000,EDGE.poly3.sc.Grule,0.01,0.0085,0.00205277251540447,,,0,0.0085,""
1b,runA_null_p20_n1000,null,,1000,all,2000,EDGE.poly3.sc.Grule,0.05,0.0515,0.00494205169944629,,,0,0.0515,""
1b,runA_null_p20_n1000,null,,1000,all,2000,EDGE.poly3.sc.Grule,0.1,0.0965,0.00660256578914591,,,0,0.0965,""
1b,runA_null_p20_n1000,null,,1000,all,2000,EDGE.poly2.u.Grule,0.01,0.0105,0.00227922684259378,,,0,0.0105,""
1b,runA_null_p20_n1000,null,,1000,all,2000,EDGE.poly2.u.Grule,0.05,0.0535,0.00503178646208283,,,0,0.0535,""
1b,runA_null_p20_n1000,null,,1000,all,2000,EDGE.poly2.u.Grule,0.1,0.105,0.00685474288358068,,,0,0.105,""
1b,runA_null_p20_n1000,null,,1000,all,2000,EDGE.poly2.sc.Grule,0.01,0.013,0.00253288373203351,,,0,0.013,""
1b,runA_null_p20_n1000,null,,1000,all,2000,EDGE.poly2.sc.Grule,0.05,0.0475,0.00475624589355933,,,0,0.0475,""
1b,runA_null_p20_n1000,null,,1000,all,2000,EDGE.poly2.sc.Grule,0.1,0.095,0.0065564853389602,,,0,0.095,""
1b,runA_null_p20_n1000,null,,1000,all,2000,EDGE.stk.u.Grule,0.01,0.01,0.0022248595461287,,,0,0.01,""
1b,runA_null_p20_n1000,null,,1000,all,2000,EDGE.stk.u.Grule,0.05,0.045,0.00463546114210873,,,0,0.045,""
1b,runA_null_p20_n1000,null,,1000,all,2000,EDGE.stk.u.Grule,0.1,0.095,0.0065564853389602,,,0,0.095,""
1b,runA_null_p20_n1000,null,,1000,all,2000,EDGE.stk.sc.Grule,0.01,0.011,0.00233227356885937,,,0,0.011,""
1b,runA_null_p20_n1000,null,,1000,all,2000,EDGE.stk.sc.Grule,0.05,0.0535,0.00503178646208283,,,0,0.0535,""
1b,runA_null_p20_n1000,null,,1000,all,2000,EDGE.stk.sc.Grule,0.1,0.1015,0.00675269390687894,,,0,0.1015,""
1b,runA_null_p20_n1000,null,,1000,all,2000,EDGE.sym.u.Grule,0.01,0.008,0.0019919839356782,,,0,0.008,""
1b,runA_null_p20_n1000,null,,1000,all,2000,EDGE.sym.u.Grule,0.05,0.0435,0.00456112650559048,,,0,0.0435,""
1b,runA_null_p20_n1000,null,,1000,all,2000,EDGE.sym.u.Grule,0.1,0.1015,0.00675269390687894,,,0,0.1015,""
1b,runA_null_p20_n1000,null,,1000,all,2000,EDGE.sym.sc.Grule,0.01,0.0085,0.00205277251540447,,,0,0.0085,""
1b,runA_null_p20_n1000,null,,1000,all,2000,EDGE.sym.sc.Grule,0.05,0.046,0.00468422885862764,,,0,0.046,""
1b,runA_null_p20_n1000,null,,1000,all,2000,EDGE.sym.sc.Grule,0.1,0.0945,0.00654101482951996,,,0,0.0945,""
1b,runA_null_p20_n1000,null,,1000,all,2000,EDGE.poly3.u.G20,0.01,0.012,0.00243474844696531,,,0,0.012,""
1b,runA_null_p20_n1000,null,,1000,all,2000,EDGE.poly3.u.G20,0.05,0.0425,0.00451075104611194,,,0,0.0425,""
1b,runA_null_p20_n1000,null,,1000,all,2000,EDGE.poly3.u.G20,0.1,0.1005,0.00672308522926788,,,0,0.1005,""
1b,runA_null_p20_n1000,null,,1000,all,2000,EDGE.poly3.sc.G20,0.01,0.011,0.00233227356885937,,,0,0.011,""
1b,runA_null_p20_n1000,null,,1000,all,2000,EDGE.poly3.sc.G20,0.05,0.057,0.00518415856238985,,,0,0.057,""
1b,runA_null_p20_n1000,null,,1000,all,2000,EDGE.poly3.sc.G20,0.1,0.098,0.00664815763952691,,,0,0.098,""
1b,runA_null_p20_n1000,null,,1000,all,2000,EDGE.poly2.u.G20,0.01,0.011,0.00233227356885937,,,0,0.011,""
1b,runA_null_p20_n1000,null,,1000,all,2000,EDGE.poly2.u.G20,0.05,0.0555,0.00511955808639769,,,0,0.0555,""
1b,runA_null_p20_n1000,null,,1000,all,2000,EDGE.poly2.u.G20,0.1,0.105,0.00685474288358068,,,0,0.105,""
1b,runA_null_p20_n1000,null,,1000,all,2000,EDGE.poly2.sc.G20,0.01,0.0145,0.00267298989897081,,,0,0.0145,""
1b,runA_null_p20_n1000,null,,1000,all,2000,EDGE.poly2.sc.G20,0.05,0.049,0.00482695556225661,,,0,0.049,""
1b,runA_null_p20_n1000,null,,1000,all,2000,EDGE.poly2.sc.G20,0.1,0.1,0.00670820393249937,,,0,0.1,""
1b,runA_null_p20_n1000,null,,1000,all,2000,EDGE.stk.u.G20,0.01,0.0115,0.0023840878758972,,,0,0.0115,""
1b,runA_null_p20_n1000,null,,1000,all,2000,EDGE.stk.u.G20,0.05,0.046,0.00468422885862764,,,0,0.046,""
1b,runA_null_p20_n1000,null,,1000,all,2000,EDGE.stk.u.G20,0.1,0.093,0.00649426670225361,,,0,0.093,""
1b,runA_null_p20_n1000,null,,1000,all,2000,EDGE.stk.sc.G20,0.01,0.0135,0.00258047960658479,,,0,0.0135,""
1b,runA_null_p20_n1000,null,,1000,all,2000,EDGE.stk.sc.G20,0.05,0.0525,0.00498717104178311,,,0,0.0525,""
1b,runA_null_p20_n1000,null,,1000,all,2000,EDGE.stk.sc.G20,0.1,0.099,0.00667828570817392,,,0,0.099,""
1b,runA_null_p20_n1000,null,,1000,all,2000,EDGE.sym.u.G20,0.01,0.0075,0.00192921616207205,,,0,0.0075,""
1b,runA_null_p20_n1000,null,,1000,all,2000,EDGE.sym.u.G20,0.05,0.0485,0.00480352734977121,,,0,0.0485,""
1b,runA_null_p20_n1000,null,,1000,all,2000,EDGE.sym.u.G20,0.1,0.102,0.00676742196113114,,,0,0.102,""
1b,runA_null_p20_n1000,null,,1000,all,2000,EDGE.sym.sc.G20,0.01,0.009,0.00211175282644537,,,0,0.009,""
1b,runA_null_p20_n1000,null,,1000,all,2000,EDGE.sym.sc.G20,0.05,0.0485,0.00480352734977121,,,0,0.0485,""
1b,runA_null_p20_n1000,null,,1000,all,2000,EDGE.sym.sc.G20,0.1,0.104,0.00682583328246449,,,0,0.104,""
1b,runA_null_p20_n1000,null,,1000,all,2000,HL.G10,0.01,0.007,0.00186426929385215,,,0,0.007,""
1b,runA_null_p20_n1000,null,,1000,all,2000,HL.G10,0.05,0.039,0.00432891441356837,,,0,0.039,""
1b,runA_null_p20_n1000,null,,1000,all,2000,HL.G10,0.1,0.0865,0.00628560856242258,,,0,0.0865,""
1b,runA_null_p20_n1000,null,,1000,all,2000,HL.Grule,0.01,0.0105,0.00227922684259378,,,0,0.0105,""
1b,runA_null_p20_n1000,null,,1000,all,2000,HL.Grule,0.05,0.051,0.00491929873051028,,,0,0.051,""
1b,runA_null_p20_n1000,null,,1000,all,2000,HL.Grule,0.1,0.093,0.00649426670225361,,,0,0.093,""
1b,runA_null_p20_n1000,null,,1000,all,2000,HL.G20,0.01,0.01,0.0022248595461287,,,0,0.01,""
1b,runA_null_p20_n1000,null,,1000,all,2000,HL.G20,0.05,0.0455,0.00465992220965114,,,0,0.0455,""
1b,runA_null_p20_n1000,null,,1000,all,2000,HL.G20,0.1,0.095,0.0065564853389602,,,0,0.095,""
1b,runA_null_p20_n1000,null,,1000,all,2000,HLF.G10,0.01,0.0075,0.00192921616207205,,,0,0.0075,""
1b,runA_null_p20_n1000,null,,1000,all,2000,HLF.G10,0.05,0.0385,0.00430219420761081,,,0,0.0385,""
1b,runA_null_p20_n1000,null,,1000,all,2000,HLF.G10,0.1,0.085,0.00623598428477815,,,0,0.085,""
1b,runA_null_p20_n1000,null,,1000,all,2000,HLF.Grule,0.01,0.0105,0.00227922684259378,,,0,0.0105,""
1b,runA_null_p20_n1000,null,,1000,all,2000,HLF.Grule,0.05,0.0485,0.00480352734977121,,,0,0.0485,""
1b,runA_null_p20_n1000,null,,1000,all,2000,HLF.Grule,0.1,0.095,0.0065564853389602,,,0,0.095,""
1b,runA_null_p20_n1000,null,,1000,all,2000,HLF.G20,0.01,0.01,0.0022248595461287,,,0,0.01,""
1b,runA_null_p20_n1000,null,,1000,all,2000,HLF.G20,0.05,0.046,0.00468422885862764,,,0,0.046,""
1b,runA_null_p20_n1000,null,,1000,all,2000,HLF.G20,0.1,0.0955,0.00657190041007926,,,0,0.0955,""
1b,runA_null_p20_n1000,null,,1000,all,2000,Stk.joint,0.01,0.0105,0.00227922684259378,,,0,0.0105,""
1b,runA_null_p20_n1000,null,,1000,all,2000,Stk.joint,0.05,0.043,0.00453602248671675,,,0,0.043,""
1b,runA_null_p20_n1000,null,,1000,all,2000,Stk.joint,0.1,0.0935,0.00650990591329859,,,0,0.0935,""
1b,runA_null_p20_n1000,null,,1000,all,2000,Stk.LR,0.01,0.0125,0.00248432586429397,,,0,0.0125,""
1b,runA_null_p20_n1000,null,,1000,all,2000,Stk.LR,0.05,0.045,0.00463546114210873,,,0,0.045,""
1b,runA_null_p20_n1000,null,,1000,all,2000,Stk.LR,0.1,0.0985,0.00666324808182916,,,0,0.0985,""
1b,runA_null_p20_n1000,null,,1000,all,2000,Stk.sym1,0.01,0.007,0.00186426929385215,,,0,0.007,""
1b,runA_null_p20_n1000,null,,1000,all,2000,Stk.sym1,0.05,0.0425,0.00451075104611194,,,0,0.0425,""
1b,runA_null_p20_n1000,null,,1000,all,2000,Stk.sym1,0.1,0.096,0.00658726043207645,,,0,0.096,""
1b,runA_null_p20_n1000,null,,1000,all,2000,Stk.marg,0.01,0.021,0.00320616593457045,,,0,0.021,""
1b,runA_null_p20_n1000,null,,1000,all,2000,Stk.marg,0.05,0.069,0.00566740681440816,,,0,0.069,""
1b,runA_null_p20_n1000,null,,1000,all,2000,Stk.marg,0.1,0.1175,0.00720047741472744,,,0,0.1175,""
1b,runA_null_p20_n1000,null,,1000,all,2000,GiViTI,0.01,0.012,0.00243474844696531,,,0,0.012,""
1b,runA_null_p20_n1000,null,,1000,all,2000,GiViTI,0.05,0.05,0.00487339717240448,,,0,0.05,""
1b,runA_null_p20_n1000,null,,1000,all,2000,GiViTI,0.1,0.101,0.00673791510780598,,,0,0.101,""
1b,runA_null_p20_n1000,null,,1000,all,2000,GiViTI.t50,0.01,0.009,0.00211175282644537,,,0,0.009,""
1b,runA_null_p20_n1000,null,,1000,all,2000,GiViTI.t50,0.05,0.042,0.00448530935387962,,,0,0.042,""
1b,runA_null_p20_n1000,null,,1000,all,2000,GiViTI.t50,0.1,0.093,0.00649426670225361,,,0,0.093,""
1b,runA_null_p20_n1000,null,,1000,all,2000,Cubic.LR,0.01,0.0105,0.00227922684259378,,,0,0.0105,""
1b,runA_null_p20_n1000,null,,1000,all,2000,Cubic.LR,0.05,0.041,0.00443390347211123,,,0,0.041,""
1b,runA_null_p20_n1000,null,,1000,all,2000,Cubic.LR,0.1,0.084,0.00620258010830977,,,0,0.084,""
1b,runA_null_p20_n1000,null,,1000,all,2000,HL_w,0.01,0.012,0.00243474844696531,,,0,0.012,""
1b,runA_null_p20_n1000,null,,1000,all,2000,HL_w,0.05,0.048,0.00477995815881269,,,0,0.048,""
1b,runA_null_p20_n1000,null,,1000,all,2000,HL_w,0.1,0.0985,0.00666324808182916,,,0,0.0985,""
1b,runA_null_p20_n1000,null,,1000,all,2000,PH,0.01,0.003,0.00122290637417588,,,0,0.003,""
1b,runA_null_p20_n1000,null,,1000,all,2000,PH,0.05,0.025,0.00349106001094224,,,0,0.025,""
1b,runA_null_p20_n1000,null,,1000,all,2000,PH,0.1,0.0545,0.00507591124823908,,,0,0.0545,""
1b,runA_null_p20_n1000,null,,1000,all,2000,Tsiatis,0.01,0.013,0.00253288373203351,,,0,0.013,""
1b,runA_null_p20_n1000,null,,1000,all,2000,Tsiatis,0.05,0.056,0.00514120608417908,,,0,0.056,""
1b,runA_null_p20_n1000,null,,1000,all,2000,Tsiatis,0.1,0.1085,0.00695441406590088,,,0,0.1085,""
1b,runA_null_p20_n1000,null,,1000,all,2000,Xie,0.01,0.025,0.00349106001094224,,,0,0.025,""
1b,runA_null_p20_n1000,null,,1000,all,2000,Xie,0.05,0.1245,0.00738240306404358,,,0,0.1245,""
1b,runA_null_p20_n1000,null,,1000,all,2000,Xie,0.1,0.242,0.00957695149825872,,,0,0.242,""
1b,runA_null_p20_n1000,null,,1000,all,2000,PR,0.01,0.0055,0.00165374574829385,,,0,0.0055,""
1b,runA_null_p20_n1000,null,,1000,all,2000,PR,0.05,0.0505,0.00489641450451246,,,0,0.0505,""
1b,runA_null_p20_n1000,null,,1000,all,2000,PR,0.1,0.11,0.00699642765988472,,,0,0.11,""
1b,null_quad_n100,null,,100,all,10000,flag.evlt.G10,,0,,,,0,,flag rate: share of replicates with the flag = 1
1b,null_quad_n100,null,,100,all,10000,flag.evlt.Grule,,0,,,,0,,flag rate: share of replicates with the flag = 1
1b,null_quad_n100,null,,100,all,10000,flag.evlt.G5,,0,,,,0,,flag rate: share of replicates with the flag = 1
1b,null_quad_n100,null,,100,all,10000,flag.stk_half0,,0,,,,0,,flag rate: share of replicates with the flag = 1
1b,null_quad_n100,null,,100,all,10000,flag.stk_diag,,2e-04,,,,0,,flag rate: share of replicates with the flag = 1
1b,null_quad_n100,null,,100,all,10000,flag.rivals_run,,1,,,,0,,flag rate: share of replicates with the flag = 1
1b,null_quad_n100,null,,100,all,10000,flag.degenerate,,0,,,,0,,flag rate: share of replicates with the flag = 1
1b,null_quad_n100,null,,100,all,10000,flag.info_guard,,0,,,,0,,flag rate: share of replicates with the flag = 1
1b,null_quad_n100,null,,100,all,10000,flag.rep_error,,0,,,,0,,flag rate: share of replicates with the flag = 1
1b,null_quad_n100,null,,100,all,10000,EDGE.poly3.u.G10,0.01,0.0091,0.000949588858401361,,,0,0.0091,""
1b,null_quad_n100,null,,100,all,10000,EDGE.poly3.u.G10,0.05,0.0499,0.00217738352156895,,,0,0.0499,""
1b,null_quad_n100,null,,100,all,10000,EDGE.poly3.u.G10,0.1,0.0989,0.00298527703907024,,,0,0.0989,""
1b,null_quad_n100,null,,100,all,10000,EDGE.poly3.sc.G10,0.01,0.0072,0.00084546791778281,,,0,0.0072,""
1b,null_quad_n100,null,,100,all,10000,EDGE.poly3.sc.G10,0.05,0.0481,0.00213977545550929,,,0,0.0481,""
1b,null_quad_n100,null,,100,all,10000,EDGE.poly3.sc.G10,0.1,0.0981,0.00297449810892527,,,0,0.0981,""
1b,null_quad_n100,null,,100,all,10000,EDGE.poly2.u.G10,0.01,0.0126,0.00111540306616039,,,0,0.0126,""
1b,null_quad_n100,null,,100,all,10000,EDGE.poly2.u.G10,0.05,0.0502,0.00218357413430366,,,0,0.0502,""
1b,null_quad_n100,null,,100,all,10000,EDGE.poly2.u.G10,0.1,0.0987,0.00298258797020306,,,0,0.0987,""
1b,null_quad_n100,null,,100,all,10000,EDGE.poly2.sc.G10,0.01,0.0084,0.000912657657613193,,,0,0.0084,""
1b,null_quad_n100,null,,100,all,10000,EDGE.poly2.sc.G10,0.05,0.0476,0.00212918388120895,,,0,0.0476,""
1b,null_quad_n100,null,,100,all,10000,EDGE.poly2.sc.G10,0.1,0.0975,0.00296637404923924,,,0,0.0975,""
1b,null_quad_n100,null,,100,all,10000,EDGE.stk.u.G10,0.01,0.0087,0.000928671631956097,,,0,0.0087,""
1b,null_quad_n100,null,,100,all,10000,EDGE.stk.u.G10,0.05,0.0466,0.00210780549387272,,,0,0.0466,""
1b,null_quad_n100,null,,100,all,10000,EDGE.stk.u.G10,0.1,0.0933,0.00290852385240348,,,0,0.0933,""
1b,null_quad_n100,null,,100,all,10000,EDGE.stk.sc.G10,0.01,0.0069,0.000827791640450663,,,0,0.0069,""
1b,null_quad_n100,null,,100,all,10000,EDGE.stk.sc.G10,0.05,0.0482,0.00214188608473934,,,0,0.0482,""
1b,null_quad_n100,null,,100,all,10000,EDGE.stk.sc.G10,0.1,0.1,0.003,,,0,0.1,""
1b,null_quad_n100,null,,100,all,10000,EDGE.sym.u.G10,0.01,0.0084,0.000912657657613193,,,0,0.0084,""
1b,null_quad_n100,null,,100,all,10000,EDGE.sym.u.G10,0.05,0.0476,0.00212918388120895,,,0,0.0476,""
1b,null_quad_n100,null,,100,all,10000,EDGE.sym.u.G10,0.1,0.095,0.00293214938227915,,,0,0.095,""
1b,null_quad_n100,null,,100,all,10000,EDGE.sym.sc.G10,0.01,0.0088,0.000933946465275178,,,0,0.0088,""
1b,null_quad_n100,null,,100,all,10000,EDGE.sym.sc.G10,0.05,0.0498,0.00217531514958178,,,0,0.0498,""
1b,null_quad_n100,null,,100,all,10000,EDGE.sym.sc.G10,0.1,0.0974,0.00296501669472534,,,0,0.0974,""
1b,null_quad_n100,null,,100,all,10000,EDGE.poly3.u.Grule,0.01,0.0091,0.000949588858401361,,,0,0.0091,""
1b,null_quad_n100,null,,100,all,10000,EDGE.poly3.u.Grule,0.05,0.0499,0.00217738352156895,,,0,0.0499,""
1b,null_quad_n100,null,,100,all,10000,EDGE.poly3.u.Grule,0.1,0.0989,0.00298527703907024,,,0,0.0989,""
1b,null_quad_n100,null,,100,all,10000,EDGE.poly3.sc.Grule,0.01,0.0072,0.00084546791778281,,,0,0.0072,""
1b,null_quad_n100,null,,100,all,10000,EDGE.poly3.sc.Grule,0.05,0.0481,0.00213977545550929,,,0,0.0481,""
1b,null_quad_n100,null,,100,all,10000,EDGE.poly3.sc.Grule,0.1,0.0981,0.00297449810892527,,,0,0.0981,""
1b,null_quad_n100,null,,100,all,10000,EDGE.poly2.u.Grule,0.01,0.0126,0.00111540306616039,,,0,0.0126,""
1b,null_quad_n100,null,,100,all,10000,EDGE.poly2.u.Grule,0.05,0.0502,0.00218357413430366,,,0,0.0502,""
1b,null_quad_n100,null,,100,all,10000,EDGE.poly2.u.Grule,0.1,0.0987,0.00298258797020306,,,0,0.0987,""
1b,null_quad_n100,null,,100,all,10000,EDGE.poly2.sc.Grule,0.01,0.0084,0.000912657657613193,,,0,0.0084,""
1b,null_quad_n100,null,,100,all,10000,EDGE.poly2.sc.Grule,0.05,0.0476,0.00212918388120895,,,0,0.0476,""
1b,null_quad_n100,null,,100,all,10000,EDGE.poly2.sc.Grule,0.1,0.0975,0.00296637404923924,,,0,0.0975,""
1b,null_quad_n100,null,,100,all,10000,EDGE.stk.u.Grule,0.01,0.0087,0.000928671631956097,,,0,0.0087,""
1b,null_quad_n100,null,,100,all,10000,EDGE.stk.u.Grule,0.05,0.0466,0.00210780549387272,,,0,0.0466,""
1b,null_quad_n100,null,,100,all,10000,EDGE.stk.u.Grule,0.1,0.0933,0.00290852385240348,,,0,0.0933,""
1b,null_quad_n100,null,,100,all,10000,EDGE.stk.sc.Grule,0.01,0.0069,0.000827791640450663,,,0,0.0069,""
1b,null_quad_n100,null,,100,all,10000,EDGE.stk.sc.Grule,0.05,0.0482,0.00214188608473934,,,0,0.0482,""
1b,null_quad_n100,null,,100,all,10000,EDGE.stk.sc.Grule,0.1,0.1,0.003,,,0,0.1,""
1b,null_quad_n100,null,,100,all,10000,EDGE.sym.u.Grule,0.01,0.0084,0.000912657657613193,,,0,0.0084,""
1b,null_quad_n100,null,,100,all,10000,EDGE.sym.u.Grule,0.05,0.0476,0.00212918388120895,,,0,0.0476,""
1b,null_quad_n100,null,,100,all,10000,EDGE.sym.u.Grule,0.1,0.095,0.00293214938227915,,,0,0.095,""
1b,null_quad_n100,null,,100,all,10000,EDGE.sym.sc.Grule,0.01,0.0088,0.000933946465275178,,,0,0.0088,""
1b,null_quad_n100,null,,100,all,10000,EDGE.sym.sc.Grule,0.05,0.0498,0.00217531514958178,,,0,0.0498,""
1b,null_quad_n100,null,,100,all,10000,EDGE.sym.sc.Grule,0.1,0.0974,0.00296501669472534,,,0,0.0974,""
1b,null_quad_n100,null,,100,all,10000,EDGE.poly3.u.G5,0.01,0.01,0.00099498743710662,,,0,0.01,""
1b,null_quad_n100,null,,100,all,10000,EDGE.poly3.u.G5,0.05,0.0475,0.00212705782714058,,,0,0.0475,""
1b,null_quad_n100,null,,100,all,10000,EDGE.poly3.u.G5,0.1,0.0997,0.00299599582776746,,,0,0.0997,""
1b,null_quad_n100,null,,100,all,10000,EDGE.poly3.sc.G5,0.01,0.008,0.000890842298052804,,,0,0.008,""
1b,null_quad_n100,null,,100,all,10000,EDGE.poly3.sc.G5,0.05,0.0466,0.00210780549387272,,,0,0.0466,""
1b,null_quad_n100,null,,100,all,10000,EDGE.poly3.sc.G5,0.1,0.1021,0.00302779771451132,,,0,0.1021,""
1b,null_quad_n100,null,,100,all,10000,EDGE.poly2.u.G5,0.01,0.011,0.00104302444841912,,,0,0.011,""
1b,null_quad_n100,null,,100,all,10000,EDGE.poly2.u.G5,0.05,0.0511,0.0022020170299069,,,0,0.0511,""
1b,null_quad_n100,null,,100,all,10000,EDGE.poly2.u.G5,0.1,0.0966,0.00295412322017887,,,0,0.0966,""
1b,null_quad_n100,null,,100,all,10000,EDGE.poly2.sc.G5,0.01,0.0087,0.000928671631956097,,,0,0.0087,""
1b,null_quad_n100,null,,100,all,10000,EDGE.poly2.sc.G5,0.05,0.0482,0.00214188608473934,,,0,0.0482,""
1b,null_quad_n100,null,,100,all,10000,EDGE.poly2.sc.G5,0.1,0.1029,0.00303828224495355,,,0,0.1029,""
1b,null_quad_n100,null,,100,all,10000,EDGE.stk.u.G5,0.01,0.0102,0.00100478654449589,,,0,0.0102,""
1b,null_quad_n100,null,,100,all,10000,EDGE.stk.u.G5,0.05,0.0476,0.00212918388120895,,,0,0.0476,""
1b,null_quad_n100,null,,100,all,10000,EDGE.stk.u.G5,0.1,0.0956,0.0029404190177592,,,0,0.0956,""
1b,null_quad_n100,null,,100,all,10000,EDGE.stk.sc.G5,0.01,0.0078,0.000879724957017817,,,0,0.0078,""
1b,null_quad_n100,null,,100,all,10000,EDGE.stk.sc.G5,0.05,0.0479,0.00213554653426237,,,0,0.0479,""
1b,null_quad_n100,null,,100,all,10000,EDGE.stk.sc.G5,0.1,0.1019,0.00302516759866292,,,0,0.1019,""
1b,null_quad_n100,null,,100,all,10000,EDGE.sym.u.G5,0.01,0.0108,0.00103360340556715,,,0,0.0108,""
1b,null_quad_n100,null,,100,all,10000,EDGE.sym.u.G5,0.05,0.0536,0.0022522664140816,,,0,0.0536,""
1b,null_quad_n100,null,,100,all,10000,EDGE.sym.u.G5,0.1,0.1034,0.00304480606935811,,,0,0.1034,""
1b,null_quad_n100,null,,100,all,10000,EDGE.sym.sc.G5,0.01,0.0111,0.00104770177054351,,,0,0.0111,""
1b,null_quad_n100,null,,100,all,10000,EDGE.sym.sc.G5,0.05,0.0548,0.0022758945494025,,,0,0.0548,""
1b,null_quad_n100,null,,100,all,10000,EDGE.sym.sc.G5,0.1,0.1033,0.00304350308033358,,,0,0.1033,""
1b,null_quad_n100,null,,100,all,10000,HL.G10,0.01,0.0071,0.00083961836568765,,,0,0.0071,""
1b,null_quad_n100,null,,100,all,10000,HL.G10,0.05,0.0438,0.00204649847300212,,,0,0.0438,""
1b,null_quad_n100,null,,100,all,10000,HL.G10,0.1,0.0934,0.00290992164842973,,,0,0.0934,""
1b,null_quad_n100,null,,100,all,10000,HL.Grule,0.01,0.0071,0.00083961836568765,,,0,0.0071,""
1b,null_quad_n100,null,,100,all,10000,HL.Grule,0.05,0.0438,0.00204649847300212,,,0,0.0438,""
1b,null_quad_n100,null,,100,all,10000,HL.Grule,0.1,0.0934,0.00290992164842973,,,0,0.0934,""
1b,null_quad_n100,null,,100,all,10000,HL.G5,0.01,0.0083,0.000907254650029417,,,0,0.0083,""
1b,null_quad_n100,null,,100,all,10000,HL.G5,0.05,0.0486,0.00215030323442997,,,0,0.0486,""
1b,null_quad_n100,null,,100,all,10000,HL.G5,0.1,0.0965,0.00295275718608896,,,0,0.0965,""
1b,null_quad_n100,null,,100,all,10000,HLF.G10,0.01,0.007,0.000833726573883788,,,0,0.007,""
1b,null_quad_n100,null,,100,all,10000,HLF.G10,0.05,0.0441,0.0020531729103999,,,0,0.0441,""
1b,null_quad_n100,null,,100,all,10000,HLF.G10,0.1,0.095,0.00293214938227915,,,0,0.095,""
1b,null_quad_n100,null,,100,all,10000,HLF.Grule,0.01,0.007,0.000833726573883788,,,0,0.007,""
1b,null_quad_n100,null,,100,all,10000,HLF.Grule,0.05,0.0441,0.0020531729103999,,,0,0.0441,""
1b,null_quad_n100,null,,100,all,10000,HLF.Grule,0.1,0.095,0.00293214938227915,,,0,0.095,""
1b,null_quad_n100,null,,100,all,10000,HLF.G5,0.01,0.0085,0.000918027777357526,,,0,0.0085,""
1b,null_quad_n100,null,,100,all,10000,HLF.G5,0.05,0.0488,0.00215449669296567,,,0,0.0488,""
1b,null_quad_n100,null,,100,all,10000,HLF.G5,0.1,0.0989,0.00298527703907024,,,0,0.0989,""
1b,null_quad_n100,null,,100,all,10000,Stk.joint,0.01,0.0097,0.000980097444135021,,,0,0.0097,""
1b,null_quad_n100,null,,100,all,10000,Stk.joint,0.05,0.0471,0.00211852755469453,,,0,0.0471,""
1b,null_quad_n100,null,,100,all,10000,Stk.joint,0.1,0.0984,0.00297854729692177,,,0,0.0984,""
1b,null_quad_n100,null,,100,all,10000,Stk.LR,0.01,0.0136,0.00115823313715331,,,0,0.0136,""
1b,null_quad_n100,null,,100,all,10000,Stk.LR,0.05,0.057,0.00231842619032826,,,0,0.057,""
1b,null_quad_n100,null,,100,all,10000,Stk.LR,0.1,0.1136,0.00317324817812915,,,0,0.1136,""
1b,null_quad_n100,null,,100,all,10000,Stk.sym1,0.01,0.0075,0.00086277169633687,,,0,0.0075,""
1b,null_quad_n100,null,,100,all,10000,Stk.sym1,0.05,0.0486,0.00215030323442997,,,0,0.0486,""
1b,null_quad_n100,null,,100,all,10000,Stk.sym1,0.1,0.0982,0.00297584878648093,,,0,0.0982,""
1b,null_quad_n100,null,,100,all,10000,Stk.marg,0.01,0.0259,0.00158836991913093,,,0,0.0259,""
1b,null_quad_n100,null,,100,all,10000,Stk.marg,0.05,0.0702,0.00255483776392944,,,0,0.0702,""
1b,null_quad_n100,null,,100,all,10000,Stk.marg,0.1,0.1162,0.00320464600229105,,,0,0.1162,""
1b,null_quad_n100,null,,100,all,10000,GiViTI,0.01,0.0151,0.00121950768755265,,,0,0.0151,""
1b,null_quad_n100,null,,100,all,10000,GiViTI,0.05,0.0553,0.00228564892317259,,,0,0.0553,""
1b,null_quad_n100,null,,100,all,10000,GiViTI,0.1,0.1059,0.00307709587110964,,,0,0.1059,""
1b,null_quad_n100,null,,100,all,10000,GiViTI.t50,0.01,0.0158,0.00124701082593536,,,0,0.0158,""
1b,null_quad_n100,null,,100,all,10000,GiViTI.t50,0.05,0.0591,0.00235811768154178,,,0,0.0591,""
1b,null_quad_n100,null,,100,all,10000,GiViTI.t50,0.1,0.115,0.00319021942818985,,,0,0.115,""
1b,null_quad_n100,null,,100,all,10000,Cubic.LR,0.01,0.0129,0.00112843209809009,,,0,0.0129,""
1b,null_quad_n100,null,,100,all,10000,Cubic.LR,0.05,0.0593,0.00236185329773041,,,0,0.0593,""
1b,null_quad_n100,null,,100,all,10000,Cubic.LR,0.1,0.1152,0.00319263151647665,,,0,0.1152,""
1b,null_quad_n100,null,,100,all,10000,HL_w,0.01,0.0097,0.000980097444135021,,,2e-04,0.00970194038807762,""
1b,null_quad_n100,null,,100,all,10000,HL_w,0.05,0.051,0.00219997727260988,,,2e-04,0.0510102020404081,""
1b,null_quad_n100,null,,100,all,10000,HL_w,0.1,0.1017,0.00302253387077796,,,2e-04,0.101720344068814,""
1b,null_quad_n100,null,,100,all,10000,PH,0.01,0.0038,0.000615269046840486,,,0,0.0038,""
1b,null_quad_n100,null,,100,all,10000,PH,0.05,0.0254,0.00157336709003335,,,0,0.0254,""
1b,null_quad_n100,null,,100,all,10000,PH,0.1,0.0599,0.0023730147492167,,,0,0.0599,""
1b,null_quad_n100,null,,100,all,10000,Tsiatis,0.01,0.0086,0.000923365583070974,,,0,0.0086,""
1b,null_quad_n100,null,,100,all,10000,Tsiatis,0.05,0.0448,0.00206864593393843,,,0,0.0448,""
1b,null_quad_n100,null,,100,all,10000,Tsiatis,0.1,0.0904,0.00286753971201795,,,0,0.0904,""
1b,null_quad_n100,null,,100,all,10000,Xie,0.01,0.0071,0.00083961836568765,,,0,0.0071,""
1b,null_quad_n100,null,,100,all,10000,Xie,0.05,0.0361,0.00186538977160271,,,0,0.0361,""
1b,null_quad_n100,null,,100,all,10000,Xie,0.1,0.0759,0.00264838044850056,,,0,0.0759,""
1b,null_quad_n100,null,,100,all,10000,PR,0.01,0,0,,,1,,no p-value in any replicate
1b,null_quad_n100,null,,100,all,10000,PR,0.05,0,0,,,1,,no p-value in any replicate
1b,null_quad_n100,null,,100,all,10000,PR,0.1,0,0,,,1,,no p-value in any replicate
1b,null_crossover_n1000,null,,1000,all,5000,flag.evlt.G10,,0,,,,0,,flag rate: share of replicates with the flag = 1
1b,null_crossover_n1000,null,,1000,all,5000,flag.evlt.Grule,,0,,,,0,,flag rate: share of replicates with the flag = 1
1b,null_crossover_n1000,null,,1000,all,5000,flag.stk_half0,,0,,,,0,,flag rate: share of replicates with the flag = 1
1b,null_crossover_n1000,null,,1000,all,5000,flag.stk_diag,,0,,,,0,,flag rate: share of replicates with the flag = 1
1b,null_crossover_n1000,null,,1000,all,5000,flag.rivals_run,,1,,,,0,,flag rate: share of replicates with the flag = 1
1b,null_crossover_n1000,null,,1000,all,5000,flag.degenerate,,0,,,,0,,flag rate: share of replicates with the flag = 1
1b,null_crossover_n1000,null,,1000,all,5000,flag.info_guard,,0,,,,0,,flag rate: share of replicates with the flag = 1
1b,null_crossover_n1000,null,,1000,all,5000,flag.rep_error,,0,,,,0,,flag rate: share of replicates with the flag = 1
1b,null_crossover_n1000,null,,1000,all,5000,EDGE.poly3.u.G10,0.01,0.0094,0.00136467138901642,,,0,0.0094,""
1b,null_crossover_n1000,null,,1000,all,5000,EDGE.poly3.u.G10,0.05,0.0504,0.00309385972532693,,,0,0.0504,""
1b,null_crossover_n1000,null,,1000,all,5000,EDGE.poly3.u.G10,0.1,0.102,0.00428009345692358,,,0,0.102,""
1b,null_crossover_n1000,null,,1000,all,5000,EDGE.poly3.sc.G10,0.01,0.0122,0.00155249218999646,,,0,0.0122,""
1b,null_crossover_n1000,null,,1000,all,5000,EDGE.poly3.sc.G10,0.05,0.0522,0.00314563697841947,,,0,0.0522,""
1b,null_crossover_n1000,null,,1000,all,5000,EDGE.poly3.sc.G10,0.1,0.1014,0.00426891180513254,,,0,0.1014,""
1b,null_crossover_n1000,null,,1000,all,5000,EDGE.poly2.u.G10,0.01,0.013,0.0016019363283227,,,0,0.013,""
1b,null_crossover_n1000,null,,1000,all,5000,EDGE.poly2.u.G10,0.05,0.0524,0.00315132480077824,,,0,0.0524,""
1b,null_crossover_n1000,null,,1000,all,5000,EDGE.poly2.u.G10,0.1,0.0998,0.00423886682970815,,,0,0.0998,""
1b,null_crossover_n1000,null,,1000,all,5000,EDGE.poly2.sc.G10,0.01,0.0108,0.00146173595426807,,,0,0.0108,""
1b,null_crossover_n1000,null,,1000,all,5000,EDGE.poly2.sc.G10,0.05,0.0498,0.00307636018697421,,,0,0.0498,""
1b,null_crossover_n1000,null,,1000,all,5000,EDGE.poly2.sc.G10,0.1,0.1026,0.00429122919453156,,,0,0.1026,""
1b,null_crossover_n1000,null,,1000,all,5000,EDGE.stk.u.G10,0.01,0.0092,0.00135021183523179,,,0,0.0092,""
1b,null_crossover_n1000,null,,1000,all,5000,EDGE.stk.u.G10,0.05,0.051,0.00311123769583746,,,0,0.051,""
1b,null_crossover_n1000,null,,1000,all,5000,EDGE.stk.u.G10,0.1,0.0972,0.00418932357308432,,,0,0.0972,""
1b,null_crossover_n1000,null,,1000,all,5000,EDGE.stk.sc.G10,0.01,0.0128,0.0015897270205919,,,0,0.0128,""
1b,null_crossover_n1000,null,,1000,all,5000,EDGE.stk.sc.G10,0.05,0.0536,0.00318518570887162,,,0,0.0536,""
1b,null_crossover_n1000,null,,1000,all,5000,EDGE.stk.sc.G10,0.1,0.1018,0.00427637135899117,,,0,0.1018,""
1b,null_crossover_n1000,null,,1000,all,5000,EDGE.sym.u.G10,0.01,0.01,0.00140712472794703,,,0,0.01,""
1b,null_crossover_n1000,null,,1000,all,5000,EDGE.sym.u.G10,0.05,0.0502,0.00308804015517933,,,0,0.0502,""
1b,null_crossover_n1000,null,,1000,all,5000,EDGE.sym.u.G10,0.1,0.0984,0.00421230198347649,,,0,0.0984,""
1b,null_crossover_n1000,null,,1000,all,5000,EDGE.sym.sc.G10,0.01,0.0104,0.00143470136265357,,,0,0.0104,""
1b,null_crossover_n1000,null,,1000,all,5000,EDGE.sym.sc.G10,0.05,0.0484,0.00303504332753257,,,0,0.0484,""
1b,null_crossover_n1000,null,,1000,all,5000,EDGE.sym.sc.G10,0.1,0.0976,0.00419700464617327,,,0,0.0976,""
1b,null_crossover_n1000,null,,1000,all,5000,EDGE.poly3.u.Grule,0.01,0.011,0.00147505932084103,,,0,0.011,""
1b,null_crossover_n1000,null,,1000,all,5000,EDGE.poly3.u.Grule,0.05,0.0514,0.00312275647465504,,,0,0.0514,""
1b,null_crossover_n1000,null,,1000,all,5000,EDGE.poly3.u.Grule,0.1,0.1024,0.00428752236145772,,,0,0.1024,""
1b,null_crossover_n1000,null,,1000,all,5000,EDGE.poly3.sc.Grule,0.01,0.0096,0.00137897353129058,,,0,0.0096,""
1b,null_crossover_n1000,null,,1000,all,5000,EDGE.poly3.sc.Grule,0.05,0.0496,0.00307049963361014,,,0,0.0496,""
1b,null_crossover_n1000,null,,1000,all,5000,EDGE.poly3.sc.Grule,0.1,0.1026,0.00429122919453156,,,0,0.1026,""
1b,null_crossover_n1000,null,,1000,all,5000,EDGE.poly2.u.Grule,0.01,0.0112,0.00148825804214189,,,0,0.0112,""
1b,null_crossover_n1000,null,,1000,all,5000,EDGE.poly2.u.Grule,0.05,0.053,0.00316831185333767,,,0,0.053,""
1b,null_crossover_n1000,null,,1000,all,5000,EDGE.poly2.u.Grule,0.1,0.1042,0.00432070272062312,,,0,0.1042,""
1b,null_crossover_n1000,null,,1000,all,5000,EDGE.poly2.sc.Grule,0.01,0.0096,0.00137897353129058,,,0,0.0096,""
1b,null_crossover_n1000,null,,1000,all,5000,EDGE.poly2.sc.Grule,0.05,0.049,0.00305283474822991,,,0,0.049,""
1b,null_crossover_n1000,null,,1000,all,5000,EDGE.poly2.sc.Grule,0.1,0.0992,0.00422751369010202,,,0,0.0992,""
1b,null_crossover_n1000,null,,1000,all,5000,EDGE.stk.u.Grule,0.01,0.0092,0.00135021183523179,,,0,0.0092,""
1b,null_crossover_n1000,null,,1000,all,5000,EDGE.stk.u.Grule,0.05,0.0504,0.00309385972532693,,,0,0.0504,""
1b,null_crossover_n1000,null,,1000,all,5000,EDGE.stk.u.Grule,0.1,0.0998,0.00423886682970815,,,0,0.0998,""
1b,null_crossover_n1000,null,,1000,all,5000,EDGE.stk.sc.Grule,0.01,0.0096,0.00137897353129058,,,0,0.0096,""
1b,null_crossover_n1000,null,,1000,all,5000,EDGE.stk.sc.Grule,0.05,0.052,0.00313993630508646,,,0,0.052,""
1b,null_crossover_n1000,null,,1000,all,5000,EDGE.stk.sc.Grule,0.1,0.1038,0.00431336434816258,,,0,0.1038,""
1b,null_crossover_n1000,null,,1000,all,5000,EDGE.sym.u.Grule,0.01,0.0082,0.00127536347760158,,,0,0.0082,""
1b,null_crossover_n1000,null,,1000,all,5000,EDGE.sym.u.Grule,0.05,0.0496,0.00307049963361014,,,0,0.0496,""
1b,null_crossover_n1000,null,,1000,all,5000,EDGE.sym.u.Grule,0.1,0.0954,0.00415448769404845,,,0,0.0954,""
1b,null_crossover_n1000,null,,1000,all,5000,EDGE.sym.sc.Grule,0.01,0.0082,0.00127536347760158,,,0,0.0082,""
1b,null_crossover_n1000,null,,1000,all,5000,EDGE.sym.sc.Grule,0.05,0.05,0.00308220700148449,,,0,0.05,""
1b,null_crossover_n1000,null,,1000,all,5000,EDGE.sym.sc.Grule,0.1,0.0992,0.00422751369010202,,,0,0.0992,""
1b,null_crossover_n1000,null,,1000,all,5000,HL.G10,0.01,0.0102,0.00142098275851609,,,0,0.0102,""
1b,null_crossover_n1000,null,,1000,all,5000,HL.G10,0.05,0.052,0.00313993630508646,,,0,0.052,""
1b,null_crossover_n1000,null,,1000,all,5000,HL.G10,0.1,0.1054,0.00434259922166437,,,0,0.1054,""
1b,null_crossover_n1000,null,,1000,all,5000,HL.Grule,0.01,0.0078,0.00124411896537268,,,0,0.0078,""
1b,null_crossover_n1000,null,,1000,all,5000,HL.Grule,0.05,0.0466,0.00298088711627931,,,0,0.0466,""
1b,null_crossover_n1000,null,,1000,all,5000,HL.Grule,0.1,0.0986,0.00421611290171409,,,0,0.0986,""
1b,null_crossover_n1000,null,,1000,all,5000,HLF.G10,0.01,0.0102,0.00142098275851609,,,0,0.0102,""
1b,null_crossover_n1000,null,,1000,all,5000,HLF.G10,0.05,0.0522,0.00314563697841947,,,0,0.0522,""
1b,null_crossover_n1000,null,,1000,all,5000,HLF.G10,0.1,0.1048,0.00433167311786104,,,0,0.1048,""
1b,null_crossover_n1000,null,,1000,all,5000,HLF.Grule,0.01,0.008,0.00125984125984189,,,0,0.008,""
1b,null_crossover_n1000,null,,1000,all,5000,HLF.Grule,0.05,0.0474,0.00300510365877785,,,0,0.0474,""
1b,null_crossover_n1000,null,,1000,all,5000,HLF.Grule,0.1,0.0988,0.00421991848262499,,,0,0.0988,""
1b,null_crossover_n1000,null,,1000,all,5000,Stk.joint,0.01,0.01,0.00140712472794703,,,0,0.01,""
1b,null_crossover_n1000,null,,1000,all,5000,Stk.joint,0.05,0.0524,0.00315132480077824,,,0,0.0524,""
1b,null_crossover_n1000,null,,1000,all,5000,Stk.joint,0.1,0.103,0.00429862768799532,,,0,0.103,""
1b,null_crossover_n1000,null,,1000,all,5000,Stk.LR,0.01,0.0098,0.00139312311013779,,,0,0.0098,""
1b,null_crossover_n1000,null,,1000,all,5000,Stk.LR,0.05,0.052,0.00313993630508646,,,0,0.052,""
1b,null_crossover_n1000,null,,1000,all,5000,Stk.LR,0.1,0.1036,0.0043096876917011,,,0,0.1036,""
1b,null_crossover_n1000,null,,1000,all,5000,Stk.sym1,0.01,0.0092,0.00135021183523179,,,0,0.0092,""
1b,null_crossover_n1000,null,,1000,all,5000,Stk.sym1,0.05,0.0514,0.00312275647465504,,,0,0.0514,""
1b,null_crossover_n1000,null,,1000,all,5000,Stk.sym1,0.1,0.098,0.00420466407695074,,,0,0.098,""
1b,null_crossover_n1000,null,,1000,all,5000,Stk.marg,0.01,0.025,0.00220794021658196,,,0,0.025,""
1b,null_crossover_n1000,null,,1000,all,5000,Stk.marg,0.05,0.0722,0.0036602502646677,,,0,0.0722,""
1b,null_crossover_n1000,null,,1000,all,5000,Stk.marg,0.1,0.1188,0.00457573076131015,,,0,0.1188,""
1b,null_crossover_n1000,null,,1000,all,5000,GiViTI,0.01,0.0106,0.00144828450243728,,,0,0.0106,""
1b,null_crossover_n1000,null,,1000,all,5000,GiViTI,0.05,0.0542,0.00320194815698193,,,0,0.0542,""
1b,null_crossover_n1000,null,,1000,all,5000,GiViTI,0.1,0.1024,0.00428752236145772,,,0,0.1024,""
1b,null_crossover_n1000,null,,1000,all,5000,GiViTI.t50,0.01,0.013,0.0016019363283227,,,0,0.013,""
1b,null_crossover_n1000,null,,1000,all,5000,GiViTI.t50,0.05,0.0556,0.00324063697442339,,,0,0.0556,""
1b,null_crossover_n1000,null,,1000,all,5000,GiViTI.t50,0.1,0.1036,0.0043096876917011,,,0,0.1036,""
1b,null_crossover_n1000,null,,1000,all,5000,Cubic.LR,0.01,0.0108,0.00146173595426807,,,0,0.0108,""
1b,null_crossover_n1000,null,,1000,all,5000,Cubic.LR,0.05,0.0514,0.00312275647465504,,,0,0.0514,""
1b,null_crossover_n1000,null,,1000,all,5000,Cubic.LR,0.1,0.1008,0.00425768387741504,,,0,0.1008,""
1b,null_crossover_n1000,null,,1000,all,5000,HL_w,0.01,0.0128,0.0015897270205919,,,0,0.0128,""
1b,null_crossover_n1000,null,,1000,all,5000,HL_w,0.05,0.0546,0.00321306209090332,,,0,0.0546,""
1b,null_crossover_n1000,null,,1000,all,5000,HL_w,0.1,0.1052,0.00433896208787309,,,0,0.1052,""
1b,null_crossover_n1000,null,,1000,all,5000,PH,0.01,0.0062,0.00111009549138802,,,0,0.0062,""
1b,null_crossover_n1000,null,,1000,all,5000,PH,0.05,0.033,0.00252630164469724,,,0,0.033,""
1b,null_crossover_n1000,null,,1000,all,5000,PH,0.1,0.0664,0.00352110891623647,,,0,0.0664,""
1b,null_crossover_n1000,null,,1000,all,5000,Tsiatis,0.01,0.0108,0.00146173595426807,,,0,0.0108,""
1b,null_crossover_n1000,null,,1000,all,5000,Tsiatis,0.05,0.0528,0.00316266216975509,,,0,0.0528,""
1b,null_crossover_n1000,null,,1000,all,5000,Tsiatis,0.1,0.1086,0.004400137270586,,,0,0.1086,""
1b,null_crossover_n1000,null,,1000,all,5000,Xie,0.01,0.007,0.00117906742809731,,,0,0.007,""
1b,null_crossover_n1000,null,,1000,all,5000,Xie,0.05,0.033,0.00252630164469724,,,0,0.033,""
1b,null_crossover_n1000,null,,1000,all,5000,Xie,0.1,0.0698,0.00360355269144216,,,0,0.0698,""
1b,null_crossover_n1000,null,,1000,all,5000,PR,0.01,0.0108,0.00146173595426807,,,0,0.0108,""
1b,null_crossover_n1000,null,,1000,all,5000,PR,0.05,0.0566,0.00326791799162709,,,0,0.0566,""
1b,null_crossover_n1000,null,,1000,all,5000,PR,0.1,0.1222,0.00463178496910209,,,0,0.1222,""
1b,null_crossover_n2000,null,,2000,all,5000,flag.evlt.G10,,0,,,,0,,flag rate: share of replicates with the flag = 1
1b,null_crossover_n2000,null,,2000,all,5000,flag.evlt.Grule,,0,,,,0,,flag rate: share of replicates with the flag = 1
1b,null_crossover_n2000,null,,2000,all,5000,flag.stk_half0,,0,,,,0,,flag rate: share of replicates with the flag = 1
1b,null_crossover_n2000,null,,2000,all,5000,flag.stk_diag,,0,,,,0,,flag rate: share of replicates with the flag = 1
1b,null_crossover_n2000,null,,2000,all,5000,flag.rivals_run,,1,,,,0,,flag rate: share of replicates with the flag = 1
1b,null_crossover_n2000,null,,2000,all,5000,flag.degenerate,,0,,,,0,,flag rate: share of replicates with the flag = 1
1b,null_crossover_n2000,null,,2000,all,5000,flag.info_guard,,0,,,,0,,flag rate: share of replicates with the flag = 1
1b,null_crossover_n2000,null,,2000,all,5000,flag.rep_error,,0,,,,0,,flag rate: share of replicates with the flag = 1
1b,null_crossover_n2000,null,,2000,all,5000,EDGE.poly3.u.G10,0.01,0.0118,0.00152713850059515,,,0,0.0118,""
1b,null_crossover_n2000,null,,2000,all,5000,EDGE.poly3.u.G10,0.05,0.0512,0.0031170036894428,,,0,0.0512,""
1b,null_crossover_n2000,null,,2000,all,5000,EDGE.poly3.u.G10,0.1,0.0994,0.00423130334530627,,,0,0.0994,""
1b,null_crossover_n2000,null,,2000,all,5000,EDGE.poly3.sc.G10,0.01,0.0104,0.00143470136265357,,,0,0.0104,""
1b,null_crossover_n2000,null,,2000,all,5000,EDGE.poly3.sc.G10,0.05,0.0546,0.00321306209090332,,,0,0.0546,""
1b,null_crossover_n2000,null,,2000,all,5000,EDGE.poly3.sc.G10,0.1,0.1062,0.00435709903490843,,,0,0.1062,""
1b,null_crossover_n2000,null,,2000,all,5000,EDGE.poly2.u.G10,0.01,0.0104,0.00143470136265357,,,0,0.0104,""
1b,null_crossover_n2000,null,,2000,all,5000,EDGE.poly2.u.G10,0.05,0.054,0.00319637294444813,,,0,0.054,""
1b,null_crossover_n2000,null,,2000,all,5000,EDGE.poly2.u.G10,0.1,0.1056,0.00434623147105628,,,0,0.1056,""
1b,null_crossover_n2000,null,,2000,all,5000,EDGE.poly2.sc.G10,0.01,0.0118,0.00152713850059515,,,0,0.0118,""
1b,null_crossover_n2000,null,,2000,all,5000,EDGE.poly2.sc.G10,0.05,0.053,0.00316831185333767,,,0,0.053,""
1b,null_crossover_n2000,null,,2000,all,5000,EDGE.poly2.sc.G10,0.1,0.1036,0.0043096876917011,,,0,0.1036,""
1b,null_crossover_n2000,null,,2000,all,5000,EDGE.stk.u.G10,0.01,0.0118,0.00152713850059515,,,0,0.0118,""
1b,null_crossover_n2000,null,,2000,all,5000,EDGE.stk.u.G10,0.05,0.0502,0.00308804015517933,,,0,0.0502,""
1b,null_crossover_n2000,null,,2000,all,5000,EDGE.stk.u.G10,0.1,0.0964,0.00417389602170442,,,0,0.0964,""
1b,null_crossover_n2000,null,,2000,all,5000,EDGE.stk.sc.G10,0.01,0.0098,0.00139312311013779,,,0,0.0098,""
1b,null_crossover_n2000,null,,2000,all,5000,EDGE.stk.sc.G10,0.05,0.0548,0.00321860093829602,,,0,0.0548,""
1b,null_crossover_n2000,null,,2000,all,5000,EDGE.stk.sc.G10,0.1,0.1052,0.00433896208787309,,,0,0.1052,""
1b,null_crossover_n2000,null,,2000,all,5000,EDGE.sym.u.G10,0.01,0.0102,0.00142098275851609,,,0,0.0102,""
1b,null_crossover_n2000,null,,2000,all,5000,EDGE.sym.u.G10,0.05,0.0516,0.00312849612433834,,,0,0.0516,""
1b,null_crossover_n2000,null,,2000,all,5000,EDGE.sym.u.G10,0.1,0.1022,0.00428381045332307,,,0,0.1022,""
1b,null_crossover_n2000,null,,2000,all,5000,EDGE.sym.sc.G10,0.01,0.011,0.00147505932084103,,,0,0.011,""
1b,null_crossover_n2000,null,,2000,all,5000,EDGE.sym.sc.G10,0.05,0.0504,0.00309385972532693,,,0,0.0504,""
1b,null_crossover_n2000,null,,2000,all,5000,EDGE.sym.sc.G10,0.1,0.1014,0.00426891180513254,,,0,0.1014,""
1b,null_crossover_n2000,null,,2000,all,5000,EDGE.poly3.u.Grule,0.01,0.012,0.00153987012439361,,,0,0.012,""
1b,null_crossover_n2000,null,,2000,all,5000,EDGE.poly3.u.Grule,0.05,0.0464,0.00297479545515318,,,0,0.0464,""
1b,null_crossover_n2000,null,,2000,all,5000,EDGE.poly3.u.Grule,0.1,0.1,0.00424264068711929,,,0,0.1,""
1b,null_crossover_n2000,null,,2000,all,5000,EDGE.poly3.sc.Grule,0.01,0.0102,0.00142098275851609,,,0,0.0102,""
1b,null_crossover_n2000,null,,2000,all,5000,EDGE.poly3.sc.Grule,0.05,0.0482,0.00302908435009658,,,0,0.0482,""
1b,null_crossover_n2000,null,,2000,all,5000,EDGE.poly3.sc.Grule,0.1,0.0988,0.00421991848262499,,,0,0.0988,""
1b,null_crossover_n2000,null,,2000,all,5000,EDGE.poly2.u.Grule,0.01,0.0096,0.00137897353129058,,,0,0.0096,""
1b,null_crossover_n2000,null,,2000,all,5000,EDGE.poly2.u.Grule,0.05,0.0518,0.0031342227106573,,,0,0.0518,""
1b,null_crossover_n2000,null,,2000,all,5000,EDGE.poly2.u.Grule,0.1,0.1058,0.00434985884828462,,,0,0.1058,""
1b,null_crossover_n2000,null,,2000,all,5000,EDGE.poly2.sc.Grule,0.01,0.0126,0.00157741814367656,,,0,0.0126,""
1b,null_crossover_n2000,null,,2000,all,5000,EDGE.poly2.sc.Grule,0.05,0.0488,0.00304691844328003,,,0,0.0488,""
1b,null_crossover_n2000,null,,2000,all,5000,EDGE.poly2.sc.Grule,0.1,0.097,0.0041854748834511,,,0,0.097,""
1b,null_crossover_n2000,null,,2000,all,5000,EDGE.stk.u.Grule,0.01,0.0114,0.00150133540556399,,,0,0.0114,""
1b,null_crossover_n2000,null,,2000,all,5000,EDGE.stk.u.Grule,0.05,0.0452,0.00293792307591605,,,0,0.0452,""
1b,null_crossover_n2000,null,,2000,all,5000,EDGE.stk.u.Grule,0.1,0.0948,0.00414277588097643,,,0,0.0948,""
1b,null_crossover_n2000,null,,2000,all,5000,EDGE.stk.sc.Grule,0.01,0.01,0.00140712472794703,,,0,0.01,""
1b,null_crossover_n2000,null,,2000,all,5000,EDGE.stk.sc.Grule,0.05,0.048,0.00302311098043059,,,0,0.048,""
1b,null_crossover_n2000,null,,2000,all,5000,EDGE.stk.sc.Grule,0.1,0.0994,0.00423130334530627,,,0,0.0994,""
1b,null_crossover_n2000,null,,2000,all,5000,EDGE.sym.u.Grule,0.01,0.0096,0.00137897353129058,,,0,0.0096,""
1b,null_crossover_n2000,null,,2000,all,5000,EDGE.sym.u.Grule,0.05,0.0482,0.00302908435009658,,,0,0.0482,""
1b,null_crossover_n2000,null,,2000,all,5000,EDGE.sym.u.Grule,0.1,0.098,0.00420466407695074,,,0,0.098,""
1b,null_crossover_n2000,null,,2000,all,5000,EDGE.sym.sc.Grule,0.01,0.0092,0.00135021183523179,,,0,0.0092,""
1b,null_crossover_n2000,null,,2000,all,5000,EDGE.sym.sc.Grule,0.05,0.0478,0.00301712313305241,,,0,0.0478,""
1b,null_crossover_n2000,null,,2000,all,5000,EDGE.sym.sc.Grule,0.1,0.0998,0.00423886682970815,,,0,0.0998,""
1b,null_crossover_n2000,null,,2000,all,5000,HL.G10,0.01,0.0096,0.00137897353129058,,,0,0.0096,""
1b,null_crossover_n2000,null,,2000,all,5000,HL.G10,0.05,0.0508,0.00310545842026584,,,0,0.0508,""
1b,null_crossover_n2000,null,,2000,all,5000,HL.G10,0.1,0.102,0.00428009345692358,,,0,0.102,""
1b,null_crossover_n2000,null,,2000,all,5000,HL.Grule,0.01,0.0104,0.00143470136265357,,,0,0.0104,""
1b,null_crossover_n2000,null,,2000,all,5000,HL.Grule,0.05,0.0434,0.00288154264240528,,,0,0.0434,""
1b,null_crossover_n2000,null,,2000,all,5000,HL.Grule,0.1,0.1006,0.00425393088801405,,,0,0.1006,""
1b,null_crossover_n2000,null,,2000,all,5000,HLF.G10,0.01,0.0092,0.00135021183523179,,,0,0.0092,""
1b,null_crossover_n2000,null,,2000,all,5000,HLF.G10,0.05,0.0508,0.00310545842026584,,,0,0.0508,""
1b,null_crossover_n2000,null,,2000,all,5000,HLF.G10,0.1,0.1018,0.00427637135899117,,,0,0.1018,""
1b,null_crossover_n2000,null,,2000,all,5000,HLF.Grule,0.01,0.0104,0.00143470136265357,,,0,0.0104,""
1b,null_crossover_n2000,null,,2000,all,5000,HLF.Grule,0.05,0.0438,0.00289418589589542,,,0,0.0438,""
1b,null_crossover_n2000,null,,2000,all,5000,HLF.Grule,0.1,0.101,0.00426143168430517,,,0,0.101,""
1b,null_crossover_n2000,null,,2000,all,5000,Stk.joint,0.01,0.0128,0.0015897270205919,,,0,0.0128,""
1b,null_crossover_n2000,null,,2000,all,5000,Stk.joint,0.05,0.0464,0.00297479545515318,,,0,0.0464,""
1b,null_crossover_n2000,null,,2000,all,5000,Stk.joint,0.1,0.0994,0.00423130334530627,,,0,0.0994,""
1b,null_crossover_n2000,null,,2000,all,5000,Stk.LR,0.01,0.0128,0.0015897270205919,,,0,0.0128,""
1b,null_crossover_n2000,null,,2000,all,5000,Stk.LR,0.05,0.0474,0.00300510365877785,,,0,0.0474,""
1b,null_crossover_n2000,null,,2000,all,5000,Stk.LR,0.1,0.099,0.00422371874063603,,,0,0.099,""
1b,null_crossover_n2000,null,,2000,all,5000,Stk.sym1,0.01,0.0094,0.00136467138901642,,,0,0.0094,""
1b,null_crossover_n2000,null,,2000,all,5000,Stk.sym1,0.05,0.0448,0.00292550713552369,,,0,0.0448,""
1b,null_crossover_n2000,null,,2000,all,5000,Stk.sym1,0.1,0.1002,0.00424640930669666,,,0,0.1002,""
1b,null_crossover_n2000,null,,2000,all,5000,Stk.marg,0.01,0.021,0.002027757381937,,,0,0.021,""
1b,null_crossover_n2000,null,,2000,all,5000,Stk.marg,0.05,0.072,0.00365557109081468,,,0,0.072,""
1b,null_crossover_n2000,null,,2000,all,5000,Stk.marg,0.1,0.1216,0.00462197879700892,,,0,0.1216,""
1b,null_crossover_n2000,null,,2000,all,5000,GiViTI,0.01,0.0102,0.00142098275851609,,,0,0.0102,""
1b,null_crossover_n2000,null,,2000,all,5000,GiViTI,0.05,0.0494,0.0030646252625729,,,0,0.0494,""
1b,null_crossover_n2000,null,,2000,all,5000,GiViTI,0.1,0.1048,0.00433167311786104,,,0,0.1048,""
1b,null_crossover_n2000,null,,2000,all,5000,GiViTI.t50,0.01,0.0108,0.00146173595426807,,,0,0.0108,""
1b,null_crossover_n2000,null,,2000,all,5000,GiViTI.t50,0.05,0.0514,0.00312275647465504,,,0,0.0514,""
1b,null_crossover_n2000,null,,2000,all,5000,GiViTI.t50,0.1,0.0996,0.00423508772046105,,,0,0.0996,""
1b,null_crossover_n2000,null,,2000,all,5000,Cubic.LR,0.01,0.013,0.0016019363283227,,,0,0.013,""
1b,null_crossover_n2000,null,,2000,all,5000,Cubic.LR,0.05,0.0466,0.00298088711627931,,,0,0.0466,""
1b,null_crossover_n2000,null,,2000,all,5000,Cubic.LR,0.1,0.0962,0.00417002541958679,,,0,0.0962,""
1b,null_crossover_n2000,null,,2000,all,5000,HL_w,0.01,0.0096,0.00137897353129058,,,0,0.0096,""
1b,null_crossover_n2000,null,,2000,all,5000,HL_w,0.05,0.0522,0.00314563697841947,,,0,0.0522,""
1b,null_crossover_n2000,null,,2000,all,5000,HL_w,0.1,0.1004,0.0042501727023734,,,0,0.1004,""
1b,null_crossover_n2000,null,,2000,all,5000,PH,0.01,0.0048,0.000977441558355281,,,0,0.0048,""
1b,null_crossover_n2000,null,,2000,all,5000,PH,0.05,0.0298,0.00240466047499434,,,0,0.0298,""
1b,null_crossover_n2000,null,,2000,all,5000,PH,0.1,0.0686,0.00357474586509307,,,0,0.0686,""
1b,null_crossover_n2000,null,,2000,all,5000,Tsiatis,0.01,0.0096,0.00137897353129058,,,0,0.0096,""
1b,null_crossover_n2000,null,,2000,all,5000,Tsiatis,0.05,0.0462,0.00296868859936505,,,0,0.0462,""
1b,null_crossover_n2000,null,,2000,all,5000,Tsiatis,0.1,0.095,0.00414668542332307,,,0,0.095,""
1b,null_crossover_n2000,null,,2000,all,5000,Xie,0.01,0.0044,0.000936017093861004,,,0,0.0044,""
1b,null_crossover_n2000,null,,2000,all,5000,Xie,0.05,0.0288,0.00236518751899294,,,0,0.0288,""
1b,null_crossover_n2000,null,,2000,all,5000,Xie,0.1,0.0648,0.00348140661227614,,,0,0.0648,""
1b,null_crossover_n2000,null,,2000,all,5000,PR,0.01,0.0104,0.00143470136265357,,,0,0.0104,""
1b,null_crossover_n2000,null,,2000,all,5000,PR,0.05,0.057,0.00327874976172321,,,0,0.057,""
1b,null_crossover_n2000,null,,2000,all,5000,PR,0.1,0.1174,0.00455230139599741,,,0,0.1174,""
1b,null_census_logx_n1000,null,,1000,all,5000,flag.evlt.G10,,0,,,,0,,flag rate: share of replicates with the flag = 1
1b,null_census_logx_n1000,null,,1000,all,5000,flag.evlt.Grule,,0,,,,0,,flag rate: share of replicates with the flag = 1
1b,null_census_logx_n1000,null,,1000,all,5000,flag.stk_half0,,0,,,,0,,flag rate: share of replicates with the flag = 1
1b,null_census_logx_n1000,null,,1000,all,5000,flag.stk_diag,,0,,,,0,,flag rate: share of replicates with the flag = 1
1b,null_census_logx_n1000,null,,1000,all,5000,flag.rivals_run,,1,,,,0,,flag rate: share of replicates with the flag = 1
1b,null_census_logx_n1000,null,,1000,all,5000,flag.degenerate,,0,,,,0,,flag rate: share of replicates with the flag = 1
1b,null_census_logx_n1000,null,,1000,all,5000,flag.info_guard,,0,,,,0,,flag rate: share of replicates with the flag = 1
1b,null_census_logx_n1000,null,,1000,all,5000,flag.rep_error,,0,,,,0,,flag rate: share of replicates with the flag = 1
1b,null_census_logx_n1000,null,,1000,all,5000,EDGE.poly3.u.G10,0.01,0.008,0.00125984125984189,,,0,0.008,""
1b,null_census_logx_n1000,null,,1000,all,5000,EDGE.poly3.u.G10,0.05,0.052,0.00313993630508646,,,0,0.052,""
1b,null_census_logx_n1000,null,,1000,all,5000,EDGE.poly3.u.G10,0.1,0.107,0.00437152147426957,,,0,0.107,""
1b,null_census_logx_n1000,null,,1000,all,5000,EDGE.poly3.sc.G10,0.01,0.0092,0.00135021183523179,,,0,0.0092,""
1b,null_census_logx_n1000,null,,1000,all,5000,EDGE.poly3.sc.G10,0.05,0.0492,0.00305873699425106,,,0,0.0492,""
1b,null_census_logx_n1000,null,,1000,all,5000,EDGE.poly3.sc.G10,0.1,0.1004,0.0042501727023734,,,0,0.1004,""
1b,null_census_logx_n1000,null,,1000,all,5000,EDGE.poly2.u.G10,0.01,0.0106,0.00144828450243728,,,0,0.0106,""
1b,null_census_logx_n1000,null,,1000,all,5000,EDGE.poly2.u.G10,0.05,0.0538,0.00319078548323136,,,0,0.0538,""
1b,null_census_logx_n1000,null,,1000,all,5000,EDGE.poly2.u.G10,0.1,0.1058,0.00434985884828462,,,0,0.1058,""
1b,null_census_logx_n1000,null,,1000,all,5000,EDGE.poly2.sc.G10,0.01,0.0082,0.00127536347760158,,,0,0.0082,""
1b,null_census_logx_n1000,null,,1000,all,5000,EDGE.poly2.sc.G10,0.05,0.0488,0.00304691844328003,,,0,0.0488,""
1b,null_census_logx_n1000,null,,1000,all,5000,EDGE.poly2.sc.G10,0.1,0.0996,0.00423508772046105,,,0,0.0996,""
1b,null_census_logx_n1000,null,,1000,all,5000,EDGE.stk.u.G10,0.01,0.0114,0.00150133540556399,,,0,0.0114,""
1b,null_census_logx_n1000,null,,1000,all,5000,EDGE.stk.u.G10,0.05,0.0506,0.00309966578843591,,,0,0.0506,""
1b,null_census_logx_n1000,null,,1000,all,5000,EDGE.stk.u.G10,0.1,0.0944,0.00413493990282809,,,0,0.0944,""
1b,null_census_logx_n1000,null,,1000,all,5000,EDGE.stk.sc.G10,0.01,0.0078,0.00124411896537268,,,0,0.0078,""
1b,null_census_logx_n1000,null,,1000,all,5000,EDGE.stk.sc.G10,0.05,0.0474,0.00300510365877785,,,0,0.0474,""
1b,null_census_logx_n1000,null,,1000,all,5000,EDGE.stk.sc.G10,0.1,0.099,0.00422371874063603,,,0,0.099,""
1b,null_census_logx_n1000,null,,1000,all,5000,EDGE.sym.u.G10,0.01,0.0124,0.00156500734822556,,,0,0.0124,""
1b,null_census_logx_n1000,null,,1000,all,5000,EDGE.sym.u.G10,0.05,0.052,0.00313993630508646,,,0,0.052,""
1b,null_census_logx_n1000,null,,1000,all,5000,EDGE.sym.u.G10,0.1,0.0994,0.00423130334530627,,,0,0.0994,""
1b,null_census_logx_n1000,null,,1000,all,5000,EDGE.sym.sc.G10,0.01,0.012,0.00153987012439361,,,0,0.012,""
1b,null_census_logx_n1000,null,,1000,all,5000,EDGE.sym.sc.G10,0.05,0.0514,0.00312275647465504,,,0,0.0514,""
1b,null_census_logx_n1000,null,,1000,all,5000,EDGE.sym.sc.G10,0.1,0.1022,0.00428381045332307,,,0,0.1022,""
1b,null_census_logx_n1000,null,,1000,all,5000,EDGE.poly3.u.Grule,0.01,0.0084,0.00129069283720024,,,0,0.0084,""
1b,null_census_logx_n1000,null,,1000,all,5000,EDGE.poly3.u.Grule,0.05,0.0514,0.00312275647465504,,,0,0.0514,""
1b,null_census_logx_n1000,null,,1000,all,5000,EDGE.poly3.u.Grule,0.1,0.1064,0.0043607118684912,,,0,0.1064,""
1b,null_census_logx_n1000,null,,1000,all,5000,EDGE.poly3.sc.Grule,0.01,0.0094,0.00136467138901642,,,0,0.0094,""
1b,null_census_logx_n1000,null,,1000,all,5000,EDGE.poly3.sc.Grule,0.05,0.052,0.00313993630508646,,,0,0.052,""
1b,null_census_logx_n1000,null,,1000,all,5000,EDGE.poly3.sc.Grule,0.1,0.102,0.00428009345692358,,,0,0.102,""
1b,null_census_logx_n1000,null,,1000,all,5000,EDGE.poly2.u.Grule,0.01,0.0086,0.00130583613060751,,,0,0.0086,""
1b,null_census_logx_n1000,null,,1000,all,5000,EDGE.poly2.u.Grule,0.05,0.055,0.0032241277890307,,,0,0.055,""
1b,null_census_logx_n1000,null,,1000,all,5000,EDGE.poly2.u.Grule,0.1,0.1068,0.00436792307624573,,,0,0.1068,""
1b,null_census_logx_n1000,null,,1000,all,5000,EDGE.poly2.sc.Grule,0.01,0.0086,0.00130583613060751,,,0,0.0086,""
1b,null_census_logx_n1000,null,,1000,all,5000,EDGE.poly2.sc.Grule,0.05,0.0548,0.00321860093829602,,,0,0.0548,""
1b,null_census_logx_n1000,null,,1000,all,5000,EDGE.poly2.sc.Grule,0.1,0.1064,0.0043607118684912,,,0,0.1064,""
1b,null_census_logx_n1000,null,,1000,all,5000,EDGE.stk.u.Grule,0.01,0.0118,0.00152713850059515,,,0,0.0118,""
1b,null_census_logx_n1000,null,,1000,all,5000,EDGE.stk.u.Grule,0.05,0.0484,0.00303504332753257,,,0,0.0484,""
1b,null_census_logx_n1000,null,,1000,all,5000,EDGE.stk.u.Grule,0.1,0.1006,0.00425393088801405,,,0,0.1006,""
1b,null_census_logx_n1000,null,,1000,all,5000,EDGE.stk.sc.Grule,0.01,0.0102,0.00142098275851609,,,0,0.0102,""
1b,null_census_logx_n1000,null,,1000,all,5000,EDGE.stk.sc.Grule,0.05,0.0548,0.00321860093829602,,,0,0.0548,""
1b,null_census_logx_n1000,null,,1000,all,5000,EDGE.stk.sc.Grule,0.1,0.1034,0.00430600603808216,,,0,0.1034,""
1b,null_census_logx_n1000,null,,1000,all,5000,EDGE.sym.u.Grule,0.01,0.0114,0.00150133540556399,,,0,0.0114,""
1b,null_census_logx_n1000,null,,1000,all,5000,EDGE.sym.u.Grule,0.05,0.0532,0.00317394895989208,,,0,0.0532,""
1b,null_census_logx_n1000,null,,1000,all,5000,EDGE.sym.u.Grule,0.1,0.1048,0.00433167311786104,,,0,0.1048,""
1b,null_census_logx_n1000,null,,1000,all,5000,EDGE.sym.sc.Grule,0.01,0.0112,0.00148825804214189,,,0,0.0112,""
1b,null_census_logx_n1000,null,,1000,all,5000,EDGE.sym.sc.Grule,0.05,0.0524,0.00315132480077824,,,0,0.0524,""
1b,null_census_logx_n1000,null,,1000,all,5000,EDGE.sym.sc.Grule,0.1,0.1054,0.00434259922166437,,,0,0.1054,""
1b,null_census_logx_n1000,null,,1000,all,5000,HL.G10,0.01,0.0094,0.00136467138901642,,,0,0.0094,""
1b,null_census_logx_n1000,null,,1000,all,5000,HL.G10,0.05,0.0516,0.00312849612433834,,,0,0.0516,""
1b,null_census_logx_n1000,null,,1000,all,5000,HL.G10,0.1,0.1006,0.00425393088801405,,,0,0.1006,""
1b,null_census_logx_n1000,null,,1000,all,5000,HL.Grule,0.01,0.0102,0.00142098275851609,,,0,0.0102,""
1b,null_census_logx_n1000,null,,1000,all,5000,HL.Grule,0.05,0.0456,0.00295027591929975,,,0,0.0456,""
1b,null_census_logx_n1000,null,,1000,all,5000,HL.Grule,0.1,0.0906,0.00405935068699417,,,0,0.0906,""
1b,null_census_logx_n1000,null,,1000,all,5000,HLF.G10,0.01,0.0094,0.00136467138901642,,,0,0.0094,""
1b,null_census_logx_n1000,null,,1000,all,5000,HLF.G10,0.05,0.0508,0.00310545842026584,,,0,0.0508,""
1b,null_census_logx_n1000,null,,1000,all,5000,HLF.G10,0.1,0.1002,0.00424640930669666,,,0,0.1002,""
1b,null_census_logx_n1000,null,,1000,all,5000,HLF.Grule,0.01,0.0098,0.00139312311013779,,,0,0.0098,""
1b,null_census_logx_n1000,null,,1000,all,5000,HLF.Grule,0.05,0.0444,0.00291302729132427,,,0,0.0444,""
1b,null_census_logx_n1000,null,,1000,all,5000,HLF.Grule,0.1,0.0902,0.00405127041802939,,,0,0.0902,""
1b,null_census_logx_n1000,null,,1000,all,5000,Stk.joint,0.01,0.0086,0.00130583613060751,,,0,0.0086,""
1b,null_census_logx_n1000,null,,1000,all,5000,Stk.joint,0.05,0.0498,0.00307636018697421,,,0,0.0498,""
1b,null_census_logx_n1000,null,,1000,all,5000,Stk.joint,0.1,0.1072,0.00437511508420064,,,0,0.1072,""
1b,null_census_logx_n1000,null,,1000,all,5000,Stk.LR,0.01,0.0096,0.00137897353129058,,,0,0.0096,""
1b,null_census_logx_n1000,null,,1000,all,5000,Stk.LR,0.05,0.0492,0.00305873699425106,,,0,0.0492,""
1b,null_census_logx_n1000,null,,1000,all,5000,Stk.LR,0.1,0.1092,0.00441079040535821,,,0,0.1092,""
1b,null_census_logx_n1000,null,,1000,all,5000,Stk.sym1,0.01,0.011,0.00147505932084103,,,0,0.011,""
1b,null_census_logx_n1000,null,,1000,all,5000,Stk.sym1,0.05,0.054,0.00319637294444813,,,0,0.054,""
1b,null_census_logx_n1000,null,,1000,all,5000,Stk.sym1,0.1,0.107,0.00437152147426957,,,0,0.107,""
1b,null_census_logx_n1000,null,,1000,all,5000,Stk.marg,0.01,0.0238,0.00215562334372218,,,0,0.0238,""
1b,null_census_logx_n1000,null,,1000,all,5000,Stk.marg,0.05,0.0786,0.00380583867235594,,,0,0.0786,""
1b,null_census_logx_n1000,null,,1000,all,5000,Stk.marg,0.1,0.1228,0.00464155491188029,,,0,0.1228,""
1b,null_census_logx_n1000,null,,1000,all,5000,GiViTI,0.01,0.0106,0.00144828450243728,,,0,0.0106,""
1b,null_census_logx_n1000,null,,1000,all,5000,GiViTI,0.05,0.0552,0.0032296427046966,,,0,0.0552,""
1b,null_census_logx_n1000,null,,1000,all,5000,GiViTI,0.1,0.1046,0.00432802125687941,,,0,0.1046,""
1b,null_census_logx_n1000,null,,1000,all,5000,GiViTI.t50,0.01,0.01,0.00140712472794703,,,0,0.01,""
1b,null_census_logx_n1000,null,,1000,all,5000,GiViTI.t50,0.05,0.0538,0.00319078548323136,,,0,0.0538,""
1b,null_census_logx_n1000,null,,1000,all,5000,GiViTI.t50,0.1,0.1028,0.00429493096568501,,,0,0.1028,""
1b,null_census_logx_n1000,null,,1000,all,5000,Cubic.LR,0.01,0.009,0.00133558975737312,,,0,0.009,""
1b,null_census_logx_n1000,null,,1000,all,5000,Cubic.LR,0.05,0.0522,0.00314563697841947,,,0,0.0522,""
1b,null_census_logx_n1000,null,,1000,all,5000,Cubic.LR,0.1,0.1088,0.00440369299565717,,,0,0.1088,""
1b,null_census_logx_n1000,null,,1000,all,5000,HL_w,0.01,0.0084,0.00129069283720024,,,0,0.0084,""
1b,null_census_logx_n1000,null,,1000,all,5000,HL_w,0.05,0.0512,0.0031170036894428,,,0,0.0512,""
1b,null_census_logx_n1000,null,,1000,all,5000,HL_w,0.1,0.1026,0.00429122919453156,,,0,0.1026,""
1b,null_census_logx_n1000,null,,1000,all,5000,PH,0.01,0.0048,0.000977441558355281,,,0,0.0048,""
1b,null_census_logx_n1000,null,,1000,all,5000,PH,0.05,0.0328,0.00251889499582654,,,0,0.0328,""
1b,null_census_logx_n1000,null,,1000,all,5000,PH,0.1,0.0656,0.00350133231784702,,,0,0.0656,""
1b,null_census_logx_n1000,null,,1000,all,5000,Tsiatis,0.01,0.011,0.00147505932084103,,,0,0.011,""
1b,null_census_logx_n1000,null,,1000,all,5000,Tsiatis,0.05,0.0506,0.00309966578843591,,,0,0.0506,""
1b,null_census_logx_n1000,null,,1000,all,5000,Tsiatis,0.1,0.0996,0.00423508772046105,,,0,0.0996,""
1b,null_census_logx_n1000,null,,1000,all,5000,Xie,0.01,0.007,0.00117906742809731,,,0,0.007,""
1b,null_census_logx_n1000,null,,1000,all,5000,Xie,0.05,0.0386,0.00272433624943765,,,0,0.0386,""
1b,null_census_logx_n1000,null,,1000,all,5000,Xie,0.1,0.0766,0.00376118172919097,,,0,0.0766,""
1b,null_census_logx_n1000,null,,1000,all,5000,PR,0.01,0,0,,,1,,no p-value in any replicate
1b,null_census_logx_n1000,null,,1000,all,5000,PR,0.05,0,0,,,1,,no p-value in any replicate
1b,null_census_logx_n1000,null,,1000,all,5000,PR,0.1,0,0,,,1,,no p-value in any replicate
1b,null_census_int_binbin_n1000,null,,1000,all,5000,flag.evlt.G10,,0,,,,0,,flag rate: share of replicates with the flag = 1
1b,null_census_int_binbin_n1000,null,,1000,all,5000,flag.evlt.Grule,,0,,,,0,,flag rate: share of replicates with the flag = 1
1b,null_census_int_binbin_n1000,null,,1000,all,5000,flag.stk_half0,,0,,,,0,,flag rate: share of replicates with the flag = 1
1b,null_census_int_binbin_n1000,null,,1000,all,5000,flag.stk_diag,,0,,,,0,,flag rate: share of replicates with the flag = 1
1b,null_census_int_binbin_n1000,null,,1000,all,5000,flag.rivals_run,,1,,,,0,,flag rate: share of replicates with the flag = 1
1b,null_census_int_binbin_n1000,null,,1000,all,5000,flag.degenerate,,0,,,,0,,flag rate: share of replicates with the flag = 1
1b,null_census_int_binbin_n1000,null,,1000,all,5000,flag.info_guard,,2e-04,,,,0,,flag rate: share of replicates with the flag = 1
1b,null_census_int_binbin_n1000,null,,1000,all,5000,flag.rep_error,,0,,,,0,,flag rate: share of replicates with the flag = 1
1b,null_census_int_binbin_n1000,null,,1000,all,5000,EDGE.poly3.u.G10,0.01,0.0106,0.00144828450243728,,,0,0.0106,""
1b,null_census_int_binbin_n1000,null,,1000,all,5000,EDGE.poly3.u.G10,0.05,0.0538,0.00319078548323136,,,0,0.0538,""
1b,null_census_int_binbin_n1000,null,,1000,all,5000,EDGE.poly3.u.G10,0.1,0.0988,0.00421991848262499,,,0,0.0988,""
1b,null_census_int_binbin_n1000,null,,1000,all,5000,EDGE.poly3.sc.G10,0.01,0.0084,0.00129069283720024,,,0,0.0084,""
1b,null_census_int_binbin_n1000,null,,1000,all,5000,EDGE.poly3.sc.G10,0.05,0.0454,0.00294410733499986,,,0,0.0454,""
1b,null_census_int_binbin_n1000,null,,1000,all,5000,EDGE.poly3.sc.G10,0.1,0.0976,0.00419700464617327,,,0,0.0976,""
1b,null_census_int_binbin_n1000,null,,1000,all,5000,EDGE.poly2.u.G10,0.01,0.012,0.00153987012439361,,,0,0.012,""
1b,null_census_int_binbin_n1000,null,,1000,all,5000,EDGE.poly2.u.G10,0.05,0.0518,0.0031342227106573,,,0,0.0518,""
1b,null_census_int_binbin_n1000,null,,1000,all,5000,EDGE.poly2.u.G10,0.1,0.097,0.0041854748834511,,,0,0.097,""
1b,null_census_int_binbin_n1000,null,,1000,all,5000,EDGE.poly2.sc.G10,0.01,0.0076,0.00122818891055082,,,0,0.0076,""
1b,null_census_int_binbin_n1000,null,,1000,all,5000,EDGE.poly2.sc.G10,0.05,0.0456,0.00295027591929975,,,0,0.0456,""
1b,null_census_int_binbin_n1000,null,,1000,all,5000,EDGE.poly2.sc.G10,0.1,0.0984,0.00421230198347649,,,0,0.0984,""
1b,null_census_int_binbin_n1000,null,,1000,all,5000,EDGE.stk.u.G10,0.01,0.013,0.0016019363283227,,,0,0.013,""
1b,null_census_int_binbin_n1000,null,,1000,all,5000,EDGE.stk.u.G10,0.05,0.0506,0.00309966578843591,,,0,0.0506,""
1b,null_census_int_binbin_n1000,null,,1000,all,5000,EDGE.stk.u.G10,0.1,0.094,0.00412708129311745,,,0,0.094,""
1b,null_census_int_binbin_n1000,null,,1000,all,5000,EDGE.stk.sc.G10,0.01,0.0076,0.00122818891055082,,,0,0.0076,""
1b,null_census_int_binbin_n1000,null,,1000,all,5000,EDGE.stk.sc.G10,0.05,0.0456,0.00295027591929975,,,0,0.0456,""
1b,null_census_int_binbin_n1000,null,,1000,all,5000,EDGE.stk.sc.G10,0.1,0.0962,0.00417002541958679,,,0,0.0962,""
1b,null_census_int_binbin_n1000,null,,1000,all,5000,EDGE.sym.u.G10,0.01,0.0116,0.00151429455523026,,,0,0.0116,""
1b,null_census_int_binbin_n1000,null,,1000,all,5000,EDGE.sym.u.G10,0.05,0.0502,0.00308804015517933,,,0,0.0502,""
1b,null_census_int_binbin_n1000,null,,1000,all,5000,EDGE.sym.u.G10,0.1,0.0978,0.00420083705944422,,,0,0.0978,""
1b,null_census_int_binbin_n1000,null,,1000,all,5000,EDGE.sym.sc.G10,0.01,0.0114,0.00150133540556399,,,0,0.0114,""
1b,null_census_int_binbin_n1000,null,,1000,all,5000,EDGE.sym.sc.G10,0.05,0.048,0.00302311098043059,,,0,0.048,""
1b,null_census_int_binbin_n1000,null,,1000,all,5000,EDGE.sym.sc.G10,0.1,0.1008,0.00425768387741504,,,0,0.1008,""
1b,null_census_int_binbin_n1000,null,,1000,all,5000,EDGE.poly3.u.Grule,0.01,0.0114,0.00150133540556399,,,0,0.0114,""
1b,null_census_int_binbin_n1000,null,,1000,all,5000,EDGE.poly3.u.Grule,0.05,0.0532,0.00317394895989208,,,0,0.0532,""
1b,null_census_int_binbin_n1000,null,,1000,all,5000,EDGE.poly3.u.Grule,0.1,0.1012,0.00426517432234604,,,0,0.1012,""
1b,null_census_int_binbin_n1000,null,,1000,all,5000,EDGE.poly3.sc.Grule,0.01,0.0082,0.00127536347760158,,,0,0.0082,""
1b,null_census_int_binbin_n1000,null,,1000,all,5000,EDGE.poly3.sc.Grule,0.05,0.0466,0.00298088711627931,,,0,0.0466,""
1b,null_census_int_binbin_n1000,null,,1000,all,5000,EDGE.poly3.sc.Grule,0.1,0.097,0.0041854748834511,,,0,0.097,""
1b,null_census_int_binbin_n1000,null,,1000,all,5000,EDGE.poly2.u.Grule,0.01,0.0098,0.00139312311013779,,,0,0.0098,""
1b,null_census_int_binbin_n1000,null,,1000,all,5000,EDGE.poly2.u.Grule,0.05,0.0544,0.0032075111847038,,,0,0.0544,""
1b,null_census_int_binbin_n1000,null,,1000,all,5000,EDGE.poly2.u.Grule,0.1,0.105,0.00433532005738907,,,0,0.105,""
1b,null_census_int_binbin_n1000,null,,1000,all,5000,EDGE.poly2.sc.Grule,0.01,0.0082,0.00127536347760158,,,0,0.0082,""
1b,null_census_int_binbin_n1000,null,,1000,all,5000,EDGE.poly2.sc.Grule,0.05,0.0482,0.00302908435009658,,,0,0.0482,""
1b,null_census_int_binbin_n1000,null,,1000,all,5000,EDGE.poly2.sc.Grule,0.1,0.0998,0.00423886682970815,,,0,0.0998,""
1b,null_census_int_binbin_n1000,null,,1000,all,5000,EDGE.stk.u.Grule,0.01,0.011,0.00147505932084103,,,0,0.011,""
1b,null_census_int_binbin_n1000,null,,1000,all,5000,EDGE.stk.u.Grule,0.05,0.0534,0.00317957355631223,,,0,0.0534,""
1b,null_census_int_binbin_n1000,null,,1000,all,5000,EDGE.stk.u.Grule,0.1,0.1038,0.00431336434816258,,,0,0.1038,""
1b,null_census_int_binbin_n1000,null,,1000,all,5000,EDGE.stk.sc.Grule,0.01,0.007,0.00117906742809731,,,0,0.007,""
1b,null_census_int_binbin_n1000,null,,1000,all,5000,EDGE.stk.sc.Grule,0.05,0.0466,0.00298088711627931,,,0,0.0466,""
1b,null_census_int_binbin_n1000,null,,1000,all,5000,EDGE.stk.sc.Grule,0.1,0.0984,0.00421230198347649,,,0,0.0984,""
1b,null_census_int_binbin_n1000,null,,1000,all,5000,EDGE.sym.u.Grule,0.01,0.0118,0.00152713850059515,,,0,0.0118,""
1b,null_census_int_binbin_n1000,null,,1000,all,5000,EDGE.sym.u.Grule,0.05,0.0522,0.00314563697841947,,,0,0.0522,""
1b,null_census_int_binbin_n1000,null,,1000,all,5000,EDGE.sym.u.Grule,0.1,0.1058,0.00434985884828462,,,0,0.1058,""
1b,null_census_int_binbin_n1000,null,,1000,all,5000,EDGE.sym.sc.Grule,0.01,0.0118,0.00152713850059515,,,0,0.0118,""
1b,null_census_int_binbin_n1000,null,,1000,all,5000,EDGE.sym.sc.Grule,0.05,0.0522,0.00314563697841947,,,0,0.0522,""
1b,null_census_int_binbin_n1000,null,,1000,all,5000,EDGE.sym.sc.Grule,0.1,0.108,0.00438944187796125,,,0,0.108,""
1b,null_census_int_binbin_n1000,null,,1000,all,5000,HL.G10,0.01,0.006,0.00109215383531808,,,0,0.006,""
1b,null_census_int_binbin_n1000,null,,1000,all,5000,HL.G10,0.05,0.031,0.00245108139399735,,,0,0.031,""
1b,null_census_int_binbin_n1000,null,,1000,all,5000,HL.G10,0.1,0.068,0.00356022471200906,,,0,0.068,""
1b,null_census_int_binbin_n1000,null,,1000,all,5000,HL.Grule,0.01,0.0074,0.00121204290353106,,,0,0.0074,""
1b,null_census_int_binbin_n1000,null,,1000,all,5000,HL.Grule,0.05,0.04,0.0027712812921102,,,0,0.04,""
1b,null_census_int_binbin_n1000,null,,1000,all,5000,HL.Grule,0.1,0.0802,0.00384104048403554,,,0,0.0802,""
1b,null_census_int_binbin_n1000,null,,1000,all,5000,HLF.G10,0.01,0.006,0.00109215383531808,,,0,0.006,""
1b,null_census_int_binbin_n1000,null,,1000,all,5000,HLF.G10,0.05,0.0322,0.00249652398346181,,,0,0.0322,""
1b,null_census_int_binbin_n1000,null,,1000,all,5000,HLF.G10,0.1,0.068,0.00356022471200906,,,0,0.068,""
1b,null_census_int_binbin_n1000,null,,1000,all,5000,HLF.Grule,0.01,0.0078,0.00124411896537268,,,0,0.0078,""
1b,null_census_int_binbin_n1000,null,,1000,all,5000,HLF.Grule,0.05,0.039,0.00273784586856163,,,0,0.039,""
1b,null_census_int_binbin_n1000,null,,1000,all,5000,HLF.Grule,0.1,0.0812,0.00386281141139456,,,0,0.0812,""
1b,null_census_int_binbin_n1000,null,,1000,all,5000,Stk.joint,0.01,0.0186,0.0019107087690174,,,0.1384,0.0215877437325905,""
1b,null_census_int_binbin_n1000,null,,1000,all,5000,Stk.joint,0.05,0.043,0.00286883251515316,,,0.1384,0.0499071494893222,""
1b,null_census_int_binbin_n1000,null,,1000,all,5000,Stk.joint,0.1,0.0682,0.00356507391227728,,,0.1384,0.079155060352832,""
1b,null_census_int_binbin_n1000,null,,1000,all,5000,Stk.LR,0.01,0.011,0.00147505932084103,,,0,0.011,""
1b,null_census_int_binbin_n1000,null,,1000,all,5000,Stk.LR,0.05,0.055,0.0032241277890307,,,0,0.055,""
1b,null_census_int_binbin_n1000,null,,1000,all,5000,Stk.LR,0.1,0.1004,0.0042501727023734,,,0,0.1004,""
1b,null_census_int_binbin_n1000,null,,1000,all,5000,Stk.sym1,0.01,0.0108,0.00146173595426807,,,0,0.0108,""
1b,null_census_int_binbin_n1000,null,,1000,all,5000,Stk.sym1,0.05,0.0544,0.0032075111847038,,,0,0.0544,""
1b,null_census_int_binbin_n1000,null,,1000,all,5000,Stk.sym1,0.1,0.1,0.00424264068711929,,,0,0.1,""
1b,null_census_int_binbin_n1000,null,,1000,all,5000,Stk.marg,0.01,0.0342,0.0025702280054501,,,0,0.0342,""
1b,null_census_int_binbin_n1000,null,,1000,all,5000,Stk.marg,0.05,0.084,0.00392285610238255,,,0,0.084,""
1b,null_census_int_binbin_n1000,null,,1000,all,5000,Stk.marg,0.1,0.1346,0.00482665184159786,,,0,0.1346,""
1b,null_census_int_binbin_n1000,null,,1000,all,5000,GiViTI,0.01,0.0108,0.00146173595426807,,,0,0.0108,""
1b,null_census_int_binbin_n1000,null,,1000,all,5000,GiViTI,0.05,0.0548,0.00321860093829602,,,0,0.0548,""
1b,null_census_int_binbin_n1000,null,,1000,all,5000,GiViTI,0.1,0.0992,0.00422751369010202,,,0,0.0992,""
1b,null_census_int_binbin_n1000,null,,1000,all,5000,GiViTI.t50,0.01,0.0108,0.00146173595426807,,,0,0.0108,""
1b,null_census_int_binbin_n1000,null,,1000,all,5000,GiViTI.t50,0.05,0.0548,0.00321860093829602,,,0,0.0548,""
1b,null_census_int_binbin_n1000,null,,1000,all,5000,GiViTI.t50,0.1,0.0992,0.00422751369010202,,,0,0.0992,""
1b,null_census_int_binbin_n1000,null,,1000,all,5000,Cubic.LR,0.01,0.0028,0.000747283078893133,,,0,0.0028,""
1b,null_census_int_binbin_n1000,null,,1000,all,5000,Cubic.LR,0.05,0.0158,0.00176353962246387,,,0,0.0158,""
1b,null_census_int_binbin_n1000,null,,1000,all,5000,Cubic.LR,0.1,0.0352,0.00260618341641566,,,0,0.0352,""
1b,null_census_int_binbin_n1000,null,,1000,all,5000,HL_w,0.01,0.0032,0.000798718974358316,,,0,0.0032,""
1b,null_census_int_binbin_n1000,null,,1000,all,5000,HL_w,0.05,0.0208,0.00201828441999635,,,0,0.0208,""
1b,null_census_int_binbin_n1000,null,,1000,all,5000,HL_w,0.1,0.0386,0.00272433624943765,,,0,0.0386,""
1b,null_census_int_binbin_n1000,null,,1000,all,5000,PH,0.01,0,0,,,1,,no p-value in any replicate
1b,null_census_int_binbin_n1000,null,,1000,all,5000,PH,0.05,0,0,,,1,,no p-value in any replicate
1b,null_census_int_binbin_n1000,null,,1000,all,5000,PH,0.1,0,0,,,1,,no p-value in any replicate
1b,null_census_int_binbin_n1000,null,,1000,all,5000,Tsiatis,0.01,0,0,,,1,,no p-value in any replicate
1b,null_census_int_binbin_n1000,null,,1000,all,5000,Tsiatis,0.05,0,0,,,1,,no p-value in any replicate
1b,null_census_int_binbin_n1000,null,,1000,all,5000,Tsiatis,0.1,0,0,,,1,,no p-value in any replicate
1b,null_census_int_binbin_n1000,null,,1000,all,5000,Xie,0.01,0,0,,,1,,no p-value in any replicate
1b,null_census_int_binbin_n1000,null,,1000,all,5000,Xie,0.05,0,0,,,1,,no p-value in any replicate
1b,null_census_int_binbin_n1000,null,,1000,all,5000,Xie,0.1,0,0,,,1,,no p-value in any replicate
1b,null_census_int_binbin_n1000,null,,1000,all,5000,PR,0.01,6e-04,0.000346306222872186,,,0,6e-04,""
1b,null_census_int_binbin_n1000,null,,1000,all,5000,PR,0.05,0.0022,0.000662594898863552,,,0,0.0022,""
1b,null_census_int_binbin_n1000,null,,1000,all,5000,PR,0.1,0.0044,0.000936017093861004,,,0,0.0044,""
1b,null_census_skew_n1000,null,,1000,all,5000,flag.evlt.G10,,0,,,,0,,flag rate: share of replicates with the flag = 1
1b,null_census_skew_n1000,null,,1000,all,5000,flag.evlt.Grule,,0,,,,0,,flag rate: share of replicates with the flag = 1
1b,null_census_skew_n1000,null,,1000,all,5000,flag.stk_half0,,0,,,,0,,flag rate: share of replicates with the flag = 1
1b,null_census_skew_n1000,null,,1000,all,5000,flag.stk_diag,,0.0214,,,,0,,flag rate: share of replicates with the flag = 1
1b,null_census_skew_n1000,null,,1000,all,5000,flag.rivals_run,,1,,,,0,,flag rate: share of replicates with the flag = 1
1b,null_census_skew_n1000,null,,1000,all,5000,flag.degenerate,,0,,,,0,,flag rate: share of replicates with the flag = 1
1b,null_census_skew_n1000,null,,1000,all,5000,flag.info_guard,,0,,,,0,,flag rate: share of replicates with the flag = 1
1b,null_census_skew_n1000,null,,1000,all,5000,flag.rep_error,,0,,,,0,,flag rate: share of replicates with the flag = 1
1b,null_census_skew_n1000,null,,1000,all,5000,EDGE.poly3.u.G10,0.01,0.0106,0.00144828450243728,,,0,0.0106,""
1b,null_census_skew_n1000,null,,1000,all,5000,EDGE.poly3.u.G10,0.05,0.0484,0.00303504332753257,,,0,0.0484,""
1b,null_census_skew_n1000,null,,1000,all,5000,EDGE.poly3.u.G10,0.1,0.1002,0.00424640930669666,,,0,0.1002,""
1b,null_census_skew_n1000,null,,1000,all,5000,EDGE.poly3.sc.G10,0.01,0.0116,0.00151429455523026,,,0,0.0116,""
1b,null_census_skew_n1000,null,,1000,all,5000,EDGE.poly3.sc.G10,0.05,0.049,0.00305283474822991,,,0,0.049,""
1b,null_census_skew_n1000,null,,1000,all,5000,EDGE.poly3.sc.G10,0.1,0.1004,0.0042501727023734,,,0,0.1004,""
1b,null_census_skew_n1000,null,,1000,all,5000,EDGE.poly2.u.G10,0.01,0.01,0.00140712472794703,,,0,0.01,""
1b,null_census_skew_n1000,null,,1000,all,5000,EDGE.poly2.u.G10,0.05,0.0492,0.00305873699425106,,,0,0.0492,""
1b,null_census_skew_n1000,null,,1000,all,5000,EDGE.poly2.u.G10,0.1,0.0984,0.00421230198347649,,,0,0.0984,""
1b,null_census_skew_n1000,null,,1000,all,5000,EDGE.poly2.sc.G10,0.01,0.0098,0.00139312311013779,,,0,0.0098,""
1b,null_census_skew_n1000,null,,1000,all,5000,EDGE.poly2.sc.G10,0.05,0.0524,0.00315132480077824,,,0,0.0524,""
1b,null_census_skew_n1000,null,,1000,all,5000,EDGE.poly2.sc.G10,0.1,0.1014,0.00426891180513254,,,0,0.1014,""
1b,null_census_skew_n1000,null,,1000,all,5000,EDGE.stk.u.G10,0.01,0.0118,0.00152713850059515,,,0,0.0118,""
1b,null_census_skew_n1000,null,,1000,all,5000,EDGE.stk.u.G10,0.05,0.0504,0.00309385972532693,,,0,0.0504,""
1b,null_census_skew_n1000,null,,1000,all,5000,EDGE.stk.u.G10,0.1,0.0964,0.00417389602170442,,,0,0.0964,""
1b,null_census_skew_n1000,null,,1000,all,5000,EDGE.stk.sc.G10,0.01,0.012,0.00153987012439361,,,0,0.012,""
1b,null_census_skew_n1000,null,,1000,all,5000,EDGE.stk.sc.G10,0.05,0.0494,0.0030646252625729,,,0,0.0494,""
1b,null_census_skew_n1000,null,,1000,all,5000,EDGE.stk.sc.G10,0.1,0.0996,0.00423508772046105,,,0,0.0996,""
1b,null_census_skew_n1000,null,,1000,all,5000,EDGE.sym.u.G10,0.01,0.0108,0.00146173595426807,,,0,0.0108,""
1b,null_census_skew_n1000,null,,1000,all,5000,EDGE.sym.u.G10,0.05,0.0478,0.00301712313305241,,,0,0.0478,""
1b,null_census_skew_n1000,null,,1000,all,5000,EDGE.sym.u.G10,0.1,0.0938,0.00412314346100157,,,0,0.0938,""
1b,null_census_skew_n1000,null,,1000,all,5000,EDGE.sym.sc.G10,0.01,0.01,0.00140712472794703,,,0,0.01,""
1b,null_census_skew_n1000,null,,1000,all,5000,EDGE.sym.sc.G10,0.05,0.0474,0.00300510365877785,,,0,0.0474,""
1b,null_census_skew_n1000,null,,1000,all,5000,EDGE.sym.sc.G10,0.1,0.0958,0.00416226765117286,,,0,0.0958,""
1b,null_census_skew_n1000,null,,1000,all,5000,EDGE.poly3.u.Grule,0.01,0.0124,0.00156500734822556,,,0,0.0124,""
1b,null_census_skew_n1000,null,,1000,all,5000,EDGE.poly3.u.Grule,0.05,0.0494,0.0030646252625729,,,0,0.0494,""
1b,null_census_skew_n1000,null,,1000,all,5000,EDGE.poly3.u.Grule,0.1,0.0982,0.00420848571341284,,,0,0.0982,""
1b,null_census_skew_n1000,null,,1000,all,5000,EDGE.poly3.sc.Grule,0.01,0.0174,0.00184917495116065,,,0,0.0174,""
1b,null_census_skew_n1000,null,,1000,all,5000,EDGE.poly3.sc.Grule,0.05,0.0556,0.00324063697442339,,,0,0.0556,""
1b,null_census_skew_n1000,null,,1000,all,5000,EDGE.poly3.sc.Grule,0.1,0.0992,0.00422751369010202,,,0,0.0992,""
1b,null_census_skew_n1000,null,,1000,all,5000,EDGE.poly2.u.Grule,0.01,0.0126,0.00157741814367656,,,0,0.0126,""
1b,null_census_skew_n1000,null,,1000,all,5000,EDGE.poly2.u.Grule,0.05,0.0524,0.00315132480077824,,,0,0.0524,""
1b,null_census_skew_n1000,null,,1000,all,5000,EDGE.poly2.u.Grule,0.1,0.0998,0.00423886682970815,,,0,0.0998,""
1b,null_census_skew_n1000,null,,1000,all,5000,EDGE.poly2.sc.Grule,0.01,0.0162,0.00178536046780475,,,0,0.0162,""
1b,null_census_skew_n1000,null,,1000,all,5000,EDGE.poly2.sc.Grule,0.05,0.0546,0.00321306209090332,,,0,0.0546,""
1b,null_census_skew_n1000,null,,1000,all,5000,EDGE.poly2.sc.Grule,0.1,0.0996,0.00423508772046105,,,0,0.0996,""
1b,null_census_skew_n1000,null,,1000,all,5000,EDGE.stk.u.Grule,0.01,0.0126,0.00157741814367656,,,0,0.0126,""
1b,null_census_skew_n1000,null,,1000,all,5000,EDGE.stk.u.Grule,0.05,0.0494,0.0030646252625729,,,0,0.0494,""
1b,null_census_skew_n1000,null,,1000,all,5000,EDGE.stk.u.Grule,0.1,0.0952,0.00415058935574215,,,0,0.0952,""
1b,null_census_skew_n1000,null,,1000,all,5000,EDGE.stk.sc.Grule,0.01,0.0162,0.00178536046780475,,,0,0.0162,""
1b,null_census_skew_n1000,null,,1000,all,5000,EDGE.stk.sc.Grule,0.05,0.0554,0.00323514574633045,,,0,0.0554,""
1b,null_census_skew_n1000,null,,1000,all,5000,EDGE.stk.sc.Grule,0.1,0.0992,0.00422751369010202,,,0,0.0992,""
1b,null_census_skew_n1000,null,,1000,all,5000,EDGE.sym.u.Grule,0.01,0.0104,0.00143470136265357,,,0,0.0104,""
1b,null_census_skew_n1000,null,,1000,all,5000,EDGE.sym.u.Grule,0.05,0.047,0.00299302522541993,,,0,0.047,""
1b,null_census_skew_n1000,null,,1000,all,5000,EDGE.sym.u.Grule,0.1,0.0938,0.00412314346100157,,,0,0.0938,""
1b,null_census_skew_n1000,null,,1000,all,5000,EDGE.sym.sc.Grule,0.01,0.0096,0.00137897353129058,,,0,0.0096,""
1b,null_census_skew_n1000,null,,1000,all,5000,EDGE.sym.sc.Grule,0.05,0.0484,0.00303504332753257,,,0,0.0484,""
1b,null_census_skew_n1000,null,,1000,all,5000,EDGE.sym.sc.Grule,0.1,0.0972,0.00418932357308432,,,0,0.0972,""
1b,null_census_skew_n1000,null,,1000,all,5000,HL.G10,0.01,0.0106,0.00144828450243728,,,0,0.0106,""
1b,null_census_skew_n1000,null,,1000,all,5000,HL.G10,0.05,0.054,0.00319637294444813,,,0,0.054,""
1b,null_census_skew_n1000,null,,1000,all,5000,HL.G10,0.1,0.1068,0.00436792307624573,,,0,0.1068,""
1b,null_census_skew_n1000,null,,1000,all,5000,HL.Grule,0.01,0.0096,0.00137897353129058,,,0,0.0096,""
1b,null_census_skew_n1000,null,,1000,all,5000,HL.Grule,0.05,0.0524,0.00315132480077824,,,0,0.0524,""
1b,null_census_skew_n1000,null,,1000,all,5000,HL.Grule,0.1,0.0998,0.00423886682970815,,,0,0.0998,""
1b,null_census_skew_n1000,null,,1000,all,5000,HLF.G10,0.01,0.0102,0.00142098275851609,,,0,0.0102,""
1b,null_census_skew_n1000,null,,1000,all,5000,HLF.G10,0.05,0.0542,0.00320194815698193,,,0,0.0542,""
1b,null_census_skew_n1000,null,,1000,all,5000,HLF.G10,0.1,0.107,0.00437152147426957,,,0,0.107,""
1b,null_census_skew_n1000,null,,1000,all,5000,HLF.Grule,0.01,0.009,0.00133558975737312,,,0,0.009,""
1b,null_census_skew_n1000,null,,1000,all,5000,HLF.Grule,0.05,0.0526,0.00315699984162179,,,0,0.0526,""
1b,null_census_skew_n1000,null,,1000,all,5000,HLF.Grule,0.1,0.101,0.00426143168430517,,,0,0.101,""
1b,null_census_skew_n1000,null,,1000,all,5000,Stk.joint,0.01,0.0156,0.00175252047063651,,,0,0.0156,""
1b,null_census_skew_n1000,null,,1000,all,5000,Stk.joint,0.05,0.053,0.00316831185333767,,,0,0.053,""
1b,null_census_skew_n1000,null,,1000,all,5000,Stk.joint,0.1,0.0966,0.00417776112289824,,,0,0.0966,""
1b,null_census_skew_n1000,null,,1000,all,5000,Stk.LR,0.01,0.0126,0.00157741814367656,,,0,0.0126,""
1b,null_census_skew_n1000,null,,1000,all,5000,Stk.LR,0.05,0.0518,0.0031342227106573,,,0,0.0518,""
1b,null_census_skew_n1000,null,,1000,all,5000,Stk.LR,0.1,0.1008,0.00425768387741504,,,0,0.1008,""
1b,null_census_skew_n1000,null,,1000,all,5000,Stk.sym1,0.01,0.0154,0.00174142700105402,,,0,0.0154,""
1b,null_census_skew_n1000,null,,1000,all,5000,Stk.sym1,0.05,0.0508,0.00310545842026584,,,0,0.0508,""
1b,null_census_skew_n1000,null,,1000,all,5000,Stk.sym1,0.1,0.0914,0.00407543960818953,,,0,0.0914,""
1b,null_census_skew_n1000,null,,1000,all,5000,Stk.marg,0.01,0.0268,0.00228393344911799,,,0,0.0268,""
1b,null_census_skew_n1000,null,,1000,all,5000,Stk.marg,0.05,0.067,0.00353584501922808,,,0,0.067,""
1b,null_census_skew_n1000,null,,1000,all,5000,Stk.marg,0.1,0.1076,0.00438228798688539,,,0,0.1076,""
1b,null_census_skew_n1000,null,,1000,all,5000,GiViTI,0.01,0.0122,0.00155249218999646,,,0,0.0122,""
1b,null_census_skew_n1000,null,,1000,all,5000,GiViTI,0.05,0.0524,0.00315132480077824,,,0,0.0524,""
1b,null_census_skew_n1000,null,,1000,all,5000,GiViTI,0.1,0.101,0.00426143168430517,,,0,0.101,""
1b,null_census_skew_n1000,null,,1000,all,5000,GiViTI.t50,0.01,0.0136,0.00163798901095215,,,0,0.0136,""
1b,null_census_skew_n1000,null,,1000,all,5000,GiViTI.t50,0.05,0.0502,0.00308804015517933,,,0,0.0502,""
1b,null_census_skew_n1000,null,,1000,all,5000,GiViTI.t50,0.1,0.0996,0.00423508772046105,,,0,0.0996,""
1b,null_census_skew_n1000,null,,1000,all,5000,Cubic.LR,0.01,0.0124,0.00156500734822556,,,0,0.0124,""
1b,null_census_skew_n1000,null,,1000,all,5000,Cubic.LR,0.05,0.0554,0.00323514574633045,,,0,0.0554,""
1b,null_census_skew_n1000,null,,1000,all,5000,Cubic.LR,0.1,0.1008,0.00425768387741504,,,0,0.1008,""
1b,null_census_skew_n1000,null,,1000,all,5000,HL_w,0.01,0.0124,0.00156500734822556,,,0,0.0124,""
1b,null_census_skew_n1000,null,,1000,all,5000,HL_w,0.05,0.0532,0.00317394895989208,,,0,0.0532,""
1b,null_census_skew_n1000,null,,1000,all,5000,HL_w,0.1,0.0994,0.00423130334530627,,,0,0.0994,""
1b,null_census_skew_n1000,null,,1000,all,5000,PH,0.01,0.0046,0.000956957679315026,,,0,0.0046,""
1b,null_census_skew_n1000,null,,1000,all,5000,PH,0.05,0.0348,0.00259187036712873,,,0,0.0348,""
1b,null_census_skew_n1000,null,,1000,all,5000,PH,0.1,0.07,0.00360832371053374,,,0,0.07,""
1b,null_census_skew_n1000,null,,1000,all,5000,Tsiatis,0.01,0.0148,0.00170768615383507,,,0,0.0148,""
1b,null_census_skew_n1000,null,,1000,all,5000,Tsiatis,0.05,0.0512,0.0031170036894428,,,0,0.0512,""
1b,null_census_skew_n1000,null,,1000,all,5000,Tsiatis,0.1,0.1038,0.00431336434816258,,,0,0.1038,""
1b,null_census_skew_n1000,null,,1000,all,5000,Xie,0.01,0.0126,0.00157741814367656,,,0,0.0126,""
1b,null_census_skew_n1000,null,,1000,all,5000,Xie,0.05,0.047,0.00299302522541993,,,0,0.047,""
1b,null_census_skew_n1000,null,,1000,all,5000,Xie,0.1,0.0854,0.00395238763281134,,,0,0.0854,""
1b,null_census_skew_n1000,null,,1000,all,5000,PR,0.01,0,0,,,1,,no p-value in any replicate
1b,null_census_skew_n1000,null,,1000,all,5000,PR,0.05,0,0,,,1,,no p-value in any replicate
1b,null_census_skew_n1000,null,,1000,all,5000,PR,0.1,0,0,,,1,,no p-value in any replicate
1b,null_census_corr_n1000,null,,1000,all,5000,flag.evlt.G10,,0,,,,0,,flag rate: share of replicates with the flag = 1
1b,null_census_corr_n1000,null,,1000,all,5000,flag.evlt.Grule,,0,,,,0,,flag rate: share of replicates with the flag = 1
1b,null_census_corr_n1000,null,,1000,all,5000,flag.stk_half0,,0,,,,0,,flag rate: share of replicates with the flag = 1
1b,null_census_corr_n1000,null,,1000,all,5000,flag.stk_diag,,0,,,,0,,flag rate: share of replicates with the flag = 1
1b,null_census_corr_n1000,null,,1000,all,5000,flag.rivals_run,,1,,,,0,,flag rate: share of replicates with the flag = 1
1b,null_census_corr_n1000,null,,1000,all,5000,flag.degenerate,,0,,,,0,,flag rate: share of replicates with the flag = 1
1b,null_census_corr_n1000,null,,1000,all,5000,flag.info_guard,,0,,,,0,,flag rate: share of replicates with the flag = 1
1b,null_census_corr_n1000,null,,1000,all,5000,flag.rep_error,,0,,,,0,,flag rate: share of replicates with the flag = 1
1b,null_census_corr_n1000,null,,1000,all,5000,EDGE.poly3.u.G10,0.01,0.012,0.00153987012439361,,,0,0.012,""
1b,null_census_corr_n1000,null,,1000,all,5000,EDGE.poly3.u.G10,0.05,0.0514,0.00312275647465504,,,0,0.0514,""
1b,null_census_corr_n1000,null,,1000,all,5000,EDGE.poly3.u.G10,0.1,0.0994,0.00423130334530627,,,0,0.0994,""
1b,null_census_corr_n1000,null,,1000,all,5000,EDGE.poly3.sc.G10,0.01,0.0096,0.00137897353129058,,,0,0.0096,""
1b,null_census_corr_n1000,null,,1000,all,5000,EDGE.poly3.sc.G10,0.05,0.0532,0.00317394895989208,,,0,0.0532,""
1b,null_census_corr_n1000,null,,1000,all,5000,EDGE.poly3.sc.G10,0.1,0.102,0.00428009345692358,,,0,0.102,""
1b,null_census_corr_n1000,null,,1000,all,5000,EDGE.poly2.u.G10,0.01,0.0112,0.00148825804214189,,,0,0.0112,""
1b,null_census_corr_n1000,null,,1000,all,5000,EDGE.poly2.u.G10,0.05,0.0512,0.0031170036894428,,,0,0.0512,""
1b,null_census_corr_n1000,null,,1000,all,5000,EDGE.poly2.u.G10,0.1,0.104,0.00431703602023425,,,0,0.104,""
1b,null_census_corr_n1000,null,,1000,all,5000,EDGE.poly2.sc.G10,0.01,0.0108,0.00146173595426807,,,0,0.0108,""
1b,null_census_corr_n1000,null,,1000,all,5000,EDGE.poly2.sc.G10,0.05,0.0512,0.0031170036894428,,,0,0.0512,""
1b,null_census_corr_n1000,null,,1000,all,5000,EDGE.poly2.sc.G10,0.1,0.1022,0.00428381045332307,,,0,0.1022,""
1b,null_census_corr_n1000,null,,1000,all,5000,EDGE.stk.u.G10,0.01,0.012,0.00153987012439361,,,0,0.012,""
1b,null_census_corr_n1000,null,,1000,all,5000,EDGE.stk.u.G10,0.05,0.0514,0.00312275647465504,,,0,0.0514,""
1b,null_census_corr_n1000,null,,1000,all,5000,EDGE.stk.u.G10,0.1,0.1,0.00424264068711929,,,0,0.1,""
1b,null_census_corr_n1000,null,,1000,all,5000,EDGE.stk.sc.G10,0.01,0.0104,0.00143470136265357,,,0,0.0104,""
1b,null_census_corr_n1000,null,,1000,all,5000,EDGE.stk.sc.G10,0.05,0.0532,0.00317394895989208,,,0,0.0532,""
1b,null_census_corr_n1000,null,,1000,all,5000,EDGE.stk.sc.G10,0.1,0.1052,0.00433896208787309,,,0,0.1052,""
1b,null_census_corr_n1000,null,,1000,all,5000,EDGE.sym.u.G10,0.01,0.0114,0.00150133540556399,,,0,0.0114,""
1b,null_census_corr_n1000,null,,1000,all,5000,EDGE.sym.u.G10,0.05,0.0542,0.00320194815698193,,,0,0.0542,""
1b,null_census_corr_n1000,null,,1000,all,5000,EDGE.sym.u.G10,0.1,0.1046,0.00432802125687941,,,0,0.1046,""
1b,null_census_corr_n1000,null,,1000,all,5000,EDGE.sym.sc.G10,0.01,0.0118,0.00152713850059515,,,0,0.0118,""
1b,null_census_corr_n1000,null,,1000,all,5000,EDGE.sym.sc.G10,0.05,0.0534,0.00317957355631223,,,0,0.0534,""
1b,null_census_corr_n1000,null,,1000,all,5000,EDGE.sym.sc.G10,0.1,0.105,0.00433532005738907,,,0,0.105,""
1b,null_census_corr_n1000,null,,1000,all,5000,EDGE.poly3.u.Grule,0.01,0.0082,0.00127536347760158,,,0,0.0082,""
1b,null_census_corr_n1000,null,,1000,all,5000,EDGE.poly3.u.Grule,0.05,0.051,0.00311123769583746,,,0,0.051,""
1b,null_census_corr_n1000,null,,1000,all,5000,EDGE.poly3.u.Grule,0.1,0.0964,0.00417389602170442,,,0,0.0964,""
1b,null_census_corr_n1000,null,,1000,all,5000,EDGE.poly3.sc.Grule,0.01,0.0116,0.00151429455523026,,,0,0.0116,""
1b,null_census_corr_n1000,null,,1000,all,5000,EDGE.poly3.sc.Grule,0.05,0.052,0.00313993630508646,,,0,0.052,""
1b,null_census_corr_n1000,null,,1000,all,5000,EDGE.poly3.sc.Grule,0.1,0.1018,0.00427637135899117,,,0,0.1018,""
1b,null_census_corr_n1000,null,,1000,all,5000,EDGE.poly2.u.Grule,0.01,0.009,0.00133558975737312,,,0,0.009,""
1b,null_census_corr_n1000,null,,1000,all,5000,EDGE.poly2.u.Grule,0.05,0.0474,0.00300510365877785,,,0,0.0474,""
1b,null_census_corr_n1000,null,,1000,all,5000,EDGE.poly2.u.Grule,0.1,0.0974,0.00419316682234323,,,0,0.0974,""
1b,null_census_corr_n1000,null,,1000,all,5000,EDGE.poly2.sc.Grule,0.01,0.0104,0.00143470136265357,,,0,0.0104,""
1b,null_census_corr_n1000,null,,1000,all,5000,EDGE.poly2.sc.Grule,0.05,0.0524,0.00315132480077824,,,0,0.0524,""
1b,null_census_corr_n1000,null,,1000,all,5000,EDGE.poly2.sc.Grule,0.1,0.105,0.00433532005738907,,,0,0.105,""
1b,null_census_corr_n1000,null,,1000,all,5000,EDGE.stk.u.Grule,0.01,0.0104,0.00143470136265357,,,0,0.0104,""
1b,null_census_corr_n1000,null,,1000,all,5000,EDGE.stk.u.Grule,0.05,0.0498,0.00307636018697421,,,0,0.0498,""
1b,null_census_corr_n1000,null,,1000,all,5000,EDGE.stk.u.Grule,0.1,0.098,0.00420466407695074,,,0,0.098,""
1b,null_census_corr_n1000,null,,1000,all,5000,EDGE.stk.sc.Grule,0.01,0.0122,0.00155249218999646,,,0,0.0122,""
1b,null_census_corr_n1000,null,,1000,all,5000,EDGE.stk.sc.Grule,0.05,0.0512,0.0031170036894428,,,0,0.0512,""
1b,null_census_corr_n1000,null,,1000,all,5000,EDGE.stk.sc.Grule,0.1,0.1076,0.00438228798688539,,,0,0.1076,""
1b,null_census_corr_n1000,null,,1000,all,5000,EDGE.sym.u.Grule,0.01,0.0104,0.00143470136265357,,,0,0.0104,""
1b,null_census_corr_n1000,null,,1000,all,5000,EDGE.sym.u.Grule,0.05,0.0488,0.00304691844328003,,,0,0.0488,""
1b,null_census_corr_n1000,null,,1000,all,5000,EDGE.sym.u.Grule,0.1,0.0992,0.00422751369010202,,,0,0.0992,""
1b,null_census_corr_n1000,null,,1000,all,5000,EDGE.sym.sc.Grule,0.01,0.01,0.00140712472794703,,,0,0.01,""
1b,null_census_corr_n1000,null,,1000,all,5000,EDGE.sym.sc.Grule,0.05,0.0488,0.00304691844328003,,,0,0.0488,""
1b,null_census_corr_n1000,null,,1000,all,5000,EDGE.sym.sc.Grule,0.1,0.0972,0.00418932357308432,,,0,0.0972,""
1b,null_census_corr_n1000,null,,1000,all,5000,HL.G10,0.01,0.0088,0.00132079975772257,,,0,0.0088,""
1b,null_census_corr_n1000,null,,1000,all,5000,HL.G10,0.05,0.0464,0.00297479545515318,,,0,0.0464,""
1b,null_census_corr_n1000,null,,1000,all,5000,HL.G10,0.1,0.101,0.00426143168430517,,,0,0.101,""
1b,null_census_corr_n1000,null,,1000,all,5000,HL.Grule,0.01,0.0098,0.00139312311013779,,,0,0.0098,""
1b,null_census_corr_n1000,null,,1000,all,5000,HL.Grule,0.05,0.045,0.00293172304285381,,,0,0.045,""
1b,null_census_corr_n1000,null,,1000,all,5000,HL.Grule,0.1,0.0928,0.0041033683724472,,,0,0.0928,""
1b,null_census_corr_n1000,null,,1000,all,5000,HLF.G10,0.01,0.009,0.00133558975737312,,,0,0.009,""
1b,null_census_corr_n1000,null,,1000,all,5000,HLF.G10,0.05,0.0458,0.00295642892693195,,,0,0.0458,""
1b,null_census_corr_n1000,null,,1000,all,5000,HLF.G10,0.1,0.101,0.00426143168430517,,,0,0.101,""
1b,null_census_corr_n1000,null,,1000,all,5000,HLF.Grule,0.01,0.0092,0.00135021183523179,,,0,0.0092,""
1b,null_census_corr_n1000,null,,1000,all,5000,HLF.Grule,0.05,0.0436,0.00288787257336608,,,0,0.0436,""
1b,null_census_corr_n1000,null,,1000,all,5000,HLF.Grule,0.1,0.0922,0.00409143397844814,,,0,0.0922,""
1b,null_census_corr_n1000,null,,1000,all,5000,Stk.joint,0.01,0.0106,0.00144828450243728,,,0,0.0106,""
1b,null_census_corr_n1000,null,,1000,all,5000,Stk.joint,0.05,0.0538,0.00319078548323136,,,0,0.0538,""
1b,null_census_corr_n1000,null,,1000,all,5000,Stk.joint,0.1,0.1002,0.00424640930669666,,,0,0.1002,""
1b,null_census_corr_n1000,null,,1000,all,5000,Stk.LR,0.01,0.0108,0.00146173595426807,,,0,0.0108,""
1b,null_census_corr_n1000,null,,1000,all,5000,Stk.LR,0.05,0.0526,0.00315699984162179,,,0,0.0526,""
1b,null_census_corr_n1000,null,,1000,all,5000,Stk.LR,0.1,0.1032,0.00430231937447698,,,0,0.1032,""
1b,null_census_corr_n1000,null,,1000,all,5000,Stk.sym1,0.01,0.011,0.00147505932084103,,,0,0.011,""
1b,null_census_corr_n1000,null,,1000,all,5000,Stk.sym1,0.05,0.0526,0.00315699984162179,,,0,0.0526,""
1b,null_census_corr_n1000,null,,1000,all,5000,Stk.sym1,0.1,0.0972,0.00418932357308432,,,0,0.0972,""
1b,null_census_corr_n1000,null,,1000,all,5000,Stk.marg,0.01,0.0222,0.00208361032825238,,,0,0.0222,""
1b,null_census_corr_n1000,null,,1000,all,5000,Stk.marg,0.05,0.0672,0.00354073890593475,,,0,0.0672,""
1b,null_census_corr_n1000,null,,1000,all,5000,Stk.marg,0.1,0.108,0.00438944187796125,,,0,0.108,""
1b,null_census_corr_n1000,null,,1000,all,5000,GiViTI,0.01,0.0086,0.00130583613060751,,,0,0.0086,""
1b,null_census_corr_n1000,null,,1000,all,5000,GiViTI,0.05,0.0494,0.0030646252625729,,,0,0.0494,""
1b,null_census_corr_n1000,null,,1000,all,5000,GiViTI,0.1,0.0992,0.00422751369010202,,,0,0.0992,""
1b,null_census_corr_n1000,null,,1000,all,5000,GiViTI.t50,0.01,0.0096,0.00137897353129058,,,0,0.0096,""
1b,null_census_corr_n1000,null,,1000,all,5000,GiViTI.t50,0.05,0.048,0.00302311098043059,,,0,0.048,""
1b,null_census_corr_n1000,null,,1000,all,5000,GiViTI.t50,0.1,0.0978,0.00420083705944422,,,0,0.0978,""
1b,null_census_corr_n1000,null,,1000,all,5000,Cubic.LR,0.01,0.012,0.00153987012439361,,,0,0.012,""
1b,null_census_corr_n1000,null,,1000,all,5000,Cubic.LR,0.05,0.0552,0.0032296427046966,,,0,0.0552,""
1b,null_census_corr_n1000,null,,1000,all,5000,Cubic.LR,0.1,0.106,0.00435348136552805,,,0,0.106,""
1b,null_census_corr_n1000,null,,1000,all,5000,HL_w,0.01,0.01,0.00140712472794703,,,0,0.01,""
1b,null_census_corr_n1000,null,,1000,all,5000,HL_w,0.05,0.0516,0.00312849612433834,,,0,0.0516,""
1b,null_census_corr_n1000,null,,1000,all,5000,HL_w,0.1,0.0996,0.00423508772046105,,,0,0.0996,""
1b,null_census_corr_n1000,null,,1000,all,5000,PH,0.01,0.0048,0.000977441558355281,,,0,0.0048,""
1b,null_census_corr_n1000,null,,1000,all,5000,PH,0.05,0.0276,0.00231681850821337,,,0,0.0276,""
1b,null_census_corr_n1000,null,,1000,all,5000,PH,0.1,0.0652,0.00349138826256834,,,0,0.0652,""
1b,null_census_corr_n1000,null,,1000,all,5000,Tsiatis,0.01,0.0096,0.00137897353129058,,,0,0.0096,""
1b,null_census_corr_n1000,null,,1000,all,5000,Tsiatis,0.05,0.0514,0.00312275647465504,,,0,0.0514,""
1b,null_census_corr_n1000,null,,1000,all,5000,Tsiatis,0.1,0.1012,0.00426517432234604,,,0,0.1012,""
1b,null_census_corr_n1000,null,,1000,all,5000,Xie,0.01,0.0052,0.00101714895664303,,,0,0.0052,""
1b,null_census_corr_n1000,null,,1000,all,5000,Xie,0.05,0.034,0.0025629670306112,,,0,0.034,""
1b,null_census_corr_n1000,null,,1000,all,5000,Xie,0.1,0.0716,0.00364618814654428,,,0,0.0716,""
1b,null_census_corr_n1000,null,,1000,all,5000,PR,0.01,0,0,,,1,,no p-value in any replicate
1b,null_census_corr_n1000,null,,1000,all,5000,PR,0.05,0,0,,,1,,no p-value in any replicate
1b,null_census_corr_n1000,null,,1000,all,5000,PR,0.1,0,0,,,1,,no p-value in any replicate
1b,null_census_omit_x2x3_n1000,null,,1000,all,5000,flag.evlt.G10,,0,,,,0,,flag rate: share of replicates with the flag = 1
1b,null_census_omit_x2x3_n1000,null,,1000,all,5000,flag.evlt.Grule,,0,,,,0,,flag rate: share of replicates with the flag = 1
1b,null_census_omit_x2x3_n1000,null,,1000,all,5000,flag.stk_half0,,0,,,,0,,flag rate: share of replicates with the flag = 1
1b,null_census_omit_x2x3_n1000,null,,1000,all,5000,flag.stk_diag,,0,,,,0,,flag rate: share of replicates with the flag = 1
1b,null_census_omit_x2x3_n1000,null,,1000,all,5000,flag.rivals_run,,1,,,,0,,flag rate: share of replicates with the flag = 1
1b,null_census_omit_x2x3_n1000,null,,1000,all,5000,flag.degenerate,,0,,,,0,,flag rate: share of replicates with the flag = 1
1b,null_census_omit_x2x3_n1000,null,,1000,all,5000,flag.info_guard,,0,,,,0,,flag rate: share of replicates with the flag = 1
1b,null_census_omit_x2x3_n1000,null,,1000,all,5000,flag.rep_error,,0,,,,0,,flag rate: share of replicates with the flag = 1
1b,null_census_omit_x2x3_n1000,null,,1000,all,5000,EDGE.poly3.u.G10,0.01,0.0082,0.00127536347760158,,,0,0.0082,""
1b,null_census_omit_x2x3_n1000,null,,1000,all,5000,EDGE.poly3.u.G10,0.05,0.05,0.00308220700148449,,,0,0.05,""
1b,null_census_omit_x2x3_n1000,null,,1000,all,5000,EDGE.poly3.u.G10,0.1,0.103,0.00429862768799532,,,0,0.103,""
1b,null_census_omit_x2x3_n1000,null,,1000,all,5000,EDGE.poly3.sc.G10,0.01,0.0094,0.00136467138901642,,,0,0.0094,""
1b,null_census_omit_x2x3_n1000,null,,1000,all,5000,EDGE.poly3.sc.G10,0.05,0.048,0.00302311098043059,,,0,0.048,""
1b,null_census_omit_x2x3_n1000,null,,1000,all,5000,EDGE.poly3.sc.G10,0.1,0.1014,0.00426891180513254,,,0,0.1014,""
1b,null_census_omit_x2x3_n1000,null,,1000,all,5000,EDGE.poly2.u.G10,0.01,0.0128,0.0015897270205919,,,0,0.0128,""
1b,null_census_omit_x2x3_n1000,null,,1000,all,5000,EDGE.poly2.u.G10,0.05,0.0552,0.0032296427046966,,,0,0.0552,""
1b,null_census_omit_x2x3_n1000,null,,1000,all,5000,EDGE.poly2.u.G10,0.1,0.1064,0.0043607118684912,,,0,0.1064,""
1b,null_census_omit_x2x3_n1000,null,,1000,all,5000,EDGE.poly2.sc.G10,0.01,0.0088,0.00132079975772257,,,0,0.0088,""
1b,null_census_omit_x2x3_n1000,null,,1000,all,5000,EDGE.poly2.sc.G10,0.05,0.0524,0.00315132480077824,,,0,0.0524,""
1b,null_census_omit_x2x3_n1000,null,,1000,all,5000,EDGE.poly2.sc.G10,0.1,0.103,0.00429862768799532,,,0,0.103,""
1b,null_census_omit_x2x3_n1000,null,,1000,all,5000,EDGE.stk.u.G10,0.01,0.01,0.00140712472794703,,,0,0.01,""
1b,null_census_omit_x2x3_n1000,null,,1000,all,5000,EDGE.stk.u.G10,0.05,0.0486,0.0030409879973456,,,0,0.0486,""
1b,null_census_omit_x2x3_n1000,null,,1000,all,5000,EDGE.stk.u.G10,0.1,0.094,0.00412708129311745,,,0,0.094,""
1b,null_census_omit_x2x3_n1000,null,,1000,all,5000,EDGE.stk.sc.G10,0.01,0.0104,0.00143470136265357,,,0,0.0104,""
1b,null_census_omit_x2x3_n1000,null,,1000,all,5000,EDGE.stk.sc.G10,0.05,0.0498,0.00307636018697421,,,0,0.0498,""
1b,null_census_omit_x2x3_n1000,null,,1000,all,5000,EDGE.stk.sc.G10,0.1,0.1038,0.00431336434816258,,,0,0.1038,""
1b,null_census_omit_x2x3_n1000,null,,1000,all,5000,EDGE.sym.u.G10,0.01,0.0122,0.00155249218999646,,,0,0.0122,""
1b,null_census_omit_x2x3_n1000,null,,1000,all,5000,EDGE.sym.u.G10,0.05,0.0496,0.00307049963361014,,,0,0.0496,""
1b,null_census_omit_x2x3_n1000,null,,1000,all,5000,EDGE.sym.u.G10,0.1,0.1004,0.0042501727023734,,,0,0.1004,""
1b,null_census_omit_x2x3_n1000,null,,1000,all,5000,EDGE.sym.sc.G10,0.01,0.012,0.00153987012439361,,,0,0.012,""
1b,null_census_omit_x2x3_n1000,null,,1000,all,5000,EDGE.sym.sc.G10,0.05,0.0498,0.00307636018697421,,,0,0.0498,""
1b,null_census_omit_x2x3_n1000,null,,1000,all,5000,EDGE.sym.sc.G10,0.1,0.0954,0.00415448769404845,,,0,0.0954,""
1b,null_census_omit_x2x3_n1000,null,,1000,all,5000,EDGE.poly3.u.Grule,0.01,0.0084,0.00129069283720024,,,0,0.0084,""
1b,null_census_omit_x2x3_n1000,null,,1000,all,5000,EDGE.poly3.u.Grule,0.05,0.0512,0.0031170036894428,,,0,0.0512,""
1b,null_census_omit_x2x3_n1000,null,,1000,all,5000,EDGE.poly3.u.Grule,0.1,0.104,0.00431703602023425,,,0,0.104,""
1b,null_census_omit_x2x3_n1000,null,,1000,all,5000,EDGE.poly3.sc.Grule,0.01,0.0088,0.00132079975772257,,,0,0.0088,""
1b,null_census_omit_x2x3_n1000,null,,1000,all,5000,EDGE.poly3.sc.Grule,0.05,0.0528,0.00316266216975509,,,0,0.0528,""
1b,null_census_omit_x2x3_n1000,null,,1000,all,5000,EDGE.poly3.sc.Grule,0.1,0.1046,0.00432802125687941,,,0,0.1046,""
1b,null_census_omit_x2x3_n1000,null,,1000,all,5000,EDGE.poly2.u.Grule,0.01,0.01,0.00140712472794703,,,0,0.01,""
1b,null_census_omit_x2x3_n1000,null,,1000,all,5000,EDGE.poly2.u.Grule,0.05,0.0542,0.00320194815698193,,,0,0.0542,""
1b,null_census_omit_x2x3_n1000,null,,1000,all,5000,EDGE.poly2.u.Grule,0.1,0.106,0.00435348136552805,,,0,0.106,""
1b,null_census_omit_x2x3_n1000,null,,1000,all,5000,EDGE.poly2.sc.Grule,0.01,0.008,0.00125984125984189,,,0,0.008,""
1b,null_census_omit_x2x3_n1000,null,,1000,all,5000,EDGE.poly2.sc.Grule,0.05,0.0496,0.00307049963361014,,,0,0.0496,""
1b,null_census_omit_x2x3_n1000,null,,1000,all,5000,EDGE.poly2.sc.Grule,0.1,0.102,0.00428009345692358,,,0,0.102,""
1b,null_census_omit_x2x3_n1000,null,,1000,all,5000,EDGE.stk.u.Grule,0.01,0.0084,0.00129069283720024,,,0,0.0084,""
1b,null_census_omit_x2x3_n1000,null,,1000,all,5000,EDGE.stk.u.Grule,0.05,0.0512,0.0031170036894428,,,0,0.0512,""
1b,null_census_omit_x2x3_n1000,null,,1000,all,5000,EDGE.stk.u.Grule,0.1,0.1026,0.00429122919453156,,,0,0.1026,""
1b,null_census_omit_x2x3_n1000,null,,1000,all,5000,EDGE.stk.sc.Grule,0.01,0.0086,0.00130583613060751,,,0,0.0086,""
1b,null_census_omit_x2x3_n1000,null,,1000,all,5000,EDGE.stk.sc.Grule,0.05,0.0524,0.00315132480077824,,,0,0.0524,""
1b,null_census_omit_x2x3_n1000,null,,1000,all,5000,EDGE.stk.sc.Grule,0.1,0.101,0.00426143168430517,,,0,0.101,""
1b,null_census_omit_x2x3_n1000,null,,1000,all,5000,EDGE.sym.u.Grule,0.01,0.0102,0.00142098275851609,,,0,0.0102,""
1b,null_census_omit_x2x3_n1000,null,,1000,all,5000,EDGE.sym.u.Grule,0.05,0.0528,0.00316266216975509,,,0,0.0528,""
1b,null_census_omit_x2x3_n1000,null,,1000,all,5000,EDGE.sym.u.Grule,0.1,0.0978,0.00420083705944422,,,0,0.0978,""
1b,null_census_omit_x2x3_n1000,null,,1000,all,5000,EDGE.sym.sc.Grule,0.01,0.0094,0.00136467138901642,,,0,0.0094,""
1b,null_census_omit_x2x3_n1000,null,,1000,all,5000,EDGE.sym.sc.Grule,0.05,0.0496,0.00307049963361014,,,0,0.0496,""
1b,null_census_omit_x2x3_n1000,null,,1000,all,5000,EDGE.sym.sc.Grule,0.1,0.0992,0.00422751369010202,,,0,0.0992,""
1b,null_census_omit_x2x3_n1000,null,,1000,all,5000,HL.G10,0.01,0.0112,0.00148825804214189,,,0,0.0112,""
1b,null_census_omit_x2x3_n1000,null,,1000,all,5000,HL.G10,0.05,0.0492,0.00305873699425106,,,0,0.0492,""
1b,null_census_omit_x2x3_n1000,null,,1000,all,5000,HL.G10,0.1,0.097,0.0041854748834511,,,0,0.097,""
1b,null_census_omit_x2x3_n1000,null,,1000,all,5000,HL.Grule,0.01,0.0116,0.00151429455523026,,,0,0.0116,""
1b,null_census_omit_x2x3_n1000,null,,1000,all,5000,HL.Grule,0.05,0.052,0.00313993630508646,,,0,0.052,""
1b,null_census_omit_x2x3_n1000,null,,1000,all,5000,HL.Grule,0.1,0.1,0.00424264068711929,,,0,0.1,""
1b,null_census_omit_x2x3_n1000,null,,1000,all,5000,HLF.G10,0.01,0.011,0.00147505932084103,,,0,0.011,""
1b,null_census_omit_x2x3_n1000,null,,1000,all,5000,HLF.G10,0.05,0.049,0.00305283474822991,,,0,0.049,""
1b,null_census_omit_x2x3_n1000,null,,1000,all,5000,HLF.G10,0.1,0.097,0.0041854748834511,,,0,0.097,""
1b,null_census_omit_x2x3_n1000,null,,1000,all,5000,HLF.Grule,0.01,0.0118,0.00152713850059515,,,0,0.0118,""
1b,null_census_omit_x2x3_n1000,null,,1000,all,5000,HLF.Grule,0.05,0.0514,0.00312275647465504,,,0,0.0514,""
1b,null_census_omit_x2x3_n1000,null,,1000,all,5000,HLF.Grule,0.1,0.1014,0.00426891180513254,,,0,0.1014,""
1b,null_census_omit_x2x3_n1000,null,,1000,all,5000,Stk.joint,0.01,0.008,0.00125984125984189,,,0,0.008,""
1b,null_census_omit_x2x3_n1000,null,,1000,all,5000,Stk.joint,0.05,0.0506,0.00309966578843591,,,0,0.0506,""
1b,null_census_omit_x2x3_n1000,null,,1000,all,5000,Stk.joint,0.1,0.1034,0.00430600603808216,,,0,0.1034,""
1b,null_census_omit_x2x3_n1000,null,,1000,all,5000,Stk.LR,0.01,0.0082,0.00127536347760158,,,0,0.0082,""
1b,null_census_omit_x2x3_n1000,null,,1000,all,5000,Stk.LR,0.05,0.0512,0.0031170036894428,,,0,0.0512,""
1b,null_census_omit_x2x3_n1000,null,,1000,all,5000,Stk.LR,0.1,0.1052,0.00433896208787309,,,0,0.1052,""
1b,null_census_omit_x2x3_n1000,null,,1000,all,5000,Stk.sym1,0.01,0.0082,0.00127536347760158,,,0,0.0082,""
1b,null_census_omit_x2x3_n1000,null,,1000,all,5000,Stk.sym1,0.05,0.0526,0.00315699984162179,,,0,0.0526,""
1b,null_census_omit_x2x3_n1000,null,,1000,all,5000,Stk.sym1,0.1,0.0976,0.00419700464617327,,,0,0.0976,""
1b,null_census_omit_x2x3_n1000,null,,1000,all,5000,Stk.marg,0.01,0.023,0.00211995282966391,,,0,0.023,""
1b,null_census_omit_x2x3_n1000,null,,1000,all,5000,Stk.marg,0.05,0.0742,0.00370659844061911,,,0,0.0742,""
1b,null_census_omit_x2x3_n1000,null,,1000,all,5000,Stk.marg,0.1,0.1188,0.00457573076131015,,,0,0.1188,""
1b,null_census_omit_x2x3_n1000,null,,1000,all,5000,GiViTI,0.01,0.01,0.00140712472794703,,,0,0.01,""
1b,null_census_omit_x2x3_n1000,null,,1000,all,5000,GiViTI,0.05,0.0534,0.00317957355631223,,,0,0.0534,""
1b,null_census_omit_x2x3_n1000,null,,1000,all,5000,GiViTI,0.1,0.104,0.00431703602023425,,,0,0.104,""
1b,null_census_omit_x2x3_n1000,null,,1000,all,5000,GiViTI.t50,0.01,0.009,0.00133558975737312,,,0,0.009,""
1b,null_census_omit_x2x3_n1000,null,,1000,all,5000,GiViTI.t50,0.05,0.0546,0.00321306209090332,,,0,0.0546,""
1b,null_census_omit_x2x3_n1000,null,,1000,all,5000,GiViTI.t50,0.1,0.103,0.00429862768799532,,,0,0.103,""
1b,null_census_omit_x2x3_n1000,null,,1000,all,5000,Cubic.LR,0.01,0.0088,0.00132079975772257,,,0,0.0088,""
1b,null_census_omit_x2x3_n1000,null,,1000,all,5000,Cubic.LR,0.05,0.0536,0.00318518570887162,,,0,0.0536,""
1b,null_census_omit_x2x3_n1000,null,,1000,all,5000,Cubic.LR,0.1,0.105,0.00433532005738907,,,0,0.105,""
1b,null_census_omit_x2x3_n1000,null,,1000,all,5000,HL_w,0.01,0.0092,0.00135021183523179,,,0,0.0092,""
1b,null_census_omit_x2x3_n1000,null,,1000,all,5000,HL_w,0.05,0.0514,0.00312275647465504,,,0,0.0514,""
1b,null_census_omit_x2x3_n1000,null,,1000,all,5000,HL_w,0.1,0.1,0.00424264068711929,,,0,0.1,""
1b,null_census_omit_x2x3_n1000,null,,1000,all,5000,PH,0.01,0.0068,0.00116221856808433,,,0,0.0068,""
1b,null_census_omit_x2x3_n1000,null,,1000,all,5000,PH,0.05,0.0312,0.00245872161905328,,,0,0.0312,""
1b,null_census_omit_x2x3_n1000,null,,1000,all,5000,PH,0.1,0.0652,0.00349138826256834,,,0,0.0652,""
1b,null_census_omit_x2x3_n1000,null,,1000,all,5000,Tsiatis,0.01,0.0106,0.00144828450243728,,,0,0.0106,""
1b,null_census_omit_x2x3_n1000,null,,1000,all,5000,Tsiatis,0.05,0.0496,0.00307049963361014,,,0,0.0496,""
1b,null_census_omit_x2x3_n1000,null,,1000,all,5000,Tsiatis,0.1,0.0976,0.00419700464617327,,,0,0.0976,""
1b,null_census_omit_x2x3_n1000,null,,1000,all,5000,Xie,0.01,0.0076,0.00122818891055082,,,0,0.0076,""
1b,null_census_omit_x2x3_n1000,null,,1000,all,5000,Xie,0.05,0.0388,0.00273110087693589,,,0,0.0388,""
1b,null_census_omit_x2x3_n1000,null,,1000,all,5000,Xie,0.1,0.0742,0.00370659844061911,,,0,0.0742,""
1b,null_census_omit_x2x3_n1000,null,,1000,all,5000,PR,0.01,0,0,,,1,,no p-value in any replicate
1b,null_census_omit_x2x3_n1000,null,,1000,all,5000,PR,0.05,0,0,,,1,,no p-value in any replicate
1b,null_census_omit_x2x3_n1000,null,,1000,all,5000,PR,0.1,0,0,,,1,,no p-value in any replicate
1b,null_census_omit_2int_n1000,null,,1000,all,5000,flag.evlt.G10,,0,,,,0,,flag rate: share of replicates with the flag = 1
1b,null_census_omit_2int_n1000,null,,1000,all,5000,flag.evlt.Grule,,0,,,,0,,flag rate: share of replicates with the flag = 1
1b,null_census_omit_2int_n1000,null,,1000,all,5000,flag.stk_half0,,0,,,,0,,flag rate: share of replicates with the flag = 1
1b,null_census_omit_2int_n1000,null,,1000,all,5000,flag.stk_diag,,0,,,,0,,flag rate: share of replicates with the flag = 1
1b,null_census_omit_2int_n1000,null,,1000,all,5000,flag.rivals_run,,1,,,,0,,flag rate: share of replicates with the flag = 1
1b,null_census_omit_2int_n1000,null,,1000,all,5000,flag.degenerate,,0,,,,0,,flag rate: share of replicates with the flag = 1
1b,null_census_omit_2int_n1000,null,,1000,all,5000,flag.info_guard,,0,,,,0,,flag rate: share of replicates with the flag = 1
1b,null_census_omit_2int_n1000,null,,1000,all,5000,flag.rep_error,,0,,,,0,,flag rate: share of replicates with the flag = 1
1b,null_census_omit_2int_n1000,null,,1000,all,5000,EDGE.poly3.u.G10,0.01,0.0092,0.00135021183523179,,,0,0.0092,""
1b,null_census_omit_2int_n1000,null,,1000,all,5000,EDGE.poly3.u.G10,0.05,0.0528,0.00316266216975509,,,0,0.0528,""
1b,null_census_omit_2int_n1000,null,,1000,all,5000,EDGE.poly3.u.G10,0.1,0.106,0.00435348136552805,,,0,0.106,""
1b,null_census_omit_2int_n1000,null,,1000,all,5000,EDGE.poly3.sc.G10,0.01,0.0106,0.00144828450243728,,,0,0.0106,""
1b,null_census_omit_2int_n1000,null,,1000,all,5000,EDGE.poly3.sc.G10,0.05,0.0522,0.00314563697841947,,,0,0.0522,""
1b,null_census_omit_2int_n1000,null,,1000,all,5000,EDGE.poly3.sc.G10,0.1,0.1072,0.00437511508420064,,,0,0.1072,""
1b,null_census_omit_2int_n1000,null,,1000,all,5000,EDGE.poly2.u.G10,0.01,0.0102,0.00142098275851609,,,0,0.0102,""
1b,null_census_omit_2int_n1000,null,,1000,all,5000,EDGE.poly2.u.G10,0.05,0.0522,0.00314563697841947,,,0,0.0522,""
1b,null_census_omit_2int_n1000,null,,1000,all,5000,EDGE.poly2.u.G10,0.1,0.0998,0.00423886682970815,,,0,0.0998,""
1b,null_census_omit_2int_n1000,null,,1000,all,5000,EDGE.poly2.sc.G10,0.01,0.009,0.00133558975737312,,,0,0.009,""
1b,null_census_omit_2int_n1000,null,,1000,all,5000,EDGE.poly2.sc.G10,0.05,0.0504,0.00309385972532693,,,0,0.0504,""
1b,null_census_omit_2int_n1000,null,,1000,all,5000,EDGE.poly2.sc.G10,0.1,0.102,0.00428009345692358,,,0,0.102,""
1b,null_census_omit_2int_n1000,null,,1000,all,5000,EDGE.stk.u.G10,0.01,0.0108,0.00146173595426807,,,0,0.0108,""
1b,null_census_omit_2int_n1000,null,,1000,all,5000,EDGE.stk.u.G10,0.05,0.0516,0.00312849612433834,,,0,0.0516,""
1b,null_census_omit_2int_n1000,null,,1000,all,5000,EDGE.stk.u.G10,0.1,0.1028,0.00429493096568501,,,0,0.1028,""
1b,null_census_omit_2int_n1000,null,,1000,all,5000,EDGE.stk.sc.G10,0.01,0.0102,0.00142098275851609,,,0,0.0102,""
1b,null_census_omit_2int_n1000,null,,1000,all,5000,EDGE.stk.sc.G10,0.05,0.0524,0.00315132480077824,,,0,0.0524,""
1b,null_census_omit_2int_n1000,null,,1000,all,5000,EDGE.stk.sc.G10,0.1,0.104,0.00431703602023425,,,0,0.104,""
1b,null_census_omit_2int_n1000,null,,1000,all,5000,EDGE.sym.u.G10,0.01,0.0108,0.00146173595426807,,,0,0.0108,""
1b,null_census_omit_2int_n1000,null,,1000,all,5000,EDGE.sym.u.G10,0.05,0.0492,0.00305873699425106,,,0,0.0492,""
1b,null_census_omit_2int_n1000,null,,1000,all,5000,EDGE.sym.u.G10,0.1,0.098,0.00420466407695074,,,0,0.098,""
1b,null_census_omit_2int_n1000,null,,1000,all,5000,EDGE.sym.sc.G10,0.01,0.0098,0.00139312311013779,,,0,0.0098,""
1b,null_census_omit_2int_n1000,null,,1000,all,5000,EDGE.sym.sc.G10,0.05,0.0496,0.00307049963361014,,,0,0.0496,""
1b,null_census_omit_2int_n1000,null,,1000,all,5000,EDGE.sym.sc.G10,0.1,0.101,0.00426143168430517,,,0,0.101,""
1b,null_census_omit_2int_n1000,null,,1000,all,5000,EDGE.poly3.u.Grule,0.01,0.01,0.00140712472794703,,,0,0.01,""
1b,null_census_omit_2int_n1000,null,,1000,all,5000,EDGE.poly3.u.Grule,0.05,0.0508,0.00310545842026584,,,0,0.0508,""
1b,null_census_omit_2int_n1000,null,,1000,all,5000,EDGE.poly3.u.Grule,0.1,0.1044,0.00432436446197589,,,0,0.1044,""
1b,null_census_omit_2int_n1000,null,,1000,all,5000,EDGE.poly3.sc.Grule,0.01,0.011,0.00147505932084103,,,0,0.011,""
1b,null_census_omit_2int_n1000,null,,1000,all,5000,EDGE.poly3.sc.Grule,0.05,0.0498,0.00307636018697421,,,0,0.0498,""
1b,null_census_omit_2int_n1000,null,,1000,all,5000,EDGE.poly3.sc.Grule,0.1,0.1024,0.00428752236145772,,,0,0.1024,""
1b,null_census_omit_2int_n1000,null,,1000,all,5000,EDGE.poly2.u.Grule,0.01,0.0102,0.00142098275851609,,,0,0.0102,""
1b,null_census_omit_2int_n1000,null,,1000,all,5000,EDGE.poly2.u.Grule,0.05,0.0512,0.0031170036894428,,,0,0.0512,""
1b,null_census_omit_2int_n1000,null,,1000,all,5000,EDGE.poly2.u.Grule,0.1,0.0964,0.00417389602170442,,,0,0.0964,""
1b,null_census_omit_2int_n1000,null,,1000,all,5000,EDGE.poly2.sc.Grule,0.01,0.0102,0.00142098275851609,,,0,0.0102,""
1b,null_census_omit_2int_n1000,null,,1000,all,5000,EDGE.poly2.sc.Grule,0.05,0.0514,0.00312275647465504,,,0,0.0514,""
1b,null_census_omit_2int_n1000,null,,1000,all,5000,EDGE.poly2.sc.Grule,0.1,0.102,0.00428009345692358,,,0,0.102,""
1b,null_census_omit_2int_n1000,null,,1000,all,5000,EDGE.stk.u.Grule,0.01,0.01,0.00140712472794703,,,0,0.01,""
1b,null_census_omit_2int_n1000,null,,1000,all,5000,EDGE.stk.u.Grule,0.05,0.05,0.00308220700148449,,,0,0.05,""
1b,null_census_omit_2int_n1000,null,,1000,all,5000,EDGE.stk.u.Grule,0.1,0.1024,0.00428752236145772,,,0,0.1024,""
1b,null_census_omit_2int_n1000,null,,1000,all,5000,EDGE.stk.sc.Grule,0.01,0.0116,0.00151429455523026,,,0,0.0116,""
1b,null_census_omit_2int_n1000,null,,1000,all,5000,EDGE.stk.sc.Grule,0.05,0.0508,0.00310545842026584,,,0,0.0508,""
1b,null_census_omit_2int_n1000,null,,1000,all,5000,EDGE.stk.sc.Grule,0.1,0.101,0.00426143168430517,,,0,0.101,""
1b,null_census_omit_2int_n1000,null,,1000,all,5000,EDGE.sym.u.Grule,0.01,0.0102,0.00142098275851609,,,0,0.0102,""
1b,null_census_omit_2int_n1000,null,,1000,all,5000,EDGE.sym.u.Grule,0.05,0.0536,0.00318518570887162,,,0,0.0536,""
1b,null_census_omit_2int_n1000,null,,1000,all,5000,EDGE.sym.u.Grule,0.1,0.0998,0.00423886682970815,,,0,0.0998,""
1b,null_census_omit_2int_n1000,null,,1000,all,5000,EDGE.sym.sc.Grule,0.01,0.0104,0.00143470136265357,,,0,0.0104,""
1b,null_census_omit_2int_n1000,null,,1000,all,5000,EDGE.sym.sc.Grule,0.05,0.052,0.00313993630508646,,,0,0.052,""
1b,null_census_omit_2int_n1000,null,,1000,all,5000,EDGE.sym.sc.Grule,0.1,0.1034,0.00430600603808216,,,0,0.1034,""
1b,null_census_omit_2int_n1000,null,,1000,all,5000,HL.G10,0.01,0.0086,0.00130583613060751,,,0,0.0086,""
1b,null_census_omit_2int_n1000,null,,1000,all,5000,HL.G10,0.05,0.045,0.00293172304285381,,,0,0.045,""
1b,null_census_omit_2int_n1000,null,,1000,all,5000,HL.G10,0.1,0.0934,0.0041152506606524,,,0,0.0934,""
1b,null_census_omit_2int_n1000,null,,1000,all,5000,HL.Grule,0.01,0.0084,0.00129069283720024,,,0,0.0084,""
1b,null_census_omit_2int_n1000,null,,1000,all,5000,HL.Grule,0.05,0.0464,0.00297479545515318,,,0,0.0464,""
1b,null_census_omit_2int_n1000,null,,1000,all,5000,HL.Grule,0.1,0.0962,0.00417002541958679,,,0,0.0962,""
1b,null_census_omit_2int_n1000,null,,1000,all,5000,HLF.G10,0.01,0.0084,0.00129069283720024,,,0,0.0084,""
1b,null_census_omit_2int_n1000,null,,1000,all,5000,HLF.G10,0.05,0.0444,0.00291302729132427,,,0,0.0444,""
1b,null_census_omit_2int_n1000,null,,1000,all,5000,HLF.G10,0.1,0.0942,0.00413101343498178,,,0,0.0942,""
1b,null_census_omit_2int_n1000,null,,1000,all,5000,HLF.Grule,0.01,0.0078,0.00124411896537268,,,0,0.0078,""
1b,null_census_omit_2int_n1000,null,,1000,all,5000,HLF.Grule,0.05,0.0462,0.00296868859936505,,,0,0.0462,""
1b,null_census_omit_2int_n1000,null,,1000,all,5000,HLF.Grule,0.1,0.0968,0.00418162073842189,,,0,0.0968,""
1b,null_census_omit_2int_n1000,null,,1000,all,5000,Stk.joint,0.01,0.0092,0.00135021183523179,,,0,0.0092,""
1b,null_census_omit_2int_n1000,null,,1000,all,5000,Stk.joint,0.05,0.0526,0.00315699984162179,,,0,0.0526,""
1b,null_census_omit_2int_n1000,null,,1000,all,5000,Stk.joint,0.1,0.102,0.00428009345692358,,,0,0.102,""
1b,null_census_omit_2int_n1000,null,,1000,all,5000,Stk.LR,0.01,0.0106,0.00144828450243728,,,0,0.0106,""
1b,null_census_omit_2int_n1000,null,,1000,all,5000,Stk.LR,0.05,0.0546,0.00321306209090332,,,0,0.0546,""
1b,null_census_omit_2int_n1000,null,,1000,all,5000,Stk.LR,0.1,0.1052,0.00433896208787309,,,0,0.1052,""
1b,null_census_omit_2int_n1000,null,,1000,all,5000,Stk.sym1,0.01,0.0118,0.00152713850059515,,,0,0.0118,""
1b,null_census_omit_2int_n1000,null,,1000,all,5000,Stk.sym1,0.05,0.0544,0.0032075111847038,,,0,0.0544,""
1b,null_census_omit_2int_n1000,null,,1000,all,5000,Stk.sym1,0.1,0.1048,0.00433167311786104,,,0,0.1048,""
1b,null_census_omit_2int_n1000,null,,1000,all,5000,Stk.marg,0.01,0.0252,0.00221652701314466,,,0,0.0252,""
1b,null_census_omit_2int_n1000,null,,1000,all,5000,Stk.marg,0.05,0.068,0.00356022471200906,,,0,0.068,""
1b,null_census_omit_2int_n1000,null,,1000,all,5000,Stk.marg,0.1,0.1086,0.004400137270586,,,0,0.1086,""
1b,null_census_omit_2int_n1000,null,,1000,all,5000,GiViTI,0.01,0.0112,0.00148825804214189,,,0,0.0112,""
1b,null_census_omit_2int_n1000,null,,1000,all,5000,GiViTI,0.05,0.0526,0.00315699984162179,,,0,0.0526,""
1b,null_census_omit_2int_n1000,null,,1000,all,5000,GiViTI,0.1,0.0926,0.00409939605307904,,,0,0.0926,""
1b,null_census_omit_2int_n1000,null,,1000,all,5000,GiViTI.t50,0.01,0.01,0.00140712472794703,,,0,0.01,""
1b,null_census_omit_2int_n1000,null,,1000,all,5000,GiViTI.t50,0.05,0.0492,0.00305873699425106,,,0,0.0492,""
1b,null_census_omit_2int_n1000,null,,1000,all,5000,GiViTI.t50,0.1,0.0918,0.0040834485425924,,,0,0.0918,""
1b,null_census_omit_2int_n1000,null,,1000,all,5000,Cubic.LR,0.01,0.0092,0.00135021183523179,,,0,0.0092,""
1b,null_census_omit_2int_n1000,null,,1000,all,5000,Cubic.LR,0.05,0.0502,0.00308804015517933,,,0,0.0502,""
1b,null_census_omit_2int_n1000,null,,1000,all,5000,Cubic.LR,0.1,0.0968,0.00418162073842189,,,0,0.0968,""
1b,null_census_omit_2int_n1000,null,,1000,all,5000,HL_w,0.01,0.0162,0.00178536046780475,,,0,0.0162,""
1b,null_census_omit_2int_n1000,null,,1000,all,5000,HL_w,0.05,0.056,0.00325158422926425,,,0,0.056,""
1b,null_census_omit_2int_n1000,null,,1000,all,5000,HL_w,0.1,0.1012,0.00426517432234604,,,0,0.1012,""
1b,null_census_omit_2int_n1000,null,,1000,all,5000,PH,0.01,0.006,0.00109215383531808,,,0,0.006,""
1b,null_census_omit_2int_n1000,null,,1000,all,5000,PH,0.05,0.0276,0.00231681850821337,,,0,0.0276,""
1b,null_census_omit_2int_n1000,null,,1000,all,5000,PH,0.1,0.0604,0.00336903072114221,,,0,0.0604,""
1b,null_census_omit_2int_n1000,null,,1000,all,5000,Tsiatis,0.01,0.009,0.00133558975737312,,,0,0.009,""
1b,null_census_omit_2int_n1000,null,,1000,all,5000,Tsiatis,0.05,0.0478,0.00301712313305241,,,0,0.0478,""
1b,null_census_omit_2int_n1000,null,,1000,all,5000,Tsiatis,0.1,0.0974,0.00419316682234323,,,0,0.0974,""
1b,null_census_omit_2int_n1000,null,,1000,all,5000,Xie,0.01,0.0056,0.00105533312276267,,,0,0.0056,""
1b,null_census_omit_2int_n1000,null,,1000,all,5000,Xie,0.05,0.033,0.00252630164469724,,,0,0.033,""
1b,null_census_omit_2int_n1000,null,,1000,all,5000,Xie,0.1,0.0726,0.00366958417262774,,,0,0.0726,""
1b,null_census_omit_2int_n1000,null,,1000,all,5000,PR,0.01,0.0088,0.00132079975772257,,,0,0.0088,""
1b,null_census_omit_2int_n1000,null,,1000,all,5000,PR,0.05,0.054,0.00319637294444813,,,0,0.054,""
1b,null_census_omit_2int_n1000,null,,1000,all,5000,PR,0.1,0.115,0.00451165158229223,,,0,0.115,""
1b,null_census_joint_n1000,null,,1000,all,5000,flag.evlt.G10,,0,,,,0,,flag rate: share of replicates with the flag = 1
1b,null_census_joint_n1000,null,,1000,all,5000,flag.evlt.Grule,,0,,,,0,,flag rate: share of replicates with the flag = 1
1b,null_census_joint_n1000,null,,1000,all,5000,flag.stk_half0,,0,,,,0,,flag rate: share of replicates with the flag = 1
1b,null_census_joint_n1000,null,,1000,all,5000,flag.stk_diag,,0,,,,0,,flag rate: share of replicates with the flag = 1
1b,null_census_joint_n1000,null,,1000,all,5000,flag.rivals_run,,1,,,,0,,flag rate: share of replicates with the flag = 1
1b,null_census_joint_n1000,null,,1000,all,5000,flag.degenerate,,0,,,,0,,flag rate: share of replicates with the flag = 1
1b,null_census_joint_n1000,null,,1000,all,5000,flag.info_guard,,0,,,,0,,flag rate: share of replicates with the flag = 1
1b,null_census_joint_n1000,null,,1000,all,5000,flag.rep_error,,0,,,,0,,flag rate: share of replicates with the flag = 1
1b,null_census_joint_n1000,null,,1000,all,5000,EDGE.poly3.u.G10,0.01,0.0112,0.00148825804214189,,,0,0.0112,""
1b,null_census_joint_n1000,null,,1000,all,5000,EDGE.poly3.u.G10,0.05,0.0508,0.00310545842026584,,,0,0.0508,""
1b,null_census_joint_n1000,null,,1000,all,5000,EDGE.poly3.u.G10,0.1,0.1104,0.00443197111903947,,,0,0.1104,""
1b,null_census_joint_n1000,null,,1000,all,5000,EDGE.poly3.sc.G10,0.01,0.0108,0.00146173595426807,,,0,0.0108,""
1b,null_census_joint_n1000,null,,1000,all,5000,EDGE.poly3.sc.G10,0.05,0.0506,0.00309966578843591,,,0,0.0506,""
1b,null_census_joint_n1000,null,,1000,all,5000,EDGE.poly3.sc.G10,0.1,0.1064,0.0043607118684912,,,0,0.1064,""
1b,null_census_joint_n1000,null,,1000,all,5000,EDGE.poly2.u.G10,0.01,0.0106,0.00144828450243728,,,0,0.0106,""
1b,null_census_joint_n1000,null,,1000,all,5000,EDGE.poly2.u.G10,0.05,0.056,0.00325158422926425,,,0,0.056,""
1b,null_census_joint_n1000,null,,1000,all,5000,EDGE.poly2.u.G10,0.1,0.109,0.00440724403681031,,,0,0.109,""
1b,null_census_joint_n1000,null,,1000,all,5000,EDGE.poly2.sc.G10,0.01,0.0084,0.00129069283720024,,,0,0.0084,""
1b,null_census_joint_n1000,null,,1000,all,5000,EDGE.poly2.sc.G10,0.05,0.0524,0.00315132480077824,,,0,0.0524,""
1b,null_census_joint_n1000,null,,1000,all,5000,EDGE.poly2.sc.G10,0.1,0.1034,0.00430600603808216,,,0,0.1034,""
1b,null_census_joint_n1000,null,,1000,all,5000,EDGE.stk.u.G10,0.01,0.0114,0.00150133540556399,,,0,0.0114,""
1b,null_census_joint_n1000,null,,1000,all,5000,EDGE.stk.u.G10,0.05,0.0538,0.00319078548323136,,,0,0.0538,""
1b,null_census_joint_n1000,null,,1000,all,5000,EDGE.stk.u.G10,0.1,0.102,0.00428009345692358,,,0,0.102,""
1b,null_census_joint_n1000,null,,1000,all,5000,EDGE.stk.sc.G10,0.01,0.0106,0.00144828450243728,,,0,0.0106,""
1b,null_census_joint_n1000,null,,1000,all,5000,EDGE.stk.sc.G10,0.05,0.0514,0.00312275647465504,,,0,0.0514,""
1b,null_census_joint_n1000,null,,1000,all,5000,EDGE.stk.sc.G10,0.1,0.1044,0.00432436446197589,,,0,0.1044,""
1b,null_census_joint_n1000,null,,1000,all,5000,EDGE.sym.u.G10,0.01,0.0086,0.00130583613060751,,,0,0.0086,""
1b,null_census_joint_n1000,null,,1000,all,5000,EDGE.sym.u.G10,0.05,0.051,0.00311123769583746,,,0,0.051,""
1b,null_census_joint_n1000,null,,1000,all,5000,EDGE.sym.u.G10,0.1,0.1056,0.00434623147105628,,,0,0.1056,""
1b,null_census_joint_n1000,null,,1000,all,5000,EDGE.sym.sc.G10,0.01,0.0084,0.00129069283720024,,,0,0.0084,""
1b,null_census_joint_n1000,null,,1000,all,5000,EDGE.sym.sc.G10,0.05,0.0552,0.0032296427046966,,,0,0.0552,""
1b,null_census_joint_n1000,null,,1000,all,5000,EDGE.sym.sc.G10,0.1,0.1036,0.0043096876917011,,,0,0.1036,""
1b,null_census_joint_n1000,null,,1000,all,5000,EDGE.poly3.u.Grule,0.01,0.012,0.00153987012439361,,,0,0.012,""
1b,null_census_joint_n1000,null,,1000,all,5000,EDGE.poly3.u.Grule,0.05,0.053,0.00316831185333767,,,0,0.053,""
1b,null_census_joint_n1000,null,,1000,all,5000,EDGE.poly3.u.Grule,0.1,0.106,0.00435348136552805,,,0,0.106,""
1b,null_census_joint_n1000,null,,1000,all,5000,EDGE.poly3.sc.Grule,0.01,0.0096,0.00137897353129058,,,0,0.0096,""
1b,null_census_joint_n1000,null,,1000,all,5000,EDGE.poly3.sc.Grule,0.05,0.0544,0.0032075111847038,,,0,0.0544,""
1b,null_census_joint_n1000,null,,1000,all,5000,EDGE.poly3.sc.Grule,0.1,0.1058,0.00434985884828462,,,0,0.1058,""
1b,null_census_joint_n1000,null,,1000,all,5000,EDGE.poly2.u.Grule,0.01,0.012,0.00153987012439361,,,0,0.012,""
1b,null_census_joint_n1000,null,,1000,all,5000,EDGE.poly2.u.Grule,0.05,0.0574,0.0032895361375124,,,0,0.0574,""
1b,null_census_joint_n1000,null,,1000,all,5000,EDGE.poly2.u.Grule,0.1,0.1074,0.00437870391782774,,,0,0.1074,""
1b,null_census_joint_n1000,null,,1000,all,5000,EDGE.poly2.sc.Grule,0.01,0.0108,0.00146173595426807,,,0,0.0108,""
1b,null_census_joint_n1000,null,,1000,all,5000,EDGE.poly2.sc.Grule,0.05,0.053,0.00316831185333767,,,0,0.053,""
1b,null_census_joint_n1000,null,,1000,all,5000,EDGE.poly2.sc.Grule,0.1,0.1038,0.00431336434816258,,,0,0.1038,""
1b,null_census_joint_n1000,null,,1000,all,5000,EDGE.stk.u.Grule,0.01,0.0122,0.00155249218999646,,,0,0.0122,""
1b,null_census_joint_n1000,null,,1000,all,5000,EDGE.stk.u.Grule,0.05,0.054,0.00319637294444813,,,0,0.054,""
1b,null_census_joint_n1000,null,,1000,all,5000,EDGE.stk.u.Grule,0.1,0.1064,0.0043607118684912,,,0,0.1064,""
1b,null_census_joint_n1000,null,,1000,all,5000,EDGE.stk.sc.Grule,0.01,0.011,0.00147505932084103,,,0,0.011,""
1b,null_census_joint_n1000,null,,1000,all,5000,EDGE.stk.sc.Grule,0.05,0.0572,0.00328414859590732,,,0,0.0572,""
1b,null_census_joint_n1000,null,,1000,all,5000,EDGE.stk.sc.Grule,0.1,0.1124,0.00446690586424205,,,0,0.1124,""
1b,null_census_joint_n1000,null,,1000,all,5000,EDGE.sym.u.Grule,0.01,0.0114,0.00150133540556399,,,0,0.0114,""
1b,null_census_joint_n1000,null,,1000,all,5000,EDGE.sym.u.Grule,0.05,0.0526,0.00315699984162179,,,0,0.0526,""
1b,null_census_joint_n1000,null,,1000,all,5000,EDGE.sym.u.Grule,0.1,0.1028,0.00429493096568501,,,0,0.1028,""
1b,null_census_joint_n1000,null,,1000,all,5000,EDGE.sym.sc.Grule,0.01,0.0106,0.00144828450243728,,,0,0.0106,""
1b,null_census_joint_n1000,null,,1000,all,5000,EDGE.sym.sc.Grule,0.05,0.053,0.00316831185333767,,,0,0.053,""
1b,null_census_joint_n1000,null,,1000,all,5000,EDGE.sym.sc.Grule,0.1,0.1068,0.00436792307624573,,,0,0.1068,""
1b,null_census_joint_n1000,null,,1000,all,5000,HL.G10,0.01,0.0104,0.00143470136265357,,,0,0.0104,""
1b,null_census_joint_n1000,null,,1000,all,5000,HL.G10,0.05,0.051,0.00311123769583746,,,0,0.051,""
1b,null_census_joint_n1000,null,,1000,all,5000,HL.G10,0.1,0.0972,0.00418932357308432,,,0,0.0972,""
1b,null_census_joint_n1000,null,,1000,all,5000,HL.Grule,0.01,0.0096,0.00137897353129058,,,0,0.0096,""
1b,null_census_joint_n1000,null,,1000,all,5000,HL.Grule,0.05,0.0476,0.00301112072159188,,,0,0.0476,""
1b,null_census_joint_n1000,null,,1000,all,5000,HL.Grule,0.1,0.0968,0.00418162073842189,,,0,0.0968,""
1b,null_census_joint_n1000,null,,1000,all,5000,HLF.G10,0.01,0.0104,0.00143470136265357,,,0,0.0104,""
1b,null_census_joint_n1000,null,,1000,all,5000,HLF.G10,0.05,0.0506,0.00309966578843591,,,0,0.0506,""
1b,null_census_joint_n1000,null,,1000,all,5000,HLF.G10,0.1,0.0952,0.00415058935574215,,,0,0.0952,""
1b,null_census_joint_n1000,null,,1000,all,5000,HLF.Grule,0.01,0.0102,0.00142098275851609,,,0,0.0102,""
1b,null_census_joint_n1000,null,,1000,all,5000,HLF.Grule,0.05,0.0466,0.00298088711627931,,,0,0.0466,""
1b,null_census_joint_n1000,null,,1000,all,5000,HLF.Grule,0.1,0.096,0.00416614930121329,,,0,0.096,""
1b,null_census_joint_n1000,null,,1000,all,5000,Stk.joint,0.01,0.0118,0.00152713850059515,,,0,0.0118,""
1b,null_census_joint_n1000,null,,1000,all,5000,Stk.joint,0.05,0.0516,0.00312849612433834,,,0,0.0516,""
1b,null_census_joint_n1000,null,,1000,all,5000,Stk.joint,0.1,0.1034,0.00430600603808216,,,0,0.1034,""
1b,null_census_joint_n1000,null,,1000,all,5000,Stk.LR,0.01,0.012,0.00153987012439361,,,0,0.012,""
1b,null_census_joint_n1000,null,,1000,all,5000,Stk.LR,0.05,0.0554,0.00323514574633045,,,0,0.0554,""
1b,null_census_joint_n1000,null,,1000,all,5000,Stk.LR,0.1,0.107,0.00437152147426957,,,0,0.107,""
1b,null_census_joint_n1000,null,,1000,all,5000,Stk.sym1,0.01,0.009,0.00133558975737312,,,0,0.009,""
1b,null_census_joint_n1000,null,,1000,all,5000,Stk.sym1,0.05,0.051,0.00311123769583746,,,0,0.051,""
1b,null_census_joint_n1000,null,,1000,all,5000,Stk.sym1,0.1,0.1086,0.004400137270586,,,0,0.1086,""
1b,null_census_joint_n1000,null,,1000,all,5000,Stk.marg,0.01,0.0266,0.00227562914377541,,,0,0.0266,""
1b,null_census_joint_n1000,null,,1000,all,5000,Stk.marg,0.05,0.0764,0.00375667512569293,,,0,0.0764,""
1b,null_census_joint_n1000,null,,1000,all,5000,Stk.marg,0.1,0.1224,0.00463504563084335,,,0,0.1224,""
1b,null_census_joint_n1000,null,,1000,all,5000,GiViTI,0.01,0.0118,0.00152713850059515,,,0,0.0118,""
1b,null_census_joint_n1000,null,,1000,all,5000,GiViTI,0.05,0.0548,0.00321860093829602,,,0,0.0548,""
1b,null_census_joint_n1000,null,,1000,all,5000,GiViTI,0.1,0.1074,0.00437870391782774,,,0,0.1074,""
1b,null_census_joint_n1000,null,,1000,all,5000,GiViTI.t50,0.01,0.0108,0.00146173595426807,,,0,0.0108,""
1b,null_census_joint_n1000,null,,1000,all,5000,GiViTI.t50,0.05,0.0542,0.00320194815698193,,,0,0.0542,""
1b,null_census_joint_n1000,null,,1000,all,5000,GiViTI.t50,0.1,0.1044,0.00432436446197589,,,0,0.1044,""
1b,null_census_joint_n1000,null,,1000,all,5000,Cubic.LR,0.01,0.0124,0.00156500734822556,,,0,0.0124,""
1b,null_census_joint_n1000,null,,1000,all,5000,Cubic.LR,0.05,0.0566,0.00326791799162709,,,0,0.0566,""
1b,null_census_joint_n1000,null,,1000,all,5000,Cubic.LR,0.1,0.1062,0.00435709903490843,,,0,0.1062,""
1b,null_census_joint_n1000,null,,1000,all,5000,HL_w,0.01,0.0102,0.00142098275851609,,,0,0.0102,""
1b,null_census_joint_n1000,null,,1000,all,5000,HL_w,0.05,0.0504,0.00309385972532693,,,0,0.0504,""
1b,null_census_joint_n1000,null,,1000,all,5000,HL_w,0.1,0.1048,0.00433167311786104,,,0,0.1048,""
1b,null_census_joint_n1000,null,,1000,all,5000,PH,0.01,0.0046,0.000956957679315026,,,0,0.0046,""
1b,null_census_joint_n1000,null,,1000,all,5000,PH,0.05,0.0344,0.00257746542168852,,,0,0.0344,""
1b,null_census_joint_n1000,null,,1000,all,5000,PH,0.1,0.0658,0.00350629034736144,,,0,0.0658,""
1b,null_census_joint_n1000,null,,1000,all,5000,Tsiatis,0.01,0.0124,0.00156500734822556,,,0,0.0124,""
1b,null_census_joint_n1000,null,,1000,all,5000,Tsiatis,0.05,0.056,0.00325158422926425,,,0,0.056,""
1b,null_census_joint_n1000,null,,1000,all,5000,Tsiatis,0.1,0.1042,0.00432070272062312,,,0,0.1042,""
1b,null_census_joint_n1000,null,,1000,all,5000,Xie,0.01,0.0076,0.00122818891055082,,,0,0.0076,""
1b,null_census_joint_n1000,null,,1000,all,5000,Xie,0.05,0.0394,0.00275127752144345,,,0,0.0394,""
1b,null_census_joint_n1000,null,,1000,all,5000,Xie,0.1,0.08,0.00383666521865018,,,0,0.08,""
1b,null_census_joint_n1000,null,,1000,all,5000,PR,0.01,0,0,,,1,,no p-value in any replicate
1b,null_census_joint_n1000,null,,1000,all,5000,PR,0.05,0,0,,,1,,no p-value in any replicate
1b,null_census_joint_n1000,null,,1000,all,5000,PR,0.1,0,0,,,1,,no p-value in any replicate
1b,null_census_omit_2cov_n1000,null,,1000,all,5000,flag.evlt.G10,,0,,,,0,,flag rate: share of replicates with the flag = 1
1b,null_census_omit_2cov_n1000,null,,1000,all,5000,flag.evlt.Grule,,0,,,,0,,flag rate: share of replicates with the flag = 1
1b,null_census_omit_2cov_n1000,null,,1000,all,5000,flag.stk_half0,,0,,,,0,,flag rate: share of replicates with the flag = 1
1b,null_census_omit_2cov_n1000,null,,1000,all,5000,flag.stk_diag,,0,,,,0,,flag rate: share of replicates with the flag = 1
1b,null_census_omit_2cov_n1000,null,,1000,all,5000,flag.rivals_run,,1,,,,0,,flag rate: share of replicates with the flag = 1
1b,null_census_omit_2cov_n1000,null,,1000,all,5000,flag.degenerate,,0,,,,0,,flag rate: share of replicates with the flag = 1
1b,null_census_omit_2cov_n1000,null,,1000,all,5000,flag.info_guard,,0,,,,0,,flag rate: share of replicates with the flag = 1
1b,null_census_omit_2cov_n1000,null,,1000,all,5000,flag.rep_error,,0,,,,0,,flag rate: share of replicates with the flag = 1
1b,null_census_omit_2cov_n1000,null,,1000,all,5000,EDGE.poly3.u.G10,0.01,0.0084,0.00129069283720024,,,0,0.0084,""
1b,null_census_omit_2cov_n1000,null,,1000,all,5000,EDGE.poly3.u.G10,0.05,0.0456,0.00295027591929975,,,0,0.0456,""
1b,null_census_omit_2cov_n1000,null,,1000,all,5000,EDGE.poly3.u.G10,0.1,0.096,0.00416614930121329,,,0,0.096,""
1b,null_census_omit_2cov_n1000,null,,1000,all,5000,EDGE.poly3.sc.G10,0.01,0.0106,0.00144828450243728,,,0,0.0106,""
1b,null_census_omit_2cov_n1000,null,,1000,all,5000,EDGE.poly3.sc.G10,0.05,0.0486,0.0030409879973456,,,0,0.0486,""
1b,null_census_omit_2cov_n1000,null,,1000,all,5000,EDGE.poly3.sc.G10,0.1,0.0922,0.00409143397844814,,,0,0.0922,""
1b,null_census_omit_2cov_n1000,null,,1000,all,5000,EDGE.poly2.u.G10,0.01,0.0102,0.00142098275851609,,,0,0.0102,""
1b,null_census_omit_2cov_n1000,null,,1000,all,5000,EDGE.poly2.u.G10,0.05,0.053,0.00316831185333767,,,0,0.053,""
1b,null_census_omit_2cov_n1000,null,,1000,all,5000,EDGE.poly2.u.G10,0.1,0.1042,0.00432070272062312,,,0,0.1042,""
1b,null_census_omit_2cov_n1000,null,,1000,all,5000,EDGE.poly2.sc.G10,0.01,0.012,0.00153987012439361,,,0,0.012,""
1b,null_census_omit_2cov_n1000,null,,1000,all,5000,EDGE.poly2.sc.G10,0.05,0.0506,0.00309966578843591,,,0,0.0506,""
1b,null_census_omit_2cov_n1000,null,,1000,all,5000,EDGE.poly2.sc.G10,0.1,0.1018,0.00427637135899117,,,0,0.1018,""
1b,null_census_omit_2cov_n1000,null,,1000,all,5000,EDGE.stk.u.G10,0.01,0.0086,0.00130583613060751,,,0,0.0086,""
1b,null_census_omit_2cov_n1000,null,,1000,all,5000,EDGE.stk.u.G10,0.05,0.0466,0.00298088711627931,,,0,0.0466,""
1b,null_census_omit_2cov_n1000,null,,1000,all,5000,EDGE.stk.u.G10,0.1,0.0938,0.00412314346100157,,,0,0.0938,""
1b,null_census_omit_2cov_n1000,null,,1000,all,5000,EDGE.stk.sc.G10,0.01,0.011,0.00147505932084103,,,0,0.011,""
1b,null_census_omit_2cov_n1000,null,,1000,all,5000,EDGE.stk.sc.G10,0.05,0.0466,0.00298088711627931,,,0,0.0466,""
1b,null_census_omit_2cov_n1000,null,,1000,all,5000,EDGE.stk.sc.G10,0.1,0.093,0.00410733490234239,,,0,0.093,""
1b,null_census_omit_2cov_n1000,null,,1000,all,5000,EDGE.sym.u.G10,0.01,0.0074,0.00121204290353106,,,0,0.0074,""
1b,null_census_omit_2cov_n1000,null,,1000,all,5000,EDGE.sym.u.G10,0.05,0.0496,0.00307049963361014,,,0,0.0496,""
1b,null_census_omit_2cov_n1000,null,,1000,all,5000,EDGE.sym.u.G10,0.1,0.1028,0.00429493096568501,,,0,0.1028,""
1b,null_census_omit_2cov_n1000,null,,1000,all,5000,EDGE.sym.sc.G10,0.01,0.0066,0.00114511484140238,,,0,0.0066,""
1b,null_census_omit_2cov_n1000,null,,1000,all,5000,EDGE.sym.sc.G10,0.05,0.0508,0.00310545842026584,,,0,0.0508,""
1b,null_census_omit_2cov_n1000,null,,1000,all,5000,EDGE.sym.sc.G10,0.1,0.1014,0.00426891180513254,,,0,0.1014,""
1b,null_census_omit_2cov_n1000,null,,1000,all,5000,EDGE.poly3.u.Grule,0.01,0.0092,0.00135021183523179,,,0,0.0092,""
1b,null_census_omit_2cov_n1000,null,,1000,all,5000,EDGE.poly3.u.Grule,0.05,0.0508,0.00310545842026584,,,0,0.0508,""
1b,null_census_omit_2cov_n1000,null,,1000,all,5000,EDGE.poly3.u.Grule,0.1,0.0998,0.00423886682970815,,,0,0.0998,""
1b,null_census_omit_2cov_n1000,null,,1000,all,5000,EDGE.poly3.sc.Grule,0.01,0.0094,0.00136467138901642,,,0,0.0094,""
1b,null_census_omit_2cov_n1000,null,,1000,all,5000,EDGE.poly3.sc.Grule,0.05,0.05,0.00308220700148449,,,0,0.05,""
1b,null_census_omit_2cov_n1000,null,,1000,all,5000,EDGE.poly3.sc.Grule,0.1,0.0982,0.00420848571341284,,,0,0.0982,""
1b,null_census_omit_2cov_n1000,null,,1000,all,5000,EDGE.poly2.u.Grule,0.01,0.0106,0.00144828450243728,,,0,0.0106,""
1b,null_census_omit_2cov_n1000,null,,1000,all,5000,EDGE.poly2.u.Grule,0.05,0.0542,0.00320194815698193,,,0,0.0542,""
1b,null_census_omit_2cov_n1000,null,,1000,all,5000,EDGE.poly2.u.Grule,0.1,0.103,0.00429862768799532,,,0,0.103,""
1b,null_census_omit_2cov_n1000,null,,1000,all,5000,EDGE.poly2.sc.Grule,0.01,0.009,0.00133558975737312,,,0,0.009,""
1b,null_census_omit_2cov_n1000,null,,1000,all,5000,EDGE.poly2.sc.Grule,0.05,0.0526,0.00315699984162179,,,0,0.0526,""
1b,null_census_omit_2cov_n1000,null,,1000,all,5000,EDGE.poly2.sc.Grule,0.1,0.1002,0.00424640930669666,,,0,0.1002,""
1b,null_census_omit_2cov_n1000,null,,1000,all,5000,EDGE.stk.u.Grule,0.01,0.01,0.00140712472794703,,,0,0.01,""
1b,null_census_omit_2cov_n1000,null,,1000,all,5000,EDGE.stk.u.Grule,0.05,0.049,0.00305283474822991,,,0,0.049,""
1b,null_census_omit_2cov_n1000,null,,1000,all,5000,EDGE.stk.u.Grule,0.1,0.095,0.00414668542332307,,,0,0.095,""
1b,null_census_omit_2cov_n1000,null,,1000,all,5000,EDGE.stk.sc.Grule,0.01,0.0094,0.00136467138901642,,,0,0.0094,""
1b,null_census_omit_2cov_n1000,null,,1000,all,5000,EDGE.stk.sc.Grule,0.05,0.0464,0.00297479545515318,,,0,0.0464,""
1b,null_census_omit_2cov_n1000,null,,1000,all,5000,EDGE.stk.sc.Grule,0.1,0.0964,0.00417389602170442,,,0,0.0964,""
1b,null_census_omit_2cov_n1000,null,,1000,all,5000,EDGE.sym.u.Grule,0.01,0.0084,0.00129069283720024,,,0,0.0084,""
1b,null_census_omit_2cov_n1000,null,,1000,all,5000,EDGE.sym.u.Grule,0.05,0.0486,0.0030409879973456,,,0,0.0486,""
1b,null_census_omit_2cov_n1000,null,,1000,all,5000,EDGE.sym.u.Grule,0.1,0.1022,0.00428381045332307,,,0,0.1022,""
1b,null_census_omit_2cov_n1000,null,,1000,all,5000,EDGE.sym.sc.Grule,0.01,0.009,0.00133558975737312,,,0,0.009,""
1b,null_census_omit_2cov_n1000,null,,1000,all,5000,EDGE.sym.sc.Grule,0.05,0.0476,0.00301112072159188,,,0,0.0476,""
1b,null_census_omit_2cov_n1000,null,,1000,all,5000,EDGE.sym.sc.Grule,0.1,0.1014,0.00426891180513254,,,0,0.1014,""
1b,null_census_omit_2cov_n1000,null,,1000,all,5000,HL.G10,0.01,0.0098,0.00139312311013779,,,0,0.0098,""
1b,null_census_omit_2cov_n1000,null,,1000,all,5000,HL.G10,0.05,0.0514,0.00312275647465504,,,0,0.0514,""
1b,null_census_omit_2cov_n1000,null,,1000,all,5000,HL.G10,0.1,0.0986,0.00421611290171409,,,0,0.0986,""
1b,null_census_omit_2cov_n1000,null,,1000,all,5000,HL.Grule,0.01,0.0096,0.00137897353129058,,,0,0.0096,""
1b,null_census_omit_2cov_n1000,null,,1000,all,5000,HL.Grule,0.05,0.0476,0.00301112072159188,,,0,0.0476,""
1b,null_census_omit_2cov_n1000,null,,1000,all,5000,HL.Grule,0.1,0.0974,0.00419316682234323,,,0,0.0974,""
1b,null_census_omit_2cov_n1000,null,,1000,all,5000,HLF.G10,0.01,0.0098,0.00139312311013779,,,0,0.0098,""
1b,null_census_omit_2cov_n1000,null,,1000,all,5000,HLF.G10,0.05,0.0514,0.00312275647465504,,,0,0.0514,""
1b,null_census_omit_2cov_n1000,null,,1000,all,5000,HLF.G10,0.1,0.0986,0.00421611290171409,,,0,0.0986,""
1b,null_census_omit_2cov_n1000,null,,1000,all,5000,HLF.Grule,0.01,0.0098,0.00139312311013779,,,0,0.0098,""
1b,null_census_omit_2cov_n1000,null,,1000,all,5000,HLF.Grule,0.05,0.048,0.00302311098043059,,,0,0.048,""
1b,null_census_omit_2cov_n1000,null,,1000,all,5000,HLF.Grule,0.1,0.0978,0.00420083705944422,,,0,0.0978,""
1b,null_census_omit_2cov_n1000,null,,1000,all,5000,Stk.joint,0.01,0.0102,0.00142098275851609,,,0,0.0102,""
1b,null_census_omit_2cov_n1000,null,,1000,all,5000,Stk.joint,0.05,0.0482,0.00302908435009658,,,0,0.0482,""
1b,null_census_omit_2cov_n1000,null,,1000,all,5000,Stk.joint,0.1,0.1014,0.00426891180513254,,,0,0.1014,""
1b,null_census_omit_2cov_n1000,null,,1000,all,5000,Stk.LR,0.01,0.0106,0.00144828450243728,,,0,0.0106,""
1b,null_census_omit_2cov_n1000,null,,1000,all,5000,Stk.LR,0.05,0.0478,0.00301712313305241,,,0,0.0478,""
1b,null_census_omit_2cov_n1000,null,,1000,all,5000,Stk.LR,0.1,0.1028,0.00429493096568501,,,0,0.1028,""
1b,null_census_omit_2cov_n1000,null,,1000,all,5000,Stk.sym1,0.01,0.0082,0.00127536347760158,,,0,0.0082,""
1b,null_census_omit_2cov_n1000,null,,1000,all,5000,Stk.sym1,0.05,0.0506,0.00309966578843591,,,0,0.0506,""
1b,null_census_omit_2cov_n1000,null,,1000,all,5000,Stk.sym1,0.1,0.1014,0.00426891180513254,,,0,0.1014,""
1b,null_census_omit_2cov_n1000,null,,1000,all,5000,Stk.marg,0.01,0.0242,0.00217321697030002,,,0,0.0242,""
1b,null_census_omit_2cov_n1000,null,,1000,all,5000,Stk.marg,0.05,0.0744,0.0037111895667023,,,0,0.0744,""
1b,null_census_omit_2cov_n1000,null,,1000,all,5000,Stk.marg,0.1,0.1202,0.00459895553359673,,,0,0.1202,""
1b,null_census_omit_2cov_n1000,null,,1000,all,5000,GiViTI,0.01,0.0106,0.00144828450243728,,,0,0.0106,""
1b,null_census_omit_2cov_n1000,null,,1000,all,5000,GiViTI,0.05,0.0538,0.00319078548323136,,,0,0.0538,""
1b,null_census_omit_2cov_n1000,null,,1000,all,5000,GiViTI,0.1,0.1028,0.00429493096568501,,,0,0.1028,""
1b,null_census_omit_2cov_n1000,null,,1000,all,5000,GiViTI.t50,0.01,0.0102,0.00142098275851609,,,0,0.0102,""
1b,null_census_omit_2cov_n1000,null,,1000,all,5000,GiViTI.t50,0.05,0.0528,0.00316266216975509,,,0,0.0528,""
1b,null_census_omit_2cov_n1000,null,,1000,all,5000,GiViTI.t50,0.1,0.1028,0.00429493096568501,,,0,0.1028,""
1b,null_census_omit_2cov_n1000,null,,1000,all,5000,Cubic.LR,0.01,0.0088,0.00132079975772257,,,0,0.0088,""
1b,null_census_omit_2cov_n1000,null,,1000,all,5000,Cubic.LR,0.05,0.0504,0.00309385972532693,,,0,0.0504,""
1b,null_census_omit_2cov_n1000,null,,1000,all,5000,Cubic.LR,0.1,0.0994,0.00423130334530627,,,0,0.0994,""
1b,null_census_omit_2cov_n1000,null,,1000,all,5000,HL_w,0.01,0.0102,0.00142098275851609,,,0,0.0102,""
1b,null_census_omit_2cov_n1000,null,,1000,all,5000,HL_w,0.05,0.053,0.00316831185333767,,,0,0.053,""
1b,null_census_omit_2cov_n1000,null,,1000,all,5000,HL_w,0.1,0.1066,0.00436431987828573,,,0,0.1066,""
1b,null_census_omit_2cov_n1000,null,,1000,all,5000,PH,0.01,0.0064,0.00112774465194919,,,0,0.0064,""
1b,null_census_omit_2cov_n1000,null,,1000,all,5000,PH,0.05,0.0304,0.00242799670510485,,,0,0.0304,""
1b,null_census_omit_2cov_n1000,null,,1000,all,5000,PH,0.1,0.0666,0.00352603006226549,,,0,0.0666,""
1b,null_census_omit_2cov_n1000,null,,1000,all,5000,Tsiatis,0.01,0.0098,0.00139312311013779,,,0,0.0098,""
1b,null_census_omit_2cov_n1000,null,,1000,all,5000,Tsiatis,0.05,0.0558,0.00324611644892786,,,0,0.0558,""
1b,null_census_omit_2cov_n1000,null,,1000,all,5000,Tsiatis,0.1,0.1074,0.00437870391782774,,,0,0.1074,""
1b,null_census_omit_2cov_n1000,null,,1000,all,5000,Xie,0.01,0.0084,0.00129069283720024,,,0,0.0084,""
1b,null_census_omit_2cov_n1000,null,,1000,all,5000,Xie,0.05,0.0396,0.00275796446677618,,,0,0.0396,""
1b,null_census_omit_2cov_n1000,null,,1000,all,5000,Xie,0.1,0.081,0.00385847119984068,,,0,0.081,""
1b,null_census_omit_2cov_n1000,null,,1000,all,5000,PR,0.01,0,0,,,1,,no p-value in any replicate
1b,null_census_omit_2cov_n1000,null,,1000,all,5000,PR,0.05,0,0,,,1,,no p-value in any replicate
1b,null_census_omit_2cov_n1000,null,,1000,all,5000,PR,0.1,0,0,,,1,,no p-value in any replicate
1b,null_census_omit_2cov_n500,null,,500,all,5000,flag.evlt.G10,,0,,,,0,,flag rate: share of replicates with the flag = 1
1b,null_census_omit_2cov_n500,null,,500,all,5000,flag.evlt.Grule,,0,,,,0,,flag rate: share of replicates with the flag = 1
1b,null_census_omit_2cov_n500,null,,500,all,5000,flag.stk_half0,,0,,,,0,,flag rate: share of replicates with the flag = 1
1b,null_census_omit_2cov_n500,null,,500,all,5000,flag.stk_diag,,0,,,,0,,flag rate: share of replicates with the flag = 1
1b,null_census_omit_2cov_n500,null,,500,all,5000,flag.rivals_run,,1,,,,0,,flag rate: share of replicates with the flag = 1
1b,null_census_omit_2cov_n500,null,,500,all,5000,flag.degenerate,,0,,,,0,,flag rate: share of replicates with the flag = 1
1b,null_census_omit_2cov_n500,null,,500,all,5000,flag.info_guard,,0,,,,0,,flag rate: share of replicates with the flag = 1
1b,null_census_omit_2cov_n500,null,,500,all,5000,flag.rep_error,,0,,,,0,,flag rate: share of replicates with the flag = 1
1b,null_census_omit_2cov_n500,null,,500,all,5000,EDGE.poly3.u.G10,0.01,0.013,0.0016019363283227,,,0,0.013,""
1b,null_census_omit_2cov_n500,null,,500,all,5000,EDGE.poly3.u.G10,0.05,0.0572,0.00328414859590732,,,0,0.0572,""
1b,null_census_omit_2cov_n500,null,,500,all,5000,EDGE.poly3.u.G10,0.1,0.1122,0.00446343275965932,,,0,0.1122,""
1b,null_census_omit_2cov_n500,null,,500,all,5000,EDGE.poly3.sc.G10,0.01,0.0124,0.00156500734822556,,,0,0.0124,""
1b,null_census_omit_2cov_n500,null,,500,all,5000,EDGE.poly3.sc.G10,0.05,0.0566,0.00326791799162709,,,0,0.0566,""
1b,null_census_omit_2cov_n500,null,,500,all,5000,EDGE.poly3.sc.G10,0.1,0.1108,0.00443899448073547,,,0,0.1108,""
1b,null_census_omit_2cov_n500,null,,500,all,5000,EDGE.poly2.u.G10,0.01,0.0114,0.00150133540556399,,,0,0.0114,""
1b,null_census_omit_2cov_n500,null,,500,all,5000,EDGE.poly2.u.G10,0.05,0.0584,0.00331630637909105,,,0,0.0584,""
1b,null_census_omit_2cov_n500,null,,500,all,5000,EDGE.poly2.u.G10,0.1,0.1042,0.00432070272062312,,,0,0.1042,""
1b,null_census_omit_2cov_n500,null,,500,all,5000,EDGE.poly2.sc.G10,0.01,0.0108,0.00146173595426807,,,0,0.0108,""
1b,null_census_omit_2cov_n500,null,,500,all,5000,EDGE.poly2.sc.G10,0.05,0.0534,0.00317957355631223,,,0,0.0534,""
1b,null_census_omit_2cov_n500,null,,500,all,5000,EDGE.poly2.sc.G10,0.1,0.1032,0.00430231937447698,,,0,0.1032,""
1b,null_census_omit_2cov_n500,null,,500,all,5000,EDGE.stk.u.G10,0.01,0.0124,0.00156500734822556,,,0,0.0124,""
1b,null_census_omit_2cov_n500,null,,500,all,5000,EDGE.stk.u.G10,0.05,0.0594,0.00334280241713446,,,0,0.0594,""
1b,null_census_omit_2cov_n500,null,,500,all,5000,EDGE.stk.u.G10,0.1,0.1102,0.00442845255139987,,,0,0.1102,""
1b,null_census_omit_2cov_n500,null,,500,all,5000,EDGE.stk.sc.G10,0.01,0.0124,0.00156500734822556,,,0,0.0124,""
1b,null_census_omit_2cov_n500,null,,500,all,5000,EDGE.stk.sc.G10,0.05,0.0554,0.00323514574633045,,,0,0.0554,""
1b,null_census_omit_2cov_n500,null,,500,all,5000,EDGE.stk.sc.G10,0.1,0.114,0.00449453000879959,,,0,0.114,""
1b,null_census_omit_2cov_n500,null,,500,all,5000,EDGE.sym.u.G10,0.01,0.0094,0.00136467138901642,,,0,0.0094,""
1b,null_census_omit_2cov_n500,null,,500,all,5000,EDGE.sym.u.G10,0.05,0.0556,0.00324063697442339,,,0,0.0556,""
1b,null_census_omit_2cov_n500,null,,500,all,5000,EDGE.sym.u.G10,0.1,0.1132,0.00448075350806089,,,0,0.1132,""
1b,null_census_omit_2cov_n500,null,,500,all,5000,EDGE.sym.sc.G10,0.01,0.009,0.00133558975737312,,,0,0.009,""
1b,null_census_omit_2cov_n500,null,,500,all,5000,EDGE.sym.sc.G10,0.05,0.0566,0.00326791799162709,,,0,0.0566,""
1b,null_census_omit_2cov_n500,null,,500,all,5000,EDGE.sym.sc.G10,0.1,0.1114,0.004449495252273,,,0,0.1114,""
1b,null_census_omit_2cov_n500,null,,500,all,5000,EDGE.poly3.u.Grule,0.01,0.0118,0.00152713850059515,,,0,0.0118,""
1b,null_census_omit_2cov_n500,null,,500,all,5000,EDGE.poly3.u.Grule,0.05,0.06,0.00335857112474933,,,0,0.06,""
1b,null_census_omit_2cov_n500,null,,500,all,5000,EDGE.poly3.u.Grule,0.1,0.1102,0.00442845255139987,,,0,0.1102,""
1b,null_census_omit_2cov_n500,null,,500,all,5000,EDGE.poly3.sc.Grule,0.01,0.0124,0.00156500734822556,,,0,0.0124,""
1b,null_census_omit_2cov_n500,null,,500,all,5000,EDGE.poly3.sc.Grule,0.05,0.0576,0.00329491244193226,,,0,0.0576,""
1b,null_census_omit_2cov_n500,null,,500,all,5000,EDGE.poly3.sc.Grule,0.1,0.106,0.00435348136552805,,,0,0.106,""
1b,null_census_omit_2cov_n500,null,,500,all,5000,EDGE.poly2.u.Grule,0.01,0.0126,0.00157741814367656,,,0,0.0126,""
1b,null_census_omit_2cov_n500,null,,500,all,5000,EDGE.poly2.u.Grule,0.05,0.0548,0.00321860093829602,,,0,0.0548,""
1b,null_census_omit_2cov_n500,null,,500,all,5000,EDGE.poly2.u.Grule,0.1,0.107,0.00437152147426957,,,0,0.107,""
1b,null_census_omit_2cov_n500,null,,500,all,5000,EDGE.poly2.sc.Grule,0.01,0.0122,0.00155249218999646,,,0,0.0122,""
1b,null_census_omit_2cov_n500,null,,500,all,5000,EDGE.poly2.sc.Grule,0.05,0.0534,0.00317957355631223,,,0,0.0534,""
1b,null_census_omit_2cov_n500,null,,500,all,5000,EDGE.poly2.sc.Grule,0.1,0.0994,0.00423130334530627,,,0,0.0994,""
1b,null_census_omit_2cov_n500,null,,500,all,5000,EDGE.stk.u.Grule,0.01,0.0136,0.00163798901095215,,,0,0.0136,""
1b,null_census_omit_2cov_n500,null,,500,all,5000,EDGE.stk.u.Grule,0.05,0.0576,0.00329491244193226,,,0,0.0576,""
1b,null_census_omit_2cov_n500,null,,500,all,5000,EDGE.stk.u.Grule,0.1,0.1116,0.00445298641363299,,,0,0.1116,""
1b,null_census_omit_2cov_n500,null,,500,all,5000,EDGE.stk.sc.Grule,0.01,0.0116,0.00151429455523026,,,0,0.0116,""
1b,null_census_omit_2cov_n500,null,,500,all,5000,EDGE.stk.sc.Grule,0.05,0.0594,0.00334280241713446,,,0,0.0594,""
1b,null_census_omit_2cov_n500,null,,500,all,5000,EDGE.stk.sc.Grule,0.1,0.1068,0.00436792307624573,,,0,0.1068,""
1b,null_census_omit_2cov_n500,null,,500,all,5000,EDGE.sym.u.Grule,0.01,0.0126,0.00157741814367656,,,0,0.0126,""
1b,null_census_omit_2cov_n500,null,,500,all,5000,EDGE.sym.u.Grule,0.05,0.057,0.00327874976172321,,,0,0.057,""
1b,null_census_omit_2cov_n500,null,,500,all,5000,EDGE.sym.u.Grule,0.1,0.1102,0.00442845255139987,,,0,0.1102,""
1b,null_census_omit_2cov_n500,null,,500,all,5000,EDGE.sym.sc.Grule,0.01,0.0128,0.0015897270205919,,,0,0.0128,""
1b,null_census_omit_2cov_n500,null,,500,all,5000,EDGE.sym.sc.Grule,0.05,0.0562,0.00325704037432759,,,0,0.0562,""
1b,null_census_omit_2cov_n500,null,,500,all,5000,EDGE.sym.sc.Grule,0.1,0.1108,0.00443899448073547,,,0,0.1108,""
1b,null_census_omit_2cov_n500,null,,500,all,5000,HL.G10,0.01,0.0092,0.00135021183523179,,,0,0.0092,""
1b,null_census_omit_2cov_n500,null,,500,all,5000,HL.G10,0.05,0.0556,0.00324063697442339,,,0,0.0556,""
1b,null_census_omit_2cov_n500,null,,500,all,5000,HL.G10,0.1,0.1012,0.00426517432234604,,,0,0.1012,""
1b,null_census_omit_2cov_n500,null,,500,all,5000,HL.Grule,0.01,0.01,0.00140712472794703,,,0,0.01,""
1b,null_census_omit_2cov_n500,null,,500,all,5000,HL.Grule,0.05,0.052,0.00313993630508646,,,0,0.052,""
1b,null_census_omit_2cov_n500,null,,500,all,5000,HL.Grule,0.1,0.1034,0.00430600603808216,,,0,0.1034,""
1b,null_census_omit_2cov_n500,null,,500,all,5000,HLF.G10,0.01,0.0092,0.00135021183523179,,,0,0.0092,""
1b,null_census_omit_2cov_n500,null,,500,all,5000,HLF.G10,0.05,0.0554,0.00323514574633045,,,0,0.0554,""
1b,null_census_omit_2cov_n500,null,,500,all,5000,HLF.G10,0.1,0.1012,0.00426517432234604,,,0,0.1012,""
1b,null_census_omit_2cov_n500,null,,500,all,5000,HLF.Grule,0.01,0.0102,0.00142098275851609,,,0,0.0102,""
1b,null_census_omit_2cov_n500,null,,500,all,5000,HLF.Grule,0.05,0.0516,0.00312849612433834,,,0,0.0516,""
1b,null_census_omit_2cov_n500,null,,500,all,5000,HLF.Grule,0.1,0.1038,0.00431336434816258,,,0,0.1038,""
1b,null_census_omit_2cov_n500,null,,500,all,5000,Stk.joint,0.01,0.0124,0.00156500734822556,,,0,0.0124,""
1b,null_census_omit_2cov_n500,null,,500,all,5000,Stk.joint,0.05,0.0588,0.00332693733033852,,,0,0.0588,""
1b,null_census_omit_2cov_n500,null,,500,all,5000,Stk.joint,0.1,0.1094,0.00441433211256244,,,0,0.1094,""
1b,null_census_omit_2cov_n500,null,,500,all,5000,Stk.LR,0.01,0.0128,0.0015897270205919,,,0,0.0128,""
1b,null_census_omit_2cov_n500,null,,500,all,5000,Stk.LR,0.05,0.0618,0.00340531232047811,,,0,0.0618,""
1b,null_census_omit_2cov_n500,null,,500,all,5000,Stk.LR,0.1,0.1098,0.00442140158773211,,,0,0.1098,""
1b,null_census_omit_2cov_n500,null,,500,all,5000,Stk.sym1,0.01,0.0134,0.00162606518934513,,,0,0.0134,""
1b,null_census_omit_2cov_n500,null,,500,all,5000,Stk.sym1,0.05,0.0572,0.00328414859590732,,,0,0.0572,""
1b,null_census_omit_2cov_n500,null,,500,all,5000,Stk.sym1,0.1,0.1126,0.00447037448095794,,,0,0.1126,""
1b,null_census_omit_2cov_n500,null,,500,all,5000,Stk.marg,0.01,0.026,0.00225051105307217,,,0,0.026,""
1b,null_census_omit_2cov_n500,null,,500,all,5000,Stk.marg,0.05,0.076,0.00374763925691895,,,0,0.076,""
1b,null_census_omit_2cov_n500,null,,500,all,5000,Stk.marg,0.1,0.1236,0.00465452553973012,,,0,0.1236,""
1b,null_census_omit_2cov_n500,null,,500,all,5000,GiViTI,0.01,0.0114,0.00150133540556399,,,0,0.0114,""
1b,null_census_omit_2cov_n500,null,,500,all,5000,GiViTI,0.05,0.058,0.00330563155841664,,,0,0.058,""
1b,null_census_omit_2cov_n500,null,,500,all,5000,GiViTI,0.1,0.1066,0.00436431987828573,,,0,0.1066,""
1b,null_census_omit_2cov_n500,null,,500,all,5000,GiViTI.t50,0.01,0.0122,0.00155249218999646,,,0,0.0122,""
1b,null_census_omit_2cov_n500,null,,500,all,5000,GiViTI.t50,0.05,0.061,0.00338464178311384,,,0,0.061,""
1b,null_census_omit_2cov_n500,null,,500,all,5000,GiViTI.t50,0.1,0.109,0.00440724403681031,,,0,0.109,""
1b,null_census_omit_2cov_n500,null,,500,all,5000,Cubic.LR,0.01,0.013,0.0016019363283227,,,0,0.013,""
1b,null_census_omit_2cov_n500,null,,500,all,5000,Cubic.LR,0.05,0.0594,0.00334280241713446,,,0,0.0594,""
1b,null_census_omit_2cov_n500,null,,500,all,5000,Cubic.LR,0.1,0.1096,0.00441786916963371,,,0,0.1096,""
1b,null_census_omit_2cov_n500,null,,500,all,5000,HL_w,0.01,0.0118,0.00152713850059515,,,0,0.0118,""
1b,null_census_omit_2cov_n500,null,,500,all,5000,HL_w,0.05,0.062,0.00341045451516363,,,0,0.062,""
1b,null_census_omit_2cov_n500,null,,500,all,5000,HL_w,0.1,0.1128,0.00447383862024548,,,0,0.1128,""
1b,null_census_omit_2cov_n500,null,,500,all,5000,PH,0.01,0.0054,0.00103642076397571,,,0,0.0054,""
1b,null_census_omit_2cov_n500,null,,500,all,5000,PH,0.05,0.0358,0.00262748396760094,,,0,0.0358,""
1b,null_census_omit_2cov_n500,null,,500,all,5000,PH,0.1,0.0672,0.00354073890593475,,,0,0.0672,""
1b,null_census_omit_2cov_n500,null,,500,all,5000,Tsiatis,0.01,0.0106,0.00144828450243728,,,0,0.0106,""
1b,null_census_omit_2cov_n500,null,,500,all,5000,Tsiatis,0.05,0.0552,0.0032296427046966,,,0,0.0552,""
1b,null_census_omit_2cov_n500,null,,500,all,5000,Tsiatis,0.1,0.1104,0.00443197111903947,,,0,0.1104,""
1b,null_census_omit_2cov_n500,null,,500,all,5000,Xie,0.01,0.007,0.00117906742809731,,,0,0.007,""
1b,null_census_omit_2cov_n500,null,,500,all,5000,Xie,0.05,0.0408,0.00279769047608916,,,0,0.0408,""
1b,null_census_omit_2cov_n500,null,,500,all,5000,Xie,0.1,0.0888,0.00402279902555422,,,0,0.0888,""
1b,null_census_omit_2cov_n500,null,,500,all,5000,PR,0.01,0,0,,,1,,no p-value in any replicate
1b,null_census_omit_2cov_n500,null,,500,all,5000,PR,0.05,0,0,,,1,,no p-value in any replicate
1b,null_census_omit_2cov_n500,null,,500,all,5000,PR,0.1,0,0,,,1,,no p-value in any replicate
1b,null_rough_n10000,null,,10000,all,1000,flag.evlt.G10,,0,,,,0,,flag rate: share of replicates with the flag = 1
1b,null_rough_n10000,null,,10000,all,1000,flag.evlt.Grule,,0,,,,0,,flag rate: share of replicates with the flag = 1
1b,null_rough_n10000,null,,10000,all,1000,flag.stk_half0,,0,,,,0,,flag rate: share of replicates with the flag = 1
1b,null_rough_n10000,null,,10000,all,1000,flag.stk_diag,,0,,,,0,,flag rate: share of replicates with the flag = 1
1b,null_rough_n10000,null,,10000,all,1000,flag.rivals_run,,0,,,,0,,flag rate: share of replicates with the flag = 1
1b,null_rough_n10000,null,,10000,all,1000,flag.degenerate,,0,,,,0,,flag rate: share of replicates with the flag = 1
1b,null_rough_n10000,null,,10000,all,1000,flag.info_guard,,0,,,,0,,flag rate: share of replicates with the flag = 1
1b,null_rough_n10000,null,,10000,all,1000,flag.rep_error,,0,,,,0,,flag rate: share of replicates with the flag = 1
1b,null_rough_n10000,null,,10000,all,1000,EDGE.poly3.u.G10,0.01,0.015,0.00384382621875651,,,0,0.015,""
1b,null_rough_n10000,null,,10000,all,1000,EDGE.poly3.u.G10,0.05,0.051,0.00695693898205238,,,0,0.051,""
1b,null_rough_n10000,null,,10000,all,1000,EDGE.poly3.u.G10,0.1,0.097,0.00935900635751467,,,0,0.097,""
1b,null_rough_n10000,null,,10000,all,1000,EDGE.poly3.sc.G10,0.01,0.012,0.00344325427466518,,,0,0.012,""
1b,null_rough_n10000,null,,10000,all,1000,EDGE.poly3.sc.G10,0.05,0.052,0.00702111102319284,,,0,0.052,""
1b,null_rough_n10000,null,,10000,all,1000,EDGE.poly3.sc.G10,0.1,0.103,0.00961202372032029,,,0,0.103,""
1b,null_rough_n10000,null,,10000,all,1000,EDGE.poly2.u.G10,0.01,0.014,0.00371537346709587,,,0,0.014,""
1b,null_rough_n10000,null,,10000,all,1000,EDGE.poly2.u.G10,0.05,0.055,0.00720936890441875,,,0,0.055,""
1b,null_rough_n10000,null,,10000,all,1000,EDGE.poly2.u.G10,0.1,0.098,0.00940191469861326,,,0,0.098,""
1b,null_rough_n10000,null,,10000,all,1000,EDGE.poly2.sc.G10,0.01,0.01,0.00314642654451046,,,0,0.01,""
1b,null_rough_n10000,null,,10000,all,1000,EDGE.poly2.sc.G10,0.05,0.047,0.00669260786241059,,,0,0.047,""
1b,null_rough_n10000,null,,10000,all,1000,EDGE.poly2.sc.G10,0.1,0.095,0.00927227048785787,,,0,0.095,""
1b,null_rough_n10000,null,,10000,all,1000,EDGE.stk.u.G10,0.01,0.011,0.00329833291224521,,,0,0.011,""
1b,null_rough_n10000,null,,10000,all,1000,EDGE.stk.u.G10,0.05,0.049,0.00682634602111554,,,0,0.049,""
1b,null_rough_n10000,null,,10000,all,1000,EDGE.stk.u.G10,0.1,0.097,0.00935900635751467,,,0,0.097,""
1b,null_rough_n10000,null,,10000,all,1000,EDGE.stk.sc.G10,0.01,0.014,0.00371537346709587,,,0,0.014,""
1b,null_rough_n10000,null,,10000,all,1000,EDGE.stk.sc.G10,0.05,0.051,0.00695693898205238,,,0,0.051,""
1b,null_rough_n10000,null,,10000,all,1000,EDGE.stk.sc.G10,0.1,0.104,0.00965318600255895,,,0,0.104,""
1b,null_rough_n10000,null,,10000,all,1000,EDGE.sym.u.G10,0.01,0.011,0.00329833291224521,,,0,0.011,""
1b,null_rough_n10000,null,,10000,all,1000,EDGE.sym.u.G10,0.05,0.048,0.00675988165576884,,,0,0.048,""
1b,null_rough_n10000,null,,10000,all,1000,EDGE.sym.u.G10,0.1,0.097,0.00935900635751467,,,0,0.097,""
1b,null_rough_n10000,null,,10000,all,1000,EDGE.sym.sc.G10,0.01,0.012,0.00344325427466518,,,0,0.012,""
1b,null_rough_n10000,null,,10000,all,1000,EDGE.sym.sc.G10,0.05,0.05,0.00689202437604511,,,0,0.05,""
1b,null_rough_n10000,null,,10000,all,1000,EDGE.sym.sc.G10,0.1,0.103,0.00961202372032029,,,0,0.103,""
1b,null_rough_n10000,null,,10000,all,1000,EDGE.poly3.u.Grule,0.01,0.014,0.00371537346709587,,,0,0.014,""
1b,null_rough_n10000,null,,10000,all,1000,EDGE.poly3.u.Grule,0.05,0.052,0.00702111102319284,,,0,0.052,""
1b,null_rough_n10000,null,,10000,all,1000,EDGE.poly3.u.Grule,0.1,0.099,0.00944452222190196,,,0,0.099,""
1b,null_rough_n10000,null,,10000,all,1000,EDGE.poly3.sc.Grule,0.01,0.008,0.00281709069786544,,,0,0.008,""
1b,null_rough_n10000,null,,10000,all,1000,EDGE.poly3.sc.Grule,0.05,0.049,0.00682634602111554,,,0,0.049,""
1b,null_rough_n10000,null,,10000,all,1000,EDGE.poly3.sc.Grule,0.1,0.096,0.00931579304192617,,,0,0.096,""
1b,null_rough_n10000,null,,10000,all,1000,EDGE.poly2.u.Grule,0.01,0.011,0.00329833291224521,,,0,0.011,""
1b,null_rough_n10000,null,,10000,all,1000,EDGE.poly2.u.Grule,0.05,0.05,0.00689202437604511,,,0,0.05,""
1b,null_rough_n10000,null,,10000,all,1000,EDGE.poly2.u.Grule,0.1,0.097,0.00935900635751467,,,0,0.097,""
1b,null_rough_n10000,null,,10000,all,1000,EDGE.poly2.sc.Grule,0.01,0.013,0.00358203852575597,,,0,0.013,""
1b,null_rough_n10000,null,,10000,all,1000,EDGE.poly2.sc.Grule,0.05,0.049,0.00682634602111554,,,0,0.049,""
1b,null_rough_n10000,null,,10000,all,1000,EDGE.poly2.sc.Grule,0.1,0.103,0.00961202372032029,,,0,0.103,""
1b,null_rough_n10000,null,,10000,all,1000,EDGE.stk.u.Grule,0.01,0.009,0.00298646948753876,,,0,0.009,""
1b,null_rough_n10000,null,,10000,all,1000,EDGE.stk.u.Grule,0.05,0.05,0.00689202437604511,,,0,0.05,""
1b,null_rough_n10000,null,,10000,all,1000,EDGE.stk.u.Grule,0.1,0.096,0.00931579304192617,,,0,0.096,""
1b,null_rough_n10000,null,,10000,all,1000,EDGE.stk.sc.Grule,0.01,0.013,0.00358203852575597,,,0,0.013,""
1b,null_rough_n10000,null,,10000,all,1000,EDGE.stk.sc.Grule,0.05,0.045,0.00655553201502365,,,0,0.045,""
1b,null_rough_n10000,null,,10000,all,1000,EDGE.stk.sc.Grule,0.1,0.086,0.00886588969026798,,,0,0.086,""
1b,null_rough_n10000,null,,10000,all,1000,EDGE.sym.u.Grule,0.01,0.008,0.00281709069786544,,,0,0.008,""
1b,null_rough_n10000,null,,10000,all,1000,EDGE.sym.u.Grule,0.05,0.045,0.00655553201502365,,,0,0.045,""
1b,null_rough_n10000,null,,10000,all,1000,EDGE.sym.u.Grule,0.1,0.098,0.00940191469861326,,,0,0.098,""
1b,null_rough_n10000,null,,10000,all,1000,EDGE.sym.sc.Grule,0.01,0.009,0.00298646948753876,,,0,0.009,""
1b,null_rough_n10000,null,,10000,all,1000,EDGE.sym.sc.Grule,0.05,0.045,0.00655553201502365,,,0,0.045,""
1b,null_rough_n10000,null,,10000,all,1000,EDGE.sym.sc.Grule,0.1,0.097,0.00935900635751467,,,0,0.097,""
1b,null_rough_n10000,null,,10000,all,1000,HL.G10,0.01,0.011,0.00329833291224521,,,0,0.011,""
1b,null_rough_n10000,null,,10000,all,1000,HL.G10,0.05,0.041,0.00627048642451285,,,0,0.041,""
1b,null_rough_n10000,null,,10000,all,1000,HL.G10,0.1,0.091,0.00909499862561837,,,0,0.091,""
1b,null_rough_n10000,null,,10000,all,1000,HL.Grule,0.01,0.009,0.00298646948753876,,,0,0.009,""
1b,null_rough_n10000,null,,10000,all,1000,HL.Grule,0.05,0.044,0.00648567652600714,,,0,0.044,""
1b,null_rough_n10000,null,,10000,all,1000,HL.Grule,0.1,0.085,0.00881901355027874,,,0,0.085,""
1b,null_rough_n10000,null,,10000,all,1000,HLF.G10,0.01,0.011,0.00329833291224521,,,0,0.011,""
1b,null_rough_n10000,null,,10000,all,1000,HLF.G10,0.05,0.041,0.00627048642451285,,,0,0.041,""
1b,null_rough_n10000,null,,10000,all,1000,HLF.G10,0.1,0.092,0.00913980306133562,,,0,0.092,""
1b,null_rough_n10000,null,,10000,all,1000,HLF.Grule,0.01,0.008,0.00281709069786544,,,0,0.008,""
1b,null_rough_n10000,null,,10000,all,1000,HLF.Grule,0.05,0.043,0.00641490451994416,,,0,0.043,""
1b,null_rough_n10000,null,,10000,all,1000,HLF.Grule,0.1,0.082,0.00867617427210865,,,0,0.082,""
1b,null_rough_n10000,null,,10000,all,1000,Stk.joint,0.01,0.014,0.00371537346709587,,,0,0.014,""
1b,null_rough_n10000,null,,10000,all,1000,Stk.joint,0.05,0.05,0.00689202437604511,,,0,0.05,""
1b,null_rough_n10000,null,,10000,all,1000,Stk.joint,0.1,0.101,0.00952885092757779,,,0,0.101,""
1b,null_rough_n10000,null,,10000,all,1000,Stk.LR,0.01,0.015,0.00384382621875651,,,0,0.015,""
1b,null_rough_n10000,null,,10000,all,1000,Stk.LR,0.05,0.05,0.00689202437604511,,,0,0.05,""
1b,null_rough_n10000,null,,10000,all,1000,Stk.LR,0.1,0.102,0.00957057991973318,,,0,0.102,""
1b,null_rough_n10000,null,,10000,all,1000,Stk.sym1,0.01,0.011,0.00329833291224521,,,0,0.011,""
1b,null_rough_n10000,null,,10000,all,1000,Stk.sym1,0.05,0.043,0.00641490451994416,,,0,0.043,""
1b,null_rough_n10000,null,,10000,all,1000,Stk.sym1,0.1,0.098,0.00940191469861326,,,0,0.098,""
1b,null_rough_n10000,null,,10000,all,1000,Stk.marg,0.01,0.025,0.00493710441453287,,,0,0.025,""
1b,null_rough_n10000,null,,10000,all,1000,Stk.marg,0.05,0.067,0.00790638982089803,,,0,0.067,""
1b,null_rough_n10000,null,,10000,all,1000,Stk.marg,0.1,0.113,0.0100115433375679,,,0,0.113,""
1b,null_rough_n10000,null,,10000,all,1000,GiViTI,0.01,0.01,0.00314642654451046,,,0,0.01,""
1b,null_rough_n10000,null,,10000,all,1000,GiViTI,0.05,0.052,0.00702111102319284,,,0,0.052,""
1b,null_rough_n10000,null,,10000,all,1000,GiViTI,0.1,0.1,0.00948683298050514,,,0,0.1,""
1b,null_rough_n10000,null,,10000,all,1000,GiViTI.t50,0.01,0.013,0.00358203852575597,,,0,0.013,""
1b,null_rough_n10000,null,,10000,all,1000,GiViTI.t50,0.05,0.054,0.00714730718522718,,,0,0.054,""
1b,null_rough_n10000,null,,10000,all,1000,GiViTI.t50,0.1,0.093,0.00918428004799505,,,0,0.093,""
1b,null_rough_n10000,null,,10000,all,1000,Cubic.LR,0.01,0.013,0.00358203852575597,,,0,0.013,""
1b,null_rough_n10000,null,,10000,all,1000,Cubic.LR,0.05,0.051,0.00695693898205238,,,0,0.051,""
1b,null_rough_n10000,null,,10000,all,1000,Cubic.LR,0.1,0.102,0.00957057991973318,,,0,0.102,""
1b,null_rough_n10000,null,,10000,all,1000,HL_w,0.01,0,0,,,1,,"not run (n >= 10,000)"
1b,null_rough_n10000,null,,10000,all,1000,HL_w,0.05,0,0,,,1,,"not run (n >= 10,000)"
1b,null_rough_n10000,null,,10000,all,1000,HL_w,0.1,0,0,,,1,,"not run (n >= 10,000)"
1b,null_rough_n10000,null,,10000,all,1000,PH,0.01,0,0,,,1,,"not run (n >= 10,000)"
1b,null_rough_n10000,null,,10000,all,1000,PH,0.05,0,0,,,1,,"not run (n >= 10,000)"
1b,null_rough_n10000,null,,10000,all,1000,PH,0.1,0,0,,,1,,"not run (n >= 10,000)"
1b,null_rough_n10000,null,,10000,all,1000,Tsiatis,0.01,0,0,,,1,,"not run (n >= 10,000)"
1b,null_rough_n10000,null,,10000,all,1000,Tsiatis,0.05,0,0,,,1,,"not run (n >= 10,000)"
1b,null_rough_n10000,null,,10000,all,1000,Tsiatis,0.1,0,0,,,1,,"not run (n >= 10,000)"
1b,null_rough_n10000,null,,10000,all,1000,Xie,0.01,0,0,,,1,,"not run (n >= 10,000)"
1b,null_rough_n10000,null,,10000,all,1000,Xie,0.05,0,0,,,1,,"not run (n >= 10,000)"
1b,null_rough_n10000,null,,10000,all,1000,Xie,0.1,0,0,,,1,,"not run (n >= 10,000)"
1b,null_rough_n10000,null,,10000,all,1000,PR,0.01,0,0,,,1,,"not run (n >= 10,000)"
1b,null_rough_n10000,null,,10000,all,1000,PR,0.05,0,0,,,1,,"not run (n >= 10,000)"
1b,null_rough_n10000,null,,10000,all,1000,PR,0.1,0,0,,,1,,"not run (n >= 10,000)"
